device,dsl,operator,dtype,case_id_v2,params_full_json,compute_mode,bound,F,Q_bytes,compute_term_ms,memory_term_ms,T_SOL_ms,dsl_ms,R_SOL
B200,cutile,layernorm,fp32,36a81bdca3e900a21430b352903592a2cb4012bf7127a164e839e8a9c277cf63,"{""K"":7168,""M"":2048,""batch"":1}",fp32_vector,memory,88080384.0,176160768.0,0.0012588306988709447,0.025752879278057084,0.025752879278057084,0.0251,1.02601112661582
B200,cutile,layernorm,fp32,4ee85b3853193bc733f5dff44b6fda24989849e1df708057e9df9aa9cd0a921c,"{""K"":8192,""M"":2048,""batch"":1}",fp32_vector,memory,100663296.0,201326592.0,0.0014386636558525083,0.029431862032065235,0.029431862032065235,0.0279,1.0549054491779655
B200,cutile,layernorm,fp32,774a472ba6317e8ff8b5ca0d8926069dee144e095729cb6335b141b1cf8789da,"{""K"":7680,""M"":2048,""batch"":1}",fp32_vector,memory,94371840.0,188743680.0,0.0013487471773617266,0.027592370655061156,0.027592370655061156,0.0273,1.010709547804438
B200,cutile,layernorm,fp32,9da6a8a3fa07a5938304b8f927ddb1ac94c87d719a73887a909dbe5bdb32960e,"{""K"":9728,""M"":2048,""batch"":1}",fp32_vector,memory,119537664.0,239075328.0,0.0017084130913248535,0.03495033616307747,0.03495033616307747,0.0345,1.0130532221181874
B200,cutile,layernorm,fp32,f8961a216d126fddd59a506537980781faba8da8ea651681bd87e9e4dc2e9b43,"{""K"":10240,""M"":2048,""batch"":1}",fp32_vector,memory,125829120.0,251658240.0,0.0017983295698156354,0.03678982754008154,0.03678982754008154,0.0366,1.005186544810971
B200,cutile,matmul_fp32_fp16_fp8,fp16,08faaf3b6b1a6991ab9326dd1f21e0777b5cc77c635c0122387725c0cb92617b,"{""K"":20480,""M"":4096,""N"":4096}",fp16_mma,compute,687194767360.0,369098752.0,0.5422895710734607,0.05395841372545293,0.5422895710734607,0.4834,1.1218236886087312
B200,cutile,matmul_fp32_fp16_fp8,fp16,0c5e80d95887d0b7d484cb6a9ce9a4f304cdb4febfd78a4a703db456aaafd51c,"{""K"":14336,""M"":4096,""N"":4096}",fp16_mma,compute,481036337152.0,268435456.0,0.3796026997514224,0.039242482709420316,0.3796026997514224,0.3303,1.1492664237100285
B200,cutile,matmul_fp32_fp16_fp8,fp16,22d6a6413e481e28287ab7903e88ba3dfe388f760abbcbd91cd0c61f4d6a022d,"{""K"":9216,""M"":4096,""N"":4096}",fp16_mma,compute,309237645312.0,184549376.0,0.24403030698305728,0.026979206862726465,0.24403030698305728,0.2118,1.1521733096461628
B200,cutile,matmul_fp32_fp16_fp8,fp16,251408858ddb64a1c1adf38ec5e311b307edba62021f902bbe03b38d1a65cb06,"{""K"":8192,""M"":4096,""N"":4096}",fp16_mma,compute,274877906944.0,167772160.0,0.21691582842938423,0.024526551693387695,0.21691582842938423,0.1886,1.150136948193978
B200,cutile,matmul_fp32_fp16_fp8,fp16,25c7a3b313e5fb2daba9992a99ac37ebdf363b42dba11963d86a6d0476b36399,"{""K"":10240,""M"":4096,""N"":4096}",fp16_mma,compute,343597383680.0,201326592.0,0.2711447855367303,0.029431862032065235,0.2711447855367303,0.2353,1.152336530117851
B200,cutile,matmul_fp32_fp16_fp8,fp16,33ca992ab2bbd883116cb4df4b6d5ff1668c96ca7dc7228d73d62453ae243b73,"{""K"":15360,""M"":4096,""N"":4096}",fp16_mma,compute,515396075520.0,285212672.0,0.4067171783050954,0.04169513787875908,0.4067171783050954,0.3537,1.1498930684339705
B200,cutile,matmul_fp32_fp16_fp8,fp16,5ce43802a5057bf48a84eece087cdf24849b3ae513e9b54712ebea00aa3e638d,"{""K"":16384,""M"":4096,""N"":4096}",fp16_mma,compute,549755813888.0,301989888.0,0.43383165685876846,0.04414779304809786,0.43383165685876846,0.3769,1.1510524193652651
B200,cutile,matmul_fp32_fp16_fp8,fp16,71812193ba9a42c627dee985f6afe2c424635de8366469509651688f864dc271,"{""K"":18432,""M"":4096,""N"":4096}",fp16_mma,compute,618475290624.0,335544320.0,0.48806061396611455,0.04905310338677539,0.48806061396611455,0.4227,1.1546264820584682
B200,cutile,matmul_fp32_fp16_fp8,fp16,89d8fd828b2c7b9f1a96f17a7fd382bbfdd5d3dc79f7fc210339c5821c369263,"{""K"":6144,""M"":4096,""N"":4096}",fp16_mma,compute,206158430208.0,134217728.0,0.16268687132203816,0.019621241354710158,0.16268687132203816,0.1413,1.1513579003682812
B200,cutile,matmul_fp32_fp16_fp8,fp16,a59d2d957cec93f199a40123dd16ff79460db6271a90e10aa4585dd3340777ea,"{""K"":17408,""M"":4096,""N"":4096}",fp16_mma,compute,584115552256.0,318767104.0,0.4609461354124415,0.04660044821743663,0.4609461354124415,0.409,1.1270076660450894
B200,cutile,matmul_fp32_fp16_fp8,fp16,ae2965b65a858ae073e95ccbb1e44d74ccb23fe2dba89db5ad272401711590c0,"{""K"":2048,""M"":4096,""N"":4096}",fp16_mma,compute,68719476736.0,67108864.0,0.05422895710734606,0.009810620677355079,0.05422895710734606,0.0523,1.0368825450735384
B200,cutile,matmul_fp32_fp16_fp8,fp16,bbd09d1f99b28ff36f3ccda50f37df6110c8cc05f0704fd97cdf03c808fddaae,"{""K"":19456,""M"":4096,""N"":4096}",fp16_mma,compute,652835028992.0,352321536.0,0.5151750925197877,0.05150575855611417,0.5151750925197877,0.4488,1.1478945911759975
B200,cutile,matmul_fp32_fp16_fp8,fp16,c920e6624f26d0fd9a99973759d2d3dc32ad302e2a07cfd2f2fef8f79e4b1e91,"{""K"":5120,""M"":4096,""N"":4096}",fp16_mma,compute,171798691840.0,117440512.0,0.13557239276836516,0.017168586185371388,0.13557239276836516,0.1178,1.1508692085599759
B200,cutile,matmul_fp32_fp16_fp8,fp16,caebf17033f69709eae9f898626e29a4c0504909b70163563554ef94360ad2e1,"{""K"":3072,""M"":4096,""N"":4096}",fp16_mma,compute,103079215104.0,83886080.0,0.08134343566101908,0.012263275846693848,0.08134343566101908,0.0726,1.1204329980856622
B200,cutile,matmul_fp32_fp16_fp8,fp16,cccfb9fbe28d464335367bebe580f9ab6f6bea48c537d3a637bedcee5b1c6547,"{""K"":11264,""M"":4096,""N"":4096}",fp16_mma,compute,377957122048.0,218103808.0,0.2982592640904033,0.031884517201404006,0.2982592640904033,0.2588,1.1524701085409712
B200,cutile,matmul_fp32_fp16_fp8,fp16,d461848dd433e3a01f844e47273d8a52e9c5a6bc2ec571a7b565f90af3db45cd,"{""K"":4096,""M"":4096,""N"":4096}",fp16_mma,compute,137438953472.0,100663296.0,0.10845791421469211,0.014715931016032618,0.10845791421469211,0.0946,1.1464895794364915
B200,cutile,matmul_fp32_fp16_fp8,fp16,e82ac8a5bdc5ba68ce011674da5bad7baf959d3a4038f978051d4cc4939f7ec3,"{""K"":12288,""M"":4096,""N"":4096}",fp16_mma,compute,412316860416.0,234881024.0,0.3253737426440763,0.034337172370742776,0.3253737426440763,0.2829,1.1501369481939778
B200,cutile,matmul_fp32_fp16_fp8,fp16,f677804f0aab1e2fb429b4fbf8511490b7f7e2925198ef07efef4f5f5f904284,"{""K"":7168,""M"":4096,""N"":4096}",fp16_mma,compute,240518168576.0,150994944.0,0.1898013498757112,0.02207389652404893,0.1898013498757112,0.1648,1.1517072201196068
B200,cutile,matmul_fp32_fp16_fp8,fp16,fd5c48e6ec974fa36ac18bb0a0bb5c633209aaba467cff2adb88c932a5684e66,"{""K"":13312,""M"":4096,""N"":4096}",fp16_mma,compute,446676598784.0,251658240.0,0.35248822119774936,0.03678982754008154,0.35248822119774936,0.308,1.1444422766160693
B200,cutile,matmul_fp32_fp16_fp8,fp32,1825a913948a6fbe61dc257ea0402bde4756d431eda5fd3c78b9f9a8d7b24407,"{""K"":7168,""M"":4096,""N"":4096}",tf32_class_mma,compute,240518168576.0,301989888.0,0.3619753914095657,0.04414779304809786,0.3619753914095657,0.3107,1.1650318358853098
B200,cutile,matmul_fp32_fp16_fp8,fp32,18d931027cd2b66d66a9dbad0c6f18b7c30072a045597d1b5423a905ee8db45c,"{""K"":2048,""M"":4096,""N"":4096}",tf32_class_mma,compute,68719476736.0,134217728.0,0.10342154040273305,0.019621241354710158,0.10342154040273305,0.1025,1.0089906380754445
B200,cutile,matmul_fp32_fp16_fp8,fp32,31fe6b2b99654339535e2d426ad30200a3fddb6704ec97b2a2a8f2bb66b3c1a2,"{""K"":13312,""M"":4096,""N"":4096}",tf32_class_mma,compute,446676598784.0,503316480.0,0.6722400126177649,0.07357965508016308,0.6722400126177649,0.5766,1.1658689084595297
B200,cutile,matmul_fp32_fp16_fp8,fp32,357a02eb8c422be84c0f0184cc996e44cab791e9e9da48aae2bbc1390d89189b,"{""K"":20480,""M"":4096,""N"":4096}",tf32_class_mma,compute,687194767360.0,738197504.0,1.0342154040273304,0.10791682745090586,1.0342154040273304,0.9145,1.1309080415826467
B200,cutile,matmul_fp32_fp16_fp8,fp32,4ba36b7e61ceafd97253adca3a6b7fe19e76e9f43943bc72cc99e5d5d71ae8b6,"{""K"":5120,""M"":4096,""N"":4096}",tf32_class_mma,compute,171798691840.0,234881024.0,0.2585538510068326,0.034337172370742776,0.2585538510068326,0.2251,1.1486177299281768
B200,cutile,matmul_fp32_fp16_fp8,fp32,625968d8dc69282e7fcf208ddaa188a96a14f21a29bb7543bb86d53c350c6bc8,"{""K"":3072,""M"":4096,""N"":4096}",tf32_class_mma,compute,103079215104.0,167772160.0,0.15513231060409957,0.024526551693387695,0.15513231060409957,0.1438,1.0788060542705116
B200,cutile,matmul_fp32_fp16_fp8,fp32,7354ffc2e567f9594da834963cf94a7b97eaf46b2e3f8b52c8d96b8b0049ef4e,"{""K"":18432,""M"":4096,""N"":4096}",tf32_class_mma,compute,618475290624.0,671088640.0,0.9307938636245974,0.09810620677355078,0.9307938636245974,0.8125,1.145592447537966
B200,cutile,matmul_fp32_fp16_fp8,fp32,827a94d1a898e6cb195fedb018dfefd9ceb59c751ebaa600d5f1021687300877,"{""K"":8192,""M"":4096,""N"":4096}",tf32_class_mma,compute,274877906944.0,335544320.0,0.4136861616109322,0.04905310338677539,0.4136861616109322,0.3588,1.152971464913412
B200,cutile,matmul_fp32_fp16_fp8,fp32,88aecd04758bf1b2e4a183b159b8ed112d94e51ef9e6853daf93b0cd40a7d04d,"{""K"":16384,""M"":4096,""N"":4096}",tf32_class_mma,compute,549755813888.0,603979776.0,0.8273723232218644,0.08829558609619571,0.8273723232218644,0.7101,1.165149025801809
B200,cutile,matmul_fp32_fp16_fp8,fp32,8f64c613c8db5486e0348e2186a43fb463537e16672aa5157792118eba956055,"{""K"":19456,""M"":4096,""N"":4096}",tf32_class_mma,compute,652835028992.0,704643072.0,0.9825046338259639,0.10301151711222833,0.9825046338259639,0.8629,1.138607757360023
B200,cutile,matmul_fp32_fp16_fp8,fp32,920b5c30ef446e5c1eabffa7fe88e0e001d0932a37fb17d5fdbe2e8dcf7022a5,"{""K"":10240,""M"":4096,""N"":4096}",tf32_class_mma,compute,343597383680.0,402653184.0,0.5171077020136652,0.05886372406413047,0.5171077020136652,0.4401,1.1749777369090324
B200,cutile,matmul_fp32_fp16_fp8,fp32,956e89c4eb647f68ec51354cb51dedbe1110d41a4e7513bc5d7e4e9009e95aa9,"{""K"":12288,""M"":4096,""N"":4096}",tf32_class_mma,compute,412316860416.0,469762048.0,0.6205292424163983,0.06867434474148555,0.6205292424163983,0.5391,1.151046637759967
B200,cutile,matmul_fp32_fp16_fp8,fp32,bd232eb63a5295fc8382e517da8b82c37644bc747498b662f7e8a9646f65ca1a,"{""K"":9216,""M"":4096,""N"":4096}",tf32_class_mma,compute,309237645312.0,369098752.0,0.4653969318122987,0.05395841372545293,0.4653969318122987,0.4039,1.152257815826439
B200,cutile,matmul_fp32_fp16_fp8,fp32,c29801902600505b0e9e5e4a732b01628aab4c457e6f6587ba6ed331038991d9,"{""K"":11264,""M"":4096,""N"":4096}",tf32_class_mma,compute,377957122048.0,436207616.0,0.5688184722150318,0.06376903440280801,0.5688184722150318,0.4933,1.1530883280256066
B200,cutile,matmul_fp32_fp16_fp8,fp32,cd64d9ccf8dd3b802a2b42f21b5803c113674b40b580dc34bc42df1561ae8e2f,"{""K"":14336,""M"":4096,""N"":4096}",tf32_class_mma,compute,481036337152.0,536870912.0,0.7239507828191314,0.07848496541884063,0.7239507828191314,0.627,1.1546264478774024
B200,cutile,matmul_fp32_fp16_fp8,fp32,dbdddc07277ad21e058e28ff38ad7f66f0c141aff2ec9597894a8ec3da3b851f,"{""K"":4096,""M"":4096,""N"":4096}",tf32_class_mma,compute,137438953472.0,201326592.0,0.2068430808054661,0.029431862032065235,0.2068430808054661,0.1836,1.1265963006833664
B200,cutile,matmul_fp32_fp16_fp8,fp32,e5dc3201798d12efffa65cf4f47f826f28479c22fc9b1e817081310b2cc3b723,"{""K"":17408,""M"":4096,""N"":4096}",tf32_class_mma,compute,584115552256.0,637534208.0,0.8790830934232309,0.09320089643487325,0.8790830934232309,0.7708,1.1404814393139995
B200,cutile,matmul_fp32_fp16_fp8,fp32,f126fa2092c086d8ba3b5ce6a1f1818d9b192b68684bb255bec0b0d65565120b,"{""K"":15360,""M"":4096,""N"":4096}",tf32_class_mma,compute,515396075520.0,570425344.0,0.7756615530204979,0.08339027575751816,0.7756615530204979,0.6785,1.1432005202955018
B200,cutile,matmul_fp32_fp16_fp8,fp32,f47cd3bd469e6eb96a95aa75ae9525625de0a1870f70557d8f1709f8a40bdd08,"{""K"":6144,""M"":4096,""N"":4096}",tf32_class_mma,compute,206158430208.0,268435456.0,0.31026462120819914,0.039242482709420316,0.31026462120819914,0.2684,1.1559784694791324
B200,cutile,matmul_fp32_fp16_fp8,fp8_e4m3fn,010e9599f41af251cee54bf0697153feee1190ab4deb8538c4e461bbae7b9d26,"{""K"":6144,""M"":4096,""N"":4096}",fp8_e4m3fn_mma,compute,206158430208.0,67108864.0,0.07964736002225321,0.009810620677355079,0.07964736002225321,0.0681,1.1695647580360238
B200,cutile,matmul_fp32_fp16_fp8,fp8_e4m3fn,0151c55145640665224f881779fb4f9e741d0a2cbff9768964affcf9ec7c3bc2,"{""K"":17408,""M"":4096,""N"":4096}",fp8_e4m3fn_mma,compute,584115552256.0,159383552.0,0.2256675200630508,0.023300224108718313,0.2256675200630508,0.1738,1.2984322213063912
B200,cutile,matmul_fp32_fp16_fp8,fp8_e4m3fn,04c0123de4b45ec8f1dd8a5ee25993ab95c5d067b3da85698e337c1cca007ddc,"{""K"":16384,""M"":4096,""N"":4096}",fp8_e4m3fn_mma,compute,549755813888.0,150994944.0,0.2123929600593419,0.02207389652404893,0.2123929600593419,0.1642,1.2935015837962356
B200,cutile,matmul_fp32_fp16_fp8,fp8_e4m3fn,0b401e05911a45634129d5ce925bd7122e38e293dff5dbe048ce258655134237,"{""K"":18432,""M"":4096,""N"":4096}",fp8_e4m3fn_mma,compute,618475290624.0,167772160.0,0.23894208006675963,0.024526551693387695,0.23894208006675963,0.1838,1.30001131701175
B200,cutile,matmul_fp32_fp16_fp8,fp8_e4m3fn,148f81119dfa6504f9db30e986a39c68b5df9ca2c63987298b398ce878542926,"{""K"":7168,""M"":4096,""N"":4096}",fp8_e4m3fn_mma,compute,240518168576.0,75497472.0,0.09292192002596208,0.011036948262024464,0.09292192002596208,0.0777,1.1959063066404385
B200,cutile,matmul_fp32_fp16_fp8,fp8_e4m3fn,1ec2012f38ff88fc30c983c6089905f1ef720f23d62e94e33f26d6d4b328a134,"{""K"":9216,""M"":4096,""N"":4096}",fp8_e4m3fn_mma,compute,309237645312.0,92274688.0,0.11947104003337981,0.013489603431363233,0.11947104003337981,0.0969,1.2329312696943222
B200,cutile,matmul_fp32_fp16_fp8,fp8_e4m3fn,294b9e308c82000196906fa8a7c992c02e66afcf48d11eb11bfeab20ed57a183,"{""K"":10240,""M"":4096,""N"":4096}",fp8_e4m3fn_mma,compute,343597383680.0,100663296.0,0.1327456000370887,0.014715931016032618,0.1327456000370887,0.1066,1.245268293030851
B200,cutile,matmul_fp32_fp16_fp8,fp8_e4m3fn,2a9c9f1d46cfaea832d9dd057a4f91d6c35cec61f83a057a49a0fc719a7267b0,"{""K"":12288,""M"":4096,""N"":4096}",fp8_e4m3fn_mma,compute,412316860416.0,117440512.0,0.15929472004450643,0.017168586185371388,0.15929472004450643,0.1257,1.2672610982060972
B200,cutile,matmul_fp32_fp16_fp8,fp8_e4m3fn,3870e4fa7888e96b20ec44a2e3ee09420056537a112e243f0fb730c7eb8857af,"{""K"":3072,""M"":4096,""N"":4096}",fp8_e4m3fn_mma,compute,103079215104.0,41943040.0,0.03982368001112661,0.006131637923346924,0.03982368001112661,0.0382,1.0425047123331572
B200,cutile,matmul_fp32_fp16_fp8,fp8_e4m3fn,3e6c682cff708c272ed783c2366f6e61c99b19ef1df2f63d0d242d2aa5c21cca,"{""K"":8192,""M"":4096,""N"":4096}",fp8_e4m3fn_mma,compute,274877906944.0,83886080.0,0.10619648002967096,0.012263275846693848,0.10619648002967096,0.0873,1.216454524967594
B200,cutile,matmul_fp32_fp16_fp8,fp8_e4m3fn,539fb0effd41ede94998a96535c2a5deebf223bfa82387b5196053348a324be7,"{""K"":14336,""M"":4096,""N"":4096}",fp8_e4m3fn_mma,compute,481036337152.0,134217728.0,0.18584384005192417,0.019621241354710158,0.18584384005192417,0.1449,1.282566183933224
B200,cutile,matmul_fp32_fp16_fp8,fp8_e4m3fn,58462cceecda88b26cf0a977f833cd828e07b350dee27aad3efc0c528678c0b9,"{""K"":20480,""M"":4096,""N"":4096}",fp8_e4m3fn_mma,compute,687194767360.0,184549376.0,0.2654912000741774,0.026979206862726465,0.2654912000741774,0.2037,1.303344133893851
B200,cutile,matmul_fp32_fp16_fp8,fp8_e4m3fn,7595e854236c29548bf9d108f646e61be65851b5a565830b2d016d3eeff94f3e,"{""K"":5120,""M"":4096,""N"":4096}",fp8_e4m3fn_mma,compute,171798691840.0,58720256.0,0.06637280001854436,0.008584293092685694,0.06637280001854436,0.0579,1.1463350607693326
B200,cutile,matmul_fp32_fp16_fp8,fp8_e4m3fn,981a2d75be6159245101b90f9c950b5966d885aca1c4bb690215cc22ce7f015a,"{""K"":19456,""M"":4096,""N"":4096}",fp8_e4m3fn_mma,compute,652835028992.0,176160768.0,0.2522166400704685,0.025752879278057084,0.2522166400704685,0.1939,1.300756266479982
B200,cutile,matmul_fp32_fp16_fp8,fp8_e4m3fn,a9da79e74db8fbf3a37d2648c56be91f90282b31afc6e3515f218fc02d6f6a2a,"{""K"":11264,""M"":4096,""N"":4096}",fp8_e4m3fn_mma,compute,377957122048.0,109051904.0,0.14602016004079754,0.015942258600702003,0.14602016004079754,0.1162,1.2566278833115108
B200,cutile,matmul_fp32_fp16_fp8,fp8_e4m3fn,f528419b052d6021ab4e6d390acd632e9bbe645e99931b9d92023c9d8fe577b4,"{""K"":15360,""M"":4096,""N"":4096}",fp8_e4m3fn_mma,compute,515396075520.0,142606336.0,0.19911840005563305,0.02084756893937954,0.19911840005563305,0.1544,1.289626943365499
B200,cutile,matmul_fp32_fp16_fp8,fp8_e4m3fn,f72c148c1f4cc4385db0ec65fe00bde5c77d163052d2e7a3f36b6bde64a7c6b5,"{""K"":4096,""M"":4096,""N"":4096}",fp8_e4m3fn_mma,compute,137438953472.0,50331648.0,0.05309824001483548,0.007357965508016309,0.05309824001483548,0.048,1.1062133336424058
B200,cutile,matmul_fp32_fp16_fp8,fp8_e4m3fn,ffa6d9a0a71273456660301f24a4f96ab3fab517063e2e253d2b6e3a7db45fbb,"{""K"":13312,""M"":4096,""N"":4096}",fp8_e4m3fn_mma,compute,446676598784.0,125829120.0,0.17256928004821528,0.01839491377004077,0.17256928004821528,0.1356,1.2726348086151569
B200,cutile,rmsnorm,fp32,11c5a495e46ab09a7deba10a1ee4732f44f34e154efd136859497c1523aa393b,"{""K"":6656,""M"":2048,""batch"":1}",fp32_vector,memory,54525952.0,163577856.0,0.0007792761469201085,0.023913387901053004,0.023913387901053004,0.0225,1.0628172400468003
B200,cutile,rmsnorm,fp32,273c8541e182683a7d783b1c1ec83cfb3321d3c6a06cd732c5bc4e96aa36d942,"{""K"":5632,""M"":2048,""batch"":1}",fp32_vector,memory,46137344.0,138412032.0,0.0006593875089323996,0.02023440514704485,0.02023440514704485,0.0192,1.0538752680752526
B200,cutile,rmsnorm,fp32,4013d5539fc9f3a909e23bf0b139d5d0afaccd4544dd909f59ec7477a0b01902,"{""K"":8704,""M"":2048,""batch"":1}",fp32_vector,memory,71303168.0,213909504.0,0.0010190534228955266,0.031271353409069315,0.031271353409069315,0.0291,1.0746169556381207
B200,cutile,rmsnorm,fp32,42057c622a09c466787a5c1442a7ac0abd5a75a943c89ed264ca9af22dbebb17,"{""K"":9216,""M"":2048,""batch"":1}",fp32_vector,memory,75497472.0,226492416.0,0.001078997741889381,0.03311084478607339,0.03311084478607339,0.0307,1.078529146126169
B200,cutile,rmsnorm,fp32,5f6bd7376725dd171f70a7d3a16a7f320704398e367df5f72dadbf9e2cb4f2ca,"{""K"":7168,""M"":2048,""batch"":1}",fp32_vector,memory,58720256.0,176160768.0,0.0008392204659139631,0.025752879278057084,0.025752879278057084,0.025,1.0301151711222833
B200,cutile,rmsnorm,fp32,8c91d121d38b9d1229279ad9eb2159bf2557fad55eb4f04aef4c27e3285411ca,"{""K"":8192,""M"":2048,""batch"":1}",fp32_vector,memory,67108864.0,201326592.0,0.0009591091039016722,0.029431862032065235,0.029431862032065235,0.0278,1.0587000730958718
B200,cutile,rmsnorm,fp32,a8898fa91f436c50dfdc7e8eb5ab7597e2623b72f312cf5b4d8ec9790323613f,"{""K"":1536,""M"":2048,""batch"":1}",fp32_vector,memory,12582912.0,37748736.0,0.00017983295698156354,0.005518474131012232,0.005518474131012232,0.0053,1.0412215341532514
B200,cutile,rmsnorm,fp32,adfdc8e175b40e2f2c6c18b1c413e53d13bfe06b072b7bad23718e8c3f4fa2e0,"{""K"":7680,""M"":2048,""batch"":1}",fp32_vector,memory,62914560.0,188743680.0,0.0008991647849078177,0.027592370655061156,0.027592370655061156,0.0256,1.0778269787133263
B200,cutile,rmsnorm,fp32,b0f721c05f69d7067fbe7334bee13b8ca68719ea0a9d5f9fb64665d5d81c83f0,"{""K"":6144,""M"":2048,""batch"":1}",fp32_vector,memory,50331648.0,150994944.0,0.0007193318279262542,0.02207389652404893,0.02207389652404893,0.0209,1.0561672978013843
B200,cutile,rmsnorm,fp32,c2999ef48386f42c1515e8b5d433868aaae312fe65ef532dc5b4472ca0bc6f3d,"{""K"":9728,""M"":2048,""batch"":1}",fp32_vector,memory,79691776.0,239075328.0,0.0011389420608832357,0.03495033616307747,0.03495033616307747,0.0317,1.1025342638194784
B200,cutile,rmsnorm,fp32,cb328096b373e8927c06141287d5f796769bb2f7db1433cd53a60a7214cf6b43,"{""K"":3072,""M"":2048,""batch"":1}",fp32_vector,memory,25165824.0,75497472.0,0.0003596659139631271,0.011036948262024464,0.011036948262024464,0.0107,1.0314904917779875
B200,cutile,rmsnorm,fp32,d7cce931b8e7a93a84e32f7887c5334da614d01ece951b54574b6f76e5f9b8b1,"{""K"":4608,""M"":2048,""batch"":1}",fp32_vector,memory,37748736.0,113246208.0,0.0005394988709446905,0.016555422393036694,0.016555422393036694,0.0164,1.0094769751851642
B200,cutile,rmsnorm,fp32,e11fe6d3a765e370294c8b671f66fe29affdbc6adabc9d347c6b2ac81097dca6,"{""K"":10240,""M"":2048,""batch"":1}",fp32_vector,memory,83886080.0,251658240.0,0.0011988863798770902,0.03678982754008154,0.03678982754008154,0.034,1.0820537511788688
B200,cutile,rmsnorm,fp32,e8244c4c94fe8cd23215496806c9d2b10597835f3d199433d6547f4942cc822e,"{""K"":5120,""M"":2048,""batch"":1}",fp32_vector,memory,41943040.0,125829120.0,0.0005994431899385451,0.01839491377004077,0.01839491377004077,0.018,1.021939653891154
B200,cutile,rope,fp32,7f04ca788c890864483dfd41a7d9f8960913d265ec7106b49b0fe867b0035316,"{""batch_size"":1,""head_dim"":128,""n_heads"":32,""seq_len"":4096}",fp32_vector,memory,50331648.0,134217728.0,0.0007193318279262542,0.019621241354710158,0.019621241354710158,0.0187,1.049264243567388
B200,cutile,rope,fp32,d43ad05f27d96d10a5f06ed416eff5c2a06e76d1a53ae491554c4e40aad280df,"{""batch_size"":1,""head_dim"":128,""n_heads"":32,""seq_len"":2048}",fp32_vector,memory,25165824.0,67108864.0,0.0003596659139631271,0.009810620677355079,0.009810620677355079,0.0084,1.1679310330184618
B200,cutile,swiglu,fp32,99274cf459dbc59e4ea2b3b8a5ca3a899e9ccb2848e90a0f42ae6d19a8763912,"{""M"":4096,""N"":19456}",fp32_vector,memory,79691776.0,956301312.0,0.0011389420608832357,0.13980134465230987,0.13980134465230987,0.1398,1.0000096183999274
B200,tilelang,layernorm,fp32,29c21e1b334447d1fdb2a916daaecc3aac298cb5e3dd6a5f6c66849a51c4ec8e,"{""K"":5120,""M"":2048,""batch"":1}",fp32_vector,memory,62914560.0,125829120.0,0.0008991647849078177,0.01839491377004077,0.01839491377004077,0.0175,1.0511379297166152
B200,tilelang,layernorm,fp32,36a81bdca3e900a21430b352903592a2cb4012bf7127a164e839e8a9c277cf63,"{""K"":7168,""M"":2048,""batch"":1}",fp32_vector,memory,88080384.0,176160768.0,0.0012588306988709447,0.025752879278057084,0.025752879278057084,0.023,1.1196904033937862
B200,tilelang,layernorm,fp32,4458ca6a63c98d1e9ed9669ac2e74e3e72c15dc6bcea158c6922e54ac4507ba4,"{""K"":4608,""M"":2048,""batch"":1}",fp32_vector,memory,56623104.0,113246208.0,0.0008092483064170359,0.016555422393036694,0.016555422393036694,0.0158,1.0478115438630817
B200,tilelang,layernorm,fp32,4ee85b3853193bc733f5dff44b6fda24989849e1df708057e9df9aa9cd0a921c,"{""K"":8192,""M"":2048,""batch"":1}",fp32_vector,memory,100663296.0,201326592.0,0.0014386636558525083,0.029431862032065235,0.029431862032065235,0.0248,1.1867686303252112
B200,tilelang,layernorm,fp32,53f1f0029ecf98e73d6822d24bd4b7e76af7b7e15557209daae9d6c5ce05c050,"{""K"":4096,""M"":2048,""batch"":1}",fp32_vector,memory,50331648.0,100663296.0,0.0007193318279262542,0.014715931016032618,0.014715931016032618,0.0143,1.029086085037246
B200,tilelang,layernorm,fp32,6779020220d0f822b7401d78f741fe2b3e6ba773ca4ba1b9c791280be400c9b9,"{""K"":9216,""M"":2048,""batch"":1}",fp32_vector,memory,113246208.0,226492416.0,0.0016184966128340718,0.03311084478607339,0.03311084478607339,0.028,1.1825301709311924
B200,tilelang,layernorm,fp32,774a472ba6317e8ff8b5ca0d8926069dee144e095729cb6335b141b1cf8789da,"{""K"":7680,""M"":2048,""batch"":1}",fp32_vector,memory,94371840.0,188743680.0,0.0013487471773617266,0.027592370655061156,0.027592370655061156,0.024,1.149682110627548
B200,tilelang,layernorm,fp32,9da6a8a3fa07a5938304b8f927ddb1ac94c87d719a73887a909dbe5bdb32960e,"{""K"":9728,""M"":2048,""batch"":1}",fp32_vector,memory,119537664.0,239075328.0,0.0017084130913248535,0.03495033616307747,0.03495033616307747,0.0301,1.161140736314866
B200,tilelang,layernorm,fp32,a1d19052854e61f25fa581db6a75103f8f074389735d86a394c797eb38f1873f,"{""K"":5632,""M"":2048,""batch"":1}",fp32_vector,memory,69206016.0,138412032.0,0.0009890812633985993,0.02023440514704485,0.02023440514704485,0.0186,1.087871244464777
B200,tilelang,layernorm,fp32,b3a0119e00180fd8d30a399ceea9735bbbdb77d495acf4b195cf3f3fba24cf7a,"{""K"":6656,""M"":2048,""batch"":1}",fp32_vector,memory,81788928.0,163577856.0,0.0011689142203801628,0.023913387901053004,0.023913387901053004,0.0215,1.1122506000489771
B200,tilelang,layernorm,fp32,d2a63e85b50218b1ff396626f8c51b378518bc20bc36b6005caa7d4ea6fa442c,"{""K"":3072,""M"":2048,""batch"":1}",fp32_vector,memory,37748736.0,75497472.0,0.0005394988709446905,0.011036948262024464,0.011036948262024464,0.0108,1.021939653891154
B200,tilelang,layernorm,fp32,dc87c3ccd1261f1fe2a29fa7028fe484d92ad16bbba5693402823d280d887666,"{""K"":8704,""M"":2048,""batch"":1}",fp32_vector,memory,106954752.0,213909504.0,0.00152858013434329,0.031271353409069315,0.031271353409069315,0.0277,1.128929725959181
B200,tilelang,layernorm,fp32,e4a7c88758840fdbb86690d5fc5841ab302f4908427e2d73d7798417c2a23853,"{""K"":6144,""M"":2048,""batch"":1}",fp32_vector,memory,75497472.0,150994944.0,0.001078997741889381,0.02207389652404893,0.02207389652404893,0.0198,1.1148432587903498
B200,tilelang,layernorm,fp32,f8961a216d126fddd59a506537980781faba8da8ea651681bd87e9e4dc2e9b43,"{""K"":10240,""M"":2048,""batch"":1}",fp32_vector,memory,125829120.0,251658240.0,0.0017983295698156354,0.03678982754008154,0.03678982754008154,0.0303,1.2141857273954304
B200,tilelang,rmsnorm,bf16,04efeebb98c8edf495d259d95684b0b4c68ce30ed3b3f2a624f4e55fa8c4e36c,"{""K"":5632,""M"":2048,""batch"":1}",fp32_vector,memory,46137344.0,69206016.0,0.0006593875089323996,0.010117202573522424,0.010117202573522424,0.0101,1.00170322510123
B200,tilelang,rmsnorm,bf16,1288e3a1abb85f3e350691afe9d8f11c3f4e9064f9fcb13ddde25a540e1add80,"{""K"":10240,""M"":2048,""batch"":1}",fp32_vector,memory,83886080.0,125829120.0,0.0011988863798770902,0.01839491377004077,0.01839491377004077,0.0173,1.0632898132971544
B200,tilelang,rmsnorm,bf16,1591f32724dbc93a421b19f2bb043cc827b961492a75660d5f56547ee0b1419e,"{""K"":7168,""M"":2048,""batch"":1}",fp32_vector,memory,58720256.0,88080384.0,0.0008392204659139631,0.012876439639028542,0.012876439639028542,0.0127,1.0138928849628774
B200,tilelang,rmsnorm,bf16,3d2dfc05af21db1241aa3d6b4177bb6fff3b46e41533c237c3f934a07b57afa5,"{""K"":9216,""M"":2048,""batch"":1}",fp32_vector,memory,75497472.0,113246208.0,0.001078997741889381,0.016555422393036694,0.016555422393036694,0.0157,1.0544855027411908
B200,tilelang,rmsnorm,bf16,4fdfec7b2cf764450270469366d11bc7e84357f5391083e1996959b40c427a3e,"{""K"":6144,""M"":2048,""batch"":1}",fp32_vector,memory,50331648.0,75497472.0,0.0007193318279262542,0.011036948262024464,0.011036948262024464,0.0107,1.0314904917779875
B200,tilelang,rmsnorm,bf16,52bfbf3ac6c6420475acb2ae06fa9bc2f539861e609195c2958deab0c9c0cda0,"{""K"":8192,""M"":2048,""batch"":1}",fp32_vector,memory,67108864.0,100663296.0,0.0009591091039016722,0.014715931016032618,0.014715931016032618,0.0146,1.0079404805501793
B200,tilelang,rmsnorm,bf16,7213985cb55cf424d3c2155fefb988b195430e749b34239ba9b49cd197a36e2d,"{""K"":9728,""M"":2048,""batch"":1}",fp32_vector,memory,79691776.0,119537664.0,0.0011389420608832357,0.017475168081538733,0.017475168081538733,0.0165,1.0591010958508322
B200,tilelang,rmsnorm,fp16,2b15692c7e5c4eb3ee510c2fbd9d9248138633c7edfe3907ae36e309f3253777,"{""K"":6144,""M"":2048,""batch"":1}",fp32_vector,memory,50331648.0,75497472.0,0.0007193318279262542,0.011036948262024464,0.011036948262024464,0.0107,1.0314904917779875
B200,tilelang,rmsnorm,fp16,3d23605afd15a030e64ab1cbb1404945247dec02bb0c529f99d01b7085a59f8d,"{""K"":9216,""M"":2048,""batch"":1}",fp32_vector,memory,75497472.0,113246208.0,0.001078997741889381,0.016555422393036694,0.016555422393036694,0.0153,1.0820537511788688
B200,tilelang,rmsnorm,fp16,5f0bf2f5fc31c3a5c80898c61da811e0ec1cabf52ac1c54dda4ee1cdad9f1180,"{""K"":8192,""M"":2048,""batch"":1}",fp32_vector,memory,67108864.0,100663296.0,0.0009591091039016722,0.014715931016032618,0.014715931016032618,0.0141,1.0436830507824553
B200,tilelang,rmsnorm,fp16,6230ee6c7e0986ec5682282df6f234ed969343ae644527491c8e9b5af915a77e,"{""K"":5632,""M"":2048,""batch"":1}",fp32_vector,memory,46137344.0,69206016.0,0.0006593875089323996,0.010117202573522424,0.010117202573522424,0.0098,1.0323676095431045
B200,tilelang,rmsnorm,fp16,8c43d01f830e521871086c579026f9321cf7eb15e7d6b0b80045cbab25307752,"{""K"":9728,""M"":2048,""batch"":1}",fp32_vector,memory,79691776.0,119537664.0,0.0011389420608832357,0.017475168081538733,0.017475168081538733,0.0167,1.046417250391541
B200,tilelang,rmsnorm,fp16,a33b34a807d8cb49d19d42bc51fe557b157a6cdbcdf961c71164d39e95ee9a8d,"{""K"":10240,""M"":2048,""batch"":1}",fp32_vector,memory,83886080.0,125829120.0,0.0011988863798770902,0.01839491377004077,0.01839491377004077,0.0175,1.0511379297166152
B200,tilelang,rmsnorm,fp16,bdfcb655887c44fec8d6d922f0ce5684cef48e0ccb25ad3b1e92fd522652e48a,"{""K"":2560,""M"":2048,""batch"":1}",fp32_vector,memory,20971520.0,31457280.0,0.00029972159496927255,0.004598728442510192,0.004598728442510192,0.0042,1.0949353434548077
B200,tilelang,rmsnorm,fp32,11c5a495e46ab09a7deba10a1ee4732f44f34e154efd136859497c1523aa393b,"{""K"":6656,""M"":2048,""batch"":1}",fp32_vector,memory,54525952.0,163577856.0,0.0007792761469201085,0.023913387901053004,0.023913387901053004,0.02,1.1956693950526502
B200,tilelang,rmsnorm,fp32,273c8541e182683a7d783b1c1ec83cfb3321d3c6a06cd732c5bc4e96aa36d942,"{""K"":5632,""M"":2048,""batch"":1}",fp32_vector,memory,46137344.0,138412032.0,0.0006593875089323996,0.02023440514704485,0.02023440514704485,0.0173,1.16961879462687
B200,tilelang,rmsnorm,fp32,4013d5539fc9f3a909e23bf0b139d5d0afaccd4544dd909f59ec7477a0b01902,"{""K"":8704,""M"":2048,""batch"":1}",fp32_vector,memory,71303168.0,213909504.0,0.0010190534228955266,0.031271353409069315,0.031271353409069315,0.025,1.2508541363627725
B200,tilelang,rmsnorm,fp32,42057c622a09c466787a5c1442a7ac0abd5a75a943c89ed264ca9af22dbebb17,"{""K"":9216,""M"":2048,""batch"":1}",fp32_vector,memory,75497472.0,226492416.0,0.001078997741889381,0.03311084478607339,0.03311084478607339,0.0264,1.2541986661391435
B200,tilelang,rmsnorm,fp32,5f6bd7376725dd171f70a7d3a16a7f320704398e367df5f72dadbf9e2cb4f2ca,"{""K"":7168,""M"":2048,""batch"":1}",fp32_vector,memory,58720256.0,176160768.0,0.0008392204659139631,0.025752879278057084,0.025752879278057084,0.021,1.2263275846693849
B200,tilelang,rmsnorm,fp32,6bcf7186c6e09585ec4eed41fe21caf1fbdb27dba5e73d4b702b00c453020586,"{""K"":3584,""M"":2048,""batch"":1}",fp32_vector,memory,29360128.0,88080384.0,0.00041961023295698156,0.012876439639028542,0.012876439639028542,0.0122,1.0554458720515199
B200,tilelang,rmsnorm,fp32,8c91d121d38b9d1229279ad9eb2159bf2557fad55eb4f04aef4c27e3285411ca,"{""K"":8192,""M"":2048,""batch"":1}",fp32_vector,memory,67108864.0,201326592.0,0.0009591091039016722,0.029431862032065235,0.029431862032065235,0.0232,1.2686147427614327
B200,tilelang,rmsnorm,fp32,a19c04fc0b72ca91e92c5afddd45e075bcf7abf8e4fd30ee4c5d82f1acbc5b3f,"{""K"":1024,""M"":2048,""batch"":1}",fp32_vector,memory,8388608.0,25165824.0,0.00011988863798770902,0.0036789827540081544,0.0036789827540081544,0.0036,1.021939653891154
B200,tilelang,rmsnorm,fp32,a8898fa91f436c50dfdc7e8eb5ab7597e2623b72f312cf5b4d8ec9790323613f,"{""K"":1536,""M"":2048,""batch"":1}",fp32_vector,memory,12582912.0,37748736.0,0.00017983295698156354,0.005518474131012232,0.005518474131012232,0.0052,1.0612450251946601
B200,tilelang,rmsnorm,fp32,adfdc8e175b40e2f2c6c18b1c413e53d13bfe06b072b7bad23718e8c3f4fa2e0,"{""K"":7680,""M"":2048,""batch"":1}",fp32_vector,memory,62914560.0,188743680.0,0.0008991647849078177,0.027592370655061156,0.027592370655061156,0.0224,1.2318022613866588
B200,tilelang,rmsnorm,fp32,b0f721c05f69d7067fbe7334bee13b8ca68719ea0a9d5f9fb64665d5d81c83f0,"{""K"":6144,""M"":2048,""batch"":1}",fp32_vector,memory,50331648.0,150994944.0,0.0007193318279262542,0.02207389652404893,0.02207389652404893,0.0189,1.1679310330184618
B200,tilelang,rmsnorm,fp32,c2999ef48386f42c1515e8b5d433868aaae312fe65ef532dc5b4472ca0bc6f3d,"{""K"":9728,""M"":2048,""batch"":1}",fp32_vector,memory,79691776.0,239075328.0,0.0011389420608832357,0.03495033616307747,0.03495033616307747,0.0286,1.2220397259817295
B200,tilelang,rmsnorm,fp32,cb328096b373e8927c06141287d5f796769bb2f7db1433cd53a60a7214cf6b43,"{""K"":3072,""M"":2048,""batch"":1}",fp32_vector,memory,25165824.0,75497472.0,0.0003596659139631271,0.011036948262024464,0.011036948262024464,0.0107,1.0314904917779875
B200,tilelang,rmsnorm,fp32,d7cce931b8e7a93a84e32f7887c5334da614d01ece951b54574b6f76e5f9b8b1,"{""K"":4608,""M"":2048,""batch"":1}",fp32_vector,memory,37748736.0,113246208.0,0.0005394988709446905,0.016555422393036694,0.016555422393036694,0.0147,1.1262192104106594
B200,tilelang,rmsnorm,fp32,d819991983e97ec210285ac56c73de93369242ca8defae1b08fe7cb78c974046,"{""K"":2560,""M"":2048,""batch"":1}",fp32_vector,memory,20971520.0,62914560.0,0.00029972159496927255,0.009197456885020385,0.009197456885020385,0.0091,1.010709547804438
B200,tilelang,rmsnorm,fp32,e11fe6d3a765e370294c8b671f66fe29affdbc6adabc9d347c6b2ac81097dca6,"{""K"":10240,""M"":2048,""batch"":1}",fp32_vector,memory,83886080.0,251658240.0,0.0011988863798770902,0.03678982754008154,0.03678982754008154,0.0299,1.2304290147184462
B200,tilelang,rmsnorm,fp32,e8244c4c94fe8cd23215496806c9d2b10597835f3d199433d6547f4942cc822e,"{""K"":5120,""M"":2048,""batch"":1}",fp32_vector,memory,41943040.0,125829120.0,0.0005994431899385451,0.01839491377004077,0.01839491377004077,0.0159,1.1569128157258346
B200,tilelang,rmsnorm,fp32,f6c395890ad10ce8d82bcd68811e644d8e67f1d536ec78d57324dbfadb810785,"{""K"":4096,""M"":2048,""batch"":1}",fp32_vector,memory,33554432.0,100663296.0,0.0004795545519508361,0.014715931016032618,0.014715931016032618,0.0132,1.1148432587903498
B200,tilelang,rope,fp16,0acf87daca635ae4569c631f081237295e6bbbd0810a5e65747a4b32fd33efe0,"{""batch_size"":1,""head_dim"":128,""n_heads"":32,""seq_len"":11264}",fp16_vector,memory,138412032.0,184549376.0,0.0018722038685242799,0.026979206862726465,0.026979206862726465,0.0251,1.0748687993118113
B200,tilelang,rope,fp16,0ef9aa3b76efa539673949038f8f061329e5dd50f617de33dfa1c750a7ccdb5f,"{""batch_size"":1,""head_dim"":128,""n_heads"":32,""seq_len"":9216}",fp16_vector,memory,113246208.0,150994944.0,0.001531803165156229,0.02207389652404893,0.02207389652404893,0.0177,1.2471127979688659
B200,tilelang,rope,fp16,1b8ade28adb81e3dd9db77ed09b5b136cd87c51fe316a9546f99738ebcd27e45,"{""batch_size"":1,""head_dim"":128,""n_heads"":32,""seq_len"":13312}",fp16_vector,memory,163577856.0,218103808.0,0.0022126045718923303,0.031884517201404006,0.031884517201404006,0.0318,1.0026577736290567
B200,tilelang,rope,fp16,2b53673cfdcf579b1608a9468569b4373009c7c106aafa1455487128440ba60f,"{""batch_size"":1,""head_dim"":128,""n_heads"":32,""seq_len"":12288}",fp16_vector,memory,150994944.0,201326592.0,0.002042404220208305,0.029431862032065235,0.029431862032065235,0.0284,1.036333170143142
B200,tilelang,rope,fp16,5c586fb0682748088ed1095e6be6e381410d0adad501c788d04aeee2767ae517,"{""batch_size"":1,""head_dim"":128,""n_heads"":32,""seq_len"":4096}",fp16_vector,memory,50331648.0,67108864.0,0.0006808014067361017,0.009810620677355079,0.009810620677355079,0.0073,1.3439206407335724
B200,tilelang,rope,fp16,72cb5ea62b8125248d04bee47f86d9dc358c025625f6c5b0ecacc20ba011d561,"{""batch_size"":1,""head_dim"":128,""n_heads"":32,""seq_len"":6144}",fp16_vector,memory,75497472.0,100663296.0,0.0010212021101041525,0.014715931016032618,0.014715931016032618,0.0109,1.350085414314919
B200,tilelang,rope,fp16,760b1684a9b55db2732fdf1d4c44d8dd5b266569f569cd7dd96c46fd66a55e93,"{""batch_size"":1,""head_dim"":128,""n_heads"":32,""seq_len"":3072}",fp16_vector,memory,37748736.0,50331648.0,0.0005106010550520762,0.007357965508016309,0.007357965508016309,0.0061,1.2062238537731653
B200,tilelang,rope,fp16,87e72610bb7b1f5d93fd4d774f693af1746a4b2348119bb74725228ae1d4a2c7,"{""batch_size"":1,""head_dim"":128,""n_heads"":32,""seq_len"":7168}",fp16_vector,memory,88080384.0,117440512.0,0.001191402461788178,0.017168586185371388,0.017168586185371388,0.0127,1.351857179950503
B200,tilelang,rope,fp16,be7d14a842ca9233704ecbd83ac7d765262620cac5137a973f86d4ead5f151f4,"{""batch_size"":1,""head_dim"":128,""n_heads"":32,""seq_len"":8192}",fp16_vector,memory,100663296.0,134217728.0,0.0013616028134722034,0.019621241354710158,0.019621241354710158,0.0148,1.3257595509939295
B200,tilelang,rope,fp16,de364bdb33d051b9dd3b7b3e931ed75fcacee6c38dd278020134862448993216,"{""batch_size"":1,""head_dim"":128,""n_heads"":32,""seq_len"":5120}",fp16_vector,memory,62914560.0,83886080.0,0.0008510017584201271,0.012263275846693848,0.012263275846693848,0.0089,1.3778961625498705
B200,tilelang,rope,fp16,e2c6870beab1514b16cb852cd14e56c52e8c67742ce61ef9cc00b2d8a8362a6c,"{""batch_size"":1,""head_dim"":128,""n_heads"":32,""seq_len"":10240}",fp16_vector,memory,125829120.0,167772160.0,0.0017020035168402543,0.024526551693387695,0.024526551693387695,0.0213,1.1514813001590467
B200,tilelang,rope,fp32,44831fd350a2dad343590acf8200b11e6750ecf41d7a9915d592ea0c8b130280,"{""batch_size"":1,""head_dim"":128,""n_heads"":32,""seq_len"":3072}",fp32_vector,memory,37748736.0,100663296.0,0.0005394988709446905,0.014715931016032618,0.014715931016032618,0.0107,1.375320655703983
B200,tilelang,rope,fp32,50fef6cb302d8411afb8e226b9909fa2c257b829db1a858b612ccd71175dbcd6,"{""batch_size"":1,""head_dim"":128,""n_heads"":32,""seq_len"":7168}",fp32_vector,memory,88080384.0,234881024.0,0.0012588306988709447,0.034337172370742776,0.034337172370742776,0.034,1.009916834433611
B200,tilelang,rope,fp32,6ae6606efde10606080faa3c1a5bf0d6cb320bc03f443a2d22c670978fdc427a,"{""batch_size"":1,""head_dim"":128,""n_heads"":32,""seq_len"":5120}",fp32_vector,memory,62914560.0,167772160.0,0.0008991647849078177,0.024526551693387695,0.024526551693387695,0.0213,1.1514813001590467
B200,tilelang,rope,fp32,7f04ca788c890864483dfd41a7d9f8960913d265ec7106b49b0fe867b0035316,"{""batch_size"":1,""head_dim"":128,""n_heads"":32,""seq_len"":4096}",fp32_vector,memory,50331648.0,134217728.0,0.0007193318279262542,0.019621241354710158,0.019621241354710158,0.0149,1.3168618358865878
B200,tilelang,rope,fp32,d43ad05f27d96d10a5f06ed416eff5c2a06e76d1a53ae491554c4e40aad280df,"{""batch_size"":1,""head_dim"":128,""n_heads"":32,""seq_len"":2048}",fp32_vector,memory,25165824.0,67108864.0,0.0003596659139631271,0.009810620677355079,0.009810620677355079,0.0075,1.3080827569806772
B200,tilelang,rope,fp32,eb63dd7708c93a5dbf04ee914f4820efd2b68a55e5c870d2f8b4a87d6524f198,"{""batch_size"":1,""head_dim"":128,""n_heads"":32,""seq_len"":1024}",fp32_vector,memory,12582912.0,33554432.0,0.00017983295698156354,0.0049053103386775395,0.0049053103386775395,0.0047,1.0436830507824553
B200,tilelang,rope,fp32,feb3ede4149d19aa900ceab63a80014e363815ece457e99eca279bdc1a557d95,"{""batch_size"":1,""head_dim"":128,""n_heads"":32,""seq_len"":6144}",fp32_vector,memory,75497472.0,201326592.0,0.001078997741889381,0.029431862032065235,0.029431862032065235,0.0281,1.0473972253403998
B200,tilelang,swiglu,fp32,0caa95104ece78130bfe75c72e24d55d24388b8c18ed7b46ccff1bae8f553247,"{""M"":4096,""N"":17408}",fp32_vector,memory,71303168.0,855638016.0,0.0010190534228955266,0.12508541363627726,0.12508541363627726,0.1245,1.00470211756046
B200,tilelang,swiglu,fp32,5b3a1784708cbd01ab5bc53a0070f23a1f3709dee5e54779fc390c069328fa3a,"{""M"":4096,""N"":18432}",fp32_vector,memory,75497472.0,905969664.0,0.001078997741889381,0.13244337914429355,0.13244337914429355,0.1321,1.002599387920466
B200,tilelang,swiglu,fp32,8fdf30272037087909c79d61775eab2ba0f9eddd706936000e6227621b37376f,"{""M"":4096,""N"":20480}",fp32_vector,memory,83886080.0,1006632960.0,0.0011988863798770902,0.14715931016032616,0.14715931016032616,0.1459,1.008631323922729
B200,tilelang,swiglu,fp32,99274cf459dbc59e4ea2b3b8a5ca3a899e9ccb2848e90a0f42ae6d19a8763912,"{""M"":4096,""N"":19456}",fp32_vector,memory,79691776.0,956301312.0,0.0011389420608832357,0.13980134465230987,0.13980134465230987,0.1385,1.0093959902693852
B200,triton,matmul_fp32_fp16_fp8,fp16,08faaf3b6b1a6991ab9326dd1f21e0777b5cc77c635c0122387725c0cb92617b,"{""K"":20480,""M"":4096,""N"":4096}",fp16_mma,compute,687194767360.0,369098752.0,0.5422895710734607,0.05395841372545293,0.5422895710734607,0.5421,1.0003496976083022
B200,triton,matmul_fp32_fp16_fp8,fp16,0c5e80d95887d0b7d484cb6a9ce9a4f304cdb4febfd78a4a703db456aaafd51c,"{""K"":14336,""M"":4096,""N"":4096}",fp16_mma,compute,481036337152.0,268435456.0,0.3796026997514224,0.039242482709420316,0.3796026997514224,0.37,1.025953242571412
B200,triton,matmul_fp32_fp16_fp8,fp16,22d6a6413e481e28287ab7903e88ba3dfe388f760abbcbd91cd0c61f4d6a022d,"{""K"":9216,""M"":4096,""N"":4096}",fp16_mma,compute,309237645312.0,184549376.0,0.24403030698305728,0.026979206862726465,0.24403030698305728,0.2407,1.0138359243168147
B200,triton,matmul_fp32_fp16_fp8,fp16,251408858ddb64a1c1adf38ec5e311b307edba62021f902bbe03b38d1a65cb06,"{""K"":8192,""M"":4096,""N"":4096}",fp16_mma,compute,274877906944.0,167772160.0,0.21691582842938423,0.024526551693387695,0.21691582842938423,0.2146,1.0107913719915387
B200,triton,matmul_fp32_fp16_fp8,fp16,25c7a3b313e5fb2daba9992a99ac37ebdf363b42dba11963d86a6d0476b36399,"{""K"":10240,""M"":4096,""N"":4096}",fp16_mma,compute,343597383680.0,201326592.0,0.2711447855367303,0.029431862032065235,0.2711447855367303,0.2653,1.0220308538889196
B200,triton,matmul_fp32_fp16_fp8,fp16,33ca992ab2bbd883116cb4df4b6d5ff1668c96ca7dc7228d73d62453ae243b73,"{""K"":15360,""M"":4096,""N"":4096}",fp16_mma,compute,515396075520.0,285212672.0,0.4067171783050954,0.04169513787875908,0.4067171783050954,0.3964,1.026027190477032
B200,triton,matmul_fp32_fp16_fp8,fp16,5ce43802a5057bf48a84eece087cdf24849b3ae513e9b54712ebea00aa3e638d,"{""K"":16384,""M"":4096,""N"":4096}",fp16_mma,compute,549755813888.0,301989888.0,0.43383165685876846,0.04414779304809786,0.43383165685876846,0.4183,1.0371304251942828
B200,triton,matmul_fp32_fp16_fp8,fp16,71812193ba9a42c627dee985f6afe2c424635de8366469509651688f864dc271,"{""K"":18432,""M"":4096,""N"":4096}",fp16_mma,compute,618475290624.0,335544320.0,0.48806061396611455,0.04905310338677539,0.48806061396611455,0.4787,1.0195542384919878
B200,triton,matmul_fp32_fp16_fp8,fp16,a59d2d957cec93f199a40123dd16ff79460db6271a90e10aa4585dd3340777ea,"{""K"":17408,""M"":4096,""N"":4096}",fp16_mma,compute,584115552256.0,318767104.0,0.4609461354124415,0.04660044821743663,0.4609461354124415,0.4502,1.0238696921644637
B200,triton,matmul_fp32_fp16_fp8,fp16,bbd09d1f99b28ff36f3ccda50f37df6110c8cc05f0704fd97cdf03c808fddaae,"{""K"":19456,""M"":4096,""N"":4096}",fp16_mma,compute,652835028992.0,352321536.0,0.5151750925197877,0.05150575855611417,0.5151750925197877,0.5009,1.0284988870428982
B200,triton,matmul_fp32_fp16_fp8,fp16,cccfb9fbe28d464335367bebe580f9ab6f6bea48c537d3a637bedcee5b1c6547,"{""K"":11264,""M"":4096,""N"":4096}",fp16_mma,compute,377957122048.0,218103808.0,0.2982592640904033,0.031884517201404006,0.2982592640904033,0.2914,1.0235389982512124
B200,triton,matmul_fp32_fp16_fp8,fp16,e82ac8a5bdc5ba68ce011674da5bad7baf959d3a4038f978051d4cc4939f7ec3,"{""K"":12288,""M"":4096,""N"":4096}",fp16_mma,compute,412316860416.0,234881024.0,0.3253737426440763,0.034337172370742776,0.3253737426440763,0.3181,1.0228662139078162
B200,triton,matmul_fp32_fp16_fp8,fp16,f677804f0aab1e2fb429b4fbf8511490b7f7e2925198ef07efef4f5f5f904284,"{""K"":7168,""M"":4096,""N"":4096}",fp16_mma,compute,240518168576.0,150994944.0,0.1898013498757112,0.02207389652404893,0.1898013498757112,0.1889,1.0047715716024943
B200,triton,matmul_fp32_fp16_fp8,fp16,fd5c48e6ec974fa36ac18bb0a0bb5c633209aaba467cff2adb88c932a5684e66,"{""K"":13312,""M"":4096,""N"":4096}",fp16_mma,compute,446676598784.0,251658240.0,0.35248822119774936,0.03678982754008154,0.35248822119774936,0.3454,1.0205217753264313
B200,triton,matmul_fp32_fp16_fp8,fp8_e4m3fn,010e9599f41af251cee54bf0697153feee1190ab4deb8538c4e461bbae7b9d26,"{""K"":6144,""M"":4096,""N"":4096}",fp8_e4m3fn_mma,compute,206158430208.0,67108864.0,0.07964736002225321,0.009810620677355079,0.07964736002225321,0.0792,1.0056484851294596
B200,triton,matmul_fp32_fp16_fp8,fp8_e4m3fn,0151c55145640665224f881779fb4f9e741d0a2cbff9768964affcf9ec7c3bc2,"{""K"":17408,""M"":4096,""N"":4096}",fp8_e4m3fn_mma,compute,584115552256.0,159383552.0,0.2256675200630508,0.023300224108718313,0.2256675200630508,0.2131,1.0589747539326644
B200,triton,matmul_fp32_fp16_fp8,fp8_e4m3fn,04c0123de4b45ec8f1dd8a5ee25993ab95c5d067b3da85698e337c1cca007ddc,"{""K"":16384,""M"":4096,""N"":4096}",fp8_e4m3fn_mma,compute,549755813888.0,150994944.0,0.2123929600593419,0.02207389652404893,0.2123929600593419,0.2017,1.0530141797686758
B200,triton,matmul_fp32_fp16_fp8,fp8_e4m3fn,0b401e05911a45634129d5ce925bd7122e38e293dff5dbe048ce258655134237,"{""K"":18432,""M"":4096,""N"":4096}",fp8_e4m3fn_mma,compute,618475290624.0,167772160.0,0.23894208006675963,0.024526551693387695,0.23894208006675963,0.2247,1.0633826438218053
B200,triton,matmul_fp32_fp16_fp8,fp8_e4m3fn,148f81119dfa6504f9db30e986a39c68b5df9ca2c63987298b398ce878542926,"{""K"":7168,""M"":4096,""N"":4096}",fp8_e4m3fn_mma,compute,240518168576.0,75497472.0,0.09292192002596208,0.011036948262024464,0.09292192002596208,0.091,1.0211200002852976
B200,triton,matmul_fp32_fp16_fp8,fp8_e4m3fn,1ec2012f38ff88fc30c983c6089905f1ef720f23d62e94e33f26d6d4b328a134,"{""K"":9216,""M"":4096,""N"":4096}",fp8_e4m3fn_mma,compute,309237645312.0,92274688.0,0.11947104003337981,0.013489603431363233,0.11947104003337981,0.1176,1.0159102043654746
B200,triton,matmul_fp32_fp16_fp8,fp8_e4m3fn,294b9e308c82000196906fa8a7c992c02e66afcf48d11eb11bfeab20ed57a183,"{""K"":10240,""M"":4096,""N"":4096}",fp8_e4m3fn_mma,compute,343597383680.0,100663296.0,0.1327456000370887,0.014715931016032618,0.1327456000370887,0.1308,1.014874618020556
B200,triton,matmul_fp32_fp16_fp8,fp8_e4m3fn,2a9c9f1d46cfaea832d9dd057a4f91d6c35cec61f83a057a49a0fc719a7267b0,"{""K"":12288,""M"":4096,""N"":4096}",fp8_e4m3fn_mma,compute,412316860416.0,117440512.0,0.15929472004450643,0.017168586185371388,0.15929472004450643,0.1545,1.0310337866958346
B200,triton,matmul_fp32_fp16_fp8,fp8_e4m3fn,3e6c682cff708c272ed783c2366f6e61c99b19ef1df2f63d0d242d2aa5c21cca,"{""K"":8192,""M"":4096,""N"":4096}",fp8_e4m3fn_mma,compute,274877906944.0,83886080.0,0.10619648002967096,0.012263275846693848,0.10619648002967096,0.1045,1.0162342586571385
B200,triton,matmul_fp32_fp16_fp8,fp8_e4m3fn,539fb0effd41ede94998a96535c2a5deebf223bfa82387b5196053348a324be7,"{""K"":14336,""M"":4096,""N"":4096}",fp8_e4m3fn_mma,compute,481036337152.0,134217728.0,0.18584384005192417,0.019621241354710158,0.18584384005192417,0.1783,1.0423098152098944
B200,triton,matmul_fp32_fp16_fp8,fp8_e4m3fn,58462cceecda88b26cf0a977f833cd828e07b350dee27aad3efc0c528678c0b9,"{""K"":20480,""M"":4096,""N"":4096}",fp8_e4m3fn_mma,compute,687194767360.0,184549376.0,0.2654912000741774,0.026979206862726465,0.2654912000741774,0.2476,1.0722584817212335
B200,triton,matmul_fp32_fp16_fp8,fp8_e4m3fn,7595e854236c29548bf9d108f646e61be65851b5a565830b2d016d3eeff94f3e,"{""K"":5120,""M"":4096,""N"":4096}",fp8_e4m3fn_mma,compute,171798691840.0,58720256.0,0.06637280001854436,0.008584293092685694,0.06637280001854436,0.0663,1.0010980394953901
B200,triton,matmul_fp32_fp16_fp8,fp8_e4m3fn,981a2d75be6159245101b90f9c950b5966d885aca1c4bb690215cc22ce7f015a,"{""K"":19456,""M"":4096,""N"":4096}",fp8_e4m3fn_mma,compute,652835028992.0,176160768.0,0.2522166400704685,0.025752879278057084,0.2522166400704685,0.2361,1.0682619232124884
B200,triton,matmul_fp32_fp16_fp8,fp8_e4m3fn,a9da79e74db8fbf3a37d2648c56be91f90282b31afc6e3515f218fc02d6f6a2a,"{""K"":11264,""M"":4096,""N"":4096}",fp8_e4m3fn_mma,compute,377957122048.0,109051904.0,0.14602016004079754,0.015942258600702003,0.14602016004079754,0.1424,1.0254224721966119
B200,triton,matmul_fp32_fp16_fp8,fp8_e4m3fn,f528419b052d6021ab4e6d390acd632e9bbe645e99931b9d92023c9d8fe577b4,"{""K"":15360,""M"":4096,""N"":4096}",fp8_e4m3fn_mma,compute,515396075520.0,142606336.0,0.19911840005563305,0.02084756893937954,0.19911840005563305,0.1899,1.0485434442108112
B200,triton,matmul_fp32_fp16_fp8,fp8_e4m3fn,ffa6d9a0a71273456660301f24a4f96ab3fab517063e2e253d2b6e3a7db45fbb,"{""K"":13312,""M"":4096,""N"":4096}",fp8_e4m3fn_mma,compute,446676598784.0,125829120.0,0.17256928004821528,0.01839491377004077,0.17256928004821528,0.1672,1.032112918948656
B200,triton,rmsnorm,bf16,52bfbf3ac6c6420475acb2ae06fa9bc2f539861e609195c2958deab0c9c0cda0,"{""K"":8192,""M"":2048,""batch"":1}",fp32_vector,memory,67108864.0,100663296.0,0.0009591091039016722,0.014715931016032618,0.014715931016032618,0.0147,1.001083742587253
B200,triton,rmsnorm,fp32,11c5a495e46ab09a7deba10a1ee4732f44f34e154efd136859497c1523aa393b,"{""K"":6656,""M"":2048,""batch"":1}",fp32_vector,memory,54525952.0,163577856.0,0.0007792761469201085,0.023913387901053004,0.023913387901053004,0.0226,1.0581145088961508
B200,triton,rmsnorm,fp32,273c8541e182683a7d783b1c1ec83cfb3321d3c6a06cd732c5bc4e96aa36d942,"{""K"":5632,""M"":2048,""batch"":1}",fp32_vector,memory,46137344.0,138412032.0,0.0006593875089323996,0.02023440514704485,0.02023440514704485,0.0192,1.0538752680752526
B200,triton,rmsnorm,fp32,4013d5539fc9f3a909e23bf0b139d5d0afaccd4544dd909f59ec7477a0b01902,"{""K"":8704,""M"":2048,""batch"":1}",fp32_vector,memory,71303168.0,213909504.0,0.0010190534228955266,0.031271353409069315,0.031271353409069315,0.0284,1.1011039932770885
B200,triton,rmsnorm,fp32,42057c622a09c466787a5c1442a7ac0abd5a75a943c89ed264ca9af22dbebb17,"{""K"":9216,""M"":2048,""batch"":1}",fp32_vector,memory,75497472.0,226492416.0,0.001078997741889381,0.03311084478607339,0.03311084478607339,0.0299,1.1073861132466016
B200,triton,rmsnorm,fp32,5f6bd7376725dd171f70a7d3a16a7f320704398e367df5f72dadbf9e2cb4f2ca,"{""K"":7168,""M"":2048,""batch"":1}",fp32_vector,memory,58720256.0,176160768.0,0.0008392204659139631,0.025752879278057084,0.025752879278057084,0.0244,1.0554458720515199
B200,triton,rmsnorm,fp32,8c91d121d38b9d1229279ad9eb2159bf2557fad55eb4f04aef4c27e3285411ca,"{""K"":8192,""M"":2048,""batch"":1}",fp32_vector,memory,67108864.0,201326592.0,0.0009591091039016722,0.029431862032065235,0.029431862032065235,0.0261,1.1276575491212733
B200,triton,rmsnorm,fp32,a8898fa91f436c50dfdc7e8eb5ab7597e2623b72f312cf5b4d8ec9790323613f,"{""K"":1536,""M"":2048,""batch"":1}",fp32_vector,memory,12582912.0,37748736.0,0.00017983295698156354,0.005518474131012232,0.005518474131012232,0.0055,1.003358932911315
B200,triton,rmsnorm,fp32,adfdc8e175b40e2f2c6c18b1c413e53d13bfe06b072b7bad23718e8c3f4fa2e0,"{""K"":7680,""M"":2048,""batch"":1}",fp32_vector,memory,62914560.0,188743680.0,0.0008991647849078177,0.027592370655061156,0.027592370655061156,0.0246,1.1216410835390713
B200,triton,rmsnorm,fp32,b0f721c05f69d7067fbe7334bee13b8ca68719ea0a9d5f9fb64665d5d81c83f0,"{""K"":6144,""M"":2048,""batch"":1}",fp32_vector,memory,50331648.0,150994944.0,0.0007193318279262542,0.02207389652404893,0.02207389652404893,0.0211,1.0461562333672478
B200,triton,rmsnorm,fp32,c2999ef48386f42c1515e8b5d433868aaae312fe65ef532dc5b4472ca0bc6f3d,"{""K"":9728,""M"":2048,""batch"":1}",fp32_vector,memory,79691776.0,239075328.0,0.0011389420608832357,0.03495033616307747,0.03495033616307747,0.0313,1.1166241585647751
B200,triton,rmsnorm,fp32,cb328096b373e8927c06141287d5f796769bb2f7db1433cd53a60a7214cf6b43,"{""K"":3072,""M"":2048,""batch"":1}",fp32_vector,memory,25165824.0,75497472.0,0.0003596659139631271,0.011036948262024464,0.011036948262024464,0.0103,1.0715483749538315
B200,triton,rmsnorm,fp32,d7cce931b8e7a93a84e32f7887c5334da614d01ece951b54574b6f76e5f9b8b1,"{""K"":4608,""M"":2048,""batch"":1}",fp32_vector,memory,37748736.0,113246208.0,0.0005394988709446905,0.016555422393036694,0.016555422393036694,0.0165,1.0033589329113146
B200,triton,rmsnorm,fp32,e11fe6d3a765e370294c8b671f66fe29affdbc6adabc9d347c6b2ac81097dca6,"{""K"":10240,""M"":2048,""batch"":1}",fp32_vector,memory,83886080.0,251658240.0,0.0011988863798770902,0.03678982754008154,0.03678982754008154,0.0332,1.1081273355446246
B200,triton,rmsnorm,fp32,e8244c4c94fe8cd23215496806c9d2b10597835f3d199433d6547f4942cc822e,"{""K"":5120,""M"":2048,""batch"":1}",fp32_vector,memory,41943040.0,125829120.0,0.0005994431899385451,0.01839491377004077,0.01839491377004077,0.0183,1.005186544810971
B200,triton,rmsnorm,fp32,f6c395890ad10ce8d82bcd68811e644d8e67f1d536ec78d57324dbfadb810785,"{""K"":4096,""M"":2048,""batch"":1}",fp32_vector,memory,33554432.0,100663296.0,0.0004795545519508361,0.014715931016032618,0.014715931016032618,0.0147,1.001083742587253
B200,triton,rope,fp16,0ef9aa3b76efa539673949038f8f061329e5dd50f617de33dfa1c750a7ccdb5f,"{""batch_size"":1,""head_dim"":128,""n_heads"":32,""seq_len"":9216}",fp16_vector,memory,113246208.0,150994944.0,0.001531803165156229,0.02207389652404893,0.02207389652404893,0.0177,1.2471127979688659
B200,triton,rope,fp16,1b8ade28adb81e3dd9db77ed09b5b136cd87c51fe316a9546f99738ebcd27e45,"{""batch_size"":1,""head_dim"":128,""n_heads"":32,""seq_len"":13312}",fp16_vector,memory,163577856.0,218103808.0,0.0022126045718923303,0.031884517201404006,0.031884517201404006,0.0309,1.0318613981036895
B200,triton,rope,fp16,2b53673cfdcf579b1608a9468569b4373009c7c106aafa1455487128440ba60f,"{""batch_size"":1,""head_dim"":128,""n_heads"":32,""seq_len"":12288}",fp16_vector,memory,150994944.0,201326592.0,0.002042404220208305,0.029431862032065235,0.029431862032065235,0.0283,1.0399951248079589
B200,triton,rope,fp16,5c586fb0682748088ed1095e6be6e381410d0adad501c788d04aeee2767ae517,"{""batch_size"":1,""head_dim"":128,""n_heads"":32,""seq_len"":4096}",fp16_vector,memory,50331648.0,67108864.0,0.0006808014067361017,0.009810620677355079,0.009810620677355079,0.0081,1.2111877379450715
B200,triton,rope,fp16,72cb5ea62b8125248d04bee47f86d9dc358c025625f6c5b0ecacc20ba011d561,"{""batch_size"":1,""head_dim"":128,""n_heads"":32,""seq_len"":6144}",fp16_vector,memory,75497472.0,100663296.0,0.0010212021101041525,0.014715931016032618,0.014715931016032618,0.0111,1.3257595509939295
B200,triton,rope,fp16,760b1684a9b55db2732fdf1d4c44d8dd5b266569f569cd7dd96c46fd66a55e93,"{""batch_size"":1,""head_dim"":128,""n_heads"":32,""seq_len"":3072}",fp16_vector,memory,37748736.0,50331648.0,0.0005106010550520762,0.007357965508016309,0.007357965508016309,0.0066,1.1148432587903498
B200,triton,rope,fp16,87e72610bb7b1f5d93fd4d774f693af1746a4b2348119bb74725228ae1d4a2c7,"{""batch_size"":1,""head_dim"":128,""n_heads"":32,""seq_len"":7168}",fp16_vector,memory,88080384.0,117440512.0,0.001191402461788178,0.017168586185371388,0.017168586185371388,0.0133,1.2908711417572474
B200,triton,rope,fp16,be7d14a842ca9233704ecbd83ac7d765262620cac5137a973f86d4ead5f151f4,"{""batch_size"":1,""head_dim"":128,""n_heads"":32,""seq_len"":8192}",fp16_vector,memory,100663296.0,134217728.0,0.0013616028134722034,0.019621241354710158,0.019621241354710158,0.015,1.3080827569806772
B200,triton,rope,fp16,de364bdb33d051b9dd3b7b3e931ed75fcacee6c38dd278020134862448993216,"{""batch_size"":1,""head_dim"":128,""n_heads"":32,""seq_len"":5120}",fp16_vector,memory,62914560.0,83886080.0,0.0008510017584201271,0.012263275846693848,0.012263275846693848,0.0092,1.3329647659449835
B200,triton,rope,fp16,e2c6870beab1514b16cb852cd14e56c52e8c67742ce61ef9cc00b2d8a8362a6c,"{""batch_size"":1,""head_dim"":128,""n_heads"":32,""seq_len"":10240}",fp16_vector,memory,125829120.0,167772160.0,0.0017020035168402543,0.024526551693387695,0.024526551693387695,0.0209,1.1735192197793156
B200,triton,rope,fp32,44831fd350a2dad343590acf8200b11e6750ecf41d7a9915d592ea0c8b130280,"{""batch_size"":1,""head_dim"":128,""n_heads"":32,""seq_len"":3072}",fp32_vector,memory,37748736.0,100663296.0,0.0005394988709446905,0.014715931016032618,0.014715931016032618,0.0107,1.375320655703983
B200,triton,rope,fp32,6ae6606efde10606080faa3c1a5bf0d6cb320bc03f443a2d22c670978fdc427a,"{""batch_size"":1,""head_dim"":128,""n_heads"":32,""seq_len"":5120}",fp32_vector,memory,62914560.0,167772160.0,0.0008991647849078177,0.024526551693387695,0.024526551693387695,0.0209,1.1735192197793156
B200,triton,rope,fp32,7f04ca788c890864483dfd41a7d9f8960913d265ec7106b49b0fe867b0035316,"{""batch_size"":1,""head_dim"":128,""n_heads"":32,""seq_len"":4096}",fp32_vector,memory,50331648.0,134217728.0,0.0007193318279262542,0.019621241354710158,0.019621241354710158,0.0147,1.3347783234496706
B200,triton,rope,fp32,d43ad05f27d96d10a5f06ed416eff5c2a06e76d1a53ae491554c4e40aad280df,"{""batch_size"":1,""head_dim"":128,""n_heads"":32,""seq_len"":2048}",fp32_vector,memory,25165824.0,67108864.0,0.0003596659139631271,0.009810620677355079,0.009810620677355079,0.0073,1.3439206407335724
B200,triton,rope,fp32,eb63dd7708c93a5dbf04ee914f4820efd2b68a55e5c870d2f8b4a87d6524f198,"{""batch_size"":1,""head_dim"":128,""n_heads"":32,""seq_len"":1024}",fp32_vector,memory,12582912.0,33554432.0,0.00017983295698156354,0.0049053103386775395,0.0049053103386775395,0.0048,1.0219396538911543
B200,triton,rope,fp32,feb3ede4149d19aa900ceab63a80014e363815ece457e99eca279bdc1a557d95,"{""batch_size"":1,""head_dim"":128,""n_heads"":32,""seq_len"":6144}",fp32_vector,memory,75497472.0,201326592.0,0.001078997741889381,0.029431862032065235,0.029431862032065235,0.0264,1.1148432587903498
B200,triton,swiglu,fp32,0caa95104ece78130bfe75c72e24d55d24388b8c18ed7b46ccff1bae8f553247,"{""M"":4096,""N"":17408}",fp32_vector,memory,71303168.0,855638016.0,0.0010190534228955266,0.12508541363627726,0.12508541363627726,0.1239,1.0095675031176534
B200,triton,swiglu,fp32,0d3e99f05f97e45946d773dbe7debcd3b46f7a9382c240928b694411c44b667d,"{""M"":4096,""N"":14336}",fp32_vector,memory,58720256.0,704643072.0,0.0008392204659139631,0.10301151711222833,0.10301151711222833,0.1029,1.001083742587253
B200,triton,swiglu,fp32,5b3a1784708cbd01ab5bc53a0070f23a1f3709dee5e54779fc390c069328fa3a,"{""M"":4096,""N"":18432}",fp32_vector,memory,75497472.0,905969664.0,0.001078997741889381,0.13244337914429355,0.13244337914429355,0.1306,1.0141146948261375
B200,triton,swiglu,fp32,8fdf30272037087909c79d61775eab2ba0f9eddd706936000e6227621b37376f,"{""M"":4096,""N"":20480}",fp32_vector,memory,83886080.0,1006632960.0,0.0011988863798770902,0.14715931016032616,0.14715931016032616,0.1443,1.0198150392260994
B200,triton,swiglu,fp32,99274cf459dbc59e4ea2b3b8a5ca3a899e9ccb2848e90a0f42ae6d19a8763912,"{""M"":4096,""N"":19456}",fp32_vector,memory,79691776.0,956301312.0,0.0011389420608832357,0.13980134465230987,0.13980134465230987,0.1372,1.0189602379905969
B200,triton,swiglu,fp32,ac8cde18640b62bd9f9f2538470f20eb7a9640ec5ef7c27d44e7627630a3bfe7,"{""M"":4096,""N"":16384}",fp32_vector,memory,67108864.0,805306368.0,0.0009591091039016722,0.11772744812826094,0.11772744812826094,0.1167,1.0088041827614476
B200,triton,swiglu,fp32,b84bca7797f60dfeea2b3f588dfd248e85d2cc8c041283ffba109ce7eadf5f12,"{""M"":4096,""N"":15360}",fp32_vector,memory,62914560.0,754974720.0,0.0008991647849078177,0.11036948262024462,0.11036948262024462,0.1098,1.0051865448109711
B200,triton,weight_dequant,fp32,f82881d290725d7821f7e15b1fe591f9b0953a6a75c3db7ce396624f158681a9,"{""M"":10240,""TILE_SIZE"":128}",fp32_vector,memory,104857600.0,838886400.0,0.0014986079748463628,0.12263650092172568,0.12263650092172568,0.1225,1.001114293238577
GH200,cutile,layernorm,bf16,d4a944f21a7816cdfc9df6e8c84d1636cd8e64c18f38541d8e51fa87b7b2d80a,"{""K"":8192,""M"":2048,""batch"":1}",fp32_vector,memory,100663296.0,100663296.0,0.0016833327090301003,0.027618786525239112,0.027618786525239112,0.0275,1.004319510008695
GH200,cutile,layernorm,fp16,288e6c5b14f6f7220d5cdbc1b70a28a7af7dfa6210c12a843a933fa0d9431a8a,"{""K"":8192,""M"":2048,""batch"":1}",fp32_vector,memory,100663296.0,100663296.0,0.0016833327090301003,0.027618786525239112,0.027618786525239112,0.0257,1.0746609542894596
GH200,cutile,layernorm,fp16,33814f10374e4a81a379bbf2eca808ec446dcedec59dd75213cd0d9f51d463c3,"{""K"":7168,""M"":2048,""batch"":1}",fp32_vector,memory,88080384.0,88080384.0,0.0014729161204013377,0.024166438209584223,0.024166438209584223,0.0225,1.0740639204259654
GH200,cutile,layernorm,fp16,449d654b10c64079001dd41bc545d3c02b8fadeb6cede151f88c961268c5eeab,"{""K"":6656,""M"":2048,""batch"":1}",fp32_vector,memory,81788928.0,81788928.0,0.0013677078260869566,0.022440264051756777,0.022440264051756777,0.0215,1.0437332117096176
GH200,cutile,layernorm,fp16,59d3fe18a8ce80e274717b260206d782a1452bc93ec69a3939dc6ba32583afe1,"{""K"":10240,""M"":2048,""batch"":1}",fp32_vector,memory,125829120.0,125829120.0,0.0021041658862876256,0.03452348315654889,0.03452348315654889,0.0316,1.0925152897642054
GH200,cutile,layernorm,fp16,92ebbb51ae938f9ea5edb0b09c5a0b8a2c70956def9aebbfa620a46fe4bdc876,"{""K"":8704,""M"":2048,""batch"":1}",fp32_vector,memory,106954752.0,106954752.0,0.0017885410033444816,0.029344960683066558,0.029344960683066558,0.0285,1.0296477432654931
GH200,cutile,layernorm,fp16,c19e206ecd93ea4ce5dc8a8ab628de1bb4f27323a6b36b662b09a60eadc36dac,"{""K"":9216,""M"":2048,""batch"":1}",fp32_vector,memory,113246208.0,113246208.0,0.0018937492976588627,0.031071134840894,0.031071134840894,0.0296,1.0497005013815541
GH200,cutile,layernorm,fp16,d74aa6fb9e1d67c2e875cf65ceeab838792565098f87c2d8296a8abd9cc54482,"{""K"":7680,""M"":2048,""batch"":1}",fp32_vector,memory,94371840.0,94371840.0,0.0015781244147157192,0.025892612367411666,0.025892612367411666,0.0252,1.0274846177544312
GH200,cutile,layernorm,fp16,d77ed773d72cc5301254559554212aeb5f531c3c50d2694298be15f25e212bca,"{""K"":9728,""M"":2048,""batch"":1}",fp32_vector,memory,119537664.0,119537664.0,0.0019989575919732443,0.03279730899872144,0.03279730899872144,0.0309,1.0614015857191406
GH200,cutile,layernorm,fp32,0d3d0845f42195c2670fe9011646ebd289f5b19ef2cae4ffd8acfc77cc45db29,"{""K"":2048,""M"":2048,""batch"":1}",fp32_vector,memory,25165824.0,50331648.0,0.0004208331772575251,0.013809393262619556,0.013809393262619556,0.0137,1.0079849096802596
GH200,cutile,layernorm,fp32,0e2cb4ff380c35f7a45c3b677ba8450bedccf812514c377c43dd331786d7814d,"{""K"":2560,""M"":2048,""batch"":1}",fp32_vector,memory,31457280.0,62914560.0,0.0005260414715719064,0.017261741578274446,0.017261741578274446,0.0151,1.14316169392546
GH200,cutile,layernorm,fp32,29c21e1b334447d1fdb2a916daaecc3aac298cb5e3dd6a5f6c66849a51c4ec8e,"{""K"":5120,""M"":2048,""batch"":1}",fp32_vector,memory,62914560.0,125829120.0,0.0010520829431438128,0.03452348315654889,0.03452348315654889,0.0276,1.2508508390053947
GH200,cutile,layernorm,fp32,36a81bdca3e900a21430b352903592a2cb4012bf7127a164e839e8a9c277cf63,"{""K"":7168,""M"":2048,""batch"":1}",fp32_vector,memory,88080384.0,176160768.0,0.0014729161204013377,0.04833287641916845,0.04833287641916845,0.0361,1.3388608426362452
GH200,cutile,layernorm,fp32,4458ca6a63c98d1e9ed9669ac2e74e3e72c15dc6bcea158c6922e54ac4507ba4,"{""K"":4608,""M"":2048,""batch"":1}",fp32_vector,memory,56623104.0,113246208.0,0.0009468746488294314,0.031071134840894,0.031071134840894,0.0261,1.1904649364327202
GH200,cutile,layernorm,fp32,4ee85b3853193bc733f5dff44b6fda24989849e1df708057e9df9aa9cd0a921c,"{""K"":8192,""M"":2048,""batch"":1}",fp32_vector,memory,100663296.0,201326592.0,0.0016833327090301003,0.055237573050478224,0.055237573050478224,0.0406,1.3605313559231091
GH200,cutile,layernorm,fp32,53f1f0029ecf98e73d6822d24bd4b7e76af7b7e15557209daae9d6c5ce05c050,"{""K"":4096,""M"":2048,""batch"":1}",fp32_vector,memory,50331648.0,100663296.0,0.0008416663545150502,0.027618786525239112,0.027618786525239112,0.0222,1.244089483118879
GH200,cutile,layernorm,fp32,6779020220d0f822b7401d78f741fe2b3e6ba773ca4ba1b9c791280be400c9b9,"{""K"":9216,""M"":2048,""batch"":1}",fp32_vector,memory,113246208.0,226492416.0,0.0018937492976588627,0.062142269681788,0.062142269681788,0.0497,1.2503474785068007
GH200,cutile,layernorm,fp32,774a472ba6317e8ff8b5ca0d8926069dee144e095729cb6335b141b1cf8789da,"{""K"":7680,""M"":2048,""batch"":1}",fp32_vector,memory,94371840.0,188743680.0,0.0015781244147157192,0.05178522473482333,0.05178522473482333,0.0386,1.341586133026511
GH200,cutile,layernorm,fp32,9da6a8a3fa07a5938304b8f927ddb1ac94c87d719a73887a909dbe5bdb32960e,"{""K"":9728,""M"":2048,""batch"":1}",fp32_vector,memory,119537664.0,239075328.0,0.0019989575919732443,0.06559461799744289,0.06559461799744289,0.0529,1.239973875187956
GH200,cutile,layernorm,fp32,a1d19052854e61f25fa581db6a75103f8f074389735d86a394c797eb38f1873f,"{""K"":5632,""M"":2048,""batch"":1}",fp32_vector,memory,69206016.0,138412032.0,0.001157291237458194,0.03797583147220378,0.03797583147220378,0.0304,1.249204982638282
GH200,cutile,layernorm,fp32,b3a0119e00180fd8d30a399ceea9735bbbdb77d495acf4b195cf3f3fba24cf7a,"{""K"":6656,""M"":2048,""batch"":1}",fp32_vector,memory,81788928.0,163577856.0,0.0013677078260869566,0.044880528103513555,0.044880528103513555,0.0339,1.3239093835844706
GH200,cutile,layernorm,fp32,d2a63e85b50218b1ff396626f8c51b378518bc20bc36b6005caa7d4ea6fa442c,"{""K"":3072,""M"":2048,""batch"":1}",fp32_vector,memory,37748736.0,75497472.0,0.0006312497658862876,0.020714089893929335,0.020714089893929335,0.0179,1.15721172591784
GH200,cutile,layernorm,fp32,dc87c3ccd1261f1fe2a29fa7028fe484d92ad16bbba5693402823d280d887666,"{""K"":8704,""M"":2048,""batch"":1}",fp32_vector,memory,106954752.0,213909504.0,0.0017885410033444816,0.058689921366133116,0.058689921366133116,0.0471,1.246070517327667
GH200,cutile,layernorm,fp32,e4a7c88758840fdbb86690d5fc5841ab302f4908427e2d73d7798417c2a23853,"{""K"":6144,""M"":2048,""batch"":1}",fp32_vector,memory,75497472.0,150994944.0,0.0012624995317725752,0.04142817978785867,0.04142817978785867,0.0315,1.315180310725672
GH200,cutile,layernorm,fp32,ed9ccb1e986dbbbd9c886fce77896706be638b9a18772b91a7f508c82c5ef7e6,"{""K"":3584,""M"":2048,""batch"":1}",fp32_vector,memory,44040192.0,88080384.0,0.0007364580602006688,0.024166438209584223,0.024166438209584223,0.0203,1.1904649364327204
GH200,cutile,layernorm,fp32,f8961a216d126fddd59a506537980781faba8da8ea651681bd87e9e4dc2e9b43,"{""K"":10240,""M"":2048,""batch"":1}",fp32_vector,memory,125829120.0,251658240.0,0.0021041658862876256,0.06904696631309779,0.06904696631309779,0.056,1.2329815413053176
GH200,cutile,matmul_fp32_fp16_fp8,fp16,08faaf3b6b1a6991ab9326dd1f21e0777b5cc77c635c0122387725c0cb92617b,"{""K"":20480,""M"":4096,""N"":4096}",fp16_mma,compute,687194767360.0,369098752.0,0.9281273447954511,0.10126888392587674,0.9281273447954511,0.8321,1.1154036110989678
GH200,cutile,matmul_fp32_fp16_fp8,fp16,0c5e80d95887d0b7d484cb6a9ce9a4f304cdb4febfd78a4a703db456aaafd51c,"{""K"":14336,""M"":4096,""N"":4096}",fp16_mma,compute,481036337152.0,268435456.0,0.6496891413568159,0.07365009740063763,0.6496891413568159,0.5909,1.0994908467707156
GH200,cutile,matmul_fp32_fp16_fp8,fp16,22d6a6413e481e28287ab7903e88ba3dfe388f760abbcbd91cd0c61f4d6a022d,"{""K"":9216,""M"":4096,""N"":4096}",fp16_mma,compute,309237645312.0,184549376.0,0.417657305157953,0.05063444196293837,0.417657305157953,0.3882,1.0758817752652061
GH200,cutile,matmul_fp32_fp16_fp8,fp16,251408858ddb64a1c1adf38ec5e311b307edba62021f902bbe03b38d1a65cb06,"{""K"":8192,""M"":4096,""N"":4096}",fp16_mma,compute,274877906944.0,167772160.0,0.3712509379181805,0.046031310875398516,0.3712509379181805,0.3484,1.0655882259419647
GH200,cutile,matmul_fp32_fp16_fp8,fp16,25c7a3b313e5fb2daba9992a99ac37ebdf363b42dba11963d86a6d0476b36399,"{""K"":10240,""M"":4096,""N"":4096}",fp16_mma,compute,343597383680.0,201326592.0,0.46406367239772556,0.055237573050478224,0.46406367239772556,0.4282,1.0837544894855804
GH200,cutile,matmul_fp32_fp16_fp8,fp16,33ca992ab2bbd883116cb4df4b6d5ff1668c96ca7dc7228d73d62453ae243b73,"{""K"":15360,""M"":4096,""N"":4096}",fp16_mma,compute,515396075520.0,285212672.0,0.6960955085965883,0.07825322848817749,0.6960955085965883,0.627,1.1102001732003004
GH200,cutile,matmul_fp32_fp16_fp8,fp16,5ce43802a5057bf48a84eece087cdf24849b3ae513e9b54712ebea00aa3e638d,"{""K"":16384,""M"":4096,""N"":4096}",fp16_mma,compute,549755813888.0,301989888.0,0.742501875836361,0.08285635957571734,0.742501875836361,0.6705,1.1073853480035212
GH200,cutile,matmul_fp32_fp16_fp8,fp16,71812193ba9a42c627dee985f6afe2c424635de8366469509651688f864dc271,"{""K"":18432,""M"":4096,""N"":4096}",fp16_mma,compute,618475290624.0,335544320.0,0.835314610315906,0.09206262175079703,0.835314610315906,0.7476,1.1173282641999813
GH200,cutile,matmul_fp32_fp16_fp8,fp16,89d8fd828b2c7b9f1a96f17a7fd382bbfdd5d3dc79f7fc210339c5821c369263,"{""K"":6144,""M"":4096,""N"":4096}",fp16_mma,compute,206158430208.0,134217728.0,0.27843820343863535,0.036825048700318816,0.27843820343863535,0.2693,1.0339331728133507
GH200,cutile,matmul_fp32_fp16_fp8,fp16,a59d2d957cec93f199a40123dd16ff79460db6271a90e10aa4585dd3340777ea,"{""K"":17408,""M"":4096,""N"":4096}",fp16_mma,compute,584115552256.0,318767104.0,0.7889082430761335,0.0874594906632572,0.7889082430761335,0.7096,1.1117647168491172
GH200,cutile,matmul_fp32_fp16_fp8,fp16,bbd09d1f99b28ff36f3ccda50f37df6110c8cc05f0704fd97cdf03c808fddaae,"{""K"":19456,""M"":4096,""N"":4096}",fp16_mma,compute,652835028992.0,352321536.0,0.8817209775556786,0.0966657528383369,0.8817209775556786,0.8481,1.0396427043458067
GH200,cutile,matmul_fp32_fp16_fp8,fp16,c920e6624f26d0fd9a99973759d2d3dc32ad302e2a07cfd2f2fef8f79e4b1e91,"{""K"":5120,""M"":4096,""N"":4096}",fp16_mma,compute,171798691840.0,117440512.0,0.23203183619886278,0.03222191761277896,0.23203183619886278,0.2257,1.0280542144389135
GH200,cutile,matmul_fp32_fp16_fp8,fp16,cccfb9fbe28d464335367bebe580f9ab6f6bea48c537d3a637bedcee5b1c6547,"{""K"":11264,""M"":4096,""N"":4096}",fp16_mma,compute,377957122048.0,218103808.0,0.5104700396374982,0.05984070413801808,0.5104700396374982,0.4692,1.0879583112478648
GH200,cutile,matmul_fp32_fp16_fp8,fp16,d461848dd433e3a01f844e47273d8a52e9c5a6bc2ec571a7b565f90af3db45cd,"{""K"":4096,""M"":4096,""N"":4096}",fp16_mma,compute,137438953472.0,100663296.0,0.18562546895909024,0.027618786525239112,0.18562546895909024,0.1841,1.0082860888598058
GH200,cutile,matmul_fp32_fp16_fp8,fp16,e82ac8a5bdc5ba68ce011674da5bad7baf959d3a4038f978051d4cc4939f7ec3,"{""K"":12288,""M"":4096,""N"":4096}",fp16_mma,compute,412316860416.0,234881024.0,0.5568764068772707,0.06444383522555792,0.5568764068772707,0.511,1.0897777042608037
GH200,cutile,matmul_fp32_fp16_fp8,fp16,f677804f0aab1e2fb429b4fbf8511490b7f7e2925198ef07efef4f5f5f904284,"{""K"":7168,""M"":4096,""N"":4096}",fp16_mma,compute,240518168576.0,150994944.0,0.32484457067840794,0.04142817978785867,0.32484457067840794,0.3074,1.0567487660325567
GH200,cutile,matmul_fp32_fp16_fp8,fp16,fd5c48e6ec974fa36ac18bb0a0bb5c633209aaba467cff2adb88c932a5684e66,"{""K"":13312,""M"":4096,""N"":4096}",fp16_mma,compute,446676598784.0,251658240.0,0.6032827741170432,0.06904696631309779,0.6032827741170432,0.5491,1.098675603928325
GH200,cutile,rmsnorm,bf16,04efeebb98c8edf495d259d95684b0b4c68ce30ed3b3f2a624f4e55fa8c4e36c,"{""K"":5632,""M"":2048,""batch"":1}",fp32_vector,memory,46137344.0,69206016.0,0.000771527491638796,0.01898791573610189,0.01898791573610189,0.0181,1.0490561180166789
GH200,cutile,rmsnorm,bf16,1288e3a1abb85f3e350691afe9d8f11c3f4e9064f9fcb13ddde25a540e1add80,"{""K"":10240,""M"":2048,""batch"":1}",fp32_vector,memory,83886080.0,125829120.0,0.0014027772575250837,0.03452348315654889,0.03452348315654889,0.0288,1.1987320540468365
GH200,cutile,rmsnorm,bf16,1591f32724dbc93a421b19f2bb043cc827b961492a75660d5f56547ee0b1419e,"{""K"":7168,""M"":2048,""batch"":1}",fp32_vector,memory,58720256.0,88080384.0,0.0009819440802675584,0.024166438209584223,0.024166438209584223,0.0212,1.1399263306407652
GH200,cutile,rmsnorm,bf16,3d2dfc05af21db1241aa3d6b4177bb6fff3b46e41533c237c3f934a07b57afa5,"{""K"":9216,""M"":2048,""batch"":1}",fp32_vector,memory,75497472.0,113246208.0,0.0012624995317725752,0.031071134840894,0.031071134840894,0.0262,1.1859211771333587
GH200,cutile,rmsnorm,bf16,4fdfec7b2cf764450270469366d11bc7e84357f5391083e1996959b40c427a3e,"{""K"":6144,""M"":2048,""batch"":1}",fp32_vector,memory,50331648.0,75497472.0,0.0008416663545150502,0.020714089893929335,0.020714089893929335,0.0189,1.0959835922713934
GH200,cutile,rmsnorm,bf16,52bfbf3ac6c6420475acb2ae06fa9bc2f539861e609195c2958deab0c9c0cda0,"{""K"":8192,""M"":2048,""batch"":1}",fp32_vector,memory,67108864.0,100663296.0,0.001122221806020067,0.027618786525239112,0.027618786525239112,0.0247,1.118169494948952
GH200,cutile,rmsnorm,bf16,6b29bdd37ce9d491576e087a4abd5f667cae7cc02dae353d35f2681a9e5c2d6b,"{""K"":5120,""M"":2048,""batch"":1}",fp32_vector,memory,41943040.0,62914560.0,0.0007013886287625419,0.017261741578274446,0.017261741578274446,0.0164,1.0525452181874662
GH200,cutile,rmsnorm,bf16,7213985cb55cf424d3c2155fefb988b195430e749b34239ba9b49cd197a36e2d,"{""K"":9728,""M"":2048,""batch"":1}",fp32_vector,memory,79691776.0,119537664.0,0.0013326383946488294,0.03279730899872144,0.03279730899872144,0.0272,1.2057834190706413
GH200,cutile,rmsnorm,bf16,865bd7bbb02c09aa19534e8122eb181e24e26c8a6b0184594b4977be7efe8e27,"{""K"":7680,""M"":2048,""batch"":1}",fp32_vector,memory,62914560.0,94371840.0,0.0010520829431438128,0.025892612367411666,0.025892612367411666,0.0235,1.1018132922302837
GH200,cutile,rmsnorm,bf16,8bfc7cb59483bcd6a0442f67978d452896723acfcf17b1485f472e6333ae33a8,"{""K"":8704,""M"":2048,""batch"":1}",fp32_vector,memory,71303168.0,106954752.0,0.001192360668896321,0.029344960683066558,0.029344960683066558,0.0262,1.1200366672926167
GH200,cutile,rmsnorm,bf16,b27966296fde8dba7381aa86ec7459a45dfebaea7eae553a06580e6cd93a9684,"{""K"":6656,""M"":2048,""batch"":1}",fp32_vector,memory,54525952.0,81788928.0,0.0009118052173913043,0.022440264051756777,0.022440264051756777,0.0213,1.0535335235566563
GH200,cutile,rmsnorm,bf16,caf61b19c85cb2471c1ae362b9b5290c4047cd0e6c0c30661a2c5e48fb0d5982,"{""K"":4096,""M"":2048,""batch"":1}",fp32_vector,memory,33554432.0,50331648.0,0.0005611109030100335,0.013809393262619556,0.013809393262619556,0.0134,1.0305517360163847
GH200,cutile,rmsnorm,fp16,0d9b4b7b7ade64187b486b43c7806e05f61f3e8798cda21dc5142ff1cf3d803b,"{""K"":7168,""M"":2048,""batch"":1}",fp32_vector,memory,58720256.0,88080384.0,0.0009819440802675584,0.024166438209584223,0.024166438209584223,0.0209,1.1562889095494844
GH200,cutile,rmsnorm,fp16,2b15692c7e5c4eb3ee510c2fbd9d9248138633c7edfe3907ae36e309f3253777,"{""K"":6144,""M"":2048,""batch"":1}",fp32_vector,memory,50331648.0,75497472.0,0.0008416663545150502,0.020714089893929335,0.020714089893929335,0.0195,1.0622610202015044
GH200,cutile,rmsnorm,fp16,3d23605afd15a030e64ab1cbb1404945247dec02bb0c529f99d01b7085a59f8d,"{""K"":9216,""M"":2048,""batch"":1}",fp32_vector,memory,75497472.0,113246208.0,0.0012624995317725752,0.031071134840894,0.031071134840894,0.0257,1.208993573575642
GH200,cutile,rmsnorm,fp16,48fafc0d08ce50843f1e949fdbe88c5583d3da75284d6af0a2c3bc74c71eff08,"{""K"":8704,""M"":2048,""batch"":1}",fp32_vector,memory,71303168.0,106954752.0,0.001192360668896321,0.029344960683066558,0.029344960683066558,0.0249,1.1785124772315887
GH200,cutile,rmsnorm,fp16,588c82e64e37fce0410cf3e3456a676a03f87f14d69496c0bebcda4b25609339,"{""K"":6656,""M"":2048,""batch"":1}",fp32_vector,memory,54525952.0,81788928.0,0.0009118052173913043,0.022440264051756777,0.022440264051756777,0.0206,1.08933320639596
GH200,cutile,rmsnorm,fp16,5f0bf2f5fc31c3a5c80898c61da811e0ec1cabf52ac1c54dda4ee1cdad9f1180,"{""K"":8192,""M"":2048,""batch"":1}",fp32_vector,memory,67108864.0,100663296.0,0.001122221806020067,0.027618786525239112,0.027618786525239112,0.0229,1.206060546953673
GH200,cutile,rmsnorm,fp16,690965d2e2aa9b21f2a07d47055f633243af2ec01d56baba0f3dd091ae081834,"{""K"":5120,""M"":2048,""batch"":1}",fp32_vector,memory,41943040.0,62914560.0,0.0007013886287625419,0.017261741578274446,0.017261741578274446,0.0168,1.0274846177544315
GH200,cutile,rmsnorm,fp16,721763dc7208e8381f533d2f472258bf7dbaba0ae9219336fe0f5fa9d5e9853c,"{""K"":4096,""M"":2048,""batch"":1}",fp32_vector,memory,33554432.0,50331648.0,0.0005611109030100335,0.013809393262619556,0.013809393262619556,0.0129,1.070495601753454
GH200,cutile,rmsnorm,fp16,8c43d01f830e521871086c579026f9321cf7eb15e7d6b0b80045cbab25307752,"{""K"":9728,""M"":2048,""batch"":1}",fp32_vector,memory,79691776.0,119537664.0,0.0013326383946488294,0.03279730899872144,0.03279730899872144,0.0273,1.2013666299897965
GH200,cutile,rmsnorm,fp16,a33b34a807d8cb49d19d42bc51fe557b157a6cdbcdf961c71164d39e95ee9a8d,"{""K"":10240,""M"":2048,""batch"":1}",fp32_vector,memory,83886080.0,125829120.0,0.0014027772575250837,0.03452348315654889,0.03452348315654889,0.0293,1.1782758756501328
GH200,cutile,rmsnorm,fp16,afc2902354a73e7b5f7825ac2f0c4c9d90a4b749930c069dd0389df6433c92ef,"{""K"":7680,""M"":2048,""batch"":1}",fp32_vector,memory,62914560.0,94371840.0,0.0010520829431438128,0.025892612367411666,0.025892612367411666,0.0219,1.182311067005099
GH200,cutile,rmsnorm,fp16,fb9bd35e74173ebfb644cdf265b09a5bdd02754b927be7a9282d05e931b3154d,"{""K"":3584,""M"":2048,""batch"":1}",fp32_vector,memory,29360128.0,44040192.0,0.0004909720401337792,0.012083219104792112,0.012083219104792112,0.0119,1.0153965634279085
GH200,cutile,rmsnorm,fp32,11c5a495e46ab09a7deba10a1ee4732f44f34e154efd136859497c1523aa393b,"{""K"":6656,""M"":2048,""batch"":1}",fp32_vector,memory,54525952.0,163577856.0,0.0009118052173913043,0.044880528103513555,0.044880528103513555,0.0362,1.2397935940197113
GH200,cutile,rmsnorm,fp32,273c8541e182683a7d783b1c1ec83cfb3321d3c6a06cd732c5bc4e96aa36d942,"{""K"":5632,""M"":2048,""batch"":1}",fp32_vector,memory,46137344.0,138412032.0,0.000771527491638796,0.03797583147220378,0.03797583147220378,0.0311,1.2210878286882243
GH200,cutile,rmsnorm,fp32,4013d5539fc9f3a909e23bf0b139d5d0afaccd4544dd909f59ec7477a0b01902,"{""K"":8704,""M"":2048,""batch"":1}",fp32_vector,memory,71303168.0,213909504.0,0.001192360668896321,0.058689921366133116,0.058689921366133116,0.0481,1.2201646853665928
GH200,cutile,rmsnorm,fp32,42057c622a09c466787a5c1442a7ac0abd5a75a943c89ed264ca9af22dbebb17,"{""K"":9216,""M"":2048,""batch"":1}",fp32_vector,memory,75497472.0,226492416.0,0.0012624995317725752,0.062142269681788,0.062142269681788,0.0511,1.2160913832052447
GH200,cutile,rmsnorm,fp32,5f6bd7376725dd171f70a7d3a16a7f320704398e367df5f72dadbf9e2cb4f2ca,"{""K"":7168,""M"":2048,""batch"":1}",fp32_vector,memory,58720256.0,176160768.0,0.0009819440802675584,0.04833287641916845,0.04833287641916845,0.0395,1.22361712453591
GH200,cutile,rmsnorm,fp32,6bcf7186c6e09585ec4eed41fe21caf1fbdb27dba5e73d4b702b00c453020586,"{""K"":3584,""M"":2048,""batch"":1}",fp32_vector,memory,29360128.0,88080384.0,0.0004909720401337792,0.024166438209584223,0.024166438209584223,0.0195,1.2393045235684217
GH200,cutile,rmsnorm,fp32,8c91d121d38b9d1229279ad9eb2159bf2557fad55eb4f04aef4c27e3285411ca,"{""K"":8192,""M"":2048,""batch"":1}",fp32_vector,memory,67108864.0,201326592.0,0.001122221806020067,0.055237573050478224,0.055237573050478224,0.0455,1.214012594516005
GH200,cutile,rmsnorm,fp32,a19c04fc0b72ca91e92c5afddd45e075bcf7abf8e4fd30ee4c5d82f1acbc5b3f,"{""K"":1024,""M"":2048,""batch"":1}",fp32_vector,memory,8388608.0,25165824.0,0.00014027772575250837,0.006904696631309778,0.006904696631309778,0.0068,1.0153965634279085
GH200,cutile,rmsnorm,fp32,a8898fa91f436c50dfdc7e8eb5ab7597e2623b72f312cf5b4d8ec9790323613f,"{""K"":1536,""M"":2048,""batch"":1}",fp32_vector,memory,12582912.0,37748736.0,0.00021041658862876254,0.010357044946964667,0.010357044946964667,0.0099,1.0461661562590572
GH200,cutile,rmsnorm,fp32,adfdc8e175b40e2f2c6c18b1c413e53d13bfe06b072b7bad23718e8c3f4fa2e0,"{""K"":7680,""M"":2048,""batch"":1}",fp32_vector,memory,62914560.0,188743680.0,0.0010520829431438128,0.05178522473482333,0.05178522473482333,0.0406,1.2754981461779147
GH200,cutile,rmsnorm,fp32,b0f721c05f69d7067fbe7334bee13b8ca68719ea0a9d5f9fb64665d5d81c83f0,"{""K"":6144,""M"":2048,""batch"":1}",fp32_vector,memory,50331648.0,150994944.0,0.0008416663545150502,0.04142817978785867,0.04142817978785867,0.0338,1.2256857925401974
GH200,cutile,rmsnorm,fp32,c2999ef48386f42c1515e8b5d433868aaae312fe65ef532dc5b4472ca0bc6f3d,"{""K"":9728,""M"":2048,""batch"":1}",fp32_vector,memory,79691776.0,239075328.0,0.0013326383946488294,0.06559461799744289,0.06559461799744289,0.0532,1.2329815413053176
GH200,cutile,rmsnorm,fp32,cb328096b373e8927c06141287d5f796769bb2f7db1433cd53a60a7214cf6b43,"{""K"":3072,""M"":2048,""batch"":1}",fp32_vector,memory,25165824.0,75497472.0,0.0004208331772575251,0.020714089893929335,0.020714089893929335,0.017,1.2184758761134902
GH200,cutile,rmsnorm,fp32,d616892a1528ba1d16a79d84832cd8f9d091fed59d5f6b3b57b76e93c01ff518,"{""K"":2048,""M"":2048,""batch"":1}",fp32_vector,memory,16777216.0,50331648.0,0.00028055545150501674,0.013809393262619556,0.013809393262619556,0.0128,1.0788588486421529
GH200,cutile,rmsnorm,fp32,d7cce931b8e7a93a84e32f7887c5334da614d01ece951b54574b6f76e5f9b8b1,"{""K"":4608,""M"":2048,""batch"":1}",fp32_vector,memory,37748736.0,113246208.0,0.0006312497658862876,0.031071134840894,0.031071134840894,0.0247,1.257940681817571
GH200,cutile,rmsnorm,fp32,d819991983e97ec210285ac56c73de93369242ca8defae1b08fe7cb78c974046,"{""K"":2560,""M"":2048,""batch"":1}",fp32_vector,memory,20971520.0,62914560.0,0.00035069431438127094,0.017261741578274446,0.017261741578274446,0.0146,1.1823110670050991
GH200,cutile,rmsnorm,fp32,e11fe6d3a765e370294c8b671f66fe29affdbc6adabc9d347c6b2ac81097dca6,"{""K"":10240,""M"":2048,""batch"":1}",fp32_vector,memory,83886080.0,251658240.0,0.0014027772575250837,0.06904696631309779,0.06904696631309779,0.0569,1.213479197066745
GH200,cutile,rmsnorm,fp32,e8244c4c94fe8cd23215496806c9d2b10597835f3d199433d6547f4942cc822e,"{""K"":5120,""M"":2048,""batch"":1}",fp32_vector,memory,41943040.0,125829120.0,0.0007013886287625419,0.03452348315654889,0.03452348315654889,0.0268,1.2881896700204811
GH200,cutile,rmsnorm,fp32,f6c395890ad10ce8d82bcd68811e644d8e67f1d536ec78d57324dbfadb810785,"{""K"":4096,""M"":2048,""batch"":1}",fp32_vector,memory,33554432.0,100663296.0,0.0005611109030100335,0.027618786525239112,0.027618786525239112,0.0218,1.2669168130843629
GH200,cutile,rope,fp16,1fb224e6a134c73c2ecf401293bafc68867fa6d9804a6c0712e2e5354681d465,"{""batch_size"":1,""head_dim"":128,""n_heads"":32,""seq_len"":2048}",fp16_vector,memory,25165824.0,33554432.0,0.0003782059513074842,0.009206262175079704,0.009206262175079704,0.0071,1.296656644377423
GH200,cutile,rope,fp16,760b1684a9b55db2732fdf1d4c44d8dd5b266569f569cd7dd96c46fd66a55e93,"{""batch_size"":1,""head_dim"":128,""n_heads"":32,""seq_len"":3072}",fp16_vector,memory,37748736.0,50331648.0,0.0005673089269612263,0.013809393262619556,0.013809393262619556,0.0116,1.1904649364327204
GH200,cutile,rope,fp16,7875929d1cf67ef9d49e0b4205420679094493e9f0114c26ec5ecf747014e513,"{""batch_size"":1,""head_dim"":128,""n_heads"":32,""seq_len"":1024}",fp16_vector,memory,12582912.0,16777216.0,0.0001891029756537421,0.004603131087539852,0.004603131087539852,0.0045,1.0229180194533005
GH200,cutile,rope,fp32,eb63dd7708c93a5dbf04ee914f4820efd2b68a55e5c870d2f8b4a87d6524f198,"{""batch_size"":1,""head_dim"":128,""n_heads"":32,""seq_len"":1024}",fp32_vector,memory,12582912.0,33554432.0,0.00021041658862876254,0.009206262175079704,0.009206262175079704,0.0071,1.296656644377423
GH200,cutile,swiglu,fp32,8fdf30272037087909c79d61775eab2ba0f9eddd706936000e6227621b37376f,"{""M"":4096,""N"":20480}",fp32_vector,memory,83886080.0,1006632960.0,0.0014027772575250837,0.27618786525239114,0.27618786525239114,0.2756,1.0021330379259474
GH200,tilelang,layernorm,bf16,0133fb22616e6552a2bae0c5ae49bfe87875fd07a09aa41fb07129da2dfb5623,"{""K"":8704,""M"":2048,""batch"":1}",fp32_vector,memory,106954752.0,106954752.0,0.0017885410033444816,0.029344960683066558,0.029344960683066558,0.0273,1.0749069847277126
GH200,tilelang,layernorm,bf16,0e0f2030e7c56e33880a098222f50d82d442cdf27cef198f550c2d13929b6d8d,"{""K"":9216,""M"":2048,""batch"":1}",fp32_vector,memory,113246208.0,113246208.0,0.0018937492976588627,0.031071134840894,0.031071134840894,0.0277,1.1217016188048377
GH200,tilelang,layernorm,bf16,127594ddab696974b63bf745221fbea2d0fa48e14c68c8cc829d4a24d8a1c656,"{""K"":7168,""M"":2048,""batch"":1}",fp32_vector,memory,88080384.0,88080384.0,0.0014729161204013377,0.024166438209584223,0.024166438209584223,0.0214,1.1292728135319732
GH200,tilelang,layernorm,bf16,35d3c0a81dbc40b2993c340d827d245d2cd822c8de8d0df2e350d577d92864e3,"{""K"":6656,""M"":2048,""batch"":1}",fp32_vector,memory,81788928.0,81788928.0,0.0013677078260869566,0.022440264051756777,0.022440264051756777,0.0207,1.0840707271380086
GH200,tilelang,layernorm,bf16,3744348e32e36040e0530e16b4a51abafb721dbcdd3cba649edac5cc88d20d3b,"{""K"":2560,""M"":2048,""batch"":1}",fp32_vector,memory,31457280.0,31457280.0,0.0005260414715719064,0.008630870789137223,0.008630870789137223,0.0086,1.003589626643863
GH200,tilelang,layernorm,bf16,43958e8980b513f84a97f1771e15daec1960fdc9ae2c8a1358c7328e8dabbdfa,"{""K"":4608,""M"":2048,""batch"":1}",fp32_vector,memory,56623104.0,56623104.0,0.0009468746488294314,0.015535567420447,0.015535567420447,0.0146,1.064079960304589
GH200,tilelang,layernorm,bf16,57fdef276eaf25645fff5b08778c781b71ee13fd2f31a9626229bfa45e27a33d,"{""K"":9728,""M"":2048,""batch"":1}",fp32_vector,memory,119537664.0,119537664.0,0.0019989575919732443,0.03279730899872144,0.03279730899872144,0.0285,1.1507827718849628
GH200,tilelang,layernorm,bf16,5a1e2eeeaf0f8d7a75704b7f37683e50e7bdef64c522a65568a4d3b1c88111ad,"{""K"":10240,""M"":2048,""batch"":1}",fp32_vector,memory,125829120.0,125829120.0,0.0021041658862876256,0.03452348315654889,0.03452348315654889,0.0295,1.170287564628776
GH200,tilelang,layernorm,bf16,5a2b9b96212eab4611be1d68ca88e61b5f4bb5838084969e2e6a8187fe050193,"{""K"":7680,""M"":2048,""batch"":1}",fp32_vector,memory,94371840.0,94371840.0,0.0015781244147157192,0.025892612367411666,0.025892612367411666,0.0231,1.1208923102775614
GH200,tilelang,layernorm,bf16,6db36196b397b860872ef3c261501d0c114bfa0a71d20163cf973e739d8c6b85,"{""K"":3072,""M"":2048,""batch"":1}",fp32_vector,memory,37748736.0,37748736.0,0.0006312497658862876,0.010357044946964667,0.010357044946964667,0.0098,1.0568413211188437
GH200,tilelang,layernorm,bf16,92eac2fdc64e80ed6eae5555a25d13629789d3be9ab5f974f4f6e0abadb6b0ee,"{""K"":5120,""M"":2048,""batch"":1}",fp32_vector,memory,62914560.0,62914560.0,0.0010520829431438128,0.017261741578274446,0.017261741578274446,0.0158,1.0925152897642054
GH200,tilelang,layernorm,bf16,a5270af0775bdb2a00ec9c6d4da5c9d469f0de4c2423ac1bbf24f393a7700240,"{""K"":4096,""M"":2048,""batch"":1}",fp32_vector,memory,50331648.0,50331648.0,0.0008416663545150502,0.013809393262619556,0.013809393262619556,0.0131,1.0541521574518744
GH200,tilelang,layernorm,bf16,d3feb0c5617902f767d4184e64dc99ddeaddea29158e14e3936e7c161374c934,"{""K"":6144,""M"":2048,""batch"":1}",fp32_vector,memory,75497472.0,75497472.0,0.0012624995317725752,0.020714089893929335,0.020714089893929335,0.019,1.0902152575752282
GH200,tilelang,layernorm,bf16,d4a944f21a7816cdfc9df6e8c84d1636cd8e64c18f38541d8e51fa87b7b2d80a,"{""K"":8192,""M"":2048,""batch"":1}",fp32_vector,memory,100663296.0,100663296.0,0.0016833327090301003,0.027618786525239112,0.027618786525239112,0.024,1.150782771884963
GH200,tilelang,layernorm,bf16,e6103505c162e10360ba94c3a511ffb772aebdcb7c2a6239d8e182c7066fb110,"{""K"":5632,""M"":2048,""batch"":1}",fp32_vector,memory,69206016.0,69206016.0,0.001157291237458194,0.01898791573610189,0.01898791573610189,0.0169,1.1235453098285142
GH200,tilelang,layernorm,bf16,fb24e45231f3b4c69f8b69e26d23b106baffef588fecff440f238d477ba98af0,"{""K"":3584,""M"":2048,""batch"":1}",fp32_vector,memory,44040192.0,44040192.0,0.0007364580602006688,0.012083219104792112,0.012083219104792112,0.011,1.0984744640720103
GH200,tilelang,layernorm,fp16,05257c8289a86ebc2e6b7855bad79e29d3516767d4182b333c5b733b67745c95,"{""K"":3584,""M"":2048,""batch"":1}",fp32_vector,memory,44040192.0,44040192.0,0.0007364580602006688,0.012083219104792112,0.012083219104792112,0.0111,1.088578297729019
GH200,tilelang,layernorm,fp16,288e6c5b14f6f7220d5cdbc1b70a28a7af7dfa6210c12a843a933fa0d9431a8a,"{""K"":8192,""M"":2048,""batch"":1}",fp32_vector,memory,100663296.0,100663296.0,0.0016833327090301003,0.027618786525239112,0.027618786525239112,0.0228,1.2113502861946979
GH200,tilelang,layernorm,fp16,33814f10374e4a81a379bbf2eca808ec446dcedec59dd75213cd0d9f51d463c3,"{""K"":7168,""M"":2048,""batch"":1}",fp32_vector,memory,88080384.0,88080384.0,0.0014729161204013377,0.024166438209584223,0.024166438209584223,0.0207,1.1674607830717016
GH200,tilelang,layernorm,fp16,38ff4f86678f38c0b63851972a8e5afcd3ff430224530b3899f1f4f62ecb89f5,"{""K"":6144,""M"":2048,""batch"":1}",fp32_vector,memory,75497472.0,75497472.0,0.0012624995317725752,0.020714089893929335,0.020714089893929335,0.0178,1.1637129153892884
GH200,tilelang,layernorm,fp16,449d654b10c64079001dd41bc545d3c02b8fadeb6cede151f88c961268c5eeab,"{""K"":6656,""M"":2048,""batch"":1}",fp32_vector,memory,81788928.0,81788928.0,0.0013677078260869566,0.022440264051756777,0.022440264051756777,0.0199,1.127651459887275
GH200,tilelang,layernorm,fp16,53b6f6fcf60cab94913ed5ccbbfc135db135a60838a994d10b2e3375e803764a,"{""K"":3072,""M"":2048,""batch"":1}",fp32_vector,memory,37748736.0,37748736.0,0.0006312497658862876,0.010357044946964667,0.010357044946964667,0.0099,1.0461661562590572
GH200,tilelang,layernorm,fp16,59d3fe18a8ce80e274717b260206d782a1452bc93ec69a3939dc6ba32583afe1,"{""K"":10240,""M"":2048,""batch"":1}",fp32_vector,memory,125829120.0,125829120.0,0.0021041658862876256,0.03452348315654889,0.03452348315654889,0.029,1.1904649364327204
GH200,tilelang,layernorm,fp16,92ebbb51ae938f9ea5edb0b09c5a0b8a2c70956def9aebbfa620a46fe4bdc876,"{""K"":8704,""M"":2048,""batch"":1}",fp32_vector,memory,106954752.0,106954752.0,0.0017885410033444816,0.029344960683066558,0.029344960683066558,0.0252,1.1644825667883554
GH200,tilelang,layernorm,fp16,c19e206ecd93ea4ce5dc8a8ab628de1bb4f27323a6b36b662b09a60eadc36dac,"{""K"":9216,""M"":2048,""batch"":1}",fp32_vector,memory,113246208.0,113246208.0,0.0018937492976588627,0.031071134840894,0.031071134840894,0.0264,1.1769369257914395
GH200,tilelang,layernorm,fp16,d74aa6fb9e1d67c2e875cf65ceeab838792565098f87c2d8296a8abd9cc54482,"{""K"":7680,""M"":2048,""batch"":1}",fp32_vector,memory,94371840.0,94371840.0,0.0015781244147157192,0.025892612367411666,0.025892612367411666,0.022,1.1769369257914395
GH200,tilelang,layernorm,fp16,d77ed773d72cc5301254559554212aeb5f531c3c50d2694298be15f25e212bca,"{""K"":9728,""M"":2048,""batch"":1}",fp32_vector,memory,119537664.0,119537664.0,0.0019989575919732443,0.03279730899872144,0.03279730899872144,0.0276,1.1883082970551249
GH200,tilelang,layernorm,fp16,e6a4b965879bf10fb586ed3186db440615077bc73958c40524906e9f94ff9adc,"{""K"":5632,""M"":2048,""batch"":1}",fp32_vector,memory,69206016.0,69206016.0,0.001157291237458194,0.01898791573610189,0.01898791573610189,0.0173,1.0975673835897046
GH200,tilelang,layernorm,fp16,edb0b8923fe571f21d4f1d97323f320301a54f99ec61d9ac308d1b6890adb51f,"{""K"":4608,""M"":2048,""batch"":1}",fp32_vector,memory,56623104.0,56623104.0,0.0009468746488294314,0.015535567420447,0.015535567420447,0.0138,1.1257657551048552
GH200,tilelang,layernorm,fp16,f50e98c1108f335a75dcc524282d574459caa166308a91fcda363d8a40e9b800,"{""K"":5120,""M"":2048,""batch"":1}",fp32_vector,memory,62914560.0,62914560.0,0.0010520829431438128,0.017261741578274446,0.017261741578274446,0.0153,1.1282184038087875
GH200,tilelang,layernorm,fp16,fafcd85fec36b2d43218a13b44dbd525762b4fc68a07449970d5dd748cec496c,"{""K"":4096,""M"":2048,""batch"":1}",fp32_vector,memory,50331648.0,50331648.0,0.0008416663545150502,0.013809393262619556,0.013809393262619556,0.0124,1.113660746985448
GH200,tilelang,layernorm,fp32,0d3d0845f42195c2670fe9011646ebd289f5b19ef2cae4ffd8acfc77cc45db29,"{""K"":2048,""M"":2048,""batch"":1}",fp32_vector,memory,25165824.0,50331648.0,0.0004208331772575251,0.013809393262619556,0.013809393262619556,0.0122,1.1319174805425865
GH200,tilelang,layernorm,fp32,0e2cb4ff380c35f7a45c3b677ba8450bedccf812514c377c43dd331786d7814d,"{""K"":2560,""M"":2048,""batch"":1}",fp32_vector,memory,31457280.0,62914560.0,0.0005260414715719064,0.017261741578274446,0.017261741578274446,0.0154,1.1208923102775614
GH200,tilelang,layernorm,fp32,29c21e1b334447d1fdb2a916daaecc3aac298cb5e3dd6a5f6c66849a51c4ec8e,"{""K"":5120,""M"":2048,""batch"":1}",fp32_vector,memory,62914560.0,125829120.0,0.0010520829431438128,0.03452348315654889,0.03452348315654889,0.0277,1.2463351320053753
GH200,tilelang,layernorm,fp32,36a81bdca3e900a21430b352903592a2cb4012bf7127a164e839e8a9c277cf63,"{""K"":7168,""M"":2048,""batch"":1}",fp32_vector,memory,88080384.0,176160768.0,0.0014729161204013377,0.04833287641916845,0.04833287641916845,0.0379,1.2752737841469246
GH200,tilelang,layernorm,fp32,4458ca6a63c98d1e9ed9669ac2e74e3e72c15dc6bcea158c6922e54ac4507ba4,"{""K"":4608,""M"":2048,""batch"":1}",fp32_vector,memory,56623104.0,113246208.0,0.0009468746488294314,0.031071134840894,0.031071134840894,0.0253,1.2281080964780238
GH200,tilelang,layernorm,fp32,4ee85b3853193bc733f5dff44b6fda24989849e1df708057e9df9aa9cd0a921c,"{""K"":8192,""M"":2048,""batch"":1}",fp32_vector,memory,100663296.0,201326592.0,0.0016833327090301003,0.055237573050478224,0.055237573050478224,0.041,1.3472578792799565
GH200,tilelang,layernorm,fp32,53f1f0029ecf98e73d6822d24bd4b7e76af7b7e15557209daae9d6c5ce05c050,"{""K"":4096,""M"":2048,""batch"":1}",fp32_vector,memory,50331648.0,100663296.0,0.0008416663545150502,0.027618786525239112,0.027618786525239112,0.0228,1.2113502861946979
GH200,tilelang,layernorm,fp32,6779020220d0f822b7401d78f741fe2b3e6ba773ca4ba1b9c791280be400c9b9,"{""K"":9216,""M"":2048,""batch"":1}",fp32_vector,memory,113246208.0,226492416.0,0.0018937492976588627,0.062142269681788,0.062142269681788,0.0471,1.3193687830528238
GH200,tilelang,layernorm,fp32,774a472ba6317e8ff8b5ca0d8926069dee144e095729cb6335b141b1cf8789da,"{""K"":7680,""M"":2048,""batch"":1}",fp32_vector,memory,94371840.0,188743680.0,0.0015781244147157192,0.05178522473482333,0.05178522473482333,0.0396,1.3077076953238214
GH200,tilelang,layernorm,fp32,9da6a8a3fa07a5938304b8f927ddb1ac94c87d719a73887a909dbe5bdb32960e,"{""K"":9728,""M"":2048,""batch"":1}",fp32_vector,memory,119537664.0,239075328.0,0.0019989575919732443,0.06559461799744289,0.06559461799744289,0.0502,1.3066656971602169
GH200,tilelang,layernorm,fp32,a1d19052854e61f25fa581db6a75103f8f074389735d86a394c797eb38f1873f,"{""K"":5632,""M"":2048,""batch"":1}",fp32_vector,memory,69206016.0,138412032.0,0.001157291237458194,0.03797583147220378,0.03797583147220378,0.0301,1.2616555306379993
GH200,tilelang,layernorm,fp32,a4805347f4ae8f08ca6d3dc227eda8160b727c6a4e7e6791816f491e5394fe52,"{""K"":1024,""M"":2048,""batch"":1}",fp32_vector,memory,12582912.0,25165824.0,0.00021041658862876254,0.006904696631309778,0.006904696631309778,0.0065,1.0622610202015044
GH200,tilelang,layernorm,fp32,b3a0119e00180fd8d30a399ceea9735bbbdb77d495acf4b195cf3f3fba24cf7a,"{""K"":6656,""M"":2048,""batch"":1}",fp32_vector,memory,81788928.0,163577856.0,0.0013677078260869566,0.044880528103513555,0.044880528103513555,0.0356,1.260688991671729
GH200,tilelang,layernorm,fp32,d2a63e85b50218b1ff396626f8c51b378518bc20bc36b6005caa7d4ea6fa442c,"{""K"":3072,""M"":2048,""batch"":1}",fp32_vector,memory,37748736.0,75497472.0,0.0006312497658862876,0.020714089893929335,0.020714089893929335,0.018,1.150782771884963
GH200,tilelang,layernorm,fp32,dc87c3ccd1261f1fe2a29fa7028fe484d92ad16bbba5693402823d280d887666,"{""K"":8704,""M"":2048,""batch"":1}",fp32_vector,memory,106954752.0,213909504.0,0.0017885410033444816,0.058689921366133116,0.058689921366133116,0.0456,1.2870596790818665
GH200,tilelang,layernorm,fp32,e4a7c88758840fdbb86690d5fc5841ab302f4908427e2d73d7798417c2a23853,"{""K"":6144,""M"":2048,""batch"":1}",fp32_vector,memory,75497472.0,150994944.0,0.0012624995317725752,0.04142817978785867,0.04142817978785867,0.0326,1.2708030609772598
GH200,tilelang,layernorm,fp32,ed9ccb1e986dbbbd9c886fce77896706be638b9a18772b91a7f508c82c5ef7e6,"{""K"":3584,""M"":2048,""batch"":1}",fp32_vector,memory,44040192.0,88080384.0,0.0007364580602006688,0.024166438209584223,0.024166438209584223,0.0207,1.1674607830717016
GH200,tilelang,layernorm,fp32,f8961a216d126fddd59a506537980781faba8da8ea651681bd87e9e4dc2e9b43,"{""K"":10240,""M"":2048,""batch"":1}",fp32_vector,memory,125829120.0,251658240.0,0.0021041658862876256,0.06904696631309779,0.06904696631309779,0.0514,1.3433261928618245
GH200,tilelang,rmsnorm,bf16,04efeebb98c8edf495d259d95684b0b4c68ce30ed3b3f2a624f4e55fa8c4e36c,"{""K"":5632,""M"":2048,""batch"":1}",fp32_vector,memory,46137344.0,69206016.0,0.000771527491638796,0.01898791573610189,0.01898791573610189,0.0172,1.1039485893082492
GH200,tilelang,rmsnorm,bf16,1288e3a1abb85f3e350691afe9d8f11c3f4e9064f9fcb13ddde25a540e1add80,"{""K"":10240,""M"":2048,""batch"":1}",fp32_vector,memory,83886080.0,125829120.0,0.0014027772575250837,0.03452348315654889,0.03452348315654889,0.0278,1.2418519121060754
GH200,tilelang,rmsnorm,bf16,1591f32724dbc93a421b19f2bb043cc827b961492a75660d5f56547ee0b1419e,"{""K"":7168,""M"":2048,""batch"":1}",fp32_vector,memory,58720256.0,88080384.0,0.0009819440802675584,0.024166438209584223,0.024166438209584223,0.0197,1.2267227517555443
GH200,tilelang,rmsnorm,bf16,29291e9583560c63aec71b41da1674c1ca20a25e70e716bcd32ddcd13e303d7a,"{""K"":3072,""M"":2048,""batch"":1}",fp32_vector,memory,25165824.0,37748736.0,0.0004208331772575251,0.010357044946964667,0.010357044946964667,0.009,1.150782771884963
GH200,tilelang,rmsnorm,bf16,2f31dd54cfa12b9d277cc69cff28efe1ecd7cee5a7b991bb2909321c98b6982b,"{""K"":4608,""M"":2048,""batch"":1}",fp32_vector,memory,37748736.0,56623104.0,0.0006312497658862876,0.015535567420447,0.015535567420447,0.0139,1.1176667208954678
GH200,tilelang,rmsnorm,bf16,3d2dfc05af21db1241aa3d6b4177bb6fff3b46e41533c237c3f934a07b57afa5,"{""K"":9216,""M"":2048,""batch"":1}",fp32_vector,memory,75497472.0,113246208.0,0.0012624995317725752,0.031071134840894,0.031071134840894,0.0243,1.2786475243166255
GH200,tilelang,rmsnorm,bf16,4fdfec7b2cf764450270469366d11bc7e84357f5391083e1996959b40c427a3e,"{""K"":6144,""M"":2048,""batch"":1}",fp32_vector,memory,50331648.0,75497472.0,0.0008416663545150502,0.020714089893929335,0.020714089893929335,0.0176,1.1769369257914395
GH200,tilelang,rmsnorm,bf16,52bfbf3ac6c6420475acb2ae06fa9bc2f539861e609195c2958deab0c9c0cda0,"{""K"":8192,""M"":2048,""batch"":1}",fp32_vector,memory,67108864.0,100663296.0,0.001122221806020067,0.027618786525239112,0.027618786525239112,0.0224,1.2329815413053176
GH200,tilelang,rmsnorm,bf16,6b29bdd37ce9d491576e087a4abd5f667cae7cc02dae353d35f2681a9e5c2d6b,"{""K"":5120,""M"":2048,""batch"":1}",fp32_vector,memory,41943040.0,62914560.0,0.0007013886287625419,0.017261741578274446,0.017261741578274446,0.015,1.150782771884963
GH200,tilelang,rmsnorm,bf16,7213985cb55cf424d3c2155fefb988b195430e749b34239ba9b49cd197a36e2d,"{""K"":9728,""M"":2048,""batch"":1}",fp32_vector,memory,79691776.0,119537664.0,0.0013326383946488294,0.03279730899872144,0.03279730899872144,0.0269,1.2192308177963362
GH200,tilelang,rmsnorm,bf16,7acb226bd5831c23d21a8b9cf9f19d5e261b32b882f7c78182e58ba1efc41ed6,"{""K"":2048,""M"":2048,""batch"":1}",fp32_vector,memory,16777216.0,25165824.0,0.00028055545150501674,0.006904696631309778,0.006904696631309778,0.0064,1.0788588486421529
GH200,tilelang,rmsnorm,bf16,865bd7bbb02c09aa19534e8122eb181e24e26c8a6b0184594b4977be7efe8e27,"{""K"":7680,""M"":2048,""batch"":1}",fp32_vector,memory,62914560.0,94371840.0,0.0010520829431438128,0.025892612367411666,0.025892612367411666,0.0217,1.1932079431986942
GH200,tilelang,rmsnorm,bf16,8bfc7cb59483bcd6a0442f67978d452896723acfcf17b1485f472e6333ae33a8,"{""K"":8704,""M"":2048,""batch"":1}",fp32_vector,memory,71303168.0,106954752.0,0.001192360668896321,0.029344960683066558,0.029344960683066558,0.0237,1.2381839950660996
GH200,tilelang,rmsnorm,bf16,9bb9354d34d4eb4736f3d64630e5c309fbf6120f5565e228ea8c837b78eb3307,"{""K"":3584,""M"":2048,""batch"":1}",fp32_vector,memory,29360128.0,44040192.0,0.0004909720401337792,0.012083219104792112,0.012083219104792112,0.0106,1.1399263306407652
GH200,tilelang,rmsnorm,bf16,a0580e27e93b0c461f7792fe415068f328abbc0ce5361324a397531bb17148e1,"{""K"":2560,""M"":2048,""batch"":1}",fp32_vector,memory,20971520.0,31457280.0,0.00035069431438127094,0.008630870789137223,0.008630870789137223,0.0082,1.0525452181874662
GH200,tilelang,rmsnorm,bf16,b27966296fde8dba7381aa86ec7459a45dfebaea7eae553a06580e6cd93a9684,"{""K"":6656,""M"":2048,""batch"":1}",fp32_vector,memory,54525952.0,81788928.0,0.0009118052173913043,0.022440264051756777,0.022440264051756777,0.0196,1.1449114312120805
GH200,tilelang,rmsnorm,bf16,caf61b19c85cb2471c1ae362b9b5290c4047cd0e6c0c30661a2c5e48fb0d5982,"{""K"":4096,""M"":2048,""batch"":1}",fp32_vector,memory,33554432.0,50331648.0,0.0005611109030100335,0.013809393262619556,0.013809393262619556,0.0115,1.2008168054451789
GH200,tilelang,rmsnorm,fp16,0a38e29f5785153a6cfdce495c5e66e2de072d384d6b53cdf7400f7936d1d9a4,"{""K"":4608,""M"":2048,""batch"":1}",fp32_vector,memory,37748736.0,56623104.0,0.0006312497658862876,0.015535567420447,0.015535567420447,0.0132,1.1769369257914395
GH200,tilelang,rmsnorm,fp16,0d9b4b7b7ade64187b486b43c7806e05f61f3e8798cda21dc5142ff1cf3d803b,"{""K"":7168,""M"":2048,""batch"":1}",fp32_vector,memory,58720256.0,88080384.0,0.0009819440802675584,0.024166438209584223,0.024166438209584223,0.0199,1.214393879878604
GH200,tilelang,rmsnorm,fp16,2b15692c7e5c4eb3ee510c2fbd9d9248138633c7edfe3907ae36e309f3253777,"{""K"":6144,""M"":2048,""batch"":1}",fp32_vector,memory,50331648.0,75497472.0,0.0008416663545150502,0.020714089893929335,0.020714089893929335,0.0175,1.1836622796531047
GH200,tilelang,rmsnorm,fp16,3d23605afd15a030e64ab1cbb1404945247dec02bb0c529f99d01b7085a59f8d,"{""K"":9216,""M"":2048,""batch"":1}",fp32_vector,memory,75497472.0,113246208.0,0.0012624995317725752,0.031071134840894,0.031071134840894,0.0249,1.2478367405981527
GH200,tilelang,rmsnorm,fp16,48fafc0d08ce50843f1e949fdbe88c5583d3da75284d6af0a2c3bc74c71eff08,"{""K"":8704,""M"":2048,""batch"":1}",fp32_vector,memory,71303168.0,106954752.0,0.001192360668896321,0.029344960683066558,0.029344960683066558,0.0249,1.1785124772315887
GH200,tilelang,rmsnorm,fp16,588c82e64e37fce0410cf3e3456a676a03f87f14d69496c0bebcda4b25609339,"{""K"":6656,""M"":2048,""batch"":1}",fp32_vector,memory,54525952.0,81788928.0,0.0009118052173913043,0.022440264051756777,0.022440264051756777,0.0198,1.1333466692806453
GH200,tilelang,rmsnorm,fp16,5f0bf2f5fc31c3a5c80898c61da811e0ec1cabf52ac1c54dda4ee1cdad9f1180,"{""K"":8192,""M"":2048,""batch"":1}",fp32_vector,memory,67108864.0,100663296.0,0.001122221806020067,0.027618786525239112,0.027618786525239112,0.0224,1.2329815413053176
GH200,tilelang,rmsnorm,fp16,6230ee6c7e0986ec5682282df6f234ed969343ae644527491c8e9b5af915a77e,"{""K"":5632,""M"":2048,""batch"":1}",fp32_vector,memory,46137344.0,69206016.0,0.000771527491638796,0.01898791573610189,0.01898791573610189,0.0164,1.1577997400062126
GH200,tilelang,rmsnorm,fp16,6516667ab8a000fbddfa520f891f89f1fa217cbd8055e5e78ec9872344566ba8,"{""K"":3072,""M"":2048,""batch"":1}",fp32_vector,memory,25165824.0,37748736.0,0.0004208331772575251,0.010357044946964667,0.010357044946964667,0.0092,1.1257657551048552
GH200,tilelang,rmsnorm,fp16,690965d2e2aa9b21f2a07d47055f633243af2ec01d56baba0f3dd091ae081834,"{""K"":5120,""M"":2048,""batch"":1}",fp32_vector,memory,41943040.0,62914560.0,0.0007013886287625419,0.017261741578274446,0.017261741578274446,0.015,1.150782771884963
GH200,tilelang,rmsnorm,fp16,721763dc7208e8381f533d2f472258bf7dbaba0ae9219336fe0f5fa9d5e9853c,"{""K"":4096,""M"":2048,""batch"":1}",fp32_vector,memory,33554432.0,50331648.0,0.0005611109030100335,0.013809393262619556,0.013809393262619556,0.012,1.150782771884963
GH200,tilelang,rmsnorm,fp16,8c43d01f830e521871086c579026f9321cf7eb15e7d6b0b80045cbab25307752,"{""K"":9728,""M"":2048,""batch"":1}",fp32_vector,memory,79691776.0,119537664.0,0.0013326383946488294,0.03279730899872144,0.03279730899872144,0.0271,1.210232804380865
GH200,tilelang,rmsnorm,fp16,a0cda9842df1eaf3b7daa62d04a4ce326a8e6231b9813a0cc3dfb626fb608242,"{""K"":2048,""M"":2048,""batch"":1}",fp32_vector,memory,16777216.0,25165824.0,0.00028055545150501674,0.006904696631309778,0.006904696631309778,0.0065,1.0622610202015044
GH200,tilelang,rmsnorm,fp16,a33b34a807d8cb49d19d42bc51fe557b157a6cdbcdf961c71164d39e95ee9a8d,"{""K"":10240,""M"":2048,""batch"":1}",fp32_vector,memory,83886080.0,125829120.0,0.0014027772575250837,0.03452348315654889,0.03452348315654889,0.0269,1.2834008608382488
GH200,tilelang,rmsnorm,fp16,afc2902354a73e7b5f7825ac2f0c4c9d90a4b749930c069dd0389df6433c92ef,"{""K"":7680,""M"":2048,""batch"":1}",fp32_vector,memory,62914560.0,94371840.0,0.0010520829431438128,0.025892612367411666,0.025892612367411666,0.0213,1.2156156041038342
GH200,tilelang,rmsnorm,fp16,bdfcb655887c44fec8d6d922f0ce5684cef48e0ccb25ad3b1e92fd522652e48a,"{""K"":2560,""M"":2048,""batch"":1}",fp32_vector,memory,20971520.0,31457280.0,0.00035069431438127094,0.008630870789137223,0.008630870789137223,0.0084,1.0274846177544315
GH200,tilelang,rmsnorm,fp16,fb9bd35e74173ebfb644cdf265b09a5bdd02754b927be7a9282d05e931b3154d,"{""K"":3584,""M"":2048,""batch"":1}",fp32_vector,memory,29360128.0,44040192.0,0.0004909720401337792,0.012083219104792112,0.012083219104792112,0.0104,1.1618479908453954
GH200,tilelang,rmsnorm,fp32,11c5a495e46ab09a7deba10a1ee4732f44f34e154efd136859497c1523aa393b,"{""K"":6656,""M"":2048,""batch"":1}",fp32_vector,memory,54525952.0,163577856.0,0.0009118052173913043,0.044880528103513555,0.044880528103513555,0.0346,1.2971250896969235
GH200,tilelang,rmsnorm,fp32,273c8541e182683a7d783b1c1ec83cfb3321d3c6a06cd732c5bc4e96aa36d942,"{""K"":5632,""M"":2048,""batch"":1}",fp32_vector,memory,46137344.0,138412032.0,0.000771527491638796,0.03797583147220378,0.03797583147220378,0.03,1.2658610490734592
GH200,tilelang,rmsnorm,fp32,4013d5539fc9f3a909e23bf0b139d5d0afaccd4544dd909f59ec7477a0b01902,"{""K"":8704,""M"":2048,""batch"":1}",fp32_vector,memory,71303168.0,213909504.0,0.001192360668896321,0.058689921366133116,0.058689921366133116,0.0435,1.3491935946237499
GH200,tilelang,rmsnorm,fp32,42057c622a09c466787a5c1442a7ac0abd5a75a943c89ed264ca9af22dbebb17,"{""K"":9216,""M"":2048,""batch"":1}",fp32_vector,memory,75497472.0,226492416.0,0.0012624995317725752,0.062142269681788,0.062142269681788,0.0461,1.3479884963511497
GH200,tilelang,rmsnorm,fp32,5f6bd7376725dd171f70a7d3a16a7f320704398e367df5f72dadbf9e2cb4f2ca,"{""K"":7168,""M"":2048,""batch"":1}",fp32_vector,memory,58720256.0,176160768.0,0.0009819440802675584,0.04833287641916845,0.04833287641916845,0.0363,1.3314841988751638
GH200,tilelang,rmsnorm,fp32,6bcf7186c6e09585ec4eed41fe21caf1fbdb27dba5e73d4b702b00c453020586,"{""K"":3584,""M"":2048,""batch"":1}",fp32_vector,memory,29360128.0,88080384.0,0.0004909720401337792,0.024166438209584223,0.024166438209584223,0.0195,1.2393045235684217
GH200,tilelang,rmsnorm,fp32,8c91d121d38b9d1229279ad9eb2159bf2557fad55eb4f04aef4c27e3285411ca,"{""K"":8192,""M"":2048,""batch"":1}",fp32_vector,memory,67108864.0,201326592.0,0.001122221806020067,0.055237573050478224,0.055237573050478224,0.0417,1.3246420395798135
GH200,tilelang,rmsnorm,fp32,a19c04fc0b72ca91e92c5afddd45e075bcf7abf8e4fd30ee4c5d82f1acbc5b3f,"{""K"":1024,""M"":2048,""batch"":1}",fp32_vector,memory,8388608.0,25165824.0,0.00014027772575250837,0.006904696631309778,0.006904696631309778,0.0061,1.1319174805425865
GH200,tilelang,rmsnorm,fp32,a8898fa91f436c50dfdc7e8eb5ab7597e2623b72f312cf5b4d8ec9790323613f,"{""K"":1536,""M"":2048,""batch"":1}",fp32_vector,memory,12582912.0,37748736.0,0.00021041658862876254,0.010357044946964667,0.010357044946964667,0.0086,1.2043075519726358
GH200,tilelang,rmsnorm,fp32,adfdc8e175b40e2f2c6c18b1c413e53d13bfe06b072b7bad23718e8c3f4fa2e0,"{""K"":7680,""M"":2048,""batch"":1}",fp32_vector,memory,62914560.0,188743680.0,0.0010520829431438128,0.05178522473482333,0.05178522473482333,0.0388,1.33467074058823
GH200,tilelang,rmsnorm,fp32,b0f721c05f69d7067fbe7334bee13b8ca68719ea0a9d5f9fb64665d5d81c83f0,"{""K"":6144,""M"":2048,""batch"":1}",fp32_vector,memory,50331648.0,150994944.0,0.0008416663545150502,0.04142817978785867,0.04142817978785867,0.0315,1.315180310725672
GH200,tilelang,rmsnorm,fp32,c2999ef48386f42c1515e8b5d433868aaae312fe65ef532dc5b4472ca0bc6f3d,"{""K"":9728,""M"":2048,""batch"":1}",fp32_vector,memory,79691776.0,239075328.0,0.0013326383946488294,0.06559461799744289,0.06559461799744289,0.0474,1.3838527003679935
GH200,tilelang,rmsnorm,fp32,cb328096b373e8927c06141287d5f796769bb2f7db1433cd53a60a7214cf6b43,"{""K"":3072,""M"":2048,""batch"":1}",fp32_vector,memory,25165824.0,75497472.0,0.0004208331772575251,0.020714089893929335,0.020714089893929335,0.0172,1.2043075519726358
GH200,tilelang,rmsnorm,fp32,d616892a1528ba1d16a79d84832cd8f9d091fed59d5f6b3b57b76e93c01ff518,"{""K"":2048,""M"":2048,""batch"":1}",fp32_vector,memory,16777216.0,50331648.0,0.00028055545150501674,0.013809393262619556,0.013809393262619556,0.0124,1.113660746985448
GH200,tilelang,rmsnorm,fp32,d7cce931b8e7a93a84e32f7887c5334da614d01ece951b54574b6f76e5f9b8b1,"{""K"":4608,""M"":2048,""batch"":1}",fp32_vector,memory,37748736.0,113246208.0,0.0006312497658862876,0.031071134840894,0.031071134840894,0.0242,1.2839311917724794
GH200,tilelang,rmsnorm,fp32,d819991983e97ec210285ac56c73de93369242ca8defae1b08fe7cb78c974046,"{""K"":2560,""M"":2048,""batch"":1}",fp32_vector,memory,20971520.0,62914560.0,0.00035069431438127094,0.017261741578274446,0.017261741578274446,0.0145,1.1904649364327204
GH200,tilelang,rmsnorm,fp32,e11fe6d3a765e370294c8b671f66fe29affdbc6adabc9d347c6b2ac81097dca6,"{""K"":10240,""M"":2048,""batch"":1}",fp32_vector,memory,83886080.0,251658240.0,0.0014027772575250837,0.06904696631309779,0.06904696631309779,0.0507,1.3618731028224416
GH200,tilelang,rmsnorm,fp32,e8244c4c94fe8cd23215496806c9d2b10597835f3d199433d6547f4942cc822e,"{""K"":5120,""M"":2048,""batch"":1}",fp32_vector,memory,41943040.0,125829120.0,0.0007013886287625419,0.03452348315654889,0.03452348315654889,0.0276,1.2508508390053947
GH200,tilelang,rmsnorm,fp32,f6c395890ad10ce8d82bcd68811e644d8e67f1d536ec78d57324dbfadb810785,"{""K"":4096,""M"":2048,""batch"":1}",fp32_vector,memory,33554432.0,100663296.0,0.0005611109030100335,0.027618786525239112,0.027618786525239112,0.0217,1.2727551394119405
GH200,tilelang,rope,fp16,1fb224e6a134c73c2ecf401293bafc68867fa6d9804a6c0712e2e5354681d465,"{""batch_size"":1,""head_dim"":128,""n_heads"":32,""seq_len"":2048}",fp16_vector,memory,25165824.0,33554432.0,0.0003782059513074842,0.009206262175079704,0.009206262175079704,0.0068,1.3538620845705447
GH200,tilelang,rope,fp16,5c586fb0682748088ed1095e6be6e381410d0adad501c788d04aeee2767ae517,"{""batch_size"":1,""head_dim"":128,""n_heads"":32,""seq_len"":4096}",fp16_vector,memory,50331648.0,67108864.0,0.0007564119026149684,0.018412524350159408,0.018412524350159408,0.0147,1.2525526768815924
GH200,tilelang,rope,fp16,72cb5ea62b8125248d04bee47f86d9dc358c025625f6c5b0ecacc20ba011d561,"{""batch_size"":1,""head_dim"":128,""n_heads"":32,""seq_len"":6144}",fp16_vector,memory,75497472.0,100663296.0,0.0011346178539224526,0.027618786525239112,0.027618786525239112,0.026,1.0622610202015044
GH200,tilelang,rope,fp16,760b1684a9b55db2732fdf1d4c44d8dd5b266569f569cd7dd96c46fd66a55e93,"{""batch_size"":1,""head_dim"":128,""n_heads"":32,""seq_len"":3072}",fp16_vector,memory,37748736.0,50331648.0,0.0005673089269612263,0.013809393262619556,0.013809393262619556,0.0102,1.3538620845705447
GH200,tilelang,rope,fp16,7875929d1cf67ef9d49e0b4205420679094493e9f0114c26ec5ecf747014e513,"{""batch_size"":1,""head_dim"":128,""n_heads"":32,""seq_len"":1024}",fp16_vector,memory,12582912.0,16777216.0,0.0001891029756537421,0.004603131087539852,0.004603131087539852,0.0039,1.180290022446116
GH200,tilelang,rope,fp16,87e72610bb7b1f5d93fd4d774f693af1746a4b2348119bb74725228ae1d4a2c7,"{""batch_size"":1,""head_dim"":128,""n_heads"":32,""seq_len"":7168}",fp16_vector,memory,88080384.0,117440512.0,0.0013237208295761946,0.03222191761277896,0.03222191761277896,0.032,1.0069349253993425
GH200,tilelang,rope,fp16,de364bdb33d051b9dd3b7b3e931ed75fcacee6c38dd278020134862448993216,"{""batch_size"":1,""head_dim"":128,""n_heads"":32,""seq_len"":5120}",fp16_vector,memory,62914560.0,83886080.0,0.0009455148782687104,0.023015655437699258,0.023015655437699258,0.0203,1.1337761299359241
GH200,tilelang,rope,fp32,44831fd350a2dad343590acf8200b11e6750ecf41d7a9915d592ea0c8b130280,"{""batch_size"":1,""head_dim"":128,""n_heads"":32,""seq_len"":3072}",fp32_vector,memory,37748736.0,100663296.0,0.0006312497658862876,0.027618786525239112,0.027618786525239112,0.0263,1.0501439743436924
GH200,tilelang,rope,fp32,d43ad05f27d96d10a5f06ed416eff5c2a06e76d1a53ae491554c4e40aad280df,"{""batch_size"":1,""head_dim"":128,""n_heads"":32,""seq_len"":2048}",fp32_vector,memory,25165824.0,67108864.0,0.0004208331772575251,0.018412524350159408,0.018412524350159408,0.0158,1.1653496424151524
GH200,tilelang,rope,fp32,eb63dd7708c93a5dbf04ee914f4820efd2b68a55e5c870d2f8b4a87d6524f198,"{""batch_size"":1,""head_dim"":128,""n_heads"":32,""seq_len"":1024}",fp32_vector,memory,12582912.0,33554432.0,0.00021041658862876254,0.009206262175079704,0.009206262175079704,0.0068,1.3538620845705447
GH200,tilelang,swiglu,fp32,8fdf30272037087909c79d61775eab2ba0f9eddd706936000e6227621b37376f,"{""M"":4096,""N"":20480}",fp32_vector,memory,83886080.0,1006632960.0,0.0014027772575250837,0.27618786525239114,0.27618786525239114,0.2752,1.003589626643863
GH200,tilelang,swiglu,fp32,99274cf459dbc59e4ea2b3b8a5ca3a899e9ccb2848e90a0f42ae6d19a8763912,"{""M"":4096,""N"":19456}",fp32_vector,memory,79691776.0,956301312.0,0.0013326383946488294,0.26237847198977154,0.26237847198977154,0.2616,1.0029758103584538
GH200,triton,layernorm,bf16,0133fb22616e6552a2bae0c5ae49bfe87875fd07a09aa41fb07129da2dfb5623,"{""K"":8704,""M"":2048,""batch"":1}",fp32_vector,memory,106954752.0,106954752.0,0.0017885410033444816,0.029344960683066558,0.029344960683066558,0.0278,1.055574125290164
GH200,triton,layernorm,bf16,0e0f2030e7c56e33880a098222f50d82d442cdf27cef198f550c2d13929b6d8d,"{""K"":9216,""M"":2048,""batch"":1}",fp32_vector,memory,113246208.0,113246208.0,0.0018937492976588627,0.031071134840894,0.031071134840894,0.0293,1.0604482880851196
GH200,triton,layernorm,bf16,127594ddab696974b63bf745221fbea2d0fa48e14c68c8cc829d4a24d8a1c656,"{""K"":7168,""M"":2048,""batch"":1}",fp32_vector,memory,88080384.0,88080384.0,0.0014729161204013377,0.024166438209584223,0.024166438209584223,0.0233,1.0371861892525418
GH200,triton,layernorm,bf16,35d3c0a81dbc40b2993c340d827d245d2cd822c8de8d0df2e350d577d92864e3,"{""K"":6656,""M"":2048,""batch"":1}",fp32_vector,memory,81788928.0,81788928.0,0.0013677078260869566,0.022440264051756777,0.022440264051756777,0.0224,1.0017975023105705
GH200,triton,layernorm,bf16,57fdef276eaf25645fff5b08778c781b71ee13fd2f31a9626229bfa45e27a33d,"{""K"":9728,""M"":2048,""batch"":1}",fp32_vector,memory,119537664.0,119537664.0,0.0019989575919732443,0.03279730899872144,0.03279730899872144,0.0298,1.1005808388832699
GH200,triton,layernorm,bf16,5a1e2eeeaf0f8d7a75704b7f37683e50e7bdef64c522a65568a4d3b1c88111ad,"{""K"":10240,""M"":2048,""batch"":1}",fp32_vector,memory,125829120.0,125829120.0,0.0021041658862876256,0.03452348315654889,0.03452348315654889,0.0313,1.102986682317856
GH200,triton,layernorm,bf16,5a2b9b96212eab4611be1d68ca88e61b5f4bb5838084969e2e6a8187fe050193,"{""K"":7680,""M"":2048,""batch"":1}",fp32_vector,memory,94371840.0,94371840.0,0.0015781244147157192,0.025892612367411666,0.025892612367411666,0.0241,1.0743822559091978
GH200,triton,layernorm,bf16,d3feb0c5617902f767d4184e64dc99ddeaddea29158e14e3936e7c161374c934,"{""K"":6144,""M"":2048,""batch"":1}",fp32_vector,memory,75497472.0,75497472.0,0.0012624995317725752,0.020714089893929335,0.020714089893929335,0.02,1.0357044946964666
GH200,triton,layernorm,bf16,d4a944f21a7816cdfc9df6e8c84d1636cd8e64c18f38541d8e51fa87b7b2d80a,"{""K"":8192,""M"":2048,""batch"":1}",fp32_vector,memory,100663296.0,100663296.0,0.0016833327090301003,0.027618786525239112,0.027618786525239112,0.0253,1.0916516413137989
GH200,triton,layernorm,fp16,288e6c5b14f6f7220d5cdbc1b70a28a7af7dfa6210c12a843a933fa0d9431a8a,"{""K"":8192,""M"":2048,""batch"":1}",fp32_vector,memory,100663296.0,100663296.0,0.0016833327090301003,0.027618786525239112,0.027618786525239112,0.0248,1.113660746985448
GH200,triton,layernorm,fp16,33814f10374e4a81a379bbf2eca808ec446dcedec59dd75213cd0d9f51d463c3,"{""K"":7168,""M"":2048,""batch"":1}",fp32_vector,memory,88080384.0,88080384.0,0.0014729161204013377,0.024166438209584223,0.024166438209584223,0.0224,1.0788588486421529
GH200,triton,layernorm,fp16,38ff4f86678f38c0b63851972a8e5afcd3ff430224530b3899f1f4f62ecb89f5,"{""K"":6144,""M"":2048,""batch"":1}",fp32_vector,memory,75497472.0,75497472.0,0.0012624995317725752,0.020714089893929335,0.020714089893929335,0.0197,1.0514766443618953
GH200,triton,layernorm,fp16,449d654b10c64079001dd41bc545d3c02b8fadeb6cede151f88c961268c5eeab,"{""K"":6656,""M"":2048,""batch"":1}",fp32_vector,memory,81788928.0,81788928.0,0.0013677078260869566,0.022440264051756777,0.022440264051756777,0.0212,1.0585030213092819
GH200,triton,layernorm,fp16,59d3fe18a8ce80e274717b260206d782a1452bc93ec69a3939dc6ba32583afe1,"{""K"":10240,""M"":2048,""batch"":1}",fp32_vector,memory,125829120.0,125829120.0,0.0021041658862876256,0.03452348315654889,0.03452348315654889,0.0307,1.1245434252947522
GH200,triton,layernorm,fp16,92ebbb51ae938f9ea5edb0b09c5a0b8a2c70956def9aebbfa620a46fe4bdc876,"{""K"":8704,""M"":2048,""batch"":1}",fp32_vector,memory,106954752.0,106954752.0,0.0017885410033444816,0.029344960683066558,0.029344960683066558,0.0268,1.0949612195174088
GH200,triton,layernorm,fp16,c19e206ecd93ea4ce5dc8a8ab628de1bb4f27323a6b36b662b09a60eadc36dac,"{""K"":9216,""M"":2048,""batch"":1}",fp32_vector,memory,113246208.0,113246208.0,0.0018937492976588627,0.031071134840894,0.031071134840894,0.028,1.1096833871747858
GH200,triton,layernorm,fp16,d74aa6fb9e1d67c2e875cf65ceeab838792565098f87c2d8296a8abd9cc54482,"{""K"":7680,""M"":2048,""batch"":1}",fp32_vector,memory,94371840.0,94371840.0,0.0015781244147157192,0.025892612367411666,0.025892612367411666,0.0234,1.1065218960432335
GH200,triton,layernorm,fp16,d77ed773d72cc5301254559554212aeb5f531c3c50d2694298be15f25e212bca,"{""K"":9728,""M"":2048,""batch"":1}",fp32_vector,memory,119537664.0,119537664.0,0.0019989575919732443,0.03279730899872144,0.03279730899872144,0.0289,1.1348549826547212
GH200,triton,layernorm,fp16,fafcd85fec36b2d43218a13b44dbd525762b4fc68a07449970d5dd748cec496c,"{""K"":4096,""M"":2048,""batch"":1}",fp32_vector,memory,50331648.0,50331648.0,0.0008416663545150502,0.013809393262619556,0.013809393262619556,0.0138,1.0006806712043157
GH200,triton,layernorm,fp32,0d3d0845f42195c2670fe9011646ebd289f5b19ef2cae4ffd8acfc77cc45db29,"{""K"":2048,""M"":2048,""batch"":1}",fp32_vector,memory,25165824.0,50331648.0,0.0004208331772575251,0.013809393262619556,0.013809393262619556,0.0126,1.0959835922713934
GH200,triton,layernorm,fp32,0e2cb4ff380c35f7a45c3b677ba8450bedccf812514c377c43dd331786d7814d,"{""K"":2560,""M"":2048,""batch"":1}",fp32_vector,memory,31457280.0,62914560.0,0.0005260414715719064,0.017261741578274446,0.017261741578274446,0.0155,1.1136607469854483
GH200,triton,layernorm,fp32,29c21e1b334447d1fdb2a916daaecc3aac298cb5e3dd6a5f6c66849a51c4ec8e,"{""K"":5120,""M"":2048,""batch"":1}",fp32_vector,memory,62914560.0,125829120.0,0.0010520829431438128,0.03452348315654889,0.03452348315654889,0.0291,1.1863739916339826
GH200,triton,layernorm,fp32,36a81bdca3e900a21430b352903592a2cb4012bf7127a164e839e8a9c277cf63,"{""K"":7168,""M"":2048,""batch"":1}",fp32_vector,memory,88080384.0,176160768.0,0.0014729161204013377,0.04833287641916845,0.04833287641916845,0.0421,1.1480493211203906
GH200,triton,layernorm,fp32,4458ca6a63c98d1e9ed9669ac2e74e3e72c15dc6bcea158c6922e54ac4507ba4,"{""K"":4608,""M"":2048,""batch"":1}",fp32_vector,memory,56623104.0,113246208.0,0.0009468746488294314,0.031071134840894,0.031071134840894,0.0271,1.1465363409923985
GH200,triton,layernorm,fp32,4ee85b3853193bc733f5dff44b6fda24989849e1df708057e9df9aa9cd0a921c,"{""K"":8192,""M"":2048,""batch"":1}",fp32_vector,memory,100663296.0,201326592.0,0.0016833327090301003,0.055237573050478224,0.055237573050478224,0.049,1.1272974091934331
GH200,triton,layernorm,fp32,53f1f0029ecf98e73d6822d24bd4b7e76af7b7e15557209daae9d6c5ce05c050,"{""K"":4096,""M"":2048,""batch"":1}",fp32_vector,memory,50331648.0,100663296.0,0.0008416663545150502,0.027618786525239112,0.027618786525239112,0.0235,1.1752675117123026
GH200,triton,layernorm,fp32,6779020220d0f822b7401d78f741fe2b3e6ba773ca4ba1b9c791280be400c9b9,"{""K"":9216,""M"":2048,""batch"":1}",fp32_vector,memory,113246208.0,226492416.0,0.0018937492976588627,0.062142269681788,0.062142269681788,0.056,1.1096833871747858
GH200,triton,layernorm,fp32,774a472ba6317e8ff8b5ca0d8926069dee144e095729cb6335b141b1cf8789da,"{""K"":7680,""M"":2048,""batch"":1}",fp32_vector,memory,94371840.0,188743680.0,0.0015781244147157192,0.05178522473482333,0.05178522473482333,0.0463,1.118471376562059
GH200,triton,layernorm,fp32,9da6a8a3fa07a5938304b8f927ddb1ac94c87d719a73887a909dbe5bdb32960e,"{""K"":9728,""M"":2048,""batch"":1}",fp32_vector,memory,119537664.0,239075328.0,0.0019989575919732443,0.06559461799744289,0.06559461799744289,0.0614,1.0683162540300144
GH200,triton,layernorm,fp32,a1d19052854e61f25fa581db6a75103f8f074389735d86a394c797eb38f1873f,"{""K"":5632,""M"":2048,""batch"":1}",fp32_vector,memory,69206016.0,138412032.0,0.001157291237458194,0.03797583147220378,0.03797583147220378,0.0326,1.1649028058958215
GH200,triton,layernorm,fp32,b3a0119e00180fd8d30a399ceea9735bbbdb77d495acf4b195cf3f3fba24cf7a,"{""K"":6656,""M"":2048,""batch"":1}",fp32_vector,memory,81788928.0,163577856.0,0.0013677078260869566,0.044880528103513555,0.044880528103513555,0.0397,1.1304918917761602
GH200,triton,layernorm,fp32,d2a63e85b50218b1ff396626f8c51b378518bc20bc36b6005caa7d4ea6fa442c,"{""K"":3072,""M"":2048,""batch"":1}",fp32_vector,memory,37748736.0,75497472.0,0.0006312497658862876,0.020714089893929335,0.020714089893929335,0.018,1.150782771884963
GH200,triton,layernorm,fp32,dc87c3ccd1261f1fe2a29fa7028fe484d92ad16bbba5693402823d280d887666,"{""K"":8704,""M"":2048,""batch"":1}",fp32_vector,memory,106954752.0,213909504.0,0.0017885410033444816,0.058689921366133116,0.058689921366133116,0.0528,1.1115515410252483
GH200,triton,layernorm,fp32,e4a7c88758840fdbb86690d5fc5841ab302f4908427e2d73d7798417c2a23853,"{""K"":6144,""M"":2048,""batch"":1}",fp32_vector,memory,75497472.0,150994944.0,0.0012624995317725752,0.04142817978785867,0.04142817978785867,0.0354,1.170287564628776
GH200,triton,layernorm,fp32,e8043fca45fb296b3e986bbc9d3ba3d5a0d9e9638692c4fa1a84ebda3baf58cf,"{""K"":1536,""M"":2048,""batch"":1}",fp32_vector,memory,18874368.0,37748736.0,0.0003156248829431438,0.010357044946964667,0.010357044946964667,0.0099,1.0461661562590572
GH200,triton,layernorm,fp32,ed9ccb1e986dbbbd9c886fce77896706be638b9a18772b91a7f508c82c5ef7e6,"{""K"":3584,""M"":2048,""batch"":1}",fp32_vector,memory,44040192.0,88080384.0,0.0007364580602006688,0.024166438209584223,0.024166438209584223,0.0206,1.1731280684264187
GH200,triton,layernorm,fp32,f8961a216d126fddd59a506537980781faba8da8ea651681bd87e9e4dc2e9b43,"{""K"":10240,""M"":2048,""batch"":1}",fp32_vector,memory,125829120.0,251658240.0,0.0021041658862876256,0.06904696631309779,0.06904696631309779,0.0622,1.1100798442620223
GH200,triton,matmul_fp32_fp16_fp8,fp16,251408858ddb64a1c1adf38ec5e311b307edba62021f902bbe03b38d1a65cb06,"{""K"":8192,""M"":4096,""N"":4096}",fp16_mma,compute,274877906944.0,167772160.0,0.3712509379181805,0.046031310875398516,0.3712509379181805,0.358,1.0370137930675434
GH200,triton,matmul_fp32_fp16_fp8,fp16,89d8fd828b2c7b9f1a96f17a7fd382bbfdd5d3dc79f7fc210339c5821c369263,"{""K"":6144,""M"":4096,""N"":4096}",fp16_mma,compute,206158430208.0,134217728.0,0.27843820343863535,0.036825048700318816,0.27843820343863535,0.2742,1.0154566135617626
GH200,triton,matmul_fp32_fp16_fp8,fp16,c920e6624f26d0fd9a99973759d2d3dc32ad302e2a07cfd2f2fef8f79e4b1e91,"{""K"":5120,""M"":4096,""N"":4096}",fp16_mma,compute,171798691840.0,117440512.0,0.23203183619886278,0.03222191761277896,0.23203183619886278,0.2247,1.0326294445877293
GH200,triton,matmul_fp32_fp16_fp8,fp16,caebf17033f69709eae9f898626e29a4c0504909b70163563554ef94360ad2e1,"{""K"":3072,""M"":4096,""N"":4096}",fp16_mma,compute,103079215104.0,83886080.0,0.13921910171931767,0.023015655437699258,0.13921910171931767,0.1391,1.0008562309081068
GH200,triton,matmul_fp32_fp16_fp8,fp16,d461848dd433e3a01f844e47273d8a52e9c5a6bc2ec571a7b565f90af3db45cd,"{""K"":4096,""M"":4096,""N"":4096}",fp16_mma,compute,137438953472.0,100663296.0,0.18562546895909024,0.027618786525239112,0.18562546895909024,0.1825,1.0171258573100834
GH200,triton,matmul_fp32_fp16_fp8,fp8_e4m3fn,010e9599f41af251cee54bf0697153feee1190ab4deb8538c4e461bbae7b9d26,"{""K"":6144,""M"":4096,""N"":4096}",fp8_e4m3fn_mma,compute,206158430208.0,67108864.0,0.14684590195097977,0.018412524350159408,0.14684590195097977,0.1338,1.0975030041179354
GH200,triton,matmul_fp32_fp16_fp8,fp8_e4m3fn,0151c55145640665224f881779fb4f9e741d0a2cbff9768964affcf9ec7c3bc2,"{""K"":17408,""M"":4096,""N"":4096}",fp8_e4m3fn_mma,compute,584115552256.0,159383552.0,0.41606338886110933,0.0437297453316286,0.41606338886110933,0.3749,1.1097983165140286
GH200,triton,matmul_fp32_fp16_fp8,fp8_e4m3fn,04c0123de4b45ec8f1dd8a5ee25993ab95c5d067b3da85698e337c1cca007ddc,"{""K"":16384,""M"":4096,""N"":4096}",fp8_e4m3fn_mma,compute,549755813888.0,150994944.0,0.3915890718692794,0.04142817978785867,0.3915890718692794,0.3355,1.1671805420842902
GH200,triton,matmul_fp32_fp16_fp8,fp8_e4m3fn,0b401e05911a45634129d5ce925bd7122e38e293dff5dbe048ce258655134237,"{""K"":18432,""M"":4096,""N"":4096}",fp8_e4m3fn_mma,compute,618475290624.0,167772160.0,0.44053770585293933,0.046031310875398516,0.44053770585293933,0.398,1.106878657921958
GH200,triton,matmul_fp32_fp16_fp8,fp8_e4m3fn,148f81119dfa6504f9db30e986a39c68b5df9ca2c63987298b398ce878542926,"{""K"":7168,""M"":4096,""N"":4096}",fp8_e4m3fn_mma,compute,240518168576.0,75497472.0,0.17132021894280972,0.020714089893929335,0.17132021894280972,0.1639,1.0452728428481375
GH200,triton,matmul_fp32_fp16_fp8,fp8_e4m3fn,1ec2012f38ff88fc30c983c6089905f1ef720f23d62e94e33f26d6d4b328a134,"{""K"":9216,""M"":4096,""N"":4096}",fp8_e4m3fn_mma,compute,309237645312.0,92274688.0,0.22026885292646967,0.025317220981469185,0.22026885292646967,0.1961,1.1232475926897993
GH200,triton,matmul_fp32_fp16_fp8,fp8_e4m3fn,294b9e308c82000196906fa8a7c992c02e66afcf48d11eb11bfeab20ed57a183,"{""K"":10240,""M"":4096,""N"":4096}",fp8_e4m3fn_mma,compute,343597383680.0,100663296.0,0.2447431699182996,0.027618786525239112,0.2447431699182996,0.2173,1.126291624106303
GH200,triton,matmul_fp32_fp16_fp8,fp8_e4m3fn,2a9c9f1d46cfaea832d9dd057a4f91d6c35cec61f83a057a49a0fc719a7267b0,"{""K"":12288,""M"":4096,""N"":4096}",fp8_e4m3fn_mma,compute,412316860416.0,117440512.0,0.29369180390195954,0.03222191761277896,0.29369180390195954,0.2554,1.149928754510413
GH200,triton,matmul_fp32_fp16_fp8,fp8_e4m3fn,2fdb5fb3d138bea0ef9d848947ebc8803522d91417e338d24b4785ad8c343359,"{""K"":2048,""M"":4096,""N"":4096}",fp8_e4m3fn_mma,compute,68719476736.0,33554432.0,0.04894863398365992,0.009206262175079704,0.04894863398365992,0.0483,1.0134292750240148
GH200,triton,matmul_fp32_fp16_fp8,fp8_e4m3fn,3870e4fa7888e96b20ec44a2e3ee09420056537a112e243f0fb730c7eb8857af,"{""K"":3072,""M"":4096,""N"":4096}",fp8_e4m3fn_mma,compute,103079215104.0,41943040.0,0.07342295097548988,0.011507827718849629,0.07342295097548988,0.069,1.0641007387752157
GH200,triton,matmul_fp32_fp16_fp8,fp8_e4m3fn,3e6c682cff708c272ed783c2366f6e61c99b19ef1df2f63d0d242d2aa5c21cca,"{""K"":8192,""M"":4096,""N"":4096}",fp8_e4m3fn_mma,compute,274877906944.0,83886080.0,0.1957945359346397,0.023015655437699258,0.1957945359346397,0.177,1.1061838188397723
GH200,triton,matmul_fp32_fp16_fp8,fp8_e4m3fn,539fb0effd41ede94998a96535c2a5deebf223bfa82387b5196053348a324be7,"{""K"":14336,""M"":4096,""N"":4096}",fp8_e4m3fn_mma,compute,481036337152.0,134217728.0,0.34264043788561943,0.036825048700318816,0.34264043788561943,0.3107,1.1028015380934002
GH200,triton,matmul_fp32_fp16_fp8,fp8_e4m3fn,58462cceecda88b26cf0a977f833cd828e07b350dee27aad3efc0c528678c0b9,"{""K"":20480,""M"":4096,""N"":4096}",fp8_e4m3fn_mma,compute,687194767360.0,184549376.0,0.4894863398365992,0.05063444196293837,0.4894863398365992,0.4377,1.1183146900539165
GH200,triton,matmul_fp32_fp16_fp8,fp8_e4m3fn,7595e854236c29548bf9d108f646e61be65851b5a565830b2d016d3eeff94f3e,"{""K"":5120,""M"":4096,""N"":4096}",fp8_e4m3fn_mma,compute,171798691840.0,58720256.0,0.1223715849591498,0.01611095880638948,0.1223715849591498,0.1143,1.0706175411999108
GH200,triton,matmul_fp32_fp16_fp8,fp8_e4m3fn,981a2d75be6159245101b90f9c950b5966d885aca1c4bb690215cc22ce7f015a,"{""K"":19456,""M"":4096,""N"":4096}",fp8_e4m3fn_mma,compute,652835028992.0,176160768.0,0.4650120228447693,0.04833287641916845,0.4650120228447693,0.4171,1.1148693906611586
GH200,triton,matmul_fp32_fp16_fp8,fp8_e4m3fn,a9da79e74db8fbf3a37d2648c56be91f90282b31afc6e3515f218fc02d6f6a2a,"{""K"":11264,""M"":4096,""N"":4096}",fp8_e4m3fn_mma,compute,377957122048.0,109051904.0,0.26921748691012953,0.02992035206900904,0.26921748691012953,0.2359,1.1412356376012274
GH200,triton,matmul_fp32_fp16_fp8,fp8_e4m3fn,f528419b052d6021ab4e6d390acd632e9bbe645e99931b9d92023c9d8fe577b4,"{""K"":15360,""M"":4096,""N"":4096}",fp8_e4m3fn_mma,compute,515396075520.0,142606336.0,0.36711475487744943,0.039126614244088746,0.36711475487744943,0.3357,1.0935798477135819
GH200,triton,matmul_fp32_fp16_fp8,fp8_e4m3fn,f72c148c1f4cc4385db0ec65fe00bde5c77d163052d2e7a3f36b6bde64a7c6b5,"{""K"":4096,""M"":4096,""N"":4096}",fp8_e4m3fn_mma,compute,137438953472.0,50331648.0,0.09789726796731985,0.013809393262619556,0.09789726796731985,0.0922,1.0617924942225578
GH200,triton,matmul_fp32_fp16_fp8,fp8_e4m3fn,ffa6d9a0a71273456660301f24a4f96ab3fab517063e2e253d2b6e3a7db45fbb,"{""K"":13312,""M"":4096,""N"":4096}",fp8_e4m3fn_mma,compute,446676598784.0,125829120.0,0.3181661208937895,0.03452348315654889,0.3181661208937895,0.2853,1.1151984608965633
GH200,triton,rmsnorm,bf16,04efeebb98c8edf495d259d95684b0b4c68ce30ed3b3f2a624f4e55fa8c4e36c,"{""K"":5632,""M"":2048,""batch"":1}",fp32_vector,memory,46137344.0,69206016.0,0.000771527491638796,0.01898791573610189,0.01898791573610189,0.0175,1.0850237563486793
GH200,triton,rmsnorm,bf16,1288e3a1abb85f3e350691afe9d8f11c3f4e9064f9fcb13ddde25a540e1add80,"{""K"":10240,""M"":2048,""batch"":1}",fp32_vector,memory,83886080.0,125829120.0,0.0014027772575250837,0.03452348315654889,0.03452348315654889,0.0298,1.1585061461929158
GH200,triton,rmsnorm,bf16,1591f32724dbc93a421b19f2bb043cc827b961492a75660d5f56547ee0b1419e,"{""K"":7168,""M"":2048,""batch"":1}",fp32_vector,memory,58720256.0,88080384.0,0.0009819440802675584,0.024166438209584223,0.024166438209584223,0.0215,1.1240203818411267
GH200,triton,rmsnorm,bf16,29291e9583560c63aec71b41da1674c1ca20a25e70e716bcd32ddcd13e303d7a,"{""K"":3072,""M"":2048,""batch"":1}",fp32_vector,memory,25165824.0,37748736.0,0.0004208331772575251,0.010357044946964667,0.010357044946964667,0.0098,1.0568413211188437
GH200,triton,rmsnorm,bf16,2f31dd54cfa12b9d277cc69cff28efe1ecd7cee5a7b991bb2909321c98b6982b,"{""K"":4608,""M"":2048,""batch"":1}",fp32_vector,memory,37748736.0,56623104.0,0.0006312497658862876,0.015535567420447,0.015535567420447,0.0144,1.0788588486421529
GH200,triton,rmsnorm,bf16,3d2dfc05af21db1241aa3d6b4177bb6fff3b46e41533c237c3f934a07b57afa5,"{""K"":9216,""M"":2048,""batch"":1}",fp32_vector,memory,75497472.0,113246208.0,0.0012624995317725752,0.031071134840894,0.031071134840894,0.0263,1.181411971136654
GH200,triton,rmsnorm,bf16,4fdfec7b2cf764450270469366d11bc7e84357f5391083e1996959b40c427a3e,"{""K"":6144,""M"":2048,""batch"":1}",fp32_vector,memory,50331648.0,75497472.0,0.0008416663545150502,0.020714089893929335,0.020714089893929335,0.0188,1.1018132922302837
GH200,triton,rmsnorm,bf16,52bfbf3ac6c6420475acb2ae06fa9bc2f539861e609195c2958deab0c9c0cda0,"{""K"":8192,""M"":2048,""batch"":1}",fp32_vector,memory,67108864.0,100663296.0,0.001122221806020067,0.027618786525239112,0.027618786525239112,0.0237,1.1653496424151524
GH200,triton,rmsnorm,bf16,6b29bdd37ce9d491576e087a4abd5f667cae7cc02dae353d35f2681a9e5c2d6b,"{""K"":5120,""M"":2048,""batch"":1}",fp32_vector,memory,41943040.0,62914560.0,0.0007013886287625419,0.017261741578274446,0.017261741578274446,0.016,1.0788588486421529
GH200,triton,rmsnorm,bf16,7213985cb55cf424d3c2155fefb988b195430e749b34239ba9b49cd197a36e2d,"{""K"":9728,""M"":2048,""batch"":1}",fp32_vector,memory,79691776.0,119537664.0,0.0013326383946488294,0.03279730899872144,0.03279730899872144,0.0287,1.1427633797463919
GH200,triton,rmsnorm,bf16,865bd7bbb02c09aa19534e8122eb181e24e26c8a6b0184594b4977be7efe8e27,"{""K"":7680,""M"":2048,""batch"":1}",fp32_vector,memory,62914560.0,94371840.0,0.0010520829431438128,0.025892612367411666,0.025892612367411666,0.0225,1.150782771884963
GH200,triton,rmsnorm,bf16,8bfc7cb59483bcd6a0442f67978d452896723acfcf17b1485f472e6333ae33a8,"{""K"":8704,""M"":2048,""batch"":1}",fp32_vector,memory,71303168.0,106954752.0,0.001192360668896321,0.029344960683066558,0.029344960683066558,0.026,1.1286523339640984
GH200,triton,rmsnorm,bf16,9bb9354d34d4eb4736f3d64630e5c309fbf6120f5565e228ea8c837b78eb3307,"{""K"":3584,""M"":2048,""batch"":1}",fp32_vector,memory,29360128.0,44040192.0,0.0004909720401337792,0.012083219104792112,0.012083219104792112,0.0112,1.0788588486421529
GH200,triton,rmsnorm,bf16,b27966296fde8dba7381aa86ec7459a45dfebaea7eae553a06580e6cd93a9684,"{""K"":6656,""M"":2048,""batch"":1}",fp32_vector,memory,54525952.0,81788928.0,0.0009118052173913043,0.022440264051756777,0.022440264051756777,0.0211,1.0635196233060085
GH200,triton,rmsnorm,bf16,caf61b19c85cb2471c1ae362b9b5290c4047cd0e6c0c30661a2c5e48fb0d5982,"{""K"":4096,""M"":2048,""batch"":1}",fp32_vector,memory,33554432.0,50331648.0,0.0005611109030100335,0.013809393262619556,0.013809393262619556,0.0124,1.113660746985448
GH200,triton,rmsnorm,fp16,0a38e29f5785153a6cfdce495c5e66e2de072d384d6b53cdf7400f7936d1d9a4,"{""K"":4608,""M"":2048,""batch"":1}",fp32_vector,memory,37748736.0,56623104.0,0.0006312497658862876,0.015535567420447,0.015535567420447,0.0146,1.064079960304589
GH200,triton,rmsnorm,fp16,0d9b4b7b7ade64187b486b43c7806e05f61f3e8798cda21dc5142ff1cf3d803b,"{""K"":7168,""M"":2048,""batch"":1}",fp32_vector,memory,58720256.0,88080384.0,0.0009819440802675584,0.024166438209584223,0.024166438209584223,0.0211,1.1453288250987783
GH200,triton,rmsnorm,fp16,2b15692c7e5c4eb3ee510c2fbd9d9248138633c7edfe3907ae36e309f3253777,"{""K"":6144,""M"":2048,""batch"":1}",fp32_vector,memory,50331648.0,75497472.0,0.0008416663545150502,0.020714089893929335,0.020714089893929335,0.0186,1.1136607469854483
GH200,triton,rmsnorm,fp16,3d23605afd15a030e64ab1cbb1404945247dec02bb0c529f99d01b7085a59f8d,"{""K"":9216,""M"":2048,""batch"":1}",fp32_vector,memory,75497472.0,113246208.0,0.0012624995317725752,0.031071134840894,0.031071134840894,0.0273,1.1381368073587546
GH200,triton,rmsnorm,fp16,48fafc0d08ce50843f1e949fdbe88c5583d3da75284d6af0a2c3bc74c71eff08,"{""K"":8704,""M"":2048,""batch"":1}",fp32_vector,memory,71303168.0,106954752.0,0.001192360668896321,0.029344960683066558,0.029344960683066558,0.0264,1.1115515410252483
GH200,triton,rmsnorm,fp16,588c82e64e37fce0410cf3e3456a676a03f87f14d69496c0bebcda4b25609339,"{""K"":6656,""M"":2048,""batch"":1}",fp32_vector,memory,54525952.0,81788928.0,0.0009118052173913043,0.022440264051756777,0.022440264051756777,0.0199,1.127651459887275
GH200,triton,rmsnorm,fp16,5f0bf2f5fc31c3a5c80898c61da811e0ec1cabf52ac1c54dda4ee1cdad9f1180,"{""K"":8192,""M"":2048,""batch"":1}",fp32_vector,memory,67108864.0,100663296.0,0.001122221806020067,0.027618786525239112,0.027618786525239112,0.0237,1.1653496424151524
GH200,triton,rmsnorm,fp16,6230ee6c7e0986ec5682282df6f234ed969343ae644527491c8e9b5af915a77e,"{""K"":5632,""M"":2048,""batch"":1}",fp32_vector,memory,46137344.0,69206016.0,0.000771527491638796,0.01898791573610189,0.01898791573610189,0.0181,1.0490561180166789
GH200,triton,rmsnorm,fp16,6516667ab8a000fbddfa520f891f89f1fa217cbd8055e5e78ec9872344566ba8,"{""K"":3072,""M"":2048,""batch"":1}",fp32_vector,memory,25165824.0,37748736.0,0.0004208331772575251,0.010357044946964667,0.010357044946964667,0.0099,1.0461661562590572
GH200,triton,rmsnorm,fp16,690965d2e2aa9b21f2a07d47055f633243af2ec01d56baba0f3dd091ae081834,"{""K"":5120,""M"":2048,""batch"":1}",fp32_vector,memory,41943040.0,62914560.0,0.0007013886287625419,0.017261741578274446,0.017261741578274446,0.0155,1.1136607469854483
GH200,triton,rmsnorm,fp16,721763dc7208e8381f533d2f472258bf7dbaba0ae9219336fe0f5fa9d5e9853c,"{""K"":4096,""M"":2048,""batch"":1}",fp32_vector,memory,33554432.0,50331648.0,0.0005611109030100335,0.013809393262619556,0.013809393262619556,0.0126,1.0959835922713934
GH200,triton,rmsnorm,fp16,8c43d01f830e521871086c579026f9321cf7eb15e7d6b0b80045cbab25307752,"{""K"":9728,""M"":2048,""batch"":1}",fp32_vector,memory,79691776.0,119537664.0,0.0013326383946488294,0.03279730899872144,0.03279730899872144,0.0281,1.1671640213068128
GH200,triton,rmsnorm,fp16,a0cda9842df1eaf3b7daa62d04a4ce326a8e6231b9813a0cc3dfb626fb608242,"{""K"":2048,""M"":2048,""batch"":1}",fp32_vector,memory,16777216.0,25165824.0,0.00028055545150501674,0.006904696631309778,0.006904696631309778,0.0068,1.0153965634279085
GH200,triton,rmsnorm,fp16,a33b34a807d8cb49d19d42bc51fe557b157a6cdbcdf961c71164d39e95ee9a8d,"{""K"":10240,""M"":2048,""batch"":1}",fp32_vector,memory,83886080.0,125829120.0,0.0014027772575250837,0.03452348315654889,0.03452348315654889,0.0292,1.1823110670050991
GH200,triton,rmsnorm,fp16,afc2902354a73e7b5f7825ac2f0c4c9d90a4b749930c069dd0389df6433c92ef,"{""K"":7680,""M"":2048,""batch"":1}",fp32_vector,memory,62914560.0,94371840.0,0.0010520829431438128,0.025892612367411666,0.025892612367411666,0.023,1.125765755104855
GH200,triton,rmsnorm,fp16,fb9bd35e74173ebfb644cdf265b09a5bdd02754b927be7a9282d05e931b3154d,"{""K"":3584,""M"":2048,""batch"":1}",fp32_vector,memory,29360128.0,44040192.0,0.0004909720401337792,0.012083219104792112,0.012083219104792112,0.0118,1.024001619050179
GH200,triton,rmsnorm,fp32,11c5a495e46ab09a7deba10a1ee4732f44f34e154efd136859497c1523aa393b,"{""K"":6656,""M"":2048,""batch"":1}",fp32_vector,memory,54525952.0,163577856.0,0.0009118052173913043,0.044880528103513555,0.044880528103513555,0.041,1.0946470269149646
GH200,triton,rmsnorm,fp32,273c8541e182683a7d783b1c1ec83cfb3321d3c6a06cd732c5bc4e96aa36d942,"{""K"":5632,""M"":2048,""batch"":1}",fp32_vector,memory,46137344.0,138412032.0,0.000771527491638796,0.03797583147220378,0.03797583147220378,0.0337,1.126879272172219
GH200,triton,rmsnorm,fp32,4013d5539fc9f3a909e23bf0b139d5d0afaccd4544dd909f59ec7477a0b01902,"{""K"":8704,""M"":2048,""batch"":1}",fp32_vector,memory,71303168.0,213909504.0,0.001192360668896321,0.058689921366133116,0.058689921366133116,0.0582,1.0084178928888852
GH200,triton,rmsnorm,fp32,42057c622a09c466787a5c1442a7ac0abd5a75a943c89ed264ca9af22dbebb17,"{""K"":9216,""M"":2048,""batch"":1}",fp32_vector,memory,75497472.0,226492416.0,0.0012624995317725752,0.062142269681788,0.062142269681788,0.0621,1.0006806712043157
GH200,triton,rmsnorm,fp32,5f6bd7376725dd171f70a7d3a16a7f320704398e367df5f72dadbf9e2cb4f2ca,"{""K"":7168,""M"":2048,""batch"":1}",fp32_vector,memory,58720256.0,176160768.0,0.0009819440802675584,0.04833287641916845,0.04833287641916845,0.0462,1.0461661562590574
GH200,triton,rmsnorm,fp32,6bcf7186c6e09585ec4eed41fe21caf1fbdb27dba5e73d4b702b00c453020586,"{""K"":3584,""M"":2048,""batch"":1}",fp32_vector,memory,29360128.0,88080384.0,0.0004909720401337792,0.024166438209584223,0.024166438209584223,0.0202,1.1963583272071399
GH200,triton,rmsnorm,fp32,8c91d121d38b9d1229279ad9eb2159bf2557fad55eb4f04aef4c27e3285411ca,"{""K"":8192,""M"":2048,""batch"":1}",fp32_vector,memory,67108864.0,201326592.0,0.001122221806020067,0.055237573050478224,0.055237573050478224,0.0533,1.0363522148307358
GH200,triton,rmsnorm,fp32,a19c04fc0b72ca91e92c5afddd45e075bcf7abf8e4fd30ee4c5d82f1acbc5b3f,"{""K"":1024,""M"":2048,""batch"":1}",fp32_vector,memory,8388608.0,25165824.0,0.00014027772575250837,0.006904696631309778,0.006904696631309778,0.0069,1.0006806712043157
GH200,triton,rmsnorm,fp32,a8898fa91f436c50dfdc7e8eb5ab7597e2623b72f312cf5b4d8ec9790323613f,"{""K"":1536,""M"":2048,""batch"":1}",fp32_vector,memory,12582912.0,37748736.0,0.00021041658862876254,0.010357044946964667,0.010357044946964667,0.0097,1.0677365924705842
GH200,triton,rmsnorm,fp32,adfdc8e175b40e2f2c6c18b1c413e53d13bfe06b072b7bad23718e8c3f4fa2e0,"{""K"":7680,""M"":2048,""batch"":1}",fp32_vector,memory,62914560.0,188743680.0,0.0010520829431438128,0.05178522473482333,0.05178522473482333,0.0496,1.0440569502988575
GH200,triton,rmsnorm,fp32,b0f721c05f69d7067fbe7334bee13b8ca68719ea0a9d5f9fb64665d5d81c83f0,"{""K"":6144,""M"":2048,""batch"":1}",fp32_vector,memory,50331648.0,150994944.0,0.0008416663545150502,0.04142817978785867,0.04142817978785867,0.0364,1.1381368073587546
GH200,triton,rmsnorm,fp32,cb328096b373e8927c06141287d5f796769bb2f7db1433cd53a60a7214cf6b43,"{""K"":3072,""M"":2048,""batch"":1}",fp32_vector,memory,25165824.0,75497472.0,0.0004208331772575251,0.020714089893929335,0.020714089893929335,0.0175,1.1836622796531047
GH200,triton,rmsnorm,fp32,d616892a1528ba1d16a79d84832cd8f9d091fed59d5f6b3b57b76e93c01ff518,"{""K"":2048,""M"":2048,""batch"":1}",fp32_vector,memory,16777216.0,50331648.0,0.00028055545150501674,0.013809393262619556,0.013809393262619556,0.0126,1.0959835922713934
GH200,triton,rmsnorm,fp32,d7cce931b8e7a93a84e32f7887c5334da614d01ece951b54574b6f76e5f9b8b1,"{""K"":4608,""M"":2048,""batch"":1}",fp32_vector,memory,37748736.0,113246208.0,0.0006312497658862876,0.031071134840894,0.031071134840894,0.0266,1.1680877759734587
GH200,triton,rmsnorm,fp32,d819991983e97ec210285ac56c73de93369242ca8defae1b08fe7cb78c974046,"{""K"":2560,""M"":2048,""batch"":1}",fp32_vector,memory,20971520.0,62914560.0,0.00035069431438127094,0.017261741578274446,0.017261741578274446,0.015,1.150782771884963
GH200,triton,rmsnorm,fp32,e8244c4c94fe8cd23215496806c9d2b10597835f3d199433d6547f4942cc822e,"{""K"":5120,""M"":2048,""batch"":1}",fp32_vector,memory,41943040.0,125829120.0,0.0007013886287625419,0.03452348315654889,0.03452348315654889,0.0298,1.1585061461929158
GH200,triton,rmsnorm,fp32,f6c395890ad10ce8d82bcd68811e644d8e67f1d536ec78d57324dbfadb810785,"{""K"":4096,""M"":2048,""batch"":1}",fp32_vector,memory,33554432.0,100663296.0,0.0005611109030100335,0.027618786525239112,0.027618786525239112,0.0228,1.2113502861946979
GH200,triton,rope,fp16,1fb224e6a134c73c2ecf401293bafc68867fa6d9804a6c0712e2e5354681d465,"{""batch_size"":1,""head_dim"":128,""n_heads"":32,""seq_len"":2048}",fp16_vector,memory,25165824.0,33554432.0,0.0003782059513074842,0.009206262175079704,0.009206262175079704,0.007,1.3151803107256719
GH200,triton,rope,fp16,5c586fb0682748088ed1095e6be6e381410d0adad501c788d04aeee2767ae517,"{""batch_size"":1,""head_dim"":128,""n_heads"":32,""seq_len"":4096}",fp16_vector,memory,50331648.0,67108864.0,0.0007564119026149684,0.018412524350159408,0.018412524350159408,0.0155,1.187904796784478
GH200,triton,rope,fp16,72cb5ea62b8125248d04bee47f86d9dc358c025625f6c5b0ecacc20ba011d561,"{""batch_size"":1,""head_dim"":128,""n_heads"":32,""seq_len"":6144}",fp16_vector,memory,75497472.0,100663296.0,0.0011346178539224526,0.027618786525239112,0.027618786525239112,0.0264,1.0461661562590572
GH200,triton,rope,fp16,760b1684a9b55db2732fdf1d4c44d8dd5b266569f569cd7dd96c46fd66a55e93,"{""batch_size"":1,""head_dim"":128,""n_heads"":32,""seq_len"":3072}",fp16_vector,memory,37748736.0,50331648.0,0.0005673089269612263,0.013809393262619556,0.013809393262619556,0.0104,1.3278262752518804
GH200,triton,rope,fp16,7875929d1cf67ef9d49e0b4205420679094493e9f0114c26ec5ecf747014e513,"{""batch_size"":1,""head_dim"":128,""n_heads"":32,""seq_len"":1024}",fp16_vector,memory,12582912.0,16777216.0,0.0001891029756537421,0.004603131087539852,0.004603131087539852,0.0041,1.1227148993999638
GH200,triton,rope,fp16,87e72610bb7b1f5d93fd4d774f693af1746a4b2348119bb74725228ae1d4a2c7,"{""batch_size"":1,""head_dim"":128,""n_heads"":32,""seq_len"":7168}",fp16_vector,memory,88080384.0,117440512.0,0.0013237208295761946,0.03222191761277896,0.03222191761277896,0.0318,1.013267849458458
GH200,triton,rope,fp16,de364bdb33d051b9dd3b7b3e931ed75fcacee6c38dd278020134862448993216,"{""batch_size"":1,""head_dim"":128,""n_heads"":32,""seq_len"":5120}",fp16_vector,memory,62914560.0,83886080.0,0.0009455148782687104,0.023015655437699258,0.023015655437699258,0.0199,1.1565655998843847
GH200,triton,rope,fp32,44831fd350a2dad343590acf8200b11e6750ecf41d7a9915d592ea0c8b130280,"{""batch_size"":1,""head_dim"":128,""n_heads"":32,""seq_len"":3072}",fp32_vector,memory,37748736.0,100663296.0,0.0006312497658862876,0.027618786525239112,0.027618786525239112,0.0253,1.0916516413137989
GH200,triton,rope,fp32,7f04ca788c890864483dfd41a7d9f8960913d265ec7106b49b0fe867b0035316,"{""batch_size"":1,""head_dim"":128,""n_heads"":32,""seq_len"":4096}",fp32_vector,memory,50331648.0,134217728.0,0.0008416663545150502,0.036825048700318816,0.036825048700318816,0.0368,1.0006806712043157
GH200,triton,rope,fp32,d43ad05f27d96d10a5f06ed416eff5c2a06e76d1a53ae491554c4e40aad280df,"{""batch_size"":1,""head_dim"":128,""n_heads"":32,""seq_len"":2048}",fp32_vector,memory,25165824.0,67108864.0,0.0004208331772575251,0.018412524350159408,0.018412524350159408,0.0159,1.1580203993810947
GH200,triton,rope,fp32,eb63dd7708c93a5dbf04ee914f4820efd2b68a55e5c870d2f8b4a87d6524f198,"{""batch_size"":1,""head_dim"":128,""n_heads"":32,""seq_len"":1024}",fp32_vector,memory,12582912.0,33554432.0,0.00021041658862876254,0.009206262175079704,0.009206262175079704,0.0069,1.3342408949390876
GH200,triton,swiglu,fp32,0caa95104ece78130bfe75c72e24d55d24388b8c18ed7b46ccff1bae8f553247,"{""M"":4096,""N"":17408}",fp32_vector,memory,71303168.0,855638016.0,0.001192360668896321,0.23475968546453246,0.23475968546453246,0.2343,1.0019619524734633
GH200,triton,swiglu,fp32,0d3e99f05f97e45946d773dbe7debcd3b46f7a9382c240928b694411c44b667d,"{""M"":4096,""N"":14336}",fp32_vector,memory,58720256.0,704643072.0,0.0009819440802675584,0.1933315056766738,0.1933315056766738,0.1929,1.0022369397442914
GH200,triton,swiglu,fp32,50bec8c00f602bb86f3449ce8c0c1d5c331dd028f90d8282f66ff1a64c8a176d,"{""M"":4096,""N"":13312}",fp32_vector,memory,54525952.0,654311424.0,0.0009118052173913043,0.17952211241405422,0.17952211241405422,0.1792,1.0017975023105705
GH200,triton,swiglu,fp32,5b3a1784708cbd01ab5bc53a0070f23a1f3709dee5e54779fc390c069328fa3a,"{""M"":4096,""N"":18432}",fp32_vector,memory,75497472.0,905969664.0,0.0012624995317725752,0.248569078727152,0.248569078727152,0.2477,1.0035085939731612
GH200,triton,swiglu,fp32,8fdf30272037087909c79d61775eab2ba0f9eddd706936000e6227621b37376f,"{""M"":4096,""N"":20480}",fp32_vector,memory,83886080.0,1006632960.0,0.0014027772575250837,0.27618786525239114,0.27618786525239114,0.2749,1.004684849954133
GH200,triton,swiglu,fp32,99274cf459dbc59e4ea2b3b8a5ca3a899e9ccb2848e90a0f42ae6d19a8763912,"{""M"":4096,""N"":19456}",fp32_vector,memory,79691776.0,956301312.0,0.0013326383946488294,0.26237847198977154,0.26237847198977154,0.2617,1.0025925563231621
GH200,triton,swiglu,fp32,ac8cde18640b62bd9f9f2538470f20eb7a9640ec5ef7c27d44e7627630a3bfe7,"{""M"":4096,""N"":16384}",fp32_vector,memory,67108864.0,805306368.0,0.001122221806020067,0.2209502922019129,0.2209502922019129,0.2198,1.0052333585164372
GH200,triton,swiglu,fp32,b84bca7797f60dfeea2b3f588dfd248e85d2cc8c041283ffba109ce7eadf5f12,"{""M"":4096,""N"":15360}",fp32_vector,memory,62914560.0,754974720.0,0.0010520829431438128,0.20714089893929333,0.20714089893929333,0.207,1.0006806712043157
