2026-10-02 07:58:27,894 INFO:Auto-tuning with 0.9 CPU utilizations, 72 CPUs available, 64 CPUs will be used
2026-10-02 07:58:28,042 WARNING:Benchmark timeout is enforced in benchmark workers by running each benchmark call in a daemon sub-thread and waiting up to the configured timeout.
2026-10-02 07:58:28,686 WARNING:An error occurred while testing config {'BLOCK_SIZE_M': 32, 'BLOCK_SIZE_N': 32, 'BLOCK_SIZE_K': 32, 'GROUPSIZE': 1, 'threads': 128, 'num_stages': 4}, checkout autotuner.log for more details
2026-10-02 07:58:28,686 DEBUG:Error: Traceback (most recent call last):
  File "/projects/kzhou6/bcui2/env_software/miniconda3-aarch64/envs/tilebench++_env/lib/python3.10/site-packages/tilelang/autotuner/tuner.py", line 650, in _run_benchmark_target
    latency, worker_ref_latency = benchmark_target(
  File "/projects/kzhou6/bcui2/env_software/miniconda3-aarch64/envs/tilebench++_env/lib/python3.10/site-packages/tilelang/autotuner/tuner.py", line 769, in _benchmark_target
    jit_input_tensors_cache = jit_input_tensors_supply()
  File "/projects/kzhou6/bcui2/env_software/miniconda3-aarch64/envs/tilebench++_env/lib/python3.10/site-packages/tilelang/autotuner/tuner.py", line 727, in func
    return supply_prog(profiler._get_params(with_output=with_output))
  File "/projects/kzhou6/bcui2/env_software/miniconda3-aarch64/envs/tilebench++_env/lib/python3.10/site-packages/tilelang/autotuner/tuner.py", line 384, in supply_prog
    _cached_tensors_by_device[device] = [
  File "/projects/kzhou6/bcui2/env_software/miniconda3-aarch64/envs/tilebench++_env/lib/python3.10/site-packages/tilelang/autotuner/tuner.py", line 385, in <listcomp>
    tensor.to(device=target_device).clone() if isinstance(tensor, torch.Tensor) else tensor for tensor in _frozen_inputs
torch.AcceleratorError: CUDA error: an illegal instruction was encountered
Search for `cudaErrorIllegalInstruction' in https://docs.nvidia.com/cuda/cuda-runtime-api/group__CUDART__TYPES.html for more information.
CUDA kernel errors might be asynchronously reported at some other API call, so the stacktrace below might be incorrect.
For debugging consider passing CUDA_LAUNCH_BLOCKING=1
Compile with `TORCH_USE_CUDA_DSA` to enable device-side assertions.


2026-10-02 07:58:28,686 WARNING:An error occurred while testing config {'BLOCK_SIZE_M': 32, 'BLOCK_SIZE_N': 32, 'BLOCK_SIZE_K': 32, 'GROUPSIZE': 8, 'threads': 128, 'num_stages': 2}, checkout autotuner.log for more details
2026-10-02 07:58:28,686 DEBUG:Error: Traceback (most recent call last):
  File "/projects/kzhou6/bcui2/env_software/miniconda3-aarch64/envs/tilebench++_env/lib/python3.10/site-packages/tilelang/autotuner/tuner.py", line 650, in _run_benchmark_target
    latency, worker_ref_latency = benchmark_target(
  File "/projects/kzhou6/bcui2/env_software/miniconda3-aarch64/envs/tilebench++_env/lib/python3.10/site-packages/tilelang/autotuner/tuner.py", line 769, in _benchmark_target
    jit_input_tensors_cache = jit_input_tensors_supply()
  File "/projects/kzhou6/bcui2/env_software/miniconda3-aarch64/envs/tilebench++_env/lib/python3.10/site-packages/tilelang/autotuner/tuner.py", line 727, in func
    return supply_prog(profiler._get_params(with_output=with_output))
  File "/projects/kzhou6/bcui2/env_software/miniconda3-aarch64/envs/tilebench++_env/lib/python3.10/site-packages/tilelang/autotuner/tuner.py", line 384, in supply_prog
    _cached_tensors_by_device[device] = [
  File "/projects/kzhou6/bcui2/env_software/miniconda3-aarch64/envs/tilebench++_env/lib/python3.10/site-packages/tilelang/autotuner/tuner.py", line 385, in <listcomp>
    tensor.to(device=target_device).clone() if isinstance(tensor, torch.Tensor) else tensor for tensor in _frozen_inputs
torch.AcceleratorError: CUDA error: an illegal instruction was encountered
Search for `cudaErrorIllegalInstruction' in https://docs.nvidia.com/cuda/cuda-runtime-api/group__CUDART__TYPES.html for more information.
CUDA kernel errors might be asynchronously reported at some other API call, so the stacktrace below might be incorrect.
For debugging consider passing CUDA_LAUNCH_BLOCKING=1
Compile with `TORCH_USE_CUDA_DSA` to enable device-side assertions.


2026-10-02 07:58:28,686 WARNING:An error occurred while testing config {'BLOCK_SIZE_M': 32, 'BLOCK_SIZE_N': 32, 'BLOCK_SIZE_K': 32, 'GROUPSIZE': 1, 'threads': 128, 'num_stages': 3}, checkout autotuner.log for more details
2026-10-02 07:58:28,687 DEBUG:Error: Traceback (most recent call last):
  File "/projects/kzhou6/bcui2/env_software/miniconda3-aarch64/envs/tilebench++_env/lib/python3.10/site-packages/tilelang/autotuner/tuner.py", line 650, in _run_benchmark_target
    latency, worker_ref_latency = benchmark_target(
  File "/projects/kzhou6/bcui2/env_software/miniconda3-aarch64/envs/tilebench++_env/lib/python3.10/site-packages/tilelang/autotuner/tuner.py", line 769, in _benchmark_target
    jit_input_tensors_cache = jit_input_tensors_supply()
  File "/projects/kzhou6/bcui2/env_software/miniconda3-aarch64/envs/tilebench++_env/lib/python3.10/site-packages/tilelang/autotuner/tuner.py", line 727, in func
    return supply_prog(profiler._get_params(with_output=with_output))
  File "/projects/kzhou6/bcui2/env_software/miniconda3-aarch64/envs/tilebench++_env/lib/python3.10/site-packages/tilelang/autotuner/tuner.py", line 384, in supply_prog
    _cached_tensors_by_device[device] = [
  File "/projects/kzhou6/bcui2/env_software/miniconda3-aarch64/envs/tilebench++_env/lib/python3.10/site-packages/tilelang/autotuner/tuner.py", line 385, in <listcomp>
    tensor.to(device=target_device).clone() if isinstance(tensor, torch.Tensor) else tensor for tensor in _frozen_inputs
torch.AcceleratorError: CUDA error: an illegal instruction was encountered
Search for `cudaErrorIllegalInstruction' in https://docs.nvidia.com/cuda/cuda-runtime-api/group__CUDART__TYPES.html for more information.
CUDA kernel errors might be asynchronously reported at some other API call, so the stacktrace below might be incorrect.
For debugging consider passing CUDA_LAUNCH_BLOCKING=1
Compile with `TORCH_USE_CUDA_DSA` to enable device-side assertions.


2026-10-02 07:58:28,687 WARNING:An error occurred while testing config {'BLOCK_SIZE_M': 32, 'BLOCK_SIZE_N': 32, 'BLOCK_SIZE_K': 32, 'GROUPSIZE': 1, 'threads': 128, 'num_stages': 2}, checkout autotuner.log for more details
2026-10-02 07:58:28,687 DEBUG:Error: Traceback (most recent call last):
  File "/projects/kzhou6/bcui2/env_software/miniconda3-aarch64/envs/tilebench++_env/lib/python3.10/site-packages/tilelang/autotuner/tuner.py", line 650, in _run_benchmark_target
    latency, worker_ref_latency = benchmark_target(
  File "/projects/kzhou6/bcui2/env_software/miniconda3-aarch64/envs/tilebench++_env/lib/python3.10/site-packages/tilelang/autotuner/tuner.py", line 769, in _benchmark_target
    jit_input_tensors_cache = jit_input_tensors_supply()
  File "/projects/kzhou6/bcui2/env_software/miniconda3-aarch64/envs/tilebench++_env/lib/python3.10/site-packages/tilelang/autotuner/tuner.py", line 727, in func
    return supply_prog(profiler._get_params(with_output=with_output))
  File "/projects/kzhou6/bcui2/env_software/miniconda3-aarch64/envs/tilebench++_env/lib/python3.10/site-packages/tilelang/autotuner/tuner.py", line 384, in supply_prog
    _cached_tensors_by_device[device] = [
  File "/projects/kzhou6/bcui2/env_software/miniconda3-aarch64/envs/tilebench++_env/lib/python3.10/site-packages/tilelang/autotuner/tuner.py", line 385, in <listcomp>
    tensor.to(device=target_device).clone() if isinstance(tensor, torch.Tensor) else tensor for tensor in _frozen_inputs
torch.AcceleratorError: CUDA error: an illegal instruction was encountered
Search for `cudaErrorIllegalInstruction' in https://docs.nvidia.com/cuda/cuda-runtime-api/group__CUDART__TYPES.html for more information.
CUDA kernel errors might be asynchronously reported at some other API call, so the stacktrace below might be incorrect.
For debugging consider passing CUDA_LAUNCH_BLOCKING=1
Compile with `TORCH_USE_CUDA_DSA` to enable device-side assertions.


2026-10-02 07:58:28,687 WARNING:An error occurred while testing config {'BLOCK_SIZE_M': 32, 'BLOCK_SIZE_N': 32, 'BLOCK_SIZE_K': 32, 'GROUPSIZE': 8, 'threads': 256, 'num_stages': 2}, checkout autotuner.log for more details
2026-10-02 07:58:28,687 DEBUG:Error: Traceback (most recent call last):
  File "/projects/kzhou6/bcui2/env_software/miniconda3-aarch64/envs/tilebench++_env/lib/python3.10/site-packages/tilelang/autotuner/tuner.py", line 650, in _run_benchmark_target
    latency, worker_ref_latency = benchmark_target(
  File "/projects/kzhou6/bcui2/env_software/miniconda3-aarch64/envs/tilebench++_env/lib/python3.10/site-packages/tilelang/autotuner/tuner.py", line 769, in _benchmark_target
    jit_input_tensors_cache = jit_input_tensors_supply()
  File "/projects/kzhou6/bcui2/env_software/miniconda3-aarch64/envs/tilebench++_env/lib/python3.10/site-packages/tilelang/autotuner/tuner.py", line 727, in func
    return supply_prog(profiler._get_params(with_output=with_output))
  File "/projects/kzhou6/bcui2/env_software/miniconda3-aarch64/envs/tilebench++_env/lib/python3.10/site-packages/tilelang/autotuner/tuner.py", line 384, in supply_prog
    _cached_tensors_by_device[device] = [
  File "/projects/kzhou6/bcui2/env_software/miniconda3-aarch64/envs/tilebench++_env/lib/python3.10/site-packages/tilelang/autotuner/tuner.py", line 385, in <listcomp>
    tensor.to(device=target_device).clone() if isinstance(tensor, torch.Tensor) else tensor for tensor in _frozen_inputs
torch.AcceleratorError: CUDA error: an illegal instruction was encountered
Search for `cudaErrorIllegalInstruction' in https://docs.nvidia.com/cuda/cuda-runtime-api/group__CUDART__TYPES.html for more information.
CUDA kernel errors might be asynchronously reported at some other API call, so the stacktrace below might be incorrect.
For debugging consider passing CUDA_LAUNCH_BLOCKING=1
Compile with `TORCH_USE_CUDA_DSA` to enable device-side assertions.


2026-10-02 07:58:28,688 WARNING:An error occurred while testing config {'BLOCK_SIZE_M': 32, 'BLOCK_SIZE_N': 32, 'BLOCK_SIZE_K': 32, 'GROUPSIZE': 1, 'threads': 256, 'num_stages': 2}, checkout autotuner.log for more details
2026-10-02 07:58:28,688 DEBUG:Error: Traceback (most recent call last):
  File "/projects/kzhou6/bcui2/env_software/miniconda3-aarch64/envs/tilebench++_env/lib/python3.10/site-packages/tilelang/autotuner/tuner.py", line 650, in _run_benchmark_target
    latency, worker_ref_latency = benchmark_target(
  File "/projects/kzhou6/bcui2/env_software/miniconda3-aarch64/envs/tilebench++_env/lib/python3.10/site-packages/tilelang/autotuner/tuner.py", line 769, in _benchmark_target
    jit_input_tensors_cache = jit_input_tensors_supply()
  File "/projects/kzhou6/bcui2/env_software/miniconda3-aarch64/envs/tilebench++_env/lib/python3.10/site-packages/tilelang/autotuner/tuner.py", line 727, in func
    return supply_prog(profiler._get_params(with_output=with_output))
  File "/projects/kzhou6/bcui2/env_software/miniconda3-aarch64/envs/tilebench++_env/lib/python3.10/site-packages/tilelang/autotuner/tuner.py", line 384, in supply_prog
    _cached_tensors_by_device[device] = [
  File "/projects/kzhou6/bcui2/env_software/miniconda3-aarch64/envs/tilebench++_env/lib/python3.10/site-packages/tilelang/autotuner/tuner.py", line 385, in <listcomp>
    tensor.to(device=target_device).clone() if isinstance(tensor, torch.Tensor) else tensor for tensor in _frozen_inputs
torch.AcceleratorError: CUDA error: an illegal instruction was encountered
Search for `cudaErrorIllegalInstruction' in https://docs.nvidia.com/cuda/cuda-runtime-api/group__CUDART__TYPES.html for more information.
CUDA kernel errors might be asynchronously reported at some other API call, so the stacktrace below might be incorrect.
For debugging consider passing CUDA_LAUNCH_BLOCKING=1
Compile with `TORCH_USE_CUDA_DSA` to enable device-side assertions.


2026-10-02 07:58:28,688 WARNING:An error occurred while testing config {'BLOCK_SIZE_M': 32, 'BLOCK_SIZE_N': 32, 'BLOCK_SIZE_K': 32, 'GROUPSIZE': 8, 'threads': 128, 'num_stages': 3}, checkout autotuner.log for more details
2026-10-02 07:58:28,688 DEBUG:Error: Traceback (most recent call last):
  File "/projects/kzhou6/bcui2/env_software/miniconda3-aarch64/envs/tilebench++_env/lib/python3.10/site-packages/tilelang/autotuner/tuner.py", line 650, in _run_benchmark_target
    latency, worker_ref_latency = benchmark_target(
  File "/projects/kzhou6/bcui2/env_software/miniconda3-aarch64/envs/tilebench++_env/lib/python3.10/site-packages/tilelang/autotuner/tuner.py", line 769, in _benchmark_target
    jit_input_tensors_cache = jit_input_tensors_supply()
  File "/projects/kzhou6/bcui2/env_software/miniconda3-aarch64/envs/tilebench++_env/lib/python3.10/site-packages/tilelang/autotuner/tuner.py", line 727, in func
    return supply_prog(profiler._get_params(with_output=with_output))
  File "/projects/kzhou6/bcui2/env_software/miniconda3-aarch64/envs/tilebench++_env/lib/python3.10/site-packages/tilelang/autotuner/tuner.py", line 384, in supply_prog
    _cached_tensors_by_device[device] = [
  File "/projects/kzhou6/bcui2/env_software/miniconda3-aarch64/envs/tilebench++_env/lib/python3.10/site-packages/tilelang/autotuner/tuner.py", line 385, in <listcomp>
    tensor.to(device=target_device).clone() if isinstance(tensor, torch.Tensor) else tensor for tensor in _frozen_inputs
torch.AcceleratorError: CUDA error: an illegal instruction was encountered
Search for `cudaErrorIllegalInstruction' in https://docs.nvidia.com/cuda/cuda-runtime-api/group__CUDART__TYPES.html for more information.
CUDA kernel errors might be asynchronously reported at some other API call, so the stacktrace below might be incorrect.
For debugging consider passing CUDA_LAUNCH_BLOCKING=1
Compile with `TORCH_USE_CUDA_DSA` to enable device-side assertions.


2026-10-02 07:58:28,689 WARNING:An error occurred while testing config {'BLOCK_SIZE_M': 32, 'BLOCK_SIZE_N': 32, 'BLOCK_SIZE_K': 32, 'GROUPSIZE': 1, 'threads': 256, 'num_stages': 3}, checkout autotuner.log for more details
2026-10-02 07:58:28,689 DEBUG:Error: Traceback (most recent call last):
  File "/projects/kzhou6/bcui2/env_software/miniconda3-aarch64/envs/tilebench++_env/lib/python3.10/site-packages/tilelang/autotuner/tuner.py", line 650, in _run_benchmark_target
    latency, worker_ref_latency = benchmark_target(
  File "/projects/kzhou6/bcui2/env_software/miniconda3-aarch64/envs/tilebench++_env/lib/python3.10/site-packages/tilelang/autotuner/tuner.py", line 769, in _benchmark_target
    jit_input_tensors_cache = jit_input_tensors_supply()
  File "/projects/kzhou6/bcui2/env_software/miniconda3-aarch64/envs/tilebench++_env/lib/python3.10/site-packages/tilelang/autotuner/tuner.py", line 727, in func
    return supply_prog(profiler._get_params(with_output=with_output))
  File "/projects/kzhou6/bcui2/env_software/miniconda3-aarch64/envs/tilebench++_env/lib/python3.10/site-packages/tilelang/autotuner/tuner.py", line 384, in supply_prog
    _cached_tensors_by_device[device] = [
  File "/projects/kzhou6/bcui2/env_software/miniconda3-aarch64/envs/tilebench++_env/lib/python3.10/site-packages/tilelang/autotuner/tuner.py", line 385, in <listcomp>
    tensor.to(device=target_device).clone() if isinstance(tensor, torch.Tensor) else tensor for tensor in _frozen_inputs
torch.AcceleratorError: CUDA error: an illegal instruction was encountered
Search for `cudaErrorIllegalInstruction' in https://docs.nvidia.com/cuda/cuda-runtime-api/group__CUDART__TYPES.html for more information.
CUDA kernel errors might be asynchronously reported at some other API call, so the stacktrace below might be incorrect.
For debugging consider passing CUDA_LAUNCH_BLOCKING=1
Compile with `TORCH_USE_CUDA_DSA` to enable device-side assertions.


2026-10-02 07:58:28,689 WARNING:An error occurred while testing config {'BLOCK_SIZE_M': 32, 'BLOCK_SIZE_N': 32, 'BLOCK_SIZE_K': 64, 'GROUPSIZE': 1, 'threads': 128, 'num_stages': 2}, checkout autotuner.log for more details
2026-10-02 07:58:28,689 DEBUG:Error: Traceback (most recent call last):
  File "/projects/kzhou6/bcui2/env_software/miniconda3-aarch64/envs/tilebench++_env/lib/python3.10/site-packages/tilelang/autotuner/tuner.py", line 650, in _run_benchmark_target
    latency, worker_ref_latency = benchmark_target(
  File "/projects/kzhou6/bcui2/env_software/miniconda3-aarch64/envs/tilebench++_env/lib/python3.10/site-packages/tilelang/autotuner/tuner.py", line 769, in _benchmark_target
    jit_input_tensors_cache = jit_input_tensors_supply()
  File "/projects/kzhou6/bcui2/env_software/miniconda3-aarch64/envs/tilebench++_env/lib/python3.10/site-packages/tilelang/autotuner/tuner.py", line 727, in func
    return supply_prog(profiler._get_params(with_output=with_output))
  File "/projects/kzhou6/bcui2/env_software/miniconda3-aarch64/envs/tilebench++_env/lib/python3.10/site-packages/tilelang/autotuner/tuner.py", line 384, in supply_prog
    _cached_tensors_by_device[device] = [
  File "/projects/kzhou6/bcui2/env_software/miniconda3-aarch64/envs/tilebench++_env/lib/python3.10/site-packages/tilelang/autotuner/tuner.py", line 385, in <listcomp>
    tensor.to(device=target_device).clone() if isinstance(tensor, torch.Tensor) else tensor for tensor in _frozen_inputs
torch.AcceleratorError: CUDA error: an illegal instruction was encountered
Search for `cudaErrorIllegalInstruction' in https://docs.nvidia.com/cuda/cuda-runtime-api/group__CUDART__TYPES.html for more information.
CUDA kernel errors might be asynchronously reported at some other API call, so the stacktrace below might be incorrect.
For debugging consider passing CUDA_LAUNCH_BLOCKING=1
Compile with `TORCH_USE_CUDA_DSA` to enable device-side assertions.


2026-10-02 07:58:28,690 WARNING:An error occurred while testing config {'BLOCK_SIZE_M': 32, 'BLOCK_SIZE_N': 32, 'BLOCK_SIZE_K': 32, 'GROUPSIZE': 1, 'threads': 256, 'num_stages': 4}, checkout autotuner.log for more details
2026-10-02 07:58:28,690 DEBUG:Error: Traceback (most recent call last):
  File "/projects/kzhou6/bcui2/env_software/miniconda3-aarch64/envs/tilebench++_env/lib/python3.10/site-packages/tilelang/autotuner/tuner.py", line 650, in _run_benchmark_target
    latency, worker_ref_latency = benchmark_target(
  File "/projects/kzhou6/bcui2/env_software/miniconda3-aarch64/envs/tilebench++_env/lib/python3.10/site-packages/tilelang/autotuner/tuner.py", line 769, in _benchmark_target
    jit_input_tensors_cache = jit_input_tensors_supply()
  File "/projects/kzhou6/bcui2/env_software/miniconda3-aarch64/envs/tilebench++_env/lib/python3.10/site-packages/tilelang/autotuner/tuner.py", line 727, in func
    return supply_prog(profiler._get_params(with_output=with_output))
  File "/projects/kzhou6/bcui2/env_software/miniconda3-aarch64/envs/tilebench++_env/lib/python3.10/site-packages/tilelang/autotuner/tuner.py", line 384, in supply_prog
    _cached_tensors_by_device[device] = [
  File "/projects/kzhou6/bcui2/env_software/miniconda3-aarch64/envs/tilebench++_env/lib/python3.10/site-packages/tilelang/autotuner/tuner.py", line 385, in <listcomp>
    tensor.to(device=target_device).clone() if isinstance(tensor, torch.Tensor) else tensor for tensor in _frozen_inputs
torch.AcceleratorError: CUDA error: an illegal instruction was encountered
Search for `cudaErrorIllegalInstruction' in https://docs.nvidia.com/cuda/cuda-runtime-api/group__CUDART__TYPES.html for more information.
CUDA kernel errors might be asynchronously reported at some other API call, so the stacktrace below might be incorrect.
For debugging consider passing CUDA_LAUNCH_BLOCKING=1
Compile with `TORCH_USE_CUDA_DSA` to enable device-side assertions.


2026-10-02 07:58:28,690 WARNING:An error occurred while testing config {'BLOCK_SIZE_M': 32, 'BLOCK_SIZE_N': 32, 'BLOCK_SIZE_K': 64, 'GROUPSIZE': 8, 'threads': 256, 'num_stages': 2}, checkout autotuner.log for more details
2026-10-02 07:58:28,690 DEBUG:Error: Traceback (most recent call last):
  File "/projects/kzhou6/bcui2/env_software/miniconda3-aarch64/envs/tilebench++_env/lib/python3.10/site-packages/tilelang/autotuner/tuner.py", line 650, in _run_benchmark_target
    latency, worker_ref_latency = benchmark_target(
  File "/projects/kzhou6/bcui2/env_software/miniconda3-aarch64/envs/tilebench++_env/lib/python3.10/site-packages/tilelang/autotuner/tuner.py", line 769, in _benchmark_target
    jit_input_tensors_cache = jit_input_tensors_supply()
  File "/projects/kzhou6/bcui2/env_software/miniconda3-aarch64/envs/tilebench++_env/lib/python3.10/site-packages/tilelang/autotuner/tuner.py", line 727, in func
    return supply_prog(profiler._get_params(with_output=with_output))
  File "/projects/kzhou6/bcui2/env_software/miniconda3-aarch64/envs/tilebench++_env/lib/python3.10/site-packages/tilelang/autotuner/tuner.py", line 384, in supply_prog
    _cached_tensors_by_device[device] = [
  File "/projects/kzhou6/bcui2/env_software/miniconda3-aarch64/envs/tilebench++_env/lib/python3.10/site-packages/tilelang/autotuner/tuner.py", line 385, in <listcomp>
    tensor.to(device=target_device).clone() if isinstance(tensor, torch.Tensor) else tensor for tensor in _frozen_inputs
torch.AcceleratorError: CUDA error: an illegal instruction was encountered
Search for `cudaErrorIllegalInstruction' in https://docs.nvidia.com/cuda/cuda-runtime-api/group__CUDART__TYPES.html for more information.
CUDA kernel errors might be asynchronously reported at some other API call, so the stacktrace below might be incorrect.
For debugging consider passing CUDA_LAUNCH_BLOCKING=1
Compile with `TORCH_USE_CUDA_DSA` to enable device-side assertions.


2026-10-02 07:58:28,690 WARNING:An error occurred while testing config {'BLOCK_SIZE_M': 32, 'BLOCK_SIZE_N': 32, 'BLOCK_SIZE_K': 64, 'GROUPSIZE': 1, 'threads': 128, 'num_stages': 4}, checkout autotuner.log for more details
2026-10-02 07:58:28,690 DEBUG:Error: Traceback (most recent call last):
  File "/projects/kzhou6/bcui2/env_software/miniconda3-aarch64/envs/tilebench++_env/lib/python3.10/site-packages/tilelang/autotuner/tuner.py", line 650, in _run_benchmark_target
    latency, worker_ref_latency = benchmark_target(
  File "/projects/kzhou6/bcui2/env_software/miniconda3-aarch64/envs/tilebench++_env/lib/python3.10/site-packages/tilelang/autotuner/tuner.py", line 769, in _benchmark_target
    jit_input_tensors_cache = jit_input_tensors_supply()
  File "/projects/kzhou6/bcui2/env_software/miniconda3-aarch64/envs/tilebench++_env/lib/python3.10/site-packages/tilelang/autotuner/tuner.py", line 727, in func
    return supply_prog(profiler._get_params(with_output=with_output))
  File "/projects/kzhou6/bcui2/env_software/miniconda3-aarch64/envs/tilebench++_env/lib/python3.10/site-packages/tilelang/autotuner/tuner.py", line 384, in supply_prog
    _cached_tensors_by_device[device] = [
  File "/projects/kzhou6/bcui2/env_software/miniconda3-aarch64/envs/tilebench++_env/lib/python3.10/site-packages/tilelang/autotuner/tuner.py", line 385, in <listcomp>
    tensor.to(device=target_device).clone() if isinstance(tensor, torch.Tensor) else tensor for tensor in _frozen_inputs
torch.AcceleratorError: CUDA error: an illegal instruction was encountered
Search for `cudaErrorIllegalInstruction' in https://docs.nvidia.com/cuda/cuda-runtime-api/group__CUDART__TYPES.html for more information.
CUDA kernel errors might be asynchronously reported at some other API call, so the stacktrace below might be incorrect.
For debugging consider passing CUDA_LAUNCH_BLOCKING=1
Compile with `TORCH_USE_CUDA_DSA` to enable device-side assertions.


2026-10-02 07:58:28,691 WARNING:An error occurred while testing config {'BLOCK_SIZE_M': 32, 'BLOCK_SIZE_N': 64, 'BLOCK_SIZE_K': 64, 'GROUPSIZE': 1, 'threads': 256, 'num_stages': 2}, checkout autotuner.log for more details
2026-10-02 07:58:28,691 DEBUG:Error: Traceback (most recent call last):
  File "/projects/kzhou6/bcui2/env_software/miniconda3-aarch64/envs/tilebench++_env/lib/python3.10/site-packages/tilelang/autotuner/tuner.py", line 650, in _run_benchmark_target
    latency, worker_ref_latency = benchmark_target(
  File "/projects/kzhou6/bcui2/env_software/miniconda3-aarch64/envs/tilebench++_env/lib/python3.10/site-packages/tilelang/autotuner/tuner.py", line 769, in _benchmark_target
    jit_input_tensors_cache = jit_input_tensors_supply()
  File "/projects/kzhou6/bcui2/env_software/miniconda3-aarch64/envs/tilebench++_env/lib/python3.10/site-packages/tilelang/autotuner/tuner.py", line 727, in func
    return supply_prog(profiler._get_params(with_output=with_output))
  File "/projects/kzhou6/bcui2/env_software/miniconda3-aarch64/envs/tilebench++_env/lib/python3.10/site-packages/tilelang/autotuner/tuner.py", line 384, in supply_prog
    _cached_tensors_by_device[device] = [
  File "/projects/kzhou6/bcui2/env_software/miniconda3-aarch64/envs/tilebench++_env/lib/python3.10/site-packages/tilelang/autotuner/tuner.py", line 385, in <listcomp>
    tensor.to(device=target_device).clone() if isinstance(tensor, torch.Tensor) else tensor for tensor in _frozen_inputs
torch.AcceleratorError: CUDA error: an illegal instruction was encountered
Search for `cudaErrorIllegalInstruction' in https://docs.nvidia.com/cuda/cuda-runtime-api/group__CUDART__TYPES.html for more information.
CUDA kernel errors might be asynchronously reported at some other API call, so the stacktrace below might be incorrect.
For debugging consider passing CUDA_LAUNCH_BLOCKING=1
Compile with `TORCH_USE_CUDA_DSA` to enable device-side assertions.


2026-10-02 07:58:28,691 WARNING:An error occurred while testing config {'BLOCK_SIZE_M': 32, 'BLOCK_SIZE_N': 32, 'BLOCK_SIZE_K': 32, 'GROUPSIZE': 8, 'threads': 128, 'num_stages': 4}, checkout autotuner.log for more details
2026-10-02 07:58:28,691 DEBUG:Error: Traceback (most recent call last):
  File "/projects/kzhou6/bcui2/env_software/miniconda3-aarch64/envs/tilebench++_env/lib/python3.10/site-packages/tilelang/autotuner/tuner.py", line 650, in _run_benchmark_target
    latency, worker_ref_latency = benchmark_target(
  File "/projects/kzhou6/bcui2/env_software/miniconda3-aarch64/envs/tilebench++_env/lib/python3.10/site-packages/tilelang/autotuner/tuner.py", line 769, in _benchmark_target
    jit_input_tensors_cache = jit_input_tensors_supply()
  File "/projects/kzhou6/bcui2/env_software/miniconda3-aarch64/envs/tilebench++_env/lib/python3.10/site-packages/tilelang/autotuner/tuner.py", line 727, in func
    return supply_prog(profiler._get_params(with_output=with_output))
  File "/projects/kzhou6/bcui2/env_software/miniconda3-aarch64/envs/tilebench++_env/lib/python3.10/site-packages/tilelang/autotuner/tuner.py", line 384, in supply_prog
    _cached_tensors_by_device[device] = [
  File "/projects/kzhou6/bcui2/env_software/miniconda3-aarch64/envs/tilebench++_env/lib/python3.10/site-packages/tilelang/autotuner/tuner.py", line 385, in <listcomp>
    tensor.to(device=target_device).clone() if isinstance(tensor, torch.Tensor) else tensor for tensor in _frozen_inputs
torch.AcceleratorError: CUDA error: an illegal instruction was encountered
Search for `cudaErrorIllegalInstruction' in https://docs.nvidia.com/cuda/cuda-runtime-api/group__CUDART__TYPES.html for more information.
CUDA kernel errors might be asynchronously reported at some other API call, so the stacktrace below might be incorrect.
For debugging consider passing CUDA_LAUNCH_BLOCKING=1
Compile with `TORCH_USE_CUDA_DSA` to enable device-side assertions.


2026-10-02 07:58:28,692 WARNING:An error occurred while testing config {'BLOCK_SIZE_M': 32, 'BLOCK_SIZE_N': 32, 'BLOCK_SIZE_K': 32, 'GROUPSIZE': 8, 'threads': 256, 'num_stages': 3}, checkout autotuner.log for more details
2026-10-02 07:58:28,692 DEBUG:Error: Traceback (most recent call last):
  File "/projects/kzhou6/bcui2/env_software/miniconda3-aarch64/envs/tilebench++_env/lib/python3.10/site-packages/tilelang/autotuner/tuner.py", line 650, in _run_benchmark_target
    latency, worker_ref_latency = benchmark_target(
  File "/projects/kzhou6/bcui2/env_software/miniconda3-aarch64/envs/tilebench++_env/lib/python3.10/site-packages/tilelang/autotuner/tuner.py", line 769, in _benchmark_target
    jit_input_tensors_cache = jit_input_tensors_supply()
  File "/projects/kzhou6/bcui2/env_software/miniconda3-aarch64/envs/tilebench++_env/lib/python3.10/site-packages/tilelang/autotuner/tuner.py", line 727, in func
    return supply_prog(profiler._get_params(with_output=with_output))
  File "/projects/kzhou6/bcui2/env_software/miniconda3-aarch64/envs/tilebench++_env/lib/python3.10/site-packages/tilelang/autotuner/tuner.py", line 384, in supply_prog
    _cached_tensors_by_device[device] = [
  File "/projects/kzhou6/bcui2/env_software/miniconda3-aarch64/envs/tilebench++_env/lib/python3.10/site-packages/tilelang/autotuner/tuner.py", line 385, in <listcomp>
    tensor.to(device=target_device).clone() if isinstance(tensor, torch.Tensor) else tensor for tensor in _frozen_inputs
torch.AcceleratorError: CUDA error: an illegal instruction was encountered
Search for `cudaErrorIllegalInstruction' in https://docs.nvidia.com/cuda/cuda-runtime-api/group__CUDART__TYPES.html for more information.
CUDA kernel errors might be asynchronously reported at some other API call, so the stacktrace below might be incorrect.
For debugging consider passing CUDA_LAUNCH_BLOCKING=1
Compile with `TORCH_USE_CUDA_DSA` to enable device-side assertions.


2026-10-02 07:58:28,692 WARNING:An error occurred while testing config {'BLOCK_SIZE_M': 32, 'BLOCK_SIZE_N': 32, 'BLOCK_SIZE_K': 64, 'GROUPSIZE': 1, 'threads': 128, 'num_stages': 3}, checkout autotuner.log for more details
2026-10-02 07:58:28,692 DEBUG:Error: Traceback (most recent call last):
  File "/projects/kzhou6/bcui2/env_software/miniconda3-aarch64/envs/tilebench++_env/lib/python3.10/site-packages/tilelang/autotuner/tuner.py", line 650, in _run_benchmark_target
    latency, worker_ref_latency = benchmark_target(
  File "/projects/kzhou6/bcui2/env_software/miniconda3-aarch64/envs/tilebench++_env/lib/python3.10/site-packages/tilelang/autotuner/tuner.py", line 769, in _benchmark_target
    jit_input_tensors_cache = jit_input_tensors_supply()
  File "/projects/kzhou6/bcui2/env_software/miniconda3-aarch64/envs/tilebench++_env/lib/python3.10/site-packages/tilelang/autotuner/tuner.py", line 727, in func
    return supply_prog(profiler._get_params(with_output=with_output))
  File "/projects/kzhou6/bcui2/env_software/miniconda3-aarch64/envs/tilebench++_env/lib/python3.10/site-packages/tilelang/autotuner/tuner.py", line 384, in supply_prog
    _cached_tensors_by_device[device] = [
  File "/projects/kzhou6/bcui2/env_software/miniconda3-aarch64/envs/tilebench++_env/lib/python3.10/site-packages/tilelang/autotuner/tuner.py", line 385, in <listcomp>
    tensor.to(device=target_device).clone() if isinstance(tensor, torch.Tensor) else tensor for tensor in _frozen_inputs
torch.AcceleratorError: CUDA error: an illegal instruction was encountered
Search for `cudaErrorIllegalInstruction' in https://docs.nvidia.com/cuda/cuda-runtime-api/group__CUDART__TYPES.html for more information.
CUDA kernel errors might be asynchronously reported at some other API call, so the stacktrace below might be incorrect.
For debugging consider passing CUDA_LAUNCH_BLOCKING=1
Compile with `TORCH_USE_CUDA_DSA` to enable device-side assertions.


2026-10-02 07:58:28,692 WARNING:An error occurred while testing config {'BLOCK_SIZE_M': 32, 'BLOCK_SIZE_N': 32, 'BLOCK_SIZE_K': 64, 'GROUPSIZE': 8, 'threads': 128, 'num_stages': 3}, checkout autotuner.log for more details
2026-10-02 07:58:28,693 DEBUG:Error: Traceback (most recent call last):
  File "/projects/kzhou6/bcui2/env_software/miniconda3-aarch64/envs/tilebench++_env/lib/python3.10/site-packages/tilelang/autotuner/tuner.py", line 650, in _run_benchmark_target
    latency, worker_ref_latency = benchmark_target(
  File "/projects/kzhou6/bcui2/env_software/miniconda3-aarch64/envs/tilebench++_env/lib/python3.10/site-packages/tilelang/autotuner/tuner.py", line 769, in _benchmark_target
    jit_input_tensors_cache = jit_input_tensors_supply()
  File "/projects/kzhou6/bcui2/env_software/miniconda3-aarch64/envs/tilebench++_env/lib/python3.10/site-packages/tilelang/autotuner/tuner.py", line 727, in func
    return supply_prog(profiler._get_params(with_output=with_output))
  File "/projects/kzhou6/bcui2/env_software/miniconda3-aarch64/envs/tilebench++_env/lib/python3.10/site-packages/tilelang/autotuner/tuner.py", line 384, in supply_prog
    _cached_tensors_by_device[device] = [
  File "/projects/kzhou6/bcui2/env_software/miniconda3-aarch64/envs/tilebench++_env/lib/python3.10/site-packages/tilelang/autotuner/tuner.py", line 385, in <listcomp>
    tensor.to(device=target_device).clone() if isinstance(tensor, torch.Tensor) else tensor for tensor in _frozen_inputs
torch.AcceleratorError: CUDA error: an illegal instruction was encountered
Search for `cudaErrorIllegalInstruction' in https://docs.nvidia.com/cuda/cuda-runtime-api/group__CUDART__TYPES.html for more information.
CUDA kernel errors might be asynchronously reported at some other API call, so the stacktrace below might be incorrect.
For debugging consider passing CUDA_LAUNCH_BLOCKING=1
Compile with `TORCH_USE_CUDA_DSA` to enable device-side assertions.


2026-10-02 07:58:28,693 WARNING:An error occurred while testing config {'BLOCK_SIZE_M': 32, 'BLOCK_SIZE_N': 32, 'BLOCK_SIZE_K': 64, 'GROUPSIZE': 8, 'threads': 256, 'num_stages': 3}, checkout autotuner.log for more details
2026-10-02 07:58:28,693 DEBUG:Error: Traceback (most recent call last):
  File "/projects/kzhou6/bcui2/env_software/miniconda3-aarch64/envs/tilebench++_env/lib/python3.10/site-packages/tilelang/autotuner/tuner.py", line 650, in _run_benchmark_target
    latency, worker_ref_latency = benchmark_target(
  File "/projects/kzhou6/bcui2/env_software/miniconda3-aarch64/envs/tilebench++_env/lib/python3.10/site-packages/tilelang/autotuner/tuner.py", line 769, in _benchmark_target
    jit_input_tensors_cache = jit_input_tensors_supply()
  File "/projects/kzhou6/bcui2/env_software/miniconda3-aarch64/envs/tilebench++_env/lib/python3.10/site-packages/tilelang/autotuner/tuner.py", line 727, in func
    return supply_prog(profiler._get_params(with_output=with_output))
  File "/projects/kzhou6/bcui2/env_software/miniconda3-aarch64/envs/tilebench++_env/lib/python3.10/site-packages/tilelang/autotuner/tuner.py", line 384, in supply_prog
    _cached_tensors_by_device[device] = [
  File "/projects/kzhou6/bcui2/env_software/miniconda3-aarch64/envs/tilebench++_env/lib/python3.10/site-packages/tilelang/autotuner/tuner.py", line 385, in <listcomp>
    tensor.to(device=target_device).clone() if isinstance(tensor, torch.Tensor) else tensor for tensor in _frozen_inputs
torch.AcceleratorError: CUDA error: an illegal instruction was encountered
Search for `cudaErrorIllegalInstruction' in https://docs.nvidia.com/cuda/cuda-runtime-api/group__CUDART__TYPES.html for more information.
CUDA kernel errors might be asynchronously reported at some other API call, so the stacktrace below might be incorrect.
For debugging consider passing CUDA_LAUNCH_BLOCKING=1
Compile with `TORCH_USE_CUDA_DSA` to enable device-side assertions.


2026-10-02 07:58:28,693 WARNING:An error occurred while testing config {'BLOCK_SIZE_M': 32, 'BLOCK_SIZE_N': 32, 'BLOCK_SIZE_K': 32, 'GROUPSIZE': 8, 'threads': 256, 'num_stages': 4}, checkout autotuner.log for more details
2026-10-02 07:58:28,693 DEBUG:Error: Traceback (most recent call last):
  File "/projects/kzhou6/bcui2/env_software/miniconda3-aarch64/envs/tilebench++_env/lib/python3.10/site-packages/tilelang/autotuner/tuner.py", line 650, in _run_benchmark_target
    latency, worker_ref_latency = benchmark_target(
  File "/projects/kzhou6/bcui2/env_software/miniconda3-aarch64/envs/tilebench++_env/lib/python3.10/site-packages/tilelang/autotuner/tuner.py", line 769, in _benchmark_target
    jit_input_tensors_cache = jit_input_tensors_supply()
  File "/projects/kzhou6/bcui2/env_software/miniconda3-aarch64/envs/tilebench++_env/lib/python3.10/site-packages/tilelang/autotuner/tuner.py", line 727, in func
    return supply_prog(profiler._get_params(with_output=with_output))
  File "/projects/kzhou6/bcui2/env_software/miniconda3-aarch64/envs/tilebench++_env/lib/python3.10/site-packages/tilelang/autotuner/tuner.py", line 384, in supply_prog
    _cached_tensors_by_device[device] = [
  File "/projects/kzhou6/bcui2/env_software/miniconda3-aarch64/envs/tilebench++_env/lib/python3.10/site-packages/tilelang/autotuner/tuner.py", line 385, in <listcomp>
    tensor.to(device=target_device).clone() if isinstance(tensor, torch.Tensor) else tensor for tensor in _frozen_inputs
torch.AcceleratorError: CUDA error: an illegal instruction was encountered
Search for `cudaErrorIllegalInstruction' in https://docs.nvidia.com/cuda/cuda-runtime-api/group__CUDART__TYPES.html for more information.
CUDA kernel errors might be asynchronously reported at some other API call, so the stacktrace below might be incorrect.
For debugging consider passing CUDA_LAUNCH_BLOCKING=1
Compile with `TORCH_USE_CUDA_DSA` to enable device-side assertions.


2026-10-02 07:58:28,694 WARNING:An error occurred while testing config {'BLOCK_SIZE_M': 32, 'BLOCK_SIZE_N': 32, 'BLOCK_SIZE_K': 64, 'GROUPSIZE': 1, 'threads': 256, 'num_stages': 4}, checkout autotuner.log for more details
2026-10-02 07:58:28,694 DEBUG:Error: Traceback (most recent call last):
  File "/projects/kzhou6/bcui2/env_software/miniconda3-aarch64/envs/tilebench++_env/lib/python3.10/site-packages/tilelang/autotuner/tuner.py", line 650, in _run_benchmark_target
    latency, worker_ref_latency = benchmark_target(
  File "/projects/kzhou6/bcui2/env_software/miniconda3-aarch64/envs/tilebench++_env/lib/python3.10/site-packages/tilelang/autotuner/tuner.py", line 769, in _benchmark_target
    jit_input_tensors_cache = jit_input_tensors_supply()
  File "/projects/kzhou6/bcui2/env_software/miniconda3-aarch64/envs/tilebench++_env/lib/python3.10/site-packages/tilelang/autotuner/tuner.py", line 727, in func
    return supply_prog(profiler._get_params(with_output=with_output))
  File "/projects/kzhou6/bcui2/env_software/miniconda3-aarch64/envs/tilebench++_env/lib/python3.10/site-packages/tilelang/autotuner/tuner.py", line 384, in supply_prog
    _cached_tensors_by_device[device] = [
  File "/projects/kzhou6/bcui2/env_software/miniconda3-aarch64/envs/tilebench++_env/lib/python3.10/site-packages/tilelang/autotuner/tuner.py", line 385, in <listcomp>
    tensor.to(device=target_device).clone() if isinstance(tensor, torch.Tensor) else tensor for tensor in _frozen_inputs
torch.AcceleratorError: CUDA error: an illegal instruction was encountered
Search for `cudaErrorIllegalInstruction' in https://docs.nvidia.com/cuda/cuda-runtime-api/group__CUDART__TYPES.html for more information.
CUDA kernel errors might be asynchronously reported at some other API call, so the stacktrace below might be incorrect.
For debugging consider passing CUDA_LAUNCH_BLOCKING=1
Compile with `TORCH_USE_CUDA_DSA` to enable device-side assertions.


2026-10-02 07:58:28,694 WARNING:An error occurred while testing config {'BLOCK_SIZE_M': 32, 'BLOCK_SIZE_N': 32, 'BLOCK_SIZE_K': 64, 'GROUPSIZE': 8, 'threads': 256, 'num_stages': 4}, checkout autotuner.log for more details
2026-10-02 07:58:28,694 DEBUG:Error: Traceback (most recent call last):
  File "/projects/kzhou6/bcui2/env_software/miniconda3-aarch64/envs/tilebench++_env/lib/python3.10/site-packages/tilelang/autotuner/tuner.py", line 650, in _run_benchmark_target
    latency, worker_ref_latency = benchmark_target(
  File "/projects/kzhou6/bcui2/env_software/miniconda3-aarch64/envs/tilebench++_env/lib/python3.10/site-packages/tilelang/autotuner/tuner.py", line 769, in _benchmark_target
    jit_input_tensors_cache = jit_input_tensors_supply()
  File "/projects/kzhou6/bcui2/env_software/miniconda3-aarch64/envs/tilebench++_env/lib/python3.10/site-packages/tilelang/autotuner/tuner.py", line 727, in func
    return supply_prog(profiler._get_params(with_output=with_output))
  File "/projects/kzhou6/bcui2/env_software/miniconda3-aarch64/envs/tilebench++_env/lib/python3.10/site-packages/tilelang/autotuner/tuner.py", line 384, in supply_prog
    _cached_tensors_by_device[device] = [
  File "/projects/kzhou6/bcui2/env_software/miniconda3-aarch64/envs/tilebench++_env/lib/python3.10/site-packages/tilelang/autotuner/tuner.py", line 385, in <listcomp>
    tensor.to(device=target_device).clone() if isinstance(tensor, torch.Tensor) else tensor for tensor in _frozen_inputs
torch.AcceleratorError: CUDA error: an illegal instruction was encountered
Search for `cudaErrorIllegalInstruction' in https://docs.nvidia.com/cuda/cuda-runtime-api/group__CUDART__TYPES.html for more information.
CUDA kernel errors might be asynchronously reported at some other API call, so the stacktrace below might be incorrect.
For debugging consider passing CUDA_LAUNCH_BLOCKING=1
Compile with `TORCH_USE_CUDA_DSA` to enable device-side assertions.


2026-10-02 07:58:28,694 WARNING:An error occurred while testing config {'BLOCK_SIZE_M': 64, 'BLOCK_SIZE_N': 32, 'BLOCK_SIZE_K': 32, 'GROUPSIZE': 1, 'threads': 256, 'num_stages': 4}, checkout autotuner.log for more details
2026-10-02 07:58:28,695 DEBUG:Error: Traceback (most recent call last):
  File "/projects/kzhou6/bcui2/env_software/miniconda3-aarch64/envs/tilebench++_env/lib/python3.10/site-packages/tilelang/autotuner/tuner.py", line 650, in _run_benchmark_target
    latency, worker_ref_latency = benchmark_target(
  File "/projects/kzhou6/bcui2/env_software/miniconda3-aarch64/envs/tilebench++_env/lib/python3.10/site-packages/tilelang/autotuner/tuner.py", line 769, in _benchmark_target
    jit_input_tensors_cache = jit_input_tensors_supply()
  File "/projects/kzhou6/bcui2/env_software/miniconda3-aarch64/envs/tilebench++_env/lib/python3.10/site-packages/tilelang/autotuner/tuner.py", line 727, in func
    return supply_prog(profiler._get_params(with_output=with_output))
  File "/projects/kzhou6/bcui2/env_software/miniconda3-aarch64/envs/tilebench++_env/lib/python3.10/site-packages/tilelang/autotuner/tuner.py", line 384, in supply_prog
    _cached_tensors_by_device[device] = [
  File "/projects/kzhou6/bcui2/env_software/miniconda3-aarch64/envs/tilebench++_env/lib/python3.10/site-packages/tilelang/autotuner/tuner.py", line 385, in <listcomp>
    tensor.to(device=target_device).clone() if isinstance(tensor, torch.Tensor) else tensor for tensor in _frozen_inputs
torch.AcceleratorError: CUDA error: an illegal instruction was encountered
Search for `cudaErrorIllegalInstruction' in https://docs.nvidia.com/cuda/cuda-runtime-api/group__CUDART__TYPES.html for more information.
CUDA kernel errors might be asynchronously reported at some other API call, so the stacktrace below might be incorrect.
For debugging consider passing CUDA_LAUNCH_BLOCKING=1
Compile with `TORCH_USE_CUDA_DSA` to enable device-side assertions.


2026-10-02 07:58:28,695 WARNING:An error occurred while testing config {'BLOCK_SIZE_M': 32, 'BLOCK_SIZE_N': 32, 'BLOCK_SIZE_K': 64, 'GROUPSIZE': 1, 'threads': 256, 'num_stages': 3}, checkout autotuner.log for more details
2026-10-02 07:58:28,695 DEBUG:Error: Traceback (most recent call last):
  File "/projects/kzhou6/bcui2/env_software/miniconda3-aarch64/envs/tilebench++_env/lib/python3.10/site-packages/tilelang/autotuner/tuner.py", line 650, in _run_benchmark_target
    latency, worker_ref_latency = benchmark_target(
  File "/projects/kzhou6/bcui2/env_software/miniconda3-aarch64/envs/tilebench++_env/lib/python3.10/site-packages/tilelang/autotuner/tuner.py", line 769, in _benchmark_target
    jit_input_tensors_cache = jit_input_tensors_supply()
  File "/projects/kzhou6/bcui2/env_software/miniconda3-aarch64/envs/tilebench++_env/lib/python3.10/site-packages/tilelang/autotuner/tuner.py", line 727, in func
    return supply_prog(profiler._get_params(with_output=with_output))
  File "/projects/kzhou6/bcui2/env_software/miniconda3-aarch64/envs/tilebench++_env/lib/python3.10/site-packages/tilelang/autotuner/tuner.py", line 384, in supply_prog
    _cached_tensors_by_device[device] = [
  File "/projects/kzhou6/bcui2/env_software/miniconda3-aarch64/envs/tilebench++_env/lib/python3.10/site-packages/tilelang/autotuner/tuner.py", line 385, in <listcomp>
    tensor.to(device=target_device).clone() if isinstance(tensor, torch.Tensor) else tensor for tensor in _frozen_inputs
torch.AcceleratorError: CUDA error: an illegal instruction was encountered
Search for `cudaErrorIllegalInstruction' in https://docs.nvidia.com/cuda/cuda-runtime-api/group__CUDART__TYPES.html for more information.
CUDA kernel errors might be asynchronously reported at some other API call, so the stacktrace below might be incorrect.
For debugging consider passing CUDA_LAUNCH_BLOCKING=1
Compile with `TORCH_USE_CUDA_DSA` to enable device-side assertions.


2026-10-02 07:58:28,695 WARNING:An error occurred while testing config {'BLOCK_SIZE_M': 32, 'BLOCK_SIZE_N': 128, 'BLOCK_SIZE_K': 64, 'GROUPSIZE': 8, 'threads': 128, 'num_stages': 3}, checkout autotuner.log for more details
2026-10-02 07:58:28,695 DEBUG:Error: Traceback (most recent call last):
  File "/projects/kzhou6/bcui2/env_software/miniconda3-aarch64/envs/tilebench++_env/lib/python3.10/site-packages/tilelang/autotuner/tuner.py", line 650, in _run_benchmark_target
    latency, worker_ref_latency = benchmark_target(
  File "/projects/kzhou6/bcui2/env_software/miniconda3-aarch64/envs/tilebench++_env/lib/python3.10/site-packages/tilelang/autotuner/tuner.py", line 769, in _benchmark_target
    jit_input_tensors_cache = jit_input_tensors_supply()
  File "/projects/kzhou6/bcui2/env_software/miniconda3-aarch64/envs/tilebench++_env/lib/python3.10/site-packages/tilelang/autotuner/tuner.py", line 727, in func
    return supply_prog(profiler._get_params(with_output=with_output))
  File "/projects/kzhou6/bcui2/env_software/miniconda3-aarch64/envs/tilebench++_env/lib/python3.10/site-packages/tilelang/autotuner/tuner.py", line 384, in supply_prog
    _cached_tensors_by_device[device] = [
  File "/projects/kzhou6/bcui2/env_software/miniconda3-aarch64/envs/tilebench++_env/lib/python3.10/site-packages/tilelang/autotuner/tuner.py", line 385, in <listcomp>
    tensor.to(device=target_device).clone() if isinstance(tensor, torch.Tensor) else tensor for tensor in _frozen_inputs
torch.AcceleratorError: CUDA error: an illegal instruction was encountered
Search for `cudaErrorIllegalInstruction' in https://docs.nvidia.com/cuda/cuda-runtime-api/group__CUDART__TYPES.html for more information.
CUDA kernel errors might be asynchronously reported at some other API call, so the stacktrace below might be incorrect.
For debugging consider passing CUDA_LAUNCH_BLOCKING=1
Compile with `TORCH_USE_CUDA_DSA` to enable device-side assertions.


2026-10-02 07:58:28,696 WARNING:An error occurred while testing config {'BLOCK_SIZE_M': 32, 'BLOCK_SIZE_N': 32, 'BLOCK_SIZE_K': 64, 'GROUPSIZE': 1, 'threads': 256, 'num_stages': 2}, checkout autotuner.log for more details
2026-10-02 07:58:28,696 DEBUG:Error: Traceback (most recent call last):
  File "/projects/kzhou6/bcui2/env_software/miniconda3-aarch64/envs/tilebench++_env/lib/python3.10/site-packages/tilelang/autotuner/tuner.py", line 650, in _run_benchmark_target
    latency, worker_ref_latency = benchmark_target(
  File "/projects/kzhou6/bcui2/env_software/miniconda3-aarch64/envs/tilebench++_env/lib/python3.10/site-packages/tilelang/autotuner/tuner.py", line 769, in _benchmark_target
    jit_input_tensors_cache = jit_input_tensors_supply()
  File "/projects/kzhou6/bcui2/env_software/miniconda3-aarch64/envs/tilebench++_env/lib/python3.10/site-packages/tilelang/autotuner/tuner.py", line 727, in func
    return supply_prog(profiler._get_params(with_output=with_output))
  File "/projects/kzhou6/bcui2/env_software/miniconda3-aarch64/envs/tilebench++_env/lib/python3.10/site-packages/tilelang/autotuner/tuner.py", line 384, in supply_prog
    _cached_tensors_by_device[device] = [
  File "/projects/kzhou6/bcui2/env_software/miniconda3-aarch64/envs/tilebench++_env/lib/python3.10/site-packages/tilelang/autotuner/tuner.py", line 385, in <listcomp>
    tensor.to(device=target_device).clone() if isinstance(tensor, torch.Tensor) else tensor for tensor in _frozen_inputs
torch.AcceleratorError: CUDA error: an illegal instruction was encountered
Search for `cudaErrorIllegalInstruction' in https://docs.nvidia.com/cuda/cuda-runtime-api/group__CUDART__TYPES.html for more information.
CUDA kernel errors might be asynchronously reported at some other API call, so the stacktrace below might be incorrect.
For debugging consider passing CUDA_LAUNCH_BLOCKING=1
Compile with `TORCH_USE_CUDA_DSA` to enable device-side assertions.


2026-10-02 07:58:28,696 WARNING:An error occurred while testing config {'BLOCK_SIZE_M': 32, 'BLOCK_SIZE_N': 32, 'BLOCK_SIZE_K': 64, 'GROUPSIZE': 8, 'threads': 128, 'num_stages': 2}, checkout autotuner.log for more details
2026-10-02 07:58:28,696 DEBUG:Error: Traceback (most recent call last):
  File "/projects/kzhou6/bcui2/env_software/miniconda3-aarch64/envs/tilebench++_env/lib/python3.10/site-packages/tilelang/autotuner/tuner.py", line 650, in _run_benchmark_target
    latency, worker_ref_latency = benchmark_target(
  File "/projects/kzhou6/bcui2/env_software/miniconda3-aarch64/envs/tilebench++_env/lib/python3.10/site-packages/tilelang/autotuner/tuner.py", line 769, in _benchmark_target
    jit_input_tensors_cache = jit_input_tensors_supply()
  File "/projects/kzhou6/bcui2/env_software/miniconda3-aarch64/envs/tilebench++_env/lib/python3.10/site-packages/tilelang/autotuner/tuner.py", line 727, in func
    return supply_prog(profiler._get_params(with_output=with_output))
  File "/projects/kzhou6/bcui2/env_software/miniconda3-aarch64/envs/tilebench++_env/lib/python3.10/site-packages/tilelang/autotuner/tuner.py", line 384, in supply_prog
    _cached_tensors_by_device[device] = [
  File "/projects/kzhou6/bcui2/env_software/miniconda3-aarch64/envs/tilebench++_env/lib/python3.10/site-packages/tilelang/autotuner/tuner.py", line 385, in <listcomp>
    tensor.to(device=target_device).clone() if isinstance(tensor, torch.Tensor) else tensor for tensor in _frozen_inputs
torch.AcceleratorError: CUDA error: an illegal instruction was encountered
Search for `cudaErrorIllegalInstruction' in https://docs.nvidia.com/cuda/cuda-runtime-api/group__CUDART__TYPES.html for more information.
CUDA kernel errors might be asynchronously reported at some other API call, so the stacktrace below might be incorrect.
For debugging consider passing CUDA_LAUNCH_BLOCKING=1
Compile with `TORCH_USE_CUDA_DSA` to enable device-side assertions.


2026-10-02 07:58:28,697 WARNING:An error occurred while testing config {'BLOCK_SIZE_M': 64, 'BLOCK_SIZE_N': 32, 'BLOCK_SIZE_K': 32, 'GROUPSIZE': 1, 'threads': 128, 'num_stages': 4}, checkout autotuner.log for more details
2026-10-02 07:58:28,697 DEBUG:Error: Traceback (most recent call last):
  File "/projects/kzhou6/bcui2/env_software/miniconda3-aarch64/envs/tilebench++_env/lib/python3.10/site-packages/tilelang/autotuner/tuner.py", line 650, in _run_benchmark_target
    latency, worker_ref_latency = benchmark_target(
  File "/projects/kzhou6/bcui2/env_software/miniconda3-aarch64/envs/tilebench++_env/lib/python3.10/site-packages/tilelang/autotuner/tuner.py", line 769, in _benchmark_target
    jit_input_tensors_cache = jit_input_tensors_supply()
  File "/projects/kzhou6/bcui2/env_software/miniconda3-aarch64/envs/tilebench++_env/lib/python3.10/site-packages/tilelang/autotuner/tuner.py", line 727, in func
    return supply_prog(profiler._get_params(with_output=with_output))
  File "/projects/kzhou6/bcui2/env_software/miniconda3-aarch64/envs/tilebench++_env/lib/python3.10/site-packages/tilelang/autotuner/tuner.py", line 384, in supply_prog
    _cached_tensors_by_device[device] = [
  File "/projects/kzhou6/bcui2/env_software/miniconda3-aarch64/envs/tilebench++_env/lib/python3.10/site-packages/tilelang/autotuner/tuner.py", line 385, in <listcomp>
    tensor.to(device=target_device).clone() if isinstance(tensor, torch.Tensor) else tensor for tensor in _frozen_inputs
torch.AcceleratorError: CUDA error: an illegal instruction was encountered
Search for `cudaErrorIllegalInstruction' in https://docs.nvidia.com/cuda/cuda-runtime-api/group__CUDART__TYPES.html for more information.
CUDA kernel errors might be asynchronously reported at some other API call, so the stacktrace below might be incorrect.
For debugging consider passing CUDA_LAUNCH_BLOCKING=1
Compile with `TORCH_USE_CUDA_DSA` to enable device-side assertions.


2026-10-02 07:58:28,697 WARNING:An error occurred while testing config {'BLOCK_SIZE_M': 32, 'BLOCK_SIZE_N': 32, 'BLOCK_SIZE_K': 64, 'GROUPSIZE': 8, 'threads': 128, 'num_stages': 4}, checkout autotuner.log for more details
2026-10-02 07:58:28,697 DEBUG:Error: Traceback (most recent call last):
  File "/projects/kzhou6/bcui2/env_software/miniconda3-aarch64/envs/tilebench++_env/lib/python3.10/site-packages/tilelang/autotuner/tuner.py", line 650, in _run_benchmark_target
    latency, worker_ref_latency = benchmark_target(
  File "/projects/kzhou6/bcui2/env_software/miniconda3-aarch64/envs/tilebench++_env/lib/python3.10/site-packages/tilelang/autotuner/tuner.py", line 769, in _benchmark_target
    jit_input_tensors_cache = jit_input_tensors_supply()
  File "/projects/kzhou6/bcui2/env_software/miniconda3-aarch64/envs/tilebench++_env/lib/python3.10/site-packages/tilelang/autotuner/tuner.py", line 727, in func
    return supply_prog(profiler._get_params(with_output=with_output))
  File "/projects/kzhou6/bcui2/env_software/miniconda3-aarch64/envs/tilebench++_env/lib/python3.10/site-packages/tilelang/autotuner/tuner.py", line 384, in supply_prog
    _cached_tensors_by_device[device] = [
  File "/projects/kzhou6/bcui2/env_software/miniconda3-aarch64/envs/tilebench++_env/lib/python3.10/site-packages/tilelang/autotuner/tuner.py", line 385, in <listcomp>
    tensor.to(device=target_device).clone() if isinstance(tensor, torch.Tensor) else tensor for tensor in _frozen_inputs
torch.AcceleratorError: CUDA error: an illegal instruction was encountered
Search for `cudaErrorIllegalInstruction' in https://docs.nvidia.com/cuda/cuda-runtime-api/group__CUDART__TYPES.html for more information.
CUDA kernel errors might be asynchronously reported at some other API call, so the stacktrace below might be incorrect.
For debugging consider passing CUDA_LAUNCH_BLOCKING=1
Compile with `TORCH_USE_CUDA_DSA` to enable device-side assertions.


2026-10-02 07:58:28,697 WARNING:An error occurred while testing config {'BLOCK_SIZE_M': 32, 'BLOCK_SIZE_N': 128, 'BLOCK_SIZE_K': 32, 'GROUPSIZE': 1, 'threads': 128, 'num_stages': 2}, checkout autotuner.log for more details
2026-10-02 07:58:28,697 DEBUG:Error: Traceback (most recent call last):
  File "/projects/kzhou6/bcui2/env_software/miniconda3-aarch64/envs/tilebench++_env/lib/python3.10/site-packages/tilelang/autotuner/tuner.py", line 650, in _run_benchmark_target
    latency, worker_ref_latency = benchmark_target(
  File "/projects/kzhou6/bcui2/env_software/miniconda3-aarch64/envs/tilebench++_env/lib/python3.10/site-packages/tilelang/autotuner/tuner.py", line 769, in _benchmark_target
    jit_input_tensors_cache = jit_input_tensors_supply()
  File "/projects/kzhou6/bcui2/env_software/miniconda3-aarch64/envs/tilebench++_env/lib/python3.10/site-packages/tilelang/autotuner/tuner.py", line 727, in func
    return supply_prog(profiler._get_params(with_output=with_output))
  File "/projects/kzhou6/bcui2/env_software/miniconda3-aarch64/envs/tilebench++_env/lib/python3.10/site-packages/tilelang/autotuner/tuner.py", line 384, in supply_prog
    _cached_tensors_by_device[device] = [
  File "/projects/kzhou6/bcui2/env_software/miniconda3-aarch64/envs/tilebench++_env/lib/python3.10/site-packages/tilelang/autotuner/tuner.py", line 385, in <listcomp>
    tensor.to(device=target_device).clone() if isinstance(tensor, torch.Tensor) else tensor for tensor in _frozen_inputs
torch.AcceleratorError: CUDA error: an illegal instruction was encountered
Search for `cudaErrorIllegalInstruction' in https://docs.nvidia.com/cuda/cuda-runtime-api/group__CUDART__TYPES.html for more information.
CUDA kernel errors might be asynchronously reported at some other API call, so the stacktrace below might be incorrect.
For debugging consider passing CUDA_LAUNCH_BLOCKING=1
Compile with `TORCH_USE_CUDA_DSA` to enable device-side assertions.


2026-10-02 07:58:28,698 WARNING:An error occurred while testing config {'BLOCK_SIZE_M': 32, 'BLOCK_SIZE_N': 128, 'BLOCK_SIZE_K': 64, 'GROUPSIZE': 1, 'threads': 128, 'num_stages': 3}, checkout autotuner.log for more details
2026-10-02 07:58:28,698 DEBUG:Error: Traceback (most recent call last):
  File "/projects/kzhou6/bcui2/env_software/miniconda3-aarch64/envs/tilebench++_env/lib/python3.10/site-packages/tilelang/autotuner/tuner.py", line 650, in _run_benchmark_target
    latency, worker_ref_latency = benchmark_target(
  File "/projects/kzhou6/bcui2/env_software/miniconda3-aarch64/envs/tilebench++_env/lib/python3.10/site-packages/tilelang/autotuner/tuner.py", line 769, in _benchmark_target
    jit_input_tensors_cache = jit_input_tensors_supply()
  File "/projects/kzhou6/bcui2/env_software/miniconda3-aarch64/envs/tilebench++_env/lib/python3.10/site-packages/tilelang/autotuner/tuner.py", line 727, in func
    return supply_prog(profiler._get_params(with_output=with_output))
  File "/projects/kzhou6/bcui2/env_software/miniconda3-aarch64/envs/tilebench++_env/lib/python3.10/site-packages/tilelang/autotuner/tuner.py", line 384, in supply_prog
    _cached_tensors_by_device[device] = [
  File "/projects/kzhou6/bcui2/env_software/miniconda3-aarch64/envs/tilebench++_env/lib/python3.10/site-packages/tilelang/autotuner/tuner.py", line 385, in <listcomp>
    tensor.to(device=target_device).clone() if isinstance(tensor, torch.Tensor) else tensor for tensor in _frozen_inputs
torch.AcceleratorError: CUDA error: an illegal instruction was encountered
Search for `cudaErrorIllegalInstruction' in https://docs.nvidia.com/cuda/cuda-runtime-api/group__CUDART__TYPES.html for more information.
CUDA kernel errors might be asynchronously reported at some other API call, so the stacktrace below might be incorrect.
For debugging consider passing CUDA_LAUNCH_BLOCKING=1
Compile with `TORCH_USE_CUDA_DSA` to enable device-side assertions.


2026-10-02 07:58:28,698 WARNING:An error occurred while testing config {'BLOCK_SIZE_M': 32, 'BLOCK_SIZE_N': 64, 'BLOCK_SIZE_K': 64, 'GROUPSIZE': 8, 'threads': 256, 'num_stages': 2}, checkout autotuner.log for more details
2026-10-02 07:58:28,698 DEBUG:Error: Traceback (most recent call last):
  File "/projects/kzhou6/bcui2/env_software/miniconda3-aarch64/envs/tilebench++_env/lib/python3.10/site-packages/tilelang/autotuner/tuner.py", line 650, in _run_benchmark_target
    latency, worker_ref_latency = benchmark_target(
  File "/projects/kzhou6/bcui2/env_software/miniconda3-aarch64/envs/tilebench++_env/lib/python3.10/site-packages/tilelang/autotuner/tuner.py", line 769, in _benchmark_target
    jit_input_tensors_cache = jit_input_tensors_supply()
  File "/projects/kzhou6/bcui2/env_software/miniconda3-aarch64/envs/tilebench++_env/lib/python3.10/site-packages/tilelang/autotuner/tuner.py", line 727, in func
    return supply_prog(profiler._get_params(with_output=with_output))
  File "/projects/kzhou6/bcui2/env_software/miniconda3-aarch64/envs/tilebench++_env/lib/python3.10/site-packages/tilelang/autotuner/tuner.py", line 384, in supply_prog
    _cached_tensors_by_device[device] = [
  File "/projects/kzhou6/bcui2/env_software/miniconda3-aarch64/envs/tilebench++_env/lib/python3.10/site-packages/tilelang/autotuner/tuner.py", line 385, in <listcomp>
    tensor.to(device=target_device).clone() if isinstance(tensor, torch.Tensor) else tensor for tensor in _frozen_inputs
torch.AcceleratorError: CUDA error: an illegal instruction was encountered
Search for `cudaErrorIllegalInstruction' in https://docs.nvidia.com/cuda/cuda-runtime-api/group__CUDART__TYPES.html for more information.
CUDA kernel errors might be asynchronously reported at some other API call, so the stacktrace below might be incorrect.
For debugging consider passing CUDA_LAUNCH_BLOCKING=1
Compile with `TORCH_USE_CUDA_DSA` to enable device-side assertions.


2026-10-02 07:58:28,698 WARNING:An error occurred while testing config {'BLOCK_SIZE_M': 64, 'BLOCK_SIZE_N': 32, 'BLOCK_SIZE_K': 32, 'GROUPSIZE': 8, 'threads': 128, 'num_stages': 2}, checkout autotuner.log for more details
2026-10-02 07:58:28,699 DEBUG:Error: Traceback (most recent call last):
  File "/projects/kzhou6/bcui2/env_software/miniconda3-aarch64/envs/tilebench++_env/lib/python3.10/site-packages/tilelang/autotuner/tuner.py", line 650, in _run_benchmark_target
    latency, worker_ref_latency = benchmark_target(
  File "/projects/kzhou6/bcui2/env_software/miniconda3-aarch64/envs/tilebench++_env/lib/python3.10/site-packages/tilelang/autotuner/tuner.py", line 769, in _benchmark_target
    jit_input_tensors_cache = jit_input_tensors_supply()
  File "/projects/kzhou6/bcui2/env_software/miniconda3-aarch64/envs/tilebench++_env/lib/python3.10/site-packages/tilelang/autotuner/tuner.py", line 727, in func
    return supply_prog(profiler._get_params(with_output=with_output))
  File "/projects/kzhou6/bcui2/env_software/miniconda3-aarch64/envs/tilebench++_env/lib/python3.10/site-packages/tilelang/autotuner/tuner.py", line 384, in supply_prog
    _cached_tensors_by_device[device] = [
  File "/projects/kzhou6/bcui2/env_software/miniconda3-aarch64/envs/tilebench++_env/lib/python3.10/site-packages/tilelang/autotuner/tuner.py", line 385, in <listcomp>
    tensor.to(device=target_device).clone() if isinstance(tensor, torch.Tensor) else tensor for tensor in _frozen_inputs
torch.AcceleratorError: CUDA error: an illegal instruction was encountered
Search for `cudaErrorIllegalInstruction' in https://docs.nvidia.com/cuda/cuda-runtime-api/group__CUDART__TYPES.html for more information.
CUDA kernel errors might be asynchronously reported at some other API call, so the stacktrace below might be incorrect.
For debugging consider passing CUDA_LAUNCH_BLOCKING=1
Compile with `TORCH_USE_CUDA_DSA` to enable device-side assertions.


2026-10-02 07:58:28,699 WARNING:An error occurred while testing config {'BLOCK_SIZE_M': 64, 'BLOCK_SIZE_N': 32, 'BLOCK_SIZE_K': 64, 'GROUPSIZE': 1, 'threads': 128, 'num_stages': 3}, checkout autotuner.log for more details
2026-10-02 07:58:28,699 DEBUG:Error: Traceback (most recent call last):
  File "/projects/kzhou6/bcui2/env_software/miniconda3-aarch64/envs/tilebench++_env/lib/python3.10/site-packages/tilelang/autotuner/tuner.py", line 650, in _run_benchmark_target
    latency, worker_ref_latency = benchmark_target(
  File "/projects/kzhou6/bcui2/env_software/miniconda3-aarch64/envs/tilebench++_env/lib/python3.10/site-packages/tilelang/autotuner/tuner.py", line 769, in _benchmark_target
    jit_input_tensors_cache = jit_input_tensors_supply()
  File "/projects/kzhou6/bcui2/env_software/miniconda3-aarch64/envs/tilebench++_env/lib/python3.10/site-packages/tilelang/autotuner/tuner.py", line 727, in func
    return supply_prog(profiler._get_params(with_output=with_output))
  File "/projects/kzhou6/bcui2/env_software/miniconda3-aarch64/envs/tilebench++_env/lib/python3.10/site-packages/tilelang/autotuner/tuner.py", line 384, in supply_prog
    _cached_tensors_by_device[device] = [
  File "/projects/kzhou6/bcui2/env_software/miniconda3-aarch64/envs/tilebench++_env/lib/python3.10/site-packages/tilelang/autotuner/tuner.py", line 385, in <listcomp>
    tensor.to(device=target_device).clone() if isinstance(tensor, torch.Tensor) else tensor for tensor in _frozen_inputs
torch.AcceleratorError: CUDA error: an illegal instruction was encountered
Search for `cudaErrorIllegalInstruction' in https://docs.nvidia.com/cuda/cuda-runtime-api/group__CUDART__TYPES.html for more information.
CUDA kernel errors might be asynchronously reported at some other API call, so the stacktrace below might be incorrect.
For debugging consider passing CUDA_LAUNCH_BLOCKING=1
Compile with `TORCH_USE_CUDA_DSA` to enable device-side assertions.


2026-10-02 07:58:28,699 WARNING:An error occurred while testing config {'BLOCK_SIZE_M': 64, 'BLOCK_SIZE_N': 32, 'BLOCK_SIZE_K': 32, 'GROUPSIZE': 8, 'threads': 128, 'num_stages': 3}, checkout autotuner.log for more details
2026-10-02 07:58:28,699 DEBUG:Error: Traceback (most recent call last):
  File "/projects/kzhou6/bcui2/env_software/miniconda3-aarch64/envs/tilebench++_env/lib/python3.10/site-packages/tilelang/autotuner/tuner.py", line 650, in _run_benchmark_target
    latency, worker_ref_latency = benchmark_target(
  File "/projects/kzhou6/bcui2/env_software/miniconda3-aarch64/envs/tilebench++_env/lib/python3.10/site-packages/tilelang/autotuner/tuner.py", line 769, in _benchmark_target
    jit_input_tensors_cache = jit_input_tensors_supply()
  File "/projects/kzhou6/bcui2/env_software/miniconda3-aarch64/envs/tilebench++_env/lib/python3.10/site-packages/tilelang/autotuner/tuner.py", line 727, in func
    return supply_prog(profiler._get_params(with_output=with_output))
  File "/projects/kzhou6/bcui2/env_software/miniconda3-aarch64/envs/tilebench++_env/lib/python3.10/site-packages/tilelang/autotuner/tuner.py", line 384, in supply_prog
    _cached_tensors_by_device[device] = [
  File "/projects/kzhou6/bcui2/env_software/miniconda3-aarch64/envs/tilebench++_env/lib/python3.10/site-packages/tilelang/autotuner/tuner.py", line 385, in <listcomp>
    tensor.to(device=target_device).clone() if isinstance(tensor, torch.Tensor) else tensor for tensor in _frozen_inputs
torch.AcceleratorError: CUDA error: an illegal instruction was encountered
Search for `cudaErrorIllegalInstruction' in https://docs.nvidia.com/cuda/cuda-runtime-api/group__CUDART__TYPES.html for more information.
CUDA kernel errors might be asynchronously reported at some other API call, so the stacktrace below might be incorrect.
For debugging consider passing CUDA_LAUNCH_BLOCKING=1
Compile with `TORCH_USE_CUDA_DSA` to enable device-side assertions.


2026-10-02 07:58:28,700 WARNING:An error occurred while testing config {'BLOCK_SIZE_M': 64, 'BLOCK_SIZE_N': 32, 'BLOCK_SIZE_K': 32, 'GROUPSIZE': 1, 'threads': 128, 'num_stages': 2}, checkout autotuner.log for more details
2026-10-02 07:58:28,700 DEBUG:Error: Traceback (most recent call last):
  File "/projects/kzhou6/bcui2/env_software/miniconda3-aarch64/envs/tilebench++_env/lib/python3.10/site-packages/tilelang/autotuner/tuner.py", line 650, in _run_benchmark_target
    latency, worker_ref_latency = benchmark_target(
  File "/projects/kzhou6/bcui2/env_software/miniconda3-aarch64/envs/tilebench++_env/lib/python3.10/site-packages/tilelang/autotuner/tuner.py", line 769, in _benchmark_target
    jit_input_tensors_cache = jit_input_tensors_supply()
  File "/projects/kzhou6/bcui2/env_software/miniconda3-aarch64/envs/tilebench++_env/lib/python3.10/site-packages/tilelang/autotuner/tuner.py", line 727, in func
    return supply_prog(profiler._get_params(with_output=with_output))
  File "/projects/kzhou6/bcui2/env_software/miniconda3-aarch64/envs/tilebench++_env/lib/python3.10/site-packages/tilelang/autotuner/tuner.py", line 384, in supply_prog
    _cached_tensors_by_device[device] = [
  File "/projects/kzhou6/bcui2/env_software/miniconda3-aarch64/envs/tilebench++_env/lib/python3.10/site-packages/tilelang/autotuner/tuner.py", line 385, in <listcomp>
    tensor.to(device=target_device).clone() if isinstance(tensor, torch.Tensor) else tensor for tensor in _frozen_inputs
torch.AcceleratorError: CUDA error: an illegal instruction was encountered
Search for `cudaErrorIllegalInstruction' in https://docs.nvidia.com/cuda/cuda-runtime-api/group__CUDART__TYPES.html for more information.
CUDA kernel errors might be asynchronously reported at some other API call, so the stacktrace below might be incorrect.
For debugging consider passing CUDA_LAUNCH_BLOCKING=1
Compile with `TORCH_USE_CUDA_DSA` to enable device-side assertions.


2026-10-02 07:58:28,700 WARNING:An error occurred while testing config {'BLOCK_SIZE_M': 32, 'BLOCK_SIZE_N': 128, 'BLOCK_SIZE_K': 64, 'GROUPSIZE': 1, 'threads': 256, 'num_stages': 3}, checkout autotuner.log for more details
2026-10-02 07:58:28,700 DEBUG:Error: Traceback (most recent call last):
  File "/projects/kzhou6/bcui2/env_software/miniconda3-aarch64/envs/tilebench++_env/lib/python3.10/site-packages/tilelang/autotuner/tuner.py", line 650, in _run_benchmark_target
    latency, worker_ref_latency = benchmark_target(
  File "/projects/kzhou6/bcui2/env_software/miniconda3-aarch64/envs/tilebench++_env/lib/python3.10/site-packages/tilelang/autotuner/tuner.py", line 769, in _benchmark_target
    jit_input_tensors_cache = jit_input_tensors_supply()
  File "/projects/kzhou6/bcui2/env_software/miniconda3-aarch64/envs/tilebench++_env/lib/python3.10/site-packages/tilelang/autotuner/tuner.py", line 727, in func
    return supply_prog(profiler._get_params(with_output=with_output))
  File "/projects/kzhou6/bcui2/env_software/miniconda3-aarch64/envs/tilebench++_env/lib/python3.10/site-packages/tilelang/autotuner/tuner.py", line 384, in supply_prog
    _cached_tensors_by_device[device] = [
  File "/projects/kzhou6/bcui2/env_software/miniconda3-aarch64/envs/tilebench++_env/lib/python3.10/site-packages/tilelang/autotuner/tuner.py", line 385, in <listcomp>
    tensor.to(device=target_device).clone() if isinstance(tensor, torch.Tensor) else tensor for tensor in _frozen_inputs
torch.AcceleratorError: CUDA error: an illegal instruction was encountered
Search for `cudaErrorIllegalInstruction' in https://docs.nvidia.com/cuda/cuda-runtime-api/group__CUDART__TYPES.html for more information.
CUDA kernel errors might be asynchronously reported at some other API call, so the stacktrace below might be incorrect.
For debugging consider passing CUDA_LAUNCH_BLOCKING=1
Compile with `TORCH_USE_CUDA_DSA` to enable device-side assertions.


2026-10-02 07:58:28,700 WARNING:An error occurred while testing config {'BLOCK_SIZE_M': 64, 'BLOCK_SIZE_N': 32, 'BLOCK_SIZE_K': 32, 'GROUPSIZE': 8, 'threads': 128, 'num_stages': 4}, checkout autotuner.log for more details
2026-10-02 07:58:28,701 DEBUG:Error: Traceback (most recent call last):
  File "/projects/kzhou6/bcui2/env_software/miniconda3-aarch64/envs/tilebench++_env/lib/python3.10/site-packages/tilelang/autotuner/tuner.py", line 650, in _run_benchmark_target
    latency, worker_ref_latency = benchmark_target(
  File "/projects/kzhou6/bcui2/env_software/miniconda3-aarch64/envs/tilebench++_env/lib/python3.10/site-packages/tilelang/autotuner/tuner.py", line 769, in _benchmark_target
    jit_input_tensors_cache = jit_input_tensors_supply()
  File "/projects/kzhou6/bcui2/env_software/miniconda3-aarch64/envs/tilebench++_env/lib/python3.10/site-packages/tilelang/autotuner/tuner.py", line 727, in func
    return supply_prog(profiler._get_params(with_output=with_output))
  File "/projects/kzhou6/bcui2/env_software/miniconda3-aarch64/envs/tilebench++_env/lib/python3.10/site-packages/tilelang/autotuner/tuner.py", line 384, in supply_prog
    _cached_tensors_by_device[device] = [
  File "/projects/kzhou6/bcui2/env_software/miniconda3-aarch64/envs/tilebench++_env/lib/python3.10/site-packages/tilelang/autotuner/tuner.py", line 385, in <listcomp>
    tensor.to(device=target_device).clone() if isinstance(tensor, torch.Tensor) else tensor for tensor in _frozen_inputs
torch.AcceleratorError: CUDA error: an illegal instruction was encountered
Search for `cudaErrorIllegalInstruction' in https://docs.nvidia.com/cuda/cuda-runtime-api/group__CUDART__TYPES.html for more information.
CUDA kernel errors might be asynchronously reported at some other API call, so the stacktrace below might be incorrect.
For debugging consider passing CUDA_LAUNCH_BLOCKING=1
Compile with `TORCH_USE_CUDA_DSA` to enable device-side assertions.


2026-10-02 07:58:28,701 WARNING:An error occurred while testing config {'BLOCK_SIZE_M': 32, 'BLOCK_SIZE_N': 128, 'BLOCK_SIZE_K': 64, 'GROUPSIZE': 8, 'threads': 256, 'num_stages': 3}, checkout autotuner.log for more details
2026-10-02 07:58:28,701 DEBUG:Error: Traceback (most recent call last):
  File "/projects/kzhou6/bcui2/env_software/miniconda3-aarch64/envs/tilebench++_env/lib/python3.10/site-packages/tilelang/autotuner/tuner.py", line 650, in _run_benchmark_target
    latency, worker_ref_latency = benchmark_target(
  File "/projects/kzhou6/bcui2/env_software/miniconda3-aarch64/envs/tilebench++_env/lib/python3.10/site-packages/tilelang/autotuner/tuner.py", line 769, in _benchmark_target
    jit_input_tensors_cache = jit_input_tensors_supply()
  File "/projects/kzhou6/bcui2/env_software/miniconda3-aarch64/envs/tilebench++_env/lib/python3.10/site-packages/tilelang/autotuner/tuner.py", line 727, in func
    return supply_prog(profiler._get_params(with_output=with_output))
  File "/projects/kzhou6/bcui2/env_software/miniconda3-aarch64/envs/tilebench++_env/lib/python3.10/site-packages/tilelang/autotuner/tuner.py", line 384, in supply_prog
    _cached_tensors_by_device[device] = [
  File "/projects/kzhou6/bcui2/env_software/miniconda3-aarch64/envs/tilebench++_env/lib/python3.10/site-packages/tilelang/autotuner/tuner.py", line 385, in <listcomp>
    tensor.to(device=target_device).clone() if isinstance(tensor, torch.Tensor) else tensor for tensor in _frozen_inputs
torch.AcceleratorError: CUDA error: an illegal instruction was encountered
Search for `cudaErrorIllegalInstruction' in https://docs.nvidia.com/cuda/cuda-runtime-api/group__CUDART__TYPES.html for more information.
CUDA kernel errors might be asynchronously reported at some other API call, so the stacktrace below might be incorrect.
For debugging consider passing CUDA_LAUNCH_BLOCKING=1
Compile with `TORCH_USE_CUDA_DSA` to enable device-side assertions.


2026-10-02 07:58:28,701 WARNING:An error occurred while testing config {'BLOCK_SIZE_M': 32, 'BLOCK_SIZE_N': 128, 'BLOCK_SIZE_K': 32, 'GROUPSIZE': 8, 'threads': 128, 'num_stages': 2}, checkout autotuner.log for more details
2026-10-02 07:58:28,701 DEBUG:Error: Traceback (most recent call last):
  File "/projects/kzhou6/bcui2/env_software/miniconda3-aarch64/envs/tilebench++_env/lib/python3.10/site-packages/tilelang/autotuner/tuner.py", line 650, in _run_benchmark_target
    latency, worker_ref_latency = benchmark_target(
  File "/projects/kzhou6/bcui2/env_software/miniconda3-aarch64/envs/tilebench++_env/lib/python3.10/site-packages/tilelang/autotuner/tuner.py", line 769, in _benchmark_target
    jit_input_tensors_cache = jit_input_tensors_supply()
  File "/projects/kzhou6/bcui2/env_software/miniconda3-aarch64/envs/tilebench++_env/lib/python3.10/site-packages/tilelang/autotuner/tuner.py", line 727, in func
    return supply_prog(profiler._get_params(with_output=with_output))
  File "/projects/kzhou6/bcui2/env_software/miniconda3-aarch64/envs/tilebench++_env/lib/python3.10/site-packages/tilelang/autotuner/tuner.py", line 384, in supply_prog
    _cached_tensors_by_device[device] = [
  File "/projects/kzhou6/bcui2/env_software/miniconda3-aarch64/envs/tilebench++_env/lib/python3.10/site-packages/tilelang/autotuner/tuner.py", line 385, in <listcomp>
    tensor.to(device=target_device).clone() if isinstance(tensor, torch.Tensor) else tensor for tensor in _frozen_inputs
torch.AcceleratorError: CUDA error: an illegal instruction was encountered
Search for `cudaErrorIllegalInstruction' in https://docs.nvidia.com/cuda/cuda-runtime-api/group__CUDART__TYPES.html for more information.
CUDA kernel errors might be asynchronously reported at some other API call, so the stacktrace below might be incorrect.
For debugging consider passing CUDA_LAUNCH_BLOCKING=1
Compile with `TORCH_USE_CUDA_DSA` to enable device-side assertions.


2026-10-02 07:58:28,702 WARNING:An error occurred while testing config {'BLOCK_SIZE_M': 64, 'BLOCK_SIZE_N': 32, 'BLOCK_SIZE_K': 32, 'GROUPSIZE': 1, 'threads': 128, 'num_stages': 3}, checkout autotuner.log for more details
2026-10-02 07:58:28,702 DEBUG:Error: Traceback (most recent call last):
  File "/projects/kzhou6/bcui2/env_software/miniconda3-aarch64/envs/tilebench++_env/lib/python3.10/site-packages/tilelang/autotuner/tuner.py", line 650, in _run_benchmark_target
    latency, worker_ref_latency = benchmark_target(
  File "/projects/kzhou6/bcui2/env_software/miniconda3-aarch64/envs/tilebench++_env/lib/python3.10/site-packages/tilelang/autotuner/tuner.py", line 769, in _benchmark_target
    jit_input_tensors_cache = jit_input_tensors_supply()
  File "/projects/kzhou6/bcui2/env_software/miniconda3-aarch64/envs/tilebench++_env/lib/python3.10/site-packages/tilelang/autotuner/tuner.py", line 727, in func
    return supply_prog(profiler._get_params(with_output=with_output))
  File "/projects/kzhou6/bcui2/env_software/miniconda3-aarch64/envs/tilebench++_env/lib/python3.10/site-packages/tilelang/autotuner/tuner.py", line 384, in supply_prog
    _cached_tensors_by_device[device] = [
  File "/projects/kzhou6/bcui2/env_software/miniconda3-aarch64/envs/tilebench++_env/lib/python3.10/site-packages/tilelang/autotuner/tuner.py", line 385, in <listcomp>
    tensor.to(device=target_device).clone() if isinstance(tensor, torch.Tensor) else tensor for tensor in _frozen_inputs
torch.AcceleratorError: CUDA error: an illegal instruction was encountered
Search for `cudaErrorIllegalInstruction' in https://docs.nvidia.com/cuda/cuda-runtime-api/group__CUDART__TYPES.html for more information.
CUDA kernel errors might be asynchronously reported at some other API call, so the stacktrace below might be incorrect.
For debugging consider passing CUDA_LAUNCH_BLOCKING=1
Compile with `TORCH_USE_CUDA_DSA` to enable device-side assertions.


2026-10-02 07:58:28,702 WARNING:An error occurred while testing config {'BLOCK_SIZE_M': 64, 'BLOCK_SIZE_N': 32, 'BLOCK_SIZE_K': 64, 'GROUPSIZE': 1, 'threads': 256, 'num_stages': 2}, checkout autotuner.log for more details
2026-10-02 07:58:28,702 DEBUG:Error: Traceback (most recent call last):
  File "/projects/kzhou6/bcui2/env_software/miniconda3-aarch64/envs/tilebench++_env/lib/python3.10/site-packages/tilelang/autotuner/tuner.py", line 650, in _run_benchmark_target
    latency, worker_ref_latency = benchmark_target(
  File "/projects/kzhou6/bcui2/env_software/miniconda3-aarch64/envs/tilebench++_env/lib/python3.10/site-packages/tilelang/autotuner/tuner.py", line 769, in _benchmark_target
    jit_input_tensors_cache = jit_input_tensors_supply()
  File "/projects/kzhou6/bcui2/env_software/miniconda3-aarch64/envs/tilebench++_env/lib/python3.10/site-packages/tilelang/autotuner/tuner.py", line 727, in func
    return supply_prog(profiler._get_params(with_output=with_output))
  File "/projects/kzhou6/bcui2/env_software/miniconda3-aarch64/envs/tilebench++_env/lib/python3.10/site-packages/tilelang/autotuner/tuner.py", line 384, in supply_prog
    _cached_tensors_by_device[device] = [
  File "/projects/kzhou6/bcui2/env_software/miniconda3-aarch64/envs/tilebench++_env/lib/python3.10/site-packages/tilelang/autotuner/tuner.py", line 385, in <listcomp>
    tensor.to(device=target_device).clone() if isinstance(tensor, torch.Tensor) else tensor for tensor in _frozen_inputs
torch.AcceleratorError: CUDA error: an illegal instruction was encountered
Search for `cudaErrorIllegalInstruction' in https://docs.nvidia.com/cuda/cuda-runtime-api/group__CUDART__TYPES.html for more information.
CUDA kernel errors might be asynchronously reported at some other API call, so the stacktrace below might be incorrect.
For debugging consider passing CUDA_LAUNCH_BLOCKING=1
Compile with `TORCH_USE_CUDA_DSA` to enable device-side assertions.


2026-10-02 07:58:28,703 WARNING:An error occurred while testing config {'BLOCK_SIZE_M': 64, 'BLOCK_SIZE_N': 32, 'BLOCK_SIZE_K': 32, 'GROUPSIZE': 1, 'threads': 256, 'num_stages': 2}, checkout autotuner.log for more details
2026-10-02 07:58:28,703 DEBUG:Error: Traceback (most recent call last):
  File "/projects/kzhou6/bcui2/env_software/miniconda3-aarch64/envs/tilebench++_env/lib/python3.10/site-packages/tilelang/autotuner/tuner.py", line 650, in _run_benchmark_target
    latency, worker_ref_latency = benchmark_target(
  File "/projects/kzhou6/bcui2/env_software/miniconda3-aarch64/envs/tilebench++_env/lib/python3.10/site-packages/tilelang/autotuner/tuner.py", line 769, in _benchmark_target
    jit_input_tensors_cache = jit_input_tensors_supply()
  File "/projects/kzhou6/bcui2/env_software/miniconda3-aarch64/envs/tilebench++_env/lib/python3.10/site-packages/tilelang/autotuner/tuner.py", line 727, in func
    return supply_prog(profiler._get_params(with_output=with_output))
  File "/projects/kzhou6/bcui2/env_software/miniconda3-aarch64/envs/tilebench++_env/lib/python3.10/site-packages/tilelang/autotuner/tuner.py", line 384, in supply_prog
    _cached_tensors_by_device[device] = [
  File "/projects/kzhou6/bcui2/env_software/miniconda3-aarch64/envs/tilebench++_env/lib/python3.10/site-packages/tilelang/autotuner/tuner.py", line 385, in <listcomp>
    tensor.to(device=target_device).clone() if isinstance(tensor, torch.Tensor) else tensor for tensor in _frozen_inputs
torch.AcceleratorError: CUDA error: an illegal instruction was encountered
Search for `cudaErrorIllegalInstruction' in https://docs.nvidia.com/cuda/cuda-runtime-api/group__CUDART__TYPES.html for more information.
CUDA kernel errors might be asynchronously reported at some other API call, so the stacktrace below might be incorrect.
For debugging consider passing CUDA_LAUNCH_BLOCKING=1
Compile with `TORCH_USE_CUDA_DSA` to enable device-side assertions.


2026-10-02 07:58:28,703 WARNING:An error occurred while testing config {'BLOCK_SIZE_M': 64, 'BLOCK_SIZE_N': 32, 'BLOCK_SIZE_K': 32, 'GROUPSIZE': 8, 'threads': 256, 'num_stages': 3}, checkout autotuner.log for more details
2026-10-02 07:58:28,703 DEBUG:Error: Traceback (most recent call last):
  File "/projects/kzhou6/bcui2/env_software/miniconda3-aarch64/envs/tilebench++_env/lib/python3.10/site-packages/tilelang/autotuner/tuner.py", line 650, in _run_benchmark_target
    latency, worker_ref_latency = benchmark_target(
  File "/projects/kzhou6/bcui2/env_software/miniconda3-aarch64/envs/tilebench++_env/lib/python3.10/site-packages/tilelang/autotuner/tuner.py", line 769, in _benchmark_target
    jit_input_tensors_cache = jit_input_tensors_supply()
  File "/projects/kzhou6/bcui2/env_software/miniconda3-aarch64/envs/tilebench++_env/lib/python3.10/site-packages/tilelang/autotuner/tuner.py", line 727, in func
    return supply_prog(profiler._get_params(with_output=with_output))
  File "/projects/kzhou6/bcui2/env_software/miniconda3-aarch64/envs/tilebench++_env/lib/python3.10/site-packages/tilelang/autotuner/tuner.py", line 384, in supply_prog
    _cached_tensors_by_device[device] = [
  File "/projects/kzhou6/bcui2/env_software/miniconda3-aarch64/envs/tilebench++_env/lib/python3.10/site-packages/tilelang/autotuner/tuner.py", line 385, in <listcomp>
    tensor.to(device=target_device).clone() if isinstance(tensor, torch.Tensor) else tensor for tensor in _frozen_inputs
torch.AcceleratorError: CUDA error: an illegal instruction was encountered
Search for `cudaErrorIllegalInstruction' in https://docs.nvidia.com/cuda/cuda-runtime-api/group__CUDART__TYPES.html for more information.
CUDA kernel errors might be asynchronously reported at some other API call, so the stacktrace below might be incorrect.
For debugging consider passing CUDA_LAUNCH_BLOCKING=1
Compile with `TORCH_USE_CUDA_DSA` to enable device-side assertions.


2026-10-02 07:58:28,703 WARNING:An error occurred while testing config {'BLOCK_SIZE_M': 64, 'BLOCK_SIZE_N': 32, 'BLOCK_SIZE_K': 64, 'GROUPSIZE': 1, 'threads': 128, 'num_stages': 4}, checkout autotuner.log for more details
2026-10-02 07:58:28,703 DEBUG:Error: Traceback (most recent call last):
  File "/projects/kzhou6/bcui2/env_software/miniconda3-aarch64/envs/tilebench++_env/lib/python3.10/site-packages/tilelang/autotuner/tuner.py", line 650, in _run_benchmark_target
    latency, worker_ref_latency = benchmark_target(
  File "/projects/kzhou6/bcui2/env_software/miniconda3-aarch64/envs/tilebench++_env/lib/python3.10/site-packages/tilelang/autotuner/tuner.py", line 769, in _benchmark_target
    jit_input_tensors_cache = jit_input_tensors_supply()
  File "/projects/kzhou6/bcui2/env_software/miniconda3-aarch64/envs/tilebench++_env/lib/python3.10/site-packages/tilelang/autotuner/tuner.py", line 727, in func
    return supply_prog(profiler._get_params(with_output=with_output))
  File "/projects/kzhou6/bcui2/env_software/miniconda3-aarch64/envs/tilebench++_env/lib/python3.10/site-packages/tilelang/autotuner/tuner.py", line 384, in supply_prog
    _cached_tensors_by_device[device] = [
  File "/projects/kzhou6/bcui2/env_software/miniconda3-aarch64/envs/tilebench++_env/lib/python3.10/site-packages/tilelang/autotuner/tuner.py", line 385, in <listcomp>
    tensor.to(device=target_device).clone() if isinstance(tensor, torch.Tensor) else tensor for tensor in _frozen_inputs
torch.AcceleratorError: CUDA error: an illegal instruction was encountered
Search for `cudaErrorIllegalInstruction' in https://docs.nvidia.com/cuda/cuda-runtime-api/group__CUDART__TYPES.html for more information.
CUDA kernel errors might be asynchronously reported at some other API call, so the stacktrace below might be incorrect.
For debugging consider passing CUDA_LAUNCH_BLOCKING=1
Compile with `TORCH_USE_CUDA_DSA` to enable device-side assertions.


2026-10-02 07:58:28,704 WARNING:An error occurred while testing config {'BLOCK_SIZE_M': 64, 'BLOCK_SIZE_N': 32, 'BLOCK_SIZE_K': 64, 'GROUPSIZE': 8, 'threads': 256, 'num_stages': 3}, checkout autotuner.log for more details
2026-10-02 07:58:28,704 DEBUG:Error: Traceback (most recent call last):
  File "/projects/kzhou6/bcui2/env_software/miniconda3-aarch64/envs/tilebench++_env/lib/python3.10/site-packages/tilelang/autotuner/tuner.py", line 650, in _run_benchmark_target
    latency, worker_ref_latency = benchmark_target(
  File "/projects/kzhou6/bcui2/env_software/miniconda3-aarch64/envs/tilebench++_env/lib/python3.10/site-packages/tilelang/autotuner/tuner.py", line 769, in _benchmark_target
    jit_input_tensors_cache = jit_input_tensors_supply()
  File "/projects/kzhou6/bcui2/env_software/miniconda3-aarch64/envs/tilebench++_env/lib/python3.10/site-packages/tilelang/autotuner/tuner.py", line 727, in func
    return supply_prog(profiler._get_params(with_output=with_output))
  File "/projects/kzhou6/bcui2/env_software/miniconda3-aarch64/envs/tilebench++_env/lib/python3.10/site-packages/tilelang/autotuner/tuner.py", line 384, in supply_prog
    _cached_tensors_by_device[device] = [
  File "/projects/kzhou6/bcui2/env_software/miniconda3-aarch64/envs/tilebench++_env/lib/python3.10/site-packages/tilelang/autotuner/tuner.py", line 385, in <listcomp>
    tensor.to(device=target_device).clone() if isinstance(tensor, torch.Tensor) else tensor for tensor in _frozen_inputs
torch.AcceleratorError: CUDA error: an illegal instruction was encountered
Search for `cudaErrorIllegalInstruction' in https://docs.nvidia.com/cuda/cuda-runtime-api/group__CUDART__TYPES.html for more information.
CUDA kernel errors might be asynchronously reported at some other API call, so the stacktrace below might be incorrect.
For debugging consider passing CUDA_LAUNCH_BLOCKING=1
Compile with `TORCH_USE_CUDA_DSA` to enable device-side assertions.


2026-10-02 07:58:28,704 WARNING:An error occurred while testing config {'BLOCK_SIZE_M': 64, 'BLOCK_SIZE_N': 32, 'BLOCK_SIZE_K': 64, 'GROUPSIZE': 1, 'threads': 256, 'num_stages': 4}, checkout autotuner.log for more details
2026-10-02 07:58:28,704 DEBUG:Error: Traceback (most recent call last):
  File "/projects/kzhou6/bcui2/env_software/miniconda3-aarch64/envs/tilebench++_env/lib/python3.10/site-packages/tilelang/autotuner/tuner.py", line 650, in _run_benchmark_target
    latency, worker_ref_latency = benchmark_target(
  File "/projects/kzhou6/bcui2/env_software/miniconda3-aarch64/envs/tilebench++_env/lib/python3.10/site-packages/tilelang/autotuner/tuner.py", line 769, in _benchmark_target
    jit_input_tensors_cache = jit_input_tensors_supply()
  File "/projects/kzhou6/bcui2/env_software/miniconda3-aarch64/envs/tilebench++_env/lib/python3.10/site-packages/tilelang/autotuner/tuner.py", line 727, in func
    return supply_prog(profiler._get_params(with_output=with_output))
  File "/projects/kzhou6/bcui2/env_software/miniconda3-aarch64/envs/tilebench++_env/lib/python3.10/site-packages/tilelang/autotuner/tuner.py", line 384, in supply_prog
    _cached_tensors_by_device[device] = [
  File "/projects/kzhou6/bcui2/env_software/miniconda3-aarch64/envs/tilebench++_env/lib/python3.10/site-packages/tilelang/autotuner/tuner.py", line 385, in <listcomp>
    tensor.to(device=target_device).clone() if isinstance(tensor, torch.Tensor) else tensor for tensor in _frozen_inputs
torch.AcceleratorError: CUDA error: an illegal instruction was encountered
Search for `cudaErrorIllegalInstruction' in https://docs.nvidia.com/cuda/cuda-runtime-api/group__CUDART__TYPES.html for more information.
CUDA kernel errors might be asynchronously reported at some other API call, so the stacktrace below might be incorrect.
For debugging consider passing CUDA_LAUNCH_BLOCKING=1
Compile with `TORCH_USE_CUDA_DSA` to enable device-side assertions.


2026-10-02 07:58:28,705 WARNING:An error occurred while testing config {'BLOCK_SIZE_M': 64, 'BLOCK_SIZE_N': 32, 'BLOCK_SIZE_K': 32, 'GROUPSIZE': 1, 'threads': 256, 'num_stages': 3}, checkout autotuner.log for more details
2026-10-02 07:58:28,705 DEBUG:Error: Traceback (most recent call last):
  File "/projects/kzhou6/bcui2/env_software/miniconda3-aarch64/envs/tilebench++_env/lib/python3.10/site-packages/tilelang/autotuner/tuner.py", line 650, in _run_benchmark_target
    latency, worker_ref_latency = benchmark_target(
  File "/projects/kzhou6/bcui2/env_software/miniconda3-aarch64/envs/tilebench++_env/lib/python3.10/site-packages/tilelang/autotuner/tuner.py", line 769, in _benchmark_target
    jit_input_tensors_cache = jit_input_tensors_supply()
  File "/projects/kzhou6/bcui2/env_software/miniconda3-aarch64/envs/tilebench++_env/lib/python3.10/site-packages/tilelang/autotuner/tuner.py", line 727, in func
    return supply_prog(profiler._get_params(with_output=with_output))
  File "/projects/kzhou6/bcui2/env_software/miniconda3-aarch64/envs/tilebench++_env/lib/python3.10/site-packages/tilelang/autotuner/tuner.py", line 384, in supply_prog
    _cached_tensors_by_device[device] = [
  File "/projects/kzhou6/bcui2/env_software/miniconda3-aarch64/envs/tilebench++_env/lib/python3.10/site-packages/tilelang/autotuner/tuner.py", line 385, in <listcomp>
    tensor.to(device=target_device).clone() if isinstance(tensor, torch.Tensor) else tensor for tensor in _frozen_inputs
torch.AcceleratorError: CUDA error: an illegal instruction was encountered
Search for `cudaErrorIllegalInstruction' in https://docs.nvidia.com/cuda/cuda-runtime-api/group__CUDART__TYPES.html for more information.
CUDA kernel errors might be asynchronously reported at some other API call, so the stacktrace below might be incorrect.
For debugging consider passing CUDA_LAUNCH_BLOCKING=1
Compile with `TORCH_USE_CUDA_DSA` to enable device-side assertions.


2026-10-02 07:58:28,705 WARNING:An error occurred while testing config {'BLOCK_SIZE_M': 64, 'BLOCK_SIZE_N': 32, 'BLOCK_SIZE_K': 64, 'GROUPSIZE': 1, 'threads': 128, 'num_stages': 2}, checkout autotuner.log for more details
2026-10-02 07:58:28,705 DEBUG:Error: Traceback (most recent call last):
  File "/projects/kzhou6/bcui2/env_software/miniconda3-aarch64/envs/tilebench++_env/lib/python3.10/site-packages/tilelang/autotuner/tuner.py", line 650, in _run_benchmark_target
    latency, worker_ref_latency = benchmark_target(
  File "/projects/kzhou6/bcui2/env_software/miniconda3-aarch64/envs/tilebench++_env/lib/python3.10/site-packages/tilelang/autotuner/tuner.py", line 769, in _benchmark_target
    jit_input_tensors_cache = jit_input_tensors_supply()
  File "/projects/kzhou6/bcui2/env_software/miniconda3-aarch64/envs/tilebench++_env/lib/python3.10/site-packages/tilelang/autotuner/tuner.py", line 727, in func
    return supply_prog(profiler._get_params(with_output=with_output))
  File "/projects/kzhou6/bcui2/env_software/miniconda3-aarch64/envs/tilebench++_env/lib/python3.10/site-packages/tilelang/autotuner/tuner.py", line 384, in supply_prog
    _cached_tensors_by_device[device] = [
  File "/projects/kzhou6/bcui2/env_software/miniconda3-aarch64/envs/tilebench++_env/lib/python3.10/site-packages/tilelang/autotuner/tuner.py", line 385, in <listcomp>
    tensor.to(device=target_device).clone() if isinstance(tensor, torch.Tensor) else tensor for tensor in _frozen_inputs
torch.AcceleratorError: CUDA error: an illegal instruction was encountered
Search for `cudaErrorIllegalInstruction' in https://docs.nvidia.com/cuda/cuda-runtime-api/group__CUDART__TYPES.html for more information.
CUDA kernel errors might be asynchronously reported at some other API call, so the stacktrace below might be incorrect.
For debugging consider passing CUDA_LAUNCH_BLOCKING=1
Compile with `TORCH_USE_CUDA_DSA` to enable device-side assertions.


2026-10-02 07:58:28,705 WARNING:An error occurred while testing config {'BLOCK_SIZE_M': 64, 'BLOCK_SIZE_N': 128, 'BLOCK_SIZE_K': 32, 'GROUPSIZE': 1, 'threads': 128, 'num_stages': 3}, checkout autotuner.log for more details
2026-10-02 07:58:28,705 DEBUG:Error: Traceback (most recent call last):
  File "/projects/kzhou6/bcui2/env_software/miniconda3-aarch64/envs/tilebench++_env/lib/python3.10/site-packages/tilelang/autotuner/tuner.py", line 650, in _run_benchmark_target
    latency, worker_ref_latency = benchmark_target(
  File "/projects/kzhou6/bcui2/env_software/miniconda3-aarch64/envs/tilebench++_env/lib/python3.10/site-packages/tilelang/autotuner/tuner.py", line 769, in _benchmark_target
    jit_input_tensors_cache = jit_input_tensors_supply()
  File "/projects/kzhou6/bcui2/env_software/miniconda3-aarch64/envs/tilebench++_env/lib/python3.10/site-packages/tilelang/autotuner/tuner.py", line 727, in func
    return supply_prog(profiler._get_params(with_output=with_output))
  File "/projects/kzhou6/bcui2/env_software/miniconda3-aarch64/envs/tilebench++_env/lib/python3.10/site-packages/tilelang/autotuner/tuner.py", line 384, in supply_prog
    _cached_tensors_by_device[device] = [
  File "/projects/kzhou6/bcui2/env_software/miniconda3-aarch64/envs/tilebench++_env/lib/python3.10/site-packages/tilelang/autotuner/tuner.py", line 385, in <listcomp>
    tensor.to(device=target_device).clone() if isinstance(tensor, torch.Tensor) else tensor for tensor in _frozen_inputs
torch.AcceleratorError: CUDA error: an illegal instruction was encountered
Search for `cudaErrorIllegalInstruction' in https://docs.nvidia.com/cuda/cuda-runtime-api/group__CUDART__TYPES.html for more information.
CUDA kernel errors might be asynchronously reported at some other API call, so the stacktrace below might be incorrect.
For debugging consider passing CUDA_LAUNCH_BLOCKING=1
Compile with `TORCH_USE_CUDA_DSA` to enable device-side assertions.


2026-10-02 07:58:28,706 WARNING:An error occurred while testing config {'BLOCK_SIZE_M': 64, 'BLOCK_SIZE_N': 128, 'BLOCK_SIZE_K': 32, 'GROUPSIZE': 1, 'threads': 128, 'num_stages': 2}, checkout autotuner.log for more details
2026-10-02 07:58:28,706 DEBUG:Error: Traceback (most recent call last):
  File "/projects/kzhou6/bcui2/env_software/miniconda3-aarch64/envs/tilebench++_env/lib/python3.10/site-packages/tilelang/autotuner/tuner.py", line 650, in _run_benchmark_target
    latency, worker_ref_latency = benchmark_target(
  File "/projects/kzhou6/bcui2/env_software/miniconda3-aarch64/envs/tilebench++_env/lib/python3.10/site-packages/tilelang/autotuner/tuner.py", line 769, in _benchmark_target
    jit_input_tensors_cache = jit_input_tensors_supply()
  File "/projects/kzhou6/bcui2/env_software/miniconda3-aarch64/envs/tilebench++_env/lib/python3.10/site-packages/tilelang/autotuner/tuner.py", line 727, in func
    return supply_prog(profiler._get_params(with_output=with_output))
  File "/projects/kzhou6/bcui2/env_software/miniconda3-aarch64/envs/tilebench++_env/lib/python3.10/site-packages/tilelang/autotuner/tuner.py", line 384, in supply_prog
    _cached_tensors_by_device[device] = [
  File "/projects/kzhou6/bcui2/env_software/miniconda3-aarch64/envs/tilebench++_env/lib/python3.10/site-packages/tilelang/autotuner/tuner.py", line 385, in <listcomp>
    tensor.to(device=target_device).clone() if isinstance(tensor, torch.Tensor) else tensor for tensor in _frozen_inputs
torch.AcceleratorError: CUDA error: an illegal instruction was encountered
Search for `cudaErrorIllegalInstruction' in https://docs.nvidia.com/cuda/cuda-runtime-api/group__CUDART__TYPES.html for more information.
CUDA kernel errors might be asynchronously reported at some other API call, so the stacktrace below might be incorrect.
For debugging consider passing CUDA_LAUNCH_BLOCKING=1
Compile with `TORCH_USE_CUDA_DSA` to enable device-side assertions.


2026-10-02 07:58:28,706 WARNING:An error occurred while testing config {'BLOCK_SIZE_M': 64, 'BLOCK_SIZE_N': 32, 'BLOCK_SIZE_K': 64, 'GROUPSIZE': 8, 'threads': 128, 'num_stages': 2}, checkout autotuner.log for more details
2026-10-02 07:58:28,706 DEBUG:Error: Traceback (most recent call last):
  File "/projects/kzhou6/bcui2/env_software/miniconda3-aarch64/envs/tilebench++_env/lib/python3.10/site-packages/tilelang/autotuner/tuner.py", line 650, in _run_benchmark_target
    latency, worker_ref_latency = benchmark_target(
  File "/projects/kzhou6/bcui2/env_software/miniconda3-aarch64/envs/tilebench++_env/lib/python3.10/site-packages/tilelang/autotuner/tuner.py", line 769, in _benchmark_target
    jit_input_tensors_cache = jit_input_tensors_supply()
  File "/projects/kzhou6/bcui2/env_software/miniconda3-aarch64/envs/tilebench++_env/lib/python3.10/site-packages/tilelang/autotuner/tuner.py", line 727, in func
    return supply_prog(profiler._get_params(with_output=with_output))
  File "/projects/kzhou6/bcui2/env_software/miniconda3-aarch64/envs/tilebench++_env/lib/python3.10/site-packages/tilelang/autotuner/tuner.py", line 384, in supply_prog
    _cached_tensors_by_device[device] = [
  File "/projects/kzhou6/bcui2/env_software/miniconda3-aarch64/envs/tilebench++_env/lib/python3.10/site-packages/tilelang/autotuner/tuner.py", line 385, in <listcomp>
    tensor.to(device=target_device).clone() if isinstance(tensor, torch.Tensor) else tensor for tensor in _frozen_inputs
torch.AcceleratorError: CUDA error: an illegal instruction was encountered
Search for `cudaErrorIllegalInstruction' in https://docs.nvidia.com/cuda/cuda-runtime-api/group__CUDART__TYPES.html for more information.
CUDA kernel errors might be asynchronously reported at some other API call, so the stacktrace below might be incorrect.
For debugging consider passing CUDA_LAUNCH_BLOCKING=1
Compile with `TORCH_USE_CUDA_DSA` to enable device-side assertions.


2026-10-02 07:58:28,707 WARNING:An error occurred while testing config {'BLOCK_SIZE_M': 64, 'BLOCK_SIZE_N': 32, 'BLOCK_SIZE_K': 64, 'GROUPSIZE': 8, 'threads': 256, 'num_stages': 2}, checkout autotuner.log for more details
2026-10-02 07:58:28,707 DEBUG:Error: Traceback (most recent call last):
  File "/projects/kzhou6/bcui2/env_software/miniconda3-aarch64/envs/tilebench++_env/lib/python3.10/site-packages/tilelang/autotuner/tuner.py", line 650, in _run_benchmark_target
    latency, worker_ref_latency = benchmark_target(
  File "/projects/kzhou6/bcui2/env_software/miniconda3-aarch64/envs/tilebench++_env/lib/python3.10/site-packages/tilelang/autotuner/tuner.py", line 769, in _benchmark_target
    jit_input_tensors_cache = jit_input_tensors_supply()
  File "/projects/kzhou6/bcui2/env_software/miniconda3-aarch64/envs/tilebench++_env/lib/python3.10/site-packages/tilelang/autotuner/tuner.py", line 727, in func
    return supply_prog(profiler._get_params(with_output=with_output))
  File "/projects/kzhou6/bcui2/env_software/miniconda3-aarch64/envs/tilebench++_env/lib/python3.10/site-packages/tilelang/autotuner/tuner.py", line 384, in supply_prog
    _cached_tensors_by_device[device] = [
  File "/projects/kzhou6/bcui2/env_software/miniconda3-aarch64/envs/tilebench++_env/lib/python3.10/site-packages/tilelang/autotuner/tuner.py", line 385, in <listcomp>
    tensor.to(device=target_device).clone() if isinstance(tensor, torch.Tensor) else tensor for tensor in _frozen_inputs
torch.AcceleratorError: CUDA error: an illegal instruction was encountered
Search for `cudaErrorIllegalInstruction' in https://docs.nvidia.com/cuda/cuda-runtime-api/group__CUDART__TYPES.html for more information.
CUDA kernel errors might be asynchronously reported at some other API call, so the stacktrace below might be incorrect.
For debugging consider passing CUDA_LAUNCH_BLOCKING=1
Compile with `TORCH_USE_CUDA_DSA` to enable device-side assertions.


2026-10-02 07:58:28,707 WARNING:An error occurred while testing config {'BLOCK_SIZE_M': 64, 'BLOCK_SIZE_N': 32, 'BLOCK_SIZE_K': 32, 'GROUPSIZE': 8, 'threads': 256, 'num_stages': 2}, checkout autotuner.log for more details
2026-10-02 07:58:28,707 DEBUG:Error: Traceback (most recent call last):
  File "/projects/kzhou6/bcui2/env_software/miniconda3-aarch64/envs/tilebench++_env/lib/python3.10/site-packages/tilelang/autotuner/tuner.py", line 650, in _run_benchmark_target
    latency, worker_ref_latency = benchmark_target(
  File "/projects/kzhou6/bcui2/env_software/miniconda3-aarch64/envs/tilebench++_env/lib/python3.10/site-packages/tilelang/autotuner/tuner.py", line 769, in _benchmark_target
    jit_input_tensors_cache = jit_input_tensors_supply()
  File "/projects/kzhou6/bcui2/env_software/miniconda3-aarch64/envs/tilebench++_env/lib/python3.10/site-packages/tilelang/autotuner/tuner.py", line 727, in func
    return supply_prog(profiler._get_params(with_output=with_output))
  File "/projects/kzhou6/bcui2/env_software/miniconda3-aarch64/envs/tilebench++_env/lib/python3.10/site-packages/tilelang/autotuner/tuner.py", line 384, in supply_prog
    _cached_tensors_by_device[device] = [
  File "/projects/kzhou6/bcui2/env_software/miniconda3-aarch64/envs/tilebench++_env/lib/python3.10/site-packages/tilelang/autotuner/tuner.py", line 385, in <listcomp>
    tensor.to(device=target_device).clone() if isinstance(tensor, torch.Tensor) else tensor for tensor in _frozen_inputs
torch.AcceleratorError: CUDA error: an illegal instruction was encountered
Search for `cudaErrorIllegalInstruction' in https://docs.nvidia.com/cuda/cuda-runtime-api/group__CUDART__TYPES.html for more information.
CUDA kernel errors might be asynchronously reported at some other API call, so the stacktrace below might be incorrect.
For debugging consider passing CUDA_LAUNCH_BLOCKING=1
Compile with `TORCH_USE_CUDA_DSA` to enable device-side assertions.


2026-10-02 07:58:28,707 WARNING:An error occurred while testing config {'BLOCK_SIZE_M': 64, 'BLOCK_SIZE_N': 32, 'BLOCK_SIZE_K': 64, 'GROUPSIZE': 8, 'threads': 128, 'num_stages': 3}, checkout autotuner.log for more details
2026-10-02 07:58:28,707 DEBUG:Error: Traceback (most recent call last):
  File "/projects/kzhou6/bcui2/env_software/miniconda3-aarch64/envs/tilebench++_env/lib/python3.10/site-packages/tilelang/autotuner/tuner.py", line 650, in _run_benchmark_target
    latency, worker_ref_latency = benchmark_target(
  File "/projects/kzhou6/bcui2/env_software/miniconda3-aarch64/envs/tilebench++_env/lib/python3.10/site-packages/tilelang/autotuner/tuner.py", line 769, in _benchmark_target
    jit_input_tensors_cache = jit_input_tensors_supply()
  File "/projects/kzhou6/bcui2/env_software/miniconda3-aarch64/envs/tilebench++_env/lib/python3.10/site-packages/tilelang/autotuner/tuner.py", line 727, in func
    return supply_prog(profiler._get_params(with_output=with_output))
  File "/projects/kzhou6/bcui2/env_software/miniconda3-aarch64/envs/tilebench++_env/lib/python3.10/site-packages/tilelang/autotuner/tuner.py", line 384, in supply_prog
    _cached_tensors_by_device[device] = [
  File "/projects/kzhou6/bcui2/env_software/miniconda3-aarch64/envs/tilebench++_env/lib/python3.10/site-packages/tilelang/autotuner/tuner.py", line 385, in <listcomp>
    tensor.to(device=target_device).clone() if isinstance(tensor, torch.Tensor) else tensor for tensor in _frozen_inputs
torch.AcceleratorError: CUDA error: an illegal instruction was encountered
Search for `cudaErrorIllegalInstruction' in https://docs.nvidia.com/cuda/cuda-runtime-api/group__CUDART__TYPES.html for more information.
CUDA kernel errors might be asynchronously reported at some other API call, so the stacktrace below might be incorrect.
For debugging consider passing CUDA_LAUNCH_BLOCKING=1
Compile with `TORCH_USE_CUDA_DSA` to enable device-side assertions.


2026-10-02 07:58:28,708 WARNING:An error occurred while testing config {'BLOCK_SIZE_M': 64, 'BLOCK_SIZE_N': 128, 'BLOCK_SIZE_K': 32, 'GROUPSIZE': 1, 'threads': 256, 'num_stages': 2}, checkout autotuner.log for more details
2026-10-02 07:58:28,708 DEBUG:Error: Traceback (most recent call last):
  File "/projects/kzhou6/bcui2/env_software/miniconda3-aarch64/envs/tilebench++_env/lib/python3.10/site-packages/tilelang/autotuner/tuner.py", line 650, in _run_benchmark_target
    latency, worker_ref_latency = benchmark_target(
  File "/projects/kzhou6/bcui2/env_software/miniconda3-aarch64/envs/tilebench++_env/lib/python3.10/site-packages/tilelang/autotuner/tuner.py", line 769, in _benchmark_target
    jit_input_tensors_cache = jit_input_tensors_supply()
  File "/projects/kzhou6/bcui2/env_software/miniconda3-aarch64/envs/tilebench++_env/lib/python3.10/site-packages/tilelang/autotuner/tuner.py", line 727, in func
    return supply_prog(profiler._get_params(with_output=with_output))
  File "/projects/kzhou6/bcui2/env_software/miniconda3-aarch64/envs/tilebench++_env/lib/python3.10/site-packages/tilelang/autotuner/tuner.py", line 384, in supply_prog
    _cached_tensors_by_device[device] = [
  File "/projects/kzhou6/bcui2/env_software/miniconda3-aarch64/envs/tilebench++_env/lib/python3.10/site-packages/tilelang/autotuner/tuner.py", line 385, in <listcomp>
    tensor.to(device=target_device).clone() if isinstance(tensor, torch.Tensor) else tensor for tensor in _frozen_inputs
torch.AcceleratorError: CUDA error: an illegal instruction was encountered
Search for `cudaErrorIllegalInstruction' in https://docs.nvidia.com/cuda/cuda-runtime-api/group__CUDART__TYPES.html for more information.
CUDA kernel errors might be asynchronously reported at some other API call, so the stacktrace below might be incorrect.
For debugging consider passing CUDA_LAUNCH_BLOCKING=1
Compile with `TORCH_USE_CUDA_DSA` to enable device-side assertions.


2026-10-02 07:58:28,708 WARNING:An error occurred while testing config {'BLOCK_SIZE_M': 64, 'BLOCK_SIZE_N': 128, 'BLOCK_SIZE_K': 32, 'GROUPSIZE': 1, 'threads': 128, 'num_stages': 4}, checkout autotuner.log for more details
2026-10-02 07:58:28,708 DEBUG:Error: Traceback (most recent call last):
  File "/projects/kzhou6/bcui2/env_software/miniconda3-aarch64/envs/tilebench++_env/lib/python3.10/site-packages/tilelang/autotuner/tuner.py", line 650, in _run_benchmark_target
    latency, worker_ref_latency = benchmark_target(
  File "/projects/kzhou6/bcui2/env_software/miniconda3-aarch64/envs/tilebench++_env/lib/python3.10/site-packages/tilelang/autotuner/tuner.py", line 769, in _benchmark_target
    jit_input_tensors_cache = jit_input_tensors_supply()
  File "/projects/kzhou6/bcui2/env_software/miniconda3-aarch64/envs/tilebench++_env/lib/python3.10/site-packages/tilelang/autotuner/tuner.py", line 727, in func
    return supply_prog(profiler._get_params(with_output=with_output))
  File "/projects/kzhou6/bcui2/env_software/miniconda3-aarch64/envs/tilebench++_env/lib/python3.10/site-packages/tilelang/autotuner/tuner.py", line 384, in supply_prog
    _cached_tensors_by_device[device] = [
  File "/projects/kzhou6/bcui2/env_software/miniconda3-aarch64/envs/tilebench++_env/lib/python3.10/site-packages/tilelang/autotuner/tuner.py", line 385, in <listcomp>
    tensor.to(device=target_device).clone() if isinstance(tensor, torch.Tensor) else tensor for tensor in _frozen_inputs
torch.AcceleratorError: CUDA error: an illegal instruction was encountered
Search for `cudaErrorIllegalInstruction' in https://docs.nvidia.com/cuda/cuda-runtime-api/group__CUDART__TYPES.html for more information.
CUDA kernel errors might be asynchronously reported at some other API call, so the stacktrace below might be incorrect.
For debugging consider passing CUDA_LAUNCH_BLOCKING=1
Compile with `TORCH_USE_CUDA_DSA` to enable device-side assertions.


2026-10-02 07:58:28,708 WARNING:An error occurred while testing config {'BLOCK_SIZE_M': 64, 'BLOCK_SIZE_N': 128, 'BLOCK_SIZE_K': 32, 'GROUPSIZE': 1, 'threads': 256, 'num_stages': 4}, checkout autotuner.log for more details
2026-10-02 07:58:28,709 DEBUG:Error: Traceback (most recent call last):
  File "/projects/kzhou6/bcui2/env_software/miniconda3-aarch64/envs/tilebench++_env/lib/python3.10/site-packages/tilelang/autotuner/tuner.py", line 650, in _run_benchmark_target
    latency, worker_ref_latency = benchmark_target(
  File "/projects/kzhou6/bcui2/env_software/miniconda3-aarch64/envs/tilebench++_env/lib/python3.10/site-packages/tilelang/autotuner/tuner.py", line 769, in _benchmark_target
    jit_input_tensors_cache = jit_input_tensors_supply()
  File "/projects/kzhou6/bcui2/env_software/miniconda3-aarch64/envs/tilebench++_env/lib/python3.10/site-packages/tilelang/autotuner/tuner.py", line 727, in func
    return supply_prog(profiler._get_params(with_output=with_output))
  File "/projects/kzhou6/bcui2/env_software/miniconda3-aarch64/envs/tilebench++_env/lib/python3.10/site-packages/tilelang/autotuner/tuner.py", line 384, in supply_prog
    _cached_tensors_by_device[device] = [
  File "/projects/kzhou6/bcui2/env_software/miniconda3-aarch64/envs/tilebench++_env/lib/python3.10/site-packages/tilelang/autotuner/tuner.py", line 385, in <listcomp>
    tensor.to(device=target_device).clone() if isinstance(tensor, torch.Tensor) else tensor for tensor in _frozen_inputs
torch.AcceleratorError: CUDA error: an illegal instruction was encountered
Search for `cudaErrorIllegalInstruction' in https://docs.nvidia.com/cuda/cuda-runtime-api/group__CUDART__TYPES.html for more information.
CUDA kernel errors might be asynchronously reported at some other API call, so the stacktrace below might be incorrect.
For debugging consider passing CUDA_LAUNCH_BLOCKING=1
Compile with `TORCH_USE_CUDA_DSA` to enable device-side assertions.


2026-10-02 07:58:28,709 WARNING:An error occurred while testing config {'BLOCK_SIZE_M': 64, 'BLOCK_SIZE_N': 32, 'BLOCK_SIZE_K': 64, 'GROUPSIZE': 8, 'threads': 256, 'num_stages': 4}, checkout autotuner.log for more details
2026-10-02 07:58:28,709 DEBUG:Error: Traceback (most recent call last):
  File "/projects/kzhou6/bcui2/env_software/miniconda3-aarch64/envs/tilebench++_env/lib/python3.10/site-packages/tilelang/autotuner/tuner.py", line 650, in _run_benchmark_target
    latency, worker_ref_latency = benchmark_target(
  File "/projects/kzhou6/bcui2/env_software/miniconda3-aarch64/envs/tilebench++_env/lib/python3.10/site-packages/tilelang/autotuner/tuner.py", line 769, in _benchmark_target
    jit_input_tensors_cache = jit_input_tensors_supply()
  File "/projects/kzhou6/bcui2/env_software/miniconda3-aarch64/envs/tilebench++_env/lib/python3.10/site-packages/tilelang/autotuner/tuner.py", line 727, in func
    return supply_prog(profiler._get_params(with_output=with_output))
  File "/projects/kzhou6/bcui2/env_software/miniconda3-aarch64/envs/tilebench++_env/lib/python3.10/site-packages/tilelang/autotuner/tuner.py", line 384, in supply_prog
    _cached_tensors_by_device[device] = [
  File "/projects/kzhou6/bcui2/env_software/miniconda3-aarch64/envs/tilebench++_env/lib/python3.10/site-packages/tilelang/autotuner/tuner.py", line 385, in <listcomp>
    tensor.to(device=target_device).clone() if isinstance(tensor, torch.Tensor) else tensor for tensor in _frozen_inputs
torch.AcceleratorError: CUDA error: an illegal instruction was encountered
Search for `cudaErrorIllegalInstruction' in https://docs.nvidia.com/cuda/cuda-runtime-api/group__CUDART__TYPES.html for more information.
CUDA kernel errors might be asynchronously reported at some other API call, so the stacktrace below might be incorrect.
For debugging consider passing CUDA_LAUNCH_BLOCKING=1
Compile with `TORCH_USE_CUDA_DSA` to enable device-side assertions.


2026-10-02 07:58:28,709 WARNING:An error occurred while testing config {'BLOCK_SIZE_M': 64, 'BLOCK_SIZE_N': 32, 'BLOCK_SIZE_K': 64, 'GROUPSIZE': 1, 'threads': 256, 'num_stages': 3}, checkout autotuner.log for more details
2026-10-02 07:58:28,709 DEBUG:Error: Traceback (most recent call last):
  File "/projects/kzhou6/bcui2/env_software/miniconda3-aarch64/envs/tilebench++_env/lib/python3.10/site-packages/tilelang/autotuner/tuner.py", line 650, in _run_benchmark_target
    latency, worker_ref_latency = benchmark_target(
  File "/projects/kzhou6/bcui2/env_software/miniconda3-aarch64/envs/tilebench++_env/lib/python3.10/site-packages/tilelang/autotuner/tuner.py", line 769, in _benchmark_target
    jit_input_tensors_cache = jit_input_tensors_supply()
  File "/projects/kzhou6/bcui2/env_software/miniconda3-aarch64/envs/tilebench++_env/lib/python3.10/site-packages/tilelang/autotuner/tuner.py", line 727, in func
    return supply_prog(profiler._get_params(with_output=with_output))
  File "/projects/kzhou6/bcui2/env_software/miniconda3-aarch64/envs/tilebench++_env/lib/python3.10/site-packages/tilelang/autotuner/tuner.py", line 384, in supply_prog
    _cached_tensors_by_device[device] = [
  File "/projects/kzhou6/bcui2/env_software/miniconda3-aarch64/envs/tilebench++_env/lib/python3.10/site-packages/tilelang/autotuner/tuner.py", line 385, in <listcomp>
    tensor.to(device=target_device).clone() if isinstance(tensor, torch.Tensor) else tensor for tensor in _frozen_inputs
torch.AcceleratorError: CUDA error: an illegal instruction was encountered
Search for `cudaErrorIllegalInstruction' in https://docs.nvidia.com/cuda/cuda-runtime-api/group__CUDART__TYPES.html for more information.
CUDA kernel errors might be asynchronously reported at some other API call, so the stacktrace below might be incorrect.
For debugging consider passing CUDA_LAUNCH_BLOCKING=1
Compile with `TORCH_USE_CUDA_DSA` to enable device-side assertions.


2026-10-02 07:58:28,710 WARNING:An error occurred while testing config {'BLOCK_SIZE_M': 64, 'BLOCK_SIZE_N': 128, 'BLOCK_SIZE_K': 32, 'GROUPSIZE': 8, 'threads': 128, 'num_stages': 4}, checkout autotuner.log for more details
2026-10-02 07:58:28,710 DEBUG:Error: Traceback (most recent call last):
  File "/projects/kzhou6/bcui2/env_software/miniconda3-aarch64/envs/tilebench++_env/lib/python3.10/site-packages/tilelang/autotuner/tuner.py", line 650, in _run_benchmark_target
    latency, worker_ref_latency = benchmark_target(
  File "/projects/kzhou6/bcui2/env_software/miniconda3-aarch64/envs/tilebench++_env/lib/python3.10/site-packages/tilelang/autotuner/tuner.py", line 769, in _benchmark_target
    jit_input_tensors_cache = jit_input_tensors_supply()
  File "/projects/kzhou6/bcui2/env_software/miniconda3-aarch64/envs/tilebench++_env/lib/python3.10/site-packages/tilelang/autotuner/tuner.py", line 727, in func
    return supply_prog(profiler._get_params(with_output=with_output))
  File "/projects/kzhou6/bcui2/env_software/miniconda3-aarch64/envs/tilebench++_env/lib/python3.10/site-packages/tilelang/autotuner/tuner.py", line 384, in supply_prog
    _cached_tensors_by_device[device] = [
  File "/projects/kzhou6/bcui2/env_software/miniconda3-aarch64/envs/tilebench++_env/lib/python3.10/site-packages/tilelang/autotuner/tuner.py", line 385, in <listcomp>
    tensor.to(device=target_device).clone() if isinstance(tensor, torch.Tensor) else tensor for tensor in _frozen_inputs
torch.AcceleratorError: CUDA error: an illegal instruction was encountered
Search for `cudaErrorIllegalInstruction' in https://docs.nvidia.com/cuda/cuda-runtime-api/group__CUDART__TYPES.html for more information.
CUDA kernel errors might be asynchronously reported at some other API call, so the stacktrace below might be incorrect.
For debugging consider passing CUDA_LAUNCH_BLOCKING=1
Compile with `TORCH_USE_CUDA_DSA` to enable device-side assertions.


2026-10-02 07:58:28,710 WARNING:An error occurred while testing config {'BLOCK_SIZE_M': 64, 'BLOCK_SIZE_N': 128, 'BLOCK_SIZE_K': 32, 'GROUPSIZE': 8, 'threads': 128, 'num_stages': 2}, checkout autotuner.log for more details
2026-10-02 07:58:28,710 DEBUG:Error: Traceback (most recent call last):
  File "/projects/kzhou6/bcui2/env_software/miniconda3-aarch64/envs/tilebench++_env/lib/python3.10/site-packages/tilelang/autotuner/tuner.py", line 650, in _run_benchmark_target
    latency, worker_ref_latency = benchmark_target(
  File "/projects/kzhou6/bcui2/env_software/miniconda3-aarch64/envs/tilebench++_env/lib/python3.10/site-packages/tilelang/autotuner/tuner.py", line 769, in _benchmark_target
    jit_input_tensors_cache = jit_input_tensors_supply()
  File "/projects/kzhou6/bcui2/env_software/miniconda3-aarch64/envs/tilebench++_env/lib/python3.10/site-packages/tilelang/autotuner/tuner.py", line 727, in func
    return supply_prog(profiler._get_params(with_output=with_output))
  File "/projects/kzhou6/bcui2/env_software/miniconda3-aarch64/envs/tilebench++_env/lib/python3.10/site-packages/tilelang/autotuner/tuner.py", line 384, in supply_prog
    _cached_tensors_by_device[device] = [
  File "/projects/kzhou6/bcui2/env_software/miniconda3-aarch64/envs/tilebench++_env/lib/python3.10/site-packages/tilelang/autotuner/tuner.py", line 385, in <listcomp>
    tensor.to(device=target_device).clone() if isinstance(tensor, torch.Tensor) else tensor for tensor in _frozen_inputs
torch.AcceleratorError: CUDA error: an illegal instruction was encountered
Search for `cudaErrorIllegalInstruction' in https://docs.nvidia.com/cuda/cuda-runtime-api/group__CUDART__TYPES.html for more information.
CUDA kernel errors might be asynchronously reported at some other API call, so the stacktrace below might be incorrect.
For debugging consider passing CUDA_LAUNCH_BLOCKING=1
Compile with `TORCH_USE_CUDA_DSA` to enable device-side assertions.


2026-10-02 07:58:28,710 WARNING:An error occurred while testing config {'BLOCK_SIZE_M': 64, 'BLOCK_SIZE_N': 128, 'BLOCK_SIZE_K': 32, 'GROUPSIZE': 1, 'threads': 256, 'num_stages': 3}, checkout autotuner.log for more details
2026-10-02 07:58:28,710 DEBUG:Error: Traceback (most recent call last):
  File "/projects/kzhou6/bcui2/env_software/miniconda3-aarch64/envs/tilebench++_env/lib/python3.10/site-packages/tilelang/autotuner/tuner.py", line 650, in _run_benchmark_target
    latency, worker_ref_latency = benchmark_target(
  File "/projects/kzhou6/bcui2/env_software/miniconda3-aarch64/envs/tilebench++_env/lib/python3.10/site-packages/tilelang/autotuner/tuner.py", line 769, in _benchmark_target
    jit_input_tensors_cache = jit_input_tensors_supply()
  File "/projects/kzhou6/bcui2/env_software/miniconda3-aarch64/envs/tilebench++_env/lib/python3.10/site-packages/tilelang/autotuner/tuner.py", line 727, in func
    return supply_prog(profiler._get_params(with_output=with_output))
  File "/projects/kzhou6/bcui2/env_software/miniconda3-aarch64/envs/tilebench++_env/lib/python3.10/site-packages/tilelang/autotuner/tuner.py", line 384, in supply_prog
    _cached_tensors_by_device[device] = [
  File "/projects/kzhou6/bcui2/env_software/miniconda3-aarch64/envs/tilebench++_env/lib/python3.10/site-packages/tilelang/autotuner/tuner.py", line 385, in <listcomp>
    tensor.to(device=target_device).clone() if isinstance(tensor, torch.Tensor) else tensor for tensor in _frozen_inputs
torch.AcceleratorError: CUDA error: an illegal instruction was encountered
Search for `cudaErrorIllegalInstruction' in https://docs.nvidia.com/cuda/cuda-runtime-api/group__CUDART__TYPES.html for more information.
CUDA kernel errors might be asynchronously reported at some other API call, so the stacktrace below might be incorrect.
For debugging consider passing CUDA_LAUNCH_BLOCKING=1
Compile with `TORCH_USE_CUDA_DSA` to enable device-side assertions.


2026-10-02 07:58:28,711 WARNING:An error occurred while testing config {'BLOCK_SIZE_M': 64, 'BLOCK_SIZE_N': 32, 'BLOCK_SIZE_K': 32, 'GROUPSIZE': 8, 'threads': 256, 'num_stages': 4}, checkout autotuner.log for more details
2026-10-02 07:58:28,711 DEBUG:Error: Traceback (most recent call last):
  File "/projects/kzhou6/bcui2/env_software/miniconda3-aarch64/envs/tilebench++_env/lib/python3.10/site-packages/tilelang/autotuner/tuner.py", line 650, in _run_benchmark_target
    latency, worker_ref_latency = benchmark_target(
  File "/projects/kzhou6/bcui2/env_software/miniconda3-aarch64/envs/tilebench++_env/lib/python3.10/site-packages/tilelang/autotuner/tuner.py", line 769, in _benchmark_target
    jit_input_tensors_cache = jit_input_tensors_supply()
  File "/projects/kzhou6/bcui2/env_software/miniconda3-aarch64/envs/tilebench++_env/lib/python3.10/site-packages/tilelang/autotuner/tuner.py", line 727, in func
    return supply_prog(profiler._get_params(with_output=with_output))
  File "/projects/kzhou6/bcui2/env_software/miniconda3-aarch64/envs/tilebench++_env/lib/python3.10/site-packages/tilelang/autotuner/tuner.py", line 384, in supply_prog
    _cached_tensors_by_device[device] = [
  File "/projects/kzhou6/bcui2/env_software/miniconda3-aarch64/envs/tilebench++_env/lib/python3.10/site-packages/tilelang/autotuner/tuner.py", line 385, in <listcomp>
    tensor.to(device=target_device).clone() if isinstance(tensor, torch.Tensor) else tensor for tensor in _frozen_inputs
torch.AcceleratorError: CUDA error: an illegal instruction was encountered
Search for `cudaErrorIllegalInstruction' in https://docs.nvidia.com/cuda/cuda-runtime-api/group__CUDART__TYPES.html for more information.
CUDA kernel errors might be asynchronously reported at some other API call, so the stacktrace below might be incorrect.
For debugging consider passing CUDA_LAUNCH_BLOCKING=1
Compile with `TORCH_USE_CUDA_DSA` to enable device-side assertions.


2026-10-02 07:58:28,711 WARNING:An error occurred while testing config {'BLOCK_SIZE_M': 64, 'BLOCK_SIZE_N': 128, 'BLOCK_SIZE_K': 32, 'GROUPSIZE': 8, 'threads': 128, 'num_stages': 3}, checkout autotuner.log for more details
2026-10-02 07:58:28,711 DEBUG:Error: Traceback (most recent call last):
  File "/projects/kzhou6/bcui2/env_software/miniconda3-aarch64/envs/tilebench++_env/lib/python3.10/site-packages/tilelang/autotuner/tuner.py", line 650, in _run_benchmark_target
    latency, worker_ref_latency = benchmark_target(
  File "/projects/kzhou6/bcui2/env_software/miniconda3-aarch64/envs/tilebench++_env/lib/python3.10/site-packages/tilelang/autotuner/tuner.py", line 769, in _benchmark_target
    jit_input_tensors_cache = jit_input_tensors_supply()
  File "/projects/kzhou6/bcui2/env_software/miniconda3-aarch64/envs/tilebench++_env/lib/python3.10/site-packages/tilelang/autotuner/tuner.py", line 727, in func
    return supply_prog(profiler._get_params(with_output=with_output))
  File "/projects/kzhou6/bcui2/env_software/miniconda3-aarch64/envs/tilebench++_env/lib/python3.10/site-packages/tilelang/autotuner/tuner.py", line 384, in supply_prog
    _cached_tensors_by_device[device] = [
  File "/projects/kzhou6/bcui2/env_software/miniconda3-aarch64/envs/tilebench++_env/lib/python3.10/site-packages/tilelang/autotuner/tuner.py", line 385, in <listcomp>
    tensor.to(device=target_device).clone() if isinstance(tensor, torch.Tensor) else tensor for tensor in _frozen_inputs
torch.AcceleratorError: CUDA error: an illegal instruction was encountered
Search for `cudaErrorIllegalInstruction' in https://docs.nvidia.com/cuda/cuda-runtime-api/group__CUDART__TYPES.html for more information.
CUDA kernel errors might be asynchronously reported at some other API call, so the stacktrace below might be incorrect.
For debugging consider passing CUDA_LAUNCH_BLOCKING=1
Compile with `TORCH_USE_CUDA_DSA` to enable device-side assertions.


2026-10-02 07:58:28,712 WARNING:An error occurred while testing config {'BLOCK_SIZE_M': 64, 'BLOCK_SIZE_N': 32, 'BLOCK_SIZE_K': 64, 'GROUPSIZE': 8, 'threads': 128, 'num_stages': 4}, checkout autotuner.log for more details
2026-10-02 07:58:28,712 DEBUG:Error: Traceback (most recent call last):
  File "/projects/kzhou6/bcui2/env_software/miniconda3-aarch64/envs/tilebench++_env/lib/python3.10/site-packages/tilelang/autotuner/tuner.py", line 650, in _run_benchmark_target
    latency, worker_ref_latency = benchmark_target(
  File "/projects/kzhou6/bcui2/env_software/miniconda3-aarch64/envs/tilebench++_env/lib/python3.10/site-packages/tilelang/autotuner/tuner.py", line 769, in _benchmark_target
    jit_input_tensors_cache = jit_input_tensors_supply()
  File "/projects/kzhou6/bcui2/env_software/miniconda3-aarch64/envs/tilebench++_env/lib/python3.10/site-packages/tilelang/autotuner/tuner.py", line 727, in func
    return supply_prog(profiler._get_params(with_output=with_output))
  File "/projects/kzhou6/bcui2/env_software/miniconda3-aarch64/envs/tilebench++_env/lib/python3.10/site-packages/tilelang/autotuner/tuner.py", line 384, in supply_prog
    _cached_tensors_by_device[device] = [
  File "/projects/kzhou6/bcui2/env_software/miniconda3-aarch64/envs/tilebench++_env/lib/python3.10/site-packages/tilelang/autotuner/tuner.py", line 385, in <listcomp>
    tensor.to(device=target_device).clone() if isinstance(tensor, torch.Tensor) else tensor for tensor in _frozen_inputs
torch.AcceleratorError: CUDA error: an illegal instruction was encountered
Search for `cudaErrorIllegalInstruction' in https://docs.nvidia.com/cuda/cuda-runtime-api/group__CUDART__TYPES.html for more information.
CUDA kernel errors might be asynchronously reported at some other API call, so the stacktrace below might be incorrect.
For debugging consider passing CUDA_LAUNCH_BLOCKING=1
Compile with `TORCH_USE_CUDA_DSA` to enable device-side assertions.


2026-10-02 07:58:28,712 WARNING:An error occurred while testing config {'BLOCK_SIZE_M': 64, 'BLOCK_SIZE_N': 128, 'BLOCK_SIZE_K': 32, 'GROUPSIZE': 8, 'threads': 256, 'num_stages': 3}, checkout autotuner.log for more details
2026-10-02 07:58:28,712 DEBUG:Error: Traceback (most recent call last):
  File "/projects/kzhou6/bcui2/env_software/miniconda3-aarch64/envs/tilebench++_env/lib/python3.10/site-packages/tilelang/autotuner/tuner.py", line 650, in _run_benchmark_target
    latency, worker_ref_latency = benchmark_target(
  File "/projects/kzhou6/bcui2/env_software/miniconda3-aarch64/envs/tilebench++_env/lib/python3.10/site-packages/tilelang/autotuner/tuner.py", line 769, in _benchmark_target
    jit_input_tensors_cache = jit_input_tensors_supply()
  File "/projects/kzhou6/bcui2/env_software/miniconda3-aarch64/envs/tilebench++_env/lib/python3.10/site-packages/tilelang/autotuner/tuner.py", line 727, in func
    return supply_prog(profiler._get_params(with_output=with_output))
  File "/projects/kzhou6/bcui2/env_software/miniconda3-aarch64/envs/tilebench++_env/lib/python3.10/site-packages/tilelang/autotuner/tuner.py", line 384, in supply_prog
    _cached_tensors_by_device[device] = [
  File "/projects/kzhou6/bcui2/env_software/miniconda3-aarch64/envs/tilebench++_env/lib/python3.10/site-packages/tilelang/autotuner/tuner.py", line 385, in <listcomp>
    tensor.to(device=target_device).clone() if isinstance(tensor, torch.Tensor) else tensor for tensor in _frozen_inputs
torch.AcceleratorError: CUDA error: an illegal instruction was encountered
Search for `cudaErrorIllegalInstruction' in https://docs.nvidia.com/cuda/cuda-runtime-api/group__CUDART__TYPES.html for more information.
CUDA kernel errors might be asynchronously reported at some other API call, so the stacktrace below might be incorrect.
For debugging consider passing CUDA_LAUNCH_BLOCKING=1
Compile with `TORCH_USE_CUDA_DSA` to enable device-side assertions.


2026-10-02 07:58:28,712 WARNING:An error occurred while testing config {'BLOCK_SIZE_M': 64, 'BLOCK_SIZE_N': 128, 'BLOCK_SIZE_K': 32, 'GROUPSIZE': 8, 'threads': 256, 'num_stages': 2}, checkout autotuner.log for more details
2026-10-02 07:58:28,712 DEBUG:Error: Traceback (most recent call last):
  File "/projects/kzhou6/bcui2/env_software/miniconda3-aarch64/envs/tilebench++_env/lib/python3.10/site-packages/tilelang/autotuner/tuner.py", line 650, in _run_benchmark_target
    latency, worker_ref_latency = benchmark_target(
  File "/projects/kzhou6/bcui2/env_software/miniconda3-aarch64/envs/tilebench++_env/lib/python3.10/site-packages/tilelang/autotuner/tuner.py", line 769, in _benchmark_target
    jit_input_tensors_cache = jit_input_tensors_supply()
  File "/projects/kzhou6/bcui2/env_software/miniconda3-aarch64/envs/tilebench++_env/lib/python3.10/site-packages/tilelang/autotuner/tuner.py", line 727, in func
    return supply_prog(profiler._get_params(with_output=with_output))
  File "/projects/kzhou6/bcui2/env_software/miniconda3-aarch64/envs/tilebench++_env/lib/python3.10/site-packages/tilelang/autotuner/tuner.py", line 384, in supply_prog
    _cached_tensors_by_device[device] = [
  File "/projects/kzhou6/bcui2/env_software/miniconda3-aarch64/envs/tilebench++_env/lib/python3.10/site-packages/tilelang/autotuner/tuner.py", line 385, in <listcomp>
    tensor.to(device=target_device).clone() if isinstance(tensor, torch.Tensor) else tensor for tensor in _frozen_inputs
torch.AcceleratorError: CUDA error: an illegal instruction was encountered
Search for `cudaErrorIllegalInstruction' in https://docs.nvidia.com/cuda/cuda-runtime-api/group__CUDART__TYPES.html for more information.
CUDA kernel errors might be asynchronously reported at some other API call, so the stacktrace below might be incorrect.
For debugging consider passing CUDA_LAUNCH_BLOCKING=1
Compile with `TORCH_USE_CUDA_DSA` to enable device-side assertions.


2026-10-02 07:58:28,713 WARNING:An error occurred while testing config {'BLOCK_SIZE_M': 64, 'BLOCK_SIZE_N': 128, 'BLOCK_SIZE_K': 32, 'GROUPSIZE': 8, 'threads': 256, 'num_stages': 4}, checkout autotuner.log for more details
2026-10-02 07:58:28,713 DEBUG:Error: Traceback (most recent call last):
  File "/projects/kzhou6/bcui2/env_software/miniconda3-aarch64/envs/tilebench++_env/lib/python3.10/site-packages/tilelang/autotuner/tuner.py", line 650, in _run_benchmark_target
    latency, worker_ref_latency = benchmark_target(
  File "/projects/kzhou6/bcui2/env_software/miniconda3-aarch64/envs/tilebench++_env/lib/python3.10/site-packages/tilelang/autotuner/tuner.py", line 769, in _benchmark_target
    jit_input_tensors_cache = jit_input_tensors_supply()
  File "/projects/kzhou6/bcui2/env_software/miniconda3-aarch64/envs/tilebench++_env/lib/python3.10/site-packages/tilelang/autotuner/tuner.py", line 727, in func
    return supply_prog(profiler._get_params(with_output=with_output))
  File "/projects/kzhou6/bcui2/env_software/miniconda3-aarch64/envs/tilebench++_env/lib/python3.10/site-packages/tilelang/autotuner/tuner.py", line 384, in supply_prog
    _cached_tensors_by_device[device] = [
  File "/projects/kzhou6/bcui2/env_software/miniconda3-aarch64/envs/tilebench++_env/lib/python3.10/site-packages/tilelang/autotuner/tuner.py", line 385, in <listcomp>
    tensor.to(device=target_device).clone() if isinstance(tensor, torch.Tensor) else tensor for tensor in _frozen_inputs
torch.AcceleratorError: CUDA error: an illegal instruction was encountered
Search for `cudaErrorIllegalInstruction' in https://docs.nvidia.com/cuda/cuda-runtime-api/group__CUDART__TYPES.html for more information.
CUDA kernel errors might be asynchronously reported at some other API call, so the stacktrace below might be incorrect.
For debugging consider passing CUDA_LAUNCH_BLOCKING=1
Compile with `TORCH_USE_CUDA_DSA` to enable device-side assertions.


2026-10-02 07:58:28,713 WARNING:An error occurred while testing config {'BLOCK_SIZE_M': 64, 'BLOCK_SIZE_N': 128, 'BLOCK_SIZE_K': 64, 'GROUPSIZE': 1, 'threads': 128, 'num_stages': 3}, checkout autotuner.log for more details
2026-10-02 07:58:28,713 DEBUG:Error: Traceback (most recent call last):
  File "/projects/kzhou6/bcui2/env_software/miniconda3-aarch64/envs/tilebench++_env/lib/python3.10/site-packages/tilelang/autotuner/tuner.py", line 650, in _run_benchmark_target
    latency, worker_ref_latency = benchmark_target(
  File "/projects/kzhou6/bcui2/env_software/miniconda3-aarch64/envs/tilebench++_env/lib/python3.10/site-packages/tilelang/autotuner/tuner.py", line 769, in _benchmark_target
    jit_input_tensors_cache = jit_input_tensors_supply()
  File "/projects/kzhou6/bcui2/env_software/miniconda3-aarch64/envs/tilebench++_env/lib/python3.10/site-packages/tilelang/autotuner/tuner.py", line 727, in func
    return supply_prog(profiler._get_params(with_output=with_output))
  File "/projects/kzhou6/bcui2/env_software/miniconda3-aarch64/envs/tilebench++_env/lib/python3.10/site-packages/tilelang/autotuner/tuner.py", line 384, in supply_prog
    _cached_tensors_by_device[device] = [
  File "/projects/kzhou6/bcui2/env_software/miniconda3-aarch64/envs/tilebench++_env/lib/python3.10/site-packages/tilelang/autotuner/tuner.py", line 385, in <listcomp>
    tensor.to(device=target_device).clone() if isinstance(tensor, torch.Tensor) else tensor for tensor in _frozen_inputs
torch.AcceleratorError: CUDA error: an illegal instruction was encountered
Search for `cudaErrorIllegalInstruction' in https://docs.nvidia.com/cuda/cuda-runtime-api/group__CUDART__TYPES.html for more information.
CUDA kernel errors might be asynchronously reported at some other API call, so the stacktrace below might be incorrect.
For debugging consider passing CUDA_LAUNCH_BLOCKING=1
Compile with `TORCH_USE_CUDA_DSA` to enable device-side assertions.


2026-10-02 07:58:28,713 WARNING:An error occurred while testing config {'BLOCK_SIZE_M': 64, 'BLOCK_SIZE_N': 128, 'BLOCK_SIZE_K': 64, 'GROUPSIZE': 8, 'threads': 256, 'num_stages': 2}, checkout autotuner.log for more details
2026-10-02 07:58:28,713 DEBUG:Error: Traceback (most recent call last):
  File "/projects/kzhou6/bcui2/env_software/miniconda3-aarch64/envs/tilebench++_env/lib/python3.10/site-packages/tilelang/autotuner/tuner.py", line 650, in _run_benchmark_target
    latency, worker_ref_latency = benchmark_target(
  File "/projects/kzhou6/bcui2/env_software/miniconda3-aarch64/envs/tilebench++_env/lib/python3.10/site-packages/tilelang/autotuner/tuner.py", line 769, in _benchmark_target
    jit_input_tensors_cache = jit_input_tensors_supply()
  File "/projects/kzhou6/bcui2/env_software/miniconda3-aarch64/envs/tilebench++_env/lib/python3.10/site-packages/tilelang/autotuner/tuner.py", line 727, in func
    return supply_prog(profiler._get_params(with_output=with_output))
  File "/projects/kzhou6/bcui2/env_software/miniconda3-aarch64/envs/tilebench++_env/lib/python3.10/site-packages/tilelang/autotuner/tuner.py", line 384, in supply_prog
    _cached_tensors_by_device[device] = [
  File "/projects/kzhou6/bcui2/env_software/miniconda3-aarch64/envs/tilebench++_env/lib/python3.10/site-packages/tilelang/autotuner/tuner.py", line 385, in <listcomp>
    tensor.to(device=target_device).clone() if isinstance(tensor, torch.Tensor) else tensor for tensor in _frozen_inputs
torch.AcceleratorError: CUDA error: an illegal instruction was encountered
Search for `cudaErrorIllegalInstruction' in https://docs.nvidia.com/cuda/cuda-runtime-api/group__CUDART__TYPES.html for more information.
CUDA kernel errors might be asynchronously reported at some other API call, so the stacktrace below might be incorrect.
For debugging consider passing CUDA_LAUNCH_BLOCKING=1
Compile with `TORCH_USE_CUDA_DSA` to enable device-side assertions.


2026-10-02 07:58:28,714 WARNING:An error occurred while testing config {'BLOCK_SIZE_M': 64, 'BLOCK_SIZE_N': 128, 'BLOCK_SIZE_K': 64, 'GROUPSIZE': 1, 'threads': 128, 'num_stages': 2}, checkout autotuner.log for more details
2026-10-02 07:58:28,714 DEBUG:Error: Traceback (most recent call last):
  File "/projects/kzhou6/bcui2/env_software/miniconda3-aarch64/envs/tilebench++_env/lib/python3.10/site-packages/tilelang/autotuner/tuner.py", line 650, in _run_benchmark_target
    latency, worker_ref_latency = benchmark_target(
  File "/projects/kzhou6/bcui2/env_software/miniconda3-aarch64/envs/tilebench++_env/lib/python3.10/site-packages/tilelang/autotuner/tuner.py", line 769, in _benchmark_target
    jit_input_tensors_cache = jit_input_tensors_supply()
  File "/projects/kzhou6/bcui2/env_software/miniconda3-aarch64/envs/tilebench++_env/lib/python3.10/site-packages/tilelang/autotuner/tuner.py", line 727, in func
    return supply_prog(profiler._get_params(with_output=with_output))
  File "/projects/kzhou6/bcui2/env_software/miniconda3-aarch64/envs/tilebench++_env/lib/python3.10/site-packages/tilelang/autotuner/tuner.py", line 384, in supply_prog
    _cached_tensors_by_device[device] = [
  File "/projects/kzhou6/bcui2/env_software/miniconda3-aarch64/envs/tilebench++_env/lib/python3.10/site-packages/tilelang/autotuner/tuner.py", line 385, in <listcomp>
    tensor.to(device=target_device).clone() if isinstance(tensor, torch.Tensor) else tensor for tensor in _frozen_inputs
torch.AcceleratorError: CUDA error: an illegal instruction was encountered
Search for `cudaErrorIllegalInstruction' in https://docs.nvidia.com/cuda/cuda-runtime-api/group__CUDART__TYPES.html for more information.
CUDA kernel errors might be asynchronously reported at some other API call, so the stacktrace below might be incorrect.
For debugging consider passing CUDA_LAUNCH_BLOCKING=1
Compile with `TORCH_USE_CUDA_DSA` to enable device-side assertions.


2026-10-02 07:58:28,714 WARNING:An error occurred while testing config {'BLOCK_SIZE_M': 64, 'BLOCK_SIZE_N': 128, 'BLOCK_SIZE_K': 64, 'GROUPSIZE': 1, 'threads': 256, 'num_stages': 3}, checkout autotuner.log for more details
2026-10-02 07:58:28,714 DEBUG:Error: Traceback (most recent call last):
  File "/projects/kzhou6/bcui2/env_software/miniconda3-aarch64/envs/tilebench++_env/lib/python3.10/site-packages/tilelang/autotuner/tuner.py", line 650, in _run_benchmark_target
    latency, worker_ref_latency = benchmark_target(
  File "/projects/kzhou6/bcui2/env_software/miniconda3-aarch64/envs/tilebench++_env/lib/python3.10/site-packages/tilelang/autotuner/tuner.py", line 769, in _benchmark_target
    jit_input_tensors_cache = jit_input_tensors_supply()
  File "/projects/kzhou6/bcui2/env_software/miniconda3-aarch64/envs/tilebench++_env/lib/python3.10/site-packages/tilelang/autotuner/tuner.py", line 727, in func
    return supply_prog(profiler._get_params(with_output=with_output))
  File "/projects/kzhou6/bcui2/env_software/miniconda3-aarch64/envs/tilebench++_env/lib/python3.10/site-packages/tilelang/autotuner/tuner.py", line 384, in supply_prog
    _cached_tensors_by_device[device] = [
  File "/projects/kzhou6/bcui2/env_software/miniconda3-aarch64/envs/tilebench++_env/lib/python3.10/site-packages/tilelang/autotuner/tuner.py", line 385, in <listcomp>
    tensor.to(device=target_device).clone() if isinstance(tensor, torch.Tensor) else tensor for tensor in _frozen_inputs
torch.AcceleratorError: CUDA error: an illegal instruction was encountered
Search for `cudaErrorIllegalInstruction' in https://docs.nvidia.com/cuda/cuda-runtime-api/group__CUDART__TYPES.html for more information.
CUDA kernel errors might be asynchronously reported at some other API call, so the stacktrace below might be incorrect.
For debugging consider passing CUDA_LAUNCH_BLOCKING=1
Compile with `TORCH_USE_CUDA_DSA` to enable device-side assertions.


2026-10-02 07:58:28,715 WARNING:An error occurred while testing config {'BLOCK_SIZE_M': 128, 'BLOCK_SIZE_N': 32, 'BLOCK_SIZE_K': 32, 'GROUPSIZE': 1, 'threads': 128, 'num_stages': 3}, checkout autotuner.log for more details
2026-10-02 07:58:28,715 DEBUG:Error: Traceback (most recent call last):
  File "/projects/kzhou6/bcui2/env_software/miniconda3-aarch64/envs/tilebench++_env/lib/python3.10/site-packages/tilelang/autotuner/tuner.py", line 650, in _run_benchmark_target
    latency, worker_ref_latency = benchmark_target(
  File "/projects/kzhou6/bcui2/env_software/miniconda3-aarch64/envs/tilebench++_env/lib/python3.10/site-packages/tilelang/autotuner/tuner.py", line 769, in _benchmark_target
    jit_input_tensors_cache = jit_input_tensors_supply()
  File "/projects/kzhou6/bcui2/env_software/miniconda3-aarch64/envs/tilebench++_env/lib/python3.10/site-packages/tilelang/autotuner/tuner.py", line 727, in func
    return supply_prog(profiler._get_params(with_output=with_output))
  File "/projects/kzhou6/bcui2/env_software/miniconda3-aarch64/envs/tilebench++_env/lib/python3.10/site-packages/tilelang/autotuner/tuner.py", line 384, in supply_prog
    _cached_tensors_by_device[device] = [
  File "/projects/kzhou6/bcui2/env_software/miniconda3-aarch64/envs/tilebench++_env/lib/python3.10/site-packages/tilelang/autotuner/tuner.py", line 385, in <listcomp>
    tensor.to(device=target_device).clone() if isinstance(tensor, torch.Tensor) else tensor for tensor in _frozen_inputs
torch.AcceleratorError: CUDA error: an illegal instruction was encountered
Search for `cudaErrorIllegalInstruction' in https://docs.nvidia.com/cuda/cuda-runtime-api/group__CUDART__TYPES.html for more information.
CUDA kernel errors might be asynchronously reported at some other API call, so the stacktrace below might be incorrect.
For debugging consider passing CUDA_LAUNCH_BLOCKING=1
Compile with `TORCH_USE_CUDA_DSA` to enable device-side assertions.


2026-10-02 07:58:28,715 WARNING:An error occurred while testing config {'BLOCK_SIZE_M': 64, 'BLOCK_SIZE_N': 128, 'BLOCK_SIZE_K': 64, 'GROUPSIZE': 8, 'threads': 128, 'num_stages': 2}, checkout autotuner.log for more details
2026-10-02 07:58:28,715 DEBUG:Error: Traceback (most recent call last):
  File "/projects/kzhou6/bcui2/env_software/miniconda3-aarch64/envs/tilebench++_env/lib/python3.10/site-packages/tilelang/autotuner/tuner.py", line 650, in _run_benchmark_target
    latency, worker_ref_latency = benchmark_target(
  File "/projects/kzhou6/bcui2/env_software/miniconda3-aarch64/envs/tilebench++_env/lib/python3.10/site-packages/tilelang/autotuner/tuner.py", line 769, in _benchmark_target
    jit_input_tensors_cache = jit_input_tensors_supply()
  File "/projects/kzhou6/bcui2/env_software/miniconda3-aarch64/envs/tilebench++_env/lib/python3.10/site-packages/tilelang/autotuner/tuner.py", line 727, in func
    return supply_prog(profiler._get_params(with_output=with_output))
  File "/projects/kzhou6/bcui2/env_software/miniconda3-aarch64/envs/tilebench++_env/lib/python3.10/site-packages/tilelang/autotuner/tuner.py", line 384, in supply_prog
    _cached_tensors_by_device[device] = [
  File "/projects/kzhou6/bcui2/env_software/miniconda3-aarch64/envs/tilebench++_env/lib/python3.10/site-packages/tilelang/autotuner/tuner.py", line 385, in <listcomp>
    tensor.to(device=target_device).clone() if isinstance(tensor, torch.Tensor) else tensor for tensor in _frozen_inputs
torch.AcceleratorError: CUDA error: an illegal instruction was encountered
Search for `cudaErrorIllegalInstruction' in https://docs.nvidia.com/cuda/cuda-runtime-api/group__CUDART__TYPES.html for more information.
CUDA kernel errors might be asynchronously reported at some other API call, so the stacktrace below might be incorrect.
For debugging consider passing CUDA_LAUNCH_BLOCKING=1
Compile with `TORCH_USE_CUDA_DSA` to enable device-side assertions.


2026-10-02 07:58:28,715 WARNING:An error occurred while testing config {'BLOCK_SIZE_M': 64, 'BLOCK_SIZE_N': 128, 'BLOCK_SIZE_K': 64, 'GROUPSIZE': 8, 'threads': 128, 'num_stages': 3}, checkout autotuner.log for more details
2026-10-02 07:58:28,715 DEBUG:Error: Traceback (most recent call last):
  File "/projects/kzhou6/bcui2/env_software/miniconda3-aarch64/envs/tilebench++_env/lib/python3.10/site-packages/tilelang/autotuner/tuner.py", line 650, in _run_benchmark_target
    latency, worker_ref_latency = benchmark_target(
  File "/projects/kzhou6/bcui2/env_software/miniconda3-aarch64/envs/tilebench++_env/lib/python3.10/site-packages/tilelang/autotuner/tuner.py", line 769, in _benchmark_target
    jit_input_tensors_cache = jit_input_tensors_supply()
  File "/projects/kzhou6/bcui2/env_software/miniconda3-aarch64/envs/tilebench++_env/lib/python3.10/site-packages/tilelang/autotuner/tuner.py", line 727, in func
    return supply_prog(profiler._get_params(with_output=with_output))
  File "/projects/kzhou6/bcui2/env_software/miniconda3-aarch64/envs/tilebench++_env/lib/python3.10/site-packages/tilelang/autotuner/tuner.py", line 384, in supply_prog
    _cached_tensors_by_device[device] = [
  File "/projects/kzhou6/bcui2/env_software/miniconda3-aarch64/envs/tilebench++_env/lib/python3.10/site-packages/tilelang/autotuner/tuner.py", line 385, in <listcomp>
    tensor.to(device=target_device).clone() if isinstance(tensor, torch.Tensor) else tensor for tensor in _frozen_inputs
torch.AcceleratorError: CUDA error: an illegal instruction was encountered
Search for `cudaErrorIllegalInstruction' in https://docs.nvidia.com/cuda/cuda-runtime-api/group__CUDART__TYPES.html for more information.
CUDA kernel errors might be asynchronously reported at some other API call, so the stacktrace below might be incorrect.
For debugging consider passing CUDA_LAUNCH_BLOCKING=1
Compile with `TORCH_USE_CUDA_DSA` to enable device-side assertions.


2026-10-02 07:58:28,716 WARNING:An error occurred while testing config {'BLOCK_SIZE_M': 64, 'BLOCK_SIZE_N': 128, 'BLOCK_SIZE_K': 64, 'GROUPSIZE': 1, 'threads': 256, 'num_stages': 2}, checkout autotuner.log for more details
2026-10-02 07:58:28,716 DEBUG:Error: Traceback (most recent call last):
  File "/projects/kzhou6/bcui2/env_software/miniconda3-aarch64/envs/tilebench++_env/lib/python3.10/site-packages/tilelang/autotuner/tuner.py", line 650, in _run_benchmark_target
    latency, worker_ref_latency = benchmark_target(
  File "/projects/kzhou6/bcui2/env_software/miniconda3-aarch64/envs/tilebench++_env/lib/python3.10/site-packages/tilelang/autotuner/tuner.py", line 769, in _benchmark_target
    jit_input_tensors_cache = jit_input_tensors_supply()
  File "/projects/kzhou6/bcui2/env_software/miniconda3-aarch64/envs/tilebench++_env/lib/python3.10/site-packages/tilelang/autotuner/tuner.py", line 727, in func
    return supply_prog(profiler._get_params(with_output=with_output))
  File "/projects/kzhou6/bcui2/env_software/miniconda3-aarch64/envs/tilebench++_env/lib/python3.10/site-packages/tilelang/autotuner/tuner.py", line 384, in supply_prog
    _cached_tensors_by_device[device] = [
  File "/projects/kzhou6/bcui2/env_software/miniconda3-aarch64/envs/tilebench++_env/lib/python3.10/site-packages/tilelang/autotuner/tuner.py", line 385, in <listcomp>
    tensor.to(device=target_device).clone() if isinstance(tensor, torch.Tensor) else tensor for tensor in _frozen_inputs
torch.AcceleratorError: CUDA error: an illegal instruction was encountered
Search for `cudaErrorIllegalInstruction' in https://docs.nvidia.com/cuda/cuda-runtime-api/group__CUDART__TYPES.html for more information.
CUDA kernel errors might be asynchronously reported at some other API call, so the stacktrace below might be incorrect.
For debugging consider passing CUDA_LAUNCH_BLOCKING=1
Compile with `TORCH_USE_CUDA_DSA` to enable device-side assertions.


2026-10-02 07:58:28,716 WARNING:An error occurred while testing config {'BLOCK_SIZE_M': 128, 'BLOCK_SIZE_N': 32, 'BLOCK_SIZE_K': 32, 'GROUPSIZE': 1, 'threads': 128, 'num_stages': 2}, checkout autotuner.log for more details
2026-10-02 07:58:28,716 DEBUG:Error: Traceback (most recent call last):
  File "/projects/kzhou6/bcui2/env_software/miniconda3-aarch64/envs/tilebench++_env/lib/python3.10/site-packages/tilelang/autotuner/tuner.py", line 650, in _run_benchmark_target
    latency, worker_ref_latency = benchmark_target(
  File "/projects/kzhou6/bcui2/env_software/miniconda3-aarch64/envs/tilebench++_env/lib/python3.10/site-packages/tilelang/autotuner/tuner.py", line 769, in _benchmark_target
    jit_input_tensors_cache = jit_input_tensors_supply()
  File "/projects/kzhou6/bcui2/env_software/miniconda3-aarch64/envs/tilebench++_env/lib/python3.10/site-packages/tilelang/autotuner/tuner.py", line 727, in func
    return supply_prog(profiler._get_params(with_output=with_output))
  File "/projects/kzhou6/bcui2/env_software/miniconda3-aarch64/envs/tilebench++_env/lib/python3.10/site-packages/tilelang/autotuner/tuner.py", line 384, in supply_prog
    _cached_tensors_by_device[device] = [
  File "/projects/kzhou6/bcui2/env_software/miniconda3-aarch64/envs/tilebench++_env/lib/python3.10/site-packages/tilelang/autotuner/tuner.py", line 385, in <listcomp>
    tensor.to(device=target_device).clone() if isinstance(tensor, torch.Tensor) else tensor for tensor in _frozen_inputs
torch.AcceleratorError: CUDA error: an illegal instruction was encountered
Search for `cudaErrorIllegalInstruction' in https://docs.nvidia.com/cuda/cuda-runtime-api/group__CUDART__TYPES.html for more information.
CUDA kernel errors might be asynchronously reported at some other API call, so the stacktrace below might be incorrect.
For debugging consider passing CUDA_LAUNCH_BLOCKING=1
Compile with `TORCH_USE_CUDA_DSA` to enable device-side assertions.


2026-10-02 07:58:28,717 WARNING:An error occurred while testing config {'BLOCK_SIZE_M': 128, 'BLOCK_SIZE_N': 32, 'BLOCK_SIZE_K': 32, 'GROUPSIZE': 8, 'threads': 128, 'num_stages': 3}, checkout autotuner.log for more details
2026-10-02 07:58:28,717 DEBUG:Error: Traceback (most recent call last):
  File "/projects/kzhou6/bcui2/env_software/miniconda3-aarch64/envs/tilebench++_env/lib/python3.10/site-packages/tilelang/autotuner/tuner.py", line 650, in _run_benchmark_target
    latency, worker_ref_latency = benchmark_target(
  File "/projects/kzhou6/bcui2/env_software/miniconda3-aarch64/envs/tilebench++_env/lib/python3.10/site-packages/tilelang/autotuner/tuner.py", line 769, in _benchmark_target
    jit_input_tensors_cache = jit_input_tensors_supply()
  File "/projects/kzhou6/bcui2/env_software/miniconda3-aarch64/envs/tilebench++_env/lib/python3.10/site-packages/tilelang/autotuner/tuner.py", line 727, in func
    return supply_prog(profiler._get_params(with_output=with_output))
  File "/projects/kzhou6/bcui2/env_software/miniconda3-aarch64/envs/tilebench++_env/lib/python3.10/site-packages/tilelang/autotuner/tuner.py", line 384, in supply_prog
    _cached_tensors_by_device[device] = [
  File "/projects/kzhou6/bcui2/env_software/miniconda3-aarch64/envs/tilebench++_env/lib/python3.10/site-packages/tilelang/autotuner/tuner.py", line 385, in <listcomp>
    tensor.to(device=target_device).clone() if isinstance(tensor, torch.Tensor) else tensor for tensor in _frozen_inputs
torch.AcceleratorError: CUDA error: an illegal instruction was encountered
Search for `cudaErrorIllegalInstruction' in https://docs.nvidia.com/cuda/cuda-runtime-api/group__CUDART__TYPES.html for more information.
CUDA kernel errors might be asynchronously reported at some other API call, so the stacktrace below might be incorrect.
For debugging consider passing CUDA_LAUNCH_BLOCKING=1
Compile with `TORCH_USE_CUDA_DSA` to enable device-side assertions.


2026-10-02 07:58:28,717 WARNING:An error occurred while testing config {'BLOCK_SIZE_M': 128, 'BLOCK_SIZE_N': 32, 'BLOCK_SIZE_K': 64, 'GROUPSIZE': 1, 'threads': 128, 'num_stages': 4}, checkout autotuner.log for more details
2026-10-02 07:58:28,717 DEBUG:Error: Traceback (most recent call last):
  File "/projects/kzhou6/bcui2/env_software/miniconda3-aarch64/envs/tilebench++_env/lib/python3.10/site-packages/tilelang/autotuner/tuner.py", line 650, in _run_benchmark_target
    latency, worker_ref_latency = benchmark_target(
  File "/projects/kzhou6/bcui2/env_software/miniconda3-aarch64/envs/tilebench++_env/lib/python3.10/site-packages/tilelang/autotuner/tuner.py", line 769, in _benchmark_target
    jit_input_tensors_cache = jit_input_tensors_supply()
  File "/projects/kzhou6/bcui2/env_software/miniconda3-aarch64/envs/tilebench++_env/lib/python3.10/site-packages/tilelang/autotuner/tuner.py", line 727, in func
    return supply_prog(profiler._get_params(with_output=with_output))
  File "/projects/kzhou6/bcui2/env_software/miniconda3-aarch64/envs/tilebench++_env/lib/python3.10/site-packages/tilelang/autotuner/tuner.py", line 384, in supply_prog
    _cached_tensors_by_device[device] = [
  File "/projects/kzhou6/bcui2/env_software/miniconda3-aarch64/envs/tilebench++_env/lib/python3.10/site-packages/tilelang/autotuner/tuner.py", line 385, in <listcomp>
    tensor.to(device=target_device).clone() if isinstance(tensor, torch.Tensor) else tensor for tensor in _frozen_inputs
torch.AcceleratorError: CUDA error: an illegal instruction was encountered
Search for `cudaErrorIllegalInstruction' in https://docs.nvidia.com/cuda/cuda-runtime-api/group__CUDART__TYPES.html for more information.
CUDA kernel errors might be asynchronously reported at some other API call, so the stacktrace below might be incorrect.
For debugging consider passing CUDA_LAUNCH_BLOCKING=1
Compile with `TORCH_USE_CUDA_DSA` to enable device-side assertions.


2026-10-02 07:58:28,717 WARNING:An error occurred while testing config {'BLOCK_SIZE_M': 128, 'BLOCK_SIZE_N': 32, 'BLOCK_SIZE_K': 32, 'GROUPSIZE': 1, 'threads': 128, 'num_stages': 4}, checkout autotuner.log for more details
2026-10-02 07:58:28,717 DEBUG:Error: Traceback (most recent call last):
  File "/projects/kzhou6/bcui2/env_software/miniconda3-aarch64/envs/tilebench++_env/lib/python3.10/site-packages/tilelang/autotuner/tuner.py", line 650, in _run_benchmark_target
    latency, worker_ref_latency = benchmark_target(
  File "/projects/kzhou6/bcui2/env_software/miniconda3-aarch64/envs/tilebench++_env/lib/python3.10/site-packages/tilelang/autotuner/tuner.py", line 769, in _benchmark_target
    jit_input_tensors_cache = jit_input_tensors_supply()
  File "/projects/kzhou6/bcui2/env_software/miniconda3-aarch64/envs/tilebench++_env/lib/python3.10/site-packages/tilelang/autotuner/tuner.py", line 727, in func
    return supply_prog(profiler._get_params(with_output=with_output))
  File "/projects/kzhou6/bcui2/env_software/miniconda3-aarch64/envs/tilebench++_env/lib/python3.10/site-packages/tilelang/autotuner/tuner.py", line 384, in supply_prog
    _cached_tensors_by_device[device] = [
  File "/projects/kzhou6/bcui2/env_software/miniconda3-aarch64/envs/tilebench++_env/lib/python3.10/site-packages/tilelang/autotuner/tuner.py", line 385, in <listcomp>
    tensor.to(device=target_device).clone() if isinstance(tensor, torch.Tensor) else tensor for tensor in _frozen_inputs
torch.AcceleratorError: CUDA error: an illegal instruction was encountered
Search for `cudaErrorIllegalInstruction' in https://docs.nvidia.com/cuda/cuda-runtime-api/group__CUDART__TYPES.html for more information.
CUDA kernel errors might be asynchronously reported at some other API call, so the stacktrace below might be incorrect.
For debugging consider passing CUDA_LAUNCH_BLOCKING=1
Compile with `TORCH_USE_CUDA_DSA` to enable device-side assertions.


2026-10-02 07:58:28,718 WARNING:An error occurred while testing config {'BLOCK_SIZE_M': 128, 'BLOCK_SIZE_N': 32, 'BLOCK_SIZE_K': 32, 'GROUPSIZE': 8, 'threads': 256, 'num_stages': 2}, checkout autotuner.log for more details
2026-10-02 07:58:28,718 DEBUG:Error: Traceback (most recent call last):
  File "/projects/kzhou6/bcui2/env_software/miniconda3-aarch64/envs/tilebench++_env/lib/python3.10/site-packages/tilelang/autotuner/tuner.py", line 650, in _run_benchmark_target
    latency, worker_ref_latency = benchmark_target(
  File "/projects/kzhou6/bcui2/env_software/miniconda3-aarch64/envs/tilebench++_env/lib/python3.10/site-packages/tilelang/autotuner/tuner.py", line 769, in _benchmark_target
    jit_input_tensors_cache = jit_input_tensors_supply()
  File "/projects/kzhou6/bcui2/env_software/miniconda3-aarch64/envs/tilebench++_env/lib/python3.10/site-packages/tilelang/autotuner/tuner.py", line 727, in func
    return supply_prog(profiler._get_params(with_output=with_output))
  File "/projects/kzhou6/bcui2/env_software/miniconda3-aarch64/envs/tilebench++_env/lib/python3.10/site-packages/tilelang/autotuner/tuner.py", line 384, in supply_prog
    _cached_tensors_by_device[device] = [
  File "/projects/kzhou6/bcui2/env_software/miniconda3-aarch64/envs/tilebench++_env/lib/python3.10/site-packages/tilelang/autotuner/tuner.py", line 385, in <listcomp>
    tensor.to(device=target_device).clone() if isinstance(tensor, torch.Tensor) else tensor for tensor in _frozen_inputs
torch.AcceleratorError: CUDA error: an illegal instruction was encountered
Search for `cudaErrorIllegalInstruction' in https://docs.nvidia.com/cuda/cuda-runtime-api/group__CUDART__TYPES.html for more information.
CUDA kernel errors might be asynchronously reported at some other API call, so the stacktrace below might be incorrect.
For debugging consider passing CUDA_LAUNCH_BLOCKING=1
Compile with `TORCH_USE_CUDA_DSA` to enable device-side assertions.


2026-10-02 07:58:28,718 WARNING:An error occurred while testing config {'BLOCK_SIZE_M': 128, 'BLOCK_SIZE_N': 32, 'BLOCK_SIZE_K': 32, 'GROUPSIZE': 1, 'threads': 256, 'num_stages': 2}, checkout autotuner.log for more details
2026-10-02 07:58:28,718 DEBUG:Error: Traceback (most recent call last):
  File "/projects/kzhou6/bcui2/env_software/miniconda3-aarch64/envs/tilebench++_env/lib/python3.10/site-packages/tilelang/autotuner/tuner.py", line 650, in _run_benchmark_target
    latency, worker_ref_latency = benchmark_target(
  File "/projects/kzhou6/bcui2/env_software/miniconda3-aarch64/envs/tilebench++_env/lib/python3.10/site-packages/tilelang/autotuner/tuner.py", line 769, in _benchmark_target
    jit_input_tensors_cache = jit_input_tensors_supply()
  File "/projects/kzhou6/bcui2/env_software/miniconda3-aarch64/envs/tilebench++_env/lib/python3.10/site-packages/tilelang/autotuner/tuner.py", line 727, in func
    return supply_prog(profiler._get_params(with_output=with_output))
  File "/projects/kzhou6/bcui2/env_software/miniconda3-aarch64/envs/tilebench++_env/lib/python3.10/site-packages/tilelang/autotuner/tuner.py", line 384, in supply_prog
    _cached_tensors_by_device[device] = [
  File "/projects/kzhou6/bcui2/env_software/miniconda3-aarch64/envs/tilebench++_env/lib/python3.10/site-packages/tilelang/autotuner/tuner.py", line 385, in <listcomp>
    tensor.to(device=target_device).clone() if isinstance(tensor, torch.Tensor) else tensor for tensor in _frozen_inputs
torch.AcceleratorError: CUDA error: an illegal instruction was encountered
Search for `cudaErrorIllegalInstruction' in https://docs.nvidia.com/cuda/cuda-runtime-api/group__CUDART__TYPES.html for more information.
CUDA kernel errors might be asynchronously reported at some other API call, so the stacktrace below might be incorrect.
For debugging consider passing CUDA_LAUNCH_BLOCKING=1
Compile with `TORCH_USE_CUDA_DSA` to enable device-side assertions.


2026-10-02 07:58:28,719 WARNING:An error occurred while testing config {'BLOCK_SIZE_M': 64, 'BLOCK_SIZE_N': 128, 'BLOCK_SIZE_K': 64, 'GROUPSIZE': 8, 'threads': 256, 'num_stages': 3}, checkout autotuner.log for more details
2026-10-02 07:58:28,719 DEBUG:Error: Traceback (most recent call last):
  File "/projects/kzhou6/bcui2/env_software/miniconda3-aarch64/envs/tilebench++_env/lib/python3.10/site-packages/tilelang/autotuner/tuner.py", line 650, in _run_benchmark_target
    latency, worker_ref_latency = benchmark_target(
  File "/projects/kzhou6/bcui2/env_software/miniconda3-aarch64/envs/tilebench++_env/lib/python3.10/site-packages/tilelang/autotuner/tuner.py", line 769, in _benchmark_target
    jit_input_tensors_cache = jit_input_tensors_supply()
  File "/projects/kzhou6/bcui2/env_software/miniconda3-aarch64/envs/tilebench++_env/lib/python3.10/site-packages/tilelang/autotuner/tuner.py", line 727, in func
    return supply_prog(profiler._get_params(with_output=with_output))
  File "/projects/kzhou6/bcui2/env_software/miniconda3-aarch64/envs/tilebench++_env/lib/python3.10/site-packages/tilelang/autotuner/tuner.py", line 384, in supply_prog
    _cached_tensors_by_device[device] = [
  File "/projects/kzhou6/bcui2/env_software/miniconda3-aarch64/envs/tilebench++_env/lib/python3.10/site-packages/tilelang/autotuner/tuner.py", line 385, in <listcomp>
    tensor.to(device=target_device).clone() if isinstance(tensor, torch.Tensor) else tensor for tensor in _frozen_inputs
torch.AcceleratorError: CUDA error: an illegal instruction was encountered
Search for `cudaErrorIllegalInstruction' in https://docs.nvidia.com/cuda/cuda-runtime-api/group__CUDART__TYPES.html for more information.
CUDA kernel errors might be asynchronously reported at some other API call, so the stacktrace below might be incorrect.
For debugging consider passing CUDA_LAUNCH_BLOCKING=1
Compile with `TORCH_USE_CUDA_DSA` to enable device-side assertions.


2026-10-02 07:58:28,719 WARNING:An error occurred while testing config {'BLOCK_SIZE_M': 128, 'BLOCK_SIZE_N': 32, 'BLOCK_SIZE_K': 64, 'GROUPSIZE': 1, 'threads': 128, 'num_stages': 2}, checkout autotuner.log for more details
2026-10-02 07:58:28,719 DEBUG:Error: Traceback (most recent call last):
  File "/projects/kzhou6/bcui2/env_software/miniconda3-aarch64/envs/tilebench++_env/lib/python3.10/site-packages/tilelang/autotuner/tuner.py", line 650, in _run_benchmark_target
    latency, worker_ref_latency = benchmark_target(
  File "/projects/kzhou6/bcui2/env_software/miniconda3-aarch64/envs/tilebench++_env/lib/python3.10/site-packages/tilelang/autotuner/tuner.py", line 769, in _benchmark_target
    jit_input_tensors_cache = jit_input_tensors_supply()
  File "/projects/kzhou6/bcui2/env_software/miniconda3-aarch64/envs/tilebench++_env/lib/python3.10/site-packages/tilelang/autotuner/tuner.py", line 727, in func
    return supply_prog(profiler._get_params(with_output=with_output))
  File "/projects/kzhou6/bcui2/env_software/miniconda3-aarch64/envs/tilebench++_env/lib/python3.10/site-packages/tilelang/autotuner/tuner.py", line 384, in supply_prog
    _cached_tensors_by_device[device] = [
  File "/projects/kzhou6/bcui2/env_software/miniconda3-aarch64/envs/tilebench++_env/lib/python3.10/site-packages/tilelang/autotuner/tuner.py", line 385, in <listcomp>
    tensor.to(device=target_device).clone() if isinstance(tensor, torch.Tensor) else tensor for tensor in _frozen_inputs
torch.AcceleratorError: CUDA error: an illegal instruction was encountered
Search for `cudaErrorIllegalInstruction' in https://docs.nvidia.com/cuda/cuda-runtime-api/group__CUDART__TYPES.html for more information.
CUDA kernel errors might be asynchronously reported at some other API call, so the stacktrace below might be incorrect.
For debugging consider passing CUDA_LAUNCH_BLOCKING=1
Compile with `TORCH_USE_CUDA_DSA` to enable device-side assertions.


2026-10-02 07:58:28,719 WARNING:An error occurred while testing config {'BLOCK_SIZE_M': 128, 'BLOCK_SIZE_N': 32, 'BLOCK_SIZE_K': 64, 'GROUPSIZE': 1, 'threads': 256, 'num_stages': 2}, checkout autotuner.log for more details
2026-10-02 07:58:28,719 DEBUG:Error: Traceback (most recent call last):
  File "/projects/kzhou6/bcui2/env_software/miniconda3-aarch64/envs/tilebench++_env/lib/python3.10/site-packages/tilelang/autotuner/tuner.py", line 650, in _run_benchmark_target
    latency, worker_ref_latency = benchmark_target(
  File "/projects/kzhou6/bcui2/env_software/miniconda3-aarch64/envs/tilebench++_env/lib/python3.10/site-packages/tilelang/autotuner/tuner.py", line 769, in _benchmark_target
    jit_input_tensors_cache = jit_input_tensors_supply()
  File "/projects/kzhou6/bcui2/env_software/miniconda3-aarch64/envs/tilebench++_env/lib/python3.10/site-packages/tilelang/autotuner/tuner.py", line 727, in func
    return supply_prog(profiler._get_params(with_output=with_output))
  File "/projects/kzhou6/bcui2/env_software/miniconda3-aarch64/envs/tilebench++_env/lib/python3.10/site-packages/tilelang/autotuner/tuner.py", line 384, in supply_prog
    _cached_tensors_by_device[device] = [
  File "/projects/kzhou6/bcui2/env_software/miniconda3-aarch64/envs/tilebench++_env/lib/python3.10/site-packages/tilelang/autotuner/tuner.py", line 385, in <listcomp>
    tensor.to(device=target_device).clone() if isinstance(tensor, torch.Tensor) else tensor for tensor in _frozen_inputs
torch.AcceleratorError: CUDA error: an illegal instruction was encountered
Search for `cudaErrorIllegalInstruction' in https://docs.nvidia.com/cuda/cuda-runtime-api/group__CUDART__TYPES.html for more information.
CUDA kernel errors might be asynchronously reported at some other API call, so the stacktrace below might be incorrect.
For debugging consider passing CUDA_LAUNCH_BLOCKING=1
Compile with `TORCH_USE_CUDA_DSA` to enable device-side assertions.


2026-10-02 07:58:28,720 WARNING:An error occurred while testing config {'BLOCK_SIZE_M': 128, 'BLOCK_SIZE_N': 32, 'BLOCK_SIZE_K': 64, 'GROUPSIZE': 1, 'threads': 128, 'num_stages': 3}, checkout autotuner.log for more details
2026-10-02 07:58:28,720 DEBUG:Error: Traceback (most recent call last):
  File "/projects/kzhou6/bcui2/env_software/miniconda3-aarch64/envs/tilebench++_env/lib/python3.10/site-packages/tilelang/autotuner/tuner.py", line 650, in _run_benchmark_target
    latency, worker_ref_latency = benchmark_target(
  File "/projects/kzhou6/bcui2/env_software/miniconda3-aarch64/envs/tilebench++_env/lib/python3.10/site-packages/tilelang/autotuner/tuner.py", line 769, in _benchmark_target
    jit_input_tensors_cache = jit_input_tensors_supply()
  File "/projects/kzhou6/bcui2/env_software/miniconda3-aarch64/envs/tilebench++_env/lib/python3.10/site-packages/tilelang/autotuner/tuner.py", line 727, in func
    return supply_prog(profiler._get_params(with_output=with_output))
  File "/projects/kzhou6/bcui2/env_software/miniconda3-aarch64/envs/tilebench++_env/lib/python3.10/site-packages/tilelang/autotuner/tuner.py", line 384, in supply_prog
    _cached_tensors_by_device[device] = [
  File "/projects/kzhou6/bcui2/env_software/miniconda3-aarch64/envs/tilebench++_env/lib/python3.10/site-packages/tilelang/autotuner/tuner.py", line 385, in <listcomp>
    tensor.to(device=target_device).clone() if isinstance(tensor, torch.Tensor) else tensor for tensor in _frozen_inputs
torch.AcceleratorError: CUDA error: an illegal instruction was encountered
Search for `cudaErrorIllegalInstruction' in https://docs.nvidia.com/cuda/cuda-runtime-api/group__CUDART__TYPES.html for more information.
CUDA kernel errors might be asynchronously reported at some other API call, so the stacktrace below might be incorrect.
For debugging consider passing CUDA_LAUNCH_BLOCKING=1
Compile with `TORCH_USE_CUDA_DSA` to enable device-side assertions.


2026-10-02 07:58:28,720 WARNING:An error occurred while testing config {'BLOCK_SIZE_M': 128, 'BLOCK_SIZE_N': 32, 'BLOCK_SIZE_K': 64, 'GROUPSIZE': 8, 'threads': 128, 'num_stages': 2}, checkout autotuner.log for more details
2026-10-02 07:58:28,720 DEBUG:Error: Traceback (most recent call last):
  File "/projects/kzhou6/bcui2/env_software/miniconda3-aarch64/envs/tilebench++_env/lib/python3.10/site-packages/tilelang/autotuner/tuner.py", line 650, in _run_benchmark_target
    latency, worker_ref_latency = benchmark_target(
  File "/projects/kzhou6/bcui2/env_software/miniconda3-aarch64/envs/tilebench++_env/lib/python3.10/site-packages/tilelang/autotuner/tuner.py", line 769, in _benchmark_target
    jit_input_tensors_cache = jit_input_tensors_supply()
  File "/projects/kzhou6/bcui2/env_software/miniconda3-aarch64/envs/tilebench++_env/lib/python3.10/site-packages/tilelang/autotuner/tuner.py", line 727, in func
    return supply_prog(profiler._get_params(with_output=with_output))
  File "/projects/kzhou6/bcui2/env_software/miniconda3-aarch64/envs/tilebench++_env/lib/python3.10/site-packages/tilelang/autotuner/tuner.py", line 384, in supply_prog
    _cached_tensors_by_device[device] = [
  File "/projects/kzhou6/bcui2/env_software/miniconda3-aarch64/envs/tilebench++_env/lib/python3.10/site-packages/tilelang/autotuner/tuner.py", line 385, in <listcomp>
    tensor.to(device=target_device).clone() if isinstance(tensor, torch.Tensor) else tensor for tensor in _frozen_inputs
torch.AcceleratorError: CUDA error: an illegal instruction was encountered
Search for `cudaErrorIllegalInstruction' in https://docs.nvidia.com/cuda/cuda-runtime-api/group__CUDART__TYPES.html for more information.
CUDA kernel errors might be asynchronously reported at some other API call, so the stacktrace below might be incorrect.
For debugging consider passing CUDA_LAUNCH_BLOCKING=1
Compile with `TORCH_USE_CUDA_DSA` to enable device-side assertions.


2026-10-02 07:58:28,721 WARNING:An error occurred while testing config {'BLOCK_SIZE_M': 128, 'BLOCK_SIZE_N': 64, 'BLOCK_SIZE_K': 32, 'GROUPSIZE': 1, 'threads': 128, 'num_stages': 2}, checkout autotuner.log for more details
2026-10-02 07:58:28,721 DEBUG:Error: Traceback (most recent call last):
  File "/projects/kzhou6/bcui2/env_software/miniconda3-aarch64/envs/tilebench++_env/lib/python3.10/site-packages/tilelang/autotuner/tuner.py", line 650, in _run_benchmark_target
    latency, worker_ref_latency = benchmark_target(
  File "/projects/kzhou6/bcui2/env_software/miniconda3-aarch64/envs/tilebench++_env/lib/python3.10/site-packages/tilelang/autotuner/tuner.py", line 769, in _benchmark_target
    jit_input_tensors_cache = jit_input_tensors_supply()
  File "/projects/kzhou6/bcui2/env_software/miniconda3-aarch64/envs/tilebench++_env/lib/python3.10/site-packages/tilelang/autotuner/tuner.py", line 727, in func
    return supply_prog(profiler._get_params(with_output=with_output))
  File "/projects/kzhou6/bcui2/env_software/miniconda3-aarch64/envs/tilebench++_env/lib/python3.10/site-packages/tilelang/autotuner/tuner.py", line 384, in supply_prog
    _cached_tensors_by_device[device] = [
  File "/projects/kzhou6/bcui2/env_software/miniconda3-aarch64/envs/tilebench++_env/lib/python3.10/site-packages/tilelang/autotuner/tuner.py", line 385, in <listcomp>
    tensor.to(device=target_device).clone() if isinstance(tensor, torch.Tensor) else tensor for tensor in _frozen_inputs
torch.AcceleratorError: CUDA error: an illegal instruction was encountered
Search for `cudaErrorIllegalInstruction' in https://docs.nvidia.com/cuda/cuda-runtime-api/group__CUDART__TYPES.html for more information.
CUDA kernel errors might be asynchronously reported at some other API call, so the stacktrace below might be incorrect.
For debugging consider passing CUDA_LAUNCH_BLOCKING=1
Compile with `TORCH_USE_CUDA_DSA` to enable device-side assertions.


2026-10-02 07:58:28,721 WARNING:An error occurred while testing config {'BLOCK_SIZE_M': 128, 'BLOCK_SIZE_N': 32, 'BLOCK_SIZE_K': 32, 'GROUPSIZE': 8, 'threads': 128, 'num_stages': 2}, checkout autotuner.log for more details
2026-10-02 07:58:28,721 DEBUG:Error: Traceback (most recent call last):
  File "/projects/kzhou6/bcui2/env_software/miniconda3-aarch64/envs/tilebench++_env/lib/python3.10/site-packages/tilelang/autotuner/tuner.py", line 650, in _run_benchmark_target
    latency, worker_ref_latency = benchmark_target(
  File "/projects/kzhou6/bcui2/env_software/miniconda3-aarch64/envs/tilebench++_env/lib/python3.10/site-packages/tilelang/autotuner/tuner.py", line 769, in _benchmark_target
    jit_input_tensors_cache = jit_input_tensors_supply()
  File "/projects/kzhou6/bcui2/env_software/miniconda3-aarch64/envs/tilebench++_env/lib/python3.10/site-packages/tilelang/autotuner/tuner.py", line 727, in func
    return supply_prog(profiler._get_params(with_output=with_output))
  File "/projects/kzhou6/bcui2/env_software/miniconda3-aarch64/envs/tilebench++_env/lib/python3.10/site-packages/tilelang/autotuner/tuner.py", line 384, in supply_prog
    _cached_tensors_by_device[device] = [
  File "/projects/kzhou6/bcui2/env_software/miniconda3-aarch64/envs/tilebench++_env/lib/python3.10/site-packages/tilelang/autotuner/tuner.py", line 385, in <listcomp>
    tensor.to(device=target_device).clone() if isinstance(tensor, torch.Tensor) else tensor for tensor in _frozen_inputs
torch.AcceleratorError: CUDA error: an illegal instruction was encountered
Search for `cudaErrorIllegalInstruction' in https://docs.nvidia.com/cuda/cuda-runtime-api/group__CUDART__TYPES.html for more information.
CUDA kernel errors might be asynchronously reported at some other API call, so the stacktrace below might be incorrect.
For debugging consider passing CUDA_LAUNCH_BLOCKING=1
Compile with `TORCH_USE_CUDA_DSA` to enable device-side assertions.


2026-10-02 07:58:28,721 WARNING:An error occurred while testing config {'BLOCK_SIZE_M': 128, 'BLOCK_SIZE_N': 32, 'BLOCK_SIZE_K': 32, 'GROUPSIZE': 8, 'threads': 128, 'num_stages': 4}, checkout autotuner.log for more details
2026-10-02 07:58:28,721 DEBUG:Error: Traceback (most recent call last):
  File "/projects/kzhou6/bcui2/env_software/miniconda3-aarch64/envs/tilebench++_env/lib/python3.10/site-packages/tilelang/autotuner/tuner.py", line 650, in _run_benchmark_target
    latency, worker_ref_latency = benchmark_target(
  File "/projects/kzhou6/bcui2/env_software/miniconda3-aarch64/envs/tilebench++_env/lib/python3.10/site-packages/tilelang/autotuner/tuner.py", line 769, in _benchmark_target
    jit_input_tensors_cache = jit_input_tensors_supply()
  File "/projects/kzhou6/bcui2/env_software/miniconda3-aarch64/envs/tilebench++_env/lib/python3.10/site-packages/tilelang/autotuner/tuner.py", line 727, in func
    return supply_prog(profiler._get_params(with_output=with_output))
  File "/projects/kzhou6/bcui2/env_software/miniconda3-aarch64/envs/tilebench++_env/lib/python3.10/site-packages/tilelang/autotuner/tuner.py", line 384, in supply_prog
    _cached_tensors_by_device[device] = [
  File "/projects/kzhou6/bcui2/env_software/miniconda3-aarch64/envs/tilebench++_env/lib/python3.10/site-packages/tilelang/autotuner/tuner.py", line 385, in <listcomp>
    tensor.to(device=target_device).clone() if isinstance(tensor, torch.Tensor) else tensor for tensor in _frozen_inputs
torch.AcceleratorError: CUDA error: an illegal instruction was encountered
Search for `cudaErrorIllegalInstruction' in https://docs.nvidia.com/cuda/cuda-runtime-api/group__CUDART__TYPES.html for more information.
CUDA kernel errors might be asynchronously reported at some other API call, so the stacktrace below might be incorrect.
For debugging consider passing CUDA_LAUNCH_BLOCKING=1
Compile with `TORCH_USE_CUDA_DSA` to enable device-side assertions.


2026-10-02 07:58:28,722 WARNING:An error occurred while testing config {'BLOCK_SIZE_M': 128, 'BLOCK_SIZE_N': 32, 'BLOCK_SIZE_K': 64, 'GROUPSIZE': 8, 'threads': 128, 'num_stages': 3}, checkout autotuner.log for more details
2026-10-02 07:58:28,722 DEBUG:Error: Traceback (most recent call last):
  File "/projects/kzhou6/bcui2/env_software/miniconda3-aarch64/envs/tilebench++_env/lib/python3.10/site-packages/tilelang/autotuner/tuner.py", line 650, in _run_benchmark_target
    latency, worker_ref_latency = benchmark_target(
  File "/projects/kzhou6/bcui2/env_software/miniconda3-aarch64/envs/tilebench++_env/lib/python3.10/site-packages/tilelang/autotuner/tuner.py", line 769, in _benchmark_target
    jit_input_tensors_cache = jit_input_tensors_supply()
  File "/projects/kzhou6/bcui2/env_software/miniconda3-aarch64/envs/tilebench++_env/lib/python3.10/site-packages/tilelang/autotuner/tuner.py", line 727, in func
    return supply_prog(profiler._get_params(with_output=with_output))
  File "/projects/kzhou6/bcui2/env_software/miniconda3-aarch64/envs/tilebench++_env/lib/python3.10/site-packages/tilelang/autotuner/tuner.py", line 384, in supply_prog
    _cached_tensors_by_device[device] = [
  File "/projects/kzhou6/bcui2/env_software/miniconda3-aarch64/envs/tilebench++_env/lib/python3.10/site-packages/tilelang/autotuner/tuner.py", line 385, in <listcomp>
    tensor.to(device=target_device).clone() if isinstance(tensor, torch.Tensor) else tensor for tensor in _frozen_inputs
torch.AcceleratorError: CUDA error: an illegal instruction was encountered
Search for `cudaErrorIllegalInstruction' in https://docs.nvidia.com/cuda/cuda-runtime-api/group__CUDART__TYPES.html for more information.
CUDA kernel errors might be asynchronously reported at some other API call, so the stacktrace below might be incorrect.
For debugging consider passing CUDA_LAUNCH_BLOCKING=1
Compile with `TORCH_USE_CUDA_DSA` to enable device-side assertions.


2026-10-02 07:58:28,722 WARNING:An error occurred while testing config {'BLOCK_SIZE_M': 128, 'BLOCK_SIZE_N': 32, 'BLOCK_SIZE_K': 64, 'GROUPSIZE': 1, 'threads': 256, 'num_stages': 4}, checkout autotuner.log for more details
2026-10-02 07:58:28,722 DEBUG:Error: Traceback (most recent call last):
  File "/projects/kzhou6/bcui2/env_software/miniconda3-aarch64/envs/tilebench++_env/lib/python3.10/site-packages/tilelang/autotuner/tuner.py", line 650, in _run_benchmark_target
    latency, worker_ref_latency = benchmark_target(
  File "/projects/kzhou6/bcui2/env_software/miniconda3-aarch64/envs/tilebench++_env/lib/python3.10/site-packages/tilelang/autotuner/tuner.py", line 769, in _benchmark_target
    jit_input_tensors_cache = jit_input_tensors_supply()
  File "/projects/kzhou6/bcui2/env_software/miniconda3-aarch64/envs/tilebench++_env/lib/python3.10/site-packages/tilelang/autotuner/tuner.py", line 727, in func
    return supply_prog(profiler._get_params(with_output=with_output))
  File "/projects/kzhou6/bcui2/env_software/miniconda3-aarch64/envs/tilebench++_env/lib/python3.10/site-packages/tilelang/autotuner/tuner.py", line 384, in supply_prog
    _cached_tensors_by_device[device] = [
  File "/projects/kzhou6/bcui2/env_software/miniconda3-aarch64/envs/tilebench++_env/lib/python3.10/site-packages/tilelang/autotuner/tuner.py", line 385, in <listcomp>
    tensor.to(device=target_device).clone() if isinstance(tensor, torch.Tensor) else tensor for tensor in _frozen_inputs
torch.AcceleratorError: CUDA error: an illegal instruction was encountered
Search for `cudaErrorIllegalInstruction' in https://docs.nvidia.com/cuda/cuda-runtime-api/group__CUDART__TYPES.html for more information.
CUDA kernel errors might be asynchronously reported at some other API call, so the stacktrace below might be incorrect.
For debugging consider passing CUDA_LAUNCH_BLOCKING=1
Compile with `TORCH_USE_CUDA_DSA` to enable device-side assertions.


2026-10-02 07:58:28,722 WARNING:An error occurred while testing config {'BLOCK_SIZE_M': 128, 'BLOCK_SIZE_N': 32, 'BLOCK_SIZE_K': 64, 'GROUPSIZE': 1, 'threads': 256, 'num_stages': 3}, checkout autotuner.log for more details
2026-10-02 07:58:28,723 DEBUG:Error: Traceback (most recent call last):
  File "/projects/kzhou6/bcui2/env_software/miniconda3-aarch64/envs/tilebench++_env/lib/python3.10/site-packages/tilelang/autotuner/tuner.py", line 650, in _run_benchmark_target
    latency, worker_ref_latency = benchmark_target(
  File "/projects/kzhou6/bcui2/env_software/miniconda3-aarch64/envs/tilebench++_env/lib/python3.10/site-packages/tilelang/autotuner/tuner.py", line 769, in _benchmark_target
    jit_input_tensors_cache = jit_input_tensors_supply()
  File "/projects/kzhou6/bcui2/env_software/miniconda3-aarch64/envs/tilebench++_env/lib/python3.10/site-packages/tilelang/autotuner/tuner.py", line 727, in func
    return supply_prog(profiler._get_params(with_output=with_output))
  File "/projects/kzhou6/bcui2/env_software/miniconda3-aarch64/envs/tilebench++_env/lib/python3.10/site-packages/tilelang/autotuner/tuner.py", line 384, in supply_prog
    _cached_tensors_by_device[device] = [
  File "/projects/kzhou6/bcui2/env_software/miniconda3-aarch64/envs/tilebench++_env/lib/python3.10/site-packages/tilelang/autotuner/tuner.py", line 385, in <listcomp>
    tensor.to(device=target_device).clone() if isinstance(tensor, torch.Tensor) else tensor for tensor in _frozen_inputs
torch.AcceleratorError: CUDA error: an illegal instruction was encountered
Search for `cudaErrorIllegalInstruction' in https://docs.nvidia.com/cuda/cuda-runtime-api/group__CUDART__TYPES.html for more information.
CUDA kernel errors might be asynchronously reported at some other API call, so the stacktrace below might be incorrect.
For debugging consider passing CUDA_LAUNCH_BLOCKING=1
Compile with `TORCH_USE_CUDA_DSA` to enable device-side assertions.


2026-10-02 07:58:28,723 WARNING:An error occurred while testing config {'BLOCK_SIZE_M': 128, 'BLOCK_SIZE_N': 32, 'BLOCK_SIZE_K': 64, 'GROUPSIZE': 8, 'threads': 256, 'num_stages': 4}, checkout autotuner.log for more details
2026-10-02 07:58:28,723 DEBUG:Error: Traceback (most recent call last):
  File "/projects/kzhou6/bcui2/env_software/miniconda3-aarch64/envs/tilebench++_env/lib/python3.10/site-packages/tilelang/autotuner/tuner.py", line 650, in _run_benchmark_target
    latency, worker_ref_latency = benchmark_target(
  File "/projects/kzhou6/bcui2/env_software/miniconda3-aarch64/envs/tilebench++_env/lib/python3.10/site-packages/tilelang/autotuner/tuner.py", line 769, in _benchmark_target
    jit_input_tensors_cache = jit_input_tensors_supply()
  File "/projects/kzhou6/bcui2/env_software/miniconda3-aarch64/envs/tilebench++_env/lib/python3.10/site-packages/tilelang/autotuner/tuner.py", line 727, in func
    return supply_prog(profiler._get_params(with_output=with_output))
  File "/projects/kzhou6/bcui2/env_software/miniconda3-aarch64/envs/tilebench++_env/lib/python3.10/site-packages/tilelang/autotuner/tuner.py", line 384, in supply_prog
    _cached_tensors_by_device[device] = [
  File "/projects/kzhou6/bcui2/env_software/miniconda3-aarch64/envs/tilebench++_env/lib/python3.10/site-packages/tilelang/autotuner/tuner.py", line 385, in <listcomp>
    tensor.to(device=target_device).clone() if isinstance(tensor, torch.Tensor) else tensor for tensor in _frozen_inputs
torch.AcceleratorError: CUDA error: an illegal instruction was encountered
Search for `cudaErrorIllegalInstruction' in https://docs.nvidia.com/cuda/cuda-runtime-api/group__CUDART__TYPES.html for more information.
CUDA kernel errors might be asynchronously reported at some other API call, so the stacktrace below might be incorrect.
For debugging consider passing CUDA_LAUNCH_BLOCKING=1
Compile with `TORCH_USE_CUDA_DSA` to enable device-side assertions.


2026-10-02 07:58:28,723 WARNING:An error occurred while testing config {'BLOCK_SIZE_M': 128, 'BLOCK_SIZE_N': 64, 'BLOCK_SIZE_K': 32, 'GROUPSIZE': 1, 'threads': 128, 'num_stages': 3}, checkout autotuner.log for more details
2026-10-02 07:58:28,723 DEBUG:Error: Traceback (most recent call last):
  File "/projects/kzhou6/bcui2/env_software/miniconda3-aarch64/envs/tilebench++_env/lib/python3.10/site-packages/tilelang/autotuner/tuner.py", line 650, in _run_benchmark_target
    latency, worker_ref_latency = benchmark_target(
  File "/projects/kzhou6/bcui2/env_software/miniconda3-aarch64/envs/tilebench++_env/lib/python3.10/site-packages/tilelang/autotuner/tuner.py", line 769, in _benchmark_target
    jit_input_tensors_cache = jit_input_tensors_supply()
  File "/projects/kzhou6/bcui2/env_software/miniconda3-aarch64/envs/tilebench++_env/lib/python3.10/site-packages/tilelang/autotuner/tuner.py", line 727, in func
    return supply_prog(profiler._get_params(with_output=with_output))
  File "/projects/kzhou6/bcui2/env_software/miniconda3-aarch64/envs/tilebench++_env/lib/python3.10/site-packages/tilelang/autotuner/tuner.py", line 384, in supply_prog
    _cached_tensors_by_device[device] = [
  File "/projects/kzhou6/bcui2/env_software/miniconda3-aarch64/envs/tilebench++_env/lib/python3.10/site-packages/tilelang/autotuner/tuner.py", line 385, in <listcomp>
    tensor.to(device=target_device).clone() if isinstance(tensor, torch.Tensor) else tensor for tensor in _frozen_inputs
torch.AcceleratorError: CUDA error: an illegal instruction was encountered
Search for `cudaErrorIllegalInstruction' in https://docs.nvidia.com/cuda/cuda-runtime-api/group__CUDART__TYPES.html for more information.
CUDA kernel errors might be asynchronously reported at some other API call, so the stacktrace below might be incorrect.
For debugging consider passing CUDA_LAUNCH_BLOCKING=1
Compile with `TORCH_USE_CUDA_DSA` to enable device-side assertions.


2026-10-02 07:58:28,724 WARNING:An error occurred while testing config {'BLOCK_SIZE_M': 128, 'BLOCK_SIZE_N': 64, 'BLOCK_SIZE_K': 32, 'GROUPSIZE': 8, 'threads': 128, 'num_stages': 3}, checkout autotuner.log for more details
2026-10-02 07:58:28,724 DEBUG:Error: Traceback (most recent call last):
  File "/projects/kzhou6/bcui2/env_software/miniconda3-aarch64/envs/tilebench++_env/lib/python3.10/site-packages/tilelang/autotuner/tuner.py", line 650, in _run_benchmark_target
    latency, worker_ref_latency = benchmark_target(
  File "/projects/kzhou6/bcui2/env_software/miniconda3-aarch64/envs/tilebench++_env/lib/python3.10/site-packages/tilelang/autotuner/tuner.py", line 769, in _benchmark_target
    jit_input_tensors_cache = jit_input_tensors_supply()
  File "/projects/kzhou6/bcui2/env_software/miniconda3-aarch64/envs/tilebench++_env/lib/python3.10/site-packages/tilelang/autotuner/tuner.py", line 727, in func
    return supply_prog(profiler._get_params(with_output=with_output))
  File "/projects/kzhou6/bcui2/env_software/miniconda3-aarch64/envs/tilebench++_env/lib/python3.10/site-packages/tilelang/autotuner/tuner.py", line 384, in supply_prog
    _cached_tensors_by_device[device] = [
  File "/projects/kzhou6/bcui2/env_software/miniconda3-aarch64/envs/tilebench++_env/lib/python3.10/site-packages/tilelang/autotuner/tuner.py", line 385, in <listcomp>
    tensor.to(device=target_device).clone() if isinstance(tensor, torch.Tensor) else tensor for tensor in _frozen_inputs
torch.AcceleratorError: CUDA error: an illegal instruction was encountered
Search for `cudaErrorIllegalInstruction' in https://docs.nvidia.com/cuda/cuda-runtime-api/group__CUDART__TYPES.html for more information.
CUDA kernel errors might be asynchronously reported at some other API call, so the stacktrace below might be incorrect.
For debugging consider passing CUDA_LAUNCH_BLOCKING=1
Compile with `TORCH_USE_CUDA_DSA` to enable device-side assertions.


2026-10-02 07:58:28,724 WARNING:An error occurred while testing config {'BLOCK_SIZE_M': 128, 'BLOCK_SIZE_N': 64, 'BLOCK_SIZE_K': 32, 'GROUPSIZE': 8, 'threads': 256, 'num_stages': 2}, checkout autotuner.log for more details
2026-10-02 07:58:28,724 DEBUG:Error: Traceback (most recent call last):
  File "/projects/kzhou6/bcui2/env_software/miniconda3-aarch64/envs/tilebench++_env/lib/python3.10/site-packages/tilelang/autotuner/tuner.py", line 650, in _run_benchmark_target
    latency, worker_ref_latency = benchmark_target(
  File "/projects/kzhou6/bcui2/env_software/miniconda3-aarch64/envs/tilebench++_env/lib/python3.10/site-packages/tilelang/autotuner/tuner.py", line 769, in _benchmark_target
    jit_input_tensors_cache = jit_input_tensors_supply()
  File "/projects/kzhou6/bcui2/env_software/miniconda3-aarch64/envs/tilebench++_env/lib/python3.10/site-packages/tilelang/autotuner/tuner.py", line 727, in func
    return supply_prog(profiler._get_params(with_output=with_output))
  File "/projects/kzhou6/bcui2/env_software/miniconda3-aarch64/envs/tilebench++_env/lib/python3.10/site-packages/tilelang/autotuner/tuner.py", line 384, in supply_prog
    _cached_tensors_by_device[device] = [
  File "/projects/kzhou6/bcui2/env_software/miniconda3-aarch64/envs/tilebench++_env/lib/python3.10/site-packages/tilelang/autotuner/tuner.py", line 385, in <listcomp>
    tensor.to(device=target_device).clone() if isinstance(tensor, torch.Tensor) else tensor for tensor in _frozen_inputs
torch.AcceleratorError: CUDA error: an illegal instruction was encountered
Search for `cudaErrorIllegalInstruction' in https://docs.nvidia.com/cuda/cuda-runtime-api/group__CUDART__TYPES.html for more information.
CUDA kernel errors might be asynchronously reported at some other API call, so the stacktrace below might be incorrect.
For debugging consider passing CUDA_LAUNCH_BLOCKING=1
Compile with `TORCH_USE_CUDA_DSA` to enable device-side assertions.


2026-10-02 07:58:28,724 WARNING:An error occurred while testing config {'BLOCK_SIZE_M': 128, 'BLOCK_SIZE_N': 32, 'BLOCK_SIZE_K': 64, 'GROUPSIZE': 8, 'threads': 128, 'num_stages': 4}, checkout autotuner.log for more details
2026-10-02 07:58:28,724 DEBUG:Error: Traceback (most recent call last):
  File "/projects/kzhou6/bcui2/env_software/miniconda3-aarch64/envs/tilebench++_env/lib/python3.10/site-packages/tilelang/autotuner/tuner.py", line 650, in _run_benchmark_target
    latency, worker_ref_latency = benchmark_target(
  File "/projects/kzhou6/bcui2/env_software/miniconda3-aarch64/envs/tilebench++_env/lib/python3.10/site-packages/tilelang/autotuner/tuner.py", line 769, in _benchmark_target
    jit_input_tensors_cache = jit_input_tensors_supply()
  File "/projects/kzhou6/bcui2/env_software/miniconda3-aarch64/envs/tilebench++_env/lib/python3.10/site-packages/tilelang/autotuner/tuner.py", line 727, in func
    return supply_prog(profiler._get_params(with_output=with_output))
  File "/projects/kzhou6/bcui2/env_software/miniconda3-aarch64/envs/tilebench++_env/lib/python3.10/site-packages/tilelang/autotuner/tuner.py", line 384, in supply_prog
    _cached_tensors_by_device[device] = [
  File "/projects/kzhou6/bcui2/env_software/miniconda3-aarch64/envs/tilebench++_env/lib/python3.10/site-packages/tilelang/autotuner/tuner.py", line 385, in <listcomp>
    tensor.to(device=target_device).clone() if isinstance(tensor, torch.Tensor) else tensor for tensor in _frozen_inputs
torch.AcceleratorError: CUDA error: an illegal instruction was encountered
Search for `cudaErrorIllegalInstruction' in https://docs.nvidia.com/cuda/cuda-runtime-api/group__CUDART__TYPES.html for more information.
CUDA kernel errors might be asynchronously reported at some other API call, so the stacktrace below might be incorrect.
For debugging consider passing CUDA_LAUNCH_BLOCKING=1
Compile with `TORCH_USE_CUDA_DSA` to enable device-side assertions.


2026-10-02 07:58:28,725 WARNING:An error occurred while testing config {'BLOCK_SIZE_M': 128, 'BLOCK_SIZE_N': 64, 'BLOCK_SIZE_K': 32, 'GROUPSIZE': 8, 'threads': 128, 'num_stages': 2}, checkout autotuner.log for more details
2026-10-02 07:58:28,725 DEBUG:Error: Traceback (most recent call last):
  File "/projects/kzhou6/bcui2/env_software/miniconda3-aarch64/envs/tilebench++_env/lib/python3.10/site-packages/tilelang/autotuner/tuner.py", line 650, in _run_benchmark_target
    latency, worker_ref_latency = benchmark_target(
  File "/projects/kzhou6/bcui2/env_software/miniconda3-aarch64/envs/tilebench++_env/lib/python3.10/site-packages/tilelang/autotuner/tuner.py", line 769, in _benchmark_target
    jit_input_tensors_cache = jit_input_tensors_supply()
  File "/projects/kzhou6/bcui2/env_software/miniconda3-aarch64/envs/tilebench++_env/lib/python3.10/site-packages/tilelang/autotuner/tuner.py", line 727, in func
    return supply_prog(profiler._get_params(with_output=with_output))
  File "/projects/kzhou6/bcui2/env_software/miniconda3-aarch64/envs/tilebench++_env/lib/python3.10/site-packages/tilelang/autotuner/tuner.py", line 384, in supply_prog
    _cached_tensors_by_device[device] = [
  File "/projects/kzhou6/bcui2/env_software/miniconda3-aarch64/envs/tilebench++_env/lib/python3.10/site-packages/tilelang/autotuner/tuner.py", line 385, in <listcomp>
    tensor.to(device=target_device).clone() if isinstance(tensor, torch.Tensor) else tensor for tensor in _frozen_inputs
torch.AcceleratorError: CUDA error: an illegal instruction was encountered
Search for `cudaErrorIllegalInstruction' in https://docs.nvidia.com/cuda/cuda-runtime-api/group__CUDART__TYPES.html for more information.
CUDA kernel errors might be asynchronously reported at some other API call, so the stacktrace below might be incorrect.
For debugging consider passing CUDA_LAUNCH_BLOCKING=1
Compile with `TORCH_USE_CUDA_DSA` to enable device-side assertions.


2026-10-02 07:58:28,725 WARNING:An error occurred while testing config {'BLOCK_SIZE_M': 128, 'BLOCK_SIZE_N': 64, 'BLOCK_SIZE_K': 32, 'GROUPSIZE': 1, 'threads': 128, 'num_stages': 4}, checkout autotuner.log for more details
2026-10-02 07:58:28,725 DEBUG:Error: Traceback (most recent call last):
  File "/projects/kzhou6/bcui2/env_software/miniconda3-aarch64/envs/tilebench++_env/lib/python3.10/site-packages/tilelang/autotuner/tuner.py", line 650, in _run_benchmark_target
    latency, worker_ref_latency = benchmark_target(
  File "/projects/kzhou6/bcui2/env_software/miniconda3-aarch64/envs/tilebench++_env/lib/python3.10/site-packages/tilelang/autotuner/tuner.py", line 769, in _benchmark_target
    jit_input_tensors_cache = jit_input_tensors_supply()
  File "/projects/kzhou6/bcui2/env_software/miniconda3-aarch64/envs/tilebench++_env/lib/python3.10/site-packages/tilelang/autotuner/tuner.py", line 727, in func
    return supply_prog(profiler._get_params(with_output=with_output))
  File "/projects/kzhou6/bcui2/env_software/miniconda3-aarch64/envs/tilebench++_env/lib/python3.10/site-packages/tilelang/autotuner/tuner.py", line 384, in supply_prog
    _cached_tensors_by_device[device] = [
  File "/projects/kzhou6/bcui2/env_software/miniconda3-aarch64/envs/tilebench++_env/lib/python3.10/site-packages/tilelang/autotuner/tuner.py", line 385, in <listcomp>
    tensor.to(device=target_device).clone() if isinstance(tensor, torch.Tensor) else tensor for tensor in _frozen_inputs
torch.AcceleratorError: CUDA error: an illegal instruction was encountered
Search for `cudaErrorIllegalInstruction' in https://docs.nvidia.com/cuda/cuda-runtime-api/group__CUDART__TYPES.html for more information.
CUDA kernel errors might be asynchronously reported at some other API call, so the stacktrace below might be incorrect.
For debugging consider passing CUDA_LAUNCH_BLOCKING=1
Compile with `TORCH_USE_CUDA_DSA` to enable device-side assertions.


2026-10-02 07:58:28,726 WARNING:An error occurred while testing config {'BLOCK_SIZE_M': 128, 'BLOCK_SIZE_N': 32, 'BLOCK_SIZE_K': 64, 'GROUPSIZE': 8, 'threads': 256, 'num_stages': 3}, checkout autotuner.log for more details
2026-10-02 07:58:28,726 DEBUG:Error: Traceback (most recent call last):
  File "/projects/kzhou6/bcui2/env_software/miniconda3-aarch64/envs/tilebench++_env/lib/python3.10/site-packages/tilelang/autotuner/tuner.py", line 650, in _run_benchmark_target
    latency, worker_ref_latency = benchmark_target(
  File "/projects/kzhou6/bcui2/env_software/miniconda3-aarch64/envs/tilebench++_env/lib/python3.10/site-packages/tilelang/autotuner/tuner.py", line 769, in _benchmark_target
    jit_input_tensors_cache = jit_input_tensors_supply()
  File "/projects/kzhou6/bcui2/env_software/miniconda3-aarch64/envs/tilebench++_env/lib/python3.10/site-packages/tilelang/autotuner/tuner.py", line 727, in func
    return supply_prog(profiler._get_params(with_output=with_output))
  File "/projects/kzhou6/bcui2/env_software/miniconda3-aarch64/envs/tilebench++_env/lib/python3.10/site-packages/tilelang/autotuner/tuner.py", line 384, in supply_prog
    _cached_tensors_by_device[device] = [
  File "/projects/kzhou6/bcui2/env_software/miniconda3-aarch64/envs/tilebench++_env/lib/python3.10/site-packages/tilelang/autotuner/tuner.py", line 385, in <listcomp>
    tensor.to(device=target_device).clone() if isinstance(tensor, torch.Tensor) else tensor for tensor in _frozen_inputs
torch.AcceleratorError: CUDA error: an illegal instruction was encountered
Search for `cudaErrorIllegalInstruction' in https://docs.nvidia.com/cuda/cuda-runtime-api/group__CUDART__TYPES.html for more information.
CUDA kernel errors might be asynchronously reported at some other API call, so the stacktrace below might be incorrect.
For debugging consider passing CUDA_LAUNCH_BLOCKING=1
Compile with `TORCH_USE_CUDA_DSA` to enable device-side assertions.


2026-10-02 07:58:28,726 WARNING:An error occurred while testing config {'BLOCK_SIZE_M': 128, 'BLOCK_SIZE_N': 32, 'BLOCK_SIZE_K': 64, 'GROUPSIZE': 8, 'threads': 256, 'num_stages': 2}, checkout autotuner.log for more details
2026-10-02 07:58:28,726 DEBUG:Error: Traceback (most recent call last):
  File "/projects/kzhou6/bcui2/env_software/miniconda3-aarch64/envs/tilebench++_env/lib/python3.10/site-packages/tilelang/autotuner/tuner.py", line 650, in _run_benchmark_target
    latency, worker_ref_latency = benchmark_target(
  File "/projects/kzhou6/bcui2/env_software/miniconda3-aarch64/envs/tilebench++_env/lib/python3.10/site-packages/tilelang/autotuner/tuner.py", line 769, in _benchmark_target
    jit_input_tensors_cache = jit_input_tensors_supply()
  File "/projects/kzhou6/bcui2/env_software/miniconda3-aarch64/envs/tilebench++_env/lib/python3.10/site-packages/tilelang/autotuner/tuner.py", line 727, in func
    return supply_prog(profiler._get_params(with_output=with_output))
  File "/projects/kzhou6/bcui2/env_software/miniconda3-aarch64/envs/tilebench++_env/lib/python3.10/site-packages/tilelang/autotuner/tuner.py", line 384, in supply_prog
    _cached_tensors_by_device[device] = [
  File "/projects/kzhou6/bcui2/env_software/miniconda3-aarch64/envs/tilebench++_env/lib/python3.10/site-packages/tilelang/autotuner/tuner.py", line 385, in <listcomp>
    tensor.to(device=target_device).clone() if isinstance(tensor, torch.Tensor) else tensor for tensor in _frozen_inputs
torch.AcceleratorError: CUDA error: an illegal instruction was encountered
Search for `cudaErrorIllegalInstruction' in https://docs.nvidia.com/cuda/cuda-runtime-api/group__CUDART__TYPES.html for more information.
CUDA kernel errors might be asynchronously reported at some other API call, so the stacktrace below might be incorrect.
For debugging consider passing CUDA_LAUNCH_BLOCKING=1
Compile with `TORCH_USE_CUDA_DSA` to enable device-side assertions.


2026-10-02 07:58:28,726 WARNING:An error occurred while testing config {'BLOCK_SIZE_M': 128, 'BLOCK_SIZE_N': 64, 'BLOCK_SIZE_K': 32, 'GROUPSIZE': 1, 'threads': 256, 'num_stages': 3}, checkout autotuner.log for more details
2026-10-02 07:58:28,727 DEBUG:Error: Traceback (most recent call last):
  File "/projects/kzhou6/bcui2/env_software/miniconda3-aarch64/envs/tilebench++_env/lib/python3.10/site-packages/tilelang/autotuner/tuner.py", line 650, in _run_benchmark_target
    latency, worker_ref_latency = benchmark_target(
  File "/projects/kzhou6/bcui2/env_software/miniconda3-aarch64/envs/tilebench++_env/lib/python3.10/site-packages/tilelang/autotuner/tuner.py", line 769, in _benchmark_target
    jit_input_tensors_cache = jit_input_tensors_supply()
  File "/projects/kzhou6/bcui2/env_software/miniconda3-aarch64/envs/tilebench++_env/lib/python3.10/site-packages/tilelang/autotuner/tuner.py", line 727, in func
    return supply_prog(profiler._get_params(with_output=with_output))
  File "/projects/kzhou6/bcui2/env_software/miniconda3-aarch64/envs/tilebench++_env/lib/python3.10/site-packages/tilelang/autotuner/tuner.py", line 384, in supply_prog
    _cached_tensors_by_device[device] = [
  File "/projects/kzhou6/bcui2/env_software/miniconda3-aarch64/envs/tilebench++_env/lib/python3.10/site-packages/tilelang/autotuner/tuner.py", line 385, in <listcomp>
    tensor.to(device=target_device).clone() if isinstance(tensor, torch.Tensor) else tensor for tensor in _frozen_inputs
torch.AcceleratorError: CUDA error: an illegal instruction was encountered
Search for `cudaErrorIllegalInstruction' in https://docs.nvidia.com/cuda/cuda-runtime-api/group__CUDART__TYPES.html for more information.
CUDA kernel errors might be asynchronously reported at some other API call, so the stacktrace below might be incorrect.
For debugging consider passing CUDA_LAUNCH_BLOCKING=1
Compile with `TORCH_USE_CUDA_DSA` to enable device-side assertions.


2026-10-02 07:58:28,727 WARNING:An error occurred while testing config {'BLOCK_SIZE_M': 128, 'BLOCK_SIZE_N': 64, 'BLOCK_SIZE_K': 64, 'GROUPSIZE': 8, 'threads': 128, 'num_stages': 3}, checkout autotuner.log for more details
2026-10-02 07:58:28,727 DEBUG:Error: Traceback (most recent call last):
  File "/projects/kzhou6/bcui2/env_software/miniconda3-aarch64/envs/tilebench++_env/lib/python3.10/site-packages/tilelang/autotuner/tuner.py", line 650, in _run_benchmark_target
    latency, worker_ref_latency = benchmark_target(
  File "/projects/kzhou6/bcui2/env_software/miniconda3-aarch64/envs/tilebench++_env/lib/python3.10/site-packages/tilelang/autotuner/tuner.py", line 769, in _benchmark_target
    jit_input_tensors_cache = jit_input_tensors_supply()
  File "/projects/kzhou6/bcui2/env_software/miniconda3-aarch64/envs/tilebench++_env/lib/python3.10/site-packages/tilelang/autotuner/tuner.py", line 727, in func
    return supply_prog(profiler._get_params(with_output=with_output))
  File "/projects/kzhou6/bcui2/env_software/miniconda3-aarch64/envs/tilebench++_env/lib/python3.10/site-packages/tilelang/autotuner/tuner.py", line 384, in supply_prog
    _cached_tensors_by_device[device] = [
  File "/projects/kzhou6/bcui2/env_software/miniconda3-aarch64/envs/tilebench++_env/lib/python3.10/site-packages/tilelang/autotuner/tuner.py", line 385, in <listcomp>
    tensor.to(device=target_device).clone() if isinstance(tensor, torch.Tensor) else tensor for tensor in _frozen_inputs
torch.AcceleratorError: CUDA error: an illegal instruction was encountered
Search for `cudaErrorIllegalInstruction' in https://docs.nvidia.com/cuda/cuda-runtime-api/group__CUDART__TYPES.html for more information.
CUDA kernel errors might be asynchronously reported at some other API call, so the stacktrace below might be incorrect.
For debugging consider passing CUDA_LAUNCH_BLOCKING=1
Compile with `TORCH_USE_CUDA_DSA` to enable device-side assertions.


2026-10-02 07:58:28,727 WARNING:An error occurred while testing config {'BLOCK_SIZE_M': 128, 'BLOCK_SIZE_N': 64, 'BLOCK_SIZE_K': 64, 'GROUPSIZE': 1, 'threads': 128, 'num_stages': 3}, checkout autotuner.log for more details
2026-10-02 07:58:28,727 DEBUG:Error: Traceback (most recent call last):
  File "/projects/kzhou6/bcui2/env_software/miniconda3-aarch64/envs/tilebench++_env/lib/python3.10/site-packages/tilelang/autotuner/tuner.py", line 650, in _run_benchmark_target
    latency, worker_ref_latency = benchmark_target(
  File "/projects/kzhou6/bcui2/env_software/miniconda3-aarch64/envs/tilebench++_env/lib/python3.10/site-packages/tilelang/autotuner/tuner.py", line 769, in _benchmark_target
    jit_input_tensors_cache = jit_input_tensors_supply()
  File "/projects/kzhou6/bcui2/env_software/miniconda3-aarch64/envs/tilebench++_env/lib/python3.10/site-packages/tilelang/autotuner/tuner.py", line 727, in func
    return supply_prog(profiler._get_params(with_output=with_output))
  File "/projects/kzhou6/bcui2/env_software/miniconda3-aarch64/envs/tilebench++_env/lib/python3.10/site-packages/tilelang/autotuner/tuner.py", line 384, in supply_prog
    _cached_tensors_by_device[device] = [
  File "/projects/kzhou6/bcui2/env_software/miniconda3-aarch64/envs/tilebench++_env/lib/python3.10/site-packages/tilelang/autotuner/tuner.py", line 385, in <listcomp>
    tensor.to(device=target_device).clone() if isinstance(tensor, torch.Tensor) else tensor for tensor in _frozen_inputs
torch.AcceleratorError: CUDA error: an illegal instruction was encountered
Search for `cudaErrorIllegalInstruction' in https://docs.nvidia.com/cuda/cuda-runtime-api/group__CUDART__TYPES.html for more information.
CUDA kernel errors might be asynchronously reported at some other API call, so the stacktrace below might be incorrect.
For debugging consider passing CUDA_LAUNCH_BLOCKING=1
Compile with `TORCH_USE_CUDA_DSA` to enable device-side assertions.


2026-10-02 07:58:28,728 WARNING:An error occurred while testing config {'BLOCK_SIZE_M': 128, 'BLOCK_SIZE_N': 128, 'BLOCK_SIZE_K': 32, 'GROUPSIZE': 8, 'threads': 128, 'num_stages': 4}, checkout autotuner.log for more details
2026-10-02 07:58:28,728 DEBUG:Error: Traceback (most recent call last):
  File "/projects/kzhou6/bcui2/env_software/miniconda3-aarch64/envs/tilebench++_env/lib/python3.10/site-packages/tilelang/autotuner/tuner.py", line 650, in _run_benchmark_target
    latency, worker_ref_latency = benchmark_target(
  File "/projects/kzhou6/bcui2/env_software/miniconda3-aarch64/envs/tilebench++_env/lib/python3.10/site-packages/tilelang/autotuner/tuner.py", line 769, in _benchmark_target
    jit_input_tensors_cache = jit_input_tensors_supply()
  File "/projects/kzhou6/bcui2/env_software/miniconda3-aarch64/envs/tilebench++_env/lib/python3.10/site-packages/tilelang/autotuner/tuner.py", line 727, in func
    return supply_prog(profiler._get_params(with_output=with_output))
  File "/projects/kzhou6/bcui2/env_software/miniconda3-aarch64/envs/tilebench++_env/lib/python3.10/site-packages/tilelang/autotuner/tuner.py", line 384, in supply_prog
    _cached_tensors_by_device[device] = [
  File "/projects/kzhou6/bcui2/env_software/miniconda3-aarch64/envs/tilebench++_env/lib/python3.10/site-packages/tilelang/autotuner/tuner.py", line 385, in <listcomp>
    tensor.to(device=target_device).clone() if isinstance(tensor, torch.Tensor) else tensor for tensor in _frozen_inputs
torch.AcceleratorError: CUDA error: an illegal instruction was encountered
Search for `cudaErrorIllegalInstruction' in https://docs.nvidia.com/cuda/cuda-runtime-api/group__CUDART__TYPES.html for more information.
CUDA kernel errors might be asynchronously reported at some other API call, so the stacktrace below might be incorrect.
For debugging consider passing CUDA_LAUNCH_BLOCKING=1
Compile with `TORCH_USE_CUDA_DSA` to enable device-side assertions.


2026-10-02 07:58:28,728 WARNING:An error occurred while testing config {'BLOCK_SIZE_M': 128, 'BLOCK_SIZE_N': 64, 'BLOCK_SIZE_K': 32, 'GROUPSIZE': 1, 'threads': 256, 'num_stages': 2}, checkout autotuner.log for more details
2026-10-02 07:58:28,728 DEBUG:Error: Traceback (most recent call last):
  File "/projects/kzhou6/bcui2/env_software/miniconda3-aarch64/envs/tilebench++_env/lib/python3.10/site-packages/tilelang/autotuner/tuner.py", line 650, in _run_benchmark_target
    latency, worker_ref_latency = benchmark_target(
  File "/projects/kzhou6/bcui2/env_software/miniconda3-aarch64/envs/tilebench++_env/lib/python3.10/site-packages/tilelang/autotuner/tuner.py", line 769, in _benchmark_target
    jit_input_tensors_cache = jit_input_tensors_supply()
  File "/projects/kzhou6/bcui2/env_software/miniconda3-aarch64/envs/tilebench++_env/lib/python3.10/site-packages/tilelang/autotuner/tuner.py", line 727, in func
    return supply_prog(profiler._get_params(with_output=with_output))
  File "/projects/kzhou6/bcui2/env_software/miniconda3-aarch64/envs/tilebench++_env/lib/python3.10/site-packages/tilelang/autotuner/tuner.py", line 384, in supply_prog
    _cached_tensors_by_device[device] = [
  File "/projects/kzhou6/bcui2/env_software/miniconda3-aarch64/envs/tilebench++_env/lib/python3.10/site-packages/tilelang/autotuner/tuner.py", line 385, in <listcomp>
    tensor.to(device=target_device).clone() if isinstance(tensor, torch.Tensor) else tensor for tensor in _frozen_inputs
torch.AcceleratorError: CUDA error: an illegal instruction was encountered
Search for `cudaErrorIllegalInstruction' in https://docs.nvidia.com/cuda/cuda-runtime-api/group__CUDART__TYPES.html for more information.
CUDA kernel errors might be asynchronously reported at some other API call, so the stacktrace below might be incorrect.
For debugging consider passing CUDA_LAUNCH_BLOCKING=1
Compile with `TORCH_USE_CUDA_DSA` to enable device-side assertions.


2026-10-02 07:58:28,728 WARNING:An error occurred while testing config {'BLOCK_SIZE_M': 128, 'BLOCK_SIZE_N': 128, 'BLOCK_SIZE_K': 32, 'GROUPSIZE': 8, 'threads': 128, 'num_stages': 2}, checkout autotuner.log for more details
2026-10-02 07:58:28,729 DEBUG:Error: Traceback (most recent call last):
  File "/projects/kzhou6/bcui2/env_software/miniconda3-aarch64/envs/tilebench++_env/lib/python3.10/site-packages/tilelang/autotuner/tuner.py", line 650, in _run_benchmark_target
    latency, worker_ref_latency = benchmark_target(
  File "/projects/kzhou6/bcui2/env_software/miniconda3-aarch64/envs/tilebench++_env/lib/python3.10/site-packages/tilelang/autotuner/tuner.py", line 769, in _benchmark_target
    jit_input_tensors_cache = jit_input_tensors_supply()
  File "/projects/kzhou6/bcui2/env_software/miniconda3-aarch64/envs/tilebench++_env/lib/python3.10/site-packages/tilelang/autotuner/tuner.py", line 727, in func
    return supply_prog(profiler._get_params(with_output=with_output))
  File "/projects/kzhou6/bcui2/env_software/miniconda3-aarch64/envs/tilebench++_env/lib/python3.10/site-packages/tilelang/autotuner/tuner.py", line 384, in supply_prog
    _cached_tensors_by_device[device] = [
  File "/projects/kzhou6/bcui2/env_software/miniconda3-aarch64/envs/tilebench++_env/lib/python3.10/site-packages/tilelang/autotuner/tuner.py", line 385, in <listcomp>
    tensor.to(device=target_device).clone() if isinstance(tensor, torch.Tensor) else tensor for tensor in _frozen_inputs
torch.AcceleratorError: CUDA error: an illegal instruction was encountered
Search for `cudaErrorIllegalInstruction' in https://docs.nvidia.com/cuda/cuda-runtime-api/group__CUDART__TYPES.html for more information.
CUDA kernel errors might be asynchronously reported at some other API call, so the stacktrace below might be incorrect.
For debugging consider passing CUDA_LAUNCH_BLOCKING=1
Compile with `TORCH_USE_CUDA_DSA` to enable device-side assertions.


2026-10-02 07:58:28,729 WARNING:An error occurred while testing config {'BLOCK_SIZE_M': 128, 'BLOCK_SIZE_N': 64, 'BLOCK_SIZE_K': 32, 'GROUPSIZE': 8, 'threads': 128, 'num_stages': 4}, checkout autotuner.log for more details
2026-10-02 07:58:28,729 DEBUG:Error: Traceback (most recent call last):
  File "/projects/kzhou6/bcui2/env_software/miniconda3-aarch64/envs/tilebench++_env/lib/python3.10/site-packages/tilelang/autotuner/tuner.py", line 650, in _run_benchmark_target
    latency, worker_ref_latency = benchmark_target(
  File "/projects/kzhou6/bcui2/env_software/miniconda3-aarch64/envs/tilebench++_env/lib/python3.10/site-packages/tilelang/autotuner/tuner.py", line 769, in _benchmark_target
    jit_input_tensors_cache = jit_input_tensors_supply()
  File "/projects/kzhou6/bcui2/env_software/miniconda3-aarch64/envs/tilebench++_env/lib/python3.10/site-packages/tilelang/autotuner/tuner.py", line 727, in func
    return supply_prog(profiler._get_params(with_output=with_output))
  File "/projects/kzhou6/bcui2/env_software/miniconda3-aarch64/envs/tilebench++_env/lib/python3.10/site-packages/tilelang/autotuner/tuner.py", line 384, in supply_prog
    _cached_tensors_by_device[device] = [
  File "/projects/kzhou6/bcui2/env_software/miniconda3-aarch64/envs/tilebench++_env/lib/python3.10/site-packages/tilelang/autotuner/tuner.py", line 385, in <listcomp>
    tensor.to(device=target_device).clone() if isinstance(tensor, torch.Tensor) else tensor for tensor in _frozen_inputs
torch.AcceleratorError: CUDA error: an illegal instruction was encountered
Search for `cudaErrorIllegalInstruction' in https://docs.nvidia.com/cuda/cuda-runtime-api/group__CUDART__TYPES.html for more information.
CUDA kernel errors might be asynchronously reported at some other API call, so the stacktrace below might be incorrect.
For debugging consider passing CUDA_LAUNCH_BLOCKING=1
Compile with `TORCH_USE_CUDA_DSA` to enable device-side assertions.


2026-10-02 07:58:28,729 WARNING:An error occurred while testing config {'BLOCK_SIZE_M': 128, 'BLOCK_SIZE_N': 128, 'BLOCK_SIZE_K': 32, 'GROUPSIZE': 1, 'threads': 256, 'num_stages': 2}, checkout autotuner.log for more details
2026-10-02 07:58:28,729 DEBUG:Error: Traceback (most recent call last):
  File "/projects/kzhou6/bcui2/env_software/miniconda3-aarch64/envs/tilebench++_env/lib/python3.10/site-packages/tilelang/autotuner/tuner.py", line 650, in _run_benchmark_target
    latency, worker_ref_latency = benchmark_target(
  File "/projects/kzhou6/bcui2/env_software/miniconda3-aarch64/envs/tilebench++_env/lib/python3.10/site-packages/tilelang/autotuner/tuner.py", line 769, in _benchmark_target
    jit_input_tensors_cache = jit_input_tensors_supply()
  File "/projects/kzhou6/bcui2/env_software/miniconda3-aarch64/envs/tilebench++_env/lib/python3.10/site-packages/tilelang/autotuner/tuner.py", line 727, in func
    return supply_prog(profiler._get_params(with_output=with_output))
  File "/projects/kzhou6/bcui2/env_software/miniconda3-aarch64/envs/tilebench++_env/lib/python3.10/site-packages/tilelang/autotuner/tuner.py", line 384, in supply_prog
    _cached_tensors_by_device[device] = [
  File "/projects/kzhou6/bcui2/env_software/miniconda3-aarch64/envs/tilebench++_env/lib/python3.10/site-packages/tilelang/autotuner/tuner.py", line 385, in <listcomp>
    tensor.to(device=target_device).clone() if isinstance(tensor, torch.Tensor) else tensor for tensor in _frozen_inputs
torch.AcceleratorError: CUDA error: an illegal instruction was encountered
Search for `cudaErrorIllegalInstruction' in https://docs.nvidia.com/cuda/cuda-runtime-api/group__CUDART__TYPES.html for more information.
CUDA kernel errors might be asynchronously reported at some other API call, so the stacktrace below might be incorrect.
For debugging consider passing CUDA_LAUNCH_BLOCKING=1
Compile with `TORCH_USE_CUDA_DSA` to enable device-side assertions.


2026-10-02 07:58:28,730 WARNING:An error occurred while testing config {'BLOCK_SIZE_M': 128, 'BLOCK_SIZE_N': 128, 'BLOCK_SIZE_K': 32, 'GROUPSIZE': 8, 'threads': 256, 'num_stages': 3}, checkout autotuner.log for more details
2026-10-02 07:58:28,730 DEBUG:Error: Traceback (most recent call last):
  File "/projects/kzhou6/bcui2/env_software/miniconda3-aarch64/envs/tilebench++_env/lib/python3.10/site-packages/tilelang/autotuner/tuner.py", line 650, in _run_benchmark_target
    latency, worker_ref_latency = benchmark_target(
  File "/projects/kzhou6/bcui2/env_software/miniconda3-aarch64/envs/tilebench++_env/lib/python3.10/site-packages/tilelang/autotuner/tuner.py", line 769, in _benchmark_target
    jit_input_tensors_cache = jit_input_tensors_supply()
  File "/projects/kzhou6/bcui2/env_software/miniconda3-aarch64/envs/tilebench++_env/lib/python3.10/site-packages/tilelang/autotuner/tuner.py", line 727, in func
    return supply_prog(profiler._get_params(with_output=with_output))
  File "/projects/kzhou6/bcui2/env_software/miniconda3-aarch64/envs/tilebench++_env/lib/python3.10/site-packages/tilelang/autotuner/tuner.py", line 384, in supply_prog
    _cached_tensors_by_device[device] = [
  File "/projects/kzhou6/bcui2/env_software/miniconda3-aarch64/envs/tilebench++_env/lib/python3.10/site-packages/tilelang/autotuner/tuner.py", line 385, in <listcomp>
    tensor.to(device=target_device).clone() if isinstance(tensor, torch.Tensor) else tensor for tensor in _frozen_inputs
torch.AcceleratorError: CUDA error: an illegal instruction was encountered
Search for `cudaErrorIllegalInstruction' in https://docs.nvidia.com/cuda/cuda-runtime-api/group__CUDART__TYPES.html for more information.
CUDA kernel errors might be asynchronously reported at some other API call, so the stacktrace below might be incorrect.
For debugging consider passing CUDA_LAUNCH_BLOCKING=1
Compile with `TORCH_USE_CUDA_DSA` to enable device-side assertions.


2026-10-02 07:58:28,730 WARNING:An error occurred while testing config {'BLOCK_SIZE_M': 128, 'BLOCK_SIZE_N': 64, 'BLOCK_SIZE_K': 64, 'GROUPSIZE': 8, 'threads': 256, 'num_stages': 2}, checkout autotuner.log for more details
2026-10-02 07:58:28,730 DEBUG:Error: Traceback (most recent call last):
  File "/projects/kzhou6/bcui2/env_software/miniconda3-aarch64/envs/tilebench++_env/lib/python3.10/site-packages/tilelang/autotuner/tuner.py", line 650, in _run_benchmark_target
    latency, worker_ref_latency = benchmark_target(
  File "/projects/kzhou6/bcui2/env_software/miniconda3-aarch64/envs/tilebench++_env/lib/python3.10/site-packages/tilelang/autotuner/tuner.py", line 769, in _benchmark_target
    jit_input_tensors_cache = jit_input_tensors_supply()
  File "/projects/kzhou6/bcui2/env_software/miniconda3-aarch64/envs/tilebench++_env/lib/python3.10/site-packages/tilelang/autotuner/tuner.py", line 727, in func
    return supply_prog(profiler._get_params(with_output=with_output))
  File "/projects/kzhou6/bcui2/env_software/miniconda3-aarch64/envs/tilebench++_env/lib/python3.10/site-packages/tilelang/autotuner/tuner.py", line 384, in supply_prog
    _cached_tensors_by_device[device] = [
  File "/projects/kzhou6/bcui2/env_software/miniconda3-aarch64/envs/tilebench++_env/lib/python3.10/site-packages/tilelang/autotuner/tuner.py", line 385, in <listcomp>
    tensor.to(device=target_device).clone() if isinstance(tensor, torch.Tensor) else tensor for tensor in _frozen_inputs
torch.AcceleratorError: CUDA error: an illegal instruction was encountered
Search for `cudaErrorIllegalInstruction' in https://docs.nvidia.com/cuda/cuda-runtime-api/group__CUDART__TYPES.html for more information.
CUDA kernel errors might be asynchronously reported at some other API call, so the stacktrace below might be incorrect.
For debugging consider passing CUDA_LAUNCH_BLOCKING=1
Compile with `TORCH_USE_CUDA_DSA` to enable device-side assertions.


2026-10-02 07:58:28,730 WARNING:An error occurred while testing config {'BLOCK_SIZE_M': 128, 'BLOCK_SIZE_N': 64, 'BLOCK_SIZE_K': 64, 'GROUPSIZE': 1, 'threads': 128, 'num_stages': 2}, checkout autotuner.log for more details
2026-10-02 07:58:28,731 DEBUG:Error: Traceback (most recent call last):
  File "/projects/kzhou6/bcui2/env_software/miniconda3-aarch64/envs/tilebench++_env/lib/python3.10/site-packages/tilelang/autotuner/tuner.py", line 650, in _run_benchmark_target
    latency, worker_ref_latency = benchmark_target(
  File "/projects/kzhou6/bcui2/env_software/miniconda3-aarch64/envs/tilebench++_env/lib/python3.10/site-packages/tilelang/autotuner/tuner.py", line 769, in _benchmark_target
    jit_input_tensors_cache = jit_input_tensors_supply()
  File "/projects/kzhou6/bcui2/env_software/miniconda3-aarch64/envs/tilebench++_env/lib/python3.10/site-packages/tilelang/autotuner/tuner.py", line 727, in func
    return supply_prog(profiler._get_params(with_output=with_output))
  File "/projects/kzhou6/bcui2/env_software/miniconda3-aarch64/envs/tilebench++_env/lib/python3.10/site-packages/tilelang/autotuner/tuner.py", line 384, in supply_prog
    _cached_tensors_by_device[device] = [
  File "/projects/kzhou6/bcui2/env_software/miniconda3-aarch64/envs/tilebench++_env/lib/python3.10/site-packages/tilelang/autotuner/tuner.py", line 385, in <listcomp>
    tensor.to(device=target_device).clone() if isinstance(tensor, torch.Tensor) else tensor for tensor in _frozen_inputs
torch.AcceleratorError: CUDA error: an illegal instruction was encountered
Search for `cudaErrorIllegalInstruction' in https://docs.nvidia.com/cuda/cuda-runtime-api/group__CUDART__TYPES.html for more information.
CUDA kernel errors might be asynchronously reported at some other API call, so the stacktrace below might be incorrect.
For debugging consider passing CUDA_LAUNCH_BLOCKING=1
Compile with `TORCH_USE_CUDA_DSA` to enable device-side assertions.


2026-10-02 07:58:28,731 WARNING:An error occurred while testing config {'BLOCK_SIZE_M': 128, 'BLOCK_SIZE_N': 128, 'BLOCK_SIZE_K': 32, 'GROUPSIZE': 1, 'threads': 128, 'num_stages': 2}, checkout autotuner.log for more details
2026-10-02 07:58:28,731 DEBUG:Error: Traceback (most recent call last):
  File "/projects/kzhou6/bcui2/env_software/miniconda3-aarch64/envs/tilebench++_env/lib/python3.10/site-packages/tilelang/autotuner/tuner.py", line 650, in _run_benchmark_target
    latency, worker_ref_latency = benchmark_target(
  File "/projects/kzhou6/bcui2/env_software/miniconda3-aarch64/envs/tilebench++_env/lib/python3.10/site-packages/tilelang/autotuner/tuner.py", line 769, in _benchmark_target
    jit_input_tensors_cache = jit_input_tensors_supply()
  File "/projects/kzhou6/bcui2/env_software/miniconda3-aarch64/envs/tilebench++_env/lib/python3.10/site-packages/tilelang/autotuner/tuner.py", line 727, in func
    return supply_prog(profiler._get_params(with_output=with_output))
  File "/projects/kzhou6/bcui2/env_software/miniconda3-aarch64/envs/tilebench++_env/lib/python3.10/site-packages/tilelang/autotuner/tuner.py", line 384, in supply_prog
    _cached_tensors_by_device[device] = [
  File "/projects/kzhou6/bcui2/env_software/miniconda3-aarch64/envs/tilebench++_env/lib/python3.10/site-packages/tilelang/autotuner/tuner.py", line 385, in <listcomp>
    tensor.to(device=target_device).clone() if isinstance(tensor, torch.Tensor) else tensor for tensor in _frozen_inputs
torch.AcceleratorError: CUDA error: an illegal instruction was encountered
Search for `cudaErrorIllegalInstruction' in https://docs.nvidia.com/cuda/cuda-runtime-api/group__CUDART__TYPES.html for more information.
CUDA kernel errors might be asynchronously reported at some other API call, so the stacktrace below might be incorrect.
For debugging consider passing CUDA_LAUNCH_BLOCKING=1
Compile with `TORCH_USE_CUDA_DSA` to enable device-side assertions.


2026-10-02 07:58:28,731 WARNING:An error occurred while testing config {'BLOCK_SIZE_M': 128, 'BLOCK_SIZE_N': 64, 'BLOCK_SIZE_K': 32, 'GROUPSIZE': 1, 'threads': 256, 'num_stages': 4}, checkout autotuner.log for more details
2026-10-02 07:58:28,731 DEBUG:Error: Traceback (most recent call last):
  File "/projects/kzhou6/bcui2/env_software/miniconda3-aarch64/envs/tilebench++_env/lib/python3.10/site-packages/tilelang/autotuner/tuner.py", line 650, in _run_benchmark_target
    latency, worker_ref_latency = benchmark_target(
  File "/projects/kzhou6/bcui2/env_software/miniconda3-aarch64/envs/tilebench++_env/lib/python3.10/site-packages/tilelang/autotuner/tuner.py", line 769, in _benchmark_target
    jit_input_tensors_cache = jit_input_tensors_supply()
  File "/projects/kzhou6/bcui2/env_software/miniconda3-aarch64/envs/tilebench++_env/lib/python3.10/site-packages/tilelang/autotuner/tuner.py", line 727, in func
    return supply_prog(profiler._get_params(with_output=with_output))
  File "/projects/kzhou6/bcui2/env_software/miniconda3-aarch64/envs/tilebench++_env/lib/python3.10/site-packages/tilelang/autotuner/tuner.py", line 384, in supply_prog
    _cached_tensors_by_device[device] = [
  File "/projects/kzhou6/bcui2/env_software/miniconda3-aarch64/envs/tilebench++_env/lib/python3.10/site-packages/tilelang/autotuner/tuner.py", line 385, in <listcomp>
    tensor.to(device=target_device).clone() if isinstance(tensor, torch.Tensor) else tensor for tensor in _frozen_inputs
torch.AcceleratorError: CUDA error: an illegal instruction was encountered
Search for `cudaErrorIllegalInstruction' in https://docs.nvidia.com/cuda/cuda-runtime-api/group__CUDART__TYPES.html for more information.
CUDA kernel errors might be asynchronously reported at some other API call, so the stacktrace below might be incorrect.
For debugging consider passing CUDA_LAUNCH_BLOCKING=1
Compile with `TORCH_USE_CUDA_DSA` to enable device-side assertions.


2026-10-02 07:58:28,732 WARNING:An error occurred while testing config {'BLOCK_SIZE_M': 128, 'BLOCK_SIZE_N': 64, 'BLOCK_SIZE_K': 64, 'GROUPSIZE': 8, 'threads': 128, 'num_stages': 2}, checkout autotuner.log for more details
2026-10-02 07:58:28,732 DEBUG:Error: Traceback (most recent call last):
  File "/projects/kzhou6/bcui2/env_software/miniconda3-aarch64/envs/tilebench++_env/lib/python3.10/site-packages/tilelang/autotuner/tuner.py", line 650, in _run_benchmark_target
    latency, worker_ref_latency = benchmark_target(
  File "/projects/kzhou6/bcui2/env_software/miniconda3-aarch64/envs/tilebench++_env/lib/python3.10/site-packages/tilelang/autotuner/tuner.py", line 769, in _benchmark_target
    jit_input_tensors_cache = jit_input_tensors_supply()
  File "/projects/kzhou6/bcui2/env_software/miniconda3-aarch64/envs/tilebench++_env/lib/python3.10/site-packages/tilelang/autotuner/tuner.py", line 727, in func
    return supply_prog(profiler._get_params(with_output=with_output))
  File "/projects/kzhou6/bcui2/env_software/miniconda3-aarch64/envs/tilebench++_env/lib/python3.10/site-packages/tilelang/autotuner/tuner.py", line 384, in supply_prog
    _cached_tensors_by_device[device] = [
  File "/projects/kzhou6/bcui2/env_software/miniconda3-aarch64/envs/tilebench++_env/lib/python3.10/site-packages/tilelang/autotuner/tuner.py", line 385, in <listcomp>
    tensor.to(device=target_device).clone() if isinstance(tensor, torch.Tensor) else tensor for tensor in _frozen_inputs
torch.AcceleratorError: CUDA error: an illegal instruction was encountered
Search for `cudaErrorIllegalInstruction' in https://docs.nvidia.com/cuda/cuda-runtime-api/group__CUDART__TYPES.html for more information.
CUDA kernel errors might be asynchronously reported at some other API call, so the stacktrace below might be incorrect.
For debugging consider passing CUDA_LAUNCH_BLOCKING=1
Compile with `TORCH_USE_CUDA_DSA` to enable device-side assertions.


2026-10-02 07:58:28,732 WARNING:An error occurred while testing config {'BLOCK_SIZE_M': 128, 'BLOCK_SIZE_N': 128, 'BLOCK_SIZE_K': 32, 'GROUPSIZE': 8, 'threads': 256, 'num_stages': 2}, checkout autotuner.log for more details
2026-10-02 07:58:28,732 DEBUG:Error: Traceback (most recent call last):
  File "/projects/kzhou6/bcui2/env_software/miniconda3-aarch64/envs/tilebench++_env/lib/python3.10/site-packages/tilelang/autotuner/tuner.py", line 650, in _run_benchmark_target
    latency, worker_ref_latency = benchmark_target(
  File "/projects/kzhou6/bcui2/env_software/miniconda3-aarch64/envs/tilebench++_env/lib/python3.10/site-packages/tilelang/autotuner/tuner.py", line 769, in _benchmark_target
    jit_input_tensors_cache = jit_input_tensors_supply()
  File "/projects/kzhou6/bcui2/env_software/miniconda3-aarch64/envs/tilebench++_env/lib/python3.10/site-packages/tilelang/autotuner/tuner.py", line 727, in func
    return supply_prog(profiler._get_params(with_output=with_output))
  File "/projects/kzhou6/bcui2/env_software/miniconda3-aarch64/envs/tilebench++_env/lib/python3.10/site-packages/tilelang/autotuner/tuner.py", line 384, in supply_prog
    _cached_tensors_by_device[device] = [
  File "/projects/kzhou6/bcui2/env_software/miniconda3-aarch64/envs/tilebench++_env/lib/python3.10/site-packages/tilelang/autotuner/tuner.py", line 385, in <listcomp>
    tensor.to(device=target_device).clone() if isinstance(tensor, torch.Tensor) else tensor for tensor in _frozen_inputs
torch.AcceleratorError: CUDA error: an illegal instruction was encountered
Search for `cudaErrorIllegalInstruction' in https://docs.nvidia.com/cuda/cuda-runtime-api/group__CUDART__TYPES.html for more information.
CUDA kernel errors might be asynchronously reported at some other API call, so the stacktrace below might be incorrect.
For debugging consider passing CUDA_LAUNCH_BLOCKING=1
Compile with `TORCH_USE_CUDA_DSA` to enable device-side assertions.


2026-10-02 07:58:28,732 WARNING:An error occurred while testing config {'BLOCK_SIZE_M': 128, 'BLOCK_SIZE_N': 128, 'BLOCK_SIZE_K': 64, 'GROUPSIZE': 1, 'threads': 128, 'num_stages': 2}, checkout autotuner.log for more details
2026-10-02 07:58:28,733 DEBUG:Error: Traceback (most recent call last):
  File "/projects/kzhou6/bcui2/env_software/miniconda3-aarch64/envs/tilebench++_env/lib/python3.10/site-packages/tilelang/autotuner/tuner.py", line 650, in _run_benchmark_target
    latency, worker_ref_latency = benchmark_target(
  File "/projects/kzhou6/bcui2/env_software/miniconda3-aarch64/envs/tilebench++_env/lib/python3.10/site-packages/tilelang/autotuner/tuner.py", line 769, in _benchmark_target
    jit_input_tensors_cache = jit_input_tensors_supply()
  File "/projects/kzhou6/bcui2/env_software/miniconda3-aarch64/envs/tilebench++_env/lib/python3.10/site-packages/tilelang/autotuner/tuner.py", line 727, in func
    return supply_prog(profiler._get_params(with_output=with_output))
  File "/projects/kzhou6/bcui2/env_software/miniconda3-aarch64/envs/tilebench++_env/lib/python3.10/site-packages/tilelang/autotuner/tuner.py", line 384, in supply_prog
    _cached_tensors_by_device[device] = [
  File "/projects/kzhou6/bcui2/env_software/miniconda3-aarch64/envs/tilebench++_env/lib/python3.10/site-packages/tilelang/autotuner/tuner.py", line 385, in <listcomp>
    tensor.to(device=target_device).clone() if isinstance(tensor, torch.Tensor) else tensor for tensor in _frozen_inputs
torch.AcceleratorError: CUDA error: an illegal instruction was encountered
Search for `cudaErrorIllegalInstruction' in https://docs.nvidia.com/cuda/cuda-runtime-api/group__CUDART__TYPES.html for more information.
CUDA kernel errors might be asynchronously reported at some other API call, so the stacktrace below might be incorrect.
For debugging consider passing CUDA_LAUNCH_BLOCKING=1
Compile with `TORCH_USE_CUDA_DSA` to enable device-side assertions.


2026-10-02 07:58:28,733 WARNING:An error occurred while testing config {'BLOCK_SIZE_M': 128, 'BLOCK_SIZE_N': 64, 'BLOCK_SIZE_K': 32, 'GROUPSIZE': 8, 'threads': 256, 'num_stages': 4}, checkout autotuner.log for more details
2026-10-02 07:58:28,733 DEBUG:Error: Traceback (most recent call last):
  File "/projects/kzhou6/bcui2/env_software/miniconda3-aarch64/envs/tilebench++_env/lib/python3.10/site-packages/tilelang/autotuner/tuner.py", line 650, in _run_benchmark_target
    latency, worker_ref_latency = benchmark_target(
  File "/projects/kzhou6/bcui2/env_software/miniconda3-aarch64/envs/tilebench++_env/lib/python3.10/site-packages/tilelang/autotuner/tuner.py", line 769, in _benchmark_target
    jit_input_tensors_cache = jit_input_tensors_supply()
  File "/projects/kzhou6/bcui2/env_software/miniconda3-aarch64/envs/tilebench++_env/lib/python3.10/site-packages/tilelang/autotuner/tuner.py", line 727, in func
    return supply_prog(profiler._get_params(with_output=with_output))
  File "/projects/kzhou6/bcui2/env_software/miniconda3-aarch64/envs/tilebench++_env/lib/python3.10/site-packages/tilelang/autotuner/tuner.py", line 384, in supply_prog
    _cached_tensors_by_device[device] = [
  File "/projects/kzhou6/bcui2/env_software/miniconda3-aarch64/envs/tilebench++_env/lib/python3.10/site-packages/tilelang/autotuner/tuner.py", line 385, in <listcomp>
    tensor.to(device=target_device).clone() if isinstance(tensor, torch.Tensor) else tensor for tensor in _frozen_inputs
torch.AcceleratorError: CUDA error: an illegal instruction was encountered
Search for `cudaErrorIllegalInstruction' in https://docs.nvidia.com/cuda/cuda-runtime-api/group__CUDART__TYPES.html for more information.
CUDA kernel errors might be asynchronously reported at some other API call, so the stacktrace below might be incorrect.
For debugging consider passing CUDA_LAUNCH_BLOCKING=1
Compile with `TORCH_USE_CUDA_DSA` to enable device-side assertions.


2026-10-02 07:58:28,733 WARNING:An error occurred while testing config {'BLOCK_SIZE_M': 128, 'BLOCK_SIZE_N': 128, 'BLOCK_SIZE_K': 32, 'GROUPSIZE': 1, 'threads': 256, 'num_stages': 3}, checkout autotuner.log for more details
2026-10-02 07:58:28,733 DEBUG:Error: Traceback (most recent call last):
  File "/projects/kzhou6/bcui2/env_software/miniconda3-aarch64/envs/tilebench++_env/lib/python3.10/site-packages/tilelang/autotuner/tuner.py", line 650, in _run_benchmark_target
    latency, worker_ref_latency = benchmark_target(
  File "/projects/kzhou6/bcui2/env_software/miniconda3-aarch64/envs/tilebench++_env/lib/python3.10/site-packages/tilelang/autotuner/tuner.py", line 769, in _benchmark_target
    jit_input_tensors_cache = jit_input_tensors_supply()
  File "/projects/kzhou6/bcui2/env_software/miniconda3-aarch64/envs/tilebench++_env/lib/python3.10/site-packages/tilelang/autotuner/tuner.py", line 727, in func
    return supply_prog(profiler._get_params(with_output=with_output))
  File "/projects/kzhou6/bcui2/env_software/miniconda3-aarch64/envs/tilebench++_env/lib/python3.10/site-packages/tilelang/autotuner/tuner.py", line 384, in supply_prog
    _cached_tensors_by_device[device] = [
  File "/projects/kzhou6/bcui2/env_software/miniconda3-aarch64/envs/tilebench++_env/lib/python3.10/site-packages/tilelang/autotuner/tuner.py", line 385, in <listcomp>
    tensor.to(device=target_device).clone() if isinstance(tensor, torch.Tensor) else tensor for tensor in _frozen_inputs
torch.AcceleratorError: CUDA error: an illegal instruction was encountered
Search for `cudaErrorIllegalInstruction' in https://docs.nvidia.com/cuda/cuda-runtime-api/group__CUDART__TYPES.html for more information.
CUDA kernel errors might be asynchronously reported at some other API call, so the stacktrace below might be incorrect.
For debugging consider passing CUDA_LAUNCH_BLOCKING=1
Compile with `TORCH_USE_CUDA_DSA` to enable device-side assertions.


2026-10-02 07:58:28,734 WARNING:An error occurred while testing config {'BLOCK_SIZE_M': 128, 'BLOCK_SIZE_N': 64, 'BLOCK_SIZE_K': 64, 'GROUPSIZE': 8, 'threads': 256, 'num_stages': 3}, checkout autotuner.log for more details
2026-10-02 07:58:28,734 DEBUG:Error: Traceback (most recent call last):
  File "/projects/kzhou6/bcui2/env_software/miniconda3-aarch64/envs/tilebench++_env/lib/python3.10/site-packages/tilelang/autotuner/tuner.py", line 650, in _run_benchmark_target
    latency, worker_ref_latency = benchmark_target(
  File "/projects/kzhou6/bcui2/env_software/miniconda3-aarch64/envs/tilebench++_env/lib/python3.10/site-packages/tilelang/autotuner/tuner.py", line 769, in _benchmark_target
    jit_input_tensors_cache = jit_input_tensors_supply()
  File "/projects/kzhou6/bcui2/env_software/miniconda3-aarch64/envs/tilebench++_env/lib/python3.10/site-packages/tilelang/autotuner/tuner.py", line 727, in func
    return supply_prog(profiler._get_params(with_output=with_output))
  File "/projects/kzhou6/bcui2/env_software/miniconda3-aarch64/envs/tilebench++_env/lib/python3.10/site-packages/tilelang/autotuner/tuner.py", line 384, in supply_prog
    _cached_tensors_by_device[device] = [
  File "/projects/kzhou6/bcui2/env_software/miniconda3-aarch64/envs/tilebench++_env/lib/python3.10/site-packages/tilelang/autotuner/tuner.py", line 385, in <listcomp>
    tensor.to(device=target_device).clone() if isinstance(tensor, torch.Tensor) else tensor for tensor in _frozen_inputs
torch.AcceleratorError: CUDA error: an illegal instruction was encountered
Search for `cudaErrorIllegalInstruction' in https://docs.nvidia.com/cuda/cuda-runtime-api/group__CUDART__TYPES.html for more information.
CUDA kernel errors might be asynchronously reported at some other API call, so the stacktrace below might be incorrect.
For debugging consider passing CUDA_LAUNCH_BLOCKING=1
Compile with `TORCH_USE_CUDA_DSA` to enable device-side assertions.


2026-10-02 07:58:28,734 WARNING:An error occurred while testing config {'BLOCK_SIZE_M': 128, 'BLOCK_SIZE_N': 64, 'BLOCK_SIZE_K': 64, 'GROUPSIZE': 1, 'threads': 256, 'num_stages': 2}, checkout autotuner.log for more details
2026-10-02 07:58:28,734 DEBUG:Error: Traceback (most recent call last):
  File "/projects/kzhou6/bcui2/env_software/miniconda3-aarch64/envs/tilebench++_env/lib/python3.10/site-packages/tilelang/autotuner/tuner.py", line 650, in _run_benchmark_target
    latency, worker_ref_latency = benchmark_target(
  File "/projects/kzhou6/bcui2/env_software/miniconda3-aarch64/envs/tilebench++_env/lib/python3.10/site-packages/tilelang/autotuner/tuner.py", line 769, in _benchmark_target
    jit_input_tensors_cache = jit_input_tensors_supply()
  File "/projects/kzhou6/bcui2/env_software/miniconda3-aarch64/envs/tilebench++_env/lib/python3.10/site-packages/tilelang/autotuner/tuner.py", line 727, in func
    return supply_prog(profiler._get_params(with_output=with_output))
  File "/projects/kzhou6/bcui2/env_software/miniconda3-aarch64/envs/tilebench++_env/lib/python3.10/site-packages/tilelang/autotuner/tuner.py", line 384, in supply_prog
    _cached_tensors_by_device[device] = [
  File "/projects/kzhou6/bcui2/env_software/miniconda3-aarch64/envs/tilebench++_env/lib/python3.10/site-packages/tilelang/autotuner/tuner.py", line 385, in <listcomp>
    tensor.to(device=target_device).clone() if isinstance(tensor, torch.Tensor) else tensor for tensor in _frozen_inputs
torch.AcceleratorError: CUDA error: an illegal instruction was encountered
Search for `cudaErrorIllegalInstruction' in https://docs.nvidia.com/cuda/cuda-runtime-api/group__CUDART__TYPES.html for more information.
CUDA kernel errors might be asynchronously reported at some other API call, so the stacktrace below might be incorrect.
For debugging consider passing CUDA_LAUNCH_BLOCKING=1
Compile with `TORCH_USE_CUDA_DSA` to enable device-side assertions.


2026-10-02 07:58:28,734 WARNING:An error occurred while testing config {'BLOCK_SIZE_M': 128, 'BLOCK_SIZE_N': 64, 'BLOCK_SIZE_K': 64, 'GROUPSIZE': 1, 'threads': 256, 'num_stages': 3}, checkout autotuner.log for more details
2026-10-02 07:58:28,735 DEBUG:Error: Traceback (most recent call last):
  File "/projects/kzhou6/bcui2/env_software/miniconda3-aarch64/envs/tilebench++_env/lib/python3.10/site-packages/tilelang/autotuner/tuner.py", line 650, in _run_benchmark_target
    latency, worker_ref_latency = benchmark_target(
  File "/projects/kzhou6/bcui2/env_software/miniconda3-aarch64/envs/tilebench++_env/lib/python3.10/site-packages/tilelang/autotuner/tuner.py", line 769, in _benchmark_target
    jit_input_tensors_cache = jit_input_tensors_supply()
  File "/projects/kzhou6/bcui2/env_software/miniconda3-aarch64/envs/tilebench++_env/lib/python3.10/site-packages/tilelang/autotuner/tuner.py", line 727, in func
    return supply_prog(profiler._get_params(with_output=with_output))
  File "/projects/kzhou6/bcui2/env_software/miniconda3-aarch64/envs/tilebench++_env/lib/python3.10/site-packages/tilelang/autotuner/tuner.py", line 384, in supply_prog
    _cached_tensors_by_device[device] = [
  File "/projects/kzhou6/bcui2/env_software/miniconda3-aarch64/envs/tilebench++_env/lib/python3.10/site-packages/tilelang/autotuner/tuner.py", line 385, in <listcomp>
    tensor.to(device=target_device).clone() if isinstance(tensor, torch.Tensor) else tensor for tensor in _frozen_inputs
torch.AcceleratorError: CUDA error: an illegal instruction was encountered
Search for `cudaErrorIllegalInstruction' in https://docs.nvidia.com/cuda/cuda-runtime-api/group__CUDART__TYPES.html for more information.
CUDA kernel errors might be asynchronously reported at some other API call, so the stacktrace below might be incorrect.
For debugging consider passing CUDA_LAUNCH_BLOCKING=1
Compile with `TORCH_USE_CUDA_DSA` to enable device-side assertions.


2026-10-02 07:58:28,735 WARNING:An error occurred while testing config {'BLOCK_SIZE_M': 128, 'BLOCK_SIZE_N': 64, 'BLOCK_SIZE_K': 32, 'GROUPSIZE': 8, 'threads': 256, 'num_stages': 3}, checkout autotuner.log for more details
2026-10-02 07:58:28,735 DEBUG:Error: Traceback (most recent call last):
  File "/projects/kzhou6/bcui2/env_software/miniconda3-aarch64/envs/tilebench++_env/lib/python3.10/site-packages/tilelang/autotuner/tuner.py", line 650, in _run_benchmark_target
    latency, worker_ref_latency = benchmark_target(
  File "/projects/kzhou6/bcui2/env_software/miniconda3-aarch64/envs/tilebench++_env/lib/python3.10/site-packages/tilelang/autotuner/tuner.py", line 769, in _benchmark_target
    jit_input_tensors_cache = jit_input_tensors_supply()
  File "/projects/kzhou6/bcui2/env_software/miniconda3-aarch64/envs/tilebench++_env/lib/python3.10/site-packages/tilelang/autotuner/tuner.py", line 727, in func
    return supply_prog(profiler._get_params(with_output=with_output))
  File "/projects/kzhou6/bcui2/env_software/miniconda3-aarch64/envs/tilebench++_env/lib/python3.10/site-packages/tilelang/autotuner/tuner.py", line 384, in supply_prog
    _cached_tensors_by_device[device] = [
  File "/projects/kzhou6/bcui2/env_software/miniconda3-aarch64/envs/tilebench++_env/lib/python3.10/site-packages/tilelang/autotuner/tuner.py", line 385, in <listcomp>
    tensor.to(device=target_device).clone() if isinstance(tensor, torch.Tensor) else tensor for tensor in _frozen_inputs
torch.AcceleratorError: CUDA error: an illegal instruction was encountered
Search for `cudaErrorIllegalInstruction' in https://docs.nvidia.com/cuda/cuda-runtime-api/group__CUDART__TYPES.html for more information.
CUDA kernel errors might be asynchronously reported at some other API call, so the stacktrace below might be incorrect.
For debugging consider passing CUDA_LAUNCH_BLOCKING=1
Compile with `TORCH_USE_CUDA_DSA` to enable device-side assertions.


2026-10-02 07:58:28,735 WARNING:An error occurred while testing config {'BLOCK_SIZE_M': 128, 'BLOCK_SIZE_N': 128, 'BLOCK_SIZE_K': 32, 'GROUPSIZE': 8, 'threads': 128, 'num_stages': 3}, checkout autotuner.log for more details
2026-10-02 07:58:28,735 DEBUG:Error: Traceback (most recent call last):
  File "/projects/kzhou6/bcui2/env_software/miniconda3-aarch64/envs/tilebench++_env/lib/python3.10/site-packages/tilelang/autotuner/tuner.py", line 650, in _run_benchmark_target
    latency, worker_ref_latency = benchmark_target(
  File "/projects/kzhou6/bcui2/env_software/miniconda3-aarch64/envs/tilebench++_env/lib/python3.10/site-packages/tilelang/autotuner/tuner.py", line 769, in _benchmark_target
    jit_input_tensors_cache = jit_input_tensors_supply()
  File "/projects/kzhou6/bcui2/env_software/miniconda3-aarch64/envs/tilebench++_env/lib/python3.10/site-packages/tilelang/autotuner/tuner.py", line 727, in func
    return supply_prog(profiler._get_params(with_output=with_output))
  File "/projects/kzhou6/bcui2/env_software/miniconda3-aarch64/envs/tilebench++_env/lib/python3.10/site-packages/tilelang/autotuner/tuner.py", line 384, in supply_prog
    _cached_tensors_by_device[device] = [
  File "/projects/kzhou6/bcui2/env_software/miniconda3-aarch64/envs/tilebench++_env/lib/python3.10/site-packages/tilelang/autotuner/tuner.py", line 385, in <listcomp>
    tensor.to(device=target_device).clone() if isinstance(tensor, torch.Tensor) else tensor for tensor in _frozen_inputs
torch.AcceleratorError: CUDA error: an illegal instruction was encountered
Search for `cudaErrorIllegalInstruction' in https://docs.nvidia.com/cuda/cuda-runtime-api/group__CUDART__TYPES.html for more information.
CUDA kernel errors might be asynchronously reported at some other API call, so the stacktrace below might be incorrect.
For debugging consider passing CUDA_LAUNCH_BLOCKING=1
Compile with `TORCH_USE_CUDA_DSA` to enable device-side assertions.


2026-10-02 07:58:28,736 WARNING:An error occurred while testing config {'BLOCK_SIZE_M': 128, 'BLOCK_SIZE_N': 128, 'BLOCK_SIZE_K': 32, 'GROUPSIZE': 8, 'threads': 256, 'num_stages': 4}, checkout autotuner.log for more details
2026-10-02 07:58:28,736 DEBUG:Error: Traceback (most recent call last):
  File "/projects/kzhou6/bcui2/env_software/miniconda3-aarch64/envs/tilebench++_env/lib/python3.10/site-packages/tilelang/autotuner/tuner.py", line 650, in _run_benchmark_target
    latency, worker_ref_latency = benchmark_target(
  File "/projects/kzhou6/bcui2/env_software/miniconda3-aarch64/envs/tilebench++_env/lib/python3.10/site-packages/tilelang/autotuner/tuner.py", line 769, in _benchmark_target
    jit_input_tensors_cache = jit_input_tensors_supply()
  File "/projects/kzhou6/bcui2/env_software/miniconda3-aarch64/envs/tilebench++_env/lib/python3.10/site-packages/tilelang/autotuner/tuner.py", line 727, in func
    return supply_prog(profiler._get_params(with_output=with_output))
  File "/projects/kzhou6/bcui2/env_software/miniconda3-aarch64/envs/tilebench++_env/lib/python3.10/site-packages/tilelang/autotuner/tuner.py", line 384, in supply_prog
    _cached_tensors_by_device[device] = [
  File "/projects/kzhou6/bcui2/env_software/miniconda3-aarch64/envs/tilebench++_env/lib/python3.10/site-packages/tilelang/autotuner/tuner.py", line 385, in <listcomp>
    tensor.to(device=target_device).clone() if isinstance(tensor, torch.Tensor) else tensor for tensor in _frozen_inputs
torch.AcceleratorError: CUDA error: an illegal instruction was encountered
Search for `cudaErrorIllegalInstruction' in https://docs.nvidia.com/cuda/cuda-runtime-api/group__CUDART__TYPES.html for more information.
CUDA kernel errors might be asynchronously reported at some other API call, so the stacktrace below might be incorrect.
For debugging consider passing CUDA_LAUNCH_BLOCKING=1
Compile with `TORCH_USE_CUDA_DSA` to enable device-side assertions.


2026-10-02 07:58:28,736 WARNING:An error occurred while testing config {'BLOCK_SIZE_M': 128, 'BLOCK_SIZE_N': 128, 'BLOCK_SIZE_K': 64, 'GROUPSIZE': 8, 'threads': 256, 'num_stages': 2}, checkout autotuner.log for more details
2026-10-02 07:58:28,736 DEBUG:Error: Traceback (most recent call last):
  File "/projects/kzhou6/bcui2/env_software/miniconda3-aarch64/envs/tilebench++_env/lib/python3.10/site-packages/tilelang/autotuner/tuner.py", line 650, in _run_benchmark_target
    latency, worker_ref_latency = benchmark_target(
  File "/projects/kzhou6/bcui2/env_software/miniconda3-aarch64/envs/tilebench++_env/lib/python3.10/site-packages/tilelang/autotuner/tuner.py", line 769, in _benchmark_target
    jit_input_tensors_cache = jit_input_tensors_supply()
  File "/projects/kzhou6/bcui2/env_software/miniconda3-aarch64/envs/tilebench++_env/lib/python3.10/site-packages/tilelang/autotuner/tuner.py", line 727, in func
    return supply_prog(profiler._get_params(with_output=with_output))
  File "/projects/kzhou6/bcui2/env_software/miniconda3-aarch64/envs/tilebench++_env/lib/python3.10/site-packages/tilelang/autotuner/tuner.py", line 384, in supply_prog
    _cached_tensors_by_device[device] = [
  File "/projects/kzhou6/bcui2/env_software/miniconda3-aarch64/envs/tilebench++_env/lib/python3.10/site-packages/tilelang/autotuner/tuner.py", line 385, in <listcomp>
    tensor.to(device=target_device).clone() if isinstance(tensor, torch.Tensor) else tensor for tensor in _frozen_inputs
torch.AcceleratorError: CUDA error: an illegal instruction was encountered
Search for `cudaErrorIllegalInstruction' in https://docs.nvidia.com/cuda/cuda-runtime-api/group__CUDART__TYPES.html for more information.
CUDA kernel errors might be asynchronously reported at some other API call, so the stacktrace below might be incorrect.
For debugging consider passing CUDA_LAUNCH_BLOCKING=1
Compile with `TORCH_USE_CUDA_DSA` to enable device-side assertions.


2026-10-02 07:58:28,736 WARNING:An error occurred while testing config {'BLOCK_SIZE_M': 128, 'BLOCK_SIZE_N': 128, 'BLOCK_SIZE_K': 32, 'GROUPSIZE': 1, 'threads': 128, 'num_stages': 3}, checkout autotuner.log for more details
2026-10-02 07:58:28,736 DEBUG:Error: Traceback (most recent call last):
  File "/projects/kzhou6/bcui2/env_software/miniconda3-aarch64/envs/tilebench++_env/lib/python3.10/site-packages/tilelang/autotuner/tuner.py", line 650, in _run_benchmark_target
    latency, worker_ref_latency = benchmark_target(
  File "/projects/kzhou6/bcui2/env_software/miniconda3-aarch64/envs/tilebench++_env/lib/python3.10/site-packages/tilelang/autotuner/tuner.py", line 769, in _benchmark_target
    jit_input_tensors_cache = jit_input_tensors_supply()
  File "/projects/kzhou6/bcui2/env_software/miniconda3-aarch64/envs/tilebench++_env/lib/python3.10/site-packages/tilelang/autotuner/tuner.py", line 727, in func
    return supply_prog(profiler._get_params(with_output=with_output))
  File "/projects/kzhou6/bcui2/env_software/miniconda3-aarch64/envs/tilebench++_env/lib/python3.10/site-packages/tilelang/autotuner/tuner.py", line 384, in supply_prog
    _cached_tensors_by_device[device] = [
  File "/projects/kzhou6/bcui2/env_software/miniconda3-aarch64/envs/tilebench++_env/lib/python3.10/site-packages/tilelang/autotuner/tuner.py", line 385, in <listcomp>
    tensor.to(device=target_device).clone() if isinstance(tensor, torch.Tensor) else tensor for tensor in _frozen_inputs
torch.AcceleratorError: CUDA error: an illegal instruction was encountered
Search for `cudaErrorIllegalInstruction' in https://docs.nvidia.com/cuda/cuda-runtime-api/group__CUDART__TYPES.html for more information.
CUDA kernel errors might be asynchronously reported at some other API call, so the stacktrace below might be incorrect.
For debugging consider passing CUDA_LAUNCH_BLOCKING=1
Compile with `TORCH_USE_CUDA_DSA` to enable device-side assertions.


2026-10-02 07:58:28,737 WARNING:An error occurred while testing config {'BLOCK_SIZE_M': 128, 'BLOCK_SIZE_N': 128, 'BLOCK_SIZE_K': 32, 'GROUPSIZE': 1, 'threads': 256, 'num_stages': 4}, checkout autotuner.log for more details
2026-10-02 07:58:28,737 DEBUG:Error: Traceback (most recent call last):
  File "/projects/kzhou6/bcui2/env_software/miniconda3-aarch64/envs/tilebench++_env/lib/python3.10/site-packages/tilelang/autotuner/tuner.py", line 650, in _run_benchmark_target
    latency, worker_ref_latency = benchmark_target(
  File "/projects/kzhou6/bcui2/env_software/miniconda3-aarch64/envs/tilebench++_env/lib/python3.10/site-packages/tilelang/autotuner/tuner.py", line 769, in _benchmark_target
    jit_input_tensors_cache = jit_input_tensors_supply()
  File "/projects/kzhou6/bcui2/env_software/miniconda3-aarch64/envs/tilebench++_env/lib/python3.10/site-packages/tilelang/autotuner/tuner.py", line 727, in func
    return supply_prog(profiler._get_params(with_output=with_output))
  File "/projects/kzhou6/bcui2/env_software/miniconda3-aarch64/envs/tilebench++_env/lib/python3.10/site-packages/tilelang/autotuner/tuner.py", line 384, in supply_prog
    _cached_tensors_by_device[device] = [
  File "/projects/kzhou6/bcui2/env_software/miniconda3-aarch64/envs/tilebench++_env/lib/python3.10/site-packages/tilelang/autotuner/tuner.py", line 385, in <listcomp>
    tensor.to(device=target_device).clone() if isinstance(tensor, torch.Tensor) else tensor for tensor in _frozen_inputs
torch.AcceleratorError: CUDA error: an illegal instruction was encountered
Search for `cudaErrorIllegalInstruction' in https://docs.nvidia.com/cuda/cuda-runtime-api/group__CUDART__TYPES.html for more information.
CUDA kernel errors might be asynchronously reported at some other API call, so the stacktrace below might be incorrect.
For debugging consider passing CUDA_LAUNCH_BLOCKING=1
Compile with `TORCH_USE_CUDA_DSA` to enable device-side assertions.


2026-10-02 07:58:28,737 WARNING:An error occurred while testing config {'BLOCK_SIZE_M': 128, 'BLOCK_SIZE_N': 128, 'BLOCK_SIZE_K': 64, 'GROUPSIZE': 8, 'threads': 128, 'num_stages': 2}, checkout autotuner.log for more details
2026-10-02 07:58:28,737 DEBUG:Error: Traceback (most recent call last):
  File "/projects/kzhou6/bcui2/env_software/miniconda3-aarch64/envs/tilebench++_env/lib/python3.10/site-packages/tilelang/autotuner/tuner.py", line 650, in _run_benchmark_target
    latency, worker_ref_latency = benchmark_target(
  File "/projects/kzhou6/bcui2/env_software/miniconda3-aarch64/envs/tilebench++_env/lib/python3.10/site-packages/tilelang/autotuner/tuner.py", line 769, in _benchmark_target
    jit_input_tensors_cache = jit_input_tensors_supply()
  File "/projects/kzhou6/bcui2/env_software/miniconda3-aarch64/envs/tilebench++_env/lib/python3.10/site-packages/tilelang/autotuner/tuner.py", line 727, in func
    return supply_prog(profiler._get_params(with_output=with_output))
  File "/projects/kzhou6/bcui2/env_software/miniconda3-aarch64/envs/tilebench++_env/lib/python3.10/site-packages/tilelang/autotuner/tuner.py", line 384, in supply_prog
    _cached_tensors_by_device[device] = [
  File "/projects/kzhou6/bcui2/env_software/miniconda3-aarch64/envs/tilebench++_env/lib/python3.10/site-packages/tilelang/autotuner/tuner.py", line 385, in <listcomp>
    tensor.to(device=target_device).clone() if isinstance(tensor, torch.Tensor) else tensor for tensor in _frozen_inputs
torch.AcceleratorError: CUDA error: an illegal instruction was encountered
Search for `cudaErrorIllegalInstruction' in https://docs.nvidia.com/cuda/cuda-runtime-api/group__CUDART__TYPES.html for more information.
CUDA kernel errors might be asynchronously reported at some other API call, so the stacktrace below might be incorrect.
For debugging consider passing CUDA_LAUNCH_BLOCKING=1
Compile with `TORCH_USE_CUDA_DSA` to enable device-side assertions.


2026-10-02 07:58:28,738 WARNING:An error occurred while testing config {'BLOCK_SIZE_M': 128, 'BLOCK_SIZE_N': 128, 'BLOCK_SIZE_K': 64, 'GROUPSIZE': 1, 'threads': 256, 'num_stages': 2}, checkout autotuner.log for more details
2026-10-02 07:58:28,738 DEBUG:Error: Traceback (most recent call last):
  File "/projects/kzhou6/bcui2/env_software/miniconda3-aarch64/envs/tilebench++_env/lib/python3.10/site-packages/tilelang/autotuner/tuner.py", line 650, in _run_benchmark_target
    latency, worker_ref_latency = benchmark_target(
  File "/projects/kzhou6/bcui2/env_software/miniconda3-aarch64/envs/tilebench++_env/lib/python3.10/site-packages/tilelang/autotuner/tuner.py", line 769, in _benchmark_target
    jit_input_tensors_cache = jit_input_tensors_supply()
  File "/projects/kzhou6/bcui2/env_software/miniconda3-aarch64/envs/tilebench++_env/lib/python3.10/site-packages/tilelang/autotuner/tuner.py", line 727, in func
    return supply_prog(profiler._get_params(with_output=with_output))
  File "/projects/kzhou6/bcui2/env_software/miniconda3-aarch64/envs/tilebench++_env/lib/python3.10/site-packages/tilelang/autotuner/tuner.py", line 384, in supply_prog
    _cached_tensors_by_device[device] = [
  File "/projects/kzhou6/bcui2/env_software/miniconda3-aarch64/envs/tilebench++_env/lib/python3.10/site-packages/tilelang/autotuner/tuner.py", line 385, in <listcomp>
    tensor.to(device=target_device).clone() if isinstance(tensor, torch.Tensor) else tensor for tensor in _frozen_inputs
torch.AcceleratorError: CUDA error: an illegal instruction was encountered
Search for `cudaErrorIllegalInstruction' in https://docs.nvidia.com/cuda/cuda-runtime-api/group__CUDART__TYPES.html for more information.
CUDA kernel errors might be asynchronously reported at some other API call, so the stacktrace below might be incorrect.
For debugging consider passing CUDA_LAUNCH_BLOCKING=1
Compile with `TORCH_USE_CUDA_DSA` to enable device-side assertions.


2026-10-02 07:58:28,738 WARNING:An error occurred while testing config {'BLOCK_SIZE_M': 128, 'BLOCK_SIZE_N': 128, 'BLOCK_SIZE_K': 32, 'GROUPSIZE': 1, 'threads': 128, 'num_stages': 4}, checkout autotuner.log for more details
2026-10-02 07:58:28,738 DEBUG:Error: Traceback (most recent call last):
  File "/projects/kzhou6/bcui2/env_software/miniconda3-aarch64/envs/tilebench++_env/lib/python3.10/site-packages/tilelang/autotuner/tuner.py", line 650, in _run_benchmark_target
    latency, worker_ref_latency = benchmark_target(
  File "/projects/kzhou6/bcui2/env_software/miniconda3-aarch64/envs/tilebench++_env/lib/python3.10/site-packages/tilelang/autotuner/tuner.py", line 769, in _benchmark_target
    jit_input_tensors_cache = jit_input_tensors_supply()
  File "/projects/kzhou6/bcui2/env_software/miniconda3-aarch64/envs/tilebench++_env/lib/python3.10/site-packages/tilelang/autotuner/tuner.py", line 727, in func
    return supply_prog(profiler._get_params(with_output=with_output))
  File "/projects/kzhou6/bcui2/env_software/miniconda3-aarch64/envs/tilebench++_env/lib/python3.10/site-packages/tilelang/autotuner/tuner.py", line 384, in supply_prog
    _cached_tensors_by_device[device] = [
  File "/projects/kzhou6/bcui2/env_software/miniconda3-aarch64/envs/tilebench++_env/lib/python3.10/site-packages/tilelang/autotuner/tuner.py", line 385, in <listcomp>
    tensor.to(device=target_device).clone() if isinstance(tensor, torch.Tensor) else tensor for tensor in _frozen_inputs
torch.AcceleratorError: CUDA error: an illegal instruction was encountered
Search for `cudaErrorIllegalInstruction' in https://docs.nvidia.com/cuda/cuda-runtime-api/group__CUDART__TYPES.html for more information.
CUDA kernel errors might be asynchronously reported at some other API call, so the stacktrace below might be incorrect.
For debugging consider passing CUDA_LAUNCH_BLOCKING=1
Compile with `TORCH_USE_CUDA_DSA` to enable device-side assertions.


2026-10-02 07:58:28,740 ERROR:Auto-tuning failed: No configuration successfully compiled and passed benchmarking/validation.
