profile_id,stage,access_path,matrix_path,buffer_location,layout_operations,atomic_path,resource_summary,evidence_path,evidence_confidence,notes
B200/cutile/1d_conv/fp16,conv1d_kernel,LDG[16b:100%]; STG[16b:100%],legacy_mma[HMMA.16816.F32:62914560],shared+local(LDL/STL)+registers,PRMT:372244480,,launches=1;grid=81920;block=128;regs=64;smem_per_block_B=19468;theoretical_occ_pct=50.0;achieved_occ_pct=49.56769841592697,NVIDIA_B200/1d_conv/cutile_fp16.ncu-rep: dynamic: sass__inst_executed_per_opcode_with_modifier_all (1/1 launches),high,kernel=conv1d_kernel_Kt1_A1f16_1i16t1_p16_A1f16_1i16t1_p16_A1f16_1i16t1_p16_Si32_Si32_Si32_Si32_Si32_Si32_Si32_Si32_Si32_Si32_Si32_Si32_Si32_Si32_Si32_Si32_Si32_Si32_Si32_I32_I32_I128
B200/cutile/1d_conv/fp32,conv1d_kernel,LDG[32b:100%]; STG[32b:100%],tcgen05[UTCHMMA:1966080],TMEM+shared+registers,STSM.16.M88.4:7864320,ATOMS.AND:81920;ATOMS.OR:81920,launches=1;grid=40960;block=256;regs=64;smem_per_block_B=9260;theoretical_occ_pct=50.0;achieved_occ_pct=31.141043052449575,NVIDIA_B200/1d_conv/cutile_fp32.ncu-rep: dynamic: sass__inst_executed_per_opcode_with_modifier_all (1/1 launches),high,kernel=conv1d_kernel_Kt1_A1f32_1i16t1_p16_A1f32_1i16t1_p16_A1f32_1i16t1_p16_Si32_Si32_Si32_Si32_Si32_Si32_Si32_Si32_Si32_Si32_Si32_Si32_Si32_Si32_Si32_Si32_Si32_Si32_Si32_I128_I32_I64
B200/tilelang/1d_conv/fp16,conv1d_kernel_kernel,LDG[16b:100%]; STG[16b:100%],tcgen05[UTCHMMA:491520],TMEM+shared+registers,PRMT:32768516;SHFL.IDX:81920,ATOMS.AND:40960;ATOMS.OR:40960,launches=1;grid=20480;block=128;regs=141;smem_per_block_B=34816;theoretical_occ_pct=18.75;achieved_occ_pct=6.242116416762539,NVIDIA_B200/1d_conv/tilelang_fp16.ncu-rep: dynamic: sass__inst_executed_per_opcode_with_modifier_all (1/1 launches),high,
B200/tilelang/1d_conv/fp32,conv1d_kernel_kernel,LDG[32b:100%]; STG[32b:100%],legacy_mma[HMMA.1688.F32.TF32:125829120],shared+local(LDL/STL)+registers,LDSM.16.M88.4:15728640,,launches=1;grid=40960;block=64;regs=255;smem_per_block_B=13312;theoretical_occ_pct=12.5;achieved_occ_pct=12.437407941929637,NVIDIA_B200/1d_conv/tilelang_fp32.ncu-rep: dynamic: sass__inst_executed_per_opcode_with_modifier_all (1/1 launches),high,
B200/triton/1d_conv/fp16,conv1d_kernel,LDG[16b:100%]; STG[128b:100%],tcgen05[UTCHMMA:491520],TMEM+shared+registers,PRMT:68157440;STSM.16.M88.4:1310720,ATOMS.AND:20480;ATOMS.OR:20480,launches=1;grid=20480;block=256;regs=128;smem_per_block_B=33808;theoretical_occ_pct=25.0;achieved_occ_pct=24.60520168032664,NVIDIA_B200/1d_conv/triton_fp16.ncu-rep: dynamic: sass__inst_executed_per_opcode_with_modifier_all (1/1 launches),high,
B200/triton/1d_conv/fp32,conv1d_kernel,cp.async[LDGSTS.E:102236160]; STG[128b:100%],tcgen05[UTCHMMA:1966080],TMEM+shared+registers,STSM.16.M88.4:2621440,ATOMS.AND:40960;ATOMS.OR:40960,launches=1;grid=40960;block=128;regs=124;smem_per_block_B=37904;theoretical_occ_pct=25.0;achieved_occ_pct=24.563460380486937,NVIDIA_B200/1d_conv/triton_fp32.ncu-rep: dynamic: sass__inst_executed_per_opcode_with_modifier_all (1/1 launches),high,
B200/cutile/2d_conv/fp16,conv2d_kernel,LDG[16b:100%]; STG[16b:100%],legacy_mma[HMMA.16816.F32:7372800],shared+registers,PRMT:42803200,,launches=1;grid=3200;block=128;regs=114;smem_per_block_B=19468;theoretical_occ_pct=25.0;achieved_occ_pct=23.70035519128593,NVIDIA_B200/2d_conv/cutile_fp16.ncu-rep: dynamic: sass__inst_executed_per_opcode_with_modifier_all (1/1 launches),high,kernel=conv2d_kernel_Kt1_A1f16_1i16t1_p16_A1f16_1i16t1_p16_A1f16_1i16t1_p16_Si32_Si32_Si32_Si32_Si32_Si32_Si32_Si32_Si32_Si32_Si32_Si32_Si32_Si32_Si32_Si32_Si32_Si32_Si32_Si32_Si32_Si32_Si32_Si32_Si32_Si32_Si32_I32_I32_I128
B200/cutile/2d_conv/fp32,conv2d_kernel,LDG[32b:100%]; STG[32b:100%],legacy_mma[HMMA.1688.F32.TF32:14745600],shared+registers,,,launches=1;grid=3200;block=128;regs=128;smem_per_block_B=35852;theoretical_occ_pct=25.0;achieved_occ_pct=23.68187655995035,NVIDIA_B200/2d_conv/cutile_fp32.ncu-rep: dynamic: sass__inst_executed_per_opcode_with_modifier_all (1/1 launches),high,kernel=conv2d_kernel_Kt1_A1f32_1i16t1_p16_A1f32_1i16t1_p16_A1f32_1i16t1_p16_Si32_Si32_Si32_Si32_Si32_Si32_Si32_Si32_Si32_Si32_Si32_Si32_Si32_Si32_Si32_Si32_Si32_Si32_Si32_Si32_Si32_Si32_Si32_Si32_Si32_Si32_Si32_I32_I32_I128
B200/tilelang/2d_conv/fp16,conv2d_kernel_kernel,LDG[16b:100%]; STG[16b:100%],tcgen05[UTCHMMA:57600],TMEM+shared+registers,PRMT:18918528;SHFL.IDX:3200,ATOMS.AND:1600;ATOMS.OR:1600,launches=1;grid=800;block=128;regs=158;smem_per_block_B=18432;theoretical_occ_pct=18.75;achieved_occ_pct=6.244558362921312,NVIDIA_B200/2d_conv/tilelang_fp16.ncu-rep: dynamic: sass__inst_executed_per_opcode_with_modifier_all (1/1 launches),high,
B200/tilelang/2d_conv/fp32,conv2d_kernel_kernel,LDG[32b:100%]; STG[32b:100%],legacy_mma[HMMA.1688.F32.TF32:14745600],shared+local(LDL/STL)+registers,LDSM.16.M88.4:1843200;PRMT:2764800,,launches=1;grid=1600;block=64;regs=255;smem_per_block_B=13312;theoretical_occ_pct=12.5;achieved_occ_pct=11.37523371887551,NVIDIA_B200/2d_conv/tilelang_fp32.ncu-rep: dynamic: sass__inst_executed_per_opcode_with_modifier_all (1/1 launches),high,
B200/triton/2d_conv/fp16,conv2d_kernel,LDG[16b:100%]; STG[128b:100%],tcgen05[UTCHMMA:115200],TMEM+shared+registers,PRMT:15065600;STSM.16.M88.4:51200,ATOMS.AND:1600;ATOMS.OR:1600,launches=1;grid=1600;block=128;regs=253;smem_per_block_B=50192;theoretical_occ_pct=12.5;achieved_occ_pct=11.884373100682014,NVIDIA_B200/2d_conv/triton_fp16.ncu-rep: dynamic: sass__inst_executed_per_opcode_with_modifier_all (1/1 launches),high,
B200/triton/2d_conv/fp32,conv2d_kernel,cp.async[LDGSTS.E:11366400]; STG[128b:100%],tcgen05[UTCHMMA:230400],TMEM+shared+registers,STSM.16.M88.4:102400,ATOMS.AND:1600;ATOMS.OR:1600,launches=1;grid=1600;block=128;regs=124;smem_per_block_B=37904;theoretical_occ_pct=25.0;achieved_occ_pct=22.40403310501396,NVIDIA_B200/2d_conv/triton_fp32.ncu-rep: dynamic: sass__inst_executed_per_opcode_with_modifier_all (1/1 launches),high,
B200/cutile/2d_max_pooling/bf16,max_pool2d_kernel,LDG[16b:100%]; STG[64b:100%],none,shared+registers,PRMT:1966080;STSM.16.MT88:983040,,launches=1;grid=122880;block=128;regs=64;smem_per_block_B=2060;theoretical_occ_pct=50.0;achieved_occ_pct=45.78097472501621,NVIDIA_B200/2d_max_pooling/cutile_bf16.ncu-rep: dynamic: sass__inst_executed_per_opcode_with_modifier_all (1/1 launches),high,kernel=max_pool2d_kernel_Kt1_A3bf16_3v8l0_4t1_7i16_p16_A3bf16_3v8l0_4t1_7i16_p16_I3_I2_I1_I4_I128
B200/cutile/2d_max_pooling/fp16,max_pool2d_kernel,LDG[16b:100%]; STG[64b:100%],none,shared+registers,PRMT:1966080;STSM.16.MT88:983040,,launches=1;grid=122880;block=128;regs=64;smem_per_block_B=2060;theoretical_occ_pct=50.0;achieved_occ_pct=45.737147688027704,NVIDIA_B200/2d_max_pooling/cutile_fp16.ncu-rep: dynamic: sass__inst_executed_per_opcode_with_modifier_all (1/1 launches),high,kernel=max_pool2d_kernel_Kt1_A3f16_3v8l0_4t1_7i16_p16_A3f16_3v8l0_4t1_7i16_p16_I3_I2_I1_I4_I128
B200/cutile/2d_max_pooling/fp32,max_pool2d_kernel,LDG[32b:100%]; STG[128b:100%],none,shared+registers,,,launches=1;grid=122880;block=128;regs=64;smem_per_block_B=3084;theoretical_occ_pct=50.0;achieved_occ_pct=46.01499814274721,NVIDIA_B200/2d_max_pooling/cutile_fp32.ncu-rep: dynamic: sass__inst_executed_per_opcode_with_modifier_all (1/1 launches),high,kernel=max_pool2d_kernel_Kt1_A3f32_3v4l0_4t1_7i16_p16_A3f32_3v4l0_4t1_7i16_p16_I3_I2_I1_I4_I128
B200/tilelang/2d_max_pooling/bf16,max_pool2d_kernel_kernel,LDG[16b:100%]; STG[16b:100%],none,registers,PRMT:20971520,,launches=1;grid=122880;block=128;regs=34;smem_per_block_B=1024;theoretical_occ_pct=75.0;achieved_occ_pct=64.84085308597341,NVIDIA_B200/2d_max_pooling/tilelang_bf16.ncu-rep: dynamic: sass__inst_executed_per_opcode_with_modifier_all (1/1 launches),high,
B200/tilelang/2d_max_pooling/fp16,max_pool2d_kernel_kernel,LDG[16b:100%]; STG[16b:100%],none,registers,PRMT:20971520,,launches=1;grid=122880;block=128;regs=34;smem_per_block_B=1024;theoretical_occ_pct=75.0;achieved_occ_pct=64.75600927776163,NVIDIA_B200/2d_max_pooling/tilelang_fp16.ncu-rep: dynamic: sass__inst_executed_per_opcode_with_modifier_all (1/1 launches),high,
B200/tilelang/2d_max_pooling/fp32,max_pool2d_kernel_kernel,LDG[32b:100%]; STG[32b:100%],none,registers,,,launches=1;grid=163840;block=128;regs=37;smem_per_block_B=1024;theoretical_occ_pct=75.0;achieved_occ_pct=65.22488892367225,NVIDIA_B200/2d_max_pooling/tilelang_fp32.ncu-rep: dynamic: sass__inst_executed_per_opcode_with_modifier_all (1/1 launches),high,
B200/triton/2d_max_pooling/bf16,max_pool2d_kernel,LDG[16b:100%]; STG[64b:100%],none,shared+registers,PRMT:1966080,,launches=1;grid=163840;block=128;regs=45;smem_per_block_B=2048;theoretical_occ_pct=62.5;achieved_occ_pct=54.38246807752465,NVIDIA_B200/2d_max_pooling/triton_bf16.ncu-rep: dynamic: sass__inst_executed_per_opcode_with_modifier_all (1/1 launches),high,
B200/triton/2d_max_pooling/fp16,max_pool2d_kernel,LDG[16b:100%]; STG[64b:100%],none,shared+registers,PRMT:13107200,,launches=1;grid=163840;block=128;regs=44;smem_per_block_B=2048;theoretical_occ_pct=62.5;achieved_occ_pct=54.2350362086503,NVIDIA_B200/2d_max_pooling/triton_fp16.ncu-rep: dynamic: sass__inst_executed_per_opcode_with_modifier_all (1/1 launches),high,
B200/triton/2d_max_pooling/fp32,max_pool2d_kernel,LDG[32b:100%]; STG[128b:100%],none,shared+registers,STSM.16.M88.4:655360,,launches=1;grid=163840;block=128;regs=39;smem_per_block_B=3072;theoretical_occ_pct=75.0;achieved_occ_pct=67.36426727766631,NVIDIA_B200/2d_max_pooling/triton_fp32.ncu-rep: dynamic: sass__inst_executed_per_opcode_with_modifier_all (1/1 launches),high,
B200/cutile/3d_conv/fp16,conv3d_kernel,LDG[16b:100%]; STG[16b:100%],tcgen05[UTCHMMA:2764800],TMEM+shared+registers,PRMT:359014400,ATOMS.AND:51200;ATOMS.OR:51200,launches=1;grid=25600;block=256;regs=64;smem_per_block_B=3116;theoretical_occ_pct=50.0;achieved_occ_pct=31.023719675499688,NVIDIA_B200/3d_conv/cutile_fp16.ncu-rep: dynamic: sass__inst_executed_per_opcode_with_modifier_all (1/1 launches),high,kernel=conv3d_kernel_Kt1_A1f16_1i16t1_p16_A1f16_1i16t1_p16_A1f16_1i16t1_p16_Si32_Si32_Si32_Si32_Si32_Si32_Si32_Si32_Si32_Si32_Si32_Si32_Si32_Si32_Si32_Si32_Si32_Si32_Si32_Si32_Si32_Si32_Si32_Si32_Si32_Si32_Si32_Si32_Si32_Si32_Si32_Si32_Si32_Si32_Si32_I128_I16_I64
B200/cutile/3d_conv/fp32,conv3d_kernel,LDG[32b:100%]; STG[32b:100%],tcgen05[UTCHMMA:5529600],TMEM+shared+registers,STSM.16.M88.4:22118400,ATOMS.AND:51200;ATOMS.OR:51200,launches=1;grid=25600;block=256;regs=64;smem_per_block_B=5164;theoretical_occ_pct=50.0;achieved_occ_pct=31.070992690078334,NVIDIA_B200/3d_conv/cutile_fp32.ncu-rep: dynamic: sass__inst_executed_per_opcode_with_modifier_all (1/1 launches),high,kernel=conv3d_kernel_Kt1_A1f32_1i16t1_p16_A1f32_1i16t1_p16_A1f32_1i16t1_p16_Si32_Si32_Si32_Si32_Si32_Si32_Si32_Si32_Si32_Si32_Si32_Si32_Si32_Si32_Si32_Si32_Si32_Si32_Si32_Si32_Si32_Si32_Si32_Si32_Si32_Si32_Si32_Si32_Si32_Si32_Si32_Si32_Si32_Si32_Si32_I128_I16_I64
B200/tilelang/3d_conv/fp16,conv3d_kernel_kernel,LDG[16b:100%]; STG[16b:100%],tcgen05[UTCHMMA:2764800],TMEM+shared+registers,PRMT:1788527616;SHFL.IDX:102400,ATOMS.AND:51200;ATOMS.OR:51200,launches=1;grid=25600;block=128;regs=134;smem_per_block_B=10240;theoretical_occ_pct=18.75;achieved_occ_pct=6.247260938331323,NVIDIA_B200/3d_conv/tilelang_fp16.ncu-rep: dynamic: sass__inst_executed_per_opcode_with_modifier_all (1/1 launches),high,
B200/tilelang/3d_conv/fp32,conv3d_kernel_kernel,LDG[32b:100%]; STG[32b:100%],legacy_mma[HMMA.1688.F32.TF32:353894400],shared+local(LDL/STL)+registers,LDSM.16.M88.4:88473600;PRMT:121651200,,launches=1;grid=25600;block=64;regs=255;smem_per_block_B=13312;theoretical_occ_pct=12.5;achieved_occ_pct=12.446600721457433,NVIDIA_B200/3d_conv/tilelang_fp32.ncu-rep: dynamic: sass__inst_executed_per_opcode_with_modifier_all (1/1 launches),high,
B200/triton/3d_conv/fp16,conv3d_kernel,LDG[16b:100%]; STG[128b:100%],tcgen05[UTCHMMA:2764800],TMEM+shared+local(LDL/STL)+registers,PRMT:359936000;STSM.16.M88.4:819200,ATOMS.AND:25600;ATOMS.OR:25600,launches=1;grid=25600;block=128;regs=255;smem_per_block_B=50192;theoretical_occ_pct=12.5;achieved_occ_pct=12.433533802347993,NVIDIA_B200/3d_conv/triton_fp16.ncu-rep: dynamic: sass__inst_executed_per_opcode_with_modifier_all (1/1 launches),high,
B200/triton/3d_conv/fp32,conv3d_kernel,cp.async[LDGSTS.E:367001600]; STG[128b:100%],tcgen05[UTCHMMA:11059200],TMEM+shared+registers,STSM.16.M88.4:1638400,ATOMS.AND:51200;ATOMS.OR:51200,launches=1;grid=51200;block=128;regs=165;smem_per_block_B=66576;theoretical_occ_pct=18.75;achieved_occ_pct=18.665318711760893,NVIDIA_B200/3d_conv/triton_fp32.ncu-rep: dynamic: sass__inst_executed_per_opcode_with_modifier_all (1/1 launches),high,
B200/cutile/argmax/fp16,argmax_rowwise_kernel,LDG[128b:100%]; STG[64b:100%],none,shared+registers,SHFL.BFLY:1310720,,launches=1;grid=2048;block=128;regs=31;smem_per_block_B=1068;theoretical_occ_pct=100.0;achieved_occ_pct=72.26786778416559,NVIDIA_B200/argmax/cutile_fp16.ncu-rep: dynamic: sass__inst_executed_per_opcode_with_modifier_all (1/1 launches),high,kernel=argmax_rowwise_kernel_Kt1_A2f16_1v8l0_2t1_3i16_p16_A1i64_1i16t1_p16_I10_I2048
B200/cutile/argmax/fp32,argmax_rowwise_kernel,LDG[128b:100%]; STG[64b:100%],none,shared+registers,SHFL.BFLY:1310720,,launches=1;grid=2048;block=128;regs=24;smem_per_block_B=1068;theoretical_occ_pct=100.0;achieved_occ_pct=79.72961055564129,NVIDIA_B200/argmax/cutile_fp32.ncu-rep: dynamic: sass__inst_executed_per_opcode_with_modifier_all (1/1 launches),high,kernel=argmax_rowwise_kernel_Kt1_A2f32_1v4l0_2t1_3i16_p16_A1i64_1i16t1_p16_I10_I2048
B200/tilelang/argmax/fp16,argmax_rowwise_kernel_kernel,LDG[256b:100%]; STG[64b:100%],none,shared+registers,SHFL.BFLY:819200,,launches=1;grid=2048;block=128;regs=32;smem_per_block_B=2048;theoretical_occ_pct=100.0;achieved_occ_pct=77.50541809308086,NVIDIA_B200/argmax/tilelang_fp16.ncu-rep: dynamic: sass__inst_executed_per_opcode_with_modifier_all (1/1 launches),high,
B200/tilelang/argmax/fp32,argmax_rowwise_kernel_kernel,LDG[256b:100%]; STG[64b:100%],none,shared+registers,SHFL.BFLY:819200,,launches=1;grid=2048;block=128;regs=32;smem_per_block_B=2048;theoretical_occ_pct=100.0;achieved_occ_pct=81.67948307754827,NVIDIA_B200/argmax/tilelang_fp32.ncu-rep: dynamic: sass__inst_executed_per_opcode_with_modifier_all (1/1 launches),high,
B200/triton/argmax/fp16,argmax_rowwise_kernel,LDG[128b:100%]; STG[64b:100%],none,shared+registers,SHFL.BFLY:1310720,,launches=1;grid=2048;block=128;regs=38;smem_per_block_B=1056;theoretical_occ_pct=75.0;achieved_occ_pct=54.56134951678955,NVIDIA_B200/argmax/triton_fp16.ncu-rep: dynamic: sass__inst_executed_per_opcode_with_modifier_all (1/1 launches),high,
B200/triton/argmax/fp32,argmax_rowwise_kernel,LDG[128b:100%]; STG[64b:100%],none,shared+registers,SHFL.BFLY:2621440,,launches=1;grid=2048;block=128;regs=32;smem_per_block_B=1056;theoretical_occ_pct=100.0;achieved_occ_pct=76.97486604887214,NVIDIA_B200/argmax/triton_fp32.ncu-rep: dynamic: sass__inst_executed_per_opcode_with_modifier_all (1/1 launches),high,
B200/cutile/batch_normalization/bf16,compute_block_sums_kernel,"TMA[UTMACCTL.PF:939,UTMACMDFLUSH:1252,UTMALDG.2D:40064,UTMASTG.2D:2504]",none,shared+registers,PRMT:320512,,launches=1;grid=313;block=256;regs=255;smem_per_block_B=144492;theoretical_occ_pct=12.5;achieved_occ_pct=9.149580436251306,NVIDIA_B200/batch_normalization/cutile_bf16.ncu-rep: dynamic: sass__inst_executed_per_opcode_with_modifier_all (1/1 launches),high,kernel=compute_block_sums_kernel_Kt1_A2bf16_1v8l0_2t1_3i16_p16_A2f32_1v4l0_2i16t1_p16_A2f32_1v4l0_2i16t1_p16_Si32_I1024_I1024_I64_I8
B200/cutile/batch_normalization/bf16,compute_mean_invstd_kernel,LDG[32b:100%]; STG[32b:100%],none,shared+registers,SHFL.BFLY:57344,,launches=1;grid=1024;block=128;regs=28;smem_per_block_B=1052;theoretical_occ_pct=100.0;achieved_occ_pct=40.2523240077472,NVIDIA_B200/batch_normalization/cutile_bf16.ncu-rep: dynamic: sass__inst_executed_per_opcode_with_modifier_all (1/1 launches),high,kernel=compute_mean_invstd_kernel_Kt1_A1f32_1i16t1_p16_A1f32_1i16t1_p16_A1f32_1i16t1_p16_A1f32_1i16t1_p16_Si32_Si32_Si32_I512_Sf32
B200/cutile/batch_normalization/bf16,apply_batch_norm_kernel,LDG[128b:100%]; STG[128b:100%],none,shared+registers,PRMT:360000,,launches=1;grid=1250;block=128;regs=62;smem_per_block_B=17420;theoretical_occ_pct=50.0;achieved_occ_pct=40.07031844056809,NVIDIA_B200/batch_normalization/cutile_bf16.ncu-rep: dynamic: sass__inst_executed_per_opcode_with_modifier_all (1/1 launches),high,kernel=apply_batch_norm_kernel_Kt1_A2bf16_1v8l0_2t1_3i16_p16_A1bf16_1i16t1_p16_A1bf16_1i16t1_p16_A2bf16_1v8l0_2t1_3i16_p16_A1f32_1i16t1_p16_A1f32_1i16t1_p16_Si32_I1024_I1024_I16_I8
B200/cutile/batch_normalization/fp16,compute_block_sums_kernel,"TMA[UTMACCTL.PF:939,UTMACMDFLUSH:1252,UTMALDG.2D:40064,UTMASTG.2D:2504]",none,shared+registers,,,launches=1;grid=313;block=256;regs=255;smem_per_block_B=144492;theoretical_occ_pct=12.5;achieved_occ_pct=8.917384318171623,NVIDIA_B200/batch_normalization/cutile_fp16.ncu-rep: dynamic: sass__inst_executed_per_opcode_with_modifier_all (1/1 launches),high,kernel=compute_block_sums_kernel_Kt1_A2f16_1v8l0_2t1_3i16_p16_A2f32_1v4l0_2i16t1_p16_A2f32_1v4l0_2i16t1_p16_Si32_I1024_I1024_I64_I8
B200/cutile/batch_normalization/fp16,compute_mean_invstd_kernel,LDG[32b:100%]; STG[32b:100%],none,shared+registers,SHFL.BFLY:57344,,launches=1;grid=1024;block=128;regs=28;smem_per_block_B=1052;theoretical_occ_pct=100.0;achieved_occ_pct=40.065843407201136,NVIDIA_B200/batch_normalization/cutile_fp16.ncu-rep: dynamic: sass__inst_executed_per_opcode_with_modifier_all (1/1 launches),high,kernel=compute_mean_invstd_kernel_Kt1_A1f32_1i16t1_p16_A1f32_1i16t1_p16_A1f32_1i16t1_p16_A1f32_1i16t1_p16_Si32_Si32_Si32_I512_Sf32
B200/cutile/batch_normalization/fp16,apply_batch_norm_kernel,LDG[128b:100%]; STG[128b:100%],none,shared+registers,,,launches=1;grid=1250;block=128;regs=62;smem_per_block_B=17420;theoretical_occ_pct=50.0;achieved_occ_pct=39.78006112207568,NVIDIA_B200/batch_normalization/cutile_fp16.ncu-rep: dynamic: sass__inst_executed_per_opcode_with_modifier_all (1/1 launches),high,kernel=apply_batch_norm_kernel_Kt1_A2f16_1v8l0_2t1_3i16_p16_A1f16_1i16t1_p16_A1f16_1i16t1_p16_A2f16_1v8l0_2t1_3i16_p16_A1f32_1i16t1_p16_A1f32_1i16t1_p16_Si32_I1024_I1024_I16_I8
B200/cutile/batch_normalization/fp32,compute_block_sums_kernel,"TMA[UTMACCTL.PF:939,UTMACMDFLUSH:1252,UTMALDG.2D:40064,UTMASTG.2D:2504]",none,shared+registers,,,launches=1;grid=313;block=256;regs=255;smem_per_block_B=230596;theoretical_occ_pct=12.5;achieved_occ_pct=9.200398384342748,NVIDIA_B200/batch_normalization/cutile_fp32.ncu-rep: dynamic: sass__inst_executed_per_opcode_with_modifier_all (1/1 launches),high,kernel=compute_block_sums_kernel_Kt1_A2f32_1v4l0_2t1_3i16_p16_A2f32_1v4l0_2i16t1_p16_A2f32_1v4l0_2i16t1_p16_Si32_I1024_I1024_I64_I8
B200/cutile/batch_normalization/fp32,compute_mean_invstd_kernel,LDG[32b:100%]; STG[32b:100%],none,shared+registers,SHFL.BFLY:57344,,launches=1;grid=1024;block=128;regs=28;smem_per_block_B=1052;theoretical_occ_pct=100.0;achieved_occ_pct=41.005189555492755,NVIDIA_B200/batch_normalization/cutile_fp32.ncu-rep: dynamic: sass__inst_executed_per_opcode_with_modifier_all (1/1 launches),high,kernel=compute_mean_invstd_kernel_Kt1_A1f32_1i16t1_p16_A1f32_1i16t1_p16_A1f32_1i16t1_p16_A1f32_1i16t1_p16_Si32_Si32_Si32_I512_Sf32
B200/cutile/batch_normalization/fp32,apply_batch_norm_kernel,LDG[128b:100%]; STG[128b:100%],none,registers,,,launches=1;grid=2500;block=128;regs=92;smem_per_block_B=1024;theoretical_occ_pct=31.25;achieved_occ_pct=26.630567302044124,NVIDIA_B200/batch_normalization/cutile_fp32.ncu-rep: dynamic: sass__inst_executed_per_opcode_with_modifier_all (1/1 launches),high,kernel=apply_batch_norm_kernel_Kt1_A2f32_1v4l0_2t1_3i16_p16_A1f32_1i16t1_p16_A1f32_1i16t1_p16_A2f32_1v4l0_2t1_3i16_p16_A1f32_1i16t1_p16_A1f32_1i16t1_p16_Si32_I1024_I1024_I8_I8
B200/tilelang/batch_normalization/bf16,compute_block_sums_kernel_kernel,LDG[128b:100%]; STG[256b:100%],none,registers,PRMT:320512,,launches=1;grid=313;block=128;regs=86;smem_per_block_B=1024;theoretical_occ_pct=31.25;achieved_occ_pct=12.374099169503982,NVIDIA_B200/batch_normalization/tilelang_bf16.ncu-rep: dynamic: sass__inst_executed_per_opcode_with_modifier_all (1/1 launches),high,
B200/tilelang/batch_normalization/bf16,compute_mean_invstd_kernel_kernel,LDG[32b:100%]; STG[32b:100%],none,shared+registers,SHFL.BFLY:40960,,launches=1;grid=1024;block=128;regs=19;smem_per_block_B=1536;theoretical_occ_pct=100.0;achieved_occ_pct=40.319916960218904,NVIDIA_B200/batch_normalization/tilelang_bf16.ncu-rep: dynamic: sass__inst_executed_per_opcode_with_modifier_all (1/1 launches),high,
B200/tilelang/batch_normalization/bf16,apply_batch_norm_kernel_kernel,"LDG[64b:83%,128b:17%]; STG[64b:100%]",none,registers,PRMT:400000,,launches=1;grid=2500;block=256;regs=40;smem_per_block_B=1024;theoretical_occ_pct=75.0;achieved_occ_pct=57.39731581682419,NVIDIA_B200/batch_normalization/tilelang_bf16.ncu-rep: dynamic: sass__inst_executed_per_opcode_with_modifier_all (1/1 launches),high,
B200/tilelang/batch_normalization/fp16,compute_block_sums_kernel_kernel,LDG[128b:100%]; STG[256b:100%],none,registers,,,launches=1;grid=313;block=128;regs=91;smem_per_block_B=1024;theoretical_occ_pct=31.25;achieved_occ_pct=12.573767695756239,NVIDIA_B200/batch_normalization/tilelang_fp16.ncu-rep: dynamic: sass__inst_executed_per_opcode_with_modifier_all (1/1 launches),high,
B200/tilelang/batch_normalization/fp16,compute_mean_invstd_kernel_kernel,LDG[32b:100%]; STG[32b:100%],none,shared+registers,SHFL.BFLY:40960,,launches=1;grid=1024;block=128;regs=19;smem_per_block_B=1536;theoretical_occ_pct=100.0;achieved_occ_pct=40.27103134074941,NVIDIA_B200/batch_normalization/tilelang_fp16.ncu-rep: dynamic: sass__inst_executed_per_opcode_with_modifier_all (1/1 launches),high,
B200/tilelang/batch_normalization/fp16,apply_batch_norm_kernel_kernel,"LDG[64b:83%,128b:17%]; STG[64b:100%]",none,registers,,,launches=1;grid=2500;block=256;regs=40;smem_per_block_B=1024;theoretical_occ_pct=75.0;achieved_occ_pct=55.92596359377385,NVIDIA_B200/batch_normalization/tilelang_fp16.ncu-rep: dynamic: sass__inst_executed_per_opcode_with_modifier_all (1/1 launches),high,
B200/tilelang/batch_normalization/fp32,compute_block_sums_kernel_kernel,LDG[256b:100%]; STG[256b:100%],none,registers,,,launches=1;grid=313;block=128;regs=164;smem_per_block_B=1024;theoretical_occ_pct=18.75;achieved_occ_pct=12.292100319767567,NVIDIA_B200/batch_normalization/tilelang_fp32.ncu-rep: dynamic: sass__inst_executed_per_opcode_with_modifier_all (1/1 launches),high,
B200/tilelang/batch_normalization/fp32,compute_mean_invstd_kernel_kernel,LDG[32b:100%]; STG[32b:100%],none,shared+registers,SHFL.BFLY:40960,,launches=1;grid=1024;block=128;regs=19;smem_per_block_B=1536;theoretical_occ_pct=100.0;achieved_occ_pct=39.452933729519344,NVIDIA_B200/batch_normalization/tilelang_fp32.ncu-rep: dynamic: sass__inst_executed_per_opcode_with_modifier_all (1/1 launches),high,
B200/tilelang/batch_normalization/fp32,apply_batch_norm_kernel_kernel,LDG[128b:100%]; STG[128b:100%],none,registers,,,launches=1;grid=2500;block=256;regs=56;smem_per_block_B=1024;theoretical_occ_pct=50.0;achieved_occ_pct=38.755806802558205,NVIDIA_B200/batch_normalization/tilelang_fp32.ncu-rep: dynamic: sass__inst_executed_per_opcode_with_modifier_all (1/1 launches),high,
B200/triton/batch_normalization/bf16,compute_block_sums_kernel,LDG[128b:100%]; STG[128b:100%],none,shared+registers,PRMT:320512,,launches=1;grid=313;block=128;regs=116;smem_per_block_B=5120;theoretical_occ_pct=25.0;achieved_occ_pct=12.507919601286272,NVIDIA_B200/batch_normalization/triton_bf16.ncu-rep: dynamic: sass__inst_executed_per_opcode_with_modifier_all (1/1 launches),high,
B200/triton/batch_normalization/bf16,compute_mean_invstd_kernel,LDG[32b:100%]; STG[32b:100%],none,shared+registers,SHFL.BFLY:57344,,launches=1;grid=1024;block=128;regs=29;smem_per_block_B=1040;theoretical_occ_pct=100.0;achieved_occ_pct=40.67496772215519,NVIDIA_B200/batch_normalization/triton_bf16.ncu-rep: dynamic: sass__inst_executed_per_opcode_with_modifier_all (1/1 launches),high,
B200/triton/batch_normalization/bf16,apply_batch_norm_kernel,"LDG[64b:25%,128b:75%]; STG[128b:100%]",none,shared+registers,PRMT:400000,,launches=1;grid=2500;block=256;regs=48;smem_per_block_B=5120;theoretical_occ_pct=62.5;achieved_occ_pct=51.62161956608466,NVIDIA_B200/batch_normalization/triton_bf16.ncu-rep: dynamic: sass__inst_executed_per_opcode_with_modifier_all (1/1 launches),high,
B200/triton/batch_normalization/fp16,compute_block_sums_kernel,LDG[128b:100%]; STG[128b:100%],none,shared+registers,,,launches=1;grid=313;block=128;regs=126;smem_per_block_B=5120;theoretical_occ_pct=25.0;achieved_occ_pct=12.587179915513373,NVIDIA_B200/batch_normalization/triton_fp16.ncu-rep: dynamic: sass__inst_executed_per_opcode_with_modifier_all (1/1 launches),high,
B200/triton/batch_normalization/fp16,compute_mean_invstd_kernel,LDG[32b:100%]; STG[32b:100%],none,shared+registers,SHFL.BFLY:57344,,launches=1;grid=1024;block=128;regs=29;smem_per_block_B=1040;theoretical_occ_pct=100.0;achieved_occ_pct=39.79552893562449,NVIDIA_B200/batch_normalization/triton_fp16.ncu-rep: dynamic: sass__inst_executed_per_opcode_with_modifier_all (1/1 launches),high,
B200/triton/batch_normalization/fp16,apply_batch_norm_kernel,"LDG[64b:25%,128b:75%]; STG[128b:100%]",none,shared+registers,,,launches=1;grid=2500;block=256;regs=48;smem_per_block_B=5120;theoretical_occ_pct=62.5;achieved_occ_pct=50.520025981715555,NVIDIA_B200/batch_normalization/triton_fp16.ncu-rep: dynamic: sass__inst_executed_per_opcode_with_modifier_all (1/1 launches),high,
B200/triton/batch_normalization/fp32,compute_block_sums_kernel,LDG[128b:100%]; STG[128b:100%],none,registers,,,launches=1;grid=313;block=128;regs=132;smem_per_block_B=1024;theoretical_occ_pct=18.75;achieved_occ_pct=12.751928088458412,NVIDIA_B200/batch_normalization/triton_fp32.ncu-rep: dynamic: sass__inst_executed_per_opcode_with_modifier_all (1/1 launches),high,
B200/triton/batch_normalization/fp32,compute_mean_invstd_kernel,LDG[32b:100%]; STG[32b:100%],none,shared+registers,SHFL.BFLY:57344,,launches=1;grid=1024;block=128;regs=29;smem_per_block_B=1040;theoretical_occ_pct=100.0;achieved_occ_pct=38.51577181317203,NVIDIA_B200/batch_normalization/triton_fp32.ncu-rep: dynamic: sass__inst_executed_per_opcode_with_modifier_all (1/1 launches),high,
B200/triton/batch_normalization/fp32,apply_batch_norm_kernel,LDG[128b:100%]; STG[128b:100%],none,registers,,,launches=1;grid=2500;block=256;regs=58;smem_per_block_B=1024;theoretical_occ_pct=50.0;achieved_occ_pct=39.099479207131914,NVIDIA_B200/batch_normalization/triton_fp32.ncu-rep: dynamic: sass__inst_executed_per_opcode_with_modifier_all (1/1 launches),high,
B200/cutile/batched_matmul/bf16,bmm_kernel,"TMA[UTMACCTL.PF:2400,UTMACMDFLUSH:1600,UTMALDG.3D:24000,UTMASTG.3D:1600]",tcgen05[UTCHMMA:32000],TMEM+shared+registers,,ATOMS.AND:1600;ATOMS.OR:1600,launches=1;grid=800;block=256;regs=64;smem_per_block_B=50452;theoretical_occ_pct=50.0;achieved_occ_pct=28.15436888203514,NVIDIA_B200/batched_matmul/cutile_bf16.ncu-rep: dynamic: sass__inst_executed_per_opcode_with_modifier_all (1/1 launches),high,kernel=bmm_kernel_Kt1_A3bf16_3v8l0_4t1_7i16_p16_A3bf16_3v8l0_4t1_7i16_p16_A3bf16_3v8l0_4t1_7i16_p16_I10_I128_I128_I64_I5_I5_I1
B200/cutile/batched_matmul/fp16,bmm_kernel,"TMA[UTMACCTL.PF:2400,UTMACMDFLUSH:1600,UTMALDG.3D:24000,UTMASTG.3D:1600]",tcgen05[UTCHMMA:32000],TMEM+shared+registers,,ATOMS.AND:1600;ATOMS.OR:1600,launches=1;grid=800;block=256;regs=64;smem_per_block_B=50452;theoretical_occ_pct=50.0;achieved_occ_pct=27.888664017516096,NVIDIA_B200/batched_matmul/cutile_fp16.ncu-rep: dynamic: sass__inst_executed_per_opcode_with_modifier_all (1/1 launches),high,kernel=bmm_kernel_Kt1_A3f16_3v8l0_4t1_7i16_p16_A3f16_3v8l0_4t1_7i16_p16_A3f16_3v8l0_4t1_7i16_p16_I10_I128_I128_I64_I5_I5_I1
B200/cutile/batched_matmul/fp32,bmm_kernel,"TMA[UTMACCTL.PF:2400,UTMACMDFLUSH:3200,UTMALDG.3D:48000,UTMASTG.3D:3200]",tcgen05[UTCHMMA:64000],TMEM+shared+registers,,ATOMS.AND:1600;ATOMS.OR:1600,launches=1;grid=800;block=256;regs=255;smem_per_block_B=181452;theoretical_occ_pct=12.5;achieved_occ_pct=10.566872975289737,NVIDIA_B200/batched_matmul/cutile_fp32.ncu-rep: dynamic: sass__inst_executed_per_opcode_with_modifier_all (1/1 launches),high,kernel=bmm_kernel_Kt1_A3f32_3v4l0_4t1_7i16_p16_A3f32_3v4l0_4t1_7i16_p16_A3f32_3v4l0_4t1_7i16_p16_I10_I128_I128_I64_I5_I5_I1
B200/tilelang/batched_matmul/bf16,bmm_kernel_kernel,static_sites:cp.async[LDGSTS.E.BYPASS.128:48]; STG[256b:100%],static_sites:tcgen05[UTCHMMA:24],TMEM+shared+registers,PRMT:12;SHFL.IDX:1,ATOMS.AND:2;ATOMS.OR:2,launches=1;grid=800;block=128;regs=137;smem_per_block_B=67584;theoretical_occ_pct=18.75;achieved_occ_pct=6.123242320622287,NVIDIA_B200/batched_matmul/tilelang_bf16.ncu-rep: static SASS (ncu --import --page source --print-source sass --csv); counts are static instruction sites,medium,
B200/tilelang/batched_matmul/fp16,bmm_kernel_kernel,static_sites:cp.async[LDGSTS.E.BYPASS.128:48]; STG[256b:100%],static_sites:tcgen05[UTCHMMA:24],TMEM+shared+registers,PRMT:12;SHFL.IDX:1,ATOMS.AND:2;ATOMS.OR:2,launches=1;grid=800;block=128;regs=137;smem_per_block_B=67584;theoretical_occ_pct=18.75;achieved_occ_pct=6.123103559213396,NVIDIA_B200/batched_matmul/tilelang_fp16.ncu-rep: static SASS (ncu --import --page source --print-source sass --csv); counts are static instruction sites,medium,
B200/tilelang/batched_matmul/fp32,bmm_kernel_kernel,cp.async[LDGSTS.E.BYPASS.128:1024000]; STG[64b:100%],legacy_mma[HMMA.1688.F32.TF32:8192000],shared+registers,LDSM.16.M88.4:1024000,,launches=1;grid=800;block=128;regs=210;smem_per_block_B=66560;theoretical_occ_pct=12.5;achieved_occ_pct=11.552022630780048,NVIDIA_B200/batched_matmul/tilelang_fp32.ncu-rep: dynamic: sass__inst_executed_per_opcode_with_modifier_all (1/1 launches),high,
B200/triton/batched_matmul/bf16,bmm_kernel,"TMA[UTMACMDFLUSH:3200,UTMALDG.3D:147200,UTMASTG.3D:3200]",tcgen05[UTCHMMA:32000],TMEM+shared+registers,,ATOMS.AND:800;ATOMS.OR:800,launches=1;grid=800;block=128;regs=135;smem_per_block_B=66608;theoretical_occ_pct=18.75;achieved_occ_pct=15.280804533270958,NVIDIA_B200/batched_matmul/triton_bf16.ncu-rep: dynamic: sass__inst_executed_per_opcode_with_modifier_all (1/1 launches),high,
B200/triton/batched_matmul/fp16,bmm_kernel,"TMA[UTMACMDFLUSH:3200,UTMALDG.3D:147200,UTMASTG.3D:3200]",tcgen05[UTCHMMA:32000],TMEM+shared+registers,,ATOMS.AND:800;ATOMS.OR:800,launches=1;grid=800;block=128;regs=135;smem_per_block_B=66608;theoretical_occ_pct=18.75;achieved_occ_pct=15.3137766207481,NVIDIA_B200/batched_matmul/triton_fp16.ncu-rep: dynamic: sass__inst_executed_per_opcode_with_modifier_all (1/1 launches),high,
B200/triton/batched_matmul/fp32,bmm_kernel,"TMA[UTMACMDFLUSH:3200,UTMALDG.3D:140800,UTMASTG.3D:3200]",tcgen05[UTCHMMA:64000],TMEM+shared+registers,,ATOMS.AND:800;ATOMS.OR:800,launches=1;grid=800;block=128;regs=135;smem_per_block_B=99376;theoretical_occ_pct=12.5;achieved_occ_pct=11.051029892381228,NVIDIA_B200/batched_matmul/triton_fp32.ncu-rep: dynamic: sass__inst_executed_per_opcode_with_modifier_all (1/1 launches),high,
B200/cutile/bitonic_sort/fp16,pad_kernel,LDG[128b:100%]; STG[128b:100%],none,registers,,,launches=1;grid=16384;block=128;regs=16;smem_per_block_B=1024;theoretical_occ_pct=100.0;achieved_occ_pct=58.98543999322609,NVIDIA_B200/bitonic_sort/cutile_fp16.ncu-rep: dynamic: sass__inst_executed_per_opcode_with_modifier_all (1/1 launches),high,kernel=pad_kernel_Kt1_A1f16_1i16t1_p16_A1f16_1i16t1_p16_Si32_Si32_I1024
B200/cutile/bitonic_sort/fp16,bitonic_step_kernel,"LDG[16b:89%,128b:11%]; STG[16b:100%]",none,shared+registers,PRMT:157286400,,launches=300;grid=16384;block=128;regs=40;smem_per_block_B=3084;theoretical_occ_pct=75.0;achieved_occ_pct=65.37697871472224,NVIDIA_B200/bitonic_sort/cutile_fp16.ncu-rep: dynamic: sass__inst_executed_per_opcode_with_modifier_all (300/300 launches),high,kernel=bitonic_step_kernel_Kt1_A1f16_1i16t1_p16_Si32_Si32_Si32_I1024
B200/cutile/bitonic_sort/fp32,pad_kernel,LDG[128b:100%]; STG[128b:100%],none,registers,,,launches=1;grid=32768;block=128;regs=16;smem_per_block_B=1024;theoretical_occ_pct=100.0;achieved_occ_pct=58.24579095215693,NVIDIA_B200/bitonic_sort/cutile_fp32.ncu-rep: dynamic: sass__inst_executed_per_opcode_with_modifier_all (1/1 launches),high,kernel=pad_kernel_Kt1_A1f32_1i16t1_p16_A1f32_1i16t1_p16_Si32_Si32_I512
B200/cutile/bitonic_sort/fp32,bitonic_step_kernel,"LDG[32b:80%,128b:20%]; STG[32b:100%]",none,shared+registers,LDSM.16.M88.4:39321600,,launches=300;grid=32768;block=128;regs=32;smem_per_block_B=3084;theoretical_occ_pct=100.0;achieved_occ_pct=84.86648192581748,NVIDIA_B200/bitonic_sort/cutile_fp32.ncu-rep: dynamic: sass__inst_executed_per_opcode_with_modifier_all (300/300 launches),high,kernel=bitonic_step_kernel_Kt1_A1f32_1i16t1_p16_Si32_Si32_Si32_I512
B200/tilelang/bitonic_sort/fp16,pad_kernel_kernel,static_sites:LDG[64b:100%]; STG[64b:100%],static_sites:none,registers,,,launches=1;grid=32768;block=128;regs=16;smem_per_block_B=1024;theoretical_occ_pct=100.0;achieved_occ_pct=39.53703269554929,NVIDIA_B200/bitonic_sort/tilelang_fp16.ncu-rep: static SASS (ncu --import --page source --print-source sass --csv); counts are static instruction sites,medium,
B200/tilelang/bitonic_sort/fp16,main_kernel,static_sites:LDG[16b:100%]; STG[16b:100%],static_sites:none,registers,PRMT:12,,launches=300;grid=32768;block=128;regs=20;smem_per_block_B=1024;theoretical_occ_pct=100.0;achieved_occ_pct=81.3473097397244,NVIDIA_B200/bitonic_sort/tilelang_fp16.ncu-rep: static SASS (ncu --import --page source --print-source sass --csv); counts are static instruction sites,medium,
B200/tilelang/bitonic_sort/fp32,pad_kernel_kernel,static_sites:LDG[256b:100%]; STG[256b:100%],static_sites:none,registers,,,launches=1;grid=32768;block=64;regs=18;smem_per_block_B=1024;theoretical_occ_pct=100.0;achieved_occ_pct=54.998298006245605,NVIDIA_B200/bitonic_sort/tilelang_fp32.ncu-rep: static SASS (ncu --import --page source --print-source sass --csv); counts are static instruction sites,medium,
B200/tilelang/bitonic_sort/fp32,main_kernel,static_sites:LDG[32b:100%]; STG[32b:100%],static_sites:none,registers,,,launches=300;grid=32768;block=64;regs=28;smem_per_block_B=1024;theoretical_occ_pct=100.0;achieved_occ_pct=82.49959316502216,NVIDIA_B200/bitonic_sort/tilelang_fp32.ncu-rep: static SASS (ncu --import --page source --print-source sass --csv); counts are static instruction sites,medium,
B200/triton/bitonic_sort/fp16,pad_kernel,LDG[128b:100%]; STG[128b:100%],none,registers,,,launches=1;grid=16384;block=128;regs=16;smem_per_block_B=1024;theoretical_occ_pct=100.0;achieved_occ_pct=54.325237580114226,NVIDIA_B200/bitonic_sort/triton_fp16.ncu-rep: dynamic: sass__inst_executed_per_opcode_with_modifier_all (1/1 launches),high,
B200/triton/bitonic_sort/fp16,bitonic_step_kernel,static_sites:LDG[16b:100%]; STG[16b:100%],static_sites:none,shared+registers,PRMT:6,,launches=300;grid=16384;block=256;regs=30;smem_per_block_B=3072;theoretical_occ_pct=100.0;achieved_occ_pct=83.25944204692841,NVIDIA_B200/bitonic_sort/triton_fp16.ncu-rep: static SASS (ncu --import --page source --print-source sass --csv); counts are static instruction sites,medium,
B200/triton/bitonic_sort/fp32,pad_kernel,LDG[128b:100%]; STG[128b:100%],none,registers,,,launches=1;grid=32768;block=128;regs=16;smem_per_block_B=1024;theoretical_occ_pct=100.0;achieved_occ_pct=56.814820341374585,NVIDIA_B200/bitonic_sort/triton_fp32.ncu-rep: dynamic: sass__inst_executed_per_opcode_with_modifier_all (1/1 launches),high,
B200/triton/bitonic_sort/fp32,bitonic_step_kernel,static_sites:LDG[32b:100%]; STG[32b:100%],static_sites:none,shared+registers,LDSM.16.M88.4:1,,launches=300;grid=32768;block=128;regs=28;smem_per_block_B=3072;theoretical_occ_pct=100.0;achieved_occ_pct=88.84479254745177,NVIDIA_B200/bitonic_sort/triton_fp32.ncu-rep: static SASS (ncu --import --page source --print-source sass --csv); counts are static instruction sites,medium,
B200/cutile/block_sparse_attention/fp16,block_sparse_attention_kernel,"TMA[UTMACCTL.IV:10144,UTMACCTL.PF:17920,UTMACMDFLUSH:40768,UTMALDG.4D:35648,UTMASTG.4D:5120]; LDG[32b:100%]",tcgen05[UTCHMMA:122112],TMEM+shared+registers,LDSM.16.M88:163072;PRMT:624640;SHFL.BFLY:61056;STSM.16.M88:163072,ATOMG.E.EXCH.STRONG.GPU:10144;ATOMS.AND:5120;ATOMS.OR:5120,launches=1;grid=2560;block=384;regs=168;smem_per_block_B=222244;theoretical_occ_pct=18.75;achieved_occ_pct=14.974247915324874,NVIDIA_B200/block_sparse_attention/cutile_fp16.ncu-rep: dynamic: sass__inst_executed_per_opcode_with_modifier_all (1/1 launches),high,kernel=block_sparse_attention_kernel_Kt1_A4f16_7v8l0_8t1_ci16_p16_A4f16_7v8l0_8t1_ci16_p16_A4f16_7v8l0_8t1_ci16_p16_A4f16_7v8l0_8t1_ci16_p16_A1i32_1t1_p16_A1i32_1i16t1_p16_I161_I25600_I1_F3fb6a09e667f3bcc_I8_I2_I10240_I64_I64_I64_I2
B200/tilelang/block_sparse_attention/fp16,main_kernel,"static_sites:TMA[UTMACCTL.PF:1,UTMACMDFLUSH:2,UTMASTG.4D:2]; LDG[32b:20%,128b:80%]",static_sites:tcgen05[UTCHMMA.WS:32],TMEM+shared+registers,SHFL.IDX:4,ATOMS.AND:6;ATOMS.OR:6,launches=1;grid=2560;block=256;regs=126;smem_per_block_B=63488;theoretical_occ_pct=25.0;achieved_occ_pct=11.91137419959369,NVIDIA_B200/block_sparse_attention/tilelang_fp16.ncu-rep: static SASS (ncu --import --page source --print-source sass --csv); counts are static instruction sites,medium,
B200/triton/block_sparse_attention/fp16,block_sparse_attention_kernel,"TMA[UTMACMDFLUSH:10240,UTMALDG.4D:91776,UTMASTG.4D:10240]; LDG[32b:100%]",legacy_mma[HMMA.16816.F32:3907584],shared+local(LDL/STL)+registers,LDSM.16.M88.4:732672;LDSM.16.MT88.4:488448;SHFL.BFLY:244224;STSM.16.M88.4:81920,,launches=1;grid=2560;block=64;regs=255;smem_per_block_B=50232;theoretical_occ_pct=12.5;achieved_occ_pct=11.650936208049089,NVIDIA_B200/block_sparse_attention/triton_fp16.ncu-rep: dynamic: sass__inst_executed_per_opcode_with_modifier_all (1/1 launches),high,
B200/cutile/cross_entropy/fp16,cross_entropy_kernel,"LDG[16b:33%,64b:67%]; STG[16b:100%]",none,shared+registers,SHFL.BFLY:368640,,launches=1;grid=10240;block=128;regs=24;smem_per_block_B=1052;theoretical_occ_pct=100.0;achieved_occ_pct=82.10425532895252,NVIDIA_B200/cross_entropy/cutile_fp16.ncu-rep: dynamic: sass__inst_executed_per_opcode_with_modifier_all (1/1 launches),high,kernel=cross_entropy_kernel_Kt1_A2f16_1v8l0_2t1_3i16_p16_A1i64_1i16t1_p16_A1f16_1i16t1_p16_Si32_I512
B200/cutile/cross_entropy/fp32,cross_entropy_kernel,"LDG[32b:33%,64b:33%,128b:33%]; STG[32b:100%]",none,shared+registers,SHFL.BFLY:368640,,launches=1;grid=10240;block=128;regs=21;smem_per_block_B=1052;theoretical_occ_pct=100.0;achieved_occ_pct=84.05647620886512,NVIDIA_B200/cross_entropy/cutile_fp32.ncu-rep: dynamic: sass__inst_executed_per_opcode_with_modifier_all (1/1 launches),high,kernel=cross_entropy_kernel_Kt1_A2f32_1v4l0_2t1_3i16_p16_A1i64_1i16t1_p16_A1f32_1i16t1_p16_Si32_I512
B200/tilelang/cross_entropy/fp16,cross_entropy_kernel_kernel,"LDG[16b:33%,32b:33%,128b:33%]; STG[16b:100%]",none,shared+registers,PRMT:10240;SHFL.BFLY:204800,,launches=1;grid=10240;block=64;regs=31;smem_per_block_B=1280;theoretical_occ_pct=65.625;achieved_occ_pct=44.69433818471027,NVIDIA_B200/cross_entropy/tilelang_fp16.ncu-rep: dynamic: sass__inst_executed_per_opcode_with_modifier_all (1/1 launches),high,
B200/tilelang/cross_entropy/fp32,cross_entropy_kernel_kernel,"LDG[32b:67%,256b:33%]; STG[32b:100%]",none,shared+registers,SHFL.BFLY:204800,,launches=1;grid=10240;block=64;regs=32;smem_per_block_B=1280;theoretical_occ_pct=65.625;achieved_occ_pct=46.88774783475387,NVIDIA_B200/cross_entropy/tilelang_fp32.ncu-rep: dynamic: sass__inst_executed_per_opcode_with_modifier_all (1/1 launches),high,
B200/triton/cross_entropy/fp16,cross_entropy_kernel,"LDG[16b:25%,32b:25%,128b:50%]; STG[16b:100%]",none,registers,SHFL.BFLY:51200,,launches=1;grid=10240;block=32;regs=26;smem_per_block_B=1024;theoretical_occ_pct=50.0;achieved_occ_pct=27.028244417656545,NVIDIA_B200/cross_entropy/triton_fp16.ncu-rep: dynamic: sass__inst_executed_per_opcode_with_modifier_all (1/1 launches),high,
B200/triton/cross_entropy/fp32,cross_entropy_kernel,"LDG[32b:33%,128b:67%]; STG[32b:100%]",none,registers,SHFL.BFLY:51200,,launches=1;grid=10240;block=32;regs=26;smem_per_block_B=1024;theoretical_occ_pct=50.0;achieved_occ_pct=34.34874289867258,NVIDIA_B200/cross_entropy/triton_fp32.ncu-rep: dynamic: sass__inst_executed_per_opcode_with_modifier_all (1/1 launches),high,
B200/cutile/dequantize_rowwise/int8,dequantize_rowwise_kernel,"LDG[32b:50%,64b:50%]; STG[128b:100%]",none,registers,PRMT:786432,,launches=1;grid=32768;block=128;regs=18;smem_per_block_B=1024;theoretical_occ_pct=100.0;achieved_occ_pct=75.71814344560089,NVIDIA_B200/dequantize_rowwise/cutile_int8.ncu-rep: dynamic: sass__inst_executed_per_opcode_with_modifier_all (1/1 launches),high,kernel=dequantize_rowwise_kernel_Kt1_A2i8_1v16l0_2t1_3i16_p16_A1f32_1i16t1_p16_A2f16_1v8l0_2t1_3i16_p16_I8192_I1024
B200/tilelang/dequantize_rowwise/int8,dequantize_rowwise_kernel_kernel,"LDG[32b:50%,128b:50%]; STG[256b:100%]",none,registers,,,launches=1;grid=32768;block=64;regs=26;smem_per_block_B=1024;theoretical_occ_pct=100.0;achieved_occ_pct=57.422015373140724,NVIDIA_B200/dequantize_rowwise/tilelang_int8.ncu-rep: dynamic: sass__inst_executed_per_opcode_with_modifier_all (1/1 launches),high,
B200/triton/dequantize_rowwise/int8,dequantize_rowwise_kernel,"LDG[32b:50%,128b:50%]; STG[128b:100%]",none,shared+registers,PRMT:786432,,launches=1;grid=32768;block=64;regs=30;smem_per_block_B=3072;theoretical_occ_pct=100.0;achieved_occ_pct=57.78276892019743,NVIDIA_B200/dequantize_rowwise/triton_int8.ncu-rep: dynamic: sass__inst_executed_per_opcode_with_modifier_all (1/1 launches),high,
B200/cutile/destindex/bf16,copy_by_dest_kernel,"LDG[32b:89%,128b:11%]; STG[16b:100%]",none,shared+registers,,,launches=1;grid=61440;block=128;regs=40;smem_per_block_B=3084;theoretical_occ_pct=75.0;achieved_occ_pct=68.27690250844553,NVIDIA_B200/destindex/cutile_bf16.ncu-rep: dynamic: sass__inst_executed_per_opcode_with_modifier_all (1/1 launches),high,kernel=copy_by_dest_kernel_Kt1_A1bf16_1i16t1_p16_A1i64_1i16t1_p16_A1bf16_1i16t1_p16_I12_I128_I1024
B200/cutile/destindex/bf16,copy_by_dest_kernel,"LDG[32b:80%,64b:20%]; STG[16b:100%]",none,shared+registers,,,launches=1;grid=5120;block=128;regs=23;smem_per_block_B=2060;theoretical_occ_pct=100.0;achieved_occ_pct=70.40348174445657,NVIDIA_B200/destindex/cutile_bf16.ncu-rep: dynamic: sass__inst_executed_per_opcode_with_modifier_all (1/1 launches),high,kernel=copy_by_dest_kernel_Kt1_A1bf16_1i16t1_p16_A1i64_1i16t1_p16_A1bf16_1i16t1_p16_I1_I64_I512
B200/cutile/destindex/fp16,copy_by_dest_kernel,"LDG[32b:89%,128b:11%]; STG[16b:100%]",none,shared+registers,,,launches=1;grid=61440;block=128;regs=40;smem_per_block_B=3084;theoretical_occ_pct=75.0;achieved_occ_pct=68.48085609893303,NVIDIA_B200/destindex/cutile_fp16.ncu-rep: dynamic: sass__inst_executed_per_opcode_with_modifier_all (1/1 launches),high,kernel=copy_by_dest_kernel_Kt1_A1f16_1i16t1_p16_A1i64_1i16t1_p16_A1f16_1i16t1_p16_I12_I128_I1024
B200/cutile/destindex/fp16,copy_by_dest_kernel,"LDG[32b:80%,64b:20%]; STG[16b:100%]",none,shared+registers,,,launches=1;grid=5120;block=128;regs=23;smem_per_block_B=2060;theoretical_occ_pct=100.0;achieved_occ_pct=74.73812742875367,NVIDIA_B200/destindex/cutile_fp16.ncu-rep: dynamic: sass__inst_executed_per_opcode_with_modifier_all (1/1 launches),high,kernel=copy_by_dest_kernel_Kt1_A1f16_1i16t1_p16_A1i64_1i16t1_p16_A1f16_1i16t1_p16_I1_I64_I512
B200/cutile/destindex/fp32,copy_by_dest_kernel,"LDG[32b:80%,128b:20%]; STG[32b:100%]",none,shared+registers,LDSM.16.M88.4:491520,,launches=1;grid=122880;block=128;regs=32;smem_per_block_B=3084;theoretical_occ_pct=100.0;achieved_occ_pct=88.31284527948347,NVIDIA_B200/destindex/cutile_fp32.ncu-rep: dynamic: sass__inst_executed_per_opcode_with_modifier_all (1/1 launches),high,kernel=copy_by_dest_kernel_Kt1_A1f32_1i16t1_p16_A1i64_1i16t1_p16_A1f32_1i16t1_p16_I12_I128_I512
B200/cutile/destindex/fp32,copy_by_dest_kernel,"LDG[32b:80%,128b:20%]; STG[32b:100%]",none,shared+registers,LDSM.16.M88.4:20480,,launches=1;grid=5120;block=128;regs=20;smem_per_block_B=3084;theoretical_occ_pct=100.0;achieved_occ_pct=72.19645238251843,NVIDIA_B200/destindex/cutile_fp32.ncu-rep: dynamic: sass__inst_executed_per_opcode_with_modifier_all (1/1 launches),high,kernel=copy_by_dest_kernel_Kt1_A1f32_1i16t1_p16_A1i64_1i16t1_p16_A1f32_1i16t1_p16_I1_I64_I512
B200/cutile/destindex/int8,copy_by_dest_kernel,"LDG[32b:89%,64b:11%]; STG[8b:100%]",none,shared+registers,,,launches=1;grid=61440;block=128;regs=40;smem_per_block_B=2060;theoretical_occ_pct=75.0;achieved_occ_pct=68.28748124804125,NVIDIA_B200/destindex/cutile_int8.ncu-rep: dynamic: sass__inst_executed_per_opcode_with_modifier_all (1/1 launches),high,kernel=copy_by_dest_kernel_Kt1_A1i8_1i16t1_p16_A1i64_1i16t1_p16_A1i8_1i16t1_p16_I12_I128_I1024
B200/cutile/destindex/int8,copy_by_dest_kernel,LDG[32b:100%]; STG[8b:100%],none,shared+registers,STSM.16.M88:20480,,launches=1;grid=5120;block=128;regs=21;smem_per_block_B=1548;theoretical_occ_pct=100.0;achieved_occ_pct=72.06393890857318,NVIDIA_B200/destindex/cutile_int8.ncu-rep: dynamic: sass__inst_executed_per_opcode_with_modifier_all (1/1 launches),high,kernel=copy_by_dest_kernel_Kt1_A1i8_1i16t1_p16_A1i64_1i16t1_p16_A1i8_1i16t1_p16_I1_I64_I512
B200/tilelang/destindex/bf16,copy_by_dest_kernel_kernel,"LDG[32b:34%,64b:66%]; STG[64b:100%]",none,registers,,,launches=2;grid=61440;block=64;regs=20;smem_per_block_B=1024;theoretical_occ_pct=100.0;achieved_occ_pct=81.11610835318494,NVIDIA_B200/destindex/tilelang_bf16.ncu-rep: dynamic: sass__inst_executed_per_opcode_with_modifier_all (2/2 launches),high,
B200/tilelang/destindex/fp16,copy_by_dest_kernel_kernel,"LDG[32b:34%,64b:66%]; STG[64b:100%]",none,registers,,,launches=2;grid=61440;block=64;regs=20;smem_per_block_B=1024;theoretical_occ_pct=100.0;achieved_occ_pct=82.40996200196182,NVIDIA_B200/destindex/tilelang_fp16.ncu-rep: dynamic: sass__inst_executed_per_opcode_with_modifier_all (2/2 launches),high,
B200/tilelang/destindex/fp32,copy_by_dest_kernel_kernel,"LDG[32b:34%,128b:66%]; STG[128b:100%]",none,registers,,,launches=2;grid=122880;block=64;regs=19;smem_per_block_B=1024;theoretical_occ_pct=100.0;achieved_occ_pct=84.9518184761891,NVIDIA_B200/destindex/tilelang_fp32.ncu-rep: dynamic: sass__inst_executed_per_opcode_with_modifier_all (2/2 launches),high,
B200/tilelang/destindex/int8,copy_by_dest_kernel_kernel,LDG[32b:100%]; STG[32b:100%],none,registers,,,launches=2;grid=61440;block=64;regs=16;smem_per_block_B=1024;theoretical_occ_pct=100.0;achieved_occ_pct=74.73489913213912,NVIDIA_B200/destindex/tilelang_int8.ncu-rep: dynamic: sass__inst_executed_per_opcode_with_modifier_all (2/2 launches),high,
B200/triton/destindex/bf16,copy_by_dest_kernel,"LDG[32b:50%,128b:50%]; STG[128b:100%]",none,registers,,,launches=2;grid=61440;block=64;regs=22;smem_per_block_B=1024;theoretical_occ_pct=100.0;achieved_occ_pct=80.37805492378968,NVIDIA_B200/destindex/triton_bf16.ncu-rep: dynamic: sass__inst_executed_per_opcode_with_modifier_all (2/2 launches),high,
B200/triton/destindex/fp16,copy_by_dest_kernel,"LDG[32b:50%,128b:50%]; STG[128b:100%]",none,registers,,,launches=2;grid=61440;block=64;regs=22;smem_per_block_B=1024;theoretical_occ_pct=100.0;achieved_occ_pct=79.84677677262437,NVIDIA_B200/destindex/triton_fp16.ncu-rep: dynamic: sass__inst_executed_per_opcode_with_modifier_all (2/2 launches),high,
B200/triton/destindex/fp32,copy_by_dest_kernel,"LDG[32b:50%,128b:50%]; STG[128b:100%]",none,registers,,,launches=2;grid=61440;block=256;regs=16;smem_per_block_B=1024;theoretical_occ_pct=100.0;achieved_occ_pct=75.67790988685351,NVIDIA_B200/destindex/triton_fp32.ncu-rep: dynamic: sass__inst_executed_per_opcode_with_modifier_all (2/2 launches),high,
B200/triton/destindex/int8,copy_by_dest_kernel,"LDG[32b:50%,128b:50%]; STG[128b:100%]",none,registers,,,launches=2;grid=61440;block=64;regs=16;smem_per_block_B=1024;theoretical_occ_pct=100.0;achieved_occ_pct=36.30195971555574,NVIDIA_B200/destindex/triton_int8.ncu-rep: dynamic: sass__inst_executed_per_opcode_with_modifier_all (2/2 launches),high,
B200/cutile/dropout/bf16,dropout_kernel,LDG[128b:100%]; STG[128b:100%],none,registers,PRMT:655360,,launches=1;grid=10240;block=128;regs=27;smem_per_block_B=1024;theoretical_occ_pct=100.0;achieved_occ_pct=81.10463739412276,NVIDIA_B200/dropout/cutile_bf16.ncu-rep: dynamic: sass__inst_executed_per_opcode_with_modifier_all (1/1 launches),high,kernel=dropout_kernel_Kt1_A1bf16_1i16t1_p16_A1bf16_1i16t1_p16_A1bf16_1i16t1_p16_Sf32_I2048
B200/cutile/dropout/fp16,dropout_kernel,LDG[128b:100%]; STG[128b:100%],none,registers,,,launches=1;grid=10240;block=128;regs=26;smem_per_block_B=1024;theoretical_occ_pct=100.0;achieved_occ_pct=81.1020795466233,NVIDIA_B200/dropout/cutile_fp16.ncu-rep: dynamic: sass__inst_executed_per_opcode_with_modifier_all (1/1 launches),high,kernel=dropout_kernel_Kt1_A1f16_1i16t1_p16_A1f16_1i16t1_p16_A1f16_1i16t1_p16_Sf32_I2048
B200/cutile/dropout/fp32,dropout_kernel,LDG[128b:100%]; STG[128b:100%],none,registers,,,launches=1;grid=40960;block=128;regs=16;smem_per_block_B=1024;theoretical_occ_pct=100.0;achieved_occ_pct=80.10073730690013,NVIDIA_B200/dropout/cutile_fp32.ncu-rep: dynamic: sass__inst_executed_per_opcode_with_modifier_all (1/1 launches),high,kernel=dropout_kernel_Kt1_A1f32_1i16t1_p16_A1f32_1i16t1_p16_A1f32_1i16t1_p16_Sf32_I512
B200/tilelang/dropout/bf16,dropout_kernel_kernel,LDG[128b:100%]; STG[128b:100%],none,registers,PRMT:983040,,launches=1;grid=10240;block=256;regs=17;smem_per_block_B=1024;theoretical_occ_pct=100.0;achieved_occ_pct=74.1272392220128,NVIDIA_B200/dropout/tilelang_bf16.ncu-rep: dynamic: sass__inst_executed_per_opcode_with_modifier_all (1/1 launches),high,
B200/tilelang/dropout/fp16,dropout_kernel_kernel,LDG[256b:100%]; STG[256b:100%],none,registers,PRMT:1310720,,launches=1;grid=10240;block=64;regs=40;smem_per_block_B=1024;theoretical_occ_pct=75.0;achieved_occ_pct=58.97491225368607,NVIDIA_B200/dropout/tilelang_fp16.ncu-rep: dynamic: sass__inst_executed_per_opcode_with_modifier_all (1/1 launches),high,
B200/tilelang/dropout/fp32,dropout_kernel_kernel,LDG[128b:100%]; STG[128b:100%],none,registers,,,launches=1;grid=20480;block=256;regs=18;smem_per_block_B=1024;theoretical_occ_pct=100.0;achieved_occ_pct=75.81850092353254,NVIDIA_B200/dropout/tilelang_fp32.ncu-rep: dynamic: sass__inst_executed_per_opcode_with_modifier_all (1/1 launches),high,
B200/triton/dropout/bf16,dropout_kernel,LDG[128b:100%]; STG[128b:100%],none,registers,PRMT:1105920,,launches=1;grid=20480;block=64;regs=32;smem_per_block_B=1024;theoretical_occ_pct=100.0;achieved_occ_pct=80.43928641733247,NVIDIA_B200/dropout/triton_bf16.ncu-rep: dynamic: sass__inst_executed_per_opcode_with_modifier_all (1/1 launches),high,
B200/triton/dropout/fp16,dropout_kernel,LDG[128b:100%]; STG[128b:100%],none,registers,PRMT:819200,,launches=1;grid=20480;block=64;regs=32;smem_per_block_B=1024;theoretical_occ_pct=100.0;achieved_occ_pct=81.28600418943257,NVIDIA_B200/dropout/triton_fp16.ncu-rep: dynamic: sass__inst_executed_per_opcode_with_modifier_all (1/1 launches),high,
B200/triton/dropout/fp32,dropout_kernel,LDG[128b:100%]; STG[128b:100%],none,registers,,,launches=1;grid=20480;block=64;regs=34;smem_per_block_B=1024;theoretical_occ_pct=75.0;achieved_occ_pct=67.500355221472,NVIDIA_B200/dropout/triton_fp32.ncu-rep: dynamic: sass__inst_executed_per_opcode_with_modifier_all (1/1 launches),high,
B200/cutile/flash_attention/fp16,fwd_kernel,"TMA[UTMACCTL.PF:81920,UTMACMDFLUSH:40960,UTMALDG.4D:9932800,UTMASTG.4D:40960]",tcgen05[UTCHMMA:26378240],TMEM+shared+registers,,ATOMS.AND:40960;ATOMS.OR:40960,launches=1;grid=20480;block=384;regs=168;smem_per_block_B=230764;theoretical_occ_pct=18.75;achieved_occ_pct=17.105348544203807,NVIDIA_B200/flash_attention/cutile_fp16.ncu-rep: dynamic: sass__inst_executed_per_opcode_with_modifier_all (1/1 launches),high,kernel=fwd_kernel_Kt1_A4f16_7v8l0_8t1_ei16_p16_A4f16_7v8l0_8t1_ei16_p16_A4f16_7v8l0_8t1_ei16_p16_A4f16_7v8l0_8t1_ei16_p16_Sf32_Si32_I128_I32_I128_I128_I1_B1_B1
B200/tilelang/flash_attention/fp16,main_kernel,LDG[128b:100%]; STG[256b:100%],tcgen05[UTCHMMA:26378240],TMEM+shared+registers,SHFL.IDX:163840,ATOMS.AND:81920;ATOMS.OR:81920,launches=1;grid=20480;block=256;regs=233;smem_per_block_B=135168;theoretical_occ_pct=12.5;achieved_occ_pct=12.484077032094314,NVIDIA_B200/flash_attention/tilelang_fp16.ncu-rep: dynamic: sass__inst_executed_per_opcode_with_modifier_all (1/1 launches),high,
B200/triton/flash_attention/fp16,fwd_kernel,"TMA[UTMACMDFLUSH:163840,UTMALDG.4D:53411840,UTMASTG.4D:163840]",tcgen05[UTCHMMA:39567360],TMEM+shared+registers,LDSM.16.M88:26542080;SHFL.BFLY:52756480;STSM.16.M88:26542080,ATOMS.AND:20480;ATOMS.OR:20480,launches=1;grid=20480;block=256;regs=128;smem_per_block_B=99904;theoretical_occ_pct=25.0;achieved_occ_pct=24.866374753243438,NVIDIA_B200/flash_attention/triton_fp16.ncu-rep: dynamic: sass__inst_executed_per_opcode_with_modifier_all (1/1 launches),high,
B200/cutile/flash_decode/fp32,fwd_kernel_flash_decode_stage2,LDG[32b:100%]; STG[32b:100%],none,registers,,,launches=1;grid=16;block=128;regs=24;smem_per_block_B=1024;theoretical_occ_pct=100.0;achieved_occ_pct=6.268862675894728,NVIDIA_B200/flash_decode/cutile_fp32.ncu-rep: dynamic: sass__inst_executed_per_opcode_with_modifier_all (1/1 launches),high,kernel=fwd_kernel_flash_decode_stage2_Kt1_A4f32_7v4l0_8t1_ci16_p16_A3f32_3v4l0_4i16t1_p16_A1i32_1t1_p16_A4f32_7v4l0_8i16t1_p16_I128_I128_I320
B200/tilelang/flash_decode/fp32,flash_decode_stage2_kernel_kernel,LDG[32b:100%]; STG[32b:100%],none,registers,,,launches=1;grid=16;block=128;regs=28;smem_per_block_B=1024;theoretical_occ_pct=100.0;achieved_occ_pct=6.225899510867721,NVIDIA_B200/flash_decode/tilelang_fp32.ncu-rep: dynamic: sass__inst_executed_per_opcode_with_modifier_all (1/1 launches),high,
B200/triton/flash_decode/fp32,fwd_kernel_flash_decode_stage2,LDG[32b:100%]; STG[32b:100%],none,registers,,,launches=1;grid=16;block=128;regs=32;smem_per_block_B=1024;theoretical_occ_pct=100.0;achieved_occ_pct=6.269659918291103,NVIDIA_B200/flash_decode/triton_fp32.ncu-rep: dynamic: sass__inst_executed_per_opcode_with_modifier_all (1/1 launches),high,
B200/cutile/fused_activation/fp32,fused_activation_kernel,LDG[128b:100%]; STG[128b:100%],none,registers,,,launches=1;grid=20480;block=128;regs=32;smem_per_block_B=1024;theoretical_occ_pct=100.0;achieved_occ_pct=86.79529624369944,NVIDIA_B200/fused_activation/cutile_fp32.ncu-rep: dynamic: sass__inst_executed_per_opcode_with_modifier_all (1/1 launches),high,kernel=fused_activation_kernel_Kt1_A1f32_1i16t1_p16_A1f32_1i16t1_p16_A1f32_1i16t1_p16_A1f32_1i16t1_p16_I1024
B200/tilelang/fused_activation/fp32,fused_activation_kernel_kernel,LDG[256b:100%]; STG[256b:100%],none,registers,,,launches=1;grid=10240;block=256;regs=40;smem_per_block_B=1024;theoretical_occ_pct=75.0;achieved_occ_pct=57.7211142736971,NVIDIA_B200/fused_activation/tilelang_fp32.ncu-rep: dynamic: sass__inst_executed_per_opcode_with_modifier_all (1/1 launches),high,
B200/triton/fused_activation/fp32,fused_activation_kernel,LDG[128b:100%]; STG[128b:100%],none,registers,,,launches=1;grid=20480;block=64;regs=35;smem_per_block_B=1024;theoretical_occ_pct=75.0;achieved_occ_pct=66.78474899664802,NVIDIA_B200/fused_activation/triton_fp32.ncu-rep: dynamic: sass__inst_executed_per_opcode_with_modifier_all (1/1 launches),high,
B200/cutile/gaussian_blur/fp16,gaussian_blur_kernel,LDG[16b:100%]; STG[32b:100%],none,shared+registers,LDSM.16.M88:1638400;PRMT:162201600,,launches=1;grid=409600;block=128;regs=48;smem_per_block_B=1548;theoretical_occ_pct=62.5;achieved_occ_pct=59.78426668518134,NVIDIA_B200/gaussian_blur/cutile_fp16.ncu-rep: dynamic: sass__inst_executed_per_opcode_with_modifier_all (1/1 launches),high,kernel=gaussian_blur_kernel_Kt1_A2f16_1v8l0_2t1_3i16_p16_A1f16_1t1_p16_A2f16_1v8l0_2t1_3i16_p16_I7_I7_I2_I128
B200/cutile/gaussian_blur/fp32,gaussian_blur_kernel,LDG[32b:100%]; STG[64b:100%],none,shared+registers,STSM.16.M88:3276800,,launches=1;grid=409600;block=128;regs=48;smem_per_block_B=2060;theoretical_occ_pct=62.5;achieved_occ_pct=59.136704187025266,NVIDIA_B200/gaussian_blur/cutile_fp32.ncu-rep: dynamic: sass__inst_executed_per_opcode_with_modifier_all (1/1 launches),high,kernel=gaussian_blur_kernel_Kt1_A2f32_1v4l0_2t1_3i16_p16_A1f32_1t1_p16_A2f32_1v4l0_2t1_3i16_p16_I7_I7_I2_I128
B200/tilelang/gaussian_blur/fp16,gaussian_blur_kernel_kernel,LDG[16b:100%]; STG[16b:100%],none,registers,PRMT:2048000,,launches=1;grid=102400;block=128;regs=255;smem_per_block_B=1024;theoretical_occ_pct=12.5;achieved_occ_pct=10.14498473975893,NVIDIA_B200/gaussian_blur/tilelang_fp16.ncu-rep: dynamic: sass__inst_executed_per_opcode_with_modifier_all (1/1 launches),high,
B200/tilelang/gaussian_blur/fp32,gaussian_blur_kernel_kernel,LDG[32b:100%]; STG[32b:100%],none,registers,,,launches=1;grid=102400;block=128;regs=254;smem_per_block_B=1024;theoretical_occ_pct=12.5;achieved_occ_pct=11.092039708408182,NVIDIA_B200/gaussian_blur/tilelang_fp32.ncu-rep: dynamic: sass__inst_executed_per_opcode_with_modifier_all (1/1 launches),high,
B200/triton/gaussian_blur/fp16,gaussian_blur_kernel,"LDG[16b:83%,32b:17%]; STG[32b:100%]",none,registers,PRMT:137625600,,launches=1;grid=204800;block=256;regs=34;smem_per_block_B=1024;theoretical_occ_pct=75.0;achieved_occ_pct=64.34196514718215,NVIDIA_B200/gaussian_blur/triton_fp16.ncu-rep: dynamic: sass__inst_executed_per_opcode_with_modifier_all (1/1 launches),high,
B200/triton/gaussian_blur/fp32,gaussian_blur_kernel,"LDG[32b:83%,64b:17%]; STG[64b:100%]",none,registers,,,launches=1;grid=204800;block=256;regs=32;smem_per_block_B=1024;theoretical_occ_pct=100.0;achieved_occ_pct=86.24870344200244,NVIDIA_B200/gaussian_blur/triton_fp32.ncu-rep: dynamic: sass__inst_executed_per_opcode_with_modifier_all (1/1 launches),high,
B200/cutile/histogramming/int32,histogram_partial_kernel,LDG[128b:100%],none,shared+registers,LDSM.16.M88.4:131072;PRMT:3145728,ATOMG.E.ADD.STRONG.GPU:2097152,launches=1;grid=256;block=128;regs=128;smem_per_block_B=27660;theoretical_occ_pct=25.0;achieved_occ_pct=10.81458754884459,NVIDIA_B200/histogramming/cutile_int32.ncu-rep: dynamic: sass__inst_executed_per_opcode_with_modifier_all (1/1 launches),high,kernel=histogram_partial_kernel_Kt1_A1i32_1i16t1_p16_A2i32_1v4l0_2t1_3i16_p16_Si32_Si32_Si32_I2048
B200/cutile/histogramming/int32,histogram_reduce_kernel,"TMA[UTMACCTL.PF:128,UTMACMDFLUSH:64,UTMALDG.2D:512,UTMASTG.1D:64]",none,shared+registers,SHFL.BFLY:4096,,launches=1;grid=64;block=256;regs=255;smem_per_block_B=231924;theoretical_occ_pct=12.5;achieved_occ_pct=9.412963222540553,NVIDIA_B200/histogramming/cutile_int32.ncu-rep: dynamic: sass__inst_executed_per_opcode_with_modifier_all (1/1 launches),high,kernel=histogram_reduce_kernel_Kt1_A2i32_1v4l0_2t1_3i16_p16_A1i32_1i16t1_p16_Si32_Si32_I128_I64
B200/tilelang/histogramming/int32,vectorized_elementwise_kernel,STG[128b:100%],none,registers,,,launches=1;grid=1024;block=128;regs=16;smem_per_block_B=1024;theoretical_occ_pct=100.0;achieved_occ_pct=31.156488472609556,NVIDIA_B200/histogramming/tilelang_int32.ncu-rep: dynamic: sass__inst_executed_per_opcode_with_modifier_all (1/1 launches),high,
B200/tilelang/histogramming/int32,histogram_partial_kernel_kernel,"TMA[UBLKCP.G.S:256,UTMACMDFLUSH:256]; LDG[32b:100%]",none,shared+registers,SHFL.IDX:2048,ATOMS.POPC.INC.32:2097152,launches=1;grid=256;block=256;regs=27;smem_per_block_B=17408;theoretical_occ_pct=100.0;achieved_occ_pct=21.524510350269797,NVIDIA_B200/histogramming/tilelang_int32.ncu-rep: dynamic: sass__inst_executed_per_opcode_with_modifier_all (1/1 launches),high,
B200/tilelang/histogramming/int32,histogram_reduce_kernel_kernel,LDG[256b:100%]; STG[256b:100%],none,shared+registers,SHFL.BFLY:8192,,launches=1;grid=64;block=128;regs=94;smem_per_block_B=1536;theoretical_occ_pct=31.25;achieved_occ_pct=6.270545688015305,NVIDIA_B200/histogramming/tilelang_int32.ncu-rep: dynamic: sass__inst_executed_per_opcode_with_modifier_all (1/1 launches),high,
B200/triton/histogramming/int32,histogram_partial_kernel,LDG[128b:100%],none,shared+registers,PRMT:1048576,ATOMG.E.ADD.STRONG.GPU:2097152,launches=1;grid=256;block=256;regs=40;smem_per_block_B=17408;theoretical_occ_pct=75.0;achieved_occ_pct=21.63700112381935,NVIDIA_B200/histogramming/triton_int32.ncu-rep: dynamic: sass__inst_executed_per_opcode_with_modifier_all (1/1 launches),high,
B200/triton/histogramming/int32,histogram_reduce_kernel,LDG[128b:100%]; STG[32b:100%],none,shared+registers,LDSM.16.M88:512;SHFL.BFLY:10240,,launches=1;grid=64;block=256;regs=40;smem_per_block_B=3072;theoretical_occ_pct=75.0;achieved_occ_pct=12.115190529871537,NVIDIA_B200/histogramming/triton_int32.ncu-rep: dynamic: sass__inst_executed_per_opcode_with_modifier_all (1/1 launches),high,
B200/cutile/interleave/bf16,interleave_kernel,LDG[128b:100%]; STG[128b:100%],none,shared+registers,PRMT:625024,,launches=1;grid=19532;block=128;regs=25;smem_per_block_B=5132;theoretical_occ_pct=100.0;achieved_occ_pct=85.9394089931268,NVIDIA_B200/interleave/cutile_bf16.ncu-rep: dynamic: sass__inst_executed_per_opcode_with_modifier_all (1/1 launches),high,kernel=interleave_kernel_Kt1_A1bf16_1i16t1_p16_A1bf16_1i16t1_p16_A1bf16_1i16t1_p16_I1024
B200/cutile/interleave/fp16,interleave_kernel,LDG[128b:100%]; STG[128b:100%],none,shared+registers,PRMT:1250048,,launches=1;grid=4883;block=128;regs=62;smem_per_block_B=17420;theoretical_occ_pct=50.0;achieved_occ_pct=44.93951758775031,NVIDIA_B200/interleave/cutile_fp16.ncu-rep: dynamic: sass__inst_executed_per_opcode_with_modifier_all (1/1 launches),high,kernel=interleave_kernel_Kt1_A1f16_1i16t1_p16_A1f16_1i16t1_p16_A1f16_1i16t1_p16_I4096
B200/cutile/interleave/fp32,interleave_kernel,LDG[128b:100%]; STG[128b:100%],none,shared+registers,,,launches=1;grid=9766;block=128;regs=52;smem_per_block_B=17420;theoretical_occ_pct=56.25;achieved_occ_pct=50.256950857324576,NVIDIA_B200/interleave/cutile_fp32.ncu-rep: dynamic: sass__inst_executed_per_opcode_with_modifier_all (1/1 launches),high,kernel=interleave_kernel_Kt1_A1f32_1i16t1_p16_A1f32_1i16t1_p16_A1f32_1i16t1_p16_I2048
B200/cutile/interleave/int8,interleave_kernel,LDG[128b:100%]; STG[128b:100%],none,shared+registers,PRMT:312512,,launches=1;grid=9766;block=128;regs=23;smem_per_block_B=5132;theoretical_occ_pct=100.0;achieved_occ_pct=78.65326034530844,NVIDIA_B200/interleave/cutile_int8.ncu-rep: dynamic: sass__inst_executed_per_opcode_with_modifier_all (1/1 launches),high,kernel=interleave_kernel_Kt1_A1i8_1i16t1_p16_A1i8_1i16t1_p16_A1i8_1i16t1_p16_I2048
B200/tilelang/interleave/bf16,interleave_kernel_kernel,LDG[128b:100%]; STG[256b:100%],none,registers,PRMT:625000,,launches=1;grid=19532;block=128;regs=25;smem_per_block_B=1024;theoretical_occ_pct=100.0;achieved_occ_pct=80.28271246091381,NVIDIA_B200/interleave/tilelang_bf16.ncu-rep: dynamic: sass__inst_executed_per_opcode_with_modifier_all (1/1 launches),high,
B200/tilelang/interleave/fp16,interleave_kernel_kernel,LDG[128b:100%]; STG[256b:100%],none,registers,PRMT:625000,,launches=1;grid=19532;block=128;regs=25;smem_per_block_B=1024;theoretical_occ_pct=100.0;achieved_occ_pct=81.57187431169466,NVIDIA_B200/interleave/tilelang_fp16.ncu-rep: dynamic: sass__inst_executed_per_opcode_with_modifier_all (1/1 launches),high,
B200/tilelang/interleave/fp32,interleave_kernel_kernel,LDG[256b:100%]; STG[256b:100%],none,registers,,,launches=1;grid=19532;block=128;regs=28;smem_per_block_B=1024;theoretical_occ_pct=100.0;achieved_occ_pct=76.95765964391657,NVIDIA_B200/interleave/tilelang_fp32.ncu-rep: dynamic: sass__inst_executed_per_opcode_with_modifier_all (1/1 launches),high,
B200/tilelang/interleave/int8,interleave_kernel_kernel,LDG[128b:100%]; STG[256b:100%],none,registers,,,launches=1;grid=4883;block=256;regs=39;smem_per_block_B=1024;theoretical_occ_pct=75.0;achieved_occ_pct=56.93971647379647,NVIDIA_B200/interleave/tilelang_int8.ncu-rep: dynamic: sass__inst_executed_per_opcode_with_modifier_all (1/1 launches),high,
B200/triton/interleave/bf16,interleave_kernel,LDG[128b:100%]; STG[128b:100%],none,shared+registers,PRMT:625024,,launches=1;grid=19532;block=128;regs=25;smem_per_block_B=5120;theoretical_occ_pct=100.0;achieved_occ_pct=85.70279969400399,NVIDIA_B200/interleave/triton_bf16.ncu-rep: dynamic: sass__inst_executed_per_opcode_with_modifier_all (1/1 launches),high,
B200/triton/interleave/fp16,interleave_kernel,LDG[128b:100%]; STG[128b:100%],none,shared+registers,PRMT:625024,,launches=1;grid=19532;block=128;regs=25;smem_per_block_B=5120;theoretical_occ_pct=100.0;achieved_occ_pct=86.83958526351168,NVIDIA_B200/interleave/triton_fp16.ncu-rep: dynamic: sass__inst_executed_per_opcode_with_modifier_all (1/1 launches),high,
B200/triton/interleave/fp32,interleave_kernel,LDG[128b:100%]; STG[128b:100%],none,shared+registers,,,launches=1;grid=19532;block=256;regs=22;smem_per_block_B=9216;theoretical_occ_pct=100.0;achieved_occ_pct=88.68558685918266,NVIDIA_B200/interleave/triton_fp32.ncu-rep: dynamic: sass__inst_executed_per_opcode_with_modifier_all (1/1 launches),high,
B200/triton/interleave/int8,interleave_kernel,LDG[128b:100%]; STG[128b:100%],none,shared+registers,PRMT:312512,,launches=1;grid=4883;block=128;regs=30;smem_per_block_B=5120;theoretical_occ_pct=100.0;achieved_occ_pct=82.92935878790054,NVIDIA_B200/interleave/triton_int8.ncu-rep: dynamic: sass__inst_executed_per_opcode_with_modifier_all (1/1 launches),high,
B200/cutile/jacobi_stencil_2d/bf16,jacobi_stencil_kernel,"LDG[16b:84%,128b:16%]; STG[128b:100%]",none,shared+registers,PRMT:19251200;STSM.16.M88.4:819200,,launches=1;grid=51200;block=128;regs=62;smem_per_block_B=9228;theoretical_occ_pct=50.0;achieved_occ_pct=44.87256863117914,NVIDIA_B200/jacobi_stencil_2d/cutile_bf16.ncu-rep: dynamic: sass__inst_executed_per_opcode_with_modifier_all (1/1 launches),high,kernel=jacobi_stencil_kernel_Kt1_A2bf16_1v8l0_2t1_3i16_p16_A2bf16_1v8l0_2t1_3i16_p16_Si32_Si32_I4_I512
B200/cutile/jacobi_stencil_2d/fp16,jacobi_stencil_kernel,"LDG[16b:84%,128b:16%]; STG[128b:100%]",none,shared+registers,PRMT:19251200;STSM.16.M88.4:819200,,launches=1;grid=51200;block=128;regs=62;smem_per_block_B=9228;theoretical_occ_pct=50.0;achieved_occ_pct=45.03100157210241,NVIDIA_B200/jacobi_stencil_2d/cutile_fp16.ncu-rep: dynamic: sass__inst_executed_per_opcode_with_modifier_all (1/1 launches),high,kernel=jacobi_stencil_kernel_Kt1_A2f16_1v8l0_2t1_3i16_p16_A2f16_1v8l0_2t1_3i16_p16_Si32_Si32_I4_I512
B200/cutile/jacobi_stencil_2d/fp32,jacobi_stencil_kernel,"LDG[32b:73%,128b:27%]; STG[128b:100%]",none,shared+registers,,,launches=1;grid=51200;block=128;regs=60;smem_per_block_B=17420;theoretical_occ_pct=50.0;achieved_occ_pct=45.277677391909464,NVIDIA_B200/jacobi_stencil_2d/cutile_fp32.ncu-rep: dynamic: sass__inst_executed_per_opcode_with_modifier_all (1/1 launches),high,kernel=jacobi_stencil_kernel_Kt1_A2f32_1v4l0_2t1_3i16_p16_A2f32_1v4l0_2t1_3i16_p16_Si32_Si32_I4_I512
B200/tilelang/jacobi_stencil_2d/bf16,jacobi_stencil_kernel_kernel,"LDG[16b:91%,64b:9%]; STG[64b:100%]",none,registers,PRMT:18841600,,launches=1;grid=102400;block=256;regs=20;smem_per_block_B=1024;theoretical_occ_pct=100.0;achieved_occ_pct=77.46579125587523,NVIDIA_B200/jacobi_stencil_2d/tilelang_bf16.ncu-rep: dynamic: sass__inst_executed_per_opcode_with_modifier_all (1/1 launches),high,
B200/tilelang/jacobi_stencil_2d/fp16,jacobi_stencil_kernel_kernel,"LDG[16b:91%,64b:9%]; STG[64b:100%]",none,registers,PRMT:18841600,,launches=1;grid=102400;block=256;regs=20;smem_per_block_B=1024;theoretical_occ_pct=100.0;achieved_occ_pct=77.28349633801135,NVIDIA_B200/jacobi_stencil_2d/tilelang_fp16.ncu-rep: dynamic: sass__inst_executed_per_opcode_with_modifier_all (1/1 launches),high,
B200/tilelang/jacobi_stencil_2d/fp32,jacobi_stencil_kernel_kernel,"LDG[32b:91%,128b:9%]; STG[128b:100%]",none,registers,,,launches=1;grid=102400;block=256;regs=24;smem_per_block_B=1024;theoretical_occ_pct=100.0;achieved_occ_pct=84.05572240030953,NVIDIA_B200/jacobi_stencil_2d/tilelang_fp32.ncu-rep: dynamic: sass__inst_executed_per_opcode_with_modifier_all (1/1 launches),high,
B200/triton/jacobi_stencil_2d/bf16,jacobi_stencil_kernel,"LDG[16b:94%,64b:6%]; STG[64b:100%]",none,registers,PRMT:23756800,,launches=1;grid=102400;block=256;regs=30;smem_per_block_B=1024;theoretical_occ_pct=100.0;achieved_occ_pct=78.69894486227722,NVIDIA_B200/jacobi_stencil_2d/triton_bf16.ncu-rep: dynamic: sass__inst_executed_per_opcode_with_modifier_all (1/1 launches),high,
B200/triton/jacobi_stencil_2d/fp16,jacobi_stencil_kernel,"LDG[16b:94%,64b:6%]; STG[64b:100%]",none,registers,PRMT:23756800,,launches=1;grid=102400;block=256;regs=30;smem_per_block_B=1024;theoretical_occ_pct=100.0;achieved_occ_pct=78.78209065799008,NVIDIA_B200/jacobi_stencil_2d/triton_fp16.ncu-rep: dynamic: sass__inst_executed_per_opcode_with_modifier_all (1/1 launches),high,
B200/triton/jacobi_stencil_2d/fp32,jacobi_stencil_kernel,"LDG[32b:89%,64b:11%]; STG[64b:100%]",none,registers,PRMT:1638400,,launches=1;grid=409600;block=128;regs=18;smem_per_block_B=1024;theoretical_occ_pct=100.0;achieved_occ_pct=74.96557309284857,NVIDIA_B200/jacobi_stencil_2d/triton_fp32.ncu-rep: dynamic: sass__inst_executed_per_opcode_with_modifier_all (1/1 launches),high,
B200/cutile/kl_divergence/fp32,kl_divergence_kernel,"TMA[UTMACCTL.PF:8192,UTMALDG.2D:524288]; STG[32b:100%]",none,shared+registers,SHFL.BFLY:114688,,launches=1;grid=4096;block=256;regs=64;smem_per_block_B=50276;theoretical_occ_pct=50.0;achieved_occ_pct=30.16946525607213,NVIDIA_B200/kl_divergence/cutile_fp32.ncu-rep: dynamic: sass__inst_executed_per_opcode_with_modifier_all (1/1 launches),high,kernel=kl_divergence_kernel_Kt1_A2f32_1v4l0_2t1_3i16_p16_A2f32_1v4l0_2t1_3i16_p16_A1f32_1i16t1_p16_Si32_I2048
B200/tilelang/kl_divergence/fp32,kl_divergence_kernel_kernel,LDG[256b:100%]; STG[32b:100%],none,shared+registers,SHFL.BFLY:655360,,launches=1;grid=4096;block=256;regs=53;smem_per_block_B=2048;theoretical_occ_pct=50.0;achieved_occ_pct=47.1477076771551,NVIDIA_B200/kl_divergence/tilelang_fp32.ncu-rep: dynamic: sass__inst_executed_per_opcode_with_modifier_all (1/1 launches),high,
B200/triton/kl_divergence/fp32,kl_divergence_kernel,LDG[128b:100%]; STG[32b:100%],none,shared+registers,SHFL.BFLY:114688,,launches=1;grid=4096;block=128;regs=64;smem_per_block_B=1040;theoretical_occ_pct=50.0;achieved_occ_pct=45.63467603810384,NVIDIA_B200/kl_divergence/triton_fp32.ncu-rep: dynamic: sass__inst_executed_per_opcode_with_modifier_all (1/1 launches),high,
B200/cutile/l2_norm/bf16,l2_norm_kernel,LDG[128b:100%]; STG[128b:100%],none,shared+registers,PRMT:655360;SHFL.BFLY:57344,,launches=1;grid=2048;block=128;regs=30;smem_per_block_B=1052;theoretical_occ_pct=100.0;achieved_occ_pct=65.59707836453472,NVIDIA_B200/l2_norm/cutile_bf16.ncu-rep: dynamic: sass__inst_executed_per_opcode_with_modifier_all (1/1 launches),high,kernel=l2_norm_kernel_Kt1_A2bf16_1v8l0_2t1_3i16_p16_A2bf16_1v8l0_2t1_3i16_p16_Sf32_I10240_I1024
B200/cutile/l2_norm/fp16,l2_norm_kernel,LDG[128b:100%]; STG[128b:100%],none,shared+registers,SHFL.BFLY:57344,,launches=1;grid=2048;block=128;regs=29;smem_per_block_B=1052;theoretical_occ_pct=100.0;achieved_occ_pct=65.08131624707929,NVIDIA_B200/l2_norm/cutile_fp16.ncu-rep: dynamic: sass__inst_executed_per_opcode_with_modifier_all (1/1 launches),high,kernel=l2_norm_kernel_Kt1_A2f16_1v8l0_2t1_3i16_p16_A2f16_1v8l0_2t1_3i16_p16_Sf32_I10240_I1024
B200/cutile/l2_norm/fp32,l2_norm_kernel,LDG[128b:100%]; STG[128b:100%],none,shared+registers,SHFL.BFLY:57344,,launches=1;grid=2048;block=128;regs=90;smem_per_block_B=1052;theoretical_occ_pct=31.25;achieved_occ_pct=28.834806402943926,NVIDIA_B200/l2_norm/cutile_fp32.ncu-rep: dynamic: sass__inst_executed_per_opcode_with_modifier_all (1/1 launches),high,kernel=l2_norm_kernel_Kt1_A2f32_1v4l0_2t1_3i16_p16_A2f32_1v4l0_2t1_3i16_p16_Sf32_I10240_I512
B200/tilelang/l2_norm/bf16,l2_norm_fwd_kernel_kernel,LDG[64b:100%]; STG[64b:100%],none,shared+registers,PRMT:327680;SHFL.BFLY:81920,,launches=1;grid=2048;block=256;regs=53;smem_per_block_B=2048;theoretical_occ_pct=50.0;achieved_occ_pct=41.74647362919926,NVIDIA_B200/l2_norm/tilelang_bf16.ncu-rep: dynamic: sass__inst_executed_per_opcode_with_modifier_all (1/1 launches),high,
B200/tilelang/l2_norm/fp16,l2_norm_fwd_kernel_kernel,LDG[128b:100%]; STG[128b:100%],none,shared+registers,SHFL.BFLY:40960,,launches=1;grid=2048;block=128;regs=56;smem_per_block_B=1536;theoretical_occ_pct=56.25;achieved_occ_pct=45.8323523343691,NVIDIA_B200/l2_norm/tilelang_fp16.ncu-rep: dynamic: sass__inst_executed_per_opcode_with_modifier_all (1/1 launches),high,
B200/tilelang/l2_norm/fp32,l2_norm_fwd_kernel_kernel,LDG[128b:100%]; STG[128b:100%],none,shared+registers,SHFL.BFLY:40960,,launches=1;grid=2048;block=128;regs=94;smem_per_block_B=1536;theoretical_occ_pct=31.25;achieved_occ_pct=27.348305093487795,NVIDIA_B200/l2_norm/tilelang_fp32.ncu-rep: dynamic: sass__inst_executed_per_opcode_with_modifier_all (1/1 launches),high,
B200/triton/l2_norm/bf16,_l2_norm_fwd_kernel,LDG[128b:100%]; STG[128b:100%],none,shared+registers,PRMT:655360;SHFL.BFLY:131072,,launches=1;grid=2048;block=256;regs=32;smem_per_block_B=1056;theoretical_occ_pct=100.0;achieved_occ_pct=80.43700375568802,NVIDIA_B200/l2_norm/triton_bf16.ncu-rep: dynamic: sass__inst_executed_per_opcode_with_modifier_all (1/1 launches),high,
B200/triton/l2_norm/fp16,_l2_norm_fwd_kernel,LDG[128b:100%]; STG[128b:100%],none,shared+registers,SHFL.BFLY:131072,,launches=1;grid=2048;block=256;regs=32;smem_per_block_B=1056;theoretical_occ_pct=100.0;achieved_occ_pct=76.71000778689854,NVIDIA_B200/l2_norm/triton_fp16.ncu-rep: dynamic: sass__inst_executed_per_opcode_with_modifier_all (1/1 launches),high,
B200/triton/l2_norm/fp32,_l2_norm_fwd_kernel,LDG[128b:100%]; STG[128b:100%],none,shared+registers,SHFL.BFLY:131072,,launches=1;grid=2048;block=256;regs=36;smem_per_block_B=1056;theoretical_occ_pct=75.0;achieved_occ_pct=61.73885322210032,NVIDIA_B200/l2_norm/triton_fp32.ncu-rep: dynamic: sass__inst_executed_per_opcode_with_modifier_all (1/1 launches),high,
B200/cutile/layernorm/bf16,layernorm_kernel,LDG[128b:100%]; STG[128b:100%],none,shared+local(LDL/STL)+registers,PRMT:1310720;SHFL.BFLY:114688,,launches=1;grid=2048;block=128;regs=32;smem_per_block_B=1052;theoretical_occ_pct=100.0;achieved_occ_pct=82.95547349579134,NVIDIA_B200/layernorm/cutile_bf16.ncu-rep: dynamic: sass__inst_executed_per_opcode_with_modifier_all (1/1 launches),high,kernel=layernorm_kernel_Kt1_A2bf16_1v8l0_2t1_3i16_p16_A1bf16_1i16t1_p16_A1bf16_1i16t1_p16_A2bf16_1v8l0_2t1_3i16_p16_Sf32_I10240_I2048
B200/cutile/layernorm/fp16,layernorm_kernel,LDG[128b:100%]; STG[128b:100%],none,shared+local(LDL/STL)+registers,SHFL.BFLY:114688,,launches=1;grid=2048;block=128;regs=32;smem_per_block_B=1052;theoretical_occ_pct=100.0;achieved_occ_pct=83.25071661922594,NVIDIA_B200/layernorm/cutile_fp16.ncu-rep: dynamic: sass__inst_executed_per_opcode_with_modifier_all (1/1 launches),high,kernel=layernorm_kernel_Kt1_A2f16_1v8l0_2t1_3i16_p16_A1f16_1i16t1_p16_A1f16_1i16t1_p16_A2f16_1v8l0_2t1_3i16_p16_Sf32_I10240_I2048
B200/cutile/layernorm/fp32,layernorm_kernel,LDG[128b:100%]; STG[128b:100%],none,shared+registers,SHFL.BFLY:114688,,launches=1;grid=2048;block=128;regs=64;smem_per_block_B=1052;theoretical_occ_pct=50.0;achieved_occ_pct=41.878476936640276,NVIDIA_B200/layernorm/cutile_fp32.ncu-rep: dynamic: sass__inst_executed_per_opcode_with_modifier_all (1/1 launches),high,kernel=layernorm_kernel_Kt1_A2f32_1v4l0_2t1_3i16_p16_A1f32_1i16t1_p16_A1f32_1i16t1_p16_A2f32_1v4l0_2t1_3i16_p16_Sf32_I10240_I2048
B200/tilelang/layernorm/bf16,layernorm_kernel_kernel,LDG[128b:100%]; STG[128b:100%],none,shared+registers,PRMT:1310720;SHFL.BFLY:163840,,launches=1;grid=2048;block=256;regs=80;smem_per_block_B=2048;theoretical_occ_pct=37.5;achieved_occ_pct=33.352008074752945,NVIDIA_B200/layernorm/tilelang_bf16.ncu-rep: dynamic: sass__inst_executed_per_opcode_with_modifier_all (1/1 launches),high,
B200/tilelang/layernorm/fp16,layernorm_kernel_kernel,LDG[128b:100%]; STG[128b:100%],none,shared+registers,SHFL.BFLY:81920,,launches=1;grid=2048;block=128;regs=52;smem_per_block_B=1536;theoretical_occ_pct=56.25;achieved_occ_pct=47.205930117333224,NVIDIA_B200/layernorm/tilelang_fp16.ncu-rep: dynamic: sass__inst_executed_per_opcode_with_modifier_all (1/1 launches),high,
B200/tilelang/layernorm/fp32,layernorm_kernel_kernel,LDG[256b:100%]; STG[256b:100%],none,shared+registers,SHFL.BFLY:81920,,launches=1;grid=2048;block=128;regs=112;smem_per_block_B=1536;theoretical_occ_pct=25.0;achieved_occ_pct=22.173637282226704,NVIDIA_B200/layernorm/tilelang_fp32.ncu-rep: dynamic: sass__inst_executed_per_opcode_with_modifier_all (1/1 launches),high,
B200/triton/layernorm/bf16,layernorm_kernel,LDG[128b:100%]; STG[128b:100%],none,shared+registers,PRMT:1310720;SHFL.BFLY:262144,,launches=1;grid=2048;block=256;regs=40;smem_per_block_B=1056;theoretical_occ_pct=75.0;achieved_occ_pct=59.41868550923475,NVIDIA_B200/layernorm/triton_bf16.ncu-rep: dynamic: sass__inst_executed_per_opcode_with_modifier_all (1/1 launches),high,
B200/triton/layernorm/fp16,layernorm_kernel,LDG[128b:100%]; STG[128b:100%],none,shared+registers,SHFL.BFLY:262144,,launches=1;grid=2048;block=256;regs=40;smem_per_block_B=1056;theoretical_occ_pct=75.0;achieved_occ_pct=61.96609382639586,NVIDIA_B200/layernorm/triton_fp16.ncu-rep: dynamic: sass__inst_executed_per_opcode_with_modifier_all (1/1 launches),high,
B200/triton/layernorm/fp32,layernorm_kernel,LDG[128b:100%]; STG[128b:100%],none,shared+registers,SHFL.BFLY:262144,,launches=1;grid=2048;block=256;regs=32;smem_per_block_B=1056;theoretical_occ_pct=100.0;achieved_occ_pct=84.00913360777183,NVIDIA_B200/layernorm/triton_fp32.ncu-rep: dynamic: sass__inst_executed_per_opcode_with_modifier_all (1/1 launches),high,
B200/cutile/leaky_relu/bf16,leaky_relu_kernel,LDG[128b:100%]; STG[128b:100%],none,registers,PRMT:2490284,,launches=1;grid=12208;block=128;regs=30;smem_per_block_B=1024;theoretical_occ_pct=100.0;achieved_occ_pct=80.96517532965113,NVIDIA_B200/leaky_relu/cutile_bf16.ncu-rep: dynamic: sass__inst_executed_per_opcode_with_modifier_all (1/1 launches),high,kernel=leaky_relu_kernel_Kt1_A1bf16_1i16t1_p16_A1bf16_1i16t1_p16_I4096
B200/cutile/leaky_relu/fp16,leaky_relu_kernel,LDG[128b:100%]; STG[128b:100%],none,registers,PRMT:2441441,,launches=1;grid=12208;block=128;regs=28;smem_per_block_B=1024;theoretical_occ_pct=100.0;achieved_occ_pct=80.56604365950605,NVIDIA_B200/leaky_relu/cutile_fp16.ncu-rep: dynamic: sass__inst_executed_per_opcode_with_modifier_all (1/1 launches),high,kernel=leaky_relu_kernel_Kt1_A1f16_1i16t1_p16_A1f16_1i16t1_p16_I4096
B200/cutile/leaky_relu/fp32,leaky_relu_kernel,LDG[128b:100%]; STG[128b:100%],none,registers,,,launches=1;grid=12208;block=128;regs=51;smem_per_block_B=1024;theoretical_occ_pct=56.25;achieved_occ_pct=46.480683602216374,NVIDIA_B200/leaky_relu/cutile_fp32.ncu-rep: dynamic: sass__inst_executed_per_opcode_with_modifier_all (1/1 launches),high,kernel=leaky_relu_kernel_Kt1_A1f32_1i16t1_p16_A1f32_1i16t1_p16_I4096
B200/tilelang/leaky_relu/bf16,leaky_relu_kernel_kernel,LDG[256b:100%]; STG[256b:100%],none,registers,PRMT:2636928,,launches=1;grid=12208;block=256;regs=28;smem_per_block_B=1024;theoretical_occ_pct=100.0;achieved_occ_pct=72.07208661583653,NVIDIA_B200/leaky_relu/tilelang_bf16.ncu-rep: dynamic: sass__inst_executed_per_opcode_with_modifier_all (1/1 launches),high,
B200/tilelang/leaky_relu/fp16,leaky_relu_kernel_kernel,LDG[128b:100%]; STG[128b:100%],none,registers,PRMT:1757826,,launches=1;grid=48829;block=128;regs=16;smem_per_block_B=1024;theoretical_occ_pct=100.0;achieved_occ_pct=76.50846104405325,NVIDIA_B200/leaky_relu/tilelang_fp16.ncu-rep: dynamic: sass__inst_executed_per_opcode_with_modifier_all (1/1 launches),high,
B200/tilelang/leaky_relu/fp32,leaky_relu_kernel_kernel,LDG[256b:100%]; STG[256b:100%],none,registers,,,launches=1;grid=24415;block=256;regs=18;smem_per_block_B=1024;theoretical_occ_pct=100.0;achieved_occ_pct=72.54478237715888,NVIDIA_B200/leaky_relu/tilelang_fp32.ncu-rep: dynamic: sass__inst_executed_per_opcode_with_modifier_all (1/1 launches),high,
B200/triton/leaky_relu/bf16,leaky_relu_kernel,LDG[128b:100%]; STG[128b:100%],none,registers,PRMT:1953200,,launches=1;grid=24415;block=128;regs=24;smem_per_block_B=1024;theoretical_occ_pct=100.0;achieved_occ_pct=80.04433720924114,NVIDIA_B200/leaky_relu/triton_bf16.ncu-rep: dynamic: sass__inst_executed_per_opcode_with_modifier_all (1/1 launches),high,
B200/triton/leaky_relu/fp16,leaky_relu_kernel,LDG[128b:100%]; STG[128b:100%],none,registers,PRMT:1953280,,launches=1;grid=12208;block=256;regs=24;smem_per_block_B=1024;theoretical_occ_pct=100.0;achieved_occ_pct=75.32905110059855,NVIDIA_B200/leaky_relu/triton_fp16.ncu-rep: dynamic: sass__inst_executed_per_opcode_with_modifier_all (1/1 launches),high,
B200/triton/leaky_relu/fp32,leaky_relu_kernel,LDG[128b:100%]; STG[128b:100%],none,registers,,,launches=1;grid=24415;block=256;regs=18;smem_per_block_B=1024;theoretical_occ_pct=100.0;achieved_occ_pct=77.17257220717477,NVIDIA_B200/leaky_relu/triton_fp32.ncu-rep: dynamic: sass__inst_executed_per_opcode_with_modifier_all (1/1 launches),high,
B200/cutile/linear_self_attention/fp32,phi_kernel,LDG[128b:100%]; STG[128b:100%],none,registers,,,launches=2;grid=2504;block=128;regs=32;smem_per_block_B=1024;theoretical_occ_pct=100.0;achieved_occ_pct=65.0472514770301,NVIDIA_B200/linear_self_attention/cutile_fp32.ncu-rep: dynamic: sass__inst_executed_per_opcode_with_modifier_all (2/2 launches),high,kernel=phi_kernel_Kt1_A2f32_1v4l0_2t1_3i16_p16_A2f32_1v4l0_2t1_3i16_p16_I32_I32
B200/cutile/linear_self_attention/fp32,kv_gemm_kernel,"TMA[UTMACCTL.PF:48,UTMACMDFLUSH:16,UTMALDG.2D:22608,UTMASTG.2D:16]",tcgen05[UTCHMMA:20096],TMEM+shared+registers,,ATOMS.AND:32;ATOMS.OR:32,launches=1;grid=16;block=256;regs=255;smem_per_block_B=58452;theoretical_occ_pct=12.5;achieved_occ_pct=10.864483944369361,NVIDIA_B200/linear_self_attention/cutile_fp32.ncu-rep: dynamic: sass__inst_executed_per_opcode_with_modifier_all (1/1 launches),high,kernel=kv_gemm_kernel_Kt1_A2f32_1v4l0_2t1_3i16_p16_A2f32_1v4l0_2t1_3i16_p16_A2f32_1v4l0_2t1_3i16_p16_Si32_Si32_I128_I32_I64
B200/cutile/linear_self_attention/fp32,z_kernel,"TMA[UTMACCTL.IV:2496,UTMACCTL.PF:16,UTMACMDFLUSH:5000,UTMALDG.2D:2504,UTMASTG.1D:8]",none,shared+registers,SHFL.BFLY:130208;SHFL.IDX:20064;STSM.16.M88:32,ATOMG.E.EXCH.STRONG.GPU:2496,launches=1;grid=8;block=256;regs=255;smem_per_block_B=10028;theoretical_occ_pct=12.5;achieved_occ_pct=9.320426153330969,NVIDIA_B200/linear_self_attention/cutile_fp32.ncu-rep: dynamic: sass__inst_executed_per_opcode_with_modifier_all (1/1 launches),high,kernel=z_kernel_Kt1_A1f32_1i16t1_p16_A2f32_1v4l0_2t1_3i16_p16_Si32_Si32_I32_I32
B200/cutile/linear_self_attention/fp32,out_gemm_kernel,"TMA[UTMACCTL.IV:11304,UTMACCTL.PF:5024,UTMACMDFLUSH:23864,UTMALDG.1D:5024,UTMALDG.2D:15072,UTMASTG.2D:1256]",tcgen05[UTCHMMA:40192],TMEM+shared+local(LDL/STL)+registers,LDSM.16.M88:25120;SHFL.BFLY:20096;STSM.16.M88:25120,ATOMG.E.EXCH.STRONG.GPU:11304;ATOMS.AND:2512;ATOMS.OR:2512,launches=1;grid=1256;block=256;regs=64;smem_per_block_B=54052;theoretical_occ_pct=50.0;achieved_occ_pct=36.35417966160456,NVIDIA_B200/linear_self_attention/cutile_fp32.ncu-rep: dynamic: sass__inst_executed_per_opcode_with_modifier_all (1/1 launches),high,kernel=out_gemm_kernel_Kt1_A2f32_1v4l0_2t1_3i16_p16_A2f32_1v4l0_2t1_3i16_p16_A2f32_1v4l0_2t1_3i16_p16_A1f32_1i16t1_p16_Si32_Si32_F3eb0c6f7a0b5ed8d_I64_I32_I64
B200/tilelang/linear_self_attention/fp32,phi_kernel_kernel,static_sites:LDG[256b:100%]; STG[256b:100%],static_sites:none,registers,,,launches=2;grid=2504;block=128;regs=20;smem_per_block_B=1024;theoretical_occ_pct=100.0;achieved_occ_pct=65.93753770231643,NVIDIA_B200/linear_self_attention/tilelang_fp32.ncu-rep: static SASS (ncu --import --page source --print-source sass --csv); counts are static instruction sites,medium,
B200/tilelang/linear_self_attention/fp32,kv_kernel_kernel,static_sites:LDG[32b:100%]; STG[64b:100%],static_sites:legacy_mma[HMMA.1688.F32.TF32:48],shared+registers,LDSM.16.M88.4:48,,launches=1;grid=64;block=128;regs=72;smem_per_block_B=50176;theoretical_occ_pct=25.0;achieved_occ_pct=6.248448508506732,NVIDIA_B200/linear_self_attention/tilelang_fp32.ncu-rep: static SASS (ncu --import --page source --print-source sass --csv); counts are static instruction sites,medium,
B200/tilelang/linear_self_attention/fp32,z_kernel_kernel,static_sites:LDG[256b:100%]; STG[256b:100%],static_sites:none,shared+registers,SHFL.BFLY:24,,launches=1;grid=8;block=128;regs=36;smem_per_block_B=1536;theoretical_occ_pct=75.0;achieved_occ_pct=6.249563025883783,NVIDIA_B200/linear_self_attention/tilelang_fp32.ncu-rep: static SASS (ncu --import --page source --print-source sass --csv); counts are static instruction sites,medium,
B200/tilelang/linear_self_attention/fp32,out_kernel_kernel,static_sites:LDG[32b:100%]; STG[64b:100%],static_sites:legacy_mma[HMMA.1688.F32.TF32:256],shared+registers,LDSM.16.M88.4:96;SHFL.BFLY:1280,,launches=1;grid=314;block=128;regs=255;smem_per_block_B=58368;theoretical_occ_pct=12.5;achieved_occ_pct=12.070434971884671,NVIDIA_B200/linear_self_attention/tilelang_fp32.ncu-rep: static SASS (ncu --import --page source --print-source sass --csv); counts are static instruction sites,medium,
B200/triton/linear_self_attention/fp32,phi_kernel,LDG[128b:100%]; STG[128b:100%],none,registers,,,launches=2;grid=2500;block=256;regs=18;smem_per_block_B=1024;theoretical_occ_pct=100.0;achieved_occ_pct=73.38146201543596,NVIDIA_B200/linear_self_attention/triton_fp32.ncu-rep: dynamic: sass__inst_executed_per_opcode_with_modifier_all (2/2 launches),high,
B200/triton/linear_self_attention/fp32,kv_gemm_kernel,"TMA[UTMACMDFLUSH:256,UTMALDG.2D:81408,UTMASTG.2D:256]",legacy_mma[HMMA.1688.F32.TF32:643072],shared+registers,LDSM.16.M88.4:643072,,launches=1;grid=64;block=128;regs=39;smem_per_block_B=37904;theoretical_occ_pct=37.5;achieved_occ_pct=6.204650116079156,NVIDIA_B200/linear_self_attention/triton_fp32.ncu-rep: dynamic: sass__inst_executed_per_opcode_with_modifier_all (1/1 launches),high,
B200/triton/linear_self_attention/fp32,z_kernel,LDG[128b:100%]; STG[32b:100%],none,shared+registers,LDSM.16.M88:32;SHFL.BFLY:100160,,launches=1;grid=8;block=128;regs=32;smem_per_block_B=1536;theoretical_occ_pct=100.0;achieved_occ_pct=6.269828545445434,NVIDIA_B200/linear_self_attention/triton_fp32.ncu-rep: dynamic: sass__inst_executed_per_opcode_with_modifier_all (1/1 launches),high,
B200/triton/linear_self_attention/fp32,out_gemm_kernel,"TMA[UTMACMDFLUSH:2512,UTMALDG.2D:50240,UTMASTG.2D:2512]; LDG[128b:100%]",tcgen05[UTCHMMA:10048],TMEM+shared+registers,SHFL.BFLY:120576,ATOMS.AND:314;ATOMS.OR:314,launches=1;grid=314;block=256;regs=39;smem_per_block_B=74832;theoretical_occ_pct=37.5;achieved_occ_pct=23.283632528390967,NVIDIA_B200/linear_self_attention/triton_fp32.ncu-rep: dynamic: sass__inst_executed_per_opcode_with_modifier_all (1/1 launches),high,
B200/cutile/matmul_fp32_fp16_fp8/fp16,matmul_kernel,"TMA[UTMACCTL.PF:768,UTMACMDFLUSH:2048,UTMALDG.2D:491520,UTMASTG.2D:2048]",tcgen05[UTCHMMA:655360],TMEM+shared+registers,,ATOMS.AND:512;ATOMS.OR:512,launches=1;grid=256;block=256;regs=255;smem_per_block_B=230628;theoretical_occ_pct=12.5;achieved_occ_pct=10.903476079680084,NVIDIA_B200/matmul_fp32_fp16_fp8/cutile_fp16.ncu-rep: dynamic: sass__inst_executed_per_opcode_with_modifier_all (1/1 launches),high,kernel=matmul_kernel_Kt1_A2f16_1v8l0_2t1_3i16_p16_A2f16_1v8l0_2t1_3i16_p16_A2f16_1v8l0_2t1_3i16_p16_Si32_Si32_I20480_I256_I256_I64_I8
B200/cutile/matmul_fp32_fp16_fp8/fp32,matmul_kernel,"TMA[UTMACCTL.PF:768,UTMACMDFLUSH:4096,UTMALDG.2D:983040,UTMASTG.2D:4096]",tcgen05[UTCHMMA:1310720],TMEM+shared+registers,,ATOMS.AND:512;ATOMS.OR:512,launches=1;grid=256;block=256;regs=255;smem_per_block_B=230764;theoretical_occ_pct=12.5;achieved_occ_pct=10.887409233663426,NVIDIA_B200/matmul_fp32_fp16_fp8/cutile_fp32.ncu-rep: dynamic: sass__inst_executed_per_opcode_with_modifier_all (1/1 launches),high,kernel=matmul_kernel_Kt1_A2f32_1v4l0_2t1_3i16_p16_A2f32_1v4l0_2t1_3i16_p16_A2f32_1v4l0_2t1_3i16_p16_Si32_Si32_I20480_I256_I256_I64_I8
B200/cutile/matmul_fp32_fp16_fp8/fp8_e4m3fn,matmul_kernel,"TMA[UTMACCTL.PF:768,UTMACMDFLUSH:1024,UTMALDG.2D:163840,UTMASTG.2D:1024]",tcgen05[UTCQMMA:327680],TMEM+shared+registers,,ATOMS.AND:512;ATOMS.OR:512,launches=1;grid=256;block=256;regs=255;smem_per_block_B=230564;theoretical_occ_pct=12.5;achieved_occ_pct=10.875523657468682,NVIDIA_B200/matmul_fp32_fp16_fp8/cutile_fp8_e4m3fn.ncu-rep: dynamic: sass__inst_executed_per_opcode_with_modifier_all (1/1 launches),high,kernel=matmul_kernel_Kt1_A2f8m3fn_1v16l0_2t1_3i16_p16_A2f8m3fn_1v16l0_2t1_3i16_p16_A2f8m3fn_1v16l0_2t1_3i16_p16_Si32_Si32_I20480_I256_I256_I128_I8
B200/tilelang/matmul_fp32_fp16_fp8/fp16,matmul_kernel_kernel,static_sites:cp.async[LDGSTS.E.BYPASS.128:96]; STG[256b:100%],static_sites:tcgen05[UTCHMMA:48],TMEM+shared+local(LDL/STL)+registers,PRMT:9;SHFL.IDX:1,ATOMS.AND:2;ATOMS.OR:2,launches=1;grid=256;block=128;regs=255;smem_per_block_B=198656;theoretical_occ_pct=6.25;achieved_occ_pct=6.24422866873148,NVIDIA_B200/matmul_fp32_fp16_fp8/tilelang_fp16.ncu-rep: static SASS (ncu --import --page source --print-source sass --csv); counts are static instruction sites,medium,
B200/tilelang/matmul_fp32_fp16_fp8/fp32,matmul_kernel_kernel,cp.async[LDGSTS.E.BYPASS.128:41943040]; STG[64b:100%],legacy_mma[HMMA.1688.F32.TF32:335544320],shared+registers,LDSM.16.M88.4:41943040,,launches=1;grid=1024;block=128;regs=208;smem_per_block_B=132096;theoretical_occ_pct=6.25;achieved_occ_pct=6.249580493296362,NVIDIA_B200/matmul_fp32_fp16_fp8/tilelang_fp32.ncu-rep: dynamic: sass__inst_executed_per_opcode_with_modifier_all (1/1 launches),high,
B200/tilelang/matmul_fp32_fp16_fp8/fp8_e4m3fn,matmul_kernel_kernel,static_sites:cp.async[LDGSTS.E.BYPASS.128:96]; STG[256b:100%],static_sites:tcgen05[UTCQMMA.WS:48],TMEM+shared+registers,PRMT:75;SHFL.IDX:1,ATOMS.AND:2;ATOMS.OR:2,launches=1;grid=256;block=128;regs=255;smem_per_block_B=198656;theoretical_occ_pct=6.25;achieved_occ_pct=6.245710259412296,NVIDIA_B200/matmul_fp32_fp16_fp8/tilelang_fp8_e4m3fn.ncu-rep: static SASS (ncu --import --page source --print-source sass --csv); counts are static instruction sites,medium,
B200/triton/matmul_fp32_fp16_fp8/fp16,matmul_kernel,"TMA[UTMACMDFLUSH:1024,UTMALDG.2D:659456,UTMASTG.2D:1024]",tcgen05[UTCHMMA:655360],TMEM+shared+local(LDL/STL)+registers,,ATOMS.AND:256;ATOMS.OR:256,launches=1;grid=256;block=128;regs=255;smem_per_block_B=197680;theoretical_occ_pct=6.25;achieved_occ_pct=6.207259500503497,NVIDIA_B200/matmul_fp32_fp16_fp8/triton_fp16.ncu-rep: dynamic: sass__inst_executed_per_opcode_with_modifier_all (1/1 launches),high,
B200/triton/matmul_fp32_fp16_fp8/fp32,matmul_kernel,"TMA[UTMACMDFLUSH:4096,UTMALDG.2D:5259264,UTMASTG.2D:4096]",tcgen05[UTCHMMA:2621440],TMEM+shared+registers,,ATOMS.AND:1024;ATOMS.OR:1024,launches=1;grid=1024;block=128;regs=135;smem_per_block_B=99376;theoretical_occ_pct=12.5;achieved_occ_pct=11.481876861275131,NVIDIA_B200/matmul_fp32_fp16_fp8/triton_fp32.ncu-rep: dynamic: sass__inst_executed_per_opcode_with_modifier_all (1/1 launches),high,
B200/triton/matmul_fp32_fp16_fp8/fp8_e4m3fn,matmul_kernel,"TMA[UTMACMDFLUSH:1024,UTMALDG.2D:331776,UTMASTG.2D:1024]",tcgen05[UTCQMMA:327680],TMEM+shared+registers,,ATOMS.AND:256;ATOMS.OR:256,launches=1;grid=256;block=128;regs=255;smem_per_block_B=197680;theoretical_occ_pct=6.25;achieved_occ_pct=6.236599937929202,NVIDIA_B200/matmul_fp32_fp16_fp8/triton_fp8_e4m3fn.ncu-rep: dynamic: sass__inst_executed_per_opcode_with_modifier_all (1/1 launches),high,
B200/cutile/matmul_int8/int8,matmul_kernel,"TMA[UTMACCTL.PF:768,UTMACMDFLUSH:1024,UTMALDG.2D:368640,UTMASTG.2D:1024]",tcgen05[UTCIMMA:327680],TMEM+shared+registers,PRMT:16384000,ATOMS.AND:512;ATOMS.OR:512,launches=1;grid=256;block=256;regs=255;smem_per_block_B=142732;theoretical_occ_pct=12.5;achieved_occ_pct=10.88790389489472,NVIDIA_B200/matmul_int8/cutile_int8.ncu-rep: dynamic: sass__inst_executed_per_opcode_with_modifier_all (1/1 launches),high,kernel=matmul_kernel_Kt1_A2i8_1v16l0_2t1_3i16_p16_A2u8_1v16l0_2t1_3i16_p16_A2i32_1v4l0_2t1_3i16_p16_Si32_Si32_I5120_I256_I64_I32_I8
B200/tilelang/matmul_int8/int8,matmul_kernel_kernel,static_sites:cp.async[LDGSTS.E.BYPASS.128:4]; LDG[128b:100%]; STG[256b:100%],static_sites:tcgen05[UTCIMMA.WS:32],TMEM+shared+registers,PRMT:3;SHFL.IDX:1,ATOMS.AND:2;ATOMS.OR:2,launches=1;grid=128;block=512;regs=76;smem_per_block_B=51200;theoretical_occ_pct=0.0;achieved_occ_pct=24.949552349994132,NVIDIA_B200/matmul_int8/tilelang_int8.ncu-rep: static SASS (ncu --import --page source --print-source sass --csv); counts are static instruction sites,medium,
B200/triton/matmul_int8/int8,matmul_kernel,"TMA[UTMACMDFLUSH:1024,UTMALDG.2D:655360,UTMASTG.2D:1024]",legacy_mma[IMMA.16832.S8.S8.SAT:20971520],shared+registers,LDSM.16.M88.4:5242880;PRMT:28835840,,launches=1;grid=256;block=128;regs=245;smem_per_block_B=66560;theoretical_occ_pct=12.5;achieved_occ_pct=10.75517664475037,NVIDIA_B200/matmul_int8/triton_int8.ncu-rep: dynamic: sass__inst_executed_per_opcode_with_modifier_all (1/1 launches),high,
B200/cutile/matrix_copy/bf16,matrix_copy_kernel,LDG[128b:100%]; STG[128b:100%],none,registers,,,launches=1;grid=25600;block=128;regs=16;smem_per_block_B=1024;theoretical_occ_pct=100.0;achieved_occ_pct=74.9731076659508,NVIDIA_B200/matrix_copy/cutile_bf16.ncu-rep: dynamic: sass__inst_executed_per_opcode_with_modifier_all (1/1 launches),high,kernel=matrix_copy_kernel_Kt1_A1bf16_1i16t1_p16_A1bf16_1i16t1_p16_I1024
B200/cutile/matrix_copy/fp16,matrix_copy_kernel,LDG[128b:100%]; STG[128b:100%],none,registers,,,launches=1;grid=25600;block=128;regs=16;smem_per_block_B=1024;theoretical_occ_pct=100.0;achieved_occ_pct=75.41381784967443,NVIDIA_B200/matrix_copy/cutile_fp16.ncu-rep: dynamic: sass__inst_executed_per_opcode_with_modifier_all (1/1 launches),high,kernel=matrix_copy_kernel_Kt1_A1f16_1i16t1_p16_A1f16_1i16t1_p16_I1024
B200/cutile/matrix_copy/fp32,matrix_copy_kernel,LDG[128b:100%]; STG[128b:100%],none,registers,,,launches=1;grid=25600;block=128;regs=18;smem_per_block_B=1024;theoretical_occ_pct=100.0;achieved_occ_pct=79.94303154559232,NVIDIA_B200/matrix_copy/cutile_fp32.ncu-rep: dynamic: sass__inst_executed_per_opcode_with_modifier_all (1/1 launches),high,kernel=matrix_copy_kernel_Kt1_A1f32_1i16t1_p16_A1f32_1i16t1_p16_I1024
B200/cutile/matrix_copy/int8,matrix_copy_kernel,LDG[128b:100%]; STG[128b:100%],none,registers,,,launches=1;grid=12800;block=128;regs=16;smem_per_block_B=1024;theoretical_occ_pct=100.0;achieved_occ_pct=70.36239397318779,NVIDIA_B200/matrix_copy/cutile_int8.ncu-rep: dynamic: sass__inst_executed_per_opcode_with_modifier_all (1/1 launches),high,kernel=matrix_copy_kernel_Kt1_A1i8_1i16t1_p16_A1i8_1i16t1_p16_I2048
B200/tilelang/matrix_copy/bf16,matrix_copy_kernel_kernel,LDG[256b:100%]; STG[256b:100%],none,registers,,,launches=1;grid=6400;block=256;regs=16;smem_per_block_B=1024;theoretical_occ_pct=100.0;achieved_occ_pct=70.59415365816905,NVIDIA_B200/matrix_copy/tilelang_bf16.ncu-rep: dynamic: sass__inst_executed_per_opcode_with_modifier_all (1/1 launches),high,
B200/tilelang/matrix_copy/fp16,matrix_copy_kernel_kernel,LDG[256b:100%]; STG[256b:100%],none,registers,,,launches=1;grid=12800;block=128;regs=16;smem_per_block_B=1024;theoretical_occ_pct=100.0;achieved_occ_pct=74.51404104314277,NVIDIA_B200/matrix_copy/tilelang_fp16.ncu-rep: dynamic: sass__inst_executed_per_opcode_with_modifier_all (1/1 launches),high,
B200/tilelang/matrix_copy/fp32,matrix_copy_kernel_kernel,LDG[256b:100%]; STG[256b:100%],none,registers,,,launches=1;grid=12800;block=256;regs=16;smem_per_block_B=1024;theoretical_occ_pct=100.0;achieved_occ_pct=72.65329396384162,NVIDIA_B200/matrix_copy/tilelang_fp32.ncu-rep: dynamic: sass__inst_executed_per_opcode_with_modifier_all (1/1 launches),high,
B200/tilelang/matrix_copy/int8,matrix_copy_kernel_kernel,LDG[256b:100%]; STG[256b:100%],none,registers,,,launches=1;grid=6400;block=128;regs=16;smem_per_block_B=1024;theoretical_occ_pct=100.0;achieved_occ_pct=66.85243567525134,NVIDIA_B200/matrix_copy/tilelang_int8.ncu-rep: dynamic: sass__inst_executed_per_opcode_with_modifier_all (1/1 launches),high,
B200/triton/matrix_copy/bf16,matrix_copy_kernel,LDG[128b:100%]; STG[128b:100%],none,registers,,,launches=1;grid=25600;block=128;regs=16;smem_per_block_B=1024;theoretical_occ_pct=100.0;achieved_occ_pct=73.73389315392366,NVIDIA_B200/matrix_copy/triton_bf16.ncu-rep: dynamic: sass__inst_executed_per_opcode_with_modifier_all (1/1 launches),high,
B200/triton/matrix_copy/fp16,matrix_copy_kernel,LDG[128b:100%]; STG[128b:100%],none,registers,,,launches=1;grid=25600;block=128;regs=16;smem_per_block_B=1024;theoretical_occ_pct=100.0;achieved_occ_pct=74.58761070432206,NVIDIA_B200/matrix_copy/triton_fp16.ncu-rep: dynamic: sass__inst_executed_per_opcode_with_modifier_all (1/1 launches),high,
B200/triton/matrix_copy/fp32,matrix_copy_kernel,LDG[128b:100%]; STG[128b:100%],none,registers,,,launches=1;grid=6400;block=128;regs=45;smem_per_block_B=1024;theoretical_occ_pct=62.5;achieved_occ_pct=50.0084060888914,NVIDIA_B200/matrix_copy/triton_fp32.ncu-rep: dynamic: sass__inst_executed_per_opcode_with_modifier_all (1/1 launches),high,
B200/triton/matrix_copy/int8,matrix_copy_kernel,LDG[128b:100%]; STG[128b:100%],none,registers,,,launches=1;grid=12800;block=128;regs=16;smem_per_block_B=1024;theoretical_occ_pct=100.0;achieved_occ_pct=71.92114275185524,NVIDIA_B200/matrix_copy/triton_int8.ncu-rep: dynamic: sass__inst_executed_per_opcode_with_modifier_all (1/1 launches),high,
B200/cutile/matrix_transpose/bf16,transpose_kernel,LDG[128b:100%]; STG[128b:100%],none,shared+registers,PRMT:2621440,,launches=1;grid=5120;block=128;regs=111;smem_per_block_B=33804;theoretical_occ_pct=25.0;achieved_occ_pct=23.104417306615954,NVIDIA_B200/matrix_transpose/cutile_bf16.ncu-rep: dynamic: sass__inst_executed_per_opcode_with_modifier_all (1/1 launches),high,kernel=transpose_kernel_Kt1_A2bf16_1v8l0_2t1_3i16_p16_A2bf16_1v8l0_2t1_3i16_p16_I128
B200/cutile/matrix_transpose/fp16,transpose_kernel,LDG[128b:100%]; STG[128b:100%],none,shared+registers,PRMT:2621440,,launches=1;grid=5120;block=128;regs=111;smem_per_block_B=33804;theoretical_occ_pct=25.0;achieved_occ_pct=22.87169967369277,NVIDIA_B200/matrix_transpose/cutile_fp16.ncu-rep: dynamic: sass__inst_executed_per_opcode_with_modifier_all (1/1 launches),high,kernel=transpose_kernel_Kt1_A2f16_1v8l0_2t1_3i16_p16_A2f16_1v8l0_2t1_3i16_p16_I128
B200/cutile/matrix_transpose/fp32,transpose_kernel,LDG[128b:100%]; STG[128b:100%],none,shared+registers,,,launches=1;grid=20480;block=128;regs=55;smem_per_block_B=17420;theoretical_occ_pct=56.25;achieved_occ_pct=51.79831638232396,NVIDIA_B200/matrix_transpose/cutile_fp32.ncu-rep: dynamic: sass__inst_executed_per_opcode_with_modifier_all (1/1 launches),high,kernel=transpose_kernel_Kt1_A2f32_1v4l0_2t1_3i16_p16_A2f32_1v4l0_2t1_3i16_p16_I64
B200/cutile/matrix_transpose/int8,transpose_kernel,LDG[128b:100%]; STG[128b:100%],none,shared+registers,PRMT:3932160,,launches=1;grid=5120;block=128;regs=64;smem_per_block_B=17420;theoretical_occ_pct=50.0;achieved_occ_pct=44.92638335004131,NVIDIA_B200/matrix_transpose/cutile_int8.ncu-rep: dynamic: sass__inst_executed_per_opcode_with_modifier_all (1/1 launches),high,kernel=transpose_kernel_Kt1_A2i8_1v16l0_2t1_3i16_p16_A2i8_1v16l0_2t1_3i16_p16_I128
B200/tilelang/matrix_transpose/bf16,matrix_transpose_kernel_kernel,"TMA[UTMACCTL.PF:5120,UTMACMDFLUSH:5120,UTMASTG.2D:10240]; LDG[128b:100%]",none,shared+registers,PRMT:1228800;SHFL.IDX:40960,,launches=1;grid=5120;block=128;regs=72;smem_per_block_B=66560;theoretical_occ_pct=18.75;achieved_occ_pct=15.809299935557203,NVIDIA_B200/matrix_transpose/tilelang_bf16.ncu-rep: dynamic: sass__inst_executed_per_opcode_with_modifier_all (1/1 launches),high,
B200/tilelang/matrix_transpose/fp16,matrix_transpose_kernel_kernel,"TMA[UTMACCTL.PF:5120,UTMACMDFLUSH:5120,UTMASTG.2D:10240]; LDG[128b:100%]",none,shared+registers,PRMT:1228800;SHFL.IDX:40960,,launches=1;grid=5120;block=128;regs=72;smem_per_block_B=66560;theoretical_occ_pct=18.75;achieved_occ_pct=15.913695365263361,NVIDIA_B200/matrix_transpose/tilelang_fp16.ncu-rep: dynamic: sass__inst_executed_per_opcode_with_modifier_all (1/1 launches),high,
B200/tilelang/matrix_transpose/fp32,matrix_transpose_kernel_kernel,"TMA[UTMACCTL.PF:81920,UTMACMDFLUSH:81920,UTMASTG.2D:81920]; LDG[128b:100%]",none,shared+registers,SHFL.IDX:655360,,launches=1;grid=81920;block=128;regs=21;smem_per_block_B=9216;theoretical_occ_pct=100.0;achieved_occ_pct=87.86667489001884,NVIDIA_B200/matrix_transpose/tilelang_fp32.ncu-rep: dynamic: sass__inst_executed_per_opcode_with_modifier_all (1/1 launches),high,
B200/tilelang/matrix_transpose/int8,matrix_transpose_kernel_kernel,"TMA[UTMACCTL.PF:20480,UTMACMDFLUSH:20480,UTMASTG.2D:20480]; LDG[128b:100%]",none,shared+registers,SHFL.IDX:163840,,launches=1;grid=20480;block=128;regs=20;smem_per_block_B=9216;theoretical_occ_pct=100.0;achieved_occ_pct=91.6853769784614,NVIDIA_B200/matrix_transpose/tilelang_int8.ncu-rep: dynamic: sass__inst_executed_per_opcode_with_modifier_all (1/1 launches),high,
B200/triton/matrix_transpose/bf16,transpose_kernel,LDG[128b:100%]; STG[128b:100%],none,shared+registers,LDSM.16.MT88.4:327680;PRMT:1310720,,launches=1;grid=20480;block=256;regs=26;smem_per_block_B=9216;theoretical_occ_pct=100.0;achieved_occ_pct=88.81402416028143,NVIDIA_B200/matrix_transpose/triton_bf16.ncu-rep: dynamic: sass__inst_executed_per_opcode_with_modifier_all (1/1 launches),high,
B200/triton/matrix_transpose/fp16,transpose_kernel,LDG[128b:100%]; STG[128b:100%],none,shared+registers,LDSM.16.MT88.4:327680;PRMT:1310720,,launches=1;grid=20480;block=256;regs=26;smem_per_block_B=9216;theoretical_occ_pct=100.0;achieved_occ_pct=89.46219170639837,NVIDIA_B200/matrix_transpose/triton_fp16.ncu-rep: dynamic: sass__inst_executed_per_opcode_with_modifier_all (1/1 launches),high,
B200/triton/matrix_transpose/fp32,transpose_kernel,LDG[128b:100%]; STG[128b:100%],none,shared+registers,,,launches=1;grid=20480;block=256;regs=32;smem_per_block_B=17408;theoretical_occ_pct=100.0;achieved_occ_pct=91.91418766029429,NVIDIA_B200/matrix_transpose/triton_fp32.ncu-rep: dynamic: sass__inst_executed_per_opcode_with_modifier_all (1/1 launches),high,
B200/triton/matrix_transpose/int8,transpose_kernel,LDG[128b:100%]; STG[128b:100%],none,shared+registers,PRMT:3932160,,launches=1;grid=5120;block=256;regs=32;smem_per_block_B=17408;theoretical_occ_pct=100.0;achieved_occ_pct=89.81403972726547,NVIDIA_B200/matrix_transpose/triton_int8.ncu-rep: dynamic: sass__inst_executed_per_opcode_with_modifier_all (1/1 launches),high,
B200/cutile/mean_reduction/bf16,mean_rowwise_kernel,LDG[128b:100%]; STG[32b:100%],none,shared+registers,PRMT:655360;SHFL.BFLY:57344,,launches=1;grid=2048;block=128;regs=28;smem_per_block_B=1052;theoretical_occ_pct=100.0;achieved_occ_pct=81.40052119091563,NVIDIA_B200/mean_reduction/cutile_bf16.ncu-rep: dynamic: sass__inst_executed_per_opcode_with_modifier_all (1/1 launches),high,kernel=mean_rowwise_kernel_Kt1_A2bf16_1v8l0_2t1_3i16_p16_A2f32_1i16_3t1_p16_I20480_I1024
B200/cutile/mean_reduction/fp16,mean_rowwise_kernel,LDG[64b:100%]; STG[32b:100%],none,shared+registers,SHFL.BFLY:57344,,launches=1;grid=2048;block=128;regs=74;smem_per_block_B=1052;theoretical_occ_pct=37.5;achieved_occ_pct=32.72840220067274,NVIDIA_B200/mean_reduction/cutile_fp16.ncu-rep: dynamic: sass__inst_executed_per_opcode_with_modifier_all (1/1 launches),high,kernel=mean_rowwise_kernel_Kt1_A2f16_1v8l0_2t1_3i16_p16_A2f32_1i16_3t1_p16_I20480_I512
B200/cutile/mean_reduction/fp32,mean_rowwise_kernel,LDG[128b:100%]; STG[32b:100%],none,shared+registers,SHFL.BFLY:57344,,launches=1;grid=2048;block=128;regs=30;smem_per_block_B=1052;theoretical_occ_pct=100.0;achieved_occ_pct=82.44847881458017,NVIDIA_B200/mean_reduction/cutile_fp32.ncu-rep: dynamic: sass__inst_executed_per_opcode_with_modifier_all (1/1 launches),high,kernel=mean_rowwise_kernel_Kt1_A2f32_1v4l0_2t1_3i16_p16_A2f32_1i16_3t1_p16_I20480_I1024
B200/tilelang/mean_reduction/bf16,mean_reduction_kernel_kernel,LDG[128b:100%]; STG[32b:100%],none,shared+registers,PRMT:655360;SHFL.BFLY:81920,,launches=1;grid=2048;block=256;regs=54;smem_per_block_B=2048;theoretical_occ_pct=50.0;achieved_occ_pct=46.11476107689788,NVIDIA_B200/mean_reduction/tilelang_bf16.ncu-rep: dynamic: sass__inst_executed_per_opcode_with_modifier_all (1/1 launches),high,
B200/tilelang/mean_reduction/fp16,mean_reduction_kernel_kernel,LDG[32b:100%]; STG[32b:100%],none,shared+registers,SHFL.BFLY:81920,,launches=1;grid=2048;block=256;regs=48;smem_per_block_B=2048;theoretical_occ_pct=62.5;achieved_occ_pct=54.8167986229838,NVIDIA_B200/mean_reduction/tilelang_fp16.ncu-rep: dynamic: sass__inst_executed_per_opcode_with_modifier_all (1/1 launches),high,
B200/tilelang/mean_reduction/fp32,mean_reduction_kernel_kernel,LDG[128b:100%]; STG[32b:100%],none,shared+registers,SHFL.BFLY:81920,,launches=1;grid=2048;block=256;regs=88;smem_per_block_B=2048;theoretical_occ_pct=25.0;achieved_occ_pct=22.988680205942657,NVIDIA_B200/mean_reduction/tilelang_fp32.ncu-rep: dynamic: sass__inst_executed_per_opcode_with_modifier_all (1/1 launches),high,
B200/triton/mean_reduction/bf16,mean_rowwise_kernel,LDG[128b:100%]; STG[32b:100%],none,shared+registers,PRMT:655360;SHFL.BFLY:131072,,launches=1;grid=2048;block=256;regs=30;smem_per_block_B=1056;theoretical_occ_pct=100.0;achieved_occ_pct=86.12909337641975,NVIDIA_B200/mean_reduction/triton_bf16.ncu-rep: dynamic: sass__inst_executed_per_opcode_with_modifier_all (1/1 launches),high,
B200/triton/mean_reduction/fp16,mean_rowwise_kernel,LDG[64b:100%]; STG[32b:100%],none,shared+registers,SHFL.BFLY:131072,,launches=1;grid=2048;block=256;regs=31;smem_per_block_B=1056;theoretical_occ_pct=100.0;achieved_occ_pct=89.75158611503402,NVIDIA_B200/mean_reduction/triton_fp16.ncu-rep: dynamic: sass__inst_executed_per_opcode_with_modifier_all (1/1 launches),high,
B200/triton/mean_reduction/fp32,mean_rowwise_kernel,LDG[64b:100%]; STG[32b:100%],none,shared+registers,SHFL.BFLY:131072,,launches=1;grid=2048;block=256;regs=32;smem_per_block_B=1056;theoretical_occ_pct=100.0;achieved_occ_pct=88.57910103981062,NVIDIA_B200/mean_reduction/triton_fp32.ncu-rep: dynamic: sass__inst_executed_per_opcode_with_modifier_all (1/1 launches),high,
B200/cutile/moe_topk_gating/bf16,moe_topk_gating_kernel,"LDG[16b:100%]; STG[16b:50%,32b:50%]",none,shared+registers,SHFL.BFLY:2785280,,launches=1;grid=20480;block=128;regs=20;smem_per_block_B=1068;theoretical_occ_pct=100.0;achieved_occ_pct=88.60931812055635,NVIDIA_B200/moe_topk_gating/cutile_bf16.ncu-rep: dynamic: sass__inst_executed_per_opcode_with_modifier_all (1/1 launches),high,kernel=moe_topk_gating_kernel_Kt1_A2bf16_1v8l0_2t1_3i16_p16_A2bf16_1i16l0_2t1_p16_A2i32_1i16l0_2t1_p16_Si32_I2_I128_I2
B200/cutile/moe_topk_gating/fp16,moe_topk_gating_kernel,"LDG[16b:100%]; STG[16b:50%,32b:50%]",none,shared+registers,SHFL.BFLY:2785280,,launches=1;grid=20480;block=128;regs=22;smem_per_block_B=1068;theoretical_occ_pct=100.0;achieved_occ_pct=89.17412162178294,NVIDIA_B200/moe_topk_gating/cutile_fp16.ncu-rep: dynamic: sass__inst_executed_per_opcode_with_modifier_all (1/1 launches),high,kernel=moe_topk_gating_kernel_Kt1_A2f16_1v8l0_2t1_3i16_p16_A2f16_1i16l0_2t1_p16_A2i32_1i16l0_2t1_p16_Si32_I2_I128_I2
B200/cutile/moe_topk_gating/fp32,moe_topk_gating_kernel,LDG[32b:100%]; STG[32b:100%],none,shared+registers,SHFL.BFLY:2785280,,launches=1;grid=20480;block=128;regs=22;smem_per_block_B=1068;theoretical_occ_pct=100.0;achieved_occ_pct=88.86680913129192,NVIDIA_B200/moe_topk_gating/cutile_fp32.ncu-rep: dynamic: sass__inst_executed_per_opcode_with_modifier_all (1/1 launches),high,kernel=moe_topk_gating_kernel_Kt1_A2f32_1v4l0_2t1_3i16_p16_A2f32_1i16l0_2t1_p16_A2i32_1i16l0_2t1_p16_Si32_I2_I128_I2
B200/tilelang/moe_topk_gating/bf16,moe_topk_gating_kernel_kernel,"LDG[64b:100%]; STG[16b:50%,32b:50%]",none,registers,PRMT:40960;SHFL.BFLY:450560,,launches=1;grid=20480;block=32;regs=22;smem_per_block_B=1024;theoretical_occ_pct=50.0;achieved_occ_pct=24.43174097353145,NVIDIA_B200/moe_topk_gating/tilelang_bf16.ncu-rep: dynamic: sass__inst_executed_per_opcode_with_modifier_all (1/1 launches),high,
B200/tilelang/moe_topk_gating/fp16,moe_topk_gating_kernel_kernel,"LDG[64b:100%]; STG[16b:50%,32b:50%]",none,registers,SHFL.BFLY:450560,,launches=1;grid=20480;block=32;regs=22;smem_per_block_B=1024;theoretical_occ_pct=50.0;achieved_occ_pct=22.979316476158022,NVIDIA_B200/moe_topk_gating/tilelang_fp16.ncu-rep: dynamic: sass__inst_executed_per_opcode_with_modifier_all (1/1 launches),high,
B200/tilelang/moe_topk_gating/fp32,moe_topk_gating_kernel_kernel,LDG[128b:100%]; STG[32b:100%],none,registers,SHFL.BFLY:450560,,launches=1;grid=20480;block=32;regs=22;smem_per_block_B=1024;theoretical_occ_pct=50.0;achieved_occ_pct=25.34110463964474,NVIDIA_B200/moe_topk_gating/tilelang_fp32.ncu-rep: dynamic: sass__inst_executed_per_opcode_with_modifier_all (1/1 launches),high,
B200/triton/moe_topk_gating/bf16,moe_topk_gating_kernel,"LDG[64b:100%]; STG[16b:50%,32b:50%]",none,registers,PRMT:40960;SHFL.BFLY:450560,,launches=1;grid=20480;block=32;regs=19;smem_per_block_B=1024;theoretical_occ_pct=50.0;achieved_occ_pct=21.062774262832054,NVIDIA_B200/moe_topk_gating/triton_bf16.ncu-rep: dynamic: sass__inst_executed_per_opcode_with_modifier_all (1/1 launches),high,
B200/triton/moe_topk_gating/fp16,moe_topk_gating_kernel,"LDG[64b:100%]; STG[16b:50%,32b:50%]",none,registers,SHFL.BFLY:450560,,launches=1;grid=20480;block=32;regs=19;smem_per_block_B=1024;theoretical_occ_pct=50.0;achieved_occ_pct=22.306768234213752,NVIDIA_B200/moe_topk_gating/triton_fp16.ncu-rep: dynamic: sass__inst_executed_per_opcode_with_modifier_all (1/1 launches),high,
B200/triton/moe_topk_gating/fp32,moe_topk_gating_kernel,LDG[128b:100%]; STG[32b:100%],none,registers,SHFL.BFLY:450560,,launches=1;grid=20480;block=32;regs=22;smem_per_block_B=1024;theoretical_occ_pct=50.0;achieved_occ_pct=22.374278299907115,NVIDIA_B200/moe_topk_gating/triton_fp32.ncu-rep: dynamic: sass__inst_executed_per_opcode_with_modifier_all (1/1 launches),high,
B200/cutile/mul2/bf16,mul2_kernel,LDG[128b:100%]; STG[128b:100%],none,registers,,,launches=1;grid=20480;block=128;regs=16;smem_per_block_B=1024;theoretical_occ_pct=100.0;achieved_occ_pct=76.85108226165698,NVIDIA_B200/mul2/cutile_bf16.ncu-rep: dynamic: sass__inst_executed_per_opcode_with_modifier_all (1/1 launches),high,kernel=mul2_kernel_Kt1_A1bf16_1i16t1_p16_A1bf16_1i16t1_p16_I1024
B200/cutile/mul2/fp16,mul2_kernel,LDG[128b:100%]; STG[128b:100%],none,registers,,,launches=1;grid=20480;block=128;regs=16;smem_per_block_B=1024;theoretical_occ_pct=100.0;achieved_occ_pct=78.75029720416191,NVIDIA_B200/mul2/cutile_fp16.ncu-rep: dynamic: sass__inst_executed_per_opcode_with_modifier_all (1/1 launches),high,kernel=mul2_kernel_Kt1_A1f16_1i16t1_p16_A1f16_1i16t1_p16_I1024
B200/cutile/mul2/fp32,mul2_kernel,LDG[128b:100%]; STG[128b:100%],none,registers,,,launches=1;grid=10240;block=128;regs=30;smem_per_block_B=1024;theoretical_occ_pct=100.0;achieved_occ_pct=80.52040752531596,NVIDIA_B200/mul2/cutile_fp32.ncu-rep: dynamic: sass__inst_executed_per_opcode_with_modifier_all (1/1 launches),high,kernel=mul2_kernel_Kt1_A1f32_1i16t1_p16_A1f32_1i16t1_p16_I2048
B200/cutile/mul2/int8,mul2_kernel,LDG[128b:100%]; STG[128b:100%],none,registers,PRMT:1146880,,launches=1;grid=10240;block=128;regs=20;smem_per_block_B=1024;theoretical_occ_pct=100.0;achieved_occ_pct=79.10036167349762,NVIDIA_B200/mul2/cutile_int8.ncu-rep: dynamic: sass__inst_executed_per_opcode_with_modifier_all (1/1 launches),high,kernel=mul2_kernel_Kt1_A1i8_1i16t1_p16_A1i8_1i16t1_p16_I2048
B200/tilelang/mul2/bf16,mul2_kernel_kernel,LDG[256b:100%]; STG[256b:100%],none,registers,PRMT:368640,,launches=1;grid=10240;block=64;regs=32;smem_per_block_B=1024;theoretical_occ_pct=100.0;achieved_occ_pct=71.69908164840776,NVIDIA_B200/mul2/tilelang_bf16.ncu-rep: dynamic: sass__inst_executed_per_opcode_with_modifier_all (1/1 launches),high,
B200/tilelang/mul2/fp16,mul2_kernel_kernel,LDG[256b:100%]; STG[256b:100%],none,registers,PRMT:409600,,launches=1;grid=10240;block=128;regs=24;smem_per_block_B=1024;theoretical_occ_pct=100.0;achieved_occ_pct=71.99848818734547,NVIDIA_B200/mul2/tilelang_fp16.ncu-rep: dynamic: sass__inst_executed_per_opcode_with_modifier_all (1/1 launches),high,
B200/tilelang/mul2/fp32,mul2_kernel_kernel,LDG[256b:100%]; STG[256b:100%],none,registers,,,launches=1;grid=10240;block=256;regs=20;smem_per_block_B=1024;theoretical_occ_pct=100.0;achieved_occ_pct=72.55501622606853,NVIDIA_B200/mul2/tilelang_fp32.ncu-rep: dynamic: sass__inst_executed_per_opcode_with_modifier_all (1/1 launches),high,
B200/tilelang/mul2/int8,mul2_kernel_kernel,LDG[256b:100%]; STG[256b:100%],none,registers,,,launches=1;grid=10240;block=64;regs=17;smem_per_block_B=1024;theoretical_occ_pct=100.0;achieved_occ_pct=65.67997823884593,NVIDIA_B200/mul2/tilelang_int8.ncu-rep: dynamic: sass__inst_executed_per_opcode_with_modifier_all (1/1 launches),high,
B200/triton/mul2/bf16,mul2_kernel,LDG[128b:100%]; STG[128b:100%],none,registers,,,launches=1;grid=10240;block=64;regs=26;smem_per_block_B=1024;theoretical_occ_pct=100.0;achieved_occ_pct=77.5984160346044,NVIDIA_B200/mul2/triton_bf16.ncu-rep: dynamic: sass__inst_executed_per_opcode_with_modifier_all (1/1 launches),high,
B200/triton/mul2/fp16,mul2_kernel,LDG[128b:100%]; STG[128b:100%],none,registers,,,launches=1;grid=20480;block=64;regs=18;smem_per_block_B=1024;theoretical_occ_pct=100.0;achieved_occ_pct=68.27476076218147,NVIDIA_B200/mul2/triton_fp16.ncu-rep: dynamic: sass__inst_executed_per_opcode_with_modifier_all (1/1 launches),high,
B200/triton/mul2/fp32,mul2_kernel,LDG[128b:100%]; STG[128b:100%],none,registers,,,launches=1;grid=10240;block=256;regs=18;smem_per_block_B=1024;theoretical_occ_pct=100.0;achieved_occ_pct=78.24188054661853,NVIDIA_B200/mul2/triton_fp32.ncu-rep: dynamic: sass__inst_executed_per_opcode_with_modifier_all (1/1 launches),high,
B200/triton/mul2/int8,mul2_kernel,LDG[128b:100%]; STG[128b:100%],none,registers,PRMT:1146880,,launches=1;grid=10240;block=64;regs=29;smem_per_block_B=1024;theoretical_occ_pct=100.0;achieved_occ_pct=63.44879740736802,NVIDIA_B200/mul2/triton_int8.ncu-rep: dynamic: sass__inst_executed_per_opcode_with_modifier_all (1/1 launches),high,
B200/cutile/quantize_global/fp32,quantize_kernel,LDG[128b:100%]; STG[128b:100%],none,shared+registers,PRMT:655360,,launches=1;grid=5120;block=128;regs=43;smem_per_block_B=17420;theoretical_occ_pct=62.5;achieved_occ_pct=51.02801005050965,NVIDIA_B200/quantize_global/cutile_fp32.ncu-rep: dynamic: sass__inst_executed_per_opcode_with_modifier_all (1/1 launches),high,kernel=quantize_kernel_Kt1_A1f32_1i16t1_p16_A1f16_1i16t1_p16_I4096
B200/tilelang/quantize_global/fp32,quantize_global_kernel_kernel,LDG[256b:100%]; STG[128b:100%],none,registers,,,launches=1;grid=10240;block=128;regs=22;smem_per_block_B=1024;theoretical_occ_pct=100.0;achieved_occ_pct=76.20916377971008,NVIDIA_B200/quantize_global/tilelang_fp32.ncu-rep: dynamic: sass__inst_executed_per_opcode_with_modifier_all (1/1 launches),high,
B200/triton/quantize_global/fp32,quantize_kernel,LDG[128b:100%]; STG[128b:100%],none,registers,,,launches=1;grid=5120;block=128;regs=34;smem_per_block_B=1024;theoretical_occ_pct=75.0;achieved_occ_pct=56.97714587779724,NVIDIA_B200/quantize_global/triton_fp32.ncu-rep: dynamic: sass__inst_executed_per_opcode_with_modifier_all (1/1 launches),high,
B200/cutile/radix_sort/int32,radix_histogram_kernel,"TMA[UTMACCTL.PF:312512,UTMALDG.1D:1250048]; STG[32b:100%]",none,shared+registers,SHFL.BFLY:17500672,,launches=16;grid=19532;block=256;regs=22;smem_per_block_B=5172;theoretical_occ_pct=100.0;achieved_occ_pct=69.8489229295703,NVIDIA_B200/radix_sort/cutile_int32.ncu-rep: dynamic: sass__inst_executed_per_opcode_with_modifier_all (16/16 launches),high,kernel=radix_histogram_kernel_Kt1_A1i32_1i16t1_p16_A1i32_1i16t1_p16_Si32_Si32_Si32_I1024_I4_I16_I65535
B200/cutile/radix_sort/int32,radix_sum_chunks_kernel,"TMA[UTMACCTL.PF:1232,UTMALDG.1D:4928]; STG[32b:100%]",none,shared+registers,SHFL.BFLY:9856,,launches=16;grid=77;block=256;regs=16;smem_per_block_B=5156;theoretical_occ_pct=100.0;achieved_occ_pct=9.301877187206593,NVIDIA_B200/radix_sort/cutile_int32.ncu-rep: dynamic: sass__inst_executed_per_opcode_with_modifier_all (16/16 launches),high,kernel=radix_sum_chunks_kernel_Kt1_A1i32_1i16t1_p16_A1i32_1t1_p16_I1024
B200/cutile/radix_sort/int32,radix_scan_chunk_sums_kernel,LDG[32b:100%]; STG[32b:100%],none,shared+registers,SHFL.UP:2560,,launches=16;grid=1;block=128;regs=56;smem_per_block_B=5132;theoretical_occ_pct=56.25;achieved_occ_pct=5.7174754979449895,NVIDIA_B200/radix_sort/cutile_int32.ncu-rep: dynamic: sass__inst_executed_per_opcode_with_modifier_all (16/16 launches),high,kernel=radix_scan_chunk_sums_kernel_Kt1_A1i32_1t1_p16_I1024
B200/cutile/radix_sort/int32,radix_scan_chunks_kernel,"LDG[32b:33%,128b:67%]; STG[128b:100%]",none,shared+registers,SHFL.UP:197120,,launches=16;grid=77;block=128;regs=60;smem_per_block_B=9228;theoretical_occ_pct=50.0;achieved_occ_pct=6.474322046496985,NVIDIA_B200/radix_sort/cutile_int32.ncu-rep: dynamic: sass__inst_executed_per_opcode_with_modifier_all (16/16 launches),high,kernel=radix_scan_chunks_kernel_Kt1_A1i32_1i16t1_p16_A1i32_1t1_p16_I1024
B200/cutile/radix_sort/int32,radix_scatter_kernel,"LDG[32b:80%,128b:20%]; STG[32b:100%]",none,shared+registers,PRMT:17500672;SHFL.UP:100003840,,launches=16;grid=19532;block=128;regs=108;smem_per_block_B=34828;theoretical_occ_pct=25.0;achieved_occ_pct=23.079757364911664,NVIDIA_B200/radix_sort/cutile_int32.ncu-rep: dynamic: sass__inst_executed_per_opcode_with_modifier_all (16/16 launches),high,kernel=radix_scatter_kernel_Kt1_A1i32_1i16t1_p16_A1i32_1i16t1_p16_A1i32_1i16t1_p16_Si32_Si32_Si32_I1024_I4_I16_I65535
B200/tilelang/radix_sort/int32,main_kernel,static_sites:LDG[128b:100%]; STG[32b:100%],static_sites:none,shared+registers,SHFL.BFLY:10,,launches=80;grid=19532;block=128;regs=48;smem_per_block_B=9216;theoretical_occ_pct=62.5;achieved_occ_pct=58.926317317705156,NVIDIA_B200/radix_sort/tilelang_int32.ncu-rep: static SASS (ncu --import --page source --print-source sass --csv); counts are static instruction sites,medium,
B200/triton/radix_sort/int32,radix_histogram_kernel,static_sites:LDG[128b:100%]; STG[32b:100%],static_sites:none,shared+registers,SHFL.BFLY:14,,launches=16;grid=19532;block=128;regs=24;smem_per_block_B=1056;theoretical_occ_pct=100.0;achieved_occ_pct=83.52541942987874,NVIDIA_B200/radix_sort/triton_int32.ncu-rep: static SASS (ncu --import --page source --print-source sass --csv); counts are static instruction sites,medium,
B200/triton/radix_sort/int32,radix_sum_chunks_kernel,LDG[128b:100%]; STG[32b:100%],none,shared+registers,SHFL.BFLY:9856,,launches=16;grid=77;block=128;regs=16;smem_per_block_B=1040;theoretical_occ_pct=100.0;achieved_occ_pct=7.03248644321486,NVIDIA_B200/radix_sort/triton_int32.ncu-rep: dynamic: sass__inst_executed_per_opcode_with_modifier_all (16/16 launches),high,
B200/triton/radix_sort/int32,radix_scan_chunk_sums_kernel,LDG[32b:100%]; STG[32b:100%],none,shared+registers,SHFL.UP:768,,launches=16;grid=1;block=128;regs=28;smem_per_block_B=1056;theoretical_occ_pct=100.0;achieved_occ_pct=5.708677030456853,NVIDIA_B200/radix_sort/triton_int32.ncu-rep: dynamic: sass__inst_executed_per_opcode_with_modifier_all (16/16 launches),high,
B200/triton/radix_sort/int32,radix_scan_chunks_kernel,"LDG[32b:33%,128b:67%]; STG[128b:100%]",none,shared+registers,SHFL.UP:59136,,launches=16;grid=77;block=128;regs=24;smem_per_block_B=1056;theoretical_occ_pct=100.0;achieved_occ_pct=6.905920217257909,NVIDIA_B200/radix_sort/triton_int32.ncu-rep: dynamic: sass__inst_executed_per_opcode_with_modifier_all (16/16 launches),high,
B200/triton/radix_sort/int32,radix_scatter_kernel,"static_sites:LDG[32b:80%,128b:20%]; STG[32b:100%]",static_sites:none,shared+registers,LDSM.16.M88.4:2;SHFL.UP:24,,launches=16;grid=19532;block=128;regs=64;smem_per_block_B=9216;theoretical_occ_pct=50.0;achieved_occ_pct=45.21430544842387,NVIDIA_B200/radix_sort/triton_int32.ncu-rep: static SASS (ncu --import --page source --print-source sass --csv); counts are static instruction sites,medium,
B200/cutile/relu/bf16,relu_kernel,LDG[128b:100%]; STG[128b:100%],none,registers,PRMT:655360,,launches=1;grid=10240;block=128;regs=18;smem_per_block_B=1024;theoretical_occ_pct=100.0;achieved_occ_pct=76.22854350821052,NVIDIA_B200/relu/cutile_bf16.ncu-rep: dynamic: sass__inst_executed_per_opcode_with_modifier_all (1/1 launches),high,kernel=relu_kernel_Kt1_A1bf16_1i16t1_p16_A1bf16_1i16t1_p16_I2048
B200/cutile/relu/fp16,relu_kernel,LDG[128b:100%]; STG[128b:100%],none,registers,PRMT:655360,,launches=1;grid=10240;block=128;regs=18;smem_per_block_B=1024;theoretical_occ_pct=100.0;achieved_occ_pct=74.97250527324849,NVIDIA_B200/relu/cutile_fp16.ncu-rep: dynamic: sass__inst_executed_per_opcode_with_modifier_all (1/1 launches),high,kernel=relu_kernel_Kt1_A1f16_1i16t1_p16_A1f16_1i16t1_p16_I2048
B200/cutile/relu/fp32,relu_kernel,LDG[128b:100%]; STG[128b:100%],none,registers,,,launches=1;grid=10240;block=128;regs=30;smem_per_block_B=1024;theoretical_occ_pct=100.0;achieved_occ_pct=79.82019442159141,NVIDIA_B200/relu/cutile_fp32.ncu-rep: dynamic: sass__inst_executed_per_opcode_with_modifier_all (1/1 launches),high,kernel=relu_kernel_Kt1_A1f32_1i16t1_p16_A1f32_1i16t1_p16_I2048
B200/cutile/relu/int8,relu_kernel,LDG[128b:100%]; STG[128b:100%],none,registers,PRMT:2498560,,launches=1;grid=10240;block=128;regs=25;smem_per_block_B=1024;theoretical_occ_pct=100.0;achieved_occ_pct=78.6694585207492,NVIDIA_B200/relu/cutile_int8.ncu-rep: dynamic: sass__inst_executed_per_opcode_with_modifier_all (1/1 launches),high,kernel=relu_kernel_Kt1_A1i8_1i16t1_p16_A1i8_1i16t1_p16_I2048
B200/tilelang/relu/bf16,relu_kernel_kernel,LDG[256b:100%]; STG[256b:100%],none,registers,,,launches=1;grid=10240;block=128;regs=30;smem_per_block_B=1024;theoretical_occ_pct=100.0;achieved_occ_pct=69.95137231260333,NVIDIA_B200/relu/tilelang_bf16.ncu-rep: dynamic: sass__inst_executed_per_opcode_with_modifier_all (1/1 launches),high,
B200/tilelang/relu/fp16,relu_kernel_kernel,LDG[256b:100%]; STG[256b:100%],none,registers,,,launches=1;grid=10240;block=64;regs=34;smem_per_block_B=1024;theoretical_occ_pct=75.0;achieved_occ_pct=53.81990690682089,NVIDIA_B200/relu/tilelang_fp16.ncu-rep: dynamic: sass__inst_executed_per_opcode_with_modifier_all (1/1 launches),high,
B200/tilelang/relu/fp32,relu_kernel_kernel,LDG[256b:100%]; STG[256b:100%],none,registers,,,launches=1;grid=10240;block=64;regs=40;smem_per_block_B=1024;theoretical_occ_pct=75.0;achieved_occ_pct=61.21270619212886,NVIDIA_B200/relu/tilelang_fp32.ncu-rep: dynamic: sass__inst_executed_per_opcode_with_modifier_all (1/1 launches),high,
B200/tilelang/relu/int8,relu_kernel_kernel,LDG[128b:100%]; STG[128b:100%],none,registers,PRMT:327680,,launches=1;grid=10240;block=128;regs=25;smem_per_block_B=1024;theoretical_occ_pct=100.0;achieved_occ_pct=72.22956711495891,NVIDIA_B200/relu/tilelang_int8.ncu-rep: dynamic: sass__inst_executed_per_opcode_with_modifier_all (1/1 launches),high,
B200/triton/relu/bf16,relu_kernel,LDG[128b:100%]; STG[128b:100%],none,registers,PRMT:655360,,launches=1;grid=20480;block=64;regs=26;smem_per_block_B=1024;theoretical_occ_pct=100.0;achieved_occ_pct=66.27852846537895,NVIDIA_B200/relu/triton_bf16.ncu-rep: dynamic: sass__inst_executed_per_opcode_with_modifier_all (1/1 launches),high,
B200/triton/relu/fp16,relu_kernel,LDG[128b:100%]; STG[128b:100%],none,registers,PRMT:655360,,launches=1;grid=20480;block=64;regs=26;smem_per_block_B=1024;theoretical_occ_pct=100.0;achieved_occ_pct=71.1341412230184,NVIDIA_B200/relu/triton_fp16.ncu-rep: dynamic: sass__inst_executed_per_opcode_with_modifier_all (1/1 launches),high,
B200/triton/relu/fp32,relu_kernel,LDG[128b:100%]; STG[128b:100%],none,registers,,,launches=1;grid=20480;block=128;regs=18;smem_per_block_B=1024;theoretical_occ_pct=100.0;achieved_occ_pct=79.47643858112667,NVIDIA_B200/relu/triton_fp32.ncu-rep: dynamic: sass__inst_executed_per_opcode_with_modifier_all (1/1 launches),high,
B200/triton/relu/int8,relu_kernel,LDG[128b:100%]; STG[128b:100%],none,registers,PRMT:1495040,,launches=1;grid=10240;block=64;regs=31;smem_per_block_B=1024;theoretical_occ_pct=100.0;achieved_occ_pct=68.90667893197893,NVIDIA_B200/relu/triton_int8.ncu-rep: dynamic: sass__inst_executed_per_opcode_with_modifier_all (1/1 launches),high,
B200/cutile/reverse_array/bf16,reverse_kernel,LDG[16b:100%]; STG[128b:100%],none,shared+registers,PRMT:625024,,launches=1;grid=19532;block=128;regs=23;smem_per_block_B=3084;theoretical_occ_pct=100.0;achieved_occ_pct=85.31611458281515,NVIDIA_B200/reverse_array/cutile_bf16.ncu-rep: dynamic: sass__inst_executed_per_opcode_with_modifier_all (1/1 launches),high,kernel=reverse_kernel_Kt1_A1bf16_1i16t1_p16_A1bf16_1i16t1_p16_Si32_I1024
B200/cutile/reverse_array/fp16,reverse_kernel,LDG[16b:100%]; STG[128b:100%],none,shared+registers,PRMT:1250304,,launches=1;grid=2442;block=128;regs=88;smem_per_block_B=17420;theoretical_occ_pct=31.25;achieved_occ_pct=28.43277870968649,NVIDIA_B200/reverse_array/cutile_fp16.ncu-rep: dynamic: sass__inst_executed_per_opcode_with_modifier_all (1/1 launches),high,kernel=reverse_kernel_Kt1_A1f16_1i16t1_p16_A1f16_1i16t1_p16_Si32_I8192
B200/cutile/reverse_array/fp32,reverse_kernel,LDG[32b:100%]; STG[128b:100%],none,shared+registers,,,launches=1;grid=19532;block=128;regs=28;smem_per_block_B=5132;theoretical_occ_pct=100.0;achieved_occ_pct=87.48525516406568,NVIDIA_B200/reverse_array/cutile_fp32.ncu-rep: dynamic: sass__inst_executed_per_opcode_with_modifier_all (1/1 launches),high,kernel=reverse_kernel_Kt1_A1f32_1i16t1_p16_A1f32_1i16t1_p16_Si32_I1024
B200/cutile/reverse_array/int8,reverse_kernel,LDG[8b:100%]; STG[128b:100%],none,shared+registers,PRMT:1562880;STSM.16.M88.4:39072,,launches=1;grid=2442;block=128;regs=76;smem_per_block_B=9228;theoretical_occ_pct=37.5;achieved_occ_pct=31.500481565748267,NVIDIA_B200/reverse_array/cutile_int8.ncu-rep: dynamic: sass__inst_executed_per_opcode_with_modifier_all (1/1 launches),high,kernel=reverse_kernel_Kt1_A1i8_1i16t1_p16_A1i8_1i16t1_p16_Si32_I8192
B200/tilelang/reverse_array/bf16,reverse_array_kernel_kernel,LDG[16b:100%]; STG[16b:100%],none,registers,PRMT:625000,,launches=1;grid=19532;block=128;regs=16;smem_per_block_B=1024;theoretical_occ_pct=100.0;achieved_occ_pct=87.322954012081,NVIDIA_B200/reverse_array/tilelang_bf16.ncu-rep: dynamic: sass__inst_executed_per_opcode_with_modifier_all (1/1 launches),high,
B200/tilelang/reverse_array/fp16,reverse_array_kernel_kernel,LDG[16b:100%]; STG[16b:100%],none,registers,PRMT:625000,,launches=1;grid=19532;block=128;regs=16;smem_per_block_B=1024;theoretical_occ_pct=100.0;achieved_occ_pct=86.25361319195981,NVIDIA_B200/reverse_array/tilelang_fp16.ncu-rep: dynamic: sass__inst_executed_per_opcode_with_modifier_all (1/1 launches),high,
B200/tilelang/reverse_array/fp32,reverse_array_kernel_kernel,LDG[32b:100%]; STG[32b:100%],none,registers,,,launches=1;grid=19532;block=128;regs=16;smem_per_block_B=1024;theoretical_occ_pct=100.0;achieved_occ_pct=85.38765734259168,NVIDIA_B200/reverse_array/tilelang_fp32.ncu-rep: dynamic: sass__inst_executed_per_opcode_with_modifier_all (1/1 launches),high,
B200/tilelang/reverse_array/int8,reverse_array_kernel_kernel,LDG[8b:100%]; STG[8b:100%],none,registers,PRMT:625000,,launches=1;grid=19532;block=128;regs=16;smem_per_block_B=1024;theoretical_occ_pct=100.0;achieved_occ_pct=84.6785609563011,NVIDIA_B200/reverse_array/tilelang_int8.ncu-rep: dynamic: sass__inst_executed_per_opcode_with_modifier_all (1/1 launches),high,
B200/triton/reverse_array/bf16,reverse_kernel,LDG[16b:100%]; STG[128b:100%],none,registers,PRMT:937728,,launches=1;grid=2442;block=256;regs=40;smem_per_block_B=1024;theoretical_occ_pct=75.0;achieved_occ_pct=61.87813545782338,NVIDIA_B200/reverse_array/triton_bf16.ncu-rep: dynamic: sass__inst_executed_per_opcode_with_modifier_all (1/1 launches),high,
B200/triton/reverse_array/fp16,reverse_kernel,LDG[16b:100%]; STG[128b:100%],none,registers,PRMT:937536,,launches=1;grid=9766;block=128;regs=32;smem_per_block_B=1024;theoretical_occ_pct=100.0;achieved_occ_pct=82.19544050130762,NVIDIA_B200/reverse_array/triton_fp16.ncu-rep: dynamic: sass__inst_executed_per_opcode_with_modifier_all (1/1 launches),high,
B200/triton/reverse_array/fp32,reverse_kernel,LDG[32b:100%]; STG[128b:100%],none,registers,,,launches=1;grid=19532;block=128;regs=29;smem_per_block_B=1024;theoretical_occ_pct=100.0;achieved_occ_pct=81.89496052323906,NVIDIA_B200/reverse_array/triton_fp32.ncu-rep: dynamic: sass__inst_executed_per_opcode_with_modifier_all (1/1 launches),high,
B200/triton/reverse_array/int8,reverse_kernel,LDG[8b:100%]; STG[64b:100%],none,registers,PRMT:1093792,,launches=1;grid=19532;block=128;regs=22;smem_per_block_B=1024;theoretical_occ_pct=100.0;achieved_occ_pct=63.8320819668137,NVIDIA_B200/reverse_array/triton_int8.ncu-rep: dynamic: sass__inst_executed_per_opcode_with_modifier_all (1/1 launches),high,
B200/cutile/rmsnorm/bf16,rmsnorm_kernel,LDG[128b:100%]; STG[128b:100%],none,shared+registers,PRMT:983040;SHFL.BFLY:57344,,launches=1;grid=2048;block=128;regs=32;smem_per_block_B=1052;theoretical_occ_pct=100.0;achieved_occ_pct=76.92450370714332,NVIDIA_B200/rmsnorm/cutile_bf16.ncu-rep: dynamic: sass__inst_executed_per_opcode_with_modifier_all (1/1 launches),high,kernel=rmsnorm_kernel_Kt1_A2bf16_1v8l0_2t1_3i16_p16_A1bf16_1i16t1_p16_A2bf16_1v8l0_2t1_3i16_p16_Sf32_I10240_I2048
B200/cutile/rmsnorm/fp16,rmsnorm_kernel,LDG[128b:100%]; STG[128b:100%],none,shared+registers,SHFL.BFLY:57344,,launches=1;grid=2048;block=128;regs=31;smem_per_block_B=1052;theoretical_occ_pct=100.0;achieved_occ_pct=74.21735055469352,NVIDIA_B200/rmsnorm/cutile_fp16.ncu-rep: dynamic: sass__inst_executed_per_opcode_with_modifier_all (1/1 launches),high,kernel=rmsnorm_kernel_Kt1_A2f16_1v8l0_2t1_3i16_p16_A1f16_1i16t1_p16_A2f16_1v8l0_2t1_3i16_p16_Sf32_I10240_I1024
B200/cutile/rmsnorm/fp32,rmsnorm_kernel,LDG[128b:100%]; STG[128b:100%],none,shared+registers,SHFL.BFLY:57344,,launches=1;grid=2048;block=128;regs=68;smem_per_block_B=1052;theoretical_occ_pct=43.75;achieved_occ_pct=41.199496802169364,NVIDIA_B200/rmsnorm/cutile_fp32.ncu-rep: dynamic: sass__inst_executed_per_opcode_with_modifier_all (1/1 launches),high,kernel=rmsnorm_kernel_Kt1_A2f32_1v4l0_2t1_3i16_p16_A1f32_1i16t1_p16_A2f32_1v4l0_2t1_3i16_p16_Sf32_I10240_I1024
B200/tilelang/rmsnorm/bf16,rmsnorm_kernel_kernel,LDG[128b:100%]; STG[128b:100%],none,shared+registers,PRMT:983040;SHFL.BFLY:81920,,launches=1;grid=2048;block=256;regs=56;smem_per_block_B=2048;theoretical_occ_pct=50.0;achieved_occ_pct=44.140751073936855,NVIDIA_B200/rmsnorm/tilelang_bf16.ncu-rep: dynamic: sass__inst_executed_per_opcode_with_modifier_all (1/1 launches),high,
B200/tilelang/rmsnorm/fp16,rmsnorm_kernel_kernel,LDG[128b:100%]; STG[128b:100%],none,shared+registers,SHFL.BFLY:81920,,launches=1;grid=2048;block=256;regs=70;smem_per_block_B=2048;theoretical_occ_pct=37.5;achieved_occ_pct=32.83515887018555,NVIDIA_B200/rmsnorm/tilelang_fp16.ncu-rep: dynamic: sass__inst_executed_per_opcode_with_modifier_all (1/1 launches),high,
B200/tilelang/rmsnorm/fp32,rmsnorm_kernel_kernel,LDG[128b:100%]; STG[128b:100%],none,shared+registers,SHFL.BFLY:81920,,launches=1;grid=2048;block=256;regs=92;smem_per_block_B=2048;theoretical_occ_pct=25.0;achieved_occ_pct=22.28232487580867,NVIDIA_B200/rmsnorm/tilelang_fp32.ncu-rep: dynamic: sass__inst_executed_per_opcode_with_modifier_all (1/1 launches),high,
B200/triton/rmsnorm/bf16,rmsnorm_kernel,LDG[128b:100%]; STG[128b:100%],none,shared+registers,PRMT:983040;SHFL.BFLY:57344,,launches=1;grid=2048;block=128;regs=32;smem_per_block_B=1040;theoretical_occ_pct=100.0;achieved_occ_pct=70.3037118961669,NVIDIA_B200/rmsnorm/triton_bf16.ncu-rep: dynamic: sass__inst_executed_per_opcode_with_modifier_all (1/1 launches),high,
B200/triton/rmsnorm/fp16,rmsnorm_kernel,LDG[128b:100%]; STG[128b:100%],none,shared+registers,SHFL.BFLY:57344,,launches=1;grid=2048;block=128;regs=32;smem_per_block_B=1040;theoretical_occ_pct=100.0;achieved_occ_pct=70.40832613011155,NVIDIA_B200/rmsnorm/triton_fp16.ncu-rep: dynamic: sass__inst_executed_per_opcode_with_modifier_all (1/1 launches),high,
B200/triton/rmsnorm/fp32,rmsnorm_kernel,LDG[128b:100%]; STG[128b:100%],none,shared+registers,SHFL.BFLY:131072,,launches=1;grid=2048;block=256;regs=32;smem_per_block_B=1056;theoretical_occ_pct=100.0;achieved_occ_pct=81.66521738385707,NVIDIA_B200/rmsnorm/triton_fp32.ncu-rep: dynamic: sass__inst_executed_per_opcode_with_modifier_all (1/1 launches),high,
B200/cutile/rope/fp16,rope_embedding,"LDG[16b:50%,128b:50%]; STG[128b:100%]",none,shared+registers,,,launches=1;grid=40960;block=128;regs=32;smem_per_block_B=2188;theoretical_occ_pct=100.0;achieved_occ_pct=88.56554116352649,NVIDIA_B200/rope/cutile_fp16.ncu-rep: dynamic: sass__inst_executed_per_opcode_with_modifier_all (1/1 launches),high,kernel=rope_embedding_Kt1_A4f16_7v8l0_8t1_bi16_p16_A2f16_1v8l0_2t1_3i16_p16_A2f16_1v8l0_2t1_3i16_p16_I20480_I64_I16
B200/cutile/rope/fp32,rope_embedding,"LDG[32b:33%,128b:67%]; STG[128b:100%]",none,shared+registers,STSM.16.M88:327680,,launches=1;grid=40960;block=128;regs=46;smem_per_block_B=2316;theoretical_occ_pct=62.5;achieved_occ_pct=58.15079443986827,NVIDIA_B200/rope/cutile_fp32.ncu-rep: dynamic: sass__inst_executed_per_opcode_with_modifier_all (1/1 launches),high,kernel=rope_embedding_Kt1_A4f32_7v4l0_8t1_bi16_p16_A2f32_1v4l0_2t1_3i16_p16_A2f32_1v4l0_2t1_3i16_p16_I20480_I64_I16
B200/tilelang/rope/fp16,rope_embedding_kernel,LDG[128b:100%]; STG[128b:100%],none,registers,,,launches=1;grid=40960;block=128;regs=25;smem_per_block_B=1024;theoretical_occ_pct=100.0;achieved_occ_pct=79.7726495445288,NVIDIA_B200/rope/tilelang_fp16.ncu-rep: dynamic: sass__inst_executed_per_opcode_with_modifier_all (1/1 launches),high,
B200/tilelang/rope/fp32,rope_embedding_kernel,LDG[128b:100%]; STG[128b:100%],none,registers,,,launches=1;grid=40960;block=128;regs=36;smem_per_block_B=1024;theoretical_occ_pct=75.0;achieved_occ_pct=61.833564518912574,NVIDIA_B200/rope/tilelang_fp32.ncu-rep: dynamic: sass__inst_executed_per_opcode_with_modifier_all (1/1 launches),high,
B200/triton/rope/fp16,rope_embedding,LDG[128b:100%]; STG[128b:100%],none,registers,,,launches=1;grid=40960;block=128;regs=27;smem_per_block_B=1024;theoretical_occ_pct=100.0;achieved_occ_pct=81.74193572427039,NVIDIA_B200/rope/triton_fp16.ncu-rep: dynamic: sass__inst_executed_per_opcode_with_modifier_all (1/1 launches),high,
B200/triton/rope/fp32,rope_embedding,LDG[128b:100%]; STG[128b:100%],none,registers,,,launches=1;grid=40960;block=128;regs=40;smem_per_block_B=1024;theoretical_occ_pct=75.0;achieved_occ_pct=62.19061595776694,NVIDIA_B200/rope/triton_fp32.ncu-rep: dynamic: sass__inst_executed_per_opcode_with_modifier_all (1/1 launches),high,
B200/cutile/sigmoid/bf16,sigmoid_kernel,LDG[128b:100%]; STG[128b:100%],none,registers,PRMT:781264,,launches=1;grid=12208;block=128;regs=32;smem_per_block_B=1024;theoretical_occ_pct=100.0;achieved_occ_pct=87.1670149505229,NVIDIA_B200/sigmoid/cutile_bf16.ncu-rep: dynamic: sass__inst_executed_per_opcode_with_modifier_all (1/1 launches),high,kernel=sigmoid_kernel_Kt1_A1bf16_1i16t1_p16_A1bf16_1i16t1_p16_I4096
B200/cutile/sigmoid/fp16,sigmoid_kernel,LDG[128b:100%]; STG[128b:100%],none,registers,,,launches=1;grid=12208;block=128;regs=32;smem_per_block_B=1024;theoretical_occ_pct=100.0;achieved_occ_pct=86.93859039394334,NVIDIA_B200/sigmoid/cutile_fp16.ncu-rep: dynamic: sass__inst_executed_per_opcode_with_modifier_all (1/1 launches),high,kernel=sigmoid_kernel_Kt1_A1f16_1i16t1_p16_A1f16_1i16t1_p16_I4096
B200/cutile/sigmoid/fp32,sigmoid_kernel,LDG[128b:100%]; STG[128b:100%],none,registers,,,launches=1;grid=24415;block=128;regs=40;smem_per_block_B=1024;theoretical_occ_pct=75.0;achieved_occ_pct=61.533192251726234,NVIDIA_B200/sigmoid/cutile_fp32.ncu-rep: dynamic: sass__inst_executed_per_opcode_with_modifier_all (1/1 launches),high,kernel=sigmoid_kernel_Kt1_A1f32_1i16t1_p16_A1f32_1i16t1_p16_I2048
B200/tilelang/sigmoid/bf16,sigmoid_kernel_kernel,LDG[256b:100%]; STG[256b:100%],none,registers,PRMT:781280,,launches=1;grid=24415;block=128;regs=28;smem_per_block_B=1024;theoretical_occ_pct=100.0;achieved_occ_pct=80.04808641400311,NVIDIA_B200/sigmoid/tilelang_bf16.ncu-rep: dynamic: sass__inst_executed_per_opcode_with_modifier_all (1/1 launches),high,
B200/tilelang/sigmoid/fp16,sigmoid_kernel_kernel,LDG[128b:100%]; STG[128b:100%],none,registers,,,launches=1;grid=48829;block=128;regs=20;smem_per_block_B=1024;theoretical_occ_pct=100.0;achieved_occ_pct=78.66028082640656,NVIDIA_B200/sigmoid/tilelang_fp16.ncu-rep: dynamic: sass__inst_executed_per_opcode_with_modifier_all (1/1 launches),high,
B200/tilelang/sigmoid/fp32,sigmoid_kernel_kernel,LDG[256b:100%]; STG[256b:100%],none,registers,,,launches=1;grid=24415;block=256;regs=18;smem_per_block_B=1024;theoretical_occ_pct=100.0;achieved_occ_pct=74.3390157625022,NVIDIA_B200/sigmoid/tilelang_fp32.ncu-rep: dynamic: sass__inst_executed_per_opcode_with_modifier_all (1/1 launches),high,
B200/triton/sigmoid/bf16,sigmoid_kernel,LDG[128b:100%]; STG[128b:100%],none,registers,PRMT:781312,,launches=1;grid=12208;block=256;regs=30;smem_per_block_B=1024;theoretical_occ_pct=100.0;achieved_occ_pct=81.07447601243638,NVIDIA_B200/sigmoid/triton_bf16.ncu-rep: dynamic: sass__inst_executed_per_opcode_with_modifier_all (1/1 launches),high,
B200/triton/sigmoid/fp16,sigmoid_kernel,LDG[128b:100%]; STG[128b:100%],none,registers,,,launches=1;grid=12208;block=256;regs=29;smem_per_block_B=1024;theoretical_occ_pct=100.0;achieved_occ_pct=78.4753072431593,NVIDIA_B200/sigmoid/triton_fp16.ncu-rep: dynamic: sass__inst_executed_per_opcode_with_modifier_all (1/1 launches),high,
B200/triton/sigmoid/fp32,sigmoid_kernel,LDG[128b:100%]; STG[128b:100%],none,registers,,,launches=1;grid=24415;block=256;regs=21;smem_per_block_B=1024;theoretical_occ_pct=100.0;achieved_occ_pct=76.6398628158098,NVIDIA_B200/sigmoid/triton_fp32.ncu-rep: dynamic: sass__inst_executed_per_opcode_with_modifier_all (1/1 launches),high,
B200/cutile/softmax/fp16,softmax_online_kernel,"TMA[UTMACCTL.PF:4096,UTMACMDFLUSH:20480,UTMALDG.2D:81920,UTMASTG.2D:81920]; LDG[128b:100%]",none,shared+registers,SHFL.BFLY:368640,,launches=1;grid=2048;block=256;regs=32;smem_per_block_B=27852;theoretical_occ_pct=100.0;achieved_occ_pct=56.25418802350445,NVIDIA_B200/softmax/cutile_fp16.ncu-rep: dynamic: sass__inst_executed_per_opcode_with_modifier_all (1/1 launches),high,kernel=softmax_online_kernel_Kt1_A2f16_1v8l0_2t1_3i16_p16_A2f16_1v8l0_2t1_3i16_p16_Si32_I5_I2048
B200/cutile/softmax/fp32,softmax_online_kernel,"TMA[UTMACCTL.PF:4096,UTMACMDFLUSH:40960,UTMALDG.2D:81920,UTMASTG.2D:81920]; LDG[128b:100%]",none,shared+registers,SHFL.BFLY:368640,,launches=1;grid=2048;block=256;regs=32;smem_per_block_B=19860;theoretical_occ_pct=100.0;achieved_occ_pct=62.62338087060506,NVIDIA_B200/softmax/cutile_fp32.ncu-rep: dynamic: sass__inst_executed_per_opcode_with_modifier_all (1/1 launches),high,kernel=softmax_online_kernel_Kt1_A2f32_1v4l0_2t1_3i16_p16_A2f32_1v4l0_2t1_3i16_p16_Si32_I5_I2048
B200/tilelang/softmax/fp16,softmax_online_kernel_kernel,LDG[256b:100%]; STG[256b:100%],none,shared+registers,SHFL.BFLY:409600,,launches=1;grid=2048;block=128;regs=48;smem_per_block_B=2048;theoretical_occ_pct=62.5;achieved_occ_pct=47.75357484639813,NVIDIA_B200/softmax/tilelang_fp16.ncu-rep: dynamic: sass__inst_executed_per_opcode_with_modifier_all (1/1 launches),high,
B200/tilelang/softmax/fp32,softmax_online_kernel_kernel,LDG[256b:100%]; STG[256b:100%],none,shared+registers,SHFL.BFLY:409600,,launches=1;grid=2048;block=128;regs=48;smem_per_block_B=2048;theoretical_occ_pct=62.5;achieved_occ_pct=47.87771537810132,NVIDIA_B200/softmax/tilelang_fp32.ncu-rep: dynamic: sass__inst_executed_per_opcode_with_modifier_all (1/1 launches),high,
B200/triton/softmax/fp16,softmax_online_kernel,LDG[128b:100%]; STG[128b:100%],none,shared+registers,SHFL.BFLY:368640,,launches=1;grid=2048;block=128;regs=32;smem_per_block_B=1040;theoretical_occ_pct=100.0;achieved_occ_pct=62.33259539943323,NVIDIA_B200/softmax/triton_fp16.ncu-rep: dynamic: sass__inst_executed_per_opcode_with_modifier_all (1/1 launches),high,
B200/triton/softmax/fp32,softmax_online_kernel,LDG[128b:100%]; STG[128b:100%],none,shared+registers,SHFL.BFLY:901120,,launches=1;grid=2048;block=256;regs=26;smem_per_block_B=1056;theoretical_occ_pct=100.0;achieved_occ_pct=80.22787272351137,NVIDIA_B200/softmax/triton_fp32.ncu-rep: dynamic: sass__inst_executed_per_opcode_with_modifier_all (1/1 launches),high,
B200/cutile/streamk_matmul/bf16,first_wave,"TMA[UTMACCTL.PF:1184,UTMALDG.2D:52992]",tcgen05[UTCHMMA:70656],TMEM+shared+registers,,ATOMG.E.ADD.F32.FTZ.RN.STRONG.GPU:212992;ATOMS.AND:296;ATOMS.OR:296,launches=1;grid=148;block=384;regs=168;smem_per_block_B=33876;theoretical_occ_pct=18.75;achieved_occ_pct=18.697045502963658,NVIDIA_B200/streamk_matmul/cutile_bf16.ncu-rep: dynamic: sass__inst_executed_per_opcode_with_modifier_all (1/1 launches),high,kernel=first_wave_Kt1_A2bf16_1v8l0_2t1_3i16_p16_A2bf16_1v8l0_2t1_3i16_p16_A2f32_1v4l0_2t1_3i16_p16_I4096_I148_I128_I128_I64_I8
B200/cutile/streamk_matmul/bf16,full_tiles,"TMA[UTMACCTL.PF:42180,UTMACMDFLUSH:56240,UTMALDG.2D:2699520,UTMASTG.2D:56240]",tcgen05[UTCHMMA:3599360],TMEM+shared+registers,,ATOMS.AND:28120;ATOMS.OR:28120,launches=1;grid=14060;block=256;regs=255;smem_per_block_B=230628;theoretical_occ_pct=12.5;achieved_occ_pct=10.603091270220581,NVIDIA_B200/streamk_matmul/cutile_bf16.ncu-rep: dynamic: sass__inst_executed_per_opcode_with_modifier_all (1/1 launches),high,kernel=full_tiles_Kt1_A2bf16_1v8l0_2t1_3i16_p16_A2bf16_1v8l0_2t1_3i16_p16_A2f32_1v4l0_2t1_3i16_p16_I4096_I148_I128_I128_I64_I8
B200/cutile/streamk_matmul/fp16,first_wave,"TMA[UTMACCTL.PF:1184,UTMALDG.2D:52992]",tcgen05[UTCHMMA:70656],TMEM+shared+registers,,ATOMG.E.ADD.F32.FTZ.RN.STRONG.GPU:212992;ATOMS.AND:296;ATOMS.OR:296,launches=1;grid=148;block=384;regs=168;smem_per_block_B=33876;theoretical_occ_pct=18.75;achieved_occ_pct=18.687054428588844,NVIDIA_B200/streamk_matmul/cutile_fp16.ncu-rep: dynamic: sass__inst_executed_per_opcode_with_modifier_all (1/1 launches),high,kernel=first_wave_Kt1_A2f16_1v8l0_2t1_3i16_p16_A2f16_1v8l0_2t1_3i16_p16_A2f32_1v4l0_2t1_3i16_p16_I4096_I148_I128_I128_I64_I8
B200/cutile/streamk_matmul/fp16,full_tiles,"TMA[UTMACCTL.PF:42180,UTMACMDFLUSH:56240,UTMALDG.2D:2699520,UTMASTG.2D:56240]",tcgen05[UTCHMMA:3599360],TMEM+shared+registers,,ATOMS.AND:28120;ATOMS.OR:28120,launches=1;grid=14060;block=256;regs=255;smem_per_block_B=230628;theoretical_occ_pct=12.5;achieved_occ_pct=10.592577293217802,NVIDIA_B200/streamk_matmul/cutile_fp16.ncu-rep: dynamic: sass__inst_executed_per_opcode_with_modifier_all (1/1 launches),high,kernel=full_tiles_Kt1_A2f16_1v8l0_2t1_3i16_p16_A2f16_1v8l0_2t1_3i16_p16_A2f32_1v4l0_2t1_3i16_p16_I4096_I148_I128_I128_I64_I8
B200/cutile/streamk_matmul/fp32,first_wave,"TMA[UTMACCTL.PF:1184,UTMALDG.2D:176640]",tcgen05[UTCHMMA:141312],TMEM+shared+registers,,ATOMG.E.ADD.F32.FTZ.RN.STRONG.GPU:216576;ATOMS.AND:296;ATOMS.OR:296,launches=1;grid=148;block=384;regs=168;smem_per_block_B=33876;theoretical_occ_pct=18.75;achieved_occ_pct=18.707947700716627,NVIDIA_B200/streamk_matmul/cutile_fp32.ncu-rep: dynamic: sass__inst_executed_per_opcode_with_modifier_all (1/1 launches),high,kernel=first_wave_Kt1_A2f32_1v4l0_2t1_3i16_p16_A2f32_1v4l0_2t1_3i16_p16_A2f32_1v4l0_2t1_3i16_p16_I4096_I148_I128_I128_I32_I8
B200/cutile/streamk_matmul/fp32,full_tiles,"TMA[UTMACCTL.PF:42180,UTMACMDFLUSH:56240,UTMALDG.2D:8998400,UTMASTG.2D:56240]",tcgen05[UTCHMMA:7198720],TMEM+shared+registers,,ATOMS.AND:28120;ATOMS.OR:28120,launches=1;grid=14060;block=256;regs=255;smem_per_block_B=230628;theoretical_occ_pct=12.5;achieved_occ_pct=10.775929289894322,NVIDIA_B200/streamk_matmul/cutile_fp32.ncu-rep: dynamic: sass__inst_executed_per_opcode_with_modifier_all (1/1 launches),high,kernel=full_tiles_Kt1_A2f32_1v4l0_2t1_3i16_p16_A2f32_1v4l0_2t1_3i16_p16_A2f32_1v4l0_2t1_3i16_p16_I4096_I148_I128_I128_I32_I8
B200/tilelang/streamk_matmul/bf16,first_wave_kernel_kernel,static_sites:cp.async[LDGSTS.E.BYPASS.128:24],static_sites:tcgen05[UTCHMMA:8],TMEM+shared+local(LDL/STL)+registers,SHFL.IDX:1,ATOMS.AND:2;ATOMS.OR:2;REDG.E.ADD.F32x4.FTZ.RN.STRONG.GPU:64,launches=1;grid=148;block=128;regs=255;smem_per_block_B=26624;theoretical_occ_pct=12.5;achieved_occ_pct=6.243405123727188,NVIDIA_B200/streamk_matmul/tilelang_bf16.ncu-rep: static SASS (ncu --import --page source --print-source sass --csv); counts are static instruction sites,medium,
B200/tilelang/streamk_matmul/bf16,full_tiles_kernel_kernel,static_sites:cp.async[LDGSTS.E.BYPASS.128:48]; STG[256b:100%],static_sites:tcgen05[UTCHMMA:16],TMEM+shared+local(LDL/STL)+registers,PRMT:15;SHFL.IDX:1,ATOMS.AND:2;ATOMS.OR:2,launches=1;grid=6956;block=128;regs=254;smem_per_block_B=75776;theoretical_occ_pct=12.5;achieved_occ_pct=6.229029029473524,NVIDIA_B200/streamk_matmul/tilelang_bf16.ncu-rep: static SASS (ncu --import --page source --print-source sass --csv); counts are static instruction sites,medium,
B200/tilelang/streamk_matmul/fp16,first_wave_kernel_kernel,static_sites:cp.async[LDGSTS.E.BYPASS.128:24],static_sites:tcgen05[UTCHMMA:8],TMEM+shared+local(LDL/STL)+registers,SHFL.IDX:1,ATOMS.AND:2;ATOMS.OR:2;REDG.E.ADD.F32x4.FTZ.RN.STRONG.GPU:64,launches=1;grid=148;block=128;regs=255;smem_per_block_B=26624;theoretical_occ_pct=12.5;achieved_occ_pct=6.243378926475665,NVIDIA_B200/streamk_matmul/tilelang_fp16.ncu-rep: static SASS (ncu --import --page source --print-source sass --csv); counts are static instruction sites,medium,
B200/tilelang/streamk_matmul/fp16,full_tiles_kernel_kernel,static_sites:cp.async[LDGSTS.E.BYPASS.128:48]; STG[256b:100%],static_sites:tcgen05[UTCHMMA:16],TMEM+shared+local(LDL/STL)+registers,PRMT:15;SHFL.IDX:1,ATOMS.AND:2;ATOMS.OR:2,launches=1;grid=6956;block=128;regs=254;smem_per_block_B=75776;theoretical_occ_pct=12.5;achieved_occ_pct=6.229003542653916,NVIDIA_B200/streamk_matmul/tilelang_fp16.ncu-rep: static SASS (ncu --import --page source --print-source sass --csv); counts are static instruction sites,medium,
B200/tilelang/streamk_matmul/fp32,vectorized_elementwise_kernel,STG[128b:100%],none,registers,,,launches=1;grid=229376;block=128;regs=16;smem_per_block_B=1024;theoretical_occ_pct=100.0;achieved_occ_pct=70.74511942424434,NVIDIA_B200/streamk_matmul/tilelang_fp32.ncu-rep: dynamic: sass__inst_executed_per_opcode_with_modifier_all (1/1 launches),high,
B200/tilelang/streamk_matmul/fp32,first_wave_kernel_kernel,cp.async[LDGSTS.E.BYPASS.128:2260992],legacy_mma[HMMA.1688.F32.TF32:18087936],shared+registers,LDSM.16.M88.4:2260992,REDG.E.ADD.F32x2.FTZ.RN.STRONG.GPU:108288,launches=1;grid=148;block=128;regs=218;smem_per_block_B=99328;theoretical_occ_pct=12.5;achieved_occ_pct=6.262420893058579,NVIDIA_B200/streamk_matmul/tilelang_fp32.ncu-rep: dynamic: sass__inst_executed_per_opcode_with_modifier_all (1/1 launches),high,
B200/tilelang/streamk_matmul/fp32,full_tiles_kernel_kernel,cp.async[LDGSTS.E.BYPASS.128:115179520]; STG[64b:100%],legacy_mma[HMMA.1688.F32.TF32:921436160],shared+registers,LDSM.16.M88.4:115179520,,launches=1;grid=14060;block=128;regs=210;smem_per_block_B=99328;theoretical_occ_pct=12.5;achieved_occ_pct=12.440724208909968,NVIDIA_B200/streamk_matmul/tilelang_fp32.ncu-rep: dynamic: sass__inst_executed_per_opcode_with_modifier_all (1/1 launches),high,
B200/triton/streamk_matmul/bf16,first_wave,TMA[UTMALDG.2D:228384],tcgen05[UTCHMMA:54272],TMEM+shared+local(LDL/STL)+registers,LDSM.16.M88.4:90368,ATOMG.E.ADD.F32x4.FTZ.RN.STRONG.GPU:90368;ATOMS.AND:148;ATOMS.OR:148,launches=1;grid=148;block=256;regs=255;smem_per_block_B=148528;theoretical_occ_pct=12.5;achieved_occ_pct=12.358261235554147,NVIDIA_B200/streamk_matmul/triton_bf16.ncu-rep: dynamic: sass__inst_executed_per_opcode_with_modifier_all (1/1 launches),high,
B200/triton/streamk_matmul/bf16,full_tiles,"TMA[UTMACMDFLUSH:55648,UTMALDG.2D:7345536,UTMASTG.2D:55648]",tcgen05[UTCHMMA:1780736],TMEM+shared+registers,,ATOMS.AND:6956;ATOMS.OR:6956,launches=1;grid=6956;block=256;regs=135;smem_per_block_B=148528;theoretical_occ_pct=12.5;achieved_occ_pct=12.459990862046839,NVIDIA_B200/streamk_matmul/triton_bf16.ncu-rep: dynamic: sass__inst_executed_per_opcode_with_modifier_all (1/1 launches),high,
B200/triton/streamk_matmul/fp16,first_wave,TMA[UTMALDG.2D:147968],tcgen05[UTCHMMA:70656],TMEM+shared+local(LDL/STL)+registers,LDSM.16.M88.4:53248,ATOMG.E.ADD.F32x4.FTZ.RN.STRONG.GPU:53248;ATOMS.AND:148;ATOMS.OR:148,launches=1;grid=148;block=128;regs=255;smem_per_block_B=99376;theoretical_occ_pct=12.5;achieved_occ_pct=6.184025915559534,NVIDIA_B200/streamk_matmul/triton_fp16.ncu-rep: dynamic: sass__inst_executed_per_opcode_with_modifier_all (1/1 launches),high,
B200/triton/streamk_matmul/fp16,full_tiles,"TMA[UTMACMDFLUSH:56240,UTMALDG.2D:7423680,UTMASTG.2D:56240]",tcgen05[UTCHMMA:3599360],TMEM+shared+registers,,ATOMS.AND:14060;ATOMS.OR:14060,launches=1;grid=14060;block=128;regs=135;smem_per_block_B=99376;theoretical_occ_pct=12.5;achieved_occ_pct=12.296357711014918,NVIDIA_B200/streamk_matmul/triton_fp16.ncu-rep: dynamic: sass__inst_executed_per_opcode_with_modifier_all (1/1 launches),high,
B200/triton/streamk_matmul/fp32,first_wave,TMA[UTMALDG.2D:289392],tcgen05[UTCHMMA:141312],TMEM+shared+local(LDL/STL)+registers,LDSM.16.M88.4:54144,ATOMG.E.ADD.F32x4.FTZ.RN.STRONG.GPU:54144;ATOMS.AND:148;ATOMS.OR:148,launches=1;grid=148;block=128;regs=255;smem_per_block_B=99376;theoretical_occ_pct=12.5;achieved_occ_pct=6.244073888263345,NVIDIA_B200/streamk_matmul/triton_fp32.ncu-rep: dynamic: sass__inst_executed_per_opcode_with_modifier_all (1/1 launches),high,
B200/triton/streamk_matmul/fp32,full_tiles,"TMA[UTMACMDFLUSH:56240,UTMALDG.2D:14622400,UTMASTG.2D:56240]",tcgen05[UTCHMMA:7198720],TMEM+shared+registers,,ATOMS.AND:14060;ATOMS.OR:14060,launches=1;grid=14060;block=128;regs=135;smem_per_block_B=99376;theoretical_occ_pct=12.5;achieved_occ_pct=12.251285730061234,NVIDIA_B200/streamk_matmul/triton_fp32.ncu-rep: dynamic: sass__inst_executed_per_opcode_with_modifier_all (1/1 launches),high,
B200/cutile/swiglu/bf16,swiglu_kernel,LDG[128b:100%]; STG[128b:100%],none,registers,PRMT:2621440,,launches=1;grid=10240;block=128;regs=56;smem_per_block_B=1024;theoretical_occ_pct=56.25;achieved_occ_pct=51.2860677487848,NVIDIA_B200/swiglu/cutile_bf16.ncu-rep: dynamic: sass__inst_executed_per_opcode_with_modifier_all (1/1 launches),high,kernel=swiglu_kernel_Kt1_A1bf16_1i16t1_p16_A1bf16_1i16t1_p16_A1bf16_1i16t1_p16_I8192
B200/cutile/swiglu/fp16,swiglu_kernel,LDG[128b:100%]; STG[128b:100%],none,registers,,,launches=1;grid=10240;block=128;regs=56;smem_per_block_B=1024;theoretical_occ_pct=56.25;achieved_occ_pct=51.26204563123766,NVIDIA_B200/swiglu/cutile_fp16.ncu-rep: dynamic: sass__inst_executed_per_opcode_with_modifier_all (1/1 launches),high,kernel=swiglu_kernel_Kt1_A1f16_1i16t1_p16_A1f16_1i16t1_p16_A1f16_1i16t1_p16_I8192
B200/cutile/swiglu/fp32,swiglu_kernel,LDG[128b:100%]; STG[128b:100%],none,registers,,,launches=1;grid=81920;block=128;regs=44;smem_per_block_B=1024;theoretical_occ_pct=62.5;achieved_occ_pct=54.14984834605697,NVIDIA_B200/swiglu/cutile_fp32.ncu-rep: dynamic: sass__inst_executed_per_opcode_with_modifier_all (1/1 launches),high,kernel=swiglu_kernel_Kt1_A1f32_1i16t1_p16_A1f32_1i16t1_p16_A1f32_1i16t1_p16_I1024
B200/tilelang/swiglu/bf16,swiglu_kernel_kernel,LDG[128b:100%]; STG[128b:100%],none,registers,PRMT:2621440,,launches=1;grid=81920;block=128;regs=31;smem_per_block_B=1024;theoretical_occ_pct=100.0;achieved_occ_pct=84.07408172142277,NVIDIA_B200/swiglu/tilelang_bf16.ncu-rep: dynamic: sass__inst_executed_per_opcode_with_modifier_all (1/1 launches),high,
B200/tilelang/swiglu/fp16,swiglu_kernel_kernel,LDG[128b:100%]; STG[128b:100%],none,registers,,,launches=1;grid=40960;block=256;regs=32;smem_per_block_B=1024;theoretical_occ_pct=100.0;achieved_occ_pct=81.18198678475275,NVIDIA_B200/swiglu/tilelang_fp16.ncu-rep: dynamic: sass__inst_executed_per_opcode_with_modifier_all (1/1 launches),high,
B200/tilelang/swiglu/fp32,swiglu_kernel_kernel,LDG[256b:100%]; STG[256b:100%],none,registers,,,launches=1;grid=40960;block=256;regs=40;smem_per_block_B=1024;theoretical_occ_pct=75.0;achieved_occ_pct=55.91219384132421,NVIDIA_B200/swiglu/tilelang_fp32.ncu-rep: dynamic: sass__inst_executed_per_opcode_with_modifier_all (1/1 launches),high,
B200/triton/swiglu/bf16,swiglu_kernel,LDG[128b:100%]; STG[128b:100%],none,registers,PRMT:2621440,,launches=1;grid=81920;block=128;regs=32;smem_per_block_B=1024;theoretical_occ_pct=100.0;achieved_occ_pct=82.31462955624335,NVIDIA_B200/swiglu/triton_bf16.ncu-rep: dynamic: sass__inst_executed_per_opcode_with_modifier_all (1/1 launches),high,
B200/triton/swiglu/fp16,swiglu_kernel,LDG[128b:100%]; STG[128b:100%],none,registers,,,launches=1;grid=81920;block=128;regs=31;smem_per_block_B=1024;theoretical_occ_pct=100.0;achieved_occ_pct=81.7592669961426,NVIDIA_B200/swiglu/triton_fp16.ncu-rep: dynamic: sass__inst_executed_per_opcode_with_modifier_all (1/1 launches),high,
B200/triton/swiglu/fp32,swiglu_kernel,LDG[128b:100%]; STG[128b:100%],none,registers,,,launches=1;grid=81920;block=256;regs=22;smem_per_block_B=1024;theoretical_occ_pct=100.0;achieved_occ_pct=77.6368308302556,NVIDIA_B200/swiglu/triton_fp32.ncu-rep: dynamic: sass__inst_executed_per_opcode_with_modifier_all (1/1 launches),high,
B200/cutile/top_k_selection/fp32,block_topk_kernel_b2048,LDG[128b:100%]; STG[128b:100%],none,shared+registers,PRMT:8064;STSM.16.M88.4:16128,,launches=6;grid=512;block=128;regs=72;smem_per_block_B=9228;theoretical_occ_pct=43.75;achieved_occ_pct=20.35781661215204,NVIDIA_B200/top_k_selection/cutile_fp32.ncu-rep: dynamic: sass__inst_executed_per_opcode_with_modifier_all (6/6 launches),high,kernel=block_topk_kernel_b2048_Kt1_A1f32_1i16t1_p16_A2f32_1v4l0_2t1_3i16_p16_I1024
B200/cutile/top_k_selection/fp32,block_topk_kernel_b2048,LDG[128b:100%]; STG[128b:100%],none,shared+registers,PRMT:120;STSM.16.M88.4:240,,launches=4;grid=8;block=128;regs=72;smem_per_block_B=9228;theoretical_occ_pct=43.75;achieved_occ_pct=6.247757655170262,NVIDIA_B200/top_k_selection/cutile_fp32.ncu-rep: dynamic: sass__inst_executed_per_opcode_with_modifier_all (4/4 launches),high,kernel=block_topk_kernel_b2048_Kt1_A1f32_1i16t1_p16_A2f32_1v4l0_2i16t1_p16_I1024
B200/tilelang/top_k_selection/fp32,main_kernel,static_sites:LDG[128b:100%]; STG[128b:100%],static_sites:none,shared+registers,,,launches=10;grid=512;block=256;regs=38;smem_per_block_B=9216;theoretical_occ_pct=75.0;achieved_occ_pct=32.869477942504716,NVIDIA_B200/top_k_selection/tilelang_fp32.ncu-rep: static SASS (ncu --import --page source --print-source sass --csv); counts are static instruction sites,medium,
B200/triton/top_k_selection/fp32,block_topk_kernel,LDG[128b:100%]; STG[128b:100%],none,shared+registers,SHFL.BFLY:2618880,,launches=10;grid=512;block=256;regs=48;smem_per_block_B=9216;theoretical_occ_pct=62.5;achieved_occ_pct=33.799156747656006,NVIDIA_B200/top_k_selection/triton_fp32.ncu-rep: dynamic: sass__inst_executed_per_opcode_with_modifier_all (10/10 launches),high,
B200/cutile/vector_add/bf16,add_kernel,LDG[128b:100%]; STG[128b:100%],none,registers,,,launches=1;grid=10240;block=128;regs=28;smem_per_block_B=1024;theoretical_occ_pct=100.0;achieved_occ_pct=80.83341094963413,NVIDIA_B200/vector_add/cutile_bf16.ncu-rep: dynamic: sass__inst_executed_per_opcode_with_modifier_all (1/1 launches),high,kernel=add_kernel_Kt1_A1bf16_1i16t1_p16_A1bf16_1i16t1_p16_A1bf16_1i16t1_p16_I2048
B200/cutile/vector_add/fp16,add_kernel,LDG[128b:100%]; STG[128b:100%],none,registers,,,launches=1;grid=20480;block=128;regs=16;smem_per_block_B=1024;theoretical_occ_pct=100.0;achieved_occ_pct=77.29705179292073,NVIDIA_B200/vector_add/cutile_fp16.ncu-rep: dynamic: sass__inst_executed_per_opcode_with_modifier_all (1/1 launches),high,kernel=add_kernel_Kt1_A1f16_1i16t1_p16_A1f16_1i16t1_p16_A1f16_1i16t1_p16_I1024
B200/cutile/vector_add/fp32,add_kernel,LDG[128b:100%]; STG[128b:100%],none,registers,,,launches=1;grid=40960;block=128;regs=16;smem_per_block_B=1024;theoretical_occ_pct=100.0;achieved_occ_pct=80.72245589194982,NVIDIA_B200/vector_add/cutile_fp32.ncu-rep: dynamic: sass__inst_executed_per_opcode_with_modifier_all (1/1 launches),high,kernel=add_kernel_Kt1_A1f32_1i16t1_p16_A1f32_1i16t1_p16_A1f32_1i16t1_p16_I512
B200/cutile/vector_add/int8,add_kernel,LDG[128b:100%]; STG[128b:100%],none,registers,PRMT:1802240,,launches=1;grid=10240;block=128;regs=23;smem_per_block_B=1024;theoretical_occ_pct=100.0;achieved_occ_pct=78.81921634395185,NVIDIA_B200/vector_add/cutile_int8.ncu-rep: dynamic: sass__inst_executed_per_opcode_with_modifier_all (1/1 launches),high,kernel=add_kernel_Kt1_A1i8_1i16t1_p16_A1i8_1i16t1_p16_A1i8_1i16t1_p16_I2048
B200/tilelang/vector_add/bf16,add_kernel_kernel,LDG[256b:100%]; STG[256b:100%],none,registers,PRMT:450560,,launches=1;grid=20480;block=64;regs=30;smem_per_block_B=1024;theoretical_occ_pct=100.0;achieved_occ_pct=76.20951076968807,NVIDIA_B200/vector_add/tilelang_bf16.ncu-rep: dynamic: sass__inst_executed_per_opcode_with_modifier_all (1/1 launches),high,
B200/tilelang/vector_add/fp16,add_kernel_kernel,LDG[256b:100%]; STG[256b:100%],none,registers,PRMT:204800,,launches=1;grid=10240;block=64;regs=48;smem_per_block_B=1024;theoretical_occ_pct=62.5;achieved_occ_pct=50.41226448748074,NVIDIA_B200/vector_add/tilelang_fp16.ncu-rep: dynamic: sass__inst_executed_per_opcode_with_modifier_all (1/1 launches),high,
B200/tilelang/vector_add/fp32,add_kernel_kernel,LDG[128b:100%]; STG[128b:100%],none,registers,,,launches=1;grid=20480;block=256;regs=22;smem_per_block_B=1024;theoretical_occ_pct=100.0;achieved_occ_pct=77.07430961880817,NVIDIA_B200/vector_add/tilelang_fp32.ncu-rep: dynamic: sass__inst_executed_per_opcode_with_modifier_all (1/1 launches),high,
B200/tilelang/vector_add/int8,add_kernel_kernel,LDG[256b:100%]; STG[256b:100%],none,registers,,,launches=1;grid=10240;block=64;regs=48;smem_per_block_B=1024;theoretical_occ_pct=62.5;achieved_occ_pct=46.48064187691553,NVIDIA_B200/vector_add/tilelang_int8.ncu-rep: dynamic: sass__inst_executed_per_opcode_with_modifier_all (1/1 launches),high,
B200/triton/vector_add/bf16,add_kernel,LDG[128b:100%]; STG[128b:100%],none,registers,,,launches=1;grid=20480;block=64;regs=26;smem_per_block_B=1024;theoretical_occ_pct=100.0;achieved_occ_pct=80.07335955253518,NVIDIA_B200/vector_add/triton_bf16.ncu-rep: dynamic: sass__inst_executed_per_opcode_with_modifier_all (1/1 launches),high,
B200/triton/vector_add/fp16,add_kernel,LDG[128b:100%]; STG[128b:100%],none,registers,,,launches=1;grid=10240;block=256;regs=20;smem_per_block_B=1024;theoretical_occ_pct=100.0;achieved_occ_pct=77.56420600854939,NVIDIA_B200/vector_add/triton_fp16.ncu-rep: dynamic: sass__inst_executed_per_opcode_with_modifier_all (1/1 launches),high,
B200/triton/vector_add/fp32,add_kernel,LDG[128b:100%]; STG[128b:100%],none,registers,,,launches=1;grid=20480;block=256;regs=20;smem_per_block_B=1024;theoretical_occ_pct=100.0;achieved_occ_pct=77.76662423421014,NVIDIA_B200/vector_add/triton_fp32.ncu-rep: dynamic: sass__inst_executed_per_opcode_with_modifier_all (1/1 launches),high,
B200/triton/vector_add/int8,add_kernel,LDG[128b:100%]; STG[128b:100%],none,registers,PRMT:1802240,,launches=1;grid=10240;block=128;regs=28;smem_per_block_B=1024;theoretical_occ_pct=100.0;achieved_occ_pct=76.66666506497425,NVIDIA_B200/vector_add/triton_int8.ncu-rep: dynamic: sass__inst_executed_per_opcode_with_modifier_all (1/1 launches),high,
B200/cutile/weight_dequant/bf16,dequant_kernel,"LDG[16b:89%,128b:11%]; STG[128b:100%]",none,shared+registers,PRMT:11468800,,launches=1;grid=25600;block=128;regs=124;smem_per_block_B=17420;theoretical_occ_pct=25.0;achieved_occ_pct=23.447023472332525,NVIDIA_B200/weight_dequant/cutile_bf16.ncu-rep: dynamic: sass__inst_executed_per_opcode_with_modifier_all (1/1 launches),high,kernel=dequant_kernel_Kt1_A1bf16_1i16t1_p16_A2bf16_1v8l0_2t1_3i16_p16_A1bf16_1i16t1_p16_I10240_I128_I4096
B200/cutile/weight_dequant/fp16,dequant_kernel,"LDG[16b:89%,128b:11%]; STG[128b:100%]",none,shared+registers,PRMT:11468800,,launches=1;grid=25600;block=128;regs=124;smem_per_block_B=17420;theoretical_occ_pct=25.0;achieved_occ_pct=23.43665654997899,NVIDIA_B200/weight_dequant/cutile_fp16.ncu-rep: dynamic: sass__inst_executed_per_opcode_with_modifier_all (1/1 launches),high,kernel=dequant_kernel_Kt1_A1f16_1i16t1_p16_A2f16_1v8l0_2t1_3i16_p16_A1f16_1i16t1_p16_I10240_I128_I4096
B200/cutile/weight_dequant/fp32,dequant_kernel,"LDG[32b:80%,128b:20%]; STG[128b:100%]",none,shared+registers,,,launches=1;grid=51200;block=128;regs=70;smem_per_block_B=17420;theoretical_occ_pct=43.75;achieved_occ_pct=40.646483239843626,NVIDIA_B200/weight_dequant/cutile_fp32.ncu-rep: dynamic: sass__inst_executed_per_opcode_with_modifier_all (1/1 launches),high,kernel=dequant_kernel_Kt1_A1f32_1i16t1_p16_A2f32_1v4l0_2t1_3i16_p16_A1f32_1i16t1_p16_I10240_I128_I2048
B200/tilelang/weight_dequant/bf16,weight_dequant_kernel_kernel,"LDG[16b:50%,128b:50%]; STG[128b:100%]",none,registers,PRMT:1638400,,launches=1;grid=51200;block=128;regs=23;smem_per_block_B=1024;theoretical_occ_pct=100.0;achieved_occ_pct=82.239289179668,NVIDIA_B200/weight_dequant/tilelang_bf16.ncu-rep: dynamic: sass__inst_executed_per_opcode_with_modifier_all (1/1 launches),high,
B200/tilelang/weight_dequant/fp16,weight_dequant_kernel_kernel,"LDG[16b:50%,128b:50%]; STG[128b:100%]",none,registers,,,launches=1;grid=51200;block=128;regs=26;smem_per_block_B=1024;theoretical_occ_pct=100.0;achieved_occ_pct=83.35384422708768,NVIDIA_B200/weight_dequant/tilelang_fp16.ncu-rep: dynamic: sass__inst_executed_per_opcode_with_modifier_all (1/1 launches),high,
B200/tilelang/weight_dequant/fp32,weight_dequant_kernel_kernel,"LDG[32b:50%,256b:50%]; STG[256b:100%]",none,registers,,,launches=1;grid=51200;block=256;regs=20;smem_per_block_B=1024;theoretical_occ_pct=100.0;achieved_occ_pct=74.10718473028513,NVIDIA_B200/weight_dequant/tilelang_fp32.ncu-rep: dynamic: sass__inst_executed_per_opcode_with_modifier_all (1/1 launches),high,
B200/triton/weight_dequant/bf16,dequant_kernel,"LDG[16b:89%,128b:11%]; STG[128b:100%]",none,registers,PRMT:6144000,,launches=1;grid=51200;block=128;regs=32;smem_per_block_B=1024;theoretical_occ_pct=100.0;achieved_occ_pct=84.99077977471798,NVIDIA_B200/weight_dequant/triton_bf16.ncu-rep: dynamic: sass__inst_executed_per_opcode_with_modifier_all (1/1 launches),high,
B200/triton/weight_dequant/fp16,dequant_kernel,"LDG[16b:89%,128b:11%]; STG[128b:100%]",none,registers,PRMT:6144000,,launches=1;grid=51200;block=128;regs=32;smem_per_block_B=1024;theoretical_occ_pct=100.0;achieved_occ_pct=84.9892190099311,NVIDIA_B200/weight_dequant/triton_fp16.ncu-rep: dynamic: sass__inst_executed_per_opcode_with_modifier_all (1/1 launches),high,
B200/triton/weight_dequant/fp32,dequant_kernel,"LDG[32b:80%,128b:20%]; STG[128b:100%]",none,registers,PRMT:2457600,,launches=1;grid=51200;block=256;regs=28;smem_per_block_B=1024;theoretical_occ_pct=100.0;achieved_occ_pct=81.73477695697264,NVIDIA_B200/weight_dequant/triton_fp32.ncu-rep: dynamic: sass__inst_executed_per_opcode_with_modifier_all (1/1 launches),high,
