profile_id,device,dsl,operator,dtype,case_id,params_json,collection_level,replay_mode,report_path,report_sha256,report_origin,report_revision,benchmark_case_match_status,code_match_status,launch_count,notes,extract_status,kernel_names,expected_launch_count,expected_operator_launch_count,winner_config_json,ncu_version,report_created,profiler_cuda_version,profiler_command_line,benchmark_dsl_ms,benchmark_torch_ms
B200/cutile/1d_conv/fp16,B200,cutile,1d_conv,fp16,4b8e7fcaf46e52aecfde43c9c64e1a856dd12cb98ad21ace0c8564d2b7471faf,"{""L"":2621440,""batch"":1,""groups"":1,""in_channels"":128,""kernel_size"":3,""out_channels"":128,""padding"":1,""stride"":1}",full,application,NVIDIA_B200/1d_conv/cutile_fp16.ncu-rep,11f943d2d835742de9cd7a1866ab4cd77616c0abd5cadc62c2248c3bccbb2002,local_copy_sha256_identical_to_hf,bcui2/NCU_report@21037737b7e371d38f3d029367dc3967d5b31a23,matched,not_recorded,1,params+winner from NCU catalogue | B200 Triton/cuTile profiling source not recorded (developer_guide: Profiling inventory),ok,conv1d_kernel_Kt1_A1f16_1i16t1_p16_A1f16_1i16t1_p16_A1f16_1i16t1_p16_Si32_Si32_Si32_Si32_Si32_Si32_Si32_Si32_Si32_Si32_Si32_Si32_Si32_Si32_Si32_Si32_Si32_Si32_Si32_I32_I32_I128,1,1,"{""block_bl"": 32, ""block_in"": 32, ""block_out"": 128, ""occupancy"": 8}",2026.1.1.0 (build 37634170) (public-release),2026-Aug-13 16:16:00,13.2,/opt/nvidia/nsight-compute/2026.1.1/target/linux-desktop-glibc_2_11_3-x64/ncu --set full --import-source on --replay-mode application --cache-control none --app-replay-mode strict --profile-from-start off --kernel-name regex:^(?:conv1d_kernel) --launch-skip 0 --launch-count 1 --force-overwrite -o /projects/kzhou6/bcui2/research/tilebench/Tilebench/tilebench_run/ncu/1d_conv/cutile_fp16 /projects/kzhou6/bcui2/env_software/miniconda3/envs/tilebench_env/bin/python /projects/kzhou6/bcui2/research/tilebench/Tilebench/tilebench_run/ncu_generic_harness.py,4.4961,1.2986
B200/cutile/1d_conv/fp32,B200,cutile,1d_conv,fp32,712e3c5d9c347ede3b49657f0534bf471eca63bf61dbaf2f264416e44eca19cb,"{""L"":2621440,""batch"":1,""groups"":1,""in_channels"":128,""kernel_size"":3,""out_channels"":128,""padding"":1,""stride"":1}",full,application,NVIDIA_B200/1d_conv/cutile_fp32.ncu-rep,9f7b3ecbb4d002c836e5e45310849199690d1ad92e309bd98059218c8e69cf12,local_copy_sha256_identical_to_hf,bcui2/NCU_report@21037737b7e371d38f3d029367dc3967d5b31a23,matched,not_recorded,1,params+winner from NCU catalogue | B200 Triton/cuTile profiling source not recorded (developer_guide: Profiling inventory),ok,conv1d_kernel_Kt1_A1f32_1i16t1_p16_A1f32_1i16t1_p16_A1f32_1i16t1_p16_Si32_Si32_Si32_Si32_Si32_Si32_Si32_Si32_Si32_Si32_Si32_Si32_Si32_Si32_Si32_Si32_Si32_Si32_Si32_I128_I32_I64,1,1,"{""block_bl"": 128, ""block_in"": 32, ""block_out"": 64, ""occupancy"": 4}",2026.1.1.0 (build 37634170) (public-release),2026-Aug-13 16:23:03,13.2,/opt/nvidia/nsight-compute/2026.1.1/target/linux-desktop-glibc_2_11_3-x64/ncu --set full --import-source on --replay-mode application --cache-control none --app-replay-mode strict --profile-from-start off --kernel-name regex:^(?:conv1d_kernel) --launch-skip 0 --launch-count 1 --force-overwrite -o /projects/kzhou6/bcui2/research/tilebench/Tilebench/tilebench_run/ncu/1d_conv/cutile_fp32 /projects/kzhou6/bcui2/env_software/miniconda3/envs/tilebench_env/bin/python /projects/kzhou6/bcui2/research/tilebench/Tilebench/tilebench_run/ncu_generic_harness.py,5.3006,1.7185
B200/tilelang/1d_conv/fp16,B200,tilelang,1d_conv,fp16,4b8e7fcaf46e52aecfde43c9c64e1a856dd12cb98ad21ace0c8564d2b7471faf,"{""L"":2621440,""batch"":1,""groups"":1,""in_channels"":128,""kernel_size"":3,""out_channels"":128,""padding"":1,""stride"":1}",full,application,NVIDIA_B200/1d_conv/tilelang_fp16.ncu-rep,93a4ee017cc3e4e4506aa55aa81794fc8e92311db82d71bf8ed9b5046cfc4c5a,local_copy_sha256_identical_to_hf,bcui2/NCU_report@21037737b7e371d38f3d029367dc3967d5b31a23,matched,not_recorded,1,"params from the B200 NCU catalogue (HF PR #2: TileLang reports use the catalogued maximum input); winner from origin/archive/raw-logs-2026-09-18:results/B200/logs/autotune_logs/1d_conv_tilelang_autotune.json | B200 TileLang reports (HF PR #2): source commit not stated; paper-era packages, recorded autotune winner, catalogued max input",ok,conv1d_kernel_kernel,,,"{""BLOCK_SIZE_BATCH_LENGTH"": 128, ""BLOCK_SIZE_IN_FEAT"": 64, ""BLOCK_SIZE_OUT_FEAT"": 128, ""num_stages"": 3, ""threads"": 128}",2026.1.1.0 (build 37634170) (public-release),2026-Oct-04 15:30:28,13.2,/opt/nvidia/nsight-compute/2026.1.1/target/linux-desktop-glibc_2_11_3-x64/ncu --profile-from-start off --cache-control none --replay-mode application --import-source on --force-overwrite --app-replay-mode strict --kernel-name regex:^(?:conv1d_kernel_kernel) --launch-count 1 --set full --metrics smsp__inst_executed.sum -o /home/arustagi/repos/Tilebench-profile-study/profile/1d_conv/tilelang_ncu_dataset_cuda130_20261003_fp16/reports/full /scratch/arustagi/tilebench_pdf_env/bin/python /home/arustagi/repos/Tilebench-profile-study/profile/dsl_perf_study/tilelang_dataset_harness.py,16.8168,1.2986
B200/tilelang/1d_conv/fp32,B200,tilelang,1d_conv,fp32,712e3c5d9c347ede3b49657f0534bf471eca63bf61dbaf2f264416e44eca19cb,"{""L"":2621440,""batch"":1,""groups"":1,""in_channels"":128,""kernel_size"":3,""out_channels"":128,""padding"":1,""stride"":1}",full,application,NVIDIA_B200/1d_conv/tilelang_fp32.ncu-rep,f781dd8f26be1591b7bd9cd03a1742487000b1d450de0904dba31bb0d3c1e078,local_copy_sha256_identical_to_hf,bcui2/NCU_report@21037737b7e371d38f3d029367dc3967d5b31a23,matched,not_recorded,1,"params from the B200 NCU catalogue (HF PR #2: TileLang reports use the catalogued maximum input); winner from origin/archive/raw-logs-2026-09-18:results/B200/logs/autotune_logs/1d_conv_tilelang_autotune.json | B200 TileLang reports (HF PR #2): source commit not stated; paper-era packages, recorded autotune winner, catalogued max input",ok,conv1d_kernel_kernel,,,"{""BLOCK_SIZE_BATCH_LENGTH"": 64, ""BLOCK_SIZE_IN_FEAT"": 16, ""BLOCK_SIZE_OUT_FEAT"": 128, ""num_stages"": 3, ""threads"": 64}",2026.1.1.0 (build 37634170) (public-release),2026-Oct-04 15:41:52,13.2,/opt/nvidia/nsight-compute/2026.1.1/target/linux-desktop-glibc_2_11_3-x64/ncu --profile-from-start off --cache-control none --replay-mode application --import-source on --force-overwrite --app-replay-mode strict --kernel-name regex:^(?:conv1d_kernel_kernel) --launch-count 1 --set full --metrics smsp__inst_executed.sum -o /home/arustagi/repos/Tilebench-profile-study/profile/1d_conv/tilelang_ncu_dataset_cuda130_20261003_fp32/reports/full /scratch/arustagi/tilebench_pdf_env/bin/python /home/arustagi/repos/Tilebench-profile-study/profile/dsl_perf_study/tilelang_dataset_harness.py,14.2786,1.7185
B200/triton/1d_conv/fp16,B200,triton,1d_conv,fp16,4b8e7fcaf46e52aecfde43c9c64e1a856dd12cb98ad21ace0c8564d2b7471faf,"{""L"":2621440,""batch"":1,""groups"":1,""in_channels"":128,""kernel_size"":3,""out_channels"":128,""padding"":1,""stride"":1}",full,application,NVIDIA_B200/1d_conv/triton_fp16.ncu-rep,becde087f8c4856be2c1b987d671366723883acd20fc7bf78c41e7a07ed2ce67,local_copy_sha256_identical_to_hf,bcui2/NCU_report@21037737b7e371d38f3d029367dc3967d5b31a23,matched,not_recorded,1,params+winner from NCU catalogue | B200 Triton/cuTile profiling source not recorded (developer_guide: Profiling inventory),ok,conv1d_kernel,1,1,"{""BLOCK_SIZE_BATCH_LENGTH"": 128, ""BLOCK_SIZE_IN_FEAT"": 32, ""BLOCK_SIZE_OUT_FEAT"": 128, ""num_stages"": 3, ""num_warps"": 8}",2026.1.1.0 (build 37634170) (public-release),2026-Aug-13 16:12:30,13.2,/opt/nvidia/nsight-compute/2026.1.1/target/linux-desktop-glibc_2_11_3-x64/ncu --set full --import-source on --replay-mode application --cache-control none --app-replay-mode strict --profile-from-start off --kernel-name regex:^(?:conv1d_kernel) --launch-skip 0 --launch-count 1 --force-overwrite -o /projects/kzhou6/bcui2/research/tilebench/Tilebench/tilebench_run/ncu/1d_conv/triton_fp16 /projects/kzhou6/bcui2/env_software/miniconda3/envs/tilebench_env/bin/python /projects/kzhou6/bcui2/research/tilebench/Tilebench/tilebench_run/ncu_generic_harness.py,2.5153,1.2986
B200/triton/1d_conv/fp32,B200,triton,1d_conv,fp32,712e3c5d9c347ede3b49657f0534bf471eca63bf61dbaf2f264416e44eca19cb,"{""L"":2621440,""batch"":1,""groups"":1,""in_channels"":128,""kernel_size"":3,""out_channels"":128,""padding"":1,""stride"":1}",full,application,NVIDIA_B200/1d_conv/triton_fp32.ncu-rep,c19ce6c8370373cc71f93ed9fbb57c6d7583c0a9c035430081b3971ffa98bb79,local_copy_sha256_identical_to_hf,bcui2/NCU_report@21037737b7e371d38f3d029367dc3967d5b31a23,matched,not_recorded,1,params+winner from NCU catalogue | B200 Triton/cuTile profiling source not recorded (developer_guide: Profiling inventory),ok,conv1d_kernel,1,1,"{""BLOCK_SIZE_BATCH_LENGTH"": 64, ""BLOCK_SIZE_IN_FEAT"": 16, ""BLOCK_SIZE_OUT_FEAT"": 128, ""num_stages"": 3, ""num_warps"": 4}",2026.1.1.0 (build 37634170) (public-release),2026-Aug-13 16:19:33,13.2,/opt/nvidia/nsight-compute/2026.1.1/target/linux-desktop-glibc_2_11_3-x64/ncu --set full --import-source on --replay-mode application --cache-control none --app-replay-mode strict --profile-from-start off --kernel-name regex:^(?:conv1d_kernel) --launch-skip 0 --launch-count 1 --force-overwrite -o /projects/kzhou6/bcui2/research/tilebench/Tilebench/tilebench_run/ncu/1d_conv/triton_fp32 /projects/kzhou6/bcui2/env_software/miniconda3/envs/tilebench_env/bin/python /projects/kzhou6/bcui2/research/tilebench/Tilebench/tilebench_run/ncu_generic_harness.py,3.0636,1.7185
B200/cutile/2d_conv/fp16,B200,cutile,2d_conv,fp16,3a18138bc42e2cc33718fb925d637a175c459a40bc68c628081e0f23a7824504,"{""H"":320,""batch"":1,""groups"":1,""in_channels"":128,""kernel_size"":3,""out_channels"":128,""padding"":1,""stride"":1}",full,application,NVIDIA_B200/2d_conv/cutile_fp16.ncu-rep,751c040ba72fafc08b67ca49764f84f0f6f67d216906e2266d213568aad70e3f,local_copy_sha256_identical_to_hf,bcui2/NCU_report@21037737b7e371d38f3d029367dc3967d5b31a23,matched,not_recorded,1,params+winner from NCU catalogue | B200 Triton/cuTile profiling source not recorded (developer_guide: Profiling inventory),ok,conv2d_kernel_Kt1_A1f16_1i16t1_p16_A1f16_1i16t1_p16_A1f16_1i16t1_p16_Si32_Si32_Si32_Si32_Si32_Si32_Si32_Si32_Si32_Si32_Si32_Si32_Si32_Si32_Si32_Si32_Si32_Si32_Si32_Si32_Si32_Si32_Si32_Si32_Si32_Si32_Si32_I32_I32_I128,1,1,"{""block_bhw"": 32, ""block_in"": 32, ""block_out"": 128, ""occupancy"": 4}",2026.1.1.0 (build 37634170) (public-release),2026-Aug-13 16:16:01,13.2,/opt/nvidia/nsight-compute/2026.1.1/target/linux-desktop-glibc_2_11_3-x64/ncu --set full --import-source on --replay-mode application --cache-control none --app-replay-mode strict --profile-from-start off --kernel-name regex:^(?:conv2d_kernel) --launch-skip 0 --launch-count 1 --force-overwrite -o /projects/kzhou6/bcui2/research/tilebench/Tilebench/tilebench_run/ncu/2d_conv/cutile_fp16 /projects/kzhou6/bcui2/env_software/miniconda3/envs/tilebench_env/bin/python /projects/kzhou6/bcui2/research/tilebench/Tilebench/tilebench_run/ncu_generic_harness.py,0.7815,0.0980
B200/cutile/2d_conv/fp32,B200,cutile,2d_conv,fp32,4f40a0ecdcb0632c2f5c784657e624b827b20f88d64468fc84a4987c1bd90d03,"{""H"":320,""batch"":1,""groups"":1,""in_channels"":128,""kernel_size"":3,""out_channels"":128,""padding"":1,""stride"":1}",full,application,NVIDIA_B200/2d_conv/cutile_fp32.ncu-rep,f597ab41271f50e9d5eab928e857889e9c58c778f0c606d22eb18fa487e9c4d1,local_copy_sha256_identical_to_hf,bcui2/NCU_report@21037737b7e371d38f3d029367dc3967d5b31a23,matched,not_recorded,1,params+winner from NCU catalogue | B200 Triton/cuTile profiling source not recorded (developer_guide: Profiling inventory),ok,conv2d_kernel_Kt1_A1f32_1i16t1_p16_A1f32_1i16t1_p16_A1f32_1i16t1_p16_Si32_Si32_Si32_Si32_Si32_Si32_Si32_Si32_Si32_Si32_Si32_Si32_Si32_Si32_Si32_Si32_Si32_Si32_Si32_Si32_Si32_Si32_Si32_Si32_Si32_Si32_Si32_I32_I32_I128,1,1,"{""block_bhw"": 32, ""block_in"": 32, ""block_out"": 128, ""occupancy"": 4}",2026.1.1.0 (build 37634170) (public-release),2026-Aug-13 16:23:04,13.2,/opt/nvidia/nsight-compute/2026.1.1/target/linux-desktop-glibc_2_11_3-x64/ncu --set full --import-source on --replay-mode application --cache-control none --app-replay-mode strict --profile-from-start off --kernel-name regex:^(?:conv2d_kernel) --launch-skip 0 --launch-count 1 --force-overwrite -o /projects/kzhou6/bcui2/research/tilebench/Tilebench/tilebench_run/ncu/2d_conv/cutile_fp32 /projects/kzhou6/bcui2/env_software/miniconda3/envs/tilebench_env/bin/python /projects/kzhou6/bcui2/research/tilebench/Tilebench/tilebench_run/ncu_generic_harness.py,0.9153,0.1034
B200/tilelang/2d_conv/fp16,B200,tilelang,2d_conv,fp16,3a18138bc42e2cc33718fb925d637a175c459a40bc68c628081e0f23a7824504,"{""H"":320,""batch"":1,""groups"":1,""in_channels"":128,""kernel_size"":3,""out_channels"":128,""padding"":1,""stride"":1}",full,application,NVIDIA_B200/2d_conv/tilelang_fp16.ncu-rep,4f1aa32753a4ceeec0234d44a823f227b4d3af61d1fd34223555accdc727e96d,local_copy_sha256_identical_to_hf,bcui2/NCU_report@21037737b7e371d38f3d029367dc3967d5b31a23,matched,not_recorded,1,"params from the B200 NCU catalogue (HF PR #2: TileLang reports use the catalogued maximum input); winner from origin/archive/raw-logs-2026-09-18:results/B200/logs/autotune_logs/2d_conv_tilelang_autotune.json | B200 TileLang reports (HF PR #2): source commit not stated; paper-era packages, recorded autotune winner, catalogued max input",ok,conv2d_kernel_kernel,,,"{""BLOCK_SIZE_BATCH_HEIGHT_WIDTH"": 128, ""BLOCK_SIZE_IN_FEAT"": 32, ""BLOCK_SIZE_OUT_FEAT"": 128, ""num_stages"": 3, ""threads"": 128}",2026.1.1.0 (build 37634170) (public-release),2026-Oct-04 15:52:59,13.2,/opt/nvidia/nsight-compute/2026.1.1/target/linux-desktop-glibc_2_11_3-x64/ncu --profile-from-start off --cache-control none --replay-mode application --import-source on --force-overwrite --app-replay-mode strict --kernel-name regex:^(?:conv2d_kernel_kernel) --launch-count 1 --set full --metrics smsp__inst_executed.sum -o /home/arustagi/repos/Tilebench-profile-study/profile/2d_conv/tilelang_ncu_dataset_cuda130_20261003_fp16/reports/full /scratch/arustagi/tilebench_pdf_env/bin/python /home/arustagi/repos/Tilebench-profile-study/profile/dsl_perf_study/tilelang_dataset_harness.py,1.8189,0.0980
B200/tilelang/2d_conv/fp32,B200,tilelang,2d_conv,fp32,4f40a0ecdcb0632c2f5c784657e624b827b20f88d64468fc84a4987c1bd90d03,"{""H"":320,""batch"":1,""groups"":1,""in_channels"":128,""kernel_size"":3,""out_channels"":128,""padding"":1,""stride"":1}",full,application,NVIDIA_B200/2d_conv/tilelang_fp32.ncu-rep,e478b9e6195e56bc9beb6a20b433564eef5731493ca7541a307ec2beb44b950f,local_copy_sha256_identical_to_hf,bcui2/NCU_report@21037737b7e371d38f3d029367dc3967d5b31a23,matched,not_recorded,1,"params from the B200 NCU catalogue (HF PR #2: TileLang reports use the catalogued maximum input); winner from origin/archive/raw-logs-2026-09-18:results/B200/logs/autotune_logs/2d_conv_tilelang_autotune.json | B200 TileLang reports (HF PR #2): source commit not stated; paper-era packages, recorded autotune winner, catalogued max input",ok,conv2d_kernel_kernel,,,"{""BLOCK_SIZE_BATCH_HEIGHT_WIDTH"": 64, ""BLOCK_SIZE_IN_FEAT"": 16, ""BLOCK_SIZE_OUT_FEAT"": 128, ""num_stages"": 4, ""threads"": 64}",2026.1.1.0 (build 37634170) (public-release),2026-Oct-04 16:04:05,13.2,/opt/nvidia/nsight-compute/2026.1.1/target/linux-desktop-glibc_2_11_3-x64/ncu --profile-from-start off --cache-control none --replay-mode application --import-source on --force-overwrite --app-replay-mode strict --kernel-name regex:^(?:conv2d_kernel_kernel) --launch-count 1 --set full --metrics smsp__inst_executed.sum -o /home/arustagi/repos/Tilebench-profile-study/profile/2d_conv/tilelang_ncu_dataset_cuda130_20261003_fp32/reports/full /scratch/arustagi/tilebench_pdf_env/bin/python /home/arustagi/repos/Tilebench-profile-study/profile/dsl_perf_study/tilelang_dataset_harness.py,1.6999,0.1034
B200/triton/2d_conv/fp16,B200,triton,2d_conv,fp16,3a18138bc42e2cc33718fb925d637a175c459a40bc68c628081e0f23a7824504,"{""H"":320,""batch"":1,""groups"":1,""in_channels"":128,""kernel_size"":3,""out_channels"":128,""padding"":1,""stride"":1}",full,application,NVIDIA_B200/2d_conv/triton_fp16.ncu-rep,59d723752b1b4dc8c70b6a80a5f64856136878a973d8f3e67ea1cd69e092dce6,local_copy_sha256_identical_to_hf,bcui2/NCU_report@21037737b7e371d38f3d029367dc3967d5b31a23,matched,not_recorded,1,params+winner from NCU catalogue | B200 Triton/cuTile profiling source not recorded (developer_guide: Profiling inventory),ok,conv2d_kernel,1,1,"{""BLOCK_SIZE_BATCH_HEIGHT_WIDTH"": 128, ""BLOCK_SIZE_IN_FEAT"": 64, ""BLOCK_SIZE_OUT_FEAT"": 64, ""num_stages"": 4, ""num_warps"": 4}",2026.1.1.0 (build 37634170) (public-release),2026-Aug-13 16:12:35,13.2,/opt/nvidia/nsight-compute/2026.1.1/target/linux-desktop-glibc_2_11_3-x64/ncu --set full --import-source on --replay-mode application --cache-control none --app-replay-mode strict --profile-from-start off --kernel-name regex:^(?:conv2d_kernel) --launch-skip 0 --launch-count 1 --force-overwrite -o /projects/kzhou6/bcui2/research/tilebench/Tilebench/tilebench_run/ncu/2d_conv/triton_fp16 /projects/kzhou6/bcui2/env_software/miniconda3/envs/tilebench_env/bin/python /projects/kzhou6/bcui2/research/tilebench/Tilebench/tilebench_run/ncu_generic_harness.py,0.5386,0.0980
B200/triton/2d_conv/fp32,B200,triton,2d_conv,fp32,4f40a0ecdcb0632c2f5c784657e624b827b20f88d64468fc84a4987c1bd90d03,"{""H"":320,""batch"":1,""groups"":1,""in_channels"":128,""kernel_size"":3,""out_channels"":128,""padding"":1,""stride"":1}",full,application,NVIDIA_B200/2d_conv/triton_fp32.ncu-rep,7cccadc88248dbdae22751af29cda47a279b3231195e28924396690fbf40d206,local_copy_sha256_identical_to_hf,bcui2/NCU_report@21037737b7e371d38f3d029367dc3967d5b31a23,matched,not_recorded,1,params+winner from NCU catalogue | B200 Triton/cuTile profiling source not recorded (developer_guide: Profiling inventory),ok,conv2d_kernel,1,1,"{""BLOCK_SIZE_BATCH_HEIGHT_WIDTH"": 64, ""BLOCK_SIZE_IN_FEAT"": 16, ""BLOCK_SIZE_OUT_FEAT"": 128, ""num_stages"": 3, ""num_warps"": 4}",2026.1.1.0 (build 37634170) (public-release),2026-Aug-13 16:19:34,13.2,/opt/nvidia/nsight-compute/2026.1.1/target/linux-desktop-glibc_2_11_3-x64/ncu --set full --import-source on --replay-mode application --cache-control none --app-replay-mode strict --profile-from-start off --kernel-name regex:^(?:conv2d_kernel) --launch-skip 0 --launch-count 1 --force-overwrite -o /projects/kzhou6/bcui2/research/tilebench/Tilebench/tilebench_run/ncu/2d_conv/triton_fp32 /projects/kzhou6/bcui2/env_software/miniconda3/envs/tilebench_env/bin/python /projects/kzhou6/bcui2/research/tilebench/Tilebench/tilebench_run/ncu_generic_harness.py,0.6098,0.1034
B200/cutile/2d_max_pooling/bf16,B200,cutile,2d_max_pooling,bf16,ca5ed0d22726ffbc1dad6e5a951afd6155a6c868f2a234e32fca96997e4da21e,"{""C"":128,""H"":640,""N"":4,""kernel_size"":3,""padding"":1,""stride"":2}",full,application,NVIDIA_B200/2d_max_pooling/cutile_bf16.ncu-rep,c45c45862e7e6ce64faeb315086a450255f0d9d94c41c94d5a8ae8abacfdcd91,local_copy_sha256_identical_to_hf,bcui2/NCU_report@21037737b7e371d38f3d029367dc3967d5b31a23,matched,not_recorded,1,params+winner from NCU catalogue | B200 Triton/cuTile profiling source not recorded (developer_guide: Profiling inventory),ok,max_pool2d_kernel_Kt1_A3bf16_3v8l0_4t1_7i16_p16_A3bf16_3v8l0_4t1_7i16_p16_I3_I2_I1_I4_I128,1,1,"{""occupancy"": 8, ""tile_c"": 128, ""tile_r"": 4}",2026.1.1.0 (build 37634170) (public-release),2026-Aug-13 16:36:26,13.2,/opt/nvidia/nsight-compute/2026.1.1/target/linux-desktop-glibc_2_11_3-x64/ncu --set full --import-source on --replay-mode application --cache-control none --app-replay-mode strict --profile-from-start off --kernel-name regex:^(?:max_pool2d_kernel) --launch-skip 0 --launch-count 1 --force-overwrite -o /projects/kzhou6/bcui2/research/tilebench/Tilebench/tilebench_run/ncu/2d_max_pooling/cutile_bf16 /projects/kzhou6/bcui2/env_software/miniconda3/envs/tilebench_env/bin/python /projects/kzhou6/bcui2/research/tilebench/Tilebench/tilebench_run/ncu_generic_harness.py,0.2805,0.7003
B200/cutile/2d_max_pooling/fp16,B200,cutile,2d_max_pooling,fp16,a62dd33d8cf847fc0c94e233e07fda6ce09680cca78ac354a83c4541f3b8af17,"{""C"":128,""H"":640,""N"":4,""kernel_size"":3,""padding"":1,""stride"":2}",full,application,NVIDIA_B200/2d_max_pooling/cutile_fp16.ncu-rep,8ad9ef4bce970ed9d8f0fb4601fabb9d2b33ed7c417e88d34acd10865b9a9c20,local_copy_sha256_identical_to_hf,bcui2/NCU_report@21037737b7e371d38f3d029367dc3967d5b31a23,matched,not_recorded,1,params+winner from NCU catalogue | B200 Triton/cuTile profiling source not recorded (developer_guide: Profiling inventory),ok,max_pool2d_kernel_Kt1_A3f16_3v8l0_4t1_7i16_p16_A3f16_3v8l0_4t1_7i16_p16_I3_I2_I1_I4_I128,1,1,"{""occupancy"": 8, ""tile_c"": 128, ""tile_r"": 4}",2026.1.1.0 (build 37634170) (public-release),2026-Aug-13 16:29:46,13.2,/opt/nvidia/nsight-compute/2026.1.1/target/linux-desktop-glibc_2_11_3-x64/ncu --set full --import-source on --replay-mode application --cache-control none --app-replay-mode strict --profile-from-start off --kernel-name regex:^(?:max_pool2d_kernel) --launch-skip 0 --launch-count 1 --force-overwrite -o /projects/kzhou6/bcui2/research/tilebench/Tilebench/tilebench_run/ncu/2d_max_pooling/cutile_fp16 /projects/kzhou6/bcui2/env_software/miniconda3/envs/tilebench_env/bin/python /projects/kzhou6/bcui2/research/tilebench/Tilebench/tilebench_run/ncu_generic_harness.py,0.2805,0.6836
B200/cutile/2d_max_pooling/fp32,B200,cutile,2d_max_pooling,fp32,e3728773dce74b72c56e2809d872162f5f603a5da71e61fece031a965e2d2cbf,"{""C"":128,""H"":640,""N"":4,""kernel_size"":3,""padding"":1,""stride"":2}",full,application,NVIDIA_B200/2d_max_pooling/cutile_fp32.ncu-rep,b0045afa02ae34c6dbe800217045a74e5594786d8260212e6b7f7e955e7c560f,local_copy_sha256_identical_to_hf,bcui2/NCU_report@21037737b7e371d38f3d029367dc3967d5b31a23,matched,not_recorded,1,params+winner from NCU catalogue | B200 Triton/cuTile profiling source not recorded (developer_guide: Profiling inventory),ok,max_pool2d_kernel_Kt1_A3f32_3v4l0_4t1_7i16_p16_A3f32_3v4l0_4t1_7i16_p16_I3_I2_I1_I4_I128,1,1,"{""occupancy"": 8, ""tile_c"": 128, ""tile_r"": 4}",2026.1.1.0 (build 37634170) (public-release),2026-Aug-13 16:43:04,13.2,/opt/nvidia/nsight-compute/2026.1.1/target/linux-desktop-glibc_2_11_3-x64/ncu --set full --import-source on --replay-mode application --cache-control none --app-replay-mode strict --profile-from-start off --kernel-name regex:^(?:max_pool2d_kernel) --launch-skip 0 --launch-count 1 --force-overwrite -o /projects/kzhou6/bcui2/research/tilebench/Tilebench/tilebench_run/ncu/2d_max_pooling/cutile_fp32 /projects/kzhou6/bcui2/env_software/miniconda3/envs/tilebench_env/bin/python /projects/kzhou6/bcui2/research/tilebench/Tilebench/tilebench_run/ncu_generic_harness.py,0.2995,0.6765
B200/tilelang/2d_max_pooling/bf16,B200,tilelang,2d_max_pooling,bf16,ca5ed0d22726ffbc1dad6e5a951afd6155a6c868f2a234e32fca96997e4da21e,"{""C"":128,""H"":640,""N"":4,""kernel_size"":3,""padding"":1,""stride"":2}",full,application,NVIDIA_B200/2d_max_pooling/tilelang_bf16.ncu-rep,192515985a9359bf1903424620ae9937bf0f6556f50fe038b8101b79f555f7bc,local_copy_sha256_identical_to_hf,bcui2/NCU_report@21037737b7e371d38f3d029367dc3967d5b31a23,matched,not_recorded,1,"params from the B200 NCU catalogue (HF PR #2: TileLang reports use the catalogued maximum input); winner from origin/archive/raw-logs-2026-09-18:results/B200/logs/autotune_logs/2d_max_pooling_tilelang_autotune.json | B200 TileLang reports (HF PR #2): source commit not stated; paper-era packages, recorded autotune winner, catalogued max input",ok,max_pool2d_kernel_kernel,,,"{""BLOCK_C"": 128, ""BLOCK_R"": 4, ""threads"": 128}",2026.1.1.0 (build 37634170) (public-release),2026-Oct-03 19:50:14,13.2,/opt/nvidia/nsight-compute/2026.1.1/target/linux-desktop-glibc_2_11_3-x64/ncu --profile-from-start off --cache-control none --replay-mode application --app-replay-mode strict --import-source on --force-overwrite --kernel-name regex:^(?:max_pool2d_kernel_kernel) --launch-count 1 --set full --metrics smsp__inst_executed.sum -o /home/arustagi/repos/Tilebench-profile-study/profile/2d_max_pooling/tilelang_ncu_dataset_cuda130_20261003_bf16/reports/full /scratch/arustagi/tilebench_pdf_env/bin/python /home/arustagi/repos/Tilebench-profile-study/profile/dsl_perf_study/tilelang_dataset_harness.py,0.1696,0.7003
B200/tilelang/2d_max_pooling/fp16,B200,tilelang,2d_max_pooling,fp16,a62dd33d8cf847fc0c94e233e07fda6ce09680cca78ac354a83c4541f3b8af17,"{""C"":128,""H"":640,""N"":4,""kernel_size"":3,""padding"":1,""stride"":2}",full,application,NVIDIA_B200/2d_max_pooling/tilelang_fp16.ncu-rep,e83a6803675078527c542b37e6b21da50d19e12ddf72d0e170ac52f277d483ee,local_copy_sha256_identical_to_hf,bcui2/NCU_report@21037737b7e371d38f3d029367dc3967d5b31a23,matched,not_recorded,1,"params from the B200 NCU catalogue (HF PR #2: TileLang reports use the catalogued maximum input); winner from origin/archive/raw-logs-2026-09-18:results/B200/logs/autotune_logs/2d_max_pooling_tilelang_autotune.json | B200 TileLang reports (HF PR #2): source commit not stated; paper-era packages, recorded autotune winner, catalogued max input",ok,max_pool2d_kernel_kernel,,,"{""BLOCK_C"": 128, ""BLOCK_R"": 4, ""threads"": 128}",2026.1.1.0 (build 37634170) (public-release),2026-Oct-03 20:01:13,13.2,/opt/nvidia/nsight-compute/2026.1.1/target/linux-desktop-glibc_2_11_3-x64/ncu --profile-from-start off --cache-control none --replay-mode application --app-replay-mode strict --import-source on --force-overwrite --kernel-name regex:^(?:max_pool2d_kernel_kernel) --launch-count 1 --set full --metrics smsp__inst_executed.sum -o /home/arustagi/repos/Tilebench-profile-study/profile/2d_max_pooling/tilelang_ncu_dataset_cuda130_20261003_fp16/reports/full /scratch/arustagi/tilebench_pdf_env/bin/python /home/arustagi/repos/Tilebench-profile-study/profile/dsl_perf_study/tilelang_dataset_harness.py,0.1696,0.6836
B200/tilelang/2d_max_pooling/fp32,B200,tilelang,2d_max_pooling,fp32,e3728773dce74b72c56e2809d872162f5f603a5da71e61fece031a965e2d2cbf,"{""C"":128,""H"":640,""N"":4,""kernel_size"":3,""padding"":1,""stride"":2}",full,application,NVIDIA_B200/2d_max_pooling/tilelang_fp32.ncu-rep,bc6a95918a9fa575db0518269c3ff5373b729ed98f65bdf401598b8a83379be8,local_copy_sha256_identical_to_hf,bcui2/NCU_report@21037737b7e371d38f3d029367dc3967d5b31a23,matched,not_recorded,1,"params from the B200 NCU catalogue (HF PR #2: TileLang reports use the catalogued maximum input); winner from origin/archive/raw-logs-2026-09-18:results/B200/logs/autotune_logs/2d_max_pooling_tilelang_autotune.json | B200 TileLang reports (HF PR #2): source commit not stated; paper-era packages, recorded autotune winner, catalogued max input",ok,max_pool2d_kernel_kernel,,,"{""BLOCK_C"": 512, ""BLOCK_R"": 1, ""threads"": 128}",2026.1.1.0 (build 37634170) (public-release),2026-Oct-03 20:12:07,13.2,/opt/nvidia/nsight-compute/2026.1.1/target/linux-desktop-glibc_2_11_3-x64/ncu --profile-from-start off --cache-control none --replay-mode application --app-replay-mode strict --import-source on --force-overwrite --kernel-name regex:^(?:max_pool2d_kernel_kernel) --launch-count 1 --set full --metrics smsp__inst_executed.sum -o /home/arustagi/repos/Tilebench-profile-study/profile/2d_max_pooling/tilelang_ncu_dataset_cuda130_20261003_fp32/reports/full /scratch/arustagi/tilebench_pdf_env/bin/python /home/arustagi/repos/Tilebench-profile-study/profile/dsl_perf_study/tilelang_dataset_harness.py,0.2063,0.6765
B200/triton/2d_max_pooling/bf16,B200,triton,2d_max_pooling,bf16,ca5ed0d22726ffbc1dad6e5a951afd6155a6c868f2a234e32fca96997e4da21e,"{""C"":128,""H"":640,""N"":4,""kernel_size"":3,""padding"":1,""stride"":2}",full,application,NVIDIA_B200/2d_max_pooling/triton_bf16.ncu-rep,eca219a996ce6f28b70e239122a64f2e19b7a3e227ff08b0caf932b622807418,local_copy_sha256_identical_to_hf,bcui2/NCU_report@21037737b7e371d38f3d029367dc3967d5b31a23,matched,not_recorded,1,params+winner from NCU catalogue | B200 Triton/cuTile profiling source not recorded (developer_guide: Profiling inventory),ok,max_pool2d_kernel,1,1,"{""BLOCK_C"": 512, ""BLOCK_R"": 1, ""num_warps"": 4}",2026.1.1.0 (build 37634170) (public-release),2026-Aug-13 16:33:08,13.2,/opt/nvidia/nsight-compute/2026.1.1/target/linux-desktop-glibc_2_11_3-x64/ncu --set full --import-source on --replay-mode application --cache-control none --app-replay-mode strict --profile-from-start off --kernel-name regex:^(?:max_pool2d_kernel) --launch-skip 0 --launch-count 1 --force-overwrite -o /projects/kzhou6/bcui2/research/tilebench/Tilebench/tilebench_run/ncu/2d_max_pooling/triton_bf16 /projects/kzhou6/bcui2/env_software/miniconda3/envs/tilebench_env/bin/python /projects/kzhou6/bcui2/research/tilebench/Tilebench/tilebench_run/ncu_generic_harness.py,0.2034,0.7003
B200/triton/2d_max_pooling/fp16,B200,triton,2d_max_pooling,fp16,a62dd33d8cf847fc0c94e233e07fda6ce09680cca78ac354a83c4541f3b8af17,"{""C"":128,""H"":640,""N"":4,""kernel_size"":3,""padding"":1,""stride"":2}",full,application,NVIDIA_B200/2d_max_pooling/triton_fp16.ncu-rep,b473558e89003d889bd400e2c80b2d6b78f4a6b7590637971c80c32dcdbda7c4,local_copy_sha256_identical_to_hf,bcui2/NCU_report@21037737b7e371d38f3d029367dc3967d5b31a23,matched,not_recorded,1,params+winner from NCU catalogue | B200 Triton/cuTile profiling source not recorded (developer_guide: Profiling inventory),ok,max_pool2d_kernel,1,1,"{""BLOCK_C"": 512, ""BLOCK_R"": 1, ""num_warps"": 4}",2026.1.1.0 (build 37634170) (public-release),2026-Aug-13 16:26:29,13.2,/opt/nvidia/nsight-compute/2026.1.1/target/linux-desktop-glibc_2_11_3-x64/ncu --set full --import-source on --replay-mode application --cache-control none --app-replay-mode strict --profile-from-start off --kernel-name regex:^(?:max_pool2d_kernel) --launch-skip 0 --launch-count 1 --force-overwrite -o /projects/kzhou6/bcui2/research/tilebench/Tilebench/tilebench_run/ncu/2d_max_pooling/triton_fp16 /projects/kzhou6/bcui2/env_software/miniconda3/envs/tilebench_env/bin/python /projects/kzhou6/bcui2/research/tilebench/Tilebench/tilebench_run/ncu_generic_harness.py,0.2017,0.6836
B200/triton/2d_max_pooling/fp32,B200,triton,2d_max_pooling,fp32,e3728773dce74b72c56e2809d872162f5f603a5da71e61fece031a965e2d2cbf,"{""C"":128,""H"":640,""N"":4,""kernel_size"":3,""padding"":1,""stride"":2}",full,application,NVIDIA_B200/2d_max_pooling/triton_fp32.ncu-rep,27f003e34847d42bb1a3c4c65c25f9143f7c10e14da58df9f5304de8a6bcc713,local_copy_sha256_identical_to_hf,bcui2/NCU_report@21037737b7e371d38f3d029367dc3967d5b31a23,matched,not_recorded,1,params+winner from NCU catalogue | B200 Triton/cuTile profiling source not recorded (developer_guide: Profiling inventory),ok,max_pool2d_kernel,1,1,"{""BLOCK_C"": 512, ""BLOCK_R"": 1, ""num_warps"": 4}",2026.1.1.0 (build 37634170) (public-release),2026-Aug-13 16:39:41,13.2,/opt/nvidia/nsight-compute/2026.1.1/target/linux-desktop-glibc_2_11_3-x64/ncu --set full --import-source on --replay-mode application --cache-control none --app-replay-mode strict --profile-from-start off --kernel-name regex:^(?:max_pool2d_kernel) --launch-skip 0 --launch-count 1 --force-overwrite -o /projects/kzhou6/bcui2/research/tilebench/Tilebench/tilebench_run/ncu/2d_max_pooling/triton_fp32 /projects/kzhou6/bcui2/env_software/miniconda3/envs/tilebench_env/bin/python /projects/kzhou6/bcui2/research/tilebench/Tilebench/tilebench_run/ncu_generic_harness.py,0.2257,0.6765
B200/cutile/3d_conv/fp16,B200,cutile,3d_conv,fp16,f68b4b9bbf6e6f6f3a7a6c89e64f4ccf6ae24a3f5f50888e1c2245c358eb3750,"{""D"":32,""H"":320,""batch"":1,""groups"":1,""in_channels"":64,""kernel_size"":3,""out_channels"":64,""padding"":1,""stride"":1}",full,application,NVIDIA_B200/3d_conv/cutile_fp16.ncu-rep,1d0cee82fd19b9f44ac5081708934ac7fb2d0bf0ad05fcc2a2849683bf987977,local_copy_sha256_identical_to_hf,bcui2/NCU_report@21037737b7e371d38f3d029367dc3967d5b31a23,matched,not_recorded,1,params+winner from NCU catalogue | B200 Triton/cuTile profiling source not recorded (developer_guide: Profiling inventory),ok,conv3d_kernel_Kt1_A1f16_1i16t1_p16_A1f16_1i16t1_p16_A1f16_1i16t1_p16_Si32_Si32_Si32_Si32_Si32_Si32_Si32_Si32_Si32_Si32_Si32_Si32_Si32_Si32_Si32_Si32_Si32_Si32_Si32_Si32_Si32_Si32_Si32_Si32_Si32_Si32_Si32_Si32_Si32_Si32_Si32_Si32_Si32_Si32_Si32_I128_I16_I64,1,1,"{""block_bdhw"": 128, ""block_in"": 16, ""block_out"": 64, ""occupancy"": 4}",2026.1.1.0 (build 37634170) (public-release),2026-Aug-13 16:11:58,13.2,/opt/nvidia/nsight-compute/2026.1.1/target/linux-desktop-glibc_2_11_3-x64/ncu --set full --import-source on --replay-mode application --cache-control none --app-replay-mode strict --profile-from-start off --kernel-name regex:^(?:conv3d_kernel) --launch-skip 0 --launch-count 1 --force-overwrite -o /projects/kzhou6/bcui2/research/tilebench/Tilebench/tilebench_run/ncu/3d_conv/cutile_fp16 /projects/kzhou6/bcui2/env_software/miniconda3/envs/tilebench_env/bin/python /projects/kzhou6/bcui2/research/tilebench/Tilebench/tilebench_run/ncu_generic_harness.py,35.8263,1.4166
B200/cutile/3d_conv/fp32,B200,cutile,3d_conv,fp32,9f39205a7239ff2dbec060a701e3ad4838b7d4d38a8f9776ef0ea2ba88bf04ff,"{""D"":32,""H"":320,""batch"":1,""groups"":1,""in_channels"":64,""kernel_size"":3,""out_channels"":64,""padding"":1,""stride"":1}",full,application,NVIDIA_B200/3d_conv/cutile_fp32.ncu-rep,202eb5612bb1b3e273e8a997b0693cee8ab6fbf073d80f5ca547c1e51e4cd558,local_copy_sha256_identical_to_hf,bcui2/NCU_report@21037737b7e371d38f3d029367dc3967d5b31a23,matched,not_recorded,1,params+winner from NCU catalogue | B200 Triton/cuTile profiling source not recorded (developer_guide: Profiling inventory),ok,conv3d_kernel_Kt1_A1f32_1i16t1_p16_A1f32_1i16t1_p16_A1f32_1i16t1_p16_Si32_Si32_Si32_Si32_Si32_Si32_Si32_Si32_Si32_Si32_Si32_Si32_Si32_Si32_Si32_Si32_Si32_Si32_Si32_Si32_Si32_Si32_Si32_Si32_Si32_Si32_Si32_Si32_Si32_Si32_Si32_Si32_Si32_Si32_Si32_I128_I16_I64,1,1,"{""block_bdhw"": 128, ""block_in"": 16, ""block_out"": 64, ""occupancy"": 4}",2026.1.1.0 (build 37634170) (public-release),2026-Aug-13 16:19:40,13.2,/opt/nvidia/nsight-compute/2026.1.1/target/linux-desktop-glibc_2_11_3-x64/ncu --set full --import-source on --replay-mode application --cache-control none --app-replay-mode strict --profile-from-start off --kernel-name regex:^(?:conv3d_kernel) --launch-skip 0 --launch-count 1 --force-overwrite -o /projects/kzhou6/bcui2/research/tilebench/Tilebench/tilebench_run/ncu/3d_conv/cutile_fp32 /projects/kzhou6/bcui2/env_software/miniconda3/envs/tilebench_env/bin/python /projects/kzhou6/bcui2/research/tilebench/Tilebench/tilebench_run/ncu_generic_harness.py,33.1650,2.0821
B200/tilelang/3d_conv/fp16,B200,tilelang,3d_conv,fp16,f68b4b9bbf6e6f6f3a7a6c89e64f4ccf6ae24a3f5f50888e1c2245c358eb3750,"{""D"":32,""H"":320,""batch"":1,""groups"":1,""in_channels"":64,""kernel_size"":3,""out_channels"":64,""padding"":1,""stride"":1}",full,application,NVIDIA_B200/3d_conv/tilelang_fp16.ncu-rep,a99cefaa63e0ba4893138d4adfc7089068e8f8698410c3199f6db7edb79f9087,local_copy_sha256_identical_to_hf,bcui2/NCU_report@21037737b7e371d38f3d029367dc3967d5b31a23,matched,not_recorded,1,"params from the B200 NCU catalogue (HF PR #2: TileLang reports use the catalogued maximum input); winner from origin/archive/raw-logs-2026-09-18:results/B200/logs/autotune_logs/3d_conv_tilelang_autotune.json | B200 TileLang reports (HF PR #2): source commit not stated; paper-era packages, recorded autotune winner, catalogued max input",ok,conv3d_kernel_kernel,,,"{""BLOCK_SIZE_BATCH_DHW"": 128, ""BLOCK_SIZE_IN_FEAT"": 16, ""BLOCK_SIZE_OUT_FEAT"": 128, ""num_stages"": 3, ""threads"": 128}",2026.1.1.0 (build 37634170) (public-release),2026-Oct-04 16:15:48,13.2,/opt/nvidia/nsight-compute/2026.1.1/target/linux-desktop-glibc_2_11_3-x64/ncu --profile-from-start off --cache-control none --replay-mode application --import-source on --force-overwrite --app-replay-mode strict --kernel-name regex:^(?:conv3d_kernel_kernel) --launch-count 1 --set full --metrics smsp__inst_executed.sum -o /home/arustagi/repos/Tilebench-profile-study/profile/3d_conv/tilelang_ncu_dataset_cuda130_20261003_fp16/reports/full /scratch/arustagi/tilebench_pdf_env/bin/python /home/arustagi/repos/Tilebench-profile-study/profile/dsl_perf_study/tilelang_dataset_harness.py,69.6940,1.4166
B200/tilelang/3d_conv/fp32,B200,tilelang,3d_conv,fp32,9f39205a7239ff2dbec060a701e3ad4838b7d4d38a8f9776ef0ea2ba88bf04ff,"{""D"":32,""H"":320,""batch"":1,""groups"":1,""in_channels"":64,""kernel_size"":3,""out_channels"":64,""padding"":1,""stride"":1}",full,application,NVIDIA_B200/3d_conv/tilelang_fp32.ncu-rep,139cf70700982cb2cba77be912f65c07e316f33afea2f968666cd25695183414,local_copy_sha256_identical_to_hf,bcui2/NCU_report@21037737b7e371d38f3d029367dc3967d5b31a23,matched,not_recorded,1,"params from the B200 NCU catalogue (HF PR #2: TileLang reports use the catalogued maximum input); winner from origin/archive/raw-logs-2026-09-18:results/B200/logs/autotune_logs/3d_conv_tilelang_autotune.json | B200 TileLang reports (HF PR #2): source commit not stated; paper-era packages, recorded autotune winner, catalogued max input",ok,conv3d_kernel_kernel,,,"{""BLOCK_SIZE_BATCH_DHW"": 128, ""BLOCK_SIZE_IN_FEAT"": 16, ""BLOCK_SIZE_OUT_FEAT"": 64, ""num_stages"": 2, ""threads"": 64}",2026.1.1.0 (build 37634170) (public-release),2026-Oct-04 16:27:57,13.2,/opt/nvidia/nsight-compute/2026.1.1/target/linux-desktop-glibc_2_11_3-x64/ncu --profile-from-start off --cache-control none --replay-mode application --import-source on --force-overwrite --app-replay-mode strict --kernel-name regex:^(?:conv3d_kernel_kernel) --launch-count 1 --set full --metrics smsp__inst_executed.sum -o /home/arustagi/repos/Tilebench-profile-study/profile/3d_conv/tilelang_ncu_dataset_cuda130_20261003_fp32/reports/full /scratch/arustagi/tilebench_pdf_env/bin/python /home/arustagi/repos/Tilebench-profile-study/profile/dsl_perf_study/tilelang_dataset_harness.py,51.3218,2.0821
B200/triton/3d_conv/fp16,B200,triton,3d_conv,fp16,f68b4b9bbf6e6f6f3a7a6c89e64f4ccf6ae24a3f5f50888e1c2245c358eb3750,"{""D"":32,""H"":320,""batch"":1,""groups"":1,""in_channels"":64,""kernel_size"":3,""out_channels"":64,""padding"":1,""stride"":1}",full,application,NVIDIA_B200/3d_conv/triton_fp16.ncu-rep,42d27cb6f6d7d3e5db806715f28a251e76ef71a28a37860f302967802965ddf2,local_copy_sha256_identical_to_hf,bcui2/NCU_report@21037737b7e371d38f3d029367dc3967d5b31a23,matched,not_recorded,1,params+winner from NCU catalogue | B200 Triton/cuTile profiling source not recorded (developer_guide: Profiling inventory),ok,conv3d_kernel,1,1,"{""BLOCK_SIZE_BATCH_DHW"": 128, ""BLOCK_SIZE_IN_FEAT"": 64, ""BLOCK_SIZE_OUT_FEAT"": 64, ""num_stages"": 2, ""num_warps"": 4}",2026.1.1.0 (build 37634170) (public-release),2026-Aug-13 16:08:06,13.2,/opt/nvidia/nsight-compute/2026.1.1/target/linux-desktop-glibc_2_11_3-x64/ncu --set full --import-source on --replay-mode application --cache-control none --app-replay-mode strict --profile-from-start off --kernel-name regex:^(?:conv3d_kernel) --launch-skip 0 --launch-count 1 --force-overwrite -o /projects/kzhou6/bcui2/research/tilebench/Tilebench/tilebench_run/ncu/3d_conv/triton_fp16 /projects/kzhou6/bcui2/env_software/miniconda3/envs/tilebench_env/bin/python /projects/kzhou6/bcui2/research/tilebench/Tilebench/tilebench_run/ncu_generic_harness.py,13.8689,1.4166
B200/triton/3d_conv/fp32,B200,triton,3d_conv,fp32,9f39205a7239ff2dbec060a701e3ad4838b7d4d38a8f9776ef0ea2ba88bf04ff,"{""D"":32,""H"":320,""batch"":1,""groups"":1,""in_channels"":64,""kernel_size"":3,""out_channels"":64,""padding"":1,""stride"":1}",full,application,NVIDIA_B200/3d_conv/triton_fp32.ncu-rep,6d44c98d3a2eeadda37cc58e8af7aae49c3436f526617a58df9dbf3f43412064,local_copy_sha256_identical_to_hf,bcui2/NCU_report@21037737b7e371d38f3d029367dc3967d5b31a23,matched,not_recorded,1,params+winner from NCU catalogue | B200 Triton/cuTile profiling source not recorded (developer_guide: Profiling inventory),ok,conv3d_kernel,1,1,"{""BLOCK_SIZE_BATCH_DHW"": 64, ""BLOCK_SIZE_IN_FEAT"": 64, ""BLOCK_SIZE_OUT_FEAT"": 64, ""num_stages"": 2, ""num_warps"": 4}",2026.1.1.0 (build 37634170) (public-release),2026-Aug-13 16:15:40,13.2,/opt/nvidia/nsight-compute/2026.1.1/target/linux-desktop-glibc_2_11_3-x64/ncu --set full --import-source on --replay-mode application --cache-control none --app-replay-mode strict --profile-from-start off --kernel-name regex:^(?:conv3d_kernel) --launch-skip 0 --launch-count 1 --force-overwrite -o /projects/kzhou6/bcui2/research/tilebench/Tilebench/tilebench_run/ncu/3d_conv/triton_fp32 /projects/kzhou6/bcui2/env_software/miniconda3/envs/tilebench_env/bin/python /projects/kzhou6/bcui2/research/tilebench/Tilebench/tilebench_run/ncu_generic_harness.py,18.2040,2.0821
B200/cutile/argmax/fp16,B200,cutile,argmax,fp16,9180fbc98a37a955d75622e65eef96901634ee8d8ae006560281f2f3b3558536,"{""M"":2048,""N"":20480}",full,application,NVIDIA_B200/argmax/cutile_fp16.ncu-rep,da7f989bb80c4067984a1c42ce5738eecf7b77aec999fdb914a14811c83401e3,local_copy_sha256_identical_to_hf,bcui2/NCU_report@21037737b7e371d38f3d029367dc3967d5b31a23,matched,not_recorded,1,params+winner from NCU catalogue | B200 Triton/cuTile profiling source not recorded (developer_guide: Profiling inventory),ok,argmax_rowwise_kernel_Kt1_A2f16_1v8l0_2t1_3i16_p16_A1i64_1i16t1_p16_I10_I2048,1,1,"{""block_n"": 2048, ""occupancy"": 16}",2026.1.1.0 (build 37634170) (public-release),2026-Aug-13 16:29:34,13.2,/opt/nvidia/nsight-compute/2026.1.1/target/linux-desktop-glibc_2_11_3-x64/ncu --set full --import-source on --replay-mode application --cache-control none --app-replay-mode strict --profile-from-start off --kernel-name regex:^(?:argmax_rowwise_kernel) --launch-skip 0 --launch-count 1 --force-overwrite -o /projects/kzhou6/bcui2/research/tilebench/Tilebench/tilebench_run/ncu/argmax/cutile_fp16 /projects/kzhou6/bcui2/env_software/miniconda3/envs/tilebench_env/bin/python /projects/kzhou6/bcui2/research/tilebench/Tilebench/tilebench_run/ncu_generic_harness.py,0.0301,0.0503
B200/cutile/argmax/fp32,B200,cutile,argmax,fp32,32e5bec55018dea2d8af92ed32e53d89d9a669bf25b1a6b71f487f300d3794bd,"{""M"":2048,""N"":20480}",full,application,NVIDIA_B200/argmax/cutile_fp32.ncu-rep,18fc9125cb6198f36c6dc91c80c489186b1129504349c0321d1027c4b0755fe0,local_copy_sha256_identical_to_hf,bcui2/NCU_report@21037737b7e371d38f3d029367dc3967d5b31a23,matched,not_recorded,1,params+winner from NCU catalogue | B200 Triton/cuTile profiling source not recorded (developer_guide: Profiling inventory),ok,argmax_rowwise_kernel_Kt1_A2f32_1v4l0_2t1_3i16_p16_A1i64_1i16t1_p16_I10_I2048,1,1,"{""block_n"": 2048, ""occupancy"": 32}",2026.1.1.0 (build 37634170) (public-release),2026-Aug-13 16:36:09,13.2,/opt/nvidia/nsight-compute/2026.1.1/target/linux-desktop-glibc_2_11_3-x64/ncu --set full --import-source on --replay-mode application --cache-control none --app-replay-mode strict --profile-from-start off --kernel-name regex:^(?:argmax_rowwise_kernel) --launch-skip 0 --launch-count 1 --force-overwrite -o /projects/kzhou6/bcui2/research/tilebench/Tilebench/tilebench_run/ncu/argmax/cutile_fp32 /projects/kzhou6/bcui2/env_software/miniconda3/envs/tilebench_env/bin/python /projects/kzhou6/bcui2/research/tilebench/Tilebench/tilebench_run/ncu_generic_harness.py,0.0358,0.0544
B200/tilelang/argmax/fp16,B200,tilelang,argmax,fp16,9180fbc98a37a955d75622e65eef96901634ee8d8ae006560281f2f3b3558536,"{""M"":2048,""N"":20480}",full,application,NVIDIA_B200/argmax/tilelang_fp16.ncu-rep,9e12149c900c0caae2df0912c4fa35ca703abd47b710c1f055d321a1e1942129,local_copy_sha256_identical_to_hf,bcui2/NCU_report@21037737b7e371d38f3d029367dc3967d5b31a23,matched,not_recorded,1,"params from the B200 NCU catalogue (HF PR #2: TileLang reports use the catalogued maximum input); winner from origin/archive/raw-logs-2026-09-18:results/B200/logs/autotune_logs/argmax_tilelang_autotune.json | B200 TileLang reports (HF PR #2): source commit not stated; paper-era packages, recorded autotune winner, catalogued max input",ok,argmax_rowwise_kernel_kernel,,,"{""BLOCK_N"": 2048, ""num_stages"": 2, ""threads"": 128}",2026.1.1.0 (build 37634170) (public-release),2026-Oct-03 20:23:25,13.2,/opt/nvidia/nsight-compute/2026.1.1/target/linux-desktop-glibc_2_11_3-x64/ncu --profile-from-start off --cache-control none --replay-mode application --app-replay-mode strict --import-source on --force-overwrite --kernel-name regex:^(?:argmax_rowwise_kernel_kernel) --launch-count 1 --set full --metrics smsp__inst_executed.sum -o /home/arustagi/repos/Tilebench-profile-study/profile/argmax/tilelang_ncu_dataset_cuda130_20261003_fp16/reports/full /scratch/arustagi/tilebench_pdf_env/bin/python /home/arustagi/repos/Tilebench-profile-study/profile/dsl_perf_study/tilelang_dataset_harness.py,0.0217,0.0503
B200/tilelang/argmax/fp32,B200,tilelang,argmax,fp32,32e5bec55018dea2d8af92ed32e53d89d9a669bf25b1a6b71f487f300d3794bd,"{""M"":2048,""N"":20480}",full,application,NVIDIA_B200/argmax/tilelang_fp32.ncu-rep,7fc09e46603096f80ffbcbdbec56dfc252c4dcd9418fe28a7e57558a11d8d524,local_copy_sha256_identical_to_hf,bcui2/NCU_report@21037737b7e371d38f3d029367dc3967d5b31a23,matched,not_recorded,1,"params from the B200 NCU catalogue (HF PR #2: TileLang reports use the catalogued maximum input); winner from origin/archive/raw-logs-2026-09-18:results/B200/logs/autotune_logs/argmax_tilelang_autotune.json | B200 TileLang reports (HF PR #2): source commit not stated; paper-era packages, recorded autotune winner, catalogued max input",ok,argmax_rowwise_kernel_kernel,,,"{""BLOCK_N"": 2048, ""num_stages"": 4, ""threads"": 128}",2026.1.1.0 (build 37634170) (public-release),2026-Oct-03 20:34:36,13.2,/opt/nvidia/nsight-compute/2026.1.1/target/linux-desktop-glibc_2_11_3-x64/ncu --profile-from-start off --cache-control none --replay-mode application --app-replay-mode strict --import-source on --force-overwrite --kernel-name regex:^(?:argmax_rowwise_kernel_kernel) --launch-count 1 --set full --metrics smsp__inst_executed.sum -o /home/arustagi/repos/Tilebench-profile-study/profile/argmax/tilelang_ncu_dataset_cuda130_20261003_fp32/reports/full /scratch/arustagi/tilebench_pdf_env/bin/python /home/arustagi/repos/Tilebench-profile-study/profile/dsl_perf_study/tilelang_dataset_harness.py,0.0352,0.0544
B200/triton/argmax/fp16,B200,triton,argmax,fp16,9180fbc98a37a955d75622e65eef96901634ee8d8ae006560281f2f3b3558536,"{""M"":2048,""N"":20480}",full,application,NVIDIA_B200/argmax/triton_fp16.ncu-rep,e50da3d78760d64455d20b3a232bc90e49fc7c498384de1c276f934204938084,local_copy_sha256_identical_to_hf,bcui2/NCU_report@21037737b7e371d38f3d029367dc3967d5b31a23,matched,not_recorded,1,params+winner from NCU catalogue | B200 Triton/cuTile profiling source not recorded (developer_guide: Profiling inventory),ok,argmax_rowwise_kernel,1,1,"{""BLOCK_N"": 2048, ""num_stages"": 4, ""num_warps"": 4}",2026.1.1.0 (build 37634170) (public-release),2026-Aug-13 16:26:21,13.2,/opt/nvidia/nsight-compute/2026.1.1/target/linux-desktop-glibc_2_11_3-x64/ncu --set full --import-source on --replay-mode application --cache-control none --app-replay-mode strict --profile-from-start off --kernel-name regex:^(?:argmax_rowwise_kernel) --launch-skip 0 --launch-count 1 --force-overwrite -o /projects/kzhou6/bcui2/research/tilebench/Tilebench/tilebench_run/ncu/argmax/triton_fp16 /projects/kzhou6/bcui2/env_software/miniconda3/envs/tilebench_env/bin/python /projects/kzhou6/bcui2/research/tilebench/Tilebench/tilebench_run/ncu_generic_harness.py,0.0298,0.0503
B200/triton/argmax/fp32,B200,triton,argmax,fp32,32e5bec55018dea2d8af92ed32e53d89d9a669bf25b1a6b71f487f300d3794bd,"{""M"":2048,""N"":20480}",full,application,NVIDIA_B200/argmax/triton_fp32.ncu-rep,b0174af662202eea1754e6397b87ba154aef5715ad9832374c70b046eb5bd559,local_copy_sha256_identical_to_hf,bcui2/NCU_report@21037737b7e371d38f3d029367dc3967d5b31a23,matched,not_recorded,1,params+winner from NCU catalogue | B200 Triton/cuTile profiling source not recorded (developer_guide: Profiling inventory),ok,argmax_rowwise_kernel,1,1,"{""BLOCK_N"": 1024, ""num_stages"": 2, ""num_warps"": 4}",2026.1.1.0 (build 37634170) (public-release),2026-Aug-13 16:32:55,13.2,/opt/nvidia/nsight-compute/2026.1.1/target/linux-desktop-glibc_2_11_3-x64/ncu --set full --import-source on --replay-mode application --cache-control none --app-replay-mode strict --profile-from-start off --kernel-name regex:^(?:argmax_rowwise_kernel) --launch-skip 0 --launch-count 1 --force-overwrite -o /projects/kzhou6/bcui2/research/tilebench/Tilebench/tilebench_run/ncu/argmax/triton_fp32 /projects/kzhou6/bcui2/env_software/miniconda3/envs/tilebench_env/bin/python /projects/kzhou6/bcui2/research/tilebench/Tilebench/tilebench_run/ncu_generic_harness.py,0.0401,0.0544
B200/cutile/batch_normalization/bf16,B200,cutile,batch_normalization,bf16,aa78a79824c7441528d242df29e69d411a666bfeb163b75caed2f540ae59a0f1,"{""C"":1024,""N"":20000,""eps"":1e-05}",full,application,NVIDIA_B200/batch_normalization/cutile_bf16.ncu-rep,e78d1a488e8cfebca95fa466dab3260438a457617ec25e89a49b0a809a5283a8,local_copy_sha256_identical_to_hf,bcui2/NCU_report@21037737b7e371d38f3d029367dc3967d5b31a23,matched,not_recorded,3,params+winner from NCU catalogue | B200 Triton/cuTile profiling source not recorded (developer_guide: Profiling inventory),ok,apply_batch_norm_kernel_Kt1_A2bf16_1v8l0_2t1_3i16_p16_A1bf16_1i16t1_p16_A1bf16_1i16t1_p16_A2bf16_1v8l0_2t1_3i16_p16_A1f32_1i16t1_p16_A1f32_1i16t1_p16_Si32_I1024_I1024_I16_I8;compute_block_sums_kernel_Kt1_A2bf16_1v8l0_2t1_3i16_p16_A2f32_1v4l0_2i16t1_p16_A2f32_1v4l0_2i16t1_p16_Si32_I1024_I1024_I64_I8;compute_mean_invstd_kernel_Kt1_A1f32_1i16t1_p16_A1f32_1i16t1_p16_A1f32_1i16t1_p16_A1f32_1i16t1_p16_Si32_Si32_Si32_I512_Sf32,3,3,"{""occupancy"": 8, ""rows"": 16}",2026.1.1.0 (build 37634170) (public-release),2026-Aug-13 16:35:05,13.2,/opt/nvidia/nsight-compute/2026.1.1/target/linux-desktop-glibc_2_11_3-x64/ncu --set full --import-source on --replay-mode application --cache-control none --app-replay-mode strict --profile-from-start off --kernel-name regex:^(?:apply_batch_norm_kernel|compute_block_sums_kernel|compute_mean_invstd_kernel) --launch-skip 0 --launch-count 3 --force-overwrite -o /projects/kzhou6/bcui2/research/tilebench/Tilebench/tilebench_run/ncu/batch_normalization/cutile_bf16 /projects/kzhou6/bcui2/env_software/miniconda3/envs/tilebench_env/bin/python /projects/kzhou6/bcui2/research/tilebench/Tilebench/tilebench_run/ncu_generic_harness.py,0.0416,0.1431
B200/cutile/batch_normalization/fp16,B200,cutile,batch_normalization,fp16,fd4e861375d0e88291e453533a53b6ac53c622082f43acae86ad42cc0814d3ab,"{""C"":1024,""N"":20000,""eps"":1e-05}",full,application,NVIDIA_B200/batch_normalization/cutile_fp16.ncu-rep,8a3ca17a7268c9f024ddf002b8e89154660c080f91ba4d71170bc6c99023e6cf,local_copy_sha256_identical_to_hf,bcui2/NCU_report@21037737b7e371d38f3d029367dc3967d5b31a23,matched,not_recorded,3,params+winner from NCU catalogue | B200 Triton/cuTile profiling source not recorded (developer_guide: Profiling inventory),ok,apply_batch_norm_kernel_Kt1_A2f16_1v8l0_2t1_3i16_p16_A1f16_1i16t1_p16_A1f16_1i16t1_p16_A2f16_1v8l0_2t1_3i16_p16_A1f32_1i16t1_p16_A1f32_1i16t1_p16_Si32_I1024_I1024_I16_I8;compute_block_sums_kernel_Kt1_A2f16_1v8l0_2t1_3i16_p16_A2f32_1v4l0_2i16t1_p16_A2f32_1v4l0_2i16t1_p16_Si32_I1024_I1024_I64_I8;compute_mean_invstd_kernel_Kt1_A1f32_1i16t1_p16_A1f32_1i16t1_p16_A1f32_1i16t1_p16_A1f32_1i16t1_p16_Si32_Si32_Si32_I512_Sf32,3,3,"{""occupancy"": 8, ""rows"": 16}",2026.1.1.0 (build 37634170) (public-release),2026-Aug-13 16:27:31,13.2,/opt/nvidia/nsight-compute/2026.1.1/target/linux-desktop-glibc_2_11_3-x64/ncu --set full --import-source on --replay-mode application --cache-control none --app-replay-mode strict --profile-from-start off --kernel-name regex:^(?:apply_batch_norm_kernel|compute_block_sums_kernel|compute_mean_invstd_kernel) --launch-skip 0 --launch-count 3 --force-overwrite -o /projects/kzhou6/bcui2/research/tilebench/Tilebench/tilebench_run/ncu/batch_normalization/cutile_fp16 /projects/kzhou6/bcui2/env_software/miniconda3/envs/tilebench_env/bin/python /projects/kzhou6/bcui2/research/tilebench/Tilebench/tilebench_run/ncu_generic_harness.py,0.0419,0.1419
B200/cutile/batch_normalization/fp32,B200,cutile,batch_normalization,fp32,c1cacc37ce10c27a8dbf1f7e33447c5ebf21ead1a4205edfdff6f8ee53d2eabf,"{""C"":1024,""N"":20000,""eps"":1e-05}",full,application,NVIDIA_B200/batch_normalization/cutile_fp32.ncu-rep,29b2022dc54e36111df00b235d5e954374d176dcb298b3670a71497ad1c8cebd,local_copy_sha256_identical_to_hf,bcui2/NCU_report@21037737b7e371d38f3d029367dc3967d5b31a23,matched,not_recorded,3,params+winner from NCU catalogue | B200 Triton/cuTile profiling source not recorded (developer_guide: Profiling inventory),ok,apply_batch_norm_kernel_Kt1_A2f32_1v4l0_2t1_3i16_p16_A1f32_1i16t1_p16_A1f32_1i16t1_p16_A2f32_1v4l0_2t1_3i16_p16_A1f32_1i16t1_p16_A1f32_1i16t1_p16_Si32_I1024_I1024_I8_I8;compute_block_sums_kernel_Kt1_A2f32_1v4l0_2t1_3i16_p16_A2f32_1v4l0_2i16t1_p16_A2f32_1v4l0_2i16t1_p16_Si32_I1024_I1024_I64_I8;compute_mean_invstd_kernel_Kt1_A1f32_1i16t1_p16_A1f32_1i16t1_p16_A1f32_1i16t1_p16_A1f32_1i16t1_p16_Si32_Si32_Si32_I512_Sf32,3,3,"{""occupancy"": 4, ""rows"": 8}",2026.1.1.0 (build 37634170) (public-release),2026-Aug-13 16:42:45,13.2,/opt/nvidia/nsight-compute/2026.1.1/target/linux-desktop-glibc_2_11_3-x64/ncu --set full --import-source on --replay-mode application --cache-control none --app-replay-mode strict --profile-from-start off --kernel-name regex:^(?:apply_batch_norm_kernel|compute_block_sums_kernel|compute_mean_invstd_kernel) --launch-skip 0 --launch-count 3 --force-overwrite -o /projects/kzhou6/bcui2/research/tilebench/Tilebench/tilebench_run/ncu/batch_normalization/cutile_fp32 /projects/kzhou6/bcui2/env_software/miniconda3/envs/tilebench_env/bin/python /projects/kzhou6/bcui2/research/tilebench/Tilebench/tilebench_run/ncu_generic_harness.py,0.0482,0.0950
B200/tilelang/batch_normalization/bf16,B200,tilelang,batch_normalization,bf16,aa78a79824c7441528d242df29e69d411a666bfeb163b75caed2f540ae59a0f1,"{""C"":1024,""N"":20000,""eps"":1e-05}",full,application,NVIDIA_B200/batch_normalization/tilelang_bf16.ncu-rep,d58f2e77f27e3af5a279108a9e446a04d47e85740b23d4c36316f95742bb1968,local_copy_sha256_identical_to_hf,bcui2/NCU_report@21037737b7e371d38f3d029367dc3967d5b31a23,matched,not_recorded,3,"params from the B200 NCU catalogue (HF PR #2: TileLang reports use the catalogued maximum input); winner from origin/archive/raw-logs-2026-09-18:results/B200/logs/autotune_logs/batch_normalization_tilelang_autotune.json | B200 TileLang reports (HF PR #2): source commit not stated; paper-era packages, recorded autotune winner, catalogued max input",ok,apply_batch_norm_kernel_kernel;compute_block_sums_kernel_kernel;compute_mean_invstd_kernel_kernel,,,"{""ROWS"": 8, ""threads"": 256}",2026.1.1.0 (build 37634170) (public-release),2026-Oct-03 20:46:18,13.2,/opt/nvidia/nsight-compute/2026.1.1/target/linux-desktop-glibc_2_11_3-x64/ncu --profile-from-start off --cache-control none --replay-mode application --app-replay-mode strict --import-source on --force-overwrite --kernel-name regex:^(?:apply_batch_norm_kernel_kernel|compute_block_sums_kernel_kernel|compute_mean_invstd_kernel_kernel) --launch-count 3 --set full --metrics smsp__inst_executed.sum -o /home/arustagi/repos/Tilebench-profile-study/profile/batch_normalization/tilelang_ncu_dataset_cuda130_20261003_bf16/reports/full /scratch/arustagi/tilebench_pdf_env/bin/python /home/arustagi/repos/Tilebench-profile-study/profile/dsl_perf_study/tilelang_dataset_harness.py,0.0256,0.1431
B200/tilelang/batch_normalization/fp16,B200,tilelang,batch_normalization,fp16,fd4e861375d0e88291e453533a53b6ac53c622082f43acae86ad42cc0814d3ab,"{""C"":1024,""N"":20000,""eps"":1e-05}",full,application,NVIDIA_B200/batch_normalization/tilelang_fp16.ncu-rep,c4b8b14a3ca353cfcb23a0bbbeceef0c83f132213b19859d4676bdb8cee3c3df,local_copy_sha256_identical_to_hf,bcui2/NCU_report@21037737b7e371d38f3d029367dc3967d5b31a23,matched,not_recorded,3,"params from the B200 NCU catalogue (HF PR #2: TileLang reports use the catalogued maximum input); winner from origin/archive/raw-logs-2026-09-18:results/B200/logs/autotune_logs/batch_normalization_tilelang_autotune.json | B200 TileLang reports (HF PR #2): source commit not stated; paper-era packages, recorded autotune winner, catalogued max input",ok,apply_batch_norm_kernel_kernel;compute_block_sums_kernel_kernel;compute_mean_invstd_kernel_kernel,,,"{""ROWS"": 8, ""threads"": 256}",2026.1.1.0 (build 37634170) (public-release),2026-Oct-03 20:57:55,13.2,/opt/nvidia/nsight-compute/2026.1.1/target/linux-desktop-glibc_2_11_3-x64/ncu --profile-from-start off --cache-control none --replay-mode application --app-replay-mode strict --import-source on --force-overwrite --kernel-name regex:^(?:apply_batch_norm_kernel_kernel|compute_block_sums_kernel_kernel|compute_mean_invstd_kernel_kernel) --launch-count 3 --set full --metrics smsp__inst_executed.sum -o /home/arustagi/repos/Tilebench-profile-study/profile/batch_normalization/tilelang_ncu_dataset_cuda130_20261003_fp16/reports/full /scratch/arustagi/tilebench_pdf_env/bin/python /home/arustagi/repos/Tilebench-profile-study/profile/dsl_perf_study/tilelang_dataset_harness.py,0.0257,0.1419
B200/tilelang/batch_normalization/fp32,B200,tilelang,batch_normalization,fp32,c1cacc37ce10c27a8dbf1f7e33447c5ebf21ead1a4205edfdff6f8ee53d2eabf,"{""C"":1024,""N"":20000,""eps"":1e-05}",full,application,NVIDIA_B200/batch_normalization/tilelang_fp32.ncu-rep,f2d5fd68474417bf33ddf40b1d030ddd2d40bcecf75e96d8745b16f65fd7c7bf,local_copy_sha256_identical_to_hf,bcui2/NCU_report@21037737b7e371d38f3d029367dc3967d5b31a23,matched,not_recorded,3,"params from the B200 NCU catalogue (HF PR #2: TileLang reports use the catalogued maximum input); winner from origin/archive/raw-logs-2026-09-18:results/B200/logs/autotune_logs/batch_normalization_tilelang_autotune.json | B200 TileLang reports (HF PR #2): source commit not stated; paper-era packages, recorded autotune winner, catalogued max input",ok,apply_batch_norm_kernel_kernel;compute_block_sums_kernel_kernel;compute_mean_invstd_kernel_kernel,,,"{""ROWS"": 8, ""threads"": 256}",2026.1.1.0 (build 37634170) (public-release),2026-Oct-03 21:09:32,13.2,/opt/nvidia/nsight-compute/2026.1.1/target/linux-desktop-glibc_2_11_3-x64/ncu --profile-from-start off --cache-control none --replay-mode application --app-replay-mode strict --import-source on --force-overwrite --kernel-name regex:^(?:apply_batch_norm_kernel_kernel|compute_block_sums_kernel_kernel|compute_mean_invstd_kernel_kernel) --launch-count 3 --set full --metrics smsp__inst_executed.sum -o /home/arustagi/repos/Tilebench-profile-study/profile/batch_normalization/tilelang_ncu_dataset_cuda130_20261003_fp32/reports/full /scratch/arustagi/tilebench_pdf_env/bin/python /home/arustagi/repos/Tilebench-profile-study/profile/dsl_perf_study/tilelang_dataset_harness.py,0.0419,0.0950
B200/triton/batch_normalization/bf16,B200,triton,batch_normalization,bf16,aa78a79824c7441528d242df29e69d411a666bfeb163b75caed2f540ae59a0f1,"{""C"":1024,""N"":20000,""eps"":1e-05}",full,application,NVIDIA_B200/batch_normalization/triton_bf16.ncu-rep,c344702e05f5f5dbef51e478b53fa5ec123198fd436dd1a183e4c8b0c468e167,local_copy_sha256_identical_to_hf,bcui2/NCU_report@21037737b7e371d38f3d029367dc3967d5b31a23,matched,not_recorded,3,params+winner from NCU catalogue | B200 Triton/cuTile profiling source not recorded (developer_guide: Profiling inventory),ok,apply_batch_norm_kernel;compute_block_sums_kernel;compute_mean_invstd_kernel,3,3,"{""ROWS"": 8, ""num_warps"": 8}",2026.1.1.0 (build 37634170) (public-release),2026-Aug-13 16:31:18,13.2,/opt/nvidia/nsight-compute/2026.1.1/target/linux-desktop-glibc_2_11_3-x64/ncu --set full --import-source on --replay-mode application --cache-control none --app-replay-mode strict --profile-from-start off --kernel-name regex:^(?:apply_batch_norm_kernel|compute_block_sums_kernel|compute_mean_invstd_kernel) --launch-skip 0 --launch-count 3 --force-overwrite -o /projects/kzhou6/bcui2/research/tilebench/Tilebench/tilebench_run/ncu/batch_normalization/triton_bf16 /projects/kzhou6/bcui2/env_software/miniconda3/envs/tilebench_env/bin/python /projects/kzhou6/bcui2/research/tilebench/Tilebench/tilebench_run/ncu_generic_harness.py,0.0266,0.1431
B200/triton/batch_normalization/fp16,B200,triton,batch_normalization,fp16,fd4e861375d0e88291e453533a53b6ac53c622082f43acae86ad42cc0814d3ab,"{""C"":1024,""N"":20000,""eps"":1e-05}",full,application,NVIDIA_B200/batch_normalization/triton_fp16.ncu-rep,be3fa2d600c53b5ce54c373156c195b7185d26187907c10ee2a1e13124182584,local_copy_sha256_identical_to_hf,bcui2/NCU_report@21037737b7e371d38f3d029367dc3967d5b31a23,matched,not_recorded,3,params+winner from NCU catalogue | B200 Triton/cuTile profiling source not recorded (developer_guide: Profiling inventory),ok,apply_batch_norm_kernel;compute_block_sums_kernel;compute_mean_invstd_kernel,3,3,"{""ROWS"": 8, ""num_warps"": 8}",2026.1.1.0 (build 37634170) (public-release),2026-Aug-13 16:23:34,13.2,/opt/nvidia/nsight-compute/2026.1.1/target/linux-desktop-glibc_2_11_3-x64/ncu --set full --import-source on --replay-mode application --cache-control none --app-replay-mode strict --profile-from-start off --kernel-name regex:^(?:apply_batch_norm_kernel|compute_block_sums_kernel|compute_mean_invstd_kernel) --launch-skip 0 --launch-count 3 --force-overwrite -o /projects/kzhou6/bcui2/research/tilebench/Tilebench/tilebench_run/ncu/batch_normalization/triton_fp16 /projects/kzhou6/bcui2/env_software/miniconda3/envs/tilebench_env/bin/python /projects/kzhou6/bcui2/research/tilebench/Tilebench/tilebench_run/ncu_generic_harness.py,0.0261,0.1419
B200/triton/batch_normalization/fp32,B200,triton,batch_normalization,fp32,c1cacc37ce10c27a8dbf1f7e33447c5ebf21ead1a4205edfdff6f8ee53d2eabf,"{""C"":1024,""N"":20000,""eps"":1e-05}",full,application,NVIDIA_B200/batch_normalization/triton_fp32.ncu-rep,1ede7742a8039c002af4843299001e89a503889a769173e69bc1b1ed955717e8,local_copy_sha256_identical_to_hf,bcui2/NCU_report@21037737b7e371d38f3d029367dc3967d5b31a23,matched,not_recorded,3,params+winner from NCU catalogue | B200 Triton/cuTile profiling source not recorded (developer_guide: Profiling inventory),ok,apply_batch_norm_kernel;compute_block_sums_kernel;compute_mean_invstd_kernel,3,3,"{""ROWS"": 8, ""num_warps"": 8}",2026.1.1.0 (build 37634170) (public-release),2026-Aug-13 16:38:53,13.2,/opt/nvidia/nsight-compute/2026.1.1/target/linux-desktop-glibc_2_11_3-x64/ncu --set full --import-source on --replay-mode application --cache-control none --app-replay-mode strict --profile-from-start off --kernel-name regex:^(?:apply_batch_norm_kernel|compute_block_sums_kernel|compute_mean_invstd_kernel) --launch-skip 0 --launch-count 3 --force-overwrite -o /projects/kzhou6/bcui2/research/tilebench/Tilebench/tilebench_run/ncu/batch_normalization/triton_fp32 /projects/kzhou6/bcui2/env_software/miniconda3/envs/tilebench_env/bin/python /projects/kzhou6/bcui2/research/tilebench/Tilebench/tilebench_run/ncu_generic_harness.py,0.0576,0.0950
B200/cutile/batched_matmul/bf16,B200,cutile,batched_matmul,bf16,6e2f0aef249fcc93fdf8be5f9cecf9b7b112231742475bc5d4940ef52edb5fc6,"{""BATCH"":32,""M"":640}",full,application,NVIDIA_B200/batched_matmul/cutile_bf16.ncu-rep,57133988ec8353b256d1d08fcf80f2feda1ef9d5dbdd0afa59ff377a51ac9bf1,local_copy_sha256_identical_to_hf,bcui2/NCU_report@21037737b7e371d38f3d029367dc3967d5b31a23,matched,not_recorded,1,params+winner from NCU catalogue | B200 Triton/cuTile profiling source not recorded (developer_guide: Profiling inventory),ok,bmm_kernel_Kt1_A3bf16_3v8l0_4t1_7i16_p16_A3bf16_3v8l0_4t1_7i16_p16_A3bf16_3v8l0_4t1_7i16_p16_I10_I128_I128_I64_I5_I5_I1,1,1,"{""group_size"": 1, ""occupancy"": 4, ""tile_k"": 64, ""tile_m"": 128, ""tile_n"": 128}",2026.1.1.0 (build 37634170) (public-release),2026-Aug-13 16:49:32,13.2,/opt/nvidia/nsight-compute/2026.1.1/target/linux-desktop-glibc_2_11_3-x64/ncu --set full --import-source on --replay-mode application --cache-control none --app-replay-mode strict --profile-from-start off --kernel-name regex:^(?:bmm_kernel) --launch-skip 0 --launch-count 1 --force-overwrite -o /projects/kzhou6/bcui2/research/tilebench/Tilebench/tilebench_run/ncu/batched_matmul/cutile_bf16 /projects/kzhou6/bcui2/env_software/miniconda3/envs/tilebench_env/bin/python /projects/kzhou6/bcui2/research/tilebench/Tilebench/tilebench_run/ncu_generic_harness.py,0.0318,0.0229
B200/cutile/batched_matmul/fp16,B200,cutile,batched_matmul,fp16,216c85218ba9bf477be38d6c7e1c2409207f3e160395003e29636f5f14e43a74,"{""BATCH"":32,""M"":640}",full,application,NVIDIA_B200/batched_matmul/cutile_fp16.ncu-rep,140b503b69d163caa0cf48c79faf38738d63e94b40ceb486e1c2506d747fee16,local_copy_sha256_identical_to_hf,bcui2/NCU_report@21037737b7e371d38f3d029367dc3967d5b31a23,matched,not_recorded,1,params+winner from NCU catalogue | B200 Triton/cuTile profiling source not recorded (developer_guide: Profiling inventory),ok,bmm_kernel_Kt1_A3f16_3v8l0_4t1_7i16_p16_A3f16_3v8l0_4t1_7i16_p16_A3f16_3v8l0_4t1_7i16_p16_I10_I128_I128_I64_I5_I5_I1,1,1,"{""group_size"": 1, ""occupancy"": 4, ""tile_k"": 64, ""tile_m"": 128, ""tile_n"": 128}",2026.1.1.0 (build 37634170) (public-release),2026-Aug-13 16:42:44,13.2,/opt/nvidia/nsight-compute/2026.1.1/target/linux-desktop-glibc_2_11_3-x64/ncu --set full --import-source on --replay-mode application --cache-control none --app-replay-mode strict --profile-from-start off --kernel-name regex:^(?:bmm_kernel) --launch-skip 0 --launch-count 1 --force-overwrite -o /projects/kzhou6/bcui2/research/tilebench/Tilebench/tilebench_run/ncu/batched_matmul/cutile_fp16 /projects/kzhou6/bcui2/env_software/miniconda3/envs/tilebench_env/bin/python /projects/kzhou6/bcui2/research/tilebench/Tilebench/tilebench_run/ncu_generic_harness.py,0.0318,0.0233
B200/cutile/batched_matmul/fp32,B200,cutile,batched_matmul,fp32,08dbf4b1b9f16395d3bf70a48b2f6f76db51398cdb2a1b189d4c28a65edcb02b,"{""BATCH"":32,""M"":640}",full,application,NVIDIA_B200/batched_matmul/cutile_fp32.ncu-rep,90136fa5baf66da17096ac51b4ac82fbf5f62eb2b61730c02f9a2f25f443971f,local_copy_sha256_identical_to_hf,bcui2/NCU_report@21037737b7e371d38f3d029367dc3967d5b31a23,matched,not_recorded,1,params+winner from NCU catalogue | B200 Triton/cuTile profiling source not recorded (developer_guide: Profiling inventory),ok,bmm_kernel_Kt1_A3f32_3v4l0_4t1_7i16_p16_A3f32_3v4l0_4t1_7i16_p16_A3f32_3v4l0_4t1_7i16_p16_I10_I128_I128_I64_I5_I5_I1,1,1,"{""group_size"": 1, ""occupancy"": 4, ""tile_k"": 64, ""tile_m"": 128, ""tile_n"": 128}",2026.1.1.0 (build 37634170) (public-release),2026-Aug-13 16:56:07,13.2,/opt/nvidia/nsight-compute/2026.1.1/target/linux-desktop-glibc_2_11_3-x64/ncu --set full --import-source on --replay-mode application --cache-control none --app-replay-mode strict --profile-from-start off --kernel-name regex:^(?:bmm_kernel) --launch-skip 0 --launch-count 1 --force-overwrite -o /projects/kzhou6/bcui2/research/tilebench/Tilebench/tilebench_run/ncu/batched_matmul/cutile_fp32 /projects/kzhou6/bcui2/env_software/miniconda3/envs/tilebench_env/bin/python /projects/kzhou6/bcui2/research/tilebench/Tilebench/tilebench_run/ncu_generic_harness.py,0.0963,0.0407
B200/tilelang/batched_matmul/bf16,B200,tilelang,batched_matmul,bf16,6e2f0aef249fcc93fdf8be5f9cecf9b7b112231742475bc5d4940ef52edb5fc6,"{""BATCH"":32,""M"":640}",reduced,kernel,NVIDIA_B200/batched_matmul/tilelang_bf16.ncu-rep,793715236c3f5eabc9fe42de35a47f232fb9bea3b4b19f7e3e7d2480314548f7,local_copy_sha256_identical_to_hf,bcui2/NCU_report@21037737b7e371d38f3d029367dc3967d5b31a23,matched,not_recorded,1,"params from the B200 NCU catalogue (HF PR #2: TileLang reports use the catalogued maximum input); winner from origin/archive/raw-logs-2026-09-18:results/B200/logs/autotune_logs/batched_matmul_tilelang_autotune.json | B200 TileLang reports (HF PR #2): source commit not stated; paper-era packages, recorded autotune winner, catalogued max input",ok,bmm_kernel_kernel,,,"{""BLOCK_SIZE_K"": 64, ""BLOCK_SIZE_M"": 128, ""BLOCK_SIZE_N"": 128, ""GROUPSIZE"": 1, ""num_stages"": 2, ""threads"": 128}",2026.1.1.0 (build 37634170) (public-release),2026-Oct-03 22:36:30,13.2,"/opt/nvidia/nsight-compute/2026.1.1/target/linux-desktop-glibc_2_11_3-x64/ncu --profile-from-start off --cache-control none --replay-mode kernel --import-source on --force-overwrite --set none --metrics gpu__time_duration.sum,launch__grid_size,launch__block_size,launch__registers_per_thread,launch__shared_mem_per_block,sm__warps_active.avg.pct_of_peak_sustained_active,sm__throughput.avg.pct_of_peak_sustained_elapsed,sm__pipe_tensor_cycles_active.avg.pct_of_peak_sustained_elapsed,smsp__inst_executed.sum,dram__bytes_read.sum,dram__bytes_write.sum -o /home/arustagi/repos/Tilebench-profile-study/profile/batched_matmul/tilelang_ncu_dataset_cuda130_20261003_bf16/reports/core /scratch/arustagi/tilebench_pdf_env/bin/python /home/arustagi/repos/Tilebench-profile-study/profile/dsl_perf_study/tilelang_dataset_harness.py",0.0513,0.0229
B200/tilelang/batched_matmul/fp16,B200,tilelang,batched_matmul,fp16,216c85218ba9bf477be38d6c7e1c2409207f3e160395003e29636f5f14e43a74,"{""BATCH"":32,""M"":640}",reduced,kernel,NVIDIA_B200/batched_matmul/tilelang_fp16.ncu-rep,8c2066c5c16c9c0641958f89ade6ba95c1526c4e93ec5c96628b6f5b3a02e4b8,local_copy_sha256_identical_to_hf,bcui2/NCU_report@21037737b7e371d38f3d029367dc3967d5b31a23,matched,not_recorded,1,"params from the B200 NCU catalogue (HF PR #2: TileLang reports use the catalogued maximum input); winner from origin/archive/raw-logs-2026-09-18:results/B200/logs/autotune_logs/batched_matmul_tilelang_autotune.json | B200 TileLang reports (HF PR #2): source commit not stated; paper-era packages, recorded autotune winner, catalogued max input",ok,bmm_kernel_kernel,,,"{""BLOCK_SIZE_K"": 64, ""BLOCK_SIZE_M"": 128, ""BLOCK_SIZE_N"": 128, ""GROUPSIZE"": 1, ""num_stages"": 2, ""threads"": 128}",2026.1.1.0 (build 37634170) (public-release),2026-Oct-03 22:36:45,13.2,"/opt/nvidia/nsight-compute/2026.1.1/target/linux-desktop-glibc_2_11_3-x64/ncu --profile-from-start off --cache-control none --replay-mode kernel --import-source on --force-overwrite --set none --metrics gpu__time_duration.sum,launch__grid_size,launch__block_size,launch__registers_per_thread,launch__shared_mem_per_block,sm__warps_active.avg.pct_of_peak_sustained_active,sm__throughput.avg.pct_of_peak_sustained_elapsed,sm__pipe_tensor_cycles_active.avg.pct_of_peak_sustained_elapsed,smsp__inst_executed.sum,dram__bytes_read.sum,dram__bytes_write.sum -o /home/arustagi/repos/Tilebench-profile-study/profile/batched_matmul/tilelang_ncu_dataset_cuda130_20261003_fp16/reports/core /scratch/arustagi/tilebench_pdf_env/bin/python /home/arustagi/repos/Tilebench-profile-study/profile/dsl_perf_study/tilelang_dataset_harness.py",0.0514,0.0233
B200/tilelang/batched_matmul/fp32,B200,tilelang,batched_matmul,fp32,08dbf4b1b9f16395d3bf70a48b2f6f76db51398cdb2a1b189d4c28a65edcb02b,"{""BATCH"":32,""M"":640}",full,application,NVIDIA_B200/batched_matmul/tilelang_fp32.ncu-rep,bee86ed46492fa779b483c3cbadf6e39049f27d6c9678df685de2c993a626e9c,local_copy_sha256_identical_to_hf,bcui2/NCU_report@21037737b7e371d38f3d029367dc3967d5b31a23,matched,not_recorded,1,"params from the B200 NCU catalogue (HF PR #2: TileLang reports use the catalogued maximum input); winner from origin/archive/raw-logs-2026-09-18:results/B200/logs/autotune_logs/batched_matmul_tilelang_autotune.json | B200 TileLang reports (HF PR #2): source commit not stated; paper-era packages, recorded autotune winner, catalogued max input",ok,bmm_kernel_kernel,,,"{""BLOCK_SIZE_K"": 32, ""BLOCK_SIZE_M"": 128, ""BLOCK_SIZE_N"": 128, ""GROUPSIZE"": 8, ""num_stages"": 2, ""threads"": 128}",2026.1.1.0 (build 37634170) (public-release),2026-Oct-03 22:48:37,13.2,/opt/nvidia/nsight-compute/2026.1.1/target/linux-desktop-glibc_2_11_3-x64/ncu --profile-from-start off --cache-control none --replay-mode application --import-source on --force-overwrite --app-replay-mode strict --kernel-name regex:^(?:bmm_kernel_kernel) --launch-count 1 --set full --metrics smsp__inst_executed.sum -o /home/arustagi/repos/Tilebench-profile-study/profile/batched_matmul/tilelang_ncu_dataset_cuda130_20261003_fp32/reports/full /scratch/arustagi/tilebench_pdf_env/bin/python /home/arustagi/repos/Tilebench-profile-study/profile/dsl_perf_study/tilelang_dataset_harness.py,0.0949,0.0407
B200/triton/batched_matmul/bf16,B200,triton,batched_matmul,bf16,6e2f0aef249fcc93fdf8be5f9cecf9b7b112231742475bc5d4940ef52edb5fc6,"{""BATCH"":32,""M"":640}",full,application,NVIDIA_B200/batched_matmul/triton_bf16.ncu-rep,e7910244a26d3df8ac3aa059576a101dafdeaa56c1bfed8b9c848821966696f6,local_copy_sha256_identical_to_hf,bcui2/NCU_report@21037737b7e371d38f3d029367dc3967d5b31a23,matched,not_recorded,1,params+winner from NCU catalogue | B200 Triton/cuTile profiling source not recorded (developer_guide: Profiling inventory),ok,bmm_kernel,1,1,"{""BLOCK_SIZE_K"": 32, ""BLOCK_SIZE_M"": 128, ""BLOCK_SIZE_N"": 128, ""GROUPSIZE"": 1, ""num_stages"": 4, ""num_warps"": 4}",2026.1.1.0 (build 37634170) (public-release),2026-Aug-13 16:46:15,13.2,/opt/nvidia/nsight-compute/2026.1.1/target/linux-desktop-glibc_2_11_3-x64/ncu --set full --import-source on --replay-mode application --cache-control none --app-replay-mode strict --profile-from-start off --kernel-name regex:^(?:bmm_kernel) --launch-skip 0 --launch-count 1 --force-overwrite -o /projects/kzhou6/bcui2/research/tilebench/Tilebench/tilebench_run/ncu/batched_matmul/triton_bf16 /projects/kzhou6/bcui2/env_software/miniconda3/envs/tilebench_env/bin/python /projects/kzhou6/bcui2/research/tilebench/Tilebench/tilebench_run/ncu_generic_harness.py,0.0291,0.0229
B200/triton/batched_matmul/fp16,B200,triton,batched_matmul,fp16,216c85218ba9bf477be38d6c7e1c2409207f3e160395003e29636f5f14e43a74,"{""BATCH"":32,""M"":640}",full,application,NVIDIA_B200/batched_matmul/triton_fp16.ncu-rep,5040f4b5b690b00a9784385013341a95dfafa0bd9ab183a6b2ad4ccf5d7a8404,local_copy_sha256_identical_to_hf,bcui2/NCU_report@21037737b7e371d38f3d029367dc3967d5b31a23,matched,not_recorded,1,params+winner from NCU catalogue | B200 Triton/cuTile profiling source not recorded (developer_guide: Profiling inventory),ok,bmm_kernel,1,1,"{""BLOCK_SIZE_K"": 32, ""BLOCK_SIZE_M"": 128, ""BLOCK_SIZE_N"": 128, ""GROUPSIZE"": 1, ""num_stages"": 4, ""num_warps"": 4}",2026.1.1.0 (build 37634170) (public-release),2026-Aug-13 16:39:22,13.2,/opt/nvidia/nsight-compute/2026.1.1/target/linux-desktop-glibc_2_11_3-x64/ncu --set full --import-source on --replay-mode application --cache-control none --app-replay-mode strict --profile-from-start off --kernel-name regex:^(?:bmm_kernel) --launch-skip 0 --launch-count 1 --force-overwrite -o /projects/kzhou6/bcui2/research/tilebench/Tilebench/tilebench_run/ncu/batched_matmul/triton_fp16 /projects/kzhou6/bcui2/env_software/miniconda3/envs/tilebench_env/bin/python /projects/kzhou6/bcui2/research/tilebench/Tilebench/tilebench_run/ncu_generic_harness.py,0.0293,0.0233
B200/triton/batched_matmul/fp32,B200,triton,batched_matmul,fp32,08dbf4b1b9f16395d3bf70a48b2f6f76db51398cdb2a1b189d4c28a65edcb02b,"{""BATCH"":32,""M"":640}",full,application,NVIDIA_B200/batched_matmul/triton_fp32.ncu-rep,987e5a678ca977d2ccd79be2446d9d8536c8c18a9c5ee2319103e215368d1e11,local_copy_sha256_identical_to_hf,bcui2/NCU_report@21037737b7e371d38f3d029367dc3967d5b31a23,matched,not_recorded,1,params+winner from NCU catalogue | B200 Triton/cuTile profiling source not recorded (developer_guide: Profiling inventory),ok,bmm_kernel,1,1,"{""BLOCK_SIZE_K"": 32, ""BLOCK_SIZE_M"": 128, ""BLOCK_SIZE_N"": 128, ""GROUPSIZE"": 8, ""num_stages"": 3, ""num_warps"": 4}",2026.1.1.0 (build 37634170) (public-release),2026-Aug-13 16:52:52,13.2,/opt/nvidia/nsight-compute/2026.1.1/target/linux-desktop-glibc_2_11_3-x64/ncu --set full --import-source on --replay-mode application --cache-control none --app-replay-mode strict --profile-from-start off --kernel-name regex:^(?:bmm_kernel) --launch-skip 0 --launch-count 1 --force-overwrite -o /projects/kzhou6/bcui2/research/tilebench/Tilebench/tilebench_run/ncu/batched_matmul/triton_fp32 /projects/kzhou6/bcui2/env_software/miniconda3/envs/tilebench_env/bin/python /projects/kzhou6/bcui2/research/tilebench/Tilebench/tilebench_run/ncu_generic_harness.py,0.0546,0.0407
B200/cutile/bitonic_sort/fp16,B200,cutile,bitonic_sort,fp16,9f06313b92385d4a521129cef2b292389c03538493d2cbcb565e2ace2e0924eb,"{""n"":10000000}",full,application,NVIDIA_B200/bitonic_sort/cutile_fp16.ncu-rep,70eb776184819317e55f95ddd1f108d172be9949c1e5fd18e90a76a2da3bd5e5,local_copy_sha256_identical_to_hf,bcui2/NCU_report@21037737b7e371d38f3d029367dc3967d5b31a23,matched,not_recorded,301,params+winner from NCU catalogue | B200 Triton/cuTile profiling source not recorded (developer_guide: Profiling inventory),ok,bitonic_step_kernel_Kt1_A1f16_1i16t1_p16_Si32_Si32_Si32_I1024;pad_kernel_Kt1_A1f16_1i16t1_p16_A1f16_1i16t1_p16_Si32_Si32_I1024,301,301,"{""occupancy"": 8, ""tile"": 1024}",2026.1.1.0 (build 37634170) (public-release),2026-Aug-13 22:35:38,13.2,/opt/nvidia/nsight-compute/2026.1.1/target/linux-desktop-glibc_2_11_3-x64/ncu --set full --import-source on --replay-mode application --cache-control none --app-replay-mode strict --profile-from-start off --kernel-name regex:^(?:bitonic_step_kernel|pad_kernel) --launch-skip 0 --launch-count 301 --force-overwrite -o /projects/kzhou6/bcui2/research/tilebench/Tilebench/tilebench_run/ncu/bitonic_sort/cutile_fp16 /projects/kzhou6/bcui2/env_software/miniconda3/envs/tilebench_env/bin/python /projects/kzhou6/bcui2/research/tilebench/Tilebench/tilebench_run/ncu_generic_harness.py,7.1421,253.2285
B200/cutile/bitonic_sort/fp32,B200,cutile,bitonic_sort,fp32,ab083a5355e8e9f204d99ef4367a250c52321b71b397fcdd09d6c290181151a4,"{""n"":10000000}",full,application,NVIDIA_B200/bitonic_sort/cutile_fp32.ncu-rep,868a6561eae2b4d1ddb537f97b75d80c435622c77c38d1e49c6a52a2af4eb800,local_copy_sha256_identical_to_hf,bcui2/NCU_report@21037737b7e371d38f3d029367dc3967d5b31a23,matched,not_recorded,301,params+winner from NCU catalogue | B200 Triton/cuTile profiling source not recorded (developer_guide: Profiling inventory),ok,bitonic_step_kernel_Kt1_A1f32_1i16t1_p16_Si32_Si32_Si32_I512;pad_kernel_Kt1_A1f32_1i16t1_p16_A1f32_1i16t1_p16_Si32_Si32_I512,301,301,"{""occupancy"": 4, ""tile"": 512}",2026.1.1.0 (build 37634170) (public-release),2026-Aug-13 23:54:15,13.2,/opt/nvidia/nsight-compute/2026.1.1/target/linux-desktop-glibc_2_11_3-x64/ncu --set full --import-source on --replay-mode application --cache-control none --app-replay-mode strict --profile-from-start off --kernel-name regex:^(?:bitonic_step_kernel|pad_kernel) --launch-skip 0 --launch-count 301 --force-overwrite -o /projects/kzhou6/bcui2/research/tilebench/Tilebench/tilebench_run/ncu/bitonic_sort/cutile_fp32 /projects/kzhou6/bcui2/env_software/miniconda3/envs/tilebench_env/bin/python /projects/kzhou6/bcui2/research/tilebench/Tilebench/tilebench_run/ncu_generic_harness.py,8.2327,265.1370
B200/tilelang/bitonic_sort/fp16,B200,tilelang,bitonic_sort,fp16,9f06313b92385d4a521129cef2b292389c03538493d2cbcb565e2ace2e0924eb,"{""n"":10000000}",targeted,application,NVIDIA_B200/bitonic_sort/tilelang_fp16.ncu-rep,4b8037f6e51fdca6fc750332699b5d1e1649d7cd1a66a55923b6be1b43d6df3a,local_copy_sha256_identical_to_hf,bcui2/NCU_report@21037737b7e371d38f3d029367dc3967d5b31a23,matched,not_recorded,301,"params from the B200 NCU catalogue (HF PR #2: TileLang reports use the catalogued maximum input); winner from origin/archive/raw-logs-2026-09-18:results/B200/logs/autotune_logs/bitonic_sort_tilelang_autotune.json | B200 TileLang reports (HF PR #2): source commit not stated; paper-era packages, recorded autotune winner, catalogued max input",ok,main_kernel;pad_kernel_kernel,,,"{""BLOCK"": 512, ""threads"": 128}",2026.1.1.0 (build 37634170) (public-release),2026-Oct-04 16:34:24,13.2,"/opt/nvidia/nsight-compute/2026.1.1/target/linux-desktop-glibc_2_11_3-x64/ncu --profile-from-start off --cache-control none --replay-mode application --import-source on --force-overwrite --app-replay-mode strict --kernel-name regex:^(?:main_kernel|pad_kernel_kernel) --launch-count 301 --metrics gpu__time_duration.sum,launch__grid_size,launch__block_size,launch__waves_per_multiprocessor,launch__registers_per_thread,launch__shared_mem_per_block,sm__throughput.avg.pct_of_peak_sustained_elapsed,sm__warps_active.avg.pct_of_peak_sustained_active,sm__inst_executed_pipe_fma.avg.pct_of_peak_sustained_active,sm__inst_executed_pipe_alu.avg.pct_of_peak_sustained_active,sm__inst_executed_pipe_lsu.avg.pct_of_peak_sustained_active,sm__inst_executed_pipe_adu.avg.pct_of_peak_sustained_active,sm__pipe_tensor_cycles_active.avg.pct_of_peak_sustained_elapsed,dram__bytes_read.sum,dram__bytes_write.sum,dram__bytes_read.sum.pct_of_peak_sustained_elapsed,dram__bytes_write.sum.pct_of_peak_sustained_elapsed,l1tex__t_sector_hit_rate.pct,lts__t_sector_hit_rate.pct,l1tex__t_sectors_pipe_lsu_mem_global_op_ld.sum,l1tex__t_requests_pipe_lsu_mem_global_op_ld.sum,smsp__sass_inst_executed_op_global_ld.sum,smsp__sass_inst_executed_op_global_st.sum,smsp__sass_inst_executed_op_local_ld.sum,smsp__sass_inst_executed_op_local_st.sum,smsp__sass_inst_executed_op_shared.sum,smsp__inst_executed.sum,smsp__sass_inst_executed.sum,smsp__thread_inst_executed_per_inst_executed.ratio,smsp__average_warps_issue_stalled_long_scoreboard_per_issue_active.ratio,smsp__average_warps_issue_stalled_short_scoreboard_per_issue_active.ratio,smsp__average_warps_issue_stalled_barrier_per_issue_active.ratio,smsp__average_warps_issue_stalled_math_pipe_throttle_per_issue_active.ratio,smsp__average_warps_issue_stalled_mio_throttle_per_issue_active.ratio,smsp__average_warps_issue_stalled_lg_throttle_per_issue_active.ratio,launch__occupancy_limit_registers,launch__occupancy_limit_shared_mem,launch__occupancy_limit_blocks,launch__occupancy_limit_warps,sm__maximum_warps_per_active_cycle_pct,smsp__issue_active.avg.pct_of_peak_sustained_active,l1tex__data_bank_conflicts_pipe_lsu_mem_shared_op_ld.sum,l1tex__data_bank_conflicts_pipe_lsu_mem_shared_op_st.sum -o /home/arustagi/repos/Tilebench-profile-study/profile/bitonic_sort/tilelang_ncu_dataset_cuda130_20261003_fp16/reports/targeted /scratch/arustagi/tilebench_pdf_env/bin/python /home/arustagi/repos/Tilebench-profile-study/profile/dsl_perf_study/tilelang_dataset_harness.py",7.1204,253.2285
B200/tilelang/bitonic_sort/fp32,B200,tilelang,bitonic_sort,fp32,ab083a5355e8e9f204d99ef4367a250c52321b71b397fcdd09d6c290181151a4,"{""n"":10000000}",targeted,application,NVIDIA_B200/bitonic_sort/tilelang_fp32.ncu-rep,a887cd2d8195476bdf875345e5a2ad970f440c61f98f5c5a7c711a751cbe32c4,local_copy_sha256_identical_to_hf,bcui2/NCU_report@21037737b7e371d38f3d029367dc3967d5b31a23,matched,not_recorded,301,"params from the B200 NCU catalogue (HF PR #2: TileLang reports use the catalogued maximum input); winner from origin/archive/raw-logs-2026-09-18:results/B200/logs/autotune_logs/bitonic_sort_tilelang_autotune.json | B200 TileLang reports (HF PR #2): source commit not stated; paper-era packages, recorded autotune winner, catalogued max input",ok,main_kernel;pad_kernel_kernel,,,"{""BLOCK"": 512, ""threads"": 64}",2026.1.1.0 (build 37634170) (public-release),2026-Oct-04 16:41:02,13.2,"/opt/nvidia/nsight-compute/2026.1.1/target/linux-desktop-glibc_2_11_3-x64/ncu --profile-from-start off --cache-control none --replay-mode application --import-source on --force-overwrite --app-replay-mode strict --kernel-name regex:^(?:main_kernel|pad_kernel_kernel) --launch-count 301 --metrics gpu__time_duration.sum,launch__grid_size,launch__block_size,launch__waves_per_multiprocessor,launch__registers_per_thread,launch__shared_mem_per_block,sm__throughput.avg.pct_of_peak_sustained_elapsed,sm__warps_active.avg.pct_of_peak_sustained_active,sm__inst_executed_pipe_fma.avg.pct_of_peak_sustained_active,sm__inst_executed_pipe_alu.avg.pct_of_peak_sustained_active,sm__inst_executed_pipe_lsu.avg.pct_of_peak_sustained_active,sm__inst_executed_pipe_adu.avg.pct_of_peak_sustained_active,sm__pipe_tensor_cycles_active.avg.pct_of_peak_sustained_elapsed,dram__bytes_read.sum,dram__bytes_write.sum,dram__bytes_read.sum.pct_of_peak_sustained_elapsed,dram__bytes_write.sum.pct_of_peak_sustained_elapsed,l1tex__t_sector_hit_rate.pct,lts__t_sector_hit_rate.pct,l1tex__t_sectors_pipe_lsu_mem_global_op_ld.sum,l1tex__t_requests_pipe_lsu_mem_global_op_ld.sum,smsp__sass_inst_executed_op_global_ld.sum,smsp__sass_inst_executed_op_global_st.sum,smsp__sass_inst_executed_op_local_ld.sum,smsp__sass_inst_executed_op_local_st.sum,smsp__sass_inst_executed_op_shared.sum,smsp__inst_executed.sum,smsp__sass_inst_executed.sum,smsp__thread_inst_executed_per_inst_executed.ratio,smsp__average_warps_issue_stalled_long_scoreboard_per_issue_active.ratio,smsp__average_warps_issue_stalled_short_scoreboard_per_issue_active.ratio,smsp__average_warps_issue_stalled_barrier_per_issue_active.ratio,smsp__average_warps_issue_stalled_math_pipe_throttle_per_issue_active.ratio,smsp__average_warps_issue_stalled_mio_throttle_per_issue_active.ratio,smsp__average_warps_issue_stalled_lg_throttle_per_issue_active.ratio,launch__occupancy_limit_registers,launch__occupancy_limit_shared_mem,launch__occupancy_limit_blocks,launch__occupancy_limit_warps,sm__maximum_warps_per_active_cycle_pct,smsp__issue_active.avg.pct_of_peak_sustained_active,l1tex__data_bank_conflicts_pipe_lsu_mem_shared_op_ld.sum,l1tex__data_bank_conflicts_pipe_lsu_mem_shared_op_st.sum -o /home/arustagi/repos/Tilebench-profile-study/profile/bitonic_sort/tilelang_ncu_dataset_cuda130_20261003_fp32/reports/targeted /scratch/arustagi/tilebench_pdf_env/bin/python /home/arustagi/repos/Tilebench-profile-study/profile/dsl_perf_study/tilelang_dataset_harness.py",7.1463,265.1370
B200/triton/bitonic_sort/fp16,B200,triton,bitonic_sort,fp16,9f06313b92385d4a521129cef2b292389c03538493d2cbcb565e2ace2e0924eb,"{""n"":10000000}",full,application,NVIDIA_B200/bitonic_sort/triton_fp16.ncu-rep,9f96e05b64efbfb923c0f2cd46c8b6194b2ad3222095344d47f61130965b033a,local_copy_sha256_identical_to_hf,bcui2/NCU_report@21037737b7e371d38f3d029367dc3967d5b31a23,matched,not_recorded,301,params+winner from NCU catalogue | B200 Triton/cuTile profiling source not recorded (developer_guide: Profiling inventory),ok,bitonic_step_kernel;pad_kernel,301,301,"{""BLOCK"": 1024, ""num_warps"": 8}",2026.1.1.0 (build 37634170) (public-release),2026-Aug-13 21:49:34,13.2,/opt/nvidia/nsight-compute/2026.1.1/target/linux-desktop-glibc_2_11_3-x64/ncu --set full --import-source on --replay-mode application --cache-control none --app-replay-mode strict --profile-from-start off --kernel-name regex:^(?:bitonic_step_kernel|pad_kernel) --launch-skip 0 --launch-count 301 --force-overwrite -o /projects/kzhou6/bcui2/research/tilebench/Tilebench/tilebench_run/ncu/bitonic_sort/triton_fp16 /projects/kzhou6/bcui2/env_software/miniconda3/envs/tilebench_env/bin/python /projects/kzhou6/bcui2/research/tilebench/Tilebench/tilebench_run/ncu_generic_harness.py,7.3101,253.2285
B200/triton/bitonic_sort/fp32,B200,triton,bitonic_sort,fp32,ab083a5355e8e9f204d99ef4367a250c52321b71b397fcdd09d6c290181151a4,"{""n"":10000000}",full,application,NVIDIA_B200/bitonic_sort/triton_fp32.ncu-rep,6bcddcf707b092ec571a0eb07c489f3e4bbd523c5f08b2b830ca9fe1518bf376,local_copy_sha256_identical_to_hf,bcui2/NCU_report@21037737b7e371d38f3d029367dc3967d5b31a23,matched,not_recorded,301,params+winner from NCU catalogue | B200 Triton/cuTile profiling source not recorded (developer_guide: Profiling inventory),ok,bitonic_step_kernel;pad_kernel,301,301,"{""BLOCK"": 512, ""num_warps"": 4}",2026.1.1.0 (build 37634170) (public-release),2026-Aug-13 23:15:20,13.2,/opt/nvidia/nsight-compute/2026.1.1/target/linux-desktop-glibc_2_11_3-x64/ncu --set full --import-source on --replay-mode application --cache-control none --app-replay-mode strict --profile-from-start off --kernel-name regex:^(?:bitonic_step_kernel|pad_kernel) --launch-skip 0 --launch-count 301 --force-overwrite -o /projects/kzhou6/bcui2/research/tilebench/Tilebench/tilebench_run/ncu/bitonic_sort/triton_fp32 /projects/kzhou6/bcui2/env_software/miniconda3/envs/tilebench_env/bin/python /projects/kzhou6/bcui2/research/tilebench/Tilebench/tilebench_run/ncu_generic_harness.py,8.0978,265.1370
B200/cutile/block_sparse_attention/fp16,B200,cutile,block_sparse_attention,fp16,6fc43818480ae755205ec467ae446a9ca02f1bd954e93d99c88a5dca90b8e053,"{""B"":2,""BLOCK_D"":64,""BLOCK_M"":64,""BLOCK_N"":64,""D"":128,""H"":8,""H_kv"":2,""M"":10240}",full,application,NVIDIA_B200/block_sparse_attention/cutile_fp16.ncu-rep,0ffdc7abf7504f0c5a9341942bd17f6fea028f0550437cf504ac06fea8feba3e,local_copy_sha256_identical_to_hf,bcui2/NCU_report@21037737b7e371d38f3d029367dc3967d5b31a23,matched,not_recorded,1,params+winner from NCU catalogue | B200 Triton/cuTile profiling source not recorded (developer_guide: Profiling inventory),ok,block_sparse_attention_kernel_Kt1_A4f16_7v8l0_8t1_ci16_p16_A4f16_7v8l0_8t1_ci16_p16_A4f16_7v8l0_8t1_ci16_p16_A4f16_7v8l0_8t1_ci16_p16_A1i32_1t1_p16_A1i32_1i16t1_p16_I161_I25600_I1_F3fb6a09e667f3bcc_I8_I2_I10240_I64_I64_I64_I2,1,1,"{""occupancy"": 32}",2026.1.1.0 (build 37634170) (public-release),2026-Aug-13 16:50:02,13.2,/opt/nvidia/nsight-compute/2026.1.1/target/linux-desktop-glibc_2_11_3-x64/ncu --set full --import-source on --replay-mode application --cache-control none --app-replay-mode strict --profile-from-start off --kernel-name regex:^(?:block_sparse_attention_kernel) --launch-skip 0 --launch-count 1 --force-overwrite -o /projects/kzhou6/bcui2/research/tilebench/Tilebench/tilebench_run/ncu/block_sparse_attention/cutile_fp16 /projects/kzhou6/bcui2/env_software/miniconda3/envs/tilebench_env/bin/python /projects/kzhou6/bcui2/research/tilebench/Tilebench/tilebench_run/ncu_generic_harness.py,0.2170,0.1458
B200/tilelang/block_sparse_attention/fp16,B200,tilelang,block_sparse_attention,fp16,6fc43818480ae755205ec467ae446a9ca02f1bd954e93d99c88a5dca90b8e053,"{""B"":2,""BLOCK_D"":64,""BLOCK_M"":64,""BLOCK_N"":64,""D"":128,""H"":8,""H_kv"":2,""M"":10240}",reduced,kernel,NVIDIA_B200/block_sparse_attention/tilelang_fp16.ncu-rep,001c98361ba6e8ef67799dd2571bef6bc2d7a8870d619e9a215b86d3318c20cb,local_copy_sha256_identical_to_hf,bcui2/NCU_report@21037737b7e371d38f3d029367dc3967d5b31a23,matched,not_recorded,1,"params from the B200 NCU catalogue (HF PR #2: TileLang reports use the catalogued maximum input); winner from origin/archive/raw-logs-2026-09-18:results/B200/logs/autotune_logs/block_sparse_attention_tilelang_autotune.json | B200 TileLang reports (HF PR #2): source commit not stated; paper-era packages, recorded autotune winner, catalogued max input",ok,main_kernel,,,"{""threads"": 256}",2026.1.1.0 (build 37634170) (public-release),2026-Oct-04 20:38:16,13.2,"/opt/nvidia/nsight-compute/2026.1.1/target/linux-desktop-glibc_2_11_3-x64/ncu --profile-from-start off --cache-control none --replay-mode kernel --import-source on --force-overwrite --kernel-name regex:^(?:main_kernel) --launch-count 1 --set none --metrics gpu__time_duration.sum,launch__grid_size,launch__block_size,launch__registers_per_thread,launch__shared_mem_per_block,sm__warps_active.avg.pct_of_peak_sustained_active,sm__throughput.avg.pct_of_peak_sustained_elapsed,sm__pipe_tensor_cycles_active.avg.pct_of_peak_sustained_elapsed,smsp__inst_executed.sum,dram__bytes_read.sum,dram__bytes_write.sum -o /home/arustagi/repos/Tilebench-profile-study/profile/block_sparse_attention/tilelang_ncu_dataset_cuda130_20261003_fp16/reports/core /scratch/arustagi/tilebench_pdf_env/bin/python /home/arustagi/repos/Tilebench-profile-study/profile/dsl_perf_study/tilelang_dataset_harness.py",0.2172,0.1458
B200/triton/block_sparse_attention/fp16,B200,triton,block_sparse_attention,fp16,6fc43818480ae755205ec467ae446a9ca02f1bd954e93d99c88a5dca90b8e053,"{""B"":2,""BLOCK_D"":64,""BLOCK_M"":64,""BLOCK_N"":64,""D"":128,""H"":8,""H_kv"":2,""M"":10240}",full,application,NVIDIA_B200/block_sparse_attention/triton_fp16.ncu-rep,6a2bbf726cd3ec1a6ecc68d673f3b9d12d6a9650ddb39cb1dc315d9c15c723bc,local_copy_sha256_identical_to_hf,bcui2/NCU_report@21037737b7e371d38f3d029367dc3967d5b31a23,matched,not_recorded,1,params+winner from NCU catalogue | B200 Triton/cuTile profiling source not recorded (developer_guide: Profiling inventory),ok,block_sparse_attention_kernel,1,1,"{""num_stages"": 2, ""num_warps"": 2}",2026.1.1.0 (build 37634170) (public-release),2026-Aug-13 16:46:41,13.2,/opt/nvidia/nsight-compute/2026.1.1/target/linux-desktop-glibc_2_11_3-x64/ncu --set full --import-source on --replay-mode application --cache-control none --app-replay-mode strict --profile-from-start off --kernel-name regex:^(?:block_sparse_attention_kernel) --launch-skip 0 --launch-count 1 --force-overwrite -o /projects/kzhou6/bcui2/research/tilebench/Tilebench/tilebench_run/ncu/block_sparse_attention/triton_fp16 /projects/kzhou6/bcui2/env_software/miniconda3/envs/tilebench_env/bin/python /projects/kzhou6/bcui2/research/tilebench/Tilebench/tilebench_run/ncu_generic_harness.py,0.0705,0.1458
B200/cutile/cross_entropy/fp16,B200,cutile,cross_entropy,fp16,f42b60ff44be7e8a7205e53a3bd34988ac5c7524330db0a067be3f9e3b6ab639,"{""batch_size"":10240,""num_classes"":512}",full,application,NVIDIA_B200/cross_entropy/cutile_fp16.ncu-rep,4a99978031ca20118abd5aa23ee8b3966b495c74f43d884e3d3f20754c711551,local_copy_sha256_identical_to_hf,bcui2/NCU_report@21037737b7e371d38f3d029367dc3967d5b31a23,matched,not_recorded,1,params+winner from NCU catalogue | B200 Triton/cuTile profiling source not recorded (developer_guide: Profiling inventory),ok,cross_entropy_kernel_Kt1_A2f16_1v8l0_2t1_3i16_p16_A1i64_1i16t1_p16_A1f16_1i16t1_p16_Si32_I512,1,1,"{""occupancy"": 32}",2026.1.1.0 (build 37634170) (public-release),2026-Aug-13 19:04:21,13.2,/opt/nvidia/nsight-compute/2026.1.1/target/linux-desktop-glibc_2_11_3-x64/ncu --set full --import-source on --replay-mode application --cache-control none --app-replay-mode strict --profile-from-start off --kernel-name regex:^(?:cross_entropy_kernel) --launch-skip 0 --launch-count 1 --force-overwrite -o /projects/kzhou6/bcui2/research/tilebench/Tilebench/tilebench_run/ncu/cross_entropy/cutile_fp16 /projects/kzhou6/bcui2/env_software/miniconda3/envs/tilebench_env/bin/python /projects/kzhou6/bcui2/research/tilebench/Tilebench/tilebench_run/ncu_generic_harness.py,0.0117,0.0190
B200/cutile/cross_entropy/fp32,B200,cutile,cross_entropy,fp32,1a14c7a51e0e2fb7dedb3f13a20b8dd2b872efe62687f18a475df797c90122fb,"{""batch_size"":10240,""num_classes"":512}",full,application,NVIDIA_B200/cross_entropy/cutile_fp32.ncu-rep,96bc3c827f1917c4e1bb866828fb657128426824912ace17a8dfa3c7da8d4b05,local_copy_sha256_identical_to_hf,bcui2/NCU_report@21037737b7e371d38f3d029367dc3967d5b31a23,matched,not_recorded,1,params+winner from NCU catalogue | B200 Triton/cuTile profiling source not recorded (developer_guide: Profiling inventory),ok,cross_entropy_kernel_Kt1_A2f32_1v4l0_2t1_3i16_p16_A1i64_1i16t1_p16_A1f32_1i16t1_p16_Si32_I512,1,1,"{""occupancy"": 8}",2026.1.1.0 (build 37634170) (public-release),2026-Aug-13 19:12:32,13.2,/opt/nvidia/nsight-compute/2026.1.1/target/linux-desktop-glibc_2_11_3-x64/ncu --set full --import-source on --replay-mode application --cache-control none --app-replay-mode strict --profile-from-start off --kernel-name regex:^(?:cross_entropy_kernel) --launch-skip 0 --launch-count 1 --force-overwrite -o /projects/kzhou6/bcui2/research/tilebench/Tilebench/tilebench_run/ncu/cross_entropy/cutile_fp32 /projects/kzhou6/bcui2/env_software/miniconda3/envs/tilebench_env/bin/python /projects/kzhou6/bcui2/research/tilebench/Tilebench/tilebench_run/ncu_generic_harness.py,0.0121,0.0135
B200/tilelang/cross_entropy/fp16,B200,tilelang,cross_entropy,fp16,f42b60ff44be7e8a7205e53a3bd34988ac5c7524330db0a067be3f9e3b6ab639,"{""batch_size"":10240,""num_classes"":512}",full,application,NVIDIA_B200/cross_entropy/tilelang_fp16.ncu-rep,e30a8e77b5b9fed4733ff7c7ca1d063ee97759e8da05219a578ae23c1d350973,local_copy_sha256_identical_to_hf,bcui2/NCU_report@21037737b7e371d38f3d029367dc3967d5b31a23,matched,not_recorded,1,"params from the B200 NCU catalogue (HF PR #2: TileLang reports use the catalogued maximum input); winner from origin/archive/raw-logs-2026-09-18:results/B200/logs/autotune_logs/cross_entropy_tilelang_autotune.json | B200 TileLang reports (HF PR #2): source commit not stated; paper-era packages, recorded autotune winner, catalogued max input",ok,cross_entropy_kernel_kernel,,,"{""threads"": 64}",2026.1.1.0 (build 37634170) (public-release),2026-Oct-03 23:14:13,13.2,/opt/nvidia/nsight-compute/2026.1.1/target/linux-desktop-glibc_2_11_3-x64/ncu --profile-from-start off --cache-control none --replay-mode application --import-source on --force-overwrite --app-replay-mode strict --kernel-name regex:^(?:cross_entropy_kernel_kernel) --launch-count 1 --set full --metrics smsp__inst_executed.sum -o /home/arustagi/repos/Tilebench-profile-study/profile/cross_entropy/tilelang_ncu_dataset_cuda130_20261003_fp16/reports/full /scratch/arustagi/tilebench_pdf_env/bin/python /home/arustagi/repos/Tilebench-profile-study/profile/dsl_perf_study/tilelang_dataset_harness.py,0.0079,0.0190
B200/tilelang/cross_entropy/fp32,B200,tilelang,cross_entropy,fp32,1a14c7a51e0e2fb7dedb3f13a20b8dd2b872efe62687f18a475df797c90122fb,"{""batch_size"":10240,""num_classes"":512}",full,application,NVIDIA_B200/cross_entropy/tilelang_fp32.ncu-rep,046058ca5d78228cc6b9ae175c3b10beecc13c02ab4a5fcf21cc403243f31c59,local_copy_sha256_identical_to_hf,bcui2/NCU_report@21037737b7e371d38f3d029367dc3967d5b31a23,matched,not_recorded,1,"params from the B200 NCU catalogue (HF PR #2: TileLang reports use the catalogued maximum input); winner from origin/archive/raw-logs-2026-09-18:results/B200/logs/autotune_logs/cross_entropy_tilelang_autotune.json | B200 TileLang reports (HF PR #2): source commit not stated; paper-era packages, recorded autotune winner, catalogued max input",ok,cross_entropy_kernel_kernel,,,"{""threads"": 64}",2026.1.1.0 (build 37634170) (public-release),2026-Oct-03 23:24:26,13.2,/opt/nvidia/nsight-compute/2026.1.1/target/linux-desktop-glibc_2_11_3-x64/ncu --profile-from-start off --cache-control none --replay-mode application --import-source on --force-overwrite --app-replay-mode strict --kernel-name regex:^(?:cross_entropy_kernel_kernel) --launch-count 1 --set full --metrics smsp__inst_executed.sum -o /home/arustagi/repos/Tilebench-profile-study/profile/cross_entropy/tilelang_ncu_dataset_cuda130_20261003_fp32/reports/full /scratch/arustagi/tilebench_pdf_env/bin/python /home/arustagi/repos/Tilebench-profile-study/profile/dsl_perf_study/tilelang_dataset_harness.py,0.0082,0.0135
B200/triton/cross_entropy/fp16,B200,triton,cross_entropy,fp16,f42b60ff44be7e8a7205e53a3bd34988ac5c7524330db0a067be3f9e3b6ab639,"{""batch_size"":10240,""num_classes"":512}",full,application,NVIDIA_B200/cross_entropy/triton_fp16.ncu-rep,0a4f39cf2f3887888058df8a18503e0d07f1e2ecbc44f8628a505ac87e4d13cd,local_copy_sha256_identical_to_hf,bcui2/NCU_report@21037737b7e371d38f3d029367dc3967d5b31a23,matched,not_recorded,1,params+winner from NCU catalogue | B200 Triton/cuTile profiling source not recorded (developer_guide: Profiling inventory),ok,cross_entropy_kernel,1,1,"{""num_warps"": 1}",2026.1.1.0 (build 37634170) (public-release),2026-Aug-13 19:00:13,13.2,/opt/nvidia/nsight-compute/2026.1.1/target/linux-desktop-glibc_2_11_3-x64/ncu --set full --import-source on --replay-mode application --cache-control none --app-replay-mode strict --profile-from-start off --kernel-name regex:^(?:cross_entropy_kernel) --launch-skip 0 --launch-count 1 --force-overwrite -o /projects/kzhou6/bcui2/research/tilebench/Tilebench/tilebench_run/ncu/cross_entropy/triton_fp16 /projects/kzhou6/bcui2/env_software/miniconda3/envs/tilebench_env/bin/python /projects/kzhou6/bcui2/research/tilebench/Tilebench/tilebench_run/ncu_generic_harness.py,0.0076,0.0190
B200/triton/cross_entropy/fp32,B200,triton,cross_entropy,fp32,1a14c7a51e0e2fb7dedb3f13a20b8dd2b872efe62687f18a475df797c90122fb,"{""batch_size"":10240,""num_classes"":512}",full,application,NVIDIA_B200/cross_entropy/triton_fp32.ncu-rep,c047fe4e48a3697c50e563aeddfeaf5e3ba617d23ea69dd87ed4644578d5634b,local_copy_sha256_identical_to_hf,bcui2/NCU_report@21037737b7e371d38f3d029367dc3967d5b31a23,matched,not_recorded,1,params+winner from NCU catalogue | B200 Triton/cuTile profiling source not recorded (developer_guide: Profiling inventory),ok,cross_entropy_kernel,1,1,"{""num_warps"": 1}",2026.1.1.0 (build 37634170) (public-release),2026-Aug-13 19:08:27,13.2,/opt/nvidia/nsight-compute/2026.1.1/target/linux-desktop-glibc_2_11_3-x64/ncu --set full --import-source on --replay-mode application --cache-control none --app-replay-mode strict --profile-from-start off --kernel-name regex:^(?:cross_entropy_kernel) --launch-skip 0 --launch-count 1 --force-overwrite -o /projects/kzhou6/bcui2/research/tilebench/Tilebench/tilebench_run/ncu/cross_entropy/triton_fp32 /projects/kzhou6/bcui2/env_software/miniconda3/envs/tilebench_env/bin/python /projects/kzhou6/bcui2/research/tilebench/Tilebench/tilebench_run/ncu_generic_harness.py,0.0079,0.0135
B200/cutile/dequantize_rowwise/int8,B200,cutile,dequantize_rowwise,int8,c24d1f8f2e3a0417758447984e025cfa559e716dc9196ba415709d3447285a98,"{""cols"":8192,""rows"":4096}",full,application,NVIDIA_B200/dequantize_rowwise/cutile_int8.ncu-rep,1689e682955db810be344523eb0d42acba496767556ea02f40e1546b570b649d,local_copy_sha256_identical_to_hf,bcui2/NCU_report@21037737b7e371d38f3d029367dc3967d5b31a23,matched,not_recorded,1,params+winner from NCU catalogue | B200 Triton/cuTile profiling source not recorded (developer_guide: Profiling inventory),ok,dequantize_rowwise_kernel_Kt1_A2i8_1v16l0_2t1_3i16_p16_A1f32_1i16t1_p16_A2f16_1v8l0_2t1_3i16_p16_I8192_I1024,1,1,"{""chunk"": 1024, ""occupancy"": 4}",2026.1.1.0 (build 37634170) (public-release),2026-Aug-13 16:49:48,13.2,/opt/nvidia/nsight-compute/2026.1.1/target/linux-desktop-glibc_2_11_3-x64/ncu --set full --import-source on --replay-mode application --cache-control none --app-replay-mode strict --profile-from-start off --kernel-name regex:^(?:dequantize_rowwise_kernel) --launch-skip 0 --launch-count 1 --force-overwrite -o /projects/kzhou6/bcui2/research/tilebench/Tilebench/tilebench_run/ncu/dequantize_rowwise/cutile_int8 /projects/kzhou6/bcui2/env_software/miniconda3/envs/tilebench_env/bin/python /projects/kzhou6/bcui2/research/tilebench/Tilebench/tilebench_run/ncu_generic_harness.py,0.0233,0.1856
B200/tilelang/dequantize_rowwise/int8,B200,tilelang,dequantize_rowwise,int8,c24d1f8f2e3a0417758447984e025cfa559e716dc9196ba415709d3447285a98,"{""cols"":8192,""rows"":4096}",full,application,NVIDIA_B200/dequantize_rowwise/tilelang_int8.ncu-rep,f4476a1db5691e9af9871c94c0440510ecb40006af95dfde160e9003c3b7bf0a,local_copy_sha256_identical_to_hf,bcui2/NCU_report@21037737b7e371d38f3d029367dc3967d5b31a23,matched,not_recorded,1,"params from the B200 NCU catalogue (HF PR #2: TileLang reports use the catalogued maximum input); winner from origin/archive/raw-logs-2026-09-18:results/B200/logs/autotune_logs/dequantize_rowwise_tilelang_autotune.json | B200 TileLang reports (HF PR #2): source commit not stated; paper-era packages, recorded autotune winner, catalogued max input",ok,dequantize_rowwise_kernel_kernel,,,"{""CHUNK"": 1024, ""threads"": 64}",2026.1.1.0 (build 37634170) (public-release),2026-Oct-03 23:34:57,13.2,/opt/nvidia/nsight-compute/2026.1.1/target/linux-desktop-glibc_2_11_3-x64/ncu --profile-from-start off --cache-control none --replay-mode application --import-source on --force-overwrite --app-replay-mode strict --kernel-name regex:^(?:dequantize_rowwise_kernel_kernel) --launch-count 1 --set full --metrics smsp__inst_executed.sum -o /home/arustagi/repos/Tilebench-profile-study/profile/dequantize_rowwise/tilelang_ncu_dataset_cuda130_20261003_int8/reports/full /scratch/arustagi/tilebench_pdf_env/bin/python /home/arustagi/repos/Tilebench-profile-study/profile/dsl_perf_study/tilelang_dataset_harness.py,0.0192,0.1856
B200/triton/dequantize_rowwise/int8,B200,triton,dequantize_rowwise,int8,c24d1f8f2e3a0417758447984e025cfa559e716dc9196ba415709d3447285a98,"{""cols"":8192,""rows"":4096}",full,application,NVIDIA_B200/dequantize_rowwise/triton_int8.ncu-rep,12915fc146f867b5f144353e71c3074fcb4b08dadfb5dc993543e9620dde5b14,local_copy_sha256_identical_to_hf,bcui2/NCU_report@21037737b7e371d38f3d029367dc3967d5b31a23,matched,not_recorded,1,params+winner from NCU catalogue | B200 Triton/cuTile profiling source not recorded (developer_guide: Profiling inventory),ok,dequantize_rowwise_kernel,1,1,"{""CHUNK"": 1024, ""num_warps"": 2}",2026.1.1.0 (build 37634170) (public-release),2026-Aug-13 16:46:26,13.2,/opt/nvidia/nsight-compute/2026.1.1/target/linux-desktop-glibc_2_11_3-x64/ncu --set full --import-source on --replay-mode application --cache-control none --app-replay-mode strict --profile-from-start off --kernel-name regex:^(?:dequantize_rowwise_kernel) --launch-skip 0 --launch-count 1 --force-overwrite -o /projects/kzhou6/bcui2/research/tilebench/Tilebench/tilebench_run/ncu/dequantize_rowwise/triton_int8 /projects/kzhou6/bcui2/env_software/miniconda3/envs/tilebench_env/bin/python /projects/kzhou6/bcui2/research/tilebench/Tilebench/tilebench_run/ncu_generic_harness.py,0.0193,0.1856
B200/cutile/destindex/bf16,B200,cutile,destindex,bf16,716f280f9eec7778e3d2a4b836b636473cada35def30ec0bdd4c4420a9d734b3,"{""batch_size"":1,""kv_nope_head_dim"":128,""kv_nope_head_num"":12,""kv_rope_head_dim"":64,""kv_rope_head_num"":1,""seq_len"":40960}",full,application,NVIDIA_B200/destindex/cutile_bf16.ncu-rep,1ca0a1582dc1e7fbc9e401a52eeaa48c0f7ab6d8eeb5565cd50484970a3c1367,local_copy_sha256_identical_to_hf,bcui2/NCU_report@21037737b7e371d38f3d029367dc3967d5b31a23,matched,not_recorded,2,params+winner from NCU catalogue | B200 Triton/cuTile profiling source not recorded (developer_guide: Profiling inventory),ok,copy_by_dest_kernel_Kt1_A1bf16_1i16t1_p16_A1i64_1i16t1_p16_A1bf16_1i16t1_p16_I12_I128_I1024;copy_by_dest_kernel_Kt1_A1bf16_1i16t1_p16_A1i64_1i16t1_p16_A1bf16_1i16t1_p16_I1_I64_I512,2,2,"{""nope_block_size"": 1024, ""nope_occupancy"": 4, ""rope_block_size"": 512, ""rope_occupancy"": 4}",2026.1.1.0 (build 37634170) (public-release),2026-Aug-13 17:05:43,13.2,/opt/nvidia/nsight-compute/2026.1.1/target/linux-desktop-glibc_2_11_3-x64/ncu --set full --import-source on --replay-mode application --cache-control none --app-replay-mode strict --profile-from-start off --kernel-name regex:^(?:copy_by_dest_kernel) --launch-skip 0 --launch-count 2 --force-overwrite -o /projects/kzhou6/bcui2/research/tilebench/Tilebench/tilebench_run/ncu/destindex/cutile_bf16 /projects/kzhou6/bcui2/env_software/miniconda3/envs/tilebench_env/bin/python /projects/kzhou6/bcui2/research/tilebench/Tilebench/tilebench_run/ncu_generic_harness.py,0.1110,0.1920
B200/cutile/destindex/fp16,B200,cutile,destindex,fp16,d28e260ed7950c6a7bcdc1396c65c442a852500912fed122289c043ae9ff90e2,"{""batch_size"":1,""kv_nope_head_dim"":128,""kv_nope_head_num"":12,""kv_rope_head_dim"":64,""kv_rope_head_num"":1,""seq_len"":40960}",full,application,NVIDIA_B200/destindex/cutile_fp16.ncu-rep,619a1a62a8eefdb03c43c8caca7da7d9c42ce83f0b75c69f3b72b92005608fcd,local_copy_sha256_identical_to_hf,bcui2/NCU_report@21037737b7e371d38f3d029367dc3967d5b31a23,matched,not_recorded,2,params+winner from NCU catalogue | B200 Triton/cuTile profiling source not recorded (developer_guide: Profiling inventory),ok,copy_by_dest_kernel_Kt1_A1f16_1i16t1_p16_A1i64_1i16t1_p16_A1f16_1i16t1_p16_I12_I128_I1024;copy_by_dest_kernel_Kt1_A1f16_1i16t1_p16_A1i64_1i16t1_p16_A1f16_1i16t1_p16_I1_I64_I512,2,2,"{""nope_block_size"": 1024, ""nope_occupancy"": 4, ""rope_block_size"": 512, ""rope_occupancy"": 8}",2026.1.1.0 (build 37634170) (public-release),2026-Aug-13 16:57:44,13.2,/opt/nvidia/nsight-compute/2026.1.1/target/linux-desktop-glibc_2_11_3-x64/ncu --set full --import-source on --replay-mode application --cache-control none --app-replay-mode strict --profile-from-start off --kernel-name regex:^(?:copy_by_dest_kernel) --launch-skip 0 --launch-count 2 --force-overwrite -o /projects/kzhou6/bcui2/research/tilebench/Tilebench/tilebench_run/ncu/destindex/cutile_fp16 /projects/kzhou6/bcui2/env_software/miniconda3/envs/tilebench_env/bin/python /projects/kzhou6/bcui2/research/tilebench/Tilebench/tilebench_run/ncu_generic_harness.py,0.1112,0.1922
B200/cutile/destindex/fp32,B200,cutile,destindex,fp32,c484542915d07a220680fe03684e307f7cad54eef432cd1e01bf698150d5ddd3,"{""batch_size"":1,""kv_nope_head_dim"":128,""kv_nope_head_num"":12,""kv_rope_head_dim"":64,""kv_rope_head_num"":1,""seq_len"":40960}",full,application,NVIDIA_B200/destindex/cutile_fp32.ncu-rep,39daddec84f21d743b6d3572b98ebd9308d6222bdec01370a288f5757d1ec5b7,local_copy_sha256_identical_to_hf,bcui2/NCU_report@21037737b7e371d38f3d029367dc3967d5b31a23,matched,not_recorded,2,params+winner from NCU catalogue | B200 Triton/cuTile profiling source not recorded (developer_guide: Profiling inventory),ok,copy_by_dest_kernel_Kt1_A1f32_1i16t1_p16_A1i64_1i16t1_p16_A1f32_1i16t1_p16_I12_I128_I512;copy_by_dest_kernel_Kt1_A1f32_1i16t1_p16_A1i64_1i16t1_p16_A1f32_1i16t1_p16_I1_I64_I512,2,2,"{""nope_block_size"": 512, ""nope_occupancy"": 4, ""rope_block_size"": 512, ""rope_occupancy"": 16}",2026.1.1.0 (build 37634170) (public-release),2026-Aug-13 17:14:02,13.2,/opt/nvidia/nsight-compute/2026.1.1/target/linux-desktop-glibc_2_11_3-x64/ncu --set full --import-source on --replay-mode application --cache-control none --app-replay-mode strict --profile-from-start off --kernel-name regex:^(?:copy_by_dest_kernel) --launch-skip 0 --launch-count 2 --force-overwrite -o /projects/kzhou6/bcui2/research/tilebench/Tilebench/tilebench_run/ncu/destindex/cutile_fp32 /projects/kzhou6/bcui2/env_software/miniconda3/envs/tilebench_env/bin/python /projects/kzhou6/bcui2/research/tilebench/Tilebench/tilebench_run/ncu_generic_harness.py,0.1254,0.2063
B200/cutile/destindex/int8,B200,cutile,destindex,int8,79fc14733cf373af4368dc39c13753983782333cb520772ad5814a04619054e5,"{""batch_size"":1,""kv_nope_head_dim"":128,""kv_nope_head_num"":12,""kv_rope_head_dim"":64,""kv_rope_head_num"":1,""seq_len"":40960}",full,application,NVIDIA_B200/destindex/cutile_int8.ncu-rep,58481df46a0909cd91e38c8ea2317d229e329e4cd0c3afa4c3e9e5952ee78dc6,local_copy_sha256_identical_to_hf,bcui2/NCU_report@21037737b7e371d38f3d029367dc3967d5b31a23,matched,not_recorded,2,params+winner from NCU catalogue | B200 Triton/cuTile profiling source not recorded (developer_guide: Profiling inventory),ok,copy_by_dest_kernel_Kt1_A1i8_1i16t1_p16_A1i64_1i16t1_p16_A1i8_1i16t1_p16_I12_I128_I1024;copy_by_dest_kernel_Kt1_A1i8_1i16t1_p16_A1i64_1i16t1_p16_A1i8_1i16t1_p16_I1_I64_I512,2,2,"{""nope_block_size"": 1024, ""nope_occupancy"": 4, ""rope_block_size"": 512, ""rope_occupancy"": 4}",2026.1.1.0 (build 37634170) (public-release),2026-Aug-13 17:22:43,13.2,/opt/nvidia/nsight-compute/2026.1.1/target/linux-desktop-glibc_2_11_3-x64/ncu --set full --import-source on --replay-mode application --cache-control none --app-replay-mode strict --profile-from-start off --kernel-name regex:^(?:copy_by_dest_kernel) --launch-skip 0 --launch-count 2 --force-overwrite -o /projects/kzhou6/bcui2/research/tilebench/Tilebench/tilebench_run/ncu/destindex/cutile_int8 /projects/kzhou6/bcui2/env_software/miniconda3/envs/tilebench_env/bin/python /projects/kzhou6/bcui2/research/tilebench/Tilebench/tilebench_run/ncu_generic_harness.py,0.1071,0.1812
B200/tilelang/destindex/bf16,B200,tilelang,destindex,bf16,716f280f9eec7778e3d2a4b836b636473cada35def30ec0bdd4c4420a9d734b3,"{""batch_size"":1,""kv_nope_head_dim"":128,""kv_nope_head_num"":12,""kv_rope_head_dim"":64,""kv_rope_head_num"":1,""seq_len"":40960}",full,application,NVIDIA_B200/destindex/tilelang_bf16.ncu-rep,f3788793f6422302d93bd303fae95e92e4710ed6ff7b62afe30604668b3bf4f8,local_copy_sha256_identical_to_hf,bcui2/NCU_report@21037737b7e371d38f3d029367dc3967d5b31a23,matched,not_recorded,2,"params from the B200 NCU catalogue (HF PR #2: TileLang reports use the catalogued maximum input); winner from origin/archive/raw-logs-2026-09-18:results/B200/logs/autotune_logs/destindex_tilelang_autotune.json | B200 TileLang reports (HF PR #2): source commit not stated; paper-era packages, recorded autotune winner, catalogued max input",ok,copy_by_dest_kernel_kernel,,,"{""nope_BLOCK_SIZE"": 1024, ""nope_threads"": 64, ""rope_BLOCK_SIZE"": 1024, ""rope_threads"": 64}",2026.1.1.0 (build 37634170) (public-release),2026-Oct-03 23:45:39,13.2,/opt/nvidia/nsight-compute/2026.1.1/target/linux-desktop-glibc_2_11_3-x64/ncu --profile-from-start off --cache-control none --replay-mode application --import-source on --force-overwrite --app-replay-mode strict --kernel-name regex:^(?:copy_by_dest_kernel_kernel) --launch-count 2 --set full --metrics smsp__inst_executed.sum -o /home/arustagi/repos/Tilebench-profile-study/profile/destindex/tilelang_ncu_dataset_cuda130_20261003_bf16/reports/full /scratch/arustagi/tilebench_pdf_env/bin/python /home/arustagi/repos/Tilebench-profile-study/profile/dsl_perf_study/tilelang_dataset_harness.py,0.0485,0.1920
B200/tilelang/destindex/fp16,B200,tilelang,destindex,fp16,d28e260ed7950c6a7bcdc1396c65c442a852500912fed122289c043ae9ff90e2,"{""batch_size"":1,""kv_nope_head_dim"":128,""kv_nope_head_num"":12,""kv_rope_head_dim"":64,""kv_rope_head_num"":1,""seq_len"":40960}",full,application,NVIDIA_B200/destindex/tilelang_fp16.ncu-rep,553940d5525b8405cf44f0f0bcd78bf1f1ac6b717770a1e7319d644e6de9c0c8,local_copy_sha256_identical_to_hf,bcui2/NCU_report@21037737b7e371d38f3d029367dc3967d5b31a23,matched,not_recorded,2,"params from the B200 NCU catalogue (HF PR #2: TileLang reports use the catalogued maximum input); winner from origin/archive/raw-logs-2026-09-18:results/B200/logs/autotune_logs/destindex_tilelang_autotune.json | B200 TileLang reports (HF PR #2): source commit not stated; paper-era packages, recorded autotune winner, catalogued max input",ok,copy_by_dest_kernel_kernel,,,"{""nope_BLOCK_SIZE"": 1024, ""nope_threads"": 64, ""rope_BLOCK_SIZE"": 1024, ""rope_threads"": 64}",2026.1.1.0 (build 37634170) (public-release),2026-Oct-03 23:56:10,13.2,/opt/nvidia/nsight-compute/2026.1.1/target/linux-desktop-glibc_2_11_3-x64/ncu --profile-from-start off --cache-control none --replay-mode application --import-source on --force-overwrite --app-replay-mode strict --kernel-name regex:^(?:copy_by_dest_kernel_kernel) --launch-count 2 --set full --metrics smsp__inst_executed.sum -o /home/arustagi/repos/Tilebench-profile-study/profile/destindex/tilelang_ncu_dataset_cuda130_20261003_fp16/reports/full /scratch/arustagi/tilebench_pdf_env/bin/python /home/arustagi/repos/Tilebench-profile-study/profile/dsl_perf_study/tilelang_dataset_harness.py,0.0485,0.1922
B200/tilelang/destindex/fp32,B200,tilelang,destindex,fp32,c484542915d07a220680fe03684e307f7cad54eef432cd1e01bf698150d5ddd3,"{""batch_size"":1,""kv_nope_head_dim"":128,""kv_nope_head_num"":12,""kv_rope_head_dim"":64,""kv_rope_head_num"":1,""seq_len"":40960}",full,application,NVIDIA_B200/destindex/tilelang_fp32.ncu-rep,b4ad192b99cf1f0043d912884c5c72a8f581ec559e2fd070014e39d7caf3d019,local_copy_sha256_identical_to_hf,bcui2/NCU_report@21037737b7e371d38f3d029367dc3967d5b31a23,matched,not_recorded,2,"params from the B200 NCU catalogue (HF PR #2: TileLang reports use the catalogued maximum input); winner from origin/archive/raw-logs-2026-09-18:results/B200/logs/autotune_logs/destindex_tilelang_autotune.json | B200 TileLang reports (HF PR #2): source commit not stated; paper-era packages, recorded autotune winner, catalogued max input",ok,copy_by_dest_kernel_kernel,,,"{""nope_BLOCK_SIZE"": 512, ""nope_threads"": 64, ""rope_BLOCK_SIZE"": 1024, ""rope_threads"": 64}",2026.1.1.0 (build 37634170) (public-release),2026-Oct-04 00:06:54,13.2,/opt/nvidia/nsight-compute/2026.1.1/target/linux-desktop-glibc_2_11_3-x64/ncu --profile-from-start off --cache-control none --replay-mode application --import-source on --force-overwrite --app-replay-mode strict --kernel-name regex:^(?:copy_by_dest_kernel_kernel) --launch-count 2 --set full --metrics smsp__inst_executed.sum -o /home/arustagi/repos/Tilebench-profile-study/profile/destindex/tilelang_ncu_dataset_cuda130_20261003_fp32/reports/full /scratch/arustagi/tilebench_pdf_env/bin/python /home/arustagi/repos/Tilebench-profile-study/profile/dsl_perf_study/tilelang_dataset_harness.py,0.0832,0.2063
B200/tilelang/destindex/int8,B200,tilelang,destindex,int8,79fc14733cf373af4368dc39c13753983782333cb520772ad5814a04619054e5,"{""batch_size"":1,""kv_nope_head_dim"":128,""kv_nope_head_num"":12,""kv_rope_head_dim"":64,""kv_rope_head_num"":1,""seq_len"":40960}",full,application,NVIDIA_B200/destindex/tilelang_int8.ncu-rep,17cf1b59db4be8c2205c0dcecbf32a99d6862fc8b3612975ff4af3b343d37927,local_copy_sha256_identical_to_hf,bcui2/NCU_report@21037737b7e371d38f3d029367dc3967d5b31a23,matched,not_recorded,2,"params from the B200 NCU catalogue (HF PR #2: TileLang reports use the catalogued maximum input); winner from origin/archive/raw-logs-2026-09-18:results/B200/logs/autotune_logs/destindex_tilelang_autotune.json | B200 TileLang reports (HF PR #2): source commit not stated; paper-era packages, recorded autotune winner, catalogued max input",ok,copy_by_dest_kernel_kernel,,,"{""nope_BLOCK_SIZE"": 1024, ""nope_threads"": 64, ""rope_BLOCK_SIZE"": 1024, ""rope_threads"": 64}",2026.1.1.0 (build 37634170) (public-release),2026-Oct-04 00:17:59,13.2,/opt/nvidia/nsight-compute/2026.1.1/target/linux-desktop-glibc_2_11_3-x64/ncu --profile-from-start off --cache-control none --replay-mode application --import-source on --force-overwrite --app-replay-mode strict --kernel-name regex:^(?:copy_by_dest_kernel_kernel) --launch-count 2 --set full --metrics smsp__inst_executed.sum -o /home/arustagi/repos/Tilebench-profile-study/profile/destindex/tilelang_ncu_dataset_cuda130_20261003_int8/reports/full /scratch/arustagi/tilebench_pdf_env/bin/python /home/arustagi/repos/Tilebench-profile-study/profile/dsl_perf_study/tilelang_dataset_harness.py,0.0386,0.1812
B200/triton/destindex/bf16,B200,triton,destindex,bf16,716f280f9eec7778e3d2a4b836b636473cada35def30ec0bdd4c4420a9d734b3,"{""batch_size"":1,""kv_nope_head_dim"":128,""kv_nope_head_num"":12,""kv_rope_head_dim"":64,""kv_rope_head_num"":1,""seq_len"":40960}",full,application,NVIDIA_B200/destindex/triton_bf16.ncu-rep,54d40784f20a20f2f0d9a3138a7efb21751a24c5d63a3ae22d5e4987e550209c,local_copy_sha256_identical_to_hf,bcui2/NCU_report@21037737b7e371d38f3d029367dc3967d5b31a23,matched,not_recorded,2,params+winner from NCU catalogue | B200 Triton/cuTile profiling source not recorded (developer_guide: Profiling inventory),ok,copy_by_dest_kernel,2,2,"{""BLOCK_SIZE"": 1024, ""num_warps"": 2}",2026.1.1.0 (build 37634170) (public-release),2026-Aug-13 17:01:32,13.2,/opt/nvidia/nsight-compute/2026.1.1/target/linux-desktop-glibc_2_11_3-x64/ncu --set full --import-source on --replay-mode application --cache-control none --app-replay-mode strict --profile-from-start off --kernel-name regex:^(?:copy_by_dest_kernel) --launch-skip 0 --launch-count 2 --force-overwrite -o /projects/kzhou6/bcui2/research/tilebench/Tilebench/tilebench_run/ncu/destindex/triton_bf16 /projects/kzhou6/bcui2/env_software/miniconda3/envs/tilebench_env/bin/python /projects/kzhou6/bcui2/research/tilebench/Tilebench/tilebench_run/ncu_generic_harness.py,0.0440,0.1920
B200/triton/destindex/fp16,B200,triton,destindex,fp16,d28e260ed7950c6a7bcdc1396c65c442a852500912fed122289c043ae9ff90e2,"{""batch_size"":1,""kv_nope_head_dim"":128,""kv_nope_head_num"":12,""kv_rope_head_dim"":64,""kv_rope_head_num"":1,""seq_len"":40960}",full,application,NVIDIA_B200/destindex/triton_fp16.ncu-rep,ce2e9654cff8039a402ccffef0d992a68c1d5e53283eb1c6edd81ce581ddb2ab,local_copy_sha256_identical_to_hf,bcui2/NCU_report@21037737b7e371d38f3d029367dc3967d5b31a23,matched,not_recorded,2,params+winner from NCU catalogue | B200 Triton/cuTile profiling source not recorded (developer_guide: Profiling inventory),ok,copy_by_dest_kernel,2,2,"{""BLOCK_SIZE"": 1024, ""num_warps"": 2}",2026.1.1.0 (build 37634170) (public-release),2026-Aug-13 16:53:43,13.2,/opt/nvidia/nsight-compute/2026.1.1/target/linux-desktop-glibc_2_11_3-x64/ncu --set full --import-source on --replay-mode application --cache-control none --app-replay-mode strict --profile-from-start off --kernel-name regex:^(?:copy_by_dest_kernel) --launch-skip 0 --launch-count 2 --force-overwrite -o /projects/kzhou6/bcui2/research/tilebench/Tilebench/tilebench_run/ncu/destindex/triton_fp16 /projects/kzhou6/bcui2/env_software/miniconda3/envs/tilebench_env/bin/python /projects/kzhou6/bcui2/research/tilebench/Tilebench/tilebench_run/ncu_generic_harness.py,0.0441,0.1922
B200/triton/destindex/fp32,B200,triton,destindex,fp32,c484542915d07a220680fe03684e307f7cad54eef432cd1e01bf698150d5ddd3,"{""batch_size"":1,""kv_nope_head_dim"":128,""kv_nope_head_num"":12,""kv_rope_head_dim"":64,""kv_rope_head_num"":1,""seq_len"":40960}",full,application,NVIDIA_B200/destindex/triton_fp32.ncu-rep,1229eeebb087bed67fa4d79977c0ac2588c04f6bb9c235b3d4757749fb6cd213,local_copy_sha256_identical_to_hf,bcui2/NCU_report@21037737b7e371d38f3d029367dc3967d5b31a23,matched,not_recorded,2,params+winner from NCU catalogue | B200 Triton/cuTile profiling source not recorded (developer_guide: Profiling inventory),ok,copy_by_dest_kernel,2,2,"{""BLOCK_SIZE"": 1024, ""num_warps"": 8}",2026.1.1.0 (build 37634170) (public-release),2026-Aug-13 17:09:51,13.2,/opt/nvidia/nsight-compute/2026.1.1/target/linux-desktop-glibc_2_11_3-x64/ncu --set full --import-source on --replay-mode application --cache-control none --app-replay-mode strict --profile-from-start off --kernel-name regex:^(?:copy_by_dest_kernel) --launch-skip 0 --launch-count 2 --force-overwrite -o /projects/kzhou6/bcui2/research/tilebench/Tilebench/tilebench_run/ncu/destindex/triton_fp32 /projects/kzhou6/bcui2/env_software/miniconda3/envs/tilebench_env/bin/python /projects/kzhou6/bcui2/research/tilebench/Tilebench/tilebench_run/ncu_generic_harness.py,0.0826,0.2063
B200/triton/destindex/int8,B200,triton,destindex,int8,79fc14733cf373af4368dc39c13753983782333cb520772ad5814a04619054e5,"{""batch_size"":1,""kv_nope_head_dim"":128,""kv_nope_head_num"":12,""kv_rope_head_dim"":64,""kv_rope_head_num"":1,""seq_len"":40960}",full,application,NVIDIA_B200/destindex/triton_int8.ncu-rep,11a7ccac6a6d9dc4718833dd8c291b88217e4a6b6a13101cfeda0d1017dae274,local_copy_sha256_identical_to_hf,bcui2/NCU_report@21037737b7e371d38f3d029367dc3967d5b31a23,matched,not_recorded,2,params+winner from NCU catalogue | B200 Triton/cuTile profiling source not recorded (developer_guide: Profiling inventory),ok,copy_by_dest_kernel,2,2,"{""BLOCK_SIZE"": 1024, ""num_warps"": 2}",2026.1.1.0 (build 37634170) (public-release),2026-Aug-13 17:18:14,13.2,/opt/nvidia/nsight-compute/2026.1.1/target/linux-desktop-glibc_2_11_3-x64/ncu --set full --import-source on --replay-mode application --cache-control none --app-replay-mode strict --profile-from-start off --kernel-name regex:^(?:copy_by_dest_kernel) --launch-skip 0 --launch-count 2 --force-overwrite -o /projects/kzhou6/bcui2/research/tilebench/Tilebench/tilebench_run/ncu/destindex/triton_int8 /projects/kzhou6/bcui2/env_software/miniconda3/envs/tilebench_env/bin/python /projects/kzhou6/bcui2/research/tilebench/Tilebench/tilebench_run/ncu_generic_harness.py,0.0364,0.1812
B200/cutile/dropout/bf16,B200,cutile,dropout,bf16,8f99ddb807622b9d9a71f9af672b20a3ee8969c5d43ac9f937073761dd77b5f3,"{""n"":20971520,""p"":0.5}",full,application,NVIDIA_B200/dropout/cutile_bf16.ncu-rep,f8245b439d9b3e175ce7875e3ab963b1a887f56dae6e8bf1ff8f140d62883f3e,local_copy_sha256_identical_to_hf,bcui2/NCU_report@21037737b7e371d38f3d029367dc3967d5b31a23,matched,not_recorded,1,params+winner from NCU catalogue | B200 Triton/cuTile profiling source not recorded (developer_guide: Profiling inventory),ok,dropout_kernel_Kt1_A1bf16_1i16t1_p16_A1bf16_1i16t1_p16_A1bf16_1i16t1_p16_Sf32_I2048,1,1,"{""occupancy"": 16, ""tile"": 2048}",2026.1.1.0 (build 37634170) (public-release),2026-Aug-13 17:38:19,13.2,/opt/nvidia/nsight-compute/2026.1.1/target/linux-desktop-glibc_2_11_3-x64/ncu --set full --import-source on --replay-mode application --cache-control none --app-replay-mode strict --profile-from-start off --kernel-name regex:^(?:dropout_kernel) --launch-skip 0 --launch-count 1 --force-overwrite -o /projects/kzhou6/bcui2/research/tilebench/Tilebench/tilebench_run/ncu/dropout/cutile_bf16 /projects/kzhou6/bcui2/env_software/miniconda3/envs/tilebench_env/bin/python /projects/kzhou6/bcui2/research/tilebench/Tilebench/tilebench_run/ncu_generic_harness.py,0.0219,0.0353
B200/cutile/dropout/fp16,B200,cutile,dropout,fp16,6204df932c891340acc69e96e8804818a2793cfb5573a21e8470897eedbeadbd,"{""n"":20971520,""p"":0.5}",full,application,NVIDIA_B200/dropout/cutile_fp16.ncu-rep,3916a8553bcdc6bcba04b64e58b0cbda1b18298bc50e2be864e5bc7b050e605a,local_copy_sha256_identical_to_hf,bcui2/NCU_report@21037737b7e371d38f3d029367dc3967d5b31a23,matched,not_recorded,1,params+winner from NCU catalogue | B200 Triton/cuTile profiling source not recorded (developer_guide: Profiling inventory),ok,dropout_kernel_Kt1_A1f16_1i16t1_p16_A1f16_1i16t1_p16_A1f16_1i16t1_p16_Sf32_I2048,1,1,"{""occupancy"": 16, ""tile"": 2048}",2026.1.1.0 (build 37634170) (public-release),2026-Aug-13 17:30:41,13.2,/opt/nvidia/nsight-compute/2026.1.1/target/linux-desktop-glibc_2_11_3-x64/ncu --set full --import-source on --replay-mode application --cache-control none --app-replay-mode strict --profile-from-start off --kernel-name regex:^(?:dropout_kernel) --launch-skip 0 --launch-count 1 --force-overwrite -o /projects/kzhou6/bcui2/research/tilebench/Tilebench/tilebench_run/ncu/dropout/cutile_fp16 /projects/kzhou6/bcui2/env_software/miniconda3/envs/tilebench_env/bin/python /projects/kzhou6/bcui2/research/tilebench/Tilebench/tilebench_run/ncu_generic_harness.py,0.0220,0.0354
B200/cutile/dropout/fp32,B200,cutile,dropout,fp32,1db85f016037f35aa015a60db36459cd9cd99ef65ec4bb0b4c78f101f8719b9a,"{""n"":20971520,""p"":0.5}",full,application,NVIDIA_B200/dropout/cutile_fp32.ncu-rep,ba9e84f7b4323ff3879b26847e53d1476d263038c6b1e1652702c3331df8f3c6,local_copy_sha256_identical_to_hf,bcui2/NCU_report@21037737b7e371d38f3d029367dc3967d5b31a23,matched,not_recorded,1,params+winner from NCU catalogue | B200 Triton/cuTile profiling source not recorded (developer_guide: Profiling inventory),ok,dropout_kernel_Kt1_A1f32_1i16t1_p16_A1f32_1i16t1_p16_A1f32_1i16t1_p16_Sf32_I512,1,1,"{""occupancy"": 32, ""tile"": 512}",2026.1.1.0 (build 37634170) (public-release),2026-Aug-13 17:46:17,13.2,/opt/nvidia/nsight-compute/2026.1.1/target/linux-desktop-glibc_2_11_3-x64/ncu --set full --import-source on --replay-mode application --cache-control none --app-replay-mode strict --profile-from-start off --kernel-name regex:^(?:dropout_kernel) --launch-skip 0 --launch-count 1 --force-overwrite -o /projects/kzhou6/bcui2/research/tilebench/Tilebench/tilebench_run/ncu/dropout/cutile_fp32 /projects/kzhou6/bcui2/env_software/miniconda3/envs/tilebench_env/bin/python /projects/kzhou6/bcui2/research/tilebench/Tilebench/tilebench_run/ncu_generic_harness.py,0.0402,0.0648
B200/tilelang/dropout/bf16,B200,tilelang,dropout,bf16,8f99ddb807622b9d9a71f9af672b20a3ee8969c5d43ac9f937073761dd77b5f3,"{""n"":20971520,""p"":0.5}",full,application,NVIDIA_B200/dropout/tilelang_bf16.ncu-rep,f3eb5111e33abcb81171a934af22b47c8d86122a778176dc6b7d85be28a1b094,local_copy_sha256_identical_to_hf,bcui2/NCU_report@21037737b7e371d38f3d029367dc3967d5b31a23,matched,not_recorded,1,"params from the B200 NCU catalogue (HF PR #2: TileLang reports use the catalogued maximum input); winner from origin/archive/raw-logs-2026-09-18:results/B200/logs/autotune_logs/dropout_tilelang_autotune.json | B200 TileLang reports (HF PR #2): source commit not stated; paper-era packages, recorded autotune winner, catalogued max input",ok,dropout_kernel_kernel,,,"{""BLOCK_SIZE"": 2048, ""threads"": 256}",2026.1.1.0 (build 37634170) (public-release),2026-Oct-04 00:28:37,13.2,/opt/nvidia/nsight-compute/2026.1.1/target/linux-desktop-glibc_2_11_3-x64/ncu --profile-from-start off --cache-control none --replay-mode application --import-source on --force-overwrite --app-replay-mode strict --kernel-name regex:^(?:dropout_kernel_kernel) --launch-count 1 --set full --metrics smsp__inst_executed.sum -o /home/arustagi/repos/Tilebench-profile-study/profile/dropout/tilelang_ncu_dataset_cuda130_20261003_bf16/reports/full /scratch/arustagi/tilebench_pdf_env/bin/python /home/arustagi/repos/Tilebench-profile-study/profile/dsl_perf_study/tilelang_dataset_harness.py,0.0218,0.0353
B200/tilelang/dropout/fp16,B200,tilelang,dropout,fp16,6204df932c891340acc69e96e8804818a2793cfb5573a21e8470897eedbeadbd,"{""n"":20971520,""p"":0.5}",full,application,NVIDIA_B200/dropout/tilelang_fp16.ncu-rep,e36c55b1facb70c34b1151fa03c2a834da23a35b1c4a364ee2d0f7c0152b903d,local_copy_sha256_identical_to_hf,bcui2/NCU_report@21037737b7e371d38f3d029367dc3967d5b31a23,matched,not_recorded,1,"params from the B200 NCU catalogue (HF PR #2: TileLang reports use the catalogued maximum input); winner from origin/archive/raw-logs-2026-09-18:results/B200/logs/autotune_logs/dropout_tilelang_autotune.json | B200 TileLang reports (HF PR #2): source commit not stated; paper-era packages, recorded autotune winner, catalogued max input",ok,dropout_kernel_kernel,,,"{""BLOCK_SIZE"": 2048, ""threads"": 64}",2026.1.1.0 (build 37634170) (public-release),2026-Oct-04 00:39:16,13.2,/opt/nvidia/nsight-compute/2026.1.1/target/linux-desktop-glibc_2_11_3-x64/ncu --profile-from-start off --cache-control none --replay-mode application --import-source on --force-overwrite --app-replay-mode strict --kernel-name regex:^(?:dropout_kernel_kernel) --launch-count 1 --set full --metrics smsp__inst_executed.sum -o /home/arustagi/repos/Tilebench-profile-study/profile/dropout/tilelang_ncu_dataset_cuda130_20261003_fp16/reports/full /scratch/arustagi/tilebench_pdf_env/bin/python /home/arustagi/repos/Tilebench-profile-study/profile/dsl_perf_study/tilelang_dataset_harness.py,0.0217,0.0354
B200/tilelang/dropout/fp32,B200,tilelang,dropout,fp32,1db85f016037f35aa015a60db36459cd9cd99ef65ec4bb0b4c78f101f8719b9a,"{""n"":20971520,""p"":0.5}",full,application,NVIDIA_B200/dropout/tilelang_fp32.ncu-rep,dc32dd67e14488233925da03e2ed6f94327f99ccb1af9a8f92131de3e3446e98,local_copy_sha256_identical_to_hf,bcui2/NCU_report@21037737b7e371d38f3d029367dc3967d5b31a23,matched,not_recorded,1,"params from the B200 NCU catalogue (HF PR #2: TileLang reports use the catalogued maximum input); winner from origin/archive/raw-logs-2026-09-18:results/B200/logs/autotune_logs/dropout_tilelang_autotune.json | B200 TileLang reports (HF PR #2): source commit not stated; paper-era packages, recorded autotune winner, catalogued max input",ok,dropout_kernel_kernel,,,"{""BLOCK_SIZE"": 1024, ""threads"": 256}",2026.1.1.0 (build 37634170) (public-release),2026-Oct-04 00:50:25,13.2,/opt/nvidia/nsight-compute/2026.1.1/target/linux-desktop-glibc_2_11_3-x64/ncu --profile-from-start off --cache-control none --replay-mode application --import-source on --force-overwrite --app-replay-mode strict --kernel-name regex:^(?:dropout_kernel_kernel) --launch-count 1 --set full --metrics smsp__inst_executed.sum -o /home/arustagi/repos/Tilebench-profile-study/profile/dropout/tilelang_ncu_dataset_cuda130_20261003_fp32/reports/full /scratch/arustagi/tilebench_pdf_env/bin/python /home/arustagi/repos/Tilebench-profile-study/profile/dsl_perf_study/tilelang_dataset_harness.py,0.0397,0.0648
B200/triton/dropout/bf16,B200,triton,dropout,bf16,8f99ddb807622b9d9a71f9af672b20a3ee8969c5d43ac9f937073761dd77b5f3,"{""n"":20971520,""p"":0.5}",full,application,NVIDIA_B200/dropout/triton_bf16.ncu-rep,d2a4efb6157a187be7518ee87431efcfb470152261146279bbf3679298bfeca6,local_copy_sha256_identical_to_hf,bcui2/NCU_report@21037737b7e371d38f3d029367dc3967d5b31a23,matched,not_recorded,1,params+winner from NCU catalogue | B200 Triton/cuTile profiling source not recorded (developer_guide: Profiling inventory),ok,dropout_kernel,1,1,"{""BLOCK_SIZE"": 1024, ""num_warps"": 2}",2026.1.1.0 (build 37634170) (public-release),2026-Aug-13 17:34:31,13.2,/opt/nvidia/nsight-compute/2026.1.1/target/linux-desktop-glibc_2_11_3-x64/ncu --set full --import-source on --replay-mode application --cache-control none --app-replay-mode strict --profile-from-start off --kernel-name regex:^(?:dropout_kernel) --launch-skip 0 --launch-count 1 --force-overwrite -o /projects/kzhou6/bcui2/research/tilebench/Tilebench/tilebench_run/ncu/dropout/triton_bf16 /projects/kzhou6/bcui2/env_software/miniconda3/envs/tilebench_env/bin/python /projects/kzhou6/bcui2/research/tilebench/Tilebench/tilebench_run/ncu_generic_harness.py,0.0214,0.0353
B200/triton/dropout/fp16,B200,triton,dropout,fp16,6204df932c891340acc69e96e8804818a2793cfb5573a21e8470897eedbeadbd,"{""n"":20971520,""p"":0.5}",full,application,NVIDIA_B200/dropout/triton_fp16.ncu-rep,8e05ce98c5960a619bbbb93e9041ee0fb9b3c7cf2f8022d3a540fd7df2f9c390,local_copy_sha256_identical_to_hf,bcui2/NCU_report@21037737b7e371d38f3d029367dc3967d5b31a23,matched,not_recorded,1,params+winner from NCU catalogue | B200 Triton/cuTile profiling source not recorded (developer_guide: Profiling inventory),ok,dropout_kernel,1,1,"{""BLOCK_SIZE"": 1024, ""num_warps"": 2}",2026.1.1.0 (build 37634170) (public-release),2026-Aug-13 17:26:47,13.2,/opt/nvidia/nsight-compute/2026.1.1/target/linux-desktop-glibc_2_11_3-x64/ncu --set full --import-source on --replay-mode application --cache-control none --app-replay-mode strict --profile-from-start off --kernel-name regex:^(?:dropout_kernel) --launch-skip 0 --launch-count 1 --force-overwrite -o /projects/kzhou6/bcui2/research/tilebench/Tilebench/tilebench_run/ncu/dropout/triton_fp16 /projects/kzhou6/bcui2/env_software/miniconda3/envs/tilebench_env/bin/python /projects/kzhou6/bcui2/research/tilebench/Tilebench/tilebench_run/ncu_generic_harness.py,0.0219,0.0354
B200/triton/dropout/fp32,B200,triton,dropout,fp32,1db85f016037f35aa015a60db36459cd9cd99ef65ec4bb0b4c78f101f8719b9a,"{""n"":20971520,""p"":0.5}",full,application,NVIDIA_B200/dropout/triton_fp32.ncu-rep,cac9fc13578855e884b83f88149db40fea75a64c3e82d946cdbac7a6dab3622b,local_copy_sha256_identical_to_hf,bcui2/NCU_report@21037737b7e371d38f3d029367dc3967d5b31a23,matched,not_recorded,1,params+winner from NCU catalogue | B200 Triton/cuTile profiling source not recorded (developer_guide: Profiling inventory),ok,dropout_kernel,1,1,"{""BLOCK_SIZE"": 1024, ""num_warps"": 2}",2026.1.1.0 (build 37634170) (public-release),2026-Aug-13 17:42:16,13.2,/opt/nvidia/nsight-compute/2026.1.1/target/linux-desktop-glibc_2_11_3-x64/ncu --set full --import-source on --replay-mode application --cache-control none --app-replay-mode strict --profile-from-start off --kernel-name regex:^(?:dropout_kernel) --launch-skip 0 --launch-count 1 --force-overwrite -o /projects/kzhou6/bcui2/research/tilebench/Tilebench/tilebench_run/ncu/dropout/triton_fp32 /projects/kzhou6/bcui2/env_software/miniconda3/envs/tilebench_env/bin/python /projects/kzhou6/bcui2/research/tilebench/Tilebench/tilebench_run/ncu_generic_harness.py,0.0403,0.0648
B200/cutile/flash_attention/fp16,B200,cutile,flash_attention,fp16,3cd08aa4a9cbed1327f1799dd4aa97dfb9dc47cd967f22dc5874667205201ec9,"{""batch_size"":4,""causal"":true,""head_dim"":128,""n_heads"":32,""seq_len"":20480}",full,application,NVIDIA_B200/flash_attention/cutile_fp16.ncu-rep,06973f7deaee673e7893ca6f332bc505a83b3362312fe39a9b811ebddee1e4e9,local_copy_sha256_identical_to_hf,bcui2/NCU_report@21037737b7e371d38f3d029367dc3967d5b31a23,matched,not_recorded,1,params+winner from NCU catalogue | B200 Triton/cuTile profiling source not recorded (developer_guide: Profiling inventory),ok,fwd_kernel_Kt1_A4f16_7v8l0_8t1_ei16_p16_A4f16_7v8l0_8t1_ei16_p16_A4f16_7v8l0_8t1_ei16_p16_A4f16_7v8l0_8t1_ei16_p16_Sf32_Si32_I128_I32_I128_I128_I1_B1_B1,1,1,"{""occupancy"": 16, ""tile_m"": 128, ""tile_n"": 128}",2026.1.1.0 (build 37634170) (public-release),2026-Aug-13 17:54:43,13.2,/opt/nvidia/nsight-compute/2026.1.1/target/linux-desktop-glibc_2_11_3-x64/ncu --set full --import-source on --replay-mode application --cache-control none --app-replay-mode strict --profile-from-start off --kernel-name regex:^(?:fwd_kernel) --launch-skip 0 --launch-count 1 --force-overwrite -o /projects/kzhou6/bcui2/research/tilebench/Tilebench/tilebench_run/ncu/flash_attention/cutile_fp16 /projects/kzhou6/bcui2/env_software/miniconda3/envs/tilebench_env/bin/python /projects/kzhou6/bcui2/research/tilebench/Tilebench/tilebench_run/ncu_generic_harness.py,18.6327,15.1870
B200/tilelang/flash_attention/fp16,B200,tilelang,flash_attention,fp16,3cd08aa4a9cbed1327f1799dd4aa97dfb9dc47cd967f22dc5874667205201ec9,"{""batch_size"":4,""causal"":true,""head_dim"":128,""n_heads"":32,""seq_len"":20480}",full,application,NVIDIA_B200/flash_attention/tilelang_fp16.ncu-rep,1ea55a9b21ed27ae2c067e409ab8957a8d9ffeb162001ae0d4f24e7bec872ef8,local_copy_sha256_identical_to_hf,bcui2/NCU_report@21037737b7e371d38f3d029367dc3967d5b31a23,matched,not_recorded,1,"params from the B200 NCU catalogue (HF PR #2: TileLang reports use the catalogued maximum input); winner from origin/archive/raw-logs-2026-09-18:results/B200/logs/autotune_logs/flash_attention_tilelang_autotune.json | B200 TileLang reports (HF PR #2): source commit not stated; paper-era packages, recorded autotune winner, catalogued max input",ok,main_kernel,,,"{""BLOCK_M"": 128, ""BLOCK_N"": 128, ""threads"": 256}",2026.1.1.0 (build 37634170) (public-release),2026-Oct-04 16:53:07,13.2,/opt/nvidia/nsight-compute/2026.1.1/target/linux-desktop-glibc_2_11_3-x64/ncu --profile-from-start off --cache-control none --replay-mode application --import-source on --force-overwrite --app-replay-mode strict --kernel-name regex:^(?:main_kernel) --launch-count 1 --set full --metrics smsp__inst_executed.sum -o /home/arustagi/repos/Tilebench-profile-study/profile/flash_attention/tilelang_ncu_dataset_cuda130_20261003_fp16/reports/full /scratch/arustagi/tilebench_pdf_env/bin/python /home/arustagi/repos/Tilebench-profile-study/profile/dsl_perf_study/tilelang_dataset_harness.py,32.8555,15.1870
B200/triton/flash_attention/fp16,B200,triton,flash_attention,fp16,3cd08aa4a9cbed1327f1799dd4aa97dfb9dc47cd967f22dc5874667205201ec9,"{""batch_size"":4,""causal"":true,""head_dim"":128,""n_heads"":32,""seq_len"":20480}",full,application,NVIDIA_B200/flash_attention/triton_fp16.ncu-rep,4c493aeafc278fa61acca1f3d460a1d8c2fabc518e0169daf40690edbe092287,local_copy_sha256_identical_to_hf,bcui2/NCU_report@21037737b7e371d38f3d029367dc3967d5b31a23,matched,not_recorded,1,params+winner from NCU catalogue | B200 Triton/cuTile profiling source not recorded (developer_guide: Profiling inventory),ok,fwd_kernel,1,1,"{""BLOCK_M"": 128, ""BLOCK_N"": 64, ""num_stages"": 2, ""num_warps"": 8}",2026.1.1.0 (build 37634170) (public-release),2026-Aug-13 17:50:26,13.2,/opt/nvidia/nsight-compute/2026.1.1/target/linux-desktop-glibc_2_11_3-x64/ncu --set full --import-source on --replay-mode application --cache-control none --app-replay-mode strict --profile-from-start off --kernel-name regex:^(?:fwd_kernel) --launch-skip 0 --launch-count 1 --force-overwrite -o /projects/kzhou6/bcui2/research/tilebench/Tilebench/tilebench_run/ncu/flash_attention/triton_fp16 /projects/kzhou6/bcui2/env_software/miniconda3/envs/tilebench_env/bin/python /projects/kzhou6/bcui2/research/tilebench/Tilebench/tilebench_run/ncu_generic_harness.py,20.4122,15.1870
B200/cutile/flash_decode/fp32,B200,cutile,flash_decode,fp32,72eb76a54ebc766e820ad1534ddb0d43a11a42355f6d42282c7f3ad9e15f5594,"{""batch"":2,""block_seq"":128,""head_dim"":128,""heads"":8,""seq_len"":40960}",full,application,NVIDIA_B200/flash_decode/cutile_fp32.ncu-rep,90cf3aac1528eedd41fa7de5e05bff9279056e1dcc5f8779e1459ffc269e0713,local_copy_sha256_identical_to_hf,bcui2/NCU_report@21037737b7e371d38f3d029367dc3967d5b31a23,matched,not_recorded,1,params+winner from NCU catalogue | B200 Triton/cuTile profiling source not recorded (developer_guide: Profiling inventory),ok,fwd_kernel_flash_decode_stage2_Kt1_A4f32_7v4l0_8t1_ci16_p16_A3f32_3v4l0_4i16t1_p16_A1i32_1t1_p16_A4f32_7v4l0_8i16t1_p16_I128_I128_I320,1,1,"{""occupancy"": 32}",2026.1.1.0 (build 37634170) (public-release),2026-Aug-13 18:02:45,13.2,/opt/nvidia/nsight-compute/2026.1.1/target/linux-desktop-glibc_2_11_3-x64/ncu --set full --import-source on --replay-mode application --cache-control none --app-replay-mode strict --profile-from-start off --kernel-name regex:^(?:fwd_kernel_flash_decode_stage2) --launch-skip 0 --launch-count 1 --force-overwrite -o /projects/kzhou6/bcui2/research/tilebench/Tilebench/tilebench_run/ncu/flash_decode/cutile_fp32 /projects/kzhou6/bcui2/env_software/miniconda3/envs/tilebench_env/bin/python /projects/kzhou6/bcui2/research/tilebench/Tilebench/tilebench_run/ncu_generic_harness.py,0.1676,0.0471
B200/tilelang/flash_decode/fp32,B200,tilelang,flash_decode,fp32,72eb76a54ebc766e820ad1534ddb0d43a11a42355f6d42282c7f3ad9e15f5594,"{""batch"":2,""block_seq"":128,""head_dim"":128,""heads"":8,""seq_len"":40960}",full,application,NVIDIA_B200/flash_decode/tilelang_fp32.ncu-rep,95b92c5c9338e1736ba865720513bacb76df431ef57cbbd5128d1f1ab4571dfb,local_copy_sha256_identical_to_hf,bcui2/NCU_report@21037737b7e371d38f3d029367dc3967d5b31a23,matched,not_recorded,1,"params from the B200 NCU catalogue (HF PR #2: TileLang reports use the catalogued maximum input); winner from origin/archive/raw-logs-2026-09-18:results/B200/logs/autotune_logs/flash_decode_tilelang_autotune.json | B200 TileLang reports (HF PR #2): source commit not stated; paper-era packages, recorded autotune winner, catalogued max input",ok,flash_decode_stage2_kernel_kernel,,,"{""num_stages"": 2, ""threads"": 128}",2026.1.1.0 (build 37634170) (public-release),2026-Oct-04 01:01:06,13.2,/opt/nvidia/nsight-compute/2026.1.1/target/linux-desktop-glibc_2_11_3-x64/ncu --profile-from-start off --cache-control none --replay-mode application --import-source on --force-overwrite --app-replay-mode strict --kernel-name regex:^(?:flash_decode_stage2_kernel_kernel) --launch-count 1 --set full --metrics smsp__inst_executed.sum -o /home/arustagi/repos/Tilebench-profile-study/profile/flash_decode/tilelang_ncu_dataset_cuda130_20261003_fp32/reports/full /scratch/arustagi/tilebench_pdf_env/bin/python /home/arustagi/repos/Tilebench-profile-study/profile/dsl_perf_study/tilelang_dataset_harness.py,0.0452,0.0471
B200/triton/flash_decode/fp32,B200,triton,flash_decode,fp32,72eb76a54ebc766e820ad1534ddb0d43a11a42355f6d42282c7f3ad9e15f5594,"{""batch"":2,""block_seq"":128,""head_dim"":128,""heads"":8,""seq_len"":40960}",full,application,NVIDIA_B200/flash_decode/triton_fp32.ncu-rep,d502b7e2c10ed9d9559fc2d02ca67d767cd5ff5697995dce662ef70a661eab3e,local_copy_sha256_identical_to_hf,bcui2/NCU_report@21037737b7e371d38f3d029367dc3967d5b31a23,matched,not_recorded,1,params+winner from NCU catalogue | B200 Triton/cuTile profiling source not recorded (developer_guide: Profiling inventory),ok,fwd_kernel_flash_decode_stage2,1,1,"{""num_stages"": 3, ""num_warps"": 4}",2026.1.1.0 (build 37634170) (public-release),2026-Aug-13 17:58:44,13.2,/opt/nvidia/nsight-compute/2026.1.1/target/linux-desktop-glibc_2_11_3-x64/ncu --set full --import-source on --replay-mode application --cache-control none --app-replay-mode strict --profile-from-start off --kernel-name regex:^(?:fwd_kernel_flash_decode_stage2) --launch-skip 0 --launch-count 1 --force-overwrite -o /projects/kzhou6/bcui2/research/tilebench/Tilebench/tilebench_run/ncu/flash_decode/triton_fp32 /projects/kzhou6/bcui2/env_software/miniconda3/envs/tilebench_env/bin/python /projects/kzhou6/bcui2/research/tilebench/Tilebench/tilebench_run/ncu_generic_harness.py,0.0451,0.0471
B200/cutile/fused_activation/fp32,B200,cutile,fused_activation,fp32,b5ff6b5cd332ae23cb3730bb3d0505bbeaf55913bd35c6503186aa84315dd338,"{""n"":20971520}",full,application,NVIDIA_B200/fused_activation/cutile_fp32.ncu-rep,f55c76c8b3c803de13618cdbaa434da3a2620d0f27d49d388655152d654c4102,local_copy_sha256_identical_to_hf,bcui2/NCU_report@21037737b7e371d38f3d029367dc3967d5b31a23,matched,not_recorded,1,params+winner from NCU catalogue | B200 Triton/cuTile profiling source not recorded (developer_guide: Profiling inventory),ok,fused_activation_kernel_Kt1_A1f32_1i16t1_p16_A1f32_1i16t1_p16_A1f32_1i16t1_p16_A1f32_1i16t1_p16_I1024,1,1,"{""occupancy"": 8, ""tile"": 1024}",2026.1.1.0 (build 37634170) (public-release),2026-Aug-13 16:56:34,13.2,/opt/nvidia/nsight-compute/2026.1.1/target/linux-desktop-glibc_2_11_3-x64/ncu --set full --import-source on --replay-mode application --cache-control none --app-replay-mode strict --profile-from-start off --kernel-name regex:^(?:fused_activation_kernel) --launch-skip 0 --launch-count 1 --force-overwrite -o /projects/kzhou6/bcui2/research/tilebench/Tilebench/tilebench_run/ncu/fused_activation/cutile_fp32 /projects/kzhou6/bcui2/env_software/miniconda3/envs/tilebench_env/bin/python /projects/kzhou6/bcui2/research/tilebench/Tilebench/tilebench_run/ncu_generic_harness.py,0.0520,0.1032
B200/tilelang/fused_activation/fp32,B200,tilelang,fused_activation,fp32,b5ff6b5cd332ae23cb3730bb3d0505bbeaf55913bd35c6503186aa84315dd338,"{""n"":20971520}",full,application,NVIDIA_B200/fused_activation/tilelang_fp32.ncu-rep,698afb923c9fcd5bb284940f02c9a19c892abf285efc702db2fff83bea466b9d,local_copy_sha256_identical_to_hf,bcui2/NCU_report@21037737b7e371d38f3d029367dc3967d5b31a23,matched,not_recorded,1,"params from the B200 NCU catalogue (HF PR #2: TileLang reports use the catalogued maximum input); winner from origin/archive/raw-logs-2026-09-18:results/B200/logs/autotune_logs/fused_activation_tilelang_autotune.json | B200 TileLang reports (HF PR #2): source commit not stated; paper-era packages, recorded autotune winner, catalogued max input",ok,fused_activation_kernel_kernel,,,"{""BLOCK_SIZE"": 2048, ""threads"": 256}",2026.1.1.0 (build 37634170) (public-release),2026-Oct-04 01:12:01,13.2,/opt/nvidia/nsight-compute/2026.1.1/target/linux-desktop-glibc_2_11_3-x64/ncu --profile-from-start off --cache-control none --replay-mode application --import-source on --force-overwrite --app-replay-mode strict --kernel-name regex:^(?:fused_activation_kernel_kernel) --launch-count 1 --set full --metrics smsp__inst_executed.sum -o /home/arustagi/repos/Tilebench-profile-study/profile/fused_activation/tilelang_ncu_dataset_cuda130_20261003_fp32/reports/full /scratch/arustagi/tilebench_pdf_env/bin/python /home/arustagi/repos/Tilebench-profile-study/profile/dsl_perf_study/tilelang_dataset_harness.py,0.0519,0.1032
B200/triton/fused_activation/fp32,B200,triton,fused_activation,fp32,b5ff6b5cd332ae23cb3730bb3d0505bbeaf55913bd35c6503186aa84315dd338,"{""n"":20971520}",full,application,NVIDIA_B200/fused_activation/triton_fp32.ncu-rep,018451e1444bd452d651bc819e70b8c2e1f1f074d671bfb296cd3d6e3f1c9427,local_copy_sha256_identical_to_hf,bcui2/NCU_report@21037737b7e371d38f3d029367dc3967d5b31a23,matched,not_recorded,1,params+winner from NCU catalogue | B200 Triton/cuTile profiling source not recorded (developer_guide: Profiling inventory),ok,fused_activation_kernel,1,1,"{""BLOCK_SIZE"": 1024, ""num_warps"": 2}",2026.1.1.0 (build 37634170) (public-release),2026-Aug-13 16:53:12,13.2,/opt/nvidia/nsight-compute/2026.1.1/target/linux-desktop-glibc_2_11_3-x64/ncu --set full --import-source on --replay-mode application --cache-control none --app-replay-mode strict --profile-from-start off --kernel-name regex:^(?:fused_activation_kernel) --launch-skip 0 --launch-count 1 --force-overwrite -o /projects/kzhou6/bcui2/research/tilebench/Tilebench/tilebench_run/ncu/fused_activation/triton_fp32 /projects/kzhou6/bcui2/env_software/miniconda3/envs/tilebench_env/bin/python /projects/kzhou6/bcui2/research/tilebench/Tilebench/tilebench_run/ncu_generic_harness.py,0.0516,0.1032
B200/cutile/gaussian_blur/fp16,B200,cutile,gaussian_blur,fp16,eac8306ad281ddec1f9eee83d6aca7922fd91a81eb15e58f814129494fd1ec43,"{""input_rows"":10240,""kernel_cols"":7,""kernel_rows"":7}",full,application,NVIDIA_B200/gaussian_blur/cutile_fp16.ncu-rep,a06d863b0aa015ba76a83a9a55c5e8ca5449eac738dcaeed564a6f21363a366d,local_copy_sha256_identical_to_hf,bcui2/NCU_report@21037737b7e371d38f3d029367dc3967d5b31a23,matched,not_recorded,1,params+winner from NCU catalogue | B200 Triton/cuTile profiling source not recorded (developer_guide: Profiling inventory),ok,gaussian_blur_kernel_Kt1_A2f16_1v8l0_2t1_3i16_p16_A1f16_1t1_p16_A2f16_1v8l0_2t1_3i16_p16_I7_I7_I2_I128,1,1,"{""occupancy"": 4, ""tile_c"": 128, ""tile_r"": 2}",2026.1.1.0 (build 37634170) (public-release),2026-Aug-13 17:04:09,13.2,/opt/nvidia/nsight-compute/2026.1.1/target/linux-desktop-glibc_2_11_3-x64/ncu --set full --import-source on --replay-mode application --cache-control none --app-replay-mode strict --profile-from-start off --kernel-name regex:^(?:gaussian_blur_kernel) --launch-skip 0 --launch-count 1 --force-overwrite -o /projects/kzhou6/bcui2/research/tilebench/Tilebench/tilebench_run/ncu/gaussian_blur/cutile_fp16 /projects/kzhou6/bcui2/env_software/miniconda3/envs/tilebench_env/bin/python /projects/kzhou6/bcui2/research/tilebench/Tilebench/tilebench_run/ncu_generic_harness.py,1.4889,16.2227
B200/cutile/gaussian_blur/fp32,B200,cutile,gaussian_blur,fp32,1e52039bb44020eaa7ad629381e65d567485483137da4bfb54aa9e03e7c28cd8,"{""input_rows"":10240,""kernel_cols"":7,""kernel_rows"":7}",full,application,NVIDIA_B200/gaussian_blur/cutile_fp32.ncu-rep,f64e7946f17bb54b0cd8a139f177cc13714c0faf53a7d6b8cd8563ede5a37c72,local_copy_sha256_identical_to_hf,bcui2/NCU_report@21037737b7e371d38f3d029367dc3967d5b31a23,matched,not_recorded,1,params+winner from NCU catalogue | B200 Triton/cuTile profiling source not recorded (developer_guide: Profiling inventory),ok,gaussian_blur_kernel_Kt1_A2f32_1v4l0_2t1_3i16_p16_A1f32_1t1_p16_A2f32_1v4l0_2t1_3i16_p16_I7_I7_I2_I128,1,1,"{""occupancy"": 4, ""tile_c"": 128, ""tile_r"": 2}",2026.1.1.0 (build 37634170) (public-release),2026-Aug-13 17:12:23,13.2,/opt/nvidia/nsight-compute/2026.1.1/target/linux-desktop-glibc_2_11_3-x64/ncu --set full --import-source on --replay-mode application --cache-control none --app-replay-mode strict --profile-from-start off --kernel-name regex:^(?:gaussian_blur_kernel) --launch-skip 0 --launch-count 1 --force-overwrite -o /projects/kzhou6/bcui2/research/tilebench/Tilebench/tilebench_run/ncu/gaussian_blur/cutile_fp32 /projects/kzhou6/bcui2/env_software/miniconda3/envs/tilebench_env/bin/python /projects/kzhou6/bcui2/research/tilebench/Tilebench/tilebench_run/ncu_generic_harness.py,1.2713,15.6215
B200/tilelang/gaussian_blur/fp16,B200,tilelang,gaussian_blur,fp16,eac8306ad281ddec1f9eee83d6aca7922fd91a81eb15e58f814129494fd1ec43,"{""input_rows"":10240,""kernel_cols"":7,""kernel_rows"":7}",full,application,NVIDIA_B200/gaussian_blur/tilelang_fp16.ncu-rep,ce9431fb4ea4e8f167c377453f94b1bc6998fb64acac4d8095d562436fbbe883,local_copy_sha256_identical_to_hf,bcui2/NCU_report@21037737b7e371d38f3d029367dc3967d5b31a23,matched,not_recorded,1,"params from the B200 NCU catalogue (HF PR #2: TileLang reports use the catalogued maximum input); winner from origin/archive/raw-logs-2026-09-18:results/B200/logs/autotune_logs/gaussian_blur_tilelang_autotune.json | B200 TileLang reports (HF PR #2): source commit not stated; paper-era packages, recorded autotune winner, catalogued max input",ok,gaussian_blur_kernel_kernel,,,"{""BLOCK_C"": 256, ""BLOCK_R"": 4, ""threads"": 128}",2026.1.1.0 (build 37634170) (public-release),2026-Oct-04 17:05:05,13.2,/opt/nvidia/nsight-compute/2026.1.1/target/linux-desktop-glibc_2_11_3-x64/ncu --profile-from-start off --cache-control none --replay-mode application --import-source on --force-overwrite --app-replay-mode strict --kernel-name regex:^(?:gaussian_blur_kernel_kernel) --launch-count 1 --set full --metrics smsp__inst_executed.sum -o /home/arustagi/repos/Tilebench-profile-study/profile/gaussian_blur/tilelang_ncu_dataset_cuda130_20261003_fp16/reports/full /scratch/arustagi/tilebench_pdf_env/bin/python /home/arustagi/repos/Tilebench-profile-study/profile/dsl_perf_study/tilelang_dataset_harness.py,2.2652,16.2227
B200/tilelang/gaussian_blur/fp32,B200,tilelang,gaussian_blur,fp32,1e52039bb44020eaa7ad629381e65d567485483137da4bfb54aa9e03e7c28cd8,"{""input_rows"":10240,""kernel_cols"":7,""kernel_rows"":7}",full,application,NVIDIA_B200/gaussian_blur/tilelang_fp32.ncu-rep,f09a70fe9a372a236668c45ea0b73ad96743cc4ae67f578839aa0586c87e4523,local_copy_sha256_identical_to_hf,bcui2/NCU_report@21037737b7e371d38f3d029367dc3967d5b31a23,matched,not_recorded,1,"params from the B200 NCU catalogue (HF PR #2: TileLang reports use the catalogued maximum input); winner from origin/archive/raw-logs-2026-09-18:results/B200/logs/autotune_logs/gaussian_blur_tilelang_autotune.json | B200 TileLang reports (HF PR #2): source commit not stated; paper-era packages, recorded autotune winner, catalogued max input",ok,gaussian_blur_kernel_kernel,,,"{""BLOCK_C"": 256, ""BLOCK_R"": 4, ""threads"": 128}",2026.1.1.0 (build 37634170) (public-release),2026-Oct-04 17:17:07,13.2,/opt/nvidia/nsight-compute/2026.1.1/target/linux-desktop-glibc_2_11_3-x64/ncu --profile-from-start off --cache-control none --replay-mode application --import-source on --force-overwrite --app-replay-mode strict --kernel-name regex:^(?:gaussian_blur_kernel_kernel) --launch-count 1 --set full --metrics smsp__inst_executed.sum -o /home/arustagi/repos/Tilebench-profile-study/profile/gaussian_blur/tilelang_ncu_dataset_cuda130_20261003_fp32/reports/full /scratch/arustagi/tilebench_pdf_env/bin/python /home/arustagi/repos/Tilebench-profile-study/profile/dsl_perf_study/tilelang_dataset_harness.py,1.1436,15.6215
B200/triton/gaussian_blur/fp16,B200,triton,gaussian_blur,fp16,eac8306ad281ddec1f9eee83d6aca7922fd91a81eb15e58f814129494fd1ec43,"{""input_rows"":10240,""kernel_cols"":7,""kernel_rows"":7}",full,application,NVIDIA_B200/gaussian_blur/triton_fp16.ncu-rep,82b85fbd642f7bcd1ac1e78acaaa5bb9176051a0a6e7b5771ccec92429ea2842,local_copy_sha256_identical_to_hf,bcui2/NCU_report@21037737b7e371d38f3d029367dc3967d5b31a23,matched,not_recorded,1,params+winner from NCU catalogue | B200 Triton/cuTile profiling source not recorded (developer_guide: Profiling inventory),ok,gaussian_blur_kernel,1,1,"{""BLOCK_C"": 64, ""BLOCK_R"": 8, ""num_warps"": 8}",2026.1.1.0 (build 37634170) (public-release),2026-Aug-13 17:00:12,13.2,/opt/nvidia/nsight-compute/2026.1.1/target/linux-desktop-glibc_2_11_3-x64/ncu --set full --import-source on --replay-mode application --cache-control none --app-replay-mode strict --profile-from-start off --kernel-name regex:^(?:gaussian_blur_kernel) --launch-skip 0 --launch-count 1 --force-overwrite -o /projects/kzhou6/bcui2/research/tilebench/Tilebench/tilebench_run/ncu/gaussian_blur/triton_fp16 /projects/kzhou6/bcui2/env_software/miniconda3/envs/tilebench_env/bin/python /projects/kzhou6/bcui2/research/tilebench/Tilebench/tilebench_run/ncu_generic_harness.py,1.0018,16.2227
B200/triton/gaussian_blur/fp32,B200,triton,gaussian_blur,fp32,1e52039bb44020eaa7ad629381e65d567485483137da4bfb54aa9e03e7c28cd8,"{""input_rows"":10240,""kernel_cols"":7,""kernel_rows"":7}",full,application,NVIDIA_B200/gaussian_blur/triton_fp32.ncu-rep,195f226d8412de1df78bae20cb06ee1f508dc570f90bcc87d7b3a5ed131c2ca6,local_copy_sha256_identical_to_hf,bcui2/NCU_report@21037737b7e371d38f3d029367dc3967d5b31a23,matched,not_recorded,1,params+winner from NCU catalogue | B200 Triton/cuTile profiling source not recorded (developer_guide: Profiling inventory),ok,gaussian_blur_kernel,1,1,"{""BLOCK_C"": 64, ""BLOCK_R"": 8, ""num_warps"": 8}",2026.1.1.0 (build 37634170) (public-release),2026-Aug-13 17:08:12,13.2,/opt/nvidia/nsight-compute/2026.1.1/target/linux-desktop-glibc_2_11_3-x64/ncu --set full --import-source on --replay-mode application --cache-control none --app-replay-mode strict --profile-from-start off --kernel-name regex:^(?:gaussian_blur_kernel) --launch-skip 0 --launch-count 1 --force-overwrite -o /projects/kzhou6/bcui2/research/tilebench/Tilebench/tilebench_run/ncu/gaussian_blur/triton_fp32 /projects/kzhou6/bcui2/env_software/miniconda3/envs/tilebench_env/bin/python /projects/kzhou6/bcui2/research/tilebench/Tilebench/tilebench_run/ncu_generic_harness.py,1.2487,15.6215
B200/cutile/histogramming/int32,B200,cutile,histogramming,int32,c48a75a3660d5948dbeb67430e440707f3b68df6629d7e95ba5704558dcac9fa,"{""N"":67108864,""num_bins"":4096}",full,application,NVIDIA_B200/histogramming/cutile_int32.ncu-rep,93429eb1351dee0792f9c449d132882d35796bb5a928aaa7c4527b5d062ac4c2,local_copy_sha256_identical_to_hf,bcui2/NCU_report@21037737b7e371d38f3d029367dc3967d5b31a23,matched,not_recorded,2,params+winner from NCU catalogue | report holds the 2 operator kernel launches; kernel_counts.json lists 3 launches including 1 PyTorch helper launch(es) (fill/copy) that the profile does not capture | B200 Triton/cuTile profiling source not recorded (developer_guide: Profiling inventory),ok,histogram_partial_kernel_Kt1_A1i32_1i16t1_p16_A2i32_1v4l0_2t1_3i16_p16_Si32_Si32_Si32_I2048;histogram_reduce_kernel_Kt1_A2i32_1v4l0_2t1_3i16_p16_A1i32_1i16t1_p16_Si32_Si32_I128_I64,3,2,"{""partial_block_size"": 2048, ""partial_occupancy"": 4, ""reduce_block_bins"": 64, ""reduce_block_rows"": 128, ""reduce_occupancy"": 8}",2026.1.1.0 (build 37634170) (public-release),2026-Aug-13 19:22:12,13.2,/opt/nvidia/nsight-compute/2026.1.1/target/linux-desktop-glibc_2_11_3-x64/ncu --set full --import-source on --replay-mode application --cache-control none --app-replay-mode strict --profile-from-start off --kernel-name regex:^(?:histogram_partial_kernel|histogram_reduce_kernel) --launch-skip 0 --launch-count 2 --force-overwrite -o /projects/kzhou6/bcui2/research/tilebench/Tilebench/tilebench_run/ncu/histogramming/cutile_int32 /projects/kzhou6/bcui2/env_software/miniconda3/envs/tilebench_env/bin/python /projects/kzhou6/bcui2/research/tilebench/Tilebench/tilebench_run/ncu_generic_harness.py,1.4265,0.6246
B200/tilelang/histogramming/int32,B200,tilelang,histogramming,int32,c48a75a3660d5948dbeb67430e440707f3b68df6629d7e95ba5704558dcac9fa,"{""N"":67108864,""num_bins"":4096}",full,application,NVIDIA_B200/histogramming/tilelang_int32.ncu-rep,b428cb6de84249c147795bd702d7162f4e0608a426d143f587f2a0ebaef7358d,local_copy_sha256_identical_to_hf,bcui2/NCU_report@21037737b7e371d38f3d029367dc3967d5b31a23,matched,not_recorded,3,"params from the B200 NCU catalogue (HF PR #2: TileLang reports use the catalogued maximum input); winner from origin/archive/raw-logs-2026-09-18:results/B200/logs/autotune_logs/histogramming_tilelang_autotune.json | B200 TileLang reports (HF PR #2): source commit not stated; paper-era packages, recorded autotune winner, catalogued max input",ok,histogram_partial_kernel_kernel;histogram_reduce_kernel_kernel;vectorized_elementwise_kernel,,,"{""partial_BLOCK_SIZE"": 2048, ""partial_threads"": 256, ""reduce_BLOCK_BINS"": 64, ""reduce_BLOCK_ROWS"": 128, ""reduce_threads"": 128}",2026.1.1.0 (build 37634170) (public-release),2026-Oct-04 01:23:57,13.2,/opt/nvidia/nsight-compute/2026.1.1/target/linux-desktop-glibc_2_11_3-x64/ncu --profile-from-start off --cache-control none --replay-mode application --import-source on --force-overwrite --app-replay-mode strict --kernel-name regex:^(?:histogram_partial_kernel_kernel|histogram_reduce_kernel_kernel|vectorized_elementwise_kernel) --launch-count 3 --set full --metrics smsp__inst_executed.sum -o /home/arustagi/repos/Tilebench-profile-study/profile/histogramming/tilelang_ncu_dataset_cuda130_20261003_int32/reports/full /scratch/arustagi/tilebench_pdf_env/bin/python /home/arustagi/repos/Tilebench-profile-study/profile/dsl_perf_study/tilelang_dataset_harness.py,0.0963,0.6246
B200/triton/histogramming/int32,B200,triton,histogramming,int32,c48a75a3660d5948dbeb67430e440707f3b68df6629d7e95ba5704558dcac9fa,"{""N"":67108864,""num_bins"":4096}",full,application,NVIDIA_B200/histogramming/triton_int32.ncu-rep,e9cb7671315dfc60a0324e0cf23c6fc94c74b1f912c48e7a10c317f13760ebe5,local_copy_sha256_identical_to_hf,bcui2/NCU_report@21037737b7e371d38f3d029367dc3967d5b31a23,matched,not_recorded,2,params+winner from NCU catalogue | report holds the 2 operator kernel launches; kernel_counts.json lists 3 launches including 1 PyTorch helper launch(es) (fill/copy) that the profile does not capture | B200 Triton/cuTile profiling source not recorded (developer_guide: Profiling inventory),ok,histogram_partial_kernel;histogram_reduce_kernel,3,2,"{""partial_BLOCK_SIZE"": 2048, ""partial_num_warps"": 8, ""reduce_BLOCK_BINS"": 64, ""reduce_BLOCK_ROWS"": 128, ""reduce_num_stages"": 2, ""reduce_num_warps"": 8}",2026.1.1.0 (build 37634170) (public-release),2026-Aug-13 19:17:20,13.2,/opt/nvidia/nsight-compute/2026.1.1/target/linux-desktop-glibc_2_11_3-x64/ncu --set full --import-source on --replay-mode application --cache-control none --app-replay-mode strict --profile-from-start off --kernel-name regex:^(?:histogram_partial_kernel|histogram_reduce_kernel) --launch-skip 0 --launch-count 2 --force-overwrite -o /projects/kzhou6/bcui2/research/tilebench/Tilebench/tilebench_run/ncu/histogramming/triton_int32 /projects/kzhou6/bcui2/env_software/miniconda3/envs/tilebench_env/bin/python /projects/kzhou6/bcui2/research/tilebench/Tilebench/tilebench_run/ncu_generic_harness.py,0.8009,0.6246
B200/cutile/interleave/bf16,B200,cutile,interleave,bf16,27ed54477706433d6a7a6281ad92b6c26359f3da4d9199b21a888b4770e3edd7,"{""n"":20000000}",full,application,NVIDIA_B200/interleave/cutile_bf16.ncu-rep,dd5596d1dce0764e9af7eee0fbe68da2dcce95c1e8dd81cd7140955c51398693,local_copy_sha256_identical_to_hf,bcui2/NCU_report@21037737b7e371d38f3d029367dc3967d5b31a23,matched,not_recorded,1,params+winner from NCU catalogue | B200 Triton/cuTile profiling source not recorded (developer_guide: Profiling inventory),ok,interleave_kernel_Kt1_A1bf16_1i16t1_p16_A1bf16_1i16t1_p16_A1bf16_1i16t1_p16_I1024,1,1,"{""occupancy"": 4, ""tile"": 1024}",2026.1.1.0 (build 37634170) (public-release),2026-Aug-13 19:38:23,13.2,/opt/nvidia/nsight-compute/2026.1.1/target/linux-desktop-glibc_2_11_3-x64/ncu --set full --import-source on --replay-mode application --cache-control none --app-replay-mode strict --profile-from-start off --kernel-name regex:^(?:interleave_kernel) --launch-skip 0 --launch-count 1 --force-overwrite -o /projects/kzhou6/bcui2/research/tilebench/Tilebench/tilebench_run/ncu/interleave/cutile_bf16 /projects/kzhou6/bcui2/env_software/miniconda3/envs/tilebench_env/bin/python /projects/kzhou6/bcui2/research/tilebench/Tilebench/tilebench_run/ncu_generic_harness.py,0.0263,0.0983
B200/cutile/interleave/fp16,B200,cutile,interleave,fp16,047fc548f0cd6eafc4472b1ed8c788e0485005a304c1522d4bb161e8394894e7,"{""n"":20000000}",full,application,NVIDIA_B200/interleave/cutile_fp16.ncu-rep,85c19af8350b437f45a8209fb903b85b791796a79d5355eee8c77f223b4db245,local_copy_sha256_identical_to_hf,bcui2/NCU_report@21037737b7e371d38f3d029367dc3967d5b31a23,matched,not_recorded,1,params+winner from NCU catalogue | B200 Triton/cuTile profiling source not recorded (developer_guide: Profiling inventory),ok,interleave_kernel_Kt1_A1f16_1i16t1_p16_A1f16_1i16t1_p16_A1f16_1i16t1_p16_I4096,1,1,"{""occupancy"": 8, ""tile"": 4096}",2026.1.1.0 (build 37634170) (public-release),2026-Aug-13 19:30:14,13.2,/opt/nvidia/nsight-compute/2026.1.1/target/linux-desktop-glibc_2_11_3-x64/ncu --set full --import-source on --replay-mode application --cache-control none --app-replay-mode strict --profile-from-start off --kernel-name regex:^(?:interleave_kernel) --launch-skip 0 --launch-count 1 --force-overwrite -o /projects/kzhou6/bcui2/research/tilebench/Tilebench/tilebench_run/ncu/interleave/cutile_fp16 /projects/kzhou6/bcui2/env_software/miniconda3/envs/tilebench_env/bin/python /projects/kzhou6/bcui2/research/tilebench/Tilebench/tilebench_run/ncu_generic_harness.py,0.0264,0.0985
B200/cutile/interleave/fp32,B200,cutile,interleave,fp32,fb3305b4d44c9063dab6995cb25086a555015d7bf0d119d5a11aea7f15b328bf,"{""n"":20000000}",full,application,NVIDIA_B200/interleave/cutile_fp32.ncu-rep,5b089ca9b3a65c10c22ce510aacb5adcf8162f4fb1bc68a1520014ac105bffc0,local_copy_sha256_identical_to_hf,bcui2/NCU_report@21037737b7e371d38f3d029367dc3967d5b31a23,matched,not_recorded,1,params+winner from NCU catalogue | B200 Triton/cuTile profiling source not recorded (developer_guide: Profiling inventory),ok,interleave_kernel_Kt1_A1f32_1i16t1_p16_A1f32_1i16t1_p16_A1f32_1i16t1_p16_I2048,1,1,"{""occupancy"": 8, ""tile"": 2048}",2026.1.1.0 (build 37634170) (public-release),2026-Aug-13 19:46:42,13.2,/opt/nvidia/nsight-compute/2026.1.1/target/linux-desktop-glibc_2_11_3-x64/ncu --set full --import-source on --replay-mode application --cache-control none --app-replay-mode strict --profile-from-start off --kernel-name regex:^(?:interleave_kernel) --launch-skip 0 --launch-count 1 --force-overwrite -o /projects/kzhou6/bcui2/research/tilebench/Tilebench/tilebench_run/ncu/interleave/cutile_fp32 /projects/kzhou6/bcui2/env_software/miniconda3/envs/tilebench_env/bin/python /projects/kzhou6/bcui2/research/tilebench/Tilebench/tilebench_run/ncu_generic_harness.py,0.0495,0.1404
B200/cutile/interleave/int8,B200,cutile,interleave,int8,bd979fe1d232b2650e93d232312a66ad7c049b1c7527ded5f6fee7373bbb3d8e,"{""n"":20000000}",full,application,NVIDIA_B200/interleave/cutile_int8.ncu-rep,cb26803ef1c6304a3d6d8a773b27721d0cf5f3f5efc98b51f7a477ec9768b06f,local_copy_sha256_identical_to_hf,bcui2/NCU_report@21037737b7e371d38f3d029367dc3967d5b31a23,matched,not_recorded,1,params+winner from NCU catalogue | B200 Triton/cuTile profiling source not recorded (developer_guide: Profiling inventory),ok,interleave_kernel_Kt1_A1i8_1i16t1_p16_A1i8_1i16t1_p16_A1i8_1i16t1_p16_I2048,1,1,"{""occupancy"": 16, ""tile"": 2048}",2026.1.1.0 (build 37634170) (public-release),2026-Aug-13 19:55:09,13.2,/opt/nvidia/nsight-compute/2026.1.1/target/linux-desktop-glibc_2_11_3-x64/ncu --set full --import-source on --replay-mode application --cache-control none --app-replay-mode strict --profile-from-start off --kernel-name regex:^(?:interleave_kernel) --launch-skip 0 --launch-count 1 --force-overwrite -o /projects/kzhou6/bcui2/research/tilebench/Tilebench/tilebench_run/ncu/interleave/cutile_int8 /projects/kzhou6/bcui2/env_software/miniconda3/envs/tilebench_env/bin/python /projects/kzhou6/bcui2/research/tilebench/Tilebench/tilebench_run/ncu_generic_harness.py,0.0148,0.0882
B200/tilelang/interleave/bf16,B200,tilelang,interleave,bf16,27ed54477706433d6a7a6281ad92b6c26359f3da4d9199b21a888b4770e3edd7,"{""n"":20000000}",full,application,NVIDIA_B200/interleave/tilelang_bf16.ncu-rep,1ba14dcb430b797352dbe4000787e4b1bac7c178f8864ebadf78f22ed9f6db76,local_copy_sha256_identical_to_hf,bcui2/NCU_report@21037737b7e371d38f3d029367dc3967d5b31a23,matched,not_recorded,1,"params from the B200 NCU catalogue (HF PR #2: TileLang reports use the catalogued maximum input); winner from origin/archive/raw-logs-2026-09-18:results/B200/logs/autotune_logs/interleave_tilelang_autotune.json | B200 TileLang reports (HF PR #2): source commit not stated; paper-era packages, recorded autotune winner, catalogued max input",ok,interleave_kernel_kernel,,,"{""BLOCK_SIZE"": 1024, ""threads"": 128}",2026.1.1.0 (build 37634170) (public-release),2026-Oct-04 01:35:22,13.2,/opt/nvidia/nsight-compute/2026.1.1/target/linux-desktop-glibc_2_11_3-x64/ncu --profile-from-start off --cache-control none --replay-mode application --import-source on --force-overwrite --app-replay-mode strict --kernel-name regex:^(?:interleave_kernel_kernel) --launch-count 1 --set full --metrics smsp__inst_executed.sum -o /home/arustagi/repos/Tilebench-profile-study/profile/interleave/tilelang_ncu_dataset_cuda130_20261003_bf16/reports/full /scratch/arustagi/tilebench_pdf_env/bin/python /home/arustagi/repos/Tilebench-profile-study/profile/dsl_perf_study/tilelang_dataset_harness.py,0.0265,0.0983
B200/tilelang/interleave/fp16,B200,tilelang,interleave,fp16,047fc548f0cd6eafc4472b1ed8c788e0485005a304c1522d4bb161e8394894e7,"{""n"":20000000}",full,application,NVIDIA_B200/interleave/tilelang_fp16.ncu-rep,2d2b113d4f85128d1e029fda3e85eed04c7ae16a97695705fa82eca75bebe025,local_copy_sha256_identical_to_hf,bcui2/NCU_report@21037737b7e371d38f3d029367dc3967d5b31a23,matched,not_recorded,1,"params from the B200 NCU catalogue (HF PR #2: TileLang reports use the catalogued maximum input); winner from origin/archive/raw-logs-2026-09-18:results/B200/logs/autotune_logs/interleave_tilelang_autotune.json | B200 TileLang reports (HF PR #2): source commit not stated; paper-era packages, recorded autotune winner, catalogued max input",ok,interleave_kernel_kernel,,,"{""BLOCK_SIZE"": 1024, ""threads"": 128}",2026.1.1.0 (build 37634170) (public-release),2026-Oct-04 01:46:46,13.2,/opt/nvidia/nsight-compute/2026.1.1/target/linux-desktop-glibc_2_11_3-x64/ncu --profile-from-start off --cache-control none --replay-mode application --import-source on --force-overwrite --app-replay-mode strict --kernel-name regex:^(?:interleave_kernel_kernel) --launch-count 1 --set full --metrics smsp__inst_executed.sum -o /home/arustagi/repos/Tilebench-profile-study/profile/interleave/tilelang_ncu_dataset_cuda130_20261003_fp16/reports/full /scratch/arustagi/tilebench_pdf_env/bin/python /home/arustagi/repos/Tilebench-profile-study/profile/dsl_perf_study/tilelang_dataset_harness.py,0.0263,0.0985
B200/tilelang/interleave/fp32,B200,tilelang,interleave,fp32,fb3305b4d44c9063dab6995cb25086a555015d7bf0d119d5a11aea7f15b328bf,"{""n"":20000000}",full,application,NVIDIA_B200/interleave/tilelang_fp32.ncu-rep,285391171ff5c283789206a0a5bfc7daeefa6cf86e1d966abacceff2031d4833,local_copy_sha256_identical_to_hf,bcui2/NCU_report@21037737b7e371d38f3d029367dc3967d5b31a23,matched,not_recorded,1,"params from the B200 NCU catalogue (HF PR #2: TileLang reports use the catalogued maximum input); winner from origin/archive/raw-logs-2026-09-18:results/B200/logs/autotune_logs/interleave_tilelang_autotune.json | B200 TileLang reports (HF PR #2): source commit not stated; paper-era packages, recorded autotune winner, catalogued max input",ok,interleave_kernel_kernel,,,"{""BLOCK_SIZE"": 1024, ""threads"": 128}",2026.1.1.0 (build 37634170) (public-release),2026-Oct-04 01:58:08,13.2,/opt/nvidia/nsight-compute/2026.1.1/target/linux-desktop-glibc_2_11_3-x64/ncu --profile-from-start off --cache-control none --replay-mode application --import-source on --force-overwrite --app-replay-mode strict --kernel-name regex:^(?:interleave_kernel_kernel) --launch-count 1 --set full --metrics smsp__inst_executed.sum -o /home/arustagi/repos/Tilebench-profile-study/profile/interleave/tilelang_ncu_dataset_cuda130_20261003_fp32/reports/full /scratch/arustagi/tilebench_pdf_env/bin/python /home/arustagi/repos/Tilebench-profile-study/profile/dsl_perf_study/tilelang_dataset_harness.py,0.0499,0.1404
B200/tilelang/interleave/int8,B200,tilelang,interleave,int8,bd979fe1d232b2650e93d232312a66ad7c049b1c7527ded5f6fee7373bbb3d8e,"{""n"":20000000}",full,application,NVIDIA_B200/interleave/tilelang_int8.ncu-rep,cfea9a81b53258b3107402c13f877d2dae82932504b2920ca89bf947bd467269,local_copy_sha256_identical_to_hf,bcui2/NCU_report@21037737b7e371d38f3d029367dc3967d5b31a23,matched,not_recorded,1,"params from the B200 NCU catalogue (HF PR #2: TileLang reports use the catalogued maximum input); winner from origin/archive/raw-logs-2026-09-18:results/B200/logs/autotune_logs/interleave_tilelang_autotune.json | B200 TileLang reports (HF PR #2): source commit not stated; paper-era packages, recorded autotune winner, catalogued max input",ok,interleave_kernel_kernel,,,"{""BLOCK_SIZE"": 4096, ""threads"": 256}",2026.1.1.0 (build 37634170) (public-release),2026-Oct-04 02:09:25,13.2,/opt/nvidia/nsight-compute/2026.1.1/target/linux-desktop-glibc_2_11_3-x64/ncu --profile-from-start off --cache-control none --replay-mode application --import-source on --force-overwrite --app-replay-mode strict --kernel-name regex:^(?:interleave_kernel_kernel) --launch-count 1 --set full --metrics smsp__inst_executed.sum -o /home/arustagi/repos/Tilebench-profile-study/profile/interleave/tilelang_ncu_dataset_cuda130_20261003_int8/reports/full /scratch/arustagi/tilebench_pdf_env/bin/python /home/arustagi/repos/Tilebench-profile-study/profile/dsl_perf_study/tilelang_dataset_harness.py,0.0148,0.0882
B200/triton/interleave/bf16,B200,triton,interleave,bf16,27ed54477706433d6a7a6281ad92b6c26359f3da4d9199b21a888b4770e3edd7,"{""n"":20000000}",full,application,NVIDIA_B200/interleave/triton_bf16.ncu-rep,1c0b72f232217a815a192075fef904781eefa1c173f666843068b12db6e1c433,local_copy_sha256_identical_to_hf,bcui2/NCU_report@21037737b7e371d38f3d029367dc3967d5b31a23,matched,not_recorded,1,params+winner from NCU catalogue | B200 Triton/cuTile profiling source not recorded (developer_guide: Profiling inventory),ok,interleave_kernel,1,1,"{""BLOCK_SIZE"": 1024, ""num_stages"": 2, ""num_warps"": 4}",2026.1.1.0 (build 37634170) (public-release),2026-Aug-13 19:34:21,13.2,/opt/nvidia/nsight-compute/2026.1.1/target/linux-desktop-glibc_2_11_3-x64/ncu --set full --import-source on --replay-mode application --cache-control none --app-replay-mode strict --profile-from-start off --kernel-name regex:^(?:interleave_kernel) --launch-skip 0 --launch-count 1 --force-overwrite -o /projects/kzhou6/bcui2/research/tilebench/Tilebench/tilebench_run/ncu/interleave/triton_bf16 /projects/kzhou6/bcui2/env_software/miniconda3/envs/tilebench_env/bin/python /projects/kzhou6/bcui2/research/tilebench/Tilebench/tilebench_run/ncu_generic_harness.py,0.0262,0.0983
B200/triton/interleave/fp16,B200,triton,interleave,fp16,047fc548f0cd6eafc4472b1ed8c788e0485005a304c1522d4bb161e8394894e7,"{""n"":20000000}",full,application,NVIDIA_B200/interleave/triton_fp16.ncu-rep,2718e311d3b689bd7e896a82941fec0e0649b0e5413695a8600e8a77308addbc,local_copy_sha256_identical_to_hf,bcui2/NCU_report@21037737b7e371d38f3d029367dc3967d5b31a23,matched,not_recorded,1,params+winner from NCU catalogue | B200 Triton/cuTile profiling source not recorded (developer_guide: Profiling inventory),ok,interleave_kernel,1,1,"{""BLOCK_SIZE"": 1024, ""num_stages"": 1, ""num_warps"": 4}",2026.1.1.0 (build 37634170) (public-release),2026-Aug-13 19:26:14,13.2,/opt/nvidia/nsight-compute/2026.1.1/target/linux-desktop-glibc_2_11_3-x64/ncu --set full --import-source on --replay-mode application --cache-control none --app-replay-mode strict --profile-from-start off --kernel-name regex:^(?:interleave_kernel) --launch-skip 0 --launch-count 1 --force-overwrite -o /projects/kzhou6/bcui2/research/tilebench/Tilebench/tilebench_run/ncu/interleave/triton_fp16 /projects/kzhou6/bcui2/env_software/miniconda3/envs/tilebench_env/bin/python /projects/kzhou6/bcui2/research/tilebench/Tilebench/tilebench_run/ncu_generic_harness.py,0.0263,0.0985
B200/triton/interleave/fp32,B200,triton,interleave,fp32,fb3305b4d44c9063dab6995cb25086a555015d7bf0d119d5a11aea7f15b328bf,"{""n"":20000000}",full,application,NVIDIA_B200/interleave/triton_fp32.ncu-rep,2d805390a436b7796322272a2000a16fdad68fe5e01e4490d108b25b19f58f69,local_copy_sha256_identical_to_hf,bcui2/NCU_report@21037737b7e371d38f3d029367dc3967d5b31a23,matched,not_recorded,1,params+winner from NCU catalogue | B200 Triton/cuTile profiling source not recorded (developer_guide: Profiling inventory),ok,interleave_kernel,1,1,"{""BLOCK_SIZE"": 1024, ""num_stages"": 1, ""num_warps"": 8}",2026.1.1.0 (build 37634170) (public-release),2026-Aug-13 19:42:32,13.2,/opt/nvidia/nsight-compute/2026.1.1/target/linux-desktop-glibc_2_11_3-x64/ncu --set full --import-source on --replay-mode application --cache-control none --app-replay-mode strict --profile-from-start off --kernel-name regex:^(?:interleave_kernel) --launch-skip 0 --launch-count 1 --force-overwrite -o /projects/kzhou6/bcui2/research/tilebench/Tilebench/tilebench_run/ncu/interleave/triton_fp32 /projects/kzhou6/bcui2/env_software/miniconda3/envs/tilebench_env/bin/python /projects/kzhou6/bcui2/research/tilebench/Tilebench/tilebench_run/ncu_generic_harness.py,0.0489,0.1404
B200/triton/interleave/int8,B200,triton,interleave,int8,bd979fe1d232b2650e93d232312a66ad7c049b1c7527ded5f6fee7373bbb3d8e,"{""n"":20000000}",full,application,NVIDIA_B200/interleave/triton_int8.ncu-rep,e6ba91b82ebd55ea12f690d434015aedfab9abfa433efdfd9fcb9b17f3ee2ba4,local_copy_sha256_identical_to_hf,bcui2/NCU_report@21037737b7e371d38f3d029367dc3967d5b31a23,matched,not_recorded,1,params+winner from NCU catalogue | B200 Triton/cuTile profiling source not recorded (developer_guide: Profiling inventory),ok,interleave_kernel,1,1,"{""BLOCK_SIZE"": 4096, ""num_stages"": 2, ""num_warps"": 4}",2026.1.1.0 (build 37634170) (public-release),2026-Aug-13 19:50:56,13.2,/opt/nvidia/nsight-compute/2026.1.1/target/linux-desktop-glibc_2_11_3-x64/ncu --set full --import-source on --replay-mode application --cache-control none --app-replay-mode strict --profile-from-start off --kernel-name regex:^(?:interleave_kernel) --launch-skip 0 --launch-count 1 --force-overwrite -o /projects/kzhou6/bcui2/research/tilebench/Tilebench/tilebench_run/ncu/interleave/triton_int8 /projects/kzhou6/bcui2/env_software/miniconda3/envs/tilebench_env/bin/python /projects/kzhou6/bcui2/research/tilebench/Tilebench/tilebench_run/ncu_generic_harness.py,0.0146,0.0882
B200/cutile/jacobi_stencil_2d/bf16,B200,cutile,jacobi_stencil_2d,bf16,c1588c75a435944039a7dad32b946eb9cdea5178c13e9124c640fddad6c53e92,"{""rows"":10240}",full,application,NVIDIA_B200/jacobi_stencil_2d/cutile_bf16.ncu-rep,8c306cad41f611cad652fb9467dbcd6a59105802398ee4bc49530aec06a949a4,local_copy_sha256_identical_to_hf,bcui2/NCU_report@21037737b7e371d38f3d029367dc3967d5b31a23,matched,not_recorded,1,params+winner from NCU catalogue | B200 Triton/cuTile profiling source not recorded (developer_guide: Profiling inventory),ok,jacobi_stencil_kernel_Kt1_A2bf16_1v8l0_2t1_3i16_p16_A2bf16_1v8l0_2t1_3i16_p16_Si32_Si32_I4_I512,1,1,"{""occupancy"": 4, ""tile_c"": 512, ""tile_r"": 4}",2026.1.1.0 (build 37634170) (public-release),2026-Aug-13 17:28:17,13.2,/opt/nvidia/nsight-compute/2026.1.1/target/linux-desktop-glibc_2_11_3-x64/ncu --set full --import-source on --replay-mode application --cache-control none --app-replay-mode strict --profile-from-start off --kernel-name regex:^(?:jacobi_stencil_kernel) --launch-skip 0 --launch-count 1 --force-overwrite -o /projects/kzhou6/bcui2/research/tilebench/Tilebench/tilebench_run/ncu/jacobi_stencil_2d/cutile_bf16 /projects/kzhou6/bcui2/env_software/miniconda3/envs/tilebench_env/bin/python /projects/kzhou6/bcui2/research/tilebench/Tilebench/tilebench_run/ncu_generic_harness.py,0.1313,1.0777
B200/cutile/jacobi_stencil_2d/fp16,B200,cutile,jacobi_stencil_2d,fp16,6657cb75d3c79f92250abe6f04d7003d9af20a52aaa1aaf3a6104de6188c0b55,"{""rows"":10240}",full,application,NVIDIA_B200/jacobi_stencil_2d/cutile_fp16.ncu-rep,61aa33d8355f76ac01f8d2d603c14392a8a456185e230e146d842aaf81f7fcf9,local_copy_sha256_identical_to_hf,bcui2/NCU_report@21037737b7e371d38f3d029367dc3967d5b31a23,matched,not_recorded,1,params+winner from NCU catalogue | B200 Triton/cuTile profiling source not recorded (developer_guide: Profiling inventory),ok,jacobi_stencil_kernel_Kt1_A2f16_1v8l0_2t1_3i16_p16_A2f16_1v8l0_2t1_3i16_p16_Si32_Si32_I4_I512,1,1,"{""occupancy"": 4, ""tile_c"": 512, ""tile_r"": 4}",2026.1.1.0 (build 37634170) (public-release),2026-Aug-13 17:20:20,13.2,/opt/nvidia/nsight-compute/2026.1.1/target/linux-desktop-glibc_2_11_3-x64/ncu --set full --import-source on --replay-mode application --cache-control none --app-replay-mode strict --profile-from-start off --kernel-name regex:^(?:jacobi_stencil_kernel) --launch-skip 0 --launch-count 1 --force-overwrite -o /projects/kzhou6/bcui2/research/tilebench/Tilebench/tilebench_run/ncu/jacobi_stencil_2d/cutile_fp16 /projects/kzhou6/bcui2/env_software/miniconda3/envs/tilebench_env/bin/python /projects/kzhou6/bcui2/research/tilebench/Tilebench/tilebench_run/ncu_generic_harness.py,0.1314,1.0780
B200/cutile/jacobi_stencil_2d/fp32,B200,cutile,jacobi_stencil_2d,fp32,cc5850acec93e2f1973bee489301a326041685edbe278e71b71970a84b22af68,"{""rows"":10240}",full,application,NVIDIA_B200/jacobi_stencil_2d/cutile_fp32.ncu-rep,1dcbe3ee053443ecb8b772ec2eb9f73b378d764a6c76dcd8dba06cc1e9334408,local_copy_sha256_identical_to_hf,bcui2/NCU_report@21037737b7e371d38f3d029367dc3967d5b31a23,matched,not_recorded,1,params+winner from NCU catalogue | B200 Triton/cuTile profiling source not recorded (developer_guide: Profiling inventory),ok,jacobi_stencil_kernel_Kt1_A2f32_1v4l0_2t1_3i16_p16_A2f32_1v4l0_2t1_3i16_p16_Si32_Si32_I4_I512,1,1,"{""occupancy"": 8, ""tile_c"": 512, ""tile_r"": 4}",2026.1.1.0 (build 37634170) (public-release),2026-Aug-13 17:35:53,13.2,/opt/nvidia/nsight-compute/2026.1.1/target/linux-desktop-glibc_2_11_3-x64/ncu --set full --import-source on --replay-mode application --cache-control none --app-replay-mode strict --profile-from-start off --kernel-name regex:^(?:jacobi_stencil_kernel) --launch-skip 0 --launch-count 1 --force-overwrite -o /projects/kzhou6/bcui2/research/tilebench/Tilebench/tilebench_run/ncu/jacobi_stencil_2d/cutile_fp32 /projects/kzhou6/bcui2/env_software/miniconda3/envs/tilebench_env/bin/python /projects/kzhou6/bcui2/research/tilebench/Tilebench/tilebench_run/ncu_generic_harness.py,0.1800,1.3565
B200/tilelang/jacobi_stencil_2d/bf16,B200,tilelang,jacobi_stencil_2d,bf16,c1588c75a435944039a7dad32b946eb9cdea5178c13e9124c640fddad6c53e92,"{""rows"":10240}",full,application,NVIDIA_B200/jacobi_stencil_2d/tilelang_bf16.ncu-rep,a990cfc1f40420f1697f25a8574af93c7b1e56678fcff16342e11f5cbdd24995,local_copy_sha256_identical_to_hf,bcui2/NCU_report@21037737b7e371d38f3d029367dc3967d5b31a23,matched,not_recorded,1,"params from the B200 NCU catalogue (HF PR #2: TileLang reports use the catalogued maximum input); winner from origin/archive/raw-logs-2026-09-18:results/B200/logs/autotune_logs/jacobi_stencil_2d_tilelang_autotune.json | B200 TileLang reports (HF PR #2): source commit not stated; paper-era packages, recorded autotune winner, catalogued max input",ok,jacobi_stencil_kernel_kernel,,,"{""BLOCK_SIZE_C"": 512, ""BLOCK_SIZE_R"": 2, ""threads"": 256}",2026.1.1.0 (build 37634170) (public-release),2026-Oct-04 02:20:38,13.2,/opt/nvidia/nsight-compute/2026.1.1/target/linux-desktop-glibc_2_11_3-x64/ncu --profile-from-start off --cache-control none --replay-mode application --import-source on --force-overwrite --app-replay-mode strict --kernel-name regex:^(?:jacobi_stencil_kernel_kernel) --launch-count 1 --set full --metrics smsp__inst_executed.sum -o /home/arustagi/repos/Tilebench-profile-study/profile/jacobi_stencil_2d/tilelang_ncu_dataset_cuda130_20261003_bf16/reports/full /scratch/arustagi/tilebench_pdf_env/bin/python /home/arustagi/repos/Tilebench-profile-study/profile/dsl_perf_study/tilelang_dataset_harness.py,0.1312,1.0777
B200/tilelang/jacobi_stencil_2d/fp16,B200,tilelang,jacobi_stencil_2d,fp16,6657cb75d3c79f92250abe6f04d7003d9af20a52aaa1aaf3a6104de6188c0b55,"{""rows"":10240}",full,application,NVIDIA_B200/jacobi_stencil_2d/tilelang_fp16.ncu-rep,7b5b06f375bfb2386a75c2a99c63810660fa0311d318e64c98a1c17474f9ed9b,local_copy_sha256_identical_to_hf,bcui2/NCU_report@21037737b7e371d38f3d029367dc3967d5b31a23,matched,not_recorded,1,"params from the B200 NCU catalogue (HF PR #2: TileLang reports use the catalogued maximum input); winner from origin/archive/raw-logs-2026-09-18:results/B200/logs/autotune_logs/jacobi_stencil_2d_tilelang_autotune.json | B200 TileLang reports (HF PR #2): source commit not stated; paper-era packages, recorded autotune winner, catalogued max input",ok,jacobi_stencil_kernel_kernel,,,"{""BLOCK_SIZE_C"": 512, ""BLOCK_SIZE_R"": 2, ""threads"": 256}",2026.1.1.0 (build 37634170) (public-release),2026-Oct-04 02:32:06,13.2,/opt/nvidia/nsight-compute/2026.1.1/target/linux-desktop-glibc_2_11_3-x64/ncu --profile-from-start off --cache-control none --replay-mode application --import-source on --force-overwrite --app-replay-mode strict --kernel-name regex:^(?:jacobi_stencil_kernel_kernel) --launch-count 1 --set full --metrics smsp__inst_executed.sum -o /home/arustagi/repos/Tilebench-profile-study/profile/jacobi_stencil_2d/tilelang_ncu_dataset_cuda130_20261003_fp16/reports/full /scratch/arustagi/tilebench_pdf_env/bin/python /home/arustagi/repos/Tilebench-profile-study/profile/dsl_perf_study/tilelang_dataset_harness.py,0.1312,1.0780
B200/tilelang/jacobi_stencil_2d/fp32,B200,tilelang,jacobi_stencil_2d,fp32,cc5850acec93e2f1973bee489301a326041685edbe278e71b71970a84b22af68,"{""rows"":10240}",full,application,NVIDIA_B200/jacobi_stencil_2d/tilelang_fp32.ncu-rep,a53c2f8ba705793e2bc430ea74fd8ea6c44793b06ae9904896f6805dba370349,local_copy_sha256_identical_to_hf,bcui2/NCU_report@21037737b7e371d38f3d029367dc3967d5b31a23,matched,not_recorded,1,"params from the B200 NCU catalogue (HF PR #2: TileLang reports use the catalogued maximum input); winner from origin/archive/raw-logs-2026-09-18:results/B200/logs/autotune_logs/jacobi_stencil_2d_tilelang_autotune.json | B200 TileLang reports (HF PR #2): source commit not stated; paper-era packages, recorded autotune winner, catalogued max input",ok,jacobi_stencil_kernel_kernel,,,"{""BLOCK_SIZE_C"": 512, ""BLOCK_SIZE_R"": 2, ""threads"": 256}",2026.1.1.0 (build 37634170) (public-release),2026-Oct-04 02:43:22,13.2,/opt/nvidia/nsight-compute/2026.1.1/target/linux-desktop-glibc_2_11_3-x64/ncu --profile-from-start off --cache-control none --replay-mode application --import-source on --force-overwrite --app-replay-mode strict --kernel-name regex:^(?:jacobi_stencil_kernel_kernel) --launch-count 1 --set full --metrics smsp__inst_executed.sum -o /home/arustagi/repos/Tilebench-profile-study/profile/jacobi_stencil_2d/tilelang_ncu_dataset_cuda130_20261003_fp32/reports/full /scratch/arustagi/tilebench_pdf_env/bin/python /home/arustagi/repos/Tilebench-profile-study/profile/dsl_perf_study/tilelang_dataset_harness.py,0.1715,1.3565
B200/triton/jacobi_stencil_2d/bf16,B200,triton,jacobi_stencil_2d,bf16,c1588c75a435944039a7dad32b946eb9cdea5178c13e9124c640fddad6c53e92,"{""rows"":10240}",full,application,NVIDIA_B200/jacobi_stencil_2d/triton_bf16.ncu-rep,7856fd9b0bd19fa7bc2e0f3bf5442d866bd6e6f4e48c81d68b36aac6439e6f3a,local_copy_sha256_identical_to_hf,bcui2/NCU_report@21037737b7e371d38f3d029367dc3967d5b31a23,matched,not_recorded,1,params+winner from NCU catalogue | B200 Triton/cuTile profiling source not recorded (developer_guide: Profiling inventory),ok,jacobi_stencil_kernel,1,1,"{""BLOCK_SIZE_C"": 1024, ""BLOCK_SIZE_R"": 1, ""num_warps"": 8}",2026.1.1.0 (build 37634170) (public-release),2026-Aug-13 17:24:20,13.2,/opt/nvidia/nsight-compute/2026.1.1/target/linux-desktop-glibc_2_11_3-x64/ncu --set full --import-source on --replay-mode application --cache-control none --app-replay-mode strict --profile-from-start off --kernel-name regex:^(?:jacobi_stencil_kernel) --launch-skip 0 --launch-count 1 --force-overwrite -o /projects/kzhou6/bcui2/research/tilebench/Tilebench/tilebench_run/ncu/jacobi_stencil_2d/triton_bf16 /projects/kzhou6/bcui2/env_software/miniconda3/envs/tilebench_env/bin/python /projects/kzhou6/bcui2/research/tilebench/Tilebench/tilebench_run/ncu_generic_harness.py,0.1612,1.0777
B200/triton/jacobi_stencil_2d/fp16,B200,triton,jacobi_stencil_2d,fp16,6657cb75d3c79f92250abe6f04d7003d9af20a52aaa1aaf3a6104de6188c0b55,"{""rows"":10240}",full,application,NVIDIA_B200/jacobi_stencil_2d/triton_fp16.ncu-rep,e64cff848a59a5a43ea00757d479ea2e2d269e822fcd3d6740db97cca1c75439,local_copy_sha256_identical_to_hf,bcui2/NCU_report@21037737b7e371d38f3d029367dc3967d5b31a23,matched,not_recorded,1,params+winner from NCU catalogue | B200 Triton/cuTile profiling source not recorded (developer_guide: Profiling inventory),ok,jacobi_stencil_kernel,1,1,"{""BLOCK_SIZE_C"": 1024, ""BLOCK_SIZE_R"": 1, ""num_warps"": 8}",2026.1.1.0 (build 37634170) (public-release),2026-Aug-13 17:16:19,13.2,/opt/nvidia/nsight-compute/2026.1.1/target/linux-desktop-glibc_2_11_3-x64/ncu --set full --import-source on --replay-mode application --cache-control none --app-replay-mode strict --profile-from-start off --kernel-name regex:^(?:jacobi_stencil_kernel) --launch-skip 0 --launch-count 1 --force-overwrite -o /projects/kzhou6/bcui2/research/tilebench/Tilebench/tilebench_run/ncu/jacobi_stencil_2d/triton_fp16 /projects/kzhou6/bcui2/env_software/miniconda3/envs/tilebench_env/bin/python /projects/kzhou6/bcui2/research/tilebench/Tilebench/tilebench_run/ncu_generic_harness.py,0.1612,1.0780
B200/triton/jacobi_stencil_2d/fp32,B200,triton,jacobi_stencil_2d,fp32,cc5850acec93e2f1973bee489301a326041685edbe278e71b71970a84b22af68,"{""rows"":10240}",full,application,NVIDIA_B200/jacobi_stencil_2d/triton_fp32.ncu-rep,75437fe39ee675dc1746379e9b363f5fd2b4a732b7be0433ea8c7d7037489e9b,local_copy_sha256_identical_to_hf,bcui2/NCU_report@21037737b7e371d38f3d029367dc3967d5b31a23,matched,not_recorded,1,params+winner from NCU catalogue | B200 Triton/cuTile profiling source not recorded (developer_guide: Profiling inventory),ok,jacobi_stencil_kernel,1,1,"{""BLOCK_SIZE_C"": 256, ""BLOCK_SIZE_R"": 1, ""num_warps"": 4}",2026.1.1.0 (build 37634170) (public-release),2026-Aug-13 17:32:05,13.2,/opt/nvidia/nsight-compute/2026.1.1/target/linux-desktop-glibc_2_11_3-x64/ncu --set full --import-source on --replay-mode application --cache-control none --app-replay-mode strict --profile-from-start off --kernel-name regex:^(?:jacobi_stencil_kernel) --launch-skip 0 --launch-count 1 --force-overwrite -o /projects/kzhou6/bcui2/research/tilebench/Tilebench/tilebench_run/ncu/jacobi_stencil_2d/triton_fp32 /projects/kzhou6/bcui2/env_software/miniconda3/envs/tilebench_env/bin/python /projects/kzhou6/bcui2/research/tilebench/Tilebench/tilebench_run/ncu_generic_harness.py,0.2240,1.3565
B200/cutile/kl_divergence/fp32,B200,cutile,kl_divergence,fp32,a9e35b5366cf111a118e4df2579212fc2782eabc0f402b28e377af9708fd94fb,"{""cols"":16384,""rows"":4096}",full,application,NVIDIA_B200/kl_divergence/cutile_fp32.ncu-rep,1a9706f9c23d66857a9b363efc86a240f883128d79f089bf70282356c01b36a8,local_copy_sha256_identical_to_hf,bcui2/NCU_report@21037737b7e371d38f3d029367dc3967d5b31a23,matched,not_recorded,1,params+winner from NCU catalogue | B200 Triton/cuTile profiling source not recorded (developer_guide: Profiling inventory),ok,kl_divergence_kernel_Kt1_A2f32_1v4l0_2t1_3i16_p16_A2f32_1v4l0_2t1_3i16_p16_A1f32_1i16t1_p16_Si32_I2048,1,1,"{""occupancy"": 4, ""tile"": 2048}",2026.1.1.0 (build 37634170) (public-release),2026-Aug-13 18:10:35,13.2,/opt/nvidia/nsight-compute/2026.1.1/target/linux-desktop-glibc_2_11_3-x64/ncu --set full --import-source on --replay-mode application --cache-control none --app-replay-mode strict --profile-from-start off --kernel-name regex:^(?:kl_divergence_kernel) --launch-skip 0 --launch-count 1 --force-overwrite -o /projects/kzhou6/bcui2/research/tilebench/Tilebench/tilebench_run/ncu/kl_divergence/cutile_fp32 /projects/kzhou6/bcui2/env_software/miniconda3/envs/tilebench_env/bin/python /projects/kzhou6/bcui2/research/tilebench/Tilebench/tilebench_run/ncu_generic_harness.py,0.0932,0.3748
B200/tilelang/kl_divergence/fp32,B200,tilelang,kl_divergence,fp32,a9e35b5366cf111a118e4df2579212fc2782eabc0f402b28e377af9708fd94fb,"{""cols"":16384,""rows"":4096}",full,application,NVIDIA_B200/kl_divergence/tilelang_fp32.ncu-rep,440e2c3d8db3243e964bfae07e4ec15b48287ac8558971a8b12ffec0d185f63e,local_copy_sha256_identical_to_hf,bcui2/NCU_report@21037737b7e371d38f3d029367dc3967d5b31a23,matched,not_recorded,1,"params from the B200 NCU catalogue (HF PR #2: TileLang reports use the catalogued maximum input); winner from origin/archive/raw-logs-2026-09-18:results/B200/logs/autotune_logs/kl_divergence_tilelang_autotune.json | B200 TileLang reports (HF PR #2): source commit not stated; paper-era packages, recorded autotune winner, catalogued max input",ok,kl_divergence_kernel_kernel,,,"{""BLOCK_SIZE"": 4096, ""num_stages"": 2, ""threads"": 256}",2026.1.1.0 (build 37634170) (public-release),2026-Oct-04 02:55:03,13.2,/opt/nvidia/nsight-compute/2026.1.1/target/linux-desktop-glibc_2_11_3-x64/ncu --profile-from-start off --cache-control none --replay-mode application --import-source on --force-overwrite --app-replay-mode strict --kernel-name regex:^(?:kl_divergence_kernel_kernel) --launch-count 1 --set full --metrics smsp__inst_executed.sum -o /home/arustagi/repos/Tilebench-profile-study/profile/kl_divergence/tilelang_ncu_dataset_cuda130_20261003_fp32/reports/full /scratch/arustagi/tilebench_pdf_env/bin/python /home/arustagi/repos/Tilebench-profile-study/profile/dsl_perf_study/tilelang_dataset_harness.py,0.0980,0.3748
B200/triton/kl_divergence/fp32,B200,triton,kl_divergence,fp32,a9e35b5366cf111a118e4df2579212fc2782eabc0f402b28e377af9708fd94fb,"{""cols"":16384,""rows"":4096}",full,application,NVIDIA_B200/kl_divergence/triton_fp32.ncu-rep,689fae8d0082d72749595352621906ec2c47d938db6295bafa9cdd028425bd31,local_copy_sha256_identical_to_hf,bcui2/NCU_report@21037737b7e371d38f3d029367dc3967d5b31a23,matched,not_recorded,1,params+winner from NCU catalogue | B200 Triton/cuTile profiling source not recorded (developer_guide: Profiling inventory),ok,kl_divergence_kernel,1,1,"{""BLOCK_SIZE"": 2048, ""num_stages"": 3, ""num_warps"": 4}",2026.1.1.0 (build 37634170) (public-release),2026-Aug-13 18:06:41,13.2,/opt/nvidia/nsight-compute/2026.1.1/target/linux-desktop-glibc_2_11_3-x64/ncu --set full --import-source on --replay-mode application --cache-control none --app-replay-mode strict --profile-from-start off --kernel-name regex:^(?:kl_divergence_kernel) --launch-skip 0 --launch-count 1 --force-overwrite -o /projects/kzhou6/bcui2/research/tilebench/Tilebench/tilebench_run/ncu/kl_divergence/triton_fp32 /projects/kzhou6/bcui2/env_software/miniconda3/envs/tilebench_env/bin/python /projects/kzhou6/bcui2/research/tilebench/Tilebench/tilebench_run/ncu_generic_harness.py,0.1012,0.3748
B200/cutile/l2_norm/bf16,B200,cutile,l2_norm,bf16,40d4918d934a601814f708e35a256eb808b3bd63fe9388e0c50f1bd60fb3d035,"{""K"":10240,""M"":2048,""batch"":1,""eps"":1e-06}",full,application,NVIDIA_B200/l2_norm/cutile_bf16.ncu-rep,44b9abe929d120c2a19af3efa4bd380cfee64ad0f6907643b20f1934911228ca,local_copy_sha256_identical_to_hf,bcui2/NCU_report@21037737b7e371d38f3d029367dc3967d5b31a23,matched,not_recorded,1,params+winner from NCU catalogue | B200 Triton/cuTile profiling source not recorded (developer_guide: Profiling inventory),ok,l2_norm_kernel_Kt1_A2bf16_1v8l0_2t1_3i16_p16_A2bf16_1v8l0_2t1_3i16_p16_Sf32_I10240_I1024,1,1,"{""occupancy"": 16, ""tile_size"": 1024}",2026.1.1.0 (build 37634170) (public-release),2026-Aug-13 20:10:59,13.2,/opt/nvidia/nsight-compute/2026.1.1/target/linux-desktop-glibc_2_11_3-x64/ncu --set full --import-source on --replay-mode application --cache-control none --app-replay-mode strict --profile-from-start off --kernel-name regex:^(?:l2_norm_kernel) --launch-skip 0 --launch-count 1 --force-overwrite -o /projects/kzhou6/bcui2/research/tilebench/Tilebench/tilebench_run/ncu/l2_norm/cutile_bf16 /projects/kzhou6/bcui2/env_software/miniconda3/envs/tilebench_env/bin/python /projects/kzhou6/bcui2/research/tilebench/Tilebench/tilebench_run/ncu_generic_harness.py,0.0206,0.1142
B200/cutile/l2_norm/fp16,B200,cutile,l2_norm,fp16,42c095a11eb96fb7001e32ec97dd62febd602b150a256a14aa2f2c1dde661e5f,"{""K"":10240,""M"":2048,""batch"":1,""eps"":1e-06}",full,application,NVIDIA_B200/l2_norm/cutile_fp16.ncu-rep,b0b9fc652f8d269c3ee37d717c1dd6cf386d263e47c11b61282b50d8b637ffad,local_copy_sha256_identical_to_hf,bcui2/NCU_report@21037737b7e371d38f3d029367dc3967d5b31a23,matched,not_recorded,1,params+winner from NCU catalogue | B200 Triton/cuTile profiling source not recorded (developer_guide: Profiling inventory),ok,l2_norm_kernel_Kt1_A2f16_1v8l0_2t1_3i16_p16_A2f16_1v8l0_2t1_3i16_p16_Sf32_I10240_I1024,1,1,"{""occupancy"": 16, ""tile_size"": 1024}",2026.1.1.0 (build 37634170) (public-release),2026-Aug-13 20:03:09,13.2,/opt/nvidia/nsight-compute/2026.1.1/target/linux-desktop-glibc_2_11_3-x64/ncu --set full --import-source on --replay-mode application --cache-control none --app-replay-mode strict --profile-from-start off --kernel-name regex:^(?:l2_norm_kernel) --launch-skip 0 --launch-count 1 --force-overwrite -o /projects/kzhou6/bcui2/research/tilebench/Tilebench/tilebench_run/ncu/l2_norm/cutile_fp16 /projects/kzhou6/bcui2/env_software/miniconda3/envs/tilebench_env/bin/python /projects/kzhou6/bcui2/research/tilebench/Tilebench/tilebench_run/ncu_generic_harness.py,0.0203,0.1134
B200/cutile/l2_norm/fp32,B200,cutile,l2_norm,fp32,163281954b035ab03824b56dc260d17111824074bf66f14bc5f171d25a285d33,"{""K"":10240,""M"":2048,""batch"":1,""eps"":1e-06}",full,application,NVIDIA_B200/l2_norm/cutile_fp32.ncu-rep,52a1148ec2b56e17d5ad79c90afbf677367e0cefae606e3e705d6e32049c197f,local_copy_sha256_identical_to_hf,bcui2/NCU_report@21037737b7e371d38f3d029367dc3967d5b31a23,matched,not_recorded,1,params+winner from NCU catalogue | B200 Triton/cuTile profiling source not recorded (developer_guide: Profiling inventory),ok,l2_norm_kernel_Kt1_A2f32_1v4l0_2t1_3i16_p16_A2f32_1v4l0_2t1_3i16_p16_Sf32_I10240_I512,1,1,"{""occupancy"": 4, ""tile_size"": 512}",2026.1.1.0 (build 37634170) (public-release),2026-Aug-13 20:18:58,13.2,/opt/nvidia/nsight-compute/2026.1.1/target/linux-desktop-glibc_2_11_3-x64/ncu --set full --import-source on --replay-mode application --cache-control none --app-replay-mode strict --profile-from-start off --kernel-name regex:^(?:l2_norm_kernel) --launch-skip 0 --launch-count 1 --force-overwrite -o /projects/kzhou6/bcui2/research/tilebench/Tilebench/tilebench_run/ncu/l2_norm/cutile_fp32 /projects/kzhou6/bcui2/env_software/miniconda3/envs/tilebench_env/bin/python /projects/kzhou6/bcui2/research/tilebench/Tilebench/tilebench_run/ncu_generic_harness.py,0.0312,0.0896
B200/tilelang/l2_norm/bf16,B200,tilelang,l2_norm,bf16,40d4918d934a601814f708e35a256eb808b3bd63fe9388e0c50f1bd60fb3d035,"{""K"":10240,""M"":2048,""batch"":1,""eps"":1e-06}",full,application,NVIDIA_B200/l2_norm/tilelang_bf16.ncu-rep,44177640b4d34d8c83ae0f300271d771412d9d78ac2939262ded031291b1cc66,local_copy_sha256_identical_to_hf,bcui2/NCU_report@21037737b7e371d38f3d029367dc3967d5b31a23,matched,not_recorded,1,"params from the B200 NCU catalogue (HF PR #2: TileLang reports use the catalogued maximum input); winner from origin/archive/raw-logs-2026-09-18:results/B200/logs/autotune_logs/l2_norm_tilelang_autotune.json | B200 TileLang reports (HF PR #2): source commit not stated; paper-era packages, recorded autotune winner, catalogued max input",ok,l2_norm_fwd_kernel_kernel,,,"{""BLOCK_N"": 1024, ""num_stages"": 2, ""threads"": 256}",2026.1.1.0 (build 37634170) (public-release),2026-Oct-04 03:06:26,13.2,/opt/nvidia/nsight-compute/2026.1.1/target/linux-desktop-glibc_2_11_3-x64/ncu --profile-from-start off --cache-control none --replay-mode application --import-source on --force-overwrite --app-replay-mode strict --kernel-name regex:^(?:l2_norm_fwd_kernel_kernel) --launch-count 1 --set full --metrics smsp__inst_executed.sum -o /home/arustagi/repos/Tilebench-profile-study/profile/l2_norm/tilelang_ncu_dataset_cuda130_20261003_bf16/reports/full /scratch/arustagi/tilebench_pdf_env/bin/python /home/arustagi/repos/Tilebench-profile-study/profile/dsl_perf_study/tilelang_dataset_harness.py,0.0150,0.1142
B200/tilelang/l2_norm/fp16,B200,tilelang,l2_norm,fp16,42c095a11eb96fb7001e32ec97dd62febd602b150a256a14aa2f2c1dde661e5f,"{""K"":10240,""M"":2048,""batch"":1,""eps"":1e-06}",full,application,NVIDIA_B200/l2_norm/tilelang_fp16.ncu-rep,713ac3d3075c10c3c3e7ef05a90b59a2113374e952028d65ed2c1af83cbad832,local_copy_sha256_identical_to_hf,bcui2/NCU_report@21037737b7e371d38f3d029367dc3967d5b31a23,matched,not_recorded,1,"params from the B200 NCU catalogue (HF PR #2: TileLang reports use the catalogued maximum input); winner from origin/archive/raw-logs-2026-09-18:results/B200/logs/autotune_logs/l2_norm_tilelang_autotune.json | B200 TileLang reports (HF PR #2): source commit not stated; paper-era packages, recorded autotune winner, catalogued max input",ok,l2_norm_fwd_kernel_kernel,,,"{""BLOCK_N"": 2048, ""num_stages"": 3, ""threads"": 128}",2026.1.1.0 (build 37634170) (public-release),2026-Oct-04 03:17:40,13.2,/opt/nvidia/nsight-compute/2026.1.1/target/linux-desktop-glibc_2_11_3-x64/ncu --profile-from-start off --cache-control none --replay-mode application --import-source on --force-overwrite --app-replay-mode strict --kernel-name regex:^(?:l2_norm_fwd_kernel_kernel) --launch-count 1 --set full --metrics smsp__inst_executed.sum -o /home/arustagi/repos/Tilebench-profile-study/profile/l2_norm/tilelang_ncu_dataset_cuda130_20261003_fp16/reports/full /scratch/arustagi/tilebench_pdf_env/bin/python /home/arustagi/repos/Tilebench-profile-study/profile/dsl_perf_study/tilelang_dataset_harness.py,0.0152,0.1134
B200/tilelang/l2_norm/fp32,B200,tilelang,l2_norm,fp32,163281954b035ab03824b56dc260d17111824074bf66f14bc5f171d25a285d33,"{""K"":10240,""M"":2048,""batch"":1,""eps"":1e-06}",full,application,NVIDIA_B200/l2_norm/tilelang_fp32.ncu-rep,4a9d32c708e075483c2c2c6098644be810f1ff17a2906bfcccacc5e7126f2a31,local_copy_sha256_identical_to_hf,bcui2/NCU_report@21037737b7e371d38f3d029367dc3967d5b31a23,matched,not_recorded,1,"params from the B200 NCU catalogue (HF PR #2: TileLang reports use the catalogued maximum input); winner from origin/archive/raw-logs-2026-09-18:results/B200/logs/autotune_logs/l2_norm_tilelang_autotune.json | B200 TileLang reports (HF PR #2): source commit not stated; paper-era packages, recorded autotune winner, catalogued max input",ok,l2_norm_fwd_kernel_kernel,,,"{""BLOCK_N"": 512, ""num_stages"": 3, ""threads"": 128}",2026.1.1.0 (build 37634170) (public-release),2026-Oct-04 03:28:46,13.2,/opt/nvidia/nsight-compute/2026.1.1/target/linux-desktop-glibc_2_11_3-x64/ncu --profile-from-start off --cache-control none --replay-mode application --import-source on --force-overwrite --app-replay-mode strict --kernel-name regex:^(?:l2_norm_fwd_kernel_kernel) --launch-count 1 --set full --metrics smsp__inst_executed.sum -o /home/arustagi/repos/Tilebench-profile-study/profile/l2_norm/tilelang_ncu_dataset_cuda130_20261003_fp32/reports/full /scratch/arustagi/tilebench_pdf_env/bin/python /home/arustagi/repos/Tilebench-profile-study/profile/dsl_perf_study/tilelang_dataset_harness.py,0.0270,0.0896
B200/triton/l2_norm/bf16,B200,triton,l2_norm,bf16,40d4918d934a601814f708e35a256eb808b3bd63fe9388e0c50f1bd60fb3d035,"{""K"":10240,""M"":2048,""batch"":1,""eps"":1e-06}",full,application,NVIDIA_B200/l2_norm/triton_bf16.ncu-rep,9524c4bbcdcced1fb7ed1fafb9b9eed2cdfc0e33fb6fadc4424d679330950241,local_copy_sha256_identical_to_hf,bcui2/NCU_report@21037737b7e371d38f3d029367dc3967d5b31a23,matched,not_recorded,1,params+winner from NCU catalogue | B200 Triton/cuTile profiling source not recorded (developer_guide: Profiling inventory),ok,_l2_norm_fwd_kernel,1,1,"{""BLOCK_N"": 2048, ""num_stages"": 4, ""num_warps"": 8}",2026.1.1.0 (build 37634170) (public-release),2026-Aug-13 20:06:53,13.2,/opt/nvidia/nsight-compute/2026.1.1/target/linux-desktop-glibc_2_11_3-x64/ncu --set full --import-source on --replay-mode application --cache-control none --app-replay-mode strict --profile-from-start off --kernel-name regex:^(?:_l2_norm_fwd_kernel) --launch-skip 0 --launch-count 1 --force-overwrite -o /projects/kzhou6/bcui2/research/tilebench/Tilebench/tilebench_run/ncu/l2_norm/triton_bf16 /projects/kzhou6/bcui2/env_software/miniconda3/envs/tilebench_env/bin/python /projects/kzhou6/bcui2/research/tilebench/Tilebench/tilebench_run/ncu_generic_harness.py,0.0158,0.1142
B200/triton/l2_norm/fp16,B200,triton,l2_norm,fp16,42c095a11eb96fb7001e32ec97dd62febd602b150a256a14aa2f2c1dde661e5f,"{""K"":10240,""M"":2048,""batch"":1,""eps"":1e-06}",full,application,NVIDIA_B200/l2_norm/triton_fp16.ncu-rep,a15f1cd1fae43a7ed0f8f32525df921601bbeaa73473cd6afaa04360663e604e,local_copy_sha256_identical_to_hf,bcui2/NCU_report@21037737b7e371d38f3d029367dc3967d5b31a23,matched,not_recorded,1,params+winner from NCU catalogue | B200 Triton/cuTile profiling source not recorded (developer_guide: Profiling inventory),ok,_l2_norm_fwd_kernel,1,1,"{""BLOCK_N"": 2048, ""num_stages"": 2, ""num_warps"": 8}",2026.1.1.0 (build 37634170) (public-release),2026-Aug-13 19:59:09,13.2,/opt/nvidia/nsight-compute/2026.1.1/target/linux-desktop-glibc_2_11_3-x64/ncu --set full --import-source on --replay-mode application --cache-control none --app-replay-mode strict --profile-from-start off --kernel-name regex:^(?:_l2_norm_fwd_kernel) --launch-skip 0 --launch-count 1 --force-overwrite -o /projects/kzhou6/bcui2/research/tilebench/Tilebench/tilebench_run/ncu/l2_norm/triton_fp16 /projects/kzhou6/bcui2/env_software/miniconda3/envs/tilebench_env/bin/python /projects/kzhou6/bcui2/research/tilebench/Tilebench/tilebench_run/ncu_generic_harness.py,0.0158,0.1134
B200/triton/l2_norm/fp32,B200,triton,l2_norm,fp32,163281954b035ab03824b56dc260d17111824074bf66f14bc5f171d25a285d33,"{""K"":10240,""M"":2048,""batch"":1,""eps"":1e-06}",full,application,NVIDIA_B200/l2_norm/triton_fp32.ncu-rep,e63d643cc4a999efb05b3ac7b68239bae5c0c05813d12a33e2dfb5f72e57e932,local_copy_sha256_identical_to_hf,bcui2/NCU_report@21037737b7e371d38f3d029367dc3967d5b31a23,matched,not_recorded,1,params+winner from NCU catalogue | B200 Triton/cuTile profiling source not recorded (developer_guide: Profiling inventory),ok,_l2_norm_fwd_kernel,1,1,"{""BLOCK_N"": 2048, ""num_stages"": 2, ""num_warps"": 8}",2026.1.1.0 (build 37634170) (public-release),2026-Aug-13 20:15:00,13.2,/opt/nvidia/nsight-compute/2026.1.1/target/linux-desktop-glibc_2_11_3-x64/ncu --set full --import-source on --replay-mode application --cache-control none --app-replay-mode strict --profile-from-start off --kernel-name regex:^(?:_l2_norm_fwd_kernel) --launch-skip 0 --launch-count 1 --force-overwrite -o /projects/kzhou6/bcui2/research/tilebench/Tilebench/tilebench_run/ncu/l2_norm/triton_fp32 /projects/kzhou6/bcui2/env_software/miniconda3/envs/tilebench_env/bin/python /projects/kzhou6/bcui2/research/tilebench/Tilebench/tilebench_run/ncu_generic_harness.py,0.0304,0.0896
B200/cutile/layernorm/bf16,B200,cutile,layernorm,bf16,5a1e2eeeaf0f8d7a75704b7f37683e50e7bdef64c522a65568a4d3b1c88111ad,"{""K"":10240,""M"":2048,""batch"":1}",full,application,NVIDIA_B200/layernorm/cutile_bf16.ncu-rep,0388622642856f1f749cb1b412492325af22cc12794320e8aed49d70df5a0366,local_copy_sha256_identical_to_hf,bcui2/NCU_report@21037737b7e371d38f3d029367dc3967d5b31a23,matched,not_recorded,1,params+winner from NCU catalogue | B200 Triton/cuTile profiling source not recorded (developer_guide: Profiling inventory),ok,layernorm_kernel_Kt1_A2bf16_1v8l0_2t1_3i16_p16_A1bf16_1i16t1_p16_A1bf16_1i16t1_p16_A2bf16_1v8l0_2t1_3i16_p16_Sf32_I10240_I2048,1,1,"{""occupancy"": 16, ""tile_size"": 2048}",2026.1.1.0 (build 37634170) (public-release),2026-Aug-13 18:26:07,13.2,/opt/nvidia/nsight-compute/2026.1.1/target/linux-desktop-glibc_2_11_3-x64/ncu --set full --import-source on --replay-mode application --cache-control none --app-replay-mode strict --profile-from-start off --kernel-name regex:^(?:layernorm_kernel) --launch-skip 0 --launch-count 1 --force-overwrite -o /projects/kzhou6/bcui2/research/tilebench/Tilebench/tilebench_run/ncu/layernorm/cutile_bf16 /projects/kzhou6/bcui2/env_software/miniconda3/envs/tilebench_env/bin/python /projects/kzhou6/bcui2/research/tilebench/Tilebench/tilebench_run/ncu_generic_harness.py,0.0352,0.0520
B200/cutile/layernorm/fp16,B200,cutile,layernorm,fp16,59d3fe18a8ce80e274717b260206d782a1452bc93ec69a3939dc6ba32583afe1,"{""K"":10240,""M"":2048,""batch"":1}",full,application,NVIDIA_B200/layernorm/cutile_fp16.ncu-rep,16240e2424c07e2afcb5973c6cd76390dc55294dbece24a00b0bb57ba1ceae8a,local_copy_sha256_identical_to_hf,bcui2/NCU_report@21037737b7e371d38f3d029367dc3967d5b31a23,matched,not_recorded,1,params+winner from NCU catalogue | B200 Triton/cuTile profiling source not recorded (developer_guide: Profiling inventory),ok,layernorm_kernel_Kt1_A2f16_1v8l0_2t1_3i16_p16_A1f16_1i16t1_p16_A1f16_1i16t1_p16_A2f16_1v8l0_2t1_3i16_p16_Sf32_I10240_I2048,1,1,"{""occupancy"": 16, ""tile_size"": 2048}",2026.1.1.0 (build 37634170) (public-release),2026-Aug-13 18:18:16,13.2,/opt/nvidia/nsight-compute/2026.1.1/target/linux-desktop-glibc_2_11_3-x64/ncu --set full --import-source on --replay-mode application --cache-control none --app-replay-mode strict --profile-from-start off --kernel-name regex:^(?:layernorm_kernel) --launch-skip 0 --launch-count 1 --force-overwrite -o /projects/kzhou6/bcui2/research/tilebench/Tilebench/tilebench_run/ncu/layernorm/cutile_fp16 /projects/kzhou6/bcui2/env_software/miniconda3/envs/tilebench_env/bin/python /projects/kzhou6/bcui2/research/tilebench/Tilebench/tilebench_run/ncu_generic_harness.py,0.0345,0.0509
B200/cutile/layernorm/fp32,B200,cutile,layernorm,fp32,f8961a216d126fddd59a506537980781faba8da8ea651681bd87e9e4dc2e9b43,"{""K"":10240,""M"":2048,""batch"":1}",full,application,NVIDIA_B200/layernorm/cutile_fp32.ncu-rep,e50fb8d1d9c46e5f4e53664cb1489b01ba725da3ce06760f37a04ddaa5ab8a73,local_copy_sha256_identical_to_hf,bcui2/NCU_report@21037737b7e371d38f3d029367dc3967d5b31a23,matched,not_recorded,1,params+winner from NCU catalogue | B200 Triton/cuTile profiling source not recorded (developer_guide: Profiling inventory),ok,layernorm_kernel_Kt1_A2f32_1v4l0_2t1_3i16_p16_A1f32_1i16t1_p16_A1f32_1i16t1_p16_A2f32_1v4l0_2t1_3i16_p16_Sf32_I10240_I2048,1,1,"{""occupancy"": 8, ""tile_size"": 2048}",2026.1.1.0 (build 37634170) (public-release),2026-Aug-13 18:34:01,13.2,/opt/nvidia/nsight-compute/2026.1.1/target/linux-desktop-glibc_2_11_3-x64/ncu --set full --import-source on --replay-mode application --cache-control none --app-replay-mode strict --profile-from-start off --kernel-name regex:^(?:layernorm_kernel) --launch-skip 0 --launch-count 1 --force-overwrite -o /projects/kzhou6/bcui2/research/tilebench/Tilebench/tilebench_run/ncu/layernorm/cutile_fp32 /projects/kzhou6/bcui2/env_software/miniconda3/envs/tilebench_env/bin/python /projects/kzhou6/bcui2/research/tilebench/Tilebench/tilebench_run/ncu_generic_harness.py,0.0366,0.0655
B200/tilelang/layernorm/bf16,B200,tilelang,layernorm,bf16,5a1e2eeeaf0f8d7a75704b7f37683e50e7bdef64c522a65568a4d3b1c88111ad,"{""K"":10240,""M"":2048,""batch"":1}",full,application,NVIDIA_B200/layernorm/tilelang_bf16.ncu-rep,29f85d9e8fc194d9679ceb34b6217576878c31d7889f74f7af306367129ba982,local_copy_sha256_identical_to_hf,bcui2/NCU_report@21037737b7e371d38f3d029367dc3967d5b31a23,matched,not_recorded,1,"params from the B200 NCU catalogue (HF PR #2: TileLang reports use the catalogued maximum input); winner from origin/archive/raw-logs-2026-09-18:results/B200/logs/autotune_logs/layernorm_tilelang_autotune.json | B200 TileLang reports (HF PR #2): source commit not stated; paper-era packages, recorded autotune winner, catalogued max input",ok,layernorm_kernel_kernel,,,"{""BLOCK_N"": 4096, ""num_stages"": 2, ""threads"": 256}",2026.1.1.0 (build 37634170) (public-release),2026-Oct-04 03:39:47,13.2,/opt/nvidia/nsight-compute/2026.1.1/target/linux-desktop-glibc_2_11_3-x64/ncu --profile-from-start off --cache-control none --replay-mode application --import-source on --force-overwrite --app-replay-mode strict --kernel-name regex:^(?:layernorm_kernel_kernel) --launch-count 1 --set full --metrics smsp__inst_executed.sum -o /home/arustagi/repos/Tilebench-profile-study/profile/layernorm/tilelang_ncu_dataset_cuda130_20261003_bf16/reports/full /scratch/arustagi/tilebench_pdf_env/bin/python /home/arustagi/repos/Tilebench-profile-study/profile/dsl_perf_study/tilelang_dataset_harness.py,0.0211,0.0520
B200/tilelang/layernorm/fp16,B200,tilelang,layernorm,fp16,59d3fe18a8ce80e274717b260206d782a1452bc93ec69a3939dc6ba32583afe1,"{""K"":10240,""M"":2048,""batch"":1}",full,application,NVIDIA_B200/layernorm/tilelang_fp16.ncu-rep,fb40e832ce1b9ec5dbf4ac84e805461095910cb304966399308ecd0c5cc6251b,local_copy_sha256_identical_to_hf,bcui2/NCU_report@21037737b7e371d38f3d029367dc3967d5b31a23,matched,not_recorded,1,"params from the B200 NCU catalogue (HF PR #2: TileLang reports use the catalogued maximum input); winner from origin/archive/raw-logs-2026-09-18:results/B200/logs/autotune_logs/layernorm_tilelang_autotune.json | B200 TileLang reports (HF PR #2): source commit not stated; paper-era packages, recorded autotune winner, catalogued max input",ok,layernorm_kernel_kernel,,,"{""BLOCK_N"": 1024, ""num_stages"": 2, ""threads"": 128}",2026.1.1.0 (build 37634170) (public-release),2026-Oct-04 03:51:12,13.2,/opt/nvidia/nsight-compute/2026.1.1/target/linux-desktop-glibc_2_11_3-x64/ncu --profile-from-start off --cache-control none --replay-mode application --import-source on --force-overwrite --app-replay-mode strict --kernel-name regex:^(?:layernorm_kernel_kernel) --launch-count 1 --set full --metrics smsp__inst_executed.sum -o /home/arustagi/repos/Tilebench-profile-study/profile/layernorm/tilelang_ncu_dataset_cuda130_20261003_fp16/reports/full /scratch/arustagi/tilebench_pdf_env/bin/python /home/arustagi/repos/Tilebench-profile-study/profile/dsl_perf_study/tilelang_dataset_harness.py,0.0195,0.0509
B200/tilelang/layernorm/fp32,B200,tilelang,layernorm,fp32,f8961a216d126fddd59a506537980781faba8da8ea651681bd87e9e4dc2e9b43,"{""K"":10240,""M"":2048,""batch"":1}",full,application,NVIDIA_B200/layernorm/tilelang_fp32.ncu-rep,990af2d864decff744411b8766eb1fe9ab2986ddc66a7723f4e288a80a369c92,local_copy_sha256_identical_to_hf,bcui2/NCU_report@21037737b7e371d38f3d029367dc3967d5b31a23,matched,not_recorded,1,"params from the B200 NCU catalogue (HF PR #2: TileLang reports use the catalogued maximum input); winner from origin/archive/raw-logs-2026-09-18:results/B200/logs/autotune_logs/layernorm_tilelang_autotune.json | B200 TileLang reports (HF PR #2): source commit not stated; paper-era packages, recorded autotune winner, catalogued max input",ok,layernorm_kernel_kernel,,,"{""BLOCK_N"": 4096, ""num_stages"": 4, ""threads"": 128}",2026.1.1.0 (build 37634170) (public-release),2026-Oct-04 04:02:29,13.2,/opt/nvidia/nsight-compute/2026.1.1/target/linux-desktop-glibc_2_11_3-x64/ncu --profile-from-start off --cache-control none --replay-mode application --import-source on --force-overwrite --app-replay-mode strict --kernel-name regex:^(?:layernorm_kernel_kernel) --launch-count 1 --set full --metrics smsp__inst_executed.sum -o /home/arustagi/repos/Tilebench-profile-study/profile/layernorm/tilelang_ncu_dataset_cuda130_20261003_fp32/reports/full /scratch/arustagi/tilebench_pdf_env/bin/python /home/arustagi/repos/Tilebench-profile-study/profile/dsl_perf_study/tilelang_dataset_harness.py,0.0303,0.0655
B200/triton/layernorm/bf16,B200,triton,layernorm,bf16,5a1e2eeeaf0f8d7a75704b7f37683e50e7bdef64c522a65568a4d3b1c88111ad,"{""K"":10240,""M"":2048,""batch"":1}",full,application,NVIDIA_B200/layernorm/triton_bf16.ncu-rep,c1577993bd4cde7e044d3594f8dfa27c93fcd360012b2c40ccebf658a547f99a,local_copy_sha256_identical_to_hf,bcui2/NCU_report@21037737b7e371d38f3d029367dc3967d5b31a23,matched,not_recorded,1,params+winner from NCU catalogue | B200 Triton/cuTile profiling source not recorded (developer_guide: Profiling inventory),ok,layernorm_kernel,1,1,"{""BLOCK_N_SIZE"": 2048, ""num_stages"": 3, ""num_warps"": 8}",2026.1.1.0 (build 37634170) (public-release),2026-Aug-13 18:22:17,13.2,/opt/nvidia/nsight-compute/2026.1.1/target/linux-desktop-glibc_2_11_3-x64/ncu --set full --import-source on --replay-mode application --cache-control none --app-replay-mode strict --profile-from-start off --kernel-name regex:^(?:layernorm_kernel) --launch-skip 0 --launch-count 1 --force-overwrite -o /projects/kzhou6/bcui2/research/tilebench/Tilebench/tilebench_run/ncu/layernorm/triton_bf16 /projects/kzhou6/bcui2/env_software/miniconda3/envs/tilebench_env/bin/python /projects/kzhou6/bcui2/research/tilebench/Tilebench/tilebench_run/ncu_generic_harness.py,0.0223,0.0520
B200/triton/layernorm/fp16,B200,triton,layernorm,fp16,59d3fe18a8ce80e274717b260206d782a1452bc93ec69a3939dc6ba32583afe1,"{""K"":10240,""M"":2048,""batch"":1}",full,application,NVIDIA_B200/layernorm/triton_fp16.ncu-rep,0631d3d85a03c613a6530146ed10006264459cbbf0be1fa4c85b38a9083c46f8,local_copy_sha256_identical_to_hf,bcui2/NCU_report@21037737b7e371d38f3d029367dc3967d5b31a23,matched,not_recorded,1,params+winner from NCU catalogue | B200 Triton/cuTile profiling source not recorded (developer_guide: Profiling inventory),ok,layernorm_kernel,1,1,"{""BLOCK_N_SIZE"": 2048, ""num_stages"": 2, ""num_warps"": 8}",2026.1.1.0 (build 37634170) (public-release),2026-Aug-13 18:14:22,13.2,/opt/nvidia/nsight-compute/2026.1.1/target/linux-desktop-glibc_2_11_3-x64/ncu --set full --import-source on --replay-mode application --cache-control none --app-replay-mode strict --profile-from-start off --kernel-name regex:^(?:layernorm_kernel) --launch-skip 0 --launch-count 1 --force-overwrite -o /projects/kzhou6/bcui2/research/tilebench/Tilebench/tilebench_run/ncu/layernorm/triton_fp16 /projects/kzhou6/bcui2/env_software/miniconda3/envs/tilebench_env/bin/python /projects/kzhou6/bcui2/research/tilebench/Tilebench/tilebench_run/ncu_generic_harness.py,0.0215,0.0509
B200/triton/layernorm/fp32,B200,triton,layernorm,fp32,f8961a216d126fddd59a506537980781faba8da8ea651681bd87e9e4dc2e9b43,"{""K"":10240,""M"":2048,""batch"":1}",full,application,NVIDIA_B200/layernorm/triton_fp32.ncu-rep,41475ceb99a0e93e4a44641b5dc221cf2613c60a45f451649ee1481ce5c07dd5,local_copy_sha256_identical_to_hf,bcui2/NCU_report@21037737b7e371d38f3d029367dc3967d5b31a23,matched,not_recorded,1,params+winner from NCU catalogue | B200 Triton/cuTile profiling source not recorded (developer_guide: Profiling inventory),ok,layernorm_kernel,1,1,"{""BLOCK_N_SIZE"": 1024, ""num_stages"": 2, ""num_warps"": 8}",2026.1.1.0 (build 37634170) (public-release),2026-Aug-13 18:30:06,13.2,/opt/nvidia/nsight-compute/2026.1.1/target/linux-desktop-glibc_2_11_3-x64/ncu --set full --import-source on --replay-mode application --cache-control none --app-replay-mode strict --profile-from-start off --kernel-name regex:^(?:layernorm_kernel) --launch-skip 0 --launch-count 1 --force-overwrite -o /projects/kzhou6/bcui2/research/tilebench/Tilebench/tilebench_run/ncu/layernorm/triton_fp32 /projects/kzhou6/bcui2/env_software/miniconda3/envs/tilebench_env/bin/python /projects/kzhou6/bcui2/research/tilebench/Tilebench/tilebench_run/ncu_generic_harness.py,0.0373,0.0655
B200/cutile/leaky_relu/bf16,B200,cutile,leaky_relu,bf16,1569c64eec63e4afd8fc8285fff17cb0cd2420056e0a80c2126cb0626a916159,"{""n"":50000000}",full,application,NVIDIA_B200/leaky_relu/cutile_bf16.ncu-rep,f39451b8c127c55e6a02e536498cb0d43066c33c22c7f383d779659758b54dc9,local_copy_sha256_identical_to_hf,bcui2/NCU_report@21037737b7e371d38f3d029367dc3967d5b31a23,matched,not_recorded,1,params+winner from NCU catalogue | B200 Triton/cuTile profiling source not recorded (developer_guide: Profiling inventory),ok,leaky_relu_kernel_Kt1_A1bf16_1i16t1_p16_A1bf16_1i16t1_p16_I4096,1,1,"{""occupancy"": 8, ""tile"": 4096}",2026.1.1.0 (build 37634170) (public-release),2026-Aug-13 17:51:26,13.2,/opt/nvidia/nsight-compute/2026.1.1/target/linux-desktop-glibc_2_11_3-x64/ncu --set full --import-source on --replay-mode application --cache-control none --app-replay-mode strict --profile-from-start off --kernel-name regex:^(?:leaky_relu_kernel) --launch-skip 0 --launch-count 1 --force-overwrite -o /projects/kzhou6/bcui2/research/tilebench/Tilebench/tilebench_run/ncu/leaky_relu/cutile_bf16 /projects/kzhou6/bcui2/env_software/miniconda3/envs/tilebench_env/bin/python /projects/kzhou6/bcui2/research/tilebench/Tilebench/tilebench_run/ncu_generic_harness.py,0.0323,0.0340
B200/cutile/leaky_relu/fp16,B200,cutile,leaky_relu,fp16,201acc88afa9dfea0aa96856bbacde9cc1f106d7bb6e79760bc70b3be1c86e2f,"{""n"":50000000}",full,application,NVIDIA_B200/leaky_relu/cutile_fp16.ncu-rep,66e307ea038715b47749400be4bd35546ea17c8839d9bd2d8277df5f7a0f741b,local_copy_sha256_identical_to_hf,bcui2/NCU_report@21037737b7e371d38f3d029367dc3967d5b31a23,matched,not_recorded,1,params+winner from NCU catalogue | B200 Triton/cuTile profiling source not recorded (developer_guide: Profiling inventory),ok,leaky_relu_kernel_Kt1_A1f16_1i16t1_p16_A1f16_1i16t1_p16_I4096,1,1,"{""occupancy"": 16, ""tile"": 4096}",2026.1.1.0 (build 37634170) (public-release),2026-Aug-13 17:43:35,13.2,/opt/nvidia/nsight-compute/2026.1.1/target/linux-desktop-glibc_2_11_3-x64/ncu --set full --import-source on --replay-mode application --cache-control none --app-replay-mode strict --profile-from-start off --kernel-name regex:^(?:leaky_relu_kernel) --launch-skip 0 --launch-count 1 --force-overwrite -o /projects/kzhou6/bcui2/research/tilebench/Tilebench/tilebench_run/ncu/leaky_relu/cutile_fp16 /projects/kzhou6/bcui2/env_software/miniconda3/envs/tilebench_env/bin/python /projects/kzhou6/bcui2/research/tilebench/Tilebench/tilebench_run/ncu_generic_harness.py,0.0324,0.0342
B200/cutile/leaky_relu/fp32,B200,cutile,leaky_relu,fp32,4eaf06de1f3e884cf7de6c257804e594f483cd520162495266e6b982f72da30e,"{""n"":50000000}",full,application,NVIDIA_B200/leaky_relu/cutile_fp32.ncu-rep,0ce3aba7a07a6119c7c435e98a23c77be98f17cb7cd6c01e8aa29436ee5811ce,local_copy_sha256_identical_to_hf,bcui2/NCU_report@21037737b7e371d38f3d029367dc3967d5b31a23,matched,not_recorded,1,params+winner from NCU catalogue | B200 Triton/cuTile profiling source not recorded (developer_guide: Profiling inventory),ok,leaky_relu_kernel_Kt1_A1f32_1i16t1_p16_A1f32_1i16t1_p16_I4096,1,1,"{""occupancy"": 8, ""tile"": 4096}",2026.1.1.0 (build 37634170) (public-release),2026-Aug-13 17:59:17,13.2,/opt/nvidia/nsight-compute/2026.1.1/target/linux-desktop-glibc_2_11_3-x64/ncu --set full --import-source on --replay-mode application --cache-control none --app-replay-mode strict --profile-from-start off --kernel-name regex:^(?:leaky_relu_kernel) --launch-skip 0 --launch-count 1 --force-overwrite -o /projects/kzhou6/bcui2/research/tilebench/Tilebench/tilebench_run/ncu/leaky_relu/cutile_fp32 /projects/kzhou6/bcui2/env_software/miniconda3/envs/tilebench_env/bin/python /projects/kzhou6/bcui2/research/tilebench/Tilebench/tilebench_run/ncu_generic_harness.py,0.0617,0.0610
B200/tilelang/leaky_relu/bf16,B200,tilelang,leaky_relu,bf16,1569c64eec63e4afd8fc8285fff17cb0cd2420056e0a80c2126cb0626a916159,"{""n"":50000000}",full,application,NVIDIA_B200/leaky_relu/tilelang_bf16.ncu-rep,fba34cd3fed0d3c6de4c6773713cb60b5f1c3b47231cf3e2a5be79965337b65f,local_copy_sha256_identical_to_hf,bcui2/NCU_report@21037737b7e371d38f3d029367dc3967d5b31a23,matched,not_recorded,1,"params from the B200 NCU catalogue (HF PR #2: TileLang reports use the catalogued maximum input); winner from origin/archive/raw-logs-2026-09-18:results/B200/logs/autotune_logs/leaky_relu_tilelang_autotune.json | B200 TileLang reports (HF PR #2): source commit not stated; paper-era packages, recorded autotune winner, catalogued max input",ok,leaky_relu_kernel_kernel,,,"{""BLOCK_SIZE"": 4096, ""threads"": 256}",2026.1.1.0 (build 37634170) (public-release),2026-Oct-04 04:13:58,13.2,/opt/nvidia/nsight-compute/2026.1.1/target/linux-desktop-glibc_2_11_3-x64/ncu --profile-from-start off --cache-control none --replay-mode application --import-source on --force-overwrite --app-replay-mode strict --kernel-name regex:^(?:leaky_relu_kernel_kernel) --launch-count 1 --set full --metrics smsp__inst_executed.sum -o /home/arustagi/repos/Tilebench-profile-study/profile/leaky_relu/tilelang_ncu_dataset_cuda130_20261003_bf16/reports/full /scratch/arustagi/tilebench_pdf_env/bin/python /home/arustagi/repos/Tilebench-profile-study/profile/dsl_perf_study/tilelang_dataset_harness.py,0.0321,0.0340
B200/tilelang/leaky_relu/fp16,B200,tilelang,leaky_relu,fp16,201acc88afa9dfea0aa96856bbacde9cc1f106d7bb6e79760bc70b3be1c86e2f,"{""n"":50000000}",full,application,NVIDIA_B200/leaky_relu/tilelang_fp16.ncu-rep,f38ea21f66316df12f0d909f670ee5855a19f48280831fdb3615d1fcd774a668,local_copy_sha256_identical_to_hf,bcui2/NCU_report@21037737b7e371d38f3d029367dc3967d5b31a23,matched,not_recorded,1,"params from the B200 NCU catalogue (HF PR #2: TileLang reports use the catalogued maximum input); winner from origin/archive/raw-logs-2026-09-18:results/B200/logs/autotune_logs/leaky_relu_tilelang_autotune.json | B200 TileLang reports (HF PR #2): source commit not stated; paper-era packages, recorded autotune winner, catalogued max input",ok,leaky_relu_kernel_kernel,,,"{""BLOCK_SIZE"": 1024, ""threads"": 128}",2026.1.1.0 (build 37634170) (public-release),2026-Oct-04 04:25:32,13.2,/opt/nvidia/nsight-compute/2026.1.1/target/linux-desktop-glibc_2_11_3-x64/ncu --profile-from-start off --cache-control none --replay-mode application --import-source on --force-overwrite --app-replay-mode strict --kernel-name regex:^(?:leaky_relu_kernel_kernel) --launch-count 1 --set full --metrics smsp__inst_executed.sum -o /home/arustagi/repos/Tilebench-profile-study/profile/leaky_relu/tilelang_ncu_dataset_cuda130_20261003_fp16/reports/full /scratch/arustagi/tilebench_pdf_env/bin/python /home/arustagi/repos/Tilebench-profile-study/profile/dsl_perf_study/tilelang_dataset_harness.py,0.0341,0.0342
B200/tilelang/leaky_relu/fp32,B200,tilelang,leaky_relu,fp32,4eaf06de1f3e884cf7de6c257804e594f483cd520162495266e6b982f72da30e,"{""n"":50000000}",full,application,NVIDIA_B200/leaky_relu/tilelang_fp32.ncu-rep,886a50fa5160bb430777d751ff5537fd57e916359a2b166fe5442986842db2a0,local_copy_sha256_identical_to_hf,bcui2/NCU_report@21037737b7e371d38f3d029367dc3967d5b31a23,matched,not_recorded,1,"params from the B200 NCU catalogue (HF PR #2: TileLang reports use the catalogued maximum input); winner from origin/archive/raw-logs-2026-09-18:results/B200/logs/autotune_logs/leaky_relu_tilelang_autotune.json | B200 TileLang reports (HF PR #2): source commit not stated; paper-era packages, recorded autotune winner, catalogued max input",ok,leaky_relu_kernel_kernel,,,"{""BLOCK_SIZE"": 2048, ""threads"": 256}",2026.1.1.0 (build 37634170) (public-release),2026-Oct-04 04:37:26,13.2,/opt/nvidia/nsight-compute/2026.1.1/target/linux-desktop-glibc_2_11_3-x64/ncu --profile-from-start off --cache-control none --replay-mode application --import-source on --force-overwrite --app-replay-mode strict --kernel-name regex:^(?:leaky_relu_kernel_kernel) --launch-count 1 --set full --metrics smsp__inst_executed.sum -o /home/arustagi/repos/Tilebench-profile-study/profile/leaky_relu/tilelang_ncu_dataset_cuda130_20261003_fp32/reports/full /scratch/arustagi/tilebench_pdf_env/bin/python /home/arustagi/repos/Tilebench-profile-study/profile/dsl_perf_study/tilelang_dataset_harness.py,0.0607,0.0610
B200/triton/leaky_relu/bf16,B200,triton,leaky_relu,bf16,1569c64eec63e4afd8fc8285fff17cb0cd2420056e0a80c2126cb0626a916159,"{""n"":50000000}",full,application,NVIDIA_B200/leaky_relu/triton_bf16.ncu-rep,791387948f25662dab407f538d2205f3621b78158fa8d26644e9cf43bc0a014b,local_copy_sha256_identical_to_hf,bcui2/NCU_report@21037737b7e371d38f3d029367dc3967d5b31a23,matched,not_recorded,1,params+winner from NCU catalogue | B200 Triton/cuTile profiling source not recorded (developer_guide: Profiling inventory),ok,leaky_relu_kernel,1,1,"{""BLOCK_SIZE"": 2048, ""num_stages"": 1, ""num_warps"": 4}",2026.1.1.0 (build 37634170) (public-release),2026-Aug-13 17:47:29,13.2,/opt/nvidia/nsight-compute/2026.1.1/target/linux-desktop-glibc_2_11_3-x64/ncu --set full --import-source on --replay-mode application --cache-control none --app-replay-mode strict --profile-from-start off --kernel-name regex:^(?:leaky_relu_kernel) --launch-skip 0 --launch-count 1 --force-overwrite -o /projects/kzhou6/bcui2/research/tilebench/Tilebench/tilebench_run/ncu/leaky_relu/triton_bf16 /projects/kzhou6/bcui2/env_software/miniconda3/envs/tilebench_env/bin/python /projects/kzhou6/bcui2/research/tilebench/Tilebench/tilebench_run/ncu_generic_harness.py,0.0321,0.0340
B200/triton/leaky_relu/fp16,B200,triton,leaky_relu,fp16,201acc88afa9dfea0aa96856bbacde9cc1f106d7bb6e79760bc70b3be1c86e2f,"{""n"":50000000}",full,application,NVIDIA_B200/leaky_relu/triton_fp16.ncu-rep,a64fba3322d368c1771507fca55bdf235316d02f50715a7bb29a3fb8a176fed5,local_copy_sha256_identical_to_hf,bcui2/NCU_report@21037737b7e371d38f3d029367dc3967d5b31a23,matched,not_recorded,1,params+winner from NCU catalogue | B200 Triton/cuTile profiling source not recorded (developer_guide: Profiling inventory),ok,leaky_relu_kernel,1,1,"{""BLOCK_SIZE"": 4096, ""num_stages"": 1, ""num_warps"": 8}",2026.1.1.0 (build 37634170) (public-release),2026-Aug-13 17:39:39,13.2,/opt/nvidia/nsight-compute/2026.1.1/target/linux-desktop-glibc_2_11_3-x64/ncu --set full --import-source on --replay-mode application --cache-control none --app-replay-mode strict --profile-from-start off --kernel-name regex:^(?:leaky_relu_kernel) --launch-skip 0 --launch-count 1 --force-overwrite -o /projects/kzhou6/bcui2/research/tilebench/Tilebench/tilebench_run/ncu/leaky_relu/triton_fp16 /projects/kzhou6/bcui2/env_software/miniconda3/envs/tilebench_env/bin/python /projects/kzhou6/bcui2/research/tilebench/Tilebench/tilebench_run/ncu_generic_harness.py,0.0323,0.0342
B200/triton/leaky_relu/fp32,B200,triton,leaky_relu,fp32,4eaf06de1f3e884cf7de6c257804e594f483cd520162495266e6b982f72da30e,"{""n"":50000000}",full,application,NVIDIA_B200/leaky_relu/triton_fp32.ncu-rep,127f2769f98c42f42b007d5f4b361fa9dbfe6a142968f0620fe6d2a7af24341c,local_copy_sha256_identical_to_hf,bcui2/NCU_report@21037737b7e371d38f3d029367dc3967d5b31a23,matched,not_recorded,1,params+winner from NCU catalogue | B200 Triton/cuTile profiling source not recorded (developer_guide: Profiling inventory),ok,leaky_relu_kernel,1,1,"{""BLOCK_SIZE"": 2048, ""num_stages"": 2, ""num_warps"": 8}",2026.1.1.0 (build 37634170) (public-release),2026-Aug-13 17:55:25,13.2,/opt/nvidia/nsight-compute/2026.1.1/target/linux-desktop-glibc_2_11_3-x64/ncu --set full --import-source on --replay-mode application --cache-control none --app-replay-mode strict --profile-from-start off --kernel-name regex:^(?:leaky_relu_kernel) --launch-skip 0 --launch-count 1 --force-overwrite -o /projects/kzhou6/bcui2/research/tilebench/Tilebench/tilebench_run/ncu/leaky_relu/triton_fp32 /projects/kzhou6/bcui2/env_software/miniconda3/envs/tilebench_env/bin/python /projects/kzhou6/bcui2/research/tilebench/Tilebench/tilebench_run/ncu_generic_harness.py,0.0609,0.0610
B200/cutile/linear_self_attention/fp32,B200,cutile,linear_self_attention,fp32,c4b4d54872a803769c9d41ab85d19c70739a0ca45afad5b23e797a6936ecc50c,"{""D"":256,""M"":10000,""eps"":1e-06}",full,application,NVIDIA_B200/linear_self_attention/cutile_fp32.ncu-rep,7bd3215dc192da487d5429734f064360696791402b3650fa4ae9113900d930fa,local_copy_sha256_identical_to_hf,bcui2/NCU_report@21037737b7e371d38f3d029367dc3967d5b31a23,matched,not_recorded,5,params+winner from NCU catalogue | B200 Triton/cuTile profiling source not recorded (developer_guide: Profiling inventory),ok,kv_gemm_kernel_Kt1_A2f32_1v4l0_2t1_3i16_p16_A2f32_1v4l0_2t1_3i16_p16_A2f32_1v4l0_2t1_3i16_p16_Si32_Si32_I128_I32_I64;out_gemm_kernel_Kt1_A2f32_1v4l0_2t1_3i16_p16_A2f32_1v4l0_2t1_3i16_p16_A2f32_1v4l0_2t1_3i16_p16_A1f32_1i16t1_p16_Si32_Si32_F3eb0c6f7a0b5ed8d_I64_I32_I64;phi_kernel_Kt1_A2f32_1v4l0_2t1_3i16_p16_A2f32_1v4l0_2t1_3i16_p16_I32_I32;z_kernel_Kt1_A1f32_1i16t1_p16_A2f32_1v4l0_2t1_3i16_p16_Si32_Si32_I32_I32,5,5,"{""kv_block_k"": 64, ""kv_block_m"": 128, ""kv_block_n"": 32, ""kv_occupancy"": 16, ""out_block_k"": 64, ""out_block_m"": 64, ""out_block_n"": 32, ""out_occupancy"": 4}",2026.1.1.0 (build 37634170) (public-release),2026-Aug-16 22:15:14,13.2,/opt/nvidia/nsight-compute/2026.1.1/target/linux-desktop-glibc_2_11_3-x64/ncu --set full --import-source on --replay-mode application --cache-control none --app-replay-mode strict --profile-from-start off --kernel-name regex:^(?:kv_gemm_kernel|out_gemm_kernel|phi_kernel|z_kernel) --launch-skip 0 --launch-count 5 --force-overwrite -o /projects/kzhou6/bcui2/research/tilebench/Tilebench/tilebench_run/ncu/linear_self_attention/cutile_fp32 /projects/kzhou6/bcui2/env_software/miniconda3/envs/tilebench_env/bin/python /projects/kzhou6/bcui2/research/tilebench/Tilebench/tilebench_run/ncu_generic_harness.py,0.4748,0.0934
B200/tilelang/linear_self_attention/fp32,B200,tilelang,linear_self_attention,fp32,c4b4d54872a803769c9d41ab85d19c70739a0ca45afad5b23e797a6936ecc50c,"{""D"":256,""M"":10000,""eps"":1e-06}",targeted,application,NVIDIA_B200/linear_self_attention/tilelang_fp32.ncu-rep,8b8dcac777432b04b167defcff597c63bb75734e665b544cb28684a78667c9f2,local_copy_sha256_identical_to_hf,bcui2/NCU_report@21037737b7e371d38f3d029367dc3967d5b31a23,matched,not_recorded,5,"params from the B200 NCU catalogue (HF PR #2: TileLang reports use the catalogued maximum input); winner from origin/archive/raw-logs-2026-09-18:results/B200/logs/autotune_logs/linear_self_attention_tilelang_autotune.json | B200 TileLang reports (HF PR #2): source commit not stated; paper-era packages, recorded autotune winner, catalogued max input",ok,kv_kernel_kernel;out_kernel_kernel;phi_kernel_kernel;z_kernel_kernel,,,"{""kv_BLOCK_K"": 64, ""kv_BLOCK_M"": 32, ""kv_BLOCK_N"": 32, ""kv_num_stages"": 3, ""kv_threads"": 128, ""out_BLOCK_K"": 32, ""out_BLOCK_M"": 64, ""out_BLOCK_N"": 128, ""out_num_stages"": 3, ""out_threads"": 128}",2026.1.1.0 (build 37634170) (public-release),2026-Oct-04 04:42:12,13.2,"/opt/nvidia/nsight-compute/2026.1.1/target/linux-desktop-glibc_2_11_3-x64/ncu --profile-from-start off --cache-control none --replay-mode application --import-source on --force-overwrite --app-replay-mode strict --kernel-name regex:^(?:kv_kernel_kernel|out_kernel_kernel|phi_kernel_kernel|z_kernel_kernel) --launch-count 5 --metrics gpu__time_duration.sum,launch__grid_size,launch__block_size,launch__waves_per_multiprocessor,launch__registers_per_thread,launch__shared_mem_per_block,sm__throughput.avg.pct_of_peak_sustained_elapsed,sm__warps_active.avg.pct_of_peak_sustained_active,sm__inst_executed_pipe_fma.avg.pct_of_peak_sustained_active,sm__inst_executed_pipe_alu.avg.pct_of_peak_sustained_active,sm__inst_executed_pipe_lsu.avg.pct_of_peak_sustained_active,sm__inst_executed_pipe_adu.avg.pct_of_peak_sustained_active,sm__pipe_tensor_cycles_active.avg.pct_of_peak_sustained_elapsed,dram__bytes_read.sum,dram__bytes_write.sum,dram__bytes_read.sum.pct_of_peak_sustained_elapsed,dram__bytes_write.sum.pct_of_peak_sustained_elapsed,l1tex__t_sector_hit_rate.pct,lts__t_sector_hit_rate.pct,l1tex__t_sectors_pipe_lsu_mem_global_op_ld.sum,l1tex__t_requests_pipe_lsu_mem_global_op_ld.sum,smsp__sass_inst_executed_op_global_ld.sum,smsp__sass_inst_executed_op_global_st.sum,smsp__sass_inst_executed_op_local_ld.sum,smsp__sass_inst_executed_op_local_st.sum,smsp__sass_inst_executed_op_shared.sum,smsp__inst_executed.sum,smsp__sass_inst_executed.sum,smsp__thread_inst_executed_per_inst_executed.ratio,smsp__average_warps_issue_stalled_long_scoreboard_per_issue_active.ratio,smsp__average_warps_issue_stalled_short_scoreboard_per_issue_active.ratio,smsp__average_warps_issue_stalled_barrier_per_issue_active.ratio,smsp__average_warps_issue_stalled_math_pipe_throttle_per_issue_active.ratio,smsp__average_warps_issue_stalled_mio_throttle_per_issue_active.ratio,smsp__average_warps_issue_stalled_lg_throttle_per_issue_active.ratio,launch__occupancy_limit_registers,launch__occupancy_limit_shared_mem,launch__occupancy_limit_blocks,launch__occupancy_limit_warps,sm__maximum_warps_per_active_cycle_pct,smsp__issue_active.avg.pct_of_peak_sustained_active,l1tex__data_bank_conflicts_pipe_lsu_mem_shared_op_ld.sum,l1tex__data_bank_conflicts_pipe_lsu_mem_shared_op_st.sum -o /home/arustagi/repos/Tilebench-profile-study/profile/linear_self_attention/tilelang_ncu_dataset_cuda130_20261003_fp32/reports/targeted /scratch/arustagi/tilebench_pdf_env/bin/python /home/arustagi/repos/Tilebench-profile-study/profile/dsl_perf_study/tilelang_dataset_harness.py",0.8200,0.0934
B200/triton/linear_self_attention/fp32,B200,triton,linear_self_attention,fp32,c4b4d54872a803769c9d41ab85d19c70739a0ca45afad5b23e797a6936ecc50c,"{""D"":256,""M"":10000,""eps"":1e-06}",full,application,NVIDIA_B200/linear_self_attention/triton_fp32.ncu-rep,46fa17dbbe21bb72b6a43c9e6382a48d0f186683f010444fa977647787719c4d,local_copy_sha256_identical_to_hf,bcui2/NCU_report@21037737b7e371d38f3d029367dc3967d5b31a23,matched,not_recorded,5,params+winner from NCU catalogue | report holds the 5 operator kernel launches; kernel_counts.json lists 8 launches including 3 PyTorch helper launch(es) (fill/copy) that the profile does not capture | B200 Triton/cuTile profiling source not recorded (developer_guide: Profiling inventory),ok,kv_gemm_kernel;out_gemm_kernel;phi_kernel;z_kernel,8,5,"{""kv_BLOCK_K"": 64, ""kv_BLOCK_M"": 32, ""kv_BLOCK_N"": 32, ""kv_num_stages"": 3, ""kv_num_warps"": 4, ""out_BLOCK_K"": 32, ""out_BLOCK_M"": 64, ""out_BLOCK_N"": 128, ""out_num_stages"": 3, ""out_num_warps"": 8}",2026.1.1.0 (build 37634170) (public-release),2026-Aug-16 22:11:43,13.2,/opt/nvidia/nsight-compute/2026.1.1/target/linux-desktop-glibc_2_11_3-x64/ncu --set full --import-source on --replay-mode application --cache-control none --app-replay-mode strict --profile-from-start off --kernel-name regex:^(?:kv_gemm_kernel|out_gemm_kernel|phi_kernel|z_kernel) --launch-skip 0 --launch-count 5 --force-overwrite -o /projects/kzhou6/bcui2/research/tilebench/Tilebench/tilebench_run/ncu/linear_self_attention/triton_fp32 /projects/kzhou6/bcui2/env_software/miniconda3/envs/tilebench_env/bin/python /projects/kzhou6/bcui2/research/tilebench/Tilebench/tilebench_run/ncu_generic_harness.py,0.2167,0.0934
B200/cutile/matmul_fp32_fp16_fp8/fp16,B200,cutile,matmul_fp32_fp16_fp8,fp16,08faaf3b6b1a6991ab9326dd1f21e0777b5cc77c635c0122387725c0cb92617b,"{""K"":20480,""M"":4096,""N"":4096}",full,application,NVIDIA_B200/matmul_fp32_fp16_fp8/cutile_fp16.ncu-rep,6fde7cac030ca842267c3c6373416b0bd0815479e0ce5beb9c6cd86de7460d18,local_copy_sha256_identical_to_hf,bcui2/NCU_report@21037737b7e371d38f3d029367dc3967d5b31a23,matched,not_recorded,1,params+winner from NCU catalogue | B200 Triton/cuTile profiling source not recorded (developer_guide: Profiling inventory),ok,matmul_kernel_Kt1_A2f16_1v8l0_2t1_3i16_p16_A2f16_1v8l0_2t1_3i16_p16_A2f16_1v8l0_2t1_3i16_p16_Si32_Si32_I20480_I256_I256_I64_I8,1,1,"{""group_size_m"": 8, ""occupancy"": 8, ""tk"": 64, ""tm"": 256, ""tn"": 256}",2026.1.1.0 (build 37634170) (public-release),2026-Aug-13 18:49:39,13.2,/opt/nvidia/nsight-compute/2026.1.1/target/linux-desktop-glibc_2_11_3-x64/ncu --set full --import-source on --replay-mode application --cache-control none --app-replay-mode strict --profile-from-start off --kernel-name regex:^(?:matmul_kernel) --launch-skip 0 --launch-count 1 --force-overwrite -o /projects/kzhou6/bcui2/research/tilebench/Tilebench/tilebench_run/ncu/matmul_fp32_fp16_fp8/cutile_fp16 /projects/kzhou6/bcui2/env_software/miniconda3/envs/tilebench_env/bin/python /projects/kzhou6/bcui2/research/tilebench/Tilebench/tilebench_run/ncu_generic_harness.py,0.4834,0.4645
B200/cutile/matmul_fp32_fp16_fp8/fp32,B200,cutile,matmul_fp32_fp16_fp8,fp32,357a02eb8c422be84c0f0184cc996e44cab791e9e9da48aae2bbc1390d89189b,"{""K"":20480,""M"":4096,""N"":4096}",full,application,NVIDIA_B200/matmul_fp32_fp16_fp8/cutile_fp32.ncu-rep,f74baf6be15c820e4c7c094a0876cebc37decdd4727863d76a65afee87b633dd,local_copy_sha256_identical_to_hf,bcui2/NCU_report@21037737b7e371d38f3d029367dc3967d5b31a23,matched,not_recorded,1,params+winner from NCU catalogue | B200 Triton/cuTile profiling source not recorded (developer_guide: Profiling inventory),ok,matmul_kernel_Kt1_A2f32_1v4l0_2t1_3i16_p16_A2f32_1v4l0_2t1_3i16_p16_A2f32_1v4l0_2t1_3i16_p16_Si32_Si32_I20480_I256_I256_I64_I8,1,1,"{""group_size_m"": 8, ""occupancy"": 8, ""tk"": 64, ""tm"": 256, ""tn"": 256}",2026.1.1.0 (build 37634170) (public-release),2026-Aug-13 18:41:43,13.2,/opt/nvidia/nsight-compute/2026.1.1/target/linux-desktop-glibc_2_11_3-x64/ncu --set full --import-source on --replay-mode application --cache-control none --app-replay-mode strict --profile-from-start off --kernel-name regex:^(?:matmul_kernel) --launch-skip 0 --launch-count 1 --force-overwrite -o /projects/kzhou6/bcui2/research/tilebench/Tilebench/tilebench_run/ncu/matmul_fp32_fp16_fp8/cutile_fp32 /projects/kzhou6/bcui2/env_software/miniconda3/envs/tilebench_env/bin/python /projects/kzhou6/bcui2/research/tilebench/Tilebench/tilebench_run/ncu_generic_harness.py,0.9145,0.9466
B200/cutile/matmul_fp32_fp16_fp8/fp8_e4m3fn,B200,cutile,matmul_fp32_fp16_fp8,fp8_e4m3fn,58462cceecda88b26cf0a977f833cd828e07b350dee27aad3efc0c528678c0b9,"{""K"":20480,""M"":4096,""N"":4096}",full,application,NVIDIA_B200/matmul_fp32_fp16_fp8/cutile_fp8_e4m3fn.ncu-rep,19aba10eaea39cb47c5ae94f22af977c503c4e9ba4c7021a003a545262a10dfd,local_copy_sha256_identical_to_hf,bcui2/NCU_report@21037737b7e371d38f3d029367dc3967d5b31a23,matched,not_recorded,1,params+winner from NCU catalogue | B200 Triton/cuTile profiling source not recorded (developer_guide: Profiling inventory),ok,matmul_kernel_Kt1_A2f8m3fn_1v16l0_2t1_3i16_p16_A2f8m3fn_1v16l0_2t1_3i16_p16_A2f8m3fn_1v16l0_2t1_3i16_p16_Si32_Si32_I20480_I256_I256_I128_I8,1,1,"{""group_size_m"": 8, ""occupancy"": 4, ""tk"": 128, ""tm"": 256, ""tn"": 256}",2026.1.1.0 (build 37634170) (public-release),2026-Aug-13 18:57:42,13.2,/opt/nvidia/nsight-compute/2026.1.1/target/linux-desktop-glibc_2_11_3-x64/ncu --set full --import-source on --replay-mode application --cache-control none --app-replay-mode strict --profile-from-start off --kernel-name regex:^(?:matmul_kernel) --launch-skip 0 --launch-count 1 --force-overwrite -o /projects/kzhou6/bcui2/research/tilebench/Tilebench/tilebench_run/ncu/matmul_fp32_fp16_fp8/cutile_fp8_e4m3fn /projects/kzhou6/bcui2/env_software/miniconda3/envs/tilebench_env/bin/python /projects/kzhou6/bcui2/research/tilebench/Tilebench/tilebench_run/ncu_generic_harness.py,0.2037,0.3148
B200/tilelang/matmul_fp32_fp16_fp8/fp16,B200,tilelang,matmul_fp32_fp16_fp8,fp16,08faaf3b6b1a6991ab9326dd1f21e0777b5cc77c635c0122387725c0cb92617b,"{""K"":20480,""M"":4096,""N"":4096}",reduced,kernel,NVIDIA_B200/matmul_fp32_fp16_fp8/tilelang_fp16.ncu-rep,4047e1ddff6583083e96a337ec88ca4f5b061feabfd1065ba9384b48720fe15c,local_copy_sha256_identical_to_hf,bcui2/NCU_report@21037737b7e371d38f3d029367dc3967d5b31a23,matched,not_recorded,1,"params from the B200 NCU catalogue (HF PR #2: TileLang reports use the catalogued maximum input); winner from origin/archive/raw-logs-2026-09-18:results/B200/logs/autotune_logs/matmul_fp32_fp16_fp8_tilelang_autotune.json | B200 TileLang reports (HF PR #2): source commit not stated; paper-era packages, recorded autotune winner, catalogued max input",ok,matmul_kernel_kernel,,,"{""BLOCK_SIZE_K"": 64, ""BLOCK_SIZE_M"": 256, ""BLOCK_SIZE_N"": 256, ""GROUP_SIZE_M"": 8, ""num_stages"": 3, ""threads"": 128}",2026.1.1.0 (build 37634170) (public-release),2026-Oct-04 20:38:36,13.2,"/opt/nvidia/nsight-compute/2026.1.1/target/linux-desktop-glibc_2_11_3-x64/ncu --profile-from-start off --cache-control none --replay-mode kernel --import-source on --force-overwrite --kernel-name regex:^(?:matmul_kernel_kernel) --launch-count 1 --set none --metrics gpu__time_duration.sum,launch__grid_size,launch__block_size,launch__registers_per_thread,launch__shared_mem_per_block,sm__warps_active.avg.pct_of_peak_sustained_active,sm__throughput.avg.pct_of_peak_sustained_elapsed,sm__pipe_tensor_cycles_active.avg.pct_of_peak_sustained_elapsed,smsp__inst_executed.sum,dram__bytes_read.sum,dram__bytes_write.sum -o /home/arustagi/repos/Tilebench-profile-study/profile/matmul_fp32_fp16_fp8/tilelang_ncu_dataset_cuda130_20261003_fp16/reports/core /scratch/arustagi/tilebench_pdf_env/bin/python /home/arustagi/repos/Tilebench-profile-study/profile/dsl_perf_study/tilelang_dataset_harness.py",0.6750,0.4645
B200/tilelang/matmul_fp32_fp16_fp8/fp32,B200,tilelang,matmul_fp32_fp16_fp8,fp32,357a02eb8c422be84c0f0184cc996e44cab791e9e9da48aae2bbc1390d89189b,"{""K"":20480,""M"":4096,""N"":4096}",full,application,NVIDIA_B200/matmul_fp32_fp16_fp8/tilelang_fp32.ncu-rep,09c84642486a6a3f9245ba00aad38e8db2931f71f3bf786a9abc2fdc2b22d44e,local_copy_sha256_identical_to_hf,bcui2/NCU_report@21037737b7e371d38f3d029367dc3967d5b31a23,matched,not_recorded,1,"params from the B200 NCU catalogue (HF PR #2: TileLang reports use the catalogued maximum input); winner from origin/archive/raw-logs-2026-09-18:results/B200/logs/autotune_logs/matmul_fp32_fp16_fp8_tilelang_autotune.json | B200 TileLang reports (HF PR #2): source commit not stated; paper-era packages, recorded autotune winner, catalogued max input",ok,matmul_kernel_kernel,,,"{""BLOCK_SIZE_K"": 64, ""BLOCK_SIZE_M"": 128, ""BLOCK_SIZE_N"": 128, ""GROUP_SIZE_M"": 8, ""num_stages"": 2, ""threads"": 128}",2026.1.1.0 (build 37634170) (public-release),2026-Oct-04 05:09:02,13.2,/opt/nvidia/nsight-compute/2026.1.1/target/linux-desktop-glibc_2_11_3-x64/ncu --profile-from-start off --cache-control none --replay-mode application --import-source on --force-overwrite --app-replay-mode strict --kernel-name regex:^(?:matmul_kernel_kernel) --launch-count 1 --set full --metrics smsp__inst_executed.sum -o /home/arustagi/repos/Tilebench-profile-study/profile/matmul_fp32_fp16_fp8/tilelang_ncu_dataset_cuda130_20261003_fp32/reports/full /scratch/arustagi/tilebench_pdf_env/bin/python /home/arustagi/repos/Tilebench-profile-study/profile/dsl_perf_study/tilelang_dataset_harness.py,3.4981,0.9466
B200/tilelang/matmul_fp32_fp16_fp8/fp8_e4m3fn,B200,tilelang,matmul_fp32_fp16_fp8,fp8_e4m3fn,58462cceecda88b26cf0a977f833cd828e07b350dee27aad3efc0c528678c0b9,"{""K"":20480,""M"":4096,""N"":4096}",reduced,kernel,NVIDIA_B200/matmul_fp32_fp16_fp8/tilelang_fp8_e4m3fn.ncu-rep,daa32d8695fd5505856c7602d276c679db464ae834c5bd80064e8ac4d254cafc,local_copy_sha256_identical_to_hf,bcui2/NCU_report@21037737b7e371d38f3d029367dc3967d5b31a23,matched,not_recorded,1,"params from the B200 NCU catalogue (HF PR #2: TileLang reports use the catalogued maximum input); winner from origin/archive/raw-logs-2026-09-18:results/B200/logs/autotune_logs/matmul_fp32_fp16_fp8_tilelang_autotune.json | B200 TileLang reports (HF PR #2): source commit not stated; paper-era packages, recorded autotune winner, catalogued max input",ok,matmul_kernel_kernel,,,"{""BLOCK_SIZE_K"": 128, ""BLOCK_SIZE_M"": 256, ""BLOCK_SIZE_N"": 256, ""GROUP_SIZE_M"": 8, ""num_stages"": 3, ""threads"": 128}",2026.1.1.0 (build 37634170) (public-release),2026-Oct-04 20:38:57,13.2,"/opt/nvidia/nsight-compute/2026.1.1/target/linux-desktop-glibc_2_11_3-x64/ncu --profile-from-start off --cache-control none --replay-mode kernel --import-source on --force-overwrite --kernel-name regex:^(?:matmul_kernel_kernel) --launch-count 1 --set none --metrics gpu__time_duration.sum,launch__grid_size,launch__block_size,launch__registers_per_thread,launch__shared_mem_per_block,sm__warps_active.avg.pct_of_peak_sustained_active,sm__throughput.avg.pct_of_peak_sustained_elapsed,sm__pipe_tensor_cycles_active.avg.pct_of_peak_sustained_elapsed,smsp__inst_executed.sum,dram__bytes_read.sum,dram__bytes_write.sum -o /home/arustagi/repos/Tilebench-profile-study/profile/matmul_fp32_fp16_fp8/tilelang_ncu_dataset_cuda130_20261003_fp8_e4m3fn/reports/core /scratch/arustagi/tilebench_pdf_env/bin/python /home/arustagi/repos/Tilebench-profile-study/profile/dsl_perf_study/tilelang_dataset_harness.py",0.3456,0.3148
B200/triton/matmul_fp32_fp16_fp8/fp16,B200,triton,matmul_fp32_fp16_fp8,fp16,08faaf3b6b1a6991ab9326dd1f21e0777b5cc77c635c0122387725c0cb92617b,"{""K"":20480,""M"":4096,""N"":4096}",full,application,NVIDIA_B200/matmul_fp32_fp16_fp8/triton_fp16.ncu-rep,4ce089c18a60ea694a6cf4762b5b7a362a8fe96d167525c54c91188054472d30,local_copy_sha256_identical_to_hf,bcui2/NCU_report@21037737b7e371d38f3d029367dc3967d5b31a23,matched,not_recorded,1,params+winner from NCU catalogue | B200 Triton/cuTile profiling source not recorded (developer_guide: Profiling inventory),ok,matmul_kernel,1,1,"{""BLOCK_SIZE_K"": 64, ""BLOCK_SIZE_M"": 256, ""BLOCK_SIZE_N"": 256, ""GROUP_SIZE_M"": 8, ""num_stages"": 3, ""num_warps"": 4}",2026.1.1.0 (build 37634170) (public-release),2026-Aug-13 18:45:39,13.2,/opt/nvidia/nsight-compute/2026.1.1/target/linux-desktop-glibc_2_11_3-x64/ncu --set full --import-source on --replay-mode application --cache-control none --app-replay-mode strict --profile-from-start off --kernel-name regex:^(?:matmul_kernel) --launch-skip 0 --launch-count 1 --force-overwrite -o /projects/kzhou6/bcui2/research/tilebench/Tilebench/tilebench_run/ncu/matmul_fp32_fp16_fp8/triton_fp16 /projects/kzhou6/bcui2/env_software/miniconda3/envs/tilebench_env/bin/python /projects/kzhou6/bcui2/research/tilebench/Tilebench/tilebench_run/ncu_generic_harness.py,0.5421,0.4645
B200/triton/matmul_fp32_fp16_fp8/fp32,B200,triton,matmul_fp32_fp16_fp8,fp32,357a02eb8c422be84c0f0184cc996e44cab791e9e9da48aae2bbc1390d89189b,"{""K"":20480,""M"":4096,""N"":4096}",full,application,NVIDIA_B200/matmul_fp32_fp16_fp8/triton_fp32.ncu-rep,cdc7d8817611359d4f2dfd5d3b2323be09eb745e4ed3417023db379dbab7d7e0,local_copy_sha256_identical_to_hf,bcui2/NCU_report@21037737b7e371d38f3d029367dc3967d5b31a23,matched,not_recorded,1,params+winner from NCU catalogue | B200 Triton/cuTile profiling source not recorded (developer_guide: Profiling inventory),ok,matmul_kernel,1,1,"{""BLOCK_SIZE_K"": 32, ""BLOCK_SIZE_M"": 128, ""BLOCK_SIZE_N"": 128, ""GROUP_SIZE_M"": 8, ""num_stages"": 3, ""num_warps"": 4}",2026.1.1.0 (build 37634170) (public-release),2026-Aug-13 18:37:55,13.2,/opt/nvidia/nsight-compute/2026.1.1/target/linux-desktop-glibc_2_11_3-x64/ncu --set full --import-source on --replay-mode application --cache-control none --app-replay-mode strict --profile-from-start off --kernel-name regex:^(?:matmul_kernel) --launch-skip 0 --launch-count 1 --force-overwrite -o /projects/kzhou6/bcui2/research/tilebench/Tilebench/tilebench_run/ncu/matmul_fp32_fp16_fp8/triton_fp32 /projects/kzhou6/bcui2/env_software/miniconda3/envs/tilebench_env/bin/python /projects/kzhou6/bcui2/research/tilebench/Tilebench/tilebench_run/ncu_generic_harness.py,1.4130,0.9466
B200/triton/matmul_fp32_fp16_fp8/fp8_e4m3fn,B200,triton,matmul_fp32_fp16_fp8,fp8_e4m3fn,58462cceecda88b26cf0a977f833cd828e07b350dee27aad3efc0c528678c0b9,"{""K"":20480,""M"":4096,""N"":4096}",full,application,NVIDIA_B200/matmul_fp32_fp16_fp8/triton_fp8_e4m3fn.ncu-rep,dd82ec5b9b940340909b2a8bf0cdf80c3cfc98d1ca2f53af0efecd2aabb73421,local_copy_sha256_identical_to_hf,bcui2/NCU_report@21037737b7e371d38f3d029367dc3967d5b31a23,matched,not_recorded,1,params+winner from NCU catalogue | B200 Triton/cuTile profiling source not recorded (developer_guide: Profiling inventory),ok,matmul_kernel,1,1,"{""BLOCK_SIZE_K"": 128, ""BLOCK_SIZE_M"": 256, ""BLOCK_SIZE_N"": 256, ""GROUP_SIZE_M"": 8, ""num_stages"": 3, ""num_warps"": 4}",2026.1.1.0 (build 37634170) (public-release),2026-Aug-13 18:53:41,13.2,/opt/nvidia/nsight-compute/2026.1.1/target/linux-desktop-glibc_2_11_3-x64/ncu --set full --import-source on --replay-mode application --cache-control none --app-replay-mode strict --profile-from-start off --kernel-name regex:^(?:matmul_kernel) --launch-skip 0 --launch-count 1 --force-overwrite -o /projects/kzhou6/bcui2/research/tilebench/Tilebench/tilebench_run/ncu/matmul_fp32_fp16_fp8/triton_fp8_e4m3fn /projects/kzhou6/bcui2/env_software/miniconda3/envs/tilebench_env/bin/python /projects/kzhou6/bcui2/research/tilebench/Tilebench/tilebench_run/ncu_generic_harness.py,0.2476,0.3148
B200/cutile/matmul_int8/int8,B200,cutile,matmul_int8,int8,53230c8807747b1325caa527f54e23d7352fda53eb8991b86e564b697e2bd32c,"{""K"":20480,""M"":2048,""N"":2048}",full,application,NVIDIA_B200/matmul_int8/cutile_int8.ncu-rep,91583596fe0d2fac2510d1cfbf98b66639371d77a5688e57f5cc31b5b46ae7fe,local_copy_sha256_identical_to_hf,bcui2/NCU_report@21037737b7e371d38f3d029367dc3967d5b31a23,matched,not_recorded,1,params+winner from NCU catalogue | B200 Triton/cuTile profiling source not recorded (developer_guide: Profiling inventory),ok,matmul_kernel_Kt1_A2i8_1v16l0_2t1_3i16_p16_A2u8_1v16l0_2t1_3i16_p16_A2i32_1v4l0_2t1_3i16_p16_Si32_Si32_I5120_I256_I64_I32_I8,1,1,"{""group_size_m"": 8, ""occupancy"": 16, ""tk"": 32, ""tm"": 256, ""tn"": 64}",2026.1.1.0 (build 37634170) (public-release),2026-Aug-13 18:17:27,13.2,/opt/nvidia/nsight-compute/2026.1.1/target/linux-desktop-glibc_2_11_3-x64/ncu --set full --import-source on --replay-mode application --cache-control none --app-replay-mode strict --profile-from-start off --kernel-name regex:^(?:matmul_kernel) --launch-skip 0 --launch-count 1 --force-overwrite -o /projects/kzhou6/bcui2/research/tilebench/Tilebench/tilebench_run/ncu/matmul_int8/cutile_int8 /projects/kzhou6/bcui2/env_software/miniconda3/envs/tilebench_env/bin/python /projects/kzhou6/bcui2/research/tilebench/Tilebench/tilebench_run/ncu_generic_harness.py,0.3289,3.4325
B200/tilelang/matmul_int8/int8,B200,tilelang,matmul_int8,int8,53230c8807747b1325caa527f54e23d7352fda53eb8991b86e564b697e2bd32c,"{""K"":20480,""M"":2048,""N"":2048}",reduced,kernel,NVIDIA_B200/matmul_int8/tilelang_int8.ncu-rep,93e796b5727c61c690c555508174ec7756de3e06c31a73728a9278cf5e1814b5,local_copy_sha256_identical_to_hf,bcui2/NCU_report@21037737b7e371d38f3d029367dc3967d5b31a23,matched,not_recorded,1,"params from the B200 NCU catalogue (HF PR #2: TileLang reports use the catalogued maximum input); winner from origin/archive/raw-logs-2026-09-18:results/B200/logs/autotune_logs/matmul_int8_tilelang_autotune.json | B200 TileLang reports (HF PR #2): source commit not stated; paper-era packages, recorded autotune winner, catalogued max input",ok,matmul_kernel_kernel,,,"{""BLOCK_SIZE_K"": 64, ""BLOCK_SIZE_M"": 256, ""BLOCK_SIZE_N"": 128, ""GROUP_SIZE_M"": 8, ""num_stages"": 3, ""threads"": 512}",2026.1.1.0 (build 37634170) (public-release),2026-Oct-04 20:39:20,13.2,"/opt/nvidia/nsight-compute/2026.1.1/target/linux-desktop-glibc_2_11_3-x64/ncu --profile-from-start off --cache-control none --replay-mode kernel --import-source on --force-overwrite --kernel-name regex:^(?:matmul_kernel_kernel) --launch-count 1 --set none --metrics gpu__time_duration.sum,launch__grid_size,launch__block_size,launch__registers_per_thread,launch__shared_mem_per_block,sm__warps_active.avg.pct_of_peak_sustained_active,sm__throughput.avg.pct_of_peak_sustained_elapsed,sm__pipe_tensor_cycles_active.avg.pct_of_peak_sustained_elapsed,smsp__inst_executed.sum,dram__bytes_read.sum,dram__bytes_write.sum -o /home/arustagi/repos/Tilebench-profile-study/profile/matmul_int8/tilelang_ncu_dataset_cuda130_20261003_int8/reports/core /scratch/arustagi/tilebench_pdf_env/bin/python /home/arustagi/repos/Tilebench-profile-study/profile/dsl_perf_study/tilelang_dataset_harness.py",0.3099,3.4325
B200/triton/matmul_int8/int8,B200,triton,matmul_int8,int8,53230c8807747b1325caa527f54e23d7352fda53eb8991b86e564b697e2bd32c,"{""K"":20480,""M"":2048,""N"":2048}",full,application,NVIDIA_B200/matmul_int8/triton_int8.ncu-rep,c5378d5b62820b2e9938ca343303813cd0c9892b544474821f779bb80ea39401,local_copy_sha256_identical_to_hf,bcui2/NCU_report@21037737b7e371d38f3d029367dc3967d5b31a23,matched,not_recorded,1,params+winner from NCU catalogue | B200 Triton/cuTile profiling source not recorded (developer_guide: Profiling inventory),ok,matmul_kernel,1,1,"{""BLOCK_SIZE_K"": 64, ""BLOCK_SIZE_M"": 256, ""BLOCK_SIZE_N"": 64, ""GROUP_SIZE_M"": 8, ""num_stages"": 4, ""num_warps"": 4}",2026.1.1.0 (build 37634170) (public-release),2026-Aug-13 18:13:32,13.2,/opt/nvidia/nsight-compute/2026.1.1/target/linux-desktop-glibc_2_11_3-x64/ncu --set full --import-source on --replay-mode application --cache-control none --app-replay-mode strict --profile-from-start off --kernel-name regex:^(?:matmul_kernel) --launch-skip 0 --launch-count 1 --force-overwrite -o /projects/kzhou6/bcui2/research/tilebench/Tilebench/tilebench_run/ncu/matmul_int8/triton_int8 /projects/kzhou6/bcui2/env_software/miniconda3/envs/tilebench_env/bin/python /projects/kzhou6/bcui2/research/tilebench/Tilebench/tilebench_run/ncu_generic_harness.py,0.3272,3.4325
B200/cutile/matrix_copy/bf16,B200,cutile,matrix_copy,bf16,e60a825c90e1f0c6bce5f17acb23ad2cafd06b98436c09a00169073e06d4997f,"{""N"":5120}",full,application,NVIDIA_B200/matrix_copy/cutile_bf16.ncu-rep,3b860150248c8d9fe75f6ba93b5231e84cb8992dd3fdbdc2a3bfdbe28ac424b3,local_copy_sha256_identical_to_hf,bcui2/NCU_report@21037737b7e371d38f3d029367dc3967d5b31a23,matched,not_recorded,1,params+winner from NCU catalogue | B200 Triton/cuTile profiling source not recorded (developer_guide: Profiling inventory),ok,matrix_copy_kernel_Kt1_A1bf16_1i16t1_p16_A1bf16_1i16t1_p16_I1024,1,1,"{""occupancy"": 16, ""tile"": 1024}",2026.1.1.0 (build 37634170) (public-release),2026-Aug-13 19:13:50,13.2,/opt/nvidia/nsight-compute/2026.1.1/target/linux-desktop-glibc_2_11_3-x64/ncu --set full --import-source on --replay-mode application --cache-control none --app-replay-mode strict --profile-from-start off --kernel-name regex:^(?:matrix_copy_kernel) --launch-skip 0 --launch-count 1 --force-overwrite -o /projects/kzhou6/bcui2/research/tilebench/Tilebench/tilebench_run/ncu/matrix_copy/cutile_bf16 /projects/kzhou6/bcui2/env_software/miniconda3/envs/tilebench_env/bin/python /projects/kzhou6/bcui2/research/tilebench/Tilebench/tilebench_run/ncu_generic_harness.py,0.0191,0.0191
B200/cutile/matrix_copy/fp16,B200,cutile,matrix_copy,fp16,654bd36367e7c37db760422cde1de0789875cf704d60ce09228364acfbd5e59e,"{""N"":5120}",full,application,NVIDIA_B200/matrix_copy/cutile_fp16.ncu-rep,ef776ea4628df929d723e10dceb90598d9886be1e3f51ff3c1f56926e9c74afb,local_copy_sha256_identical_to_hf,bcui2/NCU_report@21037737b7e371d38f3d029367dc3967d5b31a23,matched,not_recorded,1,params+winner from NCU catalogue | B200 Triton/cuTile profiling source not recorded (developer_guide: Profiling inventory),ok,matrix_copy_kernel_Kt1_A1f16_1i16t1_p16_A1f16_1i16t1_p16_I1024,1,1,"{""occupancy"": 8, ""tile"": 1024}",2026.1.1.0 (build 37634170) (public-release),2026-Aug-13 19:05:49,13.2,/opt/nvidia/nsight-compute/2026.1.1/target/linux-desktop-glibc_2_11_3-x64/ncu --set full --import-source on --replay-mode application --cache-control none --app-replay-mode strict --profile-from-start off --kernel-name regex:^(?:matrix_copy_kernel) --launch-skip 0 --launch-count 1 --force-overwrite -o /projects/kzhou6/bcui2/research/tilebench/Tilebench/tilebench_run/ncu/matrix_copy/cutile_fp16 /projects/kzhou6/bcui2/env_software/miniconda3/envs/tilebench_env/bin/python /projects/kzhou6/bcui2/research/tilebench/Tilebench/tilebench_run/ncu_generic_harness.py,0.0193,0.0193
B200/cutile/matrix_copy/fp32,B200,cutile,matrix_copy,fp32,570d9eb8fbbe0b72e237eb53e3e2a0d6b7bcf2c23b4bf46dcf6d2dfbe409647c,"{""N"":5120}",full,application,NVIDIA_B200/matrix_copy/cutile_fp32.ncu-rep,758da3c7a685c2939341110eb8168b54edac11ee643444d4e8bffcc7eab3f541,local_copy_sha256_identical_to_hf,bcui2/NCU_report@21037737b7e371d38f3d029367dc3967d5b31a23,matched,not_recorded,1,params+winner from NCU catalogue | B200 Triton/cuTile profiling source not recorded (developer_guide: Profiling inventory),ok,matrix_copy_kernel_Kt1_A1f32_1i16t1_p16_A1f32_1i16t1_p16_I1024,1,1,"{""occupancy"": 16, ""tile"": 1024}",2026.1.1.0 (build 37634170) (public-release),2026-Aug-13 19:21:49,13.2,/opt/nvidia/nsight-compute/2026.1.1/target/linux-desktop-glibc_2_11_3-x64/ncu --set full --import-source on --replay-mode application --cache-control none --app-replay-mode strict --profile-from-start off --kernel-name regex:^(?:matrix_copy_kernel) --launch-skip 0 --launch-count 1 --force-overwrite -o /projects/kzhou6/bcui2/research/tilebench/Tilebench/tilebench_run/ncu/matrix_copy/cutile_fp32 /projects/kzhou6/bcui2/env_software/miniconda3/envs/tilebench_env/bin/python /projects/kzhou6/bcui2/research/tilebench/Tilebench/tilebench_run/ncu_generic_harness.py,0.0336,0.0334
B200/cutile/matrix_copy/int8,B200,cutile,matrix_copy,int8,a080a4296ea719dfb0bbcf89169f5e74ad7b7bda89023943ab06fabde67873bb,"{""N"":5120}",full,application,NVIDIA_B200/matrix_copy/cutile_int8.ncu-rep,98a9e92cdc0c9081b0bb8cb91f948beee38ba9a01f01c78b730689a4a0a4c13e,local_copy_sha256_identical_to_hf,bcui2/NCU_report@21037737b7e371d38f3d029367dc3967d5b31a23,matched,not_recorded,1,params+winner from NCU catalogue | B200 Triton/cuTile profiling source not recorded (developer_guide: Profiling inventory),ok,matrix_copy_kernel_Kt1_A1i8_1i16t1_p16_A1i8_1i16t1_p16_I2048,1,1,"{""occupancy"": 8, ""tile"": 2048}",2026.1.1.0 (build 37634170) (public-release),2026-Aug-13 19:29:49,13.2,/opt/nvidia/nsight-compute/2026.1.1/target/linux-desktop-glibc_2_11_3-x64/ncu --set full --import-source on --replay-mode application --cache-control none --app-replay-mode strict --profile-from-start off --kernel-name regex:^(?:matrix_copy_kernel) --launch-skip 0 --launch-count 1 --force-overwrite -o /projects/kzhou6/bcui2/research/tilebench/Tilebench/tilebench_run/ncu/matrix_copy/cutile_int8 /projects/kzhou6/bcui2/env_software/miniconda3/envs/tilebench_env/bin/python /projects/kzhou6/bcui2/research/tilebench/Tilebench/tilebench_run/ncu_generic_harness.py,0.0108,0.0155
B200/tilelang/matrix_copy/bf16,B200,tilelang,matrix_copy,bf16,e60a825c90e1f0c6bce5f17acb23ad2cafd06b98436c09a00169073e06d4997f,"{""N"":5120}",full,application,NVIDIA_B200/matrix_copy/tilelang_bf16.ncu-rep,5a46b35587bd0d0dc0ee61ced8ac5a68544bbe2a30da078dbacb26944e80641d,local_copy_sha256_identical_to_hf,bcui2/NCU_report@21037737b7e371d38f3d029367dc3967d5b31a23,matched,not_recorded,1,"params from the B200 NCU catalogue (HF PR #2: TileLang reports use the catalogued maximum input); winner from origin/archive/raw-logs-2026-09-18:results/B200/logs/autotune_logs/matrix_copy_tilelang_autotune.json | B200 TileLang reports (HF PR #2): source commit not stated; paper-era packages, recorded autotune winner, catalogued max input",ok,matrix_copy_kernel_kernel,,,"{""BLOCK_SIZE"": 4096, ""threads"": 256}",2026.1.1.0 (build 37634170) (public-release),2026-Oct-04 05:50:29,13.2,/opt/nvidia/nsight-compute/2026.1.1/target/linux-desktop-glibc_2_11_3-x64/ncu --profile-from-start off --cache-control none --replay-mode application --import-source on --force-overwrite --app-replay-mode strict --kernel-name regex:^(?:matrix_copy_kernel_kernel) --launch-count 1 --set full --metrics smsp__inst_executed.sum -o /home/arustagi/repos/Tilebench-profile-study/profile/matrix_copy/tilelang_ncu_dataset_cuda130_20261003_bf16/reports/full /scratch/arustagi/tilebench_pdf_env/bin/python /home/arustagi/repos/Tilebench-profile-study/profile/dsl_perf_study/tilelang_dataset_harness.py,0.0183,0.0191
B200/tilelang/matrix_copy/fp16,B200,tilelang,matrix_copy,fp16,654bd36367e7c37db760422cde1de0789875cf704d60ce09228364acfbd5e59e,"{""N"":5120}",full,application,NVIDIA_B200/matrix_copy/tilelang_fp16.ncu-rep,ac3d3ef32412fba742b6ee4aefae0dc06d83bc462730b9de72ff634e8005fd92,local_copy_sha256_identical_to_hf,bcui2/NCU_report@21037737b7e371d38f3d029367dc3967d5b31a23,matched,not_recorded,1,"params from the B200 NCU catalogue (HF PR #2: TileLang reports use the catalogued maximum input); winner from origin/archive/raw-logs-2026-09-18:results/B200/logs/autotune_logs/matrix_copy_tilelang_autotune.json | B200 TileLang reports (HF PR #2): source commit not stated; paper-era packages, recorded autotune winner, catalogued max input",ok,matrix_copy_kernel_kernel,,,"{""BLOCK_SIZE"": 2048, ""threads"": 128}",2026.1.1.0 (build 37634170) (public-release),2026-Oct-04 06:01:31,13.2,/opt/nvidia/nsight-compute/2026.1.1/target/linux-desktop-glibc_2_11_3-x64/ncu --profile-from-start off --cache-control none --replay-mode application --import-source on --force-overwrite --app-replay-mode strict --kernel-name regex:^(?:matrix_copy_kernel_kernel) --launch-count 1 --set full --metrics smsp__inst_executed.sum -o /home/arustagi/repos/Tilebench-profile-study/profile/matrix_copy/tilelang_ncu_dataset_cuda130_20261003_fp16/reports/full /scratch/arustagi/tilebench_pdf_env/bin/python /home/arustagi/repos/Tilebench-profile-study/profile/dsl_perf_study/tilelang_dataset_harness.py,0.0184,0.0193
B200/tilelang/matrix_copy/fp32,B200,tilelang,matrix_copy,fp32,570d9eb8fbbe0b72e237eb53e3e2a0d6b7bcf2c23b4bf46dcf6d2dfbe409647c,"{""N"":5120}",full,application,NVIDIA_B200/matrix_copy/tilelang_fp32.ncu-rep,8ce7914adffd7876bfe7ecfbcf7bcaa468744230925bb1fb254f265ff4b2eb3a,local_copy_sha256_identical_to_hf,bcui2/NCU_report@21037737b7e371d38f3d029367dc3967d5b31a23,matched,not_recorded,1,"params from the B200 NCU catalogue (HF PR #2: TileLang reports use the catalogued maximum input); winner from origin/archive/raw-logs-2026-09-18:results/B200/logs/autotune_logs/matrix_copy_tilelang_autotune.json | B200 TileLang reports (HF PR #2): source commit not stated; paper-era packages, recorded autotune winner, catalogued max input",ok,matrix_copy_kernel_kernel,,,"{""BLOCK_SIZE"": 2048, ""threads"": 256}",2026.1.1.0 (build 37634170) (public-release),2026-Oct-04 06:12:57,13.2,/opt/nvidia/nsight-compute/2026.1.1/target/linux-desktop-glibc_2_11_3-x64/ncu --profile-from-start off --cache-control none --replay-mode application --import-source on --force-overwrite --app-replay-mode strict --kernel-name regex:^(?:matrix_copy_kernel_kernel) --launch-count 1 --set full --metrics smsp__inst_executed.sum -o /home/arustagi/repos/Tilebench-profile-study/profile/matrix_copy/tilelang_ncu_dataset_cuda130_20261003_fp32/reports/full /scratch/arustagi/tilebench_pdf_env/bin/python /home/arustagi/repos/Tilebench-profile-study/profile/dsl_perf_study/tilelang_dataset_harness.py,0.0334,0.0334
B200/tilelang/matrix_copy/int8,B200,tilelang,matrix_copy,int8,a080a4296ea719dfb0bbcf89169f5e74ad7b7bda89023943ab06fabde67873bb,"{""N"":5120}",full,application,NVIDIA_B200/matrix_copy/tilelang_int8.ncu-rep,f5af437e7e6cce6be3034bef842eebe9131d4aa89fbdf21d65a11e095f942164,local_copy_sha256_identical_to_hf,bcui2/NCU_report@21037737b7e371d38f3d029367dc3967d5b31a23,matched,not_recorded,1,"params from the B200 NCU catalogue (HF PR #2: TileLang reports use the catalogued maximum input); winner from origin/archive/raw-logs-2026-09-18:results/B200/logs/autotune_logs/matrix_copy_tilelang_autotune.json | B200 TileLang reports (HF PR #2): source commit not stated; paper-era packages, recorded autotune winner, catalogued max input",ok,matrix_copy_kernel_kernel,,,"{""BLOCK_SIZE"": 4096, ""threads"": 128}",2026.1.1.0 (build 37634170) (public-release),2026-Oct-04 06:24:25,13.2,/opt/nvidia/nsight-compute/2026.1.1/target/linux-desktop-glibc_2_11_3-x64/ncu --profile-from-start off --cache-control none --replay-mode application --import-source on --force-overwrite --app-replay-mode strict --kernel-name regex:^(?:matrix_copy_kernel_kernel) --launch-count 1 --set full --metrics smsp__inst_executed.sum -o /home/arustagi/repos/Tilebench-profile-study/profile/matrix_copy/tilelang_ncu_dataset_cuda130_20261003_int8/reports/full /scratch/arustagi/tilebench_pdf_env/bin/python /home/arustagi/repos/Tilebench-profile-study/profile/dsl_perf_study/tilelang_dataset_harness.py,0.0103,0.0155
B200/triton/matrix_copy/bf16,B200,triton,matrix_copy,bf16,e60a825c90e1f0c6bce5f17acb23ad2cafd06b98436c09a00169073e06d4997f,"{""N"":5120}",full,application,NVIDIA_B200/matrix_copy/triton_bf16.ncu-rep,2babae9e524bd03e3de052cd2ad84d4b22fe370a92a394354414388495844d83,local_copy_sha256_identical_to_hf,bcui2/NCU_report@21037737b7e371d38f3d029367dc3967d5b31a23,matched,not_recorded,1,params+winner from NCU catalogue | B200 Triton/cuTile profiling source not recorded (developer_guide: Profiling inventory),ok,matrix_copy_kernel,1,1,"{""BLOCK_SIZE"": 1024, ""num_stages"": 2, ""num_warps"": 4}",2026.1.1.0 (build 37634170) (public-release),2026-Aug-13 19:09:47,13.2,/opt/nvidia/nsight-compute/2026.1.1/target/linux-desktop-glibc_2_11_3-x64/ncu --set full --import-source on --replay-mode application --cache-control none --app-replay-mode strict --profile-from-start off --kernel-name regex:^(?:matrix_copy_kernel) --launch-skip 0 --launch-count 1 --force-overwrite -o /projects/kzhou6/bcui2/research/tilebench/Tilebench/tilebench_run/ncu/matrix_copy/triton_bf16 /projects/kzhou6/bcui2/env_software/miniconda3/envs/tilebench_env/bin/python /projects/kzhou6/bcui2/research/tilebench/Tilebench/tilebench_run/ncu_generic_harness.py,0.0188,0.0191
B200/triton/matrix_copy/fp16,B200,triton,matrix_copy,fp16,654bd36367e7c37db760422cde1de0789875cf704d60ce09228364acfbd5e59e,"{""N"":5120}",full,application,NVIDIA_B200/matrix_copy/triton_fp16.ncu-rep,40b9c5b1f22ff1ae73feb904d43821b49286b46839deeeed3de20eeb9fc2c387,local_copy_sha256_identical_to_hf,bcui2/NCU_report@21037737b7e371d38f3d029367dc3967d5b31a23,matched,not_recorded,1,params+winner from NCU catalogue | B200 Triton/cuTile profiling source not recorded (developer_guide: Profiling inventory),ok,matrix_copy_kernel,1,1,"{""BLOCK_SIZE"": 1024, ""num_stages"": 1, ""num_warps"": 4}",2026.1.1.0 (build 37634170) (public-release),2026-Aug-13 19:01:47,13.2,/opt/nvidia/nsight-compute/2026.1.1/target/linux-desktop-glibc_2_11_3-x64/ncu --set full --import-source on --replay-mode application --cache-control none --app-replay-mode strict --profile-from-start off --kernel-name regex:^(?:matrix_copy_kernel) --launch-skip 0 --launch-count 1 --force-overwrite -o /projects/kzhou6/bcui2/research/tilebench/Tilebench/tilebench_run/ncu/matrix_copy/triton_fp16 /projects/kzhou6/bcui2/env_software/miniconda3/envs/tilebench_env/bin/python /projects/kzhou6/bcui2/research/tilebench/Tilebench/tilebench_run/ncu_generic_harness.py,0.0191,0.0193
B200/triton/matrix_copy/fp32,B200,triton,matrix_copy,fp32,570d9eb8fbbe0b72e237eb53e3e2a0d6b7bcf2c23b4bf46dcf6d2dfbe409647c,"{""N"":5120}",full,application,NVIDIA_B200/matrix_copy/triton_fp32.ncu-rep,5ef912dde076c3a6811434920bb994ac741dbe89508cb3f083e3601499375f11,local_copy_sha256_identical_to_hf,bcui2/NCU_report@21037737b7e371d38f3d029367dc3967d5b31a23,matched,not_recorded,1,params+winner from NCU catalogue | B200 Triton/cuTile profiling source not recorded (developer_guide: Profiling inventory),ok,matrix_copy_kernel,1,1,"{""BLOCK_SIZE"": 4096, ""num_stages"": 1, ""num_warps"": 4}",2026.1.1.0 (build 37634170) (public-release),2026-Aug-13 19:17:50,13.2,/opt/nvidia/nsight-compute/2026.1.1/target/linux-desktop-glibc_2_11_3-x64/ncu --set full --import-source on --replay-mode application --cache-control none --app-replay-mode strict --profile-from-start off --kernel-name regex:^(?:matrix_copy_kernel) --launch-skip 0 --launch-count 1 --force-overwrite -o /projects/kzhou6/bcui2/research/tilebench/Tilebench/tilebench_run/ncu/matrix_copy/triton_fp32 /projects/kzhou6/bcui2/env_software/miniconda3/envs/tilebench_env/bin/python /projects/kzhou6/bcui2/research/tilebench/Tilebench/tilebench_run/ncu_generic_harness.py,0.0339,0.0334
B200/triton/matrix_copy/int8,B200,triton,matrix_copy,int8,a080a4296ea719dfb0bbcf89169f5e74ad7b7bda89023943ab06fabde67873bb,"{""N"":5120}",full,application,NVIDIA_B200/matrix_copy/triton_int8.ncu-rep,451349b25fc644de6d268f9210b5e31074ea40ed57f3961682e3c3d76772ce36,local_copy_sha256_identical_to_hf,bcui2/NCU_report@21037737b7e371d38f3d029367dc3967d5b31a23,matched,not_recorded,1,params+winner from NCU catalogue | B200 Triton/cuTile profiling source not recorded (developer_guide: Profiling inventory),ok,matrix_copy_kernel,1,1,"{""BLOCK_SIZE"": 2048, ""num_stages"": 2, ""num_warps"": 4}",2026.1.1.0 (build 37634170) (public-release),2026-Aug-13 19:25:53,13.2,/opt/nvidia/nsight-compute/2026.1.1/target/linux-desktop-glibc_2_11_3-x64/ncu --set full --import-source on --replay-mode application --cache-control none --app-replay-mode strict --profile-from-start off --kernel-name regex:^(?:matrix_copy_kernel) --launch-skip 0 --launch-count 1 --force-overwrite -o /projects/kzhou6/bcui2/research/tilebench/Tilebench/tilebench_run/ncu/matrix_copy/triton_int8 /projects/kzhou6/bcui2/env_software/miniconda3/envs/tilebench_env/bin/python /projects/kzhou6/bcui2/research/tilebench/Tilebench/tilebench_run/ncu_generic_harness.py,0.0106,0.0155
B200/cutile/matrix_transpose/bf16,B200,cutile,matrix_transpose,bf16,cfb07213f399d8eac04441a96551a1e9530dec498b7f33a7455b8c6fb1dadcac,"{""m"":4096,""n"":20480}",full,application,NVIDIA_B200/matrix_transpose/cutile_bf16.ncu-rep,38e30f978d10205dc69c3ecae9fe69b414d6a4eb1331df292369e7753f5e1590,local_copy_sha256_identical_to_hf,bcui2/NCU_report@21037737b7e371d38f3d029367dc3967d5b31a23,matched,not_recorded,1,params+winner from NCU catalogue | B200 Triton/cuTile profiling source not recorded (developer_guide: Profiling inventory),ok,transpose_kernel_Kt1_A2bf16_1v8l0_2t1_3i16_p16_A2bf16_1v8l0_2t1_3i16_p16_I128,1,1,"{""occupancy"": 32, ""tile"": 128}",2026.1.1.0 (build 37634170) (public-release),2026-Aug-13 18:33:23,13.2,/opt/nvidia/nsight-compute/2026.1.1/target/linux-desktop-glibc_2_11_3-x64/ncu --set full --import-source on --replay-mode application --cache-control none --app-replay-mode strict --profile-from-start off --kernel-name regex:^(?:transpose_kernel) --launch-skip 0 --launch-count 1 --force-overwrite -o /projects/kzhou6/bcui2/research/tilebench/Tilebench/tilebench_run/ncu/matrix_transpose/cutile_bf16 /projects/kzhou6/bcui2/env_software/miniconda3/envs/tilebench_env/bin/python /projects/kzhou6/bcui2/research/tilebench/Tilebench/tilebench_run/ncu_generic_harness.py,0.0544,0.3569
B200/cutile/matrix_transpose/fp16,B200,cutile,matrix_transpose,fp16,4b6891116f904e9ebc1a350ffcc08c0bd9bd620d4769cb792e37a3a07d972bac,"{""m"":4096,""n"":20480}",full,application,NVIDIA_B200/matrix_transpose/cutile_fp16.ncu-rep,ede4c8d03d104ecb4ba91fda7a02b9bedc46ff4c5f43d453c87a030f15137cee,local_copy_sha256_identical_to_hf,bcui2/NCU_report@21037737b7e371d38f3d029367dc3967d5b31a23,matched,not_recorded,1,params+winner from NCU catalogue | B200 Triton/cuTile profiling source not recorded (developer_guide: Profiling inventory),ok,transpose_kernel_Kt1_A2f16_1v8l0_2t1_3i16_p16_A2f16_1v8l0_2t1_3i16_p16_I128,1,1,"{""occupancy"": 4, ""tile"": 128}",2026.1.1.0 (build 37634170) (public-release),2026-Aug-13 18:25:27,13.2,/opt/nvidia/nsight-compute/2026.1.1/target/linux-desktop-glibc_2_11_3-x64/ncu --set full --import-source on --replay-mode application --cache-control none --app-replay-mode strict --profile-from-start off --kernel-name regex:^(?:transpose_kernel) --launch-skip 0 --launch-count 1 --force-overwrite -o /projects/kzhou6/bcui2/research/tilebench/Tilebench/tilebench_run/ncu/matrix_transpose/cutile_fp16 /projects/kzhou6/bcui2/env_software/miniconda3/envs/tilebench_env/bin/python /projects/kzhou6/bcui2/research/tilebench/Tilebench/tilebench_run/ncu_generic_harness.py,0.0541,0.3574
B200/cutile/matrix_transpose/fp32,B200,cutile,matrix_transpose,fp32,ef6fdd13ac674f4a711abc90bce71d455127995388f1c1b714a08411ca385739,"{""m"":4096,""n"":20480}",full,application,NVIDIA_B200/matrix_transpose/cutile_fp32.ncu-rep,6aa719c2f431197bac005a4795fd98f70b3581522565a15b4d5e2d2e1f7813c9,local_copy_sha256_identical_to_hf,bcui2/NCU_report@21037737b7e371d38f3d029367dc3967d5b31a23,matched,not_recorded,1,params+winner from NCU catalogue | B200 Triton/cuTile profiling source not recorded (developer_guide: Profiling inventory),ok,transpose_kernel_Kt1_A2f32_1v4l0_2t1_3i16_p16_A2f32_1v4l0_2t1_3i16_p16_I64,1,1,"{""occupancy"": 32, ""tile"": 64}",2026.1.1.0 (build 37634170) (public-release),2026-Aug-13 18:41:09,13.2,/opt/nvidia/nsight-compute/2026.1.1/target/linux-desktop-glibc_2_11_3-x64/ncu --set full --import-source on --replay-mode application --cache-control none --app-replay-mode strict --profile-from-start off --kernel-name regex:^(?:transpose_kernel) --launch-skip 0 --launch-count 1 --force-overwrite -o /projects/kzhou6/bcui2/research/tilebench/Tilebench/tilebench_run/ncu/matrix_transpose/cutile_fp32 /projects/kzhou6/bcui2/env_software/miniconda3/envs/tilebench_env/bin/python /projects/kzhou6/bcui2/research/tilebench/Tilebench/tilebench_run/ncu_generic_harness.py,0.1040,0.3883
B200/cutile/matrix_transpose/int8,B200,cutile,matrix_transpose,int8,b0a9def73f520aa90a925f176923718a10e6705991b6e536172684901f2c754c,"{""m"":4096,""n"":20480}",full,application,NVIDIA_B200/matrix_transpose/cutile_int8.ncu-rep,002e948df68cb6e6a410278cd78a3e23ceabcc0abb956fda580b21d73f8f147f,local_copy_sha256_identical_to_hf,bcui2/NCU_report@21037737b7e371d38f3d029367dc3967d5b31a23,matched,not_recorded,1,params+winner from NCU catalogue | B200 Triton/cuTile profiling source not recorded (developer_guide: Profiling inventory),ok,transpose_kernel_Kt1_A2i8_1v16l0_2t1_3i16_p16_A2i8_1v16l0_2t1_3i16_p16_I128,1,1,"{""occupancy"": 8, ""tile"": 128}",2026.1.1.0 (build 37634170) (public-release),2026-Aug-13 18:49:04,13.2,/opt/nvidia/nsight-compute/2026.1.1/target/linux-desktop-glibc_2_11_3-x64/ncu --set full --import-source on --replay-mode application --cache-control none --app-replay-mode strict --profile-from-start off --kernel-name regex:^(?:transpose_kernel) --launch-skip 0 --launch-count 1 --force-overwrite -o /projects/kzhou6/bcui2/research/tilebench/Tilebench/tilebench_run/ncu/matrix_transpose/cutile_int8 /projects/kzhou6/bcui2/env_software/miniconda3/envs/tilebench_env/bin/python /projects/kzhou6/bcui2/research/tilebench/Tilebench/tilebench_run/ncu_generic_harness.py,0.0301,0.3460
B200/tilelang/matrix_transpose/bf16,B200,tilelang,matrix_transpose,bf16,cfb07213f399d8eac04441a96551a1e9530dec498b7f33a7455b8c6fb1dadcac,"{""m"":4096,""n"":20480}",full,application,NVIDIA_B200/matrix_transpose/tilelang_bf16.ncu-rep,a75ce6168c6a1fecc114b5d1f858ec174eee340897278048f5e5b36add340b6c,local_copy_sha256_identical_to_hf,bcui2/NCU_report@21037737b7e371d38f3d029367dc3967d5b31a23,matched,not_recorded,1,"params from the B200 NCU catalogue (HF PR #2: TileLang reports use the catalogued maximum input); winner from origin/archive/raw-logs-2026-09-18:results/B200/logs/autotune_logs/matrix_transpose_tilelang_autotune.json | B200 TileLang reports (HF PR #2): source commit not stated; paper-era packages, recorded autotune winner, catalogued max input",ok,matrix_transpose_kernel_kernel,,,"{""BLOCK_TILE"": 128, ""threads"": 128}",2026.1.1.0 (build 37634170) (public-release),2026-Oct-04 06:36:00,13.2,/opt/nvidia/nsight-compute/2026.1.1/target/linux-desktop-glibc_2_11_3-x64/ncu --profile-from-start off --cache-control none --replay-mode application --import-source on --force-overwrite --app-replay-mode strict --kernel-name regex:^(?:matrix_transpose_kernel_kernel) --launch-count 1 --set full --metrics smsp__inst_executed.sum -o /home/arustagi/repos/Tilebench-profile-study/profile/matrix_transpose/tilelang_ncu_dataset_cuda130_20261003_bf16/reports/full /scratch/arustagi/tilebench_pdf_env/bin/python /home/arustagi/repos/Tilebench-profile-study/profile/dsl_perf_study/tilelang_dataset_harness.py,0.0594,0.3569
B200/tilelang/matrix_transpose/fp16,B200,tilelang,matrix_transpose,fp16,4b6891116f904e9ebc1a350ffcc08c0bd9bd620d4769cb792e37a3a07d972bac,"{""m"":4096,""n"":20480}",full,application,NVIDIA_B200/matrix_transpose/tilelang_fp16.ncu-rep,65b99446a6a0dd319340bec4034608f49dcc89653ca280f9b2c6ecfaf6ace68c,local_copy_sha256_identical_to_hf,bcui2/NCU_report@21037737b7e371d38f3d029367dc3967d5b31a23,matched,not_recorded,1,"params from the B200 NCU catalogue (HF PR #2: TileLang reports use the catalogued maximum input); winner from origin/archive/raw-logs-2026-09-18:results/B200/logs/autotune_logs/matrix_transpose_tilelang_autotune.json | B200 TileLang reports (HF PR #2): source commit not stated; paper-era packages, recorded autotune winner, catalogued max input",ok,matrix_transpose_kernel_kernel,,,"{""BLOCK_TILE"": 128, ""threads"": 128}",2026.1.1.0 (build 37634170) (public-release),2026-Oct-04 06:47:26,13.2,/opt/nvidia/nsight-compute/2026.1.1/target/linux-desktop-glibc_2_11_3-x64/ncu --profile-from-start off --cache-control none --replay-mode application --import-source on --force-overwrite --app-replay-mode strict --kernel-name regex:^(?:matrix_transpose_kernel_kernel) --launch-count 1 --set full --metrics smsp__inst_executed.sum -o /home/arustagi/repos/Tilebench-profile-study/profile/matrix_transpose/tilelang_ncu_dataset_cuda130_20261003_fp16/reports/full /scratch/arustagi/tilebench_pdf_env/bin/python /home/arustagi/repos/Tilebench-profile-study/profile/dsl_perf_study/tilelang_dataset_harness.py,0.0594,0.3574
B200/tilelang/matrix_transpose/fp32,B200,tilelang,matrix_transpose,fp32,ef6fdd13ac674f4a711abc90bce71d455127995388f1c1b714a08411ca385739,"{""m"":4096,""n"":20480}",full,application,NVIDIA_B200/matrix_transpose/tilelang_fp32.ncu-rep,b31826acb6dd38a3ed78fc6baed666b801cf69f80865c72de6c47acdc73edeec,local_copy_sha256_identical_to_hf,bcui2/NCU_report@21037737b7e371d38f3d029367dc3967d5b31a23,matched,not_recorded,1,"params from the B200 NCU catalogue (HF PR #2: TileLang reports use the catalogued maximum input); winner from origin/archive/raw-logs-2026-09-18:results/B200/logs/autotune_logs/matrix_transpose_tilelang_autotune.json | B200 TileLang reports (HF PR #2): source commit not stated; paper-era packages, recorded autotune winner, catalogued max input",ok,matrix_transpose_kernel_kernel,,,"{""BLOCK_TILE"": 32, ""threads"": 128}",2026.1.1.0 (build 37634170) (public-release),2026-Oct-04 06:58:43,13.2,/opt/nvidia/nsight-compute/2026.1.1/target/linux-desktop-glibc_2_11_3-x64/ncu --profile-from-start off --cache-control none --replay-mode application --import-source on --force-overwrite --app-replay-mode strict --kernel-name regex:^(?:matrix_transpose_kernel_kernel) --launch-count 1 --set full --metrics smsp__inst_executed.sum -o /home/arustagi/repos/Tilebench-profile-study/profile/matrix_transpose/tilelang_ncu_dataset_cuda130_20261003_fp32/reports/full /scratch/arustagi/tilebench_pdf_env/bin/python /home/arustagi/repos/Tilebench-profile-study/profile/dsl_perf_study/tilelang_dataset_harness.py,0.1052,0.3883
B200/tilelang/matrix_transpose/int8,B200,tilelang,matrix_transpose,int8,b0a9def73f520aa90a925f176923718a10e6705991b6e536172684901f2c754c,"{""m"":4096,""n"":20480}",full,application,NVIDIA_B200/matrix_transpose/tilelang_int8.ncu-rep,11b67116b19eb792b3ffbd5aa795bcc938deb0d2b401ccc52589584f71f2a2e3,local_copy_sha256_identical_to_hf,bcui2/NCU_report@21037737b7e371d38f3d029367dc3967d5b31a23,matched,not_recorded,1,"params from the B200 NCU catalogue (HF PR #2: TileLang reports use the catalogued maximum input); winner from origin/archive/raw-logs-2026-09-18:results/B200/logs/autotune_logs/matrix_transpose_tilelang_autotune.json | B200 TileLang reports (HF PR #2): source commit not stated; paper-era packages, recorded autotune winner, catalogued max input",ok,matrix_transpose_kernel_kernel,,,"{""BLOCK_TILE"": 64, ""threads"": 128}",2026.1.1.0 (build 37634170) (public-release),2026-Oct-04 07:10:07,13.2,/opt/nvidia/nsight-compute/2026.1.1/target/linux-desktop-glibc_2_11_3-x64/ncu --profile-from-start off --cache-control none --replay-mode application --import-source on --force-overwrite --app-replay-mode strict --kernel-name regex:^(?:matrix_transpose_kernel_kernel) --launch-count 1 --set full --metrics smsp__inst_executed.sum -o /home/arustagi/repos/Tilebench-profile-study/profile/matrix_transpose/tilelang_ncu_dataset_cuda130_20261003_int8/reports/full /scratch/arustagi/tilebench_pdf_env/bin/python /home/arustagi/repos/Tilebench-profile-study/profile/dsl_perf_study/tilelang_dataset_harness.py,0.0609,0.3460
B200/triton/matrix_transpose/bf16,B200,triton,matrix_transpose,bf16,cfb07213f399d8eac04441a96551a1e9530dec498b7f33a7455b8c6fb1dadcac,"{""m"":4096,""n"":20480}",full,application,NVIDIA_B200/matrix_transpose/triton_bf16.ncu-rep,fef36cdaeb0bf2c5a64de9b05e4ca517dadb60beee004d729e11b63d032e48bc,local_copy_sha256_identical_to_hf,bcui2/NCU_report@21037737b7e371d38f3d029367dc3967d5b31a23,matched,not_recorded,1,params+winner from NCU catalogue | B200 Triton/cuTile profiling source not recorded (developer_guide: Profiling inventory),ok,transpose_kernel,1,1,"{""BLOCK_TILE"": 64, ""num_warps"": 8}",2026.1.1.0 (build 37634170) (public-release),2026-Aug-13 18:29:28,13.2,/opt/nvidia/nsight-compute/2026.1.1/target/linux-desktop-glibc_2_11_3-x64/ncu --set full --import-source on --replay-mode application --cache-control none --app-replay-mode strict --profile-from-start off --kernel-name regex:^(?:transpose_kernel) --launch-skip 0 --launch-count 1 --force-overwrite -o /projects/kzhou6/bcui2/research/tilebench/Tilebench/tilebench_run/ncu/matrix_transpose/triton_bf16 /projects/kzhou6/bcui2/env_software/miniconda3/envs/tilebench_env/bin/python /projects/kzhou6/bcui2/research/tilebench/Tilebench/tilebench_run/ncu_generic_harness.py,0.0546,0.3569
B200/triton/matrix_transpose/fp16,B200,triton,matrix_transpose,fp16,4b6891116f904e9ebc1a350ffcc08c0bd9bd620d4769cb792e37a3a07d972bac,"{""m"":4096,""n"":20480}",full,application,NVIDIA_B200/matrix_transpose/triton_fp16.ncu-rep,e091be4ccc03d1c6b95b1b7a13a5fb9c04acc48b27b38519be1e1b53877c0eeb,local_copy_sha256_identical_to_hf,bcui2/NCU_report@21037737b7e371d38f3d029367dc3967d5b31a23,matched,not_recorded,1,params+winner from NCU catalogue | B200 Triton/cuTile profiling source not recorded (developer_guide: Profiling inventory),ok,transpose_kernel,1,1,"{""BLOCK_TILE"": 64, ""num_warps"": 8}",2026.1.1.0 (build 37634170) (public-release),2026-Aug-13 18:21:32,13.2,/opt/nvidia/nsight-compute/2026.1.1/target/linux-desktop-glibc_2_11_3-x64/ncu --set full --import-source on --replay-mode application --cache-control none --app-replay-mode strict --profile-from-start off --kernel-name regex:^(?:transpose_kernel) --launch-skip 0 --launch-count 1 --force-overwrite -o /projects/kzhou6/bcui2/research/tilebench/Tilebench/tilebench_run/ncu/matrix_transpose/triton_fp16 /projects/kzhou6/bcui2/env_software/miniconda3/envs/tilebench_env/bin/python /projects/kzhou6/bcui2/research/tilebench/Tilebench/tilebench_run/ncu_generic_harness.py,0.0541,0.3574
B200/triton/matrix_transpose/fp32,B200,triton,matrix_transpose,fp32,ef6fdd13ac674f4a711abc90bce71d455127995388f1c1b714a08411ca385739,"{""m"":4096,""n"":20480}",full,application,NVIDIA_B200/matrix_transpose/triton_fp32.ncu-rep,e7b0d98e9221d30e192093e90923790a677ee612ab80466cbb03c2035ff2b0ab,local_copy_sha256_identical_to_hf,bcui2/NCU_report@21037737b7e371d38f3d029367dc3967d5b31a23,matched,not_recorded,1,params+winner from NCU catalogue | B200 Triton/cuTile profiling source not recorded (developer_guide: Profiling inventory),ok,transpose_kernel,1,1,"{""BLOCK_TILE"": 64, ""num_warps"": 8}",2026.1.1.0 (build 37634170) (public-release),2026-Aug-13 18:37:16,13.2,/opt/nvidia/nsight-compute/2026.1.1/target/linux-desktop-glibc_2_11_3-x64/ncu --set full --import-source on --replay-mode application --cache-control none --app-replay-mode strict --profile-from-start off --kernel-name regex:^(?:transpose_kernel) --launch-skip 0 --launch-count 1 --force-overwrite -o /projects/kzhou6/bcui2/research/tilebench/Tilebench/tilebench_run/ncu/matrix_transpose/triton_fp32 /projects/kzhou6/bcui2/env_software/miniconda3/envs/tilebench_env/bin/python /projects/kzhou6/bcui2/research/tilebench/Tilebench/tilebench_run/ncu_generic_harness.py,0.1038,0.3883
B200/triton/matrix_transpose/int8,B200,triton,matrix_transpose,int8,b0a9def73f520aa90a925f176923718a10e6705991b6e536172684901f2c754c,"{""m"":4096,""n"":20480}",full,application,NVIDIA_B200/matrix_transpose/triton_int8.ncu-rep,488a54e7ff5ef7dc836610940c20d16276966b2eac88a7a3ec36d614995a466e,local_copy_sha256_identical_to_hf,bcui2/NCU_report@21037737b7e371d38f3d029367dc3967d5b31a23,matched,not_recorded,1,params+winner from NCU catalogue | B200 Triton/cuTile profiling source not recorded (developer_guide: Profiling inventory),ok,transpose_kernel,1,1,"{""BLOCK_TILE"": 128, ""num_warps"": 8}",2026.1.1.0 (build 37634170) (public-release),2026-Aug-13 18:45:03,13.2,/opt/nvidia/nsight-compute/2026.1.1/target/linux-desktop-glibc_2_11_3-x64/ncu --set full --import-source on --replay-mode application --cache-control none --app-replay-mode strict --profile-from-start off --kernel-name regex:^(?:transpose_kernel) --launch-skip 0 --launch-count 1 --force-overwrite -o /projects/kzhou6/bcui2/research/tilebench/Tilebench/tilebench_run/ncu/matrix_transpose/triton_int8 /projects/kzhou6/bcui2/env_software/miniconda3/envs/tilebench_env/bin/python /projects/kzhou6/bcui2/research/tilebench/Tilebench/tilebench_run/ncu_generic_harness.py,0.0306,0.3460
B200/cutile/mean_reduction/bf16,B200,cutile,mean_reduction,bf16,9f24575e61ed017395356522ca79472e82dfa19477a51e54b698538d396c4b65,"{""M"":2048,""N"":20480}",full,application,NVIDIA_B200/mean_reduction/cutile_bf16.ncu-rep,dce70deb0dbcd7d51ad1dfd5e0b2d03df394b03413cb6027c1db5c3e3be857b9,local_copy_sha256_identical_to_hf,bcui2/NCU_report@21037737b7e371d38f3d029367dc3967d5b31a23,matched,not_recorded,1,params+winner from NCU catalogue | B200 Triton/cuTile profiling source not recorded (developer_guide: Profiling inventory),ok,mean_rowwise_kernel_Kt1_A2bf16_1v8l0_2t1_3i16_p16_A2f32_1i16_3t1_p16_I20480_I1024,1,1,"{""occupancy"": 16, ""tile_size"": 1024}",2026.1.1.0 (build 37634170) (public-release),2026-Aug-13 20:33:53,13.2,/opt/nvidia/nsight-compute/2026.1.1/target/linux-desktop-glibc_2_11_3-x64/ncu --set full --import-source on --replay-mode application --cache-control none --app-replay-mode strict --profile-from-start off --kernel-name regex:^(?:mean_rowwise_kernel) --launch-skip 0 --launch-count 1 --force-overwrite -o /projects/kzhou6/bcui2/research/tilebench/Tilebench/tilebench_run/ncu/mean_reduction/cutile_bf16 /projects/kzhou6/bcui2/env_software/miniconda3/envs/tilebench_env/bin/python /projects/kzhou6/bcui2/research/tilebench/Tilebench/tilebench_run/ncu_generic_harness.py,0.0225,0.0275
B200/cutile/mean_reduction/fp16,B200,cutile,mean_reduction,fp16,a6091e10b4db17d1dbbb3bd9bbc1fa977457529183eb15e270e6b2aec1f871f2,"{""M"":2048,""N"":20480}",full,application,NVIDIA_B200/mean_reduction/cutile_fp16.ncu-rep,c76efe2877a3eb41dad100a8ecf0426a37cdebfde53814da9bc3f370953da869,local_copy_sha256_identical_to_hf,bcui2/NCU_report@21037737b7e371d38f3d029367dc3967d5b31a23,matched,not_recorded,1,params+winner from NCU catalogue | B200 Triton/cuTile profiling source not recorded (developer_guide: Profiling inventory),ok,mean_rowwise_kernel_Kt1_A2f16_1v8l0_2t1_3i16_p16_A2f32_1i16_3t1_p16_I20480_I512,1,1,"{""occupancy"": 4, ""tile_size"": 512}",2026.1.1.0 (build 37634170) (public-release),2026-Aug-13 20:26:30,13.2,/opt/nvidia/nsight-compute/2026.1.1/target/linux-desktop-glibc_2_11_3-x64/ncu --set full --import-source on --replay-mode application --cache-control none --app-replay-mode strict --profile-from-start off --kernel-name regex:^(?:mean_rowwise_kernel) --launch-skip 0 --launch-count 1 --force-overwrite -o /projects/kzhou6/bcui2/research/tilebench/Tilebench/tilebench_run/ncu/mean_reduction/cutile_fp16 /projects/kzhou6/bcui2/env_software/miniconda3/envs/tilebench_env/bin/python /projects/kzhou6/bcui2/research/tilebench/Tilebench/tilebench_run/ncu_generic_harness.py,0.0207,0.0276
B200/cutile/mean_reduction/fp32,B200,cutile,mean_reduction,fp32,d22b4722c17c29bcb4808815bc4ab0165de7e0805b5fc2c57f1d34c90dd8bb0d,"{""M"":2048,""N"":20480}",full,application,NVIDIA_B200/mean_reduction/cutile_fp32.ncu-rep,a3561b105a46975aba60440089a116641f6e537a0f1f5d079355dab06e2ec345,local_copy_sha256_identical_to_hf,bcui2/NCU_report@21037737b7e371d38f3d029367dc3967d5b31a23,matched,not_recorded,1,params+winner from NCU catalogue | B200 Triton/cuTile profiling source not recorded (developer_guide: Profiling inventory),ok,mean_rowwise_kernel_Kt1_A2f32_1v4l0_2t1_3i16_p16_A2f32_1i16_3t1_p16_I20480_I1024,1,1,"{""occupancy"": 16, ""tile_size"": 1024}",2026.1.1.0 (build 37634170) (public-release),2026-Aug-13 20:41:02,13.2,/opt/nvidia/nsight-compute/2026.1.1/target/linux-desktop-glibc_2_11_3-x64/ncu --set full --import-source on --replay-mode application --cache-control none --app-replay-mode strict --profile-from-start off --kernel-name regex:^(?:mean_rowwise_kernel) --launch-skip 0 --launch-count 1 --force-overwrite -o /projects/kzhou6/bcui2/research/tilebench/Tilebench/tilebench_run/ncu/mean_reduction/cutile_fp32 /projects/kzhou6/bcui2/env_software/miniconda3/envs/tilebench_env/bin/python /projects/kzhou6/bcui2/research/tilebench/Tilebench/tilebench_run/ncu_generic_harness.py,0.0359,0.0445
B200/tilelang/mean_reduction/bf16,B200,tilelang,mean_reduction,bf16,9f24575e61ed017395356522ca79472e82dfa19477a51e54b698538d396c4b65,"{""M"":2048,""N"":20480}",full,application,NVIDIA_B200/mean_reduction/tilelang_bf16.ncu-rep,d41269fa80416a90ecb6bba5e93620e5c3befa7185202a44d6e184f36d3b02aa,local_copy_sha256_identical_to_hf,bcui2/NCU_report@21037737b7e371d38f3d029367dc3967d5b31a23,matched,not_recorded,1,"params from the B200 NCU catalogue (HF PR #2: TileLang reports use the catalogued maximum input); winner from origin/archive/raw-logs-2026-09-18:results/B200/logs/autotune_logs/mean_reduction_tilelang_autotune.json | B200 TileLang reports (HF PR #2): source commit not stated; paper-era packages, recorded autotune winner, catalogued max input",ok,mean_reduction_kernel_kernel,,,"{""BLOCK_N"": 2048, ""num_stages"": 3, ""threads"": 256}",2026.1.1.0 (build 37634170) (public-release),2026-Oct-04 07:21:06,13.2,/opt/nvidia/nsight-compute/2026.1.1/target/linux-desktop-glibc_2_11_3-x64/ncu --profile-from-start off --cache-control none --replay-mode application --import-source on --force-overwrite --app-replay-mode strict --kernel-name regex:^(?:mean_reduction_kernel_kernel) --launch-count 1 --set full --metrics smsp__inst_executed.sum -o /home/arustagi/repos/Tilebench-profile-study/profile/mean_reduction/tilelang_ncu_dataset_cuda130_20261003_bf16/reports/full /scratch/arustagi/tilebench_pdf_env/bin/python /home/arustagi/repos/Tilebench-profile-study/profile/dsl_perf_study/tilelang_dataset_harness.py,0.0184,0.0275
B200/tilelang/mean_reduction/fp16,B200,tilelang,mean_reduction,fp16,a6091e10b4db17d1dbbb3bd9bbc1fa977457529183eb15e270e6b2aec1f871f2,"{""M"":2048,""N"":20480}",full,application,NVIDIA_B200/mean_reduction/tilelang_fp16.ncu-rep,69da2222b3c052b07434907fc144cab5a2f933b72898178d3f62b3dd80612c33,local_copy_sha256_identical_to_hf,bcui2/NCU_report@21037737b7e371d38f3d029367dc3967d5b31a23,matched,not_recorded,1,"params from the B200 NCU catalogue (HF PR #2: TileLang reports use the catalogued maximum input); winner from origin/archive/raw-logs-2026-09-18:results/B200/logs/autotune_logs/mean_reduction_tilelang_autotune.json | B200 TileLang reports (HF PR #2): source commit not stated; paper-era packages, recorded autotune winner, catalogued max input",ok,mean_reduction_kernel_kernel,,,"{""BLOCK_N"": 512, ""num_stages"": 2, ""threads"": 256}",2026.1.1.0 (build 37634170) (public-release),2026-Oct-04 07:32:04,13.2,/opt/nvidia/nsight-compute/2026.1.1/target/linux-desktop-glibc_2_11_3-x64/ncu --profile-from-start off --cache-control none --replay-mode application --import-source on --force-overwrite --app-replay-mode strict --kernel-name regex:^(?:mean_reduction_kernel_kernel) --launch-count 1 --set full --metrics smsp__inst_executed.sum -o /home/arustagi/repos/Tilebench-profile-study/profile/mean_reduction/tilelang_ncu_dataset_cuda130_20261003_fp16/reports/full /scratch/arustagi/tilebench_pdf_env/bin/python /home/arustagi/repos/Tilebench-profile-study/profile/dsl_perf_study/tilelang_dataset_harness.py,0.0192,0.0276
B200/tilelang/mean_reduction/fp32,B200,tilelang,mean_reduction,fp32,d22b4722c17c29bcb4808815bc4ab0165de7e0805b5fc2c57f1d34c90dd8bb0d,"{""M"":2048,""N"":20480}",full,application,NVIDIA_B200/mean_reduction/tilelang_fp32.ncu-rep,46658e67d2cd5dc0e65d9da05a931a76d8bf113a228802250901f8732197ed97,local_copy_sha256_identical_to_hf,bcui2/NCU_report@21037737b7e371d38f3d029367dc3967d5b31a23,matched,not_recorded,1,"params from the B200 NCU catalogue (HF PR #2: TileLang reports use the catalogued maximum input); winner from origin/archive/raw-logs-2026-09-18:results/B200/logs/autotune_logs/mean_reduction_tilelang_autotune.json | B200 TileLang reports (HF PR #2): source commit not stated; paper-era packages, recorded autotune winner, catalogued max input",ok,mean_reduction_kernel_kernel,,,"{""BLOCK_N"": 1024, ""num_stages"": 3, ""threads"": 256}",2026.1.1.0 (build 37634170) (public-release),2026-Oct-04 07:43:27,13.2,/opt/nvidia/nsight-compute/2026.1.1/target/linux-desktop-glibc_2_11_3-x64/ncu --profile-from-start off --cache-control none --replay-mode application --import-source on --force-overwrite --app-replay-mode strict --kernel-name regex:^(?:mean_reduction_kernel_kernel) --launch-count 1 --set full --metrics smsp__inst_executed.sum -o /home/arustagi/repos/Tilebench-profile-study/profile/mean_reduction/tilelang_ncu_dataset_cuda130_20261003_fp32/reports/full /scratch/arustagi/tilebench_pdf_env/bin/python /home/arustagi/repos/Tilebench-profile-study/profile/dsl_perf_study/tilelang_dataset_harness.py,0.0335,0.0445
B200/triton/mean_reduction/bf16,B200,triton,mean_reduction,bf16,9f24575e61ed017395356522ca79472e82dfa19477a51e54b698538d396c4b65,"{""M"":2048,""N"":20480}",full,application,NVIDIA_B200/mean_reduction/triton_bf16.ncu-rep,db334ccec31593e2864cc73ac235f93a3b7ef1c7364d82193a97a9e048476337,local_copy_sha256_identical_to_hf,bcui2/NCU_report@21037737b7e371d38f3d029367dc3967d5b31a23,matched,not_recorded,1,params+winner from NCU catalogue | B200 Triton/cuTile profiling source not recorded (developer_guide: Profiling inventory),ok,mean_rowwise_kernel,1,1,"{""BLOCK_M"": 1, ""BLOCK_N"": 2048, ""num_warps"": 8}",2026.1.1.0 (build 37634170) (public-release),2026-Aug-13 20:30:11,13.2,/opt/nvidia/nsight-compute/2026.1.1/target/linux-desktop-glibc_2_11_3-x64/ncu --set full --import-source on --replay-mode application --cache-control none --app-replay-mode strict --profile-from-start off --kernel-name regex:^(?:mean_rowwise_kernel) --launch-skip 0 --launch-count 1 --force-overwrite -o /projects/kzhou6/bcui2/research/tilebench/Tilebench/tilebench_run/ncu/mean_reduction/triton_bf16 /projects/kzhou6/bcui2/env_software/miniconda3/envs/tilebench_env/bin/python /projects/kzhou6/bcui2/research/tilebench/Tilebench/tilebench_run/ncu_generic_harness.py,0.0188,0.0275
B200/triton/mean_reduction/fp16,B200,triton,mean_reduction,fp16,a6091e10b4db17d1dbbb3bd9bbc1fa977457529183eb15e270e6b2aec1f871f2,"{""M"":2048,""N"":20480}",full,application,NVIDIA_B200/mean_reduction/triton_fp16.ncu-rep,c698ceaddc67045a1f550170b9a8df7863f481ce1247674d7bc35eddd7ce5b9b,local_copy_sha256_identical_to_hf,bcui2/NCU_report@21037737b7e371d38f3d029367dc3967d5b31a23,matched,not_recorded,1,params+winner from NCU catalogue | B200 Triton/cuTile profiling source not recorded (developer_guide: Profiling inventory),ok,mean_rowwise_kernel,1,1,"{""BLOCK_M"": 1, ""BLOCK_N"": 1024, ""num_warps"": 8}",2026.1.1.0 (build 37634170) (public-release),2026-Aug-13 20:22:49,13.2,/opt/nvidia/nsight-compute/2026.1.1/target/linux-desktop-glibc_2_11_3-x64/ncu --set full --import-source on --replay-mode application --cache-control none --app-replay-mode strict --profile-from-start off --kernel-name regex:^(?:mean_rowwise_kernel) --launch-skip 0 --launch-count 1 --force-overwrite -o /projects/kzhou6/bcui2/research/tilebench/Tilebench/tilebench_run/ncu/mean_reduction/triton_fp16 /projects/kzhou6/bcui2/env_software/miniconda3/envs/tilebench_env/bin/python /projects/kzhou6/bcui2/research/tilebench/Tilebench/tilebench_run/ncu_generic_harness.py,0.0189,0.0276
B200/triton/mean_reduction/fp32,B200,triton,mean_reduction,fp32,d22b4722c17c29bcb4808815bc4ab0165de7e0805b5fc2c57f1d34c90dd8bb0d,"{""M"":2048,""N"":20480}",full,application,NVIDIA_B200/mean_reduction/triton_fp32.ncu-rep,f4fdc0085ddb945c78264556d4abe1349983fc56ff664bb4ea08911009d011d3,local_copy_sha256_identical_to_hf,bcui2/NCU_report@21037737b7e371d38f3d029367dc3967d5b31a23,matched,not_recorded,1,params+winner from NCU catalogue | B200 Triton/cuTile profiling source not recorded (developer_guide: Profiling inventory),ok,mean_rowwise_kernel,1,1,"{""BLOCK_M"": 1, ""BLOCK_N"": 512, ""num_warps"": 8}",2026.1.1.0 (build 37634170) (public-release),2026-Aug-13 20:37:27,13.2,/opt/nvidia/nsight-compute/2026.1.1/target/linux-desktop-glibc_2_11_3-x64/ncu --set full --import-source on --replay-mode application --cache-control none --app-replay-mode strict --profile-from-start off --kernel-name regex:^(?:mean_rowwise_kernel) --launch-skip 0 --launch-count 1 --force-overwrite -o /projects/kzhou6/bcui2/research/tilebench/Tilebench/tilebench_run/ncu/mean_reduction/triton_fp32 /projects/kzhou6/bcui2/env_software/miniconda3/envs/tilebench_env/bin/python /projects/kzhou6/bcui2/research/tilebench/Tilebench/tilebench_run/ncu_generic_harness.py,0.0349,0.0445
B200/cutile/moe_topk_gating/bf16,B200,cutile,moe_topk_gating,bf16,165d5cb9a39a52bfe94409e6b4fffa10161cefdc4d6ab94214d480571a3920c2,"{""E"":128,""M"":20480,""k"":2}",full,application,NVIDIA_B200/moe_topk_gating/cutile_bf16.ncu-rep,a8e7f306f14443074f52503b951898dc58a0271281909454872c4a714d6cd764,local_copy_sha256_identical_to_hf,bcui2/NCU_report@21037737b7e371d38f3d029367dc3967d5b31a23,matched,not_recorded,1,params+winner from NCU catalogue | B200 Triton/cuTile profiling source not recorded (developer_guide: Profiling inventory),ok,moe_topk_gating_kernel_Kt1_A2bf16_1v8l0_2t1_3i16_p16_A2bf16_1i16l0_2t1_p16_A2i32_1i16l0_2t1_p16_Si32_I2_I128_I2,1,1,"{""occupancy"": 32}",2026.1.1.0 (build 37634170) (public-release),2026-Aug-13 19:46:27,13.2,/opt/nvidia/nsight-compute/2026.1.1/target/linux-desktop-glibc_2_11_3-x64/ncu --set full --import-source on --replay-mode application --cache-control none --app-replay-mode strict --profile-from-start off --kernel-name regex:^(?:moe_topk_gating_kernel) --launch-skip 0 --launch-count 1 --force-overwrite -o /projects/kzhou6/bcui2/research/tilebench/Tilebench/tilebench_run/ncu/moe_topk_gating/cutile_bf16 /projects/kzhou6/bcui2/env_software/miniconda3/envs/tilebench_env/bin/python /projects/kzhou6/bcui2/research/tilebench/Tilebench/tilebench_run/ncu_generic_harness.py,0.0273,0.1328
B200/cutile/moe_topk_gating/fp16,B200,cutile,moe_topk_gating,fp16,ceecbeb85086f5217430077c0863c87691d72a2dd2e9a14f7e3a3aa1aca1f56d,"{""E"":128,""M"":20480,""k"":2}",full,application,NVIDIA_B200/moe_topk_gating/cutile_fp16.ncu-rep,71ca39f01a42a7a7bcc43d771c8a2f7137da7f4675817bc6c625710056e928ef,local_copy_sha256_identical_to_hf,bcui2/NCU_report@21037737b7e371d38f3d029367dc3967d5b31a23,matched,not_recorded,1,params+winner from NCU catalogue | B200 Triton/cuTile profiling source not recorded (developer_guide: Profiling inventory),ok,moe_topk_gating_kernel_Kt1_A2f16_1v8l0_2t1_3i16_p16_A2f16_1i16l0_2t1_p16_A2i32_1i16l0_2t1_p16_Si32_I2_I128_I2,1,1,"{""occupancy"": 8}",2026.1.1.0 (build 37634170) (public-release),2026-Aug-13 19:38:03,13.2,/opt/nvidia/nsight-compute/2026.1.1/target/linux-desktop-glibc_2_11_3-x64/ncu --set full --import-source on --replay-mode application --cache-control none --app-replay-mode strict --profile-from-start off --kernel-name regex:^(?:moe_topk_gating_kernel) --launch-skip 0 --launch-count 1 --force-overwrite -o /projects/kzhou6/bcui2/research/tilebench/Tilebench/tilebench_run/ncu/moe_topk_gating/cutile_fp16 /projects/kzhou6/bcui2/env_software/miniconda3/envs/tilebench_env/bin/python /projects/kzhou6/bcui2/research/tilebench/Tilebench/tilebench_run/ncu_generic_harness.py,0.0276,0.1209
B200/cutile/moe_topk_gating/fp32,B200,cutile,moe_topk_gating,fp32,8905ae12e9d2f3a8c4b3480a4c01859e834eb3ba4dbe01895f45034bae75e606,"{""E"":128,""M"":20480,""k"":2}",full,application,NVIDIA_B200/moe_topk_gating/cutile_fp32.ncu-rep,8f9dd0f969974f2a146311617591f1a4c35da10292c492135df2d8040c85edd8,local_copy_sha256_identical_to_hf,bcui2/NCU_report@21037737b7e371d38f3d029367dc3967d5b31a23,matched,not_recorded,1,params+winner from NCU catalogue | B200 Triton/cuTile profiling source not recorded (developer_guide: Profiling inventory),ok,moe_topk_gating_kernel_Kt1_A2f32_1v4l0_2t1_3i16_p16_A2f32_1i16l0_2t1_p16_A2i32_1i16l0_2t1_p16_Si32_I2_I128_I2,1,1,"{""occupancy"": 16}",2026.1.1.0 (build 37634170) (public-release),2026-Aug-13 19:54:50,13.2,/opt/nvidia/nsight-compute/2026.1.1/target/linux-desktop-glibc_2_11_3-x64/ncu --set full --import-source on --replay-mode application --cache-control none --app-replay-mode strict --profile-from-start off --kernel-name regex:^(?:moe_topk_gating_kernel) --launch-skip 0 --launch-count 1 --force-overwrite -o /projects/kzhou6/bcui2/research/tilebench/Tilebench/tilebench_run/ncu/moe_topk_gating/cutile_fp32 /projects/kzhou6/bcui2/env_software/miniconda3/envs/tilebench_env/bin/python /projects/kzhou6/bcui2/research/tilebench/Tilebench/tilebench_run/ncu_generic_harness.py,0.0276,0.1280
B200/tilelang/moe_topk_gating/bf16,B200,tilelang,moe_topk_gating,bf16,165d5cb9a39a52bfe94409e6b4fffa10161cefdc4d6ab94214d480571a3920c2,"{""E"":128,""M"":20480,""k"":2}",full,application,NVIDIA_B200/moe_topk_gating/tilelang_bf16.ncu-rep,e25b51f16aad05466b864c5e99de49b74e0d347c90906d4d37e30eecab67a793,local_copy_sha256_identical_to_hf,bcui2/NCU_report@21037737b7e371d38f3d029367dc3967d5b31a23,matched,not_recorded,1,"params from the B200 NCU catalogue (HF PR #2: TileLang reports use the catalogued maximum input); winner from origin/archive/raw-logs-2026-09-18:results/B200/logs/autotune_logs/moe_topk_gating_tilelang_autotune.json | B200 TileLang reports (HF PR #2): source commit not stated; paper-era packages, recorded autotune winner, catalogued max input",ok,moe_topk_gating_kernel_kernel,,,"{""threads"": 32}",2026.1.1.0 (build 37634170) (public-release),2026-Oct-04 07:54:47,13.2,/opt/nvidia/nsight-compute/2026.1.1/target/linux-desktop-glibc_2_11_3-x64/ncu --profile-from-start off --cache-control none --replay-mode application --import-source on --force-overwrite --app-replay-mode strict --kernel-name regex:^(?:moe_topk_gating_kernel_kernel) --launch-count 1 --set full --metrics smsp__inst_executed.sum -o /home/arustagi/repos/Tilebench-profile-study/profile/moe_topk_gating/tilelang_ncu_dataset_cuda130_20261003_bf16/reports/full /scratch/arustagi/tilebench_pdf_env/bin/python /home/arustagi/repos/Tilebench-profile-study/profile/dsl_perf_study/tilelang_dataset_harness.py,0.0127,0.1328
B200/tilelang/moe_topk_gating/fp16,B200,tilelang,moe_topk_gating,fp16,ceecbeb85086f5217430077c0863c87691d72a2dd2e9a14f7e3a3aa1aca1f56d,"{""E"":128,""M"":20480,""k"":2}",full,application,NVIDIA_B200/moe_topk_gating/tilelang_fp16.ncu-rep,b43063e5acb07b1765f49ab9aff07ced0964d7c6811220b9d8dd41b88024b009,local_copy_sha256_identical_to_hf,bcui2/NCU_report@21037737b7e371d38f3d029367dc3967d5b31a23,matched,not_recorded,1,"params from the B200 NCU catalogue (HF PR #2: TileLang reports use the catalogued maximum input); winner from origin/archive/raw-logs-2026-09-18:results/B200/logs/autotune_logs/moe_topk_gating_tilelang_autotune.json | B200 TileLang reports (HF PR #2): source commit not stated; paper-era packages, recorded autotune winner, catalogued max input",ok,moe_topk_gating_kernel_kernel,,,"{""threads"": 32}",2026.1.1.0 (build 37634170) (public-release),2026-Oct-04 08:06:09,13.2,/opt/nvidia/nsight-compute/2026.1.1/target/linux-desktop-glibc_2_11_3-x64/ncu --profile-from-start off --cache-control none --replay-mode application --import-source on --force-overwrite --app-replay-mode strict --kernel-name regex:^(?:moe_topk_gating_kernel_kernel) --launch-count 1 --set full --metrics smsp__inst_executed.sum -o /home/arustagi/repos/Tilebench-profile-study/profile/moe_topk_gating/tilelang_ncu_dataset_cuda130_20261003_fp16/reports/full /scratch/arustagi/tilebench_pdf_env/bin/python /home/arustagi/repos/Tilebench-profile-study/profile/dsl_perf_study/tilelang_dataset_harness.py,0.0127,0.1209
B200/tilelang/moe_topk_gating/fp32,B200,tilelang,moe_topk_gating,fp32,8905ae12e9d2f3a8c4b3480a4c01859e834eb3ba4dbe01895f45034bae75e606,"{""E"":128,""M"":20480,""k"":2}",full,application,NVIDIA_B200/moe_topk_gating/tilelang_fp32.ncu-rep,d66419030b2f6dec7a5490f13b4cb3c408769906a8e50f18004248a42f78e067,local_copy_sha256_identical_to_hf,bcui2/NCU_report@21037737b7e371d38f3d029367dc3967d5b31a23,matched,not_recorded,1,"params from the B200 NCU catalogue (HF PR #2: TileLang reports use the catalogued maximum input); winner from origin/archive/raw-logs-2026-09-18:results/B200/logs/autotune_logs/moe_topk_gating_tilelang_autotune.json | B200 TileLang reports (HF PR #2): source commit not stated; paper-era packages, recorded autotune winner, catalogued max input",ok,moe_topk_gating_kernel_kernel,,,"{""threads"": 32}",2026.1.1.0 (build 37634170) (public-release),2026-Oct-04 08:17:35,13.2,/opt/nvidia/nsight-compute/2026.1.1/target/linux-desktop-glibc_2_11_3-x64/ncu --profile-from-start off --cache-control none --replay-mode application --import-source on --force-overwrite --app-replay-mode strict --kernel-name regex:^(?:moe_topk_gating_kernel_kernel) --launch-count 1 --set full --metrics smsp__inst_executed.sum -o /home/arustagi/repos/Tilebench-profile-study/profile/moe_topk_gating/tilelang_ncu_dataset_cuda130_20261003_fp32/reports/full /scratch/arustagi/tilebench_pdf_env/bin/python /home/arustagi/repos/Tilebench-profile-study/profile/dsl_perf_study/tilelang_dataset_harness.py,0.0127,0.1280
B200/triton/moe_topk_gating/bf16,B200,triton,moe_topk_gating,bf16,165d5cb9a39a52bfe94409e6b4fffa10161cefdc4d6ab94214d480571a3920c2,"{""E"":128,""M"":20480,""k"":2}",full,application,NVIDIA_B200/moe_topk_gating/triton_bf16.ncu-rep,7025f0cae39acb5f7892ecdb9cb2d8e30bc17eac71b6bf4ee2c9746e1b4f96c1,local_copy_sha256_identical_to_hf,bcui2/NCU_report@21037737b7e371d38f3d029367dc3967d5b31a23,matched,not_recorded,1,params+winner from NCU catalogue | B200 Triton/cuTile profiling source not recorded (developer_guide: Profiling inventory),ok,moe_topk_gating_kernel,1,1,"{""num_warps"": 1}",2026.1.1.0 (build 37634170) (public-release),2026-Aug-13 19:42:13,13.2,/opt/nvidia/nsight-compute/2026.1.1/target/linux-desktop-glibc_2_11_3-x64/ncu --set full --import-source on --replay-mode application --cache-control none --app-replay-mode strict --profile-from-start off --kernel-name regex:^(?:moe_topk_gating_kernel) --launch-skip 0 --launch-count 1 --force-overwrite -o /projects/kzhou6/bcui2/research/tilebench/Tilebench/tilebench_run/ncu/moe_topk_gating/triton_bf16 /projects/kzhou6/bcui2/env_software/miniconda3/envs/tilebench_env/bin/python /projects/kzhou6/bcui2/research/tilebench/Tilebench/tilebench_run/ncu_generic_harness.py,0.0126,0.1328
B200/triton/moe_topk_gating/fp16,B200,triton,moe_topk_gating,fp16,ceecbeb85086f5217430077c0863c87691d72a2dd2e9a14f7e3a3aa1aca1f56d,"{""E"":128,""M"":20480,""k"":2}",full,application,NVIDIA_B200/moe_topk_gating/triton_fp16.ncu-rep,d2021e887a18b1187376a60ebb17b0f07ce3fdb197fed2cf88bc50268f423a87,local_copy_sha256_identical_to_hf,bcui2/NCU_report@21037737b7e371d38f3d029367dc3967d5b31a23,matched,not_recorded,1,params+winner from NCU catalogue | B200 Triton/cuTile profiling source not recorded (developer_guide: Profiling inventory),ok,moe_topk_gating_kernel,1,1,"{""num_warps"": 1}",2026.1.1.0 (build 37634170) (public-release),2026-Aug-13 19:33:57,13.2,/opt/nvidia/nsight-compute/2026.1.1/target/linux-desktop-glibc_2_11_3-x64/ncu --set full --import-source on --replay-mode application --cache-control none --app-replay-mode strict --profile-from-start off --kernel-name regex:^(?:moe_topk_gating_kernel) --launch-skip 0 --launch-count 1 --force-overwrite -o /projects/kzhou6/bcui2/research/tilebench/Tilebench/tilebench_run/ncu/moe_topk_gating/triton_fp16 /projects/kzhou6/bcui2/env_software/miniconda3/envs/tilebench_env/bin/python /projects/kzhou6/bcui2/research/tilebench/Tilebench/tilebench_run/ncu_generic_harness.py,0.0126,0.1209
B200/triton/moe_topk_gating/fp32,B200,triton,moe_topk_gating,fp32,8905ae12e9d2f3a8c4b3480a4c01859e834eb3ba4dbe01895f45034bae75e606,"{""E"":128,""M"":20480,""k"":2}",full,application,NVIDIA_B200/moe_topk_gating/triton_fp32.ncu-rep,8947ea33002ab5f75dc3f55d39739515b4c637ab50dbd5c9730d1b5185cafa80,local_copy_sha256_identical_to_hf,bcui2/NCU_report@21037737b7e371d38f3d029367dc3967d5b31a23,matched,not_recorded,1,params+winner from NCU catalogue | B200 Triton/cuTile profiling source not recorded (developer_guide: Profiling inventory),ok,moe_topk_gating_kernel,1,1,"{""num_warps"": 1}",2026.1.1.0 (build 37634170) (public-release),2026-Aug-13 19:50:36,13.2,/opt/nvidia/nsight-compute/2026.1.1/target/linux-desktop-glibc_2_11_3-x64/ncu --set full --import-source on --replay-mode application --cache-control none --app-replay-mode strict --profile-from-start off --kernel-name regex:^(?:moe_topk_gating_kernel) --launch-skip 0 --launch-count 1 --force-overwrite -o /projects/kzhou6/bcui2/research/tilebench/Tilebench/tilebench_run/ncu/moe_topk_gating/triton_fp32 /projects/kzhou6/bcui2/env_software/miniconda3/envs/tilebench_env/bin/python /projects/kzhou6/bcui2/research/tilebench/Tilebench/tilebench_run/ncu_generic_harness.py,0.0127,0.1280
B200/cutile/mul2/bf16,B200,cutile,mul2,bf16,e8ed81309f5789f063c315bd91c6d1dfd6e611322b193e8b75af45ff01907978,"{""n"":20971520}",full,application,NVIDIA_B200/mul2/cutile_bf16.ncu-rep,cc1ec492c0db6b2202836d75f1d13c0fabb65ddab5a4c7ef68230d3a99518bfd,local_copy_sha256_identical_to_hf,bcui2/NCU_report@21037737b7e371d38f3d029367dc3967d5b31a23,matched,not_recorded,1,params+winner from NCU catalogue | B200 Triton/cuTile profiling source not recorded (developer_guide: Profiling inventory),ok,mul2_kernel_Kt1_A1bf16_1i16t1_p16_A1bf16_1i16t1_p16_I1024,1,1,"{""occupancy"": 32, ""tile"": 1024}",2026.1.1.0 (build 37634170) (public-release),2026-Aug-13 20:53:59,13.2,/opt/nvidia/nsight-compute/2026.1.1/target/linux-desktop-glibc_2_11_3-x64/ncu --set full --import-source on --replay-mode application --cache-control none --app-replay-mode strict --profile-from-start off --kernel-name regex:^(?:mul2_kernel) --launch-skip 0 --launch-count 1 --force-overwrite -o /projects/kzhou6/bcui2/research/tilebench/Tilebench/tilebench_run/ncu/mul2/cutile_bf16 /projects/kzhou6/bcui2/env_software/miniconda3/envs/tilebench_env/bin/python /projects/kzhou6/bcui2/research/tilebench/Tilebench/tilebench_run/ncu_generic_harness.py,0.0160,0.0158
B200/cutile/mul2/fp16,B200,cutile,mul2,fp16,6556d965ae6079dd7e9e4b391fe257de0c9c02b71015d5d43f97e8ecc82ffec3,"{""n"":20971520}",full,application,NVIDIA_B200/mul2/cutile_fp16.ncu-rep,bac1ca498595ae252c79246a3de8b523e52b28db8998c5b33f34c37af55cb292,local_copy_sha256_identical_to_hf,bcui2/NCU_report@21037737b7e371d38f3d029367dc3967d5b31a23,matched,not_recorded,1,params+winner from NCU catalogue | B200 Triton/cuTile profiling source not recorded (developer_guide: Profiling inventory),ok,mul2_kernel_Kt1_A1f16_1i16t1_p16_A1f16_1i16t1_p16_I1024,1,1,"{""occupancy"": 4, ""tile"": 1024}",2026.1.1.0 (build 37634170) (public-release),2026-Aug-13 20:47:59,13.2,/opt/nvidia/nsight-compute/2026.1.1/target/linux-desktop-glibc_2_11_3-x64/ncu --set full --import-source on --replay-mode application --cache-control none --app-replay-mode strict --profile-from-start off --kernel-name regex:^(?:mul2_kernel) --launch-skip 0 --launch-count 1 --force-overwrite -o /projects/kzhou6/bcui2/research/tilebench/Tilebench/tilebench_run/ncu/mul2/cutile_fp16 /projects/kzhou6/bcui2/env_software/miniconda3/envs/tilebench_env/bin/python /projects/kzhou6/bcui2/research/tilebench/Tilebench/tilebench_run/ncu_generic_harness.py,0.0161,0.0158
B200/cutile/mul2/fp32,B200,cutile,mul2,fp32,a4db358b5fa1763492e4a4f22423463add703c41ef1c655a1f4be9e9f09f9823,"{""n"":20971520}",full,application,NVIDIA_B200/mul2/cutile_fp32.ncu-rep,c18baaca3822502530916f440d14b1d7f8c8eda8eb3ce2b68f80a8aa45e0a45c,local_copy_sha256_identical_to_hf,bcui2/NCU_report@21037737b7e371d38f3d029367dc3967d5b31a23,matched,not_recorded,1,params+winner from NCU catalogue | B200 Triton/cuTile profiling source not recorded (developer_guide: Profiling inventory),ok,mul2_kernel_Kt1_A1f32_1i16t1_p16_A1f32_1i16t1_p16_I2048,1,1,"{""occupancy"": 8, ""tile"": 2048}",2026.1.1.0 (build 37634170) (public-release),2026-Aug-13 21:00:07,13.2,/opt/nvidia/nsight-compute/2026.1.1/target/linux-desktop-glibc_2_11_3-x64/ncu --set full --import-source on --replay-mode application --cache-control none --app-replay-mode strict --profile-from-start off --kernel-name regex:^(?:mul2_kernel) --launch-skip 0 --launch-count 1 --force-overwrite -o /projects/kzhou6/bcui2/research/tilebench/Tilebench/tilebench_run/ncu/mul2/cutile_fp32 /projects/kzhou6/bcui2/env_software/miniconda3/envs/tilebench_env/bin/python /projects/kzhou6/bcui2/research/tilebench/Tilebench/tilebench_run/ncu_generic_harness.py,0.0277,0.0276
B200/cutile/mul2/int8,B200,cutile,mul2,int8,36150d0b69d4ffb9f066f5bce3e83b12ffe3a6aed368ee32ef5993851a9004e2,"{""n"":20971520}",full,application,NVIDIA_B200/mul2/cutile_int8.ncu-rep,07fdcf44be6b5194d895bfbb052d53cb7f5b59efa4b061e3c807c0232ac1178d,local_copy_sha256_identical_to_hf,bcui2/NCU_report@21037737b7e371d38f3d029367dc3967d5b31a23,matched,not_recorded,1,params+winner from NCU catalogue | B200 Triton/cuTile profiling source not recorded (developer_guide: Profiling inventory),ok,mul2_kernel_Kt1_A1i8_1i16t1_p16_A1i8_1i16t1_p16_I2048,1,1,"{""occupancy"": 16, ""tile"": 2048}",2026.1.1.0 (build 37634170) (public-release),2026-Aug-13 21:06:44,13.2,/opt/nvidia/nsight-compute/2026.1.1/target/linux-desktop-glibc_2_11_3-x64/ncu --set full --import-source on --replay-mode application --cache-control none --app-replay-mode strict --profile-from-start off --kernel-name regex:^(?:mul2_kernel) --launch-skip 0 --launch-count 1 --force-overwrite -o /projects/kzhou6/bcui2/research/tilebench/Tilebench/tilebench_run/ncu/mul2/cutile_int8 /projects/kzhou6/bcui2/env_software/miniconda3/envs/tilebench_env/bin/python /projects/kzhou6/bcui2/research/tilebench/Tilebench/tilebench_run/ncu_generic_harness.py,0.0099,0.0128
B200/tilelang/mul2/bf16,B200,tilelang,mul2,bf16,e8ed81309f5789f063c315bd91c6d1dfd6e611322b193e8b75af45ff01907978,"{""n"":20971520}",full,application,NVIDIA_B200/mul2/tilelang_bf16.ncu-rep,5d4b744428ee496752fa4f1524481ec8f11d320c7b9b5dec36497ff82ff13178,local_copy_sha256_identical_to_hf,bcui2/NCU_report@21037737b7e371d38f3d029367dc3967d5b31a23,matched,not_recorded,1,"params from the B200 NCU catalogue (HF PR #2: TileLang reports use the catalogued maximum input); winner from origin/archive/raw-logs-2026-09-18:results/B200/logs/autotune_logs/mul2_tilelang_autotune.json | B200 TileLang reports (HF PR #2): source commit not stated; paper-era packages, recorded autotune winner, catalogued max input",ok,mul2_kernel_kernel,,,"{""BLOCK_SIZE"": 2048, ""threads"": 64}",2026.1.1.0 (build 37634170) (public-release),2026-Oct-04 08:28:54,13.2,/opt/nvidia/nsight-compute/2026.1.1/target/linux-desktop-glibc_2_11_3-x64/ncu --profile-from-start off --cache-control none --replay-mode application --import-source on --force-overwrite --app-replay-mode strict --kernel-name regex:^(?:mul2_kernel_kernel) --launch-count 1 --set full --metrics smsp__inst_executed.sum -o /home/arustagi/repos/Tilebench-profile-study/profile/mul2/tilelang_ncu_dataset_cuda130_20261003_bf16/reports/full /scratch/arustagi/tilebench_pdf_env/bin/python /home/arustagi/repos/Tilebench-profile-study/profile/dsl_perf_study/tilelang_dataset_harness.py,0.0151,0.0158
B200/tilelang/mul2/fp16,B200,tilelang,mul2,fp16,6556d965ae6079dd7e9e4b391fe257de0c9c02b71015d5d43f97e8ecc82ffec3,"{""n"":20971520}",full,application,NVIDIA_B200/mul2/tilelang_fp16.ncu-rep,09ce6f8788a196d76c7d5417be7e424812bf1c2cd106be85a06737aeacf2b4f9,local_copy_sha256_identical_to_hf,bcui2/NCU_report@21037737b7e371d38f3d029367dc3967d5b31a23,matched,not_recorded,1,"params from the B200 NCU catalogue (HF PR #2: TileLang reports use the catalogued maximum input); winner from origin/archive/raw-logs-2026-09-18:results/B200/logs/autotune_logs/mul2_tilelang_autotune.json | B200 TileLang reports (HF PR #2): source commit not stated; paper-era packages, recorded autotune winner, catalogued max input",ok,mul2_kernel_kernel,,,"{""BLOCK_SIZE"": 2048, ""threads"": 128}",2026.1.1.0 (build 37634170) (public-release),2026-Oct-04 08:39:54,13.2,/opt/nvidia/nsight-compute/2026.1.1/target/linux-desktop-glibc_2_11_3-x64/ncu --profile-from-start off --cache-control none --replay-mode application --import-source on --force-overwrite --app-replay-mode strict --kernel-name regex:^(?:mul2_kernel_kernel) --launch-count 1 --set full --metrics smsp__inst_executed.sum -o /home/arustagi/repos/Tilebench-profile-study/profile/mul2/tilelang_ncu_dataset_cuda130_20261003_fp16/reports/full /scratch/arustagi/tilebench_pdf_env/bin/python /home/arustagi/repos/Tilebench-profile-study/profile/dsl_perf_study/tilelang_dataset_harness.py,0.0153,0.0158
B200/tilelang/mul2/fp32,B200,tilelang,mul2,fp32,a4db358b5fa1763492e4a4f22423463add703c41ef1c655a1f4be9e9f09f9823,"{""n"":20971520}",full,application,NVIDIA_B200/mul2/tilelang_fp32.ncu-rep,f7228e7300377ed81d76262b22b30df596e4364fd1fbbd6adfad5147a34e0612,local_copy_sha256_identical_to_hf,bcui2/NCU_report@21037737b7e371d38f3d029367dc3967d5b31a23,matched,not_recorded,1,"params from the B200 NCU catalogue (HF PR #2: TileLang reports use the catalogued maximum input); winner from origin/archive/raw-logs-2026-09-18:results/B200/logs/autotune_logs/mul2_tilelang_autotune.json | B200 TileLang reports (HF PR #2): source commit not stated; paper-era packages, recorded autotune winner, catalogued max input",ok,mul2_kernel_kernel,,,"{""BLOCK_SIZE"": 2048, ""threads"": 256}",2026.1.1.0 (build 37634170) (public-release),2026-Oct-04 08:50:59,13.2,/opt/nvidia/nsight-compute/2026.1.1/target/linux-desktop-glibc_2_11_3-x64/ncu --profile-from-start off --cache-control none --replay-mode application --import-source on --force-overwrite --app-replay-mode strict --kernel-name regex:^(?:mul2_kernel_kernel) --launch-count 1 --set full --metrics smsp__inst_executed.sum -o /home/arustagi/repos/Tilebench-profile-study/profile/mul2/tilelang_ncu_dataset_cuda130_20261003_fp32/reports/full /scratch/arustagi/tilebench_pdf_env/bin/python /home/arustagi/repos/Tilebench-profile-study/profile/dsl_perf_study/tilelang_dataset_harness.py,0.0273,0.0276
B200/tilelang/mul2/int8,B200,tilelang,mul2,int8,36150d0b69d4ffb9f066f5bce3e83b12ffe3a6aed368ee32ef5993851a9004e2,"{""n"":20971520}",full,application,NVIDIA_B200/mul2/tilelang_int8.ncu-rep,de16dd29d571364a4b9bf388188913c150c31e21af778d9bd9d2f6b8a8ed960e,local_copy_sha256_identical_to_hf,bcui2/NCU_report@21037737b7e371d38f3d029367dc3967d5b31a23,matched,not_recorded,1,"params from the B200 NCU catalogue (HF PR #2: TileLang reports use the catalogued maximum input); winner from origin/archive/raw-logs-2026-09-18:results/B200/logs/autotune_logs/mul2_tilelang_autotune.json | B200 TileLang reports (HF PR #2): source commit not stated; paper-era packages, recorded autotune winner, catalogued max input",ok,mul2_kernel_kernel,,,"{""BLOCK_SIZE"": 2048, ""threads"": 64}",2026.1.1.0 (build 37634170) (public-release),2026-Oct-04 09:02:04,13.2,/opt/nvidia/nsight-compute/2026.1.1/target/linux-desktop-glibc_2_11_3-x64/ncu --profile-from-start off --cache-control none --replay-mode application --import-source on --force-overwrite --app-replay-mode strict --kernel-name regex:^(?:mul2_kernel_kernel) --launch-count 1 --set full --metrics smsp__inst_executed.sum -o /home/arustagi/repos/Tilebench-profile-study/profile/mul2/tilelang_ncu_dataset_cuda130_20261003_int8/reports/full /scratch/arustagi/tilebench_pdf_env/bin/python /home/arustagi/repos/Tilebench-profile-study/profile/dsl_perf_study/tilelang_dataset_harness.py,0.0088,0.0128
B200/triton/mul2/bf16,B200,triton,mul2,bf16,e8ed81309f5789f063c315bd91c6d1dfd6e611322b193e8b75af45ff01907978,"{""n"":20971520}",full,application,NVIDIA_B200/mul2/triton_bf16.ncu-rep,733e1e86cda6082766a4c2759ab0845e753cc8b2e2fa6ab3d715c1912fc01dd6,local_copy_sha256_identical_to_hf,bcui2/NCU_report@21037737b7e371d38f3d029367dc3967d5b31a23,matched,not_recorded,1,params+winner from NCU catalogue | B200 Triton/cuTile profiling source not recorded (developer_guide: Profiling inventory),ok,mul2_kernel,1,1,"{""BLOCK_SIZE"": 2048, ""num_warps"": 2}",2026.1.1.0 (build 37634170) (public-release),2026-Aug-13 20:51:02,13.2,/opt/nvidia/nsight-compute/2026.1.1/target/linux-desktop-glibc_2_11_3-x64/ncu --set full --import-source on --replay-mode application --cache-control none --app-replay-mode strict --profile-from-start off --kernel-name regex:^(?:mul2_kernel) --launch-skip 0 --launch-count 1 --force-overwrite -o /projects/kzhou6/bcui2/research/tilebench/Tilebench/tilebench_run/ncu/mul2/triton_bf16 /projects/kzhou6/bcui2/env_software/miniconda3/envs/tilebench_env/bin/python /projects/kzhou6/bcui2/research/tilebench/Tilebench/tilebench_run/ncu_generic_harness.py,0.0152,0.0158
B200/triton/mul2/fp16,B200,triton,mul2,fp16,6556d965ae6079dd7e9e4b391fe257de0c9c02b71015d5d43f97e8ecc82ffec3,"{""n"":20971520}",full,application,NVIDIA_B200/mul2/triton_fp16.ncu-rep,974f3e772068607c528db8895b2a6e1def9bd46ac162f5b9bae3c36d0ea6d29b,local_copy_sha256_identical_to_hf,bcui2/NCU_report@21037737b7e371d38f3d029367dc3967d5b31a23,matched,not_recorded,1,params+winner from NCU catalogue | B200 Triton/cuTile profiling source not recorded (developer_guide: Profiling inventory),ok,mul2_kernel,1,1,"{""BLOCK_SIZE"": 1024, ""num_warps"": 2}",2026.1.1.0 (build 37634170) (public-release),2026-Aug-13 20:44:37,13.2,/opt/nvidia/nsight-compute/2026.1.1/target/linux-desktop-glibc_2_11_3-x64/ncu --set full --import-source on --replay-mode application --cache-control none --app-replay-mode strict --profile-from-start off --kernel-name regex:^(?:mul2_kernel) --launch-skip 0 --launch-count 1 --force-overwrite -o /projects/kzhou6/bcui2/research/tilebench/Tilebench/tilebench_run/ncu/mul2/triton_fp16 /projects/kzhou6/bcui2/env_software/miniconda3/envs/tilebench_env/bin/python /projects/kzhou6/bcui2/research/tilebench/Tilebench/tilebench_run/ncu_generic_harness.py,0.0152,0.0158
B200/triton/mul2/fp32,B200,triton,mul2,fp32,a4db358b5fa1763492e4a4f22423463add703c41ef1c655a1f4be9e9f09f9823,"{""n"":20971520}",full,application,NVIDIA_B200/mul2/triton_fp32.ncu-rep,e1dd98e993b548359bd26f023ffe9834787b5af27455d3985db047e89e237269,local_copy_sha256_identical_to_hf,bcui2/NCU_report@21037737b7e371d38f3d029367dc3967d5b31a23,matched,not_recorded,1,params+winner from NCU catalogue | B200 Triton/cuTile profiling source not recorded (developer_guide: Profiling inventory),ok,mul2_kernel,1,1,"{""BLOCK_SIZE"": 2048, ""num_warps"": 8}",2026.1.1.0 (build 37634170) (public-release),2026-Aug-13 20:56:53,13.2,/opt/nvidia/nsight-compute/2026.1.1/target/linux-desktop-glibc_2_11_3-x64/ncu --set full --import-source on --replay-mode application --cache-control none --app-replay-mode strict --profile-from-start off --kernel-name regex:^(?:mul2_kernel) --launch-skip 0 --launch-count 1 --force-overwrite -o /projects/kzhou6/bcui2/research/tilebench/Tilebench/tilebench_run/ncu/mul2/triton_fp32 /projects/kzhou6/bcui2/env_software/miniconda3/envs/tilebench_env/bin/python /projects/kzhou6/bcui2/research/tilebench/Tilebench/tilebench_run/ncu_generic_harness.py,0.0275,0.0276
B200/triton/mul2/int8,B200,triton,mul2,int8,36150d0b69d4ffb9f066f5bce3e83b12ffe3a6aed368ee32ef5993851a9004e2,"{""n"":20971520}",full,application,NVIDIA_B200/mul2/triton_int8.ncu-rep,71f74a2b5ed63b7b730fd5564c74f5428f211522e7a58d3c0acea00314f2d2c1,local_copy_sha256_identical_to_hf,bcui2/NCU_report@21037737b7e371d38f3d029367dc3967d5b31a23,matched,not_recorded,1,params+winner from NCU catalogue | B200 Triton/cuTile profiling source not recorded (developer_guide: Profiling inventory),ok,mul2_kernel,1,1,"{""BLOCK_SIZE"": 2048, ""num_warps"": 2}",2026.1.1.0 (build 37634170) (public-release),2026-Aug-13 21:03:23,13.2,/opt/nvidia/nsight-compute/2026.1.1/target/linux-desktop-glibc_2_11_3-x64/ncu --set full --import-source on --replay-mode application --cache-control none --app-replay-mode strict --profile-from-start off --kernel-name regex:^(?:mul2_kernel) --launch-skip 0 --launch-count 1 --force-overwrite -o /projects/kzhou6/bcui2/research/tilebench/Tilebench/tilebench_run/ncu/mul2/triton_int8 /projects/kzhou6/bcui2/env_software/miniconda3/envs/tilebench_env/bin/python /projects/kzhou6/bcui2/research/tilebench/Tilebench/tilebench_run/ncu_generic_harness.py,0.0087,0.0128
B200/cutile/quantize_global/fp32,B200,cutile,quantize_global,fp32,a63b18e219c3c4edeb3d6e41f5ba11c90a2f9ed4f9318e84b7cdbb8b0fd158a7,"{""n"":20971520}",full,application,NVIDIA_B200/quantize_global/cutile_fp32.ncu-rep,bcda4a9a5fe581870da9d5acb34d1e38753d306e2c98c01b9b346b36ab8a5965,local_copy_sha256_identical_to_hf,bcui2/NCU_report@21037737b7e371d38f3d029367dc3967d5b31a23,matched,not_recorded,1,params+winner from NCU catalogue | B200 Triton/cuTile profiling source not recorded (developer_guide: Profiling inventory),ok,quantize_kernel_Kt1_A1f32_1i16t1_p16_A1f16_1i16t1_p16_I4096,1,1,"{""occupancy"": 4, ""tile"": 4096}",2026.1.1.0 (build 37634170) (public-release),2026-Aug-13 21:13:21,13.2,/opt/nvidia/nsight-compute/2026.1.1/target/linux-desktop-glibc_2_11_3-x64/ncu --set full --import-source on --replay-mode application --cache-control none --app-replay-mode strict --profile-from-start off --kernel-name regex:^(?:quantize_kernel) --launch-skip 0 --launch-count 1 --force-overwrite -o /projects/kzhou6/bcui2/research/tilebench/Tilebench/tilebench_run/ncu/quantize_global/cutile_fp32 /projects/kzhou6/bcui2/env_software/miniconda3/envs/tilebench_env/bin/python /projects/kzhou6/bcui2/research/tilebench/Tilebench/tilebench_run/ncu_generic_harness.py,0.0217,0.0217
B200/tilelang/quantize_global/fp32,B200,tilelang,quantize_global,fp32,a63b18e219c3c4edeb3d6e41f5ba11c90a2f9ed4f9318e84b7cdbb8b0fd158a7,"{""n"":20971520}",full,application,NVIDIA_B200/quantize_global/tilelang_fp32.ncu-rep,c8f60073325486c0f4cb7aec3b57ff38974b71b180ab80a984e7bf2a1a798eb7,local_copy_sha256_identical_to_hf,bcui2/NCU_report@21037737b7e371d38f3d029367dc3967d5b31a23,matched,not_recorded,1,"params from the B200 NCU catalogue (HF PR #2: TileLang reports use the catalogued maximum input); winner from origin/archive/raw-logs-2026-09-18:results/B200/logs/autotune_logs/quantize_global_tilelang_autotune.json | B200 TileLang reports (HF PR #2): source commit not stated; paper-era packages, recorded autotune winner, catalogued max input",ok,quantize_global_kernel_kernel,,,"{""BLOCK_SIZE"": 2048, ""threads"": 128}",2026.1.1.0 (build 37634170) (public-release),2026-Oct-04 09:13:06,13.2,/opt/nvidia/nsight-compute/2026.1.1/target/linux-desktop-glibc_2_11_3-x64/ncu --profile-from-start off --cache-control none --replay-mode application --import-source on --force-overwrite --app-replay-mode strict --kernel-name regex:^(?:quantize_global_kernel_kernel) --launch-count 1 --set full --metrics smsp__inst_executed.sum -o /home/arustagi/repos/Tilebench-profile-study/profile/quantize_global/tilelang_ncu_dataset_cuda130_20261003_fp32/reports/full /scratch/arustagi/tilebench_pdf_env/bin/python /home/arustagi/repos/Tilebench-profile-study/profile/dsl_perf_study/tilelang_dataset_harness.py,0.0223,0.0217
B200/triton/quantize_global/fp32,B200,triton,quantize_global,fp32,a63b18e219c3c4edeb3d6e41f5ba11c90a2f9ed4f9318e84b7cdbb8b0fd158a7,"{""n"":20971520}",full,application,NVIDIA_B200/quantize_global/triton_fp32.ncu-rep,ff68acacc22e8a40f9e42ea9d5f9e164c0951a039891dc8957f5e45d013c6301,local_copy_sha256_identical_to_hf,bcui2/NCU_report@21037737b7e371d38f3d029367dc3967d5b31a23,matched,not_recorded,1,params+winner from NCU catalogue | B200 Triton/cuTile profiling source not recorded (developer_guide: Profiling inventory),ok,quantize_kernel,1,1,"{""BLOCK_SIZE"": 4096, ""num_warps"": 4}",2026.1.1.0 (build 37634170) (public-release),2026-Aug-13 21:10:01,13.2,/opt/nvidia/nsight-compute/2026.1.1/target/linux-desktop-glibc_2_11_3-x64/ncu --set full --import-source on --replay-mode application --cache-control none --app-replay-mode strict --profile-from-start off --kernel-name regex:^(?:quantize_kernel) --launch-skip 0 --launch-count 1 --force-overwrite -o /projects/kzhou6/bcui2/research/tilebench/Tilebench/tilebench_run/ncu/quantize_global/triton_fp32 /projects/kzhou6/bcui2/env_software/miniconda3/envs/tilebench_env/bin/python /projects/kzhou6/bcui2/research/tilebench/Tilebench/tilebench_run/ncu_generic_harness.py,0.0217,0.0217
B200/cutile/radix_sort/int32,B200,cutile,radix_sort,int32,0c49770544eaebb78f5fa7ea256dcd378f05dd0b876de5a97d10b315ed0d77fd,"{""n"":20000000}",full,application,NVIDIA_B200/radix_sort/cutile_int32.ncu-rep,436e3da004e6e832511b989adc750a3c6d97ef07b953c85a7d9b9076ba3ddd9a,local_copy_sha256_identical_to_hf,bcui2/NCU_report@21037737b7e371d38f3d029367dc3967d5b31a23,matched,not_recorded,80,params+winner from NCU catalogue | B200 Triton/cuTile profiling source not recorded (developer_guide: Profiling inventory),ok,radix_histogram_kernel_Kt1_A1i32_1i16t1_p16_A1i32_1i16t1_p16_Si32_Si32_Si32_I1024_I4_I16_I65535;radix_scan_chunk_sums_kernel_Kt1_A1i32_1t1_p16_I1024;radix_scan_chunks_kernel_Kt1_A1i32_1i16t1_p16_A1i32_1t1_p16_I1024;radix_scatter_kernel_Kt1_A1i32_1i16t1_p16_A1i32_1i16t1_p16_A1i32_1i16t1_p16_Si32_Si32_Si32_I1024_I4_I16_I65535;radix_sum_chunks_kernel_Kt1_A1i32_1i16t1_p16_A1i32_1t1_p16_I1024,80,80,"{""occupancy"": 32}",2026.1.1.0 (build 37634170) (public-release),2026-Aug-13 21:49:36,13.2,/opt/nvidia/nsight-compute/2026.1.1/target/linux-desktop-glibc_2_11_3-x64/ncu --set full --import-source on --replay-mode application --cache-control none --app-replay-mode strict --profile-from-start off --kernel-name regex:^(?:radix_histogram_kernel|radix_scan_chunk_sums_kernel|radix_scan_chunks_kernel|radix_scatter_kernel|radix_sum_chunks_kernel) --launch-skip 0 --launch-count 80 --force-overwrite -o /projects/kzhou6/bcui2/research/tilebench/Tilebench/tilebench_run/ncu/radix_sort/cutile_int32 /projects/kzhou6/bcui2/env_software/miniconda3/envs/tilebench_env/bin/python /projects/kzhou6/bcui2/research/tilebench/Tilebench/tilebench_run/ncu_generic_harness.py,2.2994,0.8039
B200/tilelang/radix_sort/int32,B200,tilelang,radix_sort,int32,0c49770544eaebb78f5fa7ea256dcd378f05dd0b876de5a97d10b315ed0d77fd,"{""n"":20000000}",targeted,application,NVIDIA_B200/radix_sort/tilelang_int32.ncu-rep,c5de610198dc296c77baa6bc259b06eb7bd5f6400ab7e066f56230c31173adcd,local_copy_sha256_identical_to_hf,bcui2/NCU_report@21037737b7e371d38f3d029367dc3967d5b31a23,matched,not_recorded,80,"params from the B200 NCU catalogue (HF PR #2: TileLang reports use the catalogued maximum input); winner from origin/archive/raw-logs-2026-09-18:results/B200/logs/autotune_logs/radix_sort_tilelang_autotune.json | B200 TileLang reports (HF PR #2): source commit not stated; paper-era packages, recorded autotune winner, catalogued max input",ok,main_kernel,,,"{""threads"": 128}",2026.1.1.0 (build 37634170) (public-release),2026-Oct-04 17:22:42,13.2,"/opt/nvidia/nsight-compute/2026.1.1/target/linux-desktop-glibc_2_11_3-x64/ncu --profile-from-start off --cache-control none --replay-mode application --import-source on --force-overwrite --app-replay-mode strict --kernel-name regex:^(?:main_kernel) --launch-count 80 --metrics gpu__time_duration.sum,launch__grid_size,launch__block_size,launch__waves_per_multiprocessor,launch__registers_per_thread,launch__shared_mem_per_block,sm__throughput.avg.pct_of_peak_sustained_elapsed,sm__warps_active.avg.pct_of_peak_sustained_active,sm__inst_executed_pipe_fma.avg.pct_of_peak_sustained_active,sm__inst_executed_pipe_alu.avg.pct_of_peak_sustained_active,sm__inst_executed_pipe_lsu.avg.pct_of_peak_sustained_active,sm__inst_executed_pipe_adu.avg.pct_of_peak_sustained_active,sm__pipe_tensor_cycles_active.avg.pct_of_peak_sustained_elapsed,dram__bytes_read.sum,dram__bytes_write.sum,dram__bytes_read.sum.pct_of_peak_sustained_elapsed,dram__bytes_write.sum.pct_of_peak_sustained_elapsed,l1tex__t_sector_hit_rate.pct,lts__t_sector_hit_rate.pct,l1tex__t_sectors_pipe_lsu_mem_global_op_ld.sum,l1tex__t_requests_pipe_lsu_mem_global_op_ld.sum,smsp__sass_inst_executed_op_global_ld.sum,smsp__sass_inst_executed_op_global_st.sum,smsp__sass_inst_executed_op_local_ld.sum,smsp__sass_inst_executed_op_local_st.sum,smsp__sass_inst_executed_op_shared.sum,smsp__inst_executed.sum,smsp__sass_inst_executed.sum,smsp__thread_inst_executed_per_inst_executed.ratio,smsp__average_warps_issue_stalled_long_scoreboard_per_issue_active.ratio,smsp__average_warps_issue_stalled_short_scoreboard_per_issue_active.ratio,smsp__average_warps_issue_stalled_barrier_per_issue_active.ratio,smsp__average_warps_issue_stalled_math_pipe_throttle_per_issue_active.ratio,smsp__average_warps_issue_stalled_mio_throttle_per_issue_active.ratio,smsp__average_warps_issue_stalled_lg_throttle_per_issue_active.ratio,launch__occupancy_limit_registers,launch__occupancy_limit_shared_mem,launch__occupancy_limit_blocks,launch__occupancy_limit_warps,sm__maximum_warps_per_active_cycle_pct,smsp__issue_active.avg.pct_of_peak_sustained_active,l1tex__data_bank_conflicts_pipe_lsu_mem_shared_op_ld.sum,l1tex__data_bank_conflicts_pipe_lsu_mem_shared_op_st.sum -o /home/arustagi/repos/Tilebench-profile-study/profile/radix_sort/tilelang_ncu_dataset_cuda130_20261003_int32/reports/targeted /scratch/arustagi/tilebench_pdf_env/bin/python /home/arustagi/repos/Tilebench-profile-study/profile/dsl_perf_study/tilelang_dataset_harness.py",1.9482,0.8039
B200/triton/radix_sort/int32,B200,triton,radix_sort,int32,0c49770544eaebb78f5fa7ea256dcd378f05dd0b876de5a97d10b315ed0d77fd,"{""n"":20000000}",full,application,NVIDIA_B200/radix_sort/triton_int32.ncu-rep,ed17d4764e6655896fb7785b7a3c5fa4583d2c1ca47e9357e9564ab262417ed1,local_copy_sha256_identical_to_hf,bcui2/NCU_report@21037737b7e371d38f3d029367dc3967d5b31a23,matched,not_recorded,80,params+winner from NCU catalogue | B200 Triton/cuTile profiling source not recorded (developer_guide: Profiling inventory),ok,radix_histogram_kernel;radix_scan_chunk_sums_kernel;radix_scan_chunks_kernel;radix_scatter_kernel;radix_sum_chunks_kernel,80,80,"{""num_warps"": 4}",2026.1.1.0 (build 37634170) (public-release),2026-Aug-13 21:31:20,13.2,/opt/nvidia/nsight-compute/2026.1.1/target/linux-desktop-glibc_2_11_3-x64/ncu --set full --import-source on --replay-mode application --cache-control none --app-replay-mode strict --profile-from-start off --kernel-name regex:^(?:radix_histogram_kernel|radix_scan_chunk_sums_kernel|radix_scan_chunks_kernel|radix_scatter_kernel|radix_sum_chunks_kernel) --launch-skip 0 --launch-count 80 --force-overwrite -o /projects/kzhou6/bcui2/research/tilebench/Tilebench/tilebench_run/ncu/radix_sort/triton_int32 /projects/kzhou6/bcui2/env_software/miniconda3/envs/tilebench_env/bin/python /projects/kzhou6/bcui2/research/tilebench/Tilebench/tilebench_run/ncu_generic_harness.py,1.1227,0.8039
B200/cutile/relu/bf16,B200,cutile,relu,bf16,59a0dd09a0b907abe95a67d37453c56ae5488f682636157bf8421d031562479f,"{""n"":20971520}",full,application,NVIDIA_B200/relu/cutile_bf16.ncu-rep,7e8b63773d790feca60b70c91f46a1ce679d65690afebd5fc6277bdb392a3871,local_copy_sha256_identical_to_hf,bcui2/NCU_report@21037737b7e371d38f3d029367dc3967d5b31a23,matched,not_recorded,1,params+winner from NCU catalogue | B200 Triton/cuTile profiling source not recorded (developer_guide: Profiling inventory),ok,relu_kernel_Kt1_A1bf16_1i16t1_p16_A1bf16_1i16t1_p16_I2048,1,1,"{""occupancy"": 4, ""tile"": 2048}",2026.1.1.0 (build 37634170) (public-release),2026-Aug-13 20:10:52,13.2,/opt/nvidia/nsight-compute/2026.1.1/target/linux-desktop-glibc_2_11_3-x64/ncu --set full --import-source on --replay-mode application --cache-control none --app-replay-mode strict --profile-from-start off --kernel-name regex:^(?:relu_kernel) --launch-skip 0 --launch-count 1 --force-overwrite -o /projects/kzhou6/bcui2/research/tilebench/Tilebench/tilebench_run/ncu/relu/cutile_bf16 /projects/kzhou6/bcui2/env_software/miniconda3/envs/tilebench_env/bin/python /projects/kzhou6/bcui2/research/tilebench/Tilebench/tilebench_run/ncu_generic_harness.py,0.0152,0.0166
B200/cutile/relu/fp16,B200,cutile,relu,fp16,4ea49cd597817337590ac3da83c69ae5c9ef33fded4db17f1875d2cc9707dad9,"{""n"":20971520}",full,application,NVIDIA_B200/relu/cutile_fp16.ncu-rep,57078f3ae0f86a0d8296508266cb596b12b979fe5b3c216630cb5372896b8bf4,local_copy_sha256_identical_to_hf,bcui2/NCU_report@21037737b7e371d38f3d029367dc3967d5b31a23,matched,not_recorded,1,params+winner from NCU catalogue | B200 Triton/cuTile profiling source not recorded (developer_guide: Profiling inventory),ok,relu_kernel_Kt1_A1f16_1i16t1_p16_A1f16_1i16t1_p16_I2048,1,1,"{""occupancy"": 8, ""tile"": 2048}",2026.1.1.0 (build 37634170) (public-release),2026-Aug-13 20:02:51,13.2,/opt/nvidia/nsight-compute/2026.1.1/target/linux-desktop-glibc_2_11_3-x64/ncu --set full --import-source on --replay-mode application --cache-control none --app-replay-mode strict --profile-from-start off --kernel-name regex:^(?:relu_kernel) --launch-skip 0 --launch-count 1 --force-overwrite -o /projects/kzhou6/bcui2/research/tilebench/Tilebench/tilebench_run/ncu/relu/cutile_fp16 /projects/kzhou6/bcui2/env_software/miniconda3/envs/tilebench_env/bin/python /projects/kzhou6/bcui2/research/tilebench/Tilebench/tilebench_run/ncu_generic_harness.py,0.0153,0.0184
B200/cutile/relu/fp32,B200,cutile,relu,fp32,fe65c8672056e95d9d398b21b2accdcee062ea2e0a1ba1383e64f8ec5f3c259f,"{""n"":20971520}",full,application,NVIDIA_B200/relu/cutile_fp32.ncu-rep,533c2fb92cad0a82db34ff686caac8e2a77008f4ae7b5639bf07ed41b5ae36bb,local_copy_sha256_identical_to_hf,bcui2/NCU_report@21037737b7e371d38f3d029367dc3967d5b31a23,matched,not_recorded,1,params+winner from NCU catalogue | B200 Triton/cuTile profiling source not recorded (developer_guide: Profiling inventory),ok,relu_kernel_Kt1_A1f32_1i16t1_p16_A1f32_1i16t1_p16_I2048,1,1,"{""occupancy"": 4, ""tile"": 2048}",2026.1.1.0 (build 37634170) (public-release),2026-Aug-13 20:18:57,13.2,/opt/nvidia/nsight-compute/2026.1.1/target/linux-desktop-glibc_2_11_3-x64/ncu --set full --import-source on --replay-mode application --cache-control none --app-replay-mode strict --profile-from-start off --kernel-name regex:^(?:relu_kernel) --launch-skip 0 --launch-count 1 --force-overwrite -o /projects/kzhou6/bcui2/research/tilebench/Tilebench/tilebench_run/ncu/relu/cutile_fp32 /projects/kzhou6/bcui2/env_software/miniconda3/envs/tilebench_env/bin/python /projects/kzhou6/bcui2/research/tilebench/Tilebench/tilebench_run/ncu_generic_harness.py,0.0277,0.0276
B200/cutile/relu/int8,B200,cutile,relu,int8,0aaec6709e6cbe3ae35d7d0e3c73fd82e386af4b267b345e2a9dc79ba310c371,"{""n"":20971520}",full,application,NVIDIA_B200/relu/cutile_int8.ncu-rep,2c057deac9600d4c536440c74e913c52a68d2d1fdae8e29734cacf2ab4022b9b,local_copy_sha256_identical_to_hf,bcui2/NCU_report@21037737b7e371d38f3d029367dc3967d5b31a23,matched,not_recorded,1,params+winner from NCU catalogue | B200 Triton/cuTile profiling source not recorded (developer_guide: Profiling inventory),ok,relu_kernel_Kt1_A1i8_1i16t1_p16_A1i8_1i16t1_p16_I2048,1,1,"{""occupancy"": 8, ""tile"": 2048}",2026.1.1.0 (build 37634170) (public-release),2026-Aug-13 20:26:50,13.2,/opt/nvidia/nsight-compute/2026.1.1/target/linux-desktop-glibc_2_11_3-x64/ncu --set full --import-source on --replay-mode application --cache-control none --app-replay-mode strict --profile-from-start off --kernel-name regex:^(?:relu_kernel) --launch-skip 0 --launch-count 1 --force-overwrite -o /projects/kzhou6/bcui2/research/tilebench/Tilebench/tilebench_run/ncu/relu/cutile_int8 /projects/kzhou6/bcui2/env_software/miniconda3/envs/tilebench_env/bin/python /projects/kzhou6/bcui2/research/tilebench/Tilebench/tilebench_run/ncu_generic_harness.py,0.0123,0.0138
B200/tilelang/relu/bf16,B200,tilelang,relu,bf16,59a0dd09a0b907abe95a67d37453c56ae5488f682636157bf8421d031562479f,"{""n"":20971520}",full,application,NVIDIA_B200/relu/tilelang_bf16.ncu-rep,2ac9ccf8cc86ff590431214dd1e3249d58859c5c19fa09932c3bf98fe527b73b,local_copy_sha256_identical_to_hf,bcui2/NCU_report@21037737b7e371d38f3d029367dc3967d5b31a23,matched,not_recorded,1,"params from the B200 NCU catalogue (HF PR #2: TileLang reports use the catalogued maximum input); winner from origin/archive/raw-logs-2026-09-18:results/B200/logs/autotune_logs/relu_tilelang_autotune.json | B200 TileLang reports (HF PR #2): source commit not stated; paper-era packages, recorded autotune winner, catalogued max input",ok,relu_kernel_kernel,,,"{""BLOCK_SIZE"": 2048, ""threads"": 128}",2026.1.1.0 (build 37634170) (public-release),2026-Oct-04 09:24:11,13.2,/opt/nvidia/nsight-compute/2026.1.1/target/linux-desktop-glibc_2_11_3-x64/ncu --profile-from-start off --cache-control none --replay-mode application --import-source on --force-overwrite --app-replay-mode strict --kernel-name regex:^(?:relu_kernel_kernel) --launch-count 1 --set full --metrics smsp__inst_executed.sum -o /home/arustagi/repos/Tilebench-profile-study/profile/relu/tilelang_ncu_dataset_cuda130_20261003_bf16/reports/full /scratch/arustagi/tilebench_pdf_env/bin/python /home/arustagi/repos/Tilebench-profile-study/profile/dsl_perf_study/tilelang_dataset_harness.py,0.0152,0.0166
B200/tilelang/relu/fp16,B200,tilelang,relu,fp16,4ea49cd597817337590ac3da83c69ae5c9ef33fded4db17f1875d2cc9707dad9,"{""n"":20971520}",full,application,NVIDIA_B200/relu/tilelang_fp16.ncu-rep,bcc74d013aa278152fb4f18fbf6da9d4b360a77ef9eba546de396a92fab6476c,local_copy_sha256_identical_to_hf,bcui2/NCU_report@21037737b7e371d38f3d029367dc3967d5b31a23,matched,not_recorded,1,"params from the B200 NCU catalogue (HF PR #2: TileLang reports use the catalogued maximum input); winner from origin/archive/raw-logs-2026-09-18:results/B200/logs/autotune_logs/relu_tilelang_autotune.json | B200 TileLang reports (HF PR #2): source commit not stated; paper-era packages, recorded autotune winner, catalogued max input",ok,relu_kernel_kernel,,,"{""BLOCK_SIZE"": 2048, ""threads"": 64}",2026.1.1.0 (build 37634170) (public-release),2026-Oct-04 09:34:57,13.2,/opt/nvidia/nsight-compute/2026.1.1/target/linux-desktop-glibc_2_11_3-x64/ncu --profile-from-start off --cache-control none --replay-mode application --import-source on --force-overwrite --app-replay-mode strict --kernel-name regex:^(?:relu_kernel_kernel) --launch-count 1 --set full --metrics smsp__inst_executed.sum -o /home/arustagi/repos/Tilebench-profile-study/profile/relu/tilelang_ncu_dataset_cuda130_20261003_fp16/reports/full /scratch/arustagi/tilebench_pdf_env/bin/python /home/arustagi/repos/Tilebench-profile-study/profile/dsl_perf_study/tilelang_dataset_harness.py,0.0151,0.0184
B200/tilelang/relu/fp32,B200,tilelang,relu,fp32,fe65c8672056e95d9d398b21b2accdcee062ea2e0a1ba1383e64f8ec5f3c259f,"{""n"":20971520}",full,application,NVIDIA_B200/relu/tilelang_fp32.ncu-rep,a2e47f8dcb48b47ecf24d6e19c42a1cc213d3acadf826959b00f5305813fe66f,local_copy_sha256_identical_to_hf,bcui2/NCU_report@21037737b7e371d38f3d029367dc3967d5b31a23,matched,not_recorded,1,"params from the B200 NCU catalogue (HF PR #2: TileLang reports use the catalogued maximum input); winner from origin/archive/raw-logs-2026-09-18:results/B200/logs/autotune_logs/relu_tilelang_autotune.json | B200 TileLang reports (HF PR #2): source commit not stated; paper-era packages, recorded autotune winner, catalogued max input",ok,relu_kernel_kernel,,,"{""BLOCK_SIZE"": 2048, ""threads"": 64}",2026.1.1.0 (build 37634170) (public-release),2026-Oct-04 09:46:04,13.2,/opt/nvidia/nsight-compute/2026.1.1/target/linux-desktop-glibc_2_11_3-x64/ncu --profile-from-start off --cache-control none --replay-mode application --import-source on --force-overwrite --app-replay-mode strict --kernel-name regex:^(?:relu_kernel_kernel) --launch-count 1 --set full --metrics smsp__inst_executed.sum -o /home/arustagi/repos/Tilebench-profile-study/profile/relu/tilelang_ncu_dataset_cuda130_20261003_fp32/reports/full /scratch/arustagi/tilebench_pdf_env/bin/python /home/arustagi/repos/Tilebench-profile-study/profile/dsl_perf_study/tilelang_dataset_harness.py,0.0272,0.0276
B200/tilelang/relu/int8,B200,tilelang,relu,int8,0aaec6709e6cbe3ae35d7d0e3c73fd82e386af4b267b345e2a9dc79ba310c371,"{""n"":20971520}",full,application,NVIDIA_B200/relu/tilelang_int8.ncu-rep,2dea031f5784724f4d6765155938c8019c93f02167bf0f97fbc32f3e274542db,local_copy_sha256_identical_to_hf,bcui2/NCU_report@21037737b7e371d38f3d029367dc3967d5b31a23,matched,not_recorded,1,"params from the B200 NCU catalogue (HF PR #2: TileLang reports use the catalogued maximum input); winner from origin/archive/raw-logs-2026-09-18:results/B200/logs/autotune_logs/relu_tilelang_autotune.json | B200 TileLang reports (HF PR #2): source commit not stated; paper-era packages, recorded autotune winner, catalogued max input",ok,relu_kernel_kernel,,,"{""BLOCK_SIZE"": 2048, ""threads"": 128}",2026.1.1.0 (build 37634170) (public-release),2026-Oct-04 09:57:10,13.2,/opt/nvidia/nsight-compute/2026.1.1/target/linux-desktop-glibc_2_11_3-x64/ncu --profile-from-start off --cache-control none --replay-mode application --import-source on --force-overwrite --app-replay-mode strict --kernel-name regex:^(?:relu_kernel_kernel) --launch-count 1 --set full --metrics smsp__inst_executed.sum -o /home/arustagi/repos/Tilebench-profile-study/profile/relu/tilelang_ncu_dataset_cuda130_20261003_int8/reports/full /scratch/arustagi/tilebench_pdf_env/bin/python /home/arustagi/repos/Tilebench-profile-study/profile/dsl_perf_study/tilelang_dataset_harness.py,0.0095,0.0138
B200/triton/relu/bf16,B200,triton,relu,bf16,59a0dd09a0b907abe95a67d37453c56ae5488f682636157bf8421d031562479f,"{""n"":20971520}",full,application,NVIDIA_B200/relu/triton_bf16.ncu-rep,1414947be9ed672515659ec74be28a8f686210392b36f649c9ecca5f63c91524,local_copy_sha256_identical_to_hf,bcui2/NCU_report@21037737b7e371d38f3d029367dc3967d5b31a23,matched,not_recorded,1,params+winner from NCU catalogue | B200 Triton/cuTile profiling source not recorded (developer_guide: Profiling inventory),ok,relu_kernel,1,1,"{""BLOCK_SIZE"": 1024, ""num_warps"": 2}",2026.1.1.0 (build 37634170) (public-release),2026-Aug-13 20:06:48,13.2,/opt/nvidia/nsight-compute/2026.1.1/target/linux-desktop-glibc_2_11_3-x64/ncu --set full --import-source on --replay-mode application --cache-control none --app-replay-mode strict --profile-from-start off --kernel-name regex:^(?:relu_kernel) --launch-skip 0 --launch-count 1 --force-overwrite -o /projects/kzhou6/bcui2/research/tilebench/Tilebench/tilebench_run/ncu/relu/triton_bf16 /projects/kzhou6/bcui2/env_software/miniconda3/envs/tilebench_env/bin/python /projects/kzhou6/bcui2/research/tilebench/Tilebench/tilebench_run/ncu_generic_harness.py,0.0151,0.0166
B200/triton/relu/fp16,B200,triton,relu,fp16,4ea49cd597817337590ac3da83c69ae5c9ef33fded4db17f1875d2cc9707dad9,"{""n"":20971520}",full,application,NVIDIA_B200/relu/triton_fp16.ncu-rep,63ca6078d5ec54bb93839642801b9c1227736bd180b6cfa76a0d09b10c63d819,local_copy_sha256_identical_to_hf,bcui2/NCU_report@21037737b7e371d38f3d029367dc3967d5b31a23,matched,not_recorded,1,params+winner from NCU catalogue | B200 Triton/cuTile profiling source not recorded (developer_guide: Profiling inventory),ok,relu_kernel,1,1,"{""BLOCK_SIZE"": 1024, ""num_warps"": 2}",2026.1.1.0 (build 37634170) (public-release),2026-Aug-13 19:58:51,13.2,/opt/nvidia/nsight-compute/2026.1.1/target/linux-desktop-glibc_2_11_3-x64/ncu --set full --import-source on --replay-mode application --cache-control none --app-replay-mode strict --profile-from-start off --kernel-name regex:^(?:relu_kernel) --launch-skip 0 --launch-count 1 --force-overwrite -o /projects/kzhou6/bcui2/research/tilebench/Tilebench/tilebench_run/ncu/relu/triton_fp16 /projects/kzhou6/bcui2/env_software/miniconda3/envs/tilebench_env/bin/python /projects/kzhou6/bcui2/research/tilebench/Tilebench/tilebench_run/ncu_generic_harness.py,0.0152,0.0184
B200/triton/relu/fp32,B200,triton,relu,fp32,fe65c8672056e95d9d398b21b2accdcee062ea2e0a1ba1383e64f8ec5f3c259f,"{""n"":20971520}",full,application,NVIDIA_B200/relu/triton_fp32.ncu-rep,4217ec294454862be015ad7da2ba875af73dd70a9d6ec406ef4a840118b94f07,local_copy_sha256_identical_to_hf,bcui2/NCU_report@21037737b7e371d38f3d029367dc3967d5b31a23,matched,not_recorded,1,params+winner from NCU catalogue | B200 Triton/cuTile profiling source not recorded (developer_guide: Profiling inventory),ok,relu_kernel,1,1,"{""BLOCK_SIZE"": 1024, ""num_warps"": 4}",2026.1.1.0 (build 37634170) (public-release),2026-Aug-13 20:14:56,13.2,/opt/nvidia/nsight-compute/2026.1.1/target/linux-desktop-glibc_2_11_3-x64/ncu --set full --import-source on --replay-mode application --cache-control none --app-replay-mode strict --profile-from-start off --kernel-name regex:^(?:relu_kernel) --launch-skip 0 --launch-count 1 --force-overwrite -o /projects/kzhou6/bcui2/research/tilebench/Tilebench/tilebench_run/ncu/relu/triton_fp32 /projects/kzhou6/bcui2/env_software/miniconda3/envs/tilebench_env/bin/python /projects/kzhou6/bcui2/research/tilebench/Tilebench/tilebench_run/ncu_generic_harness.py,0.0275,0.0276
B200/triton/relu/int8,B200,triton,relu,int8,0aaec6709e6cbe3ae35d7d0e3c73fd82e386af4b267b345e2a9dc79ba310c371,"{""n"":20971520}",full,application,NVIDIA_B200/relu/triton_int8.ncu-rep,906a0e904f1c32a3cdb10c180904a0955fba6f9a410f4344179d65074653599d,local_copy_sha256_identical_to_hf,bcui2/NCU_report@21037737b7e371d38f3d029367dc3967d5b31a23,matched,not_recorded,1,params+winner from NCU catalogue | B200 Triton/cuTile profiling source not recorded (developer_guide: Profiling inventory),ok,relu_kernel,1,1,"{""BLOCK_SIZE"": 2048, ""num_warps"": 2}",2026.1.1.0 (build 37634170) (public-release),2026-Aug-13 20:23:00,13.2,/opt/nvidia/nsight-compute/2026.1.1/target/linux-desktop-glibc_2_11_3-x64/ncu --set full --import-source on --replay-mode application --cache-control none --app-replay-mode strict --profile-from-start off --kernel-name regex:^(?:relu_kernel) --launch-skip 0 --launch-count 1 --force-overwrite -o /projects/kzhou6/bcui2/research/tilebench/Tilebench/tilebench_run/ncu/relu/triton_int8 /projects/kzhou6/bcui2/env_software/miniconda3/envs/tilebench_env/bin/python /projects/kzhou6/bcui2/research/tilebench/Tilebench/tilebench_run/ncu_generic_harness.py,0.0092,0.0138
B200/cutile/reverse_array/bf16,B200,cutile,reverse_array,bf16,ed3a42161302728d99d0d9ee14803041fc33dce9b75b7766b5018b1d5e80dc0a,"{""n"":20000000}",full,application,NVIDIA_B200/reverse_array/cutile_bf16.ncu-rep,1b815bf2804f62445ba2597054ef42dc5b52298515cd402a1b5f0507d5bb03f1,local_copy_sha256_identical_to_hf,bcui2/NCU_report@21037737b7e371d38f3d029367dc3967d5b31a23,matched,not_recorded,1,params+winner from NCU catalogue | B200 Triton/cuTile profiling source not recorded (developer_guide: Profiling inventory),ok,reverse_kernel_Kt1_A1bf16_1i16t1_p16_A1bf16_1i16t1_p16_Si32_I1024,1,1,"{""occupancy"": 16, ""tile"": 1024}",2026.1.1.0 (build 37634170) (public-release),2026-Aug-13 19:05:07,13.2,/opt/nvidia/nsight-compute/2026.1.1/target/linux-desktop-glibc_2_11_3-x64/ncu --set full --import-source on --replay-mode application --cache-control none --app-replay-mode strict --profile-from-start off --kernel-name regex:^(?:reverse_kernel) --launch-skip 0 --launch-count 1 --force-overwrite -o /projects/kzhou6/bcui2/research/tilebench/Tilebench/tilebench_run/ncu/reverse_array/cutile_bf16 /projects/kzhou6/bcui2/env_software/miniconda3/envs/tilebench_env/bin/python /projects/kzhou6/bcui2/research/tilebench/Tilebench/tilebench_run/ncu_generic_harness.py,0.0182,0.0463
B200/cutile/reverse_array/fp16,B200,cutile,reverse_array,fp16,983fef03544b35edd79027c397d75a792a88a051eb67d561e138b1badb8c3be0,"{""n"":20000000}",full,application,NVIDIA_B200/reverse_array/cutile_fp16.ncu-rep,a3e81f636d55c056474f938ded1fdcc924c12a4e550ff39893bb532dea998964,local_copy_sha256_identical_to_hf,bcui2/NCU_report@21037737b7e371d38f3d029367dc3967d5b31a23,matched,not_recorded,1,params+winner from NCU catalogue | B200 Triton/cuTile profiling source not recorded (developer_guide: Profiling inventory),ok,reverse_kernel_Kt1_A1f16_1i16t1_p16_A1f16_1i16t1_p16_Si32_I8192,1,1,"{""occupancy"": 16, ""tile"": 8192}",2026.1.1.0 (build 37634170) (public-release),2026-Aug-13 18:57:03,13.2,/opt/nvidia/nsight-compute/2026.1.1/target/linux-desktop-glibc_2_11_3-x64/ncu --set full --import-source on --replay-mode application --cache-control none --app-replay-mode strict --profile-from-start off --kernel-name regex:^(?:reverse_kernel) --launch-skip 0 --launch-count 1 --force-overwrite -o /projects/kzhou6/bcui2/research/tilebench/Tilebench/tilebench_run/ncu/reverse_array/cutile_fp16 /projects/kzhou6/bcui2/env_software/miniconda3/envs/tilebench_env/bin/python /projects/kzhou6/bcui2/research/tilebench/Tilebench/tilebench_run/ncu_generic_harness.py,0.0180,0.0464
B200/cutile/reverse_array/fp32,B200,cutile,reverse_array,fp32,810a2da2844180fc32c3ce5600f0d5ed5b1c332b7d203edfc2f2f377bfc8308e,"{""n"":20000000}",full,application,NVIDIA_B200/reverse_array/cutile_fp32.ncu-rep,bfe447c0da33371c5d14056ba34d80c0d602fee0e50e573fb3ce2693dae40035,local_copy_sha256_identical_to_hf,bcui2/NCU_report@21037737b7e371d38f3d029367dc3967d5b31a23,matched,not_recorded,1,params+winner from NCU catalogue | B200 Triton/cuTile profiling source not recorded (developer_guide: Profiling inventory),ok,reverse_kernel_Kt1_A1f32_1i16t1_p16_A1f32_1i16t1_p16_Si32_I1024,1,1,"{""occupancy"": 8, ""tile"": 1024}",2026.1.1.0 (build 37634170) (public-release),2026-Aug-13 19:13:06,13.2,/opt/nvidia/nsight-compute/2026.1.1/target/linux-desktop-glibc_2_11_3-x64/ncu --set full --import-source on --replay-mode application --cache-control none --app-replay-mode strict --profile-from-start off --kernel-name regex:^(?:reverse_kernel) --launch-skip 0 --launch-count 1 --force-overwrite -o /projects/kzhou6/bcui2/research/tilebench/Tilebench/tilebench_run/ncu/reverse_array/cutile_fp32 /projects/kzhou6/bcui2/env_software/miniconda3/envs/tilebench_env/bin/python /projects/kzhou6/bcui2/research/tilebench/Tilebench/tilebench_run/ncu_generic_harness.py,0.0261,0.0514
B200/cutile/reverse_array/int8,B200,cutile,reverse_array,int8,42f89c33d4beb189ee2a29ca4be689bb4988b9fa96c279d09df387c99beedc99,"{""n"":20000000}",full,application,NVIDIA_B200/reverse_array/cutile_int8.ncu-rep,14bffe7cc4f8708237c97fa954191ff954fdb1a09b06b3be424775d088b295ea,local_copy_sha256_identical_to_hf,bcui2/NCU_report@21037737b7e371d38f3d029367dc3967d5b31a23,matched,not_recorded,1,params+winner from NCU catalogue | B200 Triton/cuTile profiling source not recorded (developer_guide: Profiling inventory),ok,reverse_kernel_Kt1_A1i8_1i16t1_p16_A1i8_1i16t1_p16_Si32_I8192,1,1,"{""occupancy"": 4, ""tile"": 8192}",2026.1.1.0 (build 37634170) (public-release),2026-Aug-13 19:21:10,13.2,/opt/nvidia/nsight-compute/2026.1.1/target/linux-desktop-glibc_2_11_3-x64/ncu --set full --import-source on --replay-mode application --cache-control none --app-replay-mode strict --profile-from-start off --kernel-name regex:^(?:reverse_kernel) --launch-skip 0 --launch-count 1 --force-overwrite -o /projects/kzhou6/bcui2/research/tilebench/Tilebench/tilebench_run/ncu/reverse_array/cutile_int8 /projects/kzhou6/bcui2/env_software/miniconda3/envs/tilebench_env/bin/python /projects/kzhou6/bcui2/research/tilebench/Tilebench/tilebench_run/ncu_generic_harness.py,0.0124,0.0424
B200/tilelang/reverse_array/bf16,B200,tilelang,reverse_array,bf16,ed3a42161302728d99d0d9ee14803041fc33dce9b75b7766b5018b1d5e80dc0a,"{""n"":20000000}",full,application,NVIDIA_B200/reverse_array/tilelang_bf16.ncu-rep,59b1bfeee8f245ec69934041986b207fbea2d56521d82350f7a0c3ecf51fa991,local_copy_sha256_identical_to_hf,bcui2/NCU_report@21037737b7e371d38f3d029367dc3967d5b31a23,matched,not_recorded,1,"params from the B200 NCU catalogue (HF PR #2: TileLang reports use the catalogued maximum input); winner from origin/archive/raw-logs-2026-09-18:results/B200/logs/autotune_logs/reverse_array_tilelang_autotune.json | B200 TileLang reports (HF PR #2): source commit not stated; paper-era packages, recorded autotune winner, catalogued max input",ok,reverse_array_kernel_kernel,,,"{""BLOCK_SIZE"": 1024, ""threads"": 128}",2026.1.1.0 (build 37634170) (public-release),2026-Oct-04 10:07:48,13.2,/opt/nvidia/nsight-compute/2026.1.1/target/linux-desktop-glibc_2_11_3-x64/ncu --profile-from-start off --cache-control none --replay-mode application --import-source on --force-overwrite --app-replay-mode strict --kernel-name regex:^(?:reverse_array_kernel_kernel) --launch-count 1 --set full --metrics smsp__inst_executed.sum -o /home/arustagi/repos/Tilebench-profile-study/profile/reverse_array/tilelang_ncu_dataset_cuda130_20261003_bf16/reports/full /scratch/arustagi/tilebench_pdf_env/bin/python /home/arustagi/repos/Tilebench-profile-study/profile/dsl_perf_study/tilelang_dataset_harness.py,0.0274,0.0463
B200/tilelang/reverse_array/fp16,B200,tilelang,reverse_array,fp16,983fef03544b35edd79027c397d75a792a88a051eb67d561e138b1badb8c3be0,"{""n"":20000000}",full,application,NVIDIA_B200/reverse_array/tilelang_fp16.ncu-rep,128526d0b0e9c0b9e4c4b351a9699c1dddcd2fbe173c4363a402087f5d7cff05,local_copy_sha256_identical_to_hf,bcui2/NCU_report@21037737b7e371d38f3d029367dc3967d5b31a23,matched,not_recorded,1,"params from the B200 NCU catalogue (HF PR #2: TileLang reports use the catalogued maximum input); winner from origin/archive/raw-logs-2026-09-18:results/B200/logs/autotune_logs/reverse_array_tilelang_autotune.json | B200 TileLang reports (HF PR #2): source commit not stated; paper-era packages, recorded autotune winner, catalogued max input",ok,reverse_array_kernel_kernel,,,"{""BLOCK_SIZE"": 1024, ""threads"": 128}",2026.1.1.0 (build 37634170) (public-release),2026-Oct-04 10:18:39,13.2,/opt/nvidia/nsight-compute/2026.1.1/target/linux-desktop-glibc_2_11_3-x64/ncu --profile-from-start off --cache-control none --replay-mode application --import-source on --force-overwrite --app-replay-mode strict --kernel-name regex:^(?:reverse_array_kernel_kernel) --launch-count 1 --set full --metrics smsp__inst_executed.sum -o /home/arustagi/repos/Tilebench-profile-study/profile/reverse_array/tilelang_ncu_dataset_cuda130_20261003_fp16/reports/full /scratch/arustagi/tilebench_pdf_env/bin/python /home/arustagi/repos/Tilebench-profile-study/profile/dsl_perf_study/tilelang_dataset_harness.py,0.0275,0.0464
B200/tilelang/reverse_array/fp32,B200,tilelang,reverse_array,fp32,810a2da2844180fc32c3ce5600f0d5ed5b1c332b7d203edfc2f2f377bfc8308e,"{""n"":20000000}",full,application,NVIDIA_B200/reverse_array/tilelang_fp32.ncu-rep,0d243f3f6261d40fc98bda8e08b5c953b3d60611cff8d26c081474a37de3648d,local_copy_sha256_identical_to_hf,bcui2/NCU_report@21037737b7e371d38f3d029367dc3967d5b31a23,matched,not_recorded,1,"params from the B200 NCU catalogue (HF PR #2: TileLang reports use the catalogued maximum input); winner from origin/archive/raw-logs-2026-09-18:results/B200/logs/autotune_logs/reverse_array_tilelang_autotune.json | B200 TileLang reports (HF PR #2): source commit not stated; paper-era packages, recorded autotune winner, catalogued max input",ok,reverse_array_kernel_kernel,,,"{""BLOCK_SIZE"": 1024, ""threads"": 128}",2026.1.1.0 (build 37634170) (public-release),2026-Oct-04 10:29:55,13.2,/opt/nvidia/nsight-compute/2026.1.1/target/linux-desktop-glibc_2_11_3-x64/ncu --profile-from-start off --cache-control none --replay-mode application --import-source on --force-overwrite --app-replay-mode strict --kernel-name regex:^(?:reverse_array_kernel_kernel) --launch-count 1 --set full --metrics smsp__inst_executed.sum -o /home/arustagi/repos/Tilebench-profile-study/profile/reverse_array/tilelang_ncu_dataset_cuda130_20261003_fp32/reports/full /scratch/arustagi/tilebench_pdf_env/bin/python /home/arustagi/repos/Tilebench-profile-study/profile/dsl_perf_study/tilelang_dataset_harness.py,0.0330,0.0514
B200/tilelang/reverse_array/int8,B200,tilelang,reverse_array,int8,42f89c33d4beb189ee2a29ca4be689bb4988b9fa96c279d09df387c99beedc99,"{""n"":20000000}",full,application,NVIDIA_B200/reverse_array/tilelang_int8.ncu-rep,6d900ea0baa5f3df3f78b63c8c6d17ff9f5bb46158e3025a8eddeb0f2617109f,local_copy_sha256_identical_to_hf,bcui2/NCU_report@21037737b7e371d38f3d029367dc3967d5b31a23,matched,not_recorded,1,"params from the B200 NCU catalogue (HF PR #2: TileLang reports use the catalogued maximum input); winner from origin/archive/raw-logs-2026-09-18:results/B200/logs/autotune_logs/reverse_array_tilelang_autotune.json | B200 TileLang reports (HF PR #2): source commit not stated; paper-era packages, recorded autotune winner, catalogued max input",ok,reverse_array_kernel_kernel,,,"{""BLOCK_SIZE"": 1024, ""threads"": 128}",2026.1.1.0 (build 37634170) (public-release),2026-Oct-04 10:41:43,13.2,/opt/nvidia/nsight-compute/2026.1.1/target/linux-desktop-glibc_2_11_3-x64/ncu --profile-from-start off --cache-control none --replay-mode application --import-source on --force-overwrite --app-replay-mode strict --kernel-name regex:^(?:reverse_array_kernel_kernel) --launch-count 1 --set full --metrics smsp__inst_executed.sum -o /home/arustagi/repos/Tilebench-profile-study/profile/reverse_array/tilelang_ncu_dataset_cuda130_20261003_int8/reports/full /scratch/arustagi/tilebench_pdf_env/bin/python /home/arustagi/repos/Tilebench-profile-study/profile/dsl_perf_study/tilelang_dataset_harness.py,0.0228,0.0424
B200/triton/reverse_array/bf16,B200,triton,reverse_array,bf16,ed3a42161302728d99d0d9ee14803041fc33dce9b75b7766b5018b1d5e80dc0a,"{""n"":20000000}",full,application,NVIDIA_B200/reverse_array/triton_bf16.ncu-rep,c2873890b2f5d893abb580af4569f575e7a69c55e2a77a0167cbb5819c081c9f,local_copy_sha256_identical_to_hf,bcui2/NCU_report@21037737b7e371d38f3d029367dc3967d5b31a23,matched,not_recorded,1,params+winner from NCU catalogue | B200 Triton/cuTile profiling source not recorded (developer_guide: Profiling inventory),ok,reverse_kernel,1,1,"{""BLOCK_SIZE"": 8192, ""num_stages"": 2, ""num_warps"": 8}",2026.1.1.0 (build 37634170) (public-release),2026-Aug-13 19:01:06,13.2,/opt/nvidia/nsight-compute/2026.1.1/target/linux-desktop-glibc_2_11_3-x64/ncu --set full --import-source on --replay-mode application --cache-control none --app-replay-mode strict --profile-from-start off --kernel-name regex:^(?:reverse_kernel) --launch-skip 0 --launch-count 1 --force-overwrite -o /projects/kzhou6/bcui2/research/tilebench/Tilebench/tilebench_run/ncu/reverse_array/triton_bf16 /projects/kzhou6/bcui2/env_software/miniconda3/envs/tilebench_env/bin/python /projects/kzhou6/bcui2/research/tilebench/Tilebench/tilebench_run/ncu_generic_harness.py,0.0161,0.0463
B200/triton/reverse_array/fp16,B200,triton,reverse_array,fp16,983fef03544b35edd79027c397d75a792a88a051eb67d561e138b1badb8c3be0,"{""n"":20000000}",full,application,NVIDIA_B200/reverse_array/triton_fp16.ncu-rep,994727d0927f85312b4b8368260522ea4e1531096b44cf1ed8f27836be1c77b4,local_copy_sha256_identical_to_hf,bcui2/NCU_report@21037737b7e371d38f3d029367dc3967d5b31a23,matched,not_recorded,1,params+winner from NCU catalogue | B200 Triton/cuTile profiling source not recorded (developer_guide: Profiling inventory),ok,reverse_kernel,1,1,"{""BLOCK_SIZE"": 2048, ""num_stages"": 1, ""num_warps"": 4}",2026.1.1.0 (build 37634170) (public-release),2026-Aug-13 18:53:05,13.2,/opt/nvidia/nsight-compute/2026.1.1/target/linux-desktop-glibc_2_11_3-x64/ncu --set full --import-source on --replay-mode application --cache-control none --app-replay-mode strict --profile-from-start off --kernel-name regex:^(?:reverse_kernel) --launch-skip 0 --launch-count 1 --force-overwrite -o /projects/kzhou6/bcui2/research/tilebench/Tilebench/tilebench_run/ncu/reverse_array/triton_fp16 /projects/kzhou6/bcui2/env_software/miniconda3/envs/tilebench_env/bin/python /projects/kzhou6/bcui2/research/tilebench/Tilebench/tilebench_run/ncu_generic_harness.py,0.0170,0.0464
B200/triton/reverse_array/fp32,B200,triton,reverse_array,fp32,810a2da2844180fc32c3ce5600f0d5ed5b1c332b7d203edfc2f2f377bfc8308e,"{""n"":20000000}",full,application,NVIDIA_B200/reverse_array/triton_fp32.ncu-rep,355788bd393428cb8add15857173ea839f014a3ff87d1059d441f49b8a89c6d1,local_copy_sha256_identical_to_hf,bcui2/NCU_report@21037737b7e371d38f3d029367dc3967d5b31a23,matched,not_recorded,1,params+winner from NCU catalogue | B200 Triton/cuTile profiling source not recorded (developer_guide: Profiling inventory),ok,reverse_kernel,1,1,"{""BLOCK_SIZE"": 1024, ""num_stages"": 2, ""num_warps"": 4}",2026.1.1.0 (build 37634170) (public-release),2026-Aug-13 19:09:06,13.2,/opt/nvidia/nsight-compute/2026.1.1/target/linux-desktop-glibc_2_11_3-x64/ncu --set full --import-source on --replay-mode application --cache-control none --app-replay-mode strict --profile-from-start off --kernel-name regex:^(?:reverse_kernel) --launch-skip 0 --launch-count 1 --force-overwrite -o /projects/kzhou6/bcui2/research/tilebench/Tilebench/tilebench_run/ncu/reverse_array/triton_fp32 /projects/kzhou6/bcui2/env_software/miniconda3/envs/tilebench_env/bin/python /projects/kzhou6/bcui2/research/tilebench/Tilebench/tilebench_run/ncu_generic_harness.py,0.0264,0.0514
B200/triton/reverse_array/int8,B200,triton,reverse_array,int8,42f89c33d4beb189ee2a29ca4be689bb4988b9fa96c279d09df387c99beedc99,"{""n"":20000000}",full,application,NVIDIA_B200/reverse_array/triton_int8.ncu-rep,8c79119ec88e4ee8c439e339101b8faa1f5d19d70b0f59d635db9d3bc487abeb,local_copy_sha256_identical_to_hf,bcui2/NCU_report@21037737b7e371d38f3d029367dc3967d5b31a23,matched,not_recorded,1,params+winner from NCU catalogue | B200 Triton/cuTile profiling source not recorded (developer_guide: Profiling inventory),ok,reverse_kernel,1,1,"{""BLOCK_SIZE"": 1024, ""num_stages"": 1, ""num_warps"": 4}",2026.1.1.0 (build 37634170) (public-release),2026-Aug-13 19:17:09,13.2,/opt/nvidia/nsight-compute/2026.1.1/target/linux-desktop-glibc_2_11_3-x64/ncu --set full --import-source on --replay-mode application --cache-control none --app-replay-mode strict --profile-from-start off --kernel-name regex:^(?:reverse_kernel) --launch-skip 0 --launch-count 1 --force-overwrite -o /projects/kzhou6/bcui2/research/tilebench/Tilebench/tilebench_run/ncu/reverse_array/triton_int8 /projects/kzhou6/bcui2/env_software/miniconda3/envs/tilebench_env/bin/python /projects/kzhou6/bcui2/research/tilebench/Tilebench/tilebench_run/ncu_generic_harness.py,0.0126,0.0424
B200/cutile/rmsnorm/bf16,B200,cutile,rmsnorm,bf16,1288e3a1abb85f3e350691afe9d8f11c3f4e9064f9fcb13ddde25a540e1add80,"{""K"":10240,""M"":2048,""batch"":1}",full,application,NVIDIA_B200/rmsnorm/cutile_bf16.ncu-rep,139b450a35bce6b2230e50de8492a6647828815c96168d197bb8d96da97deb92,local_copy_sha256_identical_to_hf,bcui2/NCU_report@21037737b7e371d38f3d029367dc3967d5b31a23,matched,not_recorded,1,params+winner from NCU catalogue | B200 Triton/cuTile profiling source not recorded (developer_guide: Profiling inventory),ok,rmsnorm_kernel_Kt1_A2bf16_1v8l0_2t1_3i16_p16_A1bf16_1i16t1_p16_A2bf16_1v8l0_2t1_3i16_p16_Sf32_I10240_I2048,1,1,"{""occupancy"": 16, ""tile_size"": 2048}",2026.1.1.0 (build 37634170) (public-release),2026-Aug-13 19:37:20,13.2,/opt/nvidia/nsight-compute/2026.1.1/target/linux-desktop-glibc_2_11_3-x64/ncu --set full --import-source on --replay-mode application --cache-control none --app-replay-mode strict --profile-from-start off --kernel-name regex:^(?:rmsnorm_kernel) --launch-skip 0 --launch-count 1 --force-overwrite -o /projects/kzhou6/bcui2/research/tilebench/Tilebench/tilebench_run/ncu/rmsnorm/cutile_bf16 /projects/kzhou6/bcui2/env_software/miniconda3/envs/tilebench_env/bin/python /projects/kzhou6/bcui2/research/tilebench/Tilebench/tilebench_run/ncu_generic_harness.py,0.0214,0.0218
B200/cutile/rmsnorm/fp16,B200,cutile,rmsnorm,fp16,a33b34a807d8cb49d19d42bc51fe557b157a6cdbcdf961c71164d39e95ee9a8d,"{""K"":10240,""M"":2048,""batch"":1}",full,application,NVIDIA_B200/rmsnorm/cutile_fp16.ncu-rep,b3dcc668f3c7c38aa0d7afc0313e04685121e915737b5edc338cfb7ae28b1c17,local_copy_sha256_identical_to_hf,bcui2/NCU_report@21037737b7e371d38f3d029367dc3967d5b31a23,matched,not_recorded,1,params+winner from NCU catalogue | B200 Triton/cuTile profiling source not recorded (developer_guide: Profiling inventory),ok,rmsnorm_kernel_Kt1_A2f16_1v8l0_2t1_3i16_p16_A1f16_1i16t1_p16_A2f16_1v8l0_2t1_3i16_p16_Sf32_I10240_I1024,1,1,"{""occupancy"": 16, ""tile_size"": 1024}",2026.1.1.0 (build 37634170) (public-release),2026-Aug-13 19:29:13,13.2,/opt/nvidia/nsight-compute/2026.1.1/target/linux-desktop-glibc_2_11_3-x64/ncu --set full --import-source on --replay-mode application --cache-control none --app-replay-mode strict --profile-from-start off --kernel-name regex:^(?:rmsnorm_kernel) --launch-skip 0 --launch-count 1 --force-overwrite -o /projects/kzhou6/bcui2/research/tilebench/Tilebench/tilebench_run/ncu/rmsnorm/cutile_fp16 /projects/kzhou6/bcui2/env_software/miniconda3/envs/tilebench_env/bin/python /projects/kzhou6/bcui2/research/tilebench/Tilebench/tilebench_run/ncu_generic_harness.py,0.0222,0.0218
B200/cutile/rmsnorm/fp32,B200,cutile,rmsnorm,fp32,e11fe6d3a765e370294c8b671f66fe29affdbc6adabc9d347c6b2ac81097dca6,"{""K"":10240,""M"":2048,""batch"":1}",full,application,NVIDIA_B200/rmsnorm/cutile_fp32.ncu-rep,06f55822bb9815f7479db9d28303390709adc8fb9cf4ee56295a304ccdef99ad,local_copy_sha256_identical_to_hf,bcui2/NCU_report@21037737b7e371d38f3d029367dc3967d5b31a23,matched,not_recorded,1,params+winner from NCU catalogue | B200 Triton/cuTile profiling source not recorded (developer_guide: Profiling inventory),ok,rmsnorm_kernel_Kt1_A2f32_1v4l0_2t1_3i16_p16_A1f32_1i16t1_p16_A2f32_1v4l0_2t1_3i16_p16_Sf32_I10240_I1024,1,1,"{""occupancy"": 4, ""tile_size"": 1024}",2026.1.1.0 (build 37634170) (public-release),2026-Aug-13 19:45:29,13.2,/opt/nvidia/nsight-compute/2026.1.1/target/linux-desktop-glibc_2_11_3-x64/ncu --set full --import-source on --replay-mode application --cache-control none --app-replay-mode strict --profile-from-start off --kernel-name regex:^(?:rmsnorm_kernel) --launch-skip 0 --launch-count 1 --force-overwrite -o /projects/kzhou6/bcui2/research/tilebench/Tilebench/tilebench_run/ncu/rmsnorm/cutile_fp32 /projects/kzhou6/bcui2/env_software/miniconda3/envs/tilebench_env/bin/python /projects/kzhou6/bcui2/research/tilebench/Tilebench/tilebench_run/ncu_generic_harness.py,0.0340,0.0500
B200/tilelang/rmsnorm/bf16,B200,tilelang,rmsnorm,bf16,1288e3a1abb85f3e350691afe9d8f11c3f4e9064f9fcb13ddde25a540e1add80,"{""K"":10240,""M"":2048,""batch"":1}",full,application,NVIDIA_B200/rmsnorm/tilelang_bf16.ncu-rep,3cb563d4c3ef3c0bee0c4a2dc11c8b24d2eff4f94bc34a1a57cd8778c8092948,local_copy_sha256_identical_to_hf,bcui2/NCU_report@21037737b7e371d38f3d029367dc3967d5b31a23,matched,not_recorded,1,"params from the B200 NCU catalogue (HF PR #2: TileLang reports use the catalogued maximum input); winner from origin/archive/raw-logs-2026-09-18:results/B200/logs/autotune_logs/rmsnorm_tilelang_autotune.json | B200 TileLang reports (HF PR #2): source commit not stated; paper-era packages, recorded autotune winner, catalogued max input",ok,rmsnorm_kernel_kernel,,,"{""BLOCK_N"": 2048, ""num_stages"": 4, ""threads"": 256}",2026.1.1.0 (build 37634170) (public-release),2026-Oct-04 10:53:17,13.2,/opt/nvidia/nsight-compute/2026.1.1/target/linux-desktop-glibc_2_11_3-x64/ncu --profile-from-start off --cache-control none --replay-mode application --import-source on --force-overwrite --app-replay-mode strict --kernel-name regex:^(?:rmsnorm_kernel_kernel) --launch-count 1 --set full --metrics smsp__inst_executed.sum -o /home/arustagi/repos/Tilebench-profile-study/profile/rmsnorm/tilelang_ncu_dataset_cuda130_20261003_bf16/reports/full /scratch/arustagi/tilebench_pdf_env/bin/python /home/arustagi/repos/Tilebench-profile-study/profile/dsl_perf_study/tilelang_dataset_harness.py,0.0173,0.0218
B200/tilelang/rmsnorm/fp16,B200,tilelang,rmsnorm,fp16,a33b34a807d8cb49d19d42bc51fe557b157a6cdbcdf961c71164d39e95ee9a8d,"{""K"":10240,""M"":2048,""batch"":1}",full,application,NVIDIA_B200/rmsnorm/tilelang_fp16.ncu-rep,33d06a54f37635ebe06bcb698d9f9daf84634fab00121da13840c96a834c7c17,local_copy_sha256_identical_to_hf,bcui2/NCU_report@21037737b7e371d38f3d029367dc3967d5b31a23,matched,not_recorded,1,"params from the B200 NCU catalogue (HF PR #2: TileLang reports use the catalogued maximum input); winner from origin/archive/raw-logs-2026-09-18:results/B200/logs/autotune_logs/rmsnorm_tilelang_autotune.json | B200 TileLang reports (HF PR #2): source commit not stated; paper-era packages, recorded autotune winner, catalogued max input",ok,rmsnorm_kernel_kernel,,,"{""BLOCK_N"": 2048, ""num_stages"": 2, ""threads"": 256}",2026.1.1.0 (build 37634170) (public-release),2026-Oct-04 11:04:57,13.2,/opt/nvidia/nsight-compute/2026.1.1/target/linux-desktop-glibc_2_11_3-x64/ncu --profile-from-start off --cache-control none --replay-mode application --import-source on --force-overwrite --app-replay-mode strict --kernel-name regex:^(?:rmsnorm_kernel_kernel) --launch-count 1 --set full --metrics smsp__inst_executed.sum -o /home/arustagi/repos/Tilebench-profile-study/profile/rmsnorm/tilelang_ncu_dataset_cuda130_20261003_fp16/reports/full /scratch/arustagi/tilebench_pdf_env/bin/python /home/arustagi/repos/Tilebench-profile-study/profile/dsl_perf_study/tilelang_dataset_harness.py,0.0175,0.0218
B200/tilelang/rmsnorm/fp32,B200,tilelang,rmsnorm,fp32,e11fe6d3a765e370294c8b671f66fe29affdbc6adabc9d347c6b2ac81097dca6,"{""K"":10240,""M"":2048,""batch"":1}",full,application,NVIDIA_B200/rmsnorm/tilelang_fp32.ncu-rep,bff49f77c1713be7c0c093522c6438f98d47a2912b0e4f273e21aa54a8d6ec7e,local_copy_sha256_identical_to_hf,bcui2/NCU_report@21037737b7e371d38f3d029367dc3967d5b31a23,matched,not_recorded,1,"params from the B200 NCU catalogue (HF PR #2: TileLang reports use the catalogued maximum input); winner from origin/archive/raw-logs-2026-09-18:results/B200/logs/autotune_logs/rmsnorm_tilelang_autotune.json | B200 TileLang reports (HF PR #2): source commit not stated; paper-era packages, recorded autotune winner, catalogued max input",ok,rmsnorm_kernel_kernel,,,"{""BLOCK_N"": 1024, ""num_stages"": 3, ""threads"": 256}",2026.1.1.0 (build 37634170) (public-release),2026-Oct-04 11:16:42,13.2,/opt/nvidia/nsight-compute/2026.1.1/target/linux-desktop-glibc_2_11_3-x64/ncu --profile-from-start off --cache-control none --replay-mode application --import-source on --force-overwrite --app-replay-mode strict --kernel-name regex:^(?:rmsnorm_kernel_kernel) --launch-count 1 --set full --metrics smsp__inst_executed.sum -o /home/arustagi/repos/Tilebench-profile-study/profile/rmsnorm/tilelang_ncu_dataset_cuda130_20261003_fp32/reports/full /scratch/arustagi/tilebench_pdf_env/bin/python /home/arustagi/repos/Tilebench-profile-study/profile/dsl_perf_study/tilelang_dataset_harness.py,0.0299,0.0500
B200/triton/rmsnorm/bf16,B200,triton,rmsnorm,bf16,1288e3a1abb85f3e350691afe9d8f11c3f4e9064f9fcb13ddde25a540e1add80,"{""K"":10240,""M"":2048,""batch"":1}",full,application,NVIDIA_B200/rmsnorm/triton_bf16.ncu-rep,71cb500c15c52c8d64922d0fe5716bd5376355bbd34b80b60c9012825c443984,local_copy_sha256_identical_to_hf,bcui2/NCU_report@21037737b7e371d38f3d029367dc3967d5b31a23,matched,not_recorded,1,params+winner from NCU catalogue | B200 Triton/cuTile profiling source not recorded (developer_guide: Profiling inventory),ok,rmsnorm_kernel,1,1,"{""BLOCK_N_SIZE"": 2048, ""num_stages"": 2, ""num_warps"": 4}",2026.1.1.0 (build 37634170) (public-release),2026-Aug-13 19:33:12,13.2,/opt/nvidia/nsight-compute/2026.1.1/target/linux-desktop-glibc_2_11_3-x64/ncu --set full --import-source on --replay-mode application --cache-control none --app-replay-mode strict --profile-from-start off --kernel-name regex:^(?:rmsnorm_kernel) --launch-skip 0 --launch-count 1 --force-overwrite -o /projects/kzhou6/bcui2/research/tilebench/Tilebench/tilebench_run/ncu/rmsnorm/triton_bf16 /projects/kzhou6/bcui2/env_software/miniconda3/envs/tilebench_env/bin/python /projects/kzhou6/bcui2/research/tilebench/Tilebench/tilebench_run/ncu_generic_harness.py,0.0189,0.0218
B200/triton/rmsnorm/fp16,B200,triton,rmsnorm,fp16,a33b34a807d8cb49d19d42bc51fe557b157a6cdbcdf961c71164d39e95ee9a8d,"{""K"":10240,""M"":2048,""batch"":1}",full,application,NVIDIA_B200/rmsnorm/triton_fp16.ncu-rep,3415f5401d6c8b93976e378a0b98339e2d6782b75b67fcc93194da0456e32f4b,local_copy_sha256_identical_to_hf,bcui2/NCU_report@21037737b7e371d38f3d029367dc3967d5b31a23,matched,not_recorded,1,params+winner from NCU catalogue | B200 Triton/cuTile profiling source not recorded (developer_guide: Profiling inventory),ok,rmsnorm_kernel,1,1,"{""BLOCK_N_SIZE"": 2048, ""num_stages"": 2, ""num_warps"": 4}",2026.1.1.0 (build 37634170) (public-release),2026-Aug-13 19:25:16,13.2,/opt/nvidia/nsight-compute/2026.1.1/target/linux-desktop-glibc_2_11_3-x64/ncu --set full --import-source on --replay-mode application --cache-control none --app-replay-mode strict --profile-from-start off --kernel-name regex:^(?:rmsnorm_kernel) --launch-skip 0 --launch-count 1 --force-overwrite -o /projects/kzhou6/bcui2/research/tilebench/Tilebench/tilebench_run/ncu/rmsnorm/triton_fp16 /projects/kzhou6/bcui2/env_software/miniconda3/envs/tilebench_env/bin/python /projects/kzhou6/bcui2/research/tilebench/Tilebench/tilebench_run/ncu_generic_harness.py,0.0189,0.0218
B200/triton/rmsnorm/fp32,B200,triton,rmsnorm,fp32,e11fe6d3a765e370294c8b671f66fe29affdbc6adabc9d347c6b2ac81097dca6,"{""K"":10240,""M"":2048,""batch"":1}",full,application,NVIDIA_B200/rmsnorm/triton_fp32.ncu-rep,bb5acb26604198d5bad136e0191252d2e0d26bd0c0970c8285eea9ec535de36c,local_copy_sha256_identical_to_hf,bcui2/NCU_report@21037737b7e371d38f3d029367dc3967d5b31a23,matched,not_recorded,1,params+winner from NCU catalogue | B200 Triton/cuTile profiling source not recorded (developer_guide: Profiling inventory),ok,rmsnorm_kernel,1,1,"{""BLOCK_N_SIZE"": 2048, ""num_stages"": 2, ""num_warps"": 8}",2026.1.1.0 (build 37634170) (public-release),2026-Aug-13 19:41:22,13.2,/opt/nvidia/nsight-compute/2026.1.1/target/linux-desktop-glibc_2_11_3-x64/ncu --set full --import-source on --replay-mode application --cache-control none --app-replay-mode strict --profile-from-start off --kernel-name regex:^(?:rmsnorm_kernel) --launch-skip 0 --launch-count 1 --force-overwrite -o /projects/kzhou6/bcui2/research/tilebench/Tilebench/tilebench_run/ncu/rmsnorm/triton_fp32 /projects/kzhou6/bcui2/env_software/miniconda3/envs/tilebench_env/bin/python /projects/kzhou6/bcui2/research/tilebench/Tilebench/tilebench_run/ncu_generic_harness.py,0.0332,0.0500
B200/cutile/rope/fp16,B200,cutile,rope,fp16,0e5044ce223bf21f1c23010169f86841a41ea3908839d07a7c430a025c6fa22c,"{""batch_size"":1,""head_dim"":128,""n_heads"":32,""seq_len"":20480}",full,application,NVIDIA_B200/rope/cutile_fp16.ncu-rep,1275deab312caf89c34a77defac04e5a9e3f63b137fe36f45aaf9053275c916e,local_copy_sha256_identical_to_hf,bcui2/NCU_report@21037737b7e371d38f3d029367dc3967d5b31a23,matched,not_recorded,1,params+winner from NCU catalogue | B200 Triton/cuTile profiling source not recorded (developer_guide: Profiling inventory),ok,rope_embedding_Kt1_A4f16_7v8l0_8t1_bi16_p16_A2f16_1v8l0_2t1_3i16_p16_A2f16_1v8l0_2t1_3i16_p16_I20480_I64_I16,1,1,"{""group_size"": 16, ""occupancy"": 8}",2026.1.1.0 (build 37634170) (public-release),2026-Aug-13 20:34:26,13.2,/opt/nvidia/nsight-compute/2026.1.1/target/linux-desktop-glibc_2_11_3-x64/ncu --set full --import-source on --replay-mode application --cache-control none --app-replay-mode strict --profile-from-start off --kernel-name regex:^(?:rope_embedding) --launch-skip 0 --launch-count 1 --force-overwrite -o /projects/kzhou6/bcui2/research/tilebench/Tilebench/tilebench_run/ncu/rope/cutile_fp16 /projects/kzhou6/bcui2/env_software/miniconda3/envs/tilebench_env/bin/python /projects/kzhou6/bcui2/research/tilebench/Tilebench/tilebench_run/ncu_generic_harness.py,0.0546,0.5698
B200/cutile/rope/fp32,B200,cutile,rope,fp32,40b2d362544e99b824115b4cf74f099b11179d29fb22039bec9713e56f89d07b,"{""batch_size"":1,""head_dim"":128,""n_heads"":32,""seq_len"":20480}",full,application,NVIDIA_B200/rope/cutile_fp32.ncu-rep,cab95fab487769547ac3f012ce876b8fbc7a1e42990fcb7983f56a62653f9959,local_copy_sha256_identical_to_hf,bcui2/NCU_report@21037737b7e371d38f3d029367dc3967d5b31a23,matched,not_recorded,1,params+winner from NCU catalogue | B200 Triton/cuTile profiling source not recorded (developer_guide: Profiling inventory),ok,rope_embedding_Kt1_A4f32_7v4l0_8t1_bi16_p16_A2f32_1v4l0_2t1_3i16_p16_A2f32_1v4l0_2t1_3i16_p16_I20480_I64_I16,1,1,"{""group_size"": 16, ""occupancy"": 8}",2026.1.1.0 (build 37634170) (public-release),2026-Aug-13 20:41:59,13.2,/opt/nvidia/nsight-compute/2026.1.1/target/linux-desktop-glibc_2_11_3-x64/ncu --set full --import-source on --replay-mode application --cache-control none --app-replay-mode strict --profile-from-start off --kernel-name regex:^(?:rope_embedding) --launch-skip 0 --launch-count 1 --force-overwrite -o /projects/kzhou6/bcui2/research/tilebench/Tilebench/tilebench_run/ncu/rope/cutile_fp32 /projects/kzhou6/bcui2/env_software/miniconda3/envs/tilebench_env/bin/python /projects/kzhou6/bcui2/research/tilebench/Tilebench/tilebench_run/ncu_generic_harness.py,0.1054,0.7629
B200/tilelang/rope/fp16,B200,tilelang,rope,fp16,0e5044ce223bf21f1c23010169f86841a41ea3908839d07a7c430a025c6fa22c,"{""batch_size"":1,""head_dim"":128,""n_heads"":32,""seq_len"":20480}",full,application,NVIDIA_B200/rope/tilelang_fp16.ncu-rep,5154b8c211436f9916a01fc3fe0f04e7e53ab54f51275e9aeff4a40ef59bf5ca,local_copy_sha256_identical_to_hf,bcui2/NCU_report@21037737b7e371d38f3d029367dc3967d5b31a23,matched,not_recorded,1,"params from the B200 NCU catalogue (HF PR #2: TileLang reports use the catalogued maximum input); winner from origin/archive/raw-logs-2026-09-18:results/B200/logs/autotune_logs/rope_tilelang_autotune.json | B200 TileLang reports (HF PR #2): source commit not stated; paper-era packages, recorded autotune winner, catalogued max input",ok,rope_embedding_kernel,,,"{""ROPE_GROUP_SIZE"": 16, ""threads"": 128}",2026.1.1.0 (build 37634170) (public-release),2026-Oct-04 11:28:16,13.2,/opt/nvidia/nsight-compute/2026.1.1/target/linux-desktop-glibc_2_11_3-x64/ncu --profile-from-start off --cache-control none --replay-mode application --import-source on --force-overwrite --app-replay-mode strict --kernel-name regex:^(?:rope_embedding_kernel) --launch-count 1 --set full --metrics smsp__inst_executed.sum -o /home/arustagi/repos/Tilebench-profile-study/profile/rope/tilelang_ncu_dataset_cuda130_20261003_fp16/reports/full /scratch/arustagi/tilebench_pdf_env/bin/python /home/arustagi/repos/Tilebench-profile-study/profile/dsl_perf_study/tilelang_dataset_harness.py,0.0543,0.5698
B200/tilelang/rope/fp32,B200,tilelang,rope,fp32,40b2d362544e99b824115b4cf74f099b11179d29fb22039bec9713e56f89d07b,"{""batch_size"":1,""head_dim"":128,""n_heads"":32,""seq_len"":20480}",full,application,NVIDIA_B200/rope/tilelang_fp32.ncu-rep,f16263d89519e8d8631b6580d1d41d5ebd9f1b40867173954c96dafd7549b76e,local_copy_sha256_identical_to_hf,bcui2/NCU_report@21037737b7e371d38f3d029367dc3967d5b31a23,matched,not_recorded,1,"params from the B200 NCU catalogue (HF PR #2: TileLang reports use the catalogued maximum input); winner from origin/archive/raw-logs-2026-09-18:results/B200/logs/autotune_logs/rope_tilelang_autotune.json | B200 TileLang reports (HF PR #2): source commit not stated; paper-era packages, recorded autotune winner, catalogued max input",ok,rope_embedding_kernel,,,"{""ROPE_GROUP_SIZE"": 16, ""threads"": 128}",2026.1.1.0 (build 37634170) (public-release),2026-Oct-04 11:40:04,13.2,/opt/nvidia/nsight-compute/2026.1.1/target/linux-desktop-glibc_2_11_3-x64/ncu --profile-from-start off --cache-control none --replay-mode application --import-source on --force-overwrite --app-replay-mode strict --kernel-name regex:^(?:rope_embedding_kernel) --launch-count 1 --set full --metrics smsp__inst_executed.sum -o /home/arustagi/repos/Tilebench-profile-study/profile/rope/tilelang_ncu_dataset_cuda130_20261003_fp32/reports/full /scratch/arustagi/tilebench_pdf_env/bin/python /home/arustagi/repos/Tilebench-profile-study/profile/dsl_perf_study/tilelang_dataset_harness.py,0.1060,0.7629
B200/triton/rope/fp16,B200,triton,rope,fp16,0e5044ce223bf21f1c23010169f86841a41ea3908839d07a7c430a025c6fa22c,"{""batch_size"":1,""head_dim"":128,""n_heads"":32,""seq_len"":20480}",full,application,NVIDIA_B200/rope/triton_fp16.ncu-rep,e69e8d06ffc0ed677cc67da77e0921c36f9ea74a653c670f44d56d9f33c4c2fa,local_copy_sha256_identical_to_hf,bcui2/NCU_report@21037737b7e371d38f3d029367dc3967d5b31a23,matched,not_recorded,1,params+winner from NCU catalogue | B200 Triton/cuTile profiling source not recorded (developer_guide: Profiling inventory),ok,rope_embedding,1,1,"{""ROPE_GROUP_SIZE"": 16, ""num_stages"": 3, ""num_warps"": 4}",2026.1.1.0 (build 37634170) (public-release),2026-Aug-13 20:30:40,13.2,/opt/nvidia/nsight-compute/2026.1.1/target/linux-desktop-glibc_2_11_3-x64/ncu --set full --import-source on --replay-mode application --cache-control none --app-replay-mode strict --profile-from-start off --kernel-name regex:^(?:rope_embedding) --launch-skip 0 --launch-count 1 --force-overwrite -o /projects/kzhou6/bcui2/research/tilebench/Tilebench/tilebench_run/ncu/rope/triton_fp16 /projects/kzhou6/bcui2/env_software/miniconda3/envs/tilebench_env/bin/python /projects/kzhou6/bcui2/research/tilebench/Tilebench/tilebench_run/ncu_generic_harness.py,0.0545,0.5698
B200/triton/rope/fp32,B200,triton,rope,fp32,40b2d362544e99b824115b4cf74f099b11179d29fb22039bec9713e56f89d07b,"{""batch_size"":1,""head_dim"":128,""n_heads"":32,""seq_len"":20480}",full,application,NVIDIA_B200/rope/triton_fp32.ncu-rep,9f3c4225f656023329a68b0140d661e7db135fec11d3b53724e9286ab065e521,local_copy_sha256_identical_to_hf,bcui2/NCU_report@21037737b7e371d38f3d029367dc3967d5b31a23,matched,not_recorded,1,params+winner from NCU catalogue | B200 Triton/cuTile profiling source not recorded (developer_guide: Profiling inventory),ok,rope_embedding,1,1,"{""ROPE_GROUP_SIZE"": 16, ""num_stages"": 2, ""num_warps"": 4}",2026.1.1.0 (build 37634170) (public-release),2026-Aug-13 20:38:14,13.2,/opt/nvidia/nsight-compute/2026.1.1/target/linux-desktop-glibc_2_11_3-x64/ncu --set full --import-source on --replay-mode application --cache-control none --app-replay-mode strict --profile-from-start off --kernel-name regex:^(?:rope_embedding) --launch-skip 0 --launch-count 1 --force-overwrite -o /projects/kzhou6/bcui2/research/tilebench/Tilebench/tilebench_run/ncu/rope/triton_fp32 /projects/kzhou6/bcui2/env_software/miniconda3/envs/tilebench_env/bin/python /projects/kzhou6/bcui2/research/tilebench/Tilebench/tilebench_run/ncu_generic_harness.py,0.1062,0.7629
B200/cutile/sigmoid/bf16,B200,cutile,sigmoid,bf16,4aa1ec6120906e3dbaba486e10497608be20757b34ad598b38adc1c46512509d,"{""n"":50000000}",full,application,NVIDIA_B200/sigmoid/cutile_bf16.ncu-rep,164341fd4bbfa22e432bc8ded1f6f8088b9587214d30e00d55716381c0904baa,local_copy_sha256_identical_to_hf,bcui2/NCU_report@21037737b7e371d38f3d029367dc3967d5b31a23,matched,not_recorded,1,params+winner from NCU catalogue | B200 Triton/cuTile profiling source not recorded (developer_guide: Profiling inventory),ok,sigmoid_kernel_Kt1_A1bf16_1i16t1_p16_A1bf16_1i16t1_p16_I4096,1,1,"{""occupancy"": 16, ""tile"": 4096}",2026.1.1.0 (build 37634170) (public-release),2026-Aug-13 22:02:39,13.2,/opt/nvidia/nsight-compute/2026.1.1/target/linux-desktop-glibc_2_11_3-x64/ncu --set full --import-source on --replay-mode application --cache-control none --app-replay-mode strict --profile-from-start off --kernel-name regex:^(?:sigmoid_kernel) --launch-skip 0 --launch-count 1 --force-overwrite -o /projects/kzhou6/bcui2/research/tilebench/Tilebench/tilebench_run/ncu/sigmoid/cutile_bf16 /projects/kzhou6/bcui2/env_software/miniconda3/envs/tilebench_env/bin/python /projects/kzhou6/bcui2/research/tilebench/Tilebench/tilebench_run/ncu_generic_harness.py,0.0477,0.0464
B200/cutile/sigmoid/fp16,B200,cutile,sigmoid,fp16,75076a495ad2a26aaf8b82e6e5988eebf5decb343d455eb3c258a97a14e2ef66,"{""n"":50000000}",full,application,NVIDIA_B200/sigmoid/cutile_fp16.ncu-rep,a0b24b9821c366a1992f63ab086ffe5adb9679161c9312cfb6990f0d9a4ebe0e,local_copy_sha256_identical_to_hf,bcui2/NCU_report@21037737b7e371d38f3d029367dc3967d5b31a23,matched,not_recorded,1,params+winner from NCU catalogue | B200 Triton/cuTile profiling source not recorded (developer_guide: Profiling inventory),ok,sigmoid_kernel_Kt1_A1f16_1i16t1_p16_A1f16_1i16t1_p16_I4096,1,1,"{""occupancy"": 16, ""tile"": 4096}",2026.1.1.0 (build 37634170) (public-release),2026-Aug-13 21:56:02,13.2,/opt/nvidia/nsight-compute/2026.1.1/target/linux-desktop-glibc_2_11_3-x64/ncu --set full --import-source on --replay-mode application --cache-control none --app-replay-mode strict --profile-from-start off --kernel-name regex:^(?:sigmoid_kernel) --launch-skip 0 --launch-count 1 --force-overwrite -o /projects/kzhou6/bcui2/research/tilebench/Tilebench/tilebench_run/ncu/sigmoid/cutile_fp16 /projects/kzhou6/bcui2/env_software/miniconda3/envs/tilebench_env/bin/python /projects/kzhou6/bcui2/research/tilebench/Tilebench/tilebench_run/ncu_generic_harness.py,0.0477,0.0452
B200/cutile/sigmoid/fp32,B200,cutile,sigmoid,fp32,2e3d228dcd70af4d6b8be29058cba31c9247a8ee06d2c5d2cc7ae73cc76827f6,"{""n"":50000000}",full,application,NVIDIA_B200/sigmoid/cutile_fp32.ncu-rep,5c3467e911d606893be9632f79c661ada49dff26257af1018d36db2bd99f478f,local_copy_sha256_identical_to_hf,bcui2/NCU_report@21037737b7e371d38f3d029367dc3967d5b31a23,matched,not_recorded,1,params+winner from NCU catalogue | B200 Triton/cuTile profiling source not recorded (developer_guide: Profiling inventory),ok,sigmoid_kernel_Kt1_A1f32_1i16t1_p16_A1f32_1i16t1_p16_I2048,1,1,"{""occupancy"": 8, ""tile"": 2048}",2026.1.1.0 (build 37634170) (public-release),2026-Aug-13 22:09:12,13.2,/opt/nvidia/nsight-compute/2026.1.1/target/linux-desktop-glibc_2_11_3-x64/ncu --set full --import-source on --replay-mode application --cache-control none --app-replay-mode strict --profile-from-start off --kernel-name regex:^(?:sigmoid_kernel) --launch-skip 0 --launch-count 1 --force-overwrite -o /projects/kzhou6/bcui2/research/tilebench/Tilebench/tilebench_run/ncu/sigmoid/cutile_fp32 /projects/kzhou6/bcui2/env_software/miniconda3/envs/tilebench_env/bin/python /projects/kzhou6/bcui2/research/tilebench/Tilebench/tilebench_run/ncu_generic_harness.py,0.0610,0.0608
B200/tilelang/sigmoid/bf16,B200,tilelang,sigmoid,bf16,4aa1ec6120906e3dbaba486e10497608be20757b34ad598b38adc1c46512509d,"{""n"":50000000}",full,application,NVIDIA_B200/sigmoid/tilelang_bf16.ncu-rep,9a8cd3729cc1018eb035ca7818b81702c4c91af56c2c840d2c6b2ed485e9ca03,local_copy_sha256_identical_to_hf,bcui2/NCU_report@21037737b7e371d38f3d029367dc3967d5b31a23,matched,not_recorded,1,"params from the B200 NCU catalogue (HF PR #2: TileLang reports use the catalogued maximum input); winner from origin/archive/raw-logs-2026-09-18:results/B200/logs/autotune_logs/sigmoid_tilelang_autotune.json | B200 TileLang reports (HF PR #2): source commit not stated; paper-era packages, recorded autotune winner, catalogued max input",ok,sigmoid_kernel_kernel,,,"{""BLOCK_SIZE"": 2048, ""threads"": 128}",2026.1.1.0 (build 37634170) (public-release),2026-Oct-04 11:51:42,13.2,/opt/nvidia/nsight-compute/2026.1.1/target/linux-desktop-glibc_2_11_3-x64/ncu --profile-from-start off --cache-control none --replay-mode application --import-source on --force-overwrite --app-replay-mode strict --kernel-name regex:^(?:sigmoid_kernel_kernel) --launch-count 1 --set full --metrics smsp__inst_executed.sum -o /home/arustagi/repos/Tilebench-profile-study/profile/sigmoid/tilelang_ncu_dataset_cuda130_20261003_bf16/reports/full /scratch/arustagi/tilebench_pdf_env/bin/python /home/arustagi/repos/Tilebench-profile-study/profile/dsl_perf_study/tilelang_dataset_harness.py,0.0319,0.0464
B200/tilelang/sigmoid/fp16,B200,tilelang,sigmoid,fp16,75076a495ad2a26aaf8b82e6e5988eebf5decb343d455eb3c258a97a14e2ef66,"{""n"":50000000}",full,application,NVIDIA_B200/sigmoid/tilelang_fp16.ncu-rep,47ce18907d658ec4b9fcb9e8805c4b4dead6a19118a56e1d9985aa60f908bcc2,local_copy_sha256_identical_to_hf,bcui2/NCU_report@21037737b7e371d38f3d029367dc3967d5b31a23,matched,not_recorded,1,"params from the B200 NCU catalogue (HF PR #2: TileLang reports use the catalogued maximum input); winner from origin/archive/raw-logs-2026-09-18:results/B200/logs/autotune_logs/sigmoid_tilelang_autotune.json | B200 TileLang reports (HF PR #2): source commit not stated; paper-era packages, recorded autotune winner, catalogued max input",ok,sigmoid_kernel_kernel,,,"{""BLOCK_SIZE"": 1024, ""threads"": 128}",2026.1.1.0 (build 37634170) (public-release),2026-Oct-04 12:03:12,13.2,/opt/nvidia/nsight-compute/2026.1.1/target/linux-desktop-glibc_2_11_3-x64/ncu --profile-from-start off --cache-control none --replay-mode application --import-source on --force-overwrite --app-replay-mode strict --kernel-name regex:^(?:sigmoid_kernel_kernel) --launch-count 1 --set full --metrics smsp__inst_executed.sum -o /home/arustagi/repos/Tilebench-profile-study/profile/sigmoid/tilelang_ncu_dataset_cuda130_20261003_fp16/reports/full /scratch/arustagi/tilebench_pdf_env/bin/python /home/arustagi/repos/Tilebench-profile-study/profile/dsl_perf_study/tilelang_dataset_harness.py,0.0357,0.0452
B200/tilelang/sigmoid/fp32,B200,tilelang,sigmoid,fp32,2e3d228dcd70af4d6b8be29058cba31c9247a8ee06d2c5d2cc7ae73cc76827f6,"{""n"":50000000}",full,application,NVIDIA_B200/sigmoid/tilelang_fp32.ncu-rep,6c40eed4ba77dfa51196aa3fa263cb62da7683ba49596c243968eb804c47e55d,local_copy_sha256_identical_to_hf,bcui2/NCU_report@21037737b7e371d38f3d029367dc3967d5b31a23,matched,not_recorded,1,"params from the B200 NCU catalogue (HF PR #2: TileLang reports use the catalogued maximum input); winner from origin/archive/raw-logs-2026-09-18:results/B200/logs/autotune_logs/sigmoid_tilelang_autotune.json | B200 TileLang reports (HF PR #2): source commit not stated; paper-era packages, recorded autotune winner, catalogued max input",ok,sigmoid_kernel_kernel,,,"{""BLOCK_SIZE"": 2048, ""threads"": 256}",2026.1.1.0 (build 37634170) (public-release),2026-Oct-04 12:14:52,13.2,/opt/nvidia/nsight-compute/2026.1.1/target/linux-desktop-glibc_2_11_3-x64/ncu --profile-from-start off --cache-control none --replay-mode application --import-source on --force-overwrite --app-replay-mode strict --kernel-name regex:^(?:sigmoid_kernel_kernel) --launch-count 1 --set full --metrics smsp__inst_executed.sum -o /home/arustagi/repos/Tilebench-profile-study/profile/sigmoid/tilelang_ncu_dataset_cuda130_20261003_fp32/reports/full /scratch/arustagi/tilebench_pdf_env/bin/python /home/arustagi/repos/Tilebench-profile-study/profile/dsl_perf_study/tilelang_dataset_harness.py,0.0607,0.0608
B200/triton/sigmoid/bf16,B200,triton,sigmoid,bf16,4aa1ec6120906e3dbaba486e10497608be20757b34ad598b38adc1c46512509d,"{""n"":50000000}",full,application,NVIDIA_B200/sigmoid/triton_bf16.ncu-rep,5568caad9e38ae73a2985a9751e6594cdac08655876e3e47bbb4c58845d13e24,local_copy_sha256_identical_to_hf,bcui2/NCU_report@21037737b7e371d38f3d029367dc3967d5b31a23,matched,not_recorded,1,params+winner from NCU catalogue | B200 Triton/cuTile profiling source not recorded (developer_guide: Profiling inventory),ok,sigmoid_kernel,1,1,"{""BLOCK_SIZE"": 4096, ""num_stages"": 1, ""num_warps"": 8}",2026.1.1.0 (build 37634170) (public-release),2026-Aug-13 21:59:17,13.2,/opt/nvidia/nsight-compute/2026.1.1/target/linux-desktop-glibc_2_11_3-x64/ncu --set full --import-source on --replay-mode application --cache-control none --app-replay-mode strict --profile-from-start off --kernel-name regex:^(?:sigmoid_kernel) --launch-skip 0 --launch-count 1 --force-overwrite -o /projects/kzhou6/bcui2/research/tilebench/Tilebench/tilebench_run/ncu/sigmoid/triton_bf16 /projects/kzhou6/bcui2/env_software/miniconda3/envs/tilebench_env/bin/python /projects/kzhou6/bcui2/research/tilebench/Tilebench/tilebench_run/ncu_generic_harness.py,0.0320,0.0464
B200/triton/sigmoid/fp16,B200,triton,sigmoid,fp16,75076a495ad2a26aaf8b82e6e5988eebf5decb343d455eb3c258a97a14e2ef66,"{""n"":50000000}",full,application,NVIDIA_B200/sigmoid/triton_fp16.ncu-rep,97e3b586a7180108bba6751cdbf0755723d506ad69ac89afa4e9d5fa0c8f2a8e,local_copy_sha256_identical_to_hf,bcui2/NCU_report@21037737b7e371d38f3d029367dc3967d5b31a23,matched,not_recorded,1,params+winner from NCU catalogue | B200 Triton/cuTile profiling source not recorded (developer_guide: Profiling inventory),ok,sigmoid_kernel,1,1,"{""BLOCK_SIZE"": 4096, ""num_stages"": 1, ""num_warps"": 8}",2026.1.1.0 (build 37634170) (public-release),2026-Aug-13 21:52:54,13.2,/opt/nvidia/nsight-compute/2026.1.1/target/linux-desktop-glibc_2_11_3-x64/ncu --set full --import-source on --replay-mode application --cache-control none --app-replay-mode strict --profile-from-start off --kernel-name regex:^(?:sigmoid_kernel) --launch-skip 0 --launch-count 1 --force-overwrite -o /projects/kzhou6/bcui2/research/tilebench/Tilebench/tilebench_run/ncu/sigmoid/triton_fp16 /projects/kzhou6/bcui2/env_software/miniconda3/envs/tilebench_env/bin/python /projects/kzhou6/bcui2/research/tilebench/Tilebench/tilebench_run/ncu_generic_harness.py,0.0324,0.0452
B200/triton/sigmoid/fp32,B200,triton,sigmoid,fp32,2e3d228dcd70af4d6b8be29058cba31c9247a8ee06d2c5d2cc7ae73cc76827f6,"{""n"":50000000}",full,application,NVIDIA_B200/sigmoid/triton_fp32.ncu-rep,fef8a7923bc62f55d9cc043988f12046ddbb3d494de2f3f9e4cf37085637f33a,local_copy_sha256_identical_to_hf,bcui2/NCU_report@21037737b7e371d38f3d029367dc3967d5b31a23,matched,not_recorded,1,params+winner from NCU catalogue | B200 Triton/cuTile profiling source not recorded (developer_guide: Profiling inventory),ok,sigmoid_kernel,1,1,"{""BLOCK_SIZE"": 2048, ""num_stages"": 1, ""num_warps"": 8}",2026.1.1.0 (build 37634170) (public-release),2026-Aug-13 22:05:54,13.2,/opt/nvidia/nsight-compute/2026.1.1/target/linux-desktop-glibc_2_11_3-x64/ncu --set full --import-source on --replay-mode application --cache-control none --app-replay-mode strict --profile-from-start off --kernel-name regex:^(?:sigmoid_kernel) --launch-skip 0 --launch-count 1 --force-overwrite -o /projects/kzhou6/bcui2/research/tilebench/Tilebench/tilebench_run/ncu/sigmoid/triton_fp32 /projects/kzhou6/bcui2/env_software/miniconda3/envs/tilebench_env/bin/python /projects/kzhou6/bcui2/research/tilebench/Tilebench/tilebench_run/ncu_generic_harness.py,0.0609,0.0608
B200/cutile/softmax/fp16,B200,cutile,softmax,fp16,080e2a826d47202de480ba2daf0ddbedeaaaef29fa87f45cd17c1cf556734a21,"{""n_cols"":10240,""n_rows"":2048}",full,application,NVIDIA_B200/softmax/cutile_fp16.ncu-rep,9fbb33f24da1be6e18f9abba1cf13e138aa79765f6861083628b7fc963ad4fa3,local_copy_sha256_identical_to_hf,bcui2/NCU_report@21037737b7e371d38f3d029367dc3967d5b31a23,matched,not_recorded,1,params+winner from NCU catalogue | B200 Triton/cuTile profiling source not recorded (developer_guide: Profiling inventory),ok,softmax_online_kernel_Kt1_A2f16_1v8l0_2t1_3i16_p16_A2f16_1v8l0_2t1_3i16_p16_Si32_I5_I2048,1,1,"{""block_size"": 2048, ""occupancy"": 8}",2026.1.1.0 (build 37634170) (public-release),2026-Aug-13 19:53:40,13.2,/opt/nvidia/nsight-compute/2026.1.1/target/linux-desktop-glibc_2_11_3-x64/ncu --set full --import-source on --replay-mode application --cache-control none --app-replay-mode strict --profile-from-start off --kernel-name regex:^(?:softmax_online_kernel) --launch-skip 0 --launch-count 1 --force-overwrite -o /projects/kzhou6/bcui2/research/tilebench/Tilebench/tilebench_run/ncu/softmax/cutile_fp16 /projects/kzhou6/bcui2/env_software/miniconda3/envs/tilebench_env/bin/python /projects/kzhou6/bcui2/research/tilebench/Tilebench/tilebench_run/ncu_generic_harness.py,0.0412,0.0450
B200/cutile/softmax/fp32,B200,cutile,softmax,fp32,cf43db097908ef9c9c6e7549d1bcf076609d45e08c01f136e0594907c2f5e3fc,"{""n_cols"":10240,""n_rows"":2048}",full,application,NVIDIA_B200/softmax/cutile_fp32.ncu-rep,88c812c9571e771f0038116e2eb5cd68ce556a6bafc04b1e1abc8772e46227cf,local_copy_sha256_identical_to_hf,bcui2/NCU_report@21037737b7e371d38f3d029367dc3967d5b31a23,matched,not_recorded,1,params+winner from NCU catalogue | B200 Triton/cuTile profiling source not recorded (developer_guide: Profiling inventory),ok,softmax_online_kernel_Kt1_A2f32_1v4l0_2t1_3i16_p16_A2f32_1v4l0_2t1_3i16_p16_Si32_I5_I2048,1,1,"{""block_size"": 2048, ""occupancy"": 8}",2026.1.1.0 (build 37634170) (public-release),2026-Aug-13 20:01:43,13.2,/opt/nvidia/nsight-compute/2026.1.1/target/linux-desktop-glibc_2_11_3-x64/ncu --set full --import-source on --replay-mode application --cache-control none --app-replay-mode strict --profile-from-start off --kernel-name regex:^(?:softmax_online_kernel) --launch-skip 0 --launch-count 1 --force-overwrite -o /projects/kzhou6/bcui2/research/tilebench/Tilebench/tilebench_run/ncu/softmax/cutile_fp32 /projects/kzhou6/bcui2/env_software/miniconda3/envs/tilebench_env/bin/python /projects/kzhou6/bcui2/research/tilebench/Tilebench/tilebench_run/ncu_generic_harness.py,0.0442,0.0501
B200/tilelang/softmax/fp16,B200,tilelang,softmax,fp16,080e2a826d47202de480ba2daf0ddbedeaaaef29fa87f45cd17c1cf556734a21,"{""n_cols"":10240,""n_rows"":2048}",full,application,NVIDIA_B200/softmax/tilelang_fp16.ncu-rep,710e7e019e8036dc1ba056eb64518a5c67eb1fbadd211642d140ada0427b2c7e,local_copy_sha256_identical_to_hf,bcui2/NCU_report@21037737b7e371d38f3d029367dc3967d5b31a23,matched,not_recorded,1,"params from the B200 NCU catalogue (HF PR #2: TileLang reports use the catalogued maximum input); winner from origin/archive/raw-logs-2026-09-18:results/B200/logs/autotune_logs/softmax_tilelang_autotune.json | B200 TileLang reports (HF PR #2): source commit not stated; paper-era packages, recorded autotune winner, catalogued max input",ok,softmax_online_kernel_kernel,,,"{""BLOCK_SIZE"": 2048, ""threads"": 128}",2026.1.1.0 (build 37634170) (public-release),2026-Oct-04 12:26:47,13.2,/opt/nvidia/nsight-compute/2026.1.1/target/linux-desktop-glibc_2_11_3-x64/ncu --profile-from-start off --cache-control none --replay-mode application --import-source on --force-overwrite --app-replay-mode strict --kernel-name regex:^(?:softmax_online_kernel_kernel) --launch-count 1 --set full --metrics smsp__inst_executed.sum -o /home/arustagi/repos/Tilebench-profile-study/profile/softmax/tilelang_ncu_dataset_cuda130_20261003_fp16/reports/full /scratch/arustagi/tilebench_pdf_env/bin/python /home/arustagi/repos/Tilebench-profile-study/profile/dsl_perf_study/tilelang_dataset_harness.py,0.0259,0.0450
B200/tilelang/softmax/fp32,B200,tilelang,softmax,fp32,cf43db097908ef9c9c6e7549d1bcf076609d45e08c01f136e0594907c2f5e3fc,"{""n_cols"":10240,""n_rows"":2048}",full,application,NVIDIA_B200/softmax/tilelang_fp32.ncu-rep,4c1050aecf42bc8c6d865c9b13d5b3017e5f047d369901a2c68ccb31c8d57502,local_copy_sha256_identical_to_hf,bcui2/NCU_report@21037737b7e371d38f3d029367dc3967d5b31a23,matched,not_recorded,1,"params from the B200 NCU catalogue (HF PR #2: TileLang reports use the catalogued maximum input); winner from origin/archive/raw-logs-2026-09-18:results/B200/logs/autotune_logs/softmax_tilelang_autotune.json | B200 TileLang reports (HF PR #2): source commit not stated; paper-era packages, recorded autotune winner, catalogued max input",ok,softmax_online_kernel_kernel,,,"{""BLOCK_SIZE"": 2048, ""threads"": 128}",2026.1.1.0 (build 37634170) (public-release),2026-Oct-04 12:38:28,13.2,/opt/nvidia/nsight-compute/2026.1.1/target/linux-desktop-glibc_2_11_3-x64/ncu --profile-from-start off --cache-control none --replay-mode application --import-source on --force-overwrite --app-replay-mode strict --kernel-name regex:^(?:softmax_online_kernel_kernel) --launch-count 1 --set full --metrics smsp__inst_executed.sum -o /home/arustagi/repos/Tilebench-profile-study/profile/softmax/tilelang_ncu_dataset_cuda130_20261003_fp32/reports/full /scratch/arustagi/tilebench_pdf_env/bin/python /home/arustagi/repos/Tilebench-profile-study/profile/dsl_perf_study/tilelang_dataset_harness.py,0.0378,0.0501
B200/triton/softmax/fp16,B200,triton,softmax,fp16,080e2a826d47202de480ba2daf0ddbedeaaaef29fa87f45cd17c1cf556734a21,"{""n_cols"":10240,""n_rows"":2048}",full,application,NVIDIA_B200/softmax/triton_fp16.ncu-rep,3fd3d17a2b163cb9d78b5b61ab02a40d716d37e357e6fd66fe8f20c137954936,local_copy_sha256_identical_to_hf,bcui2/NCU_report@21037737b7e371d38f3d029367dc3967d5b31a23,matched,not_recorded,1,params+winner from NCU catalogue | B200 Triton/cuTile profiling source not recorded (developer_guide: Profiling inventory),ok,softmax_online_kernel,1,1,"{""BLOCK_SIZE"": 2048, ""num_warps"": 4}",2026.1.1.0 (build 37634170) (public-release),2026-Aug-13 19:49:33,13.2,/opt/nvidia/nsight-compute/2026.1.1/target/linux-desktop-glibc_2_11_3-x64/ncu --set full --import-source on --replay-mode application --cache-control none --app-replay-mode strict --profile-from-start off --kernel-name regex:^(?:softmax_online_kernel) --launch-skip 0 --launch-count 1 --force-overwrite -o /projects/kzhou6/bcui2/research/tilebench/Tilebench/tilebench_run/ncu/softmax/triton_fp16 /projects/kzhou6/bcui2/env_software/miniconda3/envs/tilebench_env/bin/python /projects/kzhou6/bcui2/research/tilebench/Tilebench/tilebench_run/ncu_generic_harness.py,0.0226,0.0450
B200/triton/softmax/fp32,B200,triton,softmax,fp32,cf43db097908ef9c9c6e7549d1bcf076609d45e08c01f136e0594907c2f5e3fc,"{""n_cols"":10240,""n_rows"":2048}",full,application,NVIDIA_B200/softmax/triton_fp32.ncu-rep,7fd6cfb1e8faa4f03541c8624b7c7d33caceeef639e059015d5d7816ce36e63d,local_copy_sha256_identical_to_hf,bcui2/NCU_report@21037737b7e371d38f3d029367dc3967d5b31a23,matched,not_recorded,1,params+winner from NCU catalogue | B200 Triton/cuTile profiling source not recorded (developer_guide: Profiling inventory),ok,softmax_online_kernel,1,1,"{""BLOCK_SIZE"": 2048, ""num_warps"": 8}",2026.1.1.0 (build 37634170) (public-release),2026-Aug-13 19:57:42,13.2,/opt/nvidia/nsight-compute/2026.1.1/target/linux-desktop-glibc_2_11_3-x64/ncu --set full --import-source on --replay-mode application --cache-control none --app-replay-mode strict --profile-from-start off --kernel-name regex:^(?:softmax_online_kernel) --launch-skip 0 --launch-count 1 --force-overwrite -o /projects/kzhou6/bcui2/research/tilebench/Tilebench/tilebench_run/ncu/softmax/triton_fp32 /projects/kzhou6/bcui2/env_software/miniconda3/envs/tilebench_env/bin/python /projects/kzhou6/bcui2/research/tilebench/Tilebench/tilebench_run/ncu_generic_harness.py,0.0357,0.0501
B200/cutile/streamk_matmul/bf16,B200,cutile,streamk_matmul,bf16,25bc1f9313f25d60c0b511200b9865b3fbddacc85c4c511c0d7cfcd0f0904235,"{""k"":4096,""m"":8192,""n"":28672}",full,application,NVIDIA_B200/streamk_matmul/cutile_bf16.ncu-rep,6a5ce6deb4d67b8b218ea4d5b65dddafe6a49158fe5d2d4bdb640321c9661102,local_copy_sha256_identical_to_hf,bcui2/NCU_report@21037737b7e371d38f3d029367dc3967d5b31a23,matched,not_recorded,2,params+winner from NCU catalogue | report holds the 2 operator kernel launches; kernel_counts.json lists 4 launches including 2 PyTorch helper launch(es) (fill/copy) that the profile does not capture | B200 Triton/cuTile profiling source not recorded (developer_guide: Profiling inventory),ok,first_wave_Kt1_A2bf16_1v8l0_2t1_3i16_p16_A2bf16_1v8l0_2t1_3i16_p16_A2f32_1v4l0_2t1_3i16_p16_I4096_I148_I128_I128_I64_I8;full_tiles_Kt1_A2bf16_1v8l0_2t1_3i16_p16_A2bf16_1v8l0_2t1_3i16_p16_A2f32_1v4l0_2t1_3i16_p16_I4096_I148_I128_I128_I64_I8,4,2,"{""group_m"": 8, ""occupancy"": 8, ""tk"": 64, ""tm"": 128, ""tn"": 128}",2026.1.1.0 (build 37634170) (public-release),2026-Aug-13 20:19:31,13.2,/opt/nvidia/nsight-compute/2026.1.1/target/linux-desktop-glibc_2_11_3-x64/ncu --set full --import-source on --replay-mode application --cache-control none --app-replay-mode strict --profile-from-start off --kernel-name regex:^(?:first_wave|full_tiles) --launch-skip 0 --launch-count 2 --force-overwrite -o /projects/kzhou6/bcui2/research/tilebench/Tilebench/tilebench_run/ncu/streamk_matmul/cutile_bf16 /projects/kzhou6/bcui2/env_software/miniconda3/envs/tilebench_env/bin/python/projects/kzhou6/bcui2/research/tilebench/Tilebench/tilebench_run/ncu_generic_harness.py,2.6108,1.2546
B200/cutile/streamk_matmul/fp16,B200,cutile,streamk_matmul,fp16,d7caa9fbfbd14aa8d632ab477ff01ef2acd5ff8650a12cf494d79c6b7ae05f2d,"{""k"":4096,""m"":8192,""n"":28672}",full,application,NVIDIA_B200/streamk_matmul/cutile_fp16.ncu-rep,7652fdae4485a6d85e5559e5d602c819d89f50d6baf5815830422cf034c58417,local_copy_sha256_identical_to_hf,bcui2/NCU_report@21037737b7e371d38f3d029367dc3967d5b31a23,matched,not_recorded,2,params+winner from NCU catalogue | report holds the 2 operator kernel launches; kernel_counts.json lists 4 launches including 2 PyTorch helper launch(es) (fill/copy) that the profile does not capture | B200 Triton/cuTile profiling source not recorded (developer_guide: Profiling inventory),ok,first_wave_Kt1_A2f16_1v8l0_2t1_3i16_p16_A2f16_1v8l0_2t1_3i16_p16_A2f32_1v4l0_2t1_3i16_p16_I4096_I148_I128_I128_I64_I8;full_tiles_Kt1_A2f16_1v8l0_2t1_3i16_p16_A2f16_1v8l0_2t1_3i16_p16_A2f32_1v4l0_2t1_3i16_p16_I4096_I148_I128_I128_I64_I8,4,2,"{""group_m"": 8, ""occupancy"": 16, ""tk"": 64, ""tm"": 128, ""tn"": 128}",2026.1.1.0 (build 37634170) (public-release),2026-Aug-13 20:10:38,13.2,/opt/nvidia/nsight-compute/2026.1.1/target/linux-desktop-glibc_2_11_3-x64/ncu --set full --import-source on --replay-mode application --cache-control none --app-replay-mode strict --profile-from-start off --kernel-name regex:^(?:first_wave|full_tiles) --launch-skip 0 --launch-count 2 --force-overwrite -o /projects/kzhou6/bcui2/research/tilebench/Tilebench/tilebench_run/ncu/streamk_matmul/cutile_fp16 /projects/kzhou6/bcui2/env_software/miniconda3/envs/tilebench_env/bin/python/projects/kzhou6/bcui2/research/tilebench/Tilebench/tilebench_run/ncu_generic_harness.py,2.6735,1.3547
B200/cutile/streamk_matmul/fp32,B200,cutile,streamk_matmul,fp32,62f15d6b87695f834a84aeea4568ad3f44738c31e6c21249233b6f226d735c02,"{""k"":4096,""m"":8192,""n"":28672}",full,application,NVIDIA_B200/streamk_matmul/cutile_fp32.ncu-rep,8a079b7b24ea660f8aa7ed164d76f006fafecb7752fad0c157ae54fb0353a34e,local_copy_sha256_identical_to_hf,bcui2/NCU_report@21037737b7e371d38f3d029367dc3967d5b31a23,matched,not_recorded,2,params+winner from NCU catalogue | report holds the 2 operator kernel launches; kernel_counts.json lists 3 launches including 1 PyTorch helper launch(es) (fill/copy) that the profile does not capture | B200 Triton/cuTile profiling source not recorded (developer_guide: Profiling inventory),ok,first_wave_Kt1_A2f32_1v4l0_2t1_3i16_p16_A2f32_1v4l0_2t1_3i16_p16_A2f32_1v4l0_2t1_3i16_p16_I4096_I148_I128_I128_I32_I8;full_tiles_Kt1_A2f32_1v4l0_2t1_3i16_p16_A2f32_1v4l0_2t1_3i16_p16_A2f32_1v4l0_2t1_3i16_p16_I4096_I148_I128_I128_I32_I8,3,2,"{""group_m"": 8, ""occupancy"": 8, ""tk"": 32, ""tm"": 128, ""tn"": 128}",2026.1.1.0 (build 37634170) (public-release),2026-Aug-13 20:28:24,13.2,/opt/nvidia/nsight-compute/2026.1.1/target/linux-desktop-glibc_2_11_3-x64/ncu --set full --import-source on --replay-mode application --cache-control none --app-replay-mode strict --profile-from-start off --kernel-name regex:^(?:first_wave|full_tiles) --launch-skip 0 --launch-count 2 --force-overwrite -o /projects/kzhou6/bcui2/research/tilebench/Tilebench/tilebench_run/ncu/streamk_matmul/cutile_fp32 /projects/kzhou6/bcui2/env_software/miniconda3/envs/tilebench_env/bin/python/projects/kzhou6/bcui2/research/tilebench/Tilebench/tilebench_run/ncu_generic_harness.py,4.3075,2.7182
B200/tilelang/streamk_matmul/bf16,B200,tilelang,streamk_matmul,bf16,25bc1f9313f25d60c0b511200b9865b3fbddacc85c4c511c0d7cfcd0f0904235,"{""k"":4096,""m"":8192,""n"":28672}",reduced,kernel,NVIDIA_B200/streamk_matmul/tilelang_bf16.ncu-rep,aa062e307cb19632365c3f8a150dcb0c3ac56527f54c9e0102f79562d3f7a348,local_copy_sha256_identical_to_hf,bcui2/NCU_report@21037737b7e371d38f3d029367dc3967d5b31a23,matched,not_recorded,2,"params from the B200 NCU catalogue (HF PR #2: TileLang reports use the catalogued maximum input); winner from origin/archive/raw-logs-2026-09-18:results/B200/logs/autotune_logs/streamk_matmul_tilelang_autotune.json | B200 TileLang reports (HF PR #2): source commit not stated; paper-era packages, recorded autotune winner, catalogued max input",ok,first_wave_kernel_kernel;full_tiles_kernel_kernel,,,"{""BLOCK_K"": 32, ""BLOCK_M"": 128, ""BLOCK_N"": 256, ""GROUP_M"": 8, ""num_stages"": 3, ""threads"": 128}",2026.1.1.0 (build 37634170) (public-release),2026-Oct-04 20:39:39,13.2,"/opt/nvidia/nsight-compute/2026.1.1/target/linux-desktop-glibc_2_11_3-x64/ncu --profile-from-start off --cache-control none --replay-mode kernel --import-source on --force-overwrite --kernel-name regex:^(?:first_wave_kernel_kernel|full_tiles_kernel_kernel) --launch-count 2 --set none --metrics gpu__time_duration.sum,launch__grid_size,launch__block_size,launch__registers_per_thread,launch__shared_mem_per_block,sm__warps_active.avg.pct_of_peak_sustained_active,sm__throughput.avg.pct_of_peak_sustained_elapsed,sm__pipe_tensor_cycles_active.avg.pct_of_peak_sustained_elapsed,smsp__inst_executed.sum,dram__bytes_read.sum,dram__bytes_write.sum -o /home/arustagi/repos/Tilebench-profile-study/profile/streamk_matmul/tilelang_ncu_dataset_cuda130_20261003_bf16/reports/core /scratch/arustagi/tilebench_pdf_env/bin/python /home/arustagi/repos/Tilebench-profile-study/profile/dsl_perf_study/tilelang_dataset_harness.py",3.2742,1.2546
B200/tilelang/streamk_matmul/fp16,B200,tilelang,streamk_matmul,fp16,d7caa9fbfbd14aa8d632ab477ff01ef2acd5ff8650a12cf494d79c6b7ae05f2d,"{""k"":4096,""m"":8192,""n"":28672}",reduced,kernel,NVIDIA_B200/streamk_matmul/tilelang_fp16.ncu-rep,71075afd80a5fae0a2553f245768d97eef2b2aec065f9b4ac3582c1678944294,local_copy_sha256_identical_to_hf,bcui2/NCU_report@21037737b7e371d38f3d029367dc3967d5b31a23,matched,not_recorded,2,"params from the B200 NCU catalogue (HF PR #2: TileLang reports use the catalogued maximum input); winner from origin/archive/raw-logs-2026-09-18:results/B200/logs/autotune_logs/streamk_matmul_tilelang_autotune.json | B200 TileLang reports (HF PR #2): source commit not stated; paper-era packages, recorded autotune winner, catalogued max input",ok,first_wave_kernel_kernel;full_tiles_kernel_kernel,,,"{""BLOCK_K"": 32, ""BLOCK_M"": 128, ""BLOCK_N"": 256, ""GROUP_M"": 8, ""num_stages"": 3, ""threads"": 128}",2026.1.1.0 (build 37634170) (public-release),2026-Oct-04 20:39:58,13.2,"/opt/nvidia/nsight-compute/2026.1.1/target/linux-desktop-glibc_2_11_3-x64/ncu --profile-from-start off --cache-control none --replay-mode kernel --import-source on --force-overwrite --kernel-name regex:^(?:first_wave_kernel_kernel|full_tiles_kernel_kernel) --launch-count 2 --set none --metrics gpu__time_duration.sum,launch__grid_size,launch__block_size,launch__registers_per_thread,launch__shared_mem_per_block,sm__warps_active.avg.pct_of_peak_sustained_active,sm__throughput.avg.pct_of_peak_sustained_elapsed,sm__pipe_tensor_cycles_active.avg.pct_of_peak_sustained_elapsed,smsp__inst_executed.sum,dram__bytes_read.sum,dram__bytes_write.sum -o /home/arustagi/repos/Tilebench-profile-study/profile/streamk_matmul/tilelang_ncu_dataset_cuda130_20261003_fp16/reports/core /scratch/arustagi/tilebench_pdf_env/bin/python /home/arustagi/repos/Tilebench-profile-study/profile/dsl_perf_study/tilelang_dataset_harness.py",3.2961,1.3547
B200/tilelang/streamk_matmul/fp32,B200,tilelang,streamk_matmul,fp32,62f15d6b87695f834a84aeea4568ad3f44738c31e6c21249233b6f226d735c02,"{""k"":4096,""m"":8192,""n"":28672}",full,application,NVIDIA_B200/streamk_matmul/tilelang_fp32.ncu-rep,99419e46af29c3909f5f445f68387d2a849b9500735d29b870549de3964a3dca,local_copy_sha256_identical_to_hf,bcui2/NCU_report@21037737b7e371d38f3d029367dc3967d5b31a23,matched,not_recorded,3,"params from the B200 NCU catalogue (HF PR #2: TileLang reports use the catalogued maximum input); winner from origin/archive/raw-logs-2026-09-18:results/B200/logs/autotune_logs/streamk_matmul_tilelang_autotune.json | B200 TileLang reports (HF PR #2): source commit not stated; paper-era packages, recorded autotune winner, catalogued max input",ok,first_wave_kernel_kernel;full_tiles_kernel_kernel;vectorized_elementwise_kernel,,,"{""BLOCK_K"": 32, ""BLOCK_M"": 128, ""BLOCK_N"": 128, ""GROUP_M"": 8, ""num_stages"": 3, ""threads"": 128}",2026.1.1.0 (build 37634170) (public-release),2026-Oct-04 13:21:43,13.2,/opt/nvidia/nsight-compute/2026.1.1/target/linux-desktop-glibc_2_11_3-x64/ncu --profile-from-start off --cache-control none --replay-mode application --import-source on --force-overwrite --app-replay-mode strict --kernel-name regex:^(?:first_wave_kernel_kernel|full_tiles_kernel_kernel|vectorized_elementwise_kernel) --launch-count 3 --set full --metrics smsp__inst_executed.sum -o /home/arustagi/repos/Tilebench-profile-study/profile/streamk_matmul/tilelang_ncu_dataset_cuda130_20261003_fp32/reports/full /scratch/arustagi/tilebench_pdf_env/bin/python /home/arustagi/repos/Tilebench-profile-study/profile/dsl_perf_study/tilelang_dataset_harness.py,9.4267,2.7182
B200/triton/streamk_matmul/bf16,B200,triton,streamk_matmul,bf16,25bc1f9313f25d60c0b511200b9865b3fbddacc85c4c511c0d7cfcd0f0904235,"{""k"":4096,""m"":8192,""n"":28672}",full,application,NVIDIA_B200/streamk_matmul/triton_bf16.ncu-rep,317ae8550f26f35e0e4330ebe1ec6167f358031a6c22e944e9d50622d0ce35a7,local_copy_sha256_identical_to_hf,bcui2/NCU_report@21037737b7e371d38f3d029367dc3967d5b31a23,matched,not_recorded,2,params+winner from NCU catalogue | report holds the 2 operator kernel launches; kernel_counts.json lists 4 launches including 2 PyTorch helper launch(es) (fill/copy) that the profile does not capture | B200 Triton/cuTile profiling source not recorded (developer_guide: Profiling inventory),ok,first_wave;full_tiles,4,2,"{""BLOCK_K"": 64, ""BLOCK_M"": 128, ""BLOCK_N"": 256, ""GROUP_M"": 8, ""num_stages"": 3, ""num_warps"": 8}",2026.1.1.0 (build 37634170) (public-release),2026-Aug-13 20:14:57,13.2,/opt/nvidia/nsight-compute/2026.1.1/target/linux-desktop-glibc_2_11_3-x64/ncu --set full --import-source on --replay-mode application --cache-control none --app-replay-mode strict --profile-from-start off --kernel-name regex:^(?:first_wave|full_tiles) --launch-skip 0 --launch-count 2 --force-overwrite -o /projects/kzhou6/bcui2/research/tilebench/Tilebench/tilebench_run/ncu/streamk_matmul/triton_bf16 /projects/kzhou6/bcui2/env_software/miniconda3/envs/tilebench_env/bin/python/projects/kzhou6/bcui2/research/tilebench/Tilebench/tilebench_run/ncu_generic_harness.py,2.5128,1.2546
B200/triton/streamk_matmul/fp16,B200,triton,streamk_matmul,fp16,d7caa9fbfbd14aa8d632ab477ff01ef2acd5ff8650a12cf494d79c6b7ae05f2d,"{""k"":4096,""m"":8192,""n"":28672}",full,application,NVIDIA_B200/streamk_matmul/triton_fp16.ncu-rep,1ec6d4c49026a657e0d732e2ca7efe85f93bb093bbb7d1e3e29eed1fa3279d53,local_copy_sha256_identical_to_hf,bcui2/NCU_report@21037737b7e371d38f3d029367dc3967d5b31a23,matched,not_recorded,2,params+winner from NCU catalogue | report holds the 2 operator kernel launches; kernel_counts.json lists 4 launches including 2 PyTorch helper launch(es) (fill/copy) that the profile does not capture | B200 Triton/cuTile profiling source not recorded (developer_guide: Profiling inventory),ok,first_wave;full_tiles,4,2,"{""BLOCK_K"": 64, ""BLOCK_M"": 128, ""BLOCK_N"": 128, ""GROUP_M"": 8, ""num_stages"": 3, ""num_warps"": 4}",2026.1.1.0 (build 37634170) (public-release),2026-Aug-13 20:06:03,13.2,/opt/nvidia/nsight-compute/2026.1.1/target/linux-desktop-glibc_2_11_3-x64/ncu --set full --import-source on --replay-mode application --cache-control none --app-replay-mode strict --profile-from-start off --kernel-name regex:^(?:first_wave|full_tiles) --launch-skip 0 --launch-count 2 --force-overwrite -o /projects/kzhou6/bcui2/research/tilebench/Tilebench/tilebench_run/ncu/streamk_matmul/triton_fp16 /projects/kzhou6/bcui2/env_software/miniconda3/envs/tilebench_env/bin/python/projects/kzhou6/bcui2/research/tilebench/Tilebench/tilebench_run/ncu_generic_harness.py,2.5126,1.3547
B200/triton/streamk_matmul/fp32,B200,triton,streamk_matmul,fp32,62f15d6b87695f834a84aeea4568ad3f44738c31e6c21249233b6f226d735c02,"{""k"":4096,""m"":8192,""n"":28672}",full,application,NVIDIA_B200/streamk_matmul/triton_fp32.ncu-rep,7fe198abd3cd7429457af84ff59e36c45e495547469f90b35930fa6f3da9cfee,local_copy_sha256_identical_to_hf,bcui2/NCU_report@21037737b7e371d38f3d029367dc3967d5b31a23,matched,not_recorded,2,params+winner from NCU catalogue | report holds the 2 operator kernel launches; kernel_counts.json lists 3 launches including 1 PyTorch helper launch(es) (fill/copy) that the profile does not capture | B200 Triton/cuTile profiling source not recorded (developer_guide: Profiling inventory),ok,first_wave;full_tiles,3,2,"{""BLOCK_K"": 32, ""BLOCK_M"": 128, ""BLOCK_N"": 128, ""GROUP_M"": 8, ""num_stages"": 3, ""num_warps"": 4}",2026.1.1.0 (build 37634170) (public-release),2026-Aug-13 20:23:56,13.2,/opt/nvidia/nsight-compute/2026.1.1/target/linux-desktop-glibc_2_11_3-x64/ncu --set full --import-source on --replay-mode application --cache-control none --app-replay-mode strict --profile-from-start off --kernel-name regex:^(?:first_wave|full_tiles) --launch-skip 0 --launch-count 2 --force-overwrite -o /projects/kzhou6/bcui2/research/tilebench/Tilebench/tilebench_run/ncu/streamk_matmul/triton_fp32 /projects/kzhou6/bcui2/env_software/miniconda3/envs/tilebench_env/bin/python/projects/kzhou6/bcui2/research/tilebench/Tilebench/tilebench_run/ncu_generic_harness.py,4.1467,2.7182
B200/cutile/swiglu/bf16,B200,cutile,swiglu,bf16,7d0a4d3b0315ee2ca4a6d2b516b007cb730f901e4f240daf107aa9b53b88dbd5,"{""M"":4096,""N"":20480}",full,application,NVIDIA_B200/swiglu/cutile_bf16.ncu-rep,08b6c724f5c836a92ae9355db0bc8f648c86720bc57690a0c7007e32a45efdb0,local_copy_sha256_identical_to_hf,bcui2/NCU_report@21037737b7e371d38f3d029367dc3967d5b31a23,matched,not_recorded,1,params+winner from NCU catalogue | B200 Triton/cuTile profiling source not recorded (developer_guide: Profiling inventory),ok,swiglu_kernel_Kt1_A1bf16_1i16t1_p16_A1bf16_1i16t1_p16_A1bf16_1i16t1_p16_I8192,1,1,"{""occupancy"": 8, ""tile"": 8192}",2026.1.1.0 (build 37634170) (public-release),2026-Aug-13 20:55:04,13.2,/opt/nvidia/nsight-compute/2026.1.1/target/linux-desktop-glibc_2_11_3-x64/ncu --set full --import-source on --replay-mode application --cache-control none --app-replay-mode strict --profile-from-start off --kernel-name regex:^(?:swiglu_kernel) --launch-skip 0 --launch-count 1 --force-overwrite -o /projects/kzhou6/bcui2/research/tilebench/Tilebench/tilebench_run/ncu/swiglu/cutile_bf16 /projects/kzhou6/bcui2/env_software/miniconda3/envs/tilebench_env/bin/python /projects/kzhou6/bcui2/research/tilebench/Tilebench/tilebench_run/ncu_generic_harness.py,0.1007,0.1497
B200/cutile/swiglu/fp16,B200,cutile,swiglu,fp16,e11418c11ee0f3666939d90d5186d1bdae58e5241bfbf081f9be130b135f8ec6,"{""M"":4096,""N"":20480}",full,application,NVIDIA_B200/swiglu/cutile_fp16.ncu-rep,2ae51848150a8e3fab0b920244ba6155e4034daf6df825e11b036594ce22e6dd,local_copy_sha256_identical_to_hf,bcui2/NCU_report@21037737b7e371d38f3d029367dc3967d5b31a23,matched,not_recorded,1,params+winner from NCU catalogue | B200 Triton/cuTile profiling source not recorded (developer_guide: Profiling inventory),ok,swiglu_kernel_Kt1_A1f16_1i16t1_p16_A1f16_1i16t1_p16_A1f16_1i16t1_p16_I8192,1,1,"{""occupancy"": 8, ""tile"": 8192}",2026.1.1.0 (build 37634170) (public-release),2026-Aug-13 20:49:04,13.2,/opt/nvidia/nsight-compute/2026.1.1/target/linux-desktop-glibc_2_11_3-x64/ncu --set full --import-source on --replay-mode application --cache-control none --app-replay-mode strict --profile-from-start off --kernel-name regex:^(?:swiglu_kernel) --launch-skip 0 --launch-count 1 --force-overwrite -o /projects/kzhou6/bcui2/research/tilebench/Tilebench/tilebench_run/ncu/swiglu/cutile_fp16 /projects/kzhou6/bcui2/env_software/miniconda3/envs/tilebench_env/bin/python /projects/kzhou6/bcui2/research/tilebench/Tilebench/tilebench_run/ncu_generic_harness.py,0.1000,0.1483
B200/cutile/swiglu/fp32,B200,cutile,swiglu,fp32,8fdf30272037087909c79d61775eab2ba0f9eddd706936000e6227621b37376f,"{""M"":4096,""N"":20480}",full,application,NVIDIA_B200/swiglu/cutile_fp32.ncu-rep,3f37a2c98ed164b892c44fbf0bd930ea7cbb6b44d0d956c6aec645f92d8de9ca,local_copy_sha256_identical_to_hf,bcui2/NCU_report@21037737b7e371d38f3d029367dc3967d5b31a23,matched,not_recorded,1,params+winner from NCU catalogue | B200 Triton/cuTile profiling source not recorded (developer_guide: Profiling inventory),ok,swiglu_kernel_Kt1_A1f32_1i16t1_p16_A1f32_1i16t1_p16_A1f32_1i16t1_p16_I1024,1,1,"{""occupancy"": 4, ""tile"": 1024}",2026.1.1.0 (build 37634170) (public-release),2026-Aug-13 21:01:36,13.2,/opt/nvidia/nsight-compute/2026.1.1/target/linux-desktop-glibc_2_11_3-x64/ncu --set full --import-source on --replay-mode application --cache-control none --app-replay-mode strict --profile-from-start off --kernel-name regex:^(?:swiglu_kernel) --launch-skip 0 --launch-count 1 --force-overwrite -o /projects/kzhou6/bcui2/research/tilebench/Tilebench/tilebench_run/ncu/swiglu/cutile_fp32 /projects/kzhou6/bcui2/env_software/miniconda3/envs/tilebench_env/bin/python /projects/kzhou6/bcui2/research/tilebench/Tilebench/tilebench_run/ncu_generic_harness.py,0.1472,0.2448
B200/tilelang/swiglu/bf16,B200,tilelang,swiglu,bf16,7d0a4d3b0315ee2ca4a6d2b516b007cb730f901e4f240daf107aa9b53b88dbd5,"{""M"":4096,""N"":20480}",full,application,NVIDIA_B200/swiglu/tilelang_bf16.ncu-rep,be53e39861a0f7883238a72e4b7a9cb0fd78fccc70627d131425c31ef9a79d0a,local_copy_sha256_identical_to_hf,bcui2/NCU_report@21037737b7e371d38f3d029367dc3967d5b31a23,matched,not_recorded,1,"params from the B200 NCU catalogue (HF PR #2: TileLang reports use the catalogued maximum input); winner from origin/archive/raw-logs-2026-09-18:results/B200/logs/autotune_logs/swiglu_tilelang_autotune.json | B200 TileLang reports (HF PR #2): source commit not stated; paper-era packages, recorded autotune winner, catalogued max input",ok,swiglu_kernel_kernel,,,"{""BLOCK_SIZE"": 1024, ""threads"": 128}",2026.1.1.0 (build 37634170) (public-release),2026-Oct-04 13:34:06,13.2,/opt/nvidia/nsight-compute/2026.1.1/target/linux-desktop-glibc_2_11_3-x64/ncu --profile-from-start off --cache-control none --replay-mode application --import-source on --force-overwrite --app-replay-mode strict --kernel-name regex:^(?:swiglu_kernel_kernel) --launch-count 1 --set full --metrics smsp__inst_executed.sum -o /home/arustagi/repos/Tilebench-profile-study/profile/swiglu/tilelang_ncu_dataset_cuda130_20261003_bf16/reports/full /scratch/arustagi/tilebench_pdf_env/bin/python /home/arustagi/repos/Tilebench-profile-study/profile/dsl_perf_study/tilelang_dataset_harness.py,0.0848,0.1497
B200/tilelang/swiglu/fp16,B200,tilelang,swiglu,fp16,e11418c11ee0f3666939d90d5186d1bdae58e5241bfbf081f9be130b135f8ec6,"{""M"":4096,""N"":20480}",full,application,NVIDIA_B200/swiglu/tilelang_fp16.ncu-rep,f7e31bbcb7e5cb55beb5746599333cc72ee4fd38f245e6620cc655a83f68bdb5,local_copy_sha256_identical_to_hf,bcui2/NCU_report@21037737b7e371d38f3d029367dc3967d5b31a23,matched,not_recorded,1,"params from the B200 NCU catalogue (HF PR #2: TileLang reports use the catalogued maximum input); winner from origin/archive/raw-logs-2026-09-18:results/B200/logs/autotune_logs/swiglu_tilelang_autotune.json | B200 TileLang reports (HF PR #2): source commit not stated; paper-era packages, recorded autotune winner, catalogued max input",ok,swiglu_kernel_kernel,,,"{""BLOCK_SIZE"": 2048, ""threads"": 256}",2026.1.1.0 (build 37634170) (public-release),2026-Oct-04 13:46:17,13.2,/opt/nvidia/nsight-compute/2026.1.1/target/linux-desktop-glibc_2_11_3-x64/ncu --profile-from-start off --cache-control none --replay-mode application --import-source on --force-overwrite --app-replay-mode strict --kernel-name regex:^(?:swiglu_kernel_kernel) --launch-count 1 --set full --metrics smsp__inst_executed.sum -o /home/arustagi/repos/Tilebench-profile-study/profile/swiglu/tilelang_ncu_dataset_cuda130_20261003_fp16/reports/full /scratch/arustagi/tilebench_pdf_env/bin/python /home/arustagi/repos/Tilebench-profile-study/profile/dsl_perf_study/tilelang_dataset_harness.py,0.0833,0.1483
B200/tilelang/swiglu/fp32,B200,tilelang,swiglu,fp32,8fdf30272037087909c79d61775eab2ba0f9eddd706936000e6227621b37376f,"{""M"":4096,""N"":20480}",full,application,NVIDIA_B200/swiglu/tilelang_fp32.ncu-rep,07352f652ba0a7a2f3093ea862c16c90c5125d016b09114b79362cb92b7826fb,local_copy_sha256_identical_to_hf,bcui2/NCU_report@21037737b7e371d38f3d029367dc3967d5b31a23,matched,not_recorded,1,"params from the B200 NCU catalogue (HF PR #2: TileLang reports use the catalogued maximum input); winner from origin/archive/raw-logs-2026-09-18:results/B200/logs/autotune_logs/swiglu_tilelang_autotune.json | B200 TileLang reports (HF PR #2): source commit not stated; paper-era packages, recorded autotune winner, catalogued max input",ok,swiglu_kernel_kernel,,,"{""BLOCK_SIZE"": 2048, ""threads"": 256}",2026.1.1.0 (build 37634170) (public-release),2026-Oct-04 13:58:19,13.2,/opt/nvidia/nsight-compute/2026.1.1/target/linux-desktop-glibc_2_11_3-x64/ncu --profile-from-start off --cache-control none --replay-mode application --import-source on --force-overwrite --app-replay-mode strict --kernel-name regex:^(?:swiglu_kernel_kernel) --launch-count 1 --set full --metrics smsp__inst_executed.sum -o /home/arustagi/repos/Tilebench-profile-study/profile/swiglu/tilelang_ncu_dataset_cuda130_20261003_fp32/reports/full /scratch/arustagi/tilebench_pdf_env/bin/python /home/arustagi/repos/Tilebench-profile-study/profile/dsl_perf_study/tilelang_dataset_harness.py,0.1459,0.2448
B200/triton/swiglu/bf16,B200,triton,swiglu,bf16,7d0a4d3b0315ee2ca4a6d2b516b007cb730f901e4f240daf107aa9b53b88dbd5,"{""M"":4096,""N"":20480}",full,application,NVIDIA_B200/swiglu/triton_bf16.ncu-rep,50d06ebf63014f4e6fdf1cdc16413fba1db83e598a5864bf5872394c10afeeb3,local_copy_sha256_identical_to_hf,bcui2/NCU_report@21037737b7e371d38f3d029367dc3967d5b31a23,matched,not_recorded,1,params+winner from NCU catalogue | B200 Triton/cuTile profiling source not recorded (developer_guide: Profiling inventory),ok,swiglu_kernel,1,1,"{""BLOCK_SIZE"": 1024, ""num_warps"": 4}",2026.1.1.0 (build 37634170) (public-release),2026-Aug-13 20:52:03,13.2,/opt/nvidia/nsight-compute/2026.1.1/target/linux-desktop-glibc_2_11_3-x64/ncu --set full --import-source on --replay-mode application --cache-control none --app-replay-mode strict --profile-from-start off --kernel-name regex:^(?:swiglu_kernel) --launch-skip 0 --launch-count 1 --force-overwrite -o /projects/kzhou6/bcui2/research/tilebench/Tilebench/tilebench_run/ncu/swiglu/triton_bf16 /projects/kzhou6/bcui2/env_software/miniconda3/envs/tilebench_env/bin/python /projects/kzhou6/bcui2/research/tilebench/Tilebench/tilebench_run/ncu_generic_harness.py,0.0775,0.1497
B200/triton/swiglu/fp16,B200,triton,swiglu,fp16,e11418c11ee0f3666939d90d5186d1bdae58e5241bfbf081f9be130b135f8ec6,"{""M"":4096,""N"":20480}",full,application,NVIDIA_B200/swiglu/triton_fp16.ncu-rep,79d229b7e2763a0b231752ffc55fa9d70ecb9433e149d3abb0a62180a12d6ac3,local_copy_sha256_identical_to_hf,bcui2/NCU_report@21037737b7e371d38f3d029367dc3967d5b31a23,matched,not_recorded,1,params+winner from NCU catalogue | B200 Triton/cuTile profiling source not recorded (developer_guide: Profiling inventory),ok,swiglu_kernel,1,1,"{""BLOCK_SIZE"": 1024, ""num_warps"": 4}",2026.1.1.0 (build 37634170) (public-release),2026-Aug-13 20:45:41,13.2,/opt/nvidia/nsight-compute/2026.1.1/target/linux-desktop-glibc_2_11_3-x64/ncu --set full --import-source on --replay-mode application --cache-control none --app-replay-mode strict --profile-from-start off --kernel-name regex:^(?:swiglu_kernel) --launch-skip 0 --launch-count 1 --force-overwrite -o /projects/kzhou6/bcui2/research/tilebench/Tilebench/tilebench_run/ncu/swiglu/triton_fp16 /projects/kzhou6/bcui2/env_software/miniconda3/envs/tilebench_env/bin/python /projects/kzhou6/bcui2/research/tilebench/Tilebench/tilebench_run/ncu_generic_harness.py,0.0753,0.1483
B200/triton/swiglu/fp32,B200,triton,swiglu,fp32,8fdf30272037087909c79d61775eab2ba0f9eddd706936000e6227621b37376f,"{""M"":4096,""N"":20480}",full,application,NVIDIA_B200/swiglu/triton_fp32.ncu-rep,6693e383bc0a47c9f01c5c0fbe48136ccda361e6f773cf26d5c620fb8c8ef5a8,local_copy_sha256_identical_to_hf,bcui2/NCU_report@21037737b7e371d38f3d029367dc3967d5b31a23,matched,not_recorded,1,params+winner from NCU catalogue | B200 Triton/cuTile profiling source not recorded (developer_guide: Profiling inventory),ok,swiglu_kernel,1,1,"{""BLOCK_SIZE"": 1024, ""num_warps"": 8}",2026.1.1.0 (build 37634170) (public-release),2026-Aug-13 20:58:04,13.2,/opt/nvidia/nsight-compute/2026.1.1/target/linux-desktop-glibc_2_11_3-x64/ncu --set full --import-source on --replay-mode application --cache-control none --app-replay-mode strict --profile-from-start off --kernel-name regex:^(?:swiglu_kernel) --launch-skip 0 --launch-count 1 --force-overwrite -o /projects/kzhou6/bcui2/research/tilebench/Tilebench/tilebench_run/ncu/swiglu/triton_fp32 /projects/kzhou6/bcui2/env_software/miniconda3/envs/tilebench_env/bin/python /projects/kzhou6/bcui2/research/tilebench/Tilebench/tilebench_run/ncu_generic_harness.py,0.1443,0.2448
B200/cutile/top_k_selection/fp32,B200,cutile,top_k_selection,fp32,35809c3fa854730ce4e2ba168bbc36dd8b98abb21a75b7a8a21bee4c1abea2c8,"{""N"":1048576,""k"":1024}",full,application,NVIDIA_B200/top_k_selection/cutile_fp32.ncu-rep,4e947f8f6c1b1037ce23d3f969397efc01f91482852b285a6911c1c81b6748c4,local_copy_sha256_identical_to_hf,bcui2/NCU_report@21037737b7e371d38f3d029367dc3967d5b31a23,matched,not_recorded,10,params+winner from NCU catalogue | B200 Triton/cuTile profiling source not recorded (developer_guide: Profiling inventory),ok,block_topk_kernel_b2048_Kt1_A1f32_1i16t1_p16_A2f32_1v4l0_2i16t1_p16_I1024;block_topk_kernel_b2048_Kt1_A1f32_1i16t1_p16_A2f32_1v4l0_2t1_3i16_p16_I1024,10,10,"{""K2"": 1024, ""block"": 2048, ""occupancy"": 4}",2026.1.1.0 (build 37634170) (public-release),2026-Aug-13 22:20:16,13.2,/opt/nvidia/nsight-compute/2026.1.1/target/linux-desktop-glibc_2_11_3-x64/ncu --set full --import-source on --replay-mode application --cache-control none --app-replay-mode strict --profile-from-start off --kernel-name regex:^(?:block_topk_kernel_b2048) --launch-skip 0 --launch-count 10 --force-overwrite -o /projects/kzhou6/bcui2/research/tilebench/Tilebench/tilebench_run/ncu/top_k_selection/cutile_fp32 /projects/kzhou6/bcui2/env_software/miniconda3/envs/tilebench_env/bin/python /projects/kzhou6/bcui2/research/tilebench/Tilebench/tilebench_run/ncu_generic_harness.py,0.1087,0.1772
B200/tilelang/top_k_selection/fp32,B200,tilelang,top_k_selection,fp32,35809c3fa854730ce4e2ba168bbc36dd8b98abb21a75b7a8a21bee4c1abea2c8,"{""N"":1048576,""k"":1024}",targeted,application,NVIDIA_B200/top_k_selection/tilelang_fp32.ncu-rep,84dc27c37d05d62f547680a72fafeb1dcc5e83cf9943821dae4dc2e8651924ce,local_copy_sha256_identical_to_hf,bcui2/NCU_report@21037737b7e371d38f3d029367dc3967d5b31a23,matched,not_recorded,10,"params from the B200 NCU catalogue (HF PR #2: TileLang reports use the catalogued maximum input); winner from origin/archive/raw-logs-2026-09-18:results/B200/logs/autotune_logs/top_k_selection_tilelang_autotune.json | B200 TileLang reports (HF PR #2): source commit not stated; paper-era packages, recorded autotune winner, catalogued max input",ok,main_kernel,,,"{""BLOCK_SIZE"": 2048, ""threads"": 256}",2026.1.1.0 (build 37634170) (public-release),2026-Oct-04 17:30:59,13.2,"/opt/nvidia/nsight-compute/2026.1.1/target/linux-desktop-glibc_2_11_3-x64/ncu --profile-from-start off --cache-control none --replay-mode application --import-source on --force-overwrite --app-replay-mode strict --kernel-name regex:^(?:main_kernel) --launch-count 10 --metrics gpu__time_duration.sum,launch__grid_size,launch__block_size,launch__waves_per_multiprocessor,launch__registers_per_thread,launch__shared_mem_per_block,sm__throughput.avg.pct_of_peak_sustained_elapsed,sm__warps_active.avg.pct_of_peak_sustained_active,sm__inst_executed_pipe_fma.avg.pct_of_peak_sustained_active,sm__inst_executed_pipe_alu.avg.pct_of_peak_sustained_active,sm__inst_executed_pipe_lsu.avg.pct_of_peak_sustained_active,sm__inst_executed_pipe_adu.avg.pct_of_peak_sustained_active,sm__pipe_tensor_cycles_active.avg.pct_of_peak_sustained_elapsed,dram__bytes_read.sum,dram__bytes_write.sum,dram__bytes_read.sum.pct_of_peak_sustained_elapsed,dram__bytes_write.sum.pct_of_peak_sustained_elapsed,l1tex__t_sector_hit_rate.pct,lts__t_sector_hit_rate.pct,l1tex__t_sectors_pipe_lsu_mem_global_op_ld.sum,l1tex__t_requests_pipe_lsu_mem_global_op_ld.sum,smsp__sass_inst_executed_op_global_ld.sum,smsp__sass_inst_executed_op_global_st.sum,smsp__sass_inst_executed_op_local_ld.sum,smsp__sass_inst_executed_op_local_st.sum,smsp__sass_inst_executed_op_shared.sum,smsp__inst_executed.sum,smsp__sass_inst_executed.sum,smsp__thread_inst_executed_per_inst_executed.ratio,smsp__average_warps_issue_stalled_long_scoreboard_per_issue_active.ratio,smsp__average_warps_issue_stalled_short_scoreboard_per_issue_active.ratio,smsp__average_warps_issue_stalled_barrier_per_issue_active.ratio,smsp__average_warps_issue_stalled_math_pipe_throttle_per_issue_active.ratio,smsp__average_warps_issue_stalled_mio_throttle_per_issue_active.ratio,smsp__average_warps_issue_stalled_lg_throttle_per_issue_active.ratio,launch__occupancy_limit_registers,launch__occupancy_limit_shared_mem,launch__occupancy_limit_blocks,launch__occupancy_limit_warps,sm__maximum_warps_per_active_cycle_pct,smsp__issue_active.avg.pct_of_peak_sustained_active,l1tex__data_bank_conflicts_pipe_lsu_mem_shared_op_ld.sum,l1tex__data_bank_conflicts_pipe_lsu_mem_shared_op_st.sum -o /home/arustagi/repos/Tilebench-profile-study/profile/top_k_selection/tilelang_ncu_dataset_cuda130_20261003_fp32/reports/targeted /scratch/arustagi/tilebench_pdf_env/bin/python /home/arustagi/repos/Tilebench-profile-study/profile/dsl_perf_study/tilelang_dataset_harness.py",0.1126,0.1772
B200/triton/top_k_selection/fp32,B200,triton,top_k_selection,fp32,35809c3fa854730ce4e2ba168bbc36dd8b98abb21a75b7a8a21bee4c1abea2c8,"{""N"":1048576,""k"":1024}",full,application,NVIDIA_B200/top_k_selection/triton_fp32.ncu-rep,4b2bfcea92d9651411323d9d4c4bb0dbb267f41a05f3553e4bcc8b412fe88d2d,local_copy_sha256_identical_to_hf,bcui2/NCU_report@21037737b7e371d38f3d029367dc3967d5b31a23,matched,not_recorded,10,params+winner from NCU catalogue | B200 Triton/cuTile profiling source not recorded (developer_guide: Profiling inventory),ok,block_topk_kernel,10,10,"{""BLOCK_SIZE"": 2048, ""num_warps"": 8}",2026.1.1.0 (build 37634170) (public-release),2026-Aug-13 22:14:15,13.2,/opt/nvidia/nsight-compute/2026.1.1/target/linux-desktop-glibc_2_11_3-x64/ncu --set full --import-source on --replay-mode application --cache-control none --app-replay-mode strict --profile-from-start off --kernel-name regex:^(?:block_topk_kernel) --launch-skip 0 --launch-count 10 --force-overwrite -o /projects/kzhou6/bcui2/research/tilebench/Tilebench/tilebench_run/ncu/top_k_selection/triton_fp32 /projects/kzhou6/bcui2/env_software/miniconda3/envs/tilebench_env/bin/python /projects/kzhou6/bcui2/research/tilebench/Tilebench/tilebench_run/ncu_generic_harness.py,0.1719,0.1772
B200/cutile/vector_add/bf16,B200,cutile,vector_add,bf16,c920b37c03b68e9eb44be5ecf4c16fb2a18bfd0110176d86ff39a14865984991,"{""n"":20971520}",full,application,NVIDIA_B200/vector_add/cutile_bf16.ncu-rep,f25ae7ca1cd37bee9f903740458bf9ace29aec02b8eed54a1fd4422e633de823,local_copy_sha256_identical_to_hf,bcui2/NCU_report@21037737b7e371d38f3d029367dc3967d5b31a23,matched,not_recorded,1,params+winner from NCU catalogue | B200 Triton/cuTile profiling source not recorded (developer_guide: Profiling inventory),ok,add_kernel_Kt1_A1bf16_1i16t1_p16_A1bf16_1i16t1_p16_A1bf16_1i16t1_p16_I2048,1,1,"{""occupancy"": 16, ""tile"": 2048}",2026.1.1.0 (build 37634170) (public-release),2026-Aug-13 22:33:30,13.2,/opt/nvidia/nsight-compute/2026.1.1/target/linux-desktop-glibc_2_11_3-x64/ncu --set full --import-source on --replay-mode application --cache-control none --app-replay-mode strict --profile-from-start off --kernel-name regex:^(?:add_kernel) --launch-skip 0 --launch-count 1 --force-overwrite -o /projects/kzhou6/bcui2/research/tilebench/Tilebench/tilebench_run/ncu/vector_add/cutile_bf16 /projects/kzhou6/bcui2/env_software/miniconda3/envs/tilebench_env/bin/python /projects/kzhou6/bcui2/research/tilebench/Tilebench/tilebench_run/ncu_generic_harness.py,0.0219,0.0232
B200/cutile/vector_add/fp16,B200,cutile,vector_add,fp16,126d98cd444880759b21ecc2b57f28a6724eb1c12f1f019030c4069eae5f562a,"{""n"":20971520}",full,application,NVIDIA_B200/vector_add/cutile_fp16.ncu-rep,6342ed151faf1f43c241d564a5754eba25af96dd585e050b3fc827b86dcc4522,local_copy_sha256_identical_to_hf,bcui2/NCU_report@21037737b7e371d38f3d029367dc3967d5b31a23,matched,not_recorded,1,params+winner from NCU catalogue | B200 Triton/cuTile profiling source not recorded (developer_guide: Profiling inventory),ok,add_kernel_Kt1_A1f16_1i16t1_p16_A1f16_1i16t1_p16_A1f16_1i16t1_p16_I1024,1,1,"{""occupancy"": 16, ""tile"": 1024}",2026.1.1.0 (build 37634170) (public-release),2026-Aug-13 22:26:53,13.2,/opt/nvidia/nsight-compute/2026.1.1/target/linux-desktop-glibc_2_11_3-x64/ncu --set full --import-source on --replay-mode application --cache-control none --app-replay-mode strict --profile-from-start off --kernel-name regex:^(?:add_kernel) --launch-skip 0 --launch-count 1 --force-overwrite -o /projects/kzhou6/bcui2/research/tilebench/Tilebench/tilebench_run/ncu/vector_add/cutile_fp16 /projects/kzhou6/bcui2/env_software/miniconda3/envs/tilebench_env/bin/python /projects/kzhou6/bcui2/research/tilebench/Tilebench/tilebench_run/ncu_generic_harness.py,0.0220,0.0230
B200/cutile/vector_add/fp32,B200,cutile,vector_add,fp32,67ec1efc98ac714e0f4c0673fcbcdb471821c9babb21dfd959b572ac818c2988,"{""n"":20971520}",full,application,NVIDIA_B200/vector_add/cutile_fp32.ncu-rep,ae59ac7f892196db470f0d1c3d08e2fb313fee77055c56266bd74be73f353ac6,local_copy_sha256_identical_to_hf,bcui2/NCU_report@21037737b7e371d38f3d029367dc3967d5b31a23,matched,not_recorded,1,params+winner from NCU catalogue | B200 Triton/cuTile profiling source not recorded (developer_guide: Profiling inventory),ok,add_kernel_Kt1_A1f32_1i16t1_p16_A1f32_1i16t1_p16_A1f32_1i16t1_p16_I512,1,1,"{""occupancy"": 16, ""tile"": 512}",2026.1.1.0 (build 37634170) (public-release),2026-Aug-13 22:39:47,13.2,/opt/nvidia/nsight-compute/2026.1.1/target/linux-desktop-glibc_2_11_3-x64/ncu --set full --import-source on --replay-mode application --cache-control none --app-replay-mode strict --profile-from-start off --kernel-name regex:^(?:add_kernel) --launch-skip 0 --launch-count 1 --force-overwrite -o /projects/kzhou6/bcui2/research/tilebench/Tilebench/tilebench_run/ncu/vector_add/cutile_fp32 /projects/kzhou6/bcui2/env_software/miniconda3/envs/tilebench_env/bin/python /projects/kzhou6/bcui2/research/tilebench/Tilebench/tilebench_run/ncu_generic_harness.py,0.0396,0.0402
B200/cutile/vector_add/int8,B200,cutile,vector_add,int8,5aa19acff5c13b9e0efe3a99bbd08398b4de09df561314ac5d8bc5c8aa3a17d2,"{""n"":20971520}",full,application,NVIDIA_B200/vector_add/cutile_int8.ncu-rep,cc55472ce87e49957ecf7648df7c56f9ddef7c74672e311b5f509795f9a49c5b,local_copy_sha256_identical_to_hf,bcui2/NCU_report@21037737b7e371d38f3d029367dc3967d5b31a23,matched,not_recorded,1,params+winner from NCU catalogue | B200 Triton/cuTile profiling source not recorded (developer_guide: Profiling inventory),ok,add_kernel_Kt1_A1i8_1i16t1_p16_A1i8_1i16t1_p16_A1i8_1i16t1_p16_I2048,1,1,"{""occupancy"": 32, ""tile"": 2048}",2026.1.1.0 (build 37634170) (public-release),2026-Aug-13 22:46:34,13.2,/opt/nvidia/nsight-compute/2026.1.1/target/linux-desktop-glibc_2_11_3-x64/ncu --set full --import-source on --replay-mode application --cache-control none --app-replay-mode strict --profile-from-start off --kernel-name regex:^(?:add_kernel) --launch-skip 0 --launch-count 1 --force-overwrite -o /projects/kzhou6/bcui2/research/tilebench/Tilebench/tilebench_run/ncu/vector_add/cutile_int8 /projects/kzhou6/bcui2/env_software/miniconda3/envs/tilebench_env/bin/python /projects/kzhou6/bcui2/research/tilebench/Tilebench/tilebench_run/ncu_generic_harness.py,0.0130,0.0147
B200/tilelang/vector_add/bf16,B200,tilelang,vector_add,bf16,c920b37c03b68e9eb44be5ecf4c16fb2a18bfd0110176d86ff39a14865984991,"{""n"":20971520}",full,application,NVIDIA_B200/vector_add/tilelang_bf16.ncu-rep,ab25177bc6add5d289543221b3e700d6931a900d453377f4b597e72d39ea45a0,local_copy_sha256_identical_to_hf,bcui2/NCU_report@21037737b7e371d38f3d029367dc3967d5b31a23,matched,not_recorded,1,"params from the B200 NCU catalogue (HF PR #2: TileLang reports use the catalogued maximum input); winner from origin/archive/raw-logs-2026-09-18:results/B200/logs/autotune_logs/vector_add_tilelang_autotune.json | B200 TileLang reports (HF PR #2): source commit not stated; paper-era packages, recorded autotune winner, catalogued max input",ok,add_kernel_kernel,,,"{""BLOCK_SIZE"": 1024, ""threads"": 64}",2026.1.1.0 (build 37634170) (public-release),2026-Oct-04 14:10:39,13.2,/opt/nvidia/nsight-compute/2026.1.1/target/linux-desktop-glibc_2_11_3-x64/ncu --profile-from-start off --cache-control none --replay-mode application --import-source on --force-overwrite --app-replay-mode strict --kernel-name regex:^(?:add_kernel_kernel) --launch-count 1 --set full --metrics smsp__inst_executed.sum -o /home/arustagi/repos/Tilebench-profile-study/profile/vector_add/tilelang_ncu_dataset_cuda130_20261003_bf16/reports/full /scratch/arustagi/tilebench_pdf_env/bin/python /home/arustagi/repos/Tilebench-profile-study/profile/dsl_perf_study/tilelang_dataset_harness.py,0.0216,0.0232
B200/tilelang/vector_add/fp16,B200,tilelang,vector_add,fp16,126d98cd444880759b21ecc2b57f28a6724eb1c12f1f019030c4069eae5f562a,"{""n"":20971520}",full,application,NVIDIA_B200/vector_add/tilelang_fp16.ncu-rep,d894c3485b2d1e39d90ac209f3d8562adcf5e447efe451bd0cde9baa063ae959,local_copy_sha256_identical_to_hf,bcui2/NCU_report@21037737b7e371d38f3d029367dc3967d5b31a23,matched,not_recorded,1,"params from the B200 NCU catalogue (HF PR #2: TileLang reports use the catalogued maximum input); winner from origin/archive/raw-logs-2026-09-18:results/B200/logs/autotune_logs/vector_add_tilelang_autotune.json | B200 TileLang reports (HF PR #2): source commit not stated; paper-era packages, recorded autotune winner, catalogued max input",ok,add_kernel_kernel,,,"{""BLOCK_SIZE"": 2048, ""threads"": 64}",2026.1.1.0 (build 37634170) (public-release),2026-Oct-04 14:22:52,13.2,/opt/nvidia/nsight-compute/2026.1.1/target/linux-desktop-glibc_2_11_3-x64/ncu --profile-from-start off --cache-control none --replay-mode application --import-source on --force-overwrite --app-replay-mode strict --kernel-name regex:^(?:add_kernel_kernel) --launch-count 1 --set full --metrics smsp__inst_executed.sum -o /home/arustagi/repos/Tilebench-profile-study/profile/vector_add/tilelang_ncu_dataset_cuda130_20261003_fp16/reports/full /scratch/arustagi/tilebench_pdf_env/bin/python /home/arustagi/repos/Tilebench-profile-study/profile/dsl_perf_study/tilelang_dataset_harness.py,0.0214,0.0230
B200/tilelang/vector_add/fp32,B200,tilelang,vector_add,fp32,67ec1efc98ac714e0f4c0673fcbcdb471821c9babb21dfd959b572ac818c2988,"{""n"":20971520}",full,application,NVIDIA_B200/vector_add/tilelang_fp32.ncu-rep,f67127079b5c49b9ca72263729fddfc7f54f1ee32abf37d225847e6e624a6e64,local_copy_sha256_identical_to_hf,bcui2/NCU_report@21037737b7e371d38f3d029367dc3967d5b31a23,matched,not_recorded,1,"params from the B200 NCU catalogue (HF PR #2: TileLang reports use the catalogued maximum input); winner from origin/archive/raw-logs-2026-09-18:results/B200/logs/autotune_logs/vector_add_tilelang_autotune.json | B200 TileLang reports (HF PR #2): source commit not stated; paper-era packages, recorded autotune winner, catalogued max input",ok,add_kernel_kernel,,,"{""BLOCK_SIZE"": 1024, ""threads"": 256}",2026.1.1.0 (build 37634170) (public-release),2026-Oct-04 14:34:35,13.2,/opt/nvidia/nsight-compute/2026.1.1/target/linux-desktop-glibc_2_11_3-x64/ncu --profile-from-start off --cache-control none --replay-mode application --import-source on --force-overwrite --app-replay-mode strict --kernel-name regex:^(?:add_kernel_kernel) --launch-count 1 --set full --metrics smsp__inst_executed.sum -o /home/arustagi/repos/Tilebench-profile-study/profile/vector_add/tilelang_ncu_dataset_cuda130_20261003_fp32/reports/full /scratch/arustagi/tilebench_pdf_env/bin/python /home/arustagi/repos/Tilebench-profile-study/profile/dsl_perf_study/tilelang_dataset_harness.py,0.0400,0.0402
B200/tilelang/vector_add/int8,B200,tilelang,vector_add,int8,5aa19acff5c13b9e0efe3a99bbd08398b4de09df561314ac5d8bc5c8aa3a17d2,"{""n"":20971520}",full,application,NVIDIA_B200/vector_add/tilelang_int8.ncu-rep,5ffe1301d9727f9ba16db0d2b1ca1ea3d20fc2fd0cf6db9f892a1d163b0e9800,local_copy_sha256_identical_to_hf,bcui2/NCU_report@21037737b7e371d38f3d029367dc3967d5b31a23,matched,not_recorded,1,"params from the B200 NCU catalogue (HF PR #2: TileLang reports use the catalogued maximum input); winner from origin/archive/raw-logs-2026-09-18:results/B200/logs/autotune_logs/vector_add_tilelang_autotune.json | B200 TileLang reports (HF PR #2): source commit not stated; paper-era packages, recorded autotune winner, catalogued max input",ok,add_kernel_kernel,,,"{""BLOCK_SIZE"": 2048, ""threads"": 64}",2026.1.1.0 (build 37634170) (public-release),2026-Oct-04 14:46:04,13.2,/opt/nvidia/nsight-compute/2026.1.1/target/linux-desktop-glibc_2_11_3-x64/ncu --profile-from-start off --cache-control none --replay-mode application --import-source on --force-overwrite --app-replay-mode strict --kernel-name regex:^(?:add_kernel_kernel) --launch-count 1 --set full --metrics smsp__inst_executed.sum -o /home/arustagi/repos/Tilebench-profile-study/profile/vector_add/tilelang_ncu_dataset_cuda130_20261003_int8/reports/full /scratch/arustagi/tilebench_pdf_env/bin/python /home/arustagi/repos/Tilebench-profile-study/profile/dsl_perf_study/tilelang_dataset_harness.py,0.0126,0.0147
B200/triton/vector_add/bf16,B200,triton,vector_add,bf16,c920b37c03b68e9eb44be5ecf4c16fb2a18bfd0110176d86ff39a14865984991,"{""n"":20971520}",full,application,NVIDIA_B200/vector_add/triton_bf16.ncu-rep,fc4486b5b60b79a8046b3bfa3719d90cb54a6513dcb419b35e95f2ede308d29f,local_copy_sha256_identical_to_hf,bcui2/NCU_report@21037737b7e371d38f3d029367dc3967d5b31a23,matched,not_recorded,1,params+winner from NCU catalogue | B200 Triton/cuTile profiling source not recorded (developer_guide: Profiling inventory),ok,add_kernel,1,1,"{""BLOCK_SIZE"": 1024, ""num_warps"": 2}",2026.1.1.0 (build 37634170) (public-release),2026-Aug-13 22:30:13,13.2,/opt/nvidia/nsight-compute/2026.1.1/target/linux-desktop-glibc_2_11_3-x64/ncu --set full --import-source on --replay-mode application --cache-control none --app-replay-mode strict --profile-from-start off --kernel-name regex:^(?:add_kernel) --launch-skip 0 --launch-count 1 --force-overwrite -o /projects/kzhou6/bcui2/research/tilebench/Tilebench/tilebench_run/ncu/vector_add/triton_bf16 /projects/kzhou6/bcui2/env_software/miniconda3/envs/tilebench_env/bin/python /projects/kzhou6/bcui2/research/tilebench/Tilebench/tilebench_run/ncu_generic_harness.py,0.0218,0.0232
B200/triton/vector_add/fp16,B200,triton,vector_add,fp16,126d98cd444880759b21ecc2b57f28a6724eb1c12f1f019030c4069eae5f562a,"{""n"":20971520}",full,application,NVIDIA_B200/vector_add/triton_fp16.ncu-rep,8d694caad6b33919ab9a81a2bce908973a9c7f1ecddbd8be95187639d8949453,local_copy_sha256_identical_to_hf,bcui2/NCU_report@21037737b7e371d38f3d029367dc3967d5b31a23,matched,not_recorded,1,params+winner from NCU catalogue | B200 Triton/cuTile profiling source not recorded (developer_guide: Profiling inventory),ok,add_kernel,1,1,"{""BLOCK_SIZE"": 2048, ""num_warps"": 8}",2026.1.1.0 (build 37634170) (public-release),2026-Aug-13 22:23:36,13.2,/opt/nvidia/nsight-compute/2026.1.1/target/linux-desktop-glibc_2_11_3-x64/ncu --set full --import-source on --replay-mode application --cache-control none --app-replay-mode strict --profile-from-start off --kernel-name regex:^(?:add_kernel) --launch-skip 0 --launch-count 1 --force-overwrite -o /projects/kzhou6/bcui2/research/tilebench/Tilebench/tilebench_run/ncu/vector_add/triton_fp16 /projects/kzhou6/bcui2/env_software/miniconda3/envs/tilebench_env/bin/python /projects/kzhou6/bcui2/research/tilebench/Tilebench/tilebench_run/ncu_generic_harness.py,0.0221,0.0230
B200/triton/vector_add/fp32,B200,triton,vector_add,fp32,67ec1efc98ac714e0f4c0673fcbcdb471821c9babb21dfd959b572ac818c2988,"{""n"":20971520}",full,application,NVIDIA_B200/vector_add/triton_fp32.ncu-rep,21726970eb0dc52016dd898a7a48a9a00c0bbbce106bad8610192d5b172d4e97,local_copy_sha256_identical_to_hf,bcui2/NCU_report@21037737b7e371d38f3d029367dc3967d5b31a23,matched,not_recorded,1,params+winner from NCU catalogue | B200 Triton/cuTile profiling source not recorded (developer_guide: Profiling inventory),ok,add_kernel,1,1,"{""BLOCK_SIZE"": 1024, ""num_warps"": 8}",2026.1.1.0 (build 37634170) (public-release),2026-Aug-13 22:36:37,13.2,/opt/nvidia/nsight-compute/2026.1.1/target/linux-desktop-glibc_2_11_3-x64/ncu --set full --import-source on --replay-mode application --cache-control none --app-replay-mode strict --profile-from-start off --kernel-name regex:^(?:add_kernel) --launch-skip 0 --launch-count 1 --force-overwrite -o /projects/kzhou6/bcui2/research/tilebench/Tilebench/tilebench_run/ncu/vector_add/triton_fp32 /projects/kzhou6/bcui2/env_software/miniconda3/envs/tilebench_env/bin/python /projects/kzhou6/bcui2/research/tilebench/Tilebench/tilebench_run/ncu_generic_harness.py,0.0396,0.0402
B200/triton/vector_add/int8,B200,triton,vector_add,int8,5aa19acff5c13b9e0efe3a99bbd08398b4de09df561314ac5d8bc5c8aa3a17d2,"{""n"":20971520}",full,application,NVIDIA_B200/vector_add/triton_int8.ncu-rep,e05fed78ba029a217746ce2371c940d97e62de61bc54dd9f529c0e0150c47215,local_copy_sha256_identical_to_hf,bcui2/NCU_report@21037737b7e371d38f3d029367dc3967d5b31a23,matched,not_recorded,1,params+winner from NCU catalogue | B200 Triton/cuTile profiling source not recorded (developer_guide: Profiling inventory),ok,add_kernel,1,1,"{""BLOCK_SIZE"": 2048, ""num_warps"": 4}",2026.1.1.0 (build 37634170) (public-release),2026-Aug-13 22:43:03,13.2,/opt/nvidia/nsight-compute/2026.1.1/target/linux-desktop-glibc_2_11_3-x64/ncu --set full --import-source on --replay-mode application --cache-control none --app-replay-mode strict --profile-from-start off --kernel-name regex:^(?:add_kernel) --launch-skip 0 --launch-count 1 --force-overwrite -o /projects/kzhou6/bcui2/research/tilebench/Tilebench/tilebench_run/ncu/vector_add/triton_int8 /projects/kzhou6/bcui2/env_software/miniconda3/envs/tilebench_env/bin/python /projects/kzhou6/bcui2/research/tilebench/Tilebench/tilebench_run/ncu_generic_harness.py,0.0127,0.0147
B200/cutile/weight_dequant/bf16,B200,cutile,weight_dequant,bf16,35d9c781fe004c5b000cdf3df27aaef77a08d170ed9ddfa90fad5fcd1bfe812c,"{""M"":10240,""TILE_SIZE"":128}",full,application,NVIDIA_B200/weight_dequant/cutile_bf16.ncu-rep,1fe28b109e5b2128b89f613f9e08454ce0662f6f2830384ebdd782ddcc76b343,local_copy_sha256_identical_to_hf,bcui2/NCU_report@21037737b7e371d38f3d029367dc3967d5b31a23,matched,not_recorded,1,params+winner from NCU catalogue | B200 Triton/cuTile profiling source not recorded (developer_guide: Profiling inventory),ok,dequant_kernel_Kt1_A1bf16_1i16t1_p16_A2bf16_1v8l0_2t1_3i16_p16_A1bf16_1i16t1_p16_I10240_I128_I4096,1,1,"{""occupancy"": 4, ""tile"": 4096}",2026.1.1.0 (build 37634170) (public-release),2026-Aug-13 20:43:40,13.2,/opt/nvidia/nsight-compute/2026.1.1/target/linux-desktop-glibc_2_11_3-x64/ncu --set full --import-source on --replay-mode application --cache-control none --app-replay-mode strict --profile-from-start off --kernel-name regex:^(?:dequant_kernel) --launch-skip 0 --launch-count 1 --force-overwrite -o /projects/kzhou6/bcui2/research/tilebench/Tilebench/tilebench_run/ncu/weight_dequant/cutile_bf16 /projects/kzhou6/bcui2/env_software/miniconda3/envs/tilebench_env/bin/python /projects/kzhou6/bcui2/research/tilebench/Tilebench/tilebench_run/ncu_generic_harness.py,0.1865,1.3198
B200/cutile/weight_dequant/fp16,B200,cutile,weight_dequant,fp16,a523da7a32b620e530ab984160cfb00c2b722a3d654314a30b11a56f12570831,"{""M"":10240,""TILE_SIZE"":128}",full,application,NVIDIA_B200/weight_dequant/cutile_fp16.ncu-rep,9426afe949d2fed0da7e70093f415bfeb8d9fdc3c441f48bae7418b29fa587b0,local_copy_sha256_identical_to_hf,bcui2/NCU_report@21037737b7e371d38f3d029367dc3967d5b31a23,matched,not_recorded,1,params+winner from NCU catalogue | B200 Triton/cuTile profiling source not recorded (developer_guide: Profiling inventory),ok,dequant_kernel_Kt1_A1f16_1i16t1_p16_A2f16_1v8l0_2t1_3i16_p16_A1f16_1i16t1_p16_I10240_I128_I4096,1,1,"{""occupancy"": 4, ""tile"": 4096}",2026.1.1.0 (build 37634170) (public-release),2026-Aug-13 20:36:01,13.2,/opt/nvidia/nsight-compute/2026.1.1/target/linux-desktop-glibc_2_11_3-x64/ncu --set full --import-source on --replay-mode application --cache-control none --app-replay-mode strict --profile-from-start off --kernel-name regex:^(?:dequant_kernel) --launch-skip 0 --launch-count 1 --force-overwrite -o /projects/kzhou6/bcui2/research/tilebench/Tilebench/tilebench_run/ncu/weight_dequant/cutile_fp16 /projects/kzhou6/bcui2/env_software/miniconda3/envs/tilebench_env/bin/python /projects/kzhou6/bcui2/research/tilebench/Tilebench/tilebench_run/ncu_generic_harness.py,0.1864,1.3179
B200/cutile/weight_dequant/fp32,B200,cutile,weight_dequant,fp32,f82881d290725d7821f7e15b1fe591f9b0953a6a75c3db7ce396624f158681a9,"{""M"":10240,""TILE_SIZE"":128}",full,application,NVIDIA_B200/weight_dequant/cutile_fp32.ncu-rep,b6ae05e43235b05b7edb49a223fa392fdc324f0491d66d2d0da083bcf4104447,local_copy_sha256_identical_to_hf,bcui2/NCU_report@21037737b7e371d38f3d029367dc3967d5b31a23,matched,not_recorded,1,params+winner from NCU catalogue | B200 Triton/cuTile profiling source not recorded (developer_guide: Profiling inventory),ok,dequant_kernel_Kt1_A1f32_1i16t1_p16_A2f32_1v4l0_2t1_3i16_p16_A1f32_1i16t1_p16_I10240_I128_I2048,1,1,"{""occupancy"": 4, ""tile"": 2048}",2026.1.1.0 (build 37634170) (public-release),2026-Aug-13 20:50:25,13.2,/opt/nvidia/nsight-compute/2026.1.1/target/linux-desktop-glibc_2_11_3-x64/ncu --set full --import-source on --replay-mode application --cache-control none --app-replay-mode strict --profile-from-start off --kernel-name regex:^(?:dequant_kernel) --launch-skip 0 --launch-count 1 --force-overwrite -o /projects/kzhou6/bcui2/research/tilebench/Tilebench/tilebench_run/ncu/weight_dequant/cutile_fp32 /projects/kzhou6/bcui2/env_software/miniconda3/envs/tilebench_env/bin/python /projects/kzhou6/bcui2/research/tilebench/Tilebench/tilebench_run/ncu_generic_harness.py,0.1909,1.4256
B200/tilelang/weight_dequant/bf16,B200,tilelang,weight_dequant,bf16,35d9c781fe004c5b000cdf3df27aaef77a08d170ed9ddfa90fad5fcd1bfe812c,"{""M"":10240,""TILE_SIZE"":128}",full,application,NVIDIA_B200/weight_dequant/tilelang_bf16.ncu-rep,7b74858a0183cf381d94d5833abe898bc8601f96fc9d554f98cb6f504be191b9,local_copy_sha256_identical_to_hf,bcui2/NCU_report@21037737b7e371d38f3d029367dc3967d5b31a23,matched,not_recorded,1,"params from the B200 NCU catalogue (HF PR #2: TileLang reports use the catalogued maximum input); winner from origin/archive/raw-logs-2026-09-18:results/B200/logs/autotune_logs/weight_dequant_tilelang_autotune.json | B200 TileLang reports (HF PR #2): source commit not stated; paper-era packages, recorded autotune winner, catalogued max input",ok,weight_dequant_kernel_kernel,,,"{""BLOCK_SIZE"": 2048, ""threads"": 128}",2026.1.1.0 (build 37634170) (public-release),2026-Oct-04 14:57:14,13.2,/opt/nvidia/nsight-compute/2026.1.1/target/linux-desktop-glibc_2_11_3-x64/ncu --profile-from-start off --cache-control none --replay-mode application --import-source on --force-overwrite --app-replay-mode strict --kernel-name regex:^(?:weight_dequant_kernel_kernel) --launch-count 1 --set full --metrics smsp__inst_executed.sum -o /home/arustagi/repos/Tilebench-profile-study/profile/weight_dequant/tilelang_ncu_dataset_cuda130_20261003_bf16/reports/full /scratch/arustagi/tilebench_pdf_env/bin/python /home/arustagi/repos/Tilebench-profile-study/profile/dsl_perf_study/tilelang_dataset_harness.py,0.0641,1.3198
B200/tilelang/weight_dequant/fp16,B200,tilelang,weight_dequant,fp16,a523da7a32b620e530ab984160cfb00c2b722a3d654314a30b11a56f12570831,"{""M"":10240,""TILE_SIZE"":128}",full,application,NVIDIA_B200/weight_dequant/tilelang_fp16.ncu-rep,976927f7ebd48351372c01136aa3fef116464666adba298fc40c63a15ff96547,local_copy_sha256_identical_to_hf,bcui2/NCU_report@21037737b7e371d38f3d029367dc3967d5b31a23,matched,not_recorded,1,"params from the B200 NCU catalogue (HF PR #2: TileLang reports use the catalogued maximum input); winner from origin/archive/raw-logs-2026-09-18:results/B200/logs/autotune_logs/weight_dequant_tilelang_autotune.json | B200 TileLang reports (HF PR #2): source commit not stated; paper-era packages, recorded autotune winner, catalogued max input",ok,weight_dequant_kernel_kernel,,,"{""BLOCK_SIZE"": 2048, ""threads"": 128}",2026.1.1.0 (build 37634170) (public-release),2026-Oct-04 15:08:16,13.2,/opt/nvidia/nsight-compute/2026.1.1/target/linux-desktop-glibc_2_11_3-x64/ncu --profile-from-start off --cache-control none --replay-mode application --import-source on --force-overwrite --app-replay-mode strict --kernel-name regex:^(?:weight_dequant_kernel_kernel) --launch-count 1 --set full --metrics smsp__inst_executed.sum -o /home/arustagi/repos/Tilebench-profile-study/profile/weight_dequant/tilelang_ncu_dataset_cuda130_20261003_fp16/reports/full /scratch/arustagi/tilebench_pdf_env/bin/python /home/arustagi/repos/Tilebench-profile-study/profile/dsl_perf_study/tilelang_dataset_harness.py,0.0635,1.3179
B200/tilelang/weight_dequant/fp32,B200,tilelang,weight_dequant,fp32,f82881d290725d7821f7e15b1fe591f9b0953a6a75c3db7ce396624f158681a9,"{""M"":10240,""TILE_SIZE"":128}",full,application,NVIDIA_B200/weight_dequant/tilelang_fp32.ncu-rep,92ce2ab033ddc8875622675fb40fe80490ed1229fcc2161b1d6341dc3351dbc5,local_copy_sha256_identical_to_hf,bcui2/NCU_report@21037737b7e371d38f3d029367dc3967d5b31a23,matched,not_recorded,1,"params from the B200 NCU catalogue (HF PR #2: TileLang reports use the catalogued maximum input); winner from origin/archive/raw-logs-2026-09-18:results/B200/logs/autotune_logs/weight_dequant_tilelang_autotune.json | B200 TileLang reports (HF PR #2): source commit not stated; paper-era packages, recorded autotune winner, catalogued max input",ok,weight_dequant_kernel_kernel,,,"{""BLOCK_SIZE"": 2048, ""threads"": 256}",2026.1.1.0 (build 37634170) (public-release),2026-Oct-04 15:19:14,13.2,/opt/nvidia/nsight-compute/2026.1.1/target/linux-desktop-glibc_2_11_3-x64/ncu --profile-from-start off --cache-control none --replay-mode application --import-source on --force-overwrite --app-replay-mode strict --kernel-name regex:^(?:weight_dequant_kernel_kernel) --launch-count 1 --set full --metrics smsp__inst_executed.sum -o /home/arustagi/repos/Tilebench-profile-study/profile/weight_dequant/tilelang_ncu_dataset_cuda130_20261003_fp32/reports/full /scratch/arustagi/tilebench_pdf_env/bin/python /home/arustagi/repos/Tilebench-profile-study/profile/dsl_perf_study/tilelang_dataset_harness.py,0.1236,1.4256
B200/triton/weight_dequant/bf16,B200,triton,weight_dequant,bf16,35d9c781fe004c5b000cdf3df27aaef77a08d170ed9ddfa90fad5fcd1bfe812c,"{""M"":10240,""TILE_SIZE"":128}",full,application,NVIDIA_B200/weight_dequant/triton_bf16.ncu-rep,d0bf5144b8bb5308ce93232667a9887529467db9d74fc400b6ef89786ac4ab95,local_copy_sha256_identical_to_hf,bcui2/NCU_report@21037737b7e371d38f3d029367dc3967d5b31a23,matched,not_recorded,1,params+winner from NCU catalogue | B200 Triton/cuTile profiling source not recorded (developer_guide: Profiling inventory),ok,dequant_kernel,1,1,"{""BLOCK_SIZE"": 2048, ""num_warps"": 4}",2026.1.1.0 (build 37634170) (public-release),2026-Aug-13 20:39:45,13.2,/opt/nvidia/nsight-compute/2026.1.1/target/linux-desktop-glibc_2_11_3-x64/ncu --set full --import-source on --replay-mode application --cache-control none --app-replay-mode strict --profile-from-start off --kernel-name regex:^(?:dequant_kernel) --launch-skip 0 --launch-count 1 --force-overwrite -o /projects/kzhou6/bcui2/research/tilebench/Tilebench/tilebench_run/ncu/weight_dequant/triton_bf16 /projects/kzhou6/bcui2/env_software/miniconda3/envs/tilebench_env/bin/python /projects/kzhou6/bcui2/research/tilebench/Tilebench/tilebench_run/ncu_generic_harness.py,0.0677,1.3198
B200/triton/weight_dequant/fp16,B200,triton,weight_dequant,fp16,a523da7a32b620e530ab984160cfb00c2b722a3d654314a30b11a56f12570831,"{""M"":10240,""TILE_SIZE"":128}",full,application,NVIDIA_B200/weight_dequant/triton_fp16.ncu-rep,359338230a90e134b21bed9a185a97aa2d0a6183854773bcaafced2a8fe08692,local_copy_sha256_identical_to_hf,bcui2/NCU_report@21037737b7e371d38f3d029367dc3967d5b31a23,matched,not_recorded,1,params+winner from NCU catalogue | B200 Triton/cuTile profiling source not recorded (developer_guide: Profiling inventory),ok,dequant_kernel,1,1,"{""BLOCK_SIZE"": 2048, ""num_warps"": 4}",2026.1.1.0 (build 37634170) (public-release),2026-Aug-13 20:32:17,13.2,/opt/nvidia/nsight-compute/2026.1.1/target/linux-desktop-glibc_2_11_3-x64/ncu --set full --import-source on --replay-mode application --cache-control none --app-replay-mode strict --profile-from-start off --kernel-name regex:^(?:dequant_kernel) --launch-skip 0 --launch-count 1 --force-overwrite -o /projects/kzhou6/bcui2/research/tilebench/Tilebench/tilebench_run/ncu/weight_dequant/triton_fp16 /projects/kzhou6/bcui2/env_software/miniconda3/envs/tilebench_env/bin/python /projects/kzhou6/bcui2/research/tilebench/Tilebench/tilebench_run/ncu_generic_harness.py,0.0679,1.3179
B200/triton/weight_dequant/fp32,B200,triton,weight_dequant,fp32,f82881d290725d7821f7e15b1fe591f9b0953a6a75c3db7ce396624f158681a9,"{""M"":10240,""TILE_SIZE"":128}",full,application,NVIDIA_B200/weight_dequant/triton_fp32.ncu-rep,1195fc9f171c91872670e699278f06335ac610c640a7de35b95285c9cadf23f2,local_copy_sha256_identical_to_hf,bcui2/NCU_report@21037737b7e371d38f3d029367dc3967d5b31a23,matched,not_recorded,1,params+winner from NCU catalogue | B200 Triton/cuTile profiling source not recorded (developer_guide: Profiling inventory),ok,dequant_kernel,1,1,"{""BLOCK_SIZE"": 2048, ""num_warps"": 8}",2026.1.1.0 (build 37634170) (public-release),2026-Aug-13 20:47:14,13.2,/opt/nvidia/nsight-compute/2026.1.1/target/linux-desktop-glibc_2_11_3-x64/ncu --set full --import-source on --replay-mode application --cache-control none --app-replay-mode strict --profile-from-start off --kernel-name regex:^(?:dequant_kernel) --launch-skip 0 --launch-count 1 --force-overwrite -o /projects/kzhou6/bcui2/research/tilebench/Tilebench/tilebench_run/ncu/weight_dequant/triton_fp32 /projects/kzhou6/bcui2/env_software/miniconda3/envs/tilebench_env/bin/python /projects/kzhou6/bcui2/research/tilebench/Tilebench/tilebench_run/ncu_generic_harness.py,0.1225,1.4256
