evidence_id,figure,case,device,dsl,metric_name,value,unit,measurement_kind,scope,profile_id,source_file,confidence,note
rq2:matmul_fp32_fp16_fp8/fp32:B200:triton:l1tex__m_xbar2l1tex_read_bytes_mem_global_op_tma_ld.sum,rq2,matmul_fp32_fp16_fp8/fp32,B200,triton,l1tex__m_xbar2l1tex_read_bytes_mem_global_op_tma_ld.sum,21474836480.0,byte,ncu_counter,sum over the profiled run() launches,B200/triton/matmul_fp32_fp16_fp8/fp32,artifacts/paper_figures/nvidia/B200/kernel_metrics_long.csv.gz,high,
rq2:matmul_fp32_fp16_fp8/fp32:B200:triton:sass__inst_executed_per_opcode_with_modifier_all[STS*],rq2,matmul_fp32_fp16_fp8/fp32,B200,triton,sass__inst_executed_per_opcode_with_modifier_all[STS*],133120,,dynamic_sass_count,sum over the profiled run() launches,B200/triton/matmul_fp32_fp16_fp8/fp32,artifacts/paper_figures/nvidia/B200/instruction_mix.csv,high,
rq2:matmul_fp32_fp16_fp8/fp32:B200:triton:sass__inst_executed_per_opcode_with_modifier_all[LDSM*],rq2,matmul_fp32_fp16_fp8/fp32,B200,triton,sass__inst_executed_per_opcode_with_modifier_all[LDSM*],0,,dynamic_sass_count,sum over the profiled run() launches,B200/triton/matmul_fp32_fp16_fp8/fp32,artifacts/paper_figures/nvidia/B200/instruction_mix.csv,high,
rq2:matmul_fp32_fp16_fp8/fp32:B200:triton:sass__inst_executed_per_opcode[family=wgmma],rq2,matmul_fp32_fp16_fp8/fp32,B200,triton,sass__inst_executed_per_opcode[family=wgmma],0,,dynamic_sass_count,sum over the profiled run() launches,B200/triton/matmul_fp32_fp16_fp8/fp32,artifacts/paper_figures/nvidia/B200/instruction_mix.csv,high,
rq2:matmul_fp32_fp16_fp8/fp32:B200:triton:sass__inst_executed_per_opcode[family=tcgen05],rq2,matmul_fp32_fp16_fp8/fp32,B200,triton,sass__inst_executed_per_opcode[family=tcgen05],3287040,,dynamic_sass_count,sum over the profiled run() launches,B200/triton/matmul_fp32_fp16_fp8/fp32,artifacts/paper_figures/nvidia/B200/instruction_mix.csv,high,
rq2:matmul_fp32_fp16_fp8/fp32:B200:triton:launch__shared_mem_per_block,rq2,matmul_fp32_fp16_fp8/fp32,B200,triton,launch__shared_mem_per_block,99376.0,byte/block,launch_config,longest launch,B200/triton/matmul_fp32_fp16_fp8/fp32,artifacts/paper_figures/nvidia/B200/kernel_metrics_long.csv.gz,high,
rq2:matmul_fp32_fp16_fp8/fp32:B200:cutile:l1tex__m_xbar2l1tex_read_bytes_mem_global_op_tma_ld.sum,rq2,matmul_fp32_fp16_fp8/fp32,B200,cutile,l1tex__m_xbar2l1tex_read_bytes_mem_global_op_tma_ld.sum,10737418240.0,byte,ncu_counter,sum over the profiled run() launches,B200/cutile/matmul_fp32_fp16_fp8/fp32,artifacts/paper_figures/nvidia/B200/kernel_metrics_long.csv.gz,high,
rq2:matmul_fp32_fp16_fp8/fp32:B200:cutile:sass__inst_executed_per_opcode_with_modifier_all[STS*],rq2,matmul_fp32_fp16_fp8/fp32,B200,cutile,sass__inst_executed_per_opcode_with_modifier_all[STS*],131584,,dynamic_sass_count,sum over the profiled run() launches,B200/cutile/matmul_fp32_fp16_fp8/fp32,artifacts/paper_figures/nvidia/B200/instruction_mix.csv,high,
rq2:matmul_fp32_fp16_fp8/fp32:B200:cutile:sass__inst_executed_per_opcode_with_modifier_all[LDSM*],rq2,matmul_fp32_fp16_fp8/fp32,B200,cutile,sass__inst_executed_per_opcode_with_modifier_all[LDSM*],0,,dynamic_sass_count,sum over the profiled run() launches,B200/cutile/matmul_fp32_fp16_fp8/fp32,artifacts/paper_figures/nvidia/B200/instruction_mix.csv,high,
rq2:matmul_fp32_fp16_fp8/fp32:B200:cutile:sass__inst_executed_per_opcode[family=wgmma],rq2,matmul_fp32_fp16_fp8/fp32,B200,cutile,sass__inst_executed_per_opcode[family=wgmma],0,,dynamic_sass_count,sum over the profiled run() launches,B200/cutile/matmul_fp32_fp16_fp8/fp32,artifacts/paper_figures/nvidia/B200/instruction_mix.csv,high,
rq2:matmul_fp32_fp16_fp8/fp32:B200:cutile:sass__inst_executed_per_opcode[family=tcgen05],rq2,matmul_fp32_fp16_fp8/fp32,B200,cutile,sass__inst_executed_per_opcode[family=tcgen05],1704704,,dynamic_sass_count,sum over the profiled run() launches,B200/cutile/matmul_fp32_fp16_fp8/fp32,artifacts/paper_figures/nvidia/B200/instruction_mix.csv,high,
rq2:matmul_fp32_fp16_fp8/fp32:B200:cutile:launch__shared_mem_per_block,rq2,matmul_fp32_fp16_fp8/fp32,B200,cutile,launch__shared_mem_per_block,230764.0,byte/block,launch_config,longest launch,B200/cutile/matmul_fp32_fp16_fp8/fp32,artifacts/paper_figures/nvidia/B200/kernel_metrics_long.csv.gz,high,
rq2:destindex/int8:B200:triton:smsp__inst_executed.sum,rq2,destindex/int8,B200,triton,smsp__inst_executed.sum,5207040.0,warp inst,ncu_counter,sum over the profiled run() launches,B200/triton/destindex/int8,artifacts/paper_figures/nvidia/B200/kernel_metrics_long.csv.gz,high,
rq2:destindex/int8:B200:triton:l1tex__t_requests_pipe_lsu_mem_global_op_st.sum,rq2,destindex/int8,B200,triton,l1tex__t_requests_pipe_lsu_mem_global_op_st.sum,128000.0,requests,ncu_counter,sum over the profiled run() launches,B200/triton/destindex/int8,artifacts/paper_figures/nvidia/B200/kernel_metrics_long.csv.gz,high,
rq2:destindex/int8:B200:triton:l1tex__t_sectors_pipe_lsu_mem_global_op_st.sum,rq2,destindex/int8,B200,triton,l1tex__t_sectors_pipe_lsu_mem_global_op_st.sum,2048000.0,sectors,ncu_counter,sum over the profiled run() launches,B200/triton/destindex/int8,artifacts/paper_figures/nvidia/B200/kernel_metrics_long.csv.gz,high,
rq2:destindex/int8:B200:triton:sass__inst_executed_per_opcode_with_modifier_all[STG*],rq2,destindex/int8,B200,triton,sass__inst_executed_per_opcode_with_modifier_all[STG*],128000,,dynamic_sass_count,sum over the profiled run() launches,B200/triton/destindex/int8,artifacts/paper_figures/nvidia/B200/instruction_mix.csv,high,
rq2:destindex/int8:B200:triton:opcode_mix[STG],rq2,destindex/int8,B200,triton,opcode_mix[STG],STG.E.128:128000,text,dynamic_sass_count,sum over the profiled run() launches,B200/triton/destindex/int8,artifacts/paper_figures/nvidia/B200/instruction_mix.csv,high,
rq2:destindex/int8:B200:cutile:smsp__inst_executed.sum,rq2,destindex/int8,B200,cutile,smsp__inst_executed.sum,90275840.0,warp inst,ncu_counter,sum over the profiled run() launches,B200/cutile/destindex/int8,artifacts/paper_figures/nvidia/B200/kernel_metrics_long.csv.gz,high,
rq2:destindex/int8:B200:cutile:l1tex__t_requests_pipe_lsu_mem_global_op_st.sum,rq2,destindex/int8,B200,cutile,l1tex__t_requests_pipe_lsu_mem_global_op_st.sum,2048000.0,requests,ncu_counter,sum over the profiled run() launches,B200/cutile/destindex/int8,artifacts/paper_figures/nvidia/B200/kernel_metrics_long.csv.gz,high,
rq2:destindex/int8:B200:cutile:l1tex__t_sectors_pipe_lsu_mem_global_op_st.sum,rq2,destindex/int8,B200,cutile,l1tex__t_sectors_pipe_lsu_mem_global_op_st.sum,2048000.0,sectors,ncu_counter,sum over the profiled run() launches,B200/cutile/destindex/int8,artifacts/paper_figures/nvidia/B200/kernel_metrics_long.csv.gz,high,
rq2:destindex/int8:B200:cutile:sass__inst_executed_per_opcode_with_modifier_all[STG*],rq2,destindex/int8,B200,cutile,sass__inst_executed_per_opcode_with_modifier_all[STG*],2048000,,dynamic_sass_count,sum over the profiled run() launches,B200/cutile/destindex/int8,artifacts/paper_figures/nvidia/B200/instruction_mix.csv,high,
rq2:destindex/int8:B200:cutile:opcode_mix[STG],rq2,destindex/int8,B200,cutile,opcode_mix[STG],STG.E.U8:2048000,text,dynamic_sass_count,sum over the profiled run() launches,B200/cutile/destindex/int8,artifacts/paper_figures/nvidia/B200/instruction_mix.csv,high,
rq2:destindex/int8:B200:tilelang:smsp__inst_executed.sum,rq2,destindex/int8,B200,tilelang,smsp__inst_executed.sum,8366080.0,warp inst,ncu_counter,sum over the profiled run() launches,B200/tilelang/destindex/int8,artifacts/paper_figures/nvidia/B200/kernel_metrics_long.csv.gz,high,
rq2:destindex/int8:B200:tilelang:l1tex__t_requests_pipe_lsu_mem_global_op_st.sum,rq2,destindex/int8,B200,tilelang,l1tex__t_requests_pipe_lsu_mem_global_op_st.sum,512000.0,requests,ncu_counter,sum over the profiled run() launches,B200/tilelang/destindex/int8,artifacts/paper_figures/nvidia/B200/kernel_metrics_long.csv.gz,high,
rq2:destindex/int8:B200:tilelang:l1tex__t_sectors_pipe_lsu_mem_global_op_st.sum,rq2,destindex/int8,B200,tilelang,l1tex__t_sectors_pipe_lsu_mem_global_op_st.sum,2048000.0,sectors,ncu_counter,sum over the profiled run() launches,B200/tilelang/destindex/int8,artifacts/paper_figures/nvidia/B200/kernel_metrics_long.csv.gz,high,
rq2:destindex/int8:B200:tilelang:sass__inst_executed_per_opcode_with_modifier_all[STG*],rq2,destindex/int8,B200,tilelang,sass__inst_executed_per_opcode_with_modifier_all[STG*],512000,,dynamic_sass_count,sum over the profiled run() launches,B200/tilelang/destindex/int8,artifacts/paper_figures/nvidia/B200/instruction_mix.csv,high,
rq2:destindex/int8:B200:tilelang:opcode_mix[STG],rq2,destindex/int8,B200,tilelang,opcode_mix[STG],STG.E:512000,text,dynamic_sass_count,sum over the profiled run() launches,B200/tilelang/destindex/int8,artifacts/paper_figures/nvidia/B200/instruction_mix.csv,high,
rq2:1d_conv/fp16:B200:triton:l1tex__t_requests_pipe_lsu_mem_global_op_ld.sum,rq2,1d_conv/fp16,B200,triton,l1tex__t_requests_pipe_lsu_mem_global_op_ld.sum,62914560.0,requests,ncu_counter,sum over the profiled run() launches,B200/triton/1d_conv/fp16,artifacts/paper_figures/nvidia/B200/kernel_metrics_long.csv.gz,high,
rq2:1d_conv/fp16:B200:triton:l1tex__t_sectors_pipe_lsu_mem_global_op_ld.sum,rq2,1d_conv/fp16,B200,triton,l1tex__t_sectors_pipe_lsu_mem_global_op_ld.sum,146800384.0,sectors,ncu_counter,sum over the profiled run() launches,B200/triton/1d_conv/fp16,artifacts/paper_figures/nvidia/B200/kernel_metrics_long.csv.gz,high,
rq2:1d_conv/fp16:B200:triton:dram__bytes_read.sum,rq2,1d_conv/fp16,B200,triton,dram__bytes_read.sum,671880960.0,byte,ncu_counter,sum over the profiled run() launches,B200/triton/1d_conv/fp16,artifacts/paper_figures/nvidia/B200/kernel_metrics_long.csv.gz,high,
rq2:1d_conv/fp16:B200:triton:l1tex__t_sector_hit_rate.pct,rq2,1d_conv/fp16,B200,triton,l1tex__t_sector_hit_rate.pct,46.83227830566911,%,ncu_counter,longest launch,B200/triton/1d_conv/fp16,artifacts/paper_figures/nvidia/B200/kernel_metrics_long.csv.gz,high,
rq2:1d_conv/fp16:B200:triton:sm__warps_active.avg.pct_of_peak_sustained_active,rq2,1d_conv/fp16,B200,triton,sm__warps_active.avg.pct_of_peak_sustained_active,24.60520168032664,%,ncu_counter,longest launch,B200/triton/1d_conv/fp16,artifacts/paper_figures/nvidia/B200/kernel_metrics_long.csv.gz,high,
rq2:1d_conv/fp16:B200:triton:sm__maximum_warps_per_active_cycle_pct,rq2,1d_conv/fp16,B200,triton,sm__maximum_warps_per_active_cycle_pct,25.0,%,launch_config,longest launch,B200/triton/1d_conv/fp16,artifacts/paper_figures/nvidia/B200/kernel_metrics_long.csv.gz,high,
rq2:1d_conv/fp16:B200:triton:smsp__issue_active.avg.pct_of_peak_sustained_active,rq2,1d_conv/fp16,B200,triton,smsp__issue_active.avg.pct_of_peak_sustained_active,57.83905059362362,%,ncu_counter,longest launch,B200/triton/1d_conv/fp16,artifacts/paper_figures/nvidia/B200/kernel_metrics_long.csv.gz,high,
rq2:1d_conv/fp16:B200:triton:opcode_mix[LDG],rq2,1d_conv/fp16,B200,triton,opcode_mix[LDG],LDG.E.U16:62914560,text,dynamic_sass_count,sum over the profiled run() launches,B200/triton/1d_conv/fp16,artifacts/paper_figures/nvidia/B200/instruction_mix.csv,high,
rq2:1d_conv/fp16:B200:tilelang:l1tex__t_requests_pipe_lsu_mem_global_op_ld.sum,rq2,1d_conv/fp16,B200,tilelang,l1tex__t_requests_pipe_lsu_mem_global_op_ld.sum,62914560.0,requests,ncu_counter,sum over the profiled run() launches,B200/tilelang/1d_conv/fp16,artifacts/paper_figures/nvidia/B200/kernel_metrics_long.csv.gz,high,
rq2:1d_conv/fp16:B200:tilelang:l1tex__t_sectors_pipe_lsu_mem_global_op_ld.sum,rq2,1d_conv/fp16,B200,tilelang,l1tex__t_sectors_pipe_lsu_mem_global_op_ld.sum,1090518784.0,sectors,ncu_counter,sum over the profiled run() launches,B200/tilelang/1d_conv/fp16,artifacts/paper_figures/nvidia/B200/kernel_metrics_long.csv.gz,high,
rq2:1d_conv/fp16:B200:tilelang:dram__bytes_read.sum,rq2,1d_conv/fp16,B200,tilelang,dram__bytes_read.sum,673628928.0,byte,ncu_counter,sum over the profiled run() launches,B200/tilelang/1d_conv/fp16,artifacts/paper_figures/nvidia/B200/kernel_metrics_long.csv.gz,high,
rq2:1d_conv/fp16:B200:tilelang:l1tex__t_sector_hit_rate.pct,rq2,1d_conv/fp16,B200,tilelang,l1tex__t_sector_hit_rate.pct,92.11221432301402,%,ncu_counter,longest launch,B200/tilelang/1d_conv/fp16,artifacts/paper_figures/nvidia/B200/kernel_metrics_long.csv.gz,high,
rq2:1d_conv/fp16:B200:tilelang:sm__warps_active.avg.pct_of_peak_sustained_active,rq2,1d_conv/fp16,B200,tilelang,sm__warps_active.avg.pct_of_peak_sustained_active,6.242116416762539,%,ncu_counter,longest launch,B200/tilelang/1d_conv/fp16,artifacts/paper_figures/nvidia/B200/kernel_metrics_long.csv.gz,high,
rq2:1d_conv/fp16:B200:tilelang:sm__maximum_warps_per_active_cycle_pct,rq2,1d_conv/fp16,B200,tilelang,sm__maximum_warps_per_active_cycle_pct,18.75,%,launch_config,longest launch,B200/tilelang/1d_conv/fp16,artifacts/paper_figures/nvidia/B200/kernel_metrics_long.csv.gz,high,
rq2:1d_conv/fp16:B200:tilelang:smsp__issue_active.avg.pct_of_peak_sustained_active,rq2,1d_conv/fp16,B200,tilelang,smsp__issue_active.avg.pct_of_peak_sustained_active,3.9228501160566283,%,ncu_counter,longest launch,B200/tilelang/1d_conv/fp16,artifacts/paper_figures/nvidia/B200/kernel_metrics_long.csv.gz,high,
rq2:1d_conv/fp16:B200:tilelang:opcode_mix[LDG],rq2,1d_conv/fp16,B200,tilelang,opcode_mix[LDG],LDG.E.U16.CONSTANT:62914560,text,dynamic_sass_count,sum over the profiled run() launches,B200/tilelang/1d_conv/fp16,artifacts/paper_figures/nvidia/B200/instruction_mix.csv,high,
rq2:1d_conv/fp16:B200:cutile:l1tex__t_requests_pipe_lsu_mem_global_op_ld.sum,rq2,1d_conv/fp16,B200,cutile,l1tex__t_requests_pipe_lsu_mem_global_op_ld.sum,157286400.0,requests,ncu_counter,sum over the profiled run() launches,B200/cutile/1d_conv/fp16,artifacts/paper_figures/nvidia/B200/kernel_metrics_long.csv.gz,high,
rq2:1d_conv/fp16:B200:cutile:l1tex__t_sectors_pipe_lsu_mem_global_op_ld.sum,rq2,1d_conv/fp16,B200,cutile,l1tex__t_sectors_pipe_lsu_mem_global_op_ld.sum,335544192.0,sectors,ncu_counter,sum over the profiled run() launches,B200/cutile/1d_conv/fp16,artifacts/paper_figures/nvidia/B200/kernel_metrics_long.csv.gz,high,
rq2:1d_conv/fp16:B200:cutile:dram__bytes_read.sum,rq2,1d_conv/fp16,B200,cutile,dram__bytes_read.sum,671589632.0,byte,ncu_counter,sum over the profiled run() launches,B200/cutile/1d_conv/fp16,artifacts/paper_figures/nvidia/B200/kernel_metrics_long.csv.gz,high,
rq2:1d_conv/fp16:B200:cutile:l1tex__t_sector_hit_rate.pct,rq2,1d_conv/fp16,B200,cutile,l1tex__t_sector_hit_rate.pct,11.815882507270972,%,ncu_counter,longest launch,B200/cutile/1d_conv/fp16,artifacts/paper_figures/nvidia/B200/kernel_metrics_long.csv.gz,high,
rq2:1d_conv/fp16:B200:cutile:sm__warps_active.avg.pct_of_peak_sustained_active,rq2,1d_conv/fp16,B200,cutile,sm__warps_active.avg.pct_of_peak_sustained_active,49.56769841592697,%,ncu_counter,longest launch,B200/cutile/1d_conv/fp16,artifacts/paper_figures/nvidia/B200/kernel_metrics_long.csv.gz,high,
rq2:1d_conv/fp16:B200:cutile:sm__maximum_warps_per_active_cycle_pct,rq2,1d_conv/fp16,B200,cutile,sm__maximum_warps_per_active_cycle_pct,50.0,%,launch_config,longest launch,B200/cutile/1d_conv/fp16,artifacts/paper_figures/nvidia/B200/kernel_metrics_long.csv.gz,high,
rq2:1d_conv/fp16:B200:cutile:smsp__issue_active.avg.pct_of_peak_sustained_active,rq2,1d_conv/fp16,B200,cutile,smsp__issue_active.avg.pct_of_peak_sustained_active,77.53239702870212,%,ncu_counter,longest launch,B200/cutile/1d_conv/fp16,artifacts/paper_figures/nvidia/B200/kernel_metrics_long.csv.gz,high,
rq2:1d_conv/fp16:B200:cutile:opcode_mix[LDG],rq2,1d_conv/fp16,B200,cutile,opcode_mix[LDG],LDG.E.U16:157286400,text,dynamic_sass_count,sum over the profiled run() launches,B200/cutile/1d_conv/fp16,artifacts/paper_figures/nvidia/B200/instruction_mix.csv,high,
supporting:block_sparse_attention/fp16:B200:triton:launch__shared_mem_per_block,supporting,block_sparse_attention/fp16,B200,triton,launch__shared_mem_per_block,50232.0,byte/block,launch_config,longest launch,B200/triton/block_sparse_attention/fp16,artifacts/paper_figures/nvidia/B200/kernel_metrics_long.csv.gz,high,
supporting:block_sparse_attention/fp16:B200:triton:smsp__inst_executed.sum,supporting,block_sparse_attention/fp16,B200,triton,smsp__inst_executed.sum,26281260.0,,ncu_counter,sum over the profiled run() launches,B200/triton/block_sparse_attention/fp16,artifacts/paper_figures/nvidia/B200/kernel_metrics_long.csv.gz,high,
supporting:block_sparse_attention/fp16:B200:triton:sass__inst_executed_per_opcode[family=legacy_mma],supporting,block_sparse_attention/fp16,B200,triton,sass__inst_executed_per_opcode[family=legacy_mma],3907584,,dynamic_sass_count,sum over the profiled run() launches,B200/triton/block_sparse_attention/fp16,artifacts/paper_figures/nvidia/B200/instruction_mix.csv,high,
supporting:block_sparse_attention/fp16:B200:cutile:launch__shared_mem_per_block,supporting,block_sparse_attention/fp16,B200,cutile,launch__shared_mem_per_block,222244.0,byte/block,launch_config,longest launch,B200/cutile/block_sparse_attention/fp16,artifacts/paper_figures/nvidia/B200/kernel_metrics_long.csv.gz,high,
supporting:block_sparse_attention/fp16:B200:cutile:smsp__inst_executed.sum,supporting,block_sparse_attention/fp16,B200,cutile,smsp__inst_executed.sum,56298437.0,,ncu_counter,sum over the profiled run() launches,B200/cutile/block_sparse_attention/fp16,artifacts/paper_figures/nvidia/B200/kernel_metrics_long.csv.gz,high,
supporting:block_sparse_attention/fp16:B200:cutile:sass__inst_executed_per_opcode[family=legacy_mma],supporting,block_sparse_attention/fp16,B200,cutile,sass__inst_executed_per_opcode[family=legacy_mma],0,,dynamic_sass_count,sum over the profiled run() launches,B200/cutile/block_sparse_attention/fp16,artifacts/paper_figures/nvidia/B200/instruction_mix.csv,high,
supporting:flash_decode/fp32:B200:triton:smsp__inst_executed.sum,supporting,flash_decode/fp32,B200,triton,smsp__inst_executed.sum,486592.0,warp inst,ncu_counter,sum over the profiled run() launches,B200/triton/flash_decode/fp32,artifacts/paper_figures/nvidia/B200/kernel_metrics_long.csv.gz,high,
supporting:flash_decode/fp32:B200:triton:smsp__average_warps_issue_stalled_long_scoreboard_per_issue_active.ratio,supporting,flash_decode/fp32,B200,triton,smsp__average_warps_issue_stalled_long_scoreboard_per_issue_active.ratio,9.223425374852033,cycles/issue,ncu_stall_ratio,longest launch,B200/triton/flash_decode/fp32,artifacts/paper_figures/nvidia/B200/kernel_metrics_long.csv.gz,high,
supporting:flash_decode/fp32:B200:triton:launch__grid_size,supporting,flash_decode/fp32,B200,triton,launch__grid_size,16.0,CTAs,launch_config,longest launch,B200/triton/flash_decode/fp32,artifacts/paper_figures/nvidia/B200/kernel_metrics_long.csv.gz,high,
supporting:flash_decode/fp32:B200:cutile:smsp__inst_executed.sum,supporting,flash_decode/fp32,B200,cutile,smsp__inst_executed.sum,1012224.0,warp inst,ncu_counter,sum over the profiled run() launches,B200/cutile/flash_decode/fp32,artifacts/paper_figures/nvidia/B200/kernel_metrics_long.csv.gz,high,
supporting:flash_decode/fp32:B200:cutile:smsp__average_warps_issue_stalled_long_scoreboard_per_issue_active.ratio,supporting,flash_decode/fp32,B200,cutile,smsp__average_warps_issue_stalled_long_scoreboard_per_issue_active.ratio,16.692258828085482,cycles/issue,ncu_stall_ratio,longest launch,B200/cutile/flash_decode/fp32,artifacts/paper_figures/nvidia/B200/kernel_metrics_long.csv.gz,high,
supporting:flash_decode/fp32:B200:cutile:launch__grid_size,supporting,flash_decode/fp32,B200,cutile,launch__grid_size,16.0,CTAs,launch_config,longest launch,B200/cutile/flash_decode/fp32,artifacts/paper_figures/nvidia/B200/kernel_metrics_long.csv.gz,high,
supporting:vector_add/fp32:B200:triton:gpu__dram_throughput.avg.pct_of_peak_sustained_elapsed,supporting,vector_add/fp32,B200,triton,gpu__dram_throughput.avg.pct_of_peak_sustained_elapsed,81.98723520700536,%,ncu_counter,longest launch,B200/triton/vector_add/fp32,artifacts/paper_figures/nvidia/B200/kernel_metrics_long.csv.gz,high,
supporting:vector_add/fp32:B200:triton:l1tex__t_sectors_pipe_lsu_mem_global_op_ld.sum/l1tex__t_requests_pipe_lsu_mem_global_op_ld.sum,supporting,vector_add/fp32,B200,triton,l1tex__t_sectors_pipe_lsu_mem_global_op_ld.sum/l1tex__t_requests_pipe_lsu_mem_global_op_ld.sum,16.0,sectors/request,ncu_counter,sum over the profiled run() launches,B200/triton/vector_add/fp32,artifacts/paper_figures/nvidia/B200/kernel_metrics_long.csv.gz,high,
a5:weight_dequant/bf16:B200:triton:smsp__inst_executed.sum,a5,weight_dequant/bf16,B200,triton,smsp__inst_executed.sum,21504000.0,warp inst,ncu_counter,sum over the profiled run() launches,B200/triton/weight_dequant/bf16,artifacts/paper_figures/nvidia/B200/kernel_metrics_long.csv.gz,high,
a5:weight_dequant/bf16:B200:triton:sass__inst_executed_global_loads,a5,weight_dequant/bf16,B200,triton,sass__inst_executed_global_loads,3686400.0,warp inst,ncu_counter,sum over the profiled run() launches,B200/triton/weight_dequant/bf16,artifacts/paper_figures/nvidia/B200/kernel_metrics_long.csv.gz,high,
a5:weight_dequant/bf16:B200:cutile:smsp__inst_executed.sum,a5,weight_dequant/bf16,B200,cutile,smsp__inst_executed.sum,133120000.0,warp inst,ncu_counter,sum over the profiled run() launches,B200/cutile/weight_dequant/bf16,artifacts/paper_figures/nvidia/B200/kernel_metrics_long.csv.gz,high,
a5:weight_dequant/bf16:B200:cutile:sass__inst_executed_global_loads,a5,weight_dequant/bf16,B200,cutile,sass__inst_executed_global_loads,3686400.0,warp inst,ncu_counter,sum over the profiled run() launches,B200/cutile/weight_dequant/bf16,artifacts/paper_figures/nvidia/B200/kernel_metrics_long.csv.gz,high,
a5:weight_dequant/bf16:B200:tilelang:smsp__inst_executed.sum,a5,weight_dequant/bf16,B200,tilelang,smsp__inst_executed.sum,14336000.0,warp inst,ncu_counter,sum over the profiled run() launches,B200/tilelang/weight_dequant/bf16,artifacts/paper_figures/nvidia/B200/kernel_metrics_long.csv.gz,high,
a5:weight_dequant/bf16:B200:tilelang:sass__inst_executed_global_loads,a5,weight_dequant/bf16,B200,tilelang,sass__inst_executed_global_loads,819200.0,warp inst,ncu_counter,sum over the profiled run() launches,B200/tilelang/weight_dequant/bf16,artifacts/paper_figures/nvidia/B200/kernel_metrics_long.csv.gz,high,
a5:destindex/int8:B200:triton:smsp__inst_executed.sum,a5,destindex/int8,B200,triton,smsp__inst_executed.sum,5207040.0,warp inst,ncu_counter,sum over the profiled run() launches,B200/triton/destindex/int8,artifacts/paper_figures/nvidia/B200/kernel_metrics_long.csv.gz,high,
a5:destindex/int8:B200:triton:sass__inst_executed_global_loads,a5,destindex/int8,B200,triton,sass__inst_executed_global_loads,256000.0,warp inst,ncu_counter,sum over the profiled run() launches,B200/triton/destindex/int8,artifacts/paper_figures/nvidia/B200/kernel_metrics_long.csv.gz,high,
a5:destindex/int8:B200:cutile:smsp__inst_executed.sum,a5,destindex/int8,B200,cutile,smsp__inst_executed.sum,90275840.0,warp inst,ncu_counter,sum over the profiled run() launches,B200/cutile/destindex/int8,artifacts/paper_figures/nvidia/B200/kernel_metrics_long.csv.gz,high,
a5:destindex/int8:B200:cutile:sass__inst_executed_global_loads,a5,destindex/int8,B200,cutile,sass__inst_executed_global_loads,2314240.0,warp inst,ncu_counter,sum over the profiled run() launches,B200/cutile/destindex/int8,artifacts/paper_figures/nvidia/B200/kernel_metrics_long.csv.gz,high,
a5:destindex/int8:B200:tilelang:smsp__inst_executed.sum,a5,destindex/int8,B200,tilelang,smsp__inst_executed.sum,8366080.0,warp inst,ncu_counter,sum over the profiled run() launches,B200/tilelang/destindex/int8,artifacts/paper_figures/nvidia/B200/kernel_metrics_long.csv.gz,high,
a5:destindex/int8:B200:tilelang:sass__inst_executed_global_loads,a5,destindex/int8,B200,tilelang,sass__inst_executed_global_loads,778240.0,warp inst,ncu_counter,sum over the profiled run() launches,B200/tilelang/destindex/int8,artifacts/paper_figures/nvidia/B200/kernel_metrics_long.csv.gz,high,
a5:cross_entropy/fp16:B200:triton:smsp__inst_executed.sum,a5,cross_entropy/fp16,B200,triton,smsp__inst_executed.sum,2314240.0,warp inst,ncu_counter,sum over the profiled run() launches,B200/triton/cross_entropy/fp16,artifacts/paper_figures/nvidia/B200/kernel_metrics_long.csv.gz,high,
a5:cross_entropy/fp16:B200:triton:sass__inst_executed_global_loads,a5,cross_entropy/fp16,B200,triton,sass__inst_executed_global_loads,40960.0,warp inst,ncu_counter,sum over the profiled run() launches,B200/triton/cross_entropy/fp16,artifacts/paper_figures/nvidia/B200/kernel_metrics_long.csv.gz,high,
a5:cross_entropy/fp16:B200:cutile:smsp__inst_executed.sum,a5,cross_entropy/fp16,B200,cutile,smsp__inst_executed.sum,7987200.0,warp inst,ncu_counter,sum over the profiled run() launches,B200/cutile/cross_entropy/fp16,artifacts/paper_figures/nvidia/B200/kernel_metrics_long.csv.gz,high,
a5:cross_entropy/fp16:B200:cutile:sass__inst_executed_global_loads,a5,cross_entropy/fp16,B200,cutile,sass__inst_executed_global_loads,122880.0,warp inst,ncu_counter,sum over the profiled run() launches,B200/cutile/cross_entropy/fp16,artifacts/paper_figures/nvidia/B200/kernel_metrics_long.csv.gz,high,
a5:cross_entropy/fp16:B200:tilelang:smsp__inst_executed.sum,a5,cross_entropy/fp16,B200,tilelang,smsp__inst_executed.sum,3563520.0,warp inst,ncu_counter,sum over the profiled run() launches,B200/tilelang/cross_entropy/fp16,artifacts/paper_figures/nvidia/B200/kernel_metrics_long.csv.gz,high,
a5:cross_entropy/fp16:B200:tilelang:sass__inst_executed_global_loads,a5,cross_entropy/fp16,B200,tilelang,sass__inst_executed_global_loads,61440.0,warp inst,ncu_counter,sum over the profiled run() launches,B200/tilelang/cross_entropy/fp16,artifacts/paper_figures/nvidia/B200/kernel_metrics_long.csv.gz,high,
a5:moe_topk_gating/fp16:B200:triton:smsp__inst_executed.sum,a5,moe_topk_gating/fp16,B200,triton,smsp__inst_executed.sum,3502080.0,warp inst,ncu_counter,sum over the profiled run() launches,B200/triton/moe_topk_gating/fp16,artifacts/paper_figures/nvidia/B200/kernel_metrics_long.csv.gz,high,
a5:moe_topk_gating/fp16:B200:triton:sass__inst_executed_global_loads,a5,moe_topk_gating/fp16,B200,triton,sass__inst_executed_global_loads,20480.0,warp inst,ncu_counter,sum over the profiled run() launches,B200/triton/moe_topk_gating/fp16,artifacts/paper_figures/nvidia/B200/kernel_metrics_long.csv.gz,high,
a5:moe_topk_gating/fp16:B200:cutile:smsp__inst_executed.sum,a5,moe_topk_gating/fp16,B200,cutile,smsp__inst_executed.sum,23019520.0,warp inst,ncu_counter,sum over the profiled run() launches,B200/cutile/moe_topk_gating/fp16,artifacts/paper_figures/nvidia/B200/kernel_metrics_long.csv.gz,high,
a5:moe_topk_gating/fp16:B200:cutile:sass__inst_executed_global_loads,a5,moe_topk_gating/fp16,B200,cutile,sass__inst_executed_global_loads,81920.0,warp inst,ncu_counter,sum over the profiled run() launches,B200/cutile/moe_topk_gating/fp16,artifacts/paper_figures/nvidia/B200/kernel_metrics_long.csv.gz,high,
a5:moe_topk_gating/fp16:B200:tilelang:smsp__inst_executed.sum,a5,moe_topk_gating/fp16,B200,tilelang,smsp__inst_executed.sum,2641920.0,warp inst,ncu_counter,sum over the profiled run() launches,B200/tilelang/moe_topk_gating/fp16,artifacts/paper_figures/nvidia/B200/kernel_metrics_long.csv.gz,high,
a5:moe_topk_gating/fp16:B200:tilelang:sass__inst_executed_global_loads,a5,moe_topk_gating/fp16,B200,tilelang,sass__inst_executed_global_loads,20480.0,warp inst,ncu_counter,sum over the profiled run() launches,B200/tilelang/moe_topk_gating/fp16,artifacts/paper_figures/nvidia/B200/kernel_metrics_long.csv.gz,high,
a5:matmul_fp32_fp16_fp8/fp32:B200:triton:sass__inst_executed_per_opcode_with_modifier_all[STS*],a5,matmul_fp32_fp16_fp8/fp32,B200,triton,sass__inst_executed_per_opcode_with_modifier_all[STS*],133120,,dynamic_sass_count,sum over the profiled run() launches,B200/triton/matmul_fp32_fp16_fp8/fp32,artifacts/paper_figures/nvidia/B200/instruction_mix.csv,high,
a5:matmul_fp32_fp16_fp8/fp32:B200:triton:sass__inst_executed_per_opcode[family=wgmma],a5,matmul_fp32_fp16_fp8/fp32,B200,triton,sass__inst_executed_per_opcode[family=wgmma],0,,dynamic_sass_count,sum over the profiled run() launches,B200/triton/matmul_fp32_fp16_fp8/fp32,artifacts/paper_figures/nvidia/B200/instruction_mix.csv,high,
a5:matmul_fp32_fp16_fp8/fp32:B200:triton:sass__inst_executed_per_opcode[family=tcgen05],a5,matmul_fp32_fp16_fp8/fp32,B200,triton,sass__inst_executed_per_opcode[family=tcgen05],3287040,,dynamic_sass_count,sum over the profiled run() launches,B200/triton/matmul_fp32_fp16_fp8/fp32,artifacts/paper_figures/nvidia/B200/instruction_mix.csv,high,
a5:matmul_fp32_fp16_fp8/fp32:B200:triton:sass__inst_executed_per_opcode[family=legacy_mma],a5,matmul_fp32_fp16_fp8/fp32,B200,triton,sass__inst_executed_per_opcode[family=legacy_mma],0,,dynamic_sass_count,sum over the profiled run() launches,B200/triton/matmul_fp32_fp16_fp8/fp32,artifacts/paper_figures/nvidia/B200/instruction_mix.csv,high,
a5:matmul_fp32_fp16_fp8/fp32:B200:triton:l1tex__m_xbar2l1tex_read_bytes_mem_global_op_tma_ld.sum,a5,matmul_fp32_fp16_fp8/fp32,B200,triton,l1tex__m_xbar2l1tex_read_bytes_mem_global_op_tma_ld.sum,21474836480.0,byte,ncu_counter,sum over the profiled run() launches,B200/triton/matmul_fp32_fp16_fp8/fp32,artifacts/paper_figures/nvidia/B200/kernel_metrics_long.csv.gz,high,
a5:matmul_fp32_fp16_fp8/fp32:B200:cutile:sass__inst_executed_per_opcode_with_modifier_all[STS*],a5,matmul_fp32_fp16_fp8/fp32,B200,cutile,sass__inst_executed_per_opcode_with_modifier_all[STS*],131584,,dynamic_sass_count,sum over the profiled run() launches,B200/cutile/matmul_fp32_fp16_fp8/fp32,artifacts/paper_figures/nvidia/B200/instruction_mix.csv,high,
a5:matmul_fp32_fp16_fp8/fp32:B200:cutile:sass__inst_executed_per_opcode[family=wgmma],a5,matmul_fp32_fp16_fp8/fp32,B200,cutile,sass__inst_executed_per_opcode[family=wgmma],0,,dynamic_sass_count,sum over the profiled run() launches,B200/cutile/matmul_fp32_fp16_fp8/fp32,artifacts/paper_figures/nvidia/B200/instruction_mix.csv,high,
a5:matmul_fp32_fp16_fp8/fp32:B200:cutile:sass__inst_executed_per_opcode[family=tcgen05],a5,matmul_fp32_fp16_fp8/fp32,B200,cutile,sass__inst_executed_per_opcode[family=tcgen05],1704704,,dynamic_sass_count,sum over the profiled run() launches,B200/cutile/matmul_fp32_fp16_fp8/fp32,artifacts/paper_figures/nvidia/B200/instruction_mix.csv,high,
a5:matmul_fp32_fp16_fp8/fp32:B200:cutile:sass__inst_executed_per_opcode[family=legacy_mma],a5,matmul_fp32_fp16_fp8/fp32,B200,cutile,sass__inst_executed_per_opcode[family=legacy_mma],0,,dynamic_sass_count,sum over the profiled run() launches,B200/cutile/matmul_fp32_fp16_fp8/fp32,artifacts/paper_figures/nvidia/B200/instruction_mix.csv,high,
a5:matmul_fp32_fp16_fp8/fp32:B200:cutile:l1tex__m_xbar2l1tex_read_bytes_mem_global_op_tma_ld.sum,a5,matmul_fp32_fp16_fp8/fp32,B200,cutile,l1tex__m_xbar2l1tex_read_bytes_mem_global_op_tma_ld.sum,10737418240.0,byte,ncu_counter,sum over the profiled run() launches,B200/cutile/matmul_fp32_fp16_fp8/fp32,artifacts/paper_figures/nvidia/B200/kernel_metrics_long.csv.gz,high,
a5:matmul_fp32_fp16_fp8/fp32:B200:tilelang:sass__inst_executed_per_opcode_with_modifier_all[STS*],a5,matmul_fp32_fp16_fp8/fp32,B200,tilelang,sass__inst_executed_per_opcode_with_modifier_all[STS*],0,,dynamic_sass_count,sum over the profiled run() launches,B200/tilelang/matmul_fp32_fp16_fp8/fp32,artifacts/paper_figures/nvidia/B200/instruction_mix.csv,high,
a5:matmul_fp32_fp16_fp8/fp32:B200:tilelang:sass__inst_executed_per_opcode[family=wgmma],a5,matmul_fp32_fp16_fp8/fp32,B200,tilelang,sass__inst_executed_per_opcode[family=wgmma],0,,dynamic_sass_count,sum over the profiled run() launches,B200/tilelang/matmul_fp32_fp16_fp8/fp32,artifacts/paper_figures/nvidia/B200/instruction_mix.csv,high,
a5:matmul_fp32_fp16_fp8/fp32:B200:tilelang:sass__inst_executed_per_opcode[family=tcgen05],a5,matmul_fp32_fp16_fp8/fp32,B200,tilelang,sass__inst_executed_per_opcode[family=tcgen05],0,,dynamic_sass_count,sum over the profiled run() launches,B200/tilelang/matmul_fp32_fp16_fp8/fp32,artifacts/paper_figures/nvidia/B200/instruction_mix.csv,high,
a5:matmul_fp32_fp16_fp8/fp32:B200:tilelang:sass__inst_executed_per_opcode[family=legacy_mma],a5,matmul_fp32_fp16_fp8/fp32,B200,tilelang,sass__inst_executed_per_opcode[family=legacy_mma],335544320,,dynamic_sass_count,sum over the profiled run() launches,B200/tilelang/matmul_fp32_fp16_fp8/fp32,artifacts/paper_figures/nvidia/B200/instruction_mix.csv,high,
a5:matmul_fp32_fp16_fp8/fp32:B200:tilelang:l1tex__m_xbar2l1tex_read_bytes_mem_global_op_tma_ld.sum,a5,matmul_fp32_fp16_fp8/fp32,B200,tilelang,l1tex__m_xbar2l1tex_read_bytes_mem_global_op_tma_ld.sum,0.0,byte,ncu_counter,sum over the profiled run() launches,B200/tilelang/matmul_fp32_fp16_fp8/fp32,artifacts/paper_figures/nvidia/B200/kernel_metrics_long.csv.gz,high,
a5:matmul_fp32_fp16_fp8/fp16:B200:triton:sass__inst_executed_per_opcode_with_modifier_all[STS*],a5,matmul_fp32_fp16_fp8/fp16,B200,triton,sass__inst_executed_per_opcode_with_modifier_all[STS*],66048,,dynamic_sass_count,sum over the profiled run() launches,B200/triton/matmul_fp32_fp16_fp8/fp16,artifacts/paper_figures/nvidia/B200/instruction_mix.csv,high,
a5:matmul_fp32_fp16_fp8/fp16:B200:triton:sass__inst_executed_per_opcode[family=wgmma],a5,matmul_fp32_fp16_fp8/fp16,B200,triton,sass__inst_executed_per_opcode[family=wgmma],0,,dynamic_sass_count,sum over the profiled run() launches,B200/triton/matmul_fp32_fp16_fp8/fp16,artifacts/paper_figures/nvidia/B200/instruction_mix.csv,high,
a5:matmul_fp32_fp16_fp8/fp16:B200:triton:sass__inst_executed_per_opcode[family=tcgen05],a5,matmul_fp32_fp16_fp8/fp16,B200,triton,sass__inst_executed_per_opcode[family=tcgen05],754176,,dynamic_sass_count,sum over the profiled run() launches,B200/triton/matmul_fp32_fp16_fp8/fp16,artifacts/paper_figures/nvidia/B200/instruction_mix.csv,high,
a5:matmul_fp32_fp16_fp8/fp16:B200:triton:sass__inst_executed_per_opcode[family=legacy_mma],a5,matmul_fp32_fp16_fp8/fp16,B200,triton,sass__inst_executed_per_opcode[family=legacy_mma],0,,dynamic_sass_count,sum over the profiled run() launches,B200/triton/matmul_fp32_fp16_fp8/fp16,artifacts/paper_figures/nvidia/B200/instruction_mix.csv,high,
a5:matmul_fp32_fp16_fp8/fp16:B200:triton:l1tex__m_xbar2l1tex_read_bytes_mem_global_op_tma_ld.sum,a5,matmul_fp32_fp16_fp8/fp16,B200,triton,l1tex__m_xbar2l1tex_read_bytes_mem_global_op_tma_ld.sum,5368709120.0,byte,ncu_counter,sum over the profiled run() launches,B200/triton/matmul_fp32_fp16_fp8/fp16,artifacts/paper_figures/nvidia/B200/kernel_metrics_long.csv.gz,high,
a5:matmul_fp32_fp16_fp8/fp16:B200:cutile:sass__inst_executed_per_opcode_with_modifier_all[STS*],a5,matmul_fp32_fp16_fp8/fp16,B200,cutile,sass__inst_executed_per_opcode_with_modifier_all[STS*],66048,,dynamic_sass_count,sum over the profiled run() launches,B200/cutile/matmul_fp32_fp16_fp8/fp16,artifacts/paper_figures/nvidia/B200/instruction_mix.csv,high,
a5:matmul_fp32_fp16_fp8/fp16:B200:cutile:sass__inst_executed_per_opcode[family=wgmma],a5,matmul_fp32_fp16_fp8/fp16,B200,cutile,sass__inst_executed_per_opcode[family=wgmma],0,,dynamic_sass_count,sum over the profiled run() launches,B200/cutile/matmul_fp32_fp16_fp8/fp16,artifacts/paper_figures/nvidia/B200/instruction_mix.csv,high,
a5:matmul_fp32_fp16_fp8/fp16:B200:cutile:sass__inst_executed_per_opcode[family=tcgen05],a5,matmul_fp32_fp16_fp8/fp16,B200,cutile,sass__inst_executed_per_opcode[family=tcgen05],803584,,dynamic_sass_count,sum over the profiled run() launches,B200/cutile/matmul_fp32_fp16_fp8/fp16,artifacts/paper_figures/nvidia/B200/instruction_mix.csv,high,
a5:matmul_fp32_fp16_fp8/fp16:B200:cutile:sass__inst_executed_per_opcode[family=legacy_mma],a5,matmul_fp32_fp16_fp8/fp16,B200,cutile,sass__inst_executed_per_opcode[family=legacy_mma],0,,dynamic_sass_count,sum over the profiled run() launches,B200/cutile/matmul_fp32_fp16_fp8/fp16,artifacts/paper_figures/nvidia/B200/instruction_mix.csv,high,
a5:matmul_fp32_fp16_fp8/fp16:B200:cutile:l1tex__m_xbar2l1tex_read_bytes_mem_global_op_tma_ld.sum,a5,matmul_fp32_fp16_fp8/fp16,B200,cutile,l1tex__m_xbar2l1tex_read_bytes_mem_global_op_tma_ld.sum,5368709120.0,byte,ncu_counter,sum over the profiled run() launches,B200/cutile/matmul_fp32_fp16_fp8/fp16,artifacts/paper_figures/nvidia/B200/kernel_metrics_long.csv.gz,high,
a5:matmul_fp32_fp16_fp8/fp16:B200:tilelang:sass__inst_executed_per_opcode_with_modifier_all[STS*],a5,matmul_fp32_fp16_fp8/fp16,B200,tilelang,sass__inst_executed_per_opcode_with_modifier_all[STS*],,,dynamic_sass_count,sum over the profiled run() launches,B200/tilelang/matmul_fp32_fp16_fp8/fp16,artifacts/paper_figures/nvidia/B200/instruction_mix.csv,missing,
a5:matmul_fp32_fp16_fp8/fp16:B200:tilelang:sass__inst_executed_per_opcode[family=wgmma],a5,matmul_fp32_fp16_fp8/fp16,B200,tilelang,sass__inst_executed_per_opcode[family=wgmma],,,dynamic_sass_count,sum over the profiled run() launches,B200/tilelang/matmul_fp32_fp16_fp8/fp16,artifacts/paper_figures/nvidia/B200/instruction_mix.csv,missing,
a5:matmul_fp32_fp16_fp8/fp16:B200:tilelang:sass__inst_executed_per_opcode[family=tcgen05],a5,matmul_fp32_fp16_fp8/fp16,B200,tilelang,sass__inst_executed_per_opcode[family=tcgen05],,,dynamic_sass_count,sum over the profiled run() launches,B200/tilelang/matmul_fp32_fp16_fp8/fp16,artifacts/paper_figures/nvidia/B200/instruction_mix.csv,missing,
a5:matmul_fp32_fp16_fp8/fp16:B200:tilelang:sass__inst_executed_per_opcode[family=legacy_mma],a5,matmul_fp32_fp16_fp8/fp16,B200,tilelang,sass__inst_executed_per_opcode[family=legacy_mma],,,dynamic_sass_count,sum over the profiled run() launches,B200/tilelang/matmul_fp32_fp16_fp8/fp16,artifacts/paper_figures/nvidia/B200/instruction_mix.csv,missing,
a5:matmul_fp32_fp16_fp8/fp16:B200:tilelang:l1tex__m_xbar2l1tex_read_bytes_mem_global_op_tma_ld.sum,a5,matmul_fp32_fp16_fp8/fp16,B200,tilelang,l1tex__m_xbar2l1tex_read_bytes_mem_global_op_tma_ld.sum,,byte,ncu_counter,sum over the profiled run() launches,B200/tilelang/matmul_fp32_fp16_fp8/fp16,artifacts/paper_figures/nvidia/B200/kernel_metrics_long.csv.gz,missing,
a5:matmul_fp32_fp16_fp8/fp8_e4m3fn:B200:triton:sass__inst_executed_per_opcode_with_modifier_all[STS*],a5,matmul_fp32_fp16_fp8/fp8_e4m3fn,B200,triton,sass__inst_executed_per_opcode_with_modifier_all[STS*],33280,,dynamic_sass_count,sum over the profiled run() launches,B200/triton/matmul_fp32_fp16_fp8/fp8_e4m3fn,artifacts/paper_figures/nvidia/B200/instruction_mix.csv,high,
a5:matmul_fp32_fp16_fp8/fp8_e4m3fn:B200:triton:sass__inst_executed_per_opcode[family=wgmma],a5,matmul_fp32_fp16_fp8/fp8_e4m3fn,B200,triton,sass__inst_executed_per_opcode[family=wgmma],0,,dynamic_sass_count,sum over the profiled run() launches,B200/triton/matmul_fp32_fp16_fp8/fp8_e4m3fn,artifacts/paper_figures/nvidia/B200/instruction_mix.csv,high,
a5:matmul_fp32_fp16_fp8/fp8_e4m3fn:B200:triton:sass__inst_executed_per_opcode[family=tcgen05],a5,matmul_fp32_fp16_fp8/fp8_e4m3fn,B200,triton,sass__inst_executed_per_opcode[family=tcgen05],385536,,dynamic_sass_count,sum over the profiled run() launches,B200/triton/matmul_fp32_fp16_fp8/fp8_e4m3fn,artifacts/paper_figures/nvidia/B200/instruction_mix.csv,high,
a5:matmul_fp32_fp16_fp8/fp8_e4m3fn:B200:triton:sass__inst_executed_per_opcode[family=legacy_mma],a5,matmul_fp32_fp16_fp8/fp8_e4m3fn,B200,triton,sass__inst_executed_per_opcode[family=legacy_mma],0,,dynamic_sass_count,sum over the profiled run() launches,B200/triton/matmul_fp32_fp16_fp8/fp8_e4m3fn,artifacts/paper_figures/nvidia/B200/instruction_mix.csv,high,
a5:matmul_fp32_fp16_fp8/fp8_e4m3fn:B200:triton:l1tex__m_xbar2l1tex_read_bytes_mem_global_op_tma_ld.sum,a5,matmul_fp32_fp16_fp8/fp8_e4m3fn,B200,triton,l1tex__m_xbar2l1tex_read_bytes_mem_global_op_tma_ld.sum,2684354560.0,byte,ncu_counter,sum over the profiled run() launches,B200/triton/matmul_fp32_fp16_fp8/fp8_e4m3fn,artifacts/paper_figures/nvidia/B200/kernel_metrics_long.csv.gz,high,
a5:matmul_fp32_fp16_fp8/fp8_e4m3fn:B200:cutile:sass__inst_executed_per_opcode_with_modifier_all[STS*],a5,matmul_fp32_fp16_fp8/fp8_e4m3fn,B200,cutile,sass__inst_executed_per_opcode_with_modifier_all[STS*],33280,,dynamic_sass_count,sum over the profiled run() launches,B200/cutile/matmul_fp32_fp16_fp8/fp8_e4m3fn,artifacts/paper_figures/nvidia/B200/instruction_mix.csv,high,
a5:matmul_fp32_fp16_fp8/fp8_e4m3fn:B200:cutile:sass__inst_executed_per_opcode[family=wgmma],a5,matmul_fp32_fp16_fp8/fp8_e4m3fn,B200,cutile,sass__inst_executed_per_opcode[family=wgmma],0,,dynamic_sass_count,sum over the profiled run() launches,B200/cutile/matmul_fp32_fp16_fp8/fp8_e4m3fn,artifacts/paper_figures/nvidia/B200/instruction_mix.csv,high,
a5:matmul_fp32_fp16_fp8/fp8_e4m3fn:B200:cutile:sass__inst_executed_per_opcode[family=tcgen05],a5,matmul_fp32_fp16_fp8/fp8_e4m3fn,B200,cutile,sass__inst_executed_per_opcode[family=tcgen05],434944,,dynamic_sass_count,sum over the profiled run() launches,B200/cutile/matmul_fp32_fp16_fp8/fp8_e4m3fn,artifacts/paper_figures/nvidia/B200/instruction_mix.csv,high,
a5:matmul_fp32_fp16_fp8/fp8_e4m3fn:B200:cutile:sass__inst_executed_per_opcode[family=legacy_mma],a5,matmul_fp32_fp16_fp8/fp8_e4m3fn,B200,cutile,sass__inst_executed_per_opcode[family=legacy_mma],0,,dynamic_sass_count,sum over the profiled run() launches,B200/cutile/matmul_fp32_fp16_fp8/fp8_e4m3fn,artifacts/paper_figures/nvidia/B200/instruction_mix.csv,high,
a5:matmul_fp32_fp16_fp8/fp8_e4m3fn:B200:cutile:l1tex__m_xbar2l1tex_read_bytes_mem_global_op_tma_ld.sum,a5,matmul_fp32_fp16_fp8/fp8_e4m3fn,B200,cutile,l1tex__m_xbar2l1tex_read_bytes_mem_global_op_tma_ld.sum,2684354560.0,byte,ncu_counter,sum over the profiled run() launches,B200/cutile/matmul_fp32_fp16_fp8/fp8_e4m3fn,artifacts/paper_figures/nvidia/B200/kernel_metrics_long.csv.gz,high,
a5:matmul_fp32_fp16_fp8/fp8_e4m3fn:B200:tilelang:sass__inst_executed_per_opcode_with_modifier_all[STS*],a5,matmul_fp32_fp16_fp8/fp8_e4m3fn,B200,tilelang,sass__inst_executed_per_opcode_with_modifier_all[STS*],,,dynamic_sass_count,sum over the profiled run() launches,B200/tilelang/matmul_fp32_fp16_fp8/fp8_e4m3fn,artifacts/paper_figures/nvidia/B200/instruction_mix.csv,missing,
a5:matmul_fp32_fp16_fp8/fp8_e4m3fn:B200:tilelang:sass__inst_executed_per_opcode[family=wgmma],a5,matmul_fp32_fp16_fp8/fp8_e4m3fn,B200,tilelang,sass__inst_executed_per_opcode[family=wgmma],,,dynamic_sass_count,sum over the profiled run() launches,B200/tilelang/matmul_fp32_fp16_fp8/fp8_e4m3fn,artifacts/paper_figures/nvidia/B200/instruction_mix.csv,missing,
a5:matmul_fp32_fp16_fp8/fp8_e4m3fn:B200:tilelang:sass__inst_executed_per_opcode[family=tcgen05],a5,matmul_fp32_fp16_fp8/fp8_e4m3fn,B200,tilelang,sass__inst_executed_per_opcode[family=tcgen05],,,dynamic_sass_count,sum over the profiled run() launches,B200/tilelang/matmul_fp32_fp16_fp8/fp8_e4m3fn,artifacts/paper_figures/nvidia/B200/instruction_mix.csv,missing,
a5:matmul_fp32_fp16_fp8/fp8_e4m3fn:B200:tilelang:sass__inst_executed_per_opcode[family=legacy_mma],a5,matmul_fp32_fp16_fp8/fp8_e4m3fn,B200,tilelang,sass__inst_executed_per_opcode[family=legacy_mma],,,dynamic_sass_count,sum over the profiled run() launches,B200/tilelang/matmul_fp32_fp16_fp8/fp8_e4m3fn,artifacts/paper_figures/nvidia/B200/instruction_mix.csv,missing,
a5:matmul_fp32_fp16_fp8/fp8_e4m3fn:B200:tilelang:l1tex__m_xbar2l1tex_read_bytes_mem_global_op_tma_ld.sum,a5,matmul_fp32_fp16_fp8/fp8_e4m3fn,B200,tilelang,l1tex__m_xbar2l1tex_read_bytes_mem_global_op_tma_ld.sum,,byte,ncu_counter,sum over the profiled run() launches,B200/tilelang/matmul_fp32_fp16_fp8/fp8_e4m3fn,artifacts/paper_figures/nvidia/B200/kernel_metrics_long.csv.gz,missing,
a5:flash_decode/fp32:B200:triton:smsp__inst_executed.sum,a5,flash_decode/fp32,B200,triton,smsp__inst_executed.sum,486592.0,warp inst,ncu_counter,sum over the profiled run() launches,B200/triton/flash_decode/fp32,artifacts/paper_figures/nvidia/B200/kernel_metrics_long.csv.gz,high,
a5:flash_decode/fp32:B200:triton:launch__grid_size,a5,flash_decode/fp32,B200,triton,launch__grid_size,16.0,CTAs,launch_config,longest launch,B200/triton/flash_decode/fp32,artifacts/paper_figures/nvidia/B200/kernel_metrics_long.csv.gz,high,
a5:flash_decode/fp32:B200:cutile:smsp__inst_executed.sum,a5,flash_decode/fp32,B200,cutile,smsp__inst_executed.sum,1012224.0,warp inst,ncu_counter,sum over the profiled run() launches,B200/cutile/flash_decode/fp32,artifacts/paper_figures/nvidia/B200/kernel_metrics_long.csv.gz,high,
a5:flash_decode/fp32:B200:cutile:launch__grid_size,a5,flash_decode/fp32,B200,cutile,launch__grid_size,16.0,CTAs,launch_config,longest launch,B200/cutile/flash_decode/fp32,artifacts/paper_figures/nvidia/B200/kernel_metrics_long.csv.gz,high,
a5:flash_decode/fp32:B200:tilelang:smsp__inst_executed.sum,a5,flash_decode/fp32,B200,tilelang,smsp__inst_executed.sum,412928.0,warp inst,ncu_counter,sum over the profiled run() launches,B200/tilelang/flash_decode/fp32,artifacts/paper_figures/nvidia/B200/kernel_metrics_long.csv.gz,high,
a5:flash_decode/fp32:B200:tilelang:launch__grid_size,a5,flash_decode/fp32,B200,tilelang,launch__grid_size,16.0,CTAs,launch_config,longest launch,B200/tilelang/flash_decode/fp32,artifacts/paper_figures/nvidia/B200/kernel_metrics_long.csv.gz,high,
a5:1d_conv/fp16:B200:triton:l1tex__t_requests_pipe_lsu_mem_global_op_ld.sum,a5,1d_conv/fp16,B200,triton,l1tex__t_requests_pipe_lsu_mem_global_op_ld.sum,62914560.0,requests,ncu_counter,sum over the profiled run() launches,B200/triton/1d_conv/fp16,artifacts/paper_figures/nvidia/B200/kernel_metrics_long.csv.gz,high,
a5:1d_conv/fp16:B200:triton:l1tex__t_sectors_pipe_lsu_mem_global_op_ld.sum,a5,1d_conv/fp16,B200,triton,l1tex__t_sectors_pipe_lsu_mem_global_op_ld.sum,146800384.0,sectors,ncu_counter,sum over the profiled run() launches,B200/triton/1d_conv/fp16,artifacts/paper_figures/nvidia/B200/kernel_metrics_long.csv.gz,high,
a5:1d_conv/fp16:B200:triton:dram__bytes_read.sum,a5,1d_conv/fp16,B200,triton,dram__bytes_read.sum,671880960.0,byte,ncu_counter,sum over the profiled run() launches,B200/triton/1d_conv/fp16,artifacts/paper_figures/nvidia/B200/kernel_metrics_long.csv.gz,high,
a5:1d_conv/fp16:B200:triton:smsp__issue_active.avg.pct_of_peak_sustained_active,a5,1d_conv/fp16,B200,triton,smsp__issue_active.avg.pct_of_peak_sustained_active,57.83905059362362,%,ncu_counter,longest launch,B200/triton/1d_conv/fp16,artifacts/paper_figures/nvidia/B200/kernel_metrics_long.csv.gz,high,
a5:1d_conv/fp16:B200:triton:sm__warps_active.avg.pct_of_peak_sustained_active,a5,1d_conv/fp16,B200,triton,sm__warps_active.avg.pct_of_peak_sustained_active,24.60520168032664,%,ncu_counter,longest launch,B200/triton/1d_conv/fp16,artifacts/paper_figures/nvidia/B200/kernel_metrics_long.csv.gz,high,
a5:1d_conv/fp16:B200:triton:sm__maximum_warps_per_active_cycle_pct,a5,1d_conv/fp16,B200,triton,sm__maximum_warps_per_active_cycle_pct,25.0,%,launch_config,longest launch,B200/triton/1d_conv/fp16,artifacts/paper_figures/nvidia/B200/kernel_metrics_long.csv.gz,high,
a5:1d_conv/fp16:B200:cutile:l1tex__t_requests_pipe_lsu_mem_global_op_ld.sum,a5,1d_conv/fp16,B200,cutile,l1tex__t_requests_pipe_lsu_mem_global_op_ld.sum,157286400.0,requests,ncu_counter,sum over the profiled run() launches,B200/cutile/1d_conv/fp16,artifacts/paper_figures/nvidia/B200/kernel_metrics_long.csv.gz,high,
a5:1d_conv/fp16:B200:cutile:l1tex__t_sectors_pipe_lsu_mem_global_op_ld.sum,a5,1d_conv/fp16,B200,cutile,l1tex__t_sectors_pipe_lsu_mem_global_op_ld.sum,335544192.0,sectors,ncu_counter,sum over the profiled run() launches,B200/cutile/1d_conv/fp16,artifacts/paper_figures/nvidia/B200/kernel_metrics_long.csv.gz,high,
a5:1d_conv/fp16:B200:cutile:dram__bytes_read.sum,a5,1d_conv/fp16,B200,cutile,dram__bytes_read.sum,671589632.0,byte,ncu_counter,sum over the profiled run() launches,B200/cutile/1d_conv/fp16,artifacts/paper_figures/nvidia/B200/kernel_metrics_long.csv.gz,high,
a5:1d_conv/fp16:B200:cutile:smsp__issue_active.avg.pct_of_peak_sustained_active,a5,1d_conv/fp16,B200,cutile,smsp__issue_active.avg.pct_of_peak_sustained_active,77.53239702870212,%,ncu_counter,longest launch,B200/cutile/1d_conv/fp16,artifacts/paper_figures/nvidia/B200/kernel_metrics_long.csv.gz,high,
a5:1d_conv/fp16:B200:cutile:sm__warps_active.avg.pct_of_peak_sustained_active,a5,1d_conv/fp16,B200,cutile,sm__warps_active.avg.pct_of_peak_sustained_active,49.56769841592697,%,ncu_counter,longest launch,B200/cutile/1d_conv/fp16,artifacts/paper_figures/nvidia/B200/kernel_metrics_long.csv.gz,high,
a5:1d_conv/fp16:B200:cutile:sm__maximum_warps_per_active_cycle_pct,a5,1d_conv/fp16,B200,cutile,sm__maximum_warps_per_active_cycle_pct,50.0,%,launch_config,longest launch,B200/cutile/1d_conv/fp16,artifacts/paper_figures/nvidia/B200/kernel_metrics_long.csv.gz,high,
a5:1d_conv/fp16:B200:tilelang:l1tex__t_requests_pipe_lsu_mem_global_op_ld.sum,a5,1d_conv/fp16,B200,tilelang,l1tex__t_requests_pipe_lsu_mem_global_op_ld.sum,62914560.0,requests,ncu_counter,sum over the profiled run() launches,B200/tilelang/1d_conv/fp16,artifacts/paper_figures/nvidia/B200/kernel_metrics_long.csv.gz,high,
a5:1d_conv/fp16:B200:tilelang:l1tex__t_sectors_pipe_lsu_mem_global_op_ld.sum,a5,1d_conv/fp16,B200,tilelang,l1tex__t_sectors_pipe_lsu_mem_global_op_ld.sum,1090518784.0,sectors,ncu_counter,sum over the profiled run() launches,B200/tilelang/1d_conv/fp16,artifacts/paper_figures/nvidia/B200/kernel_metrics_long.csv.gz,high,
a5:1d_conv/fp16:B200:tilelang:dram__bytes_read.sum,a5,1d_conv/fp16,B200,tilelang,dram__bytes_read.sum,673628928.0,byte,ncu_counter,sum over the profiled run() launches,B200/tilelang/1d_conv/fp16,artifacts/paper_figures/nvidia/B200/kernel_metrics_long.csv.gz,high,
a5:1d_conv/fp16:B200:tilelang:smsp__issue_active.avg.pct_of_peak_sustained_active,a5,1d_conv/fp16,B200,tilelang,smsp__issue_active.avg.pct_of_peak_sustained_active,3.9228501160566283,%,ncu_counter,longest launch,B200/tilelang/1d_conv/fp16,artifacts/paper_figures/nvidia/B200/kernel_metrics_long.csv.gz,high,
a5:1d_conv/fp16:B200:tilelang:sm__warps_active.avg.pct_of_peak_sustained_active,a5,1d_conv/fp16,B200,tilelang,sm__warps_active.avg.pct_of_peak_sustained_active,6.242116416762539,%,ncu_counter,longest launch,B200/tilelang/1d_conv/fp16,artifacts/paper_figures/nvidia/B200/kernel_metrics_long.csv.gz,high,
a5:1d_conv/fp16:B200:tilelang:sm__maximum_warps_per_active_cycle_pct,a5,1d_conv/fp16,B200,tilelang,sm__maximum_warps_per_active_cycle_pct,18.75,%,launch_config,longest launch,B200/tilelang/1d_conv/fp16,artifacts/paper_figures/nvidia/B200/kernel_metrics_long.csv.gz,high,
rq2:matmul_fp32_fp16_fp8/fp32:GH200:triton:l1tex__m_xbar2l1tex_read_bytes_mem_global_op_tma_ld.sum,rq2,matmul_fp32_fp16_fp8/fp32,GH200,triton,l1tex__m_xbar2l1tex_read_bytes_mem_global_op_tma_ld.sum,21474836480.0,byte,ncu_counter,sum over the profiled run() launches,GH200/triton/matmul_fp32_fp16_fp8/fp32,artifacts/paper_figures/nvidia/GH200/kernel_metrics_long.csv.gz,high,
rq2:matmul_fp32_fp16_fp8/fp32:GH200:triton:sass__inst_executed_per_opcode_with_modifier_all[STS*],rq2,matmul_fp32_fp16_fp8/fp32,GH200,triton,sass__inst_executed_per_opcode_with_modifier_all[STS*],262144,,dynamic_sass_count,sum over the profiled run() launches,GH200/triton/matmul_fp32_fp16_fp8/fp32,artifacts/paper_figures/nvidia/GH200/instruction_mix.csv,high,
rq2:matmul_fp32_fp16_fp8/fp32:GH200:triton:sass__inst_executed_per_opcode_with_modifier_all[LDSM*],rq2,matmul_fp32_fp16_fp8/fp32,GH200,triton,sass__inst_executed_per_opcode_with_modifier_all[LDSM*],0,,dynamic_sass_count,sum over the profiled run() launches,GH200/triton/matmul_fp32_fp16_fp8/fp32,artifacts/paper_figures/nvidia/GH200/instruction_mix.csv,high,
rq2:matmul_fp32_fp16_fp8/fp32:GH200:triton:sass__inst_executed_per_opcode[family=wgmma],rq2,matmul_fp32_fp16_fp8/fp32,GH200,triton,sass__inst_executed_per_opcode[family=wgmma],20971520,,dynamic_sass_count,sum over the profiled run() launches,GH200/triton/matmul_fp32_fp16_fp8/fp32,artifacts/paper_figures/nvidia/GH200/instruction_mix.csv,high,
rq2:matmul_fp32_fp16_fp8/fp32:GH200:triton:sass__inst_executed_per_opcode[family=tcgen05],rq2,matmul_fp32_fp16_fp8/fp32,GH200,triton,sass__inst_executed_per_opcode[family=tcgen05],0,,dynamic_sass_count,sum over the profiled run() launches,GH200/triton/matmul_fp32_fp16_fp8/fp32,artifacts/paper_figures/nvidia/GH200/instruction_mix.csv,high,
rq2:matmul_fp32_fp16_fp8/fp32:GH200:triton:launch__shared_mem_per_block,rq2,matmul_fp32_fp16_fp8/fp32,GH200,triton,launch__shared_mem_per_block,197664.0,byte/block,launch_config,longest launch,GH200/triton/matmul_fp32_fp16_fp8/fp32,artifacts/paper_figures/nvidia/GH200/kernel_metrics_long.csv.gz,high,
rq2:matmul_fp32_fp16_fp8/fp32:GH200:cutile:l1tex__m_xbar2l1tex_read_bytes_mem_global_op_tma_ld.sum,rq2,matmul_fp32_fp16_fp8/fp32,GH200,cutile,l1tex__m_xbar2l1tex_read_bytes_mem_global_op_tma_ld.sum,21474836480.0,byte,ncu_counter,sum over the profiled run() launches,GH200/cutile/matmul_fp32_fp16_fp8/fp32,artifacts/paper_figures/nvidia/GH200/kernel_metrics_long.csv.gz,high,
rq2:matmul_fp32_fp16_fp8/fp32:GH200:cutile:sass__inst_executed_per_opcode_with_modifier_all[STS*],rq2,matmul_fp32_fp16_fp8/fp32,GH200,cutile,sass__inst_executed_per_opcode_with_modifier_all[STS*],21233664,,dynamic_sass_count,sum over the profiled run() launches,GH200/cutile/matmul_fp32_fp16_fp8/fp32,artifacts/paper_figures/nvidia/GH200/instruction_mix.csv,high,
rq2:matmul_fp32_fp16_fp8/fp32:GH200:cutile:sass__inst_executed_per_opcode_with_modifier_all[LDSM*],rq2,matmul_fp32_fp16_fp8/fp32,GH200,cutile,sass__inst_executed_per_opcode_with_modifier_all[LDSM*],20971520,,dynamic_sass_count,sum over the profiled run() launches,GH200/cutile/matmul_fp32_fp16_fp8/fp32,artifacts/paper_figures/nvidia/GH200/instruction_mix.csv,high,
rq2:matmul_fp32_fp16_fp8/fp32:GH200:cutile:sass__inst_executed_per_opcode[family=wgmma],rq2,matmul_fp32_fp16_fp8/fp32,GH200,cutile,sass__inst_executed_per_opcode[family=wgmma],20971520,,dynamic_sass_count,sum over the profiled run() launches,GH200/cutile/matmul_fp32_fp16_fp8/fp32,artifacts/paper_figures/nvidia/GH200/instruction_mix.csv,high,
rq2:matmul_fp32_fp16_fp8/fp32:GH200:cutile:sass__inst_executed_per_opcode[family=tcgen05],rq2,matmul_fp32_fp16_fp8/fp32,GH200,cutile,sass__inst_executed_per_opcode[family=tcgen05],0,,dynamic_sass_count,sum over the profiled run() launches,GH200/cutile/matmul_fp32_fp16_fp8/fp32,artifacts/paper_figures/nvidia/GH200/instruction_mix.csv,high,
rq2:matmul_fp32_fp16_fp8/fp32:GH200:cutile:launch__shared_mem_per_block,rq2,matmul_fp32_fp16_fp8/fp32,GH200,cutile,launch__shared_mem_per_block,230624.0,byte/block,launch_config,longest launch,GH200/cutile/matmul_fp32_fp16_fp8/fp32,artifacts/paper_figures/nvidia/GH200/kernel_metrics_long.csv.gz,high,
rq2:destindex/int8:GH200:triton:smsp__inst_executed.sum,rq2,destindex/int8,GH200,triton,smsp__inst_executed.sum,5207040.0,warp inst,ncu_counter,sum over the profiled run() launches,GH200/triton/destindex/int8,artifacts/paper_figures/nvidia/GH200/kernel_metrics_long.csv.gz,high,
rq2:destindex/int8:GH200:triton:l1tex__t_requests_pipe_lsu_mem_global_op_st.sum,rq2,destindex/int8,GH200,triton,l1tex__t_requests_pipe_lsu_mem_global_op_st.sum,128000.0,requests,ncu_counter,sum over the profiled run() launches,GH200/triton/destindex/int8,artifacts/paper_figures/nvidia/GH200/kernel_metrics_long.csv.gz,high,
rq2:destindex/int8:GH200:triton:l1tex__t_sectors_pipe_lsu_mem_global_op_st.sum,rq2,destindex/int8,GH200,triton,l1tex__t_sectors_pipe_lsu_mem_global_op_st.sum,2047996.0,sectors,ncu_counter,sum over the profiled run() launches,GH200/triton/destindex/int8,artifacts/paper_figures/nvidia/GH200/kernel_metrics_long.csv.gz,high,
rq2:destindex/int8:GH200:triton:sass__inst_executed_per_opcode_with_modifier_all[STG*],rq2,destindex/int8,GH200,triton,sass__inst_executed_per_opcode_with_modifier_all[STG*],128000,,dynamic_sass_count,sum over the profiled run() launches,GH200/triton/destindex/int8,artifacts/paper_figures/nvidia/GH200/instruction_mix.csv,high,
rq2:destindex/int8:GH200:triton:opcode_mix[STG],rq2,destindex/int8,GH200,triton,opcode_mix[STG],STG.E.128:128000,text,dynamic_sass_count,sum over the profiled run() launches,GH200/triton/destindex/int8,artifacts/paper_figures/nvidia/GH200/instruction_mix.csv,high,
rq2:destindex/int8:GH200:cutile:smsp__inst_executed.sum,rq2,destindex/int8,GH200,cutile,smsp__inst_executed.sum,92928000.0,warp inst,ncu_counter,sum over the profiled run() launches,GH200/cutile/destindex/int8,artifacts/paper_figures/nvidia/GH200/kernel_metrics_long.csv.gz,high,
rq2:destindex/int8:GH200:cutile:l1tex__t_requests_pipe_lsu_mem_global_op_st.sum,rq2,destindex/int8,GH200,cutile,l1tex__t_requests_pipe_lsu_mem_global_op_st.sum,2048000.0,requests,ncu_counter,sum over the profiled run() launches,GH200/cutile/destindex/int8,artifacts/paper_figures/nvidia/GH200/kernel_metrics_long.csv.gz,high,
rq2:destindex/int8:GH200:cutile:l1tex__t_sectors_pipe_lsu_mem_global_op_st.sum,rq2,destindex/int8,GH200,cutile,l1tex__t_sectors_pipe_lsu_mem_global_op_st.sum,2047371.0,sectors,ncu_counter,sum over the profiled run() launches,GH200/cutile/destindex/int8,artifacts/paper_figures/nvidia/GH200/kernel_metrics_long.csv.gz,high,
rq2:destindex/int8:GH200:cutile:sass__inst_executed_per_opcode_with_modifier_all[STG*],rq2,destindex/int8,GH200,cutile,sass__inst_executed_per_opcode_with_modifier_all[STG*],2048000,,dynamic_sass_count,sum over the profiled run() launches,GH200/cutile/destindex/int8,artifacts/paper_figures/nvidia/GH200/instruction_mix.csv,high,
rq2:destindex/int8:GH200:cutile:opcode_mix[STG],rq2,destindex/int8,GH200,cutile,opcode_mix[STG],STG.E.U8:2048000,text,dynamic_sass_count,sum over the profiled run() launches,GH200/cutile/destindex/int8,artifacts/paper_figures/nvidia/GH200/instruction_mix.csv,high,
rq2:destindex/int8:GH200:tilelang:smsp__inst_executed.sum,rq2,destindex/int8,GH200,tilelang,smsp__inst_executed.sum,14540800.0,warp inst,ncu_counter,sum over the profiled run() launches,GH200/tilelang/destindex/int8,artifacts/paper_figures/nvidia/GH200/kernel_metrics_long.csv.gz,high,
rq2:destindex/int8:GH200:tilelang:l1tex__t_requests_pipe_lsu_mem_global_op_st.sum,rq2,destindex/int8,GH200,tilelang,l1tex__t_requests_pipe_lsu_mem_global_op_st.sum,1024000.0,requests,ncu_counter,sum over the profiled run() launches,GH200/tilelang/destindex/int8,artifacts/paper_figures/nvidia/GH200/kernel_metrics_long.csv.gz,high,
rq2:destindex/int8:GH200:tilelang:l1tex__t_sectors_pipe_lsu_mem_global_op_st.sum,rq2,destindex/int8,GH200,tilelang,l1tex__t_sectors_pipe_lsu_mem_global_op_st.sum,2051024.0,sectors,ncu_counter,sum over the profiled run() launches,GH200/tilelang/destindex/int8,artifacts/paper_figures/nvidia/GH200/kernel_metrics_long.csv.gz,high,
rq2:destindex/int8:GH200:tilelang:sass__inst_executed_per_opcode_with_modifier_all[STG*],rq2,destindex/int8,GH200,tilelang,sass__inst_executed_per_opcode_with_modifier_all[STG*],1024000,,dynamic_sass_count,sum over the profiled run() launches,GH200/tilelang/destindex/int8,artifacts/paper_figures/nvidia/GH200/instruction_mix.csv,high,
rq2:destindex/int8:GH200:tilelang:opcode_mix[STG],rq2,destindex/int8,GH200,tilelang,opcode_mix[STG],STG.E.U16:1024000,text,dynamic_sass_count,sum over the profiled run() launches,GH200/tilelang/destindex/int8,artifacts/paper_figures/nvidia/GH200/instruction_mix.csv,high,
rq2:1d_conv/fp16:GH200:triton:l1tex__t_requests_pipe_lsu_mem_global_op_ld.sum,rq2,1d_conv/fp16,GH200,triton,l1tex__t_requests_pipe_lsu_mem_global_op_ld.sum,94371840.0,requests,ncu_counter,sum over the profiled run() launches,GH200/triton/1d_conv/fp16,artifacts/paper_figures/nvidia/GH200/kernel_metrics_long.csv.gz,high,
rq2:1d_conv/fp16:GH200:triton:l1tex__t_sectors_pipe_lsu_mem_global_op_ld.sum,rq2,1d_conv/fp16,GH200,triton,l1tex__t_sectors_pipe_lsu_mem_global_op_ld.sum,209714944.0,sectors,ncu_counter,sum over the profiled run() launches,GH200/triton/1d_conv/fp16,artifacts/paper_figures/nvidia/GH200/kernel_metrics_long.csv.gz,high,
rq2:1d_conv/fp16:GH200:triton:dram__bytes_read.sum,rq2,1d_conv/fp16,GH200,triton,dram__bytes_read.sum,671354368.0,byte,ncu_counter,sum over the profiled run() launches,GH200/triton/1d_conv/fp16,artifacts/paper_figures/nvidia/GH200/kernel_metrics_long.csv.gz,high,
rq2:1d_conv/fp16:GH200:triton:l1tex__t_sector_hit_rate.pct,rq2,1d_conv/fp16,GH200,triton,l1tex__t_sector_hit_rate.pct,72.7357821913643,%,ncu_counter,longest launch,GH200/triton/1d_conv/fp16,artifacts/paper_figures/nvidia/GH200/kernel_metrics_long.csv.gz,high,
rq2:1d_conv/fp16:GH200:triton:sm__warps_active.avg.pct_of_peak_sustained_active,rq2,1d_conv/fp16,GH200,triton,sm__warps_active.avg.pct_of_peak_sustained_active,24.7878313032475,%,ncu_counter,longest launch,GH200/triton/1d_conv/fp16,artifacts/paper_figures/nvidia/GH200/kernel_metrics_long.csv.gz,high,
rq2:1d_conv/fp16:GH200:triton:sm__maximum_warps_per_active_cycle_pct,rq2,1d_conv/fp16,GH200,triton,sm__maximum_warps_per_active_cycle_pct,25.0,%,launch_config,longest launch,GH200/triton/1d_conv/fp16,artifacts/paper_figures/nvidia/GH200/kernel_metrics_long.csv.gz,high,
rq2:1d_conv/fp16:GH200:triton:smsp__issue_active.avg.pct_of_peak_sustained_active,rq2,1d_conv/fp16,GH200,triton,smsp__issue_active.avg.pct_of_peak_sustained_active,61.49849107771941,%,ncu_counter,longest launch,GH200/triton/1d_conv/fp16,artifacts/paper_figures/nvidia/GH200/kernel_metrics_long.csv.gz,high,
rq2:1d_conv/fp16:GH200:triton:opcode_mix[LDG],rq2,1d_conv/fp16,GH200,triton,opcode_mix[LDG],LDG.E.U16:94371840,text,dynamic_sass_count,sum over the profiled run() launches,GH200/triton/1d_conv/fp16,artifacts/paper_figures/nvidia/GH200/instruction_mix.csv,high,
rq2:1d_conv/fp16:GH200:tilelang:l1tex__t_requests_pipe_lsu_mem_global_op_ld.sum,rq2,1d_conv/fp16,GH200,tilelang,l1tex__t_requests_pipe_lsu_mem_global_op_ld.sum,188743680.0,requests,ncu_counter,sum over the profiled run() launches,GH200/tilelang/1d_conv/fp16,artifacts/paper_figures/nvidia/GH200/kernel_metrics_long.csv.gz,high,
rq2:1d_conv/fp16:GH200:tilelang:l1tex__t_sectors_pipe_lsu_mem_global_op_ld.sum,rq2,1d_conv/fp16,GH200,tilelang,l1tex__t_sectors_pipe_lsu_mem_global_op_ld.sum,2181037824.0,sectors,ncu_counter,sum over the profiled run() launches,GH200/tilelang/1d_conv/fp16,artifacts/paper_figures/nvidia/GH200/kernel_metrics_long.csv.gz,high,
rq2:1d_conv/fp16:GH200:tilelang:dram__bytes_read.sum,rq2,1d_conv/fp16,GH200,tilelang,dram__bytes_read.sum,672347904.0,byte,ncu_counter,sum over the profiled run() launches,GH200/tilelang/1d_conv/fp16,artifacts/paper_figures/nvidia/GH200/kernel_metrics_long.csv.gz,high,
rq2:1d_conv/fp16:GH200:tilelang:l1tex__t_sector_hit_rate.pct,rq2,1d_conv/fp16,GH200,tilelang,l1tex__t_sector_hit_rate.pct,96.98587427876303,%,ncu_counter,longest launch,GH200/tilelang/1d_conv/fp16,artifacts/paper_figures/nvidia/GH200/kernel_metrics_long.csv.gz,high,
rq2:1d_conv/fp16:GH200:tilelang:sm__warps_active.avg.pct_of_peak_sustained_active,rq2,1d_conv/fp16,GH200,tilelang,sm__warps_active.avg.pct_of_peak_sustained_active,18.71177962616911,%,ncu_counter,longest launch,GH200/tilelang/1d_conv/fp16,artifacts/paper_figures/nvidia/GH200/kernel_metrics_long.csv.gz,high,
rq2:1d_conv/fp16:GH200:tilelang:sm__maximum_warps_per_active_cycle_pct,rq2,1d_conv/fp16,GH200,tilelang,sm__maximum_warps_per_active_cycle_pct,18.75,%,launch_config,longest launch,GH200/tilelang/1d_conv/fp16,artifacts/paper_figures/nvidia/GH200/kernel_metrics_long.csv.gz,high,
rq2:1d_conv/fp16:GH200:tilelang:smsp__issue_active.avg.pct_of_peak_sustained_active,rq2,1d_conv/fp16,GH200,tilelang,smsp__issue_active.avg.pct_of_peak_sustained_active,22.402829379978858,%,ncu_counter,longest launch,GH200/tilelang/1d_conv/fp16,artifacts/paper_figures/nvidia/GH200/kernel_metrics_long.csv.gz,high,
rq2:1d_conv/fp16:GH200:tilelang:opcode_mix[LDG],rq2,1d_conv/fp16,GH200,tilelang,opcode_mix[LDG],LDG.E.U16.CONSTANT:188743680,text,dynamic_sass_count,sum over the profiled run() launches,GH200/tilelang/1d_conv/fp16,artifacts/paper_figures/nvidia/GH200/instruction_mix.csv,high,
rq2:1d_conv/fp16:GH200:cutile:l1tex__t_requests_pipe_lsu_mem_global_op_ld.sum,rq2,1d_conv/fp16,GH200,cutile,l1tex__t_requests_pipe_lsu_mem_global_op_ld.sum,94371840.0,requests,ncu_counter,sum over the profiled run() launches,GH200/cutile/1d_conv/fp16,artifacts/paper_figures/nvidia/GH200/kernel_metrics_long.csv.gz,high,
rq2:1d_conv/fp16:GH200:cutile:l1tex__t_sectors_pipe_lsu_mem_global_op_ld.sum,rq2,1d_conv/fp16,GH200,cutile,l1tex__t_sectors_pipe_lsu_mem_global_op_ld.sum,209715072.0,sectors,ncu_counter,sum over the profiled run() launches,GH200/cutile/1d_conv/fp16,artifacts/paper_figures/nvidia/GH200/kernel_metrics_long.csv.gz,high,
rq2:1d_conv/fp16:GH200:cutile:dram__bytes_read.sum,rq2,1d_conv/fp16,GH200,cutile,dram__bytes_read.sum,671651328.0,byte,ncu_counter,sum over the profiled run() launches,GH200/cutile/1d_conv/fp16,artifacts/paper_figures/nvidia/GH200/kernel_metrics_long.csv.gz,high,
rq2:1d_conv/fp16:GH200:cutile:l1tex__t_sector_hit_rate.pct,rq2,1d_conv/fp16,GH200,cutile,l1tex__t_sector_hit_rate.pct,49.23137578797817,%,ncu_counter,longest launch,GH200/cutile/1d_conv/fp16,artifacts/paper_figures/nvidia/GH200/kernel_metrics_long.csv.gz,high,
rq2:1d_conv/fp16:GH200:cutile:sm__warps_active.avg.pct_of_peak_sustained_active,rq2,1d_conv/fp16,GH200,cutile,sm__warps_active.avg.pct_of_peak_sustained_active,24.843909376527705,%,ncu_counter,longest launch,GH200/cutile/1d_conv/fp16,artifacts/paper_figures/nvidia/GH200/kernel_metrics_long.csv.gz,high,
rq2:1d_conv/fp16:GH200:cutile:sm__maximum_warps_per_active_cycle_pct,rq2,1d_conv/fp16,GH200,cutile,sm__maximum_warps_per_active_cycle_pct,25.0,%,launch_config,longest launch,GH200/cutile/1d_conv/fp16,artifacts/paper_figures/nvidia/GH200/kernel_metrics_long.csv.gz,high,
rq2:1d_conv/fp16:GH200:cutile:smsp__issue_active.avg.pct_of_peak_sustained_active,rq2,1d_conv/fp16,GH200,cutile,smsp__issue_active.avg.pct_of_peak_sustained_active,66.43300226093227,%,ncu_counter,longest launch,GH200/cutile/1d_conv/fp16,artifacts/paper_figures/nvidia/GH200/kernel_metrics_long.csv.gz,high,
rq2:1d_conv/fp16:GH200:cutile:opcode_mix[LDG],rq2,1d_conv/fp16,GH200,cutile,opcode_mix[LDG],LDG.E.U16:94371840,text,dynamic_sass_count,sum over the profiled run() launches,GH200/cutile/1d_conv/fp16,artifacts/paper_figures/nvidia/GH200/instruction_mix.csv,high,
supporting:block_sparse_attention/fp16:GH200:triton:launch__shared_mem_per_block,supporting,block_sparse_attention/fp16,GH200,triton,launch__shared_mem_per_block,50232.0,byte/block,launch_config,longest launch,GH200/triton/block_sparse_attention/fp16,artifacts/paper_figures/nvidia/GH200/kernel_metrics_long.csv.gz,high,
supporting:block_sparse_attention/fp16:GH200:triton:smsp__inst_executed.sum,supporting,block_sparse_attention/fp16,GH200,triton,smsp__inst_executed.sum,27341216.0,,ncu_counter,sum over the profiled run() launches,GH200/triton/block_sparse_attention/fp16,artifacts/paper_figures/nvidia/GH200/kernel_metrics_long.csv.gz,high,
supporting:block_sparse_attention/fp16:GH200:triton:sass__inst_executed_per_opcode[family=legacy_mma],supporting,block_sparse_attention/fp16,GH200,triton,sass__inst_executed_per_opcode[family=legacy_mma],3907584,,dynamic_sass_count,sum over the profiled run() launches,GH200/triton/block_sparse_attention/fp16,artifacts/paper_figures/nvidia/GH200/instruction_mix.csv,high,
supporting:block_sparse_attention/fp16:GH200:cutile:launch__shared_mem_per_block,supporting,block_sparse_attention/fp16,GH200,cutile,launch__shared_mem_per_block,50272.0,byte/block,launch_config,longest launch,GH200/cutile/block_sparse_attention/fp16,artifacts/paper_figures/nvidia/GH200/kernel_metrics_long.csv.gz,high,
supporting:block_sparse_attention/fp16:GH200:cutile:smsp__inst_executed.sum,supporting,block_sparse_attention/fp16,GH200,cutile,smsp__inst_executed.sum,54308193.0,,ncu_counter,sum over the profiled run() launches,GH200/cutile/block_sparse_attention/fp16,artifacts/paper_figures/nvidia/GH200/kernel_metrics_long.csv.gz,high,
supporting:block_sparse_attention/fp16:GH200:cutile:sass__inst_executed_per_opcode[family=legacy_mma],supporting,block_sparse_attention/fp16,GH200,cutile,sass__inst_executed_per_opcode[family=legacy_mma],0,,dynamic_sass_count,sum over the profiled run() launches,GH200/cutile/block_sparse_attention/fp16,artifacts/paper_figures/nvidia/GH200/instruction_mix.csv,high,
supporting:flash_decode/fp32:GH200:triton:smsp__inst_executed.sum,supporting,flash_decode/fp32,GH200,triton,smsp__inst_executed.sum,486592.0,warp inst,ncu_counter,sum over the profiled run() launches,GH200/triton/flash_decode/fp32,artifacts/paper_figures/nvidia/GH200/kernel_metrics_long.csv.gz,high,
supporting:flash_decode/fp32:GH200:triton:smsp__average_warps_issue_stalled_long_scoreboard_per_issue_active.ratio,supporting,flash_decode/fp32,GH200,triton,smsp__average_warps_issue_stalled_long_scoreboard_per_issue_active.ratio,6.1615370711187065,cycles/issue,ncu_stall_ratio,longest launch,GH200/triton/flash_decode/fp32,artifacts/paper_figures/nvidia/GH200/kernel_metrics_long.csv.gz,high,
supporting:flash_decode/fp32:GH200:triton:launch__grid_size,supporting,flash_decode/fp32,GH200,triton,launch__grid_size,16.0,CTAs,launch_config,longest launch,GH200/triton/flash_decode/fp32,artifacts/paper_figures/nvidia/GH200/kernel_metrics_long.csv.gz,high,
supporting:flash_decode/fp32:GH200:cutile:smsp__inst_executed.sum,supporting,flash_decode/fp32,GH200,cutile,smsp__inst_executed.sum,1921024.0,warp inst,ncu_counter,sum over the profiled run() launches,GH200/cutile/flash_decode/fp32,artifacts/paper_figures/nvidia/GH200/kernel_metrics_long.csv.gz,high,
supporting:flash_decode/fp32:GH200:cutile:smsp__average_warps_issue_stalled_long_scoreboard_per_issue_active.ratio,supporting,flash_decode/fp32,GH200,cutile,smsp__average_warps_issue_stalled_long_scoreboard_per_issue_active.ratio,5.467019381264778,cycles/issue,ncu_stall_ratio,longest launch,GH200/cutile/flash_decode/fp32,artifacts/paper_figures/nvidia/GH200/kernel_metrics_long.csv.gz,high,
supporting:flash_decode/fp32:GH200:cutile:launch__grid_size,supporting,flash_decode/fp32,GH200,cutile,launch__grid_size,16.0,CTAs,launch_config,longest launch,GH200/cutile/flash_decode/fp32,artifacts/paper_figures/nvidia/GH200/kernel_metrics_long.csv.gz,high,
supporting:vector_add/fp32:GH200:triton:gpu__dram_throughput.avg.pct_of_peak_sustained_elapsed,supporting,vector_add/fp32,GH200,triton,gpu__dram_throughput.avg.pct_of_peak_sustained_elapsed,87.78741960290827,%,ncu_counter,longest launch,GH200/triton/vector_add/fp32,artifacts/paper_figures/nvidia/GH200/kernel_metrics_long.csv.gz,high,
supporting:vector_add/fp32:GH200:triton:l1tex__t_sectors_pipe_lsu_mem_global_op_ld.sum/l1tex__t_requests_pipe_lsu_mem_global_op_ld.sum,supporting,vector_add/fp32,GH200,triton,l1tex__t_sectors_pipe_lsu_mem_global_op_ld.sum/l1tex__t_requests_pipe_lsu_mem_global_op_ld.sum,16.0,sectors/request,ncu_counter,sum over the profiled run() launches,GH200/triton/vector_add/fp32,artifacts/paper_figures/nvidia/GH200/kernel_metrics_long.csv.gz,high,
a5:weight_dequant/bf16:GH200:triton:smsp__inst_executed.sum,a5,weight_dequant/bf16,GH200,triton,smsp__inst_executed.sum,64307200.0,warp inst,ncu_counter,sum over the profiled run() launches,GH200/triton/weight_dequant/bf16,artifacts/paper_figures/nvidia/GH200/kernel_metrics_long.csv.gz,high,
a5:weight_dequant/bf16:GH200:triton:sass__inst_executed_global_loads,a5,weight_dequant/bf16,GH200,triton,sass__inst_executed_global_loads,3686400.0,warp inst,ncu_counter,sum over the profiled run() launches,GH200/triton/weight_dequant/bf16,artifacts/paper_figures/nvidia/GH200/kernel_metrics_long.csv.gz,high,
a5:weight_dequant/bf16:GH200:cutile:smsp__inst_executed.sum,a5,weight_dequant/bf16,GH200,cutile,smsp__inst_executed.sum,122470400.0,warp inst,ncu_counter,sum over the profiled run() launches,GH200/cutile/weight_dequant/bf16,artifacts/paper_figures/nvidia/GH200/kernel_metrics_long.csv.gz,high,
a5:weight_dequant/bf16:GH200:cutile:sass__inst_executed_global_loads,a5,weight_dequant/bf16,GH200,cutile,sass__inst_executed_global_loads,3686400.0,warp inst,ncu_counter,sum over the profiled run() launches,GH200/cutile/weight_dequant/bf16,artifacts/paper_figures/nvidia/GH200/kernel_metrics_long.csv.gz,high,
a5:weight_dequant/bf16:GH200:tilelang:smsp__inst_executed.sum,a5,weight_dequant/bf16,GH200,tilelang,smsp__inst_executed.sum,17408000.0,warp inst,ncu_counter,sum over the profiled run() launches,GH200/tilelang/weight_dequant/bf16,artifacts/paper_figures/nvidia/GH200/kernel_metrics_long.csv.gz,high,
a5:weight_dequant/bf16:GH200:tilelang:sass__inst_executed_global_loads,a5,weight_dequant/bf16,GH200,tilelang,sass__inst_executed_global_loads,1638400.0,warp inst,ncu_counter,sum over the profiled run() launches,GH200/tilelang/weight_dequant/bf16,artifacts/paper_figures/nvidia/GH200/kernel_metrics_long.csv.gz,high,
a5:destindex/int8:GH200:triton:smsp__inst_executed.sum,a5,destindex/int8,GH200,triton,smsp__inst_executed.sum,5207040.0,warp inst,ncu_counter,sum over the profiled run() launches,GH200/triton/destindex/int8,artifacts/paper_figures/nvidia/GH200/kernel_metrics_long.csv.gz,high,
a5:destindex/int8:GH200:triton:sass__inst_executed_global_loads,a5,destindex/int8,GH200,triton,sass__inst_executed_global_loads,256000.0,warp inst,ncu_counter,sum over the profiled run() launches,GH200/triton/destindex/int8,artifacts/paper_figures/nvidia/GH200/kernel_metrics_long.csv.gz,high,
a5:destindex/int8:GH200:cutile:smsp__inst_executed.sum,a5,destindex/int8,GH200,cutile,smsp__inst_executed.sum,92928000.0,warp inst,ncu_counter,sum over the profiled run() launches,GH200/cutile/destindex/int8,artifacts/paper_figures/nvidia/GH200/kernel_metrics_long.csv.gz,high,
a5:destindex/int8:GH200:cutile:sass__inst_executed_global_loads,a5,destindex/int8,GH200,cutile,sass__inst_executed_global_loads,2304000.0,warp inst,ncu_counter,sum over the profiled run() launches,GH200/cutile/destindex/int8,artifacts/paper_figures/nvidia/GH200/kernel_metrics_long.csv.gz,high,
a5:destindex/int8:GH200:tilelang:smsp__inst_executed.sum,a5,destindex/int8,GH200,tilelang,smsp__inst_executed.sum,14540800.0,warp inst,ncu_counter,sum over the profiled run() launches,GH200/tilelang/destindex/int8,artifacts/paper_figures/nvidia/GH200/kernel_metrics_long.csv.gz,high,
a5:destindex/int8:GH200:tilelang:sass__inst_executed_global_loads,a5,destindex/int8,GH200,tilelang,sass__inst_executed_global_loads,1310720.0,warp inst,ncu_counter,sum over the profiled run() launches,GH200/tilelang/destindex/int8,artifacts/paper_figures/nvidia/GH200/kernel_metrics_long.csv.gz,high,
a5:cross_entropy/fp16:GH200:triton:smsp__inst_executed.sum,a5,cross_entropy/fp16,GH200,triton,smsp__inst_executed.sum,3840000.0,warp inst,ncu_counter,sum over the profiled run() launches,GH200/triton/cross_entropy/fp16,artifacts/paper_figures/nvidia/GH200/kernel_metrics_long.csv.gz,high,
a5:cross_entropy/fp16:GH200:triton:sass__inst_executed_global_loads,a5,cross_entropy/fp16,GH200,triton,sass__inst_executed_global_loads,61440.0,warp inst,ncu_counter,sum over the profiled run() launches,GH200/triton/cross_entropy/fp16,artifacts/paper_figures/nvidia/GH200/kernel_metrics_long.csv.gz,high,
a5:cross_entropy/fp16:GH200:cutile:smsp__inst_executed.sum,a5,cross_entropy/fp16,GH200,cutile,smsp__inst_executed.sum,9502720.0,warp inst,ncu_counter,sum over the profiled run() launches,GH200/cutile/cross_entropy/fp16,artifacts/paper_figures/nvidia/GH200/kernel_metrics_long.csv.gz,high,
a5:cross_entropy/fp16:GH200:cutile:sass__inst_executed_global_loads,a5,cross_entropy/fp16,GH200,cutile,sass__inst_executed_global_loads,122880.0,warp inst,ncu_counter,sum over the profiled run() launches,GH200/cutile/cross_entropy/fp16,artifacts/paper_figures/nvidia/GH200/kernel_metrics_long.csv.gz,high,
a5:cross_entropy/fp16:GH200:tilelang:smsp__inst_executed.sum,a5,cross_entropy/fp16,GH200,tilelang,smsp__inst_executed.sum,3614720.0,warp inst,ncu_counter,sum over the profiled run() launches,GH200/tilelang/cross_entropy/fp16,artifacts/paper_figures/nvidia/GH200/kernel_metrics_long.csv.gz,high,
a5:cross_entropy/fp16:GH200:tilelang:sass__inst_executed_global_loads,a5,cross_entropy/fp16,GH200,tilelang,sass__inst_executed_global_loads,61440.0,warp inst,ncu_counter,sum over the profiled run() launches,GH200/tilelang/cross_entropy/fp16,artifacts/paper_figures/nvidia/GH200/kernel_metrics_long.csv.gz,high,
a5:moe_topk_gating/fp16:GH200:triton:smsp__inst_executed.sum,a5,moe_topk_gating/fp16,GH200,triton,smsp__inst_executed.sum,9216000.0,warp inst,ncu_counter,sum over the profiled run() launches,GH200/triton/moe_topk_gating/fp16,artifacts/paper_figures/nvidia/GH200/kernel_metrics_long.csv.gz,high,
a5:moe_topk_gating/fp16:GH200:triton:sass__inst_executed_global_loads,a5,moe_topk_gating/fp16,GH200,triton,sass__inst_executed_global_loads,40960.0,warp inst,ncu_counter,sum over the profiled run() launches,GH200/triton/moe_topk_gating/fp16,artifacts/paper_figures/nvidia/GH200/kernel_metrics_long.csv.gz,high,
a5:moe_topk_gating/fp16:GH200:cutile:smsp__inst_executed.sum,a5,moe_topk_gating/fp16,GH200,cutile,smsp__inst_executed.sum,24903680.0,warp inst,ncu_counter,sum over the profiled run() launches,GH200/cutile/moe_topk_gating/fp16,artifacts/paper_figures/nvidia/GH200/kernel_metrics_long.csv.gz,high,
a5:moe_topk_gating/fp16:GH200:cutile:sass__inst_executed_global_loads,a5,moe_topk_gating/fp16,GH200,cutile,sass__inst_executed_global_loads,81920.0,warp inst,ncu_counter,sum over the profiled run() launches,GH200/cutile/moe_topk_gating/fp16,artifacts/paper_figures/nvidia/GH200/kernel_metrics_long.csv.gz,high,
a5:moe_topk_gating/fp16:GH200:tilelang:smsp__inst_executed.sum,a5,moe_topk_gating/fp16,GH200,tilelang,smsp__inst_executed.sum,2908160.0,warp inst,ncu_counter,sum over the profiled run() launches,GH200/tilelang/moe_topk_gating/fp16,artifacts/paper_figures/nvidia/GH200/kernel_metrics_long.csv.gz,high,
a5:moe_topk_gating/fp16:GH200:tilelang:sass__inst_executed_global_loads,a5,moe_topk_gating/fp16,GH200,tilelang,sass__inst_executed_global_loads,20480.0,warp inst,ncu_counter,sum over the profiled run() launches,GH200/tilelang/moe_topk_gating/fp16,artifacts/paper_figures/nvidia/GH200/kernel_metrics_long.csv.gz,high,
a5:matmul_fp32_fp16_fp8/fp32:GH200:triton:sass__inst_executed_per_opcode_with_modifier_all[STS*],a5,matmul_fp32_fp16_fp8/fp32,GH200,triton,sass__inst_executed_per_opcode_with_modifier_all[STS*],262144,,dynamic_sass_count,sum over the profiled run() launches,GH200/triton/matmul_fp32_fp16_fp8/fp32,artifacts/paper_figures/nvidia/GH200/instruction_mix.csv,high,
a5:matmul_fp32_fp16_fp8/fp32:GH200:triton:sass__inst_executed_per_opcode[family=wgmma],a5,matmul_fp32_fp16_fp8/fp32,GH200,triton,sass__inst_executed_per_opcode[family=wgmma],20971520,,dynamic_sass_count,sum over the profiled run() launches,GH200/triton/matmul_fp32_fp16_fp8/fp32,artifacts/paper_figures/nvidia/GH200/instruction_mix.csv,high,
a5:matmul_fp32_fp16_fp8/fp32:GH200:triton:sass__inst_executed_per_opcode[family=tcgen05],a5,matmul_fp32_fp16_fp8/fp32,GH200,triton,sass__inst_executed_per_opcode[family=tcgen05],0,,dynamic_sass_count,sum over the profiled run() launches,GH200/triton/matmul_fp32_fp16_fp8/fp32,artifacts/paper_figures/nvidia/GH200/instruction_mix.csv,high,
a5:matmul_fp32_fp16_fp8/fp32:GH200:triton:sass__inst_executed_per_opcode[family=legacy_mma],a5,matmul_fp32_fp16_fp8/fp32,GH200,triton,sass__inst_executed_per_opcode[family=legacy_mma],0,,dynamic_sass_count,sum over the profiled run() launches,GH200/triton/matmul_fp32_fp16_fp8/fp32,artifacts/paper_figures/nvidia/GH200/instruction_mix.csv,high,
a5:matmul_fp32_fp16_fp8/fp32:GH200:triton:l1tex__m_xbar2l1tex_read_bytes_mem_global_op_tma_ld.sum,a5,matmul_fp32_fp16_fp8/fp32,GH200,triton,l1tex__m_xbar2l1tex_read_bytes_mem_global_op_tma_ld.sum,21474836480.0,byte,ncu_counter,sum over the profiled run() launches,GH200/triton/matmul_fp32_fp16_fp8/fp32,artifacts/paper_figures/nvidia/GH200/kernel_metrics_long.csv.gz,high,
a5:matmul_fp32_fp16_fp8/fp32:GH200:cutile:sass__inst_executed_per_opcode_with_modifier_all[STS*],a5,matmul_fp32_fp16_fp8/fp32,GH200,cutile,sass__inst_executed_per_opcode_with_modifier_all[STS*],21233664,,dynamic_sass_count,sum over the profiled run() launches,GH200/cutile/matmul_fp32_fp16_fp8/fp32,artifacts/paper_figures/nvidia/GH200/instruction_mix.csv,high,
a5:matmul_fp32_fp16_fp8/fp32:GH200:cutile:sass__inst_executed_per_opcode[family=wgmma],a5,matmul_fp32_fp16_fp8/fp32,GH200,cutile,sass__inst_executed_per_opcode[family=wgmma],20971520,,dynamic_sass_count,sum over the profiled run() launches,GH200/cutile/matmul_fp32_fp16_fp8/fp32,artifacts/paper_figures/nvidia/GH200/instruction_mix.csv,high,
a5:matmul_fp32_fp16_fp8/fp32:GH200:cutile:sass__inst_executed_per_opcode[family=tcgen05],a5,matmul_fp32_fp16_fp8/fp32,GH200,cutile,sass__inst_executed_per_opcode[family=tcgen05],0,,dynamic_sass_count,sum over the profiled run() launches,GH200/cutile/matmul_fp32_fp16_fp8/fp32,artifacts/paper_figures/nvidia/GH200/instruction_mix.csv,high,
a5:matmul_fp32_fp16_fp8/fp32:GH200:cutile:sass__inst_executed_per_opcode[family=legacy_mma],a5,matmul_fp32_fp16_fp8/fp32,GH200,cutile,sass__inst_executed_per_opcode[family=legacy_mma],0,,dynamic_sass_count,sum over the profiled run() launches,GH200/cutile/matmul_fp32_fp16_fp8/fp32,artifacts/paper_figures/nvidia/GH200/instruction_mix.csv,high,
a5:matmul_fp32_fp16_fp8/fp32:GH200:cutile:l1tex__m_xbar2l1tex_read_bytes_mem_global_op_tma_ld.sum,a5,matmul_fp32_fp16_fp8/fp32,GH200,cutile,l1tex__m_xbar2l1tex_read_bytes_mem_global_op_tma_ld.sum,21474836480.0,byte,ncu_counter,sum over the profiled run() launches,GH200/cutile/matmul_fp32_fp16_fp8/fp32,artifacts/paper_figures/nvidia/GH200/kernel_metrics_long.csv.gz,high,
a5:matmul_fp32_fp16_fp8/fp32:GH200:tilelang:sass__inst_executed_per_opcode_with_modifier_all[STS*],a5,matmul_fp32_fp16_fp8/fp32,GH200,tilelang,sass__inst_executed_per_opcode_with_modifier_all[STS*],0,,dynamic_sass_count,sum over the profiled run() launches,GH200/tilelang/matmul_fp32_fp16_fp8/fp32,artifacts/paper_figures/nvidia/GH200/instruction_mix.csv,high,
a5:matmul_fp32_fp16_fp8/fp32:GH200:tilelang:sass__inst_executed_per_opcode[family=wgmma],a5,matmul_fp32_fp16_fp8/fp32,GH200,tilelang,sass__inst_executed_per_opcode[family=wgmma],0,,dynamic_sass_count,sum over the profiled run() launches,GH200/tilelang/matmul_fp32_fp16_fp8/fp32,artifacts/paper_figures/nvidia/GH200/instruction_mix.csv,high,
a5:matmul_fp32_fp16_fp8/fp32:GH200:tilelang:sass__inst_executed_per_opcode[family=tcgen05],a5,matmul_fp32_fp16_fp8/fp32,GH200,tilelang,sass__inst_executed_per_opcode[family=tcgen05],0,,dynamic_sass_count,sum over the profiled run() launches,GH200/tilelang/matmul_fp32_fp16_fp8/fp32,artifacts/paper_figures/nvidia/GH200/instruction_mix.csv,high,
a5:matmul_fp32_fp16_fp8/fp32:GH200:tilelang:sass__inst_executed_per_opcode[family=legacy_mma],a5,matmul_fp32_fp16_fp8/fp32,GH200,tilelang,sass__inst_executed_per_opcode[family=legacy_mma],335544320,,dynamic_sass_count,sum over the profiled run() launches,GH200/tilelang/matmul_fp32_fp16_fp8/fp32,artifacts/paper_figures/nvidia/GH200/instruction_mix.csv,high,
a5:matmul_fp32_fp16_fp8/fp32:GH200:tilelang:l1tex__m_xbar2l1tex_read_bytes_mem_global_op_tma_ld.sum,a5,matmul_fp32_fp16_fp8/fp32,GH200,tilelang,l1tex__m_xbar2l1tex_read_bytes_mem_global_op_tma_ld.sum,0.0,byte,ncu_counter,sum over the profiled run() launches,GH200/tilelang/matmul_fp32_fp16_fp8/fp32,artifacts/paper_figures/nvidia/GH200/kernel_metrics_long.csv.gz,high,
a5:matmul_fp32_fp16_fp8/fp16:GH200:triton:sass__inst_executed_per_opcode_with_modifier_all[STS*],a5,matmul_fp32_fp16_fp8/fp16,GH200,triton,sass__inst_executed_per_opcode_with_modifier_all[STS*],0,,dynamic_sass_count,sum over the profiled run() launches,GH200/triton/matmul_fp32_fp16_fp8/fp16,artifacts/paper_figures/nvidia/GH200/instruction_mix.csv,high,
a5:matmul_fp32_fp16_fp8/fp16:GH200:triton:sass__inst_executed_per_opcode[family=wgmma],a5,matmul_fp32_fp16_fp8/fp16,GH200,triton,sass__inst_executed_per_opcode[family=wgmma],10485760,,dynamic_sass_count,sum over the profiled run() launches,GH200/triton/matmul_fp32_fp16_fp8/fp16,artifacts/paper_figures/nvidia/GH200/instruction_mix.csv,high,
a5:matmul_fp32_fp16_fp8/fp16:GH200:triton:sass__inst_executed_per_opcode[family=tcgen05],a5,matmul_fp32_fp16_fp8/fp16,GH200,triton,sass__inst_executed_per_opcode[family=tcgen05],0,,dynamic_sass_count,sum over the profiled run() launches,GH200/triton/matmul_fp32_fp16_fp8/fp16,artifacts/paper_figures/nvidia/GH200/instruction_mix.csv,high,
a5:matmul_fp32_fp16_fp8/fp16:GH200:triton:sass__inst_executed_per_opcode[family=legacy_mma],a5,matmul_fp32_fp16_fp8/fp16,GH200,triton,sass__inst_executed_per_opcode[family=legacy_mma],0,,dynamic_sass_count,sum over the profiled run() launches,GH200/triton/matmul_fp32_fp16_fp8/fp16,artifacts/paper_figures/nvidia/GH200/instruction_mix.csv,high,
a5:matmul_fp32_fp16_fp8/fp16:GH200:triton:l1tex__m_xbar2l1tex_read_bytes_mem_global_op_tma_ld.sum,a5,matmul_fp32_fp16_fp8/fp16,GH200,triton,l1tex__m_xbar2l1tex_read_bytes_mem_global_op_tma_ld.sum,10737418240.0,byte,ncu_counter,sum over the profiled run() launches,GH200/triton/matmul_fp32_fp16_fp8/fp16,artifacts/paper_figures/nvidia/GH200/kernel_metrics_long.csv.gz,high,
a5:matmul_fp32_fp16_fp8/fp16:GH200:cutile:sass__inst_executed_per_opcode_with_modifier_all[STS*],a5,matmul_fp32_fp16_fp8/fp16,GH200,cutile,sass__inst_executed_per_opcode_with_modifier_all[STS*],0,,dynamic_sass_count,sum over the profiled run() launches,GH200/cutile/matmul_fp32_fp16_fp8/fp16,artifacts/paper_figures/nvidia/GH200/instruction_mix.csv,high,
a5:matmul_fp32_fp16_fp8/fp16:GH200:cutile:sass__inst_executed_per_opcode[family=wgmma],a5,matmul_fp32_fp16_fp8/fp16,GH200,cutile,sass__inst_executed_per_opcode[family=wgmma],10485760,,dynamic_sass_count,sum over the profiled run() launches,GH200/cutile/matmul_fp32_fp16_fp8/fp16,artifacts/paper_figures/nvidia/GH200/instruction_mix.csv,high,
a5:matmul_fp32_fp16_fp8/fp16:GH200:cutile:sass__inst_executed_per_opcode[family=tcgen05],a5,matmul_fp32_fp16_fp8/fp16,GH200,cutile,sass__inst_executed_per_opcode[family=tcgen05],0,,dynamic_sass_count,sum over the profiled run() launches,GH200/cutile/matmul_fp32_fp16_fp8/fp16,artifacts/paper_figures/nvidia/GH200/instruction_mix.csv,high,
a5:matmul_fp32_fp16_fp8/fp16:GH200:cutile:sass__inst_executed_per_opcode[family=legacy_mma],a5,matmul_fp32_fp16_fp8/fp16,GH200,cutile,sass__inst_executed_per_opcode[family=legacy_mma],0,,dynamic_sass_count,sum over the profiled run() launches,GH200/cutile/matmul_fp32_fp16_fp8/fp16,artifacts/paper_figures/nvidia/GH200/instruction_mix.csv,high,
a5:matmul_fp32_fp16_fp8/fp16:GH200:cutile:l1tex__m_xbar2l1tex_read_bytes_mem_global_op_tma_ld.sum,a5,matmul_fp32_fp16_fp8/fp16,GH200,cutile,l1tex__m_xbar2l1tex_read_bytes_mem_global_op_tma_ld.sum,10737418240.0,byte,ncu_counter,sum over the profiled run() launches,GH200/cutile/matmul_fp32_fp16_fp8/fp16,artifacts/paper_figures/nvidia/GH200/kernel_metrics_long.csv.gz,high,
a5:matmul_fp32_fp16_fp8/fp16:GH200:tilelang:sass__inst_executed_per_opcode_with_modifier_all[STS*],a5,matmul_fp32_fp16_fp8/fp16,GH200,tilelang,sass__inst_executed_per_opcode_with_modifier_all[STS*],0,,dynamic_sass_count,sum over the profiled run() launches,GH200/tilelang/matmul_fp32_fp16_fp8/fp16,artifacts/paper_figures/nvidia/GH200/instruction_mix.csv,high,
a5:matmul_fp32_fp16_fp8/fp16:GH200:tilelang:sass__inst_executed_per_opcode[family=wgmma],a5,matmul_fp32_fp16_fp8/fp16,GH200,tilelang,sass__inst_executed_per_opcode[family=wgmma],10485760,,dynamic_sass_count,sum over the profiled run() launches,GH200/tilelang/matmul_fp32_fp16_fp8/fp16,artifacts/paper_figures/nvidia/GH200/instruction_mix.csv,high,
a5:matmul_fp32_fp16_fp8/fp16:GH200:tilelang:sass__inst_executed_per_opcode[family=tcgen05],a5,matmul_fp32_fp16_fp8/fp16,GH200,tilelang,sass__inst_executed_per_opcode[family=tcgen05],0,,dynamic_sass_count,sum over the profiled run() launches,GH200/tilelang/matmul_fp32_fp16_fp8/fp16,artifacts/paper_figures/nvidia/GH200/instruction_mix.csv,high,
a5:matmul_fp32_fp16_fp8/fp16:GH200:tilelang:sass__inst_executed_per_opcode[family=legacy_mma],a5,matmul_fp32_fp16_fp8/fp16,GH200,tilelang,sass__inst_executed_per_opcode[family=legacy_mma],0,,dynamic_sass_count,sum over the profiled run() launches,GH200/tilelang/matmul_fp32_fp16_fp8/fp16,artifacts/paper_figures/nvidia/GH200/instruction_mix.csv,high,
a5:matmul_fp32_fp16_fp8/fp16:GH200:tilelang:l1tex__m_xbar2l1tex_read_bytes_mem_global_op_tma_ld.sum,a5,matmul_fp32_fp16_fp8/fp16,GH200,tilelang,l1tex__m_xbar2l1tex_read_bytes_mem_global_op_tma_ld.sum,0.0,byte,ncu_counter,sum over the profiled run() launches,GH200/tilelang/matmul_fp32_fp16_fp8/fp16,artifacts/paper_figures/nvidia/GH200/kernel_metrics_long.csv.gz,high,
a5:matmul_fp32_fp16_fp8/fp8_e4m3fn:GH200:triton:sass__inst_executed_per_opcode_with_modifier_all[STS*],a5,matmul_fp32_fp16_fp8/fp8_e4m3fn,GH200,triton,sass__inst_executed_per_opcode_with_modifier_all[STS*],262144,,dynamic_sass_count,sum over the profiled run() launches,GH200/triton/matmul_fp32_fp16_fp8/fp8_e4m3fn,artifacts/paper_figures/nvidia/GH200/instruction_mix.csv,high,
a5:matmul_fp32_fp16_fp8/fp8_e4m3fn:GH200:triton:sass__inst_executed_per_opcode[family=wgmma],a5,matmul_fp32_fp16_fp8/fp8_e4m3fn,GH200,triton,sass__inst_executed_per_opcode[family=wgmma],5242880,,dynamic_sass_count,sum over the profiled run() launches,GH200/triton/matmul_fp32_fp16_fp8/fp8_e4m3fn,artifacts/paper_figures/nvidia/GH200/instruction_mix.csv,high,
a5:matmul_fp32_fp16_fp8/fp8_e4m3fn:GH200:triton:sass__inst_executed_per_opcode[family=tcgen05],a5,matmul_fp32_fp16_fp8/fp8_e4m3fn,GH200,triton,sass__inst_executed_per_opcode[family=tcgen05],0,,dynamic_sass_count,sum over the profiled run() launches,GH200/triton/matmul_fp32_fp16_fp8/fp8_e4m3fn,artifacts/paper_figures/nvidia/GH200/instruction_mix.csv,high,
a5:matmul_fp32_fp16_fp8/fp8_e4m3fn:GH200:triton:sass__inst_executed_per_opcode[family=legacy_mma],a5,matmul_fp32_fp16_fp8/fp8_e4m3fn,GH200,triton,sass__inst_executed_per_opcode[family=legacy_mma],0,,dynamic_sass_count,sum over the profiled run() launches,GH200/triton/matmul_fp32_fp16_fp8/fp8_e4m3fn,artifacts/paper_figures/nvidia/GH200/instruction_mix.csv,high,
a5:matmul_fp32_fp16_fp8/fp8_e4m3fn:GH200:triton:l1tex__m_xbar2l1tex_read_bytes_mem_global_op_tma_ld.sum,a5,matmul_fp32_fp16_fp8/fp8_e4m3fn,GH200,triton,l1tex__m_xbar2l1tex_read_bytes_mem_global_op_tma_ld.sum,4026531840.0,byte,ncu_counter,sum over the profiled run() launches,GH200/triton/matmul_fp32_fp16_fp8/fp8_e4m3fn,artifacts/paper_figures/nvidia/GH200/kernel_metrics_long.csv.gz,high,
a5:matmul_fp32_fp16_fp8/fp8_e4m3fn:GH200:cutile:sass__inst_executed_per_opcode_with_modifier_all[STS*],a5,matmul_fp32_fp16_fp8/fp8_e4m3fn,GH200,cutile,sass__inst_executed_per_opcode_with_modifier_all[STS*],84148224,,dynamic_sass_count,sum over the profiled run() launches,GH200/cutile/matmul_fp32_fp16_fp8/fp8_e4m3fn,artifacts/paper_figures/nvidia/GH200/instruction_mix.csv,high,
a5:matmul_fp32_fp16_fp8/fp8_e4m3fn:GH200:cutile:sass__inst_executed_per_opcode[family=wgmma],a5,matmul_fp32_fp16_fp8/fp8_e4m3fn,GH200,cutile,sass__inst_executed_per_opcode[family=wgmma],5242880,,dynamic_sass_count,sum over the profiled run() launches,GH200/cutile/matmul_fp32_fp16_fp8/fp8_e4m3fn,artifacts/paper_figures/nvidia/GH200/instruction_mix.csv,high,
a5:matmul_fp32_fp16_fp8/fp8_e4m3fn:GH200:cutile:sass__inst_executed_per_opcode[family=tcgen05],a5,matmul_fp32_fp16_fp8/fp8_e4m3fn,GH200,cutile,sass__inst_executed_per_opcode[family=tcgen05],0,,dynamic_sass_count,sum over the profiled run() launches,GH200/cutile/matmul_fp32_fp16_fp8/fp8_e4m3fn,artifacts/paper_figures/nvidia/GH200/instruction_mix.csv,high,
a5:matmul_fp32_fp16_fp8/fp8_e4m3fn:GH200:cutile:sass__inst_executed_per_opcode[family=legacy_mma],a5,matmul_fp32_fp16_fp8/fp8_e4m3fn,GH200,cutile,sass__inst_executed_per_opcode[family=legacy_mma],0,,dynamic_sass_count,sum over the profiled run() launches,GH200/cutile/matmul_fp32_fp16_fp8/fp8_e4m3fn,artifacts/paper_figures/nvidia/GH200/instruction_mix.csv,high,
a5:matmul_fp32_fp16_fp8/fp8_e4m3fn:GH200:cutile:l1tex__m_xbar2l1tex_read_bytes_mem_global_op_tma_ld.sum,a5,matmul_fp32_fp16_fp8/fp8_e4m3fn,GH200,cutile,l1tex__m_xbar2l1tex_read_bytes_mem_global_op_tma_ld.sum,5368709120.0,byte,ncu_counter,sum over the profiled run() launches,GH200/cutile/matmul_fp32_fp16_fp8/fp8_e4m3fn,artifacts/paper_figures/nvidia/GH200/kernel_metrics_long.csv.gz,high,
a5:matmul_fp32_fp16_fp8/fp8_e4m3fn:GH200:tilelang:sass__inst_executed_per_opcode_with_modifier_all[STS*],a5,matmul_fp32_fp16_fp8/fp8_e4m3fn,GH200,tilelang,sass__inst_executed_per_opcode_with_modifier_all[STS*],0,,dynamic_sass_count,sum over the profiled run() launches,GH200/tilelang/matmul_fp32_fp16_fp8/fp8_e4m3fn,artifacts/paper_figures/nvidia/GH200/instruction_mix.csv,high,
a5:matmul_fp32_fp16_fp8/fp8_e4m3fn:GH200:tilelang:sass__inst_executed_per_opcode[family=wgmma],a5,matmul_fp32_fp16_fp8/fp8_e4m3fn,GH200,tilelang,sass__inst_executed_per_opcode[family=wgmma],0,,dynamic_sass_count,sum over the profiled run() launches,GH200/tilelang/matmul_fp32_fp16_fp8/fp8_e4m3fn,artifacts/paper_figures/nvidia/GH200/instruction_mix.csv,high,
a5:matmul_fp32_fp16_fp8/fp8_e4m3fn:GH200:tilelang:sass__inst_executed_per_opcode[family=tcgen05],a5,matmul_fp32_fp16_fp8/fp8_e4m3fn,GH200,tilelang,sass__inst_executed_per_opcode[family=tcgen05],0,,dynamic_sass_count,sum over the profiled run() launches,GH200/tilelang/matmul_fp32_fp16_fp8/fp8_e4m3fn,artifacts/paper_figures/nvidia/GH200/instruction_mix.csv,high,
a5:matmul_fp32_fp16_fp8/fp8_e4m3fn:GH200:tilelang:sass__inst_executed_per_opcode[family=legacy_mma],a5,matmul_fp32_fp16_fp8/fp8_e4m3fn,GH200,tilelang,sass__inst_executed_per_opcode[family=legacy_mma],167772160,,dynamic_sass_count,sum over the profiled run() launches,GH200/tilelang/matmul_fp32_fp16_fp8/fp8_e4m3fn,artifacts/paper_figures/nvidia/GH200/instruction_mix.csv,high,
a5:matmul_fp32_fp16_fp8/fp8_e4m3fn:GH200:tilelang:l1tex__m_xbar2l1tex_read_bytes_mem_global_op_tma_ld.sum,a5,matmul_fp32_fp16_fp8/fp8_e4m3fn,GH200,tilelang,l1tex__m_xbar2l1tex_read_bytes_mem_global_op_tma_ld.sum,0.0,byte,ncu_counter,sum over the profiled run() launches,GH200/tilelang/matmul_fp32_fp16_fp8/fp8_e4m3fn,artifacts/paper_figures/nvidia/GH200/kernel_metrics_long.csv.gz,high,
a5:flash_decode/fp32:GH200:triton:smsp__inst_executed.sum,a5,flash_decode/fp32,GH200,triton,smsp__inst_executed.sum,486592.0,warp inst,ncu_counter,sum over the profiled run() launches,GH200/triton/flash_decode/fp32,artifacts/paper_figures/nvidia/GH200/kernel_metrics_long.csv.gz,high,
a5:flash_decode/fp32:GH200:triton:launch__grid_size,a5,flash_decode/fp32,GH200,triton,launch__grid_size,16.0,CTAs,launch_config,longest launch,GH200/triton/flash_decode/fp32,artifacts/paper_figures/nvidia/GH200/kernel_metrics_long.csv.gz,high,
a5:flash_decode/fp32:GH200:cutile:smsp__inst_executed.sum,a5,flash_decode/fp32,GH200,cutile,smsp__inst_executed.sum,1921024.0,warp inst,ncu_counter,sum over the profiled run() launches,GH200/cutile/flash_decode/fp32,artifacts/paper_figures/nvidia/GH200/kernel_metrics_long.csv.gz,high,
a5:flash_decode/fp32:GH200:cutile:launch__grid_size,a5,flash_decode/fp32,GH200,cutile,launch__grid_size,16.0,CTAs,launch_config,longest launch,GH200/cutile/flash_decode/fp32,artifacts/paper_figures/nvidia/GH200/kernel_metrics_long.csv.gz,high,
a5:flash_decode/fp32:GH200:tilelang:smsp__inst_executed.sum,a5,flash_decode/fp32,GH200,tilelang,smsp__inst_executed.sum,201728.0,warp inst,ncu_counter,sum over the profiled run() launches,GH200/tilelang/flash_decode/fp32,artifacts/paper_figures/nvidia/GH200/kernel_metrics_long.csv.gz,high,
a5:flash_decode/fp32:GH200:tilelang:launch__grid_size,a5,flash_decode/fp32,GH200,tilelang,launch__grid_size,16.0,CTAs,launch_config,longest launch,GH200/tilelang/flash_decode/fp32,artifacts/paper_figures/nvidia/GH200/kernel_metrics_long.csv.gz,high,
a5:1d_conv/fp16:GH200:triton:l1tex__t_requests_pipe_lsu_mem_global_op_ld.sum,a5,1d_conv/fp16,GH200,triton,l1tex__t_requests_pipe_lsu_mem_global_op_ld.sum,94371840.0,requests,ncu_counter,sum over the profiled run() launches,GH200/triton/1d_conv/fp16,artifacts/paper_figures/nvidia/GH200/kernel_metrics_long.csv.gz,high,
a5:1d_conv/fp16:GH200:triton:l1tex__t_sectors_pipe_lsu_mem_global_op_ld.sum,a5,1d_conv/fp16,GH200,triton,l1tex__t_sectors_pipe_lsu_mem_global_op_ld.sum,209714944.0,sectors,ncu_counter,sum over the profiled run() launches,GH200/triton/1d_conv/fp16,artifacts/paper_figures/nvidia/GH200/kernel_metrics_long.csv.gz,high,
a5:1d_conv/fp16:GH200:triton:dram__bytes_read.sum,a5,1d_conv/fp16,GH200,triton,dram__bytes_read.sum,671354368.0,byte,ncu_counter,sum over the profiled run() launches,GH200/triton/1d_conv/fp16,artifacts/paper_figures/nvidia/GH200/kernel_metrics_long.csv.gz,high,
a5:1d_conv/fp16:GH200:triton:smsp__issue_active.avg.pct_of_peak_sustained_active,a5,1d_conv/fp16,GH200,triton,smsp__issue_active.avg.pct_of_peak_sustained_active,61.49849107771941,%,ncu_counter,longest launch,GH200/triton/1d_conv/fp16,artifacts/paper_figures/nvidia/GH200/kernel_metrics_long.csv.gz,high,
a5:1d_conv/fp16:GH200:triton:sm__warps_active.avg.pct_of_peak_sustained_active,a5,1d_conv/fp16,GH200,triton,sm__warps_active.avg.pct_of_peak_sustained_active,24.7878313032475,%,ncu_counter,longest launch,GH200/triton/1d_conv/fp16,artifacts/paper_figures/nvidia/GH200/kernel_metrics_long.csv.gz,high,
a5:1d_conv/fp16:GH200:triton:sm__maximum_warps_per_active_cycle_pct,a5,1d_conv/fp16,GH200,triton,sm__maximum_warps_per_active_cycle_pct,25.0,%,launch_config,longest launch,GH200/triton/1d_conv/fp16,artifacts/paper_figures/nvidia/GH200/kernel_metrics_long.csv.gz,high,
a5:1d_conv/fp16:GH200:cutile:l1tex__t_requests_pipe_lsu_mem_global_op_ld.sum,a5,1d_conv/fp16,GH200,cutile,l1tex__t_requests_pipe_lsu_mem_global_op_ld.sum,94371840.0,requests,ncu_counter,sum over the profiled run() launches,GH200/cutile/1d_conv/fp16,artifacts/paper_figures/nvidia/GH200/kernel_metrics_long.csv.gz,high,
a5:1d_conv/fp16:GH200:cutile:l1tex__t_sectors_pipe_lsu_mem_global_op_ld.sum,a5,1d_conv/fp16,GH200,cutile,l1tex__t_sectors_pipe_lsu_mem_global_op_ld.sum,209715072.0,sectors,ncu_counter,sum over the profiled run() launches,GH200/cutile/1d_conv/fp16,artifacts/paper_figures/nvidia/GH200/kernel_metrics_long.csv.gz,high,
a5:1d_conv/fp16:GH200:cutile:dram__bytes_read.sum,a5,1d_conv/fp16,GH200,cutile,dram__bytes_read.sum,671651328.0,byte,ncu_counter,sum over the profiled run() launches,GH200/cutile/1d_conv/fp16,artifacts/paper_figures/nvidia/GH200/kernel_metrics_long.csv.gz,high,
a5:1d_conv/fp16:GH200:cutile:smsp__issue_active.avg.pct_of_peak_sustained_active,a5,1d_conv/fp16,GH200,cutile,smsp__issue_active.avg.pct_of_peak_sustained_active,66.43300226093227,%,ncu_counter,longest launch,GH200/cutile/1d_conv/fp16,artifacts/paper_figures/nvidia/GH200/kernel_metrics_long.csv.gz,high,
a5:1d_conv/fp16:GH200:cutile:sm__warps_active.avg.pct_of_peak_sustained_active,a5,1d_conv/fp16,GH200,cutile,sm__warps_active.avg.pct_of_peak_sustained_active,24.843909376527705,%,ncu_counter,longest launch,GH200/cutile/1d_conv/fp16,artifacts/paper_figures/nvidia/GH200/kernel_metrics_long.csv.gz,high,
a5:1d_conv/fp16:GH200:cutile:sm__maximum_warps_per_active_cycle_pct,a5,1d_conv/fp16,GH200,cutile,sm__maximum_warps_per_active_cycle_pct,25.0,%,launch_config,longest launch,GH200/cutile/1d_conv/fp16,artifacts/paper_figures/nvidia/GH200/kernel_metrics_long.csv.gz,high,
a5:1d_conv/fp16:GH200:tilelang:l1tex__t_requests_pipe_lsu_mem_global_op_ld.sum,a5,1d_conv/fp16,GH200,tilelang,l1tex__t_requests_pipe_lsu_mem_global_op_ld.sum,188743680.0,requests,ncu_counter,sum over the profiled run() launches,GH200/tilelang/1d_conv/fp16,artifacts/paper_figures/nvidia/GH200/kernel_metrics_long.csv.gz,high,
a5:1d_conv/fp16:GH200:tilelang:l1tex__t_sectors_pipe_lsu_mem_global_op_ld.sum,a5,1d_conv/fp16,GH200,tilelang,l1tex__t_sectors_pipe_lsu_mem_global_op_ld.sum,2181037824.0,sectors,ncu_counter,sum over the profiled run() launches,GH200/tilelang/1d_conv/fp16,artifacts/paper_figures/nvidia/GH200/kernel_metrics_long.csv.gz,high,
a5:1d_conv/fp16:GH200:tilelang:dram__bytes_read.sum,a5,1d_conv/fp16,GH200,tilelang,dram__bytes_read.sum,672347904.0,byte,ncu_counter,sum over the profiled run() launches,GH200/tilelang/1d_conv/fp16,artifacts/paper_figures/nvidia/GH200/kernel_metrics_long.csv.gz,high,
a5:1d_conv/fp16:GH200:tilelang:smsp__issue_active.avg.pct_of_peak_sustained_active,a5,1d_conv/fp16,GH200,tilelang,smsp__issue_active.avg.pct_of_peak_sustained_active,22.402829379978858,%,ncu_counter,longest launch,GH200/tilelang/1d_conv/fp16,artifacts/paper_figures/nvidia/GH200/kernel_metrics_long.csv.gz,high,
a5:1d_conv/fp16:GH200:tilelang:sm__warps_active.avg.pct_of_peak_sustained_active,a5,1d_conv/fp16,GH200,tilelang,sm__warps_active.avg.pct_of_peak_sustained_active,18.71177962616911,%,ncu_counter,longest launch,GH200/tilelang/1d_conv/fp16,artifacts/paper_figures/nvidia/GH200/kernel_metrics_long.csv.gz,high,
a5:1d_conv/fp16:GH200:tilelang:sm__maximum_warps_per_active_cycle_pct,a5,1d_conv/fp16,GH200,tilelang,sm__maximum_warps_per_active_cycle_pct,18.75,%,launch_config,longest launch,GH200/tilelang/1d_conv/fp16,artifacts/paper_figures/nvidia/GH200/kernel_metrics_long.csv.gz,high,
rq2:matmul_fp32_fp16_fp8/fp32:MI300X:triton:2.1.10 | MFMA Utilization | Avg,rq2,matmul_fp32_fp16_fp8/fp32,MI300X,triton,2.1.10 | MFMA Utilization | Avg,4.5065853269374685,Percent,rocprof_compute_derived_metric,kernel aggregate over 1 dispatch(es); rocprof-compute normalization per_kernel; table 'System Speed-of-Light',MI300X.triton.matmul_fp32_fp16_fp8.fp32.rocprof_compute,artifacts/paper_figures/amd/MI300X/kernel_metrics_long.csv.gz,high,
rq2:1d_conv/fp16:MI300X:triton:SQ_INSTS_VALU_INT32,rq2,1d_conv/fp16,MI300X,triton,SQ_INSTS_VALU_INT32,423362400.0,raw counter value,raw_pmc_counter,one dispatch; counters without [n] are device-wide totals (suffix _sum = summed over instances by rocprofiler),MI300X.triton.1d_conv.fp16.rocprof_compute,artifacts/paper_figures/amd/MI300X/kernel_metrics_long.csv.gz,high,
rq2:1d_conv/fp16:MI300X:triton:SQ_INSTS_VALU,rq2,1d_conv/fp16,MI300X,triton,SQ_INSTS_VALU,645529600.0,raw counter value,raw_pmc_counter,one dispatch; counters without [n] are device-wide totals (suffix _sum = summed over instances by rocprofiler),MI300X.triton.1d_conv.fp16.rocprof_compute,artifacts/paper_figures/amd/MI300X/kernel_metrics_long.csv.gz,high,
rq2:destindex/int8:MI300X:triton:2.1.15 | Wavefront Occupancy | Avg,rq2,destindex/int8,MI300X,triton,2.1.15 | Wavefront Occupancy | Avg,6116.385237814463,Wavefronts,rocprof_compute_derived_metric,kernel aggregate over 2 dispatch(es); rocprof-compute normalization per_kernel; table 'System Speed-of-Light',MI300X.triton.destindex.int8.rocprof_compute,artifacts/paper_figures/amd/MI300X/kernel_metrics_long.csv.gz,high,
a5:matmul_fp32_fp16_fp8/fp32:MI300X:triton:2.1.10 | MFMA Utilization | Avg,a5,matmul_fp32_fp16_fp8/fp32,MI300X,triton,2.1.10 | MFMA Utilization | Avg,4.5065853269374685,Percent,rocprof_compute_derived_metric,kernel aggregate over 1 dispatch(es); rocprof-compute normalization per_kernel; table 'System Speed-of-Light',MI300X.triton.matmul_fp32_fp16_fp8.fp32.rocprof_compute,artifacts/paper_figures/amd/MI300X/kernel_metrics_long.csv.gz,high,
a5:1d_conv/fp16:MI300X:triton:SQ_INSTS_VALU_INT32,a5,1d_conv/fp16,MI300X,triton,SQ_INSTS_VALU_INT32,423362400.0,raw counter value,raw_pmc_counter,one dispatch; counters without [n] are device-wide totals (suffix _sum = summed over instances by rocprofiler),MI300X.triton.1d_conv.fp16.rocprof_compute,artifacts/paper_figures/amd/MI300X/kernel_metrics_long.csv.gz,high,
a5:1d_conv/fp16:MI300X:triton:SQ_INSTS_VALU,a5,1d_conv/fp16,MI300X,triton,SQ_INSTS_VALU,645529600.0,raw counter value,raw_pmc_counter,one dispatch; counters without [n] are device-wide totals (suffix _sum = summed over instances by rocprofiler),MI300X.triton.1d_conv.fp16.rocprof_compute,artifacts/paper_figures/amd/MI300X/kernel_metrics_long.csv.gz,high,
a5:destindex/int8:MI300X:triton:2.1.15 | Wavefront Occupancy | Avg,a5,destindex/int8,MI300X,triton,2.1.15 | Wavefront Occupancy | Avg,6116.385237814463,Wavefronts,rocprof_compute_derived_metric,kernel aggregate over 2 dispatch(es); rocprof-compute normalization per_kernel; table 'System Speed-of-Light',MI300X.triton.destindex.int8.rocprof_compute,artifacts/paper_figures/amd/MI300X/kernel_metrics_long.csv.gz,high,
supporting:block_sparse_attention/fp16:MI300X:triton:2.1.10 | MFMA Utilization | Avg,supporting,block_sparse_attention/fp16,MI300X,triton,2.1.10 | MFMA Utilization | Avg,2.5303311650978406,Percent,rocprof_compute_derived_metric,kernel aggregate over 1 dispatch(es); rocprof-compute normalization per_kernel; table 'System Speed-of-Light',MI300X.triton.block_sparse_attention.fp16.rocprof_compute,artifacts/paper_figures/amd/MI300X/kernel_metrics_long.csv.gz,high,
supporting:block_sparse_attention/fp16:MI300X:triton:7.1.9 | Scratch Allocation | Avg,supporting,block_sparse_attention/fp16,MI300X,triton,7.1.9 | Scratch Allocation | Avg,20.0,Bytes per work-item,rocprof_compute_derived_metric,kernel aggregate over 1 dispatch(es); rocprof-compute normalization per_kernel; table 'Wavefront',MI300X.triton.block_sparse_attention.fp16.rocprof_compute,artifacts/paper_figures/amd/MI300X/kernel_metrics_long.csv.gz,high,
supporting:block_sparse_attention/fp16:MI300X:triton:dispatch.Arch_VGPR,supporting,block_sparse_attention/fp16,MI300X,triton,dispatch.Arch_VGPR,128,registers (allocation granule),dispatch_record,one dispatch (identical across counter passes; checked),MI300X.triton.block_sparse_attention.fp16.rocprof_compute,artifacts/paper_figures/amd/MI300X/kernel_metrics_long.csv.gz,high,
a5:vector_add/fp32:MI300X:triton:17.1.5 | HBM Bandwidth | Avg,a5,vector_add/fp32,MI300X,triton,17.1.5 | HBM Bandwidth | Avg,5324.8,Gb/s,rocprof_compute_derived_metric,kernel aggregate over 1 dispatch(es); rocprof-compute normalization per_kernel; table 'L2 Cache',MI300X.triton.vector_add.fp32.rocprof_compute,artifacts/paper_figures/amd/MI300X/kernel_metrics_long.csv.gz,high,
rq2:matmul_fp32_fp16_fp8/fp32:MI300X:triton:execution_paths.access_path[matmul_kernel],rq2,matmul_fp32_fp16_fp8/fp32,MI300X,triton,execution_paths.access_path[matmul_kernel],"TensorDescriptor in source (descriptor args: a_desc,b_desc,c_desc); dumped TTIR has 0 descriptor ops and 2 tt.load -> lowered to pointer/buffer loads on gfx942 (no TMA); static loads: global_load_dword x96 {'scalar(<=32b)': 96}; stores: global_store_dword x64 {'scalar(<=32b)': 64}; loads with nt modifier: 0/96",text,static_isa+source,kernel binary,MI300X.triton.matmul_fp32_fp16_fp8.fp32.rocprof_compute,artifacts/paper_figures/amd/MI300X/execution_paths.csv,high,
rq2:matmul_fp32_fp16_fp8/fp32:MI300X:triton:execution_paths.resource_summary[matmul_kernel],rq2,matmul_fp32_fp16_fp8/fp32,MI300X,triton,execution_paths.resource_summary[matmul_kernel],grid [1024] = 1024 WGs (3.37 per CU of 304); WG 256 threads = 4 waves; VGPR 212 AGPR 64 SGPR 98; LDS 65536 B; scratch 0 B; compiler occupancy 1 waves/SIMD; launches 1,text,launch_record+static_isa,kernel launch,MI300X.triton.matmul_fp32_fp16_fp8.fp32.rocprof_compute,artifacts/paper_figures/amd/MI300X/execution_paths.csv,high,
supporting:block_sparse_attention/fp16:MI300X:triton:execution_paths.access_path[block_sparse_attention_kernel],supporting,block_sparse_attention/fp16,MI300X,triton,execution_paths.access_path[block_sparse_attention_kernel],"TensorDescriptor in source (descriptor args: k_desc,out_desc,q_desc,v_desc); dumped TTIR has 0 descriptor ops and 9 tt.load -> lowered to pointer/buffer loads on gfx942 (no TMA); static loads: global_load_ushort x160, global_load_dword x4 {'scalar(<=32b)': 164}; stores: global_store_short x16, global_store_short_d16_hi x16 {'scalar(<=32b)': 32}; loads with nt modifier: 0/164",text,static_isa+source,kernel binary,MI300X.triton.block_sparse_attention.fp16.rocprof_compute,artifacts/paper_figures/amd/MI300X/execution_paths.csv,high,
supporting:block_sparse_attention/fp16:MI300X:triton:execution_paths.resource_summary[block_sparse_attention_kernel],supporting,block_sparse_attention/fp16,MI300X,triton,execution_paths.resource_summary[block_sparse_attention_kernel],"grid [160, 16] = 2560 WGs (8.42 per CU of 304); WG 256 threads = 4 waves; VGPR 256 AGPR 256 SGPR 106; LDS 8192 B; scratch 20 B; compiler occupancy 1 waves/SIMD; launches 1",text,launch_record+static_isa,kernel launch,MI300X.triton.block_sparse_attention.fp16.rocprof_compute,artifacts/paper_figures/amd/MI300X/execution_paths.csv,high,
rq2:destindex/int8:MI300X:triton:execution_paths.access_path[copy_by_dest_kernel#0],rq2,destindex/int8,MI300X,triton,execution_paths.access_path[copy_by_dest_kernel#0],"pointer loads (tl.load) in source; static loads: buffer_load_dword x1, buffer_load_dwordx2 x1 {'scalar(<=32b)': 1, 'vector(>=64b)': 1}; stores: buffer_store_byte x4 {'scalar(<=32b)': 4}; loads with nt modifier: 0/2",text,static_isa+source,kernel binary,MI300X.triton.destindex.int8.rocprof_compute,artifacts/paper_figures/amd/MI300X/execution_paths.csv,high,
rq2:destindex/int8:MI300X:triton:execution_paths.resource_summary[copy_by_dest_kernel#0],rq2,destindex/int8,MI300X,triton,execution_paths.resource_summary[copy_by_dest_kernel#0],grid [61440] = 61440 WGs (202 per CU of 304); WG 256 threads = 4 waves; VGPR 12 AGPR 0 SGPR 26; LDS 0 B; scratch 0 B; compiler occupancy 8 waves/SIMD; launches 1,text,launch_record+static_isa,kernel launch,MI300X.triton.destindex.int8.rocprof_compute,artifacts/paper_figures/amd/MI300X/execution_paths.csv,high,
rq2:destindex/int8:MI300X:triton:execution_paths.access_path[copy_by_dest_kernel#1],rq2,destindex/int8,MI300X,triton,execution_paths.access_path[copy_by_dest_kernel#1],"pointer loads (tl.load) in source; static loads: buffer_load_dword x1, buffer_load_dwordx2 x1 {'scalar(<=32b)': 1, 'vector(>=64b)': 1}; stores: buffer_store_byte x4 {'scalar(<=32b)': 4}; loads with nt modifier: 0/2",text,static_isa+source,kernel binary,MI300X.triton.destindex.int8.rocprof_compute,artifacts/paper_figures/amd/MI300X/execution_paths.csv,high,
rq2:destindex/int8:MI300X:triton:execution_paths.resource_summary[copy_by_dest_kernel#1],rq2,destindex/int8,MI300X,triton,execution_paths.resource_summary[copy_by_dest_kernel#1],grid [2560] = 2560 WGs (8.42 per CU of 304); WG 256 threads = 4 waves; VGPR 11 AGPR 0 SGPR 22; LDS 0 B; scratch 0 B; compiler occupancy 8 waves/SIMD; launches 1,text,launch_record+static_isa,kernel launch,MI300X.triton.destindex.int8.rocprof_compute,artifacts/paper_figures/amd/MI300X/execution_paths.csv,high,
supporting:flash_decode/fp32:MI300X:triton:execution_paths.access_path[fwd_kernel_flash_decode_stage2],supporting,flash_decode/fp32,MI300X,triton,execution_paths.access_path[fwd_kernel_flash_decode_stage2],pointer loads (tl.load) in source; static loads: buffer_load_dword x1 {'scalar(<=32b)': 1}; stores: buffer_store_dword x1 {'scalar(<=32b)': 1}; loads with nt modifier: 0/1,text,static_isa+source,kernel binary,MI300X.triton.flash_decode.fp32.rocprof_compute,artifacts/paper_figures/amd/MI300X/execution_paths.csv,high,
supporting:flash_decode/fp32:MI300X:triton:execution_paths.resource_summary[fwd_kernel_flash_decode_stage2],supporting,flash_decode/fp32,MI300X,triton,execution_paths.resource_summary[fwd_kernel_flash_decode_stage2],"grid [2, 8] = 16 WGs (0.0526 per CU of 304); WG 128 threads = 2 waves; VGPR 12 AGPR 0 SGPR 32; LDS 0 B; scratch 0 B; compiler occupancy 8 waves/SIMD; launches 1",text,launch_record+static_isa,kernel launch,MI300X.triton.flash_decode.fp32.rocprof_compute,artifacts/paper_figures/amd/MI300X/execution_paths.csv,high,
rq2:1d_conv/fp16:MI300X:triton:execution_paths.access_path[conv1d_kernel],rq2,1d_conv/fp16,MI300X,triton,execution_paths.access_path[conv1d_kernel],pointer loads (tl.load) in source; static loads: buffer_load_ushort x8 {'scalar(<=32b)': 8}; stores: buffer_store_short x32 {'scalar(<=32b)': 32}; loads with nt modifier: 0/8,text,static_isa+source,kernel binary,MI300X.triton.1d_conv.fp16.rocprof_compute,artifacts/paper_figures/amd/MI300X/execution_paths.csv,high,
rq2:1d_conv/fp16:MI300X:triton:execution_paths.resource_summary[conv1d_kernel],rq2,1d_conv/fp16,MI300X,triton,execution_paths.resource_summary[conv1d_kernel],"grid [20480, 1, 1] = 20480 WGs (67.4 per CU of 304); WG 512 threads = 8 waves; VGPR 67 AGPR 0 SGPR 64; LDS 4096 B; scratch 0 B; compiler occupancy 7 waves/SIMD; launches 1",text,launch_record+static_isa,kernel launch,MI300X.triton.1d_conv.fp16.rocprof_compute,artifacts/paper_figures/amd/MI300X/execution_paths.csv,high,
supporting:vector_add/fp32:MI300X:triton:execution_paths.access_path[add_kernel],supporting,vector_add/fp32,MI300X,triton,execution_paths.access_path[add_kernel],pointer loads (tl.load) in source; static loads: buffer_load_dword x2 {'scalar(<=32b)': 2}; stores: buffer_store_dword x1 {'scalar(<=32b)': 1}; loads with nt modifier: 0/2,text,static_isa+source,kernel binary,MI300X.triton.vector_add.fp32.rocprof_compute,artifacts/paper_figures/amd/MI300X/execution_paths.csv,high,
supporting:vector_add/fp32:MI300X:triton:execution_paths.resource_summary[add_kernel],supporting,vector_add/fp32,MI300X,triton,execution_paths.resource_summary[add_kernel],grid [40960] = 40960 WGs (135 per CU of 304); WG 512 threads = 8 waves; VGPR 3 AGPR 0 SGPR 22; LDS 0 B; scratch 0 B; compiler occupancy 8 waves/SIMD; launches 1,text,launch_record+static_isa,kernel launch,MI300X.triton.vector_add.fp32.rocprof_compute,artifacts/paper_figures/amd/MI300X/execution_paths.csv,high,
rq2:1d_conv/fp16:MI300X:pytorch:kernel_trace.kernels,rq2,1d_conv/fp16,MI300X,pytorch,kernel_trace.kernels,0:other=SubTensorOpWithScalar1d;1:other=batched_transpose_32x32_half;2:other=batched_transpose_4x64_half;3:MIOpen=igemm_fwd_gtcx3_nhwc_fp16_bx0_ex1_bt128x128x32_wt32x32x8_ws1;4:other=batched_transpose_32x32_half,text,kernel_trace,PyTorch reference run(),MI300X.torch.1d_conv.fp16.kernel_trace,artifacts/paper_figures/amd/MI300X/execution_paths.csv,medium,
rq2:destindex/int8:MI300X:pytorch:kernel_trace.kernels,rq2,destindex/int8,MI300X,pytorch,kernel_trace.kernels,"0:ATen elementwise (unrolled)=void at::native::index_elementwise_kernel<128, 4, at::native;1:ATen elementwise (unrolled)=void at::native::index_elementwise_kernel<128, 4, at::native",text,kernel_trace,PyTorch reference run(),MI300X.torch.destindex.int8.kernel_trace,artifacts/paper_figures/amd/MI300X/execution_paths.csv,medium,
rq2:matmul_fp32_fp16_fp8/fp32:MI300X:pytorch:kernel_trace.kernels,rq2,matmul_fp32_fp16_fp8/fp32,MI300X,pytorch,kernel_trace.kernels,0:hipBLASLt/Tensile GEMM (Cijk)=Cijk_Ailk_Bljk_S_MX_B_Bias_HA_S_SAV_UserArgs_MT224x256x32_MI,text,kernel_trace,PyTorch reference run(),MI300X.torch.matmul_fp32_fp16_fp8.fp32.kernel_trace,artifacts/paper_figures/amd/MI300X/execution_paths.csv,medium,
a5:matmul_fp32_fp16_fp8/fp16:MI300X:pytorch:diagnostic:gemm_desc_vs_ptr_fp16:torch.matmul (hipBLASLt),a5,matmul_fp32_fp16_fp8/fp16,MI300X,pytorch,diagnostic:gemm_desc_vs_ptr_fp16:torch.matmul (hipBLASLt),2.0113828000000002,ms,diagnostic_experiment,"DIAGNOSTIC, not formal: tilebench.core.timer.report_benchmark(warmup=2, repeat=10, flush_l2=True -> 512 MiB write flush before each iteration, outside the timed scope), eager, mean of repeats; the for",,artifacts/paper_figures/amd/MI300X/diagnostic_experiments.csv,medium,"changed_factor=reference; other_changes=M,N,K=[4096, 4096, 20480]; notes="
"a5:matmul_fp32_fp16_fp8/fp16:MI300X:triton:diagnostic:gemm_desc_vs_ptr_fp16:TileBench matmul_kernel (TensorDescriptor), formal winner",a5,matmul_fp32_fp16_fp8/fp16,MI300X,triton,"diagnostic:gemm_desc_vs_ptr_fp16:TileBench matmul_kernel (TensorDescriptor), formal winner",15.222145099999999,ms,diagnostic_experiment,"DIAGNOSTIC, not formal: tilebench.core.timer.report_benchmark(warmup=2, repeat=10, flush_l2=True -> 512 MiB write flush before each iteration, outside the timed scope), eager, mean of repeats; the for",,artifacts/paper_figures/amd/MI300X/diagnostic_experiments.csv,medium,"changed_factor=none (formal implementation and winner config); other_changes=M,N,K=[4096, 4096, 20480]; winner {""BLOCK_SIZE_K"":64,""BLOCK_SIZE_M"":256,""BLOCK_SIZE_N"":256,""GROUP_SIZE_M"":8,""num_stages"":3,""num_warps"":8}; notes="
"a5:matmul_fp32_fp16_fp8/fp16:MI300X:triton:diagnostic:gemm_desc_vs_ptr_fp16:pointer-load kernel, same tile/grouping as winner",a5,matmul_fp32_fp16_fp8/fp16,MI300X,triton,"diagnostic:gemm_desc_vs_ptr_fp16:pointer-load kernel, same tile/grouping as winner",2.2768222999999996,ms,diagnostic_experiment,"DIAGNOSTIC, not formal: tilebench.core.timer.report_benchmark(warmup=2, repeat=10, flush_l2=True -> 512 MiB write flush before each iteration, outside the timed scope), eager, mean of repeats; the for",,artifacts/paper_figures/amd/MI300X/diagnostic_experiments.csv,medium,"changed_factor=operand load API: TensorDescriptor.load -> tl.load on pointers; other_changes=num_stages 3 -> 2 (pointer kernel at winner stages failed: out of resource: shared memory, Required: 131072, Hardware limit: 65536. Reducing block si); C written with masked tl.store instead of descriptor store; explicit bounds masks on loads; B read from a [N,K] contiguous copy made once outside timing (the descriptor path also reads a cached [N,K] copy); config {""BLOCK_SIZE_K"":64,""BLOCK_SIZE_M"":256,""BLOCK_SIZE_N"":256,""GROUP_SIZE_M"":8,""num_stages"":2,""num_warps"":8}; static ISA {""agpr"":0,""load_widths"":{""dwordx4"":16},""mfma"":128,""occupancy"":2,""shared"":65536,""vgpr"":205}; notes=NOT a pure one-factor comparison when num_stages also changed"
"a5:matmul_fp32_fp16_fp8/fp16:MI300X:triton:diagnostic:gemm_desc_vs_ptr_fp16:pointer-load kernel, best of the formal 22-config autotune space",a5,matmul_fp32_fp16_fp8/fp16,MI300X,triton,"diagnostic:gemm_desc_vs_ptr_fp16:pointer-load kernel, best of the formal 22-config autotune space",2.6433757,ms,diagnostic_experiment,"DIAGNOSTIC, not formal: tilebench.core.timer.report_benchmark(warmup=2, repeat=10, flush_l2=True -> 512 MiB write flush before each iteration, outside the timed scope), eager, mean of repeats; the for",,artifacts/paper_figures/amd/MI300X/diagnostic_experiments.csv,medium,"changed_factor=operand load API + config search; other_changes=best config {""BLOCK_SIZE_K"":32,""BLOCK_SIZE_M"":128,""BLOCK_SIZE_N"":128,""GROUP_SIZE_M"":8,""num_stages"":3,""num_warps"":4}; 14 of the configs failed to compile/launch (listed below); notes="
a5:matmul_fp32_fp16_fp8/fp32:MI300X:pytorch:diagnostic:gemm_desc_vs_ptr_fp32:torch.matmul (hipBLASLt),a5,matmul_fp32_fp16_fp8/fp32,MI300X,pytorch,diagnostic:gemm_desc_vs_ptr_fp32:torch.matmul (hipBLASLt),5.8539615,ms,diagnostic_experiment,"DIAGNOSTIC, not formal: tilebench.core.timer.report_benchmark(warmup=2, repeat=10, flush_l2=True -> 512 MiB write flush before each iteration, outside the timed scope), eager, mean of repeats; the for",,artifacts/paper_figures/amd/MI300X/diagnostic_experiments.csv,medium,"changed_factor=reference; other_changes=M,N,K=[4096, 4096, 20480]; notes="
"a5:matmul_fp32_fp16_fp8/fp32:MI300X:triton:diagnostic:gemm_desc_vs_ptr_fp32:TileBench matmul_kernel (TensorDescriptor), formal winner",a5,matmul_fp32_fp16_fp8/fp32,MI300X,triton,"diagnostic:gemm_desc_vs_ptr_fp32:TileBench matmul_kernel (TensorDescriptor), formal winner",25.056051,ms,diagnostic_experiment,"DIAGNOSTIC, not formal: tilebench.core.timer.report_benchmark(warmup=2, repeat=10, flush_l2=True -> 512 MiB write flush before each iteration, outside the timed scope), eager, mean of repeats; the for",,artifacts/paper_figures/amd/MI300X/diagnostic_experiments.csv,medium,"changed_factor=none (formal implementation and winner config); other_changes=M,N,K=[4096, 4096, 20480]; winner {""BLOCK_SIZE_K"":32,""BLOCK_SIZE_M"":128,""BLOCK_SIZE_N"":128,""GROUP_SIZE_M"":8,""num_stages"":3,""num_warps"":4}; notes="
"a5:matmul_fp32_fp16_fp8/fp32:MI300X:triton:diagnostic:gemm_desc_vs_ptr_fp32:pointer-load kernel, same tile/grouping as winner",a5,matmul_fp32_fp16_fp8/fp32,MI300X,triton,"diagnostic:gemm_desc_vs_ptr_fp32:pointer-load kernel, same tile/grouping as winner",7.487884,ms,diagnostic_experiment,"DIAGNOSTIC, not formal: tilebench.core.timer.report_benchmark(warmup=2, repeat=10, flush_l2=True -> 512 MiB write flush before each iteration, outside the timed scope), eager, mean of repeats; the for",,artifacts/paper_figures/amd/MI300X/diagnostic_experiments.csv,medium,"changed_factor=operand load API: TensorDescriptor.load -> tl.load on pointers; other_changes=C written with masked tl.store instead of descriptor store; explicit bounds masks on loads; B read from a [N,K] contiguous copy made once outside timing (the descriptor path also reads a cached [N,K] copy); config {""BLOCK_SIZE_K"":32,""BLOCK_SIZE_M"":128,""BLOCK_SIZE_N"":128,""GROUP_SIZE_M"":8,""num_stages"":3,""num_warps"":4}; static ISA {""agpr"":64,""load_widths"":{""dwordx4"":24},""mfma"":96,""occupancy"":2,""shared"":65536,""vgpr"":124}; notes=NOT a pure one-factor comparison when num_stages also changed"
"a5:matmul_fp32_fp16_fp8/fp32:MI300X:triton:diagnostic:gemm_desc_vs_ptr_fp32:pointer-load kernel, best of the formal 22-config autotune space",a5,matmul_fp32_fp16_fp8/fp32,MI300X,triton,"diagnostic:gemm_desc_vs_ptr_fp32:pointer-load kernel, best of the formal 22-config autotune space",7.5089951,ms,diagnostic_experiment,"DIAGNOSTIC, not formal: tilebench.core.timer.report_benchmark(warmup=2, repeat=10, flush_l2=True -> 512 MiB write flush before each iteration, outside the timed scope), eager, mean of repeats; the for",,artifacts/paper_figures/amd/MI300X/diagnostic_experiments.csv,medium,"changed_factor=operand load API + config search; other_changes=best config {""BLOCK_SIZE_K"":32,""BLOCK_SIZE_M"":128,""BLOCK_SIZE_N"":128,""GROUP_SIZE_M"":8,""num_stages"":3,""num_warps"":4}; 18 of the configs failed to compile/launch (listed below); notes="
a5:vector_add/fp32:MI300X:pytorch:diagnostic:cache_modifier_ablation_fp32:torch.add,a5,vector_add/fp32,MI300X,pytorch,diagnostic:cache_modifier_ablation_fp32:torch.add,0.0602091,ms,diagnostic_experiment,"DIAGNOSTIC, not formal: tilebench.core.timer.report_benchmark(warmup=2, repeat=10, flush_l2=True -> 512 MiB write flush before each iteration, outside the timed scope), eager, mean of repeats; the for",,artifacts/paper_figures/amd/MI300X/diagnostic_experiments.csv,medium,changed_factor=reference; other_changes=n=20971520; notes=
a5:vector_add/fp32:MI300X:triton:diagnostic:cache_modifier_ablation_fp32:load(default)_store(default),a5,vector_add/fp32,MI300X,triton,diagnostic:cache_modifier_ablation_fp32:load(default)_store(default),0.1317718,ms,diagnostic_experiment,"DIAGNOSTIC, not formal: tilebench.core.timer.report_benchmark(warmup=2, repeat=10, flush_l2=True -> 512 MiB write flush before each iteration, outside the timed scope), eager, mean of repeats; the for",,artifacts/paper_figures/amd/MI300X/diagnostic_experiments.csv,medium,"changed_factor=Triton cache_modifier on loads and/or store; other_changes=BLOCK=2048, num_warps=4 (fixed); standalone kernel; emitted VMEM: buffer_load_dwordx4 ...en | buffer_store_dwordx4 ...en; notes="
a5:vector_add/fp32:MI300X:triton:diagnostic:cache_modifier_ablation_fp32:load.cg_store(default),a5,vector_add/fp32,MI300X,triton,diagnostic:cache_modifier_ablation_fp32:load.cg_store(default),0.060345300000000004,ms,diagnostic_experiment,"DIAGNOSTIC, not formal: tilebench.core.timer.report_benchmark(warmup=2, repeat=10, flush_l2=True -> 512 MiB write flush before each iteration, outside the timed scope), eager, mean of repeats; the for",,artifacts/paper_figures/amd/MI300X/diagnostic_experiments.csv,medium,"changed_factor=Triton cache_modifier on loads and/or store; other_changes=BLOCK=2048, num_warps=4 (fixed); standalone kernel; emitted VMEM: buffer_load_dwordx4 ...en sc0 nt | buffer_store_dwordx4 ...en; notes="
a5:vector_add/fp32:MI300X:triton:diagnostic:cache_modifier_ablation_fp32:load(default)_store.cs,a5,vector_add/fp32,MI300X,triton,diagnostic:cache_modifier_ablation_fp32:load(default)_store.cs,0.0979389,ms,diagnostic_experiment,"DIAGNOSTIC, not formal: tilebench.core.timer.report_benchmark(warmup=2, repeat=10, flush_l2=True -> 512 MiB write flush before each iteration, outside the timed scope), eager, mean of repeats; the for",,artifacts/paper_figures/amd/MI300X/diagnostic_experiments.csv,medium,"changed_factor=Triton cache_modifier on loads and/or store; other_changes=BLOCK=2048, num_warps=4 (fixed); standalone kernel; emitted VMEM: buffer_load_dwordx4 ...en | buffer_store_dwordx4 ...en sc0 nt; notes="
a5:vector_add/fp32:MI300X:triton:diagnostic:cache_modifier_ablation_fp32:load.cg_store.cs,a5,vector_add/fp32,MI300X,triton,diagnostic:cache_modifier_ablation_fp32:load.cg_store.cs,0.0564645,ms,diagnostic_experiment,"DIAGNOSTIC, not formal: tilebench.core.timer.report_benchmark(warmup=2, repeat=10, flush_l2=True -> 512 MiB write flush before each iteration, outside the timed scope), eager, mean of repeats; the for",,artifacts/paper_figures/amd/MI300X/diagnostic_experiments.csv,medium,"changed_factor=Triton cache_modifier on loads and/or store; other_changes=BLOCK=2048, num_warps=4 (fixed); standalone kernel; emitted VMEM: buffer_load_dwordx4 ...en sc0 nt | buffer_store_dwordx4 ...en sc0 nt; notes="
a5:vector_add/fp32:MI300X:triton:diagnostic:cache_modifier_ablation_fp32:load(default)_store.wt,a5,vector_add/fp32,MI300X,triton,diagnostic:cache_modifier_ablation_fp32:load(default)_store.wt,0.09853619999999999,ms,diagnostic_experiment,"DIAGNOSTIC, not formal: tilebench.core.timer.report_benchmark(warmup=2, repeat=10, flush_l2=True -> 512 MiB write flush before each iteration, outside the timed scope), eager, mean of repeats; the for",,artifacts/paper_figures/amd/MI300X/diagnostic_experiments.csv,medium,"changed_factor=Triton cache_modifier on loads and/or store; other_changes=BLOCK=2048, num_warps=4 (fixed); standalone kernel; emitted VMEM: buffer_load_dwordx4 ...en | buffer_store_dwordx4 ...en sc0 sc1; notes="
a5:vector_add/fp32:MI300X:triton:diagnostic:cache_modifier_ablation_fp32:load(default)_store.cg,a5,vector_add/fp32,MI300X,triton,diagnostic:cache_modifier_ablation_fp32:load(default)_store.cg,0.09885680000000001,ms,diagnostic_experiment,"DIAGNOSTIC, not formal: tilebench.core.timer.report_benchmark(warmup=2, repeat=10, flush_l2=True -> 512 MiB write flush before each iteration, outside the timed scope), eager, mean of repeats; the for",,artifacts/paper_figures/amd/MI300X/diagnostic_experiments.csv,medium,"changed_factor=Triton cache_modifier on loads and/or store; other_changes=BLOCK=2048, num_warps=4 (fixed); standalone kernel; emitted VMEM: buffer_load_dwordx4 ...en | buffer_store_dwordx4 ...en; notes=emitted ISA identical to the default variant: the modifier had no effect on gfx942 codegen"
a5:vector_add/fp32:MI300X:triton:diagnostic:cache_modifier_ablation_fp32:load.ca_store.cs,a5,vector_add/fp32,MI300X,triton,diagnostic:cache_modifier_ablation_fp32:load.ca_store.cs,0.09761410000000001,ms,diagnostic_experiment,"DIAGNOSTIC, not formal: tilebench.core.timer.report_benchmark(warmup=2, repeat=10, flush_l2=True -> 512 MiB write flush before each iteration, outside the timed scope), eager, mean of repeats; the for",,artifacts/paper_figures/amd/MI300X/diagnostic_experiments.csv,medium,"changed_factor=Triton cache_modifier on loads and/or store; other_changes=BLOCK=2048, num_warps=4 (fixed); standalone kernel; emitted VMEM: buffer_load_dwordx4 ...en | buffer_store_dwordx4 ...en sc0 nt; notes="
a5:vector_add/fp32:MI300X:pytorch:diagnostic:flush_protocol_variants_fp32:torch.add | write_flush_512MiB(formal),a5,vector_add/fp32,MI300X,pytorch,diagnostic:flush_protocol_variants_fp32:torch.add | write_flush_512MiB(formal),0.0612593,ms,diagnostic_experiment,"DIAGNOSTIC, not formal: tilebench.core.timer.report_benchmark(warmup=2, repeat=10, flush variant as listed before each iteration, outside the timed scope), eager, mean of repeats; the formal MI300X CS",,artifacts/paper_figures/amd/MI300X/diagnostic_experiments.csv,medium,"changed_factor=pre-iteration cache flush: 512 MiB write (fill) flush - the formal protocol; other_changes=PyTorch reference; whole block repeated twice, second kept; notes="
a5:vector_add/fp32:MI300X:triton:diagnostic:flush_protocol_variants_fp32:triton_default | write_flush_512MiB(formal),a5,vector_add/fp32,MI300X,triton,diagnostic:flush_protocol_variants_fp32:triton_default | write_flush_512MiB(formal),0.098897,ms,diagnostic_experiment,"DIAGNOSTIC, not formal: tilebench.core.timer.report_benchmark(warmup=2, repeat=10, flush variant as listed before each iteration, outside the timed scope), eager, mean of repeats; the formal MI300X CS",,artifacts/paper_figures/amd/MI300X/diagnostic_experiments.csv,medium,"changed_factor=pre-iteration cache flush: 512 MiB write (fill) flush - the formal protocol; other_changes=Triton BLOCK=2048 nw=4, default cache policy; whole block repeated twice, second kept; notes="
a5:vector_add/fp32:MI300X:triton:diagnostic:flush_protocol_variants_fp32:triton_load_cg | write_flush_512MiB(formal),a5,vector_add/fp32,MI300X,triton,diagnostic:flush_protocol_variants_fp32:triton_load_cg | write_flush_512MiB(formal),0.0593228,ms,diagnostic_experiment,"DIAGNOSTIC, not formal: tilebench.core.timer.report_benchmark(warmup=2, repeat=10, flush variant as listed before each iteration, outside the timed scope), eager, mean of repeats; the formal MI300X CS",,artifacts/paper_figures/amd/MI300X/diagnostic_experiments.csv,medium,"changed_factor=pre-iteration cache flush: 512 MiB write (fill) flush - the formal protocol; other_changes=Triton BLOCK=2048 nw=4, loads .cg; whole block repeated twice, second kept; notes="
a5:vector_add/fp32:MI300X:pytorch:diagnostic:flush_protocol_variants_fp32:torch.add | read_flush_512MiB,a5,vector_add/fp32,MI300X,pytorch,diagnostic:flush_protocol_variants_fp32:torch.add | read_flush_512MiB,0.0523994,ms,diagnostic_experiment,"DIAGNOSTIC, not formal: tilebench.core.timer.report_benchmark(warmup=2, repeat=10, flush variant as listed before each iteration, outside the timed scope), eager, mean of repeats; the formal MI300X CS",,artifacts/paper_figures/amd/MI300X/diagnostic_experiments.csv,medium,"changed_factor=pre-iteration cache flush: 512 MiB read (sum) flush; other_changes=PyTorch reference; whole block repeated twice, second kept; notes="
a5:vector_add/fp32:MI300X:triton:diagnostic:flush_protocol_variants_fp32:triton_default | read_flush_512MiB,a5,vector_add/fp32,MI300X,triton,diagnostic:flush_protocol_variants_fp32:triton_default | read_flush_512MiB,0.0577034,ms,diagnostic_experiment,"DIAGNOSTIC, not formal: tilebench.core.timer.report_benchmark(warmup=2, repeat=10, flush variant as listed before each iteration, outside the timed scope), eager, mean of repeats; the formal MI300X CS",,artifacts/paper_figures/amd/MI300X/diagnostic_experiments.csv,medium,"changed_factor=pre-iteration cache flush: 512 MiB read (sum) flush; other_changes=Triton BLOCK=2048 nw=4, default cache policy; whole block repeated twice, second kept; notes="
a5:vector_add/fp32:MI300X:triton:diagnostic:flush_protocol_variants_fp32:triton_load_cg | read_flush_512MiB,a5,vector_add/fp32,MI300X,triton,diagnostic:flush_protocol_variants_fp32:triton_load_cg | read_flush_512MiB,0.051176599999999996,ms,diagnostic_experiment,"DIAGNOSTIC, not formal: tilebench.core.timer.report_benchmark(warmup=2, repeat=10, flush variant as listed before each iteration, outside the timed scope), eager, mean of repeats; the formal MI300X CS",,artifacts/paper_figures/amd/MI300X/diagnostic_experiments.csv,medium,"changed_factor=pre-iteration cache flush: 512 MiB read (sum) flush; other_changes=Triton BLOCK=2048 nw=4, loads .cg; whole block repeated twice, second kept; notes="
a5:vector_add/fp32:MI300X:pytorch:diagnostic:flush_protocol_variants_fp32:torch.add | write_then_read_flush,a5,vector_add/fp32,MI300X,pytorch,diagnostic:flush_protocol_variants_fp32:torch.add | write_then_read_flush,0.0609505,ms,diagnostic_experiment,"DIAGNOSTIC, not formal: tilebench.core.timer.report_benchmark(warmup=2, repeat=10, flush variant as listed before each iteration, outside the timed scope), eager, mean of repeats; the formal MI300X CS",,artifacts/paper_figures/amd/MI300X/diagnostic_experiments.csv,medium,"changed_factor=pre-iteration cache flush: write flush followed by read flush; other_changes=PyTorch reference; whole block repeated twice, second kept; notes="
a5:vector_add/fp32:MI300X:triton:diagnostic:flush_protocol_variants_fp32:triton_default | write_then_read_flush,a5,vector_add/fp32,MI300X,triton,diagnostic:flush_protocol_variants_fp32:triton_default | write_then_read_flush,0.0986082,ms,diagnostic_experiment,"DIAGNOSTIC, not formal: tilebench.core.timer.report_benchmark(warmup=2, repeat=10, flush variant as listed before each iteration, outside the timed scope), eager, mean of repeats; the formal MI300X CS",,artifacts/paper_figures/amd/MI300X/diagnostic_experiments.csv,medium,"changed_factor=pre-iteration cache flush: write flush followed by read flush; other_changes=Triton BLOCK=2048 nw=4, default cache policy; whole block repeated twice, second kept; notes="
a5:vector_add/fp32:MI300X:triton:diagnostic:flush_protocol_variants_fp32:triton_load_cg | write_then_read_flush,a5,vector_add/fp32,MI300X,triton,diagnostic:flush_protocol_variants_fp32:triton_load_cg | write_then_read_flush,0.0596876,ms,diagnostic_experiment,"DIAGNOSTIC, not formal: tilebench.core.timer.report_benchmark(warmup=2, repeat=10, flush variant as listed before each iteration, outside the timed scope), eager, mean of repeats; the formal MI300X CS",,artifacts/paper_figures/amd/MI300X/diagnostic_experiments.csv,medium,"changed_factor=pre-iteration cache flush: write flush followed by read flush; other_changes=Triton BLOCK=2048 nw=4, loads .cg; whole block repeated twice, second kept; notes="
a5:vector_add/fp32:MI300X:pytorch:diagnostic:flush_protocol_variants_fp32:torch.add | no_flush,a5,vector_add/fp32,MI300X,pytorch,diagnostic:flush_protocol_variants_fp32:torch.add | no_flush,0.0517256,ms,diagnostic_experiment,"DIAGNOSTIC, not formal: tilebench.core.timer.report_benchmark(warmup=2, repeat=10, flush variant as listed before each iteration, outside the timed scope), eager, mean of repeats; the formal MI300X CS",,artifacts/paper_figures/amd/MI300X/diagnostic_experiments.csv,medium,"changed_factor=pre-iteration cache flush: no flush (flush_l2=False); other_changes=PyTorch reference; whole block repeated twice, second kept; notes="
a5:vector_add/fp32:MI300X:triton:diagnostic:flush_protocol_variants_fp32:triton_default | no_flush,a5,vector_add/fp32,MI300X,triton,diagnostic:flush_protocol_variants_fp32:triton_default | no_flush,0.0572181,ms,diagnostic_experiment,"DIAGNOSTIC, not formal: tilebench.core.timer.report_benchmark(warmup=2, repeat=10, flush variant as listed before each iteration, outside the timed scope), eager, mean of repeats; the formal MI300X CS",,artifacts/paper_figures/amd/MI300X/diagnostic_experiments.csv,medium,"changed_factor=pre-iteration cache flush: no flush (flush_l2=False); other_changes=Triton BLOCK=2048 nw=4, default cache policy; whole block repeated twice, second kept; notes="
a5:vector_add/fp32:MI300X:triton:diagnostic:flush_protocol_variants_fp32:triton_load_cg | no_flush,a5,vector_add/fp32,MI300X,triton,diagnostic:flush_protocol_variants_fp32:triton_load_cg | no_flush,0.0508196,ms,diagnostic_experiment,"DIAGNOSTIC, not formal: tilebench.core.timer.report_benchmark(warmup=2, repeat=10, flush variant as listed before each iteration, outside the timed scope), eager, mean of repeats; the formal MI300X CS",,artifacts/paper_figures/amd/MI300X/diagnostic_experiments.csv,medium,"changed_factor=pre-iteration cache flush: no flush (flush_l2=False); other_changes=Triton BLOCK=2048 nw=4, loads .cg; whole block repeated twice, second kept; notes="
rq2:1d_conv/fp16:MI300X:triton:diagnosis:M3:primary,rq2,1d_conv/fp16,MI300X,triton,diagnosis:M3:primary,PyTorch path: MIOpen layout transposes + igemm; Triton implicit GEMM wins,text,diagnosis_record,operator-level diagnosis,MI300X.torch.1d_conv.fp16.kernel_trace;MI300X.torch.1d_conv.fp32.kernel_trace;MI300X.triton.1d_conv.fp16.pc_sampling;MI3,artifacts/paper_figures/amd/MI300X/diagnosis_evidence.csv,traced,"MIOpen igemm + 2 transposes (54%/36% of traced time FP16/FP32); PyTorch MI/B 1.91/3.16; Triton MI/B 0.67/0.71; Triton VALU util 85/70%, int32 67-68% of VALU"
rq2:1d_conv/fp32:MI300X:triton:diagnosis:M3:primary,rq2,1d_conv/fp32,MI300X,triton,diagnosis:M3:primary,PyTorch path: MIOpen layout transposes + igemm; Triton implicit GEMM wins,text,diagnosis_record,operator-level diagnosis,MI300X.torch.1d_conv.fp16.kernel_trace;MI300X.torch.1d_conv.fp32.kernel_trace;MI300X.triton.1d_conv.fp16.pc_sampling;MI3,artifacts/paper_figures/amd/MI300X/diagnosis_evidence.csv,traced,"MIOpen igemm + 2 transposes (54%/36% of traced time FP16/FP32); PyTorch MI/B 1.91/3.16; Triton MI/B 0.67/0.71; Triton VALU util 85/70%, int32 67-68% of VALU"
rq2:1d_conv/fp16:MI300X:triton:diagnosis:M4:secondary,rq2,1d_conv/fp16,MI300X,triton,diagnosis:M4:secondary,Triton kernel VALU-bound on index reconstruction (M4),text,diagnosis_record,operator-level diagnosis,MI300X.torch.1d_conv.fp16.kernel_trace;MI300X.torch.1d_conv.fp32.kernel_trace;MI300X.triton.1d_conv.fp16.pc_sampling;MI3,artifacts/paper_figures/amd/MI300X/diagnosis_evidence.csv,traced_by_metric,"MIOpen igemm + 2 transposes (54%/36% of traced time FP16/FP32); PyTorch MI/B 1.91/3.16; Triton MI/B 0.67/0.71; Triton VALU util 85/70%, int32 67-68% of VALU"
rq2:1d_conv/fp32:MI300X:triton:diagnosis:M4:secondary,rq2,1d_conv/fp32,MI300X,triton,diagnosis:M4:secondary,Triton kernel VALU-bound on index reconstruction (M4),text,diagnosis_record,operator-level diagnosis,MI300X.torch.1d_conv.fp16.kernel_trace;MI300X.torch.1d_conv.fp32.kernel_trace;MI300X.triton.1d_conv.fp16.pc_sampling;MI3,artifacts/paper_figures/amd/MI300X/diagnosis_evidence.csv,traced_by_metric,"MIOpen igemm + 2 transposes (54%/36% of traced time FP16/FP32); PyTorch MI/B 1.91/3.16; Triton MI/B 0.67/0.71; Triton VALU util 85/70%, int32 67-68% of VALU"
supporting:block_sparse_attention/fp16:MI300X:triton:diagnosis:M1:primary,supporting,block_sparse_attention/fp16,MI300X,triton,diagnosis:M1:primary,Descriptor loads + 512-register kernel with scratch spill; Inductor Triton 2.35x faster,text,diagnosis_record,operator-level diagnosis,MI300X.torch.block_sparse_attention.fp16.kernel_trace;MI300X.triton.block_sparse_attention.fp16.pc_sampling;MI300X.trito,artifacts/paper_figures/amd/MI300X/diagnosis_evidence.csv,traced,"ushort loads x160, 512 regs, 20 B scratch, occupancy 1, MFMA 2.5%; Inductor Triton 0.24 ms vs 0.56 ms"
rq2:destindex/bf16:MI300X:triton:diagnosis:M5:primary,rq2,destindex/bf16,MI300X,triton,diagnosis:M5:primary,Scatter store not vectorized on gfx942 (per-element byte/short stores),text,diagnosis_record,operator-level diagnosis,MI300X.torch.destindex.bf16.kernel_trace;MI300X.torch.destindex.fp16.kernel_trace;MI300X.torch.destindex.fp32.kernel_tra,artifacts/paper_figures/amd/MI300X/diagnosis_evidence.csv,traced,"LLIR: 4 x buffer.store.i8 per lane (INT8), short stores (FP16); B200: 128-bit stores (paper); Triton HBM 48-75% vs 55-97%"
rq2:destindex/fp16:MI300X:triton:diagnosis:M5:primary,rq2,destindex/fp16,MI300X,triton,diagnosis:M5:primary,Scatter store not vectorized on gfx942 (per-element byte/short stores),text,diagnosis_record,operator-level diagnosis,MI300X.torch.destindex.bf16.kernel_trace;MI300X.torch.destindex.fp16.kernel_trace;MI300X.torch.destindex.fp32.kernel_tra,artifacts/paper_figures/amd/MI300X/diagnosis_evidence.csv,traced,"LLIR: 4 x buffer.store.i8 per lane (INT8), short stores (FP16); B200: 128-bit stores (paper); Triton HBM 48-75% vs 55-97%"
rq2:destindex/fp32:MI300X:triton:diagnosis:M5:primary,rq2,destindex/fp32,MI300X,triton,diagnosis:M5:primary,Scatter store not vectorized on gfx942 (per-element byte/short stores),text,diagnosis_record,operator-level diagnosis,MI300X.torch.destindex.bf16.kernel_trace;MI300X.torch.destindex.fp16.kernel_trace;MI300X.torch.destindex.fp32.kernel_tra,artifacts/paper_figures/amd/MI300X/diagnosis_evidence.csv,traced,"LLIR: 4 x buffer.store.i8 per lane (INT8), short stores (FP16); B200: 128-bit stores (paper); Triton HBM 48-75% vs 55-97%"
rq2:destindex/int8:MI300X:triton:diagnosis:M5:primary,rq2,destindex/int8,MI300X,triton,diagnosis:M5:primary,Scatter store not vectorized on gfx942 (per-element byte/short stores),text,diagnosis_record,operator-level diagnosis,MI300X.torch.destindex.bf16.kernel_trace;MI300X.torch.destindex.fp16.kernel_trace;MI300X.torch.destindex.fp32.kernel_tra,artifacts/paper_figures/amd/MI300X/diagnosis_evidence.csv,traced,"LLIR: 4 x buffer.store.i8 per lane (INT8), short stores (FP16); B200: 128-bit stores (paper); Triton HBM 48-75% vs 55-97%"
rq2:destindex/bf16:MI300X:triton:diagnosis:M2:secondary,rq2,destindex/bf16,MI300X,triton,diagnosis:M2:secondary,Streaming load policy (M2),text,diagnosis_record,operator-level diagnosis,MI300X.torch.destindex.bf16.kernel_trace;MI300X.torch.destindex.fp16.kernel_trace;MI300X.torch.destindex.fp32.kernel_tra,artifacts/paper_figures/amd/MI300X/diagnosis_evidence.csv,partially_traced,"LLIR: 4 x buffer.store.i8 per lane (INT8), short stores (FP16); B200: 128-bit stores (paper); Triton HBM 48-75% vs 55-97%"
rq2:destindex/fp16:MI300X:triton:diagnosis:M2:secondary,rq2,destindex/fp16,MI300X,triton,diagnosis:M2:secondary,Streaming load policy (M2),text,diagnosis_record,operator-level diagnosis,MI300X.torch.destindex.bf16.kernel_trace;MI300X.torch.destindex.fp16.kernel_trace;MI300X.torch.destindex.fp32.kernel_tra,artifacts/paper_figures/amd/MI300X/diagnosis_evidence.csv,partially_traced,"LLIR: 4 x buffer.store.i8 per lane (INT8), short stores (FP16); B200: 128-bit stores (paper); Triton HBM 48-75% vs 55-97%"
rq2:destindex/fp32:MI300X:triton:diagnosis:M2:secondary,rq2,destindex/fp32,MI300X,triton,diagnosis:M2:secondary,Streaming load policy (M2),text,diagnosis_record,operator-level diagnosis,MI300X.torch.destindex.bf16.kernel_trace;MI300X.torch.destindex.fp16.kernel_trace;MI300X.torch.destindex.fp32.kernel_tra,artifacts/paper_figures/amd/MI300X/diagnosis_evidence.csv,partially_traced,"LLIR: 4 x buffer.store.i8 per lane (INT8), short stores (FP16); B200: 128-bit stores (paper); Triton HBM 48-75% vs 55-97%"
rq2:destindex/int8:MI300X:triton:diagnosis:M2:secondary,rq2,destindex/int8,MI300X,triton,diagnosis:M2:secondary,Streaming load policy (M2),text,diagnosis_record,operator-level diagnosis,MI300X.torch.destindex.bf16.kernel_trace;MI300X.torch.destindex.fp16.kernel_trace;MI300X.torch.destindex.fp32.kernel_tra,artifacts/paper_figures/amd/MI300X/diagnosis_evidence.csv,partially_traced,"LLIR: 4 x buffer.store.i8 per lane (INT8), short stores (FP16); B200: 128-bit stores (paper); Triton HBM 48-75% vs 55-97%"
supporting:flash_decode/fp32:MI300X:triton:diagnosis:M6:primary,supporting,flash_decode/fp32,MI300X,triton,diagnosis:M6:primary,16-workgroup grid: serial latency-bound loop; Triton loses at long seq,text,diagnosis_record,operator-level diagnosis,MI300X.torch.flash_decode.fp32.kernel_trace;MI300X.triton.flash_decode.fp32.pc_sampling;MI300X.triton.flash_decode.fp32.,artifacts/paper_figures/amd/MI300X/diagnosis_evidence.csv,traced,"grid 16 WGs x 2 waves, ~30 resident waves; T/P 6.34 -> 0.59 with seq_len; PyTorch 20 kernels"
rq2:matmul_fp32_fp16_fp8/fp16:MI300X:triton:diagnosis:M1:primary,rq2,matmul_fp32_fp16_fp8/fp16,MI300X,triton,diagnosis:M1:primary,Descriptor loads -> scalar gathers; pointer variant 3.4-6.7x faster,text,diagnosis_record,operator-level diagnosis,MI300X.torch.matmul_fp32_fp16_fp8.fp16.kernel_trace;MI300X.torch.matmul_fp32_fp16_fp8.fp32.kernel_trace;MI300X.triton.ma,artifacts/paper_figures/amd/MI300X/diagnosis_evidence.csv,traced,"TTIR pointer rewrite with runtime i64 strides; TTGIR threadsPerWarp=[64,1]; ushort loads; MFMA 3.7-4.5%; experiment 6.7x/3.35x"
rq2:matmul_fp32_fp16_fp8/fp32:MI300X:triton:diagnosis:M1:primary,rq2,matmul_fp32_fp16_fp8/fp32,MI300X,triton,diagnosis:M1:primary,Descriptor loads -> scalar gathers; pointer variant 3.4-6.7x faster,text,diagnosis_record,operator-level diagnosis,MI300X.torch.matmul_fp32_fp16_fp8.fp16.kernel_trace;MI300X.torch.matmul_fp32_fp16_fp8.fp32.kernel_trace;MI300X.triton.ma,artifacts/paper_figures/amd/MI300X/diagnosis_evidence.csv,traced,"TTIR pointer rewrite with runtime i64 strides; TTGIR threadsPerWarp=[64,1]; ushort loads; MFMA 3.7-4.5%; experiment 6.7x/3.35x"
rq2:vector_add/bf16:MI300X:triton:diagnosis:M2:primary,rq2,vector_add/bf16,MI300X,triton,diagnosis:M2:primary,Streaming load-policy gap (0.63-0.66x); recovered by .cg loads,text,diagnosis_record,operator-level diagnosis,MI300X.torch.vector_add.bf16.kernel_trace;MI300X.torch.vector_add.fp16.kernel_trace;MI300X.torch.vector_add.fp32.att;MI3,artifacts/paper_figures/amd/MI300X/diagnosis_evidence.csv,traced,ATT: ATen dwordx4 nt loads; Triton default 0.62x in all configs; .cg loads 1.0-1.08x; read-only flush 0.90x
rq2:vector_add/fp16:MI300X:triton:diagnosis:M2:primary,rq2,vector_add/fp16,MI300X,triton,diagnosis:M2:primary,Streaming load-policy gap (0.63-0.66x); recovered by .cg loads,text,diagnosis_record,operator-level diagnosis,MI300X.torch.vector_add.bf16.kernel_trace;MI300X.torch.vector_add.fp16.kernel_trace;MI300X.torch.vector_add.fp32.att;MI3,artifacts/paper_figures/amd/MI300X/diagnosis_evidence.csv,traced,ATT: ATen dwordx4 nt loads; Triton default 0.62x in all configs; .cg loads 1.0-1.08x; read-only flush 0.90x
supporting:vector_add/fp32:MI300X:triton:diagnosis:M2:primary,supporting,vector_add/fp32,MI300X,triton,diagnosis:M2:primary,Streaming load-policy gap (0.63-0.66x); recovered by .cg loads,text,diagnosis_record,operator-level diagnosis,MI300X.torch.vector_add.bf16.kernel_trace;MI300X.torch.vector_add.fp16.kernel_trace;MI300X.torch.vector_add.fp32.att;MI3,artifacts/paper_figures/amd/MI300X/diagnosis_evidence.csv,traced,ATT: ATen dwordx4 nt loads; Triton default 0.62x in all configs; .cg loads 1.0-1.08x; read-only flush 0.90x
rq2:vector_add/int8:MI300X:triton:diagnosis:M2:primary,rq2,vector_add/int8,MI300X,triton,diagnosis:M2:primary,Streaming load-policy gap (0.63-0.66x); recovered by .cg loads,text,diagnosis_record,operator-level diagnosis,MI300X.torch.vector_add.bf16.kernel_trace;MI300X.torch.vector_add.fp16.kernel_trace;MI300X.torch.vector_add.fp32.att;MI3,artifacts/paper_figures/amd/MI300X/diagnosis_evidence.csv,traced,ATT: ATen dwordx4 nt loads; Triton default 0.62x in all configs; .cg loads 1.0-1.08x; read-only flush 0.90x
