profile_id,stage,access_path,matrix_path,buffer_location,layout_operations,atomic_path,resource_summary,evidence_path,evidence_confidence,notes
MI300X.torch.1d_conv.fp16.kernel_trace,0:other,library/kernel family: other,unknown (no ISA for this kernel),LDS 0 B; scratch 0 B,unknown,unknown,"grid 65536 work-items, WG 256; VGPR 8 AGPR 0 SGPR 16",outputs/profiling/MI300X/analysis_2026-10-05/data/torch_kernels.json,medium: kernel trace record only,kernel SubTensorOpWithScalar1d
MI300X.torch.1d_conv.fp16.kernel_trace,1:other,library/kernel family: other,unknown (no ISA for this kernel),LDS 2560 B; scratch 0 B,unknown,unknown,"grid 83886080 work-items, WG 256; VGPR 20 AGPR 4 SGPR 64",outputs/profiling/MI300X/analysis_2026-10-05/data/torch_kernels.json,medium: kernel trace record only,kernel batched_transpose_32x32_half
MI300X.torch.1d_conv.fp16.kernel_trace,2:other,library/kernel family: other,unknown (no ISA for this kernel),LDS 0 B; scratch 0 B,unknown,unknown,"grid 65536 work-items, WG 256; VGPR 12 AGPR 4 SGPR 32",outputs/profiling/MI300X/analysis_2026-10-05/data/torch_kernels.json,medium: kernel trace record only,kernel batched_transpose_4x64_half
MI300X.torch.1d_conv.fp16.kernel_trace,3:MIOpen,library/kernel family: MIOpen,unknown (no ISA for this kernel),LDS 16384 B; scratch 0 B,unknown,unknown,"grid 5242880 work-items, WG 256; VGPR 60 AGPR 68 SGPR 64",outputs/profiling/MI300X/analysis_2026-10-05/data/torch_kernels.json,medium: kernel trace record only,kernel igemm_fwd_gtcx3_nhwc_fp16_bx0_ex1_bt128x128x32_wt32x32x8_ws1x1_wr2x2_ta1x8x2x1_1x4x1x64_tb1x8x2x1_1x4x1x64
MI300X.torch.1d_conv.fp16.kernel_trace,4:other,library/kernel family: other,unknown (no ISA for this kernel),LDS 2560 B; scratch 0 B,unknown,unknown,"grid 83886080 work-items, WG 256; VGPR 20 AGPR 4 SGPR 64",outputs/profiling/MI300X/analysis_2026-10-05/data/torch_kernels.json,medium: kernel trace record only,kernel batched_transpose_32x32_half
MI300X.torch.1d_conv.fp32.kernel_trace,0:other,library/kernel family: other,unknown (no ISA for this kernel),LDS 0 B; scratch 0 B,unknown,unknown,"grid 65536 work-items, WG 256; VGPR 8 AGPR 0 SGPR 16",outputs/profiling/MI300X/analysis_2026-10-05/data/torch_kernels.json,medium: kernel trace record only,kernel SubTensorOpWithScalar1d
MI300X.torch.1d_conv.fp32.kernel_trace,1:other,library/kernel family: other,unknown (no ISA for this kernel),LDS 4608 B; scratch 0 B,unknown,unknown,"grid 83886080 work-items, WG 256; VGPR 24 AGPR 0 SGPR 48",outputs/profiling/MI300X/analysis_2026-10-05/data/torch_kernels.json,medium: kernel trace record only,kernel batched_transpose_32x32_dword
MI300X.torch.1d_conv.fp32.kernel_trace,2:other,library/kernel family: other,unknown (no ISA for this kernel),LDS 0 B; scratch 0 B,unknown,unknown,"grid 65536 work-items, WG 256; VGPR 12 AGPR 4 SGPR 32",outputs/profiling/MI300X/analysis_2026-10-05/data/torch_kernels.json,medium: kernel trace record only,kernel batched_transpose_4x64_dword
MI300X.torch.1d_conv.fp32.kernel_trace,3:MIOpen,library/kernel family: MIOpen,unknown (no ISA for this kernel),LDS 16384 B; scratch 0 B,unknown,unknown,"grid 5242880 work-items, WG 256; VGPR 52 AGPR 68 SGPR 64",outputs/profiling/MI300X/analysis_2026-10-05/data/torch_kernels.json,medium: kernel trace record only,kernel igemm_fwd_gtcx3_nhwc_fp32_bx0_ex1_bt128x128x16_wt32x32x2_ws1x1_wr2x2_ta1x4x2x1_1x4x1x64_tb1x4x2x1_1x4x1x64
MI300X.torch.1d_conv.fp32.kernel_trace,4:other,library/kernel family: other,unknown (no ISA for this kernel),LDS 4608 B; scratch 0 B,unknown,unknown,"grid 83886080 work-items, WG 256; VGPR 24 AGPR 0 SGPR 48",outputs/profiling/MI300X/analysis_2026-10-05/data/torch_kernels.json,medium: kernel trace record only,kernel batched_transpose_32x32_dword
MI300X.torch.2d_conv.fp16.kernel_trace,0:MIOpen,library/kernel family: MIOpen,unknown (no ISA for this kernel),LDS 65536 B; scratch 0 B,unknown,unknown,"grid 233472 work-items, WG 768; VGPR 36 AGPR 132 SGPR 96",outputs/profiling/MI300X/analysis_2026-10-05/data/torch_kernels.json,medium: kernel trace record only,kernel miopenSp3AsmConvRage_v4_6_0_gfx9_fp16_fp32acc_f2x3_stride1
MI300X.torch.2d_conv.fp32.kernel_trace,0:MIOpen,library/kernel family: MIOpen,unknown (no ISA for this kernel),LDS 65536 B; scratch 0 B,unknown,unknown,"grid 155648 work-items, WG 512; VGPR 128 AGPR 0 SGPR 112",outputs/profiling/MI300X/analysis_2026-10-05/data/torch_kernels.json,medium: kernel trace record only,kernel miopenSp3AsmConv_v30_3_1_gfx9_fp32_f2x3_stride1
MI300X.torch.2d_max_pooling.bf16.kernel_trace,0:ATen max_pool,library/kernel family: ATen max_pool,unknown (no ISA for this kernel),LDS 0 B; scratch 0 B,unknown,unknown,"grid 52428800 work-items, WG 256; VGPR 24 AGPR 0 SGPR 64",outputs/profiling/MI300X/analysis_2026-10-05/data/torch_kernels.json,medium: kernel trace record only,"kernel void at::native::(anonymous namespace)::max_pool_forward_nchw<c10::BFloat16, int>(int, c10::BFloat16 const*, long, long, long, int, int, int, int, int, int, int, int, int, int, c10::BFloat16*, long*)"
MI300X.torch.2d_max_pooling.fp16.kernel_trace,0:ATen max_pool,library/kernel family: ATen max_pool,unknown (no ISA for this kernel),LDS 0 B; scratch 0 B,unknown,unknown,"grid 52428800 work-items, WG 256; VGPR 24 AGPR 0 SGPR 64",outputs/profiling/MI300X/analysis_2026-10-05/data/torch_kernels.json,medium: kernel trace record only,"kernel void at::native::(anonymous namespace)::max_pool_forward_nchw<c10::Half, int>(int, c10::Half const*, long, long, long, int, int, int, int, int, int, int, int, int, int, c10::Half*, long*)"
MI300X.torch.2d_max_pooling.fp32.kernel_trace,0:ATen max_pool,library/kernel family: ATen max_pool,unknown (no ISA for this kernel),LDS 0 B; scratch 0 B,unknown,unknown,"grid 52428800 work-items, WG 256; VGPR 24 AGPR 0 SGPR 64",outputs/profiling/MI300X/analysis_2026-10-05/data/torch_kernels.json,medium: kernel trace record only,"kernel void at::native::(anonymous namespace)::max_pool_forward_nchw<float, int>(int, float const*, long, long, long, int, int, int, int, int, int, int, int, int, int, float*, long*)"
MI300X.torch.3d_conv.fp16.kernel_trace,0:other,library/kernel family: other,unknown (no ISA for this kernel),LDS 2560 B; scratch 0 B,unknown,unknown,"grid 52428800 work-items, WG 256; VGPR 20 AGPR 4 SGPR 64",outputs/profiling/MI300X/analysis_2026-10-05/data/torch_kernels.json,medium: kernel trace record only,kernel batched_transpose_32x32_half
MI300X.torch.3d_conv.fp16.kernel_trace,1:other,library/kernel family: other,unknown (no ISA for this kernel),LDS 2560 B; scratch 0 B,unknown,unknown,"grid 32768 work-items, WG 256; VGPR 20 AGPR 4 SGPR 64",outputs/profiling/MI300X/analysis_2026-10-05/data/torch_kernels.json,medium: kernel trace record only,kernel batched_transpose_32x32_half
MI300X.torch.3d_conv.fp16.kernel_trace,2:other,library/kernel family: other,unknown (no ISA for this kernel),LDS 2560 B; scratch 0 B,unknown,unknown,"grid 52428800 work-items, WG 256; VGPR 20 AGPR 4 SGPR 64",outputs/profiling/MI300X/analysis_2026-10-05/data/torch_kernels.json,medium: kernel trace record only,kernel batched_transpose_32x32_half
MI300X.torch.3d_conv.fp16.kernel_trace,3:MIOpen,library/kernel family: MIOpen,unknown (no ISA for this kernel),LDS 32768 B; scratch 0 B,unknown,unknown,"grid 6553600 work-items, WG 256; VGPR 36 AGPR 196 SGPR 112",outputs/profiling/MI300X/analysis_2026-10-05/data/torch_kernels.json,medium: kernel trace record only,kernel _ZN2ck16tensor_operation6device12_GLOBAL__N_139kernel_grouped_conv_fwd_xdl_cshuffle_v3INS_34GridwiseGemmMultiD_xdl_cshuffle_v3INS_13tensor_layout4gemm8RowMajorENS6_11ColumnMajorENS_5TupleIJEEES7_DF16_
MI300X.torch.3d_conv.fp16.kernel_trace,4:other,library/kernel family: other,unknown (no ISA for this kernel),LDS 2560 B; scratch 0 B,unknown,unknown,"grid 52428800 work-items, WG 256; VGPR 20 AGPR 4 SGPR 64",outputs/profiling/MI300X/analysis_2026-10-05/data/torch_kernels.json,medium: kernel trace record only,kernel batched_transpose_32x32_half
MI300X.torch.3d_conv.fp32.kernel_trace,0:other,library/kernel family: other,unknown (no ISA for this kernel),LDS 4608 B; scratch 0 B,unknown,unknown,"grid 52428800 work-items, WG 256; VGPR 24 AGPR 0 SGPR 48",outputs/profiling/MI300X/analysis_2026-10-05/data/torch_kernels.json,medium: kernel trace record only,kernel batched_transpose_32x32_dword
MI300X.torch.3d_conv.fp32.kernel_trace,1:other,library/kernel family: other,unknown (no ISA for this kernel),LDS 4608 B; scratch 0 B,unknown,unknown,"grid 32768 work-items, WG 256; VGPR 24 AGPR 0 SGPR 48",outputs/profiling/MI300X/analysis_2026-10-05/data/torch_kernels.json,medium: kernel trace record only,kernel batched_transpose_32x32_dword
MI300X.torch.3d_conv.fp32.kernel_trace,2:other,library/kernel family: other,unknown (no ISA for this kernel),LDS 4608 B; scratch 0 B,unknown,unknown,"grid 52428800 work-items, WG 256; VGPR 24 AGPR 0 SGPR 48",outputs/profiling/MI300X/analysis_2026-10-05/data/torch_kernels.json,medium: kernel trace record only,kernel batched_transpose_32x32_dword
MI300X.torch.3d_conv.fp32.kernel_trace,3:MIOpen,library/kernel family: MIOpen,unknown (no ISA for this kernel),LDS 8704 B; scratch 0 B,unknown,unknown,"grid 3276800 work-items, WG 64; VGPR 48 AGPR 128 SGPR 112",outputs/profiling/MI300X/analysis_2026-10-05/data/torch_kernels.json,medium: kernel trace record only,kernel _ZN2ck16tensor_operation6device12_GLOBAL__N_149kernel_grouped_conv_fwd_multiple_abd_xdl_cshuffleINS_34GridwiseGemmMultipleD_xdl_cshuffleIfffffNS_5TupleIJEEEfNS0_12element_wise11PassThroughES8_S8_Li1EL
MI300X.torch.3d_conv.fp32.kernel_trace,4:other,library/kernel family: other,unknown (no ISA for this kernel),LDS 4608 B; scratch 0 B,unknown,unknown,"grid 52428800 work-items, WG 256; VGPR 24 AGPR 0 SGPR 48",outputs/profiling/MI300X/analysis_2026-10-05/data/torch_kernels.json,medium: kernel trace record only,kernel batched_transpose_32x32_dword
MI300X.torch.argmax.fp16.kernel_trace,0:ATen reduce,library/kernel family: ATen reduce,unknown (no ISA for this kernel),LDS 512 B; scratch 0 B,unknown,unknown,"grid 1048576 work-items, WG 512; VGPR 40 AGPR 0 SGPR 80",outputs/profiling/MI300X/analysis_2026-10-05/data/torch_kernels.json,medium: kernel trace record only,"kernel void at::native::reduce_kernel<512, 1, at::native::ReduceOp<c10::Half, at::native::ArgMaxOps<float>, unsigned int, long, 4, 4> >(at::native::ReduceOp<c10::Half, at::native::ArgMaxOps<float>, unsigned "
MI300X.torch.argmax.fp32.kernel_trace,0:ATen reduce,library/kernel family: ATen reduce,unknown (no ISA for this kernel),LDS 512 B; scratch 0 B,unknown,unknown,"grid 1048576 work-items, WG 512; VGPR 40 AGPR 0 SGPR 80",outputs/profiling/MI300X/analysis_2026-10-05/data/torch_kernels.json,medium: kernel trace record only,"kernel void at::native::reduce_kernel<512, 1, at::native::ReduceOp<float, at::native::ArgMaxOps<float>, unsigned int, long, 4, 4> >(at::native::ReduceOp<float, at::native::ArgMaxOps<float>, unsigned int, lon"
MI300X.torch.batch_normalization.bf16.kernel_trace,0:ATen vectorized elementwise,library/kernel family: ATen vectorized elementwise,unknown (no ISA for this kernel),LDS 0 B; scratch 0 B,unknown,unknown,"grid 256 work-items, WG 256; VGPR 24 AGPR 0 SGPR 32",outputs/profiling/MI300X/analysis_2026-10-05/data/torch_kernels.json,medium: kernel trace record only,"kernel void at::native::vectorized_elementwise_kernel<4, at::native::bfloat16tofloat32_copy_kernel_cuda(at::TensorIteratorBase&)::{lambda(c10::BFloat16)#1}, std::array<char*, 2ul> >(int, at::native::bfloat16"
MI300X.torch.batch_normalization.bf16.kernel_trace,1:ATen vectorized elementwise,library/kernel family: ATen vectorized elementwise,unknown (no ISA for this kernel),LDS 0 B; scratch 0 B,unknown,unknown,"grid 256 work-items, WG 256; VGPR 24 AGPR 0 SGPR 32",outputs/profiling/MI300X/analysis_2026-10-05/data/torch_kernels.json,medium: kernel trace record only,"kernel void at::native::vectorized_elementwise_kernel<4, at::native::bfloat16tofloat32_copy_kernel_cuda(at::TensorIteratorBase&)::{lambda(c10::BFloat16)#1}, std::array<char*, 2ul> >(int, at::native::bfloat16"
MI300X.torch.batch_normalization.bf16.kernel_trace,2:ATen vectorized elementwise,library/kernel family: ATen vectorized elementwise,unknown (no ISA for this kernel),LDS 0 B; scratch 0 B,unknown,unknown,"grid 256 work-items, WG 256; VGPR 12 AGPR 4 SGPR 32",outputs/profiling/MI300X/analysis_2026-10-05/data/torch_kernels.json,medium: kernel trace record only,"kernel void at::native::vectorized_elementwise_kernel<4, at::native::FillFunctor<int>, std::array<char*, 1ul> >(int, at::native::FillFunctor<int>, std::array<char*, 1ul>)"
MI300X.torch.batch_normalization.bf16.kernel_trace,3:ATen norm,library/kernel family: ATen norm,unknown (no ISA for this kernel),LDS 12800 B; scratch 0 B,unknown,unknown,"grid 1310720 work-items, WG 1024; VGPR 40 AGPR 0 SGPR 48",outputs/profiling/MI300X/analysis_2026-10-05/data/torch_kernels.json,medium: kernel trace record only,"kernel void at::native::batch_norm_collect_statistics_channels_last_kernel<at::native::Var, c10::BFloat16, float, 4>(c10::BFloat16 const*, float*, float*, float volatile*, int*, int, int, float)"
MI300X.torch.batch_normalization.bf16.kernel_trace,4:ATen vectorized elementwise,library/kernel family: ATen vectorized elementwise,unknown (no ISA for this kernel),LDS 0 B; scratch 0 B,unknown,unknown,"grid 256 work-items, WG 256; VGPR 28 AGPR 4 SGPR 48",outputs/profiling/MI300X/analysis_2026-10-05/data/torch_kernels.json,medium: kernel trace record only,"kernel void at::native::vectorized_elementwise_kernel<4, at::native::(anonymous namespace)::batch_norm_calc_invstd(at::Tensor const&, at::Tensor const&, double)::{lambda()#1}::operator()() const::{lambda()#2"
MI300X.torch.batch_normalization.bf16.kernel_trace,5:ATen norm,library/kernel family: ATen norm,unknown (no ISA for this kernel),LDS 0 B; scratch 0 B,unknown,unknown,"grid 1310720 work-items, WG 1024; VGPR 16 AGPR 0 SGPR 32",outputs/profiling/MI300X/analysis_2026-10-05/data/torch_kernels.json,medium: kernel trace record only,"kernel void at::native::batch_norm_transform_input_channels_last_kernel<c10::BFloat16, float, float, 4>(c10::BFloat16 const*, c10::BFloat16 const*, float const*, float const*, float const*, float const*, c10"
MI300X.torch.batch_normalization.fp16.kernel_trace,0:ATen vectorized elementwise,library/kernel family: ATen vectorized elementwise,unknown (no ISA for this kernel),LDS 0 B; scratch 0 B,unknown,unknown,"grid 256 work-items, WG 256; VGPR 24 AGPR 0 SGPR 32",outputs/profiling/MI300X/analysis_2026-10-05/data/torch_kernels.json,medium: kernel trace record only,"kernel void at::native::vectorized_elementwise_kernel<4, at::native::float16tofloat32_copy_kernel_cuda(at::TensorIteratorBase&)::{lambda(c10::Half)#1}, std::array<char*, 2ul> >(int, at::native::float16tofloa"
MI300X.torch.batch_normalization.fp16.kernel_trace,1:ATen vectorized elementwise,library/kernel family: ATen vectorized elementwise,unknown (no ISA for this kernel),LDS 0 B; scratch 0 B,unknown,unknown,"grid 256 work-items, WG 256; VGPR 24 AGPR 0 SGPR 32",outputs/profiling/MI300X/analysis_2026-10-05/data/torch_kernels.json,medium: kernel trace record only,"kernel void at::native::vectorized_elementwise_kernel<4, at::native::float16tofloat32_copy_kernel_cuda(at::TensorIteratorBase&)::{lambda(c10::Half)#1}, std::array<char*, 2ul> >(int, at::native::float16tofloa"
MI300X.torch.batch_normalization.fp16.kernel_trace,2:ATen vectorized elementwise,library/kernel family: ATen vectorized elementwise,unknown (no ISA for this kernel),LDS 0 B; scratch 0 B,unknown,unknown,"grid 256 work-items, WG 256; VGPR 12 AGPR 4 SGPR 32",outputs/profiling/MI300X/analysis_2026-10-05/data/torch_kernels.json,medium: kernel trace record only,"kernel void at::native::vectorized_elementwise_kernel<4, at::native::FillFunctor<int>, std::array<char*, 1ul> >(int, at::native::FillFunctor<int>, std::array<char*, 1ul>)"
MI300X.torch.batch_normalization.fp16.kernel_trace,3:ATen norm,library/kernel family: ATen norm,unknown (no ISA for this kernel),LDS 12800 B; scratch 0 B,unknown,unknown,"grid 1310720 work-items, WG 1024; VGPR 40 AGPR 0 SGPR 48",outputs/profiling/MI300X/analysis_2026-10-05/data/torch_kernels.json,medium: kernel trace record only,"kernel void at::native::batch_norm_collect_statistics_channels_last_kernel<at::native::Var, c10::Half, float, 4>(c10::Half const*, float*, float*, float volatile*, int*, int, int, float)"
MI300X.torch.batch_normalization.fp16.kernel_trace,4:ATen vectorized elementwise,library/kernel family: ATen vectorized elementwise,unknown (no ISA for this kernel),LDS 0 B; scratch 0 B,unknown,unknown,"grid 256 work-items, WG 256; VGPR 28 AGPR 4 SGPR 48",outputs/profiling/MI300X/analysis_2026-10-05/data/torch_kernels.json,medium: kernel trace record only,"kernel void at::native::vectorized_elementwise_kernel<4, at::native::(anonymous namespace)::batch_norm_calc_invstd(at::Tensor const&, at::Tensor const&, double)::{lambda()#1}::operator()() const::{lambda()#2"
MI300X.torch.batch_normalization.fp16.kernel_trace,5:ATen norm,library/kernel family: ATen norm,unknown (no ISA for this kernel),LDS 0 B; scratch 0 B,unknown,unknown,"grid 1310720 work-items, WG 1024; VGPR 16 AGPR 0 SGPR 32",outputs/profiling/MI300X/analysis_2026-10-05/data/torch_kernels.json,medium: kernel trace record only,"kernel void at::native::batch_norm_transform_input_channels_last_kernel<c10::Half, float, float, 4>(c10::Half const*, c10::Half const*, float const*, float const*, float const*, float const*, c10::Half*, int"
MI300X.torch.batch_normalization.fp32.kernel_trace,0:ATen norm,library/kernel family: ATen norm,unknown (no ISA for this kernel),LDS 12800 B; scratch 0 B,unknown,unknown,"grid 1310720 work-items, WG 1024; VGPR 40 AGPR 0 SGPR 48",outputs/profiling/MI300X/analysis_2026-10-05/data/torch_kernels.json,medium: kernel trace record only,"kernel void at::native::batch_norm_collect_statistics_channels_last_kernel<at::native::Var, float, float, 4>(float const*, float*, float*, float volatile*, int*, int, int, float)"
MI300X.torch.batch_normalization.fp32.kernel_trace,1:ATen vectorized elementwise,library/kernel family: ATen vectorized elementwise,unknown (no ISA for this kernel),LDS 0 B; scratch 0 B,unknown,unknown,"grid 256 work-items, WG 256; VGPR 12 AGPR 4 SGPR 32",outputs/profiling/MI300X/analysis_2026-10-05/data/torch_kernels.json,medium: kernel trace record only,"kernel void at::native::vectorized_elementwise_kernel<4, at::native::FillFunctor<int>, std::array<char*, 1ul> >(int, at::native::FillFunctor<int>, std::array<char*, 1ul>)"
MI300X.torch.batch_normalization.fp32.kernel_trace,2:ATen vectorized elementwise,library/kernel family: ATen vectorized elementwise,unknown (no ISA for this kernel),LDS 0 B; scratch 0 B,unknown,unknown,"grid 256 work-items, WG 256; VGPR 28 AGPR 4 SGPR 48",outputs/profiling/MI300X/analysis_2026-10-05/data/torch_kernels.json,medium: kernel trace record only,"kernel void at::native::vectorized_elementwise_kernel<4, at::native::(anonymous namespace)::batch_norm_calc_invstd(at::Tensor const&, at::Tensor const&, double)::{lambda()#1}::operator()() const::{lambda()#2"
MI300X.torch.batch_normalization.fp32.kernel_trace,3:ATen norm,library/kernel family: ATen norm,unknown (no ISA for this kernel),LDS 0 B; scratch 0 B,unknown,unknown,"grid 1310720 work-items, WG 1024; VGPR 16 AGPR 0 SGPR 32",outputs/profiling/MI300X/analysis_2026-10-05/data/torch_kernels.json,medium: kernel trace record only,"kernel void at::native::batch_norm_transform_input_channels_last_kernel<float, float, float, 4>(float const*, float const*, float const*, float const*, float const*, float const*, float*, int, int, bool)"
MI300X.torch.batched_matmul.bf16.kernel_trace,0:hipBLASLt/Tensile GEMM (Cijk),library/kernel family: hipBLASLt/Tensile GEMM (Cijk),unknown (no ISA for this kernel),LDS 64000 B; scratch 0 B,unknown,unknown,"grid 65536 work-items, WG 256; VGPR 104 AGPR 328 SGPR 96",outputs/profiling/MI300X/analysis_2026-10-05/data/torch_kernels.json,medium: kernel trace record only,kernel Cijk_Ailk_Bljk_BBS_BH_Bias_HA_S_SAV_UserArgs_MT320x160x64_MI16x16x1_SN_LDSB1_AFC1_AFEM1_AFEM1_ASEM1_CLR1_CADS0_DTLA0_DTLB0_DTVA0_DTVB0_EPS0_FDSI0_GRPM1_GRVWA8_GRVWB4_GSUAMBSK_GLS0_ISA942_IU1_K1_LBSPPA
MI300X.torch.batched_matmul.fp16.kernel_trace,0:hipBLASLt/Tensile GEMM (Cijk),library/kernel family: hipBLASLt/Tensile GEMM (Cijk),unknown (no ISA for this kernel),LDS 64000 B; scratch 0 B,unknown,unknown,"grid 65536 work-items, WG 256; VGPR 104 AGPR 328 SGPR 96",outputs/profiling/MI300X/analysis_2026-10-05/data/torch_kernels.json,medium: kernel trace record only,kernel Cijk_Ailk_Bljk_HHS_BH_Bias_HA_S_SAV_UserArgs_MT320x160x64_MI16x16x1_SN_LDSB1_AFC1_AFEM1_AFEM1_ASEM1_CLR1_CADS0_DTLA0_DTLB0_DTVA0_DTVB0_EPS0_FDSI0_GRPM1_GRVWA8_GRVWB4_GSUAMBSK_GLS0_ISA942_IU1_K1_LBSPPA
MI300X.torch.batched_matmul.fp32.kernel_trace,0:hipBLASLt/Tensile GEMM (Cijk),library/kernel family: hipBLASLt/Tensile GEMM (Cijk),unknown (no ISA for this kernel),LDS 64512 B; scratch 0 B,unknown,unknown,"grid 65536 work-items, WG 256; VGPR 72 AGPR 328 SGPR 96",outputs/profiling/MI300X/analysis_2026-10-05/data/torch_kernels.json,medium: kernel trace record only,kernel Cijk_Ailk_Bljk_S_MX_B_Bias_HA_S_SAV_UserArgs_MT320x160x32_MI16x16x1_SN_LDSB1_AFC1_AFEM1_AFEM1_ASEM1_CLR1_CADS0_DTLA0_DTLB0_DTVA0_DTVB0_EPS0_FDSI0_GRPM1_GRVWA4_GRVWB4_GSUAMBSK_GLS0_ISA942_IU1_K1_LBSPPA
MI300X.torch.bitonic_sort.fp16.kernel_trace,agg0:rocPRIM/hipCUB,library/kernel family: rocPRIM/hipCUB,unknown (no ISA for this kernel),unknown (not in aggregated record),unknown,unknown,1500 dispatches; WG 512; VGPR 72,outputs/profiling/MI300X/analysis_2026-10-05/data/torch_kernels.json,medium: aggregated kernel trace record,"kernel void rocprim::ROCPRIM_400100_NS::detail::trampoline_kernel<rocprim::ROCPRIM_400100_NS::detail::wrapped_partition_config<rocprim::ROCPRIM_400100_NS::default_config, (rocprim::ROCPRIM_400100_NS::detail:"
MI300X.torch.bitonic_sort.fp16.kernel_trace,agg10:ATen elementwise (unrolled),library/kernel family: ATen elementwise (unrolled),unknown (no ISA for this kernel),unknown (not in aggregated record),unknown,unknown,600 dispatches; WG 128; VGPR 16,outputs/profiling/MI300X/analysis_2026-10-05/data/torch_kernels.json,medium: aggregated kernel trace record,"kernel void at::native::index_elementwise_kernel<128, 4, at::native::gpu_index_kernel<at::native::index_put_kernel_impl<at::native::OpaqueType<2> >(at::TensorIterator&, c10::ArrayRef<long>, c10::ArrayRef<lon"
MI300X.torch.bitonic_sort.fp16.kernel_trace,agg11:rocPRIM/hipCUB,library/kernel family: rocPRIM/hipCUB,unknown (no ISA for this kernel),unknown (not in aggregated record),unknown,unknown,1500 dispatches; WG 512; VGPR 8,outputs/profiling/MI300X/analysis_2026-10-05/data/torch_kernels.json,medium: aggregated kernel trace record,"kernel void rocprim::ROCPRIM_400100_NS::detail::trampoline_kernel<rocprim::ROCPRIM_400100_NS::detail::wrapped_transform_config<rocprim::ROCPRIM_400100_NS::default_config, unsigned long, true>, (rocprim::ROCP"
MI300X.torch.bitonic_sort.fp16.kernel_trace,agg12:ATen cat/copy,library/kernel family: ATen cat/copy,unknown (no ISA for this kernel),unknown (not in aggregated record),unknown,unknown,1501 dispatches; WG 512; VGPR 16,outputs/profiling/MI300X/analysis_2026-10-05/data/torch_kernels.json,medium: aggregated kernel trace record,kernel __amd_rocclr_copyBuffer
MI300X.torch.bitonic_sort.fp16.kernel_trace,agg13:rocPRIM/hipCUB,library/kernel family: rocPRIM/hipCUB,unknown (no ISA for this kernel),unknown (not in aggregated record),unknown,unknown,1500 dispatches; WG 256; VGPR 12,outputs/profiling/MI300X/analysis_2026-10-05/data/torch_kernels.json,medium: aggregated kernel trace record,"kernel void rocprim::ROCPRIM_400100_NS::detail::init_lookback_scan_state_kernel<rocprim::ROCPRIM_400100_NS::detail::lookback_scan_state<unsigned long, false, true> const>(rocprim::ROCPRIM_400100_NS::detail::"
MI300X.torch.bitonic_sort.fp16.kernel_trace,agg14:ATen vectorized elementwise,library/kernel family: ATen vectorized elementwise,unknown (no ISA for this kernel),unknown (not in aggregated record),unknown,unknown,300 dispatches; WG 256; VGPR 28,outputs/profiling/MI300X/analysis_2026-10-05/data/torch_kernels.json,medium: aggregated kernel trace record,"kernel void at::native::vectorized_elementwise_kernel<16, at::native::(anonymous namespace)::where_kernel_impl(at::TensorIterator&)::{lambda()#1}::operator()() const::{lambda()#4}::operator()() const::{lambd"
MI300X.torch.bitonic_sort.fp16.kernel_trace,agg15:other,library/kernel family: other,unknown (no ISA for this kernel),unknown (not in aggregated record),unknown,unknown,1500 dispatches; WG 256; VGPR 12,outputs/profiling/MI300X/analysis_2026-10-05/data/torch_kernels.json,medium: aggregated kernel trace record,kernel __amd_rocclr_fillBufferAligned
MI300X.torch.bitonic_sort.fp16.kernel_trace,agg16:ATen elementwise (unrolled),library/kernel family: ATen elementwise (unrolled),unknown (no ISA for this kernel),unknown (not in aggregated record),unknown,unknown,1 dispatches; WG 128; VGPR 8,outputs/profiling/MI300X/analysis_2026-10-05/data/torch_kernels.json,medium: aggregated kernel trace record,"kernel void (anonymous namespace)::elementwise_kernel_with_index<int, at::native::arange_cuda_out(c10::Scalar const&, c10::Scalar const&, c10::Scalar const&, at::Tensor&)::{lambda()#1}::operator()() const::{"
MI300X.torch.bitonic_sort.fp16.kernel_trace,agg17:ATen vectorized elementwise,library/kernel family: ATen vectorized elementwise,unknown (no ISA for this kernel),unknown (not in aggregated record),unknown,unknown,1 dispatches; WG 256; VGPR 12,outputs/profiling/MI300X/analysis_2026-10-05/data/torch_kernels.json,medium: aggregated kernel trace record,"kernel void at::native::vectorized_elementwise_kernel<8, at::native::FillFunctor<c10::Half>, std::array<char*, 1ul> >(int, at::native::FillFunctor<c10::Half>, std::array<char*, 1ul>)"
MI300X.torch.bitonic_sort.fp16.kernel_trace,agg1:ATen elementwise (unrolled),library/kernel family: ATen elementwise (unrolled),unknown (no ISA for this kernel),unknown (not in aggregated record),unknown,unknown,1200 dispatches; WG 128; VGPR 16,outputs/profiling/MI300X/analysis_2026-10-05/data/torch_kernels.json,medium: aggregated kernel trace record,"kernel void at::native::index_elementwise_kernel<128, 4, at::native::gpu_index_kernel<at::native::index_kernel_impl<at::native::OpaqueType<8> >(at::TensorIteratorBase&, c10::ArrayRef<long>, c10::ArrayRef<lon"
MI300X.torch.bitonic_sort.fp16.kernel_trace,agg2:ATen elementwise (unrolled),library/kernel family: ATen elementwise (unrolled),unknown (no ISA for this kernel),unknown (not in aggregated record),unknown,unknown,1200 dispatches; WG 128; VGPR 16,outputs/profiling/MI300X/analysis_2026-10-05/data/torch_kernels.json,medium: aggregated kernel trace record,"kernel void at::native::index_elementwise_kernel<128, 4, at::native::gpu_index_kernel<at::native::index_kernel_impl<at::native::OpaqueType<2> >(at::TensorIteratorBase&, c10::ArrayRef<long>, c10::ArrayRef<lon"
MI300X.torch.bitonic_sort.fp16.kernel_trace,agg3:ATen vectorized elementwise,library/kernel family: ATen vectorized elementwise,unknown (no ISA for this kernel),unknown (not in aggregated record),unknown,unknown,300 dispatches; WG 256; VGPR 44,outputs/profiling/MI300X/analysis_2026-10-05/data/torch_kernels.json,medium: aggregated kernel trace record,"kernel void at::native::vectorized_elementwise_kernel<4, at::native::AUnaryFunctor<long, long, long, at::native::BitwiseXorFunctor<long> >, std::array<char*, 2ul> >(int, at::native::AUnaryFunctor<long, long,"
MI300X.torch.bitonic_sort.fp16.kernel_trace,agg4:ATen vectorized elementwise,library/kernel family: ATen vectorized elementwise,unknown (no ISA for this kernel),unknown (not in aggregated record),unknown,unknown,300 dispatches; WG 256; VGPR 72,outputs/profiling/MI300X/analysis_2026-10-05/data/torch_kernels.json,medium: aggregated kernel trace record,"kernel void at::native::vectorized_elementwise_kernel<4, at::native::(anonymous namespace)::CompareFunctor<long>, std::array<char*, 3ul> >(int, at::native::(anonymous namespace)::CompareFunctor<long>, std::a"
MI300X.torch.bitonic_sort.fp16.kernel_trace,agg5:rocPRIM/hipCUB,library/kernel family: rocPRIM/hipCUB,unknown (no ISA for this kernel),unknown (not in aggregated record),unknown,unknown,3000 dispatches; WG 256; VGPR 12,outputs/profiling/MI300X/analysis_2026-10-05/data/torch_kernels.json,medium: aggregated kernel trace record,"kernel void rocprim::ROCPRIM_400100_NS::detail::trampoline_kernel<rocprim::ROCPRIM_400100_NS::detail::wrapped_reduce_config<rocprim::ROCPRIM_400100_NS::default_config, int>, (rocprim::ROCPRIM_400100_NS::deta"
MI300X.torch.bitonic_sort.fp16.kernel_trace,agg6:ATen vectorized elementwise,library/kernel family: ATen vectorized elementwise,unknown (no ISA for this kernel),unknown (not in aggregated record),unknown,unknown,300 dispatches; WG 256; VGPR 44,outputs/profiling/MI300X/analysis_2026-10-05/data/torch_kernels.json,medium: aggregated kernel trace record,"kernel void at::native::vectorized_elementwise_kernel<4, at::native::AUnaryFunctor<long, long, long, at::native::BitwiseAndFunctor<long> >, std::array<char*, 2ul> >(int, at::native::AUnaryFunctor<long, long,"
MI300X.torch.bitonic_sort.fp16.kernel_trace,agg7:ATen vectorized elementwise,library/kernel family: ATen vectorized elementwise,unknown (no ISA for this kernel),unknown (not in aggregated record),unknown,unknown,300 dispatches; WG 256; VGPR 36,outputs/profiling/MI300X/analysis_2026-10-05/data/torch_kernels.json,medium: aggregated kernel trace record,"kernel void at::native::vectorized_elementwise_kernel<4, at::native::AUnaryFunctor<long, long, bool, at::native::(anonymous namespace)::CompareEqFunctor<long> >, std::array<char*, 2ul> >(int, at::native::AUn"
MI300X.torch.bitonic_sort.fp16.kernel_trace,agg8:ATen elementwise (unrolled),library/kernel family: ATen elementwise (unrolled),unknown (no ISA for this kernel),unknown (not in aggregated record),unknown,unknown,300 dispatches; WG 128; VGPR 16,outputs/profiling/MI300X/analysis_2026-10-05/data/torch_kernels.json,medium: aggregated kernel trace record,"kernel void at::native::index_elementwise_kernel<128, 4, at::native::gpu_index_kernel<at::native::index_kernel_impl<at::native::OpaqueType<1> >(at::TensorIteratorBase&, c10::ArrayRef<long>, c10::ArrayRef<lon"
MI300X.torch.bitonic_sort.fp16.kernel_trace,agg9:ATen vectorized elementwise,library/kernel family: ATen vectorized elementwise,unknown (no ISA for this kernel),unknown (not in aggregated record),unknown,unknown,600 dispatches; WG 256; VGPR 40,outputs/profiling/MI300X/analysis_2026-10-05/data/torch_kernels.json,medium: aggregated kernel trace record,"kernel void at::native::vectorized_elementwise_kernel<8, at::native::(anonymous namespace)::CompareFunctor<c10::Half>, std::array<char*, 3ul> >(int, at::native::(anonymous namespace)::CompareFunctor<c10::Hal"
MI300X.torch.bitonic_sort.fp32.kernel_trace,agg0:rocPRIM/hipCUB,library/kernel family: rocPRIM/hipCUB,unknown (no ISA for this kernel),unknown (not in aggregated record),unknown,unknown,1500 dispatches; WG 512; VGPR 72,outputs/profiling/MI300X/analysis_2026-10-05/data/torch_kernels.json,medium: aggregated kernel trace record,"kernel void rocprim::ROCPRIM_400100_NS::detail::trampoline_kernel<rocprim::ROCPRIM_400100_NS::detail::wrapped_partition_config<rocprim::ROCPRIM_400100_NS::default_config, (rocprim::ROCPRIM_400100_NS::detail:"
MI300X.torch.bitonic_sort.fp32.kernel_trace,agg10:ATen elementwise (unrolled),library/kernel family: ATen elementwise (unrolled),unknown (no ISA for this kernel),unknown (not in aggregated record),unknown,unknown,300 dispatches; WG 128; VGPR 16,outputs/profiling/MI300X/analysis_2026-10-05/data/torch_kernels.json,medium: aggregated kernel trace record,"kernel void at::native::index_elementwise_kernel<128, 4, at::native::gpu_index_kernel<at::native::index_kernel_impl<at::native::OpaqueType<1> >(at::TensorIteratorBase&, c10::ArrayRef<long>, c10::ArrayRef<lon"
MI300X.torch.bitonic_sort.fp32.kernel_trace,agg11:rocPRIM/hipCUB,library/kernel family: rocPRIM/hipCUB,unknown (no ISA for this kernel),unknown (not in aggregated record),unknown,unknown,1500 dispatches; WG 512; VGPR 8,outputs/profiling/MI300X/analysis_2026-10-05/data/torch_kernels.json,medium: aggregated kernel trace record,"kernel void rocprim::ROCPRIM_400100_NS::detail::trampoline_kernel<rocprim::ROCPRIM_400100_NS::detail::wrapped_transform_config<rocprim::ROCPRIM_400100_NS::default_config, unsigned long, true>, (rocprim::ROCP"
MI300X.torch.bitonic_sort.fp32.kernel_trace,agg12:ATen cat/copy,library/kernel family: ATen cat/copy,unknown (no ISA for this kernel),unknown (not in aggregated record),unknown,unknown,1501 dispatches; WG 512; VGPR 16,outputs/profiling/MI300X/analysis_2026-10-05/data/torch_kernels.json,medium: aggregated kernel trace record,kernel __amd_rocclr_copyBuffer
MI300X.torch.bitonic_sort.fp32.kernel_trace,agg13:rocPRIM/hipCUB,library/kernel family: rocPRIM/hipCUB,unknown (no ISA for this kernel),unknown (not in aggregated record),unknown,unknown,1500 dispatches; WG 256; VGPR 12,outputs/profiling/MI300X/analysis_2026-10-05/data/torch_kernels.json,medium: aggregated kernel trace record,"kernel void rocprim::ROCPRIM_400100_NS::detail::init_lookback_scan_state_kernel<rocprim::ROCPRIM_400100_NS::detail::lookback_scan_state<unsigned long, false, true> const>(rocprim::ROCPRIM_400100_NS::detail::"
MI300X.torch.bitonic_sort.fp32.kernel_trace,agg14:ATen vectorized elementwise,library/kernel family: ATen vectorized elementwise,unknown (no ISA for this kernel),unknown (not in aggregated record),unknown,unknown,300 dispatches; WG 256; VGPR 28,outputs/profiling/MI300X/analysis_2026-10-05/data/torch_kernels.json,medium: aggregated kernel trace record,"kernel void at::native::vectorized_elementwise_kernel<16, at::native::(anonymous namespace)::where_kernel_impl(at::TensorIterator&)::{lambda()#1}::operator()() const::{lambda()#4}::operator()() const::{lambd"
MI300X.torch.bitonic_sort.fp32.kernel_trace,agg15:other,library/kernel family: other,unknown (no ISA for this kernel),unknown (not in aggregated record),unknown,unknown,1500 dispatches; WG 256; VGPR 12,outputs/profiling/MI300X/analysis_2026-10-05/data/torch_kernels.json,medium: aggregated kernel trace record,kernel __amd_rocclr_fillBufferAligned
MI300X.torch.bitonic_sort.fp32.kernel_trace,agg16:ATen elementwise (unrolled),library/kernel family: ATen elementwise (unrolled),unknown (no ISA for this kernel),unknown (not in aggregated record),unknown,unknown,1 dispatches; WG 128; VGPR 8,outputs/profiling/MI300X/analysis_2026-10-05/data/torch_kernels.json,medium: aggregated kernel trace record,"kernel void (anonymous namespace)::elementwise_kernel_with_index<int, at::native::arange_cuda_out(c10::Scalar const&, c10::Scalar const&, c10::Scalar const&, at::Tensor&)::{lambda()#1}::operator()() const::{"
MI300X.torch.bitonic_sort.fp32.kernel_trace,agg17:ATen vectorized elementwise,library/kernel family: ATen vectorized elementwise,unknown (no ISA for this kernel),unknown (not in aggregated record),unknown,unknown,1 dispatches; WG 256; VGPR 12,outputs/profiling/MI300X/analysis_2026-10-05/data/torch_kernels.json,medium: aggregated kernel trace record,"kernel void at::native::vectorized_elementwise_kernel<4, at::native::FillFunctor<float>, std::array<char*, 1ul> >(int, at::native::FillFunctor<float>, std::array<char*, 1ul>)"
MI300X.torch.bitonic_sort.fp32.kernel_trace,agg1:ATen elementwise (unrolled),library/kernel family: ATen elementwise (unrolled),unknown (no ISA for this kernel),unknown (not in aggregated record),unknown,unknown,1200 dispatches; WG 128; VGPR 16,outputs/profiling/MI300X/analysis_2026-10-05/data/torch_kernels.json,medium: aggregated kernel trace record,"kernel void at::native::index_elementwise_kernel<128, 4, at::native::gpu_index_kernel<at::native::index_kernel_impl<at::native::OpaqueType<8> >(at::TensorIteratorBase&, c10::ArrayRef<long>, c10::ArrayRef<lon"
MI300X.torch.bitonic_sort.fp32.kernel_trace,agg2:ATen elementwise (unrolled),library/kernel family: ATen elementwise (unrolled),unknown (no ISA for this kernel),unknown (not in aggregated record),unknown,unknown,1200 dispatches; WG 128; VGPR 16,outputs/profiling/MI300X/analysis_2026-10-05/data/torch_kernels.json,medium: aggregated kernel trace record,"kernel void at::native::index_elementwise_kernel<128, 4, at::native::gpu_index_kernel<at::native::index_kernel_impl<at::native::OpaqueType<4> >(at::TensorIteratorBase&, c10::ArrayRef<long>, c10::ArrayRef<lon"
MI300X.torch.bitonic_sort.fp32.kernel_trace,agg3:ATen vectorized elementwise,library/kernel family: ATen vectorized elementwise,unknown (no ISA for this kernel),unknown (not in aggregated record),unknown,unknown,300 dispatches; WG 256; VGPR 44,outputs/profiling/MI300X/analysis_2026-10-05/data/torch_kernels.json,medium: aggregated kernel trace record,"kernel void at::native::vectorized_elementwise_kernel<4, at::native::AUnaryFunctor<long, long, long, at::native::BitwiseXorFunctor<long> >, std::array<char*, 2ul> >(int, at::native::AUnaryFunctor<long, long,"
MI300X.torch.bitonic_sort.fp32.kernel_trace,agg4:ATen vectorized elementwise,library/kernel family: ATen vectorized elementwise,unknown (no ISA for this kernel),unknown (not in aggregated record),unknown,unknown,300 dispatches; WG 256; VGPR 72,outputs/profiling/MI300X/analysis_2026-10-05/data/torch_kernels.json,medium: aggregated kernel trace record,"kernel void at::native::vectorized_elementwise_kernel<4, at::native::(anonymous namespace)::CompareFunctor<long>, std::array<char*, 3ul> >(int, at::native::(anonymous namespace)::CompareFunctor<long>, std::a"
MI300X.torch.bitonic_sort.fp32.kernel_trace,agg5:rocPRIM/hipCUB,library/kernel family: rocPRIM/hipCUB,unknown (no ISA for this kernel),unknown (not in aggregated record),unknown,unknown,3000 dispatches; WG 256; VGPR 12,outputs/profiling/MI300X/analysis_2026-10-05/data/torch_kernels.json,medium: aggregated kernel trace record,"kernel void rocprim::ROCPRIM_400100_NS::detail::trampoline_kernel<rocprim::ROCPRIM_400100_NS::detail::wrapped_reduce_config<rocprim::ROCPRIM_400100_NS::default_config, int>, (rocprim::ROCPRIM_400100_NS::deta"
MI300X.torch.bitonic_sort.fp32.kernel_trace,agg6:ATen vectorized elementwise,library/kernel family: ATen vectorized elementwise,unknown (no ISA for this kernel),unknown (not in aggregated record),unknown,unknown,300 dispatches; WG 256; VGPR 44,outputs/profiling/MI300X/analysis_2026-10-05/data/torch_kernels.json,medium: aggregated kernel trace record,"kernel void at::native::vectorized_elementwise_kernel<4, at::native::AUnaryFunctor<long, long, long, at::native::BitwiseAndFunctor<long> >, std::array<char*, 2ul> >(int, at::native::AUnaryFunctor<long, long,"
MI300X.torch.bitonic_sort.fp32.kernel_trace,agg7:ATen vectorized elementwise,library/kernel family: ATen vectorized elementwise,unknown (no ISA for this kernel),unknown (not in aggregated record),unknown,unknown,600 dispatches; WG 256; VGPR 40,outputs/profiling/MI300X/analysis_2026-10-05/data/torch_kernels.json,medium: aggregated kernel trace record,"kernel void at::native::vectorized_elementwise_kernel<4, at::native::(anonymous namespace)::CompareFunctor<float>, std::array<char*, 3ul> >(int, at::native::(anonymous namespace)::CompareFunctor<float>, std:"
MI300X.torch.bitonic_sort.fp32.kernel_trace,agg8:ATen elementwise (unrolled),library/kernel family: ATen elementwise (unrolled),unknown (no ISA for this kernel),unknown (not in aggregated record),unknown,unknown,600 dispatches; WG 128; VGPR 16,outputs/profiling/MI300X/analysis_2026-10-05/data/torch_kernels.json,medium: aggregated kernel trace record,"kernel void at::native::index_elementwise_kernel<128, 4, at::native::gpu_index_kernel<at::native::index_put_kernel_impl<at::native::OpaqueType<4> >(at::TensorIterator&, c10::ArrayRef<long>, c10::ArrayRef<lon"
MI300X.torch.bitonic_sort.fp32.kernel_trace,agg9:ATen vectorized elementwise,library/kernel family: ATen vectorized elementwise,unknown (no ISA for this kernel),unknown (not in aggregated record),unknown,unknown,300 dispatches; WG 256; VGPR 36,outputs/profiling/MI300X/analysis_2026-10-05/data/torch_kernels.json,medium: aggregated kernel trace record,"kernel void at::native::vectorized_elementwise_kernel<4, at::native::AUnaryFunctor<long, long, bool, at::native::(anonymous namespace)::CompareEqFunctor<long> >, std::array<char*, 2ul> >(int, at::native::AUn"
MI300X.torch.block_sparse_attention.fp16.kernel_trace,0:aotriton / Triton (torch),library/kernel family: aotriton / Triton (torch),unknown (no ISA for this kernel),LDS 0 B; scratch 0 B,unknown,unknown,"grid 655360 work-items, WG 512; VGPR 116 AGPR 132 SGPR 112",outputs/profiling/MI300X/analysis_2026-10-05/data/torch_kernels.json,medium: kernel trace record only,kernel triton_tem_fused_flex_attention_0
MI300X.torch.cross_entropy.fp16.kernel_trace,0:ATen softmax,library/kernel family: ATen softmax,unknown (no ISA for this kernel),LDS 0 B; scratch 0 B,unknown,unknown,"grid 655360 work-items, WG 128; VGPR 24 AGPR 0 SGPR 32",outputs/profiling/MI300X/analysis_2026-10-05/data/torch_kernels.json,medium: kernel trace record only,"kernel void (anonymous namespace)::softmax_warp_forward<c10::Half, c10::Half, float, 9, true, false>(c10::Half*, c10::Half const*, int, int, int, bool const*, int, bool)"
MI300X.torch.cross_entropy.fp16.kernel_trace,1:ATen vectorized elementwise,library/kernel family: ATen vectorized elementwise,unknown (no ISA for this kernel),LDS 0 B; scratch 0 B,unknown,unknown,"grid 256 work-items, WG 256; VGPR 12 AGPR 4 SGPR 32",outputs/profiling/MI300X/analysis_2026-10-05/data/torch_kernels.json,medium: kernel trace record only,"kernel void at::native::vectorized_elementwise_kernel<8, at::native::FillFunctor<c10::Half>, std::array<char*, 1ul> >(int, at::native::FillFunctor<c10::Half>, std::array<char*, 1ul>)"
MI300X.torch.cross_entropy.fp16.kernel_trace,2:other,library/kernel family: other,unknown (no ISA for this kernel),LDS 0 B; scratch 0 B,unknown,unknown,"grid 10240 work-items, WG 1024; VGPR 16 AGPR 0 SGPR 48",outputs/profiling/MI300X/analysis_2026-10-05/data/torch_kernels.json,medium: kernel trace record only,"kernel void at::native::(anonymous namespace)::nll_loss_forward_no_reduce_cuda_kernel<c10::Half, long>(long, torch::headeronly::detail::GenericPackedTensorAccessor<torch::headeronly::detail::TensorAccessor<c"
MI300X.torch.cross_entropy.fp32.kernel_trace,0:ATen softmax,library/kernel family: ATen softmax,unknown (no ISA for this kernel),LDS 0 B; scratch 0 B,unknown,unknown,"grid 655360 work-items, WG 128; VGPR 24 AGPR 0 SGPR 32",outputs/profiling/MI300X/analysis_2026-10-05/data/torch_kernels.json,medium: kernel trace record only,"kernel void (anonymous namespace)::softmax_warp_forward<float, float, float, 9, true, false>(float*, float const*, int, int, int, bool const*, int, bool)"
MI300X.torch.cross_entropy.fp32.kernel_trace,1:ATen vectorized elementwise,library/kernel family: ATen vectorized elementwise,unknown (no ISA for this kernel),LDS 0 B; scratch 0 B,unknown,unknown,"grid 256 work-items, WG 256; VGPR 12 AGPR 4 SGPR 32",outputs/profiling/MI300X/analysis_2026-10-05/data/torch_kernels.json,medium: kernel trace record only,"kernel void at::native::vectorized_elementwise_kernel<4, at::native::FillFunctor<float>, std::array<char*, 1ul> >(int, at::native::FillFunctor<float>, std::array<char*, 1ul>)"
MI300X.torch.cross_entropy.fp32.kernel_trace,2:other,library/kernel family: other,unknown (no ISA for this kernel),LDS 0 B; scratch 0 B,unknown,unknown,"grid 10240 work-items, WG 1024; VGPR 16 AGPR 0 SGPR 48",outputs/profiling/MI300X/analysis_2026-10-05/data/torch_kernels.json,medium: kernel trace record only,"kernel void at::native::(anonymous namespace)::nll_loss_forward_no_reduce_cuda_kernel<float, long>(long, torch::headeronly::detail::GenericPackedTensorAccessor<torch::headeronly::detail::TensorAccessor<c10::"
MI300X.torch.dequantize_rowwise.int8.kernel_trace,0:ATen elementwise (unrolled),library/kernel family: ATen elementwise (unrolled),unknown (no ISA for this kernel),LDS 0 B; scratch 0 B,unknown,unknown,"grid 8388608 work-items, WG 128; VGPR 28 AGPR 4 SGPR 96",outputs/profiling/MI300X/analysis_2026-10-05/data/torch_kernels.json,medium: kernel trace record only,"kernel void at::native::elementwise_kernel_manual_unroll<128, 4, at::native::gpu_kernel_impl<at::native::BinaryFunctor<float, float, float, at::native::binary_internal::MulFunctor<float> > >(at::TensorIterat"
MI300X.torch.dequantize_rowwise.int8.kernel_trace,1:ATen vectorized elementwise,library/kernel family: ATen vectorized elementwise,unknown (no ISA for this kernel),LDS 0 B; scratch 0 B,unknown,unknown,"grid 2097152 work-items, WG 256; VGPR 24 AGPR 0 SGPR 32",outputs/profiling/MI300X/analysis_2026-10-05/data/torch_kernels.json,medium: kernel trace record only,"kernel void at::native::vectorized_elementwise_kernel<4, at::native::AUnaryFunctor<float, float, float, at::native::binary_internal::MulFunctor<float> >, std::array<char*, 2ul> >(int, at::native::AUnaryFunct"
MI300X.torch.dequantize_rowwise.int8.kernel_trace,2:ATen vectorized elementwise,library/kernel family: ATen vectorized elementwise,unknown (no ISA for this kernel),LDS 0 B; scratch 0 B,unknown,unknown,"grid 2097152 work-items, WG 256; VGPR 24 AGPR 0 SGPR 32",outputs/profiling/MI300X/analysis_2026-10-05/data/torch_kernels.json,medium: kernel trace record only,"kernel void at::native::vectorized_elementwise_kernel<4, at::native::float16_copy_kernel_cuda(at::TensorIteratorBase&)::{lambda(float)#1}, std::array<char*, 2ul> >(int, at::native::float16_copy_kernel_cuda(a"
MI300X.torch.destindex.bf16.kernel_trace,0:ATen elementwise (unrolled),library/kernel family: ATen elementwise (unrolled),unknown (no ISA for this kernel),LDS 0 B; scratch 0 B,unknown,unknown,"grid 15728640 work-items, WG 128; VGPR 16 AGPR 0 SGPR 80",outputs/profiling/MI300X/analysis_2026-10-05/data/torch_kernels.json,medium: kernel trace record only,"kernel void at::native::index_elementwise_kernel<128, 4, at::native::index_copy_kernel_impl<at::native::OpaqueType<2> >(at::TensorIterator&, long, long, long)::{lambda(int)#1}>(long, at::native::index_copy_k"
MI300X.torch.destindex.bf16.kernel_trace,1:ATen elementwise (unrolled),library/kernel family: ATen elementwise (unrolled),unknown (no ISA for this kernel),LDS 0 B; scratch 0 B,unknown,unknown,"grid 655360 work-items, WG 128; VGPR 16 AGPR 0 SGPR 80",outputs/profiling/MI300X/analysis_2026-10-05/data/torch_kernels.json,medium: kernel trace record only,"kernel void at::native::index_elementwise_kernel<128, 4, at::native::index_copy_kernel_impl<at::native::OpaqueType<2> >(at::TensorIterator&, long, long, long)::{lambda(int)#1}>(long, at::native::index_copy_k"
MI300X.torch.destindex.fp16.kernel_trace,0:ATen elementwise (unrolled),library/kernel family: ATen elementwise (unrolled),unknown (no ISA for this kernel),LDS 0 B; scratch 0 B,unknown,unknown,"grid 15728640 work-items, WG 128; VGPR 16 AGPR 0 SGPR 80",outputs/profiling/MI300X/analysis_2026-10-05/data/torch_kernels.json,medium: kernel trace record only,"kernel void at::native::index_elementwise_kernel<128, 4, at::native::index_copy_kernel_impl<at::native::OpaqueType<2> >(at::TensorIterator&, long, long, long)::{lambda(int)#1}>(long, at::native::index_copy_k"
MI300X.torch.destindex.fp16.kernel_trace,1:ATen elementwise (unrolled),library/kernel family: ATen elementwise (unrolled),unknown (no ISA for this kernel),LDS 0 B; scratch 0 B,unknown,unknown,"grid 655360 work-items, WG 128; VGPR 16 AGPR 0 SGPR 80",outputs/profiling/MI300X/analysis_2026-10-05/data/torch_kernels.json,medium: kernel trace record only,"kernel void at::native::index_elementwise_kernel<128, 4, at::native::index_copy_kernel_impl<at::native::OpaqueType<2> >(at::TensorIterator&, long, long, long)::{lambda(int)#1}>(long, at::native::index_copy_k"
MI300X.torch.destindex.fp32.kernel_trace,0:ATen elementwise (unrolled),library/kernel family: ATen elementwise (unrolled),unknown (no ISA for this kernel),LDS 0 B; scratch 0 B,unknown,unknown,"grid 15728640 work-items, WG 128; VGPR 16 AGPR 0 SGPR 80",outputs/profiling/MI300X/analysis_2026-10-05/data/torch_kernels.json,medium: kernel trace record only,"kernel void at::native::index_elementwise_kernel<128, 4, at::native::index_copy_kernel_impl<at::native::OpaqueType<4> >(at::TensorIterator&, long, long, long)::{lambda(int)#1}>(long, at::native::index_copy_k"
MI300X.torch.destindex.fp32.kernel_trace,1:ATen elementwise (unrolled),library/kernel family: ATen elementwise (unrolled),unknown (no ISA for this kernel),LDS 0 B; scratch 0 B,unknown,unknown,"grid 655360 work-items, WG 128; VGPR 16 AGPR 0 SGPR 80",outputs/profiling/MI300X/analysis_2026-10-05/data/torch_kernels.json,medium: kernel trace record only,"kernel void at::native::index_elementwise_kernel<128, 4, at::native::index_copy_kernel_impl<at::native::OpaqueType<4> >(at::TensorIterator&, long, long, long)::{lambda(int)#1}>(long, at::native::index_copy_k"
MI300X.torch.destindex.int8.kernel_trace,0:ATen elementwise (unrolled),library/kernel family: ATen elementwise (unrolled),unknown (no ISA for this kernel),LDS 0 B; scratch 0 B,unknown,unknown,"grid 15728640 work-items, WG 128; VGPR 16 AGPR 0 SGPR 80",outputs/profiling/MI300X/analysis_2026-10-05/data/torch_kernels.json,medium: kernel trace record only,"kernel void at::native::index_elementwise_kernel<128, 4, at::native::index_copy_kernel_impl<at::native::OpaqueType<1> >(at::TensorIterator&, long, long, long)::{lambda(int)#1}>(long, at::native::index_copy_k"
MI300X.torch.destindex.int8.kernel_trace,1:ATen elementwise (unrolled),library/kernel family: ATen elementwise (unrolled),unknown (no ISA for this kernel),LDS 0 B; scratch 0 B,unknown,unknown,"grid 655360 work-items, WG 128; VGPR 16 AGPR 0 SGPR 80",outputs/profiling/MI300X/analysis_2026-10-05/data/torch_kernels.json,medium: kernel trace record only,"kernel void at::native::index_elementwise_kernel<128, 4, at::native::index_copy_kernel_impl<at::native::OpaqueType<1> >(at::TensorIterator&, long, long, long)::{lambda(int)#1}>(long, at::native::index_copy_k"
MI300X.torch.dropout.bf16.kernel_trace,0:ATen vectorized elementwise,library/kernel family: ATen vectorized elementwise,unknown (no ISA for this kernel),LDS 0 B; scratch 0 B,unknown,unknown,"grid 1310720 work-items, WG 256; VGPR 40 AGPR 0 SGPR 32",outputs/profiling/MI300X/analysis_2026-10-05/data/torch_kernels.json,medium: kernel trace record only,"kernel void at::native::vectorized_elementwise_kernel<8, at::native::BinaryFunctor<c10::BFloat16, c10::BFloat16, c10::BFloat16, at::native::binary_internal::MulFunctor<float> >, std::array<char*, 3ul> >(int,"
MI300X.torch.dropout.bf16.kernel_trace,1:ATen vectorized elementwise,library/kernel family: ATen vectorized elementwise,unknown (no ISA for this kernel),LDS 0 B; scratch 0 B,unknown,unknown,"grid 1310720 work-items, WG 256; VGPR 28 AGPR 4 SGPR 32",outputs/profiling/MI300X/analysis_2026-10-05/data/torch_kernels.json,medium: kernel trace record only,"kernel void at::native::vectorized_elementwise_kernel<8, at::native::AUnaryFunctor<c10::BFloat16, c10::BFloat16, c10::BFloat16, at::native::binary_internal::MulFunctor<float> >, std::array<char*, 2ul> >(int,"
MI300X.torch.dropout.fp16.kernel_trace,0:ATen vectorized elementwise,library/kernel family: ATen vectorized elementwise,unknown (no ISA for this kernel),LDS 0 B; scratch 0 B,unknown,unknown,"grid 1310720 work-items, WG 256; VGPR 40 AGPR 0 SGPR 32",outputs/profiling/MI300X/analysis_2026-10-05/data/torch_kernels.json,medium: kernel trace record only,"kernel void at::native::vectorized_elementwise_kernel<8, at::native::BinaryFunctor<c10::Half, c10::Half, c10::Half, at::native::binary_internal::MulFunctor<float> >, std::array<char*, 3ul> >(int, at::native:"
MI300X.torch.dropout.fp16.kernel_trace,1:ATen vectorized elementwise,library/kernel family: ATen vectorized elementwise,unknown (no ISA for this kernel),LDS 0 B; scratch 0 B,unknown,unknown,"grid 1310720 work-items, WG 256; VGPR 24 AGPR 0 SGPR 32",outputs/profiling/MI300X/analysis_2026-10-05/data/torch_kernels.json,medium: kernel trace record only,"kernel void at::native::vectorized_elementwise_kernel<8, at::native::AUnaryFunctor<c10::Half, c10::Half, c10::Half, at::native::binary_internal::MulFunctor<float> >, std::array<char*, 2ul> >(int, at::native:"
MI300X.torch.dropout.fp32.kernel_trace,0:ATen vectorized elementwise,library/kernel family: ATen vectorized elementwise,unknown (no ISA for this kernel),LDS 0 B; scratch 0 B,unknown,unknown,"grid 1310720 work-items, WG 256; VGPR 40 AGPR 0 SGPR 32",outputs/profiling/MI300X/analysis_2026-10-05/data/torch_kernels.json,medium: kernel trace record only,"kernel void at::native::vectorized_elementwise_kernel<4, at::native::BinaryFunctor<float, float, float, at::native::binary_internal::MulFunctor<float> >, std::array<char*, 3ul> >(int, at::native::BinaryFunct"
MI300X.torch.dropout.fp32.kernel_trace,1:ATen vectorized elementwise,library/kernel family: ATen vectorized elementwise,unknown (no ISA for this kernel),LDS 0 B; scratch 0 B,unknown,unknown,"grid 1310720 work-items, WG 256; VGPR 24 AGPR 0 SGPR 32",outputs/profiling/MI300X/analysis_2026-10-05/data/torch_kernels.json,medium: kernel trace record only,"kernel void at::native::vectorized_elementwise_kernel<4, at::native::AUnaryFunctor<float, float, float, at::native::binary_internal::MulFunctor<float> >, std::array<char*, 2ul> >(int, at::native::AUnaryFunct"
MI300X.torch.flash_attention.fp16.kernel_trace,0:ATen vectorized elementwise,library/kernel family: ATen vectorized elementwise,unknown (no ISA for this kernel),LDS 0 B; scratch 0 B,unknown,unknown,"grid 256 work-items, WG 256; VGPR 12 AGPR 4 SGPR 32",outputs/profiling/MI300X/analysis_2026-10-05/data/torch_kernels.json,medium: kernel trace record only,"kernel void at::native::vectorized_elementwise_kernel<4, at::native::FillFunctor<int>, std::array<char*, 1ul> >(int, at::native::FillFunctor<int>, std::array<char*, 1ul>)"
MI300X.torch.flash_attention.fp16.kernel_trace,1:aotriton / Triton (torch),library/kernel family: aotriton / Triton (torch),unknown (no ISA for this kernel),LDS 0 B; scratch 64 B,unknown,unknown,"grid 155648 work-items, WG 256; VGPR 128 AGPR 384 SGPR 112",outputs/profiling/MI300X/analysis_2026-10-05/data/torch_kernels.json,medium: kernel trace record only,kernel attn_fwd
MI300X.torch.flash_decode.fp32.kernel_trace,0:ATen vectorized elementwise,library/kernel family: ATen vectorized elementwise,unknown (no ISA for this kernel),LDS 0 B; scratch 0 B,unknown,unknown,"grid 256 work-items, WG 256; VGPR 24 AGPR 0 SGPR 32",outputs/profiling/MI300X/analysis_2026-10-05/data/torch_kernels.json,medium: kernel trace record only,"kernel void at::native::vectorized_elementwise_kernel<4, at::native::CUDAFunctorOnSelf_add<int>, std::array<char*, 2ul> >(int, at::native::CUDAFunctorOnSelf_add<int>, std::array<char*, 2ul>)"
MI300X.torch.flash_decode.fp32.kernel_trace,10:ATen elementwise (unrolled),library/kernel family: ATen elementwise (unrolled),unknown (no ISA for this kernel),LDS 0 B; scratch 0 B,unknown,unknown,"grid 1280 work-items, WG 128; VGPR 28 AGPR 4 SGPR 64",outputs/profiling/MI300X/analysis_2026-10-05/data/torch_kernels.json,medium: kernel trace record only,"kernel void at::native::elementwise_kernel_manual_unroll<128, 4, at::native::gpu_kernel_impl_nocast<at::native::CUDAFunctor_add<float> >(at::TensorIteratorBase&, at::native::CUDAFunctor_add<float> const&)::{"
MI300X.torch.flash_decode.fp32.kernel_trace,11:ATen vectorized elementwise,library/kernel family: ATen vectorized elementwise,unknown (no ISA for this kernel),LDS 0 B; scratch 0 B,unknown,unknown,"grid 512 work-items, WG 256; VGPR 36 AGPR 4 SGPR 32",outputs/profiling/MI300X/analysis_2026-10-05/data/torch_kernels.json,medium: kernel trace record only,"kernel void at::native::vectorized_elementwise_kernel<4, at::native::exp_kernel_cuda(at::TensorIteratorBase&)::{lambda()#2}::operator()() const::{lambda()#2}::operator()() const::{lambda(float)#1}, std::arra"
MI300X.torch.flash_decode.fp32.kernel_trace,12:ATen vectorized elementwise,library/kernel family: ATen vectorized elementwise,unknown (no ISA for this kernel),LDS 0 B; scratch 0 B,unknown,unknown,"grid 256 work-items, WG 256; VGPR 20 AGPR 4 SGPR 64",outputs/profiling/MI300X/analysis_2026-10-05/data/torch_kernels.json,medium: kernel trace record only,"kernel void at::native::vectorized_elementwise_kernel<16, at::native::bitwise_not_kernel_cuda(at::TensorIteratorBase&)::{lambda(bool)#1}, std::array<char*, 2ul> >(int, at::native::bitwise_not_kernel_cuda(at:"
MI300X.torch.flash_decode.fp32.kernel_trace,13:ATen cat/copy,library/kernel family: ATen cat/copy,unknown (no ISA for this kernel),LDS 0 B; scratch 0 B,unknown,unknown,"grid 1536 work-items, WG 512; VGPR 16 AGPR 0 SGPR 32",outputs/profiling/MI300X/analysis_2026-10-05/data/torch_kernels.json,medium: kernel trace record only,kernel __amd_rocclr_copyBuffer
MI300X.torch.flash_decode.fp32.kernel_trace,14:ATen elementwise (unrolled),library/kernel family: ATen elementwise (unrolled),unknown (no ISA for this kernel),LDS 0 B; scratch 0 B,unknown,unknown,"grid 1280 work-items, WG 128; VGPR 28 AGPR 4 SGPR 64",outputs/profiling/MI300X/analysis_2026-10-05/data/torch_kernels.json,medium: kernel trace record only,"kernel void at::native::elementwise_kernel_manual_unroll<128, 4, at::native::gpu_kernel_impl_nocast<at::native::(anonymous namespace)::masked_fill_kernel(at::TensorIterator&, c10::Scalar const&)::{lambda()#1"
MI300X.torch.flash_decode.fp32.kernel_trace,15:ATen elementwise (unrolled),library/kernel family: ATen elementwise (unrolled),unknown (no ISA for this kernel),LDS 0 B; scratch 0 B,unknown,unknown,"grid 163840 work-items, WG 128; VGPR 28 AGPR 4 SGPR 64",outputs/profiling/MI300X/analysis_2026-10-05/data/torch_kernels.json,medium: kernel trace record only,"kernel void at::native::elementwise_kernel_manual_unroll<128, 4, at::native::gpu_kernel_impl_nocast<at::native::BinaryFunctor<float, float, float, at::native::binary_internal::MulFunctor<float> > >(at::Tenso"
MI300X.torch.flash_decode.fp32.kernel_trace,16:ATen reduce,library/kernel family: ATen reduce,unknown (no ISA for this kernel),LDS 512 B; scratch 0 B,unknown,unknown,"grid 1024 work-items, WG 128; VGPR 52 AGPR 4 SGPR 80",outputs/profiling/MI300X/analysis_2026-10-05/data/torch_kernels.json,medium: kernel trace record only,"kernel void at::native::reduce_kernel<128, 4, at::native::ReduceOp<float, at::native::func_wrapper_t<float, at::native::sum_functor<float, float, float>::operator()(at::TensorIterator&)::{lambda(float, float"
MI300X.torch.flash_decode.fp32.kernel_trace,17:ATen reduce,library/kernel family: ATen reduce,unknown (no ISA for this kernel),LDS 512 B; scratch 0 B,unknown,unknown,"grid 1024 work-items, WG 512; VGPR 28 AGPR 4 SGPR 80",outputs/profiling/MI300X/analysis_2026-10-05/data/torch_kernels.json,medium: kernel trace record only,"kernel void at::native::reduce_kernel<512, 1, at::native::ReduceOp<float, at::native::func_wrapper_t<float, at::native::sum_functor<float, float, float>::operator()(at::TensorIterator&)::{lambda(float, float"
MI300X.torch.flash_decode.fp32.kernel_trace,18:ATen vectorized elementwise,library/kernel family: ATen vectorized elementwise,unknown (no ISA for this kernel),LDS 0 B; scratch 0 B,unknown,unknown,"grid 256 work-items, WG 256; VGPR 28 AGPR 4 SGPR 32",outputs/profiling/MI300X/analysis_2026-10-05/data/torch_kernels.json,medium: kernel trace record only,"kernel void at::native::vectorized_elementwise_kernel<4, at::native::CUDAFunctorOnSelf_add<float>, std::array<char*, 2ul> >(int, at::native::CUDAFunctorOnSelf_add<float>, std::array<char*, 2ul>)"
MI300X.torch.flash_decode.fp32.kernel_trace,19:ATen elementwise (unrolled),library/kernel family: ATen elementwise (unrolled),unknown (no ISA for this kernel),LDS 0 B; scratch 0 B,unknown,unknown,"grid 512 work-items, WG 128; VGPR 32 AGPR 0 SGPR 64",outputs/profiling/MI300X/analysis_2026-10-05/data/torch_kernels.json,medium: kernel trace record only,"kernel void at::native::elementwise_kernel_manual_unroll<128, 4, at::native::gpu_kernel_impl_nocast<at::native::BinaryFunctor<float, float, float, at::native::binary_internal::DivFunctor<float> > >(at::Tenso"
MI300X.torch.flash_decode.fp32.kernel_trace,1:ATen vectorized elementwise,library/kernel family: ATen vectorized elementwise,unknown (no ISA for this kernel),LDS 0 B; scratch 0 B,unknown,unknown,"grid 256 work-items, WG 256; VGPR 24 AGPR 0 SGPR 32",outputs/profiling/MI300X/analysis_2026-10-05/data/torch_kernels.json,medium: kernel trace record only,"kernel void at::native::vectorized_elementwise_kernel<4, at::native::CUDAFunctorOnSelf_add<int>, std::array<char*, 2ul> >(int, at::native::CUDAFunctorOnSelf_add<int>, std::array<char*, 2ul>)"
MI300X.torch.flash_decode.fp32.kernel_trace,2:ATen vectorized elementwise,library/kernel family: ATen vectorized elementwise,unknown (no ISA for this kernel),LDS 0 B; scratch 0 B,unknown,unknown,"grid 256 work-items, WG 256; VGPR 24 AGPR 0 SGPR 32",outputs/profiling/MI300X/analysis_2026-10-05/data/torch_kernels.json,medium: kernel trace record only,"kernel void at::native::vectorized_elementwise_kernel<4, at::native::BUnaryFunctor<int, int, int, at::native::binary_internal::div_floor_kernel_cuda(at::TensorIteratorBase&)::{lambda()#1}::operator()() const"
MI300X.torch.flash_decode.fp32.kernel_trace,3:ATen elementwise (unrolled),library/kernel family: ATen elementwise (unrolled),unknown (no ISA for this kernel),LDS 0 B; scratch 0 B,unknown,unknown,"grid 384 work-items, WG 128; VGPR 8 AGPR 0 SGPR 16",outputs/profiling/MI300X/analysis_2026-10-05/data/torch_kernels.json,medium: kernel trace record only,"kernel void (anonymous namespace)::elementwise_kernel_with_index<int, at::native::arange_cuda_out(c10::Scalar const&, c10::Scalar const&, c10::Scalar const&, at::Tensor&)::{lambda()#1}::operator()() const::{"
MI300X.torch.flash_decode.fp32.kernel_trace,4:ATen elementwise (unrolled),library/kernel family: ATen elementwise (unrolled),unknown (no ISA for this kernel),LDS 0 B; scratch 0 B,unknown,unknown,"grid 256 work-items, WG 128; VGPR 32 AGPR 0 SGPR 96",outputs/profiling/MI300X/analysis_2026-10-05/data/torch_kernels.json,medium: kernel trace record only,"kernel void at::native::elementwise_kernel_manual_unroll<128, 4, at::native::gpu_kernel_impl<at::native::(anonymous namespace)::CompareFunctor<long> >(at::TensorIteratorBase&, at::native::(anonymous namespac"
MI300X.torch.flash_decode.fp32.kernel_trace,5:ATen cat/copy,library/kernel family: ATen cat/copy,unknown (no ISA for this kernel),LDS 0 B; scratch 0 B,unknown,unknown,"grid 1536 work-items, WG 512; VGPR 16 AGPR 0 SGPR 32",outputs/profiling/MI300X/analysis_2026-10-05/data/torch_kernels.json,medium: kernel trace record only,kernel __amd_rocclr_copyBuffer
MI300X.torch.flash_decode.fp32.kernel_trace,6:ATen vectorized elementwise,library/kernel family: ATen vectorized elementwise,unknown (no ISA for this kernel),LDS 0 B; scratch 0 B,unknown,unknown,"grid 256 work-items, WG 256; VGPR 20 AGPR 4 SGPR 64",outputs/profiling/MI300X/analysis_2026-10-05/data/torch_kernels.json,medium: kernel trace record only,"kernel void at::native::vectorized_elementwise_kernel<16, at::native::bitwise_not_kernel_cuda(at::TensorIteratorBase&)::{lambda(bool)#1}, std::array<char*, 2ul> >(int, at::native::bitwise_not_kernel_cuda(at:"
MI300X.torch.flash_decode.fp32.kernel_trace,7:ATen cat/copy,library/kernel family: ATen cat/copy,unknown (no ISA for this kernel),LDS 0 B; scratch 0 B,unknown,unknown,"grid 1536 work-items, WG 512; VGPR 16 AGPR 0 SGPR 32",outputs/profiling/MI300X/analysis_2026-10-05/data/torch_kernels.json,medium: kernel trace record only,kernel __amd_rocclr_copyBuffer
MI300X.torch.flash_decode.fp32.kernel_trace,8:ATen elementwise (unrolled),library/kernel family: ATen elementwise (unrolled),unknown (no ISA for this kernel),LDS 0 B; scratch 0 B,unknown,unknown,"grid 1280 work-items, WG 128; VGPR 28 AGPR 4 SGPR 64",outputs/profiling/MI300X/analysis_2026-10-05/data/torch_kernels.json,medium: kernel trace record only,"kernel void at::native::elementwise_kernel_manual_unroll<128, 4, at::native::gpu_kernel_impl_nocast<at::native::(anonymous namespace)::masked_fill_kernel(at::TensorIterator&, c10::Scalar const&)::{lambda()#1"
MI300X.torch.flash_decode.fp32.kernel_trace,9:ATen reduce,library/kernel family: ATen reduce,unknown (no ISA for this kernel),LDS 512 B; scratch 0 B,unknown,unknown,"grid 1024 work-items, WG 512; VGPR 40 AGPR 0 SGPR 80",outputs/profiling/MI300X/analysis_2026-10-05/data/torch_kernels.json,medium: kernel trace record only,"kernel void at::native::reduce_kernel<512, 1, at::native::ReduceOp<float, at::native::MaxOps<float>, unsigned int, float, 4, 4> >(at::native::ReduceOp<float, at::native::MaxOps<float>, unsigned int, float, 4"
MI300X.torch.fused_activation.fp32.kernel_trace,0:ATen vectorized elementwise,library/kernel family: ATen vectorized elementwise,unknown (no ISA for this kernel),LDS 0 B; scratch 0 B,unknown,unknown,"grid 1310720 work-items, WG 256; VGPR 40 AGPR 0 SGPR 32",outputs/profiling/MI300X/analysis_2026-10-05/data/torch_kernels.json,medium: kernel trace record only,"kernel void at::native::vectorized_elementwise_kernel<4, at::native::BinaryFunctor<float, float, float, at::native::binary_internal::MulFunctor<float> >, std::array<char*, 3ul> >(int, at::native::BinaryFunct"
MI300X.torch.fused_activation.fp32.kernel_trace,1:ATen vectorized elementwise,library/kernel family: ATen vectorized elementwise,unknown (no ISA for this kernel),LDS 0 B; scratch 0 B,unknown,unknown,"grid 1310720 work-items, WG 256; VGPR 40 AGPR 0 SGPR 32",outputs/profiling/MI300X/analysis_2026-10-05/data/torch_kernels.json,medium: kernel trace record only,"kernel void at::native::vectorized_elementwise_kernel<4, at::native::CUDAFunctor_add<float>, std::array<char*, 3ul> >(int, at::native::CUDAFunctor_add<float>, std::array<char*, 3ul>)"
MI300X.torch.fused_activation.fp32.kernel_trace,2:ATen vectorized elementwise,library/kernel family: ATen vectorized elementwise,unknown (no ISA for this kernel),LDS 0 B; scratch 0 B,unknown,unknown,"grid 1310720 work-items, WG 256; VGPR 36 AGPR 4 SGPR 32",outputs/profiling/MI300X/analysis_2026-10-05/data/torch_kernels.json,medium: kernel trace record only,"kernel void at::native::vectorized_elementwise_kernel<4, at::native::(anonymous namespace)::silu_kernel(at::TensorIteratorBase&)::{lambda()#1}::operator()() const::{lambda()#2}::operator()() const::{lambda(f"
MI300X.torch.gaussian_blur.fp16.kernel_trace,0:other,library/kernel family: other,unknown (no ISA for this kernel),LDS 0 B; scratch 0 B,unknown,unknown,"grid 65536 work-items, WG 256; VGPR 8 AGPR 0 SGPR 16",outputs/profiling/MI300X/analysis_2026-10-05/data/torch_kernels.json,medium: kernel trace record only,kernel SubTensorOpWithScalar1d
MI300X.torch.gaussian_blur.fp16.kernel_trace,1:MIOpen,library/kernel family: MIOpen,unknown (no ISA for this kernel),LDS 8192 B; scratch 0 B,unknown,unknown,"grid 104857600 work-items, WG 256; VGPR 80 AGPR 32 SGPR 64",outputs/profiling/MI300X/analysis_2026-10-05/data/torch_kernels.json,medium: kernel trace record only,kernel igemm_fwd_gtcx3_nhwc_fp16_bx0_ex1_bt256x32x8_wt64x16x4_ws1x1_wr2x1_ta1x1x8x1_1x8x1x32_tb1x1x1x1_1x8x1x32_me
MI300X.torch.gaussian_blur.fp32.kernel_trace,0:other,library/kernel family: other,unknown (no ISA for this kernel),LDS 0 B; scratch 0 B,unknown,unknown,"grid 65536 work-items, WG 256; VGPR 8 AGPR 0 SGPR 16",outputs/profiling/MI300X/analysis_2026-10-05/data/torch_kernels.json,medium: kernel trace record only,kernel SubTensorOpWithScalar1d
MI300X.torch.gaussian_blur.fp32.kernel_trace,1:MIOpen,library/kernel family: MIOpen,unknown (no ISA for this kernel),LDS 8192 B; scratch 0 B,unknown,unknown,"grid 52428800 work-items, WG 128; VGPR 72 AGPR 64 SGPR 64",outputs/profiling/MI300X/analysis_2026-10-05/data/torch_kernels.json,medium: kernel trace record only,kernel igemm_fwd_gtcx3_nhwc_fp32_bx0_ex1_bt256x32x4_wt64x32x1_ws1x1_wr2x1_ta1x1x8x1_1x4x1x32_tb1x1x1x1_1x4x1x32_me
MI300X.torch.histogramming.int32.kernel_trace,0:ATen elementwise (unrolled),library/kernel family: ATen elementwise (unrolled),unknown (no ISA for this kernel),LDS 0 B; scratch 0 B,unknown,unknown,"grid 16777216 work-items, WG 128; VGPR 16 AGPR 0 SGPR 64",outputs/profiling/MI300X/analysis_2026-10-05/data/torch_kernels.json,medium: kernel trace record only,"kernel void at::native::elementwise_kernel_manual_unroll<128, 4, at::native::gpu_kernel_impl<at::native::direct_copy_kernel_cuda(at::TensorIteratorBase&)::{lambda()#3}::operator()() const::{lambda()#4}::oper"
MI300X.torch.histogramming.int32.kernel_trace,1:other,library/kernel family: other,unknown (no ISA for this kernel),LDS 0 B; scratch 0 B,unknown,unknown,"grid 256 work-items, WG 256; VGPR 12 AGPR 4 SGPR 48",outputs/profiling/MI300X/analysis_2026-10-05/data/torch_kernels.json,medium: kernel trace record only,kernel __amd_rocclr_fillBufferAligned
MI300X.torch.histogramming.int32.kernel_trace,2:ATen reduce,library/kernel family: ATen reduce,unknown (no ISA for this kernel),LDS 512 B; scratch 0 B,unknown,unknown,"grid 155648 work-items, WG 512; VGPR 36 AGPR 4 SGPR 80",outputs/profiling/MI300X/analysis_2026-10-05/data/torch_kernels.json,medium: kernel trace record only,"kernel void at::native::reduce_kernel<512, 1, at::native::ReduceOp<long, at::native::func_wrapper_t<long, at::native::MinNanFunctor<long> >, unsigned int, long, 4, 4> >(at::native::ReduceOp<long, at::native:"
MI300X.torch.histogramming.int32.kernel_trace,3:ATen cat/copy,library/kernel family: ATen cat/copy,unknown (no ISA for this kernel),LDS 0 B; scratch 0 B,unknown,unknown,"grid 512 work-items, WG 512; VGPR 16 AGPR 0 SGPR 32",outputs/profiling/MI300X/analysis_2026-10-05/data/torch_kernels.json,medium: kernel trace record only,kernel __amd_rocclr_copyBuffer
MI300X.torch.histogramming.int32.kernel_trace,4:other,library/kernel family: other,unknown (no ISA for this kernel),LDS 0 B; scratch 0 B,unknown,unknown,"grid 256 work-items, WG 256; VGPR 12 AGPR 4 SGPR 48",outputs/profiling/MI300X/analysis_2026-10-05/data/torch_kernels.json,medium: kernel trace record only,kernel __amd_rocclr_fillBufferAligned
MI300X.torch.histogramming.int32.kernel_trace,5:ATen reduce,library/kernel family: ATen reduce,unknown (no ISA for this kernel),LDS 512 B; scratch 0 B,unknown,unknown,"grid 155648 work-items, WG 512; VGPR 36 AGPR 4 SGPR 80",outputs/profiling/MI300X/analysis_2026-10-05/data/torch_kernels.json,medium: kernel trace record only,"kernel void at::native::reduce_kernel<512, 1, at::native::ReduceOp<long, at::native::func_wrapper_t<long, at::native::MaxNanFunctor<long> >, unsigned int, long, 4, 4> >(at::native::ReduceOp<long, at::native:"
MI300X.torch.histogramming.int32.kernel_trace,6:ATen cat/copy,library/kernel family: ATen cat/copy,unknown (no ISA for this kernel),LDS 0 B; scratch 0 B,unknown,unknown,"grid 512 work-items, WG 512; VGPR 16 AGPR 0 SGPR 32",outputs/profiling/MI300X/analysis_2026-10-05/data/torch_kernels.json,medium: kernel trace record only,kernel __amd_rocclr_copyBuffer
MI300X.torch.histogramming.int32.kernel_trace,7:ATen vectorized elementwise,library/kernel family: ATen vectorized elementwise,unknown (no ISA for this kernel),LDS 0 B; scratch 0 B,unknown,unknown,"grid 256 work-items, WG 256; VGPR 12 AGPR 4 SGPR 32",outputs/profiling/MI300X/analysis_2026-10-05/data/torch_kernels.json,medium: kernel trace record only,"kernel void at::native::vectorized_elementwise_kernel<4, at::native::FillFunctor<long>, std::array<char*, 1ul> >(int, at::native::FillFunctor<long>, std::array<char*, 1ul>)"
MI300X.torch.histogramming.int32.kernel_trace,8:ATen bincount/hist,library/kernel family: ATen bincount/hist,unknown (no ISA for this kernel),LDS 0 B; scratch 0 B,unknown,unknown,"grid 221184 work-items, WG 512; VGPR 28 AGPR 4 SGPR 64",outputs/profiling/MI300X/analysis_2026-10-05/data/torch_kernels.json,medium: kernel trace record only,"kernel void at::cuda::kernelHistogram1D<long, long, long, 1, 2, -1, (at::cuda::CUDAHistogramMemoryType)0, at::cuda::CUDA_tensor_histogram<long, long, false>(at::Tensor, at::Tensor, at::Tensor, long, at::Accu"
MI300X.torch.histogramming.int32.kernel_trace,9:ATen elementwise (unrolled),library/kernel family: ATen elementwise (unrolled),unknown (no ISA for this kernel),LDS 0 B; scratch 0 B,unknown,unknown,"grid 1024 work-items, WG 128; VGPR 16 AGPR 0 SGPR 64",outputs/profiling/MI300X/analysis_2026-10-05/data/torch_kernels.json,medium: kernel trace record only,"kernel void at::native::elementwise_kernel_manual_unroll<128, 4, at::native::gpu_kernel_impl<at::native::direct_copy_kernel_cuda(at::TensorIteratorBase&)::{lambda()#3}::operator()() const::{lambda()#3}::oper"
MI300X.torch.interleave.bf16.kernel_trace,0:ATen elementwise (unrolled),library/kernel family: ATen elementwise (unrolled),unknown (no ISA for this kernel),LDS 0 B; scratch 0 B,unknown,unknown,"grid 2500096 work-items, WG 128; VGPR 36 AGPR 4 SGPR 80",outputs/profiling/MI300X/analysis_2026-10-05/data/torch_kernels.json,medium: kernel trace record only,"kernel void at::native::elementwise_kernel_manual_unroll<128, 8, at::native::gpu_kernel_impl_nocast<at::native::direct_copy_kernel_cuda(at::TensorIteratorBase&)::{lambda()#3}::operator()() const::{lambda()#1"
MI300X.torch.interleave.bf16.kernel_trace,1:ATen elementwise (unrolled),library/kernel family: ATen elementwise (unrolled),unknown (no ISA for this kernel),LDS 0 B; scratch 0 B,unknown,unknown,"grid 2500096 work-items, WG 128; VGPR 36 AGPR 4 SGPR 80",outputs/profiling/MI300X/analysis_2026-10-05/data/torch_kernels.json,medium: kernel trace record only,"kernel void at::native::elementwise_kernel_manual_unroll<128, 8, at::native::gpu_kernel_impl_nocast<at::native::direct_copy_kernel_cuda(at::TensorIteratorBase&)::{lambda()#3}::operator()() const::{lambda()#1"
MI300X.torch.interleave.fp16.kernel_trace,0:ATen elementwise (unrolled),library/kernel family: ATen elementwise (unrolled),unknown (no ISA for this kernel),LDS 0 B; scratch 0 B,unknown,unknown,"grid 2500096 work-items, WG 128; VGPR 36 AGPR 4 SGPR 80",outputs/profiling/MI300X/analysis_2026-10-05/data/torch_kernels.json,medium: kernel trace record only,"kernel void at::native::elementwise_kernel_manual_unroll<128, 8, at::native::gpu_kernel_impl_nocast<at::native::direct_copy_kernel_cuda(at::TensorIteratorBase&)::{lambda()#3}::operator()() const::{lambda()#1"
MI300X.torch.interleave.fp16.kernel_trace,1:ATen elementwise (unrolled),library/kernel family: ATen elementwise (unrolled),unknown (no ISA for this kernel),LDS 0 B; scratch 0 B,unknown,unknown,"grid 2500096 work-items, WG 128; VGPR 36 AGPR 4 SGPR 80",outputs/profiling/MI300X/analysis_2026-10-05/data/torch_kernels.json,medium: kernel trace record only,"kernel void at::native::elementwise_kernel_manual_unroll<128, 8, at::native::gpu_kernel_impl_nocast<at::native::direct_copy_kernel_cuda(at::TensorIteratorBase&)::{lambda()#3}::operator()() const::{lambda()#1"
MI300X.torch.interleave.fp32.kernel_trace,0:ATen elementwise (unrolled),library/kernel family: ATen elementwise (unrolled),unknown (no ISA for this kernel),LDS 0 B; scratch 0 B,unknown,unknown,"grid 5000064 work-items, WG 128; VGPR 20 AGPR 4 SGPR 80",outputs/profiling/MI300X/analysis_2026-10-05/data/torch_kernels.json,medium: kernel trace record only,"kernel void at::native::elementwise_kernel_manual_unroll<128, 4, at::native::gpu_kernel_impl_nocast<at::native::direct_copy_kernel_cuda(at::TensorIteratorBase&)::{lambda()#3}::operator()() const::{lambda()#7"
MI300X.torch.interleave.fp32.kernel_trace,1:ATen elementwise (unrolled),library/kernel family: ATen elementwise (unrolled),unknown (no ISA for this kernel),LDS 0 B; scratch 0 B,unknown,unknown,"grid 5000064 work-items, WG 128; VGPR 20 AGPR 4 SGPR 80",outputs/profiling/MI300X/analysis_2026-10-05/data/torch_kernels.json,medium: kernel trace record only,"kernel void at::native::elementwise_kernel_manual_unroll<128, 4, at::native::gpu_kernel_impl_nocast<at::native::direct_copy_kernel_cuda(at::TensorIteratorBase&)::{lambda()#3}::operator()() const::{lambda()#7"
MI300X.torch.interleave.int8.kernel_trace,0:ATen elementwise (unrolled),library/kernel family: ATen elementwise (unrolled),unknown (no ISA for this kernel),LDS 0 B; scratch 0 B,unknown,unknown,"grid 2500096 work-items, WG 128; VGPR 36 AGPR 4 SGPR 80",outputs/profiling/MI300X/analysis_2026-10-05/data/torch_kernels.json,medium: kernel trace record only,"kernel void at::native::elementwise_kernel_manual_unroll<128, 8, at::native::gpu_kernel_impl_nocast<at::native::direct_copy_kernel_cuda(at::TensorIteratorBase&)::{lambda()#3}::operator()() const::{lambda()#2"
MI300X.torch.interleave.int8.kernel_trace,1:ATen elementwise (unrolled),library/kernel family: ATen elementwise (unrolled),unknown (no ISA for this kernel),LDS 0 B; scratch 0 B,unknown,unknown,"grid 2500096 work-items, WG 128; VGPR 36 AGPR 4 SGPR 80",outputs/profiling/MI300X/analysis_2026-10-05/data/torch_kernels.json,medium: kernel trace record only,"kernel void at::native::elementwise_kernel_manual_unroll<128, 8, at::native::gpu_kernel_impl_nocast<at::native::direct_copy_kernel_cuda(at::TensorIteratorBase&)::{lambda()#3}::operator()() const::{lambda()#2"
MI300X.torch.jacobi_stencil_2d.bf16.kernel_trace,0:ATen cat/copy,library/kernel family: ATen cat/copy,unknown (no ISA for this kernel),LDS 0 B; scratch 0 B,unknown,unknown,"grid 155648 work-items, WG 512; VGPR 16 AGPR 0 SGPR 32",outputs/profiling/MI300X/analysis_2026-10-05/data/torch_kernels.json,medium: kernel trace record only,kernel __amd_rocclr_copyBuffer
MI300X.torch.jacobi_stencil_2d.bf16.kernel_trace,1:ATen elementwise (unrolled),library/kernel family: ATen elementwise (unrolled),unknown (no ISA for this kernel),LDS 0 B; scratch 0 B,unknown,unknown,"grid 13102208 work-items, WG 128; VGPR 52 AGPR 4 SGPR 64",outputs/profiling/MI300X/analysis_2026-10-05/data/torch_kernels.json,medium: kernel trace record only,"kernel void at::native::elementwise_kernel_manual_unroll<128, 8, at::native::gpu_kernel_impl_nocast<at::native::CUDAFunctor_add<c10::BFloat16> >(at::TensorIteratorBase&, at::native::CUDAFunctor_add<c10::BFlo"
MI300X.torch.jacobi_stencil_2d.bf16.kernel_trace,2:ATen elementwise (unrolled),library/kernel family: ATen elementwise (unrolled),unknown (no ISA for this kernel),LDS 0 B; scratch 0 B,unknown,unknown,"grid 13102208 work-items, WG 128; VGPR 52 AGPR 4 SGPR 64",outputs/profiling/MI300X/analysis_2026-10-05/data/torch_kernels.json,medium: kernel trace record only,"kernel void at::native::elementwise_kernel_manual_unroll<128, 8, at::native::gpu_kernel_impl_nocast<at::native::CUDAFunctor_add<c10::BFloat16> >(at::TensorIteratorBase&, at::native::CUDAFunctor_add<c10::BFlo"
MI300X.torch.jacobi_stencil_2d.bf16.kernel_trace,3:ATen elementwise (unrolled),library/kernel family: ATen elementwise (unrolled),unknown (no ISA for this kernel),LDS 0 B; scratch 0 B,unknown,unknown,"grid 13102208 work-items, WG 128; VGPR 52 AGPR 4 SGPR 64",outputs/profiling/MI300X/analysis_2026-10-05/data/torch_kernels.json,medium: kernel trace record only,"kernel void at::native::elementwise_kernel_manual_unroll<128, 8, at::native::gpu_kernel_impl_nocast<at::native::CUDAFunctor_add<c10::BFloat16> >(at::TensorIteratorBase&, at::native::CUDAFunctor_add<c10::BFlo"
MI300X.torch.jacobi_stencil_2d.bf16.kernel_trace,4:ATen vectorized elementwise,library/kernel family: ATen vectorized elementwise,unknown (no ISA for this kernel),LDS 0 B; scratch 0 B,unknown,unknown,"grid 6551296 work-items, WG 256; VGPR 28 AGPR 4 SGPR 32",outputs/profiling/MI300X/analysis_2026-10-05/data/torch_kernels.json,medium: kernel trace record only,"kernel void at::native::vectorized_elementwise_kernel<8, at::native::AUnaryFunctor<c10::BFloat16, c10::BFloat16, c10::BFloat16, at::native::binary_internal::MulFunctor<float> >, std::array<char*, 2ul> >(int,"
MI300X.torch.jacobi_stencil_2d.bf16.kernel_trace,5:ATen elementwise (unrolled),library/kernel family: ATen elementwise (unrolled),unknown (no ISA for this kernel),LDS 0 B; scratch 0 B,unknown,unknown,"grid 13102208 work-items, WG 128; VGPR 36 AGPR 4 SGPR 80",outputs/profiling/MI300X/analysis_2026-10-05/data/torch_kernels.json,medium: kernel trace record only,"kernel void at::native::elementwise_kernel_manual_unroll<128, 8, at::native::gpu_kernel_impl_nocast<at::native::direct_copy_kernel_cuda(at::TensorIteratorBase&)::{lambda()#3}::operator()() const::{lambda()#1"
MI300X.torch.jacobi_stencil_2d.fp16.kernel_trace,0:ATen cat/copy,library/kernel family: ATen cat/copy,unknown (no ISA for this kernel),LDS 0 B; scratch 0 B,unknown,unknown,"grid 155648 work-items, WG 512; VGPR 16 AGPR 0 SGPR 32",outputs/profiling/MI300X/analysis_2026-10-05/data/torch_kernels.json,medium: kernel trace record only,kernel __amd_rocclr_copyBuffer
MI300X.torch.jacobi_stencil_2d.fp16.kernel_trace,1:ATen elementwise (unrolled),library/kernel family: ATen elementwise (unrolled),unknown (no ISA for this kernel),LDS 0 B; scratch 0 B,unknown,unknown,"grid 13102208 work-items, WG 128; VGPR 52 AGPR 4 SGPR 64",outputs/profiling/MI300X/analysis_2026-10-05/data/torch_kernels.json,medium: kernel trace record only,"kernel void at::native::elementwise_kernel_manual_unroll<128, 8, at::native::gpu_kernel_impl_nocast<at::native::CUDAFunctor_add<c10::Half> >(at::TensorIteratorBase&, at::native::CUDAFunctor_add<c10::Half> co"
MI300X.torch.jacobi_stencil_2d.fp16.kernel_trace,2:ATen elementwise (unrolled),library/kernel family: ATen elementwise (unrolled),unknown (no ISA for this kernel),LDS 0 B; scratch 0 B,unknown,unknown,"grid 13102208 work-items, WG 128; VGPR 52 AGPR 4 SGPR 64",outputs/profiling/MI300X/analysis_2026-10-05/data/torch_kernels.json,medium: kernel trace record only,"kernel void at::native::elementwise_kernel_manual_unroll<128, 8, at::native::gpu_kernel_impl_nocast<at::native::CUDAFunctor_add<c10::Half> >(at::TensorIteratorBase&, at::native::CUDAFunctor_add<c10::Half> co"
MI300X.torch.jacobi_stencil_2d.fp16.kernel_trace,3:ATen elementwise (unrolled),library/kernel family: ATen elementwise (unrolled),unknown (no ISA for this kernel),LDS 0 B; scratch 0 B,unknown,unknown,"grid 13102208 work-items, WG 128; VGPR 52 AGPR 4 SGPR 64",outputs/profiling/MI300X/analysis_2026-10-05/data/torch_kernels.json,medium: kernel trace record only,"kernel void at::native::elementwise_kernel_manual_unroll<128, 8, at::native::gpu_kernel_impl_nocast<at::native::CUDAFunctor_add<c10::Half> >(at::TensorIteratorBase&, at::native::CUDAFunctor_add<c10::Half> co"
MI300X.torch.jacobi_stencil_2d.fp16.kernel_trace,4:ATen vectorized elementwise,library/kernel family: ATen vectorized elementwise,unknown (no ISA for this kernel),LDS 0 B; scratch 0 B,unknown,unknown,"grid 6551296 work-items, WG 256; VGPR 24 AGPR 0 SGPR 32",outputs/profiling/MI300X/analysis_2026-10-05/data/torch_kernels.json,medium: kernel trace record only,"kernel void at::native::vectorized_elementwise_kernel<8, at::native::AUnaryFunctor<c10::Half, c10::Half, c10::Half, at::native::binary_internal::MulFunctor<float> >, std::array<char*, 2ul> >(int, at::native:"
MI300X.torch.jacobi_stencil_2d.fp16.kernel_trace,5:ATen elementwise (unrolled),library/kernel family: ATen elementwise (unrolled),unknown (no ISA for this kernel),LDS 0 B; scratch 0 B,unknown,unknown,"grid 13102208 work-items, WG 128; VGPR 36 AGPR 4 SGPR 80",outputs/profiling/MI300X/analysis_2026-10-05/data/torch_kernels.json,medium: kernel trace record only,"kernel void at::native::elementwise_kernel_manual_unroll<128, 8, at::native::gpu_kernel_impl_nocast<at::native::direct_copy_kernel_cuda(at::TensorIteratorBase&)::{lambda()#3}::operator()() const::{lambda()#1"
MI300X.torch.jacobi_stencil_2d.fp32.kernel_trace,0:ATen cat/copy,library/kernel family: ATen cat/copy,unknown (no ISA for this kernel),LDS 0 B; scratch 0 B,unknown,unknown,"grid 155648 work-items, WG 512; VGPR 16 AGPR 0 SGPR 32",outputs/profiling/MI300X/analysis_2026-10-05/data/torch_kernels.json,medium: kernel trace record only,kernel __amd_rocclr_copyBuffer
MI300X.torch.jacobi_stencil_2d.fp32.kernel_trace,1:ATen elementwise (unrolled),library/kernel family: ATen elementwise (unrolled),unknown (no ISA for this kernel),LDS 0 B; scratch 0 B,unknown,unknown,"grid 26204288 work-items, WG 128; VGPR 28 AGPR 4 SGPR 64",outputs/profiling/MI300X/analysis_2026-10-05/data/torch_kernels.json,medium: kernel trace record only,"kernel void at::native::elementwise_kernel_manual_unroll<128, 4, at::native::gpu_kernel_impl_nocast<at::native::CUDAFunctor_add<float> >(at::TensorIteratorBase&, at::native::CUDAFunctor_add<float> const&)::{"
MI300X.torch.jacobi_stencil_2d.fp32.kernel_trace,2:ATen elementwise (unrolled),library/kernel family: ATen elementwise (unrolled),unknown (no ISA for this kernel),LDS 0 B; scratch 0 B,unknown,unknown,"grid 26204288 work-items, WG 128; VGPR 28 AGPR 4 SGPR 64",outputs/profiling/MI300X/analysis_2026-10-05/data/torch_kernels.json,medium: kernel trace record only,"kernel void at::native::elementwise_kernel_manual_unroll<128, 4, at::native::gpu_kernel_impl_nocast<at::native::CUDAFunctor_add<float> >(at::TensorIteratorBase&, at::native::CUDAFunctor_add<float> const&)::{"
MI300X.torch.jacobi_stencil_2d.fp32.kernel_trace,3:ATen elementwise (unrolled),library/kernel family: ATen elementwise (unrolled),unknown (no ISA for this kernel),LDS 0 B; scratch 0 B,unknown,unknown,"grid 26204288 work-items, WG 128; VGPR 28 AGPR 4 SGPR 64",outputs/profiling/MI300X/analysis_2026-10-05/data/torch_kernels.json,medium: kernel trace record only,"kernel void at::native::elementwise_kernel_manual_unroll<128, 4, at::native::gpu_kernel_impl_nocast<at::native::CUDAFunctor_add<float> >(at::TensorIteratorBase&, at::native::CUDAFunctor_add<float> const&)::{"
MI300X.torch.jacobi_stencil_2d.fp32.kernel_trace,4:ATen vectorized elementwise,library/kernel family: ATen vectorized elementwise,unknown (no ISA for this kernel),LDS 0 B; scratch 0 B,unknown,unknown,"grid 6551296 work-items, WG 256; VGPR 24 AGPR 0 SGPR 32",outputs/profiling/MI300X/analysis_2026-10-05/data/torch_kernels.json,medium: kernel trace record only,"kernel void at::native::vectorized_elementwise_kernel<4, at::native::AUnaryFunctor<float, float, float, at::native::binary_internal::MulFunctor<float> >, std::array<char*, 2ul> >(int, at::native::AUnaryFunct"
MI300X.torch.jacobi_stencil_2d.fp32.kernel_trace,5:ATen elementwise (unrolled),library/kernel family: ATen elementwise (unrolled),unknown (no ISA for this kernel),LDS 0 B; scratch 0 B,unknown,unknown,"grid 26204288 work-items, WG 128; VGPR 20 AGPR 4 SGPR 80",outputs/profiling/MI300X/analysis_2026-10-05/data/torch_kernels.json,medium: kernel trace record only,"kernel void at::native::elementwise_kernel_manual_unroll<128, 4, at::native::gpu_kernel_impl_nocast<at::native::direct_copy_kernel_cuda(at::TensorIteratorBase&)::{lambda()#3}::operator()() const::{lambda()#7"
MI300X.torch.kl_divergence.fp32.kernel_trace,0:ATen vectorized elementwise,library/kernel family: ATen vectorized elementwise,unknown (no ISA for this kernel),LDS 0 B; scratch 0 B,unknown,unknown,"grid 4194304 work-items, WG 256; VGPR 36 AGPR 4 SGPR 32",outputs/profiling/MI300X/analysis_2026-10-05/data/torch_kernels.json,medium: kernel trace record only,"kernel void at::native::vectorized_elementwise_kernel<4, at::native::log_kernel_cuda(at::TensorIteratorBase&)::{lambda()#2}::operator()() const::{lambda()#2}::operator()() const::{lambda(float)#1}, std::arra"
MI300X.torch.kl_divergence.fp32.kernel_trace,1:ATen vectorized elementwise,library/kernel family: ATen vectorized elementwise,unknown (no ISA for this kernel),LDS 0 B; scratch 0 B,unknown,unknown,"grid 4194304 work-items, WG 256; VGPR 40 AGPR 0 SGPR 32",outputs/profiling/MI300X/analysis_2026-10-05/data/torch_kernels.json,medium: kernel trace record only,"kernel void at::native::vectorized_elementwise_kernel<4, at::native::CUDAFunctor_add<float>, std::array<char*, 3ul> >(int, at::native::CUDAFunctor_add<float>, std::array<char*, 3ul>)"
MI300X.torch.kl_divergence.fp32.kernel_trace,2:ATen vectorized elementwise,library/kernel family: ATen vectorized elementwise,unknown (no ISA for this kernel),LDS 0 B; scratch 0 B,unknown,unknown,"grid 4194304 work-items, WG 256; VGPR 40 AGPR 0 SGPR 32",outputs/profiling/MI300X/analysis_2026-10-05/data/torch_kernels.json,medium: kernel trace record only,"kernel void at::native::vectorized_elementwise_kernel<4, at::native::BinaryFunctor<float, float, float, at::native::binary_internal::MulFunctor<float> >, std::array<char*, 3ul> >(int, at::native::BinaryFunct"
MI300X.torch.kl_divergence.fp32.kernel_trace,3:ATen reduce,library/kernel family: ATen reduce,unknown (no ISA for this kernel),LDS 512 B; scratch 0 B,unknown,unknown,"grid 2097152 work-items, WG 512; VGPR 28 AGPR 4 SGPR 80",outputs/profiling/MI300X/analysis_2026-10-05/data/torch_kernels.json,medium: kernel trace record only,"kernel void at::native::reduce_kernel<512, 1, at::native::ReduceOp<float, at::native::func_wrapper_t<float, at::native::sum_functor<float, float, float>::operator()(at::TensorIterator&)::{lambda(float, float"
MI300X.torch.l2_norm.bf16.kernel_trace,0:ATen reduce,library/kernel family: ATen reduce,unknown (no ISA for this kernel),LDS 512 B; scratch 0 B,unknown,unknown,"grid 1048576 work-items, WG 512; VGPR 28 AGPR 4 SGPR 80",outputs/profiling/MI300X/analysis_2026-10-05/data/torch_kernels.json,medium: kernel trace record only,"kernel void at::native::reduce_kernel<512, 1, at::native::ReduceOp<c10::BFloat16, at::native::NormTwoOps<c10::BFloat16, float, float>, unsigned int, float, 4, 4> >(at::native::ReduceOp<c10::BFloat16, at::nat"
MI300X.torch.l2_norm.bf16.kernel_trace,1:ATen vectorized elementwise,library/kernel family: ATen vectorized elementwise,unknown (no ISA for this kernel),LDS 0 B; scratch 0 B,unknown,unknown,"grid 256 work-items, WG 256; VGPR 24 AGPR 0 SGPR 32",outputs/profiling/MI300X/analysis_2026-10-05/data/torch_kernels.json,medium: kernel trace record only,"kernel void at::native::vectorized_elementwise_kernel<4, at::native::(anonymous namespace)::pow_tensor_scalar_kernel_impl<float, float>(at::TensorIteratorBase&, float)::{lambda(float)#1}, std::array<char*, 2"
MI300X.torch.l2_norm.bf16.kernel_trace,2:ATen vectorized elementwise,library/kernel family: ATen vectorized elementwise,unknown (no ISA for this kernel),LDS 0 B; scratch 0 B,unknown,unknown,"grid 256 work-items, WG 256; VGPR 28 AGPR 4 SGPR 32",outputs/profiling/MI300X/analysis_2026-10-05/data/torch_kernels.json,medium: kernel trace record only,"kernel void at::native::vectorized_elementwise_kernel<4, at::native::CUDAFunctorOnSelf_add<float>, std::array<char*, 2ul> >(int, at::native::CUDAFunctorOnSelf_add<float>, std::array<char*, 2ul>)"
MI300X.torch.l2_norm.bf16.kernel_trace,3:ATen vectorized elementwise,library/kernel family: ATen vectorized elementwise,unknown (no ISA for this kernel),LDS 0 B; scratch 0 B,unknown,unknown,"grid 256 work-items, WG 256; VGPR 52 AGPR 4 SGPR 32",outputs/profiling/MI300X/analysis_2026-10-05/data/torch_kernels.json,medium: kernel trace record only,"kernel void at::native::vectorized_elementwise_kernel<4, at::native::rsqrt_kernel_cuda(at::TensorIteratorBase&)::{lambda()#2}::operator()() const::{lambda()#2}::operator()() const::{lambda(float)#1}, std::ar"
MI300X.torch.l2_norm.bf16.kernel_trace,4:ATen elementwise (unrolled),library/kernel family: ATen elementwise (unrolled),unknown (no ISA for this kernel),LDS 0 B; scratch 0 B,unknown,unknown,"grid 5242880 work-items, WG 128; VGPR 28 AGPR 4 SGPR 64",outputs/profiling/MI300X/analysis_2026-10-05/data/torch_kernels.json,medium: kernel trace record only,"kernel void at::native::elementwise_kernel_manual_unroll<128, 4, at::native::(anonymous namespace)::type_specialized_broadcast_kernel_launcher<1>::apply<at::native::BinaryFunctor<float, float, float, at::nat"
MI300X.torch.l2_norm.bf16.kernel_trace,5:ATen vectorized elementwise,library/kernel family: ATen vectorized elementwise,unknown (no ISA for this kernel),LDS 0 B; scratch 0 B,unknown,unknown,"grid 1310720 work-items, WG 256; VGPR 28 AGPR 4 SGPR 32",outputs/profiling/MI300X/analysis_2026-10-05/data/torch_kernels.json,medium: kernel trace record only,"kernel void at::native::vectorized_elementwise_kernel<4, at::native::bfloat16_copy_kernel_cuda(at::TensorIteratorBase&)::{lambda(float)#1}, std::array<char*, 2ul> >(int, at::native::bfloat16_copy_kernel_cuda"
MI300X.torch.l2_norm.fp16.kernel_trace,0:ATen reduce,library/kernel family: ATen reduce,unknown (no ISA for this kernel),LDS 512 B; scratch 0 B,unknown,unknown,"grid 1048576 work-items, WG 512; VGPR 28 AGPR 4 SGPR 80",outputs/profiling/MI300X/analysis_2026-10-05/data/torch_kernels.json,medium: kernel trace record only,"kernel void at::native::reduce_kernel<512, 1, at::native::ReduceOp<c10::Half, at::native::NormTwoOps<c10::Half, float, float>, unsigned int, float, 4, 4> >(at::native::ReduceOp<c10::Half, at::native::NormTwo"
MI300X.torch.l2_norm.fp16.kernel_trace,1:ATen vectorized elementwise,library/kernel family: ATen vectorized elementwise,unknown (no ISA for this kernel),LDS 0 B; scratch 0 B,unknown,unknown,"grid 256 work-items, WG 256; VGPR 24 AGPR 0 SGPR 32",outputs/profiling/MI300X/analysis_2026-10-05/data/torch_kernels.json,medium: kernel trace record only,"kernel void at::native::vectorized_elementwise_kernel<4, at::native::(anonymous namespace)::pow_tensor_scalar_kernel_impl<float, float>(at::TensorIteratorBase&, float)::{lambda(float)#1}, std::array<char*, 2"
MI300X.torch.l2_norm.fp16.kernel_trace,2:ATen vectorized elementwise,library/kernel family: ATen vectorized elementwise,unknown (no ISA for this kernel),LDS 0 B; scratch 0 B,unknown,unknown,"grid 256 work-items, WG 256; VGPR 28 AGPR 4 SGPR 32",outputs/profiling/MI300X/analysis_2026-10-05/data/torch_kernels.json,medium: kernel trace record only,"kernel void at::native::vectorized_elementwise_kernel<4, at::native::CUDAFunctorOnSelf_add<float>, std::array<char*, 2ul> >(int, at::native::CUDAFunctorOnSelf_add<float>, std::array<char*, 2ul>)"
MI300X.torch.l2_norm.fp16.kernel_trace,3:ATen vectorized elementwise,library/kernel family: ATen vectorized elementwise,unknown (no ISA for this kernel),LDS 0 B; scratch 0 B,unknown,unknown,"grid 256 work-items, WG 256; VGPR 52 AGPR 4 SGPR 32",outputs/profiling/MI300X/analysis_2026-10-05/data/torch_kernels.json,medium: kernel trace record only,"kernel void at::native::vectorized_elementwise_kernel<4, at::native::rsqrt_kernel_cuda(at::TensorIteratorBase&)::{lambda()#2}::operator()() const::{lambda()#2}::operator()() const::{lambda(float)#1}, std::ar"
MI300X.torch.l2_norm.fp16.kernel_trace,4:ATen elementwise (unrolled),library/kernel family: ATen elementwise (unrolled),unknown (no ISA for this kernel),LDS 0 B; scratch 0 B,unknown,unknown,"grid 5242880 work-items, WG 128; VGPR 28 AGPR 4 SGPR 64",outputs/profiling/MI300X/analysis_2026-10-05/data/torch_kernels.json,medium: kernel trace record only,"kernel void at::native::elementwise_kernel_manual_unroll<128, 4, at::native::(anonymous namespace)::type_specialized_broadcast_kernel_launcher<4>::apply<at::native::BinaryFunctor<float, float, float, at::nat"
MI300X.torch.l2_norm.fp16.kernel_trace,5:ATen vectorized elementwise,library/kernel family: ATen vectorized elementwise,unknown (no ISA for this kernel),LDS 0 B; scratch 0 B,unknown,unknown,"grid 1310720 work-items, WG 256; VGPR 24 AGPR 0 SGPR 32",outputs/profiling/MI300X/analysis_2026-10-05/data/torch_kernels.json,medium: kernel trace record only,"kernel void at::native::vectorized_elementwise_kernel<4, at::native::float16_copy_kernel_cuda(at::TensorIteratorBase&)::{lambda(float)#1}, std::array<char*, 2ul> >(int, at::native::float16_copy_kernel_cuda(a"
MI300X.torch.l2_norm.fp32.kernel_trace,0:ATen reduce,library/kernel family: ATen reduce,unknown (no ISA for this kernel),LDS 512 B; scratch 0 B,unknown,unknown,"grid 1048576 work-items, WG 512; VGPR 28 AGPR 4 SGPR 80",outputs/profiling/MI300X/analysis_2026-10-05/data/torch_kernels.json,medium: kernel trace record only,"kernel void at::native::reduce_kernel<512, 1, at::native::ReduceOp<float, at::native::NormTwoOps<float, float, float>, unsigned int, float, 4, 4> >(at::native::ReduceOp<float, at::native::NormTwoOps<float, f"
MI300X.torch.l2_norm.fp32.kernel_trace,1:ATen vectorized elementwise,library/kernel family: ATen vectorized elementwise,unknown (no ISA for this kernel),LDS 0 B; scratch 0 B,unknown,unknown,"grid 256 work-items, WG 256; VGPR 24 AGPR 0 SGPR 32",outputs/profiling/MI300X/analysis_2026-10-05/data/torch_kernels.json,medium: kernel trace record only,"kernel void at::native::vectorized_elementwise_kernel<4, at::native::(anonymous namespace)::pow_tensor_scalar_kernel_impl<float, float>(at::TensorIteratorBase&, float)::{lambda(float)#1}, std::array<char*, 2"
MI300X.torch.l2_norm.fp32.kernel_trace,2:ATen vectorized elementwise,library/kernel family: ATen vectorized elementwise,unknown (no ISA for this kernel),LDS 0 B; scratch 0 B,unknown,unknown,"grid 256 work-items, WG 256; VGPR 28 AGPR 4 SGPR 32",outputs/profiling/MI300X/analysis_2026-10-05/data/torch_kernels.json,medium: kernel trace record only,"kernel void at::native::vectorized_elementwise_kernel<4, at::native::CUDAFunctorOnSelf_add<float>, std::array<char*, 2ul> >(int, at::native::CUDAFunctorOnSelf_add<float>, std::array<char*, 2ul>)"
MI300X.torch.l2_norm.fp32.kernel_trace,3:ATen vectorized elementwise,library/kernel family: ATen vectorized elementwise,unknown (no ISA for this kernel),LDS 0 B; scratch 0 B,unknown,unknown,"grid 256 work-items, WG 256; VGPR 52 AGPR 4 SGPR 32",outputs/profiling/MI300X/analysis_2026-10-05/data/torch_kernels.json,medium: kernel trace record only,"kernel void at::native::vectorized_elementwise_kernel<4, at::native::rsqrt_kernel_cuda(at::TensorIteratorBase&)::{lambda()#2}::operator()() const::{lambda()#2}::operator()() const::{lambda(float)#1}, std::ar"
MI300X.torch.l2_norm.fp32.kernel_trace,4:ATen elementwise (unrolled),library/kernel family: ATen elementwise (unrolled),unknown (no ISA for this kernel),LDS 0 B; scratch 0 B,unknown,unknown,"grid 5242880 work-items, WG 128; VGPR 28 AGPR 4 SGPR 64",outputs/profiling/MI300X/analysis_2026-10-05/data/torch_kernels.json,medium: kernel trace record only,"kernel void at::native::elementwise_kernel_manual_unroll<128, 4, at::native::gpu_kernel_impl_nocast<at::native::BinaryFunctor<float, float, float, at::native::binary_internal::MulFunctor<float> > >(at::Tenso"
MI300X.torch.layernorm.bf16.kernel_trace,0:ATen norm,library/kernel family: ATen norm,unknown (no ISA for this kernel),LDS 0 B; scratch 0 B,unknown,unknown,"grid 524288 work-items, WG 256; VGPR 28 AGPR 4 SGPR 48",outputs/profiling/MI300X/analysis_2026-10-05/data/torch_kernels.json,medium: kernel trace record only,"kernel void at::native::(anonymous namespace)::vectorized_layer_norm_kernel<c10::BFloat16, float, false>(int, float, c10::BFloat16 const*, c10::BFloat16 const*, c10::BFloat16 const*, float*, float*, c10::BFl"
MI300X.torch.layernorm.fp16.kernel_trace,0:ATen norm,library/kernel family: ATen norm,unknown (no ISA for this kernel),LDS 0 B; scratch 0 B,unknown,unknown,"grid 524288 work-items, WG 256; VGPR 24 AGPR 0 SGPR 48",outputs/profiling/MI300X/analysis_2026-10-05/data/torch_kernels.json,medium: kernel trace record only,"kernel void at::native::(anonymous namespace)::vectorized_layer_norm_kernel<c10::Half, float, false>(int, float, c10::Half const*, c10::Half const*, c10::Half const*, float*, float*, c10::Half*)"
MI300X.torch.layernorm.fp32.kernel_trace,0:ATen norm,library/kernel family: ATen norm,unknown (no ISA for this kernel),LDS 0 B; scratch 0 B,unknown,unknown,"grid 524288 work-items, WG 256; VGPR 24 AGPR 0 SGPR 48",outputs/profiling/MI300X/analysis_2026-10-05/data/torch_kernels.json,medium: kernel trace record only,"kernel void at::native::(anonymous namespace)::vectorized_layer_norm_kernel<float, float, false>(int, float, float const*, float const*, float const*, float*, float*, float*)"
MI300X.torch.leaky_relu.bf16.kernel_trace,0:ATen vectorized elementwise,library/kernel family: ATen vectorized elementwise,unknown (no ISA for this kernel),LDS 0 B; scratch 0 B,unknown,unknown,"grid 3125248 work-items, WG 256; VGPR 28 AGPR 4 SGPR 32",outputs/profiling/MI300X/analysis_2026-10-05/data/torch_kernels.json,medium: kernel trace record only,"kernel void at::native::vectorized_elementwise_kernel<8, at::native::(anonymous namespace)::leaky_relu_kernel(at::TensorIteratorBase&, c10::Scalar const&)::{lambda()#1}::operator()() const::{lambda()#4}::ope"
MI300X.torch.leaky_relu.fp16.kernel_trace,0:ATen vectorized elementwise,library/kernel family: ATen vectorized elementwise,unknown (no ISA for this kernel),LDS 0 B; scratch 0 B,unknown,unknown,"grid 3125248 work-items, WG 256; VGPR 28 AGPR 4 SGPR 32",outputs/profiling/MI300X/analysis_2026-10-05/data/torch_kernels.json,medium: kernel trace record only,"kernel void at::native::vectorized_elementwise_kernel<8, at::native::(anonymous namespace)::leaky_relu_kernel(at::TensorIteratorBase&, c10::Scalar const&)::{lambda()#1}::operator()() const::{lambda()#3}::ope"
MI300X.torch.leaky_relu.fp32.kernel_trace,0:ATen vectorized elementwise,library/kernel family: ATen vectorized elementwise,unknown (no ISA for this kernel),LDS 0 B; scratch 0 B,unknown,unknown,"grid 3125248 work-items, WG 256; VGPR 28 AGPR 4 SGPR 32",outputs/profiling/MI300X/analysis_2026-10-05/data/torch_kernels.json,medium: kernel trace record only,"kernel void at::native::vectorized_elementwise_kernel<4, at::native::(anonymous namespace)::leaky_relu_kernel(at::TensorIteratorBase&, c10::Scalar const&)::{lambda()#1}::operator()() const::{lambda()#2}::ope"
MI300X.torch.linear_self_attention.fp32.kernel_trace,0:ATen vectorized elementwise,library/kernel family: ATen vectorized elementwise,unknown (no ISA for this kernel),LDS 0 B; scratch 0 B,unknown,unknown,"grid 160000 work-items, WG 256; VGPR 24 AGPR 0 SGPR 64",outputs/profiling/MI300X/analysis_2026-10-05/data/torch_kernels.json,medium: kernel trace record only,"kernel void at::native::vectorized_elementwise_kernel<4, at::native::compare_scalar_kernel<float>(at::TensorIteratorBase&, at::native::(anonymous namespace)::OpType, float)::{lambda(float)#1}, std::array<cha"
MI300X.torch.linear_self_attention.fp32.kernel_trace,10:ATen reduce,library/kernel family: ATen reduce,unknown (no ISA for this kernel),LDS 512 B; scratch 0 B,unknown,unknown,"grid 38912 work-items, WG 128; VGPR 52 AGPR 4 SGPR 80",outputs/profiling/MI300X/analysis_2026-10-05/data/torch_kernels.json,medium: kernel trace record only,"kernel void at::native::reduce_kernel<128, 4, at::native::ReduceOp<float, at::native::func_wrapper_t<float, at::native::sum_functor<float, float, float>::operator()(at::TensorIterator&)::{lambda(float, float"
MI300X.torch.linear_self_attention.fp32.kernel_trace,11:hipBLASLt/Tensile GEMM (Cijk),library/kernel family: hipBLASLt/Tensile GEMM (Cijk),unknown (no ISA for this kernel),LDS 29184 B; scratch 0 B,unknown,unknown,"grid 64000 work-items, WG 256; VGPR 104 AGPR 40 SGPR 96",outputs/profiling/MI300X/analysis_2026-10-05/data/torch_kernels.json,medium: kernel trace record only,kernel Cijk_Ailk_Bljk_S_MX_B_Bias_HA_S_SAV_UserArgs_MT128x80x32_MI16x16x1_SN_LDSB1_AFC1_AFEM1_AFEM1_ASEM1_CLR1_CADS0_DTLA0_DTLB0_DTVA0_DTVB0_EPS0_FDSI0_GRPM1_GRVWA4_GRVWB2_GSUAMBSK_GLS0_ISA942_IU1_K1_LBSPPA2
MI300X.torch.linear_self_attention.fp32.kernel_trace,12:other,library/kernel family: other,unknown (no ISA for this kernel),LDS 0 B; scratch 0 B,unknown,unknown,"grid 160768 work-items, WG 1024; VGPR 60 AGPR 4 SGPR 48",outputs/profiling/MI300X/analysis_2026-10-05/data/torch_kernels.json,medium: kernel trace record only,"kernel void rocblas_gemvt_row_vectorized_kernel<false, 16, 64, float, float, float>(int, int, float, long, float const*, long, int, long, float const*, long, int, long, float, long, float*, long, int, long, "
MI300X.torch.linear_self_attention.fp32.kernel_trace,13:ATen vectorized elementwise,library/kernel family: ATen vectorized elementwise,unknown (no ISA for this kernel),LDS 0 B; scratch 0 B,unknown,unknown,"grid 768 work-items, WG 256; VGPR 28 AGPR 4 SGPR 32",outputs/profiling/MI300X/analysis_2026-10-05/data/torch_kernels.json,medium: kernel trace record only,"kernel void at::native::vectorized_elementwise_kernel<4, at::native::CUDAFunctorOnSelf_add<float>, std::array<char*, 2ul> >(int, at::native::CUDAFunctorOnSelf_add<float>, std::array<char*, 2ul>)"
MI300X.torch.linear_self_attention.fp32.kernel_trace,14:ATen elementwise (unrolled),library/kernel family: ATen elementwise (unrolled),unknown (no ISA for this kernel),LDS 0 B; scratch 0 B,unknown,unknown,"grid 640000 work-items, WG 128; VGPR 32 AGPR 0 SGPR 64",outputs/profiling/MI300X/analysis_2026-10-05/data/torch_kernels.json,medium: kernel trace record only,"kernel void at::native::elementwise_kernel_manual_unroll<128, 4, at::native::gpu_kernel_impl_nocast<at::native::BinaryFunctor<float, float, float, at::native::binary_internal::DivFunctor<float> > >(at::Tenso"
MI300X.torch.linear_self_attention.fp32.kernel_trace,1:ATen vectorized elementwise,library/kernel family: ATen vectorized elementwise,unknown (no ISA for this kernel),LDS 0 B; scratch 0 B,unknown,unknown,"grid 160000 work-items, WG 256; VGPR 28 AGPR 4 SGPR 32",outputs/profiling/MI300X/analysis_2026-10-05/data/torch_kernels.json,medium: kernel trace record only,"kernel void at::native::vectorized_elementwise_kernel<4, at::native::CUDAFunctorOnSelf_add<float>, std::array<char*, 2ul> >(int, at::native::CUDAFunctorOnSelf_add<float>, std::array<char*, 2ul>)"
MI300X.torch.linear_self_attention.fp32.kernel_trace,2:ATen vectorized elementwise,library/kernel family: ATen vectorized elementwise,unknown (no ISA for this kernel),LDS 0 B; scratch 0 B,unknown,unknown,"grid 160000 work-items, WG 256; VGPR 36 AGPR 4 SGPR 32",outputs/profiling/MI300X/analysis_2026-10-05/data/torch_kernels.json,medium: kernel trace record only,"kernel void at::native::vectorized_elementwise_kernel<4, at::native::exp_kernel_cuda(at::TensorIteratorBase&)::{lambda()#2}::operator()() const::{lambda()#2}::operator()() const::{lambda(float)#1}, std::arra"
MI300X.torch.linear_self_attention.fp32.kernel_trace,3:ATen vectorized elementwise,library/kernel family: ATen vectorized elementwise,unknown (no ISA for this kernel),LDS 0 B; scratch 0 B,unknown,unknown,"grid 160000 work-items, WG 256; VGPR 52 AGPR 4 SGPR 32",outputs/profiling/MI300X/analysis_2026-10-05/data/torch_kernels.json,medium: kernel trace record only,"kernel void at::native::vectorized_elementwise_kernel<4, at::native::(anonymous namespace)::where_kernel_impl(at::TensorIterator&)::{lambda()#1}::operator()() const::{lambda()#11}::operator()() const::{lambd"
MI300X.torch.linear_self_attention.fp32.kernel_trace,4:ATen vectorized elementwise,library/kernel family: ATen vectorized elementwise,unknown (no ISA for this kernel),LDS 0 B; scratch 0 B,unknown,unknown,"grid 160000 work-items, WG 256; VGPR 24 AGPR 0 SGPR 64",outputs/profiling/MI300X/analysis_2026-10-05/data/torch_kernels.json,medium: kernel trace record only,"kernel void at::native::vectorized_elementwise_kernel<4, at::native::compare_scalar_kernel<float>(at::TensorIteratorBase&, at::native::(anonymous namespace)::OpType, float)::{lambda(float)#1}, std::array<cha"
MI300X.torch.linear_self_attention.fp32.kernel_trace,5:ATen vectorized elementwise,library/kernel family: ATen vectorized elementwise,unknown (no ISA for this kernel),LDS 0 B; scratch 0 B,unknown,unknown,"grid 160000 work-items, WG 256; VGPR 28 AGPR 4 SGPR 32",outputs/profiling/MI300X/analysis_2026-10-05/data/torch_kernels.json,medium: kernel trace record only,"kernel void at::native::vectorized_elementwise_kernel<4, at::native::CUDAFunctorOnSelf_add<float>, std::array<char*, 2ul> >(int, at::native::CUDAFunctorOnSelf_add<float>, std::array<char*, 2ul>)"
MI300X.torch.linear_self_attention.fp32.kernel_trace,6:ATen vectorized elementwise,library/kernel family: ATen vectorized elementwise,unknown (no ISA for this kernel),LDS 0 B; scratch 0 B,unknown,unknown,"grid 160000 work-items, WG 256; VGPR 36 AGPR 4 SGPR 32",outputs/profiling/MI300X/analysis_2026-10-05/data/torch_kernels.json,medium: kernel trace record only,"kernel void at::native::vectorized_elementwise_kernel<4, at::native::exp_kernel_cuda(at::TensorIteratorBase&)::{lambda()#2}::operator()() const::{lambda()#2}::operator()() const::{lambda(float)#1}, std::arra"
MI300X.torch.linear_self_attention.fp32.kernel_trace,7:ATen vectorized elementwise,library/kernel family: ATen vectorized elementwise,unknown (no ISA for this kernel),LDS 0 B; scratch 0 B,unknown,unknown,"grid 160000 work-items, WG 256; VGPR 52 AGPR 4 SGPR 32",outputs/profiling/MI300X/analysis_2026-10-05/data/torch_kernels.json,medium: kernel trace record only,"kernel void at::native::vectorized_elementwise_kernel<4, at::native::(anonymous namespace)::where_kernel_impl(at::TensorIterator&)::{lambda()#1}::operator()() const::{lambda()#11}::operator()() const::{lambd"
MI300X.torch.linear_self_attention.fp32.kernel_trace,8:hipBLASLt/Tensile GEMM (Cijk),library/kernel family: hipBLASLt/Tensile GEMM (Cijk),unknown (no ISA for this kernel),LDS 32768 B; scratch 0 B,unknown,unknown,"grid 73728 work-items, WG 256; VGPR 88 AGPR 160 SGPR 96",outputs/profiling/MI300X/analysis_2026-10-05/data/torch_kernels.json,medium: kernel trace record only,kernel Cijk_Ailk_Bjlk_S_MX_B_Bias_HA_S_SAV_UserArgs_MT64x32x64_MI16x16x1_SN_LDSB1_AFC1_AFEM1_AFEM1_ASEM1_CLR1_CADS0_DTLA0_DTLB0_DTVA0_DTVB0_EPS0_FDSI0_GRPM1_GRVWA4_GRVWB4_GSUAMBSK_GLS0_ISA942_IU1_K1_LBSPPA51
MI300X.torch.linear_self_attention.fp32.kernel_trace,9:other,library/kernel family: other,unknown (no ISA for this kernel),LDS 0 B; scratch 0 B,unknown,unknown,"grid 256 work-items, WG 256; VGPR 12 AGPR 4 SGPR 48",outputs/profiling/MI300X/analysis_2026-10-05/data/torch_kernels.json,medium: kernel trace record only,kernel __amd_rocclr_fillBufferAligned
MI300X.torch.matmul_fp32_fp16_fp8.fp16.kernel_trace,0:hipBLASLt/Tensile GEMM (Cijk),library/kernel family: hipBLASLt/Tensile GEMM (Cijk),unknown (no ISA for this kernel),LDS 64000 B; scratch 0 B,unknown,unknown,"grid 77824 work-items, WG 256; VGPR 104 AGPR 352 SGPR 96",outputs/profiling/MI300X/analysis_2026-10-05/data/torch_kernels.json,medium: kernel trace record only,kernel Cijk_Ailk_Bljk_HHS_BH_Bias_HA_S_SAV_UserArgs_MT256x224x64_MI16x16x1_SN_LDSB1_AFC1_AFEM1_AFEM1_ASEM1_CLR1_CADS0_DTLA0_DTLB0_DTVA0_DTVB0_EPS0_FDSI0_GRPM1_GRVWA8_GRVWB8_GSUAMBSK_GLS0_ISA942_IU1_K1_LBSPPA
MI300X.torch.matmul_fp32_fp16_fp8.fp32.kernel_trace,0:hipBLASLt/Tensile GEMM (Cijk),library/kernel family: hipBLASLt/Tensile GEMM (Cijk),unknown (no ISA for this kernel),LDS 64000 B; scratch 0 B,unknown,unknown,"grid 77824 work-items, WG 256; VGPR 72 AGPR 352 SGPR 96",outputs/profiling/MI300X/analysis_2026-10-05/data/torch_kernels.json,medium: kernel trace record only,kernel Cijk_Ailk_Bljk_S_MX_B_Bias_HA_S_SAV_UserArgs_MT224x256x32_MI16x16x1_SN_LDSB1_AFC1_AFEM1_AFEM1_ASEM1_CLR1_CADS0_DTLA0_DTLB0_DTVA0_DTVB0_EPS0_FDSI0_GRPM1_GRVWA4_GRVWB4_GSUAMBSK_GLS0_ISA942_IU1_K1_LBSPPA
MI300X.torch.matmul_int8.int8.kernel_trace,0:ATen elementwise (unrolled),library/kernel family: ATen elementwise (unrolled),unknown (no ISA for this kernel),LDS 0 B; scratch 0 B,unknown,unknown,"grid 2621440 work-items, WG 128; VGPR 16 AGPR 0 SGPR 64",outputs/profiling/MI300X/analysis_2026-10-05/data/torch_kernels.json,medium: kernel trace record only,"kernel void at::native::elementwise_kernel_manual_unroll<128, 4, at::native::gpu_kernel_impl<at::native::direct_copy_kernel_cuda(at::TensorIteratorBase&)::{lambda()#3}::operator()() const::{lambda()#3}::oper"
MI300X.torch.matmul_int8.int8.kernel_trace,10:ATen vectorized elementwise,library/kernel family: ATen vectorized elementwise,unknown (no ISA for this kernel),LDS 0 B; scratch 0 B,unknown,unknown,"grid 655360 work-items, WG 256; VGPR 24 AGPR 0 SGPR 32",outputs/profiling/MI300X/analysis_2026-10-05/data/torch_kernels.json,medium: kernel trace record only,"kernel void at::native::vectorized_elementwise_kernel<16, at::native::CUDAFunctorOnSelf_add<signed char>, std::array<char*, 2ul> >(int, at::native::CUDAFunctorOnSelf_add<signed char>, std::array<char*, 2ul>)"
MI300X.torch.matmul_int8.int8.kernel_trace,11:ATen cat/copy,library/kernel family: ATen cat/copy,unknown (no ISA for this kernel),LDS 0 B; scratch 0 B,unknown,unknown,"grid 155648 work-items, WG 512; VGPR 16 AGPR 0 SGPR 32",outputs/profiling/MI300X/analysis_2026-10-05/data/torch_kernels.json,medium: kernel trace record only,kernel __amd_rocclr_copyBuffer
MI300X.torch.matmul_int8.int8.kernel_trace,12:ATen elementwise (unrolled),library/kernel family: ATen elementwise (unrolled),unknown (no ISA for this kernel),LDS 0 B; scratch 0 B,unknown,unknown,"grid 2621440 work-items, WG 128; VGPR 16 AGPR 0 SGPR 64",outputs/profiling/MI300X/analysis_2026-10-05/data/torch_kernels.json,medium: kernel trace record only,"kernel void at::native::elementwise_kernel_manual_unroll<128, 4, at::native::gpu_kernel_impl<at::native::direct_copy_kernel_cuda(at::TensorIteratorBase&)::{lambda()#3}::operator()() const::{lambda()#3}::oper"
MI300X.torch.matmul_int8.int8.kernel_trace,13:ATen vectorized elementwise,library/kernel family: ATen vectorized elementwise,unknown (no ISA for this kernel),LDS 0 B; scratch 0 B,unknown,unknown,"grid 655360 work-items, WG 256; VGPR 24 AGPR 0 SGPR 32",outputs/profiling/MI300X/analysis_2026-10-05/data/torch_kernels.json,medium: kernel trace record only,"kernel void at::native::vectorized_elementwise_kernel<4, at::native::AUnaryFunctor<int, int, int, at::native::BitwiseAndFunctor<int> >, std::array<char*, 2ul> >(int, at::native::AUnaryFunctor<int, int, int, "
MI300X.torch.matmul_int8.int8.kernel_trace,14:ATen vectorized elementwise,library/kernel family: ATen vectorized elementwise,unknown (no ISA for this kernel),LDS 0 B; scratch 0 B,unknown,unknown,"grid 655360 work-items, WG 256; VGPR 24 AGPR 0 SGPR 32",outputs/profiling/MI300X/analysis_2026-10-05/data/torch_kernels.json,medium: kernel trace record only,"kernel void at::native::vectorized_elementwise_kernel<4, at::native::BUnaryFunctor<int, int, int, at::native::rshift_kernel_cuda(at::TensorIteratorBase&)::{lambda()#1}::operator()() const::{lambda()#3}::oper"
MI300X.torch.matmul_int8.int8.kernel_trace,15:ATen elementwise (unrolled),library/kernel family: ATen elementwise (unrolled),unknown (no ISA for this kernel),LDS 0 B; scratch 0 B,unknown,unknown,"grid 2621440 work-items, WG 128; VGPR 16 AGPR 0 SGPR 64",outputs/profiling/MI300X/analysis_2026-10-05/data/torch_kernels.json,medium: kernel trace record only,"kernel void at::native::elementwise_kernel_manual_unroll<128, 4, at::native::gpu_kernel_impl<at::native::direct_copy_kernel_cuda(at::TensorIteratorBase&)::{lambda()#3}::operator()() const::{lambda()#2}::oper"
MI300X.torch.matmul_int8.int8.kernel_trace,16:ATen vectorized elementwise,library/kernel family: ATen vectorized elementwise,unknown (no ISA for this kernel),LDS 0 B; scratch 0 B,unknown,unknown,"grid 655360 work-items, WG 256; VGPR 24 AGPR 0 SGPR 32",outputs/profiling/MI300X/analysis_2026-10-05/data/torch_kernels.json,medium: kernel trace record only,"kernel void at::native::vectorized_elementwise_kernel<16, at::native::CUDAFunctorOnSelf_add<signed char>, std::array<char*, 2ul> >(int, at::native::CUDAFunctorOnSelf_add<signed char>, std::array<char*, 2ul>)"
MI300X.torch.matmul_int8.int8.kernel_trace,17:ATen cat/copy,library/kernel family: ATen cat/copy,unknown (no ISA for this kernel),LDS 0 B; scratch 0 B,unknown,unknown,"grid 155648 work-items, WG 512; VGPR 16 AGPR 0 SGPR 32",outputs/profiling/MI300X/analysis_2026-10-05/data/torch_kernels.json,medium: kernel trace record only,kernel __amd_rocclr_copyBuffer
MI300X.torch.matmul_int8.int8.kernel_trace,18:ATen elementwise (unrolled),library/kernel family: ATen elementwise (unrolled),unknown (no ISA for this kernel),LDS 0 B; scratch 0 B,unknown,unknown,"grid 2621440 work-items, WG 128; VGPR 16 AGPR 0 SGPR 64",outputs/profiling/MI300X/analysis_2026-10-05/data/torch_kernels.json,medium: kernel trace record only,"kernel void at::native::elementwise_kernel_manual_unroll<128, 4, at::native::gpu_kernel_impl<at::native::direct_copy_kernel_cuda(at::TensorIteratorBase&)::{lambda()#3}::operator()() const::{lambda()#3}::oper"
MI300X.torch.matmul_int8.int8.kernel_trace,19:ATen vectorized elementwise,library/kernel family: ATen vectorized elementwise,unknown (no ISA for this kernel),LDS 0 B; scratch 0 B,unknown,unknown,"grid 655360 work-items, WG 256; VGPR 24 AGPR 0 SGPR 32",outputs/profiling/MI300X/analysis_2026-10-05/data/torch_kernels.json,medium: kernel trace record only,"kernel void at::native::vectorized_elementwise_kernel<4, at::native::AUnaryFunctor<int, int, int, at::native::BitwiseAndFunctor<int> >, std::array<char*, 2ul> >(int, at::native::AUnaryFunctor<int, int, int, "
MI300X.torch.matmul_int8.int8.kernel_trace,1:ATen vectorized elementwise,library/kernel family: ATen vectorized elementwise,unknown (no ISA for this kernel),LDS 0 B; scratch 0 B,unknown,unknown,"grid 655360 work-items, WG 256; VGPR 24 AGPR 0 SGPR 32",outputs/profiling/MI300X/analysis_2026-10-05/data/torch_kernels.json,medium: kernel trace record only,"kernel void at::native::vectorized_elementwise_kernel<4, at::native::AUnaryFunctor<int, int, int, at::native::BitwiseAndFunctor<int> >, std::array<char*, 2ul> >(int, at::native::AUnaryFunctor<int, int, int, "
MI300X.torch.matmul_int8.int8.kernel_trace,20:ATen vectorized elementwise,library/kernel family: ATen vectorized elementwise,unknown (no ISA for this kernel),LDS 0 B; scratch 0 B,unknown,unknown,"grid 655360 work-items, WG 256; VGPR 24 AGPR 0 SGPR 32",outputs/profiling/MI300X/analysis_2026-10-05/data/torch_kernels.json,medium: kernel trace record only,"kernel void at::native::vectorized_elementwise_kernel<4, at::native::BUnaryFunctor<int, int, int, at::native::rshift_kernel_cuda(at::TensorIteratorBase&)::{lambda()#1}::operator()() const::{lambda()#3}::oper"
MI300X.torch.matmul_int8.int8.kernel_trace,21:ATen elementwise (unrolled),library/kernel family: ATen elementwise (unrolled),unknown (no ISA for this kernel),LDS 0 B; scratch 0 B,unknown,unknown,"grid 2621440 work-items, WG 128; VGPR 16 AGPR 0 SGPR 64",outputs/profiling/MI300X/analysis_2026-10-05/data/torch_kernels.json,medium: kernel trace record only,"kernel void at::native::elementwise_kernel_manual_unroll<128, 4, at::native::gpu_kernel_impl<at::native::direct_copy_kernel_cuda(at::TensorIteratorBase&)::{lambda()#3}::operator()() const::{lambda()#2}::oper"
MI300X.torch.matmul_int8.int8.kernel_trace,22:ATen vectorized elementwise,library/kernel family: ATen vectorized elementwise,unknown (no ISA for this kernel),LDS 0 B; scratch 0 B,unknown,unknown,"grid 655360 work-items, WG 256; VGPR 24 AGPR 0 SGPR 32",outputs/profiling/MI300X/analysis_2026-10-05/data/torch_kernels.json,medium: kernel trace record only,"kernel void at::native::vectorized_elementwise_kernel<16, at::native::CUDAFunctorOnSelf_add<signed char>, std::array<char*, 2ul> >(int, at::native::CUDAFunctorOnSelf_add<signed char>, std::array<char*, 2ul>)"
MI300X.torch.matmul_int8.int8.kernel_trace,23:ATen cat/copy,library/kernel family: ATen cat/copy,unknown (no ISA for this kernel),LDS 0 B; scratch 0 B,unknown,unknown,"grid 155648 work-items, WG 512; VGPR 16 AGPR 0 SGPR 32",outputs/profiling/MI300X/analysis_2026-10-05/data/torch_kernels.json,medium: kernel trace record only,kernel __amd_rocclr_copyBuffer
MI300X.torch.matmul_int8.int8.kernel_trace,24:ATen elementwise (unrolled),library/kernel family: ATen elementwise (unrolled),unknown (no ISA for this kernel),LDS 0 B; scratch 0 B,unknown,unknown,"grid 10485760 work-items, WG 128; VGPR 16 AGPR 0 SGPR 64",outputs/profiling/MI300X/analysis_2026-10-05/data/torch_kernels.json,medium: kernel trace record only,"kernel void at::native::elementwise_kernel_manual_unroll<128, 4, at::native::gpu_kernel_impl<at::native::direct_copy_kernel_cuda(at::TensorIteratorBase&)::{lambda()#3}::operator()() const::{lambda()#7}::oper"
MI300X.torch.matmul_int8.int8.kernel_trace,25:ATen elementwise (unrolled),library/kernel family: ATen elementwise (unrolled),unknown (no ISA for this kernel),LDS 0 B; scratch 0 B,unknown,unknown,"grid 10485760 work-items, WG 128; VGPR 16 AGPR 0 SGPR 64",outputs/profiling/MI300X/analysis_2026-10-05/data/torch_kernels.json,medium: kernel trace record only,"kernel void at::native::elementwise_kernel_manual_unroll<128, 4, at::native::gpu_kernel_impl<at::native::direct_copy_kernel_cuda(at::TensorIteratorBase&)::{lambda()#3}::operator()() const::{lambda()#7}::oper"
MI300X.torch.matmul_int8.int8.kernel_trace,26:hipBLASLt/Tensile GEMM (Cijk),library/kernel family: hipBLASLt/Tensile GEMM (Cijk),unknown (no ISA for this kernel),LDS 49664 B; scratch 0 B,unknown,unknown,"grid 77824 work-items, WG 256; VGPR 32 AGPR 240 SGPR 80",outputs/profiling/MI300X/analysis_2026-10-05/data/torch_kernels.json,medium: kernel trace record only,kernel Cijk_Ailk_Bljk_S_B_Bias_HA_S_SAV_UserArgs_MT112x256x32_MI16x16x1_SN_LDSB1_AFC1_AFEM1_AFEM1_ASEM1_CLR1_CADS0_DTLA0_DTLB0_DTVA0_DTVB0_EPS0_FDSI0_GRPM1_GRVWA2_GRVWB4_GSUAMB_GLS0_ISA942_IU1_K1_LBSPPA1792_
MI300X.torch.matmul_int8.int8.kernel_trace,27:hipBLASLt/Tensile GEMM (Cijk),library/kernel family: hipBLASLt/Tensile GEMM (Cijk),unknown (no ISA for this kernel),LDS 0 B; scratch 0 B,unknown,unknown,"grid 1048576 work-items, WG 256; VGPR 40 AGPR 0 SGPR 32",outputs/profiling/MI300X/analysis_2026-10-05/data/torch_kernels.json,medium: kernel trace record only,kernel Cijk_SS_BiasS_HAS_ScaleAlphaVec_PostGSU2_VW4
MI300X.torch.matmul_int8.int8.kernel_trace,28:ATen elementwise (unrolled),library/kernel family: ATen elementwise (unrolled),unknown (no ISA for this kernel),LDS 0 B; scratch 0 B,unknown,unknown,"grid 1048576 work-items, WG 128; VGPR 16 AGPR 0 SGPR 64",outputs/profiling/MI300X/analysis_2026-10-05/data/torch_kernels.json,medium: kernel trace record only,"kernel void at::native::elementwise_kernel_manual_unroll<128, 4, at::native::gpu_kernel_impl<at::native::direct_copy_kernel_cuda(at::TensorIteratorBase&)::{lambda()#3}::operator()() const::{lambda()#3}::oper"
MI300X.torch.matmul_int8.int8.kernel_trace,2:ATen vectorized elementwise,library/kernel family: ATen vectorized elementwise,unknown (no ISA for this kernel),LDS 0 B; scratch 0 B,unknown,unknown,"grid 655360 work-items, WG 256; VGPR 24 AGPR 0 SGPR 32",outputs/profiling/MI300X/analysis_2026-10-05/data/torch_kernels.json,medium: kernel trace record only,"kernel void at::native::vectorized_elementwise_kernel<4, at::native::BUnaryFunctor<int, int, int, at::native::rshift_kernel_cuda(at::TensorIteratorBase&)::{lambda()#1}::operator()() const::{lambda()#3}::oper"
MI300X.torch.matmul_int8.int8.kernel_trace,3:ATen elementwise (unrolled),library/kernel family: ATen elementwise (unrolled),unknown (no ISA for this kernel),LDS 0 B; scratch 0 B,unknown,unknown,"grid 2621440 work-items, WG 128; VGPR 16 AGPR 0 SGPR 64",outputs/profiling/MI300X/analysis_2026-10-05/data/torch_kernels.json,medium: kernel trace record only,"kernel void at::native::elementwise_kernel_manual_unroll<128, 4, at::native::gpu_kernel_impl<at::native::direct_copy_kernel_cuda(at::TensorIteratorBase&)::{lambda()#3}::operator()() const::{lambda()#2}::oper"
MI300X.torch.matmul_int8.int8.kernel_trace,4:ATen vectorized elementwise,library/kernel family: ATen vectorized elementwise,unknown (no ISA for this kernel),LDS 0 B; scratch 0 B,unknown,unknown,"grid 655360 work-items, WG 256; VGPR 24 AGPR 0 SGPR 32",outputs/profiling/MI300X/analysis_2026-10-05/data/torch_kernels.json,medium: kernel trace record only,"kernel void at::native::vectorized_elementwise_kernel<16, at::native::CUDAFunctorOnSelf_add<signed char>, std::array<char*, 2ul> >(int, at::native::CUDAFunctorOnSelf_add<signed char>, std::array<char*, 2ul>)"
MI300X.torch.matmul_int8.int8.kernel_trace,5:ATen cat/copy,library/kernel family: ATen cat/copy,unknown (no ISA for this kernel),LDS 0 B; scratch 0 B,unknown,unknown,"grid 155648 work-items, WG 512; VGPR 16 AGPR 0 SGPR 32",outputs/profiling/MI300X/analysis_2026-10-05/data/torch_kernels.json,medium: kernel trace record only,kernel __amd_rocclr_copyBuffer
MI300X.torch.matmul_int8.int8.kernel_trace,6:ATen elementwise (unrolled),library/kernel family: ATen elementwise (unrolled),unknown (no ISA for this kernel),LDS 0 B; scratch 0 B,unknown,unknown,"grid 2621440 work-items, WG 128; VGPR 16 AGPR 0 SGPR 64",outputs/profiling/MI300X/analysis_2026-10-05/data/torch_kernels.json,medium: kernel trace record only,"kernel void at::native::elementwise_kernel_manual_unroll<128, 4, at::native::gpu_kernel_impl<at::native::direct_copy_kernel_cuda(at::TensorIteratorBase&)::{lambda()#3}::operator()() const::{lambda()#3}::oper"
MI300X.torch.matmul_int8.int8.kernel_trace,7:ATen vectorized elementwise,library/kernel family: ATen vectorized elementwise,unknown (no ISA for this kernel),LDS 0 B; scratch 0 B,unknown,unknown,"grid 655360 work-items, WG 256; VGPR 24 AGPR 0 SGPR 32",outputs/profiling/MI300X/analysis_2026-10-05/data/torch_kernels.json,medium: kernel trace record only,"kernel void at::native::vectorized_elementwise_kernel<4, at::native::AUnaryFunctor<int, int, int, at::native::BitwiseAndFunctor<int> >, std::array<char*, 2ul> >(int, at::native::AUnaryFunctor<int, int, int, "
MI300X.torch.matmul_int8.int8.kernel_trace,8:ATen vectorized elementwise,library/kernel family: ATen vectorized elementwise,unknown (no ISA for this kernel),LDS 0 B; scratch 0 B,unknown,unknown,"grid 655360 work-items, WG 256; VGPR 24 AGPR 0 SGPR 32",outputs/profiling/MI300X/analysis_2026-10-05/data/torch_kernels.json,medium: kernel trace record only,"kernel void at::native::vectorized_elementwise_kernel<4, at::native::BUnaryFunctor<int, int, int, at::native::rshift_kernel_cuda(at::TensorIteratorBase&)::{lambda()#1}::operator()() const::{lambda()#3}::oper"
MI300X.torch.matmul_int8.int8.kernel_trace,9:ATen elementwise (unrolled),library/kernel family: ATen elementwise (unrolled),unknown (no ISA for this kernel),LDS 0 B; scratch 0 B,unknown,unknown,"grid 2621440 work-items, WG 128; VGPR 16 AGPR 0 SGPR 64",outputs/profiling/MI300X/analysis_2026-10-05/data/torch_kernels.json,medium: kernel trace record only,"kernel void at::native::elementwise_kernel_manual_unroll<128, 4, at::native::gpu_kernel_impl<at::native::direct_copy_kernel_cuda(at::TensorIteratorBase&)::{lambda()#3}::operator()() const::{lambda()#2}::oper"
MI300X.torch.matrix_copy.bf16.kernel_trace,0:ATen vectorized elementwise,library/kernel family: ATen vectorized elementwise,unknown (no ISA for this kernel),LDS 0 B; scratch 0 B,unknown,unknown,"grid 1638400 work-items, WG 256; VGPR 28 AGPR 4 SGPR 32",outputs/profiling/MI300X/analysis_2026-10-05/data/torch_kernels.json,medium: kernel trace record only,"kernel void at::native::vectorized_elementwise_kernel<8, at::native::CUDAFunctorOnSelf_add<c10::BFloat16>, std::array<char*, 2ul> >(int, at::native::CUDAFunctorOnSelf_add<c10::BFloat16>, std::array<char*, 2u"
MI300X.torch.matrix_copy.fp16.kernel_trace,0:ATen vectorized elementwise,library/kernel family: ATen vectorized elementwise,unknown (no ISA for this kernel),LDS 0 B; scratch 0 B,unknown,unknown,"grid 1638400 work-items, WG 256; VGPR 28 AGPR 4 SGPR 32",outputs/profiling/MI300X/analysis_2026-10-05/data/torch_kernels.json,medium: kernel trace record only,"kernel void at::native::vectorized_elementwise_kernel<8, at::native::CUDAFunctorOnSelf_add<c10::Half>, std::array<char*, 2ul> >(int, at::native::CUDAFunctorOnSelf_add<c10::Half>, std::array<char*, 2ul>)"
MI300X.torch.matrix_copy.fp32.kernel_trace,0:ATen vectorized elementwise,library/kernel family: ATen vectorized elementwise,unknown (no ISA for this kernel),LDS 0 B; scratch 0 B,unknown,unknown,"grid 1638400 work-items, WG 256; VGPR 28 AGPR 4 SGPR 32",outputs/profiling/MI300X/analysis_2026-10-05/data/torch_kernels.json,medium: kernel trace record only,"kernel void at::native::vectorized_elementwise_kernel<4, at::native::CUDAFunctorOnSelf_add<float>, std::array<char*, 2ul> >(int, at::native::CUDAFunctorOnSelf_add<float>, std::array<char*, 2ul>)"
MI300X.torch.matrix_copy.int8.kernel_trace,0:ATen vectorized elementwise,library/kernel family: ATen vectorized elementwise,unknown (no ISA for this kernel),LDS 0 B; scratch 0 B,unknown,unknown,"grid 1638400 work-items, WG 256; VGPR 24 AGPR 0 SGPR 32",outputs/profiling/MI300X/analysis_2026-10-05/data/torch_kernels.json,medium: kernel trace record only,"kernel void at::native::vectorized_elementwise_kernel<16, at::native::CUDAFunctorOnSelf_add<signed char>, std::array<char*, 2ul> >(int, at::native::CUDAFunctorOnSelf_add<signed char>, std::array<char*, 2ul>)"
MI300X.torch.matrix_transpose.bf16.kernel_trace,0:ATen elementwise (unrolled),library/kernel family: ATen elementwise (unrolled),unknown (no ISA for this kernel),LDS 0 B; scratch 0 B,unknown,unknown,"grid 10485760 work-items, WG 128; VGPR 36 AGPR 4 SGPR 80",outputs/profiling/MI300X/analysis_2026-10-05/data/torch_kernels.json,medium: kernel trace record only,"kernel void at::native::elementwise_kernel_manual_unroll<128, 8, at::native::gpu_kernel_impl_nocast<at::native::direct_copy_kernel_cuda(at::TensorIteratorBase&)::{lambda()#3}::operator()() const::{lambda()#1"
MI300X.torch.matrix_transpose.fp16.kernel_trace,0:ATen elementwise (unrolled),library/kernel family: ATen elementwise (unrolled),unknown (no ISA for this kernel),LDS 0 B; scratch 0 B,unknown,unknown,"grid 10485760 work-items, WG 128; VGPR 36 AGPR 4 SGPR 80",outputs/profiling/MI300X/analysis_2026-10-05/data/torch_kernels.json,medium: kernel trace record only,"kernel void at::native::elementwise_kernel_manual_unroll<128, 8, at::native::gpu_kernel_impl_nocast<at::native::direct_copy_kernel_cuda(at::TensorIteratorBase&)::{lambda()#3}::operator()() const::{lambda()#1"
MI300X.torch.matrix_transpose.fp32.kernel_trace,0:ATen elementwise (unrolled),library/kernel family: ATen elementwise (unrolled),unknown (no ISA for this kernel),LDS 0 B; scratch 0 B,unknown,unknown,"grid 20971520 work-items, WG 128; VGPR 20 AGPR 4 SGPR 80",outputs/profiling/MI300X/analysis_2026-10-05/data/torch_kernels.json,medium: kernel trace record only,"kernel void at::native::elementwise_kernel_manual_unroll<128, 4, at::native::gpu_kernel_impl_nocast<at::native::direct_copy_kernel_cuda(at::TensorIteratorBase&)::{lambda()#3}::operator()() const::{lambda()#7"
MI300X.torch.matrix_transpose.int8.kernel_trace,0:ATen elementwise (unrolled),library/kernel family: ATen elementwise (unrolled),unknown (no ISA for this kernel),LDS 0 B; scratch 0 B,unknown,unknown,"grid 10485760 work-items, WG 128; VGPR 36 AGPR 4 SGPR 80",outputs/profiling/MI300X/analysis_2026-10-05/data/torch_kernels.json,medium: kernel trace record only,"kernel void at::native::elementwise_kernel_manual_unroll<128, 8, at::native::gpu_kernel_impl_nocast<at::native::direct_copy_kernel_cuda(at::TensorIteratorBase&)::{lambda()#3}::operator()() const::{lambda()#2"
MI300X.torch.mean_reduction.bf16.kernel_trace,0:ATen reduce,library/kernel family: ATen reduce,unknown (no ISA for this kernel),LDS 512 B; scratch 0 B,unknown,unknown,"grid 1048576 work-items, WG 512; VGPR 28 AGPR 4 SGPR 80",outputs/profiling/MI300X/analysis_2026-10-05/data/torch_kernels.json,medium: kernel trace record only,"kernel void at::native::reduce_kernel<512, 1, at::native::ReduceOp<c10::BFloat16, at::native::MeanOps<c10::BFloat16, float, float, float>, unsigned int, float, 4, 8> >(at::native::ReduceOp<c10::BFloat16, at:"
MI300X.torch.mean_reduction.fp16.kernel_trace,0:ATen reduce,library/kernel family: ATen reduce,unknown (no ISA for this kernel),LDS 512 B; scratch 0 B,unknown,unknown,"grid 1048576 work-items, WG 512; VGPR 28 AGPR 4 SGPR 80",outputs/profiling/MI300X/analysis_2026-10-05/data/torch_kernels.json,medium: kernel trace record only,"kernel void at::native::reduce_kernel<512, 1, at::native::ReduceOp<c10::Half, at::native::MeanOps<c10::Half, float, float, float>, unsigned int, float, 4, 8> >(at::native::ReduceOp<c10::Half, at::native::Mea"
MI300X.torch.mean_reduction.fp32.kernel_trace,0:ATen reduce,library/kernel family: ATen reduce,unknown (no ISA for this kernel),LDS 512 B; scratch 0 B,unknown,unknown,"grid 1048576 work-items, WG 512; VGPR 28 AGPR 4 SGPR 80",outputs/profiling/MI300X/analysis_2026-10-05/data/torch_kernels.json,medium: kernel trace record only,"kernel void at::native::reduce_kernel<512, 1, at::native::ReduceOp<float, at::native::MeanOps<float, float, float, float>, unsigned int, float, 4, 4> >(at::native::ReduceOp<float, at::native::MeanOps<float, "
MI300X.torch.moe_topk_gating.bf16.kernel_trace,0:ATen sort/topk,library/kernel family: ATen sort/topk,unknown (no ISA for this kernel),LDS 512 B; scratch 0 B,unknown,unknown,"grid 2621440 work-items, WG 128; VGPR 32 AGPR 0 SGPR 112",outputs/profiling/MI300X/analysis_2026-10-05/data/torch_kernels.json,medium: kernel trace record only,"kernel void at::native::sbtopk::gatherTopK<c10::BFloat16, unsigned int, 2, false>(at::cuda::detail::TensorInfo<c10::BFloat16 const, unsigned int>, unsigned int, unsigned int, bool, unsigned int, unsigned int"
MI300X.torch.moe_topk_gating.bf16.kernel_trace,1:ATen sort/topk,library/kernel family: ATen sort/topk,unknown (no ISA for this kernel),LDS 5632 B; scratch 0 B,unknown,unknown,"grid 327680 work-items, WG 128; VGPR 36 AGPR 4 SGPR 32",outputs/profiling/MI300X/analysis_2026-10-05/data/torch_kernels.json,medium: kernel trace record only,"kernel void at::native::bitonicSortKVInPlace<2, -1, 16, 16, c10::BFloat16, long, at::native::GTOp<c10::BFloat16, true>, unsigned int>(at::cuda::detail::TensorInfo<c10::BFloat16, unsigned int>, unsigned int, "
MI300X.torch.moe_topk_gating.bf16.kernel_trace,2:ATen vectorized elementwise,library/kernel family: ATen vectorized elementwise,unknown (no ISA for this kernel),LDS 0 B; scratch 0 B,unknown,unknown,"grid 2560 work-items, WG 256; VGPR 24 AGPR 0 SGPR 32",outputs/profiling/MI300X/analysis_2026-10-05/data/torch_kernels.json,medium: kernel trace record only,"kernel void at::native::vectorized_elementwise_kernel<4, at::native::bfloat16tofloat32_copy_kernel_cuda(at::TensorIteratorBase&)::{lambda(c10::BFloat16)#1}, std::array<char*, 2ul> >(int, at::native::bfloat16"
MI300X.torch.moe_topk_gating.bf16.kernel_trace,3:ATen softmax,library/kernel family: ATen softmax,unknown (no ISA for this kernel),LDS 0 B; scratch 0 B,unknown,unknown,"grid 20480 work-items, WG 128; VGPR 12 AGPR 4 SGPR 32",outputs/profiling/MI300X/analysis_2026-10-05/data/torch_kernels.json,medium: kernel trace record only,"kernel void (anonymous namespace)::softmax_warp_forward<float, float, float, 1, false, false>(float*, float const*, int, int, int, bool const*, int, bool)"
MI300X.torch.moe_topk_gating.bf16.kernel_trace,4:ATen vectorized elementwise,library/kernel family: ATen vectorized elementwise,unknown (no ISA for this kernel),LDS 0 B; scratch 0 B,unknown,unknown,"grid 2560 work-items, WG 256; VGPR 28 AGPR 4 SGPR 32",outputs/profiling/MI300X/analysis_2026-10-05/data/torch_kernels.json,medium: kernel trace record only,"kernel void at::native::vectorized_elementwise_kernel<4, at::native::bfloat16_copy_kernel_cuda(at::TensorIteratorBase&)::{lambda(float)#1}, std::array<char*, 2ul> >(int, at::native::bfloat16_copy_kernel_cuda"
MI300X.torch.moe_topk_gating.bf16.kernel_trace,5:ATen elementwise (unrolled),library/kernel family: ATen elementwise (unrolled),unknown (no ISA for this kernel),LDS 0 B; scratch 0 B,unknown,unknown,"grid 10240 work-items, WG 128; VGPR 16 AGPR 0 SGPR 64",outputs/profiling/MI300X/analysis_2026-10-05/data/torch_kernels.json,medium: kernel trace record only,"kernel void at::native::elementwise_kernel_manual_unroll<128, 4, at::native::gpu_kernel_impl<at::native::direct_copy_kernel_cuda(at::TensorIteratorBase&)::{lambda()#3}::operator()() const::{lambda()#3}::oper"
MI300X.torch.moe_topk_gating.fp16.kernel_trace,0:ATen sort/topk,library/kernel family: ATen sort/topk,unknown (no ISA for this kernel),LDS 512 B; scratch 0 B,unknown,unknown,"grid 2621440 work-items, WG 128; VGPR 32 AGPR 0 SGPR 112",outputs/profiling/MI300X/analysis_2026-10-05/data/torch_kernels.json,medium: kernel trace record only,"kernel void at::native::sbtopk::gatherTopK<c10::Half, unsigned int, 2, false>(at::cuda::detail::TensorInfo<c10::Half const, unsigned int>, unsigned int, unsigned int, bool, unsigned int, unsigned int, at::cu"
MI300X.torch.moe_topk_gating.fp16.kernel_trace,1:ATen sort/topk,library/kernel family: ATen sort/topk,unknown (no ISA for this kernel),LDS 5632 B; scratch 0 B,unknown,unknown,"grid 327680 work-items, WG 128; VGPR 36 AGPR 4 SGPR 32",outputs/profiling/MI300X/analysis_2026-10-05/data/torch_kernels.json,medium: kernel trace record only,"kernel void at::native::bitonicSortKVInPlace<2, -1, 16, 16, c10::Half, long, at::native::GTOp<c10::Half, true>, unsigned int>(at::cuda::detail::TensorInfo<c10::Half, unsigned int>, unsigned int, unsigned int"
MI300X.torch.moe_topk_gating.fp16.kernel_trace,2:ATen vectorized elementwise,library/kernel family: ATen vectorized elementwise,unknown (no ISA for this kernel),LDS 0 B; scratch 0 B,unknown,unknown,"grid 2560 work-items, WG 256; VGPR 24 AGPR 0 SGPR 32",outputs/profiling/MI300X/analysis_2026-10-05/data/torch_kernels.json,medium: kernel trace record only,"kernel void at::native::vectorized_elementwise_kernel<4, at::native::float16tofloat32_copy_kernel_cuda(at::TensorIteratorBase&)::{lambda(c10::Half)#1}, std::array<char*, 2ul> >(int, at::native::float16tofloa"
MI300X.torch.moe_topk_gating.fp16.kernel_trace,3:ATen softmax,library/kernel family: ATen softmax,unknown (no ISA for this kernel),LDS 0 B; scratch 0 B,unknown,unknown,"grid 20480 work-items, WG 128; VGPR 12 AGPR 4 SGPR 32",outputs/profiling/MI300X/analysis_2026-10-05/data/torch_kernels.json,medium: kernel trace record only,"kernel void (anonymous namespace)::softmax_warp_forward<float, float, float, 1, false, false>(float*, float const*, int, int, int, bool const*, int, bool)"
MI300X.torch.moe_topk_gating.fp16.kernel_trace,4:ATen vectorized elementwise,library/kernel family: ATen vectorized elementwise,unknown (no ISA for this kernel),LDS 0 B; scratch 0 B,unknown,unknown,"grid 2560 work-items, WG 256; VGPR 24 AGPR 0 SGPR 32",outputs/profiling/MI300X/analysis_2026-10-05/data/torch_kernels.json,medium: kernel trace record only,"kernel void at::native::vectorized_elementwise_kernel<4, at::native::float16_copy_kernel_cuda(at::TensorIteratorBase&)::{lambda(float)#1}, std::array<char*, 2ul> >(int, at::native::float16_copy_kernel_cuda(a"
MI300X.torch.moe_topk_gating.fp16.kernel_trace,5:ATen elementwise (unrolled),library/kernel family: ATen elementwise (unrolled),unknown (no ISA for this kernel),LDS 0 B; scratch 0 B,unknown,unknown,"grid 10240 work-items, WG 128; VGPR 16 AGPR 0 SGPR 64",outputs/profiling/MI300X/analysis_2026-10-05/data/torch_kernels.json,medium: kernel trace record only,"kernel void at::native::elementwise_kernel_manual_unroll<128, 4, at::native::gpu_kernel_impl<at::native::direct_copy_kernel_cuda(at::TensorIteratorBase&)::{lambda()#3}::operator()() const::{lambda()#3}::oper"
MI300X.torch.moe_topk_gating.fp32.kernel_trace,0:ATen sort/topk,library/kernel family: ATen sort/topk,unknown (no ISA for this kernel),LDS 512 B; scratch 0 B,unknown,unknown,"grid 2621440 work-items, WG 128; VGPR 28 AGPR 4 SGPR 112",outputs/profiling/MI300X/analysis_2026-10-05/data/torch_kernels.json,medium: kernel trace record only,"kernel void at::native::sbtopk::gatherTopK<float, unsigned int, 2, false>(at::cuda::detail::TensorInfo<float const, unsigned int>, unsigned int, unsigned int, bool, unsigned int, unsigned int, at::cuda::deta"
MI300X.torch.moe_topk_gating.fp32.kernel_trace,1:ATen sort/topk,library/kernel family: ATen sort/topk,unknown (no ISA for this kernel),LDS 6656 B; scratch 0 B,unknown,unknown,"grid 327680 work-items, WG 128; VGPR 36 AGPR 4 SGPR 32",outputs/profiling/MI300X/analysis_2026-10-05/data/torch_kernels.json,medium: kernel trace record only,"kernel void at::native::bitonicSortKVInPlace<2, -1, 16, 16, float, long, at::native::GTOp<float, true>, unsigned int>(at::cuda::detail::TensorInfo<float, unsigned int>, unsigned int, unsigned int, unsigned i"
MI300X.torch.moe_topk_gating.fp32.kernel_trace,2:ATen softmax,library/kernel family: ATen softmax,unknown (no ISA for this kernel),LDS 0 B; scratch 0 B,unknown,unknown,"grid 20480 work-items, WG 128; VGPR 12 AGPR 4 SGPR 32",outputs/profiling/MI300X/analysis_2026-10-05/data/torch_kernels.json,medium: kernel trace record only,"kernel void (anonymous namespace)::softmax_warp_forward<float, float, float, 1, false, false>(float*, float const*, int, int, int, bool const*, int, bool)"
MI300X.torch.moe_topk_gating.fp32.kernel_trace,3:ATen elementwise (unrolled),library/kernel family: ATen elementwise (unrolled),unknown (no ISA for this kernel),LDS 0 B; scratch 0 B,unknown,unknown,"grid 10240 work-items, WG 128; VGPR 16 AGPR 0 SGPR 64",outputs/profiling/MI300X/analysis_2026-10-05/data/torch_kernels.json,medium: kernel trace record only,"kernel void at::native::elementwise_kernel_manual_unroll<128, 4, at::native::gpu_kernel_impl<at::native::direct_copy_kernel_cuda(at::TensorIteratorBase&)::{lambda()#3}::operator()() const::{lambda()#3}::oper"
MI300X.torch.mul2.bf16.kernel_trace,0:ATen vectorized elementwise,library/kernel family: ATen vectorized elementwise,unknown (no ISA for this kernel),LDS 0 B; scratch 0 B,unknown,unknown,"grid 1310720 work-items, WG 256; VGPR 28 AGPR 4 SGPR 32",outputs/profiling/MI300X/analysis_2026-10-05/data/torch_kernels.json,medium: kernel trace record only,"kernel void at::native::vectorized_elementwise_kernel<8, at::native::AUnaryFunctor<c10::BFloat16, c10::BFloat16, c10::BFloat16, at::native::binary_internal::MulFunctor<float> >, std::array<char*, 2ul> >(int,"
MI300X.torch.mul2.fp16.kernel_trace,0:ATen vectorized elementwise,library/kernel family: ATen vectorized elementwise,unknown (no ISA for this kernel),LDS 0 B; scratch 0 B,unknown,unknown,"grid 1310720 work-items, WG 256; VGPR 24 AGPR 0 SGPR 32",outputs/profiling/MI300X/analysis_2026-10-05/data/torch_kernels.json,medium: kernel trace record only,"kernel void at::native::vectorized_elementwise_kernel<8, at::native::AUnaryFunctor<c10::Half, c10::Half, c10::Half, at::native::binary_internal::MulFunctor<float> >, std::array<char*, 2ul> >(int, at::native:"
MI300X.torch.mul2.fp32.kernel_trace,0:ATen vectorized elementwise,library/kernel family: ATen vectorized elementwise,unknown (no ISA for this kernel),LDS 0 B; scratch 0 B,unknown,unknown,"grid 1310720 work-items, WG 256; VGPR 24 AGPR 0 SGPR 32",outputs/profiling/MI300X/analysis_2026-10-05/data/torch_kernels.json,medium: kernel trace record only,"kernel void at::native::vectorized_elementwise_kernel<4, at::native::AUnaryFunctor<float, float, float, at::native::binary_internal::MulFunctor<float> >, std::array<char*, 2ul> >(int, at::native::AUnaryFunct"
MI300X.torch.mul2.int8.kernel_trace,0:ATen vectorized elementwise,library/kernel family: ATen vectorized elementwise,unknown (no ISA for this kernel),LDS 0 B; scratch 0 B,unknown,unknown,"grid 1310720 work-items, WG 256; VGPR 24 AGPR 0 SGPR 32",outputs/profiling/MI300X/analysis_2026-10-05/data/torch_kernels.json,medium: kernel trace record only,"kernel void at::native::vectorized_elementwise_kernel<16, at::native::AUnaryFunctor<signed char, signed char, signed char, at::native::binary_internal::MulFunctor<signed char> >, std::array<char*, 2ul> >(int"
MI300X.torch.quantize_global.fp32.kernel_trace,0:ATen vectorized elementwise,library/kernel family: ATen vectorized elementwise,unknown (no ISA for this kernel),LDS 0 B; scratch 0 B,unknown,unknown,"grid 1310720 work-items, WG 256; VGPR 24 AGPR 0 SGPR 32",outputs/profiling/MI300X/analysis_2026-10-05/data/torch_kernels.json,medium: kernel trace record only,"kernel void at::native::vectorized_elementwise_kernel<4, at::native::float16_copy_kernel_cuda(at::TensorIteratorBase&)::{lambda(float)#1}, std::array<char*, 2ul> >(int, at::native::float16_copy_kernel_cuda(a"
MI300X.torch.radix_sort.int32.kernel_trace,0:ATen cat/copy,library/kernel family: ATen cat/copy,unknown (no ISA for this kernel),LDS 0 B; scratch 0 B,unknown,unknown,"grid 155648 work-items, WG 512; VGPR 16 AGPR 0 SGPR 32",outputs/profiling/MI300X/analysis_2026-10-05/data/torch_kernels.json,medium: kernel trace record only,kernel __amd_rocclr_copyBuffer
MI300X.torch.radix_sort.int32.kernel_trace,10:rocPRIM/hipCUB,library/kernel family: rocPRIM/hipCUB,unknown (no ISA for this kernel),LDS 51200 B; scratch 0 B,unknown,unknown,"grid 3334144 work-items, WG 1024; VGPR 60 AGPR 44 SGPR 112",outputs/profiling/MI300X/analysis_2026-10-05/data/torch_kernels.json,medium: kernel trace record only,"kernel void rocprim::ROCPRIM_400100_NS::detail::trampoline_kernel<rocprim::ROCPRIM_400100_NS::detail::wrapped_radix_sort_onesweep_config<rocprim::ROCPRIM_400100_NS::default_config, int, at::cuda::cub::detail"
MI300X.torch.radix_sort.int32.kernel_trace,11:other,library/kernel family: other,unknown (no ISA for this kernel),LDS 0 B; scratch 0 B,unknown,unknown,"grid 77824 work-items, WG 256; VGPR 12 AGPR 4 SGPR 48",outputs/profiling/MI300X/analysis_2026-10-05/data/torch_kernels.json,medium: kernel trace record only,kernel __amd_rocclr_fillBufferAligned
MI300X.torch.radix_sort.int32.kernel_trace,12:rocPRIM/hipCUB,library/kernel family: rocPRIM/hipCUB,unknown (no ISA for this kernel),LDS 51200 B; scratch 0 B,unknown,unknown,"grid 3334144 work-items, WG 1024; VGPR 60 AGPR 44 SGPR 112",outputs/profiling/MI300X/analysis_2026-10-05/data/torch_kernels.json,medium: kernel trace record only,"kernel void rocprim::ROCPRIM_400100_NS::detail::trampoline_kernel<rocprim::ROCPRIM_400100_NS::detail::wrapped_radix_sort_onesweep_config<rocprim::ROCPRIM_400100_NS::default_config, int, at::cuda::cub::detail"
MI300X.torch.radix_sort.int32.kernel_trace,1:other,library/kernel family: other,unknown (no ISA for this kernel),LDS 0 B; scratch 0 B,unknown,unknown,"grid 20000768 work-items, WG 1024; VGPR 12 AGPR 4 SGPR 32",outputs/profiling/MI300X/analysis_2026-10-05/data/torch_kernels.json,medium: kernel trace record only,"kernel at::native::(anonymous namespace)::fill_reverse_indices_kernel(long*, int, at::cuda::detail::IntDivider<unsigned int>)"
MI300X.torch.radix_sort.int32.kernel_trace,2:other,library/kernel family: other,unknown (no ISA for this kernel),LDS 0 B; scratch 0 B,unknown,unknown,"grid 512 work-items, WG 256; VGPR 12 AGPR 4 SGPR 48",outputs/profiling/MI300X/analysis_2026-10-05/data/torch_kernels.json,medium: kernel trace record only,kernel __amd_rocclr_fillBufferAligned
MI300X.torch.radix_sort.int32.kernel_trace,3:rocPRIM/hipCUB,library/kernel family: rocPRIM/hipCUB,unknown (no ISA for this kernel),LDS 16384 B; scratch 0 B,unknown,unknown,"grid 625664 work-items, WG 1024; VGPR 52 AGPR 4 SGPR 96",outputs/profiling/MI300X/analysis_2026-10-05/data/torch_kernels.json,medium: kernel trace record only,"kernel void rocprim::ROCPRIM_400100_NS::detail::trampoline_kernel<rocprim::ROCPRIM_400100_NS::detail::wrapped_radix_sort_onesweep_config<rocprim::ROCPRIM_400100_NS::default_config, int, at::cuda::cub::detail"
MI300X.torch.radix_sort.int32.kernel_trace,4:rocPRIM/hipCUB,library/kernel family: rocPRIM/hipCUB,unknown (no ISA for this kernel),LDS 512 B; scratch 0 B,unknown,unknown,"grid 4096 work-items, WG 1024; VGPR 16 AGPR 0 SGPR 32",outputs/profiling/MI300X/analysis_2026-10-05/data/torch_kernels.json,medium: kernel trace record only,"kernel void rocprim::ROCPRIM_400100_NS::detail::trampoline_kernel<rocprim::ROCPRIM_400100_NS::detail::wrapped_radix_sort_onesweep_config<rocprim::ROCPRIM_400100_NS::default_config, int, at::cuda::cub::detail"
MI300X.torch.radix_sort.int32.kernel_trace,5:other,library/kernel family: other,unknown (no ISA for this kernel),LDS 0 B; scratch 0 B,unknown,unknown,"grid 77824 work-items, WG 256; VGPR 12 AGPR 4 SGPR 48",outputs/profiling/MI300X/analysis_2026-10-05/data/torch_kernels.json,medium: kernel trace record only,kernel __amd_rocclr_fillBufferAligned
MI300X.torch.radix_sort.int32.kernel_trace,6:rocPRIM/hipCUB,library/kernel family: rocPRIM/hipCUB,unknown (no ISA for this kernel),LDS 51200 B; scratch 0 B,unknown,unknown,"grid 3334144 work-items, WG 1024; VGPR 60 AGPR 44 SGPR 112",outputs/profiling/MI300X/analysis_2026-10-05/data/torch_kernels.json,medium: kernel trace record only,"kernel void rocprim::ROCPRIM_400100_NS::detail::trampoline_kernel<rocprim::ROCPRIM_400100_NS::detail::wrapped_radix_sort_onesweep_config<rocprim::ROCPRIM_400100_NS::default_config, int, at::cuda::cub::detail"
MI300X.torch.radix_sort.int32.kernel_trace,7:other,library/kernel family: other,unknown (no ISA for this kernel),LDS 0 B; scratch 0 B,unknown,unknown,"grid 77824 work-items, WG 256; VGPR 12 AGPR 4 SGPR 48",outputs/profiling/MI300X/analysis_2026-10-05/data/torch_kernels.json,medium: kernel trace record only,kernel __amd_rocclr_fillBufferAligned
MI300X.torch.radix_sort.int32.kernel_trace,8:rocPRIM/hipCUB,library/kernel family: rocPRIM/hipCUB,unknown (no ISA for this kernel),LDS 51200 B; scratch 0 B,unknown,unknown,"grid 3334144 work-items, WG 1024; VGPR 60 AGPR 44 SGPR 112",outputs/profiling/MI300X/analysis_2026-10-05/data/torch_kernels.json,medium: kernel trace record only,"kernel void rocprim::ROCPRIM_400100_NS::detail::trampoline_kernel<rocprim::ROCPRIM_400100_NS::detail::wrapped_radix_sort_onesweep_config<rocprim::ROCPRIM_400100_NS::default_config, int, at::cuda::cub::detail"
MI300X.torch.radix_sort.int32.kernel_trace,9:other,library/kernel family: other,unknown (no ISA for this kernel),LDS 0 B; scratch 0 B,unknown,unknown,"grid 77824 work-items, WG 256; VGPR 12 AGPR 4 SGPR 48",outputs/profiling/MI300X/analysis_2026-10-05/data/torch_kernels.json,medium: kernel trace record only,kernel __amd_rocclr_fillBufferAligned
MI300X.torch.relu.bf16.kernel_trace,0:ATen vectorized elementwise,library/kernel family: ATen vectorized elementwise,unknown (no ISA for this kernel),LDS 0 B; scratch 0 B,unknown,unknown,"grid 1310720 work-items, WG 256; VGPR 24 AGPR 0 SGPR 32",outputs/profiling/MI300X/analysis_2026-10-05/data/torch_kernels.json,medium: kernel trace record only,"kernel void at::native::vectorized_elementwise_kernel<8, at::native::(anonymous namespace)::launch_clamp_scalar(at::TensorIteratorBase&, c10::Scalar, c10::Scalar, at::native::detail::ClampLimits)::{lambda()#"
MI300X.torch.relu.fp16.kernel_trace,0:ATen vectorized elementwise,library/kernel family: ATen vectorized elementwise,unknown (no ISA for this kernel),LDS 0 B; scratch 0 B,unknown,unknown,"grid 1310720 work-items, WG 256; VGPR 24 AGPR 0 SGPR 32",outputs/profiling/MI300X/analysis_2026-10-05/data/torch_kernels.json,medium: kernel trace record only,"kernel void at::native::vectorized_elementwise_kernel<8, at::native::(anonymous namespace)::launch_clamp_scalar(at::TensorIteratorBase&, c10::Scalar, c10::Scalar, at::native::detail::ClampLimits)::{lambda()#"
MI300X.torch.relu.fp32.kernel_trace,0:ATen vectorized elementwise,library/kernel family: ATen vectorized elementwise,unknown (no ISA for this kernel),LDS 0 B; scratch 0 B,unknown,unknown,"grid 1310720 work-items, WG 256; VGPR 24 AGPR 0 SGPR 32",outputs/profiling/MI300X/analysis_2026-10-05/data/torch_kernels.json,medium: kernel trace record only,"kernel void at::native::vectorized_elementwise_kernel<4, at::native::(anonymous namespace)::launch_clamp_scalar(at::TensorIteratorBase&, c10::Scalar, c10::Scalar, at::native::detail::ClampLimits)::{lambda()#"
MI300X.torch.relu.int8.kernel_trace,0:ATen vectorized elementwise,library/kernel family: ATen vectorized elementwise,unknown (no ISA for this kernel),LDS 0 B; scratch 0 B,unknown,unknown,"grid 1310720 work-items, WG 256; VGPR 20 AGPR 4 SGPR 32",outputs/profiling/MI300X/analysis_2026-10-05/data/torch_kernels.json,medium: kernel trace record only,"kernel void at::native::vectorized_elementwise_kernel<16, at::native::(anonymous namespace)::launch_clamp_scalar(at::TensorIteratorBase&, c10::Scalar, c10::Scalar, at::native::detail::ClampLimits)::{lambda()"
MI300X.torch.reverse_array.bf16.kernel_trace,0:ATen elementwise (unrolled),library/kernel family: ATen elementwise (unrolled),unknown (no ISA for this kernel),LDS 0 B; scratch 0 B,unknown,unknown,"grid 5000064 work-items, WG 128; VGPR 12 AGPR 4 SGPR 64",outputs/profiling/MI300X/analysis_2026-10-05/data/torch_kernels.json,medium: kernel trace record only,"kernel void at::native::index_elementwise_kernel<128, 4, at::native::flip_kernel_impl<at::native::OpaqueType<2> >(at::TensorIterator&)::{lambda(int)#1}>(long, at::native::flip_kernel_impl<at::native::OpaqueT"
MI300X.torch.reverse_array.fp16.kernel_trace,0:ATen elementwise (unrolled),library/kernel family: ATen elementwise (unrolled),unknown (no ISA for this kernel),LDS 0 B; scratch 0 B,unknown,unknown,"grid 5000064 work-items, WG 128; VGPR 12 AGPR 4 SGPR 64",outputs/profiling/MI300X/analysis_2026-10-05/data/torch_kernels.json,medium: kernel trace record only,"kernel void at::native::index_elementwise_kernel<128, 4, at::native::flip_kernel_impl<at::native::OpaqueType<2> >(at::TensorIterator&)::{lambda(int)#1}>(long, at::native::flip_kernel_impl<at::native::OpaqueT"
MI300X.torch.reverse_array.fp32.kernel_trace,0:ATen elementwise (unrolled),library/kernel family: ATen elementwise (unrolled),unknown (no ISA for this kernel),LDS 0 B; scratch 0 B,unknown,unknown,"grid 5000064 work-items, WG 128; VGPR 12 AGPR 4 SGPR 64",outputs/profiling/MI300X/analysis_2026-10-05/data/torch_kernels.json,medium: kernel trace record only,"kernel void at::native::index_elementwise_kernel<128, 4, at::native::flip_kernel_impl<at::native::OpaqueType<4> >(at::TensorIterator&)::{lambda(int)#1}>(long, at::native::flip_kernel_impl<at::native::OpaqueT"
MI300X.torch.reverse_array.int8.kernel_trace,0:ATen elementwise (unrolled),library/kernel family: ATen elementwise (unrolled),unknown (no ISA for this kernel),LDS 0 B; scratch 0 B,unknown,unknown,"grid 5000064 work-items, WG 128; VGPR 12 AGPR 4 SGPR 64",outputs/profiling/MI300X/analysis_2026-10-05/data/torch_kernels.json,medium: kernel trace record only,"kernel void at::native::index_elementwise_kernel<128, 4, at::native::flip_kernel_impl<at::native::OpaqueType<1> >(at::TensorIterator&)::{lambda(int)#1}>(long, at::native::flip_kernel_impl<at::native::OpaqueT"
MI300X.torch.rmsnorm.bf16.kernel_trace,0:ATen norm,library/kernel family: ATen norm,unknown (no ISA for this kernel),LDS 0 B; scratch 0 B,unknown,unknown,"grid 524288 work-items, WG 256; VGPR 24 AGPR 0 SGPR 32",outputs/profiling/MI300X/analysis_2026-10-05/data/torch_kernels.json,medium: kernel trace record only,"kernel void at::native::(anonymous namespace)::vectorized_layer_norm_kernel<c10::BFloat16, float, true>(int, float, c10::BFloat16 const*, c10::BFloat16 const*, c10::BFloat16 const*, float*, float*, c10::BFlo"
MI300X.torch.rmsnorm.fp16.kernel_trace,0:ATen norm,library/kernel family: ATen norm,unknown (no ISA for this kernel),LDS 0 B; scratch 0 B,unknown,unknown,"grid 524288 work-items, WG 256; VGPR 20 AGPR 4 SGPR 32",outputs/profiling/MI300X/analysis_2026-10-05/data/torch_kernels.json,medium: kernel trace record only,"kernel void at::native::(anonymous namespace)::vectorized_layer_norm_kernel<c10::Half, float, true>(int, float, c10::Half const*, c10::Half const*, c10::Half const*, float*, float*, c10::Half*)"
MI300X.torch.rmsnorm.fp32.kernel_trace,0:ATen norm,library/kernel family: ATen norm,unknown (no ISA for this kernel),LDS 0 B; scratch 0 B,unknown,unknown,"grid 524288 work-items, WG 256; VGPR 20 AGPR 4 SGPR 48",outputs/profiling/MI300X/analysis_2026-10-05/data/torch_kernels.json,medium: kernel trace record only,"kernel void at::native::(anonymous namespace)::vectorized_layer_norm_kernel<float, float, true>(int, float, float const*, float const*, float const*, float*, float*, float*)"
MI300X.torch.rope.fp16.kernel_trace,0:ATen elementwise (unrolled),library/kernel family: ATen elementwise (unrolled),unknown (no ISA for this kernel),LDS 0 B; scratch 0 B,unknown,unknown,"grid 5242880 work-items, WG 128; VGPR 52 AGPR 4 SGPR 64",outputs/profiling/MI300X/analysis_2026-10-05/data/torch_kernels.json,medium: kernel trace record only,"kernel void at::native::elementwise_kernel_manual_unroll<128, 8, at::native::gpu_kernel_impl_nocast<at::native::BinaryFunctor<c10::Half, c10::Half, c10::Half, at::native::binary_internal::MulFunctor<float> >"
MI300X.torch.rope.fp16.kernel_trace,1:ATen elementwise (unrolled),library/kernel family: ATen elementwise (unrolled),unknown (no ISA for this kernel),LDS 0 B; scratch 0 B,unknown,unknown,"grid 5242880 work-items, WG 128; VGPR 52 AGPR 4 SGPR 64",outputs/profiling/MI300X/analysis_2026-10-05/data/torch_kernels.json,medium: kernel trace record only,"kernel void at::native::elementwise_kernel_manual_unroll<128, 8, at::native::gpu_kernel_impl_nocast<at::native::BinaryFunctor<c10::Half, c10::Half, c10::Half, at::native::binary_internal::MulFunctor<float> >"
MI300X.torch.rope.fp16.kernel_trace,2:ATen vectorized elementwise,library/kernel family: ATen vectorized elementwise,unknown (no ISA for this kernel),LDS 0 B; scratch 0 B,unknown,unknown,"grid 2621440 work-items, WG 256; VGPR 40 AGPR 0 SGPR 32",outputs/profiling/MI300X/analysis_2026-10-05/data/torch_kernels.json,medium: kernel trace record only,"kernel void at::native::vectorized_elementwise_kernel<8, at::native::CUDAFunctor_add<c10::Half>, std::array<char*, 3ul> >(int, at::native::CUDAFunctor_add<c10::Half>, std::array<char*, 3ul>)"
MI300X.torch.rope.fp16.kernel_trace,3:ATen elementwise (unrolled),library/kernel family: ATen elementwise (unrolled),unknown (no ISA for this kernel),LDS 0 B; scratch 0 B,unknown,unknown,"grid 5242880 work-items, WG 128; VGPR 52 AGPR 4 SGPR 64",outputs/profiling/MI300X/analysis_2026-10-05/data/torch_kernels.json,medium: kernel trace record only,"kernel void at::native::elementwise_kernel_manual_unroll<128, 8, at::native::gpu_kernel_impl_nocast<at::native::BinaryFunctor<c10::Half, c10::Half, c10::Half, at::native::binary_internal::MulFunctor<float> >"
MI300X.torch.rope.fp16.kernel_trace,4:ATen elementwise (unrolled),library/kernel family: ATen elementwise (unrolled),unknown (no ISA for this kernel),LDS 0 B; scratch 0 B,unknown,unknown,"grid 5242880 work-items, WG 128; VGPR 52 AGPR 4 SGPR 64",outputs/profiling/MI300X/analysis_2026-10-05/data/torch_kernels.json,medium: kernel trace record only,"kernel void at::native::elementwise_kernel_manual_unroll<128, 8, at::native::gpu_kernel_impl_nocast<at::native::BinaryFunctor<c10::Half, c10::Half, c10::Half, at::native::binary_internal::MulFunctor<float> >"
MI300X.torch.rope.fp16.kernel_trace,5:ATen vectorized elementwise,library/kernel family: ATen vectorized elementwise,unknown (no ISA for this kernel),LDS 0 B; scratch 0 B,unknown,unknown,"grid 2621440 work-items, WG 256; VGPR 40 AGPR 0 SGPR 32",outputs/profiling/MI300X/analysis_2026-10-05/data/torch_kernels.json,medium: kernel trace record only,"kernel void at::native::vectorized_elementwise_kernel<8, at::native::CUDAFunctor_add<c10::Half>, std::array<char*, 3ul> >(int, at::native::CUDAFunctor_add<c10::Half>, std::array<char*, 3ul>)"
MI300X.torch.rope.fp16.kernel_trace,6:ATen cat/copy,library/kernel family: ATen cat/copy,unknown (no ISA for this kernel),LDS 0 B; scratch 0 B,unknown,unknown,"grid 4980736 work-items, WG 256; VGPR 16 AGPR 0 SGPR 32",outputs/profiling/MI300X/analysis_2026-10-05/data/torch_kernels.json,medium: kernel trace record only,"kernel void at::native::(anonymous namespace)::CatArrayBatchedCopy_contig<at::native::(anonymous namespace)::OpaqueType<2u>, unsigned int, 4, 128, 1>(at::native::(anonymous namespace)::OpaqueType<2u>*, at::n"
MI300X.torch.rope.fp32.kernel_trace,0:ATen elementwise (unrolled),library/kernel family: ATen elementwise (unrolled),unknown (no ISA for this kernel),LDS 0 B; scratch 0 B,unknown,unknown,"grid 10485760 work-items, WG 128; VGPR 28 AGPR 4 SGPR 64",outputs/profiling/MI300X/analysis_2026-10-05/data/torch_kernels.json,medium: kernel trace record only,"kernel void at::native::elementwise_kernel_manual_unroll<128, 4, at::native::gpu_kernel_impl_nocast<at::native::BinaryFunctor<float, float, float, at::native::binary_internal::MulFunctor<float> > >(at::Tenso"
MI300X.torch.rope.fp32.kernel_trace,1:ATen elementwise (unrolled),library/kernel family: ATen elementwise (unrolled),unknown (no ISA for this kernel),LDS 0 B; scratch 0 B,unknown,unknown,"grid 10485760 work-items, WG 128; VGPR 28 AGPR 4 SGPR 64",outputs/profiling/MI300X/analysis_2026-10-05/data/torch_kernels.json,medium: kernel trace record only,"kernel void at::native::elementwise_kernel_manual_unroll<128, 4, at::native::gpu_kernel_impl_nocast<at::native::BinaryFunctor<float, float, float, at::native::binary_internal::MulFunctor<float> > >(at::Tenso"
MI300X.torch.rope.fp32.kernel_trace,2:ATen vectorized elementwise,library/kernel family: ATen vectorized elementwise,unknown (no ISA for this kernel),LDS 0 B; scratch 0 B,unknown,unknown,"grid 2621440 work-items, WG 256; VGPR 40 AGPR 0 SGPR 32",outputs/profiling/MI300X/analysis_2026-10-05/data/torch_kernels.json,medium: kernel trace record only,"kernel void at::native::vectorized_elementwise_kernel<4, at::native::CUDAFunctor_add<float>, std::array<char*, 3ul> >(int, at::native::CUDAFunctor_add<float>, std::array<char*, 3ul>)"
MI300X.torch.rope.fp32.kernel_trace,3:ATen elementwise (unrolled),library/kernel family: ATen elementwise (unrolled),unknown (no ISA for this kernel),LDS 0 B; scratch 0 B,unknown,unknown,"grid 10485760 work-items, WG 128; VGPR 28 AGPR 4 SGPR 64",outputs/profiling/MI300X/analysis_2026-10-05/data/torch_kernels.json,medium: kernel trace record only,"kernel void at::native::elementwise_kernel_manual_unroll<128, 4, at::native::gpu_kernel_impl_nocast<at::native::BinaryFunctor<float, float, float, at::native::binary_internal::MulFunctor<float> > >(at::Tenso"
MI300X.torch.rope.fp32.kernel_trace,4:ATen elementwise (unrolled),library/kernel family: ATen elementwise (unrolled),unknown (no ISA for this kernel),LDS 0 B; scratch 0 B,unknown,unknown,"grid 10485760 work-items, WG 128; VGPR 28 AGPR 4 SGPR 64",outputs/profiling/MI300X/analysis_2026-10-05/data/torch_kernels.json,medium: kernel trace record only,"kernel void at::native::elementwise_kernel_manual_unroll<128, 4, at::native::gpu_kernel_impl_nocast<at::native::BinaryFunctor<float, float, float, at::native::binary_internal::MulFunctor<float> > >(at::Tenso"
MI300X.torch.rope.fp32.kernel_trace,5:ATen vectorized elementwise,library/kernel family: ATen vectorized elementwise,unknown (no ISA for this kernel),LDS 0 B; scratch 0 B,unknown,unknown,"grid 2621440 work-items, WG 256; VGPR 40 AGPR 0 SGPR 32",outputs/profiling/MI300X/analysis_2026-10-05/data/torch_kernels.json,medium: kernel trace record only,"kernel void at::native::vectorized_elementwise_kernel<4, at::native::CUDAFunctor_add<float>, std::array<char*, 3ul> >(int, at::native::CUDAFunctor_add<float>, std::array<char*, 3ul>)"
MI300X.torch.rope.fp32.kernel_trace,6:ATen cat/copy,library/kernel family: ATen cat/copy,unknown (no ISA for this kernel),LDS 0 B; scratch 0 B,unknown,unknown,"grid 4980736 work-items, WG 256; VGPR 16 AGPR 0 SGPR 32",outputs/profiling/MI300X/analysis_2026-10-05/data/torch_kernels.json,medium: kernel trace record only,"kernel void at::native::(anonymous namespace)::CatArrayBatchedCopy_contig<at::native::(anonymous namespace)::OpaqueType<4u>, unsigned int, 4, 128, 1>(at::native::(anonymous namespace)::OpaqueType<4u>*, at::n"
MI300X.torch.sigmoid.bf16.kernel_trace,0:ATen vectorized elementwise,library/kernel family: ATen vectorized elementwise,unknown (no ISA for this kernel),LDS 0 B; scratch 0 B,unknown,unknown,"grid 3125248 work-items, WG 256; VGPR 28 AGPR 4 SGPR 32",outputs/profiling/MI300X/analysis_2026-10-05/data/torch_kernels.json,medium: kernel trace record only,"kernel void at::native::vectorized_elementwise_kernel<8, at::native::sigmoid_kernel_cuda(at::TensorIteratorBase&)::{lambda()#2}::operator()() const::{lambda()#4}::operator()() const::{lambda(c10::BFloat16)#1"
MI300X.torch.sigmoid.fp16.kernel_trace,0:ATen vectorized elementwise,library/kernel family: ATen vectorized elementwise,unknown (no ISA for this kernel),LDS 0 B; scratch 0 B,unknown,unknown,"grid 3125248 work-items, WG 256; VGPR 32 AGPR 0 SGPR 32",outputs/profiling/MI300X/analysis_2026-10-05/data/torch_kernels.json,medium: kernel trace record only,"kernel void at::native::vectorized_elementwise_kernel<8, at::native::sigmoid_kernel_cuda(at::TensorIteratorBase&)::{lambda()#2}::operator()() const::{lambda()#3}::operator()() const::{lambda(c10::Half)#1}, s"
MI300X.torch.sigmoid.fp32.kernel_trace,0:ATen vectorized elementwise,library/kernel family: ATen vectorized elementwise,unknown (no ISA for this kernel),LDS 0 B; scratch 0 B,unknown,unknown,"grid 3125248 work-items, WG 256; VGPR 36 AGPR 4 SGPR 32",outputs/profiling/MI300X/analysis_2026-10-05/data/torch_kernels.json,medium: kernel trace record only,"kernel void at::native::vectorized_elementwise_kernel<4, at::native::sigmoid_kernel_cuda(at::TensorIteratorBase&)::{lambda()#2}::operator()() const::{lambda()#2}::operator()() const::{lambda(float)#1}, std::"
MI300X.torch.softmax.fp16.kernel_trace,0:other,library/kernel family: other,unknown (no ISA for this kernel),LDS 0 B; scratch 0 B,unknown,unknown,"grid 1048576 work-items, WG 512; VGPR 28 AGPR 4 SGPR 48",outputs/profiling/MI300X/analysis_2026-10-05/data/torch_kernels.json,medium: kernel trace record only,"kernel void at::native::(anonymous namespace)::cunn_SoftMaxForwardGmem<8, c10::Half, float, c10::Half, at::native::(anonymous namespace)::SoftMaxForwardWithMulEpilogue, long>(c10::Half*, c10::Half const*, lo"
MI300X.torch.softmax.fp32.kernel_trace,0:other,library/kernel family: other,unknown (no ISA for this kernel),LDS 0 B; scratch 0 B,unknown,unknown,"grid 1048576 work-items, WG 512; VGPR 24 AGPR 0 SGPR 48",outputs/profiling/MI300X/analysis_2026-10-05/data/torch_kernels.json,medium: kernel trace record only,"kernel void at::native::(anonymous namespace)::cunn_SoftMaxForwardGmem<4, float, float, float, at::native::(anonymous namespace)::SoftMaxForwardWithMulEpilogue, long>(float*, float const*, long)"
MI300X.torch.streamk_matmul.bf16.kernel_trace,0:hipBLASLt/Tensile GEMM (Cijk),library/kernel family: hipBLASLt/Tensile GEMM (Cijk),unknown (no ISA for this kernel),LDS 49664 B; scratch 0 B,unknown,unknown,"grid 917504 work-items, WG 256; VGPR 120 AGPR 384 SGPR 96",outputs/profiling/MI300X/analysis_2026-10-05/data/torch_kernels.json,medium: kernel trace record only,kernel Cijk_Ailk_Bljk_BBS_BH_Bias_HA_S_SAV_UserArgs_MT512x128x64_MI16x16x1_SN_LDSB0_AFC1_AFEM1_AFEM1_ASEM1_CLR1_CADS0_DTLA0_DTLB0_DTVA1_DTVB0_EPS0_FDSI0_GRPM1_GRVWA8_GRVWB8_GSUAMBSK_GLS0_ISA942_IU1_K1_LBSPPA
MI300X.torch.streamk_matmul.fp16.kernel_trace,0:hipBLASLt/Tensile GEMM (Cijk),library/kernel family: hipBLASLt/Tensile GEMM (Cijk),unknown (no ISA for this kernel),LDS 49664 B; scratch 0 B,unknown,unknown,"grid 917504 work-items, WG 256; VGPR 120 AGPR 384 SGPR 96",outputs/profiling/MI300X/analysis_2026-10-05/data/torch_kernels.json,medium: kernel trace record only,kernel Cijk_Ailk_Bljk_HHS_BH_Bias_HA_S_SAV_UserArgs_MT512x128x64_MI16x16x1_SN_LDSB0_AFC1_AFEM1_AFEM1_ASEM1_CLR1_CADS0_DTLA0_DTLB0_DTVA1_DTVB0_EPS0_FDSI0_GRPM1_GRVWA8_GRVWB8_GSUAMBSK_GLS0_ISA942_IU1_K1_LBSPPA
MI300X.torch.streamk_matmul.fp32.kernel_trace,0:hipBLASLt/Tensile GEMM (Cijk),library/kernel family: hipBLASLt/Tensile GEMM (Cijk),unknown (no ISA for this kernel),LDS 41472 B; scratch 0 B,unknown,unknown,"grid 770048 work-items, WG 256; VGPR 64 AGPR 384 SGPR 96",outputs/profiling/MI300X/analysis_2026-10-05/data/torch_kernels.json,medium: kernel trace record only,kernel Cijk_Ailk_Bljk_S_MX_B_Bias_HA_S_SAV_UserArgs_MT448x176x16_MI16x16x1_SN_LDSB1_AFC1_AFEM1_AFEM1_ASEM1_CLR1_CADS0_DTLA0_DTLB0_DTVA0_DTVB0_EPS0_FDSI0_GRPM1_GRVWA4_GRVWB1_GSUAMBSK_GLS0_ISA942_IU1_K1_LBSPPA
MI300X.torch.swiglu.bf16.kernel_trace,0:ATen vectorized elementwise,library/kernel family: ATen vectorized elementwise,unknown (no ISA for this kernel),LDS 0 B; scratch 0 B,unknown,unknown,"grid 5242880 work-items, WG 256; VGPR 32 AGPR 0 SGPR 32",outputs/profiling/MI300X/analysis_2026-10-05/data/torch_kernels.json,medium: kernel trace record only,"kernel void at::native::vectorized_elementwise_kernel<8, at::native::(anonymous namespace)::silu_kernel(at::TensorIteratorBase&)::{lambda()#1}::operator()() const::{lambda()#6}::operator()() const::{lambda(c"
MI300X.torch.swiglu.bf16.kernel_trace,1:ATen vectorized elementwise,library/kernel family: ATen vectorized elementwise,unknown (no ISA for this kernel),LDS 0 B; scratch 0 B,unknown,unknown,"grid 5242880 work-items, WG 256; VGPR 40 AGPR 0 SGPR 32",outputs/profiling/MI300X/analysis_2026-10-05/data/torch_kernels.json,medium: kernel trace record only,"kernel void at::native::vectorized_elementwise_kernel<8, at::native::BinaryFunctor<c10::BFloat16, c10::BFloat16, c10::BFloat16, at::native::binary_internal::MulFunctor<float> >, std::array<char*, 3ul> >(int,"
MI300X.torch.swiglu.fp16.kernel_trace,0:ATen vectorized elementwise,library/kernel family: ATen vectorized elementwise,unknown (no ISA for this kernel),LDS 0 B; scratch 0 B,unknown,unknown,"grid 5242880 work-items, WG 256; VGPR 32 AGPR 0 SGPR 32",outputs/profiling/MI300X/analysis_2026-10-05/data/torch_kernels.json,medium: kernel trace record only,"kernel void at::native::vectorized_elementwise_kernel<8, at::native::(anonymous namespace)::silu_kernel(at::TensorIteratorBase&)::{lambda()#1}::operator()() const::{lambda()#5}::operator()() const::{lambda(c"
MI300X.torch.swiglu.fp16.kernel_trace,1:ATen vectorized elementwise,library/kernel family: ATen vectorized elementwise,unknown (no ISA for this kernel),LDS 0 B; scratch 0 B,unknown,unknown,"grid 5242880 work-items, WG 256; VGPR 40 AGPR 0 SGPR 32",outputs/profiling/MI300X/analysis_2026-10-05/data/torch_kernels.json,medium: kernel trace record only,"kernel void at::native::vectorized_elementwise_kernel<8, at::native::BinaryFunctor<c10::Half, c10::Half, c10::Half, at::native::binary_internal::MulFunctor<float> >, std::array<char*, 3ul> >(int, at::native:"
MI300X.torch.swiglu.fp32.kernel_trace,0:ATen vectorized elementwise,library/kernel family: ATen vectorized elementwise,unknown (no ISA for this kernel),LDS 0 B; scratch 0 B,unknown,unknown,"grid 5242880 work-items, WG 256; VGPR 36 AGPR 4 SGPR 32",outputs/profiling/MI300X/analysis_2026-10-05/data/torch_kernels.json,medium: kernel trace record only,"kernel void at::native::vectorized_elementwise_kernel<4, at::native::(anonymous namespace)::silu_kernel(at::TensorIteratorBase&)::{lambda()#1}::operator()() const::{lambda()#2}::operator()() const::{lambda(f"
MI300X.torch.swiglu.fp32.kernel_trace,1:ATen vectorized elementwise,library/kernel family: ATen vectorized elementwise,unknown (no ISA for this kernel),LDS 0 B; scratch 0 B,unknown,unknown,"grid 5242880 work-items, WG 256; VGPR 40 AGPR 0 SGPR 32",outputs/profiling/MI300X/analysis_2026-10-05/data/torch_kernels.json,medium: kernel trace record only,"kernel void at::native::vectorized_elementwise_kernel<4, at::native::BinaryFunctor<float, float, float, at::native::binary_internal::MulFunctor<float> >, std::array<char*, 3ul> >(int, at::native::BinaryFunct"
MI300X.torch.top_k_selection.fp32.kernel_trace,0:ATen cat/copy,library/kernel family: ATen cat/copy,unknown (no ISA for this kernel),LDS 0 B; scratch 0 B,unknown,unknown,"grid 155648 work-items, WG 512; VGPR 16 AGPR 0 SGPR 32",outputs/profiling/MI300X/analysis_2026-10-05/data/torch_kernels.json,medium: kernel trace record only,kernel __amd_rocclr_copyBuffer
MI300X.torch.top_k_selection.fp32.kernel_trace,10:rocPRIM/hipCUB,library/kernel family: rocPRIM/hipCUB,unknown (no ISA for this kernel),LDS 8704 B; scratch 0 B,unknown,unknown,"grid 131072 work-items, WG 128; VGPR 44 AGPR 60 SGPR 112",outputs/profiling/MI300X/analysis_2026-10-05/data/torch_kernels.json,medium: kernel trace record only,"kernel void rocprim::ROCPRIM_400100_NS::detail::trampoline_kernel<rocprim::ROCPRIM_400100_NS::detail::wrapped_merge_sort_block_merge_config<rocprim::ROCPRIM_400100_NS::default_config, float, at::cuda::cub::d"
MI300X.torch.top_k_selection.fp32.kernel_trace,11:rocPRIM/hipCUB,library/kernel family: rocPRIM/hipCUB,unknown (no ISA for this kernel),LDS 0 B; scratch 0 B,unknown,unknown,"grid 1152 work-items, WG 128; VGPR 20 AGPR 4 SGPR 16",outputs/profiling/MI300X/analysis_2026-10-05/data/torch_kernels.json,medium: kernel trace record only,"kernel void rocprim::ROCPRIM_400100_NS::detail::trampoline_kernel<rocprim::ROCPRIM_400100_NS::detail::wrapped_merge_sort_block_merge_config<rocprim::ROCPRIM_400100_NS::default_config, float, at::cuda::cub::d"
MI300X.torch.top_k_selection.fp32.kernel_trace,12:rocPRIM/hipCUB,library/kernel family: rocPRIM/hipCUB,unknown (no ISA for this kernel),LDS 8704 B; scratch 0 B,unknown,unknown,"grid 131072 work-items, WG 128; VGPR 44 AGPR 60 SGPR 112",outputs/profiling/MI300X/analysis_2026-10-05/data/torch_kernels.json,medium: kernel trace record only,"kernel void rocprim::ROCPRIM_400100_NS::detail::trampoline_kernel<rocprim::ROCPRIM_400100_NS::detail::wrapped_merge_sort_block_merge_config<rocprim::ROCPRIM_400100_NS::default_config, float, at::cuda::cub::d"
MI300X.torch.top_k_selection.fp32.kernel_trace,13:rocPRIM/hipCUB,library/kernel family: rocPRIM/hipCUB,unknown (no ISA for this kernel),LDS 8704 B; scratch 0 B,unknown,unknown,"grid 131072 work-items, WG 128; VGPR 44 AGPR 60 SGPR 112",outputs/profiling/MI300X/analysis_2026-10-05/data/torch_kernels.json,medium: kernel trace record only,"kernel void rocprim::ROCPRIM_400100_NS::detail::trampoline_kernel<rocprim::ROCPRIM_400100_NS::detail::wrapped_merge_sort_block_merge_config<rocprim::ROCPRIM_400100_NS::default_config, float, at::cuda::cub::d"
MI300X.torch.top_k_selection.fp32.kernel_trace,14:rocPRIM/hipCUB,library/kernel family: rocPRIM/hipCUB,unknown (no ISA for this kernel),LDS 0 B; scratch 0 B,unknown,unknown,"grid 1152 work-items, WG 128; VGPR 20 AGPR 4 SGPR 16",outputs/profiling/MI300X/analysis_2026-10-05/data/torch_kernels.json,medium: kernel trace record only,"kernel void rocprim::ROCPRIM_400100_NS::detail::trampoline_kernel<rocprim::ROCPRIM_400100_NS::detail::wrapped_merge_sort_block_merge_config<rocprim::ROCPRIM_400100_NS::default_config, float, at::cuda::cub::d"
MI300X.torch.top_k_selection.fp32.kernel_trace,15:rocPRIM/hipCUB,library/kernel family: rocPRIM/hipCUB,unknown (no ISA for this kernel),LDS 0 B; scratch 0 B,unknown,unknown,"grid 1152 work-items, WG 128; VGPR 20 AGPR 4 SGPR 16",outputs/profiling/MI300X/analysis_2026-10-05/data/torch_kernels.json,medium: kernel trace record only,"kernel void rocprim::ROCPRIM_400100_NS::detail::trampoline_kernel<rocprim::ROCPRIM_400100_NS::detail::wrapped_merge_sort_block_merge_config<rocprim::ROCPRIM_400100_NS::default_config, float, at::cuda::cub::d"
MI300X.torch.top_k_selection.fp32.kernel_trace,16:rocPRIM/hipCUB,library/kernel family: rocPRIM/hipCUB,unknown (no ISA for this kernel),LDS 8704 B; scratch 0 B,unknown,unknown,"grid 131072 work-items, WG 128; VGPR 44 AGPR 60 SGPR 112",outputs/profiling/MI300X/analysis_2026-10-05/data/torch_kernels.json,medium: kernel trace record only,"kernel void rocprim::ROCPRIM_400100_NS::detail::trampoline_kernel<rocprim::ROCPRIM_400100_NS::detail::wrapped_merge_sort_block_merge_config<rocprim::ROCPRIM_400100_NS::default_config, float, at::cuda::cub::d"
MI300X.torch.top_k_selection.fp32.kernel_trace,17:rocPRIM/hipCUB,library/kernel family: rocPRIM/hipCUB,unknown (no ISA for this kernel),LDS 0 B; scratch 0 B,unknown,unknown,"grid 1152 work-items, WG 128; VGPR 20 AGPR 4 SGPR 16",outputs/profiling/MI300X/analysis_2026-10-05/data/torch_kernels.json,medium: kernel trace record only,"kernel void rocprim::ROCPRIM_400100_NS::detail::trampoline_kernel<rocprim::ROCPRIM_400100_NS::detail::wrapped_merge_sort_block_merge_config<rocprim::ROCPRIM_400100_NS::default_config, float, at::cuda::cub::d"
MI300X.torch.top_k_selection.fp32.kernel_trace,18:rocPRIM/hipCUB,library/kernel family: rocPRIM/hipCUB,unknown (no ISA for this kernel),LDS 8704 B; scratch 0 B,unknown,unknown,"grid 131072 work-items, WG 128; VGPR 44 AGPR 60 SGPR 112",outputs/profiling/MI300X/analysis_2026-10-05/data/torch_kernels.json,medium: kernel trace record only,"kernel void rocprim::ROCPRIM_400100_NS::detail::trampoline_kernel<rocprim::ROCPRIM_400100_NS::detail::wrapped_merge_sort_block_merge_config<rocprim::ROCPRIM_400100_NS::default_config, float, at::cuda::cub::d"
MI300X.torch.top_k_selection.fp32.kernel_trace,19:rocPRIM/hipCUB,library/kernel family: rocPRIM/hipCUB,unknown (no ISA for this kernel),LDS 8704 B; scratch 0 B,unknown,unknown,"grid 131072 work-items, WG 128; VGPR 44 AGPR 60 SGPR 112",outputs/profiling/MI300X/analysis_2026-10-05/data/torch_kernels.json,medium: kernel trace record only,"kernel void rocprim::ROCPRIM_400100_NS::detail::trampoline_kernel<rocprim::ROCPRIM_400100_NS::detail::wrapped_merge_sort_block_merge_config<rocprim::ROCPRIM_400100_NS::default_config, float, at::cuda::cub::d"
MI300X.torch.top_k_selection.fp32.kernel_trace,1:other,library/kernel family: other,unknown (no ISA for this kernel),LDS 0 B; scratch 0 B,unknown,unknown,"grid 1048576 work-items, WG 1024; VGPR 12 AGPR 4 SGPR 32",outputs/profiling/MI300X/analysis_2026-10-05/data/torch_kernels.json,medium: kernel trace record only,"kernel at::native::(anonymous namespace)::fill_reverse_indices_kernel(long*, int, at::cuda::detail::IntDivider<unsigned int>)"
MI300X.torch.top_k_selection.fp32.kernel_trace,20:rocPRIM/hipCUB,library/kernel family: rocPRIM/hipCUB,unknown (no ISA for this kernel),LDS 0 B; scratch 0 B,unknown,unknown,"grid 1152 work-items, WG 128; VGPR 20 AGPR 4 SGPR 16",outputs/profiling/MI300X/analysis_2026-10-05/data/torch_kernels.json,medium: kernel trace record only,"kernel void rocprim::ROCPRIM_400100_NS::detail::trampoline_kernel<rocprim::ROCPRIM_400100_NS::detail::wrapped_merge_sort_block_merge_config<rocprim::ROCPRIM_400100_NS::default_config, float, at::cuda::cub::d"
MI300X.torch.top_k_selection.fp32.kernel_trace,21:rocPRIM/hipCUB,library/kernel family: rocPRIM/hipCUB,unknown (no ISA for this kernel),LDS 0 B; scratch 0 B,unknown,unknown,"grid 1152 work-items, WG 128; VGPR 20 AGPR 4 SGPR 16",outputs/profiling/MI300X/analysis_2026-10-05/data/torch_kernels.json,medium: kernel trace record only,"kernel void rocprim::ROCPRIM_400100_NS::detail::trampoline_kernel<rocprim::ROCPRIM_400100_NS::detail::wrapped_merge_sort_block_merge_config<rocprim::ROCPRIM_400100_NS::default_config, float, at::cuda::cub::d"
MI300X.torch.top_k_selection.fp32.kernel_trace,22:rocPRIM/hipCUB,library/kernel family: rocPRIM/hipCUB,unknown (no ISA for this kernel),LDS 8704 B; scratch 0 B,unknown,unknown,"grid 131072 work-items, WG 128; VGPR 44 AGPR 60 SGPR 112",outputs/profiling/MI300X/analysis_2026-10-05/data/torch_kernels.json,medium: kernel trace record only,"kernel void rocprim::ROCPRIM_400100_NS::detail::trampoline_kernel<rocprim::ROCPRIM_400100_NS::detail::wrapped_merge_sort_block_merge_config<rocprim::ROCPRIM_400100_NS::default_config, float, at::cuda::cub::d"
MI300X.torch.top_k_selection.fp32.kernel_trace,23:ATen cat/copy,library/kernel family: ATen cat/copy,unknown (no ISA for this kernel),LDS 0 B; scratch 0 B,unknown,unknown,"grid 512 work-items, WG 512; VGPR 16 AGPR 0 SGPR 32",outputs/profiling/MI300X/analysis_2026-10-05/data/torch_kernels.json,medium: kernel trace record only,kernel __amd_rocclr_copyBuffer
MI300X.torch.top_k_selection.fp32.kernel_trace,24:ATen cat/copy,library/kernel family: ATen cat/copy,unknown (no ISA for this kernel),LDS 0 B; scratch 0 B,unknown,unknown,"grid 512 work-items, WG 512; VGPR 16 AGPR 0 SGPR 32",outputs/profiling/MI300X/analysis_2026-10-05/data/torch_kernels.json,medium: kernel trace record only,kernel __amd_rocclr_copyBuffer
MI300X.torch.top_k_selection.fp32.kernel_trace,2:rocPRIM/hipCUB,library/kernel family: rocPRIM/hipCUB,unknown (no ISA for this kernel),LDS 8192 B; scratch 0 B,unknown,unknown,"grid 262144 work-items, WG 256; VGPR 56 AGPR 0 SGPR 64",outputs/profiling/MI300X/analysis_2026-10-05/data/torch_kernels.json,medium: kernel trace record only,"kernel void rocprim::ROCPRIM_400100_NS::detail::trampoline_kernel<rocprim::ROCPRIM_400100_NS::detail::wrapped_radix_sort_block_sort_config<rocprim::ROCPRIM_400100_NS::kernel_config<256u, 4u, 4294967295u>, fl"
MI300X.torch.top_k_selection.fp32.kernel_trace,3:rocPRIM/hipCUB,library/kernel family: rocPRIM/hipCUB,unknown (no ISA for this kernel),LDS 0 B; scratch 0 B,unknown,unknown,"grid 1152 work-items, WG 128; VGPR 20 AGPR 4 SGPR 16",outputs/profiling/MI300X/analysis_2026-10-05/data/torch_kernels.json,medium: kernel trace record only,"kernel void rocprim::ROCPRIM_400100_NS::detail::trampoline_kernel<rocprim::ROCPRIM_400100_NS::detail::wrapped_merge_sort_block_merge_config<rocprim::ROCPRIM_400100_NS::default_config, float, at::cuda::cub::d"
MI300X.torch.top_k_selection.fp32.kernel_trace,4:rocPRIM/hipCUB,library/kernel family: rocPRIM/hipCUB,unknown (no ISA for this kernel),LDS 8704 B; scratch 0 B,unknown,unknown,"grid 131072 work-items, WG 128; VGPR 44 AGPR 60 SGPR 112",outputs/profiling/MI300X/analysis_2026-10-05/data/torch_kernels.json,medium: kernel trace record only,"kernel void rocprim::ROCPRIM_400100_NS::detail::trampoline_kernel<rocprim::ROCPRIM_400100_NS::detail::wrapped_merge_sort_block_merge_config<rocprim::ROCPRIM_400100_NS::default_config, float, at::cuda::cub::d"
MI300X.torch.top_k_selection.fp32.kernel_trace,5:rocPRIM/hipCUB,library/kernel family: rocPRIM/hipCUB,unknown (no ISA for this kernel),LDS 0 B; scratch 0 B,unknown,unknown,"grid 1152 work-items, WG 128; VGPR 20 AGPR 4 SGPR 16",outputs/profiling/MI300X/analysis_2026-10-05/data/torch_kernels.json,medium: kernel trace record only,"kernel void rocprim::ROCPRIM_400100_NS::detail::trampoline_kernel<rocprim::ROCPRIM_400100_NS::detail::wrapped_merge_sort_block_merge_config<rocprim::ROCPRIM_400100_NS::default_config, float, at::cuda::cub::d"
MI300X.torch.top_k_selection.fp32.kernel_trace,6:rocPRIM/hipCUB,library/kernel family: rocPRIM/hipCUB,unknown (no ISA for this kernel),LDS 8704 B; scratch 0 B,unknown,unknown,"grid 131072 work-items, WG 128; VGPR 44 AGPR 60 SGPR 112",outputs/profiling/MI300X/analysis_2026-10-05/data/torch_kernels.json,medium: kernel trace record only,"kernel void rocprim::ROCPRIM_400100_NS::detail::trampoline_kernel<rocprim::ROCPRIM_400100_NS::detail::wrapped_merge_sort_block_merge_config<rocprim::ROCPRIM_400100_NS::default_config, float, at::cuda::cub::d"
MI300X.torch.top_k_selection.fp32.kernel_trace,7:rocPRIM/hipCUB,library/kernel family: rocPRIM/hipCUB,unknown (no ISA for this kernel),LDS 0 B; scratch 0 B,unknown,unknown,"grid 1152 work-items, WG 128; VGPR 20 AGPR 4 SGPR 16",outputs/profiling/MI300X/analysis_2026-10-05/data/torch_kernels.json,medium: kernel trace record only,"kernel void rocprim::ROCPRIM_400100_NS::detail::trampoline_kernel<rocprim::ROCPRIM_400100_NS::detail::wrapped_merge_sort_block_merge_config<rocprim::ROCPRIM_400100_NS::default_config, float, at::cuda::cub::d"
MI300X.torch.top_k_selection.fp32.kernel_trace,8:rocPRIM/hipCUB,library/kernel family: rocPRIM/hipCUB,unknown (no ISA for this kernel),LDS 8704 B; scratch 0 B,unknown,unknown,"grid 131072 work-items, WG 128; VGPR 44 AGPR 60 SGPR 112",outputs/profiling/MI300X/analysis_2026-10-05/data/torch_kernels.json,medium: kernel trace record only,"kernel void rocprim::ROCPRIM_400100_NS::detail::trampoline_kernel<rocprim::ROCPRIM_400100_NS::detail::wrapped_merge_sort_block_merge_config<rocprim::ROCPRIM_400100_NS::default_config, float, at::cuda::cub::d"
MI300X.torch.top_k_selection.fp32.kernel_trace,9:rocPRIM/hipCUB,library/kernel family: rocPRIM/hipCUB,unknown (no ISA for this kernel),LDS 0 B; scratch 0 B,unknown,unknown,"grid 1152 work-items, WG 128; VGPR 20 AGPR 4 SGPR 16",outputs/profiling/MI300X/analysis_2026-10-05/data/torch_kernels.json,medium: kernel trace record only,"kernel void rocprim::ROCPRIM_400100_NS::detail::trampoline_kernel<rocprim::ROCPRIM_400100_NS::detail::wrapped_merge_sort_block_merge_config<rocprim::ROCPRIM_400100_NS::default_config, float, at::cuda::cub::d"
MI300X.torch.vector_add.bf16.kernel_trace,0:ATen vectorized elementwise,library/kernel family: ATen vectorized elementwise,unknown (no ISA for this kernel),LDS 0 B; scratch 0 B,unknown,unknown,"grid 1310720 work-items, WG 256; VGPR 40 AGPR 0 SGPR 32",outputs/profiling/MI300X/analysis_2026-10-05/data/torch_kernels.json,medium: kernel trace record only,"kernel void at::native::vectorized_elementwise_kernel<8, at::native::CUDAFunctor_add<c10::BFloat16>, std::array<char*, 3ul> >(int, at::native::CUDAFunctor_add<c10::BFloat16>, std::array<char*, 3ul>)"
MI300X.torch.vector_add.fp16.kernel_trace,0:ATen vectorized elementwise,library/kernel family: ATen vectorized elementwise,unknown (no ISA for this kernel),LDS 0 B; scratch 0 B,unknown,unknown,"grid 1310720 work-items, WG 256; VGPR 40 AGPR 0 SGPR 32",outputs/profiling/MI300X/analysis_2026-10-05/data/torch_kernels.json,medium: kernel trace record only,"kernel void at::native::vectorized_elementwise_kernel<8, at::native::CUDAFunctor_add<c10::Half>, std::array<char*, 3ul> >(int, at::native::CUDAFunctor_add<c10::Half>, std::array<char*, 3ul>)"
MI300X.torch.vector_add.fp32.kernel_trace,0:ATen vectorized elementwise,library/kernel family: ATen vectorized elementwise,unknown (no ISA for this kernel),LDS 0 B; scratch 0 B,unknown,unknown,"grid 1310720 work-items, WG 256; VGPR 40 AGPR 0 SGPR 32",outputs/profiling/MI300X/analysis_2026-10-05/data/torch_kernels.json,medium: kernel trace record only,"kernel void at::native::vectorized_elementwise_kernel<4, at::native::CUDAFunctor_add<float>, std::array<char*, 3ul> >(int, at::native::CUDAFunctor_add<float>, std::array<char*, 3ul>)"
MI300X.torch.vector_add.int8.kernel_trace,0:ATen vectorized elementwise,library/kernel family: ATen vectorized elementwise,unknown (no ISA for this kernel),LDS 0 B; scratch 0 B,unknown,unknown,"grid 1310720 work-items, WG 256; VGPR 36 AGPR 4 SGPR 32",outputs/profiling/MI300X/analysis_2026-10-05/data/torch_kernels.json,medium: kernel trace record only,"kernel void at::native::vectorized_elementwise_kernel<16, at::native::CUDAFunctor_add<signed char>, std::array<char*, 3ul> >(int, at::native::CUDAFunctor_add<signed char>, std::array<char*, 3ul>)"
MI300X.torch.weight_dequant.bf16.kernel_trace,0:ATen elementwise (unrolled),library/kernel family: ATen elementwise (unrolled),unknown (no ISA for this kernel),LDS 0 B; scratch 0 B,unknown,unknown,"grid 10240 work-items, WG 128; VGPR 8 AGPR 0 SGPR 16",outputs/profiling/MI300X/analysis_2026-10-05/data/torch_kernels.json,medium: kernel trace record only,"kernel void (anonymous namespace)::elementwise_kernel_with_index<int, at::native::arange_cuda_out(c10::Scalar const&, c10::Scalar const&, c10::Scalar const&, at::Tensor&)::{lambda()#1}::operator()() const::{"
MI300X.torch.weight_dequant.bf16.kernel_trace,1:ATen vectorized elementwise,library/kernel family: ATen vectorized elementwise,unknown (no ISA for this kernel),LDS 0 B; scratch 0 B,unknown,unknown,"grid 768 work-items, WG 256; VGPR 48 AGPR 0 SGPR 32",outputs/profiling/MI300X/analysis_2026-10-05/data/torch_kernels.json,medium: kernel trace record only,"kernel void at::native::vectorized_elementwise_kernel<4, at::native::BUnaryFunctor<long, long, long, at::native::binary_internal::div_floor_kernel_cuda(at::TensorIteratorBase&)::{lambda()#1}::operator()() co"
MI300X.torch.weight_dequant.bf16.kernel_trace,2:ATen elementwise (unrolled),library/kernel family: ATen elementwise (unrolled),unknown (no ISA for this kernel),LDS 0 B; scratch 0 B,unknown,unknown,"grid 10240 work-items, WG 128; VGPR 8 AGPR 0 SGPR 16",outputs/profiling/MI300X/analysis_2026-10-05/data/torch_kernels.json,medium: kernel trace record only,"kernel void (anonymous namespace)::elementwise_kernel_with_index<int, at::native::arange_cuda_out(c10::Scalar const&, c10::Scalar const&, c10::Scalar const&, at::Tensor&)::{lambda()#1}::operator()() const::{"
MI300X.torch.weight_dequant.bf16.kernel_trace,3:ATen vectorized elementwise,library/kernel family: ATen vectorized elementwise,unknown (no ISA for this kernel),LDS 0 B; scratch 0 B,unknown,unknown,"grid 768 work-items, WG 256; VGPR 48 AGPR 0 SGPR 32",outputs/profiling/MI300X/analysis_2026-10-05/data/torch_kernels.json,medium: kernel trace record only,"kernel void at::native::vectorized_elementwise_kernel<4, at::native::BUnaryFunctor<long, long, long, at::native::binary_internal::div_floor_kernel_cuda(at::TensorIteratorBase&)::{lambda()#1}::operator()() co"
MI300X.torch.weight_dequant.bf16.kernel_trace,4:ATen elementwise (unrolled),library/kernel family: ATen elementwise (unrolled),unknown (no ISA for this kernel),LDS 0 B; scratch 0 B,unknown,unknown,"grid 26214400 work-items, WG 128; VGPR 24 AGPR 0 SGPR 80",outputs/profiling/MI300X/analysis_2026-10-05/data/torch_kernels.json,medium: kernel trace record only,"kernel void at::native::elementwise_kernel_manual_unroll<128, 4, at::native::gpu_kernel_impl_nocast<at::native::direct_copy_kernel_cuda(at::TensorIteratorBase&)::{lambda()#3}::operator()() const::{lambda()#4"
MI300X.torch.weight_dequant.bf16.kernel_trace,5:ATen elementwise (unrolled),library/kernel family: ATen elementwise (unrolled),unknown (no ISA for this kernel),LDS 0 B; scratch 0 B,unknown,unknown,"grid 26214400 work-items, WG 128; VGPR 24 AGPR 0 SGPR 80",outputs/profiling/MI300X/analysis_2026-10-05/data/torch_kernels.json,medium: kernel trace record only,"kernel void at::native::elementwise_kernel_manual_unroll<128, 4, at::native::gpu_kernel_impl_nocast<at::native::direct_copy_kernel_cuda(at::TensorIteratorBase&)::{lambda()#3}::operator()() const::{lambda()#4"
MI300X.torch.weight_dequant.bf16.kernel_trace,6:ATen elementwise (unrolled),library/kernel family: ATen elementwise (unrolled),unknown (no ISA for this kernel),LDS 0 B; scratch 0 B,unknown,unknown,"grid 26214400 work-items, WG 128; VGPR 16 AGPR 0 SGPR 80",outputs/profiling/MI300X/analysis_2026-10-05/data/torch_kernels.json,medium: kernel trace record only,"kernel void at::native::index_elementwise_kernel<128, 4, at::native::gpu_index_kernel<at::native::index_kernel_impl<at::native::OpaqueType<2> >(at::TensorIteratorBase&, c10::ArrayRef<long>, c10::ArrayRef<lon"
MI300X.torch.weight_dequant.bf16.kernel_trace,7:ATen vectorized elementwise,library/kernel family: ATen vectorized elementwise,unknown (no ISA for this kernel),LDS 0 B; scratch 0 B,unknown,unknown,"grid 6553600 work-items, WG 256; VGPR 40 AGPR 0 SGPR 32",outputs/profiling/MI300X/analysis_2026-10-05/data/torch_kernels.json,medium: kernel trace record only,"kernel void at::native::vectorized_elementwise_kernel<8, at::native::BinaryFunctor<c10::BFloat16, c10::BFloat16, c10::BFloat16, at::native::binary_internal::MulFunctor<float> >, std::array<char*, 3ul> >(int,"
MI300X.torch.weight_dequant.fp16.kernel_trace,0:ATen elementwise (unrolled),library/kernel family: ATen elementwise (unrolled),unknown (no ISA for this kernel),LDS 0 B; scratch 0 B,unknown,unknown,"grid 10240 work-items, WG 128; VGPR 8 AGPR 0 SGPR 16",outputs/profiling/MI300X/analysis_2026-10-05/data/torch_kernels.json,medium: kernel trace record only,"kernel void (anonymous namespace)::elementwise_kernel_with_index<int, at::native::arange_cuda_out(c10::Scalar const&, c10::Scalar const&, c10::Scalar const&, at::Tensor&)::{lambda()#1}::operator()() const::{"
MI300X.torch.weight_dequant.fp16.kernel_trace,1:ATen vectorized elementwise,library/kernel family: ATen vectorized elementwise,unknown (no ISA for this kernel),LDS 0 B; scratch 0 B,unknown,unknown,"grid 768 work-items, WG 256; VGPR 48 AGPR 0 SGPR 32",outputs/profiling/MI300X/analysis_2026-10-05/data/torch_kernels.json,medium: kernel trace record only,"kernel void at::native::vectorized_elementwise_kernel<4, at::native::BUnaryFunctor<long, long, long, at::native::binary_internal::div_floor_kernel_cuda(at::TensorIteratorBase&)::{lambda()#1}::operator()() co"
MI300X.torch.weight_dequant.fp16.kernel_trace,2:ATen elementwise (unrolled),library/kernel family: ATen elementwise (unrolled),unknown (no ISA for this kernel),LDS 0 B; scratch 0 B,unknown,unknown,"grid 10240 work-items, WG 128; VGPR 8 AGPR 0 SGPR 16",outputs/profiling/MI300X/analysis_2026-10-05/data/torch_kernels.json,medium: kernel trace record only,"kernel void (anonymous namespace)::elementwise_kernel_with_index<int, at::native::arange_cuda_out(c10::Scalar const&, c10::Scalar const&, c10::Scalar const&, at::Tensor&)::{lambda()#1}::operator()() const::{"
MI300X.torch.weight_dequant.fp16.kernel_trace,3:ATen vectorized elementwise,library/kernel family: ATen vectorized elementwise,unknown (no ISA for this kernel),LDS 0 B; scratch 0 B,unknown,unknown,"grid 768 work-items, WG 256; VGPR 48 AGPR 0 SGPR 32",outputs/profiling/MI300X/analysis_2026-10-05/data/torch_kernels.json,medium: kernel trace record only,"kernel void at::native::vectorized_elementwise_kernel<4, at::native::BUnaryFunctor<long, long, long, at::native::binary_internal::div_floor_kernel_cuda(at::TensorIteratorBase&)::{lambda()#1}::operator()() co"
MI300X.torch.weight_dequant.fp16.kernel_trace,4:ATen elementwise (unrolled),library/kernel family: ATen elementwise (unrolled),unknown (no ISA for this kernel),LDS 0 B; scratch 0 B,unknown,unknown,"grid 26214400 work-items, WG 128; VGPR 24 AGPR 0 SGPR 80",outputs/profiling/MI300X/analysis_2026-10-05/data/torch_kernels.json,medium: kernel trace record only,"kernel void at::native::elementwise_kernel_manual_unroll<128, 4, at::native::gpu_kernel_impl_nocast<at::native::direct_copy_kernel_cuda(at::TensorIteratorBase&)::{lambda()#3}::operator()() const::{lambda()#4"
MI300X.torch.weight_dequant.fp16.kernel_trace,5:ATen elementwise (unrolled),library/kernel family: ATen elementwise (unrolled),unknown (no ISA for this kernel),LDS 0 B; scratch 0 B,unknown,unknown,"grid 26214400 work-items, WG 128; VGPR 24 AGPR 0 SGPR 80",outputs/profiling/MI300X/analysis_2026-10-05/data/torch_kernels.json,medium: kernel trace record only,"kernel void at::native::elementwise_kernel_manual_unroll<128, 4, at::native::gpu_kernel_impl_nocast<at::native::direct_copy_kernel_cuda(at::TensorIteratorBase&)::{lambda()#3}::operator()() const::{lambda()#4"
MI300X.torch.weight_dequant.fp16.kernel_trace,6:ATen elementwise (unrolled),library/kernel family: ATen elementwise (unrolled),unknown (no ISA for this kernel),LDS 0 B; scratch 0 B,unknown,unknown,"grid 26214400 work-items, WG 128; VGPR 16 AGPR 0 SGPR 80",outputs/profiling/MI300X/analysis_2026-10-05/data/torch_kernels.json,medium: kernel trace record only,"kernel void at::native::index_elementwise_kernel<128, 4, at::native::gpu_index_kernel<at::native::index_kernel_impl<at::native::OpaqueType<2> >(at::TensorIteratorBase&, c10::ArrayRef<long>, c10::ArrayRef<lon"
MI300X.torch.weight_dequant.fp16.kernel_trace,7:ATen vectorized elementwise,library/kernel family: ATen vectorized elementwise,unknown (no ISA for this kernel),LDS 0 B; scratch 0 B,unknown,unknown,"grid 6553600 work-items, WG 256; VGPR 40 AGPR 0 SGPR 32",outputs/profiling/MI300X/analysis_2026-10-05/data/torch_kernels.json,medium: kernel trace record only,"kernel void at::native::vectorized_elementwise_kernel<8, at::native::BinaryFunctor<c10::Half, c10::Half, c10::Half, at::native::binary_internal::MulFunctor<float> >, std::array<char*, 3ul> >(int, at::native:"
MI300X.torch.weight_dequant.fp32.kernel_trace,0:ATen elementwise (unrolled),library/kernel family: ATen elementwise (unrolled),unknown (no ISA for this kernel),LDS 0 B; scratch 0 B,unknown,unknown,"grid 10240 work-items, WG 128; VGPR 8 AGPR 0 SGPR 16",outputs/profiling/MI300X/analysis_2026-10-05/data/torch_kernels.json,medium: kernel trace record only,"kernel void (anonymous namespace)::elementwise_kernel_with_index<int, at::native::arange_cuda_out(c10::Scalar const&, c10::Scalar const&, c10::Scalar const&, at::Tensor&)::{lambda()#1}::operator()() const::{"
MI300X.torch.weight_dequant.fp32.kernel_trace,1:ATen vectorized elementwise,library/kernel family: ATen vectorized elementwise,unknown (no ISA for this kernel),LDS 0 B; scratch 0 B,unknown,unknown,"grid 768 work-items, WG 256; VGPR 48 AGPR 0 SGPR 32",outputs/profiling/MI300X/analysis_2026-10-05/data/torch_kernels.json,medium: kernel trace record only,"kernel void at::native::vectorized_elementwise_kernel<4, at::native::BUnaryFunctor<long, long, long, at::native::binary_internal::div_floor_kernel_cuda(at::TensorIteratorBase&)::{lambda()#1}::operator()() co"
MI300X.torch.weight_dequant.fp32.kernel_trace,2:ATen elementwise (unrolled),library/kernel family: ATen elementwise (unrolled),unknown (no ISA for this kernel),LDS 0 B; scratch 0 B,unknown,unknown,"grid 10240 work-items, WG 128; VGPR 8 AGPR 0 SGPR 16",outputs/profiling/MI300X/analysis_2026-10-05/data/torch_kernels.json,medium: kernel trace record only,"kernel void (anonymous namespace)::elementwise_kernel_with_index<int, at::native::arange_cuda_out(c10::Scalar const&, c10::Scalar const&, c10::Scalar const&, at::Tensor&)::{lambda()#1}::operator()() const::{"
MI300X.torch.weight_dequant.fp32.kernel_trace,3:ATen vectorized elementwise,library/kernel family: ATen vectorized elementwise,unknown (no ISA for this kernel),LDS 0 B; scratch 0 B,unknown,unknown,"grid 768 work-items, WG 256; VGPR 48 AGPR 0 SGPR 32",outputs/profiling/MI300X/analysis_2026-10-05/data/torch_kernels.json,medium: kernel trace record only,"kernel void at::native::vectorized_elementwise_kernel<4, at::native::BUnaryFunctor<long, long, long, at::native::binary_internal::div_floor_kernel_cuda(at::TensorIteratorBase&)::{lambda()#1}::operator()() co"
MI300X.torch.weight_dequant.fp32.kernel_trace,4:ATen elementwise (unrolled),library/kernel family: ATen elementwise (unrolled),unknown (no ISA for this kernel),LDS 0 B; scratch 0 B,unknown,unknown,"grid 26214400 work-items, WG 128; VGPR 24 AGPR 0 SGPR 80",outputs/profiling/MI300X/analysis_2026-10-05/data/torch_kernels.json,medium: kernel trace record only,"kernel void at::native::elementwise_kernel_manual_unroll<128, 4, at::native::gpu_kernel_impl_nocast<at::native::direct_copy_kernel_cuda(at::TensorIteratorBase&)::{lambda()#3}::operator()() const::{lambda()#4"
MI300X.torch.weight_dequant.fp32.kernel_trace,5:ATen elementwise (unrolled),library/kernel family: ATen elementwise (unrolled),unknown (no ISA for this kernel),LDS 0 B; scratch 0 B,unknown,unknown,"grid 26214400 work-items, WG 128; VGPR 24 AGPR 0 SGPR 80",outputs/profiling/MI300X/analysis_2026-10-05/data/torch_kernels.json,medium: kernel trace record only,"kernel void at::native::elementwise_kernel_manual_unroll<128, 4, at::native::gpu_kernel_impl_nocast<at::native::direct_copy_kernel_cuda(at::TensorIteratorBase&)::{lambda()#3}::operator()() const::{lambda()#4"
MI300X.torch.weight_dequant.fp32.kernel_trace,6:ATen elementwise (unrolled),library/kernel family: ATen elementwise (unrolled),unknown (no ISA for this kernel),LDS 0 B; scratch 0 B,unknown,unknown,"grid 26214400 work-items, WG 128; VGPR 16 AGPR 0 SGPR 80",outputs/profiling/MI300X/analysis_2026-10-05/data/torch_kernels.json,medium: kernel trace record only,"kernel void at::native::index_elementwise_kernel<128, 4, at::native::gpu_index_kernel<at::native::index_kernel_impl<at::native::OpaqueType<4> >(at::TensorIteratorBase&, c10::ArrayRef<long>, c10::ArrayRef<lon"
MI300X.torch.weight_dequant.fp32.kernel_trace,7:ATen vectorized elementwise,library/kernel family: ATen vectorized elementwise,unknown (no ISA for this kernel),LDS 0 B; scratch 0 B,unknown,unknown,"grid 6553600 work-items, WG 256; VGPR 40 AGPR 0 SGPR 32",outputs/profiling/MI300X/analysis_2026-10-05/data/torch_kernels.json,medium: kernel trace record only,"kernel void at::native::vectorized_elementwise_kernel<4, at::native::BinaryFunctor<float, float, float, at::native::binary_internal::MulFunctor<float> >, std::array<char*, 3ul> >(int, at::native::BinaryFunct"
MI300X.triton.1d_conv.fp16.rocprof_compute,conv1d_kernel,pointer loads (tl.load) in source; static loads: buffer_load_ushort x8 {'scalar(<=32b)': 8}; stores: buffer_store_short x32 {'scalar(<=32b)': 32}; loads with nt modifier: 0/8,"MFMA: v_mfma_f32_32x32x8_f16 x4; measured MFMA util (2.1.10 Avg, kernel-name aggregate) 16.51754030223913 %","LDS-staged (runtime shared 4096 B; static ds_read x4, ds_write x5); scratch 0 B/work-item","TTGIR convert_layout x0, local_alloc x2; ds_bpermute/permute/swizzle x0; DPP VALU x0; threadsPerWarp layouts ['16, 4', '64, 1']",not_observed (no VMEM atomic in static ISA),"grid [20480, 1, 1] = 20480 WGs (67.4 per CU of 304); WG 512 threads = 8 waves; VGPR 67 AGPR 0 SGPR 64; LDS 4096 B; scratch 0 B; compiler occupancy 7 waves/SIMD; launches 1",outputs/profiling/MI300X/analysis_2026-10-05/triton_ir/1d_conv__fp16__conv1d_kernel__V5GHNDBZ; outputs/profiling/MI300X/analysis_2026-10-05/replay_audit/1d_conv__fp16__formal.json,high: static IR/ISA of the hsaco-identical recompile + launch record; source form from git show,static_isa profile MI300X.triton.1d_conv.fp16.static_isa; counters in MI300X.triton.1d_conv.fp16.rocprof_compute
MI300X.triton.1d_conv.fp32.rocprof_compute,conv1d_kernel,pointer loads (tl.load) in source; static loads: global_load_dword x48 {'scalar(<=32b)': 48}; stores: buffer_store_dword x32 {'scalar(<=32b)': 32}; loads with nt modifier: 0/48,"MFMA: v_mfma_f32_32x32x4_xf32 x48; measured MFMA util (2.1.10 Avg, kernel-name aggregate) 27.270019421385996 %","LDS-staged (runtime shared 32768 B; static ds_read x48, ds_write x24); scratch 0 B/work-item","TTGIR convert_layout x0, local_alloc x2; ds_bpermute/permute/swizzle x0; DPP VALU x0; threadsPerWarp layouts ['32, 2', '64, 1']",not_observed (no VMEM atomic in static ISA),"grid [20480, 1, 1] = 20480 WGs (67.4 per CU of 304); WG 512 threads = 8 waves; VGPR 126 AGPR 0 SGPR 62; LDS 32768 B; scratch 0 B; compiler occupancy 4 waves/SIMD; launches 1",outputs/profiling/MI300X/analysis_2026-10-05/triton_ir/1d_conv__fp32__conv1d_kernel__HQR3BUC2; outputs/profiling/MI300X/analysis_2026-10-05/replay_audit/1d_conv__fp32__formal.json,high: static IR/ISA of the hsaco-identical recompile + launch record; source form from git show,static_isa profile MI300X.triton.1d_conv.fp32.static_isa; counters in MI300X.triton.1d_conv.fp32.rocprof_compute
MI300X.triton.2d_conv.fp16.rocprof_compute,conv2d_kernel,pointer loads (tl.load) in source; static loads: buffer_load_ushort x24 {'scalar(<=32b)': 24}; stores: buffer_store_short x16 {'scalar(<=32b)': 16}; loads with nt modifier: 0/24,"MFMA: v_mfma_f32_32x32x8_f16 x8; measured MFMA util (2.1.10 Avg, kernel-name aggregate) 9.125481158470723 %","LDS-staged (runtime shared 16384 B; static ds_read x16, ds_write x16); scratch 0 B/work-item","TTGIR convert_layout x0, local_alloc x2; ds_bpermute/permute/swizzle x0; DPP VALU x0; threadsPerWarp layouts ['16, 4', '64, 1']",not_observed (no VMEM atomic in static ISA),"grid [800, 2, 1] = 1600 WGs (5.26 per CU of 304); WG 512 threads = 8 waves; VGPR 108 AGPR 0 SGPR 106; LDS 16384 B; scratch 0 B; compiler occupancy 4 waves/SIMD; launches 1",outputs/profiling/MI300X/analysis_2026-10-05/triton_ir/2d_conv__fp16__conv2d_kernel__3UOPCET4; outputs/profiling/MI300X/analysis_2026-10-05/replay_audit/2d_conv__fp16__formal.json,high: static IR/ISA of the hsaco-identical recompile + launch record; source form from git show,static_isa profile MI300X.triton.2d_conv.fp16.static_isa; counters in MI300X.triton.2d_conv.fp16.rocprof_compute
MI300X.triton.2d_conv.fp32.rocprof_compute,conv2d_kernel,pointer loads (tl.load) in source; static loads: global_load_dword x24 {'scalar(<=32b)': 24}; stores: buffer_store_dword x32 {'scalar(<=32b)': 32}; loads with nt modifier: 0/24,"MFMA: v_mfma_f32_32x32x4_xf32 x24; measured MFMA util (2.1.10 Avg, kernel-name aggregate) 14.582197004140552 %","LDS-staged (runtime shared 16384 B; static ds_read x24, ds_write x12); scratch 0 B/work-item","TTGIR convert_layout x0, local_alloc x2; ds_bpermute/permute/swizzle x0; DPP VALU x0; threadsPerWarp layouts ['16, 4', '64, 1']",not_observed (no VMEM atomic in static ISA),"grid [800, 1, 1] = 800 WGs (2.63 per CU of 304); WG 512 threads = 8 waves; VGPR 96 AGPR 0 SGPR 68; LDS 16384 B; scratch 0 B; compiler occupancy 5 waves/SIMD; launches 1",outputs/profiling/MI300X/analysis_2026-10-05/triton_ir/2d_conv__fp32__conv2d_kernel__PKVBR5E3; outputs/profiling/MI300X/analysis_2026-10-05/replay_audit/2d_conv__fp32__formal.json,high: static IR/ISA of the hsaco-identical recompile + launch record; source form from git show,static_isa profile MI300X.triton.2d_conv.fp32.static_isa; counters in MI300X.triton.2d_conv.fp32.rocprof_compute
MI300X.triton.2d_max_pooling.bf16.rocprof_compute,max_pool2d_kernel,pointer loads (tl.load) in source; static loads: buffer_load_ushort x18 {'scalar(<=32b)': 18}; stores: buffer_store_dword x1 {'scalar(<=32b)': 1}; loads with nt modifier: 0/18,not_observed (no v_mfma in static ISA),"LDS-staged (runtime shared 1024 B; static ds_read x2, ds_write x2); scratch 0 B/work-item","TTGIR convert_layout x1, local_alloc x0; ds_bpermute/permute/swizzle x0; DPP VALU x0; threadsPerWarp layouts ['1, 64', '4, 16']",not_observed (no VMEM atomic in static ISA),"grid [512, 80, 3] = 122880 WGs (404 per CU of 304); WG 256 threads = 4 waves; VGPR 25 AGPR 0 SGPR 70; LDS 1024 B; scratch 0 B; compiler occupancy 8 waves/SIMD; launches 1",outputs/profiling/MI300X/analysis_2026-10-05/triton_ir/2d_max_pooling__bf16__max_pool2d_kernel__AWOHP5AR; outputs/profiling/MI300X/analysis_2026-10-05/replay_audit/2d_max_pooling__bf16__formal.json,high: static IR/ISA of the hsaco-identical recompile + launch record; source form from git show,static_isa profile MI300X.triton.2d_max_pooling.bf16.static_isa; counters in MI300X.triton.2d_max_pooling.bf16.rocprof_compute
MI300X.triton.2d_max_pooling.fp16.rocprof_compute,max_pool2d_kernel,pointer loads (tl.load) in source; static loads: buffer_load_ushort x18 {'scalar(<=32b)': 18}; stores: buffer_store_dword x1 {'scalar(<=32b)': 1}; loads with nt modifier: 0/18,not_observed (no v_mfma in static ISA),"LDS-staged (runtime shared 1024 B; static ds_read x2, ds_write x2); scratch 0 B/work-item","TTGIR convert_layout x1, local_alloc x0; ds_bpermute/permute/swizzle x0; DPP VALU x0; threadsPerWarp layouts ['1, 64', '4, 16']",not_observed (no VMEM atomic in static ISA),"grid [512, 80, 3] = 122880 WGs (404 per CU of 304); WG 256 threads = 4 waves; VGPR 25 AGPR 0 SGPR 70; LDS 1024 B; scratch 0 B; compiler occupancy 8 waves/SIMD; launches 1",outputs/profiling/MI300X/analysis_2026-10-05/triton_ir/2d_max_pooling__fp16__max_pool2d_kernel__DUBBDLGC; outputs/profiling/MI300X/analysis_2026-10-05/replay_audit/2d_max_pooling__fp16__formal.json,high: static IR/ISA of the hsaco-identical recompile + launch record; source form from git show,static_isa profile MI300X.triton.2d_max_pooling.fp16.static_isa; counters in MI300X.triton.2d_max_pooling.fp16.rocprof_compute
MI300X.triton.2d_max_pooling.fp32.rocprof_compute,max_pool2d_kernel,pointer loads (tl.load) in source; static loads: buffer_load_dword x9 {'scalar(<=32b)': 9}; stores: buffer_store_dword x1 {'scalar(<=32b)': 1}; loads with nt modifier: 0/9,not_observed (no v_mfma in static ISA),no LDS (registers + global memory); scratch 0 B/work-item,"TTGIR convert_layout x1, local_alloc x0; ds_bpermute/permute/swizzle x0; DPP VALU x0; threadsPerWarp layouts ['1, 64']",not_observed (no VMEM atomic in static ISA),"grid [512, 320, 1] = 163840 WGs (539 per CU of 304); WG 512 threads = 8 waves; VGPR 18 AGPR 0 SGPR 45; LDS 0 B; scratch 0 B; compiler occupancy 8 waves/SIMD; launches 1",outputs/profiling/MI300X/analysis_2026-10-05/triton_ir/2d_max_pooling__fp32__max_pool2d_kernel__LXDLQIOL; outputs/profiling/MI300X/analysis_2026-10-05/replay_audit/2d_max_pooling__fp32__formal.json,high: static IR/ISA of the hsaco-identical recompile + launch record; source form from git show,static_isa profile MI300X.triton.2d_max_pooling.fp32.static_isa; counters in MI300X.triton.2d_max_pooling.fp32.rocprof_compute
MI300X.triton.3d_conv.fp16.rocprof_compute,conv3d_kernel,pointer loads (tl.load) in source; static loads: buffer_load_ushort x24 {'scalar(<=32b)': 24}; stores: buffer_store_short x16 {'scalar(<=32b)': 16}; loads with nt modifier: 0/24,"MFMA: v_mfma_f32_32x32x8_f16 x8; measured MFMA util (2.1.10 Avg, kernel-name aggregate) 10.779770823136708 %","LDS-staged (runtime shared 16384 B; static ds_read x16, ds_write x16); scratch 0 B/work-item","TTGIR convert_layout x0, local_alloc x2; ds_bpermute/permute/swizzle x0; DPP VALU x0; threadsPerWarp layouts ['16, 4', '64, 1']",not_observed (no VMEM atomic in static ISA),"grid [25600, 1, 1] = 25600 WGs (84.2 per CU of 304); WG 512 threads = 8 waves; VGPR 110 AGPR 0 SGPR 106; LDS 16384 B; scratch 0 B; compiler occupancy 4 waves/SIMD; launches 1",outputs/profiling/MI300X/analysis_2026-10-05/triton_ir/3d_conv__fp16__conv3d_kernel__PBKXKKPC; outputs/profiling/MI300X/analysis_2026-10-05/replay_audit/3d_conv__fp16__formal.json,high: static IR/ISA of the hsaco-identical recompile + launch record; source form from git show,static_isa profile MI300X.triton.3d_conv.fp16.static_isa; counters in MI300X.triton.3d_conv.fp16.rocprof_compute
MI300X.triton.3d_conv.fp32.rocprof_compute,conv3d_kernel,pointer loads (tl.load) in source; static loads: global_load_dword x72 {'scalar(<=32b)': 72}; stores: buffer_store_dword x16 {'scalar(<=32b)': 16}; loads with nt modifier: 0/72,"MFMA: v_mfma_f32_32x32x4_xf32 x48; measured MFMA util (2.1.10 Avg, kernel-name aggregate) 14.812498799264528 %","LDS-staged (runtime shared 49152 B; static ds_read x48, ds_write x24); scratch 0 B/work-item","TTGIR convert_layout x0, local_alloc x2; ds_bpermute/permute/swizzle x0; DPP VALU x0; threadsPerWarp layouts ['32, 2', '64, 1']",not_observed (no VMEM atomic in static ISA),"grid [25600, 1, 1] = 25600 WGs (84.2 per CU of 304); WG 512 threads = 8 waves; VGPR 154 AGPR 0 SGPR 83; LDS 49152 B; scratch 0 B; compiler occupancy 3 waves/SIMD; launches 1",outputs/profiling/MI300X/analysis_2026-10-05/triton_ir/3d_conv__fp32__conv3d_kernel__HPDN4LTQ; outputs/profiling/MI300X/analysis_2026-10-05/replay_audit/3d_conv__fp32__formal.json,high: static IR/ISA of the hsaco-identical recompile + launch record; source form from git show,static_isa profile MI300X.triton.3d_conv.fp32.static_isa; counters in MI300X.triton.3d_conv.fp32.rocprof_compute
MI300X.triton.argmax.fp16.rocprof_compute,argmax_rowwise_kernel,pointer loads (tl.load) in source; static loads: buffer_load_dwordx4 x1 {'vector(>=64b)': 1}; stores: global_store_dwordx2 x1 {'vector(>=64b)': 1}; loads with nt modifier: 0/1,not_observed (no v_mfma in static ISA),"LDS-staged (runtime shared 32 B; static ds_read x5, ds_write x4); scratch 0 B/work-item","TTGIR convert_layout x0, local_alloc x0; ds_bpermute/permute/swizzle x4; DPP VALU x24; threadsPerWarp layouts ['64']",not_observed (no VMEM atomic in static ISA),grid [2048] = 2048 WGs (6.74 per CU of 304); WG 256 threads = 4 waves; VGPR 24 AGPR 0 SGPR 30; LDS 32 B; scratch 0 B; compiler occupancy 8 waves/SIMD; launches 1,outputs/profiling/MI300X/analysis_2026-10-05/triton_ir/argmax__fp16__argmax_rowwise_kernel__LV7J7UF2; outputs/profiling/MI300X/analysis_2026-10-05/replay_audit/argmax__fp16__formal.json,high: static IR/ISA of the hsaco-identical recompile + launch record; source form from git show,static_isa profile MI300X.triton.argmax.fp16.static_isa; counters in MI300X.triton.argmax.fp16.rocprof_compute
MI300X.triton.argmax.fp32.rocprof_compute,argmax_rowwise_kernel,pointer loads (tl.load) in source; static loads: buffer_load_dwordx4 x2 {'vector(>=64b)': 2}; stores: global_store_dwordx2 x1 {'vector(>=64b)': 1}; loads with nt modifier: 0/2,not_observed (no v_mfma in static ISA),"LDS-staged (runtime shared 32 B; static ds_read x5, ds_write x4); scratch 0 B/work-item","TTGIR convert_layout x0, local_alloc x0; ds_bpermute/permute/swizzle x4; DPP VALU x24; threadsPerWarp layouts ['64']",not_observed (no VMEM atomic in static ISA),grid [2048] = 2048 WGs (6.74 per CU of 304); WG 256 threads = 4 waves; VGPR 30 AGPR 0 SGPR 30; LDS 32 B; scratch 0 B; compiler occupancy 8 waves/SIMD; launches 1,outputs/profiling/MI300X/analysis_2026-10-05/triton_ir/argmax__fp32__argmax_rowwise_kernel__WGO2EPYK; outputs/profiling/MI300X/analysis_2026-10-05/replay_audit/argmax__fp32__formal.json,high: static IR/ISA of the hsaco-identical recompile + launch record; source form from git show,static_isa profile MI300X.triton.argmax.fp32.static_isa; counters in MI300X.triton.argmax.fp32.rocprof_compute
MI300X.triton.batch_normalization.bf16.rocprof_compute,apply_batch_norm_kernel,"pointer loads (tl.load) in source; static loads: buffer_load_dword x2, buffer_load_dwordx2 x2, buffer_load_dwordx4 x2 {'scalar(<=32b)': 2, 'vector(>=64b)': 4}; stores: buffer_store_dwordx4 x2 {'vector(>=64b)': 2}; loads with nt modifier: 0/6",not_observed (no v_mfma in static ISA),"LDS-staged (runtime shared 4096 B; static ds_read x4, ds_write x2); scratch 0 B/work-item","TTGIR convert_layout x2, local_alloc x0; ds_bpermute/permute/swizzle x0; DPP VALU x0; threadsPerWarp layouts ['1, 64', '64']",not_observed (no VMEM atomic in static ISA),grid [2500] = 2500 WGs (8.22 per CU of 304); WG 512 threads = 8 waves; VGPR 32 AGPR 0 SGPR 34; LDS 4096 B; scratch 0 B; compiler occupancy 8 waves/SIMD; launches 1,outputs/profiling/MI300X/analysis_2026-10-05/triton_ir/batch_normalization__bf16__apply_batch_norm_kernel__477OGWVR; outputs/profiling/MI300X/analysis_2026-10-05/replay_audit/batch_normalization__bf16__formal.json,high: static IR/ISA of the hsaco-identical recompile + launch record; source form from git show,static_isa profile MI300X.triton.batch_normalization.bf16.static_isa; counters in MI300X.triton.batch_normalization.bf16.rocprof_compute
MI300X.triton.batch_normalization.bf16.rocprof_compute,compute_block_sums_kernel,pointer loads (tl.load) in source; static loads: buffer_load_dwordx4 x32 {'vector(>=64b)': 32}; stores: buffer_store_dwordx4 x2 {'vector(>=64b)': 2}; loads with nt modifier: 0/32,not_observed (no v_mfma in static ISA),"LDS-staged (runtime shared 8192 B; static ds_read x194, ds_write x196); scratch 0 B/work-item","TTGIR convert_layout x2, local_alloc x0; ds_bpermute/permute/swizzle x0; DPP VALU x128; threadsPerWarp layouts ['1, 64', '64']",not_observed (no VMEM atomic in static ISA),grid [313] = 313 WGs (1.03 per CU of 304); WG 256 threads = 4 waves; VGPR 164 AGPR 0 SGPR 26; LDS 8192 B; scratch 0 B; compiler occupancy 3 waves/SIMD; launches 1,outputs/profiling/MI300X/analysis_2026-10-05/triton_ir/batch_normalization__bf16__compute_block_sums_kernel__YQI6MC5K; outputs/profiling/MI300X/analysis_2026-10-05/replay_audit/batch_normalization__bf16__formal.json,high: static IR/ISA of the hsaco-identical recompile + launch record; source form from git show,static_isa profile MI300X.triton.batch_normalization.bf16.static_isa; counters in MI300X.triton.batch_normalization.bf16.rocprof_compute
MI300X.triton.batch_normalization.bf16.rocprof_compute,compute_mean_invstd_kernel,pointer loads (tl.load) in source; static loads: buffer_load_dword x4 {'scalar(<=32b)': 4}; stores: global_store_dword x2 {'scalar(<=32b)': 2}; loads with nt modifier: 0/4,not_observed (no v_mfma in static ISA),"LDS-staged (runtime shared 16 B; static ds_read x4, ds_write x4); scratch 0 B/work-item","TTGIR convert_layout x0, local_alloc x0; ds_bpermute/permute/swizzle x0; DPP VALU x16; threadsPerWarp layouts ['64']",not_observed (no VMEM atomic in static ISA),grid [1024] = 1024 WGs (3.37 per CU of 304); WG 256 threads = 4 waves; VGPR 9 AGPR 0 SGPR 30; LDS 16 B; scratch 0 B; compiler occupancy 8 waves/SIMD; launches 1,outputs/profiling/MI300X/analysis_2026-10-05/triton_ir/batch_normalization__fp16__compute_mean_invstd_kernel__ORDTX56N; outputs/profiling/MI300X/analysis_2026-10-05/replay_audit/batch_normalization__bf16__formal.json,high: static IR/ISA of the hsaco-identical recompile + launch record; source form from git show,static_isa profile MI300X.triton.batch_normalization.bf16.static_isa; counters in MI300X.triton.batch_normalization.bf16.rocprof_compute
MI300X.triton.batch_normalization.fp16.rocprof_compute,apply_batch_norm_kernel,"pointer loads (tl.load) in source; static loads: buffer_load_dwordx4 x10, buffer_load_dwordx2 x2 {'vector(>=64b)': 12}; stores: buffer_store_dwordx4 x8 {'vector(>=64b)': 8}; loads with nt modifier: 0/12",not_observed (no v_mfma in static ISA),"LDS-staged (runtime shared 4096 B; static ds_read x4, ds_write x2); scratch 0 B/work-item","TTGIR convert_layout x2, local_alloc x0; ds_bpermute/permute/swizzle x0; DPP VALU x0; threadsPerWarp layouts ['1, 64', '64']",not_observed (no VMEM atomic in static ISA),grid [1250] = 1250 WGs (4.11 per CU of 304); WG 256 threads = 4 waves; VGPR 62 AGPR 0 SGPR 34; LDS 4096 B; scratch 0 B; compiler occupancy 8 waves/SIMD; launches 1,outputs/profiling/MI300X/analysis_2026-10-05/triton_ir/batch_normalization__fp16__apply_batch_norm_kernel__LZ3XX7FS; outputs/profiling/MI300X/analysis_2026-10-05/replay_audit/batch_normalization__fp16__formal.json,high: static IR/ISA of the hsaco-identical recompile + launch record; source form from git show,static_isa profile MI300X.triton.batch_normalization.fp16.static_isa; counters in MI300X.triton.batch_normalization.fp16.rocprof_compute
MI300X.triton.batch_normalization.fp16.rocprof_compute,compute_block_sums_kernel,pointer loads (tl.load) in source; static loads: buffer_load_dwordx4 x32 {'vector(>=64b)': 32}; stores: buffer_store_dwordx4 x2 {'vector(>=64b)': 2}; loads with nt modifier: 0/32,not_observed (no v_mfma in static ISA),"LDS-staged (runtime shared 8192 B; static ds_read x194, ds_write x196); scratch 0 B/work-item","TTGIR convert_layout x2, local_alloc x0; ds_bpermute/permute/swizzle x0; DPP VALU x128; threadsPerWarp layouts ['1, 64', '64']",not_observed (no VMEM atomic in static ISA),grid [313] = 313 WGs (1.03 per CU of 304); WG 256 threads = 4 waves; VGPR 164 AGPR 0 SGPR 26; LDS 8192 B; scratch 0 B; compiler occupancy 3 waves/SIMD; launches 1,outputs/profiling/MI300X/analysis_2026-10-05/triton_ir/batch_normalization__fp16__compute_block_sums_kernel__3CHL4JUQ; outputs/profiling/MI300X/analysis_2026-10-05/replay_audit/batch_normalization__fp16__formal.json,high: static IR/ISA of the hsaco-identical recompile + launch record; source form from git show,static_isa profile MI300X.triton.batch_normalization.fp16.static_isa; counters in MI300X.triton.batch_normalization.fp16.rocprof_compute
MI300X.triton.batch_normalization.fp16.rocprof_compute,compute_mean_invstd_kernel,pointer loads (tl.load) in source; static loads: buffer_load_dword x4 {'scalar(<=32b)': 4}; stores: global_store_dword x2 {'scalar(<=32b)': 2}; loads with nt modifier: 0/4,not_observed (no v_mfma in static ISA),"LDS-staged (runtime shared 16 B; static ds_read x4, ds_write x4); scratch 0 B/work-item","TTGIR convert_layout x0, local_alloc x0; ds_bpermute/permute/swizzle x0; DPP VALU x16; threadsPerWarp layouts ['64']",not_observed (no VMEM atomic in static ISA),grid [1024] = 1024 WGs (3.37 per CU of 304); WG 256 threads = 4 waves; VGPR 9 AGPR 0 SGPR 30; LDS 16 B; scratch 0 B; compiler occupancy 8 waves/SIMD; launches 1,outputs/profiling/MI300X/analysis_2026-10-05/triton_ir/batch_normalization__fp16__compute_mean_invstd_kernel__ORDTX56N; outputs/profiling/MI300X/analysis_2026-10-05/replay_audit/batch_normalization__fp16__formal.json,high: static IR/ISA of the hsaco-identical recompile + launch record; source form from git show,static_isa profile MI300X.triton.batch_normalization.fp16.static_isa; counters in MI300X.triton.batch_normalization.fp16.rocprof_compute
MI300X.triton.batch_normalization.fp32.rocprof_compute,apply_batch_norm_kernel,"pointer loads (tl.load) in source; static loads: buffer_load_dwordx2 x4, buffer_load_dwordx4 x4 {'vector(>=64b)': 8}; stores: buffer_store_dwordx4 x4 {'vector(>=64b)': 4}; loads with nt modifier: 0/8",not_observed (no v_mfma in static ISA),"LDS-staged (runtime shared 4096 B; static ds_read x2, ds_write x2); scratch 0 B/work-item","TTGIR convert_layout x2, local_alloc x0; ds_bpermute/permute/swizzle x0; DPP VALU x0; threadsPerWarp layouts ['1, 64', '64']",not_observed (no VMEM atomic in static ISA),grid [2500] = 2500 WGs (8.22 per CU of 304); WG 512 threads = 8 waves; VGPR 35 AGPR 0 SGPR 34; LDS 4096 B; scratch 0 B; compiler occupancy 8 waves/SIMD; launches 1,outputs/profiling/MI300X/analysis_2026-10-05/triton_ir/batch_normalization__fp32__apply_batch_norm_kernel__WAXYDLKN; outputs/profiling/MI300X/analysis_2026-10-05/replay_audit/batch_normalization__fp32__formal.json,high: static IR/ISA of the hsaco-identical recompile + launch record; source form from git show,static_isa profile MI300X.triton.batch_normalization.fp32.static_isa; counters in MI300X.triton.batch_normalization.fp32.rocprof_compute
MI300X.triton.batch_normalization.fp32.rocprof_compute,compute_block_sums_kernel,pointer loads (tl.load) in source; static loads: buffer_load_dwordx4 x64 {'vector(>=64b)': 64}; stores: buffer_store_dwordx4 x2 {'vector(>=64b)': 2}; loads with nt modifier: 0/64,not_observed (no v_mfma in static ISA),no LDS (registers + global memory); scratch 0 B/work-item,"TTGIR convert_layout x2, local_alloc x0; ds_bpermute/permute/swizzle x0; DPP VALU x0; threadsPerWarp layouts ['1, 64', '64']",not_observed (no VMEM atomic in static ISA),grid [313] = 313 WGs (1.03 per CU of 304); WG 256 threads = 4 waves; VGPR 234 AGPR 0 SGPR 27; LDS 0 B; scratch 0 B; compiler occupancy 2 waves/SIMD; launches 1,outputs/profiling/MI300X/analysis_2026-10-05/triton_ir/batch_normalization__fp32__compute_block_sums_kernel__4N7MPF2C; outputs/profiling/MI300X/analysis_2026-10-05/replay_audit/batch_normalization__fp32__formal.json,high: static IR/ISA of the hsaco-identical recompile + launch record; source form from git show,static_isa profile MI300X.triton.batch_normalization.fp32.static_isa; counters in MI300X.triton.batch_normalization.fp32.rocprof_compute
MI300X.triton.batch_normalization.fp32.rocprof_compute,compute_mean_invstd_kernel,pointer loads (tl.load) in source; static loads: buffer_load_dword x4 {'scalar(<=32b)': 4}; stores: global_store_dword x2 {'scalar(<=32b)': 2}; loads with nt modifier: 0/4,not_observed (no v_mfma in static ISA),"LDS-staged (runtime shared 16 B; static ds_read x4, ds_write x4); scratch 0 B/work-item","TTGIR convert_layout x0, local_alloc x0; ds_bpermute/permute/swizzle x0; DPP VALU x16; threadsPerWarp layouts ['64']",not_observed (no VMEM atomic in static ISA),grid [1024] = 1024 WGs (3.37 per CU of 304); WG 256 threads = 4 waves; VGPR 9 AGPR 0 SGPR 30; LDS 16 B; scratch 0 B; compiler occupancy 8 waves/SIMD; launches 1,outputs/profiling/MI300X/analysis_2026-10-05/triton_ir/batch_normalization__fp16__compute_mean_invstd_kernel__ORDTX56N; outputs/profiling/MI300X/analysis_2026-10-05/replay_audit/batch_normalization__fp32__formal.json,high: static IR/ISA of the hsaco-identical recompile + launch record; source form from git show,static_isa profile MI300X.triton.batch_normalization.fp32.static_isa; counters in MI300X.triton.batch_normalization.fp32.rocprof_compute
MI300X.triton.batched_matmul.bf16.rocprof_compute,bmm_kernel,"TensorDescriptor in source (descriptor args: a_desc,b_desc,c_desc); dumped TTIR has 0 descriptor ops and 2 tt.load -> lowered to pointer/buffer loads on gfx942 (no TMA); static loads: global_load_ushort x16 {'scalar(<=32b)': 16}; stores: global_store_short x16, global_store_short_d16_hi x16 {'scalar(<=32b)': 32}; loads with nt modifier: 0/16","MFMA: v_mfma_f32_32x32x8_bf16 x8; measured MFMA util (2.1.10 Avg, kernel-name aggregate) 3.5129217974035907 %","LDS-staged (runtime shared 32768 B; static ds_read x10, ds_write x6); scratch 0 B/work-item","TTGIR convert_layout x3, local_alloc x0; ds_bpermute/permute/swizzle x0; DPP VALU x0; threadsPerWarp layouts ['1, 64, 1']",not_observed (no VMEM atomic in static ISA),"grid [5, 5, 32] = 800 WGs (2.63 per CU of 304); WG 512 threads = 8 waves; VGPR 87 AGPR 0 SGPR 62; LDS 32768 B; scratch 0 B; compiler occupancy 5 waves/SIMD; launches 1",outputs/profiling/MI300X/analysis_2026-10-05/triton_ir/batched_matmul__bf16__bmm_kernel__NCB4MRF5; outputs/profiling/MI300X/analysis_2026-10-05/replay_audit/batched_matmul__bf16__formal.json,high: static IR/ISA of the hsaco-identical recompile + launch record; source form from git show,static_isa profile MI300X.triton.batched_matmul.bf16.static_isa; counters in MI300X.triton.batched_matmul.bf16.rocprof_compute
MI300X.triton.batched_matmul.fp16.rocprof_compute,bmm_kernel,"TensorDescriptor in source (descriptor args: a_desc,b_desc,c_desc); dumped TTIR has 0 descriptor ops and 2 tt.load -> lowered to pointer/buffer loads on gfx942 (no TMA); static loads: global_load_ushort x16 {'scalar(<=32b)': 16}; stores: global_store_short x16, global_store_short_d16_hi x16 {'scalar(<=32b)': 32}; loads with nt modifier: 0/16","MFMA: v_mfma_f32_32x32x8_f16 x8; measured MFMA util (2.1.10 Avg, kernel-name aggregate) 3.523667799576907 %","LDS-staged (runtime shared 32768 B; static ds_read x10, ds_write x6); scratch 0 B/work-item","TTGIR convert_layout x3, local_alloc x0; ds_bpermute/permute/swizzle x0; DPP VALU x0; threadsPerWarp layouts ['1, 64, 1']",not_observed (no VMEM atomic in static ISA),"grid [5, 5, 32] = 800 WGs (2.63 per CU of 304); WG 512 threads = 8 waves; VGPR 89 AGPR 0 SGPR 62; LDS 32768 B; scratch 0 B; compiler occupancy 5 waves/SIMD; launches 1",outputs/profiling/MI300X/analysis_2026-10-05/triton_ir/batched_matmul__fp16__bmm_kernel__MCKQOUYY; outputs/profiling/MI300X/analysis_2026-10-05/replay_audit/batched_matmul__fp16__formal.json,high: static IR/ISA of the hsaco-identical recompile + launch record; source form from git show,static_isa profile MI300X.triton.batched_matmul.fp16.static_isa; counters in MI300X.triton.batched_matmul.fp16.rocprof_compute
MI300X.triton.batched_matmul.fp32.rocprof_compute,bmm_kernel,"TensorDescriptor in source (descriptor args: a_desc,b_desc,c_desc); dumped TTIR has 0 descriptor ops and 2 tt.load -> lowered to pointer/buffer loads on gfx942 (no TMA); static loads: global_load_dword x48 {'scalar(<=32b)': 48}; stores: global_store_dword x16 {'scalar(<=32b)': 16}; loads with nt modifier: 0/48","MFMA: v_mfma_f32_32x32x4_xf32 x24; measured MFMA util (2.1.10 Avg, kernel-name aggregate) 3.976829337854517 %","LDS-staged (runtime shared 16384 B; static ds_read x52, ds_write x28); scratch 0 B/work-item","TTGIR convert_layout x1, local_alloc x2; ds_bpermute/permute/swizzle x0; DPP VALU x0; threadsPerWarp layouts ['1, 64, 1']",not_observed (no VMEM atomic in static ISA),"grid [10, 10, 32] = 3200 WGs (10.5 per CU of 304); WG 256 threads = 4 waves; VGPR 118 AGPR 16 SGPR 66; LDS 16384 B; scratch 0 B; compiler occupancy 3 waves/SIMD; launches 1",outputs/profiling/MI300X/analysis_2026-10-05/triton_ir/batched_matmul__fp32__bmm_kernel__DR4ZHNFL; outputs/profiling/MI300X/analysis_2026-10-05/replay_audit/batched_matmul__fp32__formal.json,high: static IR/ISA of the hsaco-identical recompile + launch record; source form from git show,static_isa profile MI300X.triton.batched_matmul.fp32.static_isa; counters in MI300X.triton.batched_matmul.fp32.rocprof_compute
MI300X.triton.bitonic_sort.fp16.rocprof_compute,bitonic_step_kernel#0,pointer loads (tl.load) in source; static loads: buffer_load_ushort x5 {'scalar(<=32b)': 5}; stores: buffer_store_short x8 {'scalar(<=32b)': 8}; loads with nt modifier: 0/5,not_observed (no v_mfma in static ISA),"LDS-staged (runtime shared 4096 B; static ds_read x1, ds_write x4); scratch 0 B/work-item","TTGIR convert_layout x1, local_alloc x0; ds_bpermute/permute/swizzle x0; DPP VALU x0; threadsPerWarp layouts ['64']",not_observed (no VMEM atomic in static ISA),grid [8192] = 8192 WGs (26.9 per CU of 304); WG 512 threads = 8 waves; VGPR 23 AGPR 0 SGPR 30; LDS 4096 B; scratch 0 B; compiler occupancy 8 waves/SIMD; launches 3,outputs/profiling/MI300X/analysis_2026-10-05/triton_ir/bitonic_sort__fp16__bitonic_step_kernel__L7FVITSN; outputs/profiling/MI300X/analysis_2026-10-05/replay_audit/bitonic_sort__fp16__formal.json,high: static IR/ISA of the hsaco-identical recompile + launch record; source form from git show,static_isa profile MI300X.triton.bitonic_sort.fp16.static_isa; counters in MI300X.triton.bitonic_sort.fp16.rocprof_compute
MI300X.triton.bitonic_sort.fp16.rocprof_compute,bitonic_step_kernel#1,pointer loads (tl.load) in source; static loads: buffer_load_ushort x8 {'scalar(<=32b)': 8}; stores: buffer_store_short x8 {'scalar(<=32b)': 8}; loads with nt modifier: 0/8,not_observed (no v_mfma in static ISA),"LDS-staged (runtime shared 4096 B; static ds_read x1, ds_write x4); scratch 0 B/work-item","TTGIR convert_layout x1, local_alloc x0; ds_bpermute/permute/swizzle x0; DPP VALU x0; threadsPerWarp layouts ['64']",not_observed (no VMEM atomic in static ISA),grid [8192] = 8192 WGs (26.9 per CU of 304); WG 512 threads = 8 waves; VGPR 27 AGPR 0 SGPR 34; LDS 4096 B; scratch 0 B; compiler occupancy 8 waves/SIMD; launches 3,outputs/profiling/MI300X/analysis_2026-10-05/triton_ir/bitonic_sort__fp16__bitonic_step_kernel__YFQJHTK2; outputs/profiling/MI300X/analysis_2026-10-05/replay_audit/bitonic_sort__fp16__formal.json,high: static IR/ISA of the hsaco-identical recompile + launch record; source form from git show,static_isa profile MI300X.triton.bitonic_sort.fp16.static_isa; counters in MI300X.triton.bitonic_sort.fp16.rocprof_compute
MI300X.triton.bitonic_sort.fp16.rocprof_compute,bitonic_step_kernel#2,pointer loads (tl.load) in source; static loads: buffer_load_ushort x8 {'scalar(<=32b)': 8}; stores: buffer_store_short x8 {'scalar(<=32b)': 8}; loads with nt modifier: 0/8,not_observed (no v_mfma in static ISA),"LDS-staged (runtime shared 4096 B; static ds_read x1, ds_write x4); scratch 0 B/work-item","TTGIR convert_layout x1, local_alloc x0; ds_bpermute/permute/swizzle x0; DPP VALU x0; threadsPerWarp layouts ['64']",not_observed (no VMEM atomic in static ISA),grid [8192] = 8192 WGs (26.9 per CU of 304); WG 512 threads = 8 waves; VGPR 27 AGPR 0 SGPR 34; LDS 4096 B; scratch 0 B; compiler occupancy 8 waves/SIMD; launches 63,outputs/profiling/MI300X/analysis_2026-10-05/triton_ir/bitonic_sort__fp16__bitonic_step_kernel__NKRPBIPL; outputs/profiling/MI300X/analysis_2026-10-05/replay_audit/bitonic_sort__fp16__formal.json,high: static IR/ISA of the hsaco-identical recompile + launch record; source form from git show,static_isa profile MI300X.triton.bitonic_sort.fp16.static_isa; counters in MI300X.triton.bitonic_sort.fp16.rocprof_compute
MI300X.triton.bitonic_sort.fp16.rocprof_compute,bitonic_step_kernel#3,pointer loads (tl.load) in source; static loads: buffer_load_ushort x5 {'scalar(<=32b)': 5}; stores: buffer_store_short x8 {'scalar(<=32b)': 8}; loads with nt modifier: 0/5,not_observed (no v_mfma in static ISA),"LDS-staged (runtime shared 4096 B; static ds_read x1, ds_write x4); scratch 0 B/work-item","TTGIR convert_layout x1, local_alloc x0; ds_bpermute/permute/swizzle x0; DPP VALU x0; threadsPerWarp layouts ['64']",not_observed (no VMEM atomic in static ISA),grid [8192] = 8192 WGs (26.9 per CU of 304); WG 512 threads = 8 waves; VGPR 23 AGPR 0 SGPR 30; LDS 4096 B; scratch 0 B; compiler occupancy 8 waves/SIMD; launches 21,outputs/profiling/MI300X/analysis_2026-10-05/triton_ir/bitonic_sort__fp16__bitonic_step_kernel__56K7MV76; outputs/profiling/MI300X/analysis_2026-10-05/replay_audit/bitonic_sort__fp16__formal.json,high: static IR/ISA of the hsaco-identical recompile + launch record; source form from git show,static_isa profile MI300X.triton.bitonic_sort.fp16.static_isa; counters in MI300X.triton.bitonic_sort.fp16.rocprof_compute
MI300X.triton.bitonic_sort.fp16.rocprof_compute,bitonic_step_kernel#4,pointer loads (tl.load) in source; static loads: buffer_load_ushort x8 {'scalar(<=32b)': 8}; stores: buffer_store_short x8 {'scalar(<=32b)': 8}; loads with nt modifier: 0/8,not_observed (no v_mfma in static ISA),"LDS-staged (runtime shared 4096 B; static ds_read x1, ds_write x4); scratch 0 B/work-item","TTGIR convert_layout x1, local_alloc x0; ds_bpermute/permute/swizzle x0; DPP VALU x0; threadsPerWarp layouts ['64']",not_observed (no VMEM atomic in static ISA),grid [8192] = 8192 WGs (26.9 per CU of 304); WG 512 threads = 8 waves; VGPR 27 AGPR 0 SGPR 34; LDS 4096 B; scratch 0 B; compiler occupancy 8 waves/SIMD; launches 210,outputs/profiling/MI300X/analysis_2026-10-05/triton_ir/bitonic_sort__fp16__bitonic_step_kernel__HQ6VZQRI; outputs/profiling/MI300X/analysis_2026-10-05/replay_audit/bitonic_sort__fp16__formal.json,high: static IR/ISA of the hsaco-identical recompile + launch record; source form from git show,static_isa profile MI300X.triton.bitonic_sort.fp16.static_isa; counters in MI300X.triton.bitonic_sort.fp16.rocprof_compute
MI300X.triton.bitonic_sort.fp16.rocprof_compute,pad_kernel,pointer loads (tl.load) in source; static loads: buffer_load_dwordx2 x1 {'vector(>=64b)': 1}; stores: buffer_store_dwordx2 x1 {'vector(>=64b)': 1}; loads with nt modifier: 0/1,not_observed (no v_mfma in static ISA),no LDS (registers + global memory); scratch 0 B/work-item,"TTGIR convert_layout x0, local_alloc x0; ds_bpermute/permute/swizzle x0; DPP VALU x0; threadsPerWarp layouts ['64']",not_observed (no VMEM atomic in static ISA),grid [16384] = 16384 WGs (53.9 per CU of 304); WG 256 threads = 4 waves; VGPR 6 AGPR 0 SGPR 19; LDS 0 B; scratch 0 B; compiler occupancy 8 waves/SIMD; launches 1,outputs/profiling/MI300X/analysis_2026-10-05/triton_ir/bitonic_sort__fp16__pad_kernel__NM5IGW4V; outputs/profiling/MI300X/analysis_2026-10-05/replay_audit/bitonic_sort__fp16__formal.json,high: static IR/ISA of the hsaco-identical recompile + launch record; source form from git show,static_isa profile MI300X.triton.bitonic_sort.fp16.static_isa; counters in MI300X.triton.bitonic_sort.fp16.rocprof_compute
MI300X.triton.bitonic_sort.fp32.rocprof_compute,bitonic_step_kernel#0,pointer loads (tl.load) in source; static loads: buffer_load_dword x33 {'scalar(<=32b)': 33}; stores: buffer_store_dword x64 {'scalar(<=32b)': 64}; loads with nt modifier: 0/33,not_observed (no v_mfma in static ISA),"LDS-staged (runtime shared 8192 B; static ds_read x8, ds_write x8); scratch 0 B/work-item","TTGIR convert_layout x1, local_alloc x0; ds_bpermute/permute/swizzle x0; DPP VALU x0; threadsPerWarp layouts ['64']",not_observed (no VMEM atomic in static ISA),grid [4096] = 4096 WGs (13.5 per CU of 304); WG 128 threads = 2 waves; VGPR 68 AGPR 0 SGPR 98; LDS 8192 B; scratch 0 B; compiler occupancy 7 waves/SIMD; launches 3,outputs/profiling/MI300X/analysis_2026-10-05/triton_ir/bitonic_sort__fp32__bitonic_step_kernel__3ZRUAGPO; outputs/profiling/MI300X/analysis_2026-10-05/replay_audit/bitonic_sort__fp32__formal.json,high: static IR/ISA of the hsaco-identical recompile + launch record; source form from git show,static_isa profile MI300X.triton.bitonic_sort.fp32.static_isa; counters in MI300X.triton.bitonic_sort.fp32.rocprof_compute
MI300X.triton.bitonic_sort.fp32.rocprof_compute,bitonic_step_kernel#1,pointer loads (tl.load) in source; static loads: buffer_load_dword x64 {'scalar(<=32b)': 64}; stores: buffer_store_dword x64 {'scalar(<=32b)': 64}; loads with nt modifier: 0/64,not_observed (no v_mfma in static ISA),"LDS-staged (runtime shared 8192 B; static ds_read x8, ds_write x8); scratch 0 B/work-item","TTGIR convert_layout x1, local_alloc x0; ds_bpermute/permute/swizzle x0; DPP VALU x0; threadsPerWarp layouts ['64']",not_observed (no VMEM atomic in static ISA),grid [4096] = 4096 WGs (13.5 per CU of 304); WG 128 threads = 2 waves; VGPR 128 AGPR 0 SGPR 102; LDS 8192 B; scratch 0 B; compiler occupancy 4 waves/SIMD; launches 3,outputs/profiling/MI300X/analysis_2026-10-05/triton_ir/bitonic_sort__fp32__bitonic_step_kernel__5BU4MTT6; outputs/profiling/MI300X/analysis_2026-10-05/replay_audit/bitonic_sort__fp32__formal.json,high: static IR/ISA of the hsaco-identical recompile + launch record; source form from git show,static_isa profile MI300X.triton.bitonic_sort.fp32.static_isa; counters in MI300X.triton.bitonic_sort.fp32.rocprof_compute
MI300X.triton.bitonic_sort.fp32.rocprof_compute,bitonic_step_kernel#2,pointer loads (tl.load) in source; static loads: buffer_load_dword x64 {'scalar(<=32b)': 64}; stores: buffer_store_dword x64 {'scalar(<=32b)': 64}; loads with nt modifier: 0/64,not_observed (no v_mfma in static ISA),"LDS-staged (runtime shared 8192 B; static ds_read x8, ds_write x8); scratch 0 B/work-item","TTGIR convert_layout x1, local_alloc x0; ds_bpermute/permute/swizzle x0; DPP VALU x0; threadsPerWarp layouts ['64']",not_observed (no VMEM atomic in static ISA),grid [4096] = 4096 WGs (13.5 per CU of 304); WG 128 threads = 2 waves; VGPR 128 AGPR 0 SGPR 102; LDS 8192 B; scratch 0 B; compiler occupancy 4 waves/SIMD; launches 63,outputs/profiling/MI300X/analysis_2026-10-05/triton_ir/bitonic_sort__fp32__bitonic_step_kernel__QE2OSYQW; outputs/profiling/MI300X/analysis_2026-10-05/replay_audit/bitonic_sort__fp32__formal.json,high: static IR/ISA of the hsaco-identical recompile + launch record; source form from git show,static_isa profile MI300X.triton.bitonic_sort.fp32.static_isa; counters in MI300X.triton.bitonic_sort.fp32.rocprof_compute
MI300X.triton.bitonic_sort.fp32.rocprof_compute,bitonic_step_kernel#3,pointer loads (tl.load) in source; static loads: buffer_load_dword x33 {'scalar(<=32b)': 33}; stores: buffer_store_dword x64 {'scalar(<=32b)': 64}; loads with nt modifier: 0/33,not_observed (no v_mfma in static ISA),"LDS-staged (runtime shared 8192 B; static ds_read x8, ds_write x8); scratch 0 B/work-item","TTGIR convert_layout x1, local_alloc x0; ds_bpermute/permute/swizzle x0; DPP VALU x0; threadsPerWarp layouts ['64']",not_observed (no VMEM atomic in static ISA),grid [4096] = 4096 WGs (13.5 per CU of 304); WG 128 threads = 2 waves; VGPR 68 AGPR 0 SGPR 98; LDS 8192 B; scratch 0 B; compiler occupancy 7 waves/SIMD; launches 21,outputs/profiling/MI300X/analysis_2026-10-05/triton_ir/bitonic_sort__fp32__bitonic_step_kernel__HG4X7MHH; outputs/profiling/MI300X/analysis_2026-10-05/replay_audit/bitonic_sort__fp32__formal.json,high: static IR/ISA of the hsaco-identical recompile + launch record; source form from git show,static_isa profile MI300X.triton.bitonic_sort.fp32.static_isa; counters in MI300X.triton.bitonic_sort.fp32.rocprof_compute
MI300X.triton.bitonic_sort.fp32.rocprof_compute,bitonic_step_kernel#4,pointer loads (tl.load) in source; static loads: buffer_load_dword x64 {'scalar(<=32b)': 64}; stores: buffer_store_dword x64 {'scalar(<=32b)': 64}; loads with nt modifier: 0/64,not_observed (no v_mfma in static ISA),"LDS-staged (runtime shared 8192 B; static ds_read x8, ds_write x8); scratch 0 B/work-item","TTGIR convert_layout x1, local_alloc x0; ds_bpermute/permute/swizzle x0; DPP VALU x0; threadsPerWarp layouts ['64']",not_observed (no VMEM atomic in static ISA),grid [4096] = 4096 WGs (13.5 per CU of 304); WG 128 threads = 2 waves; VGPR 128 AGPR 0 SGPR 102; LDS 8192 B; scratch 0 B; compiler occupancy 4 waves/SIMD; launches 210,outputs/profiling/MI300X/analysis_2026-10-05/triton_ir/bitonic_sort__fp32__bitonic_step_kernel__L5LQRXU4; outputs/profiling/MI300X/analysis_2026-10-05/replay_audit/bitonic_sort__fp32__formal.json,high: static IR/ISA of the hsaco-identical recompile + launch record; source form from git show,static_isa profile MI300X.triton.bitonic_sort.fp32.static_isa; counters in MI300X.triton.bitonic_sort.fp32.rocprof_compute
MI300X.triton.bitonic_sort.fp32.rocprof_compute,pad_kernel,pointer loads (tl.load) in source; static loads: buffer_load_dwordx4 x1 {'vector(>=64b)': 1}; stores: buffer_store_dwordx4 x1 {'vector(>=64b)': 1}; loads with nt modifier: 0/1,not_observed (no v_mfma in static ISA),no LDS (registers + global memory); scratch 0 B/work-item,"TTGIR convert_layout x0, local_alloc x0; ds_bpermute/permute/swizzle x0; DPP VALU x0; threadsPerWarp layouts ['64']",not_observed (no VMEM atomic in static ISA),grid [16384] = 16384 WGs (53.9 per CU of 304); WG 256 threads = 4 waves; VGPR 8 AGPR 0 SGPR 19; LDS 0 B; scratch 0 B; compiler occupancy 8 waves/SIMD; launches 1,outputs/profiling/MI300X/analysis_2026-10-05/triton_ir/bitonic_sort__fp32__pad_kernel__FE3EL7BO; outputs/profiling/MI300X/analysis_2026-10-05/replay_audit/bitonic_sort__fp32__formal.json,high: static IR/ISA of the hsaco-identical recompile + launch record; source form from git show,static_isa profile MI300X.triton.bitonic_sort.fp32.static_isa; counters in MI300X.triton.bitonic_sort.fp32.rocprof_compute
MI300X.triton.block_sparse_attention.fp16.rocprof_compute,block_sparse_attention_kernel,"TensorDescriptor in source (descriptor args: k_desc,out_desc,q_desc,v_desc); dumped TTIR has 0 descriptor ops and 9 tt.load -> lowered to pointer/buffer loads on gfx942 (no TMA); static loads: global_load_ushort x160, global_load_dword x4 {'scalar(<=32b)': 164}; stores: global_store_short x16, global_store_short_d16_hi x16 {'scalar(<=32b)': 32}; loads with nt modifier: 0/164","MFMA: v_mfma_f32_32x32x8_f16 x96; measured MFMA util (2.1.10 Avg, kernel-name aggregate) 2.5303311650978406 %","LDS-staged (runtime shared 8192 B; static ds_read x359, ds_write x187); scratch 20 B/work-item (register spill to scratch)","TTGIR convert_layout x9, local_alloc x8; ds_bpermute/permute/swizzle x4; DPP VALU x0; threadsPerWarp layouts ['1, 1, 64, 1']",not_observed (no VMEM atomic in static ISA),"grid [160, 16] = 2560 WGs (8.42 per CU of 304); WG 256 threads = 4 waves; VGPR 256 AGPR 256 SGPR 106; LDS 8192 B; scratch 20 B; compiler occupancy 1 waves/SIMD; launches 1",outputs/profiling/MI300X/analysis_2026-10-05/triton_ir/block_sparse_attention__fp16__block_sparse_attention_kernel__P73EISBC; outputs/profiling/MI300X/analysis_2026-10-05/replay_audit/block_sparse_attention__fp16__formal.json,high: static IR/ISA of the hsaco-identical recompile + launch record; source form from git show,static_isa profile MI300X.triton.block_sparse_attention.fp16.static_isa; counters in MI300X.triton.block_sparse_attention.fp16.rocprof_compute
MI300X.triton.cross_entropy.fp16.rocprof_compute,cross_entropy_kernel,"pointer loads (tl.load) in source; static loads: buffer_load_ushort x1, global_load_dword x1, global_load_ushort x1 {'scalar(<=32b)': 3}; stores: global_store_short x1 {'scalar(<=32b)': 1}; loads with nt modifier: 0/3",not_observed (no v_mfma in static ISA),"LDS-staged (runtime shared 32 B; static ds_read x4, ds_write x4); scratch 0 B/work-item","TTGIR convert_layout x0, local_alloc x0; ds_bpermute/permute/swizzle x0; DPP VALU x20; threadsPerWarp layouts ['64']",not_observed (no VMEM atomic in static ISA),grid [10240] = 10240 WGs (33.7 per CU of 304); WG 512 threads = 8 waves; VGPR 8 AGPR 0 SGPR 26; LDS 32 B; scratch 0 B; compiler occupancy 8 waves/SIMD; launches 1,outputs/profiling/MI300X/analysis_2026-10-05/triton_ir/cross_entropy__fp16__cross_entropy_kernel__4LDGN6LX; outputs/profiling/MI300X/analysis_2026-10-05/replay_audit/cross_entropy__fp16__formal.json,high: static IR/ISA of the hsaco-identical recompile + launch record; source form from git show,static_isa profile MI300X.triton.cross_entropy.fp16.static_isa; counters in MI300X.triton.cross_entropy.fp16.rocprof_compute
MI300X.triton.cross_entropy.fp32.rocprof_compute,cross_entropy_kernel,"pointer loads (tl.load) in source; static loads: global_load_dword x2, buffer_load_dwordx2 x1 {'vector(>=64b)': 1, 'scalar(<=32b)': 2}; stores: global_store_dword x1 {'scalar(<=32b)': 1}; loads with nt modifier: 0/3",not_observed (no v_mfma in static ISA),"LDS-staged (runtime shared 16 B; static ds_read x4, ds_write x4); scratch 0 B/work-item","TTGIR convert_layout x0, local_alloc x0; ds_bpermute/permute/swizzle x0; DPP VALU x16; threadsPerWarp layouts ['64']",not_observed (no VMEM atomic in static ISA),grid [10240] = 10240 WGs (33.7 per CU of 304); WG 256 threads = 4 waves; VGPR 10 AGPR 0 SGPR 26; LDS 16 B; scratch 0 B; compiler occupancy 8 waves/SIMD; launches 1,outputs/profiling/MI300X/analysis_2026-10-05/triton_ir/cross_entropy__fp32__cross_entropy_kernel__R5YKU6QR; outputs/profiling/MI300X/analysis_2026-10-05/replay_audit/cross_entropy__fp32__formal.json,high: static IR/ISA of the hsaco-identical recompile + launch record; source form from git show,static_isa profile MI300X.triton.cross_entropy.fp32.static_isa; counters in MI300X.triton.cross_entropy.fp32.rocprof_compute
MI300X.triton.dequantize_rowwise.int8.rocprof_compute,dequantize_rowwise_kernel,pointer loads (tl.load) in source; static loads: buffer_load_dwordx2 x1 {'vector(>=64b)': 1}; stores: buffer_store_dwordx4 x1 {'vector(>=64b)': 1}; loads with nt modifier: 0/1,not_observed (no v_mfma in static ISA),no LDS (registers + global memory); scratch 0 B/work-item,"TTGIR convert_layout x0, local_alloc x0; ds_bpermute/permute/swizzle x0; DPP VALU x0; threadsPerWarp layouts ['64']",not_observed (no VMEM atomic in static ISA),"grid [4096, 8] = 32768 WGs (108 per CU of 304); WG 128 threads = 2 waves; VGPR 12 AGPR 0 SGPR 26; LDS 0 B; scratch 0 B; compiler occupancy 8 waves/SIMD; launches 1",outputs/profiling/MI300X/analysis_2026-10-05/triton_ir/dequantize_rowwise__int8__dequantize_rowwise_kernel__AXHR5MIK; outputs/profiling/MI300X/analysis_2026-10-05/replay_audit/dequantize_rowwise__int8__formal.json,high: static IR/ISA of the hsaco-identical recompile + launch record; source form from git show,static_isa profile MI300X.triton.dequantize_rowwise.int8.static_isa; counters in MI300X.triton.dequantize_rowwise.int8.rocprof_compute
MI300X.triton.destindex.bf16.rocprof_compute,copy_by_dest_kernel#0,"pointer loads (tl.load) in source; static loads: buffer_load_dword x1, buffer_load_dwordx2 x1 {'scalar(<=32b)': 1, 'vector(>=64b)': 1}; stores: buffer_store_short x2 {'scalar(<=32b)': 2}; loads with nt modifier: 0/2",not_observed (no v_mfma in static ISA),no LDS (registers + global memory); scratch 0 B/work-item,"TTGIR convert_layout x0, local_alloc x0; ds_bpermute/permute/swizzle x0; DPP VALU x0; threadsPerWarp layouts ['64']",not_observed (no VMEM atomic in static ISA),grid [122880] = 122880 WGs (404 per CU of 304); WG 256 threads = 4 waves; VGPR 8 AGPR 0 SGPR 26; LDS 0 B; scratch 0 B; compiler occupancy 8 waves/SIMD; launches 1,outputs/profiling/MI300X/analysis_2026-10-05/triton_ir/destindex__bf16__copy_by_dest_kernel__PWSBLHV7; outputs/profiling/MI300X/analysis_2026-10-05/replay_audit/destindex__bf16__formal.json,high: static IR/ISA of the hsaco-identical recompile + launch record; source form from git show,static_isa profile MI300X.triton.destindex.bf16.static_isa; counters in MI300X.triton.destindex.bf16.rocprof_compute
MI300X.triton.destindex.bf16.rocprof_compute,copy_by_dest_kernel#1,"pointer loads (tl.load) in source; static loads: buffer_load_dword x1, buffer_load_dwordx2 x1 {'scalar(<=32b)': 1, 'vector(>=64b)': 1}; stores: buffer_store_short x2 {'scalar(<=32b)': 2}; loads with nt modifier: 0/2",not_observed (no v_mfma in static ISA),no LDS (registers + global memory); scratch 0 B/work-item,"TTGIR convert_layout x0, local_alloc x0; ds_bpermute/permute/swizzle x0; DPP VALU x0; threadsPerWarp layouts ['64']",not_observed (no VMEM atomic in static ISA),grid [5120] = 5120 WGs (16.8 per CU of 304); WG 256 threads = 4 waves; VGPR 8 AGPR 0 SGPR 22; LDS 0 B; scratch 0 B; compiler occupancy 8 waves/SIMD; launches 1,outputs/profiling/MI300X/analysis_2026-10-05/triton_ir/destindex__bf16__copy_by_dest_kernel__HESLSBBF; outputs/profiling/MI300X/analysis_2026-10-05/replay_audit/destindex__bf16__formal.json,high: static IR/ISA of the hsaco-identical recompile + launch record; source form from git show,static_isa profile MI300X.triton.destindex.bf16.static_isa; counters in MI300X.triton.destindex.bf16.rocprof_compute
MI300X.triton.destindex.fp16.rocprof_compute,copy_by_dest_kernel#0,"pointer loads (tl.load) in source; static loads: buffer_load_dword x1, buffer_load_dwordx2 x1 {'scalar(<=32b)': 1, 'vector(>=64b)': 1}; stores: buffer_store_short x2 {'scalar(<=32b)': 2}; loads with nt modifier: 0/2",not_observed (no v_mfma in static ISA),no LDS (registers + global memory); scratch 0 B/work-item,"TTGIR convert_layout x0, local_alloc x0; ds_bpermute/permute/swizzle x0; DPP VALU x0; threadsPerWarp layouts ['64']",not_observed (no VMEM atomic in static ISA),grid [122880] = 122880 WGs (404 per CU of 304); WG 256 threads = 4 waves; VGPR 8 AGPR 0 SGPR 26; LDS 0 B; scratch 0 B; compiler occupancy 8 waves/SIMD; launches 1,outputs/profiling/MI300X/analysis_2026-10-05/triton_ir/destindex__fp16__copy_by_dest_kernel__V3WXDHNX; outputs/profiling/MI300X/analysis_2026-10-05/replay_audit/destindex__fp16__formal.json,high: static IR/ISA of the hsaco-identical recompile + launch record; source form from git show,static_isa profile MI300X.triton.destindex.fp16.static_isa; counters in MI300X.triton.destindex.fp16.rocprof_compute
MI300X.triton.destindex.fp16.rocprof_compute,copy_by_dest_kernel#1,"pointer loads (tl.load) in source; static loads: buffer_load_dword x1, buffer_load_dwordx2 x1 {'scalar(<=32b)': 1, 'vector(>=64b)': 1}; stores: buffer_store_short x2 {'scalar(<=32b)': 2}; loads with nt modifier: 0/2",not_observed (no v_mfma in static ISA),no LDS (registers + global memory); scratch 0 B/work-item,"TTGIR convert_layout x0, local_alloc x0; ds_bpermute/permute/swizzle x0; DPP VALU x0; threadsPerWarp layouts ['64']",not_observed (no VMEM atomic in static ISA),grid [5120] = 5120 WGs (16.8 per CU of 304); WG 256 threads = 4 waves; VGPR 8 AGPR 0 SGPR 22; LDS 0 B; scratch 0 B; compiler occupancy 8 waves/SIMD; launches 1,outputs/profiling/MI300X/analysis_2026-10-05/triton_ir/destindex__fp16__copy_by_dest_kernel__H76U4KIV; outputs/profiling/MI300X/analysis_2026-10-05/replay_audit/destindex__fp16__formal.json,high: static IR/ISA of the hsaco-identical recompile + launch record; source form from git show,static_isa profile MI300X.triton.destindex.fp16.static_isa; counters in MI300X.triton.destindex.fp16.rocprof_compute
MI300X.triton.destindex.fp32.rocprof_compute,copy_by_dest_kernel#0,"pointer loads (tl.load) in source; static loads: buffer_load_dwordx2 x1, buffer_load_dwordx4 x1 {'vector(>=64b)': 2}; stores: buffer_store_dword x4 {'scalar(<=32b)': 4}; loads with nt modifier: 0/2",not_observed (no v_mfma in static ISA),no LDS (registers + global memory); scratch 0 B/work-item,"TTGIR convert_layout x0, local_alloc x0; ds_bpermute/permute/swizzle x0; DPP VALU x0; threadsPerWarp layouts ['64']",not_observed (no VMEM atomic in static ISA),grid [122880] = 122880 WGs (404 per CU of 304); WG 128 threads = 2 waves; VGPR 15 AGPR 0 SGPR 26; LDS 0 B; scratch 0 B; compiler occupancy 8 waves/SIMD; launches 1,outputs/profiling/MI300X/analysis_2026-10-05/triton_ir/destindex__fp32__copy_by_dest_kernel__N7KOV5N4; outputs/profiling/MI300X/analysis_2026-10-05/replay_audit/destindex__fp32__formal.json,high: static IR/ISA of the hsaco-identical recompile + launch record; source form from git show,static_isa profile MI300X.triton.destindex.fp32.static_isa; counters in MI300X.triton.destindex.fp32.rocprof_compute
MI300X.triton.destindex.fp32.rocprof_compute,copy_by_dest_kernel#1,"pointer loads (tl.load) in source; static loads: buffer_load_dwordx2 x1, buffer_load_dwordx4 x1 {'vector(>=64b)': 2}; stores: buffer_store_dword x4 {'scalar(<=32b)': 4}; loads with nt modifier: 0/2",not_observed (no v_mfma in static ISA),no LDS (registers + global memory); scratch 0 B/work-item,"TTGIR convert_layout x0, local_alloc x0; ds_bpermute/permute/swizzle x0; DPP VALU x0; threadsPerWarp layouts ['64']",not_observed (no VMEM atomic in static ISA),grid [5120] = 5120 WGs (16.8 per CU of 304); WG 128 threads = 2 waves; VGPR 14 AGPR 0 SGPR 22; LDS 0 B; scratch 0 B; compiler occupancy 8 waves/SIMD; launches 1,outputs/profiling/MI300X/analysis_2026-10-05/triton_ir/destindex__fp32__copy_by_dest_kernel__KVT5BZPP; outputs/profiling/MI300X/analysis_2026-10-05/replay_audit/destindex__fp32__formal.json,high: static IR/ISA of the hsaco-identical recompile + launch record; source form from git show,static_isa profile MI300X.triton.destindex.fp32.static_isa; counters in MI300X.triton.destindex.fp32.rocprof_compute
MI300X.triton.destindex.int8.rocprof_compute,copy_by_dest_kernel#0,"pointer loads (tl.load) in source; static loads: buffer_load_dword x1, buffer_load_dwordx2 x1 {'scalar(<=32b)': 1, 'vector(>=64b)': 1}; stores: buffer_store_byte x4 {'scalar(<=32b)': 4}; loads with nt modifier: 0/2",not_observed (no v_mfma in static ISA),no LDS (registers + global memory); scratch 0 B/work-item,"TTGIR convert_layout x0, local_alloc x0; ds_bpermute/permute/swizzle x0; DPP VALU x0; threadsPerWarp layouts ['64']",not_observed (no VMEM atomic in static ISA),grid [61440] = 61440 WGs (202 per CU of 304); WG 256 threads = 4 waves; VGPR 12 AGPR 0 SGPR 26; LDS 0 B; scratch 0 B; compiler occupancy 8 waves/SIMD; launches 1,outputs/profiling/MI300X/analysis_2026-10-05/triton_ir/destindex__int8__copy_by_dest_kernel__QDUKNZ3P; outputs/profiling/MI300X/analysis_2026-10-05/replay_audit/destindex__int8__formal.json,high: static IR/ISA of the hsaco-identical recompile + launch record; source form from git show,static_isa profile MI300X.triton.destindex.int8.static_isa; counters in MI300X.triton.destindex.int8.rocprof_compute
MI300X.triton.destindex.int8.rocprof_compute,copy_by_dest_kernel#1,"pointer loads (tl.load) in source; static loads: buffer_load_dword x1, buffer_load_dwordx2 x1 {'scalar(<=32b)': 1, 'vector(>=64b)': 1}; stores: buffer_store_byte x4 {'scalar(<=32b)': 4}; loads with nt modifier: 0/2",not_observed (no v_mfma in static ISA),no LDS (registers + global memory); scratch 0 B/work-item,"TTGIR convert_layout x0, local_alloc x0; ds_bpermute/permute/swizzle x0; DPP VALU x0; threadsPerWarp layouts ['64']",not_observed (no VMEM atomic in static ISA),grid [2560] = 2560 WGs (8.42 per CU of 304); WG 256 threads = 4 waves; VGPR 11 AGPR 0 SGPR 22; LDS 0 B; scratch 0 B; compiler occupancy 8 waves/SIMD; launches 1,outputs/profiling/MI300X/analysis_2026-10-05/triton_ir/destindex__int8__copy_by_dest_kernel__N6DT7KQ5; outputs/profiling/MI300X/analysis_2026-10-05/replay_audit/destindex__int8__formal.json,high: static IR/ISA of the hsaco-identical recompile + launch record; source form from git show,static_isa profile MI300X.triton.destindex.int8.static_isa; counters in MI300X.triton.destindex.int8.rocprof_compute
MI300X.triton.dropout.bf16.rocprof_compute,dropout_kernel,pointer loads (tl.load) in source; static loads: buffer_load_dword x2 {'scalar(<=32b)': 2}; stores: buffer_store_dword x1 {'scalar(<=32b)': 1}; loads with nt modifier: 0/2,not_observed (no v_mfma in static ISA),no LDS (registers + global memory); scratch 0 B/work-item,"TTGIR convert_layout x0, local_alloc x0; ds_bpermute/permute/swizzle x0; DPP VALU x0; threadsPerWarp layouts ['64']",not_observed (no VMEM atomic in static ISA),grid [40960] = 40960 WGs (135 per CU of 304); WG 256 threads = 4 waves; VGPR 18 AGPR 0 SGPR 22; LDS 0 B; scratch 0 B; compiler occupancy 8 waves/SIMD; launches 1,outputs/profiling/MI300X/analysis_2026-10-05/triton_ir/dropout__bf16__dropout_kernel__TZXOH2SS; outputs/profiling/MI300X/analysis_2026-10-05/replay_audit/dropout__bf16__formal.json,high: static IR/ISA of the hsaco-identical recompile + launch record; source form from git show,static_isa profile MI300X.triton.dropout.bf16.static_isa; counters in MI300X.triton.dropout.bf16.rocprof_compute
MI300X.triton.dropout.fp16.rocprof_compute,dropout_kernel,pointer loads (tl.load) in source; static loads: buffer_load_dword x2 {'scalar(<=32b)': 2}; stores: buffer_store_dword x1 {'scalar(<=32b)': 1}; loads with nt modifier: 0/2,not_observed (no v_mfma in static ISA),no LDS (registers + global memory); scratch 0 B/work-item,"TTGIR convert_layout x0, local_alloc x0; ds_bpermute/permute/swizzle x0; DPP VALU x0; threadsPerWarp layouts ['64']",not_observed (no VMEM atomic in static ISA),grid [20480] = 20480 WGs (67.4 per CU of 304); WG 512 threads = 8 waves; VGPR 16 AGPR 0 SGPR 22; LDS 0 B; scratch 0 B; compiler occupancy 8 waves/SIMD; launches 1,outputs/profiling/MI300X/analysis_2026-10-05/triton_ir/dropout__fp16__dropout_kernel__2KTQ4ITZ; outputs/profiling/MI300X/analysis_2026-10-05/replay_audit/dropout__fp16__formal.json,high: static IR/ISA of the hsaco-identical recompile + launch record; source form from git show,static_isa profile MI300X.triton.dropout.fp16.static_isa; counters in MI300X.triton.dropout.fp16.rocprof_compute
MI300X.triton.dropout.fp32.rocprof_compute,dropout_kernel,pointer loads (tl.load) in source; static loads: buffer_load_dword x2 {'scalar(<=32b)': 2}; stores: buffer_store_dword x1 {'scalar(<=32b)': 1}; loads with nt modifier: 0/2,not_observed (no v_mfma in static ISA),no LDS (registers + global memory); scratch 0 B/work-item,"TTGIR convert_layout x0, local_alloc x0; ds_bpermute/permute/swizzle x0; DPP VALU x0; threadsPerWarp layouts ['64']",not_observed (no VMEM atomic in static ISA),grid [40960] = 40960 WGs (135 per CU of 304); WG 512 threads = 8 waves; VGPR 9 AGPR 0 SGPR 22; LDS 0 B; scratch 0 B; compiler occupancy 8 waves/SIMD; launches 1,outputs/profiling/MI300X/analysis_2026-10-05/triton_ir/dropout__fp32__dropout_kernel__RRGPBJCX; outputs/profiling/MI300X/analysis_2026-10-05/replay_audit/dropout__fp32__formal.json,high: static IR/ISA of the hsaco-identical recompile + launch record; source form from git show,static_isa profile MI300X.triton.dropout.fp32.static_isa; counters in MI300X.triton.dropout.fp32.rocprof_compute
MI300X.triton.flash_attention.fp16.rocprof_compute,fwd_kernel,"TensorDescriptor in source (descriptor args: desc_k,desc_o,desc_q,desc_v); dumped TTIR has 0 descriptor ops and 3 tt.load -> lowered to pointer/buffer loads on gfx942 (no TMA); static loads: global_load_ushort x128 {'scalar(<=32b)': 128}; stores: global_store_short x32, global_store_short_d16_hi x32 {'scalar(<=32b)': 64}; loads with nt modifier: 0/128","MFMA: v_mfma_f32_32x32x8_f16 x64; measured MFMA util (2.1.10 Avg, kernel-name aggregate) 7.538524981527188 %","LDS-staged (runtime shared 32768 B; static ds_read x104, ds_write x84); scratch 268 B/work-item (register spill to scratch)","TTGIR convert_layout x4, local_alloc x1; ds_bpermute/permute/swizzle x2; DPP VALU x0; threadsPerWarp layouts ['1, 1, 64, 1']",not_observed (no VMEM atomic in static ISA),"grid [160, 128, 1] = 20480 WGs (67.4 per CU of 304); WG 256 threads = 4 waves; VGPR 256 AGPR 256 SGPR 106; LDS 32768 B; scratch 268 B; compiler occupancy 1 waves/SIMD; launches 1",outputs/profiling/MI300X/analysis_2026-10-05/triton_ir/flash_attention__fp16__fwd_kernel__LB35O3GX; outputs/profiling/MI300X/analysis_2026-10-05/replay_audit/flash_attention__fp16__formal.json,high: static IR/ISA of the hsaco-identical recompile + launch record; source form from git show,static_isa profile MI300X.triton.flash_attention.fp16.static_isa; counters in MI300X.triton.flash_attention.fp16.rocprof_compute
MI300X.triton.flash_decode.fp32.rocprof_compute,fwd_kernel_flash_decode_stage2,pointer loads (tl.load) in source; static loads: buffer_load_dword x1 {'scalar(<=32b)': 1}; stores: buffer_store_dword x1 {'scalar(<=32b)': 1}; loads with nt modifier: 0/1,not_observed (no v_mfma in static ISA),no LDS (registers + global memory); scratch 0 B/work-item,"TTGIR convert_layout x0, local_alloc x0; ds_bpermute/permute/swizzle x0; DPP VALU x0; threadsPerWarp layouts ['64']",not_observed (no VMEM atomic in static ISA),"grid [2, 8] = 16 WGs (0.0526 per CU of 304); WG 128 threads = 2 waves; VGPR 12 AGPR 0 SGPR 32; LDS 0 B; scratch 0 B; compiler occupancy 8 waves/SIMD; launches 1",outputs/profiling/MI300X/analysis_2026-10-05/triton_ir/flash_decode__fp32__fwd_kernel_flash_decode_stage2__HLQG67RZ; outputs/profiling/MI300X/analysis_2026-10-05/replay_audit/flash_decode__fp32__formal.json,high: static IR/ISA of the hsaco-identical recompile + launch record; source form from git show,static_isa profile MI300X.triton.flash_decode.fp32.static_isa; counters in MI300X.triton.flash_decode.fp32.rocprof_compute
MI300X.triton.fused_activation.fp32.rocprof_compute,fused_activation_kernel,pointer loads (tl.load) in source; static loads: buffer_load_dwordx2 x3 {'vector(>=64b)': 3}; stores: buffer_store_dwordx2 x1 {'vector(>=64b)': 1}; loads with nt modifier: 0/3,not_observed (no v_mfma in static ISA),no LDS (registers + global memory); scratch 0 B/work-item,"TTGIR convert_layout x0, local_alloc x0; ds_bpermute/permute/swizzle x0; DPP VALU x0; threadsPerWarp layouts ['64']",not_observed (no VMEM atomic in static ISA),grid [40960] = 40960 WGs (135 per CU of 304); WG 256 threads = 4 waves; VGPR 15 AGPR 0 SGPR 23; LDS 0 B; scratch 0 B; compiler occupancy 8 waves/SIMD; launches 1,outputs/profiling/MI300X/analysis_2026-10-05/triton_ir/fused_activation__fp32__fused_activation_kernel__RPRJVNNQ; outputs/profiling/MI300X/analysis_2026-10-05/replay_audit/fused_activation__fp32__formal.json,high: static IR/ISA of the hsaco-identical recompile + launch record; source form from git show,static_isa profile MI300X.triton.fused_activation.fp32.static_isa; counters in MI300X.triton.fused_activation.fp32.rocprof_compute
MI300X.triton.gaussian_blur.fp16.rocprof_compute,gaussian_blur_kernel,"pointer loads (tl.load) in source; static loads: buffer_load_ushort x49, global_load_dwordx4 x6, global_load_ushort x1 {'scalar(<=32b)': 50, 'vector(>=64b)': 6}; stores: buffer_store_short x1 {'scalar(<=32b)': 1}; loads with nt modifier: 0/56",not_observed (no v_mfma in static ISA),no LDS (registers + global memory); scratch 0 B/work-item,"TTGIR convert_layout x0, local_alloc x0; ds_bpermute/permute/swizzle x0; DPP VALU x0; threadsPerWarp layouts ['1, 64']",not_observed (no VMEM atomic in static ISA),"grid [1280, 160] = 204800 WGs (674 per CU of 304); WG 512 threads = 8 waves; VGPR 52 AGPR 0 SGPR 50; LDS 0 B; scratch 0 B; compiler occupancy 8 waves/SIMD; launches 1",outputs/profiling/MI300X/analysis_2026-10-05/triton_ir/gaussian_blur__fp16__gaussian_blur_kernel__OU3Y7BSG; outputs/profiling/MI300X/analysis_2026-10-05/replay_audit/gaussian_blur__fp16__formal.json,high: static IR/ISA of the hsaco-identical recompile + launch record; source form from git show,static_isa profile MI300X.triton.gaussian_blur.fp16.static_isa; counters in MI300X.triton.gaussian_blur.fp16.rocprof_compute
MI300X.triton.gaussian_blur.fp32.rocprof_compute,gaussian_blur_kernel,pointer loads (tl.load) in source; static loads: buffer_load_dword x49 {'scalar(<=32b)': 49}; stores: buffer_store_dword x1 {'scalar(<=32b)': 1}; loads with nt modifier: 0/49,not_observed (no v_mfma in static ISA),no LDS (registers + global memory); scratch 0 B/work-item,"TTGIR convert_layout x0, local_alloc x0; ds_bpermute/permute/swizzle x0; DPP VALU x0; threadsPerWarp layouts ['1, 64']",not_observed (no VMEM atomic in static ISA),"grid [2560, 80] = 204800 WGs (674 per CU of 304); WG 512 threads = 8 waves; VGPR 59 AGPR 0 SGPR 66; LDS 0 B; scratch 0 B; compiler occupancy 8 waves/SIMD; launches 1",outputs/profiling/MI300X/analysis_2026-10-05/triton_ir/gaussian_blur__fp32__gaussian_blur_kernel__7W4UMWDL; outputs/profiling/MI300X/analysis_2026-10-05/replay_audit/gaussian_blur__fp32__formal.json,high: static IR/ISA of the hsaco-identical recompile + launch record; source form from git show,static_isa profile MI300X.triton.gaussian_blur.fp32.static_isa; counters in MI300X.triton.gaussian_blur.fp32.rocprof_compute
MI300X.triton.histogramming.int32.rocprof_compute,histogram_partial_kernel,pointer loads (tl.load) in source; static loads: buffer_load_dwordx4 x2 {'vector(>=64b)': 2}; stores: none {}; loads with nt modifier: 0/2,not_observed (no v_mfma in static ISA),"LDS-staged (runtime shared 8192 B; static ds_read x3, ds_write x6); scratch 0 B/work-item","TTGIR convert_layout x2, local_alloc x0; ds_bpermute/permute/swizzle x0; DPP VALU x0; threadsPerWarp layouts ['64']","static atomics: buffer_atomic_add x8 (scope modifiers as emitted); kernel-name aggregate counters: vL1D atomic req (16.3.3) 67108900.0, L2 atomic req (17.3.4) 4194370.0, L2-Fabric atomic req (17.6.11) 4194400.0, L2 atomic latency cycles (17.2.11) 366.86534426854854, memory chart Fabric_L2 Atomic (3.1.46) 4194400.0",grid [256] = 256 WGs (0.842 per CU of 304); WG 256 threads = 4 waves; VGPR 26 AGPR 0 SGPR 55; LDS 8192 B; scratch 0 B; compiler occupancy 8 waves/SIMD; launches 1,outputs/profiling/MI300X/analysis_2026-10-05/triton_ir/histogramming__int32__histogram_partial_kernel__MLDRFMMZ; outputs/profiling/MI300X/analysis_2026-10-05/replay_audit/histogramming__int32__formal.json,high: static IR/ISA of the hsaco-identical recompile + launch record; source form from git show,static_isa profile MI300X.triton.histogramming.int32.static_isa; counters in MI300X.triton.histogramming.int32.rocprof_compute
MI300X.triton.histogramming.int32.rocprof_compute,histogram_reduce_kernel,pointer loads (tl.load) in source; static loads: buffer_load_dwordx4 x8 {'vector(>=64b)': 8}; stores: buffer_store_dword x1 {'scalar(<=32b)': 1}; loads with nt modifier: 0/8,not_observed (no v_mfma in static ISA),"LDS-staged (runtime shared 1024 B; static ds_read x4, ds_write x4); scratch 0 B/work-item","TTGIR convert_layout x1, local_alloc x0; ds_bpermute/permute/swizzle x8; DPP VALU x2; threadsPerWarp layouts ['4, 16', '64']",not_observed (no VMEM atomic in static ISA),grid [64] = 64 WGs (0.211 per CU of 304); WG 256 threads = 4 waves; VGPR 56 AGPR 0 SGPR 37; LDS 1024 B; scratch 0 B; compiler occupancy 8 waves/SIMD; launches 1,outputs/profiling/MI300X/analysis_2026-10-05/triton_ir/histogramming__int32__histogram_reduce_kernel__VUENNUEH; outputs/profiling/MI300X/analysis_2026-10-05/replay_audit/histogramming__int32__formal.json,high: static IR/ISA of the hsaco-identical recompile + launch record; source form from git show,static_isa profile MI300X.triton.histogramming.int32.static_isa; counters in MI300X.triton.histogramming.int32.rocprof_compute
MI300X.triton.interleave.bf16.rocprof_compute,interleave_kernel,pointer loads (tl.load) in source; static loads: buffer_load_dwordx4 x2 {'vector(>=64b)': 2}; stores: buffer_store_dwordx4 x2 {'vector(>=64b)': 2}; loads with nt modifier: 0/2,not_observed (no v_mfma in static ISA),"LDS-staged (runtime shared 16384 B; static ds_read x2, ds_write x2); scratch 0 B/work-item","TTGIR convert_layout x1, local_alloc x0; ds_bpermute/permute/swizzle x0; DPP VALU x0; threadsPerWarp layouts ['64', '64, 1']",not_observed (no VMEM atomic in static ISA),grid [4883] = 4883 WGs (16.1 per CU of 304); WG 512 threads = 8 waves; VGPR 19 AGPR 0 SGPR 26; LDS 16384 B; scratch 0 B; compiler occupancy 8 waves/SIMD; launches 1,outputs/profiling/MI300X/analysis_2026-10-05/triton_ir/interleave__bf16__interleave_kernel__EZ5SQKXF; outputs/profiling/MI300X/analysis_2026-10-05/replay_audit/interleave__bf16__formal.json,high: static IR/ISA of the hsaco-identical recompile + launch record; source form from git show,static_isa profile MI300X.triton.interleave.bf16.static_isa; counters in MI300X.triton.interleave.bf16.rocprof_compute
MI300X.triton.interleave.fp16.rocprof_compute,interleave_kernel,pointer loads (tl.load) in source; static loads: buffer_load_dwordx4 x4 {'vector(>=64b)': 4}; stores: buffer_store_dwordx4 x4 {'vector(>=64b)': 4}; loads with nt modifier: 0/4,not_observed (no v_mfma in static ISA),"LDS-staged (runtime shared 16384 B; static ds_read x4, ds_write x4); scratch 0 B/work-item","TTGIR convert_layout x1, local_alloc x0; ds_bpermute/permute/swizzle x0; DPP VALU x0; threadsPerWarp layouts ['64', '64, 1']",not_observed (no VMEM atomic in static ISA),grid [2442] = 2442 WGs (8.03 per CU of 304); WG 512 threads = 8 waves; VGPR 29 AGPR 0 SGPR 26; LDS 16384 B; scratch 0 B; compiler occupancy 8 waves/SIMD; launches 1,outputs/profiling/MI300X/analysis_2026-10-05/triton_ir/interleave__fp16__interleave_kernel__WBVG3V5M; outputs/profiling/MI300X/analysis_2026-10-05/replay_audit/interleave__fp16__formal.json,high: static IR/ISA of the hsaco-identical recompile + launch record; source form from git show,static_isa profile MI300X.triton.interleave.fp16.static_isa; counters in MI300X.triton.interleave.fp16.rocprof_compute
MI300X.triton.interleave.fp32.rocprof_compute,interleave_kernel,pointer loads (tl.load) in source; static loads: buffer_load_dwordx2 x2 {'vector(>=64b)': 2}; stores: buffer_store_dwordx4 x1 {'vector(>=64b)': 1}; loads with nt modifier: 0/2,not_observed (no v_mfma in static ISA),no LDS (registers + global memory); scratch 0 B/work-item,"TTGIR convert_layout x0, local_alloc x0; ds_bpermute/permute/swizzle x0; DPP VALU x0; threadsPerWarp layouts ['64', '64, 1']",not_observed (no VMEM atomic in static ISA),grid [19532] = 19532 WGs (64.2 per CU of 304); WG 512 threads = 8 waves; VGPR 9 AGPR 0 SGPR 22; LDS 0 B; scratch 0 B; compiler occupancy 8 waves/SIMD; launches 1,outputs/profiling/MI300X/analysis_2026-10-05/triton_ir/interleave__fp32__interleave_kernel__H6EOFVIF; outputs/profiling/MI300X/analysis_2026-10-05/replay_audit/interleave__fp32__formal.json,high: static IR/ISA of the hsaco-identical recompile + launch record; source form from git show,static_isa profile MI300X.triton.interleave.fp32.static_isa; counters in MI300X.triton.interleave.fp32.rocprof_compute
MI300X.triton.interleave.int8.rocprof_compute,interleave_kernel,pointer loads (tl.load) in source; static loads: buffer_load_dwordx4 x4 {'vector(>=64b)': 4}; stores: buffer_store_dwordx4 x4 {'vector(>=64b)': 4}; loads with nt modifier: 0/4,not_observed (no v_mfma in static ISA),"LDS-staged (runtime shared 8192 B; static ds_read x4, ds_write x4); scratch 0 B/work-item","TTGIR convert_layout x1, local_alloc x0; ds_bpermute/permute/swizzle x0; DPP VALU x0; threadsPerWarp layouts ['64', '64, 1']",not_observed (no VMEM atomic in static ISA),grid [2442] = 2442 WGs (8.03 per CU of 304); WG 256 threads = 4 waves; VGPR 29 AGPR 0 SGPR 26; LDS 8192 B; scratch 0 B; compiler occupancy 8 waves/SIMD; launches 1,outputs/profiling/MI300X/analysis_2026-10-05/triton_ir/interleave__int8__interleave_kernel__MIDWBUF2; outputs/profiling/MI300X/analysis_2026-10-05/replay_audit/interleave__int8__formal.json,high: static IR/ISA of the hsaco-identical recompile + launch record; source form from git show,static_isa profile MI300X.triton.interleave.int8.static_isa; counters in MI300X.triton.interleave.int8.rocprof_compute
MI300X.triton.jacobi_stencil_2d.bf16.rocprof_compute,jacobi_stencil_kernel,pointer loads (tl.load) in source; static loads: buffer_load_ushort x5 {'scalar(<=32b)': 5}; stores: buffer_store_short x1 {'scalar(<=32b)': 1}; loads with nt modifier: 0/5,not_observed (no v_mfma in static ISA),no LDS (registers + global memory); scratch 0 B/work-item,"TTGIR convert_layout x0, local_alloc x0; ds_bpermute/permute/swizzle x0; DPP VALU x0; threadsPerWarp layouts ['1, 64']",not_observed (no VMEM atomic in static ISA),"grid [10240, 20] = 204800 WGs (674 per CU of 304); WG 512 threads = 8 waves; VGPR 11 AGPR 0 SGPR 26; LDS 0 B; scratch 0 B; compiler occupancy 8 waves/SIMD; launches 1",outputs/profiling/MI300X/analysis_2026-10-05/triton_ir/jacobi_stencil_2d__bf16__jacobi_stencil_kernel__C3GUGZ6P; outputs/profiling/MI300X/analysis_2026-10-05/replay_audit/jacobi_stencil_2d__bf16__formal.json,high: static IR/ISA of the hsaco-identical recompile + launch record; source form from git show,static_isa profile MI300X.triton.jacobi_stencil_2d.bf16.static_isa; counters in MI300X.triton.jacobi_stencil_2d.bf16.rocprof_compute
MI300X.triton.jacobi_stencil_2d.fp16.rocprof_compute,jacobi_stencil_kernel,pointer loads (tl.load) in source; static loads: buffer_load_ushort x5 {'scalar(<=32b)': 5}; stores: buffer_store_short x1 {'scalar(<=32b)': 1}; loads with nt modifier: 0/5,not_observed (no v_mfma in static ISA),no LDS (registers + global memory); scratch 0 B/work-item,"TTGIR convert_layout x0, local_alloc x0; ds_bpermute/permute/swizzle x0; DPP VALU x0; threadsPerWarp layouts ['1, 64']",not_observed (no VMEM atomic in static ISA),"grid [10240, 20] = 204800 WGs (674 per CU of 304); WG 512 threads = 8 waves; VGPR 11 AGPR 0 SGPR 26; LDS 0 B; scratch 0 B; compiler occupancy 8 waves/SIMD; launches 1",outputs/profiling/MI300X/analysis_2026-10-05/triton_ir/jacobi_stencil_2d__fp16__jacobi_stencil_kernel__4SPQ23NR; outputs/profiling/MI300X/analysis_2026-10-05/replay_audit/jacobi_stencil_2d__fp16__formal.json,high: static IR/ISA of the hsaco-identical recompile + launch record; source form from git show,static_isa profile MI300X.triton.jacobi_stencil_2d.fp16.static_isa; counters in MI300X.triton.jacobi_stencil_2d.fp16.rocprof_compute
MI300X.triton.jacobi_stencil_2d.fp32.rocprof_compute,jacobi_stencil_kernel,pointer loads (tl.load) in source; static loads: buffer_load_dword x5 {'scalar(<=32b)': 5}; stores: buffer_store_dword x1 {'scalar(<=32b)': 1}; loads with nt modifier: 0/5,not_observed (no v_mfma in static ISA),no LDS (registers + global memory); scratch 0 B/work-item,"TTGIR convert_layout x0, local_alloc x0; ds_bpermute/permute/swizzle x0; DPP VALU x0; threadsPerWarp layouts ['1, 64']",not_observed (no VMEM atomic in static ISA),"grid [5120, 40] = 204800 WGs (674 per CU of 304); WG 512 threads = 8 waves; VGPR 12 AGPR 0 SGPR 22; LDS 0 B; scratch 0 B; compiler occupancy 8 waves/SIMD; launches 1",outputs/profiling/MI300X/analysis_2026-10-05/triton_ir/jacobi_stencil_2d__fp32__jacobi_stencil_kernel__B6R7NNFK; outputs/profiling/MI300X/analysis_2026-10-05/replay_audit/jacobi_stencil_2d__fp32__formal.json,high: static IR/ISA of the hsaco-identical recompile + launch record; source form from git show,static_isa profile MI300X.triton.jacobi_stencil_2d.fp32.static_isa; counters in MI300X.triton.jacobi_stencil_2d.fp32.rocprof_compute
MI300X.triton.kl_divergence.fp32.rocprof_compute,kl_divergence_kernel,pointer loads (tl.load) in source; static loads: buffer_load_dwordx4 x2 {'vector(>=64b)': 2}; stores: global_store_dword x1 {'scalar(<=32b)': 1}; loads with nt modifier: 0/2,not_observed (no v_mfma in static ISA),"LDS-staged (runtime shared 16 B; static ds_read x2, ds_write x2); scratch 0 B/work-item","TTGIR convert_layout x0, local_alloc x0; ds_bpermute/permute/swizzle x0; DPP VALU x8; threadsPerWarp layouts ['64']",not_observed (no VMEM atomic in static ISA),grid [4096] = 4096 WGs (13.5 per CU of 304); WG 256 threads = 4 waves; VGPR 30 AGPR 0 SGPR 34; LDS 16 B; scratch 0 B; compiler occupancy 8 waves/SIMD; launches 1,outputs/profiling/MI300X/analysis_2026-10-05/triton_ir/kl_divergence__fp32__kl_divergence_kernel__JN263KYI; outputs/profiling/MI300X/analysis_2026-10-05/replay_audit/kl_divergence__fp32__formal.json,high: static IR/ISA of the hsaco-identical recompile + launch record; source form from git show,static_isa profile MI300X.triton.kl_divergence.fp32.static_isa; counters in MI300X.triton.kl_divergence.fp32.rocprof_compute
MI300X.triton.l2_norm.bf16.rocprof_compute,_l2_norm_fwd_kernel,pointer loads (tl.load) in source; static loads: buffer_load_dwordx2 x10 {'vector(>=64b)': 10}; stores: buffer_store_dwordx2 x5 {'vector(>=64b)': 5}; loads with nt modifier: 0/10,not_observed (no v_mfma in static ISA),"LDS-staged (runtime shared 32 B; static ds_read x2, ds_write x2); scratch 0 B/work-item","TTGIR convert_layout x0, local_alloc x0; ds_bpermute/permute/swizzle x0; DPP VALU x10; threadsPerWarp layouts ['64']",not_observed (no VMEM atomic in static ISA),grid [2048] = 2048 WGs (6.74 per CU of 304); WG 512 threads = 8 waves; VGPR 27 AGPR 0 SGPR 20; LDS 32 B; scratch 0 B; compiler occupancy 8 waves/SIMD; launches 1,outputs/profiling/MI300X/analysis_2026-10-05/triton_ir/l2_norm__bf16___l2_norm_fwd_kernel__4FZK5ILL; outputs/profiling/MI300X/analysis_2026-10-05/replay_audit/l2_norm__bf16__formal.json,high: static IR/ISA of the hsaco-identical recompile + launch record; source form from git show,static_isa profile MI300X.triton.l2_norm.bf16.static_isa; counters in MI300X.triton.l2_norm.bf16.rocprof_compute
MI300X.triton.l2_norm.fp16.rocprof_compute,_l2_norm_fwd_kernel,pointer loads (tl.load) in source; static loads: buffer_load_dword x20 {'scalar(<=32b)': 20}; stores: buffer_store_dword x10 {'scalar(<=32b)': 10}; loads with nt modifier: 0/20,not_observed (no v_mfma in static ISA),"LDS-staged (runtime shared 32 B; static ds_read x2, ds_write x2); scratch 0 B/work-item","TTGIR convert_layout x0, local_alloc x0; ds_bpermute/permute/swizzle x0; DPP VALU x10; threadsPerWarp layouts ['64']",not_observed (no VMEM atomic in static ISA),grid [2048] = 2048 WGs (6.74 per CU of 304); WG 512 threads = 8 waves; VGPR 18 AGPR 0 SGPR 19; LDS 32 B; scratch 0 B; compiler occupancy 8 waves/SIMD; launches 1,outputs/profiling/MI300X/analysis_2026-10-05/triton_ir/l2_norm__fp16___l2_norm_fwd_kernel__DQKNDPDV; outputs/profiling/MI300X/analysis_2026-10-05/replay_audit/l2_norm__fp16__formal.json,high: static IR/ISA of the hsaco-identical recompile + launch record; source form from git show,static_isa profile MI300X.triton.l2_norm.fp16.static_isa; counters in MI300X.triton.l2_norm.fp16.rocprof_compute
MI300X.triton.l2_norm.fp32.rocprof_compute,_l2_norm_fwd_kernel,pointer loads (tl.load) in source; static loads: buffer_load_dwordx2 x40 {'vector(>=64b)': 40}; stores: buffer_store_dwordx2 x20 {'vector(>=64b)': 20}; loads with nt modifier: 0/40,not_observed (no v_mfma in static ISA),"LDS-staged (runtime shared 16 B; static ds_read x2, ds_write x2); scratch 0 B/work-item","TTGIR convert_layout x0, local_alloc x0; ds_bpermute/permute/swizzle x0; DPP VALU x8; threadsPerWarp layouts ['64']",not_observed (no VMEM atomic in static ISA),grid [2048] = 2048 WGs (6.74 per CU of 304); WG 256 threads = 4 waves; VGPR 52 AGPR 0 SGPR 19; LDS 16 B; scratch 0 B; compiler occupancy 8 waves/SIMD; launches 1,outputs/profiling/MI300X/analysis_2026-10-05/triton_ir/l2_norm__fp32___l2_norm_fwd_kernel__JWBSGD7I; outputs/profiling/MI300X/analysis_2026-10-05/replay_audit/l2_norm__fp32__formal.json,high: static IR/ISA of the hsaco-identical recompile + launch record; source form from git show,static_isa profile MI300X.triton.l2_norm.fp32.static_isa; counters in MI300X.triton.l2_norm.fp32.rocprof_compute
MI300X.triton.layernorm.bf16.rocprof_compute,layernorm_kernel,pointer loads (tl.load) in source; static loads: buffer_load_dwordx4 x4 {'vector(>=64b)': 4}; stores: buffer_store_dwordx4 x1 {'vector(>=64b)': 1}; loads with nt modifier: 0/4,not_observed (no v_mfma in static ISA),"LDS-staged (runtime shared 8 B; static ds_read x4, ds_write x4); scratch 0 B/work-item","TTGIR convert_layout x0, local_alloc x0; ds_bpermute/permute/swizzle x0; DPP VALU x14; threadsPerWarp layouts ['64']",not_observed (no VMEM atomic in static ISA),grid [2048] = 2048 WGs (6.74 per CU of 304); WG 128 threads = 2 waves; VGPR 34 AGPR 0 SGPR 42; LDS 8 B; scratch 0 B; compiler occupancy 8 waves/SIMD; launches 1,outputs/profiling/MI300X/analysis_2026-10-05/triton_ir/layernorm__bf16__layernorm_kernel__3HRRTZVB; outputs/profiling/MI300X/analysis_2026-10-05/replay_audit/layernorm__bf16__formal.json,high: static IR/ISA of the hsaco-identical recompile + launch record; source form from git show,static_isa profile MI300X.triton.layernorm.bf16.static_isa; counters in MI300X.triton.layernorm.bf16.rocprof_compute
MI300X.triton.layernorm.fp16.rocprof_compute,layernorm_kernel,pointer loads (tl.load) in source; static loads: buffer_load_dwordx4 x4 {'vector(>=64b)': 4}; stores: buffer_store_dwordx4 x1 {'vector(>=64b)': 1}; loads with nt modifier: 0/4,not_observed (no v_mfma in static ISA),"LDS-staged (runtime shared 8 B; static ds_read x4, ds_write x4); scratch 0 B/work-item","TTGIR convert_layout x0, local_alloc x0; ds_bpermute/permute/swizzle x0; DPP VALU x14; threadsPerWarp layouts ['64']",not_observed (no VMEM atomic in static ISA),grid [2048] = 2048 WGs (6.74 per CU of 304); WG 128 threads = 2 waves; VGPR 33 AGPR 0 SGPR 34; LDS 8 B; scratch 0 B; compiler occupancy 8 waves/SIMD; launches 1,outputs/profiling/MI300X/analysis_2026-10-05/triton_ir/layernorm__fp16__layernorm_kernel__2XRCWY4O; outputs/profiling/MI300X/analysis_2026-10-05/replay_audit/layernorm__fp16__formal.json,high: static IR/ISA of the hsaco-identical recompile + launch record; source form from git show,static_isa profile MI300X.triton.layernorm.fp16.static_isa; counters in MI300X.triton.layernorm.fp16.rocprof_compute
MI300X.triton.layernorm.fp32.rocprof_compute,layernorm_kernel,pointer loads (tl.load) in source; static loads: buffer_load_dwordx4 x16 {'vector(>=64b)': 16}; stores: buffer_store_dwordx4 x4 {'vector(>=64b)': 4}; loads with nt modifier: 0/16,not_observed (no v_mfma in static ISA),"LDS-staged (runtime shared 8 B; static ds_read x4, ds_write x4); scratch 0 B/work-item","TTGIR convert_layout x0, local_alloc x0; ds_bpermute/permute/swizzle x0; DPP VALU x14; threadsPerWarp layouts ['64']",not_observed (no VMEM atomic in static ISA),grid [2048] = 2048 WGs (6.74 per CU of 304); WG 128 threads = 2 waves; VGPR 68 AGPR 0 SGPR 34; LDS 8 B; scratch 0 B; compiler occupancy 7 waves/SIMD; launches 1,outputs/profiling/MI300X/analysis_2026-10-05/triton_ir/layernorm__fp32__layernorm_kernel__BJZRG5C7; outputs/profiling/MI300X/analysis_2026-10-05/replay_audit/layernorm__fp32__formal.json,high: static IR/ISA of the hsaco-identical recompile + launch record; source form from git show,static_isa profile MI300X.triton.layernorm.fp32.static_isa; counters in MI300X.triton.layernorm.fp32.rocprof_compute
MI300X.triton.leaky_relu.bf16.rocprof_compute,leaky_relu_kernel,pointer loads (tl.load) in source; static loads: buffer_load_dwordx2 x1 {'vector(>=64b)': 1}; stores: buffer_store_dwordx2 x1 {'vector(>=64b)': 1}; loads with nt modifier: 0/1,not_observed (no v_mfma in static ISA),no LDS (registers + global memory); scratch 0 B/work-item,"TTGIR convert_layout x0, local_alloc x0; ds_bpermute/permute/swizzle x0; DPP VALU x0; threadsPerWarp layouts ['64']",not_observed (no VMEM atomic in static ISA),grid [48829] = 48829 WGs (161 per CU of 304); WG 256 threads = 4 waves; VGPR 14 AGPR 0 SGPR 22; LDS 0 B; scratch 0 B; compiler occupancy 8 waves/SIMD; launches 1,outputs/profiling/MI300X/analysis_2026-10-05/triton_ir/leaky_relu__bf16__leaky_relu_kernel__HQ5B4OTC; outputs/profiling/MI300X/analysis_2026-10-05/replay_audit/leaky_relu__bf16__formal.json,high: static IR/ISA of the hsaco-identical recompile + launch record; source form from git show,static_isa profile MI300X.triton.leaky_relu.bf16.static_isa; counters in MI300X.triton.leaky_relu.bf16.rocprof_compute
MI300X.triton.leaky_relu.fp16.rocprof_compute,leaky_relu_kernel,pointer loads (tl.load) in source; static loads: buffer_load_dwordx4 x1 {'vector(>=64b)': 1}; stores: buffer_store_dwordx4 x1 {'vector(>=64b)': 1}; loads with nt modifier: 0/1,not_observed (no v_mfma in static ISA),no LDS (registers + global memory); scratch 0 B/work-item,"TTGIR convert_layout x0, local_alloc x0; ds_bpermute/permute/swizzle x0; DPP VALU x0; threadsPerWarp layouts ['64']",not_observed (no VMEM atomic in static ISA),grid [12208] = 12208 WGs (40.2 per CU of 304); WG 512 threads = 8 waves; VGPR 13 AGPR 0 SGPR 19; LDS 0 B; scratch 0 B; compiler occupancy 8 waves/SIMD; launches 1,outputs/profiling/MI300X/analysis_2026-10-05/triton_ir/leaky_relu__fp16__leaky_relu_kernel__CEJDCSZQ; outputs/profiling/MI300X/analysis_2026-10-05/replay_audit/leaky_relu__fp16__formal.json,high: static IR/ISA of the hsaco-identical recompile + launch record; source form from git show,static_isa profile MI300X.triton.leaky_relu.fp16.static_isa; counters in MI300X.triton.leaky_relu.fp16.rocprof_compute
MI300X.triton.leaky_relu.fp32.rocprof_compute,leaky_relu_kernel,pointer loads (tl.load) in source; static loads: buffer_load_dwordx4 x1 {'vector(>=64b)': 1}; stores: buffer_store_dwordx4 x1 {'vector(>=64b)': 1}; loads with nt modifier: 0/1,not_observed (no v_mfma in static ISA),no LDS (registers + global memory); scratch 0 B/work-item,"TTGIR convert_layout x0, local_alloc x0; ds_bpermute/permute/swizzle x0; DPP VALU x0; threadsPerWarp layouts ['64']",not_observed (no VMEM atomic in static ISA),grid [24415] = 24415 WGs (80.3 per CU of 304); WG 512 threads = 8 waves; VGPR 9 AGPR 0 SGPR 19; LDS 0 B; scratch 0 B; compiler occupancy 8 waves/SIMD; launches 1,outputs/profiling/MI300X/analysis_2026-10-05/triton_ir/leaky_relu__fp32__leaky_relu_kernel__AAJCIH62; outputs/profiling/MI300X/analysis_2026-10-05/replay_audit/leaky_relu__fp32__formal.json,high: static IR/ISA of the hsaco-identical recompile + launch record; source form from git show,static_isa profile MI300X.triton.leaky_relu.fp32.static_isa; counters in MI300X.triton.leaky_relu.fp32.rocprof_compute
MI300X.triton.linear_self_attention.fp32.rocprof_compute,kv_gemm_kernel,"TensorDescriptor in source (descriptor args: kt_desc,s_desc,vt_desc); dumped TTIR has 0 descriptor ops and 2 tt.load -> lowered to pointer/buffer loads on gfx942 (no TMA); static loads: global_load_dword x24 {'scalar(<=32b)': 24}; stores: global_store_dword x16 {'scalar(<=32b)': 16}; loads with nt modifier: 0/24","MFMA: v_mfma_f32_32x32x4_xf32 x48; measured MFMA util (2.1.10 Avg, kernel-name aggregate) 5.029560064736219 %","LDS-staged (runtime shared 16384 B; static ds_read x72, ds_write x9); scratch 0 B/work-item","TTGIR convert_layout x0, local_alloc x2; ds_bpermute/permute/swizzle x0; DPP VALU x0; threadsPerWarp layouts ['32, 2']",not_observed (no VMEM atomic in static ISA),"grid [8, 8] = 64 WGs (0.211 per CU of 304); WG 512 threads = 8 waves; VGPR 122 AGPR 0 SGPR 56; LDS 16384 B; scratch 0 B; compiler occupancy 4 waves/SIMD; launches 1",outputs/profiling/MI300X/analysis_2026-10-05/triton_ir/linear_self_attention__fp32__kv_gemm_kernel__PDMHR3V3; outputs/profiling/MI300X/analysis_2026-10-05/replay_audit/linear_self_attention__fp32__formal.json,high: static IR/ISA of the hsaco-identical recompile + launch record; source form from git show,static_isa profile MI300X.triton.linear_self_attention.fp32.static_isa; counters in MI300X.triton.linear_self_attention.fp32.rocprof_compute
MI300X.triton.linear_self_attention.fp32.rocprof_compute,out_gemm_kernel,"TensorDescriptor in source (descriptor args: o_desc,q_desc,st_desc); dumped TTIR has 0 descriptor ops and 3 tt.load -> lowered to pointer/buffer loads on gfx942 (no TMA); static loads: global_load_dword x64, global_load_dwordx2 x16 {'scalar(<=32b)': 64, 'vector(>=64b)': 16}; stores: global_store_dword x16 {'scalar(<=32b)': 16}; loads with nt modifier: 0/80","MFMA: v_mfma_f32_32x32x4_xf32 x32; measured MFMA util (2.1.10 Avg, kernel-name aggregate) 2.353089263942414 %","LDS-staged (runtime shared 32768 B; static ds_read x61, ds_write x33); scratch 0 B/work-item","TTGIR convert_layout x1, local_alloc x3; ds_bpermute/permute/swizzle x0; DPP VALU x4; threadsPerWarp layouts ['64, 1']",not_observed (no VMEM atomic in static ISA),"grid [157, 4] = 628 WGs (2.07 per CU of 304); WG 256 threads = 4 waves; VGPR 218 AGPR 16 SGPR 97; LDS 32768 B; scratch 0 B; compiler occupancy 2 waves/SIMD; launches 1",outputs/profiling/MI300X/analysis_2026-10-05/triton_ir/linear_self_attention__fp32__out_gemm_kernel__WT2RHMXV; outputs/profiling/MI300X/analysis_2026-10-05/replay_audit/linear_self_attention__fp32__formal.json,high: static IR/ISA of the hsaco-identical recompile + launch record; source form from git show,static_isa profile MI300X.triton.linear_self_attention.fp32.static_isa; counters in MI300X.triton.linear_self_attention.fp32.rocprof_compute
MI300X.triton.linear_self_attention.fp32.rocprof_compute,phi_kernel,pointer loads (tl.load) in source; static loads: buffer_load_dwordx2 x1 {'vector(>=64b)': 1}; stores: buffer_store_dwordx2 x1 {'vector(>=64b)': 1}; loads with nt modifier: 0/1,not_observed (no v_mfma in static ISA),no LDS (registers + global memory); scratch 0 B/work-item,"TTGIR convert_layout x0, local_alloc x0; ds_bpermute/permute/swizzle x0; DPP VALU x0; threadsPerWarp layouts ['64']",not_observed (no VMEM atomic in static ISA),grid [2500] = 2500 WGs (8.22 per CU of 304); WG 512 threads = 8 waves; VGPR 9 AGPR 0 SGPR 19; LDS 0 B; scratch 0 B; compiler occupancy 8 waves/SIMD; launches 2,outputs/profiling/MI300X/analysis_2026-10-05/triton_ir/linear_self_attention__fp32__phi_kernel__7I3TQE46; outputs/profiling/MI300X/analysis_2026-10-05/replay_audit/linear_self_attention__fp32__formal.json,high: static IR/ISA of the hsaco-identical recompile + launch record; source form from git show,static_isa profile MI300X.triton.linear_self_attention.fp32.static_isa; counters in MI300X.triton.linear_self_attention.fp32.rocprof_compute
MI300X.triton.linear_self_attention.fp32.rocprof_compute,z_kernel,pointer loads (tl.load) in source; static loads: buffer_load_dwordx4 x1 {'vector(>=64b)': 1}; stores: buffer_store_dword x1 {'scalar(<=32b)': 1}; loads with nt modifier: 0/1,not_observed (no v_mfma in static ISA),"LDS-staged (runtime shared 512 B; static ds_read x4, ds_write x4); scratch 0 B/work-item","TTGIR convert_layout x1, local_alloc x0; ds_bpermute/permute/swizzle x8; DPP VALU x10; threadsPerWarp layouts ['64', '8, 8']",not_observed (no VMEM atomic in static ISA),grid [8] = 8 WGs (0.0263 per CU of 304); WG 256 threads = 4 waves; VGPR 21 AGPR 0 SGPR 26; LDS 512 B; scratch 0 B; compiler occupancy 8 waves/SIMD; launches 1,outputs/profiling/MI300X/analysis_2026-10-05/triton_ir/linear_self_attention__fp32__z_kernel__CICHIAOU; outputs/profiling/MI300X/analysis_2026-10-05/replay_audit/linear_self_attention__fp32__formal.json,high: static IR/ISA of the hsaco-identical recompile + launch record; source form from git show,static_isa profile MI300X.triton.linear_self_attention.fp32.static_isa; counters in MI300X.triton.linear_self_attention.fp32.rocprof_compute
MI300X.triton.matmul_fp32_fp16_fp8.fp16.rocprof_compute,matmul_kernel,"TensorDescriptor in source (descriptor args: a_desc,b_desc,c_desc); dumped TTIR has 0 descriptor ops and 2 tt.load -> lowered to pointer/buffer loads on gfx942 (no TMA); static loads: global_load_ushort x64 {'scalar(<=32b)': 64}; stores: global_store_short x128 {'scalar(<=32b)': 128}; loads with nt modifier: 0/64","MFMA: v_mfma_f32_32x32x8_f16 x64; measured MFMA util (2.1.10 Avg, kernel-name aggregate) 3.650055706361229 %","LDS-staged (runtime shared 32768 B; static ds_read x24, ds_write x12); scratch 0 B/work-item","TTGIR convert_layout x1, local_alloc x1; ds_bpermute/permute/swizzle x0; DPP VALU x0; threadsPerWarp layouts ['64, 1']",not_observed (no VMEM atomic in static ISA),grid [256] = 256 WGs (0.842 per CU of 304); WG 512 threads = 8 waves; VGPR 256 AGPR 0 SGPR 94; LDS 32768 B; scratch 0 B; compiler occupancy 2 waves/SIMD; launches 1,outputs/profiling/MI300X/analysis_2026-10-05/triton_ir/matmul_fp32_fp16_fp8__fp16__matmul_kernel__5NDL2V5H; outputs/profiling/MI300X/analysis_2026-10-05/replay_audit/matmul_fp32_fp16_fp8__fp16__formal.json,high: static IR/ISA of the hsaco-identical recompile + launch record; source form from git show,static_isa profile MI300X.triton.matmul_fp32_fp16_fp8.fp16.static_isa; counters in MI300X.triton.matmul_fp32_fp16_fp8.fp16.rocprof_compute
MI300X.triton.matmul_fp32_fp16_fp8.fp32.rocprof_compute,matmul_kernel,"TensorDescriptor in source (descriptor args: a_desc,b_desc,c_desc); dumped TTIR has 0 descriptor ops and 2 tt.load -> lowered to pointer/buffer loads on gfx942 (no TMA); static loads: global_load_dword x96 {'scalar(<=32b)': 96}; stores: global_store_dword x64 {'scalar(<=32b)': 64}; loads with nt modifier: 0/96","MFMA: v_mfma_f32_32x32x4_xf32 x96; measured MFMA util (2.1.10 Avg, kernel-name aggregate) 4.5065853269374685 %","LDS-staged (runtime shared 65536 B; static ds_read x86, ds_write x48); scratch 0 B/work-item","TTGIR convert_layout x0, local_alloc x2; ds_bpermute/permute/swizzle x0; DPP VALU x0; threadsPerWarp layouts ['64, 1']",not_observed (no VMEM atomic in static ISA),grid [1024] = 1024 WGs (3.37 per CU of 304); WG 256 threads = 4 waves; VGPR 212 AGPR 64 SGPR 98; LDS 65536 B; scratch 0 B; compiler occupancy 1 waves/SIMD; launches 1,outputs/profiling/MI300X/analysis_2026-10-05/triton_ir/matmul_fp32_fp16_fp8__fp32__matmul_kernel__GZKHN33Q; outputs/profiling/MI300X/analysis_2026-10-05/replay_audit/matmul_fp32_fp16_fp8__fp32__formal.json,high: static IR/ISA of the hsaco-identical recompile + launch record; source form from git show,static_isa profile MI300X.triton.matmul_fp32_fp16_fp8.fp32.static_isa; counters in MI300X.triton.matmul_fp32_fp16_fp8.fp32.rocprof_compute
MI300X.triton.matmul_int8.int8.rocprof_compute,matmul_kernel,"TensorDescriptor in source (descriptor args: a_desc,b_desc,c_desc); dumped TTIR has 0 descriptor ops and 2 tt.load -> lowered to pointer/buffer loads on gfx942 (no TMA); static loads: global_load_ubyte x20 {'scalar(<=32b)': 20}; stores: global_store_dword x16 {'scalar(<=32b)': 16}; loads with nt modifier: 0/20","MFMA: v_mfma_i32_32x32x16_i8 x4; measured MFMA util (2.1.10 Avg, kernel-name aggregate) 2.667774473965916 %","LDS-staged (runtime shared 16384 B; static ds_read x36, ds_write x17); scratch 0 B/work-item","TTGIR convert_layout x0, local_alloc x2; ds_bpermute/permute/swizzle x0; DPP VALU x0; threadsPerWarp layouts ['1, 64', '64, 1']",not_observed (no VMEM atomic in static ISA),grid [256] = 256 WGs (0.842 per CU of 304); WG 1024 threads = 16 waves; VGPR 91 AGPR 0 SGPR 48; LDS 16384 B; scratch 0 B; compiler occupancy 5 waves/SIMD; launches 1,outputs/profiling/MI300X/analysis_2026-10-05/triton_ir/matmul_int8__int8__matmul_kernel__JRGVHCIM; outputs/profiling/MI300X/analysis_2026-10-05/replay_audit/matmul_int8__int8__formal.json,high: static IR/ISA of the hsaco-identical recompile + launch record; source form from git show,static_isa profile MI300X.triton.matmul_int8.int8.static_isa; counters in MI300X.triton.matmul_int8.int8.rocprof_compute
MI300X.triton.matrix_copy.bf16.rocprof_compute,matrix_copy_kernel,pointer loads (tl.load) in source; static loads: buffer_load_dwordx4 x2 {'vector(>=64b)': 2}; stores: buffer_store_dwordx4 x2 {'vector(>=64b)': 2}; loads with nt modifier: 0/2,not_observed (no v_mfma in static ISA),no LDS (registers + global memory); scratch 0 B/work-item,"TTGIR convert_layout x0, local_alloc x0; ds_bpermute/permute/swizzle x0; DPP VALU x0; threadsPerWarp layouts ['64']",not_observed (no VMEM atomic in static ISA),grid [6400] = 6400 WGs (21.1 per CU of 304); WG 256 threads = 4 waves; VGPR 10 AGPR 0 SGPR 19; LDS 0 B; scratch 0 B; compiler occupancy 8 waves/SIMD; launches 1,outputs/profiling/MI300X/analysis_2026-10-05/triton_ir/matrix_copy__bf16__matrix_copy_kernel__BCXYPPBD; outputs/profiling/MI300X/analysis_2026-10-05/replay_audit/matrix_copy__bf16__formal.json,high: static IR/ISA of the hsaco-identical recompile + launch record; source form from git show,static_isa profile MI300X.triton.matrix_copy.bf16.static_isa; counters in MI300X.triton.matrix_copy.bf16.rocprof_compute
MI300X.triton.matrix_copy.fp16.rocprof_compute,matrix_copy_kernel,pointer loads (tl.load) in source; static loads: buffer_load_dwordx4 x1 {'vector(>=64b)': 1}; stores: buffer_store_dwordx4 x1 {'vector(>=64b)': 1}; loads with nt modifier: 0/1,not_observed (no v_mfma in static ISA),no LDS (registers + global memory); scratch 0 B/work-item,"TTGIR convert_layout x0, local_alloc x0; ds_bpermute/permute/swizzle x0; DPP VALU x0; threadsPerWarp layouts ['64']",not_observed (no VMEM atomic in static ISA),grid [6400] = 6400 WGs (21.1 per CU of 304); WG 512 threads = 8 waves; VGPR 5 AGPR 0 SGPR 19; LDS 0 B; scratch 0 B; compiler occupancy 8 waves/SIMD; launches 1,outputs/profiling/MI300X/analysis_2026-10-05/triton_ir/matrix_copy__fp16__matrix_copy_kernel__T4ZTLAKJ; outputs/profiling/MI300X/analysis_2026-10-05/replay_audit/matrix_copy__fp16__formal.json,high: static IR/ISA of the hsaco-identical recompile + launch record; source form from git show,static_isa profile MI300X.triton.matrix_copy.fp16.static_isa; counters in MI300X.triton.matrix_copy.fp16.rocprof_compute
MI300X.triton.matrix_copy.fp32.rocprof_compute,matrix_copy_kernel,pointer loads (tl.load) in source; static loads: buffer_load_dwordx4 x1 {'vector(>=64b)': 1}; stores: buffer_store_dwordx4 x1 {'vector(>=64b)': 1}; loads with nt modifier: 0/1,not_observed (no v_mfma in static ISA),no LDS (registers + global memory); scratch 0 B/work-item,"TTGIR convert_layout x0, local_alloc x0; ds_bpermute/permute/swizzle x0; DPP VALU x0; threadsPerWarp layouts ['64']",not_observed (no VMEM atomic in static ISA),grid [12800] = 12800 WGs (42.1 per CU of 304); WG 512 threads = 8 waves; VGPR 5 AGPR 0 SGPR 19; LDS 0 B; scratch 0 B; compiler occupancy 8 waves/SIMD; launches 1,outputs/profiling/MI300X/analysis_2026-10-05/triton_ir/matrix_copy__fp32__matrix_copy_kernel__F2M5TIZY; outputs/profiling/MI300X/analysis_2026-10-05/replay_audit/matrix_copy__fp32__formal.json,high: static IR/ISA of the hsaco-identical recompile + launch record; source form from git show,static_isa profile MI300X.triton.matrix_copy.fp32.static_isa; counters in MI300X.triton.matrix_copy.fp32.rocprof_compute
MI300X.triton.matrix_copy.int8.rocprof_compute,matrix_copy_kernel,pointer loads (tl.load) in source; static loads: buffer_load_dwordx4 x1 {'vector(>=64b)': 1}; stores: buffer_store_dwordx4 x1 {'vector(>=64b)': 1}; loads with nt modifier: 0/1,not_observed (no v_mfma in static ISA),no LDS (registers + global memory); scratch 0 B/work-item,"TTGIR convert_layout x0, local_alloc x0; ds_bpermute/permute/swizzle x0; DPP VALU x0; threadsPerWarp layouts ['64']",not_observed (no VMEM atomic in static ISA),grid [6400] = 6400 WGs (21.1 per CU of 304); WG 256 threads = 4 waves; VGPR 5 AGPR 0 SGPR 19; LDS 0 B; scratch 0 B; compiler occupancy 8 waves/SIMD; launches 1,outputs/profiling/MI300X/analysis_2026-10-05/triton_ir/matrix_copy__int8__matrix_copy_kernel__63HOISXJ; outputs/profiling/MI300X/analysis_2026-10-05/replay_audit/matrix_copy__int8__formal.json,high: static IR/ISA of the hsaco-identical recompile + launch record; source form from git show,static_isa profile MI300X.triton.matrix_copy.int8.static_isa; counters in MI300X.triton.matrix_copy.int8.rocprof_compute
MI300X.triton.matrix_transpose.bf16.rocprof_compute,transpose_kernel,pointer loads (tl.load) in source; static loads: buffer_load_dwordx4 x4 {'vector(>=64b)': 4}; stores: buffer_store_dwordx4 x4 {'vector(>=64b)': 4}; loads with nt modifier: 0/4,not_observed (no v_mfma in static ISA),"LDS-staged (runtime shared 32768 B; static ds_read x8, ds_write x32); scratch 0 B/work-item","TTGIR convert_layout x1, local_alloc x0; ds_bpermute/permute/swizzle x0; DPP VALU x0; threadsPerWarp layouts ['16, 4', '4, 16']",not_observed (no VMEM atomic in static ISA),"grid [32, 160] = 5120 WGs (16.8 per CU of 304); WG 512 threads = 8 waves; VGPR 36 AGPR 0 SGPR 22; LDS 32768 B; scratch 0 B; compiler occupancy 8 waves/SIMD; launches 1",outputs/profiling/MI300X/analysis_2026-10-05/triton_ir/matrix_transpose__bf16__transpose_kernel__ZL57J3EQ; outputs/profiling/MI300X/analysis_2026-10-05/replay_audit/matrix_transpose__bf16__formal.json,high: static IR/ISA of the hsaco-identical recompile + launch record; source form from git show,static_isa profile MI300X.triton.matrix_transpose.bf16.static_isa; counters in MI300X.triton.matrix_transpose.bf16.rocprof_compute
MI300X.triton.matrix_transpose.fp16.rocprof_compute,transpose_kernel,pointer loads (tl.load) in source; static loads: buffer_load_dwordx4 x4 {'vector(>=64b)': 4}; stores: buffer_store_dwordx4 x4 {'vector(>=64b)': 4}; loads with nt modifier: 0/4,not_observed (no v_mfma in static ISA),"LDS-staged (runtime shared 32768 B; static ds_read x8, ds_write x32); scratch 0 B/work-item","TTGIR convert_layout x1, local_alloc x0; ds_bpermute/permute/swizzle x0; DPP VALU x0; threadsPerWarp layouts ['16, 4', '4, 16']",not_observed (no VMEM atomic in static ISA),"grid [32, 160] = 5120 WGs (16.8 per CU of 304); WG 512 threads = 8 waves; VGPR 36 AGPR 0 SGPR 22; LDS 32768 B; scratch 0 B; compiler occupancy 8 waves/SIMD; launches 1",outputs/profiling/MI300X/analysis_2026-10-05/triton_ir/matrix_transpose__fp16__transpose_kernel__FVRJ65HJ; outputs/profiling/MI300X/analysis_2026-10-05/replay_audit/matrix_transpose__fp16__formal.json,high: static IR/ISA of the hsaco-identical recompile + launch record; source form from git show,static_isa profile MI300X.triton.matrix_transpose.fp16.static_isa; counters in MI300X.triton.matrix_transpose.fp16.rocprof_compute
MI300X.triton.matrix_transpose.fp32.rocprof_compute,transpose_kernel,pointer loads (tl.load) in source; static loads: buffer_load_dwordx4 x8 {'vector(>=64b)': 8}; stores: buffer_store_dwordx4 x8 {'vector(>=64b)': 8}; loads with nt modifier: 0/8,not_observed (no v_mfma in static ISA),"LDS-staged (runtime shared 65536 B; static ds_read x16, ds_write x16); scratch 0 B/work-item","TTGIR convert_layout x1, local_alloc x0; ds_bpermute/permute/swizzle x0; DPP VALU x0; threadsPerWarp layouts ['2, 32', '32, 2']",not_observed (no VMEM atomic in static ISA),"grid [32, 160] = 5120 WGs (16.8 per CU of 304); WG 512 threads = 8 waves; VGPR 51 AGPR 0 SGPR 36; LDS 65536 B; scratch 0 B; compiler occupancy 8 waves/SIMD; launches 1",outputs/profiling/MI300X/analysis_2026-10-05/triton_ir/matrix_transpose__fp32__transpose_kernel__IBMONM6V; outputs/profiling/MI300X/analysis_2026-10-05/replay_audit/matrix_transpose__fp32__formal.json,high: static IR/ISA of the hsaco-identical recompile + launch record; source form from git show,static_isa profile MI300X.triton.matrix_transpose.fp32.static_isa; counters in MI300X.triton.matrix_transpose.fp32.rocprof_compute
MI300X.triton.matrix_transpose.int8.rocprof_compute,transpose_kernel,pointer loads (tl.load) in source; static loads: buffer_load_dwordx4 x4 {'vector(>=64b)': 4}; stores: buffer_store_dwordx4 x4 {'vector(>=64b)': 4}; loads with nt modifier: 0/4,not_observed (no v_mfma in static ISA),"LDS-staged (runtime shared 16384 B; static ds_read x32, ds_write x64); scratch 0 B/work-item","TTGIR convert_layout x1, local_alloc x0; ds_bpermute/permute/swizzle x0; DPP VALU x0; threadsPerWarp layouts ['8, 8']",not_observed (no VMEM atomic in static ISA),"grid [32, 160] = 5120 WGs (16.8 per CU of 304); WG 256 threads = 4 waves; VGPR 38 AGPR 0 SGPR 33; LDS 16384 B; scratch 0 B; compiler occupancy 8 waves/SIMD; launches 1",outputs/profiling/MI300X/analysis_2026-10-05/triton_ir/matrix_transpose__int8__transpose_kernel__CBEDZQCM; outputs/profiling/MI300X/analysis_2026-10-05/replay_audit/matrix_transpose__int8__formal.json,high: static IR/ISA of the hsaco-identical recompile + launch record; source form from git show,static_isa profile MI300X.triton.matrix_transpose.int8.static_isa; counters in MI300X.triton.matrix_transpose.int8.rocprof_compute
MI300X.triton.mean_reduction.bf16.rocprof_compute,mean_rowwise_kernel,pointer loads (tl.load) in source; static loads: buffer_load_dwordx2 x20 {'vector(>=64b)': 20}; stores: buffer_store_dword x1 {'scalar(<=32b)': 1}; loads with nt modifier: 0/20,not_observed (no v_mfma in static ISA),"LDS-staged (runtime shared 16 B; static ds_read x2, ds_write x2); scratch 0 B/work-item","TTGIR convert_layout x1, local_alloc x0; ds_bpermute/permute/swizzle x0; DPP VALU x8; threadsPerWarp layouts ['1, 64', '64']",not_observed (no VMEM atomic in static ISA),grid [2048] = 2048 WGs (6.74 per CU of 304); WG 256 threads = 4 waves; VGPR 47 AGPR 0 SGPR 19; LDS 16 B; scratch 0 B; compiler occupancy 8 waves/SIMD; launches 1,outputs/profiling/MI300X/analysis_2026-10-05/triton_ir/mean_reduction__bf16__mean_rowwise_kernel__FBHQTDJI; outputs/profiling/MI300X/analysis_2026-10-05/replay_audit/mean_reduction__bf16__formal.json,high: static IR/ISA of the hsaco-identical recompile + launch record; source form from git show,static_isa profile MI300X.triton.mean_reduction.bf16.static_isa; counters in MI300X.triton.mean_reduction.bf16.rocprof_compute
MI300X.triton.mean_reduction.fp16.rocprof_compute,mean_rowwise_kernel,pointer loads (tl.load) in source; static loads: buffer_load_dwordx4 x20 {'vector(>=64b)': 20}; stores: buffer_store_dword x1 {'scalar(<=32b)': 1}; loads with nt modifier: 0/20,not_observed (no v_mfma in static ISA),"LDS-staged (runtime shared 8 B; static ds_read x2, ds_write x2); scratch 0 B/work-item","TTGIR convert_layout x1, local_alloc x0; ds_bpermute/permute/swizzle x0; DPP VALU x7; threadsPerWarp layouts ['1, 64', '64']",not_observed (no VMEM atomic in static ISA),grid [2048] = 2048 WGs (6.74 per CU of 304); WG 128 threads = 2 waves; VGPR 64 AGPR 0 SGPR 19; LDS 8 B; scratch 0 B; compiler occupancy 8 waves/SIMD; launches 1,outputs/profiling/MI300X/analysis_2026-10-05/triton_ir/mean_reduction__fp16__mean_rowwise_kernel__MYMOB2D6; outputs/profiling/MI300X/analysis_2026-10-05/replay_audit/mean_reduction__fp16__formal.json,high: static IR/ISA of the hsaco-identical recompile + launch record; source form from git show,static_isa profile MI300X.triton.mean_reduction.fp16.static_isa; counters in MI300X.triton.mean_reduction.fp16.rocprof_compute
MI300X.triton.mean_reduction.fp32.rocprof_compute,mean_rowwise_kernel,pointer loads (tl.load) in source; static loads: buffer_load_dwordx4 x10 {'vector(>=64b)': 10}; stores: buffer_store_dword x1 {'scalar(<=32b)': 1}; loads with nt modifier: 0/10,not_observed (no v_mfma in static ISA),"LDS-staged (runtime shared 32 B; static ds_read x2, ds_write x2); scratch 0 B/work-item","TTGIR convert_layout x1, local_alloc x0; ds_bpermute/permute/swizzle x0; DPP VALU x10; threadsPerWarp layouts ['1, 64', '64']",not_observed (no VMEM atomic in static ISA),grid [2048] = 2048 WGs (6.74 per CU of 304); WG 512 threads = 8 waves; VGPR 42 AGPR 0 SGPR 19; LDS 32 B; scratch 0 B; compiler occupancy 8 waves/SIMD; launches 1,outputs/profiling/MI300X/analysis_2026-10-05/triton_ir/mean_reduction__fp32__mean_rowwise_kernel__3BAZSJJL; outputs/profiling/MI300X/analysis_2026-10-05/replay_audit/mean_reduction__fp32__formal.json,high: static IR/ISA of the hsaco-identical recompile + launch record; source form from git show,static_isa profile MI300X.triton.mean_reduction.fp32.static_isa; counters in MI300X.triton.mean_reduction.fp32.rocprof_compute
MI300X.triton.moe_topk_gating.bf16.rocprof_compute,moe_topk_gating_kernel,"pointer loads (tl.load) in source; static loads: buffer_load_dword x1 {'scalar(<=32b)': 1}; stores: buffer_store_dword x1, buffer_store_short x1 {'scalar(<=32b)': 2}; loads with nt modifier: 0/1",not_observed (no v_mfma in static ISA),no LDS (registers + global memory); scratch 0 B/work-item,"TTGIR convert_layout x0, local_alloc x0; ds_bpermute/permute/swizzle x8; DPP VALU x38; threadsPerWarp layouts ['64']",not_observed (no VMEM atomic in static ISA),grid [20480] = 20480 WGs (67.4 per CU of 304); WG 64 threads = 1 waves; VGPR 15 AGPR 0 SGPR 26; LDS 0 B; scratch 0 B; compiler occupancy 8 waves/SIMD; launches 1,outputs/profiling/MI300X/analysis_2026-10-05/triton_ir/moe_topk_gating__bf16__moe_topk_gating_kernel__NIM7X6J5; outputs/profiling/MI300X/analysis_2026-10-05/replay_audit/moe_topk_gating__bf16__formal.json,high: static IR/ISA of the hsaco-identical recompile + launch record; source form from git show,static_isa profile MI300X.triton.moe_topk_gating.bf16.static_isa; counters in MI300X.triton.moe_topk_gating.bf16.rocprof_compute
MI300X.triton.moe_topk_gating.fp16.rocprof_compute,moe_topk_gating_kernel,"pointer loads (tl.load) in source; static loads: buffer_load_ushort x1 {'scalar(<=32b)': 1}; stores: buffer_store_dword x1, buffer_store_short x1 {'scalar(<=32b)': 2}; loads with nt modifier: 0/1",not_observed (no v_mfma in static ISA),"LDS-staged (runtime shared 16 B; static ds_read x10, ds_write x8); scratch 0 B/work-item","TTGIR convert_layout x0, local_alloc x0; ds_bpermute/permute/swizzle x8; DPP VALU x44; threadsPerWarp layouts ['64']",not_observed (no VMEM atomic in static ISA),grid [20480] = 20480 WGs (67.4 per CU of 304); WG 128 threads = 2 waves; VGPR 12 AGPR 0 SGPR 26; LDS 16 B; scratch 0 B; compiler occupancy 8 waves/SIMD; launches 1,outputs/profiling/MI300X/analysis_2026-10-05/triton_ir/moe_topk_gating__fp16__moe_topk_gating_kernel__X5IDJBK5; outputs/profiling/MI300X/analysis_2026-10-05/replay_audit/moe_topk_gating__fp16__formal.json,high: static IR/ISA of the hsaco-identical recompile + launch record; source form from git show,static_isa profile MI300X.triton.moe_topk_gating.fp16.static_isa; counters in MI300X.triton.moe_topk_gating.fp16.rocprof_compute
MI300X.triton.moe_topk_gating.fp32.rocprof_compute,moe_topk_gating_kernel,pointer loads (tl.load) in source; static loads: buffer_load_dwordx2 x1 {'vector(>=64b)': 1}; stores: buffer_store_dword x2 {'scalar(<=32b)': 2}; loads with nt modifier: 0/1,not_observed (no v_mfma in static ISA),no LDS (registers + global memory); scratch 0 B/work-item,"TTGIR convert_layout x0, local_alloc x0; ds_bpermute/permute/swizzle x8; DPP VALU x38; threadsPerWarp layouts ['64']",not_observed (no VMEM atomic in static ISA),grid [20480] = 20480 WGs (67.4 per CU of 304); WG 64 threads = 1 waves; VGPR 15 AGPR 0 SGPR 26; LDS 0 B; scratch 0 B; compiler occupancy 8 waves/SIMD; launches 1,outputs/profiling/MI300X/analysis_2026-10-05/triton_ir/moe_topk_gating__fp32__moe_topk_gating_kernel__MTGHX6RA; outputs/profiling/MI300X/analysis_2026-10-05/replay_audit/moe_topk_gating__fp32__formal.json,high: static IR/ISA of the hsaco-identical recompile + launch record; source form from git show,static_isa profile MI300X.triton.moe_topk_gating.fp32.static_isa; counters in MI300X.triton.moe_topk_gating.fp32.rocprof_compute
MI300X.triton.mul2.bf16.rocprof_compute,mul2_kernel,pointer loads (tl.load) in source; static loads: buffer_load_dwordx4 x2 {'vector(>=64b)': 2}; stores: buffer_store_dwordx4 x2 {'vector(>=64b)': 2}; loads with nt modifier: 0/2,not_observed (no v_mfma in static ISA),no LDS (registers + global memory); scratch 0 B/work-item,"TTGIR convert_layout x0, local_alloc x0; ds_bpermute/permute/swizzle x0; DPP VALU x0; threadsPerWarp layouts ['64']",not_observed (no VMEM atomic in static ISA),grid [10240] = 10240 WGs (33.7 per CU of 304); WG 128 threads = 2 waves; VGPR 27 AGPR 0 SGPR 19; LDS 0 B; scratch 0 B; compiler occupancy 8 waves/SIMD; launches 1,outputs/profiling/MI300X/analysis_2026-10-05/triton_ir/mul2__bf16__mul2_kernel__CTIGABY4; outputs/profiling/MI300X/analysis_2026-10-05/replay_audit/mul2__bf16__formal.json,high: static IR/ISA of the hsaco-identical recompile + launch record; source form from git show,static_isa profile MI300X.triton.mul2.bf16.static_isa; counters in MI300X.triton.mul2.bf16.rocprof_compute
MI300X.triton.mul2.fp16.rocprof_compute,mul2_kernel,pointer loads (tl.load) in source; static loads: buffer_load_dwordx4 x2 {'vector(>=64b)': 2}; stores: buffer_store_dwordx4 x2 {'vector(>=64b)': 2}; loads with nt modifier: 0/2,not_observed (no v_mfma in static ISA),no LDS (registers + global memory); scratch 0 B/work-item,"TTGIR convert_layout x0, local_alloc x0; ds_bpermute/permute/swizzle x0; DPP VALU x0; threadsPerWarp layouts ['64']",not_observed (no VMEM atomic in static ISA),grid [10240] = 10240 WGs (33.7 per CU of 304); WG 128 threads = 2 waves; VGPR 10 AGPR 0 SGPR 19; LDS 0 B; scratch 0 B; compiler occupancy 8 waves/SIMD; launches 1,outputs/profiling/MI300X/analysis_2026-10-05/triton_ir/mul2__fp16__mul2_kernel__L72TDSW6; outputs/profiling/MI300X/analysis_2026-10-05/replay_audit/mul2__fp16__formal.json,high: static IR/ISA of the hsaco-identical recompile + launch record; source form from git show,static_isa profile MI300X.triton.mul2.fp16.static_isa; counters in MI300X.triton.mul2.fp16.rocprof_compute
MI300X.triton.mul2.fp32.rocprof_compute,mul2_kernel,pointer loads (tl.load) in source; static loads: buffer_load_dwordx4 x1 {'vector(>=64b)': 1}; stores: buffer_store_dwordx4 x1 {'vector(>=64b)': 1}; loads with nt modifier: 0/1,not_observed (no v_mfma in static ISA),no LDS (registers + global memory); scratch 0 B/work-item,"TTGIR convert_layout x0, local_alloc x0; ds_bpermute/permute/swizzle x0; DPP VALU x0; threadsPerWarp layouts ['64']",not_observed (no VMEM atomic in static ISA),grid [20480] = 20480 WGs (67.4 per CU of 304); WG 256 threads = 4 waves; VGPR 5 AGPR 0 SGPR 19; LDS 0 B; scratch 0 B; compiler occupancy 8 waves/SIMD; launches 1,outputs/profiling/MI300X/analysis_2026-10-05/triton_ir/mul2__fp32__mul2_kernel__4HA4YEGB; outputs/profiling/MI300X/analysis_2026-10-05/replay_audit/mul2__fp32__formal.json,high: static IR/ISA of the hsaco-identical recompile + launch record; source form from git show,static_isa profile MI300X.triton.mul2.fp32.static_isa; counters in MI300X.triton.mul2.fp32.rocprof_compute
MI300X.triton.mul2.int8.rocprof_compute,mul2_kernel,pointer loads (tl.load) in source; static loads: buffer_load_dwordx2 x1 {'vector(>=64b)': 1}; stores: buffer_store_dwordx2 x1 {'vector(>=64b)': 1}; loads with nt modifier: 0/1,not_observed (no v_mfma in static ISA),no LDS (registers + global memory); scratch 0 B/work-item,"TTGIR convert_layout x0, local_alloc x0; ds_bpermute/permute/swizzle x0; DPP VALU x0; threadsPerWarp layouts ['64']",not_observed (no VMEM atomic in static ISA),grid [10240] = 10240 WGs (33.7 per CU of 304); WG 256 threads = 4 waves; VGPR 7 AGPR 0 SGPR 19; LDS 0 B; scratch 0 B; compiler occupancy 8 waves/SIMD; launches 1,outputs/profiling/MI300X/analysis_2026-10-05/triton_ir/mul2__int8__mul2_kernel__K7A5YMFW; outputs/profiling/MI300X/analysis_2026-10-05/replay_audit/mul2__int8__formal.json,high: static IR/ISA of the hsaco-identical recompile + launch record; source form from git show,static_isa profile MI300X.triton.mul2.int8.static_isa; counters in MI300X.triton.mul2.int8.rocprof_compute
MI300X.triton.quantize_global.fp32.rocprof_compute,quantize_kernel,pointer loads (tl.load) in source; static loads: buffer_load_dwordx4 x4 {'vector(>=64b)': 4}; stores: buffer_store_dwordx4 x2 {'vector(>=64b)': 2}; loads with nt modifier: 0/4,not_observed (no v_mfma in static ISA),no LDS (registers + global memory); scratch 0 B/work-item,"TTGIR convert_layout x0, local_alloc x0; ds_bpermute/permute/swizzle x0; DPP VALU x0; threadsPerWarp layouts ['64']",not_observed (no VMEM atomic in static ISA),grid [5120] = 5120 WGs (16.8 per CU of 304); WG 256 threads = 4 waves; VGPR 19 AGPR 0 SGPR 19; LDS 0 B; scratch 0 B; compiler occupancy 8 waves/SIMD; launches 1,outputs/profiling/MI300X/analysis_2026-10-05/triton_ir/quantize_global__fp32__quantize_kernel__AQN2PJZF; outputs/profiling/MI300X/analysis_2026-10-05/replay_audit/quantize_global__fp32__formal.json,high: static IR/ISA of the hsaco-identical recompile + launch record; source form from git show,static_isa profile MI300X.triton.quantize_global.fp32.static_isa; counters in MI300X.triton.quantize_global.fp32.rocprof_compute
MI300X.triton.radix_sort.int32.rocprof_compute,radix_histogram_kernel#0,pointer loads (tl.load) in source; static loads: global_load_dwordx4 x1 {'vector(>=64b)': 1}; stores: buffer_store_dword x1 {'scalar(<=32b)': 1}; loads with nt modifier: 0/1,not_observed (no v_mfma in static ISA),"LDS-staged (runtime shared 32 B; static ds_read x2, ds_write x2); scratch 0 B/work-item","TTGIR convert_layout x0, local_alloc x0; ds_bpermute/permute/swizzle x0; DPP VALU x16; threadsPerWarp layouts ['64']",not_observed (no VMEM atomic in static ISA),grid [19532] = 19532 WGs (64.2 per CU of 304); WG 256 threads = 4 waves; VGPR 11 AGPR 0 SGPR 21; LDS 32 B; scratch 0 B; compiler occupancy 8 waves/SIMD; launches 2,outputs/profiling/MI300X/analysis_2026-10-05/triton_ir/radix_sort__int32__radix_histogram_kernel__4T5GMDHY; outputs/profiling/MI300X/analysis_2026-10-05/replay_audit/radix_sort__int32__formal.json,high: static IR/ISA of the hsaco-identical recompile + launch record; source form from git show,static_isa profile MI300X.triton.radix_sort.int32.static_isa; counters in MI300X.triton.radix_sort.int32.rocprof_compute
MI300X.triton.radix_sort.int32.rocprof_compute,radix_histogram_kernel#1,pointer loads (tl.load) in source; static loads: global_load_dwordx4 x1 {'vector(>=64b)': 1}; stores: buffer_store_dword x1 {'scalar(<=32b)': 1}; loads with nt modifier: 0/1,not_observed (no v_mfma in static ISA),"LDS-staged (runtime shared 32 B; static ds_read x2, ds_write x2); scratch 0 B/work-item","TTGIR convert_layout x0, local_alloc x0; ds_bpermute/permute/swizzle x0; DPP VALU x16; threadsPerWarp layouts ['64']",not_observed (no VMEM atomic in static ISA),grid [19532] = 19532 WGs (64.2 per CU of 304); WG 256 threads = 4 waves; VGPR 11 AGPR 0 SGPR 21; LDS 32 B; scratch 0 B; compiler occupancy 8 waves/SIMD; launches 14,outputs/profiling/MI300X/analysis_2026-10-05/triton_ir/radix_sort__int32__radix_histogram_kernel__XG2PYR2J; outputs/profiling/MI300X/analysis_2026-10-05/replay_audit/radix_sort__int32__formal.json,high: static IR/ISA of the hsaco-identical recompile + launch record; source form from git show,static_isa profile MI300X.triton.radix_sort.int32.static_isa; counters in MI300X.triton.radix_sort.int32.rocprof_compute
MI300X.triton.radix_sort.int32.rocprof_compute,radix_scan_chunk_sums_kernel,pointer loads (tl.load) in source; static loads: buffer_load_dword x4 {'scalar(<=32b)': 4}; stores: buffer_store_dword x4 {'scalar(<=32b)': 4}; loads with nt modifier: 0/4,not_observed (no v_mfma in static ISA),"LDS-staged (runtime shared 16 B; static ds_read x1, ds_write x1); scratch 0 B/work-item","TTGIR convert_layout x0, local_alloc x0; ds_bpermute/permute/swizzle x7; DPP VALU x0; threadsPerWarp layouts ['64']",not_observed (no VMEM atomic in static ISA),grid [1] = 1 WGs (0.00329 per CU of 304); WG 256 threads = 4 waves; VGPR 15 AGPR 0 SGPR 18; LDS 16 B; scratch 0 B; compiler occupancy 8 waves/SIMD; launches 16,outputs/profiling/MI300X/analysis_2026-10-05/triton_ir/radix_sort__int32__radix_scan_chunk_sums_kernel__HMANAXH5; outputs/profiling/MI300X/analysis_2026-10-05/replay_audit/radix_sort__int32__formal.json,high: static IR/ISA of the hsaco-identical recompile + launch record; source form from git show,static_isa profile MI300X.triton.radix_sort.int32.static_isa; counters in MI300X.triton.radix_sort.int32.rocprof_compute
MI300X.triton.radix_sort.int32.rocprof_compute,radix_scan_chunks_kernel,pointer loads (tl.load) in source; static loads: buffer_load_dwordx4 x1 {'vector(>=64b)': 1}; stores: buffer_store_dwordx4 x1 {'vector(>=64b)': 1}; loads with nt modifier: 0/1,not_observed (no v_mfma in static ISA),"LDS-staged (runtime shared 16 B; static ds_read x1, ds_write x1); scratch 0 B/work-item","TTGIR convert_layout x0, local_alloc x0; ds_bpermute/permute/swizzle x7; DPP VALU x0; threadsPerWarp layouts ['64']",not_observed (no VMEM atomic in static ISA),grid [77] = 77 WGs (0.253 per CU of 304); WG 256 threads = 4 waves; VGPR 11 AGPR 0 SGPR 20; LDS 16 B; scratch 0 B; compiler occupancy 8 waves/SIMD; launches 16,outputs/profiling/MI300X/analysis_2026-10-05/triton_ir/radix_sort__int32__radix_scan_chunks_kernel__FT7E25XG; outputs/profiling/MI300X/analysis_2026-10-05/replay_audit/radix_sort__int32__formal.json,high: static IR/ISA of the hsaco-identical recompile + launch record; source form from git show,static_isa profile MI300X.triton.radix_sort.int32.static_isa; counters in MI300X.triton.radix_sort.int32.rocprof_compute
MI300X.triton.radix_sort.int32.rocprof_compute,radix_scatter_kernel#0,"pointer loads (tl.load) in source; static loads: buffer_load_dword x4, global_load_dwordx4 x1 {'vector(>=64b)': 1, 'scalar(<=32b)': 4}; stores: global_store_dword x4 {'scalar(<=32b)': 4}; loads with nt modifier: 0/5",not_observed (no v_mfma in static ISA),"LDS-staged (runtime shared 8192 B; static ds_read x7, ds_write x5); scratch 0 B/work-item","TTGIR convert_layout x2, local_alloc x0; ds_bpermute/permute/swizzle x14; DPP VALU x0; threadsPerWarp layouts ['64']",not_observed (no VMEM atomic in static ISA),grid [19532] = 19532 WGs (64.2 per CU of 304); WG 256 threads = 4 waves; VGPR 41 AGPR 0 SGPR 23; LDS 8192 B; scratch 0 B; compiler occupancy 8 waves/SIMD; launches 2,outputs/profiling/MI300X/analysis_2026-10-05/triton_ir/radix_sort__int32__radix_scatter_kernel__DDWPPN3Q; outputs/profiling/MI300X/analysis_2026-10-05/replay_audit/radix_sort__int32__formal.json,high: static IR/ISA of the hsaco-identical recompile + launch record; source form from git show,static_isa profile MI300X.triton.radix_sort.int32.static_isa; counters in MI300X.triton.radix_sort.int32.rocprof_compute
MI300X.triton.radix_sort.int32.rocprof_compute,radix_scatter_kernel#1,"pointer loads (tl.load) in source; static loads: buffer_load_dword x4, global_load_dwordx4 x1 {'vector(>=64b)': 1, 'scalar(<=32b)': 4}; stores: global_store_dword x4 {'scalar(<=32b)': 4}; loads with nt modifier: 0/5",not_observed (no v_mfma in static ISA),"LDS-staged (runtime shared 8192 B; static ds_read x7, ds_write x5); scratch 0 B/work-item","TTGIR convert_layout x2, local_alloc x0; ds_bpermute/permute/swizzle x14; DPP VALU x0; threadsPerWarp layouts ['64']",not_observed (no VMEM atomic in static ISA),grid [19532] = 19532 WGs (64.2 per CU of 304); WG 256 threads = 4 waves; VGPR 41 AGPR 0 SGPR 23; LDS 8192 B; scratch 0 B; compiler occupancy 8 waves/SIMD; launches 14,outputs/profiling/MI300X/analysis_2026-10-05/triton_ir/radix_sort__int32__radix_scatter_kernel__WKCEIFSH; outputs/profiling/MI300X/analysis_2026-10-05/replay_audit/radix_sort__int32__formal.json,high: static IR/ISA of the hsaco-identical recompile + launch record; source form from git show,static_isa profile MI300X.triton.radix_sort.int32.static_isa; counters in MI300X.triton.radix_sort.int32.rocprof_compute
MI300X.triton.radix_sort.int32.rocprof_compute,radix_sum_chunks_kernel,pointer loads (tl.load) in source; static loads: buffer_load_dwordx4 x1 {'vector(>=64b)': 1}; stores: global_store_dword x1 {'scalar(<=32b)': 1}; loads with nt modifier: 0/1,not_observed (no v_mfma in static ISA),"LDS-staged (runtime shared 16 B; static ds_read x2, ds_write x2); scratch 0 B/work-item","TTGIR convert_layout x0, local_alloc x0; ds_bpermute/permute/swizzle x0; DPP VALU x8; threadsPerWarp layouts ['64']",not_observed (no VMEM atomic in static ISA),grid [77] = 77 WGs (0.253 per CU of 304); WG 256 threads = 4 waves; VGPR 6 AGPR 0 SGPR 20; LDS 16 B; scratch 0 B; compiler occupancy 8 waves/SIMD; launches 16,outputs/profiling/MI300X/analysis_2026-10-05/triton_ir/radix_sort__int32__radix_sum_chunks_kernel__6XKBS3HT; outputs/profiling/MI300X/analysis_2026-10-05/replay_audit/radix_sort__int32__formal.json,high: static IR/ISA of the hsaco-identical recompile + launch record; source form from git show,static_isa profile MI300X.triton.radix_sort.int32.static_isa; counters in MI300X.triton.radix_sort.int32.rocprof_compute
MI300X.triton.relu.bf16.rocprof_compute,relu_kernel,pointer loads (tl.load) in source; static loads: buffer_load_dwordx4 x2 {'vector(>=64b)': 2}; stores: buffer_store_dwordx4 x2 {'vector(>=64b)': 2}; loads with nt modifier: 0/2,not_observed (no v_mfma in static ISA),no LDS (registers + global memory); scratch 0 B/work-item,"TTGIR convert_layout x0, local_alloc x0; ds_bpermute/permute/swizzle x0; DPP VALU x0; threadsPerWarp layouts ['64']",not_observed (no VMEM atomic in static ISA),grid [10240] = 10240 WGs (33.7 per CU of 304); WG 128 threads = 2 waves; VGPR 26 AGPR 0 SGPR 19; LDS 0 B; scratch 0 B; compiler occupancy 8 waves/SIMD; launches 1,outputs/profiling/MI300X/analysis_2026-10-05/triton_ir/relu__bf16__relu_kernel__ODS63QO6; outputs/profiling/MI300X/analysis_2026-10-05/replay_audit/relu__bf16__formal.json,high: static IR/ISA of the hsaco-identical recompile + launch record; source form from git show,static_isa profile MI300X.triton.relu.bf16.static_isa; counters in MI300X.triton.relu.bf16.rocprof_compute
MI300X.triton.relu.fp16.rocprof_compute,relu_kernel,pointer loads (tl.load) in source; static loads: buffer_load_dwordx4 x2 {'vector(>=64b)': 2}; stores: buffer_store_dwordx4 x2 {'vector(>=64b)': 2}; loads with nt modifier: 0/2,not_observed (no v_mfma in static ISA),no LDS (registers + global memory); scratch 0 B/work-item,"TTGIR convert_layout x0, local_alloc x0; ds_bpermute/permute/swizzle x0; DPP VALU x0; threadsPerWarp layouts ['64']",not_observed (no VMEM atomic in static ISA),grid [10240] = 10240 WGs (33.7 per CU of 304); WG 128 threads = 2 waves; VGPR 18 AGPR 0 SGPR 19; LDS 0 B; scratch 0 B; compiler occupancy 8 waves/SIMD; launches 1,outputs/profiling/MI300X/analysis_2026-10-05/triton_ir/relu__fp16__relu_kernel__NJZOV774; outputs/profiling/MI300X/analysis_2026-10-05/replay_audit/relu__fp16__formal.json,high: static IR/ISA of the hsaco-identical recompile + launch record; source form from git show,static_isa profile MI300X.triton.relu.fp16.static_isa; counters in MI300X.triton.relu.fp16.rocprof_compute
MI300X.triton.relu.fp32.rocprof_compute,relu_kernel,pointer loads (tl.load) in source; static loads: buffer_load_dwordx4 x1 {'vector(>=64b)': 1}; stores: buffer_store_dwordx4 x1 {'vector(>=64b)': 1}; loads with nt modifier: 0/1,not_observed (no v_mfma in static ISA),no LDS (registers + global memory); scratch 0 B/work-item,"TTGIR convert_layout x0, local_alloc x0; ds_bpermute/permute/swizzle x0; DPP VALU x0; threadsPerWarp layouts ['64']",not_observed (no VMEM atomic in static ISA),grid [10240] = 10240 WGs (33.7 per CU of 304); WG 512 threads = 8 waves; VGPR 5 AGPR 0 SGPR 19; LDS 0 B; scratch 0 B; compiler occupancy 8 waves/SIMD; launches 1,outputs/profiling/MI300X/analysis_2026-10-05/triton_ir/relu__fp32__relu_kernel__QUS7CGFE; outputs/profiling/MI300X/analysis_2026-10-05/replay_audit/relu__fp32__formal.json,high: static IR/ISA of the hsaco-identical recompile + launch record; source form from git show,static_isa profile MI300X.triton.relu.fp32.static_isa; counters in MI300X.triton.relu.fp32.rocprof_compute
MI300X.triton.relu.int8.rocprof_compute,relu_kernel,pointer loads (tl.load) in source; static loads: buffer_load_dwordx2 x1 {'vector(>=64b)': 1}; stores: buffer_store_dwordx2 x1 {'vector(>=64b)': 1}; loads with nt modifier: 0/1,not_observed (no v_mfma in static ISA),no LDS (registers + global memory); scratch 0 B/work-item,"TTGIR convert_layout x0, local_alloc x0; ds_bpermute/permute/swizzle x0; DPP VALU x0; threadsPerWarp layouts ['64']",not_observed (no VMEM atomic in static ISA),grid [10240] = 10240 WGs (33.7 per CU of 304); WG 256 threads = 4 waves; VGPR 10 AGPR 0 SGPR 19; LDS 0 B; scratch 0 B; compiler occupancy 8 waves/SIMD; launches 1,outputs/profiling/MI300X/analysis_2026-10-05/triton_ir/relu__int8__relu_kernel__MHZJ74NZ; outputs/profiling/MI300X/analysis_2026-10-05/replay_audit/relu__int8__formal.json,high: static IR/ISA of the hsaco-identical recompile + launch record; source form from git show,static_isa profile MI300X.triton.relu.int8.static_isa; counters in MI300X.triton.relu.int8.rocprof_compute
MI300X.triton.reverse_array.bf16.rocprof_compute,reverse_kernel,pointer loads (tl.load) in source; static loads: buffer_load_ushort x4 {'scalar(<=32b)': 4}; stores: buffer_store_dwordx2 x1 {'vector(>=64b)': 1}; loads with nt modifier: 0/4,not_observed (no v_mfma in static ISA),no LDS (registers + global memory); scratch 0 B/work-item,"TTGIR convert_layout x0, local_alloc x0; ds_bpermute/permute/swizzle x0; DPP VALU x0; threadsPerWarp layouts ['64']",not_observed (no VMEM atomic in static ISA),grid [9766] = 9766 WGs (32.1 per CU of 304); WG 512 threads = 8 waves; VGPR 10 AGPR 0 SGPR 19; LDS 0 B; scratch 0 B; compiler occupancy 8 waves/SIMD; launches 1,outputs/profiling/MI300X/analysis_2026-10-05/triton_ir/reverse_array__bf16__reverse_kernel__PN7IOJUW; outputs/profiling/MI300X/analysis_2026-10-05/replay_audit/reverse_array__bf16__formal.json,high: static IR/ISA of the hsaco-identical recompile + launch record; source form from git show,static_isa profile MI300X.triton.reverse_array.bf16.static_isa; counters in MI300X.triton.reverse_array.bf16.rocprof_compute
MI300X.triton.reverse_array.fp16.rocprof_compute,reverse_kernel,pointer loads (tl.load) in source; static loads: buffer_load_ushort x4 {'scalar(<=32b)': 4}; stores: buffer_store_dwordx2 x1 {'vector(>=64b)': 1}; loads with nt modifier: 0/4,not_observed (no v_mfma in static ISA),no LDS (registers + global memory); scratch 0 B/work-item,"TTGIR convert_layout x0, local_alloc x0; ds_bpermute/permute/swizzle x0; DPP VALU x0; threadsPerWarp layouts ['64']",not_observed (no VMEM atomic in static ISA),grid [9766] = 9766 WGs (32.1 per CU of 304); WG 512 threads = 8 waves; VGPR 10 AGPR 0 SGPR 19; LDS 0 B; scratch 0 B; compiler occupancy 8 waves/SIMD; launches 1,outputs/profiling/MI300X/analysis_2026-10-05/triton_ir/reverse_array__fp16__reverse_kernel__3SDFFKN2; outputs/profiling/MI300X/analysis_2026-10-05/replay_audit/reverse_array__fp16__formal.json,high: static IR/ISA of the hsaco-identical recompile + launch record; source form from git show,static_isa profile MI300X.triton.reverse_array.fp16.static_isa; counters in MI300X.triton.reverse_array.fp16.rocprof_compute
MI300X.triton.reverse_array.fp32.rocprof_compute,reverse_kernel,pointer loads (tl.load) in source; static loads: buffer_load_dword x4 {'scalar(<=32b)': 4}; stores: buffer_store_dwordx4 x1 {'vector(>=64b)': 1}; loads with nt modifier: 0/4,not_observed (no v_mfma in static ISA),no LDS (registers + global memory); scratch 0 B/work-item,"TTGIR convert_layout x0, local_alloc x0; ds_bpermute/permute/swizzle x0; DPP VALU x0; threadsPerWarp layouts ['64']",not_observed (no VMEM atomic in static ISA),grid [19532] = 19532 WGs (64.2 per CU of 304); WG 256 threads = 4 waves; VGPR 10 AGPR 0 SGPR 19; LDS 0 B; scratch 0 B; compiler occupancy 8 waves/SIMD; launches 1,outputs/profiling/MI300X/analysis_2026-10-05/triton_ir/reverse_array__fp32__reverse_kernel__EQTR6277; outputs/profiling/MI300X/analysis_2026-10-05/replay_audit/reverse_array__fp32__formal.json,high: static IR/ISA of the hsaco-identical recompile + launch record; source form from git show,static_isa profile MI300X.triton.reverse_array.fp32.static_isa; counters in MI300X.triton.reverse_array.fp32.rocprof_compute
MI300X.triton.reverse_array.int8.rocprof_compute,reverse_kernel,pointer loads (tl.load) in source; static loads: buffer_load_ubyte x8 {'scalar(<=32b)': 8}; stores: buffer_store_dwordx2 x1 {'vector(>=64b)': 1}; loads with nt modifier: 0/8,not_observed (no v_mfma in static ISA),no LDS (registers + global memory); scratch 0 B/work-item,"TTGIR convert_layout x0, local_alloc x0; ds_bpermute/permute/swizzle x0; DPP VALU x0; threadsPerWarp layouts ['64']",not_observed (no VMEM atomic in static ISA),grid [9766] = 9766 WGs (32.1 per CU of 304); WG 256 threads = 4 waves; VGPR 18 AGPR 0 SGPR 19; LDS 0 B; scratch 0 B; compiler occupancy 8 waves/SIMD; launches 1,outputs/profiling/MI300X/analysis_2026-10-05/triton_ir/reverse_array__int8__reverse_kernel__4A5A24K7; outputs/profiling/MI300X/analysis_2026-10-05/replay_audit/reverse_array__int8__formal.json,high: static IR/ISA of the hsaco-identical recompile + launch record; source form from git show,static_isa profile MI300X.triton.reverse_array.int8.static_isa; counters in MI300X.triton.reverse_array.int8.rocprof_compute
MI300X.triton.rmsnorm.bf16.rocprof_compute,rmsnorm_kernel,pointer loads (tl.load) in source; static loads: buffer_load_dwordx2 x3 {'vector(>=64b)': 3}; stores: buffer_store_dwordx2 x1 {'vector(>=64b)': 1}; loads with nt modifier: 0/3,not_observed (no v_mfma in static ISA),"LDS-staged (runtime shared 32 B; static ds_read x2, ds_write x2); scratch 0 B/work-item","TTGIR convert_layout x0, local_alloc x0; ds_bpermute/permute/swizzle x0; DPP VALU x10; threadsPerWarp layouts ['64']",not_observed (no VMEM atomic in static ISA),grid [2048] = 2048 WGs (6.74 per CU of 304); WG 512 threads = 8 waves; VGPR 18 AGPR 0 SGPR 30; LDS 32 B; scratch 0 B; compiler occupancy 8 waves/SIMD; launches 1,outputs/profiling/MI300X/analysis_2026-10-05/triton_ir/rmsnorm__bf16__rmsnorm_kernel__AIYBGNED; outputs/profiling/MI300X/analysis_2026-10-05/replay_audit/rmsnorm__bf16__formal.json,high: static IR/ISA of the hsaco-identical recompile + launch record; source form from git show,static_isa profile MI300X.triton.rmsnorm.bf16.static_isa; counters in MI300X.triton.rmsnorm.bf16.rocprof_compute
MI300X.triton.rmsnorm.fp16.rocprof_compute,rmsnorm_kernel,pointer loads (tl.load) in source; static loads: buffer_load_dwordx2 x3 {'vector(>=64b)': 3}; stores: buffer_store_dwordx2 x1 {'vector(>=64b)': 1}; loads with nt modifier: 0/3,not_observed (no v_mfma in static ISA),"LDS-staged (runtime shared 8 B; static ds_read x2, ds_write x2); scratch 0 B/work-item","TTGIR convert_layout x0, local_alloc x0; ds_bpermute/permute/swizzle x0; DPP VALU x7; threadsPerWarp layouts ['64']",not_observed (no VMEM atomic in static ISA),grid [2048] = 2048 WGs (6.74 per CU of 304); WG 128 threads = 2 waves; VGPR 15 AGPR 0 SGPR 30; LDS 8 B; scratch 0 B; compiler occupancy 8 waves/SIMD; launches 1,outputs/profiling/MI300X/analysis_2026-10-05/triton_ir/rmsnorm__fp16__rmsnorm_kernel__FQVDOCAU; outputs/profiling/MI300X/analysis_2026-10-05/replay_audit/rmsnorm__fp16__formal.json,high: static IR/ISA of the hsaco-identical recompile + launch record; source form from git show,static_isa profile MI300X.triton.rmsnorm.fp16.static_isa; counters in MI300X.triton.rmsnorm.fp16.rocprof_compute
MI300X.triton.rmsnorm.fp32.rocprof_compute,rmsnorm_kernel,pointer loads (tl.load) in source; static loads: buffer_load_dwordx4 x6 {'vector(>=64b)': 6}; stores: buffer_store_dwordx4 x2 {'vector(>=64b)': 2}; loads with nt modifier: 0/6,not_observed (no v_mfma in static ISA),"LDS-staged (runtime shared 16 B; static ds_read x2, ds_write x2); scratch 0 B/work-item","TTGIR convert_layout x0, local_alloc x0; ds_bpermute/permute/swizzle x0; DPP VALU x8; threadsPerWarp layouts ['64']",not_observed (no VMEM atomic in static ISA),grid [2048] = 2048 WGs (6.74 per CU of 304); WG 256 threads = 4 waves; VGPR 25 AGPR 0 SGPR 30; LDS 16 B; scratch 0 B; compiler occupancy 8 waves/SIMD; launches 1,outputs/profiling/MI300X/analysis_2026-10-05/triton_ir/rmsnorm__fp32__rmsnorm_kernel__ABAB7V6L; outputs/profiling/MI300X/analysis_2026-10-05/replay_audit/rmsnorm__fp32__formal.json,high: static IR/ISA of the hsaco-identical recompile + launch record; source form from git show,static_isa profile MI300X.triton.rmsnorm.fp32.static_isa; counters in MI300X.triton.rmsnorm.fp32.rocprof_compute
MI300X.triton.rope.fp16.rocprof_compute,rope_embedding,pointer loads (tl.load) in source; static loads: buffer_load_dword x4 {'scalar(<=32b)': 4}; stores: buffer_store_dword x2 {'scalar(<=32b)': 2}; loads with nt modifier: 0/4,not_observed (no v_mfma in static ISA),no LDS (registers + global memory); scratch 0 B/work-item,"TTGIR convert_layout x0, local_alloc x0; ds_bpermute/permute/swizzle x0; DPP VALU x0; threadsPerWarp layouts ['2, 32']",not_observed (no VMEM atomic in static ISA),"grid [20480, 8] = 163840 WGs (539 per CU of 304); WG 128 threads = 2 waves; VGPR 7 AGPR 0 SGPR 34; LDS 0 B; scratch 0 B; compiler occupancy 8 waves/SIMD; launches 1",outputs/profiling/MI300X/analysis_2026-10-05/triton_ir/rope__fp16__rope_embedding__PUMTQCF7; outputs/profiling/MI300X/analysis_2026-10-05/replay_audit/rope__fp16__formal.json,high: static IR/ISA of the hsaco-identical recompile + launch record; source form from git show,static_isa profile MI300X.triton.rope.fp16.static_isa; counters in MI300X.triton.rope.fp16.rocprof_compute
MI300X.triton.rope.fp32.rocprof_compute,rope_embedding,pointer loads (tl.load) in source; static loads: buffer_load_dwordx2 x4 {'vector(>=64b)': 4}; stores: buffer_store_dwordx2 x2 {'vector(>=64b)': 2}; loads with nt modifier: 0/4,not_observed (no v_mfma in static ISA),no LDS (registers + global memory); scratch 0 B/work-item,"TTGIR convert_layout x0, local_alloc x0; ds_bpermute/permute/swizzle x0; DPP VALU x0; threadsPerWarp layouts ['2, 32']",not_observed (no VMEM atomic in static ISA),"grid [20480, 2] = 40960 WGs (135 per CU of 304); WG 512 threads = 8 waves; VGPR 12 AGPR 0 SGPR 34; LDS 0 B; scratch 0 B; compiler occupancy 8 waves/SIMD; launches 1",outputs/profiling/MI300X/analysis_2026-10-05/triton_ir/rope__fp32__rope_embedding__MLWX4OMI; outputs/profiling/MI300X/analysis_2026-10-05/replay_audit/rope__fp32__formal.json,high: static IR/ISA of the hsaco-identical recompile + launch record; source form from git show,static_isa profile MI300X.triton.rope.fp32.static_isa; counters in MI300X.triton.rope.fp32.rocprof_compute
MI300X.triton.sigmoid.bf16.rocprof_compute,sigmoid_kernel,pointer loads (tl.load) in source; static loads: buffer_load_dwordx4 x1 {'vector(>=64b)': 1}; stores: buffer_store_dwordx4 x1 {'vector(>=64b)': 1}; loads with nt modifier: 0/1,not_observed (no v_mfma in static ISA),no LDS (registers + global memory); scratch 0 B/work-item,"TTGIR convert_layout x0, local_alloc x0; ds_bpermute/permute/swizzle x0; DPP VALU x0; threadsPerWarp layouts ['64']",not_observed (no VMEM atomic in static ISA),grid [24415] = 24415 WGs (80.3 per CU of 304); WG 256 threads = 4 waves; VGPR 21 AGPR 0 SGPR 26; LDS 0 B; scratch 0 B; compiler occupancy 8 waves/SIMD; launches 1,outputs/profiling/MI300X/analysis_2026-10-05/triton_ir/sigmoid__bf16__sigmoid_kernel__A4FAWP4Q; outputs/profiling/MI300X/analysis_2026-10-05/replay_audit/sigmoid__bf16__formal.json,high: static IR/ISA of the hsaco-identical recompile + launch record; source form from git show,static_isa profile MI300X.triton.sigmoid.bf16.static_isa; counters in MI300X.triton.sigmoid.bf16.rocprof_compute
MI300X.triton.sigmoid.fp16.rocprof_compute,sigmoid_kernel,pointer loads (tl.load) in source; static loads: buffer_load_dwordx2 x1 {'vector(>=64b)': 1}; stores: buffer_store_dwordx2 x1 {'vector(>=64b)': 1}; loads with nt modifier: 0/1,not_observed (no v_mfma in static ISA),no LDS (registers + global memory); scratch 0 B/work-item,"TTGIR convert_layout x0, local_alloc x0; ds_bpermute/permute/swizzle x0; DPP VALU x0; threadsPerWarp layouts ['64']",not_observed (no VMEM atomic in static ISA),grid [24415] = 24415 WGs (80.3 per CU of 304); WG 512 threads = 8 waves; VGPR 25 AGPR 0 SGPR 19; LDS 0 B; scratch 0 B; compiler occupancy 8 waves/SIMD; launches 1,outputs/profiling/MI300X/analysis_2026-10-05/triton_ir/sigmoid__fp16__sigmoid_kernel__PHXHRGAU; outputs/profiling/MI300X/analysis_2026-10-05/replay_audit/sigmoid__fp16__formal.json,high: static IR/ISA of the hsaco-identical recompile + launch record; source form from git show,static_isa profile MI300X.triton.sigmoid.fp16.static_isa; counters in MI300X.triton.sigmoid.fp16.rocprof_compute
MI300X.triton.sigmoid.fp32.rocprof_compute,sigmoid_kernel,pointer loads (tl.load) in source; static loads: buffer_load_dwordx4 x1 {'vector(>=64b)': 1}; stores: buffer_store_dwordx4 x1 {'vector(>=64b)': 1}; loads with nt modifier: 0/1,not_observed (no v_mfma in static ISA),no LDS (registers + global memory); scratch 0 B/work-item,"TTGIR convert_layout x0, local_alloc x0; ds_bpermute/permute/swizzle x0; DPP VALU x0; threadsPerWarp layouts ['64']",not_observed (no VMEM atomic in static ISA),grid [24415] = 24415 WGs (80.3 per CU of 304); WG 512 threads = 8 waves; VGPR 25 AGPR 0 SGPR 19; LDS 0 B; scratch 0 B; compiler occupancy 8 waves/SIMD; launches 1,outputs/profiling/MI300X/analysis_2026-10-05/triton_ir/sigmoid__fp32__sigmoid_kernel__WLABAO4G; outputs/profiling/MI300X/analysis_2026-10-05/replay_audit/sigmoid__fp32__formal.json,high: static IR/ISA of the hsaco-identical recompile + launch record; source form from git show,static_isa profile MI300X.triton.sigmoid.fp32.static_isa; counters in MI300X.triton.sigmoid.fp32.rocprof_compute
MI300X.triton.softmax.fp16.rocprof_compute,softmax_online_kernel,pointer loads (tl.load) in source; static loads: buffer_load_dwordx4 x2 {'vector(>=64b)': 2}; stores: buffer_store_dwordx4 x1 {'vector(>=64b)': 1}; loads with nt modifier: 0/2,not_observed (no v_mfma in static ISA),"LDS-staged (runtime shared 16 B; static ds_read x4, ds_write x4); scratch 0 B/work-item","TTGIR convert_layout x0, local_alloc x0; ds_bpermute/permute/swizzle x0; DPP VALU x16; threadsPerWarp layouts ['64']",not_observed (no VMEM atomic in static ISA),grid [2048] = 2048 WGs (6.74 per CU of 304); WG 256 threads = 4 waves; VGPR 57 AGPR 0 SGPR 31; LDS 16 B; scratch 0 B; compiler occupancy 8 waves/SIMD; launches 1,outputs/profiling/MI300X/analysis_2026-10-05/triton_ir/softmax__fp16__softmax_online_kernel__XGZJDTZI; outputs/profiling/MI300X/analysis_2026-10-05/replay_audit/softmax__fp16__formal.json,high: static IR/ISA of the hsaco-identical recompile + launch record; source form from git show,static_isa profile MI300X.triton.softmax.fp16.static_isa; counters in MI300X.triton.softmax.fp16.rocprof_compute
MI300X.triton.softmax.fp32.rocprof_compute,softmax_online_kernel,pointer loads (tl.load) in source; static loads: buffer_load_dwordx4 x4 {'vector(>=64b)': 4}; stores: buffer_store_dwordx4 x2 {'vector(>=64b)': 2}; loads with nt modifier: 0/4,not_observed (no v_mfma in static ISA),"LDS-staged (runtime shared 16 B; static ds_read x4, ds_write x4); scratch 0 B/work-item","TTGIR convert_layout x0, local_alloc x0; ds_bpermute/permute/swizzle x0; DPP VALU x16; threadsPerWarp layouts ['64']",not_observed (no VMEM atomic in static ISA),grid [2048] = 2048 WGs (6.74 per CU of 304); WG 256 threads = 4 waves; VGPR 54 AGPR 0 SGPR 31; LDS 16 B; scratch 0 B; compiler occupancy 8 waves/SIMD; launches 1,outputs/profiling/MI300X/analysis_2026-10-05/triton_ir/softmax__fp32__softmax_online_kernel__4HQN3HAN; outputs/profiling/MI300X/analysis_2026-10-05/replay_audit/softmax__fp32__formal.json,high: static IR/ISA of the hsaco-identical recompile + launch record; source form from git show,static_isa profile MI300X.triton.softmax.fp32.static_isa; counters in MI300X.triton.softmax.fp32.rocprof_compute
MI300X.triton.streamk_matmul.bf16.rocprof_compute,first_wave,"TensorDescriptor in source (descriptor args: a_desc,b_desc); dumped TTIR has 0 descriptor ops and 2 tt.load -> lowered to pointer/buffer loads on gfx942 (no TMA); static loads: global_load_ushort x48 {'scalar(<=32b)': 48}; stores: none {}; loads with nt modifier: 0/48","MFMA: v_mfma_f32_32x32x8_bf16 x32; measured MFMA util (2.1.10 Avg, kernel-name aggregate) 2.3305064498008843 %","LDS-staged (runtime shared 32768 B; static ds_read x44, ds_write x40); scratch 0 B/work-item","TTGIR convert_layout x2, local_alloc x1; ds_bpermute/permute/swizzle x0; DPP VALU x0; threadsPerWarp layouts ['1, 64', '64, 1']","static atomics: buffer_atomic_add_f32 x128 (scope modifiers as emitted); kernel-name aggregate counters: vL1D atomic req (16.3.3) 25526300.0, L2 atomic req (17.3.4) 6381570.0, L2-Fabric atomic req (17.6.11) 6381570.0, L2 atomic latency cycles (17.2.11) 469.3327817449311, memory chart Fabric_L2 Atomic (3.1.46) 6381570.0",grid [304] = 304 WGs (1 per CU of 304); WG 256 threads = 4 waves; VGPR 256 AGPR 154 SGPR 68; LDS 32768 B; scratch 0 B; compiler occupancy 1 waves/SIMD; launches 1,outputs/profiling/MI300X/analysis_2026-10-05/triton_ir/streamk_matmul__bf16__first_wave__NPXBDRC3; outputs/profiling/MI300X/analysis_2026-10-05/replay_audit/streamk_matmul__bf16__formal.json,high: static IR/ISA of the hsaco-identical recompile + launch record; source form from git show,static_isa profile MI300X.triton.streamk_matmul.bf16.static_isa; counters in MI300X.triton.streamk_matmul.bf16.rocprof_compute
MI300X.triton.streamk_matmul.bf16.rocprof_compute,full_tiles,"TensorDescriptor in source (descriptor args: a_desc,b_desc,c_desc); dumped TTIR has 0 descriptor ops and 2 tt.load -> lowered to pointer/buffer loads on gfx942 (no TMA); static loads: global_load_ushort x48 {'scalar(<=32b)': 48}; stores: global_store_dword x128 {'scalar(<=32b)': 128}; loads with nt modifier: 0/48","MFMA: v_mfma_f32_32x32x8_bf16 x32; measured MFMA util (2.1.10 Avg, kernel-name aggregate) 2.9224134383438534 %","LDS-staged (runtime shared 8192 B; static ds_read x12, ds_write x8); scratch 0 B/work-item","TTGIR convert_layout x1, local_alloc x1; ds_bpermute/permute/swizzle x0; DPP VALU x0; threadsPerWarp layouts ['64, 1']",not_observed (no VMEM atomic in static ISA),grid [6688] = 6688 WGs (22 per CU of 304); WG 256 threads = 4 waves; VGPR 82 AGPR 128 SGPR 94; LDS 8192 B; scratch 0 B; compiler occupancy 2 waves/SIMD; launches 1,outputs/profiling/MI300X/analysis_2026-10-05/triton_ir/streamk_matmul__bf16__full_tiles__EKHO53OU; outputs/profiling/MI300X/analysis_2026-10-05/replay_audit/streamk_matmul__bf16__formal.json,high: static IR/ISA of the hsaco-identical recompile + launch record; source form from git show,static_isa profile MI300X.triton.streamk_matmul.bf16.static_isa; counters in MI300X.triton.streamk_matmul.bf16.rocprof_compute
MI300X.triton.streamk_matmul.fp16.rocprof_compute,first_wave,"TensorDescriptor in source (descriptor args: a_desc,b_desc); dumped TTIR has 0 descriptor ops and 2 tt.load -> lowered to pointer/buffer loads on gfx942 (no TMA); static loads: global_load_ushort x96 {'scalar(<=32b)': 96}; stores: none {}; loads with nt modifier: 0/96","MFMA: v_mfma_f32_32x32x8_f16 x64; measured MFMA util (2.1.10 Avg, kernel-name aggregate) 2.259909507583198 %","LDS-staged (runtime shared 32768 B; static ds_read x56, ds_write x48); scratch 0 B/work-item","TTGIR convert_layout x2, local_alloc x1; ds_bpermute/permute/swizzle x0; DPP VALU x0; threadsPerWarp layouts ['1, 64', '64, 1']","static atomics: buffer_atomic_add_f32 x128 (scope modifiers as emitted); kernel-name aggregate counters: vL1D atomic req (16.3.3) 25526300.0, L2 atomic req (17.3.4) 6381570.0, L2-Fabric atomic req (17.6.11) 6381570.0, L2 atomic latency cycles (17.2.11) 472.17064139388896, memory chart Fabric_L2 Atomic (3.1.46) 6381570.0",grid [304] = 304 WGs (1 per CU of 304); WG 256 threads = 4 waves; VGPR 256 AGPR 163 SGPR 66; LDS 32768 B; scratch 0 B; compiler occupancy 1 waves/SIMD; launches 1,outputs/profiling/MI300X/analysis_2026-10-05/triton_ir/streamk_matmul__fp16__first_wave__J4WABTH7; outputs/profiling/MI300X/analysis_2026-10-05/replay_audit/streamk_matmul__fp16__formal.json,high: static IR/ISA of the hsaco-identical recompile + launch record; source form from git show,static_isa profile MI300X.triton.streamk_matmul.fp16.static_isa; counters in MI300X.triton.streamk_matmul.fp16.rocprof_compute
MI300X.triton.streamk_matmul.fp16.rocprof_compute,full_tiles,"TensorDescriptor in source (descriptor args: a_desc,b_desc,c_desc); dumped TTIR has 0 descriptor ops and 2 tt.load -> lowered to pointer/buffer loads on gfx942 (no TMA); static loads: global_load_ushort x96 {'scalar(<=32b)': 96}; stores: global_store_dword x128 {'scalar(<=32b)': 128}; loads with nt modifier: 0/96","MFMA: v_mfma_f32_32x32x8_f16 x64; measured MFMA util (2.1.10 Avg, kernel-name aggregate) 2.9457369425940994 %","LDS-staged (runtime shared 16384 B; static ds_read x24, ds_write x16); scratch 0 B/work-item","TTGIR convert_layout x1, local_alloc x1; ds_bpermute/permute/swizzle x0; DPP VALU x0; threadsPerWarp layouts ['64, 1']",not_observed (no VMEM atomic in static ISA),grid [6688] = 6688 WGs (22 per CU of 304); WG 256 threads = 4 waves; VGPR 128 AGPR 128 SGPR 94; LDS 16384 B; scratch 0 B; compiler occupancy 2 waves/SIMD; launches 1,outputs/profiling/MI300X/analysis_2026-10-05/triton_ir/streamk_matmul__fp16__full_tiles__2DYQKKK4; outputs/profiling/MI300X/analysis_2026-10-05/replay_audit/streamk_matmul__fp16__formal.json,high: static IR/ISA of the hsaco-identical recompile + launch record; source form from git show,static_isa profile MI300X.triton.streamk_matmul.fp16.static_isa; counters in MI300X.triton.streamk_matmul.fp16.rocprof_compute
MI300X.triton.streamk_matmul.fp32.rocprof_compute,first_wave,"TensorDescriptor in source (descriptor args: a_desc,b_desc); dumped TTIR has 0 descriptor ops and 2 tt.load -> lowered to pointer/buffer loads on gfx942 (no TMA); static loads: global_load_dword x144 {'scalar(<=32b)': 144}; stores: none {}; loads with nt modifier: 0/144","MFMA: v_mfma_f32_32x32x4_xf32 x192; measured MFMA util (2.1.10 Avg, kernel-name aggregate) 6.380700318634412 %","LDS-staged (runtime shared 32768 B; static ds_read x80, ds_write x56); scratch 164 B/work-item (register spill to scratch)","TTGIR convert_layout x3, local_alloc x1; ds_bpermute/permute/swizzle x0; DPP VALU x0; threadsPerWarp layouts ['1, 64', '64, 1']","static atomics: buffer_atomic_add_f32 x128 (scope modifiers as emitted); kernel-name aggregate counters: vL1D atomic req (16.3.3) 25526300.0, L2 atomic req (17.3.4) 6381570.0, L2-Fabric atomic req (17.6.11) 6381570.0, L2 atomic latency cycles (17.2.11) 519.2499651339717, memory chart Fabric_L2 Atomic (3.1.46) 6381570.0",grid [304] = 304 WGs (1 per CU of 304); WG 256 threads = 4 waves; VGPR 256 AGPR 256 SGPR 98; LDS 32768 B; scratch 164 B; compiler occupancy 1 waves/SIMD; launches 1,outputs/profiling/MI300X/analysis_2026-10-05/triton_ir/streamk_matmul__fp32__first_wave__IEM3FUFN; outputs/profiling/MI300X/analysis_2026-10-05/replay_audit/streamk_matmul__fp32__formal.json,high: static IR/ISA of the hsaco-identical recompile + launch record; source form from git show,static_isa profile MI300X.triton.streamk_matmul.fp32.static_isa; counters in MI300X.triton.streamk_matmul.fp32.rocprof_compute
MI300X.triton.streamk_matmul.fp32.rocprof_compute,full_tiles,"TensorDescriptor in source (descriptor args: a_desc,b_desc,c_desc); dumped TTIR has 0 descriptor ops and 2 tt.load -> lowered to pointer/buffer loads on gfx942 (no TMA); static loads: global_load_dword x144 {'scalar(<=32b)': 144}; stores: global_store_dword x128 {'scalar(<=32b)': 128}; loads with nt modifier: 0/144","MFMA: v_mfma_f32_32x32x4_xf32 x192; measured MFMA util (2.1.10 Avg, kernel-name aggregate) 8.062038323435944 %","LDS-staged (runtime shared 32768 B; static ds_read x76, ds_write x24); scratch 0 B/work-item","TTGIR convert_layout x2, local_alloc x1; ds_bpermute/permute/swizzle x0; DPP VALU x0; threadsPerWarp layouts ['64, 1']",not_observed (no VMEM atomic in static ISA),grid [6688] = 6688 WGs (22 per CU of 304); WG 256 threads = 4 waves; VGPR 256 AGPR 170 SGPR 106; LDS 32768 B; scratch 0 B; compiler occupancy 1 waves/SIMD; launches 1,outputs/profiling/MI300X/analysis_2026-10-05/triton_ir/streamk_matmul__fp32__full_tiles__WSHUYL4W; outputs/profiling/MI300X/analysis_2026-10-05/replay_audit/streamk_matmul__fp32__formal.json,high: static IR/ISA of the hsaco-identical recompile + launch record; source form from git show,static_isa profile MI300X.triton.streamk_matmul.fp32.static_isa; counters in MI300X.triton.streamk_matmul.fp32.rocprof_compute
MI300X.triton.swiglu.bf16.rocprof_compute,swiglu_kernel,pointer loads (tl.load) in source; static loads: buffer_load_dwordx2 x2 {'vector(>=64b)': 2}; stores: buffer_store_dwordx2 x1 {'vector(>=64b)': 1}; loads with nt modifier: 0/2,not_observed (no v_mfma in static ISA),no LDS (registers + global memory); scratch 0 B/work-item,"TTGIR convert_layout x0, local_alloc x0; ds_bpermute/permute/swizzle x0; DPP VALU x0; threadsPerWarp layouts ['64']",not_observed (no VMEM atomic in static ISA),grid [163840] = 163840 WGs (539 per CU of 304); WG 128 threads = 2 waves; VGPR 30 AGPR 0 SGPR 26; LDS 0 B; scratch 0 B; compiler occupancy 8 waves/SIMD; launches 1,outputs/profiling/MI300X/analysis_2026-10-05/triton_ir/swiglu__bf16__swiglu_kernel__S4ZNEICK; outputs/profiling/MI300X/analysis_2026-10-05/replay_audit/swiglu__bf16__formal.json,high: static IR/ISA of the hsaco-identical recompile + launch record; source form from git show,static_isa profile MI300X.triton.swiglu.bf16.static_isa; counters in MI300X.triton.swiglu.bf16.rocprof_compute
MI300X.triton.swiglu.fp16.rocprof_compute,swiglu_kernel,pointer loads (tl.load) in source; static loads: buffer_load_dwordx2 x2 {'vector(>=64b)': 2}; stores: buffer_store_dwordx2 x1 {'vector(>=64b)': 1}; loads with nt modifier: 0/2,not_observed (no v_mfma in static ISA),no LDS (registers + global memory); scratch 0 B/work-item,"TTGIR convert_layout x0, local_alloc x0; ds_bpermute/permute/swizzle x0; DPP VALU x0; threadsPerWarp layouts ['64']",not_observed (no VMEM atomic in static ISA),grid [81920] = 81920 WGs (269 per CU of 304); WG 256 threads = 4 waves; VGPR 31 AGPR 0 SGPR 26; LDS 0 B; scratch 0 B; compiler occupancy 8 waves/SIMD; launches 1,outputs/profiling/MI300X/analysis_2026-10-05/triton_ir/swiglu__fp16__swiglu_kernel__AUAWLW6Y; outputs/profiling/MI300X/analysis_2026-10-05/replay_audit/swiglu__fp16__formal.json,high: static IR/ISA of the hsaco-identical recompile + launch record; source form from git show,static_isa profile MI300X.triton.swiglu.fp16.static_isa; counters in MI300X.triton.swiglu.fp16.rocprof_compute
MI300X.triton.swiglu.fp32.rocprof_compute,swiglu_kernel,pointer loads (tl.load) in source; static loads: buffer_load_dwordx4 x4 {'vector(>=64b)': 4}; stores: buffer_store_dwordx4 x2 {'vector(>=64b)': 2}; loads with nt modifier: 0/4,not_observed (no v_mfma in static ISA),no LDS (registers + global memory); scratch 0 B/work-item,"TTGIR convert_layout x0, local_alloc x0; ds_bpermute/permute/swizzle x0; DPP VALU x0; threadsPerWarp layouts ['64']",not_observed (no VMEM atomic in static ISA),grid [40960] = 40960 WGs (135 per CU of 304); WG 256 threads = 4 waves; VGPR 36 AGPR 0 SGPR 26; LDS 0 B; scratch 0 B; compiler occupancy 8 waves/SIMD; launches 1,outputs/profiling/MI300X/analysis_2026-10-05/triton_ir/swiglu__fp32__swiglu_kernel__VLCW3Q3T; outputs/profiling/MI300X/analysis_2026-10-05/replay_audit/swiglu__fp32__formal.json,high: static IR/ISA of the hsaco-identical recompile + launch record; source form from git show,static_isa profile MI300X.triton.swiglu.fp32.static_isa; counters in MI300X.triton.swiglu.fp32.rocprof_compute
MI300X.triton.top_k_selection.fp32.rocprof_compute,block_topk_kernel,pointer loads (tl.load) in source; static loads: buffer_load_dwordx4 x2 {'vector(>=64b)': 2}; stores: buffer_store_dwordx2 x1 {'vector(>=64b)': 1}; loads with nt modifier: 0/2,not_observed (no v_mfma in static ISA),"LDS-staged (runtime shared 16384 B; static ds_read x77, ds_write x83); scratch 0 B/work-item","TTGIR convert_layout x1, local_alloc x0; ds_bpermute/permute/swizzle x80; DPP VALU x412; threadsPerWarp layouts ['1, 1, 1, 1, 2, 2, 2, 2, 2, 2, 1, 1', '64']",not_observed (no VMEM atomic in static ISA),grid [256] = 256 WGs (0.842 per CU of 304); WG 512 threads = 8 waves; VGPR 59 AGPR 0 SGPR 31; LDS 16384 B; scratch 0 B; compiler occupancy 8 waves/SIMD; launches 5,outputs/profiling/MI300X/analysis_2026-10-05/triton_ir/top_k_selection__fp32__block_topk_kernel__MAP5XJNS; outputs/profiling/MI300X/analysis_2026-10-05/replay_audit/top_k_selection__fp32__formal.json,high: static IR/ISA of the hsaco-identical recompile + launch record; source form from git show,static_isa profile MI300X.triton.top_k_selection.fp32.static_isa; counters in MI300X.triton.top_k_selection.fp32.rocprof_compute
MI300X.triton.vector_add.bf16.rocprof_compute,add_kernel,pointer loads (tl.load) in source; static loads: buffer_load_dwordx4 x2 {'vector(>=64b)': 2}; stores: buffer_store_dwordx4 x1 {'vector(>=64b)': 1}; loads with nt modifier: 0/2,not_observed (no v_mfma in static ISA),no LDS (registers + global memory); scratch 0 B/work-item,"TTGIR convert_layout x0, local_alloc x0; ds_bpermute/permute/swizzle x0; DPP VALU x0; threadsPerWarp layouts ['64']",not_observed (no VMEM atomic in static ISA),grid [10240] = 10240 WGs (33.7 per CU of 304); WG 256 threads = 4 waves; VGPR 20 AGPR 0 SGPR 26; LDS 0 B; scratch 0 B; compiler occupancy 8 waves/SIMD; launches 1,outputs/profiling/MI300X/analysis_2026-10-05/triton_ir/vector_add__bf16__add_kernel__Y5WZ2EM3; outputs/profiling/MI300X/analysis_2026-10-05/replay_audit/vector_add__bf16__formal.json,high: static IR/ISA of the hsaco-identical recompile + launch record; source form from git show,static_isa profile MI300X.triton.vector_add.bf16.static_isa; counters in MI300X.triton.vector_add.bf16.rocprof_compute
MI300X.triton.vector_add.fp16.rocprof_compute,add_kernel,pointer loads (tl.load) in source; static loads: buffer_load_dword x2 {'scalar(<=32b)': 2}; stores: buffer_store_dword x1 {'scalar(<=32b)': 1}; loads with nt modifier: 0/2,not_observed (no v_mfma in static ISA),no LDS (registers + global memory); scratch 0 B/work-item,"TTGIR convert_layout x0, local_alloc x0; ds_bpermute/permute/swizzle x0; DPP VALU x0; threadsPerWarp layouts ['64']",not_observed (no VMEM atomic in static ISA),grid [40960] = 40960 WGs (135 per CU of 304); WG 256 threads = 4 waves; VGPR 3 AGPR 0 SGPR 22; LDS 0 B; scratch 0 B; compiler occupancy 8 waves/SIMD; launches 1,outputs/profiling/MI300X/analysis_2026-10-05/triton_ir/vector_add__fp16__add_kernel__VG3E2ZRP; outputs/profiling/MI300X/analysis_2026-10-05/replay_audit/vector_add__fp16__formal.json,high: static IR/ISA of the hsaco-identical recompile + launch record; source form from git show,static_isa profile MI300X.triton.vector_add.fp16.static_isa; counters in MI300X.triton.vector_add.fp16.rocprof_compute
MI300X.triton.vector_add.fp32.rocprof_compute,add_kernel,pointer loads (tl.load) in source; static loads: buffer_load_dword x2 {'scalar(<=32b)': 2}; stores: buffer_store_dword x1 {'scalar(<=32b)': 1}; loads with nt modifier: 0/2,not_observed (no v_mfma in static ISA),no LDS (registers + global memory); scratch 0 B/work-item,"TTGIR convert_layout x0, local_alloc x0; ds_bpermute/permute/swizzle x0; DPP VALU x0; threadsPerWarp layouts ['64']",not_observed (no VMEM atomic in static ISA),grid [40960] = 40960 WGs (135 per CU of 304); WG 512 threads = 8 waves; VGPR 3 AGPR 0 SGPR 22; LDS 0 B; scratch 0 B; compiler occupancy 8 waves/SIMD; launches 1,outputs/profiling/MI300X/analysis_2026-10-05/triton_ir/vector_add__fp32__add_kernel__KXOUG3QX; outputs/profiling/MI300X/analysis_2026-10-05/replay_audit/vector_add__fp32__formal.json,high: static IR/ISA of the hsaco-identical recompile + launch record; source form from git show,static_isa profile MI300X.triton.vector_add.fp32.static_isa; counters in MI300X.triton.vector_add.fp32.rocprof_compute
MI300X.triton.vector_add.int8.rocprof_compute,add_kernel,pointer loads (tl.load) in source; static loads: buffer_load_dword x2 {'scalar(<=32b)': 2}; stores: buffer_store_dword x1 {'scalar(<=32b)': 1}; loads with nt modifier: 0/2,not_observed (no v_mfma in static ISA),no LDS (registers + global memory); scratch 0 B/work-item,"TTGIR convert_layout x0, local_alloc x0; ds_bpermute/permute/swizzle x0; DPP VALU x0; threadsPerWarp layouts ['64']",not_observed (no VMEM atomic in static ISA),grid [20480] = 20480 WGs (67.4 per CU of 304); WG 256 threads = 4 waves; VGPR 6 AGPR 0 SGPR 22; LDS 0 B; scratch 0 B; compiler occupancy 8 waves/SIMD; launches 1,outputs/profiling/MI300X/analysis_2026-10-05/triton_ir/vector_add__int8__add_kernel__OVL5JFGA; outputs/profiling/MI300X/analysis_2026-10-05/replay_audit/vector_add__int8__formal.json,high: static IR/ISA of the hsaco-identical recompile + launch record; source form from git show,static_isa profile MI300X.triton.vector_add.int8.static_isa; counters in MI300X.triton.vector_add.int8.rocprof_compute
MI300X.triton.weight_dequant.bf16.rocprof_compute,dequant_kernel,"pointer loads (tl.load) in source; static loads: buffer_load_dwordx4 x1, buffer_load_ushort x1 {'vector(>=64b)': 1, 'scalar(<=32b)': 1}; stores: buffer_store_dwordx4 x1 {'vector(>=64b)': 1}; loads with nt modifier: 0/2",not_observed (no v_mfma in static ISA),no LDS (registers + global memory); scratch 0 B/work-item,"TTGIR convert_layout x0, local_alloc x0; ds_bpermute/permute/swizzle x0; DPP VALU x0; threadsPerWarp layouts ['64']",not_observed (no VMEM atomic in static ISA),grid [51200] = 51200 WGs (168 per CU of 304); WG 256 threads = 4 waves; VGPR 18 AGPR 0 SGPR 26; LDS 0 B; scratch 0 B; compiler occupancy 8 waves/SIMD; launches 1,outputs/profiling/MI300X/analysis_2026-10-05/triton_ir/weight_dequant__bf16__dequant_kernel__U2HHVUCM; outputs/profiling/MI300X/analysis_2026-10-05/replay_audit/weight_dequant__bf16__formal.json,high: static IR/ISA of the hsaco-identical recompile + launch record; source form from git show,static_isa profile MI300X.triton.weight_dequant.bf16.static_isa; counters in MI300X.triton.weight_dequant.bf16.rocprof_compute
MI300X.triton.weight_dequant.fp16.rocprof_compute,dequant_kernel,"pointer loads (tl.load) in source; static loads: buffer_load_dwordx2 x1, buffer_load_ushort x1 {'vector(>=64b)': 1, 'scalar(<=32b)': 1}; stores: buffer_store_dwordx2 x1 {'vector(>=64b)': 1}; loads with nt modifier: 0/2",not_observed (no v_mfma in static ISA),no LDS (registers + global memory); scratch 0 B/work-item,"TTGIR convert_layout x0, local_alloc x0; ds_bpermute/permute/swizzle x0; DPP VALU x0; threadsPerWarp layouts ['64']",not_observed (no VMEM atomic in static ISA),grid [102400] = 102400 WGs (337 per CU of 304); WG 256 threads = 4 waves; VGPR 6 AGPR 0 SGPR 19; LDS 0 B; scratch 0 B; compiler occupancy 8 waves/SIMD; launches 1,outputs/profiling/MI300X/analysis_2026-10-05/triton_ir/weight_dequant__fp16__dequant_kernel__E7CLRAJT; outputs/profiling/MI300X/analysis_2026-10-05/replay_audit/weight_dequant__fp16__formal.json,high: static IR/ISA of the hsaco-identical recompile + launch record; source form from git show,static_isa profile MI300X.triton.weight_dequant.fp16.static_isa; counters in MI300X.triton.weight_dequant.fp16.rocprof_compute
MI300X.triton.weight_dequant.fp32.rocprof_compute,dequant_kernel,"pointer loads (tl.load) in source; static loads: buffer_load_dword x1, buffer_load_dwordx4 x1 {'vector(>=64b)': 1, 'scalar(<=32b)': 1}; stores: buffer_store_dwordx4 x1 {'vector(>=64b)': 1}; loads with nt modifier: 0/2",not_observed (no v_mfma in static ISA),no LDS (registers + global memory); scratch 0 B/work-item,"TTGIR convert_layout x0, local_alloc x0; ds_bpermute/permute/swizzle x0; DPP VALU x0; threadsPerWarp layouts ['64']",not_observed (no VMEM atomic in static ISA),grid [51200] = 51200 WGs (168 per CU of 304); WG 512 threads = 8 waves; VGPR 8 AGPR 0 SGPR 19; LDS 0 B; scratch 0 B; compiler occupancy 8 waves/SIMD; launches 1,outputs/profiling/MI300X/analysis_2026-10-05/triton_ir/weight_dequant__fp32__dequant_kernel__PGUTZTW3; outputs/profiling/MI300X/analysis_2026-10-05/replay_audit/weight_dequant__fp32__formal.json,high: static IR/ISA of the hsaco-identical recompile + launch record; source form from git show,static_isa profile MI300X.triton.weight_dequant.fp32.static_isa; counters in MI300X.triton.weight_dequant.fp32.rocprof_compute
