profile_id,device,dsl,operator,dtype,case_id,params_json,collection_level,replay_mode,report_path,report_sha256,report_origin,report_revision,benchmark_case_match_status,code_match_status,launch_count,notes,profiling_source_sha,profiled_params_full_json,kernel_config_json
MI300X.torch.1d_conv.fp16.kernel_trace,MI300X,pytorch,1d_conv,fp16,62b6772450dac6e5228013a17caec4bfee1b60ce0190bb266adb3c9593276b43,"{""L"":2621440}",rocprofv3 --kernel-trace --marker-trace of ONE PyTorch reference call inside a ROCTx range (after 3 prime calls),single application run,outputs/profiling/MI300X/analysis_2026-10-05/data/torch_kernels.json#1d_conv/fp16,25aff016f2c6eaee3d87052fb7f82dd09cf64ffaa5025875b43d566b933f8d89,local analysis_2026-10-05/data/torch_kernels.json (derived by scripts/torch_parse.py),analysis_2026-10-05,matched,not_applicable (vendor/ATen binaries; library versions in environment.json),5,RAW rocprofv3 trace CSVs were written to a session scratch directory and are NOT retained; only the derived per-kernel table is available (kernel names truncated to 300 chars). Input = ncu_catalogue winner params (identical to the rocprof-compute capture params: True). swept params equal the CSV row; other params equal config case_defaults; largest-row (last CSV row of this dtype),5b82f8afed59f83c3f39696338e7ce51dec38de7,"{""L"":2621440,""batch"":1,""groups"":1,""in_channels"":128,""kernel_size"":3,""out_channels"":128,""padding"":1,""stride"":1}","{""BLOCK_SIZE_BATCH_LENGTH"":128,""BLOCK_SIZE_IN_FEAT"":16,""BLOCK_SIZE_OUT_FEAT"":128,""num_stages"":2,""num_warps"":8}"
MI300X.torch.1d_conv.fp32.kernel_trace,MI300X,pytorch,1d_conv,fp32,d4f4f52857e74ab88a6c751aa9aa44c9692f604c1313b6b368d2500a72e20f58,"{""L"":2621440}",rocprofv3 --kernel-trace --marker-trace of ONE PyTorch reference call inside a ROCTx range (after 3 prime calls),single application run,outputs/profiling/MI300X/analysis_2026-10-05/data/torch_kernels.json#1d_conv/fp32,25aff016f2c6eaee3d87052fb7f82dd09cf64ffaa5025875b43d566b933f8d89,local analysis_2026-10-05/data/torch_kernels.json (derived by scripts/torch_parse.py),analysis_2026-10-05,matched,not_applicable (vendor/ATen binaries; library versions in environment.json),5,RAW rocprofv3 trace CSVs were written to a session scratch directory and are NOT retained; only the derived per-kernel table is available (kernel names truncated to 300 chars). Input = ncu_catalogue winner params (identical to the rocprof-compute capture params: True). swept params equal the CSV row; other params equal config case_defaults; largest-row (last CSV row of this dtype),5b82f8afed59f83c3f39696338e7ce51dec38de7,"{""L"":2621440,""batch"":1,""groups"":1,""in_channels"":128,""kernel_size"":3,""out_channels"":128,""padding"":1,""stride"":1}","{""BLOCK_SIZE_BATCH_LENGTH"":128,""BLOCK_SIZE_IN_FEAT"":32,""BLOCK_SIZE_OUT_FEAT"":128,""num_stages"":2,""num_warps"":8}"
MI300X.torch.2d_conv.fp16.kernel_trace,MI300X,pytorch,2d_conv,fp16,1533619675334e4cfa2bc5555f0aa664503ee39fb500e0feaba966b0f00d8ab7,"{""H"":320}",rocprofv3 --kernel-trace --marker-trace of ONE PyTorch reference call inside a ROCTx range (after 3 prime calls),single application run,outputs/profiling/MI300X/analysis_2026-10-05/data/torch_kernels.json#2d_conv/fp16,25aff016f2c6eaee3d87052fb7f82dd09cf64ffaa5025875b43d566b933f8d89,local analysis_2026-10-05/data/torch_kernels.json (derived by scripts/torch_parse.py),analysis_2026-10-05,matched,not_applicable (vendor/ATen binaries; library versions in environment.json),1,RAW rocprofv3 trace CSVs were written to a session scratch directory and are NOT retained; only the derived per-kernel table is available (kernel names truncated to 300 chars). Input = ncu_catalogue winner params (identical to the rocprof-compute capture params: True). swept params equal the CSV row; other params equal config case_defaults; largest-row (last CSV row of this dtype),5b82f8afed59f83c3f39696338e7ce51dec38de7,"{""H"":320,""batch"":1,""groups"":1,""in_channels"":128,""kernel_size"":3,""out_channels"":128,""padding"":1,""stride"":1}","{""BLOCK_SIZE_BATCH_HEIGHT_WIDTH"":128,""BLOCK_SIZE_IN_FEAT"":64,""BLOCK_SIZE_OUT_FEAT"":64,""num_stages"":4,""num_warps"":8}"
MI300X.torch.2d_conv.fp32.kernel_trace,MI300X,pytorch,2d_conv,fp32,f7125863f1d97c5950fd2a8b8d9a1284667232f6f34902e2056aa51a4948dc2e,"{""H"":320}",rocprofv3 --kernel-trace --marker-trace of ONE PyTorch reference call inside a ROCTx range (after 3 prime calls),single application run,outputs/profiling/MI300X/analysis_2026-10-05/data/torch_kernels.json#2d_conv/fp32,25aff016f2c6eaee3d87052fb7f82dd09cf64ffaa5025875b43d566b933f8d89,local analysis_2026-10-05/data/torch_kernels.json (derived by scripts/torch_parse.py),analysis_2026-10-05,matched,not_applicable (vendor/ATen binaries; library versions in environment.json),1,RAW rocprofv3 trace CSVs were written to a session scratch directory and are NOT retained; only the derived per-kernel table is available (kernel names truncated to 300 chars). Input = ncu_catalogue winner params (identical to the rocprof-compute capture params: True). swept params equal the CSV row; other params equal config case_defaults; largest-row (last CSV row of this dtype),5b82f8afed59f83c3f39696338e7ce51dec38de7,"{""H"":320,""batch"":1,""groups"":1,""in_channels"":128,""kernel_size"":3,""out_channels"":128,""padding"":1,""stride"":1}","{""BLOCK_SIZE_BATCH_HEIGHT_WIDTH"":128,""BLOCK_SIZE_IN_FEAT"":16,""BLOCK_SIZE_OUT_FEAT"":128,""num_stages"":2,""num_warps"":8}"
MI300X.torch.2d_max_pooling.bf16.kernel_trace,MI300X,pytorch,2d_max_pooling,bf16,4563f89ec615b150dabe59bc4cbf6ea3df6ebd3b71d23699d09797af98f26db5,"{""H"":640}",rocprofv3 --kernel-trace --marker-trace of ONE PyTorch reference call inside a ROCTx range (after 3 prime calls),single application run,outputs/profiling/MI300X/analysis_2026-10-05/data/torch_kernels.json#2d_max_pooling/bf16,25aff016f2c6eaee3d87052fb7f82dd09cf64ffaa5025875b43d566b933f8d89,local analysis_2026-10-05/data/torch_kernels.json (derived by scripts/torch_parse.py),analysis_2026-10-05,matched,not_applicable (vendor/ATen binaries; library versions in environment.json),1,RAW rocprofv3 trace CSVs were written to a session scratch directory and are NOT retained; only the derived per-kernel table is available (kernel names truncated to 300 chars). Input = ncu_catalogue winner params (identical to the rocprof-compute capture params: True). swept params equal the CSV row; other params equal config case_defaults; largest-row (last CSV row of this dtype),5b82f8afed59f83c3f39696338e7ce51dec38de7,"{""C"":128,""H"":640,""N"":4,""kernel_size"":3,""padding"":1,""stride"":2}","{""BLOCK_C"":128,""BLOCK_R"":4,""num_warps"":4}"
MI300X.torch.2d_max_pooling.fp16.kernel_trace,MI300X,pytorch,2d_max_pooling,fp16,f304964eb2064e1c2c8fda77551cc85626f6c4d07f6ed5a337bb51a4383e3b18,"{""H"":640}",rocprofv3 --kernel-trace --marker-trace of ONE PyTorch reference call inside a ROCTx range (after 3 prime calls),single application run,outputs/profiling/MI300X/analysis_2026-10-05/data/torch_kernels.json#2d_max_pooling/fp16,25aff016f2c6eaee3d87052fb7f82dd09cf64ffaa5025875b43d566b933f8d89,local analysis_2026-10-05/data/torch_kernels.json (derived by scripts/torch_parse.py),analysis_2026-10-05,matched,not_applicable (vendor/ATen binaries; library versions in environment.json),1,RAW rocprofv3 trace CSVs were written to a session scratch directory and are NOT retained; only the derived per-kernel table is available (kernel names truncated to 300 chars). Input = ncu_catalogue winner params (identical to the rocprof-compute capture params: True). swept params equal the CSV row; other params equal config case_defaults; largest-row (last CSV row of this dtype),5b82f8afed59f83c3f39696338e7ce51dec38de7,"{""C"":128,""H"":640,""N"":4,""kernel_size"":3,""padding"":1,""stride"":2}","{""BLOCK_C"":128,""BLOCK_R"":4,""num_warps"":4}"
MI300X.torch.2d_max_pooling.fp32.kernel_trace,MI300X,pytorch,2d_max_pooling,fp32,715cb4f669556ed3123a0be0df97b19f93de69437acdbd591c6417e93115fb12,"{""H"":640}",rocprofv3 --kernel-trace --marker-trace of ONE PyTorch reference call inside a ROCTx range (after 3 prime calls),single application run,outputs/profiling/MI300X/analysis_2026-10-05/data/torch_kernels.json#2d_max_pooling/fp32,25aff016f2c6eaee3d87052fb7f82dd09cf64ffaa5025875b43d566b933f8d89,local analysis_2026-10-05/data/torch_kernels.json (derived by scripts/torch_parse.py),analysis_2026-10-05,matched,not_applicable (vendor/ATen binaries; library versions in environment.json),1,RAW rocprofv3 trace CSVs were written to a session scratch directory and are NOT retained; only the derived per-kernel table is available (kernel names truncated to 300 chars). Input = ncu_catalogue winner params (identical to the rocprof-compute capture params: True). swept params equal the CSV row; other params equal config case_defaults; largest-row (last CSV row of this dtype),5b82f8afed59f83c3f39696338e7ce51dec38de7,"{""C"":128,""H"":640,""N"":4,""kernel_size"":3,""padding"":1,""stride"":2}","{""BLOCK_C"":512,""BLOCK_R"":1,""num_warps"":8}"
MI300X.torch.3d_conv.fp16.kernel_trace,MI300X,pytorch,3d_conv,fp16,ca774b991ced509dfcc46704a1cdc6b3d5bfc328f4134e507080d77aa2d25145,"{""H"":320}",rocprofv3 --kernel-trace --marker-trace of ONE PyTorch reference call inside a ROCTx range (after 3 prime calls),single application run,outputs/profiling/MI300X/analysis_2026-10-05/data/torch_kernels.json#3d_conv/fp16,25aff016f2c6eaee3d87052fb7f82dd09cf64ffaa5025875b43d566b933f8d89,local analysis_2026-10-05/data/torch_kernels.json (derived by scripts/torch_parse.py),analysis_2026-10-05,matched,not_applicable (vendor/ATen binaries; library versions in environment.json),5,RAW rocprofv3 trace CSVs were written to a session scratch directory and are NOT retained; only the derived per-kernel table is available (kernel names truncated to 300 chars). Input = ncu_catalogue winner params (identical to the rocprof-compute capture params: True). swept params equal the CSV row; other params equal config case_defaults; largest-row (last CSV row of this dtype),5b82f8afed59f83c3f39696338e7ce51dec38de7,"{""D"":32,""H"":320,""batch"":1,""groups"":1,""in_channels"":64,""kernel_size"":3,""out_channels"":64,""padding"":1,""stride"":1}","{""BLOCK_SIZE_BATCH_DHW"":128,""BLOCK_SIZE_IN_FEAT"":64,""BLOCK_SIZE_OUT_FEAT"":64,""num_stages"":2,""num_warps"":8}"
MI300X.torch.3d_conv.fp32.kernel_trace,MI300X,pytorch,3d_conv,fp32,0e4382f4c016c66a37f88722df8799a0aaa915cb2474daee1815523d8fdd8cbb,"{""H"":320}",rocprofv3 --kernel-trace --marker-trace of ONE PyTorch reference call inside a ROCTx range (after 3 prime calls),single application run,outputs/profiling/MI300X/analysis_2026-10-05/data/torch_kernels.json#3d_conv/fp32,25aff016f2c6eaee3d87052fb7f82dd09cf64ffaa5025875b43d566b933f8d89,local analysis_2026-10-05/data/torch_kernels.json (derived by scripts/torch_parse.py),analysis_2026-10-05,matched,not_applicable (vendor/ATen binaries; library versions in environment.json),5,RAW rocprofv3 trace CSVs were written to a session scratch directory and are NOT retained; only the derived per-kernel table is available (kernel names truncated to 300 chars). Input = ncu_catalogue winner params (identical to the rocprof-compute capture params: True). swept params equal the CSV row; other params equal config case_defaults; largest-row (last CSV row of this dtype),5b82f8afed59f83c3f39696338e7ce51dec38de7,"{""D"":32,""H"":320,""batch"":1,""groups"":1,""in_channels"":64,""kernel_size"":3,""out_channels"":64,""padding"":1,""stride"":1}","{""BLOCK_SIZE_BATCH_DHW"":128,""BLOCK_SIZE_IN_FEAT"":64,""BLOCK_SIZE_OUT_FEAT"":64,""num_stages"":2,""num_warps"":8}"
MI300X.torch.argmax.fp16.kernel_trace,MI300X,pytorch,argmax,fp16,9930fb38258050c86dd86e1203232e1ad6bb6fa7d42343ba9d9b976d4e885b73,"{""N"":20480}",rocprofv3 --kernel-trace --marker-trace of ONE PyTorch reference call inside a ROCTx range (after 3 prime calls),single application run,outputs/profiling/MI300X/analysis_2026-10-05/data/torch_kernels.json#argmax/fp16,25aff016f2c6eaee3d87052fb7f82dd09cf64ffaa5025875b43d566b933f8d89,local analysis_2026-10-05/data/torch_kernels.json (derived by scripts/torch_parse.py),analysis_2026-10-05,matched,not_applicable (vendor/ATen binaries; library versions in environment.json),1,RAW rocprofv3 trace CSVs were written to a session scratch directory and are NOT retained; only the derived per-kernel table is available (kernel names truncated to 300 chars). Input = ncu_catalogue winner params (identical to the rocprof-compute capture params: True). swept params equal the CSV row; other params equal config case_defaults; largest-row (last CSV row of this dtype),5b82f8afed59f83c3f39696338e7ce51dec38de7,"{""M"":2048,""N"":20480}","{""BLOCK_N"":2048,""num_stages"":3,""num_warps"":4}"
MI300X.torch.argmax.fp32.kernel_trace,MI300X,pytorch,argmax,fp32,45e2590365c0c45c1a1ea0f86acc86ff46580c08051eac35c09731288e6bd8c8,"{""N"":20480}",rocprofv3 --kernel-trace --marker-trace of ONE PyTorch reference call inside a ROCTx range (after 3 prime calls),single application run,outputs/profiling/MI300X/analysis_2026-10-05/data/torch_kernels.json#argmax/fp32,25aff016f2c6eaee3d87052fb7f82dd09cf64ffaa5025875b43d566b933f8d89,local analysis_2026-10-05/data/torch_kernels.json (derived by scripts/torch_parse.py),analysis_2026-10-05,matched,not_applicable (vendor/ATen binaries; library versions in environment.json),1,RAW rocprofv3 trace CSVs were written to a session scratch directory and are NOT retained; only the derived per-kernel table is available (kernel names truncated to 300 chars). Input = ncu_catalogue winner params (identical to the rocprof-compute capture params: True). swept params equal the CSV row; other params equal config case_defaults; largest-row (last CSV row of this dtype),5b82f8afed59f83c3f39696338e7ce51dec38de7,"{""M"":2048,""N"":20480}","{""BLOCK_N"":2048,""num_stages"":3,""num_warps"":4}"
MI300X.torch.batch_normalization.bf16.kernel_trace,MI300X,pytorch,batch_normalization,bf16,f28b9a6f259e673063e0e17ce9400eb9649007feacbf8c4d793e606ac7a9d4e6,"{""N"":20000}",rocprofv3 --kernel-trace --marker-trace of ONE PyTorch reference call inside a ROCTx range (after 3 prime calls),single application run,outputs/profiling/MI300X/analysis_2026-10-05/data/torch_kernels.json#batch_normalization/bf16,25aff016f2c6eaee3d87052fb7f82dd09cf64ffaa5025875b43d566b933f8d89,local analysis_2026-10-05/data/torch_kernels.json (derived by scripts/torch_parse.py),analysis_2026-10-05,matched,not_applicable (vendor/ATen binaries; library versions in environment.json),6,RAW rocprofv3 trace CSVs were written to a session scratch directory and are NOT retained; only the derived per-kernel table is available (kernel names truncated to 300 chars). Input = ncu_catalogue winner params (identical to the rocprof-compute capture params: True). swept params equal the CSV row; other params equal config case_defaults; largest-row (last CSV row of this dtype),5b82f8afed59f83c3f39696338e7ce51dec38de7,"{""C"":1024,""N"":20000,""eps"":1e-05}","{""ROWS"":8,""num_warps"":8}"
MI300X.torch.batch_normalization.fp16.kernel_trace,MI300X,pytorch,batch_normalization,fp16,116b5fc2496f004f504b0ddd11486390405d7701c837f5a6857c347687e7498f,"{""N"":20000}",rocprofv3 --kernel-trace --marker-trace of ONE PyTorch reference call inside a ROCTx range (after 3 prime calls),single application run,outputs/profiling/MI300X/analysis_2026-10-05/data/torch_kernels.json#batch_normalization/fp16,25aff016f2c6eaee3d87052fb7f82dd09cf64ffaa5025875b43d566b933f8d89,local analysis_2026-10-05/data/torch_kernels.json (derived by scripts/torch_parse.py),analysis_2026-10-05,matched,not_applicable (vendor/ATen binaries; library versions in environment.json),6,RAW rocprofv3 trace CSVs were written to a session scratch directory and are NOT retained; only the derived per-kernel table is available (kernel names truncated to 300 chars). Input = ncu_catalogue winner params (identical to the rocprof-compute capture params: True). swept params equal the CSV row; other params equal config case_defaults; largest-row (last CSV row of this dtype),5b82f8afed59f83c3f39696338e7ce51dec38de7,"{""C"":1024,""N"":20000,""eps"":1e-05}","{""ROWS"":16,""num_warps"":4}"
MI300X.torch.batch_normalization.fp32.kernel_trace,MI300X,pytorch,batch_normalization,fp32,14f8cbdaa672598d27556024aa41cf4dedb35d3be4bfb68b76cb624925eff533,"{""N"":20000}",rocprofv3 --kernel-trace --marker-trace of ONE PyTorch reference call inside a ROCTx range (after 3 prime calls),single application run,outputs/profiling/MI300X/analysis_2026-10-05/data/torch_kernels.json#batch_normalization/fp32,25aff016f2c6eaee3d87052fb7f82dd09cf64ffaa5025875b43d566b933f8d89,local analysis_2026-10-05/data/torch_kernels.json (derived by scripts/torch_parse.py),analysis_2026-10-05,matched,not_applicable (vendor/ATen binaries; library versions in environment.json),4,RAW rocprofv3 trace CSVs were written to a session scratch directory and are NOT retained; only the derived per-kernel table is available (kernel names truncated to 300 chars). Input = ncu_catalogue winner params (identical to the rocprof-compute capture params: True). swept params equal the CSV row; other params equal config case_defaults; largest-row (last CSV row of this dtype),5b82f8afed59f83c3f39696338e7ce51dec38de7,"{""C"":1024,""N"":20000,""eps"":1e-05}","{""ROWS"":8,""num_warps"":8}"
MI300X.torch.batched_matmul.bf16.kernel_trace,MI300X,pytorch,batched_matmul,bf16,9fcf8ad31af23475213085aaf7c3e2b5386821f658820994cc33879b8460f418,"{""M"":640}",rocprofv3 --kernel-trace --marker-trace of ONE PyTorch reference call inside a ROCTx range (after 3 prime calls),single application run,outputs/profiling/MI300X/analysis_2026-10-05/data/torch_kernels.json#batched_matmul/bf16,25aff016f2c6eaee3d87052fb7f82dd09cf64ffaa5025875b43d566b933f8d89,local analysis_2026-10-05/data/torch_kernels.json (derived by scripts/torch_parse.py),analysis_2026-10-05,matched,not_applicable (vendor/ATen binaries; library versions in environment.json),1,RAW rocprofv3 trace CSVs were written to a session scratch directory and are NOT retained; only the derived per-kernel table is available (kernel names truncated to 300 chars). Input = ncu_catalogue winner params (identical to the rocprof-compute capture params: True). swept params equal the CSV row; other params equal config case_defaults; largest-row (last CSV row of this dtype),124fdc948c322b591018adc00ddd5be71bc26289,"{""BATCH"":32,""M"":640}","{""BLOCK_SIZE_K"":32,""BLOCK_SIZE_M"":128,""BLOCK_SIZE_N"":128,""GROUPSIZE"":1,""num_stages"":2,""num_warps"":8}"
MI300X.torch.batched_matmul.fp16.kernel_trace,MI300X,pytorch,batched_matmul,fp16,fe4a145ec7ab0bf19303d0dc01f0bfd70fdd6da4c1d87d4b1253708092fa107f,"{""M"":640}",rocprofv3 --kernel-trace --marker-trace of ONE PyTorch reference call inside a ROCTx range (after 3 prime calls),single application run,outputs/profiling/MI300X/analysis_2026-10-05/data/torch_kernels.json#batched_matmul/fp16,25aff016f2c6eaee3d87052fb7f82dd09cf64ffaa5025875b43d566b933f8d89,local analysis_2026-10-05/data/torch_kernels.json (derived by scripts/torch_parse.py),analysis_2026-10-05,matched,not_applicable (vendor/ATen binaries; library versions in environment.json),1,RAW rocprofv3 trace CSVs were written to a session scratch directory and are NOT retained; only the derived per-kernel table is available (kernel names truncated to 300 chars). Input = ncu_catalogue winner params (identical to the rocprof-compute capture params: True). swept params equal the CSV row; other params equal config case_defaults; largest-row (last CSV row of this dtype),124fdc948c322b591018adc00ddd5be71bc26289,"{""BATCH"":32,""M"":640}","{""BLOCK_SIZE_K"":32,""BLOCK_SIZE_M"":128,""BLOCK_SIZE_N"":128,""GROUPSIZE"":1,""num_stages"":2,""num_warps"":8}"
MI300X.torch.batched_matmul.fp32.kernel_trace,MI300X,pytorch,batched_matmul,fp32,0bf57b9da1eb8ba725e05d3338dac226517eb11d790f454b734c682d683de4e3,"{""M"":640}",rocprofv3 --kernel-trace --marker-trace of ONE PyTorch reference call inside a ROCTx range (after 3 prime calls),single application run,outputs/profiling/MI300X/analysis_2026-10-05/data/torch_kernels.json#batched_matmul/fp32,25aff016f2c6eaee3d87052fb7f82dd09cf64ffaa5025875b43d566b933f8d89,local analysis_2026-10-05/data/torch_kernels.json (derived by scripts/torch_parse.py),analysis_2026-10-05,matched,not_applicable (vendor/ATen binaries; library versions in environment.json),1,RAW rocprofv3 trace CSVs were written to a session scratch directory and are NOT retained; only the derived per-kernel table is available (kernel names truncated to 300 chars). Input = ncu_catalogue winner params (identical to the rocprof-compute capture params: True). swept params equal the CSV row; other params equal config case_defaults; largest-row (last CSV row of this dtype),124fdc948c322b591018adc00ddd5be71bc26289,"{""BATCH"":32,""M"":640}","{""BLOCK_SIZE_K"":32,""BLOCK_SIZE_M"":64,""BLOCK_SIZE_N"":64,""GROUPSIZE"":1,""num_stages"":2,""num_warps"":4}"
MI300X.torch.bitonic_sort.fp16.kernel_trace,MI300X,pytorch,bitonic_sort,fp16,f0d02dfc37eab9422b496eabd868e31b0fa2b1de4196d86b9fc09b134e701219,"{""n"":10000000}",rocprofv3 --kernel-trace --marker-trace of ONE PyTorch reference call inside a ROCTx range (after 3 prime calls),single application run,outputs/profiling/MI300X/analysis_2026-10-05/data/torch_kernels.json#bitonic_sort/fp16,25aff016f2c6eaee3d87052fb7f82dd09cf64ffaa5025875b43d566b933f8d89,local analysis_2026-10-05/data/torch_kernels.json (derived by scripts/torch_parse.py),analysis_2026-10-05,matched,not_applicable (vendor/ATen binaries; library versions in environment.json),15903,RAW rocprofv3 trace CSVs were written to a session scratch directory and are NOT retained; only the derived per-kernel table is available (kernel names truncated to 300 chars). Input = ncu_catalogue winner params (identical to the rocprof-compute capture params: True). swept params equal the CSV row; other params equal config case_defaults; largest-row (last CSV row of this dtype),124fdc948c322b591018adc00ddd5be71bc26289,"{""n"":10000000}","{""BLOCK"":2048,""num_warps"":8}"
MI300X.torch.bitonic_sort.fp32.kernel_trace,MI300X,pytorch,bitonic_sort,fp32,58ac60cb84a7cee5783aa907766ee36cd7685ea2afede94d0f5907e3cecb6f58,"{""n"":10000000}",rocprofv3 --kernel-trace --marker-trace of ONE PyTorch reference call inside a ROCTx range (after 3 prime calls),single application run,outputs/profiling/MI300X/analysis_2026-10-05/data/torch_kernels.json#bitonic_sort/fp32,25aff016f2c6eaee3d87052fb7f82dd09cf64ffaa5025875b43d566b933f8d89,local analysis_2026-10-05/data/torch_kernels.json (derived by scripts/torch_parse.py),analysis_2026-10-05,matched,not_applicable (vendor/ATen binaries; library versions in environment.json),15903,RAW rocprofv3 trace CSVs were written to a session scratch directory and are NOT retained; only the derived per-kernel table is available (kernel names truncated to 300 chars). Input = ncu_catalogue winner params (identical to the rocprof-compute capture params: True). swept params equal the CSV row; other params equal config case_defaults; largest-row (last CSV row of this dtype),124fdc948c322b591018adc00ddd5be71bc26289,"{""n"":10000000}","{""BLOCK"":4096,""num_warps"":2}"
MI300X.torch.block_sparse_attention.fp16.kernel_trace,MI300X,pytorch,block_sparse_attention,fp16,1e5f6bfa3e08dc26ef1bfea07f17ffc1a180544013cabd0fef84f71eac86a51c,"{""M"":10240}",rocprofv3 --kernel-trace --marker-trace of ONE PyTorch reference call inside a ROCTx range (after 3 prime calls),single application run,outputs/profiling/MI300X/analysis_2026-10-05/data/torch_kernels.json#block_sparse_attention/fp16,25aff016f2c6eaee3d87052fb7f82dd09cf64ffaa5025875b43d566b933f8d89,local analysis_2026-10-05/data/torch_kernels.json (derived by scripts/torch_parse.py),analysis_2026-10-05,matched,not_applicable (vendor/ATen binaries; library versions in environment.json),1,RAW rocprofv3 trace CSVs were written to a session scratch directory and are NOT retained; only the derived per-kernel table is available (kernel names truncated to 300 chars). Input = ncu_catalogue winner params (identical to the rocprof-compute capture params: True). swept params equal the CSV row; other params equal config case_defaults; largest-row (last CSV row of this dtype),5b82f8afed59f83c3f39696338e7ce51dec38de7,"{""B"":2,""BLOCK_D"":64,""BLOCK_M"":64,""BLOCK_N"":64,""D"":128,""H"":8,""H_kv"":2,""M"":10240}","{""num_stages"":2,""num_warps"":4}"
MI300X.torch.cross_entropy.fp16.kernel_trace,MI300X,pytorch,cross_entropy,fp16,8154796bcbc58ccc5559502145b8cce89d8abcdad9fbc82a6bc60723330b92c0,"{""batch_size"":10240}",rocprofv3 --kernel-trace --marker-trace of ONE PyTorch reference call inside a ROCTx range (after 3 prime calls),single application run,outputs/profiling/MI300X/analysis_2026-10-05/data/torch_kernels.json#cross_entropy/fp16,25aff016f2c6eaee3d87052fb7f82dd09cf64ffaa5025875b43d566b933f8d89,local analysis_2026-10-05/data/torch_kernels.json (derived by scripts/torch_parse.py),analysis_2026-10-05,matched,not_applicable (vendor/ATen binaries; library versions in environment.json),3,RAW rocprofv3 trace CSVs were written to a session scratch directory and are NOT retained; only the derived per-kernel table is available (kernel names truncated to 300 chars). Input = ncu_catalogue winner params (identical to the rocprof-compute capture params: True). swept params equal the CSV row; other params equal config case_defaults; largest-row (last CSV row of this dtype),5b82f8afed59f83c3f39696338e7ce51dec38de7,"{""batch_size"":10240,""num_classes"":512}","{""num_warps"":8}"
MI300X.torch.cross_entropy.fp32.kernel_trace,MI300X,pytorch,cross_entropy,fp32,1c065b7b97cf4920db9ca6d7220249800298ead1f03f9217b226dff41642c37d,"{""batch_size"":10240}",rocprofv3 --kernel-trace --marker-trace of ONE PyTorch reference call inside a ROCTx range (after 3 prime calls),single application run,outputs/profiling/MI300X/analysis_2026-10-05/data/torch_kernels.json#cross_entropy/fp32,25aff016f2c6eaee3d87052fb7f82dd09cf64ffaa5025875b43d566b933f8d89,local analysis_2026-10-05/data/torch_kernels.json (derived by scripts/torch_parse.py),analysis_2026-10-05,matched,not_applicable (vendor/ATen binaries; library versions in environment.json),3,RAW rocprofv3 trace CSVs were written to a session scratch directory and are NOT retained; only the derived per-kernel table is available (kernel names truncated to 300 chars). Input = ncu_catalogue winner params (identical to the rocprof-compute capture params: True). swept params equal the CSV row; other params equal config case_defaults; largest-row (last CSV row of this dtype),5b82f8afed59f83c3f39696338e7ce51dec38de7,"{""batch_size"":10240,""num_classes"":512}","{""num_warps"":4}"
MI300X.torch.dequantize_rowwise.int8.kernel_trace,MI300X,pytorch,dequantize_rowwise,int8,c7045c3ae9c7d5dd5095f3c666cc00df3416b40daca9977ddcd6dcf6f879ee2e,"{""cols"":8192,""rows"":4096}",rocprofv3 --kernel-trace --marker-trace of ONE PyTorch reference call inside a ROCTx range (after 3 prime calls),single application run,outputs/profiling/MI300X/analysis_2026-10-05/data/torch_kernels.json#dequantize_rowwise/int8,25aff016f2c6eaee3d87052fb7f82dd09cf64ffaa5025875b43d566b933f8d89,local analysis_2026-10-05/data/torch_kernels.json (derived by scripts/torch_parse.py),analysis_2026-10-05,matched,not_applicable (vendor/ATen binaries; library versions in environment.json),3,RAW rocprofv3 trace CSVs were written to a session scratch directory and are NOT retained; only the derived per-kernel table is available (kernel names truncated to 300 chars). Input = ncu_catalogue winner params (identical to the rocprof-compute capture params: True). swept params equal the CSV row; other params equal config case_defaults; largest-row (last CSV row of this dtype),5b82f8afed59f83c3f39696338e7ce51dec38de7,"{""cols"":8192,""rows"":4096}","{""CHUNK"":1024,""num_warps"":2}"
MI300X.torch.destindex.bf16.kernel_trace,MI300X,pytorch,destindex,bf16,09b175c0c5fa7d118652b42302823575c9a7c52af4e80afecea149699c65810f,"{""seq_len"":40960}",rocprofv3 --kernel-trace --marker-trace of ONE PyTorch reference call inside a ROCTx range (after 3 prime calls),single application run,outputs/profiling/MI300X/analysis_2026-10-05/data/torch_kernels.json#destindex/bf16,25aff016f2c6eaee3d87052fb7f82dd09cf64ffaa5025875b43d566b933f8d89,local analysis_2026-10-05/data/torch_kernels.json (derived by scripts/torch_parse.py),analysis_2026-10-05,matched,not_applicable (vendor/ATen binaries; library versions in environment.json),2,RAW rocprofv3 trace CSVs were written to a session scratch directory and are NOT retained; only the derived per-kernel table is available (kernel names truncated to 300 chars). Input = ncu_catalogue winner params (identical to the rocprof-compute capture params: True). swept params equal the CSV row; other params equal config case_defaults; largest-row (last CSV row of this dtype),5b82f8afed59f83c3f39696338e7ce51dec38de7,"{""batch_size"":1,""kv_nope_head_dim"":128,""kv_nope_head_num"":12,""kv_rope_head_dim"":64,""kv_rope_head_num"":1,""seq_len"":40960}","{""BLOCK_SIZE"":512,""num_warps"":4}"
MI300X.torch.destindex.fp16.kernel_trace,MI300X,pytorch,destindex,fp16,9a50aba13d73088139d7906bfac68f45a2a9b95987e03a4572e141da932b0c67,"{""seq_len"":40960}",rocprofv3 --kernel-trace --marker-trace of ONE PyTorch reference call inside a ROCTx range (after 3 prime calls),single application run,outputs/profiling/MI300X/analysis_2026-10-05/data/torch_kernels.json#destindex/fp16,25aff016f2c6eaee3d87052fb7f82dd09cf64ffaa5025875b43d566b933f8d89,local analysis_2026-10-05/data/torch_kernels.json (derived by scripts/torch_parse.py),analysis_2026-10-05,matched,not_applicable (vendor/ATen binaries; library versions in environment.json),2,RAW rocprofv3 trace CSVs were written to a session scratch directory and are NOT retained; only the derived per-kernel table is available (kernel names truncated to 300 chars). Input = ncu_catalogue winner params (identical to the rocprof-compute capture params: True). swept params equal the CSV row; other params equal config case_defaults; largest-row (last CSV row of this dtype),5b82f8afed59f83c3f39696338e7ce51dec38de7,"{""batch_size"":1,""kv_nope_head_dim"":128,""kv_nope_head_num"":12,""kv_rope_head_dim"":64,""kv_rope_head_num"":1,""seq_len"":40960}","{""BLOCK_SIZE"":512,""num_warps"":4}"
MI300X.torch.destindex.fp32.kernel_trace,MI300X,pytorch,destindex,fp32,99ec31c878683dbfc2f492991051870271cc6fe4d5c0a493c59dcfb7c11a42af,"{""seq_len"":40960}",rocprofv3 --kernel-trace --marker-trace of ONE PyTorch reference call inside a ROCTx range (after 3 prime calls),single application run,outputs/profiling/MI300X/analysis_2026-10-05/data/torch_kernels.json#destindex/fp32,25aff016f2c6eaee3d87052fb7f82dd09cf64ffaa5025875b43d566b933f8d89,local analysis_2026-10-05/data/torch_kernels.json (derived by scripts/torch_parse.py),analysis_2026-10-05,matched,not_applicable (vendor/ATen binaries; library versions in environment.json),2,RAW rocprofv3 trace CSVs were written to a session scratch directory and are NOT retained; only the derived per-kernel table is available (kernel names truncated to 300 chars). Input = ncu_catalogue winner params (identical to the rocprof-compute capture params: True). swept params equal the CSV row; other params equal config case_defaults; largest-row (last CSV row of this dtype),5b82f8afed59f83c3f39696338e7ce51dec38de7,"{""batch_size"":1,""kv_nope_head_dim"":128,""kv_nope_head_num"":12,""kv_rope_head_dim"":64,""kv_rope_head_num"":1,""seq_len"":40960}","{""BLOCK_SIZE"":512,""num_warps"":2}"
MI300X.torch.destindex.int8.kernel_trace,MI300X,pytorch,destindex,int8,f55eb94c00ba7c4e47ced0d3bd9dbe2998c137e6c02232ad491e1b73a16f6f5f,"{""seq_len"":40960}",rocprofv3 --kernel-trace --marker-trace of ONE PyTorch reference call inside a ROCTx range (after 3 prime calls),single application run,outputs/profiling/MI300X/analysis_2026-10-05/data/torch_kernels.json#destindex/int8,25aff016f2c6eaee3d87052fb7f82dd09cf64ffaa5025875b43d566b933f8d89,local analysis_2026-10-05/data/torch_kernels.json (derived by scripts/torch_parse.py),analysis_2026-10-05,matched,not_applicable (vendor/ATen binaries; library versions in environment.json),2,RAW rocprofv3 trace CSVs were written to a session scratch directory and are NOT retained; only the derived per-kernel table is available (kernel names truncated to 300 chars). Input = ncu_catalogue winner params (identical to the rocprof-compute capture params: True). swept params equal the CSV row; other params equal config case_defaults; largest-row (last CSV row of this dtype),5b82f8afed59f83c3f39696338e7ce51dec38de7,"{""batch_size"":1,""kv_nope_head_dim"":128,""kv_nope_head_num"":12,""kv_rope_head_dim"":64,""kv_rope_head_num"":1,""seq_len"":40960}","{""BLOCK_SIZE"":1024,""num_warps"":4}"
MI300X.torch.dropout.bf16.kernel_trace,MI300X,pytorch,dropout,bf16,4c5954cb273762bf36d53a8c1491a2d7fb1747a10ff6f133d8bc2d4419fc6bb4,"{""n"":20971520}",rocprofv3 --kernel-trace --marker-trace of ONE PyTorch reference call inside a ROCTx range (after 3 prime calls),single application run,outputs/profiling/MI300X/analysis_2026-10-05/data/torch_kernels.json#dropout/bf16,25aff016f2c6eaee3d87052fb7f82dd09cf64ffaa5025875b43d566b933f8d89,local analysis_2026-10-05/data/torch_kernels.json (derived by scripts/torch_parse.py),analysis_2026-10-05,matched,not_applicable (vendor/ATen binaries; library versions in environment.json),2,RAW rocprofv3 trace CSVs were written to a session scratch directory and are NOT retained; only the derived per-kernel table is available (kernel names truncated to 300 chars). Input = ncu_catalogue winner params (identical to the rocprof-compute capture params: True). swept params equal the CSV row; other params equal config case_defaults; largest-row (last CSV row of this dtype),5b82f8afed59f83c3f39696338e7ce51dec38de7,"{""n"":20971520,""p"":0.5}","{""BLOCK_SIZE"":512,""num_warps"":4}"
MI300X.torch.dropout.fp16.kernel_trace,MI300X,pytorch,dropout,fp16,91a52d7dbbe157253720acae6e3d7a9a072fe28603677e73c2ec9c58be35d87a,"{""n"":20971520}",rocprofv3 --kernel-trace --marker-trace of ONE PyTorch reference call inside a ROCTx range (after 3 prime calls),single application run,outputs/profiling/MI300X/analysis_2026-10-05/data/torch_kernels.json#dropout/fp16,25aff016f2c6eaee3d87052fb7f82dd09cf64ffaa5025875b43d566b933f8d89,local analysis_2026-10-05/data/torch_kernels.json (derived by scripts/torch_parse.py),analysis_2026-10-05,matched,not_applicable (vendor/ATen binaries; library versions in environment.json),2,RAW rocprofv3 trace CSVs were written to a session scratch directory and are NOT retained; only the derived per-kernel table is available (kernel names truncated to 300 chars). Input = ncu_catalogue winner params (identical to the rocprof-compute capture params: True). swept params equal the CSV row; other params equal config case_defaults; largest-row (last CSV row of this dtype),5b82f8afed59f83c3f39696338e7ce51dec38de7,"{""n"":20971520,""p"":0.5}","{""BLOCK_SIZE"":1024,""num_warps"":8}"
MI300X.torch.dropout.fp32.kernel_trace,MI300X,pytorch,dropout,fp32,201bb5532325bba1e57ae11a6252afa075a9ad1ef1437f3bb02e0319cac007f4,"{""n"":20971520}",rocprofv3 --kernel-trace --marker-trace of ONE PyTorch reference call inside a ROCTx range (after 3 prime calls),single application run,outputs/profiling/MI300X/analysis_2026-10-05/data/torch_kernels.json#dropout/fp32,25aff016f2c6eaee3d87052fb7f82dd09cf64ffaa5025875b43d566b933f8d89,local analysis_2026-10-05/data/torch_kernels.json (derived by scripts/torch_parse.py),analysis_2026-10-05,matched,not_applicable (vendor/ATen binaries; library versions in environment.json),2,RAW rocprofv3 trace CSVs were written to a session scratch directory and are NOT retained; only the derived per-kernel table is available (kernel names truncated to 300 chars). Input = ncu_catalogue winner params (identical to the rocprof-compute capture params: True). swept params equal the CSV row; other params equal config case_defaults; largest-row (last CSV row of this dtype),5b82f8afed59f83c3f39696338e7ce51dec38de7,"{""n"":20971520,""p"":0.5}","{""BLOCK_SIZE"":512,""num_warps"":8}"
MI300X.torch.flash_attention.fp16.kernel_trace,MI300X,pytorch,flash_attention,fp16,e1ab06a429ab3634951b82c745ef9dd4ce03d3846011d559db9ae255b02dacd9,"{""seq_len"":20480}",rocprofv3 --kernel-trace --marker-trace of ONE PyTorch reference call inside a ROCTx range (after 3 prime calls),single application run,outputs/profiling/MI300X/analysis_2026-10-05/data/torch_kernels.json#flash_attention/fp16,25aff016f2c6eaee3d87052fb7f82dd09cf64ffaa5025875b43d566b933f8d89,local analysis_2026-10-05/data/torch_kernels.json (derived by scripts/torch_parse.py),analysis_2026-10-05,matched,not_applicable (vendor/ATen binaries; library versions in environment.json),2,RAW rocprofv3 trace CSVs were written to a session scratch directory and are NOT retained; only the derived per-kernel table is available (kernel names truncated to 300 chars). Input = ncu_catalogue winner params (identical to the rocprof-compute capture params: True). swept params equal the CSV row; other params equal config case_defaults; largest-row (last CSV row of this dtype),5b82f8afed59f83c3f39696338e7ce51dec38de7,"{""batch_size"":4,""causal"":true,""head_dim"":128,""n_heads"":32,""seq_len"":20480}","{""BLOCK_M"":128,""BLOCK_N"":64,""num_stages"":2,""num_warps"":4}"
MI300X.torch.flash_decode.fp32.kernel_trace,MI300X,pytorch,flash_decode,fp32,4a80f29c990b7dd7e58effa103150c850e8ee098122b105fe10f51bf138e9351,"{""seq_len"":40960}",rocprofv3 --kernel-trace --marker-trace of ONE PyTorch reference call inside a ROCTx range (after 3 prime calls),single application run,outputs/profiling/MI300X/analysis_2026-10-05/data/torch_kernels.json#flash_decode/fp32,25aff016f2c6eaee3d87052fb7f82dd09cf64ffaa5025875b43d566b933f8d89,local analysis_2026-10-05/data/torch_kernels.json (derived by scripts/torch_parse.py),analysis_2026-10-05,matched,not_applicable (vendor/ATen binaries; library versions in environment.json),20,RAW rocprofv3 trace CSVs were written to a session scratch directory and are NOT retained; only the derived per-kernel table is available (kernel names truncated to 300 chars). Input = ncu_catalogue winner params (identical to the rocprof-compute capture params: True). swept params equal the CSV row; other params equal config case_defaults; largest-row (last CSV row of this dtype),5b82f8afed59f83c3f39696338e7ce51dec38de7,"{""batch"":2,""block_seq"":128,""head_dim"":128,""heads"":8,""seq_len"":40960}","{""num_stages"":4,""num_warps"":2}"
MI300X.torch.fused_activation.fp32.kernel_trace,MI300X,pytorch,fused_activation,fp32,87de177b13704cb7520ea8d9b373a3b86f8ae628a818b56103678af36f24224f,"{""n"":20971520}",rocprofv3 --kernel-trace --marker-trace of ONE PyTorch reference call inside a ROCTx range (after 3 prime calls),single application run,outputs/profiling/MI300X/analysis_2026-10-05/data/torch_kernels.json#fused_activation/fp32,25aff016f2c6eaee3d87052fb7f82dd09cf64ffaa5025875b43d566b933f8d89,local analysis_2026-10-05/data/torch_kernels.json (derived by scripts/torch_parse.py),analysis_2026-10-05,matched,not_applicable (vendor/ATen binaries; library versions in environment.json),3,RAW rocprofv3 trace CSVs were written to a session scratch directory and are NOT retained; only the derived per-kernel table is available (kernel names truncated to 300 chars). Input = ncu_catalogue winner params (identical to the rocprof-compute capture params: False). swept params equal the CSV row; other params equal config case_defaults; largest-row (last CSV row of this dtype),5b82f8afed59f83c3f39696338e7ce51dec38de7,"{""dtype"":""fp32"",""n"":20971520}","{""BLOCK_SIZE"":512,""num_warps"":4}"
MI300X.torch.gaussian_blur.fp16.kernel_trace,MI300X,pytorch,gaussian_blur,fp16,11ac1a12af9a687b4b13f55fb7045bcdad04c131217d5c74fa68d3e0aa3b1cb6,"{""input_rows"":10240}",rocprofv3 --kernel-trace --marker-trace of ONE PyTorch reference call inside a ROCTx range (after 3 prime calls),single application run,outputs/profiling/MI300X/analysis_2026-10-05/data/torch_kernels.json#gaussian_blur/fp16,25aff016f2c6eaee3d87052fb7f82dd09cf64ffaa5025875b43d566b933f8d89,local analysis_2026-10-05/data/torch_kernels.json (derived by scripts/torch_parse.py),analysis_2026-10-05,matched,not_applicable (vendor/ATen binaries; library versions in environment.json),2,RAW rocprofv3 trace CSVs were written to a session scratch directory and are NOT retained; only the derived per-kernel table is available (kernel names truncated to 300 chars). Input = ncu_catalogue winner params (identical to the rocprof-compute capture params: True). swept params equal the CSV row; other params equal config case_defaults; largest-row (last CSV row of this dtype),5b82f8afed59f83c3f39696338e7ce51dec38de7,"{""input_rows"":10240,""kernel_cols"":7,""kernel_rows"":7}","{""BLOCK_C"":64,""BLOCK_R"":8,""num_warps"":8}"
MI300X.torch.gaussian_blur.fp32.kernel_trace,MI300X,pytorch,gaussian_blur,fp32,61ca6af04220eb0072db61c157de41a1b07ffc98d80308e33d90fb1caf48179f,"{""input_rows"":10240}",rocprofv3 --kernel-trace --marker-trace of ONE PyTorch reference call inside a ROCTx range (after 3 prime calls),single application run,outputs/profiling/MI300X/analysis_2026-10-05/data/torch_kernels.json#gaussian_blur/fp32,25aff016f2c6eaee3d87052fb7f82dd09cf64ffaa5025875b43d566b933f8d89,local analysis_2026-10-05/data/torch_kernels.json (derived by scripts/torch_parse.py),analysis_2026-10-05,matched,not_applicable (vendor/ATen binaries; library versions in environment.json),2,RAW rocprofv3 trace CSVs were written to a session scratch directory and are NOT retained; only the derived per-kernel table is available (kernel names truncated to 300 chars). Input = ncu_catalogue winner params (identical to the rocprof-compute capture params: True). swept params equal the CSV row; other params equal config case_defaults; largest-row (last CSV row of this dtype),5b82f8afed59f83c3f39696338e7ce51dec38de7,"{""input_rows"":10240,""kernel_cols"":7,""kernel_rows"":7}","{""BLOCK_C"":128,""BLOCK_R"":4,""num_warps"":8}"
MI300X.torch.histogramming.int32.kernel_trace,MI300X,pytorch,histogramming,int32,f9bfd31dd20ac4b3ebc4075a2352bd169165fcbb1a54091fba1d19801eac66e4,"{""N"":67108864,""num_bins"":4096}",rocprofv3 --kernel-trace --marker-trace of ONE PyTorch reference call inside a ROCTx range (after 3 prime calls),single application run,outputs/profiling/MI300X/analysis_2026-10-05/data/torch_kernels.json#histogramming/int32,25aff016f2c6eaee3d87052fb7f82dd09cf64ffaa5025875b43d566b933f8d89,local analysis_2026-10-05/data/torch_kernels.json (derived by scripts/torch_parse.py),analysis_2026-10-05,matched,not_applicable (vendor/ATen binaries; library versions in environment.json),10,RAW rocprofv3 trace CSVs were written to a session scratch directory and are NOT retained; only the derived per-kernel table is available (kernel names truncated to 300 chars). Input = ncu_catalogue winner params (identical to the rocprof-compute capture params: True). swept params equal the CSV row; other params equal config case_defaults; largest-row (last CSV row of this dtype),5b82f8afed59f83c3f39696338e7ce51dec38de7,"{""N"":67108864,""num_bins"":4096}","{""partial_BLOCK_SIZE"":2048,""partial_num_warps"":4,""reduce_BLOCK_BINS"":64,""reduce_BLOCK_ROWS"":128,""reduce_num_stages"":2,""reduce_num_warps"":4}"
MI300X.torch.interleave.bf16.kernel_trace,MI300X,pytorch,interleave,bf16,231214f8e0e430373e2b903574d0192664627ddcd84f4888deea729092c0929f,"{""n"":20000000}",rocprofv3 --kernel-trace --marker-trace of ONE PyTorch reference call inside a ROCTx range (after 3 prime calls),single application run,outputs/profiling/MI300X/analysis_2026-10-05/data/torch_kernels.json#interleave/bf16,25aff016f2c6eaee3d87052fb7f82dd09cf64ffaa5025875b43d566b933f8d89,local analysis_2026-10-05/data/torch_kernels.json (derived by scripts/torch_parse.py),analysis_2026-10-05,matched,not_applicable (vendor/ATen binaries; library versions in environment.json),2,RAW rocprofv3 trace CSVs were written to a session scratch directory and are NOT retained; only the derived per-kernel table is available (kernel names truncated to 300 chars). Input = ncu_catalogue winner params (identical to the rocprof-compute capture params: True). swept params equal the CSV row; other params equal config case_defaults; largest-row (last CSV row of this dtype),5b82f8afed59f83c3f39696338e7ce51dec38de7,"{""n"":20000000}","{""BLOCK_SIZE"":4096,""num_stages"":1,""num_warps"":8}"
MI300X.torch.interleave.fp16.kernel_trace,MI300X,pytorch,interleave,fp16,43025e2598febba6c1048b0c4985c2e7e4fa31aa71830252fb49b010661447cb,"{""n"":20000000}",rocprofv3 --kernel-trace --marker-trace of ONE PyTorch reference call inside a ROCTx range (after 3 prime calls),single application run,outputs/profiling/MI300X/analysis_2026-10-05/data/torch_kernels.json#interleave/fp16,25aff016f2c6eaee3d87052fb7f82dd09cf64ffaa5025875b43d566b933f8d89,local analysis_2026-10-05/data/torch_kernels.json (derived by scripts/torch_parse.py),analysis_2026-10-05,matched,not_applicable (vendor/ATen binaries; library versions in environment.json),2,RAW rocprofv3 trace CSVs were written to a session scratch directory and are NOT retained; only the derived per-kernel table is available (kernel names truncated to 300 chars). Input = ncu_catalogue winner params (identical to the rocprof-compute capture params: True). swept params equal the CSV row; other params equal config case_defaults; largest-row (last CSV row of this dtype),5b82f8afed59f83c3f39696338e7ce51dec38de7,"{""n"":20000000}","{""BLOCK_SIZE"":8192,""num_stages"":2,""num_warps"":8}"
MI300X.torch.interleave.fp32.att,MI300X,pytorch,interleave,fp32,65403882606f520e5d04a0c44983a831e2d642f5549ed12ae3c35d87f2561040,"{""n"":20000000}","rocprofv3 --att (thread trace), --att-target-cu 1, kernel include regex; decoded",single application run (same PyTorch harness as the kernel trace),outputs/profiling/MI300X/analysis_2026-10-05/att_torch/torch_interleave_fp32,5e65400b57e3280071dfd2ddeec22f8643708b290ef76ac735072284ff848170,local analysis_2026-10-05/att_torch,analysis_2026-10-05,matched,not_applicable (ATen binary from torch 2.10.0+rocm7.1),1,"decoded kernel: void at::native::elementwise_kernel_manual_unroll<128, 4, at::native::gpu_kernel_impl_nocast<at::native::direct_copy_kernel_cuda(at::TensorIteratorBase&)::{lambda()#3}::operator()() const::{lambda()#7; dispatch index from file name stats_ui_output_agent_60711_dispatch_3.csv (may be a prime call; same inputs). Only the decoded code.json + stats CSV are retained; raw .att files are not.",,"{""n"":20000000}",
MI300X.torch.interleave.fp32.kernel_trace,MI300X,pytorch,interleave,fp32,65403882606f520e5d04a0c44983a831e2d642f5549ed12ae3c35d87f2561040,"{""n"":20000000}",rocprofv3 --kernel-trace --marker-trace of ONE PyTorch reference call inside a ROCTx range (after 3 prime calls),single application run,outputs/profiling/MI300X/analysis_2026-10-05/data/torch_kernels.json#interleave/fp32,25aff016f2c6eaee3d87052fb7f82dd09cf64ffaa5025875b43d566b933f8d89,local analysis_2026-10-05/data/torch_kernels.json (derived by scripts/torch_parse.py),analysis_2026-10-05,matched,not_applicable (vendor/ATen binaries; library versions in environment.json),2,RAW rocprofv3 trace CSVs were written to a session scratch directory and are NOT retained; only the derived per-kernel table is available (kernel names truncated to 300 chars). Input = ncu_catalogue winner params (identical to the rocprof-compute capture params: True). swept params equal the CSV row; other params equal config case_defaults; largest-row (last CSV row of this dtype),5b82f8afed59f83c3f39696338e7ce51dec38de7,"{""n"":20000000}","{""BLOCK_SIZE"":1024,""num_stages"":1,""num_warps"":8}"
MI300X.torch.interleave.int8.kernel_trace,MI300X,pytorch,interleave,int8,c253853e717bafcb3c476fd50e94798de9f99d091f78f4bfb1ec647235e88cfc,"{""n"":20000000}",rocprofv3 --kernel-trace --marker-trace of ONE PyTorch reference call inside a ROCTx range (after 3 prime calls),single application run,outputs/profiling/MI300X/analysis_2026-10-05/data/torch_kernels.json#interleave/int8,25aff016f2c6eaee3d87052fb7f82dd09cf64ffaa5025875b43d566b933f8d89,local analysis_2026-10-05/data/torch_kernels.json (derived by scripts/torch_parse.py),analysis_2026-10-05,matched,not_applicable (vendor/ATen binaries; library versions in environment.json),2,RAW rocprofv3 trace CSVs were written to a session scratch directory and are NOT retained; only the derived per-kernel table is available (kernel names truncated to 300 chars). Input = ncu_catalogue winner params (identical to the rocprof-compute capture params: True). swept params equal the CSV row; other params equal config case_defaults; largest-row (last CSV row of this dtype),5b82f8afed59f83c3f39696338e7ce51dec38de7,"{""n"":20000000}","{""BLOCK_SIZE"":8192,""num_stages"":1,""num_warps"":4}"
MI300X.torch.jacobi_stencil_2d.bf16.kernel_trace,MI300X,pytorch,jacobi_stencil_2d,bf16,c55ac43107e65dff9759cc2557c306ea57993f365fa77619fb7674d703bb1ddd,"{""rows"":10240}",rocprofv3 --kernel-trace --marker-trace of ONE PyTorch reference call inside a ROCTx range (after 3 prime calls),single application run,outputs/profiling/MI300X/analysis_2026-10-05/data/torch_kernels.json#jacobi_stencil_2d/bf16,25aff016f2c6eaee3d87052fb7f82dd09cf64ffaa5025875b43d566b933f8d89,local analysis_2026-10-05/data/torch_kernels.json (derived by scripts/torch_parse.py),analysis_2026-10-05,matched,not_applicable (vendor/ATen binaries; library versions in environment.json),6,RAW rocprofv3 trace CSVs were written to a session scratch directory and are NOT retained; only the derived per-kernel table is available (kernel names truncated to 300 chars). Input = ncu_catalogue winner params (identical to the rocprof-compute capture params: True). swept params equal the CSV row; other params equal config case_defaults; largest-row (last CSV row of this dtype),5b82f8afed59f83c3f39696338e7ce51dec38de7,"{""rows"":10240}","{""BLOCK_SIZE_C"":512,""BLOCK_SIZE_R"":1,""num_warps"":8}"
MI300X.torch.jacobi_stencil_2d.fp16.kernel_trace,MI300X,pytorch,jacobi_stencil_2d,fp16,cfbbebd7fa7bb85fdfc24087b3d47a0081a40a580e21150afe8145441426765e,"{""rows"":10240}",rocprofv3 --kernel-trace --marker-trace of ONE PyTorch reference call inside a ROCTx range (after 3 prime calls),single application run,outputs/profiling/MI300X/analysis_2026-10-05/data/torch_kernels.json#jacobi_stencil_2d/fp16,25aff016f2c6eaee3d87052fb7f82dd09cf64ffaa5025875b43d566b933f8d89,local analysis_2026-10-05/data/torch_kernels.json (derived by scripts/torch_parse.py),analysis_2026-10-05,matched,not_applicable (vendor/ATen binaries; library versions in environment.json),6,RAW rocprofv3 trace CSVs were written to a session scratch directory and are NOT retained; only the derived per-kernel table is available (kernel names truncated to 300 chars). Input = ncu_catalogue winner params (identical to the rocprof-compute capture params: True). swept params equal the CSV row; other params equal config case_defaults; largest-row (last CSV row of this dtype),5b82f8afed59f83c3f39696338e7ce51dec38de7,"{""rows"":10240}","{""BLOCK_SIZE_C"":512,""BLOCK_SIZE_R"":1,""num_warps"":8}"
MI300X.torch.jacobi_stencil_2d.fp32.kernel_trace,MI300X,pytorch,jacobi_stencil_2d,fp32,7aab3707df2cef6a47299d5f8630539c0a6ec847c507b82fc11ad72d08e3d95c,"{""rows"":10240}",rocprofv3 --kernel-trace --marker-trace of ONE PyTorch reference call inside a ROCTx range (after 3 prime calls),single application run,outputs/profiling/MI300X/analysis_2026-10-05/data/torch_kernels.json#jacobi_stencil_2d/fp32,25aff016f2c6eaee3d87052fb7f82dd09cf64ffaa5025875b43d566b933f8d89,local analysis_2026-10-05/data/torch_kernels.json (derived by scripts/torch_parse.py),analysis_2026-10-05,matched,not_applicable (vendor/ATen binaries; library versions in environment.json),6,RAW rocprofv3 trace CSVs were written to a session scratch directory and are NOT retained; only the derived per-kernel table is available (kernel names truncated to 300 chars). Input = ncu_catalogue winner params (identical to the rocprof-compute capture params: True). swept params equal the CSV row; other params equal config case_defaults; largest-row (last CSV row of this dtype),5b82f8afed59f83c3f39696338e7ce51dec38de7,"{""rows"":10240}","{""BLOCK_SIZE_C"":256,""BLOCK_SIZE_R"":2,""num_warps"":8}"
MI300X.torch.kl_divergence.fp32.kernel_trace,MI300X,pytorch,kl_divergence,fp32,9ef49921821cc8ffdb92d7b5f1c9f51c18599dca12709d4e9b81dcbdbc01153b,"{""cols"":16384,""rows"":4096}",rocprofv3 --kernel-trace --marker-trace of ONE PyTorch reference call inside a ROCTx range (after 3 prime calls),single application run,outputs/profiling/MI300X/analysis_2026-10-05/data/torch_kernels.json#kl_divergence/fp32,25aff016f2c6eaee3d87052fb7f82dd09cf64ffaa5025875b43d566b933f8d89,local analysis_2026-10-05/data/torch_kernels.json (derived by scripts/torch_parse.py),analysis_2026-10-05,matched,not_applicable (vendor/ATen binaries; library versions in environment.json),4,RAW rocprofv3 trace CSVs were written to a session scratch directory and are NOT retained; only the derived per-kernel table is available (kernel names truncated to 300 chars). Input = ncu_catalogue winner params (identical to the rocprof-compute capture params: True). swept params equal the CSV row; other params equal config case_defaults; largest-row (last CSV row of this dtype),5b82f8afed59f83c3f39696338e7ce51dec38de7,"{""cols"":16384,""rows"":4096}","{""BLOCK_SIZE"":1024,""num_stages"":3,""num_warps"":4}"
MI300X.torch.l2_norm.bf16.kernel_trace,MI300X,pytorch,l2_norm,bf16,887bedc24c3a47d48c8b93e1b4e2aa27e3adf999695b6a4f8bc8a397cf738d05,"{""K"":10240}",rocprofv3 --kernel-trace --marker-trace of ONE PyTorch reference call inside a ROCTx range (after 3 prime calls),single application run,outputs/profiling/MI300X/analysis_2026-10-05/data/torch_kernels.json#l2_norm/bf16,25aff016f2c6eaee3d87052fb7f82dd09cf64ffaa5025875b43d566b933f8d89,local analysis_2026-10-05/data/torch_kernels.json (derived by scripts/torch_parse.py),analysis_2026-10-05,matched,not_applicable (vendor/ATen binaries; library versions in environment.json),6,RAW rocprofv3 trace CSVs were written to a session scratch directory and are NOT retained; only the derived per-kernel table is available (kernel names truncated to 300 chars). Input = ncu_catalogue winner params (identical to the rocprof-compute capture params: True). swept params equal the CSV row; other params equal config case_defaults; largest-row (last CSV row of this dtype),5b82f8afed59f83c3f39696338e7ce51dec38de7,"{""K"":10240,""M"":2048,""batch"":1,""eps"":1e-06}","{""BLOCK_N"":2048,""num_stages"":4,""num_warps"":8}"
MI300X.torch.l2_norm.fp16.kernel_trace,MI300X,pytorch,l2_norm,fp16,f76af011cafa0d623bd2c7368176c162fe76d73ea1955d59f49e8e303d33d014,"{""K"":10240}",rocprofv3 --kernel-trace --marker-trace of ONE PyTorch reference call inside a ROCTx range (after 3 prime calls),single application run,outputs/profiling/MI300X/analysis_2026-10-05/data/torch_kernels.json#l2_norm/fp16,25aff016f2c6eaee3d87052fb7f82dd09cf64ffaa5025875b43d566b933f8d89,local analysis_2026-10-05/data/torch_kernels.json (derived by scripts/torch_parse.py),analysis_2026-10-05,matched,not_applicable (vendor/ATen binaries; library versions in environment.json),6,RAW rocprofv3 trace CSVs were written to a session scratch directory and are NOT retained; only the derived per-kernel table is available (kernel names truncated to 300 chars). Input = ncu_catalogue winner params (identical to the rocprof-compute capture params: True). swept params equal the CSV row; other params equal config case_defaults; largest-row (last CSV row of this dtype),5b82f8afed59f83c3f39696338e7ce51dec38de7,"{""K"":10240,""M"":2048,""batch"":1,""eps"":1e-06}","{""BLOCK_N"":1024,""num_stages"":4,""num_warps"":8}"
MI300X.torch.l2_norm.fp32.kernel_trace,MI300X,pytorch,l2_norm,fp32,a6963a7b295374219c9708497560fbb6df53a07a121ca5422f3f91d88f0b9006,"{""K"":10240}",rocprofv3 --kernel-trace --marker-trace of ONE PyTorch reference call inside a ROCTx range (after 3 prime calls),single application run,outputs/profiling/MI300X/analysis_2026-10-05/data/torch_kernels.json#l2_norm/fp32,25aff016f2c6eaee3d87052fb7f82dd09cf64ffaa5025875b43d566b933f8d89,local analysis_2026-10-05/data/torch_kernels.json (derived by scripts/torch_parse.py),analysis_2026-10-05,matched,not_applicable (vendor/ATen binaries; library versions in environment.json),5,RAW rocprofv3 trace CSVs were written to a session scratch directory and are NOT retained; only the derived per-kernel table is available (kernel names truncated to 300 chars). Input = ncu_catalogue winner params (identical to the rocprof-compute capture params: True). swept params equal the CSV row; other params equal config case_defaults; largest-row (last CSV row of this dtype),5b82f8afed59f83c3f39696338e7ce51dec38de7,"{""K"":10240,""M"":2048,""batch"":1,""eps"":1e-06}","{""BLOCK_N"":512,""num_stages"":4,""num_warps"":4}"
MI300X.torch.layernorm.bf16.kernel_trace,MI300X,pytorch,layernorm,bf16,7a53fc663c8fadd465d02ad4a7a2ea63c97e1756febccfd32002809195a1e279,"{""K"":10240}",rocprofv3 --kernel-trace --marker-trace of ONE PyTorch reference call inside a ROCTx range (after 3 prime calls),single application run,outputs/profiling/MI300X/analysis_2026-10-05/data/torch_kernels.json#layernorm/bf16,25aff016f2c6eaee3d87052fb7f82dd09cf64ffaa5025875b43d566b933f8d89,local analysis_2026-10-05/data/torch_kernels.json (derived by scripts/torch_parse.py),analysis_2026-10-05,matched,not_applicable (vendor/ATen binaries; library versions in environment.json),1,RAW rocprofv3 trace CSVs were written to a session scratch directory and are NOT retained; only the derived per-kernel table is available (kernel names truncated to 300 chars). Input = ncu_catalogue winner params (identical to the rocprof-compute capture params: True). swept params equal the CSV row; other params equal config case_defaults; largest-row (last CSV row of this dtype),5b82f8afed59f83c3f39696338e7ce51dec38de7,"{""K"":10240,""M"":2048,""batch"":1}","{""BLOCK_N_SIZE"":1024,""num_stages"":3,""num_warps"":2}"
MI300X.torch.layernorm.fp16.att,MI300X,pytorch,layernorm,fp16,13f15665c9dc0d0f9bca76b336b0aef7d85ca8f1cf2d43ad4fd9ec997a0333e5,"{""K"":10240}","rocprofv3 --att (thread trace), --att-target-cu 1, kernel include regex; decoded",single application run (same PyTorch harness as the kernel trace),outputs/profiling/MI300X/analysis_2026-10-05/att_torch/torch_layernorm_fp16,22ede13d636a4e5dbff74cadd73f8764da044e945a615a51375453af65c4ec1d,local analysis_2026-10-05/att_torch,analysis_2026-10-05,matched,not_applicable (ATen binary from torch 2.10.0+rocm7.1),1,"decoded kernel: void at::native::(anonymous namespace)::vectorized_layer_norm_kernel<c10::Half, float, false>(int, float, c10::Half const*, c10::Half const*, c10::Half const*, float*, float*, c10::Half*); dispatch index from file name stats_ui_output_agent_64056_dispatch_4.csv (may be a prime call; same inputs). Only the decoded code.json + stats CSV are retained; raw .att files are not.",,"{""K"":10240,""M"":2048,""batch"":1}",
MI300X.torch.layernorm.fp16.kernel_trace,MI300X,pytorch,layernorm,fp16,13f15665c9dc0d0f9bca76b336b0aef7d85ca8f1cf2d43ad4fd9ec997a0333e5,"{""K"":10240}",rocprofv3 --kernel-trace --marker-trace of ONE PyTorch reference call inside a ROCTx range (after 3 prime calls),single application run,outputs/profiling/MI300X/analysis_2026-10-05/data/torch_kernels.json#layernorm/fp16,25aff016f2c6eaee3d87052fb7f82dd09cf64ffaa5025875b43d566b933f8d89,local analysis_2026-10-05/data/torch_kernels.json (derived by scripts/torch_parse.py),analysis_2026-10-05,matched,not_applicable (vendor/ATen binaries; library versions in environment.json),1,RAW rocprofv3 trace CSVs were written to a session scratch directory and are NOT retained; only the derived per-kernel table is available (kernel names truncated to 300 chars). Input = ncu_catalogue winner params (identical to the rocprof-compute capture params: True). swept params equal the CSV row; other params equal config case_defaults; largest-row (last CSV row of this dtype),5b82f8afed59f83c3f39696338e7ce51dec38de7,"{""K"":10240,""M"":2048,""batch"":1}","{""BLOCK_N_SIZE"":1024,""num_stages"":3,""num_warps"":2}"
MI300X.torch.layernorm.fp32.kernel_trace,MI300X,pytorch,layernorm,fp32,fa45d3ba2fb3856f04607280e814ebbac125ae7a861db94f0f48dc44d3e53c3e,"{""K"":10240}",rocprofv3 --kernel-trace --marker-trace of ONE PyTorch reference call inside a ROCTx range (after 3 prime calls),single application run,outputs/profiling/MI300X/analysis_2026-10-05/data/torch_kernels.json#layernorm/fp32,25aff016f2c6eaee3d87052fb7f82dd09cf64ffaa5025875b43d566b933f8d89,local analysis_2026-10-05/data/torch_kernels.json (derived by scripts/torch_parse.py),analysis_2026-10-05,matched,not_applicable (vendor/ATen binaries; library versions in environment.json),1,RAW rocprofv3 trace CSVs were written to a session scratch directory and are NOT retained; only the derived per-kernel table is available (kernel names truncated to 300 chars). Input = ncu_catalogue winner params (identical to the rocprof-compute capture params: True). swept params equal the CSV row; other params equal config case_defaults; largest-row (last CSV row of this dtype),5b82f8afed59f83c3f39696338e7ce51dec38de7,"{""K"":10240,""M"":2048,""batch"":1}","{""BLOCK_N_SIZE"":2048,""num_stages"":4,""num_warps"":2}"
MI300X.torch.leaky_relu.bf16.kernel_trace,MI300X,pytorch,leaky_relu,bf16,6eca7d81a7289bee164ca35ad9cd7b50657bf8dbce8765f99841abe26890b05f,"{""n"":50000000}",rocprofv3 --kernel-trace --marker-trace of ONE PyTorch reference call inside a ROCTx range (after 3 prime calls),single application run,outputs/profiling/MI300X/analysis_2026-10-05/data/torch_kernels.json#leaky_relu/bf16,25aff016f2c6eaee3d87052fb7f82dd09cf64ffaa5025875b43d566b933f8d89,local analysis_2026-10-05/data/torch_kernels.json (derived by scripts/torch_parse.py),analysis_2026-10-05,matched,not_applicable (vendor/ATen binaries; library versions in environment.json),1,RAW rocprofv3 trace CSVs were written to a session scratch directory and are NOT retained; only the derived per-kernel table is available (kernel names truncated to 300 chars). Input = ncu_catalogue winner params (identical to the rocprof-compute capture params: True). swept params equal the CSV row; other params equal config case_defaults; largest-row (last CSV row of this dtype),5b82f8afed59f83c3f39696338e7ce51dec38de7,"{""n"":50000000}","{""BLOCK_SIZE"":1024,""num_stages"":2,""num_warps"":4}"
MI300X.torch.leaky_relu.fp16.kernel_trace,MI300X,pytorch,leaky_relu,fp16,7fa7ce730ac82d258792640bc436601d0f93b77fc124861e5c6f89f1a132e23a,"{""n"":50000000}",rocprofv3 --kernel-trace --marker-trace of ONE PyTorch reference call inside a ROCTx range (after 3 prime calls),single application run,outputs/profiling/MI300X/analysis_2026-10-05/data/torch_kernels.json#leaky_relu/fp16,25aff016f2c6eaee3d87052fb7f82dd09cf64ffaa5025875b43d566b933f8d89,local analysis_2026-10-05/data/torch_kernels.json (derived by scripts/torch_parse.py),analysis_2026-10-05,matched,not_applicable (vendor/ATen binaries; library versions in environment.json),1,RAW rocprofv3 trace CSVs were written to a session scratch directory and are NOT retained; only the derived per-kernel table is available (kernel names truncated to 300 chars). Input = ncu_catalogue winner params (identical to the rocprof-compute capture params: True). swept params equal the CSV row; other params equal config case_defaults; largest-row (last CSV row of this dtype),5b82f8afed59f83c3f39696338e7ce51dec38de7,"{""n"":50000000}","{""BLOCK_SIZE"":4096,""num_stages"":2,""num_warps"":8}"
MI300X.torch.leaky_relu.fp32.kernel_trace,MI300X,pytorch,leaky_relu,fp32,04db3e39c88ec881c2d156028c74d1166babba13cc0d3c4e2ac797819f67c211,"{""n"":50000000}",rocprofv3 --kernel-trace --marker-trace of ONE PyTorch reference call inside a ROCTx range (after 3 prime calls),single application run,outputs/profiling/MI300X/analysis_2026-10-05/data/torch_kernels.json#leaky_relu/fp32,25aff016f2c6eaee3d87052fb7f82dd09cf64ffaa5025875b43d566b933f8d89,local analysis_2026-10-05/data/torch_kernels.json (derived by scripts/torch_parse.py),analysis_2026-10-05,matched,not_applicable (vendor/ATen binaries; library versions in environment.json),1,RAW rocprofv3 trace CSVs were written to a session scratch directory and are NOT retained; only the derived per-kernel table is available (kernel names truncated to 300 chars). Input = ncu_catalogue winner params (identical to the rocprof-compute capture params: True). swept params equal the CSV row; other params equal config case_defaults; largest-row (last CSV row of this dtype),5b82f8afed59f83c3f39696338e7ce51dec38de7,"{""n"":50000000}","{""BLOCK_SIZE"":2048,""num_stages"":2,""num_warps"":8}"
MI300X.torch.linear_self_attention.fp32.kernel_trace,MI300X,pytorch,linear_self_attention,fp32,9f33e318243023d73b19a8eef521e9a0c2c656b036e96f7016b70c3cb4458bb4,"{""D"":256,""M"":10000}",rocprofv3 --kernel-trace --marker-trace of ONE PyTorch reference call inside a ROCTx range (after 3 prime calls),single application run,outputs/profiling/MI300X/analysis_2026-10-05/data/torch_kernels.json#linear_self_attention/fp32,25aff016f2c6eaee3d87052fb7f82dd09cf64ffaa5025875b43d566b933f8d89,local analysis_2026-10-05/data/torch_kernels.json (derived by scripts/torch_parse.py),analysis_2026-10-05,matched,not_applicable (vendor/ATen binaries; library versions in environment.json),15,RAW rocprofv3 trace CSVs were written to a session scratch directory and are NOT retained; only the derived per-kernel table is available (kernel names truncated to 300 chars). Input = ncu_catalogue winner params (identical to the rocprof-compute capture params: True). swept params equal the CSV row; other params equal config case_defaults; largest-row (last CSV row of this dtype),5b82f8afed59f83c3f39696338e7ce51dec38de7,"{""D"":256,""M"":10000,""eps"":1e-06}","{""kv_BLOCK_K"":64,""kv_BLOCK_M"":32,""kv_BLOCK_N"":32,""kv_num_stages"":2,""kv_num_warps"":8,""out_BLOCK_K"":64,""out_BLOCK_M"":64,""out_BLOCK_N"":64,""out_num_stages"":2,""out_num_warps"":4}"
MI300X.torch.matmul_fp32_fp16_fp8.fp16.kernel_trace,MI300X,pytorch,matmul_fp32_fp16_fp8,fp16,0f433dd0380aab932fd7dc12b1159e3b40ad0d21a385d0ebd8d5e56130ffc549,"{""K"":20480}",rocprofv3 --kernel-trace --marker-trace of ONE PyTorch reference call inside a ROCTx range (after 3 prime calls),single application run,outputs/profiling/MI300X/analysis_2026-10-05/data/torch_kernels.json#matmul_fp32_fp16_fp8/fp16,25aff016f2c6eaee3d87052fb7f82dd09cf64ffaa5025875b43d566b933f8d89,local analysis_2026-10-05/data/torch_kernels.json (derived by scripts/torch_parse.py),analysis_2026-10-05,matched,not_applicable (vendor/ATen binaries; library versions in environment.json),1,RAW rocprofv3 trace CSVs were written to a session scratch directory and are NOT retained; only the derived per-kernel table is available (kernel names truncated to 300 chars). Input = ncu_catalogue winner params (identical to the rocprof-compute capture params: True). swept params equal the CSV row; other params equal config case_defaults; largest-row (last CSV row of this dtype),5b82f8afed59f83c3f39696338e7ce51dec38de7,"{""K"":20480,""M"":4096,""N"":4096}","{""BLOCK_SIZE_K"":64,""BLOCK_SIZE_M"":256,""BLOCK_SIZE_N"":256,""GROUP_SIZE_M"":8,""num_stages"":3,""num_warps"":8}"
MI300X.torch.matmul_fp32_fp16_fp8.fp32.kernel_trace,MI300X,pytorch,matmul_fp32_fp16_fp8,fp32,8fc81e4eae152ab41b26be7f64e1325800fe8d1caebba9d5fed514ff11115dcb,"{""K"":20480}",rocprofv3 --kernel-trace --marker-trace of ONE PyTorch reference call inside a ROCTx range (after 3 prime calls),single application run,outputs/profiling/MI300X/analysis_2026-10-05/data/torch_kernels.json#matmul_fp32_fp16_fp8/fp32,25aff016f2c6eaee3d87052fb7f82dd09cf64ffaa5025875b43d566b933f8d89,local analysis_2026-10-05/data/torch_kernels.json (derived by scripts/torch_parse.py),analysis_2026-10-05,matched,not_applicable (vendor/ATen binaries; library versions in environment.json),1,RAW rocprofv3 trace CSVs were written to a session scratch directory and are NOT retained; only the derived per-kernel table is available (kernel names truncated to 300 chars). Input = ncu_catalogue winner params (identical to the rocprof-compute capture params: True). swept params equal the CSV row; other params equal config case_defaults; largest-row (last CSV row of this dtype),5b82f8afed59f83c3f39696338e7ce51dec38de7,"{""K"":20480,""M"":4096,""N"":4096}","{""BLOCK_SIZE_K"":32,""BLOCK_SIZE_M"":128,""BLOCK_SIZE_N"":128,""GROUP_SIZE_M"":8,""num_stages"":3,""num_warps"":4}"
MI300X.torch.matmul_int8.int8.kernel_trace,MI300X,pytorch,matmul_int8,int8,effb13083f7de4ecc0061a113fc9b59d39db1c0e69ff14d016c9f95798aa9292,"{""K"":20480}",rocprofv3 --kernel-trace --marker-trace of ONE PyTorch reference call inside a ROCTx range (after 3 prime calls),single application run,outputs/profiling/MI300X/analysis_2026-10-05/data/torch_kernels.json#matmul_int8/int8,25aff016f2c6eaee3d87052fb7f82dd09cf64ffaa5025875b43d566b933f8d89,local analysis_2026-10-05/data/torch_kernels.json (derived by scripts/torch_parse.py),analysis_2026-10-05,matched,not_applicable (vendor/ATen binaries; library versions in environment.json),29,RAW rocprofv3 trace CSVs were written to a session scratch directory and are NOT retained; only the derived per-kernel table is available (kernel names truncated to 300 chars). Input = ncu_catalogue winner params (identical to the rocprof-compute capture params: True). swept params equal the CSV row; other params equal config case_defaults; largest-row (last CSV row of this dtype),5b82f8afed59f83c3f39696338e7ce51dec38de7,"{""K"":20480,""M"":2048,""N"":2048}","{""BLOCK_SIZE_K"":64,""BLOCK_SIZE_M"":64,""BLOCK_SIZE_N"":256,""GROUP_SIZE_M"":8,""num_stages"":3,""num_warps"":16}"
MI300X.torch.matrix_copy.bf16.kernel_trace,MI300X,pytorch,matrix_copy,bf16,68480203642c7428ce26ab56bdd1caacd9925a7953fcdefb0afe46d8d3e52339,"{""N"":5120}",rocprofv3 --kernel-trace --marker-trace of ONE PyTorch reference call inside a ROCTx range (after 3 prime calls),single application run,outputs/profiling/MI300X/analysis_2026-10-05/data/torch_kernels.json#matrix_copy/bf16,25aff016f2c6eaee3d87052fb7f82dd09cf64ffaa5025875b43d566b933f8d89,local analysis_2026-10-05/data/torch_kernels.json (derived by scripts/torch_parse.py),analysis_2026-10-05,matched,not_applicable (vendor/ATen binaries; library versions in environment.json),1,RAW rocprofv3 trace CSVs were written to a session scratch directory and are NOT retained; only the derived per-kernel table is available (kernel names truncated to 300 chars). Input = ncu_catalogue winner params (identical to the rocprof-compute capture params: True). swept params equal the CSV row; other params equal config case_defaults; largest-row (last CSV row of this dtype),5b82f8afed59f83c3f39696338e7ce51dec38de7,"{""N"":5120}","{""BLOCK_SIZE"":4096,""num_stages"":2,""num_warps"":4}"
MI300X.torch.matrix_copy.fp16.kernel_trace,MI300X,pytorch,matrix_copy,fp16,3962f8de0b2a8e72865456d36aac5ef2374c1ef5fbbfa351d36e5d9cad3b826a,"{""N"":5120}",rocprofv3 --kernel-trace --marker-trace of ONE PyTorch reference call inside a ROCTx range (after 3 prime calls),single application run,outputs/profiling/MI300X/analysis_2026-10-05/data/torch_kernels.json#matrix_copy/fp16,25aff016f2c6eaee3d87052fb7f82dd09cf64ffaa5025875b43d566b933f8d89,local analysis_2026-10-05/data/torch_kernels.json (derived by scripts/torch_parse.py),analysis_2026-10-05,matched,not_applicable (vendor/ATen binaries; library versions in environment.json),1,RAW rocprofv3 trace CSVs were written to a session scratch directory and are NOT retained; only the derived per-kernel table is available (kernel names truncated to 300 chars). Input = ncu_catalogue winner params (identical to the rocprof-compute capture params: True). swept params equal the CSV row; other params equal config case_defaults; largest-row (last CSV row of this dtype),5b82f8afed59f83c3f39696338e7ce51dec38de7,"{""N"":5120}","{""BLOCK_SIZE"":4096,""num_stages"":1,""num_warps"":8}"
MI300X.torch.matrix_copy.fp32.kernel_trace,MI300X,pytorch,matrix_copy,fp32,5aac204a2cc7a183e05fd5e2ceeb1423ffbdbb6f87096326557e412ae3d4d766,"{""N"":5120}",rocprofv3 --kernel-trace --marker-trace of ONE PyTorch reference call inside a ROCTx range (after 3 prime calls),single application run,outputs/profiling/MI300X/analysis_2026-10-05/data/torch_kernels.json#matrix_copy/fp32,25aff016f2c6eaee3d87052fb7f82dd09cf64ffaa5025875b43d566b933f8d89,local analysis_2026-10-05/data/torch_kernels.json (derived by scripts/torch_parse.py),analysis_2026-10-05,matched,not_applicable (vendor/ATen binaries; library versions in environment.json),1,RAW rocprofv3 trace CSVs were written to a session scratch directory and are NOT retained; only the derived per-kernel table is available (kernel names truncated to 300 chars). Input = ncu_catalogue winner params (identical to the rocprof-compute capture params: True). swept params equal the CSV row; other params equal config case_defaults; largest-row (last CSV row of this dtype),5b82f8afed59f83c3f39696338e7ce51dec38de7,"{""N"":5120}","{""BLOCK_SIZE"":2048,""num_stages"":2,""num_warps"":8}"
MI300X.torch.matrix_copy.int8.kernel_trace,MI300X,pytorch,matrix_copy,int8,4555af9b2b422d932151e99cb252e97a39529d13e10801033d5eba9fa320da59,"{""N"":5120}",rocprofv3 --kernel-trace --marker-trace of ONE PyTorch reference call inside a ROCTx range (after 3 prime calls),single application run,outputs/profiling/MI300X/analysis_2026-10-05/data/torch_kernels.json#matrix_copy/int8,25aff016f2c6eaee3d87052fb7f82dd09cf64ffaa5025875b43d566b933f8d89,local analysis_2026-10-05/data/torch_kernels.json (derived by scripts/torch_parse.py),analysis_2026-10-05,matched,not_applicable (vendor/ATen binaries; library versions in environment.json),1,RAW rocprofv3 trace CSVs were written to a session scratch directory and are NOT retained; only the derived per-kernel table is available (kernel names truncated to 300 chars). Input = ncu_catalogue winner params (identical to the rocprof-compute capture params: True). swept params equal the CSV row; other params equal config case_defaults; largest-row (last CSV row of this dtype),5b82f8afed59f83c3f39696338e7ce51dec38de7,"{""N"":5120}","{""BLOCK_SIZE"":4096,""num_stages"":2,""num_warps"":4}"
MI300X.torch.matrix_transpose.bf16.kernel_trace,MI300X,pytorch,matrix_transpose,bf16,df171b7cfb5517f2f42b3fc141742299420af17bb44d898b5fb3896a2358fb4f,"{""n"":20480}",rocprofv3 --kernel-trace --marker-trace of ONE PyTorch reference call inside a ROCTx range (after 3 prime calls),single application run,outputs/profiling/MI300X/analysis_2026-10-05/data/torch_kernels.json#matrix_transpose/bf16,25aff016f2c6eaee3d87052fb7f82dd09cf64ffaa5025875b43d566b933f8d89,local analysis_2026-10-05/data/torch_kernels.json (derived by scripts/torch_parse.py),analysis_2026-10-05,matched,not_applicable (vendor/ATen binaries; library versions in environment.json),1,RAW rocprofv3 trace CSVs were written to a session scratch directory and are NOT retained; only the derived per-kernel table is available (kernel names truncated to 300 chars). Input = ncu_catalogue winner params (identical to the rocprof-compute capture params: True). swept params equal the CSV row; other params equal config case_defaults; largest-row (last CSV row of this dtype),5b82f8afed59f83c3f39696338e7ce51dec38de7,"{""m"":4096,""n"":20480}","{""BLOCK_TILE"":128,""num_warps"":8}"
MI300X.torch.matrix_transpose.fp16.kernel_trace,MI300X,pytorch,matrix_transpose,fp16,c811dbec7492bb7e97a787fba0c6a6c06d2fa61c41a842417585bee6c90eeaf8,"{""n"":20480}",rocprofv3 --kernel-trace --marker-trace of ONE PyTorch reference call inside a ROCTx range (after 3 prime calls),single application run,outputs/profiling/MI300X/analysis_2026-10-05/data/torch_kernels.json#matrix_transpose/fp16,25aff016f2c6eaee3d87052fb7f82dd09cf64ffaa5025875b43d566b933f8d89,local analysis_2026-10-05/data/torch_kernels.json (derived by scripts/torch_parse.py),analysis_2026-10-05,matched,not_applicable (vendor/ATen binaries; library versions in environment.json),1,RAW rocprofv3 trace CSVs were written to a session scratch directory and are NOT retained; only the derived per-kernel table is available (kernel names truncated to 300 chars). Input = ncu_catalogue winner params (identical to the rocprof-compute capture params: True). swept params equal the CSV row; other params equal config case_defaults; largest-row (last CSV row of this dtype),5b82f8afed59f83c3f39696338e7ce51dec38de7,"{""m"":4096,""n"":20480}","{""BLOCK_TILE"":128,""num_warps"":8}"
MI300X.torch.matrix_transpose.fp32.att,MI300X,pytorch,matrix_transpose,fp32,25f272128f83299d2b25a97a68b4d7d64bb91fdeb01bd311a7b16902b5575bf4,"{""n"":20480}","rocprofv3 --att (thread trace), --att-target-cu 1, kernel include regex; decoded",single application run (same PyTorch harness as the kernel trace),outputs/profiling/MI300X/analysis_2026-10-05/att_torch/torch_matrix_transpose_fp32,43ad6dbd1e01ca1bf85278389136f557094203751039a507e91dd474e4a4718f,local analysis_2026-10-05/att_torch,analysis_2026-10-05,matched,not_applicable (ATen binary from torch 2.10.0+rocm7.1),1,"decoded kernel: void at::native::elementwise_kernel_manual_unroll<128, 4, at::native::gpu_kernel_impl_nocast<at::native::direct_copy_kernel_cuda(at::TensorIteratorBase&)::{lambda()#3}::operator()() const::{lambda()#7; dispatch index from file name stats_ui_output_agent_49987_dispatch_2.csv (may be a prime call; same inputs). Only the decoded code.json + stats CSV are retained; raw .att files are not.",,"{""m"":4096,""n"":20480}",
MI300X.torch.matrix_transpose.fp32.kernel_trace,MI300X,pytorch,matrix_transpose,fp32,25f272128f83299d2b25a97a68b4d7d64bb91fdeb01bd311a7b16902b5575bf4,"{""n"":20480}",rocprofv3 --kernel-trace --marker-trace of ONE PyTorch reference call inside a ROCTx range (after 3 prime calls),single application run,outputs/profiling/MI300X/analysis_2026-10-05/data/torch_kernels.json#matrix_transpose/fp32,25aff016f2c6eaee3d87052fb7f82dd09cf64ffaa5025875b43d566b933f8d89,local analysis_2026-10-05/data/torch_kernels.json (derived by scripts/torch_parse.py),analysis_2026-10-05,matched,not_applicable (vendor/ATen binaries; library versions in environment.json),1,RAW rocprofv3 trace CSVs were written to a session scratch directory and are NOT retained; only the derived per-kernel table is available (kernel names truncated to 300 chars). Input = ncu_catalogue winner params (identical to the rocprof-compute capture params: True). swept params equal the CSV row; other params equal config case_defaults; largest-row (last CSV row of this dtype),5b82f8afed59f83c3f39696338e7ce51dec38de7,"{""m"":4096,""n"":20480}","{""BLOCK_TILE"":128,""num_warps"":8}"
MI300X.torch.matrix_transpose.int8.kernel_trace,MI300X,pytorch,matrix_transpose,int8,b84f396ed0c507eef289b9316a7048a1ef642eaebf1221304ee271c6029e2439,"{""n"":20480}",rocprofv3 --kernel-trace --marker-trace of ONE PyTorch reference call inside a ROCTx range (after 3 prime calls),single application run,outputs/profiling/MI300X/analysis_2026-10-05/data/torch_kernels.json#matrix_transpose/int8,25aff016f2c6eaee3d87052fb7f82dd09cf64ffaa5025875b43d566b933f8d89,local analysis_2026-10-05/data/torch_kernels.json (derived by scripts/torch_parse.py),analysis_2026-10-05,matched,not_applicable (vendor/ATen binaries; library versions in environment.json),1,RAW rocprofv3 trace CSVs were written to a session scratch directory and are NOT retained; only the derived per-kernel table is available (kernel names truncated to 300 chars). Input = ncu_catalogue winner params (identical to the rocprof-compute capture params: True). swept params equal the CSV row; other params equal config case_defaults; largest-row (last CSV row of this dtype),5b82f8afed59f83c3f39696338e7ce51dec38de7,"{""m"":4096,""n"":20480}","{""BLOCK_TILE"":128,""num_warps"":4}"
MI300X.torch.mean_reduction.bf16.kernel_trace,MI300X,pytorch,mean_reduction,bf16,a7efcba8e305c6117d8708114534cb27854ab592d025d380ba7457dffcec53dc,"{""N"":20480}",rocprofv3 --kernel-trace --marker-trace of ONE PyTorch reference call inside a ROCTx range (after 3 prime calls),single application run,outputs/profiling/MI300X/analysis_2026-10-05/data/torch_kernels.json#mean_reduction/bf16,25aff016f2c6eaee3d87052fb7f82dd09cf64ffaa5025875b43d566b933f8d89,local analysis_2026-10-05/data/torch_kernels.json (derived by scripts/torch_parse.py),analysis_2026-10-05,matched,not_applicable (vendor/ATen binaries; library versions in environment.json),1,RAW rocprofv3 trace CSVs were written to a session scratch directory and are NOT retained; only the derived per-kernel table is available (kernel names truncated to 300 chars). Input = ncu_catalogue winner params (identical to the rocprof-compute capture params: True). swept params equal the CSV row; other params equal config case_defaults; largest-row (last CSV row of this dtype),5b82f8afed59f83c3f39696338e7ce51dec38de7,"{""M"":2048,""N"":20480}","{""BLOCK_M"":1,""BLOCK_N"":1024,""num_warps"":4}"
MI300X.torch.mean_reduction.fp16.kernel_trace,MI300X,pytorch,mean_reduction,fp16,3a3f4da78559d9d747f4d95764852d50d43150a968bf4ed66902ead7ef458220,"{""N"":20480}",rocprofv3 --kernel-trace --marker-trace of ONE PyTorch reference call inside a ROCTx range (after 3 prime calls),single application run,outputs/profiling/MI300X/analysis_2026-10-05/data/torch_kernels.json#mean_reduction/fp16,25aff016f2c6eaee3d87052fb7f82dd09cf64ffaa5025875b43d566b933f8d89,local analysis_2026-10-05/data/torch_kernels.json (derived by scripts/torch_parse.py),analysis_2026-10-05,matched,not_applicable (vendor/ATen binaries; library versions in environment.json),1,RAW rocprofv3 trace CSVs were written to a session scratch directory and are NOT retained; only the derived per-kernel table is available (kernel names truncated to 300 chars). Input = ncu_catalogue winner params (identical to the rocprof-compute capture params: True). swept params equal the CSV row; other params equal config case_defaults; largest-row (last CSV row of this dtype),5b82f8afed59f83c3f39696338e7ce51dec38de7,"{""M"":2048,""N"":20480}","{""BLOCK_M"":1,""BLOCK_N"":2048,""num_warps"":2}"
MI300X.torch.mean_reduction.fp32.att,MI300X,pytorch,mean_reduction,fp32,42d5fd22638fb0c3446e5293f8e80b4b835482035fc2ad8e583ca3f25650f683,"{""N"":20480}","rocprofv3 --att (thread trace), --att-target-cu 1, kernel include regex; decoded",single application run (same PyTorch harness as the kernel trace),outputs/profiling/MI300X/analysis_2026-10-05/att_torch/torch_mean_reduction_fp32,2df9d052e78242828bb3e757b150b6a31927ce71e788706a194a6cb928572dfa,local analysis_2026-10-05/att_torch,analysis_2026-10-05,matched,not_applicable (ATen binary from torch 2.10.0+rocm7.1),1,"decoded kernel: void at::native::reduce_kernel<512, 1, at::native::ReduceOp<float, at::native::MeanOps<float, float, float, float>, unsigned int, float, 4, 4> >(at::native::ReduceOp<float, at::native::MeanOps<float, ; dispatch index from file name stats_ui_output_agent_64641_dispatch_2.csv (may be a prime call; same inputs). Only the decoded code.json + stats CSV are retained; raw .att files are not.",,"{""M"":2048,""N"":20480}",
MI300X.torch.mean_reduction.fp32.kernel_trace,MI300X,pytorch,mean_reduction,fp32,42d5fd22638fb0c3446e5293f8e80b4b835482035fc2ad8e583ca3f25650f683,"{""N"":20480}",rocprofv3 --kernel-trace --marker-trace of ONE PyTorch reference call inside a ROCTx range (after 3 prime calls),single application run,outputs/profiling/MI300X/analysis_2026-10-05/data/torch_kernels.json#mean_reduction/fp32,25aff016f2c6eaee3d87052fb7f82dd09cf64ffaa5025875b43d566b933f8d89,local analysis_2026-10-05/data/torch_kernels.json (derived by scripts/torch_parse.py),analysis_2026-10-05,matched,not_applicable (vendor/ATen binaries; library versions in environment.json),1,RAW rocprofv3 trace CSVs were written to a session scratch directory and are NOT retained; only the derived per-kernel table is available (kernel names truncated to 300 chars). Input = ncu_catalogue winner params (identical to the rocprof-compute capture params: True). swept params equal the CSV row; other params equal config case_defaults; largest-row (last CSV row of this dtype),5b82f8afed59f83c3f39696338e7ce51dec38de7,"{""M"":2048,""N"":20480}","{""BLOCK_M"":1,""BLOCK_N"":2048,""num_warps"":8}"
MI300X.torch.moe_topk_gating.bf16.kernel_trace,MI300X,pytorch,moe_topk_gating,bf16,999027f3156336963f8410d89e0a7ad146298f5f833644300c3e785bbcaf56e7,"{""M"":20480}",rocprofv3 --kernel-trace --marker-trace of ONE PyTorch reference call inside a ROCTx range (after 3 prime calls),single application run,outputs/profiling/MI300X/analysis_2026-10-05/data/torch_kernels.json#moe_topk_gating/bf16,25aff016f2c6eaee3d87052fb7f82dd09cf64ffaa5025875b43d566b933f8d89,local analysis_2026-10-05/data/torch_kernels.json (derived by scripts/torch_parse.py),analysis_2026-10-05,matched,not_applicable (vendor/ATen binaries; library versions in environment.json),6,RAW rocprofv3 trace CSVs were written to a session scratch directory and are NOT retained; only the derived per-kernel table is available (kernel names truncated to 300 chars). Input = ncu_catalogue winner params (identical to the rocprof-compute capture params: True). swept params equal the CSV row; other params equal config case_defaults; largest-row (last CSV row of this dtype),5b82f8afed59f83c3f39696338e7ce51dec38de7,"{""E"":128,""M"":20480,""k"":2}","{""num_warps"":1}"
MI300X.torch.moe_topk_gating.fp16.kernel_trace,MI300X,pytorch,moe_topk_gating,fp16,995a5bc2e6d3f330ee4fbf3f459d6b0fc371799920cb43fac9419557937d9600,"{""M"":20480}",rocprofv3 --kernel-trace --marker-trace of ONE PyTorch reference call inside a ROCTx range (after 3 prime calls),single application run,outputs/profiling/MI300X/analysis_2026-10-05/data/torch_kernels.json#moe_topk_gating/fp16,25aff016f2c6eaee3d87052fb7f82dd09cf64ffaa5025875b43d566b933f8d89,local analysis_2026-10-05/data/torch_kernels.json (derived by scripts/torch_parse.py),analysis_2026-10-05,matched,not_applicable (vendor/ATen binaries; library versions in environment.json),6,RAW rocprofv3 trace CSVs were written to a session scratch directory and are NOT retained; only the derived per-kernel table is available (kernel names truncated to 300 chars). Input = ncu_catalogue winner params (identical to the rocprof-compute capture params: True). swept params equal the CSV row; other params equal config case_defaults; largest-row (last CSV row of this dtype),5b82f8afed59f83c3f39696338e7ce51dec38de7,"{""E"":128,""M"":20480,""k"":2}","{""num_warps"":2}"
MI300X.torch.moe_topk_gating.fp32.kernel_trace,MI300X,pytorch,moe_topk_gating,fp32,4c2df3bb2df9104ffd3e11ef33e8a893a176cb754c7f9e339a54f873b83cd555,"{""M"":20480}",rocprofv3 --kernel-trace --marker-trace of ONE PyTorch reference call inside a ROCTx range (after 3 prime calls),single application run,outputs/profiling/MI300X/analysis_2026-10-05/data/torch_kernels.json#moe_topk_gating/fp32,25aff016f2c6eaee3d87052fb7f82dd09cf64ffaa5025875b43d566b933f8d89,local analysis_2026-10-05/data/torch_kernels.json (derived by scripts/torch_parse.py),analysis_2026-10-05,matched,not_applicable (vendor/ATen binaries; library versions in environment.json),4,RAW rocprofv3 trace CSVs were written to a session scratch directory and are NOT retained; only the derived per-kernel table is available (kernel names truncated to 300 chars). Input = ncu_catalogue winner params (identical to the rocprof-compute capture params: True). swept params equal the CSV row; other params equal config case_defaults; largest-row (last CSV row of this dtype),5b82f8afed59f83c3f39696338e7ce51dec38de7,"{""E"":128,""M"":20480,""k"":2}","{""num_warps"":1}"
MI300X.torch.mul2.bf16.kernel_trace,MI300X,pytorch,mul2,bf16,b239246027a9e4ae1728407186536a2dde1ef74a521027f24d77feb34d3490bd,"{""n"":20971520}",rocprofv3 --kernel-trace --marker-trace of ONE PyTorch reference call inside a ROCTx range (after 3 prime calls),single application run,outputs/profiling/MI300X/analysis_2026-10-05/data/torch_kernels.json#mul2/bf16,25aff016f2c6eaee3d87052fb7f82dd09cf64ffaa5025875b43d566b933f8d89,local analysis_2026-10-05/data/torch_kernels.json (derived by scripts/torch_parse.py),analysis_2026-10-05,matched,not_applicable (vendor/ATen binaries; library versions in environment.json),1,RAW rocprofv3 trace CSVs were written to a session scratch directory and are NOT retained; only the derived per-kernel table is available (kernel names truncated to 300 chars). Input = ncu_catalogue winner params (identical to the rocprof-compute capture params: True). swept params equal the CSV row; other params equal config case_defaults; largest-row (last CSV row of this dtype),5b82f8afed59f83c3f39696338e7ce51dec38de7,"{""n"":20971520}","{""BLOCK_SIZE"":2048,""num_warps"":2}"
MI300X.torch.mul2.fp16.kernel_trace,MI300X,pytorch,mul2,fp16,5d1d7411d7b1a6ea84f82bf1cdf0dba7d19a3be723a00efdb5cc8b00138f519c,"{""n"":20971520}",rocprofv3 --kernel-trace --marker-trace of ONE PyTorch reference call inside a ROCTx range (after 3 prime calls),single application run,outputs/profiling/MI300X/analysis_2026-10-05/data/torch_kernels.json#mul2/fp16,25aff016f2c6eaee3d87052fb7f82dd09cf64ffaa5025875b43d566b933f8d89,local analysis_2026-10-05/data/torch_kernels.json (derived by scripts/torch_parse.py),analysis_2026-10-05,matched,not_applicable (vendor/ATen binaries; library versions in environment.json),1,RAW rocprofv3 trace CSVs were written to a session scratch directory and are NOT retained; only the derived per-kernel table is available (kernel names truncated to 300 chars). Input = ncu_catalogue winner params (identical to the rocprof-compute capture params: True). swept params equal the CSV row; other params equal config case_defaults; largest-row (last CSV row of this dtype),5b82f8afed59f83c3f39696338e7ce51dec38de7,"{""n"":20971520}","{""BLOCK_SIZE"":2048,""num_warps"":2}"
MI300X.torch.mul2.fp32.kernel_trace,MI300X,pytorch,mul2,fp32,898d732a39607a151505ba74546b6d259880ccbabfa651c68d91f0bc9bef30a8,"{""n"":20971520}",rocprofv3 --kernel-trace --marker-trace of ONE PyTorch reference call inside a ROCTx range (after 3 prime calls),single application run,outputs/profiling/MI300X/analysis_2026-10-05/data/torch_kernels.json#mul2/fp32,25aff016f2c6eaee3d87052fb7f82dd09cf64ffaa5025875b43d566b933f8d89,local analysis_2026-10-05/data/torch_kernels.json (derived by scripts/torch_parse.py),analysis_2026-10-05,matched,not_applicable (vendor/ATen binaries; library versions in environment.json),1,RAW rocprofv3 trace CSVs were written to a session scratch directory and are NOT retained; only the derived per-kernel table is available (kernel names truncated to 300 chars). Input = ncu_catalogue winner params (identical to the rocprof-compute capture params: True). swept params equal the CSV row; other params equal config case_defaults; largest-row (last CSV row of this dtype),5b82f8afed59f83c3f39696338e7ce51dec38de7,"{""n"":20971520}","{""BLOCK_SIZE"":1024,""num_warps"":4}"
MI300X.torch.mul2.int8.kernel_trace,MI300X,pytorch,mul2,int8,ecdaf77bb804fe7a7d55e43a79345c5750ea9e7f1f1d0d16ee06b6dcf7094c6a,"{""n"":20971520}",rocprofv3 --kernel-trace --marker-trace of ONE PyTorch reference call inside a ROCTx range (after 3 prime calls),single application run,outputs/profiling/MI300X/analysis_2026-10-05/data/torch_kernels.json#mul2/int8,25aff016f2c6eaee3d87052fb7f82dd09cf64ffaa5025875b43d566b933f8d89,local analysis_2026-10-05/data/torch_kernels.json (derived by scripts/torch_parse.py),analysis_2026-10-05,matched,not_applicable (vendor/ATen binaries; library versions in environment.json),1,RAW rocprofv3 trace CSVs were written to a session scratch directory and are NOT retained; only the derived per-kernel table is available (kernel names truncated to 300 chars). Input = ncu_catalogue winner params (identical to the rocprof-compute capture params: True). swept params equal the CSV row; other params equal config case_defaults; largest-row (last CSV row of this dtype),5b82f8afed59f83c3f39696338e7ce51dec38de7,"{""n"":20971520}","{""BLOCK_SIZE"":2048,""num_warps"":4}"
MI300X.torch.quantize_global.fp32.kernel_trace,MI300X,pytorch,quantize_global,fp32,6557cc54e9dc0efe77d0f3fe9bb0a8e5d8fbec757d939b1663304ce4b6d92544,"{""n"":20971520}",rocprofv3 --kernel-trace --marker-trace of ONE PyTorch reference call inside a ROCTx range (after 3 prime calls),single application run,outputs/profiling/MI300X/analysis_2026-10-05/data/torch_kernels.json#quantize_global/fp32,25aff016f2c6eaee3d87052fb7f82dd09cf64ffaa5025875b43d566b933f8d89,local analysis_2026-10-05/data/torch_kernels.json (derived by scripts/torch_parse.py),analysis_2026-10-05,matched,not_applicable (vendor/ATen binaries; library versions in environment.json),1,RAW rocprofv3 trace CSVs were written to a session scratch directory and are NOT retained; only the derived per-kernel table is available (kernel names truncated to 300 chars). Input = ncu_catalogue winner params (identical to the rocprof-compute capture params: False). swept params equal the CSV row; other params equal config case_defaults; largest-row (last CSV row of this dtype),5b82f8afed59f83c3f39696338e7ce51dec38de7,"{""dtype"":""fp32"",""n"":20971520}","{""BLOCK_SIZE"":4096,""num_warps"":4}"
MI300X.torch.radix_sort.int32.kernel_trace,MI300X,pytorch,radix_sort,int32,c419cf6bbc582ac937bf44f46adf91e55b6f340d8c92b359972a24812ef0ec8e,"{""n"":20000000}",rocprofv3 --kernel-trace --marker-trace of ONE PyTorch reference call inside a ROCTx range (after 3 prime calls),single application run,outputs/profiling/MI300X/analysis_2026-10-05/data/torch_kernels.json#radix_sort/int32,25aff016f2c6eaee3d87052fb7f82dd09cf64ffaa5025875b43d566b933f8d89,local analysis_2026-10-05/data/torch_kernels.json (derived by scripts/torch_parse.py),analysis_2026-10-05,matched,not_applicable (vendor/ATen binaries; library versions in environment.json),13,RAW rocprofv3 trace CSVs were written to a session scratch directory and are NOT retained; only the derived per-kernel table is available (kernel names truncated to 300 chars). Input = ncu_catalogue winner params (identical to the rocprof-compute capture params: True). swept params equal the CSV row; other params equal config case_defaults; largest-row (last CSV row of this dtype),5b82f8afed59f83c3f39696338e7ce51dec38de7,"{""n"":20000000}","{""num_warps"":4}"
MI300X.torch.relu.bf16.kernel_trace,MI300X,pytorch,relu,bf16,eb4625f6bc86e92cf17eb96784bdffd9088a3ff96dbfd713557404b078418c9f,"{""n"":20971520}",rocprofv3 --kernel-trace --marker-trace of ONE PyTorch reference call inside a ROCTx range (after 3 prime calls),single application run,outputs/profiling/MI300X/analysis_2026-10-05/data/torch_kernels.json#relu/bf16,25aff016f2c6eaee3d87052fb7f82dd09cf64ffaa5025875b43d566b933f8d89,local analysis_2026-10-05/data/torch_kernels.json (derived by scripts/torch_parse.py),analysis_2026-10-05,matched,not_applicable (vendor/ATen binaries; library versions in environment.json),1,RAW rocprofv3 trace CSVs were written to a session scratch directory and are NOT retained; only the derived per-kernel table is available (kernel names truncated to 300 chars). Input = ncu_catalogue winner params (identical to the rocprof-compute capture params: True). swept params equal the CSV row; other params equal config case_defaults; largest-row (last CSV row of this dtype),5b82f8afed59f83c3f39696338e7ce51dec38de7,"{""n"":20971520}","{""BLOCK_SIZE"":2048,""num_warps"":2}"
MI300X.torch.relu.fp16.att,MI300X,pytorch,relu,fp16,7d159b296cd030ada18eec6156a59d5e7315f3b37147d864d401263ad7322b30,"{""n"":20971520}","rocprofv3 --att (thread trace), --att-target-cu 1, kernel include regex; decoded",single application run (same PyTorch harness as the kernel trace),outputs/profiling/MI300X/analysis_2026-10-05/att_torch/torch_relu_fp16,8db82492b14b831e67b36d81b0737d9a7a8b9bfdb909d671957d290e50e476cc,local analysis_2026-10-05/att_torch,analysis_2026-10-05,matched,not_applicable (ATen binary from torch 2.10.0+rocm7.1),1,"decoded kernel: void at::native::vectorized_elementwise_kernel<8, at::native::(anonymous namespace)::launch_clamp_scalar(at::TensorIteratorBase&, c10::Scalar, c10::Scalar, at::native::detail::ClampLimits)::{lambda()#; dispatch index from file name stats_ui_output_agent_13353_dispatch_2.csv (may be a prime call; same inputs). Only the decoded code.json + stats CSV are retained; raw .att files are not.",,"{""n"":20971520}",
MI300X.torch.relu.fp16.kernel_trace,MI300X,pytorch,relu,fp16,7d159b296cd030ada18eec6156a59d5e7315f3b37147d864d401263ad7322b30,"{""n"":20971520}",rocprofv3 --kernel-trace --marker-trace of ONE PyTorch reference call inside a ROCTx range (after 3 prime calls),single application run,outputs/profiling/MI300X/analysis_2026-10-05/data/torch_kernels.json#relu/fp16,25aff016f2c6eaee3d87052fb7f82dd09cf64ffaa5025875b43d566b933f8d89,local analysis_2026-10-05/data/torch_kernels.json (derived by scripts/torch_parse.py),analysis_2026-10-05,matched,not_applicable (vendor/ATen binaries; library versions in environment.json),1,RAW rocprofv3 trace CSVs were written to a session scratch directory and are NOT retained; only the derived per-kernel table is available (kernel names truncated to 300 chars). Input = ncu_catalogue winner params (identical to the rocprof-compute capture params: True). swept params equal the CSV row; other params equal config case_defaults; largest-row (last CSV row of this dtype),5b82f8afed59f83c3f39696338e7ce51dec38de7,"{""n"":20971520}","{""BLOCK_SIZE"":2048,""num_warps"":2}"
MI300X.torch.relu.fp32.kernel_trace,MI300X,pytorch,relu,fp32,7f57d89b3bd4feea0cdc62ff8315be2e0b5f27b66869d7ede75f02f446fda492,"{""n"":20971520}",rocprofv3 --kernel-trace --marker-trace of ONE PyTorch reference call inside a ROCTx range (after 3 prime calls),single application run,outputs/profiling/MI300X/analysis_2026-10-05/data/torch_kernels.json#relu/fp32,25aff016f2c6eaee3d87052fb7f82dd09cf64ffaa5025875b43d566b933f8d89,local analysis_2026-10-05/data/torch_kernels.json (derived by scripts/torch_parse.py),analysis_2026-10-05,matched,not_applicable (vendor/ATen binaries; library versions in environment.json),1,RAW rocprofv3 trace CSVs were written to a session scratch directory and are NOT retained; only the derived per-kernel table is available (kernel names truncated to 300 chars). Input = ncu_catalogue winner params (identical to the rocprof-compute capture params: True). swept params equal the CSV row; other params equal config case_defaults; largest-row (last CSV row of this dtype),5b82f8afed59f83c3f39696338e7ce51dec38de7,"{""n"":20971520}","{""BLOCK_SIZE"":2048,""num_warps"":8}"
MI300X.torch.relu.int8.kernel_trace,MI300X,pytorch,relu,int8,36ee80f0e10ef0574aecbfd0cb8f6c9ceb48ec1456b87b1be5579baf2627d13a,"{""n"":20971520}",rocprofv3 --kernel-trace --marker-trace of ONE PyTorch reference call inside a ROCTx range (after 3 prime calls),single application run,outputs/profiling/MI300X/analysis_2026-10-05/data/torch_kernels.json#relu/int8,25aff016f2c6eaee3d87052fb7f82dd09cf64ffaa5025875b43d566b933f8d89,local analysis_2026-10-05/data/torch_kernels.json (derived by scripts/torch_parse.py),analysis_2026-10-05,matched,not_applicable (vendor/ATen binaries; library versions in environment.json),1,RAW rocprofv3 trace CSVs were written to a session scratch directory and are NOT retained; only the derived per-kernel table is available (kernel names truncated to 300 chars). Input = ncu_catalogue winner params (identical to the rocprof-compute capture params: True). swept params equal the CSV row; other params equal config case_defaults; largest-row (last CSV row of this dtype),5b82f8afed59f83c3f39696338e7ce51dec38de7,"{""n"":20971520}","{""BLOCK_SIZE"":2048,""num_warps"":4}"
MI300X.torch.reverse_array.bf16.kernel_trace,MI300X,pytorch,reverse_array,bf16,753e83ad713f728253239313de04f0ad8b77464d4af0c4b94bf56ccfbb748b06,"{""n"":20000000}",rocprofv3 --kernel-trace --marker-trace of ONE PyTorch reference call inside a ROCTx range (after 3 prime calls),single application run,outputs/profiling/MI300X/analysis_2026-10-05/data/torch_kernels.json#reverse_array/bf16,25aff016f2c6eaee3d87052fb7f82dd09cf64ffaa5025875b43d566b933f8d89,local analysis_2026-10-05/data/torch_kernels.json (derived by scripts/torch_parse.py),analysis_2026-10-05,matched,not_applicable (vendor/ATen binaries; library versions in environment.json),1,RAW rocprofv3 trace CSVs were written to a session scratch directory and are NOT retained; only the derived per-kernel table is available (kernel names truncated to 300 chars). Input = ncu_catalogue winner params (identical to the rocprof-compute capture params: True). swept params equal the CSV row; other params equal config case_defaults; largest-row (last CSV row of this dtype),5b82f8afed59f83c3f39696338e7ce51dec38de7,"{""n"":20000000}","{""BLOCK_SIZE"":2048,""num_stages"":1,""num_warps"":8}"
MI300X.torch.reverse_array.fp16.kernel_trace,MI300X,pytorch,reverse_array,fp16,6504e29f5e30f6e628d6dc0b81a696c35dce00468d8c2c0d4232446a3ec022b4,"{""n"":20000000}",rocprofv3 --kernel-trace --marker-trace of ONE PyTorch reference call inside a ROCTx range (after 3 prime calls),single application run,outputs/profiling/MI300X/analysis_2026-10-05/data/torch_kernels.json#reverse_array/fp16,25aff016f2c6eaee3d87052fb7f82dd09cf64ffaa5025875b43d566b933f8d89,local analysis_2026-10-05/data/torch_kernels.json (derived by scripts/torch_parse.py),analysis_2026-10-05,matched,not_applicable (vendor/ATen binaries; library versions in environment.json),1,RAW rocprofv3 trace CSVs were written to a session scratch directory and are NOT retained; only the derived per-kernel table is available (kernel names truncated to 300 chars). Input = ncu_catalogue winner params (identical to the rocprof-compute capture params: True). swept params equal the CSV row; other params equal config case_defaults; largest-row (last CSV row of this dtype),5b82f8afed59f83c3f39696338e7ce51dec38de7,"{""n"":20000000}","{""BLOCK_SIZE"":2048,""num_stages"":2,""num_warps"":8}"
MI300X.torch.reverse_array.fp32.att,MI300X,pytorch,reverse_array,fp32,ec0b4e47477a2f66ddb040f40883120a55dc5f72ec76aa9624ed7a17ca0bd58a,"{""n"":20000000}","rocprofv3 --att (thread trace), --att-target-cu 1, kernel include regex; decoded",single application run (same PyTorch harness as the kernel trace),outputs/profiling/MI300X/analysis_2026-10-05/att_torch/torch_reverse_array_fp32,fd958843ee99c19d8ab9f9ece253e46f996df6134a9311051d6c3d9a3244fd77,local analysis_2026-10-05/att_torch,analysis_2026-10-05,matched,not_applicable (ATen binary from torch 2.10.0+rocm7.1),1,"decoded kernel: void at::native::index_elementwise_kernel<128, 4, at::native::flip_kernel_impl<at::native::OpaqueType<4> >(at::TensorIterator&)::{lambda(int)#1}>(long, at::native::flip_kernel_impl<at::native::OpaqueT; dispatch index from file name stats_ui_output_agent_23164_dispatch_2.csv (may be a prime call; same inputs). Only the decoded code.json + stats CSV are retained; raw .att files are not.",,"{""n"":20000000}",
MI300X.torch.reverse_array.fp32.kernel_trace,MI300X,pytorch,reverse_array,fp32,ec0b4e47477a2f66ddb040f40883120a55dc5f72ec76aa9624ed7a17ca0bd58a,"{""n"":20000000}",rocprofv3 --kernel-trace --marker-trace of ONE PyTorch reference call inside a ROCTx range (after 3 prime calls),single application run,outputs/profiling/MI300X/analysis_2026-10-05/data/torch_kernels.json#reverse_array/fp32,25aff016f2c6eaee3d87052fb7f82dd09cf64ffaa5025875b43d566b933f8d89,local analysis_2026-10-05/data/torch_kernels.json (derived by scripts/torch_parse.py),analysis_2026-10-05,matched,not_applicable (vendor/ATen binaries; library versions in environment.json),1,RAW rocprofv3 trace CSVs were written to a session scratch directory and are NOT retained; only the derived per-kernel table is available (kernel names truncated to 300 chars). Input = ncu_catalogue winner params (identical to the rocprof-compute capture params: True). swept params equal the CSV row; other params equal config case_defaults; largest-row (last CSV row of this dtype),5b82f8afed59f83c3f39696338e7ce51dec38de7,"{""n"":20000000}","{""BLOCK_SIZE"":1024,""num_stages"":1,""num_warps"":4}"
MI300X.torch.reverse_array.int8.kernel_trace,MI300X,pytorch,reverse_array,int8,b609e24984b9c50dac87ba378947102b2d6205e99bd8ea06bfb85e623510302e,"{""n"":20000000}",rocprofv3 --kernel-trace --marker-trace of ONE PyTorch reference call inside a ROCTx range (after 3 prime calls),single application run,outputs/profiling/MI300X/analysis_2026-10-05/data/torch_kernels.json#reverse_array/int8,25aff016f2c6eaee3d87052fb7f82dd09cf64ffaa5025875b43d566b933f8d89,local analysis_2026-10-05/data/torch_kernels.json (derived by scripts/torch_parse.py),analysis_2026-10-05,matched,not_applicable (vendor/ATen binaries; library versions in environment.json),1,RAW rocprofv3 trace CSVs were written to a session scratch directory and are NOT retained; only the derived per-kernel table is available (kernel names truncated to 300 chars). Input = ncu_catalogue winner params (identical to the rocprof-compute capture params: True). swept params equal the CSV row; other params equal config case_defaults; largest-row (last CSV row of this dtype),5b82f8afed59f83c3f39696338e7ce51dec38de7,"{""n"":20000000}","{""BLOCK_SIZE"":2048,""num_stages"":1,""num_warps"":4}"
MI300X.torch.rmsnorm.bf16.kernel_trace,MI300X,pytorch,rmsnorm,bf16,9b708f2ef3afc113994de87a628a0d4147077493f1119a2aa29ba62f5afde064,"{""K"":10240}",rocprofv3 --kernel-trace --marker-trace of ONE PyTorch reference call inside a ROCTx range (after 3 prime calls),single application run,outputs/profiling/MI300X/analysis_2026-10-05/data/torch_kernels.json#rmsnorm/bf16,25aff016f2c6eaee3d87052fb7f82dd09cf64ffaa5025875b43d566b933f8d89,local analysis_2026-10-05/data/torch_kernels.json (derived by scripts/torch_parse.py),analysis_2026-10-05,matched,not_applicable (vendor/ATen binaries; library versions in environment.json),1,RAW rocprofv3 trace CSVs were written to a session scratch directory and are NOT retained; only the derived per-kernel table is available (kernel names truncated to 300 chars). Input = ncu_catalogue winner params (identical to the rocprof-compute capture params: True). swept params equal the CSV row; other params equal config case_defaults; largest-row (last CSV row of this dtype),5b82f8afed59f83c3f39696338e7ce51dec38de7,"{""K"":10240,""M"":2048,""batch"":1}","{""BLOCK_N_SIZE"":2048,""num_stages"":3,""num_warps"":8}"
MI300X.torch.rmsnorm.fp16.kernel_trace,MI300X,pytorch,rmsnorm,fp16,b0ebbaeb5253f83d7439439e73cdb7a5fb2116ade931c36dc82e4e9f7696000b,"{""K"":10240}",rocprofv3 --kernel-trace --marker-trace of ONE PyTorch reference call inside a ROCTx range (after 3 prime calls),single application run,outputs/profiling/MI300X/analysis_2026-10-05/data/torch_kernels.json#rmsnorm/fp16,25aff016f2c6eaee3d87052fb7f82dd09cf64ffaa5025875b43d566b933f8d89,local analysis_2026-10-05/data/torch_kernels.json (derived by scripts/torch_parse.py),analysis_2026-10-05,matched,not_applicable (vendor/ATen binaries; library versions in environment.json),1,RAW rocprofv3 trace CSVs were written to a session scratch directory and are NOT retained; only the derived per-kernel table is available (kernel names truncated to 300 chars). Input = ncu_catalogue winner params (identical to the rocprof-compute capture params: True). swept params equal the CSV row; other params equal config case_defaults; largest-row (last CSV row of this dtype),5b82f8afed59f83c3f39696338e7ce51dec38de7,"{""K"":10240,""M"":2048,""batch"":1}","{""BLOCK_N_SIZE"":512,""num_stages"":4,""num_warps"":2}"
MI300X.torch.rmsnorm.fp32.kernel_trace,MI300X,pytorch,rmsnorm,fp32,cdc7c66c33c0e425e50516c3c0a5df20f8f1b2c39decdbb1081d6ddbf8f8fa3a,"{""K"":10240}",rocprofv3 --kernel-trace --marker-trace of ONE PyTorch reference call inside a ROCTx range (after 3 prime calls),single application run,outputs/profiling/MI300X/analysis_2026-10-05/data/torch_kernels.json#rmsnorm/fp32,25aff016f2c6eaee3d87052fb7f82dd09cf64ffaa5025875b43d566b933f8d89,local analysis_2026-10-05/data/torch_kernels.json (derived by scripts/torch_parse.py),analysis_2026-10-05,matched,not_applicable (vendor/ATen binaries; library versions in environment.json),1,RAW rocprofv3 trace CSVs were written to a session scratch directory and are NOT retained; only the derived per-kernel table is available (kernel names truncated to 300 chars). Input = ncu_catalogue winner params (identical to the rocprof-compute capture params: True). swept params equal the CSV row; other params equal config case_defaults; largest-row (last CSV row of this dtype),5b82f8afed59f83c3f39696338e7ce51dec38de7,"{""K"":10240,""M"":2048,""batch"":1}","{""BLOCK_N_SIZE"":2048,""num_stages"":2,""num_warps"":4}"
MI300X.torch.rope.fp16.kernel_trace,MI300X,pytorch,rope,fp16,be179413403ac204b60a4505329eac212680ccc8b23e61a31efa876df8de1df0,"{""seq_len"":20480}",rocprofv3 --kernel-trace --marker-trace of ONE PyTorch reference call inside a ROCTx range (after 3 prime calls),single application run,outputs/profiling/MI300X/analysis_2026-10-05/data/torch_kernels.json#rope/fp16,25aff016f2c6eaee3d87052fb7f82dd09cf64ffaa5025875b43d566b933f8d89,local analysis_2026-10-05/data/torch_kernels.json (derived by scripts/torch_parse.py),analysis_2026-10-05,matched,not_applicable (vendor/ATen binaries; library versions in environment.json),7,RAW rocprofv3 trace CSVs were written to a session scratch directory and are NOT retained; only the derived per-kernel table is available (kernel names truncated to 300 chars). Input = ncu_catalogue winner params (identical to the rocprof-compute capture params: True). swept params equal the CSV row; other params equal config case_defaults; largest-row (last CSV row of this dtype),5b82f8afed59f83c3f39696338e7ce51dec38de7,"{""batch_size"":1,""head_dim"":128,""n_heads"":32,""seq_len"":20480}","{""ROPE_GROUP_SIZE"":4,""num_stages"":2,""num_warps"":2}"
MI300X.torch.rope.fp32.kernel_trace,MI300X,pytorch,rope,fp32,3a701f73aa175bbb4f4053331d43d79cd5229f96c16d19cc855508c70c71e2c0,"{""seq_len"":20480}",rocprofv3 --kernel-trace --marker-trace of ONE PyTorch reference call inside a ROCTx range (after 3 prime calls),single application run,outputs/profiling/MI300X/analysis_2026-10-05/data/torch_kernels.json#rope/fp32,25aff016f2c6eaee3d87052fb7f82dd09cf64ffaa5025875b43d566b933f8d89,local analysis_2026-10-05/data/torch_kernels.json (derived by scripts/torch_parse.py),analysis_2026-10-05,matched,not_applicable (vendor/ATen binaries; library versions in environment.json),7,RAW rocprofv3 trace CSVs were written to a session scratch directory and are NOT retained; only the derived per-kernel table is available (kernel names truncated to 300 chars). Input = ncu_catalogue winner params (identical to the rocprof-compute capture params: True). swept params equal the CSV row; other params equal config case_defaults; largest-row (last CSV row of this dtype),5b82f8afed59f83c3f39696338e7ce51dec38de7,"{""batch_size"":1,""head_dim"":128,""n_heads"":32,""seq_len"":20480}","{""ROPE_GROUP_SIZE"":16,""num_stages"":3,""num_warps"":8}"
MI300X.torch.sigmoid.bf16.kernel_trace,MI300X,pytorch,sigmoid,bf16,fce4e01075617cd91e6da723824ca29e83a9c339c87191e55d83976ad3ae1bbe,"{""n"":50000000}",rocprofv3 --kernel-trace --marker-trace of ONE PyTorch reference call inside a ROCTx range (after 3 prime calls),single application run,outputs/profiling/MI300X/analysis_2026-10-05/data/torch_kernels.json#sigmoid/bf16,25aff016f2c6eaee3d87052fb7f82dd09cf64ffaa5025875b43d566b933f8d89,local analysis_2026-10-05/data/torch_kernels.json (derived by scripts/torch_parse.py),analysis_2026-10-05,matched,not_applicable (vendor/ATen binaries; library versions in environment.json),1,RAW rocprofv3 trace CSVs were written to a session scratch directory and are NOT retained; only the derived per-kernel table is available (kernel names truncated to 300 chars). Input = ncu_catalogue winner params (identical to the rocprof-compute capture params: True). swept params equal the CSV row; other params equal config case_defaults; largest-row (last CSV row of this dtype),5b82f8afed59f83c3f39696338e7ce51dec38de7,"{""n"":50000000}","{""BLOCK_SIZE"":2048,""num_stages"":1,""num_warps"":4}"
MI300X.torch.sigmoid.fp16.kernel_trace,MI300X,pytorch,sigmoid,fp16,a5452b1db346c093f7908f246f2adc45fab32665d4885a8cb5f4cccef605f5ef,"{""n"":50000000}",rocprofv3 --kernel-trace --marker-trace of ONE PyTorch reference call inside a ROCTx range (after 3 prime calls),single application run,outputs/profiling/MI300X/analysis_2026-10-05/data/torch_kernels.json#sigmoid/fp16,25aff016f2c6eaee3d87052fb7f82dd09cf64ffaa5025875b43d566b933f8d89,local analysis_2026-10-05/data/torch_kernels.json (derived by scripts/torch_parse.py),analysis_2026-10-05,matched,not_applicable (vendor/ATen binaries; library versions in environment.json),1,RAW rocprofv3 trace CSVs were written to a session scratch directory and are NOT retained; only the derived per-kernel table is available (kernel names truncated to 300 chars). Input = ncu_catalogue winner params (identical to the rocprof-compute capture params: True). swept params equal the CSV row; other params equal config case_defaults; largest-row (last CSV row of this dtype),5b82f8afed59f83c3f39696338e7ce51dec38de7,"{""n"":50000000}","{""BLOCK_SIZE"":2048,""num_stages"":2,""num_warps"":8}"
MI300X.torch.sigmoid.fp32.kernel_trace,MI300X,pytorch,sigmoid,fp32,7185cb18efc4cd94c74a0b1b605672986f2dbdb63f325c12fe2cd23020f27641,"{""n"":50000000}",rocprofv3 --kernel-trace --marker-trace of ONE PyTorch reference call inside a ROCTx range (after 3 prime calls),single application run,outputs/profiling/MI300X/analysis_2026-10-05/data/torch_kernels.json#sigmoid/fp32,25aff016f2c6eaee3d87052fb7f82dd09cf64ffaa5025875b43d566b933f8d89,local analysis_2026-10-05/data/torch_kernels.json (derived by scripts/torch_parse.py),analysis_2026-10-05,matched,not_applicable (vendor/ATen binaries; library versions in environment.json),1,RAW rocprofv3 trace CSVs were written to a session scratch directory and are NOT retained; only the derived per-kernel table is available (kernel names truncated to 300 chars). Input = ncu_catalogue winner params (identical to the rocprof-compute capture params: True). swept params equal the CSV row; other params equal config case_defaults; largest-row (last CSV row of this dtype),5b82f8afed59f83c3f39696338e7ce51dec38de7,"{""n"":50000000}","{""BLOCK_SIZE"":2048,""num_stages"":2,""num_warps"":8}"
MI300X.torch.softmax.fp16.att,MI300X,pytorch,softmax,fp16,3dd3b8483e2970c559bdac1a83ddc602594adb68f8a98a329343b3119fe686ca,"{""n_cols"":10240}","rocprofv3 --att (thread trace), --att-target-cu 1, kernel include regex; decoded",single application run (same PyTorch harness as the kernel trace),outputs/profiling/MI300X/analysis_2026-10-05/att_torch/torch_softmax_fp16,5f6ad089f7fcaad32fbe59b389f5a8f89ee2c949c2bee874887bf08ac8baed32,local analysis_2026-10-05/att_torch,analysis_2026-10-05,matched,not_applicable (ATen binary from torch 2.10.0+rocm7.1),1,"decoded kernel: void at::native::(anonymous namespace)::cunn_SoftMaxForwardGmem<8, c10::Half, float, c10::Half, at::native::(anonymous namespace)::SoftMaxForwardWithMulEpilogue, long>(c10::Half*, c10::Half const*, lo; dispatch index from file name stats_ui_output_agent_37025_dispatch_2.csv (may be a prime call; same inputs). Only the decoded code.json + stats CSV are retained; raw .att files are not.",,"{""n_cols"":10240,""n_rows"":2048}",
MI300X.torch.softmax.fp16.kernel_trace,MI300X,pytorch,softmax,fp16,3dd3b8483e2970c559bdac1a83ddc602594adb68f8a98a329343b3119fe686ca,"{""n_cols"":10240}",rocprofv3 --kernel-trace --marker-trace of ONE PyTorch reference call inside a ROCTx range (after 3 prime calls),single application run,outputs/profiling/MI300X/analysis_2026-10-05/data/torch_kernels.json#softmax/fp16,25aff016f2c6eaee3d87052fb7f82dd09cf64ffaa5025875b43d566b933f8d89,local analysis_2026-10-05/data/torch_kernels.json (derived by scripts/torch_parse.py),analysis_2026-10-05,matched,not_applicable (vendor/ATen binaries; library versions in environment.json),1,RAW rocprofv3 trace CSVs were written to a session scratch directory and are NOT retained; only the derived per-kernel table is available (kernel names truncated to 300 chars). Input = ncu_catalogue winner params (identical to the rocprof-compute capture params: True). swept params equal the CSV row; other params equal config case_defaults; largest-row (last CSV row of this dtype),5b82f8afed59f83c3f39696338e7ce51dec38de7,"{""n_cols"":10240,""n_rows"":2048}","{""BLOCK_SIZE"":2048,""num_warps"":4}"
MI300X.torch.softmax.fp32.kernel_trace,MI300X,pytorch,softmax,fp32,1346974aaa5ecb3925ccfbfdb66706e24ccebf46e8584103f6d2ae299d228691,"{""n_cols"":10240}",rocprofv3 --kernel-trace --marker-trace of ONE PyTorch reference call inside a ROCTx range (after 3 prime calls),single application run,outputs/profiling/MI300X/analysis_2026-10-05/data/torch_kernels.json#softmax/fp32,25aff016f2c6eaee3d87052fb7f82dd09cf64ffaa5025875b43d566b933f8d89,local analysis_2026-10-05/data/torch_kernels.json (derived by scripts/torch_parse.py),analysis_2026-10-05,matched,not_applicable (vendor/ATen binaries; library versions in environment.json),1,RAW rocprofv3 trace CSVs were written to a session scratch directory and are NOT retained; only the derived per-kernel table is available (kernel names truncated to 300 chars). Input = ncu_catalogue winner params (identical to the rocprof-compute capture params: True). swept params equal the CSV row; other params equal config case_defaults; largest-row (last CSV row of this dtype),5b82f8afed59f83c3f39696338e7ce51dec38de7,"{""n_cols"":10240,""n_rows"":2048}","{""BLOCK_SIZE"":2048,""num_warps"":4}"
MI300X.torch.streamk_matmul.bf16.kernel_trace,MI300X,pytorch,streamk_matmul,bf16,cee155bd2a41b7659f239682d5e66a47dc81b97d96d6e1b3c4844e99c035966b,"{""m"":8192,""n"":28672}",rocprofv3 --kernel-trace --marker-trace of ONE PyTorch reference call inside a ROCTx range (after 3 prime calls),single application run,outputs/profiling/MI300X/analysis_2026-10-05/data/torch_kernels.json#streamk_matmul/bf16,25aff016f2c6eaee3d87052fb7f82dd09cf64ffaa5025875b43d566b933f8d89,local analysis_2026-10-05/data/torch_kernels.json (derived by scripts/torch_parse.py),analysis_2026-10-05,matched,not_applicable (vendor/ATen binaries; library versions in environment.json),1,RAW rocprofv3 trace CSVs were written to a session scratch directory and are NOT retained; only the derived per-kernel table is available (kernel names truncated to 300 chars). Input = ncu_catalogue winner params (identical to the rocprof-compute capture params: True). swept params equal the CSV row; other params equal config case_defaults; largest-row (last CSV row of this dtype),124fdc948c322b591018adc00ddd5be71bc26289,"{""k"":4096,""m"":8192,""n"":28672}","{""BLOCK_K"":32,""BLOCK_M"":128,""BLOCK_N"":256,""GROUP_M"":8,""num_stages"":3,""num_warps"":4}"
MI300X.torch.streamk_matmul.fp16.kernel_trace,MI300X,pytorch,streamk_matmul,fp16,080bd2103e6d38fc88a587e8357d68dabe621c8d7ceb85e2bc5ee519b1d1bc72,"{""m"":8192,""n"":28672}",rocprofv3 --kernel-trace --marker-trace of ONE PyTorch reference call inside a ROCTx range (after 3 prime calls),single application run,outputs/profiling/MI300X/analysis_2026-10-05/data/torch_kernels.json#streamk_matmul/fp16,25aff016f2c6eaee3d87052fb7f82dd09cf64ffaa5025875b43d566b933f8d89,local analysis_2026-10-05/data/torch_kernels.json (derived by scripts/torch_parse.py),analysis_2026-10-05,matched,not_applicable (vendor/ATen binaries; library versions in environment.json),1,RAW rocprofv3 trace CSVs were written to a session scratch directory and are NOT retained; only the derived per-kernel table is available (kernel names truncated to 300 chars). Input = ncu_catalogue winner params (identical to the rocprof-compute capture params: True). swept params equal the CSV row; other params equal config case_defaults; largest-row (last CSV row of this dtype),124fdc948c322b591018adc00ddd5be71bc26289,"{""k"":4096,""m"":8192,""n"":28672}","{""BLOCK_K"":64,""BLOCK_M"":128,""BLOCK_N"":256,""GROUP_M"":8,""num_stages"":3,""num_warps"":4}"
MI300X.torch.streamk_matmul.fp32.kernel_trace,MI300X,pytorch,streamk_matmul,fp32,59ce761ca52e032b86e4bb653e94d997552904cdfd1897c026cfba8b6e6bf9db,"{""m"":8192,""n"":28672}",rocprofv3 --kernel-trace --marker-trace of ONE PyTorch reference call inside a ROCTx range (after 3 prime calls),single application run,outputs/profiling/MI300X/analysis_2026-10-05/data/torch_kernels.json#streamk_matmul/fp32,25aff016f2c6eaee3d87052fb7f82dd09cf64ffaa5025875b43d566b933f8d89,local analysis_2026-10-05/data/torch_kernels.json (derived by scripts/torch_parse.py),analysis_2026-10-05,matched,not_applicable (vendor/ATen binaries; library versions in environment.json),1,RAW rocprofv3 trace CSVs were written to a session scratch directory and are NOT retained; only the derived per-kernel table is available (kernel names truncated to 300 chars). Input = ncu_catalogue winner params (identical to the rocprof-compute capture params: True). swept params equal the CSV row; other params equal config case_defaults; largest-row (last CSV row of this dtype),124fdc948c322b591018adc00ddd5be71bc26289,"{""k"":4096,""m"":8192,""n"":28672}","{""BLOCK_K"":32,""BLOCK_M"":128,""BLOCK_N"":256,""GROUP_M"":8,""num_stages"":3,""num_warps"":4}"
MI300X.torch.swiglu.bf16.kernel_trace,MI300X,pytorch,swiglu,bf16,e0fd8ab9e2f0039aa4ccb9316105339ab1e4fee39074e36e5c340c48ab2d6608,"{""N"":20480}",rocprofv3 --kernel-trace --marker-trace of ONE PyTorch reference call inside a ROCTx range (after 3 prime calls),single application run,outputs/profiling/MI300X/analysis_2026-10-05/data/torch_kernels.json#swiglu/bf16,25aff016f2c6eaee3d87052fb7f82dd09cf64ffaa5025875b43d566b933f8d89,local analysis_2026-10-05/data/torch_kernels.json (derived by scripts/torch_parse.py),analysis_2026-10-05,matched,not_applicable (vendor/ATen binaries; library versions in environment.json),2,RAW rocprofv3 trace CSVs were written to a session scratch directory and are NOT retained; only the derived per-kernel table is available (kernel names truncated to 300 chars). Input = ncu_catalogue winner params (identical to the rocprof-compute capture params: True). swept params equal the CSV row; other params equal config case_defaults; largest-row (last CSV row of this dtype),5b82f8afed59f83c3f39696338e7ce51dec38de7,"{""M"":4096,""N"":20480}","{""BLOCK_SIZE"":512,""num_warps"":2}"
MI300X.torch.swiglu.fp16.kernel_trace,MI300X,pytorch,swiglu,fp16,fd778d0a853807d9de763b499c16f6fcdb74682d504b520e93e9bbc7d0c8bb09,"{""N"":20480}",rocprofv3 --kernel-trace --marker-trace of ONE PyTorch reference call inside a ROCTx range (after 3 prime calls),single application run,outputs/profiling/MI300X/analysis_2026-10-05/data/torch_kernels.json#swiglu/fp16,25aff016f2c6eaee3d87052fb7f82dd09cf64ffaa5025875b43d566b933f8d89,local analysis_2026-10-05/data/torch_kernels.json (derived by scripts/torch_parse.py),analysis_2026-10-05,matched,not_applicable (vendor/ATen binaries; library versions in environment.json),2,RAW rocprofv3 trace CSVs were written to a session scratch directory and are NOT retained; only the derived per-kernel table is available (kernel names truncated to 300 chars). Input = ncu_catalogue winner params (identical to the rocprof-compute capture params: True). swept params equal the CSV row; other params equal config case_defaults; largest-row (last CSV row of this dtype),5b82f8afed59f83c3f39696338e7ce51dec38de7,"{""M"":4096,""N"":20480}","{""BLOCK_SIZE"":1024,""num_warps"":4}"
MI300X.torch.swiglu.fp32.kernel_trace,MI300X,pytorch,swiglu,fp32,400e96c5810989860dc8fc55f93f7f1f3d0c6eaa87bb3ceab2e9fe2fe57db1fd,"{""N"":20480}",rocprofv3 --kernel-trace --marker-trace of ONE PyTorch reference call inside a ROCTx range (after 3 prime calls),single application run,outputs/profiling/MI300X/analysis_2026-10-05/data/torch_kernels.json#swiglu/fp32,25aff016f2c6eaee3d87052fb7f82dd09cf64ffaa5025875b43d566b933f8d89,local analysis_2026-10-05/data/torch_kernels.json (derived by scripts/torch_parse.py),analysis_2026-10-05,matched,not_applicable (vendor/ATen binaries; library versions in environment.json),2,RAW rocprofv3 trace CSVs were written to a session scratch directory and are NOT retained; only the derived per-kernel table is available (kernel names truncated to 300 chars). Input = ncu_catalogue winner params (identical to the rocprof-compute capture params: True). swept params equal the CSV row; other params equal config case_defaults; largest-row (last CSV row of this dtype),5b82f8afed59f83c3f39696338e7ce51dec38de7,"{""M"":4096,""N"":20480}","{""BLOCK_SIZE"":2048,""num_warps"":4}"
MI300X.torch.top_k_selection.fp32.kernel_trace,MI300X,pytorch,top_k_selection,fp32,a9e02fd22084c6d26ba2f0695c09ee1412f83ff4df226c3ec1f067b99cf4f57e,"{""N"":1048576,""k"":1024}",rocprofv3 --kernel-trace --marker-trace of ONE PyTorch reference call inside a ROCTx range (after 3 prime calls),single application run,outputs/profiling/MI300X/analysis_2026-10-05/data/torch_kernels.json#top_k_selection/fp32,25aff016f2c6eaee3d87052fb7f82dd09cf64ffaa5025875b43d566b933f8d89,local analysis_2026-10-05/data/torch_kernels.json (derived by scripts/torch_parse.py),analysis_2026-10-05,matched,not_applicable (vendor/ATen binaries; library versions in environment.json),25,RAW rocprofv3 trace CSVs were written to a session scratch directory and are NOT retained; only the derived per-kernel table is available (kernel names truncated to 300 chars). Input = ncu_catalogue winner params (identical to the rocprof-compute capture params: True). swept params equal the CSV row; other params equal config case_defaults; largest-row (last CSV row of this dtype),5b82f8afed59f83c3f39696338e7ce51dec38de7,"{""N"":1048576,""k"":1024}","{""BLOCK_SIZE"":4096,""num_warps"":8}"
MI300X.torch.vector_add.bf16.kernel_trace,MI300X,pytorch,vector_add,bf16,8a3ed2ae1ce7057c4b698fbeea6bc856b43beabed7cf287c53b2fadad40d9297,"{""n"":20971520}",rocprofv3 --kernel-trace --marker-trace of ONE PyTorch reference call inside a ROCTx range (after 3 prime calls),single application run,outputs/profiling/MI300X/analysis_2026-10-05/data/torch_kernels.json#vector_add/bf16,25aff016f2c6eaee3d87052fb7f82dd09cf64ffaa5025875b43d566b933f8d89,local analysis_2026-10-05/data/torch_kernels.json (derived by scripts/torch_parse.py),analysis_2026-10-05,matched,not_applicable (vendor/ATen binaries; library versions in environment.json),1,RAW rocprofv3 trace CSVs were written to a session scratch directory and are NOT retained; only the derived per-kernel table is available (kernel names truncated to 300 chars). Input = ncu_catalogue winner params (identical to the rocprof-compute capture params: True). swept params equal the CSV row; other params equal config case_defaults; largest-row (last CSV row of this dtype),5b82f8afed59f83c3f39696338e7ce51dec38de7,"{""n"":20971520}","{""BLOCK_SIZE"":2048,""num_warps"":4}"
MI300X.torch.vector_add.fp16.kernel_trace,MI300X,pytorch,vector_add,fp16,6281bb5dd7e8b2ef5aa45abaef92fbf79bff14cbc11694dc04c036ab7bbe3bf1,"{""n"":20971520}",rocprofv3 --kernel-trace --marker-trace of ONE PyTorch reference call inside a ROCTx range (after 3 prime calls),single application run,outputs/profiling/MI300X/analysis_2026-10-05/data/torch_kernels.json#vector_add/fp16,25aff016f2c6eaee3d87052fb7f82dd09cf64ffaa5025875b43d566b933f8d89,local analysis_2026-10-05/data/torch_kernels.json (derived by scripts/torch_parse.py),analysis_2026-10-05,matched,not_applicable (vendor/ATen binaries; library versions in environment.json),1,RAW rocprofv3 trace CSVs were written to a session scratch directory and are NOT retained; only the derived per-kernel table is available (kernel names truncated to 300 chars). Input = ncu_catalogue winner params (identical to the rocprof-compute capture params: True). swept params equal the CSV row; other params equal config case_defaults; largest-row (last CSV row of this dtype),5b82f8afed59f83c3f39696338e7ce51dec38de7,"{""n"":20971520}","{""BLOCK_SIZE"":512,""num_warps"":4}"
MI300X.torch.vector_add.fp32.att,MI300X,pytorch,vector_add,fp32,f0743c98801fc1eb21985dbfd67d20b7d982d4b07307d024cc8d3b9ec87d9f2e,"{""n"":20971520}","rocprofv3 --att (thread trace), --att-target-cu 1, kernel include regex; decoded",single application run (same PyTorch harness as the kernel trace),outputs/profiling/MI300X/analysis_2026-10-05/att_torch/torch_vector_add_fp32,d75ef90a297ab0b850b293e83c517ddd3a555bcf4f75d671453a3b5e0f2b3663,local analysis_2026-10-05/att_torch,analysis_2026-10-05,matched,not_applicable (ATen binary from torch 2.10.0+rocm7.1),1,"decoded kernel: void at::native::vectorized_elementwise_kernel<4, at::native::CUDAFunctor_add<float>, std::array<char*, 3ul> >(int, at::native::CUDAFunctor_add<float>, std::array<char*, 3ul>); dispatch index from file name stats_ui_output_agent_9618_dispatch_3.csv (may be a prime call; same inputs). Only the decoded code.json + stats CSV are retained; raw .att files are not.",,"{""n"":20971520}",
MI300X.torch.vector_add.fp32.kernel_trace,MI300X,pytorch,vector_add,fp32,f0743c98801fc1eb21985dbfd67d20b7d982d4b07307d024cc8d3b9ec87d9f2e,"{""n"":20971520}",rocprofv3 --kernel-trace --marker-trace of ONE PyTorch reference call inside a ROCTx range (after 3 prime calls),single application run,outputs/profiling/MI300X/analysis_2026-10-05/data/torch_kernels.json#vector_add/fp32,25aff016f2c6eaee3d87052fb7f82dd09cf64ffaa5025875b43d566b933f8d89,local analysis_2026-10-05/data/torch_kernels.json (derived by scripts/torch_parse.py),analysis_2026-10-05,matched,not_applicable (vendor/ATen binaries; library versions in environment.json),1,RAW rocprofv3 trace CSVs were written to a session scratch directory and are NOT retained; only the derived per-kernel table is available (kernel names truncated to 300 chars). Input = ncu_catalogue winner params (identical to the rocprof-compute capture params: True). swept params equal the CSV row; other params equal config case_defaults; largest-row (last CSV row of this dtype),5b82f8afed59f83c3f39696338e7ce51dec38de7,"{""n"":20971520}","{""BLOCK_SIZE"":512,""num_warps"":8}"
MI300X.torch.vector_add.int8.att,MI300X,pytorch,vector_add,int8,3cd65a028785ebb28f7c40ac6afc4eb2b646d50a4ceeb3464a10db135a62a656,"{""n"":20971520}","rocprofv3 --att (thread trace), --att-target-cu 1, kernel include regex; decoded",single application run (same PyTorch harness as the kernel trace),outputs/profiling/MI300X/analysis_2026-10-05/att_torch/torch_vector_add_int8,deef97d1dfe1e05ca0fac864ae251874a5253b992e449df176eb59b7575c95e4,local analysis_2026-10-05/att_torch,analysis_2026-10-05,matched,not_applicable (ATen binary from torch 2.10.0+rocm7.1),1,"decoded kernel: void at::native::vectorized_elementwise_kernel<16, at::native::CUDAFunctor_add<signed char>, std::array<char*, 3ul> >(int, at::native::CUDAFunctor_add<signed char>, std::array<char*, 3ul>); dispatch index from file name stats_ui_output_agent_37918_dispatch_5.csv (may be a prime call; same inputs). Only the decoded code.json + stats CSV are retained; raw .att files are not.",,"{""n"":20971520}",
MI300X.torch.vector_add.int8.kernel_trace,MI300X,pytorch,vector_add,int8,3cd65a028785ebb28f7c40ac6afc4eb2b646d50a4ceeb3464a10db135a62a656,"{""n"":20971520}",rocprofv3 --kernel-trace --marker-trace of ONE PyTorch reference call inside a ROCTx range (after 3 prime calls),single application run,outputs/profiling/MI300X/analysis_2026-10-05/data/torch_kernels.json#vector_add/int8,25aff016f2c6eaee3d87052fb7f82dd09cf64ffaa5025875b43d566b933f8d89,local analysis_2026-10-05/data/torch_kernels.json (derived by scripts/torch_parse.py),analysis_2026-10-05,matched,not_applicable (vendor/ATen binaries; library versions in environment.json),1,RAW rocprofv3 trace CSVs were written to a session scratch directory and are NOT retained; only the derived per-kernel table is available (kernel names truncated to 300 chars). Input = ncu_catalogue winner params (identical to the rocprof-compute capture params: True). swept params equal the CSV row; other params equal config case_defaults; largest-row (last CSV row of this dtype),5b82f8afed59f83c3f39696338e7ce51dec38de7,"{""n"":20971520}","{""BLOCK_SIZE"":1024,""num_warps"":4}"
MI300X.torch.weight_dequant.bf16.kernel_trace,MI300X,pytorch,weight_dequant,bf16,43c7233fe0834dd8f465b6d0611d34cbc8e60c47410916b69f31cd1a78eb6b36,"{""M"":10240}",rocprofv3 --kernel-trace --marker-trace of ONE PyTorch reference call inside a ROCTx range (after 3 prime calls),single application run,outputs/profiling/MI300X/analysis_2026-10-05/data/torch_kernels.json#weight_dequant/bf16,25aff016f2c6eaee3d87052fb7f82dd09cf64ffaa5025875b43d566b933f8d89,local analysis_2026-10-05/data/torch_kernels.json (derived by scripts/torch_parse.py),analysis_2026-10-05,matched,not_applicable (vendor/ATen binaries; library versions in environment.json),8,RAW rocprofv3 trace CSVs were written to a session scratch directory and are NOT retained; only the derived per-kernel table is available (kernel names truncated to 300 chars). Input = ncu_catalogue winner params (identical to the rocprof-compute capture params: True). swept params equal the CSV row; other params equal config case_defaults; largest-row (last CSV row of this dtype),5b82f8afed59f83c3f39696338e7ce51dec38de7,"{""M"":10240,""TILE_SIZE"":128}","{""BLOCK_SIZE"":2048,""num_warps"":4}"
MI300X.torch.weight_dequant.fp16.kernel_trace,MI300X,pytorch,weight_dequant,fp16,d05311907421ba5ec3c770d191b5a87f3a224f27871c3cd0dbf9f6325abc0a78,"{""M"":10240}",rocprofv3 --kernel-trace --marker-trace of ONE PyTorch reference call inside a ROCTx range (after 3 prime calls),single application run,outputs/profiling/MI300X/analysis_2026-10-05/data/torch_kernels.json#weight_dequant/fp16,25aff016f2c6eaee3d87052fb7f82dd09cf64ffaa5025875b43d566b933f8d89,local analysis_2026-10-05/data/torch_kernels.json (derived by scripts/torch_parse.py),analysis_2026-10-05,matched,not_applicable (vendor/ATen binaries; library versions in environment.json),8,RAW rocprofv3 trace CSVs were written to a session scratch directory and are NOT retained; only the derived per-kernel table is available (kernel names truncated to 300 chars). Input = ncu_catalogue winner params (identical to the rocprof-compute capture params: True). swept params equal the CSV row; other params equal config case_defaults; largest-row (last CSV row of this dtype),5b82f8afed59f83c3f39696338e7ce51dec38de7,"{""M"":10240,""TILE_SIZE"":128}","{""BLOCK_SIZE"":1024,""num_warps"":4}"
MI300X.torch.weight_dequant.fp32.kernel_trace,MI300X,pytorch,weight_dequant,fp32,7864941d00895cfa48dfad6debc15edb9de567ed858f78f384abf9b2374ec539,"{""M"":10240}",rocprofv3 --kernel-trace --marker-trace of ONE PyTorch reference call inside a ROCTx range (after 3 prime calls),single application run,outputs/profiling/MI300X/analysis_2026-10-05/data/torch_kernels.json#weight_dequant/fp32,25aff016f2c6eaee3d87052fb7f82dd09cf64ffaa5025875b43d566b933f8d89,local analysis_2026-10-05/data/torch_kernels.json (derived by scripts/torch_parse.py),analysis_2026-10-05,matched,not_applicable (vendor/ATen binaries; library versions in environment.json),8,RAW rocprofv3 trace CSVs were written to a session scratch directory and are NOT retained; only the derived per-kernel table is available (kernel names truncated to 300 chars). Input = ncu_catalogue winner params (identical to the rocprof-compute capture params: True). swept params equal the CSV row; other params equal config case_defaults; largest-row (last CSV row of this dtype),5b82f8afed59f83c3f39696338e7ce51dec38de7,"{""M"":10240,""TILE_SIZE"":128}","{""BLOCK_SIZE"":2048,""num_warps"":8}"
MI300X.triton.1d_conv.fp16.pc_sampling,MI300X,triton,1d_conv,fp16,62b6772450dac6e5228013a17caec4bfee1b60ce0190bb266adb3c9593276b43,"{""L"":2621440}","rocprof-compute --experimental profile --pc-sampling (stochastic, interval 65536)",single application run (same harness: 3 prime calls + 1 profiled call),outputs/rocprof_compute/MI300X/1d_conv/triton_fp16/pc_sampling,3166f2e6c82e514a7282141d49f17ff7648c20fbd12cb9de33cfc265075ea3e2,local outputs/rocprof_compute/MI300X/1d_conv/triton_fp16; HF dataset bcui2/NCU_report path AMD_MI300X/1d_conv/triton_fp16,ff3600e1831dc3bed6925f301214cad6db8234cb,matched,"verified: manifest tree_sha256 reproduced=True; capture names==expected=True; replay-audit hsaco formal==replay for 1/1 launches=True; post-fix audit PASS=True; PC-sampled instruction text found in recompiled AMDGCN=215/215 (branch targets compared by opcode only: the disassembly prints offsets, the dump prints labels)",1,profiled 2026-10-02T09:34:58+00:00..2026-10-02T09:37:21+00:00; samples on operator kernels=2021 of 2635 total; instruction rows from analysis/pc_sampling_instructions.csv; launch_count is the harness launch count (PC sampling does not report dispatches). swept params equal the CSV row; other params equal config case_defaults; largest-row (last CSV row of this dtype),5b82f8afed59f83c3f39696338e7ce51dec38de7,"{""L"":2621440,""batch"":1,""groups"":1,""in_channels"":128,""kernel_size"":3,""out_channels"":128,""padding"":1,""stride"":1}","{""BLOCK_SIZE_BATCH_LENGTH"":128,""BLOCK_SIZE_IN_FEAT"":16,""BLOCK_SIZE_OUT_FEAT"":128,""num_stages"":2,""num_warps"":8}"
MI300X.triton.1d_conv.fp16.rocprof_compute,MI300X,triton,1d_conv,fp16,62b6772450dac6e5228013a17caec4bfee1b60ce0190bb266adb3c9593276b43,"{""L"":2621440}","rocprof-compute profile, full default counter set (13 counter passes + roofline), kernel filter ^(?:conv1d_kernel)","application replay: one process per counter pass, each does 3 unprofiled prime calls then input generation, a 512 MiB eviction and exactly one impl.run()",outputs/rocprof_compute/MI300X/1d_conv/triton_fp16/workload,1af47e5789e16fdd89f90d5b922c32e779aa6c301615a83ab0125ce9a0835d8a,local outputs/rocprof_compute/MI300X/1d_conv/triton_fp16; HF dataset bcui2/NCU_report path AMD_MI300X/1d_conv/triton_fp16,ff3600e1831dc3bed6925f301214cad6db8234cb,matched,"verified: manifest tree_sha256 reproduced=True; capture names==expected=True; replay-audit hsaco formal==replay for 1/1 launches=True; post-fix audit PASS=True; PC-sampled instruction text found in recompiled AMDGCN=215/215 (branch targets compared by opcode only: the disassembly prints offsets, the dump prints labels)",1,"profiled 2026-10-02T09:34:58+00:00..2026-10-02T09:37:21+00:00; report_sha256 = tree hash of workload/; whole pair dir tree hash 236cb1ff15ab0ef1236a37acc1e6ca8c7ed78a4fada32d9f746149c47356f353 (matches report_manifest.json); metrics parsed from existing analysis/workload_csv (rocprof-compute analyze output, not re-run). swept params equal the CSV row; other params equal config case_defaults; largest-row (last CSV row of this dtype)",5b82f8afed59f83c3f39696338e7ce51dec38de7,"{""L"":2621440,""batch"":1,""groups"":1,""in_channels"":128,""kernel_size"":3,""out_channels"":128,""padding"":1,""stride"":1}","{""BLOCK_SIZE_BATCH_LENGTH"":128,""BLOCK_SIZE_IN_FEAT"":16,""BLOCK_SIZE_OUT_FEAT"":128,""num_stages"":2,""num_warps"":8}"
MI300X.triton.1d_conv.fp16.static_isa,MI300X,triton,1d_conv,fp16,62b6772450dac6e5228013a17caec4bfee1b60ce0190bb266adb3c9593276b43,"{""L"":2621440}",static compile artifacts (TTIR/TTGIR/LLIR/AMDGCN) of the formal-path winner kernels,offline recompilation during the 2026-10-05 replay audit (no execution counters),outputs/profiling/MI300X/analysis_2026-10-05/triton_ir/1d_conv__fp16__conv1d_kernel__V5GHNDBZ,26f6ee28be8ffac1c81e49a092f0408c44ba23518471a3d2ce355aa3bd07372a,local outputs/profiling/MI300X/analysis_2026-10-05/triton_ir (one directory per code object),analysis_2026-10-05,matched,"verified: manifest tree_sha256 reproduced=True; capture names==expected=True; replay-audit hsaco formal==replay for 1/1 launches=True; post-fix audit PASS=True; PC-sampled instruction text found in recompiled AMDGCN=215/215 (branch targets compared by opcode only: the disassembly prints offsets, the dump prints labels)",1,report_sha256 = sha256 over sorted '<dir>\t<tree_sha256(dir)>' lines of the listed stage directories; recompiled binaries are hsaco-identical between the formal autotune path and the profiling replay (replay_audit/1d_conv__fp16__formal.json). swept params equal the CSV row; other params equal config case_defaults; largest-row (last CSV row of this dtype),5b82f8afed59f83c3f39696338e7ce51dec38de7,"{""L"":2621440,""batch"":1,""groups"":1,""in_channels"":128,""kernel_size"":3,""out_channels"":128,""padding"":1,""stride"":1}","{""BLOCK_SIZE_BATCH_LENGTH"":128,""BLOCK_SIZE_IN_FEAT"":16,""BLOCK_SIZE_OUT_FEAT"":128,""num_stages"":2,""num_warps"":8}"
MI300X.triton.1d_conv.fp32.pc_sampling,MI300X,triton,1d_conv,fp32,d4f4f52857e74ab88a6c751aa9aa44c9692f604c1313b6b368d2500a72e20f58,"{""L"":2621440}","rocprof-compute --experimental profile --pc-sampling (stochastic, interval 65536)",single application run (same harness: 3 prime calls + 1 profiled call),outputs/rocprof_compute/MI300X/1d_conv/triton_fp32/pc_sampling,ef306151bef7018d4f5b9018467baa22a85da717ab79000c47457f2e53b0e2ee,local outputs/rocprof_compute/MI300X/1d_conv/triton_fp32; HF dataset bcui2/NCU_report path AMD_MI300X/1d_conv/triton_fp32,ff3600e1831dc3bed6925f301214cad6db8234cb,matched,"verified: manifest tree_sha256 reproduced=True; capture names==expected=True; replay-audit hsaco formal==replay for 1/1 launches=True; post-fix audit PASS=True; PC-sampled instruction text found in recompiled AMDGCN=621/621 (branch targets compared by opcode only: the disassembly prints offsets, the dump prints labels)",1,profiled 2026-10-02T09:37:21+00:00..2026-10-02T09:39:45+00:00; samples on operator kernels=1735 of 2301 total; instruction rows from analysis/pc_sampling_instructions.csv; launch_count is the harness launch count (PC sampling does not report dispatches). swept params equal the CSV row; other params equal config case_defaults; largest-row (last CSV row of this dtype),5b82f8afed59f83c3f39696338e7ce51dec38de7,"{""L"":2621440,""batch"":1,""groups"":1,""in_channels"":128,""kernel_size"":3,""out_channels"":128,""padding"":1,""stride"":1}","{""BLOCK_SIZE_BATCH_LENGTH"":128,""BLOCK_SIZE_IN_FEAT"":32,""BLOCK_SIZE_OUT_FEAT"":128,""num_stages"":2,""num_warps"":8}"
MI300X.triton.1d_conv.fp32.rocprof_compute,MI300X,triton,1d_conv,fp32,d4f4f52857e74ab88a6c751aa9aa44c9692f604c1313b6b368d2500a72e20f58,"{""L"":2621440}","rocprof-compute profile, full default counter set (13 counter passes + roofline), kernel filter ^(?:conv1d_kernel)","application replay: one process per counter pass, each does 3 unprofiled prime calls then input generation, a 512 MiB eviction and exactly one impl.run()",outputs/rocprof_compute/MI300X/1d_conv/triton_fp32/workload,47d3c55e746fe79200d90e5a15f5f4dd9ec9b3aad721103e9c122c2996b37522,local outputs/rocprof_compute/MI300X/1d_conv/triton_fp32; HF dataset bcui2/NCU_report path AMD_MI300X/1d_conv/triton_fp32,ff3600e1831dc3bed6925f301214cad6db8234cb,matched,"verified: manifest tree_sha256 reproduced=True; capture names==expected=True; replay-audit hsaco formal==replay for 1/1 launches=True; post-fix audit PASS=True; PC-sampled instruction text found in recompiled AMDGCN=621/621 (branch targets compared by opcode only: the disassembly prints offsets, the dump prints labels)",1,"profiled 2026-10-02T09:37:21+00:00..2026-10-02T09:39:45+00:00; report_sha256 = tree hash of workload/; whole pair dir tree hash 69a7b599afc26e3d37dca6a568affffcb36254bc1d8cf3fd8a8207d700b0f03f (matches report_manifest.json); metrics parsed from existing analysis/workload_csv (rocprof-compute analyze output, not re-run). swept params equal the CSV row; other params equal config case_defaults; largest-row (last CSV row of this dtype)",5b82f8afed59f83c3f39696338e7ce51dec38de7,"{""L"":2621440,""batch"":1,""groups"":1,""in_channels"":128,""kernel_size"":3,""out_channels"":128,""padding"":1,""stride"":1}","{""BLOCK_SIZE_BATCH_LENGTH"":128,""BLOCK_SIZE_IN_FEAT"":32,""BLOCK_SIZE_OUT_FEAT"":128,""num_stages"":2,""num_warps"":8}"
MI300X.triton.1d_conv.fp32.static_isa,MI300X,triton,1d_conv,fp32,d4f4f52857e74ab88a6c751aa9aa44c9692f604c1313b6b368d2500a72e20f58,"{""L"":2621440}",static compile artifacts (TTIR/TTGIR/LLIR/AMDGCN) of the formal-path winner kernels,offline recompilation during the 2026-10-05 replay audit (no execution counters),outputs/profiling/MI300X/analysis_2026-10-05/triton_ir/1d_conv__fp32__conv1d_kernel__HQR3BUC2,ae50d1a920836f8cc1f2e46c8972dd1dad10f1cd8b417a1957c32f93f721130a,local outputs/profiling/MI300X/analysis_2026-10-05/triton_ir (one directory per code object),analysis_2026-10-05,matched,"verified: manifest tree_sha256 reproduced=True; capture names==expected=True; replay-audit hsaco formal==replay for 1/1 launches=True; post-fix audit PASS=True; PC-sampled instruction text found in recompiled AMDGCN=621/621 (branch targets compared by opcode only: the disassembly prints offsets, the dump prints labels)",1,report_sha256 = sha256 over sorted '<dir>\t<tree_sha256(dir)>' lines of the listed stage directories; recompiled binaries are hsaco-identical between the formal autotune path and the profiling replay (replay_audit/1d_conv__fp32__formal.json). swept params equal the CSV row; other params equal config case_defaults; largest-row (last CSV row of this dtype),5b82f8afed59f83c3f39696338e7ce51dec38de7,"{""L"":2621440,""batch"":1,""groups"":1,""in_channels"":128,""kernel_size"":3,""out_channels"":128,""padding"":1,""stride"":1}","{""BLOCK_SIZE_BATCH_LENGTH"":128,""BLOCK_SIZE_IN_FEAT"":32,""BLOCK_SIZE_OUT_FEAT"":128,""num_stages"":2,""num_warps"":8}"
MI300X.triton.2d_conv.fp16.pc_sampling,MI300X,triton,2d_conv,fp16,1533619675334e4cfa2bc5555f0aa664503ee39fb500e0feaba966b0f00d8ab7,"{""H"":320}","rocprof-compute --experimental profile --pc-sampling (stochastic, interval 65536)",single application run (same harness: 3 prime calls + 1 profiled call),outputs/rocprof_compute/MI300X/2d_conv/triton_fp16/pc_sampling,70bb3b3db277e032745d3e1f0a4c0cd2eb9ec73c108de91c870551a330af2d4b,local outputs/rocprof_compute/MI300X/2d_conv/triton_fp16; HF dataset bcui2/NCU_report path AMD_MI300X/2d_conv/triton_fp16,ff3600e1831dc3bed6925f301214cad6db8234cb,matched,"verified: manifest tree_sha256 reproduced=True; capture names==expected=True; replay-audit hsaco formal==replay for 1/1 launches=True; post-fix audit PASS=True; PC-sampled instruction text found in recompiled AMDGCN=131/131 (branch targets compared by opcode only: the disassembly prints offsets, the dump prints labels)",1,profiled 2026-10-02T09:39:45+00:00..2026-10-02T09:42:07+00:00; samples on operator kernels=321 of 459 total; instruction rows from analysis/pc_sampling_instructions.csv; launch_count is the harness launch count (PC sampling does not report dispatches). swept params equal the CSV row; other params equal config case_defaults; largest-row (last CSV row of this dtype),5b82f8afed59f83c3f39696338e7ce51dec38de7,"{""H"":320,""batch"":1,""groups"":1,""in_channels"":128,""kernel_size"":3,""out_channels"":128,""padding"":1,""stride"":1}","{""BLOCK_SIZE_BATCH_HEIGHT_WIDTH"":128,""BLOCK_SIZE_IN_FEAT"":64,""BLOCK_SIZE_OUT_FEAT"":64,""num_stages"":4,""num_warps"":8}"
MI300X.triton.2d_conv.fp16.rocprof_compute,MI300X,triton,2d_conv,fp16,1533619675334e4cfa2bc5555f0aa664503ee39fb500e0feaba966b0f00d8ab7,"{""H"":320}","rocprof-compute profile, full default counter set (13 counter passes + roofline), kernel filter ^(?:conv2d_kernel)","application replay: one process per counter pass, each does 3 unprofiled prime calls then input generation, a 512 MiB eviction and exactly one impl.run()",outputs/rocprof_compute/MI300X/2d_conv/triton_fp16/workload,1d69d6216438a9766f81284bb0e26c6717e02803db867ab85cf74359b806184a,local outputs/rocprof_compute/MI300X/2d_conv/triton_fp16; HF dataset bcui2/NCU_report path AMD_MI300X/2d_conv/triton_fp16,ff3600e1831dc3bed6925f301214cad6db8234cb,matched,"verified: manifest tree_sha256 reproduced=True; capture names==expected=True; replay-audit hsaco formal==replay for 1/1 launches=True; post-fix audit PASS=True; PC-sampled instruction text found in recompiled AMDGCN=131/131 (branch targets compared by opcode only: the disassembly prints offsets, the dump prints labels)",1,"profiled 2026-10-02T09:39:45+00:00..2026-10-02T09:42:07+00:00; report_sha256 = tree hash of workload/; whole pair dir tree hash a20a1ef1a366cfa567f9a1a3e1f6d8248c04019fc44080f26453f4e6e0f65959 (matches report_manifest.json); metrics parsed from existing analysis/workload_csv (rocprof-compute analyze output, not re-run). swept params equal the CSV row; other params equal config case_defaults; largest-row (last CSV row of this dtype)",5b82f8afed59f83c3f39696338e7ce51dec38de7,"{""H"":320,""batch"":1,""groups"":1,""in_channels"":128,""kernel_size"":3,""out_channels"":128,""padding"":1,""stride"":1}","{""BLOCK_SIZE_BATCH_HEIGHT_WIDTH"":128,""BLOCK_SIZE_IN_FEAT"":64,""BLOCK_SIZE_OUT_FEAT"":64,""num_stages"":4,""num_warps"":8}"
MI300X.triton.2d_conv.fp16.static_isa,MI300X,triton,2d_conv,fp16,1533619675334e4cfa2bc5555f0aa664503ee39fb500e0feaba966b0f00d8ab7,"{""H"":320}",static compile artifacts (TTIR/TTGIR/LLIR/AMDGCN) of the formal-path winner kernels,offline recompilation during the 2026-10-05 replay audit (no execution counters),outputs/profiling/MI300X/analysis_2026-10-05/triton_ir/2d_conv__fp16__conv2d_kernel__3UOPCET4,eb309a9dc9cb15084a3b89050d71b91ea903e6658443cb813986c2bee76befbe,local outputs/profiling/MI300X/analysis_2026-10-05/triton_ir (one directory per code object),analysis_2026-10-05,matched,"verified: manifest tree_sha256 reproduced=True; capture names==expected=True; replay-audit hsaco formal==replay for 1/1 launches=True; post-fix audit PASS=True; PC-sampled instruction text found in recompiled AMDGCN=131/131 (branch targets compared by opcode only: the disassembly prints offsets, the dump prints labels)",1,report_sha256 = sha256 over sorted '<dir>\t<tree_sha256(dir)>' lines of the listed stage directories; recompiled binaries are hsaco-identical between the formal autotune path and the profiling replay (replay_audit/2d_conv__fp16__formal.json). swept params equal the CSV row; other params equal config case_defaults; largest-row (last CSV row of this dtype),5b82f8afed59f83c3f39696338e7ce51dec38de7,"{""H"":320,""batch"":1,""groups"":1,""in_channels"":128,""kernel_size"":3,""out_channels"":128,""padding"":1,""stride"":1}","{""BLOCK_SIZE_BATCH_HEIGHT_WIDTH"":128,""BLOCK_SIZE_IN_FEAT"":64,""BLOCK_SIZE_OUT_FEAT"":64,""num_stages"":4,""num_warps"":8}"
MI300X.triton.2d_conv.fp32.pc_sampling,MI300X,triton,2d_conv,fp32,f7125863f1d97c5950fd2a8b8d9a1284667232f6f34902e2056aa51a4948dc2e,"{""H"":320}","rocprof-compute --experimental profile --pc-sampling (stochastic, interval 65536)",single application run (same harness: 3 prime calls + 1 profiled call),outputs/rocprof_compute/MI300X/2d_conv/triton_fp32/pc_sampling,2a9265ae2c7ab94dbd718f2bcf9b3cea82fd5576cdc972977d7756729f9cc0b7,local outputs/rocprof_compute/MI300X/2d_conv/triton_fp32; HF dataset bcui2/NCU_report path AMD_MI300X/2d_conv/triton_fp32,ff3600e1831dc3bed6925f301214cad6db8234cb,matched,"verified: manifest tree_sha256 reproduced=True; capture names==expected=True; replay-audit hsaco formal==replay for 1/1 launches=True; post-fix audit PASS=True; PC-sampled instruction text found in recompiled AMDGCN=144/144 (branch targets compared by opcode only: the disassembly prints offsets, the dump prints labels)",1,profiled 2026-10-02T09:42:07+00:00..2026-10-02T09:44:30+00:00; samples on operator kernels=818 of 992 total; instruction rows from analysis/pc_sampling_instructions.csv; launch_count is the harness launch count (PC sampling does not report dispatches). swept params equal the CSV row; other params equal config case_defaults; largest-row (last CSV row of this dtype),5b82f8afed59f83c3f39696338e7ce51dec38de7,"{""H"":320,""batch"":1,""groups"":1,""in_channels"":128,""kernel_size"":3,""out_channels"":128,""padding"":1,""stride"":1}","{""BLOCK_SIZE_BATCH_HEIGHT_WIDTH"":128,""BLOCK_SIZE_IN_FEAT"":16,""BLOCK_SIZE_OUT_FEAT"":128,""num_stages"":2,""num_warps"":8}"
MI300X.triton.2d_conv.fp32.rocprof_compute,MI300X,triton,2d_conv,fp32,f7125863f1d97c5950fd2a8b8d9a1284667232f6f34902e2056aa51a4948dc2e,"{""H"":320}","rocprof-compute profile, full default counter set (13 counter passes + roofline), kernel filter ^(?:conv2d_kernel)","application replay: one process per counter pass, each does 3 unprofiled prime calls then input generation, a 512 MiB eviction and exactly one impl.run()",outputs/rocprof_compute/MI300X/2d_conv/triton_fp32/workload,203245f4b018f780060521972cf54c8fd33418b3f06c2fb9e031662232fb3127,local outputs/rocprof_compute/MI300X/2d_conv/triton_fp32; HF dataset bcui2/NCU_report path AMD_MI300X/2d_conv/triton_fp32,ff3600e1831dc3bed6925f301214cad6db8234cb,matched,"verified: manifest tree_sha256 reproduced=True; capture names==expected=True; replay-audit hsaco formal==replay for 1/1 launches=True; post-fix audit PASS=True; PC-sampled instruction text found in recompiled AMDGCN=144/144 (branch targets compared by opcode only: the disassembly prints offsets, the dump prints labels)",1,"profiled 2026-10-02T09:42:07+00:00..2026-10-02T09:44:30+00:00; report_sha256 = tree hash of workload/; whole pair dir tree hash bb5a1030cb53a6a6539f45e54ea01845a4e6eeebffc0ac69033aae5b4335b1dc (matches report_manifest.json); metrics parsed from existing analysis/workload_csv (rocprof-compute analyze output, not re-run). swept params equal the CSV row; other params equal config case_defaults; largest-row (last CSV row of this dtype)",5b82f8afed59f83c3f39696338e7ce51dec38de7,"{""H"":320,""batch"":1,""groups"":1,""in_channels"":128,""kernel_size"":3,""out_channels"":128,""padding"":1,""stride"":1}","{""BLOCK_SIZE_BATCH_HEIGHT_WIDTH"":128,""BLOCK_SIZE_IN_FEAT"":16,""BLOCK_SIZE_OUT_FEAT"":128,""num_stages"":2,""num_warps"":8}"
MI300X.triton.2d_conv.fp32.static_isa,MI300X,triton,2d_conv,fp32,f7125863f1d97c5950fd2a8b8d9a1284667232f6f34902e2056aa51a4948dc2e,"{""H"":320}",static compile artifacts (TTIR/TTGIR/LLIR/AMDGCN) of the formal-path winner kernels,offline recompilation during the 2026-10-05 replay audit (no execution counters),outputs/profiling/MI300X/analysis_2026-10-05/triton_ir/2d_conv__fp32__conv2d_kernel__PKVBR5E3,5c4797056bfe35cb56262ca38067055babb1a30f78417196862c4bac19087932,local outputs/profiling/MI300X/analysis_2026-10-05/triton_ir (one directory per code object),analysis_2026-10-05,matched,"verified: manifest tree_sha256 reproduced=True; capture names==expected=True; replay-audit hsaco formal==replay for 1/1 launches=True; post-fix audit PASS=True; PC-sampled instruction text found in recompiled AMDGCN=144/144 (branch targets compared by opcode only: the disassembly prints offsets, the dump prints labels)",1,report_sha256 = sha256 over sorted '<dir>\t<tree_sha256(dir)>' lines of the listed stage directories; recompiled binaries are hsaco-identical between the formal autotune path and the profiling replay (replay_audit/2d_conv__fp32__formal.json). swept params equal the CSV row; other params equal config case_defaults; largest-row (last CSV row of this dtype),5b82f8afed59f83c3f39696338e7ce51dec38de7,"{""H"":320,""batch"":1,""groups"":1,""in_channels"":128,""kernel_size"":3,""out_channels"":128,""padding"":1,""stride"":1}","{""BLOCK_SIZE_BATCH_HEIGHT_WIDTH"":128,""BLOCK_SIZE_IN_FEAT"":16,""BLOCK_SIZE_OUT_FEAT"":128,""num_stages"":2,""num_warps"":8}"
MI300X.triton.2d_max_pooling.bf16.pc_sampling,MI300X,triton,2d_max_pooling,bf16,4563f89ec615b150dabe59bc4cbf6ea3df6ebd3b71d23699d09797af98f26db5,"{""H"":640}","rocprof-compute --experimental profile --pc-sampling (stochastic, interval 65536)",single application run (same harness: 3 prime calls + 1 profiled call),outputs/rocprof_compute/MI300X/2d_max_pooling/triton_bf16/pc_sampling,1747fdd1bf6e3d6935ac01758e5623a0f14e8999457a1e725bee986a234eca83,local outputs/rocprof_compute/MI300X/2d_max_pooling/triton_bf16; HF dataset bcui2/NCU_report path AMD_MI300X/2d_max_pooling/triton_bf16,ff3600e1831dc3bed6925f301214cad6db8234cb,matched,"verified: manifest tree_sha256 reproduced=True; capture names==expected=True; replay-audit hsaco formal==replay for 1/1 launches=True; post-fix audit PASS=True; PC-sampled instruction text found in recompiled AMDGCN=75/75 (branch targets compared by opcode only: the disassembly prints offsets, the dump prints labels)",1,profiled 2026-10-02T09:46:52+00:00..2026-10-02T09:49:15+00:00; samples on operator kernels=505 of 967 total; instruction rows from analysis/pc_sampling_instructions.csv; launch_count is the harness launch count (PC sampling does not report dispatches). swept params equal the CSV row; other params equal config case_defaults; largest-row (last CSV row of this dtype),5b82f8afed59f83c3f39696338e7ce51dec38de7,"{""C"":128,""H"":640,""N"":4,""kernel_size"":3,""padding"":1,""stride"":2}","{""BLOCK_C"":128,""BLOCK_R"":4,""num_warps"":4}"
MI300X.triton.2d_max_pooling.bf16.rocprof_compute,MI300X,triton,2d_max_pooling,bf16,4563f89ec615b150dabe59bc4cbf6ea3df6ebd3b71d23699d09797af98f26db5,"{""H"":640}","rocprof-compute profile, full default counter set (13 counter passes + roofline), kernel filter ^(?:max_pool2d_kernel)","application replay: one process per counter pass, each does 3 unprofiled prime calls then input generation, a 512 MiB eviction and exactly one impl.run()",outputs/rocprof_compute/MI300X/2d_max_pooling/triton_bf16/workload,6113d8c6c6f96bd3032f9a38da1ac664d468e9299f64ecc6a49880df54b69959,local outputs/rocprof_compute/MI300X/2d_max_pooling/triton_bf16; HF dataset bcui2/NCU_report path AMD_MI300X/2d_max_pooling/triton_bf16,ff3600e1831dc3bed6925f301214cad6db8234cb,matched,"verified: manifest tree_sha256 reproduced=True; capture names==expected=True; replay-audit hsaco formal==replay for 1/1 launches=True; post-fix audit PASS=True; PC-sampled instruction text found in recompiled AMDGCN=75/75 (branch targets compared by opcode only: the disassembly prints offsets, the dump prints labels)",1,"profiled 2026-10-02T09:46:52+00:00..2026-10-02T09:49:15+00:00; report_sha256 = tree hash of workload/; whole pair dir tree hash 22ab539d2afacaf10d7e60bf0a6aacecea1e75523423a7340771e4f66edf7ad2 (matches report_manifest.json); metrics parsed from existing analysis/workload_csv (rocprof-compute analyze output, not re-run). swept params equal the CSV row; other params equal config case_defaults; largest-row (last CSV row of this dtype)",5b82f8afed59f83c3f39696338e7ce51dec38de7,"{""C"":128,""H"":640,""N"":4,""kernel_size"":3,""padding"":1,""stride"":2}","{""BLOCK_C"":128,""BLOCK_R"":4,""num_warps"":4}"
MI300X.triton.2d_max_pooling.bf16.static_isa,MI300X,triton,2d_max_pooling,bf16,4563f89ec615b150dabe59bc4cbf6ea3df6ebd3b71d23699d09797af98f26db5,"{""H"":640}",static compile artifacts (TTIR/TTGIR/LLIR/AMDGCN) of the formal-path winner kernels,offline recompilation during the 2026-10-05 replay audit (no execution counters),outputs/profiling/MI300X/analysis_2026-10-05/triton_ir/2d_max_pooling__bf16__max_pool2d_kernel__AWOHP5AR,ef762f7d2a36967113e47338ea1df64c428a5aa36fa683a2231fcd085fe88119,local outputs/profiling/MI300X/analysis_2026-10-05/triton_ir (one directory per code object),analysis_2026-10-05,matched,"verified: manifest tree_sha256 reproduced=True; capture names==expected=True; replay-audit hsaco formal==replay for 1/1 launches=True; post-fix audit PASS=True; PC-sampled instruction text found in recompiled AMDGCN=75/75 (branch targets compared by opcode only: the disassembly prints offsets, the dump prints labels)",1,report_sha256 = sha256 over sorted '<dir>\t<tree_sha256(dir)>' lines of the listed stage directories; recompiled binaries are hsaco-identical between the formal autotune path and the profiling replay (replay_audit/2d_max_pooling__bf16__formal.json). swept params equal the CSV row; other params equal config case_defaults; largest-row (last CSV row of this dtype),5b82f8afed59f83c3f39696338e7ce51dec38de7,"{""C"":128,""H"":640,""N"":4,""kernel_size"":3,""padding"":1,""stride"":2}","{""BLOCK_C"":128,""BLOCK_R"":4,""num_warps"":4}"
MI300X.triton.2d_max_pooling.fp16.pc_sampling,MI300X,triton,2d_max_pooling,fp16,f304964eb2064e1c2c8fda77551cc85626f6c4d07f6ed5a337bb51a4383e3b18,"{""H"":640}","rocprof-compute --experimental profile --pc-sampling (stochastic, interval 65536)",single application run (same harness: 3 prime calls + 1 profiled call),outputs/rocprof_compute/MI300X/2d_max_pooling/triton_fp16/pc_sampling,f58ec7d9cb823cc5dcf68fd4723049b075bceee1ce1cb4966873c607acea6ab1,local outputs/rocprof_compute/MI300X/2d_max_pooling/triton_fp16; HF dataset bcui2/NCU_report path AMD_MI300X/2d_max_pooling/triton_fp16,ff3600e1831dc3bed6925f301214cad6db8234cb,matched,"verified: manifest tree_sha256 reproduced=True; capture names==expected=True; replay-audit hsaco formal==replay for 1/1 launches=True; post-fix audit PASS=True; PC-sampled instruction text found in recompiled AMDGCN=61/61 (branch targets compared by opcode only: the disassembly prints offsets, the dump prints labels)",1,profiled 2026-10-02T09:44:30+00:00..2026-10-02T09:46:52+00:00; samples on operator kernels=481 of 953 total; instruction rows from analysis/pc_sampling_instructions.csv; launch_count is the harness launch count (PC sampling does not report dispatches). swept params equal the CSV row; other params equal config case_defaults; largest-row (last CSV row of this dtype),5b82f8afed59f83c3f39696338e7ce51dec38de7,"{""C"":128,""H"":640,""N"":4,""kernel_size"":3,""padding"":1,""stride"":2}","{""BLOCK_C"":128,""BLOCK_R"":4,""num_warps"":4}"
MI300X.triton.2d_max_pooling.fp16.rocprof_compute,MI300X,triton,2d_max_pooling,fp16,f304964eb2064e1c2c8fda77551cc85626f6c4d07f6ed5a337bb51a4383e3b18,"{""H"":640}","rocprof-compute profile, full default counter set (13 counter passes + roofline), kernel filter ^(?:max_pool2d_kernel)","application replay: one process per counter pass, each does 3 unprofiled prime calls then input generation, a 512 MiB eviction and exactly one impl.run()",outputs/rocprof_compute/MI300X/2d_max_pooling/triton_fp16/workload,61d62458857700fbe544b8c33a0a9de51922b375221653be5f20d83cac618aeb,local outputs/rocprof_compute/MI300X/2d_max_pooling/triton_fp16; HF dataset bcui2/NCU_report path AMD_MI300X/2d_max_pooling/triton_fp16,ff3600e1831dc3bed6925f301214cad6db8234cb,matched,"verified: manifest tree_sha256 reproduced=True; capture names==expected=True; replay-audit hsaco formal==replay for 1/1 launches=True; post-fix audit PASS=True; PC-sampled instruction text found in recompiled AMDGCN=61/61 (branch targets compared by opcode only: the disassembly prints offsets, the dump prints labels)",1,"profiled 2026-10-02T09:44:30+00:00..2026-10-02T09:46:52+00:00; report_sha256 = tree hash of workload/; whole pair dir tree hash b546ec5e6c24cb5bd8cd1fd2895f30c7f75ff5cf9468196f9ecc52c81e2c2e7c (matches report_manifest.json); metrics parsed from existing analysis/workload_csv (rocprof-compute analyze output, not re-run). swept params equal the CSV row; other params equal config case_defaults; largest-row (last CSV row of this dtype)",5b82f8afed59f83c3f39696338e7ce51dec38de7,"{""C"":128,""H"":640,""N"":4,""kernel_size"":3,""padding"":1,""stride"":2}","{""BLOCK_C"":128,""BLOCK_R"":4,""num_warps"":4}"
MI300X.triton.2d_max_pooling.fp16.static_isa,MI300X,triton,2d_max_pooling,fp16,f304964eb2064e1c2c8fda77551cc85626f6c4d07f6ed5a337bb51a4383e3b18,"{""H"":640}",static compile artifacts (TTIR/TTGIR/LLIR/AMDGCN) of the formal-path winner kernels,offline recompilation during the 2026-10-05 replay audit (no execution counters),outputs/profiling/MI300X/analysis_2026-10-05/triton_ir/2d_max_pooling__fp16__max_pool2d_kernel__DUBBDLGC,4157b1eda3967c2fe33c2a068b3fdc83dbd819329b40c1e0cb682602538d45e5,local outputs/profiling/MI300X/analysis_2026-10-05/triton_ir (one directory per code object),analysis_2026-10-05,matched,"verified: manifest tree_sha256 reproduced=True; capture names==expected=True; replay-audit hsaco formal==replay for 1/1 launches=True; post-fix audit PASS=True; PC-sampled instruction text found in recompiled AMDGCN=61/61 (branch targets compared by opcode only: the disassembly prints offsets, the dump prints labels)",1,report_sha256 = sha256 over sorted '<dir>\t<tree_sha256(dir)>' lines of the listed stage directories; recompiled binaries are hsaco-identical between the formal autotune path and the profiling replay (replay_audit/2d_max_pooling__fp16__formal.json). swept params equal the CSV row; other params equal config case_defaults; largest-row (last CSV row of this dtype),5b82f8afed59f83c3f39696338e7ce51dec38de7,"{""C"":128,""H"":640,""N"":4,""kernel_size"":3,""padding"":1,""stride"":2}","{""BLOCK_C"":128,""BLOCK_R"":4,""num_warps"":4}"
MI300X.triton.2d_max_pooling.fp32.pc_sampling,MI300X,triton,2d_max_pooling,fp32,715cb4f669556ed3123a0be0df97b19f93de69437acdbd591c6417e93115fb12,"{""H"":640}","rocprof-compute --experimental profile --pc-sampling (stochastic, interval 65536)",single application run (same harness: 3 prime calls + 1 profiled call),outputs/rocprof_compute/MI300X/2d_max_pooling/triton_fp32/pc_sampling,d4d000bd587b9eff025ffac32bd8288b22e1f4a664ea60ca4597ec7f550ee5c1,local outputs/rocprof_compute/MI300X/2d_max_pooling/triton_fp32; HF dataset bcui2/NCU_report path AMD_MI300X/2d_max_pooling/triton_fp32,ff3600e1831dc3bed6925f301214cad6db8234cb,matched,"verified: manifest tree_sha256 reproduced=True; capture names==expected=True; replay-audit hsaco formal==replay for 1/1 launches=True; post-fix audit PASS=True; PC-sampled instruction text found in recompiled AMDGCN=50/50 (branch targets compared by opcode only: the disassembly prints offsets, the dump prints labels)",1,profiled 2026-10-02T09:49:15+00:00..2026-10-02T09:51:38+00:00; samples on operator kernels=374 of 773 total; instruction rows from analysis/pc_sampling_instructions.csv; launch_count is the harness launch count (PC sampling does not report dispatches). swept params equal the CSV row; other params equal config case_defaults; largest-row (last CSV row of this dtype),5b82f8afed59f83c3f39696338e7ce51dec38de7,"{""C"":128,""H"":640,""N"":4,""kernel_size"":3,""padding"":1,""stride"":2}","{""BLOCK_C"":512,""BLOCK_R"":1,""num_warps"":8}"
MI300X.triton.2d_max_pooling.fp32.rocprof_compute,MI300X,triton,2d_max_pooling,fp32,715cb4f669556ed3123a0be0df97b19f93de69437acdbd591c6417e93115fb12,"{""H"":640}","rocprof-compute profile, full default counter set (13 counter passes + roofline), kernel filter ^(?:max_pool2d_kernel)","application replay: one process per counter pass, each does 3 unprofiled prime calls then input generation, a 512 MiB eviction and exactly one impl.run()",outputs/rocprof_compute/MI300X/2d_max_pooling/triton_fp32/workload,788c35a2a83d98ac511660ec99d67b5b5b8c18a96fc3805159e468ece1547bf5,local outputs/rocprof_compute/MI300X/2d_max_pooling/triton_fp32; HF dataset bcui2/NCU_report path AMD_MI300X/2d_max_pooling/triton_fp32,ff3600e1831dc3bed6925f301214cad6db8234cb,matched,"verified: manifest tree_sha256 reproduced=True; capture names==expected=True; replay-audit hsaco formal==replay for 1/1 launches=True; post-fix audit PASS=True; PC-sampled instruction text found in recompiled AMDGCN=50/50 (branch targets compared by opcode only: the disassembly prints offsets, the dump prints labels)",1,"profiled 2026-10-02T09:49:15+00:00..2026-10-02T09:51:38+00:00; report_sha256 = tree hash of workload/; whole pair dir tree hash 8ab655099b244d0265b3d90b1de7b1ec7782535cdc0cbd7097cf1e9c03de1875 (matches report_manifest.json); metrics parsed from existing analysis/workload_csv (rocprof-compute analyze output, not re-run). swept params equal the CSV row; other params equal config case_defaults; largest-row (last CSV row of this dtype)",5b82f8afed59f83c3f39696338e7ce51dec38de7,"{""C"":128,""H"":640,""N"":4,""kernel_size"":3,""padding"":1,""stride"":2}","{""BLOCK_C"":512,""BLOCK_R"":1,""num_warps"":8}"
MI300X.triton.2d_max_pooling.fp32.static_isa,MI300X,triton,2d_max_pooling,fp32,715cb4f669556ed3123a0be0df97b19f93de69437acdbd591c6417e93115fb12,"{""H"":640}",static compile artifacts (TTIR/TTGIR/LLIR/AMDGCN) of the formal-path winner kernels,offline recompilation during the 2026-10-05 replay audit (no execution counters),outputs/profiling/MI300X/analysis_2026-10-05/triton_ir/2d_max_pooling__fp32__max_pool2d_kernel__LXDLQIOL,26726a932cc9450d350fbd6bf1ea9f1e36019275817b342f1cb8df74de95b746,local outputs/profiling/MI300X/analysis_2026-10-05/triton_ir (one directory per code object),analysis_2026-10-05,matched,"verified: manifest tree_sha256 reproduced=True; capture names==expected=True; replay-audit hsaco formal==replay for 1/1 launches=True; post-fix audit PASS=True; PC-sampled instruction text found in recompiled AMDGCN=50/50 (branch targets compared by opcode only: the disassembly prints offsets, the dump prints labels)",1,report_sha256 = sha256 over sorted '<dir>\t<tree_sha256(dir)>' lines of the listed stage directories; recompiled binaries are hsaco-identical between the formal autotune path and the profiling replay (replay_audit/2d_max_pooling__fp32__formal.json). swept params equal the CSV row; other params equal config case_defaults; largest-row (last CSV row of this dtype),5b82f8afed59f83c3f39696338e7ce51dec38de7,"{""C"":128,""H"":640,""N"":4,""kernel_size"":3,""padding"":1,""stride"":2}","{""BLOCK_C"":512,""BLOCK_R"":1,""num_warps"":8}"
MI300X.triton.3d_conv.fp16.pc_sampling,MI300X,triton,3d_conv,fp16,ca774b991ced509dfcc46704a1cdc6b3d5bfc328f4134e507080d77aa2d25145,"{""H"":320}","rocprof-compute --experimental profile --pc-sampling (stochastic, interval 65536)",single application run (same harness: 3 prime calls + 1 profiled call),outputs/rocprof_compute/MI300X/3d_conv/triton_fp16/pc_sampling,ac2456a97ba41fe117476a2f49a7e5081cb5737d7d69625d7e163eeffb02a6bf,local outputs/rocprof_compute/MI300X/3d_conv/triton_fp16; HF dataset bcui2/NCU_report path AMD_MI300X/3d_conv/triton_fp16,ff3600e1831dc3bed6925f301214cad6db8234cb,matched,"verified: manifest tree_sha256 reproduced=True; capture names==expected=True; replay-audit hsaco formal==replay for 1/1 launches=True; post-fix audit PASS=True; PC-sampled instruction text found in recompiled AMDGCN=663/663 (branch targets compared by opcode only: the disassembly prints offsets, the dump prints labels)",1,profiled 2026-10-02T09:51:38+00:00..2026-10-02T09:54:02+00:00; samples on operator kernels=9575 of 9983 total; instruction rows from analysis/pc_sampling_instructions.csv; launch_count is the harness launch count (PC sampling does not report dispatches). swept params equal the CSV row; other params equal config case_defaults; largest-row (last CSV row of this dtype),5b82f8afed59f83c3f39696338e7ce51dec38de7,"{""D"":32,""H"":320,""batch"":1,""groups"":1,""in_channels"":64,""kernel_size"":3,""out_channels"":64,""padding"":1,""stride"":1}","{""BLOCK_SIZE_BATCH_DHW"":128,""BLOCK_SIZE_IN_FEAT"":64,""BLOCK_SIZE_OUT_FEAT"":64,""num_stages"":2,""num_warps"":8}"
MI300X.triton.3d_conv.fp16.rocprof_compute,MI300X,triton,3d_conv,fp16,ca774b991ced509dfcc46704a1cdc6b3d5bfc328f4134e507080d77aa2d25145,"{""H"":320}","rocprof-compute profile, full default counter set (13 counter passes + roofline), kernel filter ^(?:conv3d_kernel)","application replay: one process per counter pass, each does 3 unprofiled prime calls then input generation, a 512 MiB eviction and exactly one impl.run()",outputs/rocprof_compute/MI300X/3d_conv/triton_fp16/workload,c1a2ec52dcff598cca5ce8d36faa3388cc1e87304a6e27fece369854bd508986,local outputs/rocprof_compute/MI300X/3d_conv/triton_fp16; HF dataset bcui2/NCU_report path AMD_MI300X/3d_conv/triton_fp16,ff3600e1831dc3bed6925f301214cad6db8234cb,matched,"verified: manifest tree_sha256 reproduced=True; capture names==expected=True; replay-audit hsaco formal==replay for 1/1 launches=True; post-fix audit PASS=True; PC-sampled instruction text found in recompiled AMDGCN=663/663 (branch targets compared by opcode only: the disassembly prints offsets, the dump prints labels)",1,"profiled 2026-10-02T09:51:38+00:00..2026-10-02T09:54:02+00:00; report_sha256 = tree hash of workload/; whole pair dir tree hash 667dfc5670f7e54aa2e7cd6762f1d59a94ec8174ff2a5e2d53fd5cded50a2692 (matches report_manifest.json); metrics parsed from existing analysis/workload_csv (rocprof-compute analyze output, not re-run). swept params equal the CSV row; other params equal config case_defaults; largest-row (last CSV row of this dtype)",5b82f8afed59f83c3f39696338e7ce51dec38de7,"{""D"":32,""H"":320,""batch"":1,""groups"":1,""in_channels"":64,""kernel_size"":3,""out_channels"":64,""padding"":1,""stride"":1}","{""BLOCK_SIZE_BATCH_DHW"":128,""BLOCK_SIZE_IN_FEAT"":64,""BLOCK_SIZE_OUT_FEAT"":64,""num_stages"":2,""num_warps"":8}"
MI300X.triton.3d_conv.fp16.static_isa,MI300X,triton,3d_conv,fp16,ca774b991ced509dfcc46704a1cdc6b3d5bfc328f4134e507080d77aa2d25145,"{""H"":320}",static compile artifacts (TTIR/TTGIR/LLIR/AMDGCN) of the formal-path winner kernels,offline recompilation during the 2026-10-05 replay audit (no execution counters),outputs/profiling/MI300X/analysis_2026-10-05/triton_ir/3d_conv__fp16__conv3d_kernel__PBKXKKPC,c15c4b8af244b96432087d59244c774d2c84fc97aa824a61933f6c78e5af1a94,local outputs/profiling/MI300X/analysis_2026-10-05/triton_ir (one directory per code object),analysis_2026-10-05,matched,"verified: manifest tree_sha256 reproduced=True; capture names==expected=True; replay-audit hsaco formal==replay for 1/1 launches=True; post-fix audit PASS=True; PC-sampled instruction text found in recompiled AMDGCN=663/663 (branch targets compared by opcode only: the disassembly prints offsets, the dump prints labels)",1,report_sha256 = sha256 over sorted '<dir>\t<tree_sha256(dir)>' lines of the listed stage directories; recompiled binaries are hsaco-identical between the formal autotune path and the profiling replay (replay_audit/3d_conv__fp16__formal.json). swept params equal the CSV row; other params equal config case_defaults; largest-row (last CSV row of this dtype),5b82f8afed59f83c3f39696338e7ce51dec38de7,"{""D"":32,""H"":320,""batch"":1,""groups"":1,""in_channels"":64,""kernel_size"":3,""out_channels"":64,""padding"":1,""stride"":1}","{""BLOCK_SIZE_BATCH_DHW"":128,""BLOCK_SIZE_IN_FEAT"":64,""BLOCK_SIZE_OUT_FEAT"":64,""num_stages"":2,""num_warps"":8}"
MI300X.triton.3d_conv.fp32.pc_sampling,MI300X,triton,3d_conv,fp32,0e4382f4c016c66a37f88722df8799a0aaa915cb2474daee1815523d8fdd8cbb,"{""H"":320}","rocprof-compute --experimental profile --pc-sampling (stochastic, interval 65536)",single application run (same harness: 3 prime calls + 1 profiled call),outputs/rocprof_compute/MI300X/3d_conv/triton_fp32/pc_sampling,11d29f354d9f9c4c7054602a6249ec763e66e739ad3eead49c523f921d18e11a,local outputs/rocprof_compute/MI300X/3d_conv/triton_fp32; HF dataset bcui2/NCU_report path AMD_MI300X/3d_conv/triton_fp32,ff3600e1831dc3bed6925f301214cad6db8234cb,matched,"verified: manifest tree_sha256 reproduced=True; capture names==expected=True; replay-audit hsaco formal==replay for 1/1 launches=True; post-fix audit PASS=True; PC-sampled instruction text found in recompiled AMDGCN=1229/1229 (branch targets compared by opcode only: the disassembly prints offsets, the dump prints labels)",1,profiled 2026-10-02T09:54:02+00:00..2026-10-02T09:56:27+00:00; samples on operator kernels=9309 of 9698 total; instruction rows from analysis/pc_sampling_instructions.csv; launch_count is the harness launch count (PC sampling does not report dispatches). swept params equal the CSV row; other params equal config case_defaults; largest-row (last CSV row of this dtype),5b82f8afed59f83c3f39696338e7ce51dec38de7,"{""D"":32,""H"":320,""batch"":1,""groups"":1,""in_channels"":64,""kernel_size"":3,""out_channels"":64,""padding"":1,""stride"":1}","{""BLOCK_SIZE_BATCH_DHW"":128,""BLOCK_SIZE_IN_FEAT"":64,""BLOCK_SIZE_OUT_FEAT"":64,""num_stages"":2,""num_warps"":8}"
MI300X.triton.3d_conv.fp32.rocprof_compute,MI300X,triton,3d_conv,fp32,0e4382f4c016c66a37f88722df8799a0aaa915cb2474daee1815523d8fdd8cbb,"{""H"":320}","rocprof-compute profile, full default counter set (13 counter passes + roofline), kernel filter ^(?:conv3d_kernel)","application replay: one process per counter pass, each does 3 unprofiled prime calls then input generation, a 512 MiB eviction and exactly one impl.run()",outputs/rocprof_compute/MI300X/3d_conv/triton_fp32/workload,bf9ed04e14b42a655b2929aa3b4d0eed1eff4e5628f4e523ab9c9dc70c36af79,local outputs/rocprof_compute/MI300X/3d_conv/triton_fp32; HF dataset bcui2/NCU_report path AMD_MI300X/3d_conv/triton_fp32,ff3600e1831dc3bed6925f301214cad6db8234cb,matched,"verified: manifest tree_sha256 reproduced=True; capture names==expected=True; replay-audit hsaco formal==replay for 1/1 launches=True; post-fix audit PASS=True; PC-sampled instruction text found in recompiled AMDGCN=1229/1229 (branch targets compared by opcode only: the disassembly prints offsets, the dump prints labels)",1,"profiled 2026-10-02T09:54:02+00:00..2026-10-02T09:56:27+00:00; report_sha256 = tree hash of workload/; whole pair dir tree hash 6481051f5655969493e9c78070bc53fb3575764293046fb800eb2545c07b4587 (matches report_manifest.json); metrics parsed from existing analysis/workload_csv (rocprof-compute analyze output, not re-run). swept params equal the CSV row; other params equal config case_defaults; largest-row (last CSV row of this dtype)",5b82f8afed59f83c3f39696338e7ce51dec38de7,"{""D"":32,""H"":320,""batch"":1,""groups"":1,""in_channels"":64,""kernel_size"":3,""out_channels"":64,""padding"":1,""stride"":1}","{""BLOCK_SIZE_BATCH_DHW"":128,""BLOCK_SIZE_IN_FEAT"":64,""BLOCK_SIZE_OUT_FEAT"":64,""num_stages"":2,""num_warps"":8}"
MI300X.triton.3d_conv.fp32.static_isa,MI300X,triton,3d_conv,fp32,0e4382f4c016c66a37f88722df8799a0aaa915cb2474daee1815523d8fdd8cbb,"{""H"":320}",static compile artifacts (TTIR/TTGIR/LLIR/AMDGCN) of the formal-path winner kernels,offline recompilation during the 2026-10-05 replay audit (no execution counters),outputs/profiling/MI300X/analysis_2026-10-05/triton_ir/3d_conv__fp32__conv3d_kernel__HPDN4LTQ,6a7e2b67ddb68a023de9ad30b910540b0923d1daf5b001ebfcce01b18cfa7d9d,local outputs/profiling/MI300X/analysis_2026-10-05/triton_ir (one directory per code object),analysis_2026-10-05,matched,"verified: manifest tree_sha256 reproduced=True; capture names==expected=True; replay-audit hsaco formal==replay for 1/1 launches=True; post-fix audit PASS=True; PC-sampled instruction text found in recompiled AMDGCN=1229/1229 (branch targets compared by opcode only: the disassembly prints offsets, the dump prints labels)",1,report_sha256 = sha256 over sorted '<dir>\t<tree_sha256(dir)>' lines of the listed stage directories; recompiled binaries are hsaco-identical between the formal autotune path and the profiling replay (replay_audit/3d_conv__fp32__formal.json). swept params equal the CSV row; other params equal config case_defaults; largest-row (last CSV row of this dtype),5b82f8afed59f83c3f39696338e7ce51dec38de7,"{""D"":32,""H"":320,""batch"":1,""groups"":1,""in_channels"":64,""kernel_size"":3,""out_channels"":64,""padding"":1,""stride"":1}","{""BLOCK_SIZE_BATCH_DHW"":128,""BLOCK_SIZE_IN_FEAT"":64,""BLOCK_SIZE_OUT_FEAT"":64,""num_stages"":2,""num_warps"":8}"
MI300X.triton.argmax.fp16.pc_sampling,MI300X,triton,argmax,fp16,9930fb38258050c86dd86e1203232e1ad6bb6fa7d42343ba9d9b976d4e885b73,"{""N"":20480}","rocprof-compute --experimental profile --pc-sampling (stochastic, interval 65536)",single application run (same harness: 3 prime calls + 1 profiled call),outputs/rocprof_compute/MI300X/argmax/triton_fp16/pc_sampling,f5781b82e57ceb84b980ab8fb8bd186f5e58b1d540d033c26e9a862eec060b24,local outputs/rocprof_compute/MI300X/argmax/triton_fp16; HF dataset bcui2/NCU_report path AMD_MI300X/argmax/triton_fp16,ff3600e1831dc3bed6925f301214cad6db8234cb,matched,"verified: manifest tree_sha256 reproduced=True; capture names==expected=True; replay-audit hsaco formal==replay for 1/1 launches=True; post-fix audit PASS=True; PC-sampled instruction text found in recompiled AMDGCN=20/20 (branch targets compared by opcode only: the disassembly prints offsets, the dump prints labels)",1,profiled 2026-10-02T09:56:27+00:00..2026-10-02T09:58:50+00:00; samples on operator kernels=66 of 246 total; instruction rows from analysis/pc_sampling_instructions.csv; launch_count is the harness launch count (PC sampling does not report dispatches). swept params equal the CSV row; other params equal config case_defaults; largest-row (last CSV row of this dtype),5b82f8afed59f83c3f39696338e7ce51dec38de7,"{""M"":2048,""N"":20480}","{""BLOCK_N"":2048,""num_stages"":3,""num_warps"":4}"
MI300X.triton.argmax.fp16.rocprof_compute,MI300X,triton,argmax,fp16,9930fb38258050c86dd86e1203232e1ad6bb6fa7d42343ba9d9b976d4e885b73,"{""N"":20480}","rocprof-compute profile, full default counter set (13 counter passes + roofline), kernel filter ^(?:argmax_rowwise_kernel)","application replay: one process per counter pass, each does 3 unprofiled prime calls then input generation, a 512 MiB eviction and exactly one impl.run()",outputs/rocprof_compute/MI300X/argmax/triton_fp16/workload,c39e515185c7d12774e8a0a05b4d7215267149c36ba3a4fc468eadbe9d627f53,local outputs/rocprof_compute/MI300X/argmax/triton_fp16; HF dataset bcui2/NCU_report path AMD_MI300X/argmax/triton_fp16,ff3600e1831dc3bed6925f301214cad6db8234cb,matched,"verified: manifest tree_sha256 reproduced=True; capture names==expected=True; replay-audit hsaco formal==replay for 1/1 launches=True; post-fix audit PASS=True; PC-sampled instruction text found in recompiled AMDGCN=20/20 (branch targets compared by opcode only: the disassembly prints offsets, the dump prints labels)",1,"profiled 2026-10-02T09:56:27+00:00..2026-10-02T09:58:50+00:00; report_sha256 = tree hash of workload/; whole pair dir tree hash 08b02ebbc3baa1b0fa0ed937de8abfdb8e4c3fc7060eb09a577036c4a6b3bf52 (matches report_manifest.json); metrics parsed from existing analysis/workload_csv (rocprof-compute analyze output, not re-run). swept params equal the CSV row; other params equal config case_defaults; largest-row (last CSV row of this dtype)",5b82f8afed59f83c3f39696338e7ce51dec38de7,"{""M"":2048,""N"":20480}","{""BLOCK_N"":2048,""num_stages"":3,""num_warps"":4}"
MI300X.triton.argmax.fp16.static_isa,MI300X,triton,argmax,fp16,9930fb38258050c86dd86e1203232e1ad6bb6fa7d42343ba9d9b976d4e885b73,"{""N"":20480}",static compile artifacts (TTIR/TTGIR/LLIR/AMDGCN) of the formal-path winner kernels,offline recompilation during the 2026-10-05 replay audit (no execution counters),outputs/profiling/MI300X/analysis_2026-10-05/triton_ir/argmax__fp16__argmax_rowwise_kernel__LV7J7UF2,ff17cbe6b149166c0bc4ad21de445ba3e2603444d01e9fc4bd1075a37b587f16,local outputs/profiling/MI300X/analysis_2026-10-05/triton_ir (one directory per code object),analysis_2026-10-05,matched,"verified: manifest tree_sha256 reproduced=True; capture names==expected=True; replay-audit hsaco formal==replay for 1/1 launches=True; post-fix audit PASS=True; PC-sampled instruction text found in recompiled AMDGCN=20/20 (branch targets compared by opcode only: the disassembly prints offsets, the dump prints labels)",1,report_sha256 = sha256 over sorted '<dir>\t<tree_sha256(dir)>' lines of the listed stage directories; recompiled binaries are hsaco-identical between the formal autotune path and the profiling replay (replay_audit/argmax__fp16__formal.json). swept params equal the CSV row; other params equal config case_defaults; largest-row (last CSV row of this dtype),5b82f8afed59f83c3f39696338e7ce51dec38de7,"{""M"":2048,""N"":20480}","{""BLOCK_N"":2048,""num_stages"":3,""num_warps"":4}"
MI300X.triton.argmax.fp32.pc_sampling,MI300X,triton,argmax,fp32,45e2590365c0c45c1a1ea0f86acc86ff46580c08051eac35c09731288e6bd8c8,"{""N"":20480}","rocprof-compute --experimental profile --pc-sampling (stochastic, interval 65536)",single application run (same harness: 3 prime calls + 1 profiled call),outputs/rocprof_compute/MI300X/argmax/triton_fp32/pc_sampling,59e526fe44250f7b1b182ec68591c85fff3e21405b2bd8f4f8d3f82507cc8e54,local outputs/rocprof_compute/MI300X/argmax/triton_fp32; HF dataset bcui2/NCU_report path AMD_MI300X/argmax/triton_fp32,ff3600e1831dc3bed6925f301214cad6db8234cb,matched,"verified: manifest tree_sha256 reproduced=True; capture names==expected=True; replay-audit hsaco formal==replay for 1/1 launches=True; post-fix audit PASS=True; PC-sampled instruction text found in recompiled AMDGCN=17/17 (branch targets compared by opcode only: the disassembly prints offsets, the dump prints labels)",1,profiled 2026-10-02T09:58:50+00:00..2026-10-02T10:01:12+00:00; samples on operator kernels=204 of 390 total; instruction rows from analysis/pc_sampling_instructions.csv; launch_count is the harness launch count (PC sampling does not report dispatches). swept params equal the CSV row; other params equal config case_defaults; largest-row (last CSV row of this dtype),5b82f8afed59f83c3f39696338e7ce51dec38de7,"{""M"":2048,""N"":20480}","{""BLOCK_N"":2048,""num_stages"":3,""num_warps"":4}"
MI300X.triton.argmax.fp32.rocprof_compute,MI300X,triton,argmax,fp32,45e2590365c0c45c1a1ea0f86acc86ff46580c08051eac35c09731288e6bd8c8,"{""N"":20480}","rocprof-compute profile, full default counter set (13 counter passes + roofline), kernel filter ^(?:argmax_rowwise_kernel)","application replay: one process per counter pass, each does 3 unprofiled prime calls then input generation, a 512 MiB eviction and exactly one impl.run()",outputs/rocprof_compute/MI300X/argmax/triton_fp32/workload,3d043814dee15fed3b4b54e303dd1905806f4622f02890158d2afc4a8b5fe5ea,local outputs/rocprof_compute/MI300X/argmax/triton_fp32; HF dataset bcui2/NCU_report path AMD_MI300X/argmax/triton_fp32,ff3600e1831dc3bed6925f301214cad6db8234cb,matched,"verified: manifest tree_sha256 reproduced=True; capture names==expected=True; replay-audit hsaco formal==replay for 1/1 launches=True; post-fix audit PASS=True; PC-sampled instruction text found in recompiled AMDGCN=17/17 (branch targets compared by opcode only: the disassembly prints offsets, the dump prints labels)",1,"profiled 2026-10-02T09:58:50+00:00..2026-10-02T10:01:12+00:00; report_sha256 = tree hash of workload/; whole pair dir tree hash 777d8379538ef38838cc9055b24a7328985d4e7e7714f83f60b72a3e2073e233 (matches report_manifest.json); metrics parsed from existing analysis/workload_csv (rocprof-compute analyze output, not re-run). swept params equal the CSV row; other params equal config case_defaults; largest-row (last CSV row of this dtype)",5b82f8afed59f83c3f39696338e7ce51dec38de7,"{""M"":2048,""N"":20480}","{""BLOCK_N"":2048,""num_stages"":3,""num_warps"":4}"
MI300X.triton.argmax.fp32.static_isa,MI300X,triton,argmax,fp32,45e2590365c0c45c1a1ea0f86acc86ff46580c08051eac35c09731288e6bd8c8,"{""N"":20480}",static compile artifacts (TTIR/TTGIR/LLIR/AMDGCN) of the formal-path winner kernels,offline recompilation during the 2026-10-05 replay audit (no execution counters),outputs/profiling/MI300X/analysis_2026-10-05/triton_ir/argmax__fp32__argmax_rowwise_kernel__WGO2EPYK,aca8d929a2c208c05bb1fd1e4fac9173fef57c1c678c27f14109a67fd92e4f17,local outputs/profiling/MI300X/analysis_2026-10-05/triton_ir (one directory per code object),analysis_2026-10-05,matched,"verified: manifest tree_sha256 reproduced=True; capture names==expected=True; replay-audit hsaco formal==replay for 1/1 launches=True; post-fix audit PASS=True; PC-sampled instruction text found in recompiled AMDGCN=17/17 (branch targets compared by opcode only: the disassembly prints offsets, the dump prints labels)",1,report_sha256 = sha256 over sorted '<dir>\t<tree_sha256(dir)>' lines of the listed stage directories; recompiled binaries are hsaco-identical between the formal autotune path and the profiling replay (replay_audit/argmax__fp32__formal.json). swept params equal the CSV row; other params equal config case_defaults; largest-row (last CSV row of this dtype),5b82f8afed59f83c3f39696338e7ce51dec38de7,"{""M"":2048,""N"":20480}","{""BLOCK_N"":2048,""num_stages"":3,""num_warps"":4}"
MI300X.triton.batch_normalization.bf16.pc_sampling,MI300X,triton,batch_normalization,bf16,f28b9a6f259e673063e0e17ce9400eb9649007feacbf8c4d793e606ac7a9d4e6,"{""N"":20000}","rocprof-compute --experimental profile --pc-sampling (stochastic, interval 65536)",single application run (same harness: 3 prime calls + 1 profiled call),outputs/rocprof_compute/MI300X/batch_normalization/triton_bf16/pc_sampling,758c18f90d91f806de4953bc6b4f0c1a4eb270a2359a2060394cff54fef33fea,local outputs/rocprof_compute/MI300X/batch_normalization/triton_bf16; HF dataset bcui2/NCU_report path AMD_MI300X/batch_normalization/triton_bf16,ff3600e1831dc3bed6925f301214cad6db8234cb,matched,"verified: manifest tree_sha256 reproduced=True; capture names==expected=True; replay-audit hsaco formal==replay for 3/3 launches=True; post-fix audit PASS=True; PC-sampled instruction text found in recompiled AMDGCN=56/56 (branch targets compared by opcode only: the disassembly prints offsets, the dump prints labels)",3,profiled 2026-10-02T10:03:38+00:00..2026-10-02T10:06:06+00:00; samples on operator kernels=69 of 240 total; instruction rows from analysis/pc_sampling_instructions.csv; launch_count is the harness launch count (PC sampling does not report dispatches). swept params equal the CSV row; other params equal config case_defaults; largest-row (last CSV row of this dtype),5b82f8afed59f83c3f39696338e7ce51dec38de7,"{""C"":1024,""N"":20000,""eps"":1e-05}","{""ROWS"":8,""num_warps"":8}"
MI300X.triton.batch_normalization.bf16.rocprof_compute,MI300X,triton,batch_normalization,bf16,f28b9a6f259e673063e0e17ce9400eb9649007feacbf8c4d793e606ac7a9d4e6,"{""N"":20000}","rocprof-compute profile, full default counter set (13 counter passes + roofline), kernel filter ^(?:apply_batch_norm_kernel|compute_block_sums_kernel|compute_mean_invstd_kernel)","application replay: one process per counter pass, each does 3 unprofiled prime calls then input generation, a 512 MiB eviction and exactly one impl.run()",outputs/rocprof_compute/MI300X/batch_normalization/triton_bf16/workload,aa1f25b05c75be531e13ff810163fd44f7398f8b2aa5fa745b2bcfe3d63c1194,local outputs/rocprof_compute/MI300X/batch_normalization/triton_bf16; HF dataset bcui2/NCU_report path AMD_MI300X/batch_normalization/triton_bf16,ff3600e1831dc3bed6925f301214cad6db8234cb,matched,"verified: manifest tree_sha256 reproduced=True; capture names==expected=True; replay-audit hsaco formal==replay for 3/3 launches=True; post-fix audit PASS=True; PC-sampled instruction text found in recompiled AMDGCN=56/56 (branch targets compared by opcode only: the disassembly prints offsets, the dump prints labels)",3,"profiled 2026-10-02T10:03:38+00:00..2026-10-02T10:06:06+00:00; report_sha256 = tree hash of workload/; whole pair dir tree hash b5cb08708aa97fd662f4adaa39512591ee81fa3361eae57231e603f6acb4a99f (matches report_manifest.json); metrics parsed from existing analysis/workload_csv (rocprof-compute analyze output, not re-run). swept params equal the CSV row; other params equal config case_defaults; largest-row (last CSV row of this dtype)",5b82f8afed59f83c3f39696338e7ce51dec38de7,"{""C"":1024,""N"":20000,""eps"":1e-05}","{""ROWS"":8,""num_warps"":8}"
MI300X.triton.batch_normalization.bf16.static_isa,MI300X,triton,batch_normalization,bf16,f28b9a6f259e673063e0e17ce9400eb9649007feacbf8c4d793e606ac7a9d4e6,"{""N"":20000}",static compile artifacts (TTIR/TTGIR/LLIR/AMDGCN) of the formal-path winner kernels,offline recompilation during the 2026-10-05 replay audit (no execution counters),outputs/profiling/MI300X/analysis_2026-10-05/triton_ir/batch_normalization__bf16__compute_block_sums_kernel__YQI6MC5K;outputs/profiling/MI300X/analysis_2026-10-05/triton_ir/batch_normalization__fp16__compute_mean_invstd_kernel__ORDTX56N;outputs/profiling/MI300X/analysis_2026-10-05/triton_ir/batch_normalization__bf16__apply_batch_norm_kernel__477OGWVR,fc1e63f14a49ee5b6bc2e05c32119afe0e54a68e6f8163ea0e8925924fee43c5,local outputs/profiling/MI300X/analysis_2026-10-05/triton_ir (one directory per code object),analysis_2026-10-05,matched,"verified: manifest tree_sha256 reproduced=True; capture names==expected=True; replay-audit hsaco formal==replay for 3/3 launches=True; post-fix audit PASS=True; PC-sampled instruction text found in recompiled AMDGCN=56/56 (branch targets compared by opcode only: the disassembly prints offsets, the dump prints labels)",3,report_sha256 = sha256 over sorted '<dir>\t<tree_sha256(dir)>' lines of the listed stage directories; recompiled binaries are hsaco-identical between the formal autotune path and the profiling replay (replay_audit/batch_normalization__bf16__formal.json). swept params equal the CSV row; other params equal config case_defaults; largest-row (last CSV row of this dtype),5b82f8afed59f83c3f39696338e7ce51dec38de7,"{""C"":1024,""N"":20000,""eps"":1e-05}","{""ROWS"":8,""num_warps"":8}"
MI300X.triton.batch_normalization.fp16.pc_sampling,MI300X,triton,batch_normalization,fp16,116b5fc2496f004f504b0ddd11486390405d7701c837f5a6857c347687e7498f,"{""N"":20000}","rocprof-compute --experimental profile --pc-sampling (stochastic, interval 65536)",single application run (same harness: 3 prime calls + 1 profiled call),outputs/rocprof_compute/MI300X/batch_normalization/triton_fp16/pc_sampling,204a6397cac808b05034422c80a2f65dd06effe1b421c917d692f0c044cc6f93,local outputs/rocprof_compute/MI300X/batch_normalization/triton_fp16; HF dataset bcui2/NCU_report path AMD_MI300X/batch_normalization/triton_fp16,ff3600e1831dc3bed6925f301214cad6db8234cb,matched,"verified: manifest tree_sha256 reproduced=True; capture names==expected=True; replay-audit hsaco formal==replay for 3/3 launches=True; post-fix audit PASS=True; PC-sampled instruction text found in recompiled AMDGCN=54/54 (branch targets compared by opcode only: the disassembly prints offsets, the dump prints labels)",3,profiled 2026-10-02T10:01:12+00:00..2026-10-02T10:03:38+00:00; samples on operator kernels=67 of 239 total; instruction rows from analysis/pc_sampling_instructions.csv; launch_count is the harness launch count (PC sampling does not report dispatches). swept params equal the CSV row; other params equal config case_defaults; largest-row (last CSV row of this dtype),5b82f8afed59f83c3f39696338e7ce51dec38de7,"{""C"":1024,""N"":20000,""eps"":1e-05}","{""ROWS"":16,""num_warps"":4}"
MI300X.triton.batch_normalization.fp16.rocprof_compute,MI300X,triton,batch_normalization,fp16,116b5fc2496f004f504b0ddd11486390405d7701c837f5a6857c347687e7498f,"{""N"":20000}","rocprof-compute profile, full default counter set (13 counter passes + roofline), kernel filter ^(?:apply_batch_norm_kernel|compute_block_sums_kernel|compute_mean_invstd_kernel)","application replay: one process per counter pass, each does 3 unprofiled prime calls then input generation, a 512 MiB eviction and exactly one impl.run()",outputs/rocprof_compute/MI300X/batch_normalization/triton_fp16/workload,03d9fa56c5f28c86ca3a6610c306d33b0821808bf653a869d5d437cd980cbb93,local outputs/rocprof_compute/MI300X/batch_normalization/triton_fp16; HF dataset bcui2/NCU_report path AMD_MI300X/batch_normalization/triton_fp16,ff3600e1831dc3bed6925f301214cad6db8234cb,matched,"verified: manifest tree_sha256 reproduced=True; capture names==expected=True; replay-audit hsaco formal==replay for 3/3 launches=True; post-fix audit PASS=True; PC-sampled instruction text found in recompiled AMDGCN=54/54 (branch targets compared by opcode only: the disassembly prints offsets, the dump prints labels)",3,"profiled 2026-10-02T10:01:12+00:00..2026-10-02T10:03:38+00:00; report_sha256 = tree hash of workload/; whole pair dir tree hash bb413b809d68e62ba7c66a0d77e352dabf9f15cc5c60dab5ff6ee39528e6aec0 (matches report_manifest.json); metrics parsed from existing analysis/workload_csv (rocprof-compute analyze output, not re-run). swept params equal the CSV row; other params equal config case_defaults; largest-row (last CSV row of this dtype)",5b82f8afed59f83c3f39696338e7ce51dec38de7,"{""C"":1024,""N"":20000,""eps"":1e-05}","{""ROWS"":16,""num_warps"":4}"
MI300X.triton.batch_normalization.fp16.static_isa,MI300X,triton,batch_normalization,fp16,116b5fc2496f004f504b0ddd11486390405d7701c837f5a6857c347687e7498f,"{""N"":20000}",static compile artifacts (TTIR/TTGIR/LLIR/AMDGCN) of the formal-path winner kernels,offline recompilation during the 2026-10-05 replay audit (no execution counters),outputs/profiling/MI300X/analysis_2026-10-05/triton_ir/batch_normalization__fp16__compute_block_sums_kernel__3CHL4JUQ;outputs/profiling/MI300X/analysis_2026-10-05/triton_ir/batch_normalization__fp16__compute_mean_invstd_kernel__ORDTX56N;outputs/profiling/MI300X/analysis_2026-10-05/triton_ir/batch_normalization__fp16__apply_batch_norm_kernel__LZ3XX7FS,94b2657255fa6809d912632f7ccaf118b9ff4213114eb5cb46b0f17077b2a5f0,local outputs/profiling/MI300X/analysis_2026-10-05/triton_ir (one directory per code object),analysis_2026-10-05,matched,"verified: manifest tree_sha256 reproduced=True; capture names==expected=True; replay-audit hsaco formal==replay for 3/3 launches=True; post-fix audit PASS=True; PC-sampled instruction text found in recompiled AMDGCN=54/54 (branch targets compared by opcode only: the disassembly prints offsets, the dump prints labels)",3,report_sha256 = sha256 over sorted '<dir>\t<tree_sha256(dir)>' lines of the listed stage directories; recompiled binaries are hsaco-identical between the formal autotune path and the profiling replay (replay_audit/batch_normalization__fp16__formal.json). swept params equal the CSV row; other params equal config case_defaults; largest-row (last CSV row of this dtype),5b82f8afed59f83c3f39696338e7ce51dec38de7,"{""C"":1024,""N"":20000,""eps"":1e-05}","{""ROWS"":16,""num_warps"":4}"
MI300X.triton.batch_normalization.fp32.pc_sampling,MI300X,triton,batch_normalization,fp32,14f8cbdaa672598d27556024aa41cf4dedb35d3be4bfb68b76cb624925eff533,"{""N"":20000}","rocprof-compute --experimental profile --pc-sampling (stochastic, interval 65536)",single application run (same harness: 3 prime calls + 1 profiled call),outputs/rocprof_compute/MI300X/batch_normalization/triton_fp32/pc_sampling,7f7688dc7e47fa54fa49d78db74d5274cd47ec35e47287be94e18dd08839187f,local outputs/rocprof_compute/MI300X/batch_normalization/triton_fp32; HF dataset bcui2/NCU_report path AMD_MI300X/batch_normalization/triton_fp32,ff3600e1831dc3bed6925f301214cad6db8234cb,matched,"verified: manifest tree_sha256 reproduced=True; capture names==expected=True; replay-audit hsaco formal==replay for 3/3 launches=True; post-fix audit PASS=True; PC-sampled instruction text found in recompiled AMDGCN=59/59 (branch targets compared by opcode only: the disassembly prints offsets, the dump prints labels)",3,profiled 2026-10-02T10:06:06+00:00..2026-10-02T10:08:32+00:00; samples on operator kernels=349 of 530 total; instruction rows from analysis/pc_sampling_instructions.csv; launch_count is the harness launch count (PC sampling does not report dispatches). swept params equal the CSV row; other params equal config case_defaults; largest-row (last CSV row of this dtype),5b82f8afed59f83c3f39696338e7ce51dec38de7,"{""C"":1024,""N"":20000,""eps"":1e-05}","{""ROWS"":8,""num_warps"":8}"
MI300X.triton.batch_normalization.fp32.rocprof_compute,MI300X,triton,batch_normalization,fp32,14f8cbdaa672598d27556024aa41cf4dedb35d3be4bfb68b76cb624925eff533,"{""N"":20000}","rocprof-compute profile, full default counter set (13 counter passes + roofline), kernel filter ^(?:apply_batch_norm_kernel|compute_block_sums_kernel|compute_mean_invstd_kernel)","application replay: one process per counter pass, each does 3 unprofiled prime calls then input generation, a 512 MiB eviction and exactly one impl.run()",outputs/rocprof_compute/MI300X/batch_normalization/triton_fp32/workload,face9433605b6901416aa47001a78c6c3760eeacafa77fcf1386f391aea0d72c,local outputs/rocprof_compute/MI300X/batch_normalization/triton_fp32; HF dataset bcui2/NCU_report path AMD_MI300X/batch_normalization/triton_fp32,ff3600e1831dc3bed6925f301214cad6db8234cb,matched,"verified: manifest tree_sha256 reproduced=True; capture names==expected=True; replay-audit hsaco formal==replay for 3/3 launches=True; post-fix audit PASS=True; PC-sampled instruction text found in recompiled AMDGCN=59/59 (branch targets compared by opcode only: the disassembly prints offsets, the dump prints labels)",3,"profiled 2026-10-02T10:06:06+00:00..2026-10-02T10:08:32+00:00; report_sha256 = tree hash of workload/; whole pair dir tree hash 56d984838917feb951c2b45a308a30a5acf146688373eccaa199e577aabacb1e (matches report_manifest.json); metrics parsed from existing analysis/workload_csv (rocprof-compute analyze output, not re-run). swept params equal the CSV row; other params equal config case_defaults; largest-row (last CSV row of this dtype)",5b82f8afed59f83c3f39696338e7ce51dec38de7,"{""C"":1024,""N"":20000,""eps"":1e-05}","{""ROWS"":8,""num_warps"":8}"
MI300X.triton.batch_normalization.fp32.static_isa,MI300X,triton,batch_normalization,fp32,14f8cbdaa672598d27556024aa41cf4dedb35d3be4bfb68b76cb624925eff533,"{""N"":20000}",static compile artifacts (TTIR/TTGIR/LLIR/AMDGCN) of the formal-path winner kernels,offline recompilation during the 2026-10-05 replay audit (no execution counters),outputs/profiling/MI300X/analysis_2026-10-05/triton_ir/batch_normalization__fp32__compute_block_sums_kernel__4N7MPF2C;outputs/profiling/MI300X/analysis_2026-10-05/triton_ir/batch_normalization__fp16__compute_mean_invstd_kernel__ORDTX56N;outputs/profiling/MI300X/analysis_2026-10-05/triton_ir/batch_normalization__fp32__apply_batch_norm_kernel__WAXYDLKN,fff92009071b777f8a5248e462e595e0ffe30e081f278d6d86434fe52ecd3dac,local outputs/profiling/MI300X/analysis_2026-10-05/triton_ir (one directory per code object),analysis_2026-10-05,matched,"verified: manifest tree_sha256 reproduced=True; capture names==expected=True; replay-audit hsaco formal==replay for 3/3 launches=True; post-fix audit PASS=True; PC-sampled instruction text found in recompiled AMDGCN=59/59 (branch targets compared by opcode only: the disassembly prints offsets, the dump prints labels)",3,report_sha256 = sha256 over sorted '<dir>\t<tree_sha256(dir)>' lines of the listed stage directories; recompiled binaries are hsaco-identical between the formal autotune path and the profiling replay (replay_audit/batch_normalization__fp32__formal.json). swept params equal the CSV row; other params equal config case_defaults; largest-row (last CSV row of this dtype),5b82f8afed59f83c3f39696338e7ce51dec38de7,"{""C"":1024,""N"":20000,""eps"":1e-05}","{""ROWS"":8,""num_warps"":8}"
MI300X.triton.batched_matmul.bf16.pc_sampling,MI300X,triton,batched_matmul,bf16,9fcf8ad31af23475213085aaf7c3e2b5386821f658820994cc33879b8460f418,"{""M"":640}","rocprof-compute --experimental profile --pc-sampling (stochastic, interval 65536)",single application run (same harness: 3 prime calls + 1 profiled call),outputs/rocprof_compute/MI300X/batched_matmul/triton_bf16/pc_sampling,7674e8198748038ef6acabce40c29bc47442261c9d6d6baa6e7bede103794908,local outputs/rocprof_compute/MI300X/batched_matmul/triton_bf16; HF dataset bcui2/NCU_report path AMD_MI300X/batched_matmul/triton_bf16,f61b73dceeba479c9c56a99ad22d8004e5291544,matched,"verified: manifest tree_sha256 reproduced=True; capture names==expected=True; replay-audit hsaco formal==replay for 1/1 launches=True; post-fix audit PASS=True; PC-sampled instruction text found in recompiled AMDGCN=95/95 (branch targets compared by opcode only: the disassembly prints offsets, the dump prints labels)",1,"profiled 2026-10-04T16:33:24+00:00..2026-10-04T16:35:48+00:00; replaced 2026-10-04 (supersedes 5b82f8af report, see PROVENANCE.md); samples on operator kernels=428 of 760 total; instruction rows from analysis/pc_sampling_instructions.csv; launch_count is the harness launch count (PC sampling does not report dispatches). swept params equal the CSV row; other params equal config case_defaults; largest-row (last CSV row of this dtype)",124fdc948c322b591018adc00ddd5be71bc26289,"{""BATCH"":32,""M"":640}","{""BLOCK_SIZE_K"":32,""BLOCK_SIZE_M"":128,""BLOCK_SIZE_N"":128,""GROUPSIZE"":1,""num_stages"":2,""num_warps"":8}"
MI300X.triton.batched_matmul.bf16.rocprof_compute,MI300X,triton,batched_matmul,bf16,9fcf8ad31af23475213085aaf7c3e2b5386821f658820994cc33879b8460f418,"{""M"":640}","rocprof-compute profile, full default counter set (13 counter passes + roofline), kernel filter ^(?:bmm_kernel)","application replay: one process per counter pass, each does 3 unprofiled prime calls then input generation, a 512 MiB eviction and exactly one impl.run()",outputs/rocprof_compute/MI300X/batched_matmul/triton_bf16/workload,70048ae164efe5247a102260f4e7420dc3b2265054639a3b19d87604a2be4a7f,local outputs/rocprof_compute/MI300X/batched_matmul/triton_bf16; HF dataset bcui2/NCU_report path AMD_MI300X/batched_matmul/triton_bf16,f61b73dceeba479c9c56a99ad22d8004e5291544,matched,"verified: manifest tree_sha256 reproduced=True; capture names==expected=True; replay-audit hsaco formal==replay for 1/1 launches=True; post-fix audit PASS=True; PC-sampled instruction text found in recompiled AMDGCN=95/95 (branch targets compared by opcode only: the disassembly prints offsets, the dump prints labels)",1,"profiled 2026-10-04T16:33:24+00:00..2026-10-04T16:35:48+00:00; replaced 2026-10-04 (supersedes 5b82f8af report, see PROVENANCE.md); report_sha256 = tree hash of workload/; whole pair dir tree hash 629975503d97e9528569630aeb69a729a04baf6482f4fdc067fcbc38a27cfeae (matches report_manifest.json); metrics parsed from existing analysis/workload_csv (rocprof-compute analyze output, not re-run). swept params equal the CSV row; other params equal config case_defaults; largest-row (last CSV row of this dtype)",124fdc948c322b591018adc00ddd5be71bc26289,"{""BATCH"":32,""M"":640}","{""BLOCK_SIZE_K"":32,""BLOCK_SIZE_M"":128,""BLOCK_SIZE_N"":128,""GROUPSIZE"":1,""num_stages"":2,""num_warps"":8}"
MI300X.triton.batched_matmul.bf16.static_isa,MI300X,triton,batched_matmul,bf16,9fcf8ad31af23475213085aaf7c3e2b5386821f658820994cc33879b8460f418,"{""M"":640}",static compile artifacts (TTIR/TTGIR/LLIR/AMDGCN) of the formal-path winner kernels,offline recompilation during the 2026-10-05 replay audit (no execution counters),outputs/profiling/MI300X/analysis_2026-10-05/triton_ir/batched_matmul__bf16__bmm_kernel__NCB4MRF5,77c9a665736203330b96a201539f478ed7c009f562241c94e1041b122e4b2990,local outputs/profiling/MI300X/analysis_2026-10-05/triton_ir (one directory per code object),analysis_2026-10-05,matched,"verified: manifest tree_sha256 reproduced=True; capture names==expected=True; replay-audit hsaco formal==replay for 1/1 launches=True; post-fix audit PASS=True; PC-sampled instruction text found in recompiled AMDGCN=95/95 (branch targets compared by opcode only: the disassembly prints offsets, the dump prints labels)",1,report_sha256 = sha256 over sorted '<dir>\t<tree_sha256(dir)>' lines of the listed stage directories; recompiled binaries are hsaco-identical between the formal autotune path and the profiling replay (replay_audit/batched_matmul__bf16__formal.json). swept params equal the CSV row; other params equal config case_defaults; largest-row (last CSV row of this dtype),124fdc948c322b591018adc00ddd5be71bc26289,"{""BATCH"":32,""M"":640}","{""BLOCK_SIZE_K"":32,""BLOCK_SIZE_M"":128,""BLOCK_SIZE_N"":128,""GROUPSIZE"":1,""num_stages"":2,""num_warps"":8}"
MI300X.triton.batched_matmul.fp16.pc_sampling,MI300X,triton,batched_matmul,fp16,fe4a145ec7ab0bf19303d0dc01f0bfd70fdd6da4c1d87d4b1253708092fa107f,"{""M"":640}","rocprof-compute --experimental profile --pc-sampling (stochastic, interval 65536)",single application run (same harness: 3 prime calls + 1 profiled call),outputs/rocprof_compute/MI300X/batched_matmul/triton_fp16/pc_sampling,f646b459fec6b1e4a41d22517138fc45266fdb6a1f8d5e68e15edcb21281ae96,local outputs/rocprof_compute/MI300X/batched_matmul/triton_fp16; HF dataset bcui2/NCU_report path AMD_MI300X/batched_matmul/triton_fp16,f61b73dceeba479c9c56a99ad22d8004e5291544,matched,"verified: manifest tree_sha256 reproduced=True; capture names==expected=True; replay-audit hsaco formal==replay for 1/1 launches=True; post-fix audit PASS=True; PC-sampled instruction text found in recompiled AMDGCN=88/88 (branch targets compared by opcode only: the disassembly prints offsets, the dump prints labels)",1,"profiled 2026-10-04T16:30:59+00:00..2026-10-04T16:33:24+00:00; replaced 2026-10-04 (supersedes 5b82f8af report, see PROVENANCE.md); samples on operator kernels=367 of 695 total; instruction rows from analysis/pc_sampling_instructions.csv; launch_count is the harness launch count (PC sampling does not report dispatches). swept params equal the CSV row; other params equal config case_defaults; largest-row (last CSV row of this dtype)",124fdc948c322b591018adc00ddd5be71bc26289,"{""BATCH"":32,""M"":640}","{""BLOCK_SIZE_K"":32,""BLOCK_SIZE_M"":128,""BLOCK_SIZE_N"":128,""GROUPSIZE"":1,""num_stages"":2,""num_warps"":8}"
MI300X.triton.batched_matmul.fp16.rocprof_compute,MI300X,triton,batched_matmul,fp16,fe4a145ec7ab0bf19303d0dc01f0bfd70fdd6da4c1d87d4b1253708092fa107f,"{""M"":640}","rocprof-compute profile, full default counter set (13 counter passes + roofline), kernel filter ^(?:bmm_kernel)","application replay: one process per counter pass, each does 3 unprofiled prime calls then input generation, a 512 MiB eviction and exactly one impl.run()",outputs/rocprof_compute/MI300X/batched_matmul/triton_fp16/workload,9079f4eb18774d22407f38e64c8409191b2461c31a215939e44308696b1b930f,local outputs/rocprof_compute/MI300X/batched_matmul/triton_fp16; HF dataset bcui2/NCU_report path AMD_MI300X/batched_matmul/triton_fp16,f61b73dceeba479c9c56a99ad22d8004e5291544,matched,"verified: manifest tree_sha256 reproduced=True; capture names==expected=True; replay-audit hsaco formal==replay for 1/1 launches=True; post-fix audit PASS=True; PC-sampled instruction text found in recompiled AMDGCN=88/88 (branch targets compared by opcode only: the disassembly prints offsets, the dump prints labels)",1,"profiled 2026-10-04T16:30:59+00:00..2026-10-04T16:33:24+00:00; replaced 2026-10-04 (supersedes 5b82f8af report, see PROVENANCE.md); report_sha256 = tree hash of workload/; whole pair dir tree hash dee9d2a2b10962cad29471c2f2c5417becc2f4613be1c7839a15c4cfdf9eb7ce (matches report_manifest.json); metrics parsed from existing analysis/workload_csv (rocprof-compute analyze output, not re-run). swept params equal the CSV row; other params equal config case_defaults; largest-row (last CSV row of this dtype)",124fdc948c322b591018adc00ddd5be71bc26289,"{""BATCH"":32,""M"":640}","{""BLOCK_SIZE_K"":32,""BLOCK_SIZE_M"":128,""BLOCK_SIZE_N"":128,""GROUPSIZE"":1,""num_stages"":2,""num_warps"":8}"
MI300X.triton.batched_matmul.fp16.static_isa,MI300X,triton,batched_matmul,fp16,fe4a145ec7ab0bf19303d0dc01f0bfd70fdd6da4c1d87d4b1253708092fa107f,"{""M"":640}",static compile artifacts (TTIR/TTGIR/LLIR/AMDGCN) of the formal-path winner kernels,offline recompilation during the 2026-10-05 replay audit (no execution counters),outputs/profiling/MI300X/analysis_2026-10-05/triton_ir/batched_matmul__fp16__bmm_kernel__MCKQOUYY,a252cd6f393682dab2cb76539de7fbe5dc416726d3a18e63f059f6727d6cb578,local outputs/profiling/MI300X/analysis_2026-10-05/triton_ir (one directory per code object),analysis_2026-10-05,matched,"verified: manifest tree_sha256 reproduced=True; capture names==expected=True; replay-audit hsaco formal==replay for 1/1 launches=True; post-fix audit PASS=True; PC-sampled instruction text found in recompiled AMDGCN=88/88 (branch targets compared by opcode only: the disassembly prints offsets, the dump prints labels)",1,report_sha256 = sha256 over sorted '<dir>\t<tree_sha256(dir)>' lines of the listed stage directories; recompiled binaries are hsaco-identical between the formal autotune path and the profiling replay (replay_audit/batched_matmul__fp16__formal.json). swept params equal the CSV row; other params equal config case_defaults; largest-row (last CSV row of this dtype),124fdc948c322b591018adc00ddd5be71bc26289,"{""BATCH"":32,""M"":640}","{""BLOCK_SIZE_K"":32,""BLOCK_SIZE_M"":128,""BLOCK_SIZE_N"":128,""GROUPSIZE"":1,""num_stages"":2,""num_warps"":8}"
MI300X.triton.batched_matmul.fp32.pc_sampling,MI300X,triton,batched_matmul,fp32,0bf57b9da1eb8ba725e05d3338dac226517eb11d790f454b734c682d683de4e3,"{""M"":640}","rocprof-compute --experimental profile --pc-sampling (stochastic, interval 65536)",single application run (same harness: 3 prime calls + 1 profiled call),outputs/rocprof_compute/MI300X/batched_matmul/triton_fp32/pc_sampling,209b60cb97b3427ecf52a46e28660687ea0753dab97d8ba402f43e550915fb1e,local outputs/rocprof_compute/MI300X/batched_matmul/triton_fp32; HF dataset bcui2/NCU_report path AMD_MI300X/batched_matmul/triton_fp32,f61b73dceeba479c9c56a99ad22d8004e5291544,matched,"verified: manifest tree_sha256 reproduced=True; capture names==expected=True; replay-audit hsaco formal==replay for 1/1 launches=True; post-fix audit PASS=True; PC-sampled instruction text found in recompiled AMDGCN=157/157 (branch targets compared by opcode only: the disassembly prints offsets, the dump prints labels)",1,"profiled 2026-10-04T16:35:48+00:00..2026-10-04T16:38:13+00:00; replaced 2026-10-04 (supersedes 5b82f8af report, see PROVENANCE.md); samples on operator kernels=2447 of 2868 total; instruction rows from analysis/pc_sampling_instructions.csv; launch_count is the harness launch count (PC sampling does not report dispatches). swept params equal the CSV row; other params equal config case_defaults; largest-row (last CSV row of this dtype)",124fdc948c322b591018adc00ddd5be71bc26289,"{""BATCH"":32,""M"":640}","{""BLOCK_SIZE_K"":32,""BLOCK_SIZE_M"":64,""BLOCK_SIZE_N"":64,""GROUPSIZE"":1,""num_stages"":2,""num_warps"":4}"
MI300X.triton.batched_matmul.fp32.rocprof_compute,MI300X,triton,batched_matmul,fp32,0bf57b9da1eb8ba725e05d3338dac226517eb11d790f454b734c682d683de4e3,"{""M"":640}","rocprof-compute profile, full default counter set (13 counter passes + roofline), kernel filter ^(?:bmm_kernel)","application replay: one process per counter pass, each does 3 unprofiled prime calls then input generation, a 512 MiB eviction and exactly one impl.run()",outputs/rocprof_compute/MI300X/batched_matmul/triton_fp32/workload,727f31e0e04d13a49101618d4772ebf15ce1e4dddee7e66bcee52d4409d2b1c0,local outputs/rocprof_compute/MI300X/batched_matmul/triton_fp32; HF dataset bcui2/NCU_report path AMD_MI300X/batched_matmul/triton_fp32,f61b73dceeba479c9c56a99ad22d8004e5291544,matched,"verified: manifest tree_sha256 reproduced=True; capture names==expected=True; replay-audit hsaco formal==replay for 1/1 launches=True; post-fix audit PASS=True; PC-sampled instruction text found in recompiled AMDGCN=157/157 (branch targets compared by opcode only: the disassembly prints offsets, the dump prints labels)",1,"profiled 2026-10-04T16:35:48+00:00..2026-10-04T16:38:13+00:00; replaced 2026-10-04 (supersedes 5b82f8af report, see PROVENANCE.md); report_sha256 = tree hash of workload/; whole pair dir tree hash de3607f320fd8a759d94822e8b27f69ab57d7a724a4c167ed23f4e251f5571bf (matches report_manifest.json); metrics parsed from existing analysis/workload_csv (rocprof-compute analyze output, not re-run). swept params equal the CSV row; other params equal config case_defaults; largest-row (last CSV row of this dtype)",124fdc948c322b591018adc00ddd5be71bc26289,"{""BATCH"":32,""M"":640}","{""BLOCK_SIZE_K"":32,""BLOCK_SIZE_M"":64,""BLOCK_SIZE_N"":64,""GROUPSIZE"":1,""num_stages"":2,""num_warps"":4}"
MI300X.triton.batched_matmul.fp32.static_isa,MI300X,triton,batched_matmul,fp32,0bf57b9da1eb8ba725e05d3338dac226517eb11d790f454b734c682d683de4e3,"{""M"":640}",static compile artifacts (TTIR/TTGIR/LLIR/AMDGCN) of the formal-path winner kernels,offline recompilation during the 2026-10-05 replay audit (no execution counters),outputs/profiling/MI300X/analysis_2026-10-05/triton_ir/batched_matmul__fp32__bmm_kernel__DR4ZHNFL,e97195531e164c53fb0646097164fe26d42c1e7f577fb62d67dfd2dd1c3b9abd,local outputs/profiling/MI300X/analysis_2026-10-05/triton_ir (one directory per code object),analysis_2026-10-05,matched,"verified: manifest tree_sha256 reproduced=True; capture names==expected=True; replay-audit hsaco formal==replay for 1/1 launches=True; post-fix audit PASS=True; PC-sampled instruction text found in recompiled AMDGCN=157/157 (branch targets compared by opcode only: the disassembly prints offsets, the dump prints labels)",1,report_sha256 = sha256 over sorted '<dir>\t<tree_sha256(dir)>' lines of the listed stage directories; recompiled binaries are hsaco-identical between the formal autotune path and the profiling replay (replay_audit/batched_matmul__fp32__formal.json). swept params equal the CSV row; other params equal config case_defaults; largest-row (last CSV row of this dtype),124fdc948c322b591018adc00ddd5be71bc26289,"{""BATCH"":32,""M"":640}","{""BLOCK_SIZE_K"":32,""BLOCK_SIZE_M"":64,""BLOCK_SIZE_N"":64,""GROUPSIZE"":1,""num_stages"":2,""num_warps"":4}"
MI300X.triton.bitonic_sort.fp16.pc_sampling,MI300X,triton,bitonic_sort,fp16,f0d02dfc37eab9422b496eabd868e31b0fa2b1de4196d86b9fc09b134e701219,"{""n"":10000000}","rocprof-compute --experimental profile --pc-sampling (stochastic, interval 65536)",single application run (same harness: 3 prime calls + 1 profiled call),outputs/rocprof_compute/MI300X/bitonic_sort/triton_fp16/pc_sampling,66044c0dd2570a448bb2b4d8df08d564ca9a38fcb9689e377ffdc96e687ebfb3,local outputs/rocprof_compute/MI300X/bitonic_sort/triton_fp16; HF dataset bcui2/NCU_report path AMD_MI300X/bitonic_sort/triton_fp16,"8b51e7eed7fc9dfcaf8e909b21194ea96f23e355,645591bbb808b4ceeecae2c4ec61b78151ad6249",matched,"verified: manifest tree_sha256 reproduced=True; capture names==expected=True; replay-audit hsaco formal==replay for 301/301 launches=True; post-fix audit PASS=True; PC-sampled instruction text found in recompiled AMDGCN=439/439 (branch targets compared by opcode only: the disassembly prints offsets, the dump prints labels)",301,"profiled 2026-10-04T16:38:13+00:00..2026-10-04T16:41:03+00:00; replaced 2026-10-04 (supersedes 5b82f8af report, see PROVENANCE.md); samples on operator kernels=5997 of 6133 total; instruction rows from analysis/pc_sampling_instructions.csv; launch_count is the harness launch count (PC sampling does not report dispatches). swept params equal the CSV row; other params equal config case_defaults; largest-row (last CSV row of this dtype)",124fdc948c322b591018adc00ddd5be71bc26289,"{""n"":10000000}","{""BLOCK"":2048,""num_warps"":8}"
MI300X.triton.bitonic_sort.fp16.rocprof_compute,MI300X,triton,bitonic_sort,fp16,f0d02dfc37eab9422b496eabd868e31b0fa2b1de4196d86b9fc09b134e701219,"{""n"":10000000}","rocprof-compute profile, full default counter set (13 counter passes + roofline), kernel filter ^(?:bitonic_step_kernel|pad_kernel)","application replay: one process per counter pass, each does 3 unprofiled prime calls then input generation, a 512 MiB eviction and exactly one impl.run()",outputs/rocprof_compute/MI300X/bitonic_sort/triton_fp16/workload,33e752a91e0b319fd816d2f622487c68625afb20e31b8c1a9d01acf83c809eb1,local outputs/rocprof_compute/MI300X/bitonic_sort/triton_fp16; HF dataset bcui2/NCU_report path AMD_MI300X/bitonic_sort/triton_fp16,"8b51e7eed7fc9dfcaf8e909b21194ea96f23e355,645591bbb808b4ceeecae2c4ec61b78151ad6249",matched,"verified: manifest tree_sha256 reproduced=True; capture names==expected=True; replay-audit hsaco formal==replay for 301/301 launches=True; post-fix audit PASS=True; PC-sampled instruction text found in recompiled AMDGCN=439/439 (branch targets compared by opcode only: the disassembly prints offsets, the dump prints labels)",301,"profiled 2026-10-04T16:38:13+00:00..2026-10-04T16:41:03+00:00; replaced 2026-10-04 (supersedes 5b82f8af report, see PROVENANCE.md); report_sha256 = tree hash of workload/; whole pair dir tree hash df2f39af276c754b915d7f0584b6bb023c0669f3cdd7f8d01279ae542a85a4ed (matches report_manifest.json); metrics parsed from existing analysis/workload_csv (rocprof-compute analyze output, not re-run). swept params equal the CSV row; other params equal config case_defaults; largest-row (last CSV row of this dtype)",124fdc948c322b591018adc00ddd5be71bc26289,"{""n"":10000000}","{""BLOCK"":2048,""num_warps"":8}"
MI300X.triton.bitonic_sort.fp16.static_isa,MI300X,triton,bitonic_sort,fp16,f0d02dfc37eab9422b496eabd868e31b0fa2b1de4196d86b9fc09b134e701219,"{""n"":10000000}",static compile artifacts (TTIR/TTGIR/LLIR/AMDGCN) of the formal-path winner kernels,offline recompilation during the 2026-10-05 replay audit (no execution counters),outputs/profiling/MI300X/analysis_2026-10-05/triton_ir/bitonic_sort__fp16__pad_kernel__NM5IGW4V;outputs/profiling/MI300X/analysis_2026-10-05/triton_ir/bitonic_sort__fp16__bitonic_step_kernel__L7FVITSN;outputs/profiling/MI300X/analysis_2026-10-05/triton_ir/bitonic_sort__fp16__bitonic_step_kernel__YFQJHTK2;outputs/profiling/MI300X/analysis_2026-10-05/triton_ir/bitonic_sort__fp16__bitonic_step_kernel__NKRPBIPL;outputs/profiling/MI300X/analysis_2026-10-05/triton_ir/bitonic_sort__fp16__bitonic_step_kernel__56K7MV76;outputs/profiling/MI300X/analysis_2026-10-05/triton_ir/bitonic_sort__fp16__bitonic_step_kernel__HQ6VZQRI,fbfb1265c2be5629a855029c6568a908608d669e5f52b138089e28bee5749c21,local outputs/profiling/MI300X/analysis_2026-10-05/triton_ir (one directory per code object),analysis_2026-10-05,matched,"verified: manifest tree_sha256 reproduced=True; capture names==expected=True; replay-audit hsaco formal==replay for 301/301 launches=True; post-fix audit PASS=True; PC-sampled instruction text found in recompiled AMDGCN=439/439 (branch targets compared by opcode only: the disassembly prints offsets, the dump prints labels)",301,report_sha256 = sha256 over sorted '<dir>\t<tree_sha256(dir)>' lines of the listed stage directories; recompiled binaries are hsaco-identical between the formal autotune path and the profiling replay (replay_audit/bitonic_sort__fp16__formal.json). swept params equal the CSV row; other params equal config case_defaults; largest-row (last CSV row of this dtype),124fdc948c322b591018adc00ddd5be71bc26289,"{""n"":10000000}","{""BLOCK"":2048,""num_warps"":8}"
MI300X.triton.bitonic_sort.fp32.pc_sampling,MI300X,triton,bitonic_sort,fp32,58ac60cb84a7cee5783aa907766ee36cd7685ea2afede94d0f5907e3cecb6f58,"{""n"":10000000}","rocprof-compute --experimental profile --pc-sampling (stochastic, interval 65536)",single application run (same harness: 3 prime calls + 1 profiled call),outputs/rocprof_compute/MI300X/bitonic_sort/triton_fp32/pc_sampling,5491ecb423a972c313a9cb68bf2b7ba6a902e432bca63c2cce9c025d9a2141c7,local outputs/rocprof_compute/MI300X/bitonic_sort/triton_fp32; HF dataset bcui2/NCU_report path AMD_MI300X/bitonic_sort/triton_fp32,"8b51e7eed7fc9dfcaf8e909b21194ea96f23e355,645591bbb808b4ceeecae2c4ec61b78151ad6249",matched,"verified: manifest tree_sha256 reproduced=True; capture names==expected=True; replay-audit hsaco formal==replay for 301/301 launches=True; post-fix audit PASS=True; PC-sampled instruction text found in recompiled AMDGCN=1796/1796 (branch targets compared by opcode only: the disassembly prints offsets, the dump prints labels)",301,"profiled 2026-10-04T16:41:03+00:00..2026-10-04T16:43:56+00:00; replaced 2026-10-04 (supersedes 5b82f8af report, see PROVENANCE.md); samples on operator kernels=14047 of 14193 total; instruction rows from analysis/pc_sampling_instructions.csv; launch_count is the harness launch count (PC sampling does not report dispatches). swept params equal the CSV row; other params equal config case_defaults; largest-row (last CSV row of this dtype)",124fdc948c322b591018adc00ddd5be71bc26289,"{""n"":10000000}","{""BLOCK"":4096,""num_warps"":2}"
MI300X.triton.bitonic_sort.fp32.rocprof_compute,MI300X,triton,bitonic_sort,fp32,58ac60cb84a7cee5783aa907766ee36cd7685ea2afede94d0f5907e3cecb6f58,"{""n"":10000000}","rocprof-compute profile, full default counter set (13 counter passes + roofline), kernel filter ^(?:bitonic_step_kernel|pad_kernel)","application replay: one process per counter pass, each does 3 unprofiled prime calls then input generation, a 512 MiB eviction and exactly one impl.run()",outputs/rocprof_compute/MI300X/bitonic_sort/triton_fp32/workload,cae2263ec3a81825b2d60838b35ab8e21ba61a9c109e2edc64501684f34aea66,local outputs/rocprof_compute/MI300X/bitonic_sort/triton_fp32; HF dataset bcui2/NCU_report path AMD_MI300X/bitonic_sort/triton_fp32,"8b51e7eed7fc9dfcaf8e909b21194ea96f23e355,645591bbb808b4ceeecae2c4ec61b78151ad6249",matched,"verified: manifest tree_sha256 reproduced=True; capture names==expected=True; replay-audit hsaco formal==replay for 301/301 launches=True; post-fix audit PASS=True; PC-sampled instruction text found in recompiled AMDGCN=1796/1796 (branch targets compared by opcode only: the disassembly prints offsets, the dump prints labels)",301,"profiled 2026-10-04T16:41:03+00:00..2026-10-04T16:43:56+00:00; replaced 2026-10-04 (supersedes 5b82f8af report, see PROVENANCE.md); report_sha256 = tree hash of workload/; whole pair dir tree hash ab176f4c8de393ba2b6a14fa889c105e13c5480197ee46491fcffde1de700655 (matches report_manifest.json); metrics parsed from existing analysis/workload_csv (rocprof-compute analyze output, not re-run). swept params equal the CSV row; other params equal config case_defaults; largest-row (last CSV row of this dtype)",124fdc948c322b591018adc00ddd5be71bc26289,"{""n"":10000000}","{""BLOCK"":4096,""num_warps"":2}"
MI300X.triton.bitonic_sort.fp32.static_isa,MI300X,triton,bitonic_sort,fp32,58ac60cb84a7cee5783aa907766ee36cd7685ea2afede94d0f5907e3cecb6f58,"{""n"":10000000}",static compile artifacts (TTIR/TTGIR/LLIR/AMDGCN) of the formal-path winner kernels,offline recompilation during the 2026-10-05 replay audit (no execution counters),outputs/profiling/MI300X/analysis_2026-10-05/triton_ir/bitonic_sort__fp32__pad_kernel__FE3EL7BO;outputs/profiling/MI300X/analysis_2026-10-05/triton_ir/bitonic_sort__fp32__bitonic_step_kernel__3ZRUAGPO;outputs/profiling/MI300X/analysis_2026-10-05/triton_ir/bitonic_sort__fp32__bitonic_step_kernel__5BU4MTT6;outputs/profiling/MI300X/analysis_2026-10-05/triton_ir/bitonic_sort__fp32__bitonic_step_kernel__QE2OSYQW;outputs/profiling/MI300X/analysis_2026-10-05/triton_ir/bitonic_sort__fp32__bitonic_step_kernel__HG4X7MHH;outputs/profiling/MI300X/analysis_2026-10-05/triton_ir/bitonic_sort__fp32__bitonic_step_kernel__L5LQRXU4,6be9e264c782a77761f9214db831d2978fc055b38d344df1e4b0f34793ffb690,local outputs/profiling/MI300X/analysis_2026-10-05/triton_ir (one directory per code object),analysis_2026-10-05,matched,"verified: manifest tree_sha256 reproduced=True; capture names==expected=True; replay-audit hsaco formal==replay for 301/301 launches=True; post-fix audit PASS=True; PC-sampled instruction text found in recompiled AMDGCN=1796/1796 (branch targets compared by opcode only: the disassembly prints offsets, the dump prints labels)",301,report_sha256 = sha256 over sorted '<dir>\t<tree_sha256(dir)>' lines of the listed stage directories; recompiled binaries are hsaco-identical between the formal autotune path and the profiling replay (replay_audit/bitonic_sort__fp32__formal.json). swept params equal the CSV row; other params equal config case_defaults; largest-row (last CSV row of this dtype),124fdc948c322b591018adc00ddd5be71bc26289,"{""n"":10000000}","{""BLOCK"":4096,""num_warps"":2}"
MI300X.triton.block_sparse_attention.fp16.pc_sampling,MI300X,triton,block_sparse_attention,fp16,1e5f6bfa3e08dc26ef1bfea07f17ffc1a180544013cabd0fef84f71eac86a51c,"{""M"":10240}","rocprof-compute --experimental profile --pc-sampling (stochastic, interval 65536)",single application run (same harness: 3 prime calls + 1 profiled call),outputs/rocprof_compute/MI300X/block_sparse_attention/triton_fp16/pc_sampling,35d5e07d94e650b3587f7c8296fad53f44dce5fa367795d4ed34884c33a0faa4,local outputs/rocprof_compute/MI300X/block_sparse_attention/triton_fp16; HF dataset bcui2/NCU_report path AMD_MI300X/block_sparse_attention/triton_fp16,ff3600e1831dc3bed6925f301214cad6db8234cb,matched,"verified: manifest tree_sha256 reproduced=True; capture names==expected=True; replay-audit hsaco formal==replay for 1/1 launches=True; post-fix audit PASS=True; PC-sampled instruction text found in recompiled AMDGCN=403/403 (branch targets compared by opcode only: the disassembly prints offsets, the dump prints labels)",1,profiled 2026-10-02T10:21:29+00:00..2026-10-02T10:23:53+00:00; samples on operator kernels=626 of 799 total; instruction rows from analysis/pc_sampling_instructions.csv; launch_count is the harness launch count (PC sampling does not report dispatches). swept params equal the CSV row; other params equal config case_defaults; largest-row (last CSV row of this dtype),5b82f8afed59f83c3f39696338e7ce51dec38de7,"{""B"":2,""BLOCK_D"":64,""BLOCK_M"":64,""BLOCK_N"":64,""D"":128,""H"":8,""H_kv"":2,""M"":10240}","{""num_stages"":2,""num_warps"":4}"
MI300X.triton.block_sparse_attention.fp16.rocprof_compute,MI300X,triton,block_sparse_attention,fp16,1e5f6bfa3e08dc26ef1bfea07f17ffc1a180544013cabd0fef84f71eac86a51c,"{""M"":10240}","rocprof-compute profile, full default counter set (13 counter passes + roofline), kernel filter ^(?:block_sparse_attention_kernel)","application replay: one process per counter pass, each does 3 unprofiled prime calls then input generation, a 512 MiB eviction and exactly one impl.run()",outputs/rocprof_compute/MI300X/block_sparse_attention/triton_fp16/workload,9e8ae09c58082d099293c1fe4d67e01259b4ca7af2d525289e7b2c28148f5f9a,local outputs/rocprof_compute/MI300X/block_sparse_attention/triton_fp16; HF dataset bcui2/NCU_report path AMD_MI300X/block_sparse_attention/triton_fp16,ff3600e1831dc3bed6925f301214cad6db8234cb,matched,"verified: manifest tree_sha256 reproduced=True; capture names==expected=True; replay-audit hsaco formal==replay for 1/1 launches=True; post-fix audit PASS=True; PC-sampled instruction text found in recompiled AMDGCN=403/403 (branch targets compared by opcode only: the disassembly prints offsets, the dump prints labels)",1,"profiled 2026-10-02T10:21:29+00:00..2026-10-02T10:23:53+00:00; report_sha256 = tree hash of workload/; whole pair dir tree hash 4877be81f2584c7b89dffffbf5662190e278d0c0ee2951b6084ac15676c666ad (matches report_manifest.json); metrics parsed from existing analysis/workload_csv (rocprof-compute analyze output, not re-run). swept params equal the CSV row; other params equal config case_defaults; largest-row (last CSV row of this dtype)",5b82f8afed59f83c3f39696338e7ce51dec38de7,"{""B"":2,""BLOCK_D"":64,""BLOCK_M"":64,""BLOCK_N"":64,""D"":128,""H"":8,""H_kv"":2,""M"":10240}","{""num_stages"":2,""num_warps"":4}"
MI300X.triton.block_sparse_attention.fp16.static_isa,MI300X,triton,block_sparse_attention,fp16,1e5f6bfa3e08dc26ef1bfea07f17ffc1a180544013cabd0fef84f71eac86a51c,"{""M"":10240}",static compile artifacts (TTIR/TTGIR/LLIR/AMDGCN) of the formal-path winner kernels,offline recompilation during the 2026-10-05 replay audit (no execution counters),outputs/profiling/MI300X/analysis_2026-10-05/triton_ir/block_sparse_attention__fp16__block_sparse_attention_kernel__P73EISBC,110c1371072c9bea92fd888c2143d8823b15ec619941f88c23431efa28f6b029,local outputs/profiling/MI300X/analysis_2026-10-05/triton_ir (one directory per code object),analysis_2026-10-05,matched,"verified: manifest tree_sha256 reproduced=True; capture names==expected=True; replay-audit hsaco formal==replay for 1/1 launches=True; post-fix audit PASS=True; PC-sampled instruction text found in recompiled AMDGCN=403/403 (branch targets compared by opcode only: the disassembly prints offsets, the dump prints labels)",1,report_sha256 = sha256 over sorted '<dir>\t<tree_sha256(dir)>' lines of the listed stage directories; recompiled binaries are hsaco-identical between the formal autotune path and the profiling replay (replay_audit/block_sparse_attention__fp16__formal.json). swept params equal the CSV row; other params equal config case_defaults; largest-row (last CSV row of this dtype),5b82f8afed59f83c3f39696338e7ce51dec38de7,"{""B"":2,""BLOCK_D"":64,""BLOCK_M"":64,""BLOCK_N"":64,""D"":128,""H"":8,""H_kv"":2,""M"":10240}","{""num_stages"":2,""num_warps"":4}"
MI300X.triton.cross_entropy.fp16.pc_sampling,MI300X,triton,cross_entropy,fp16,8154796bcbc58ccc5559502145b8cce89d8abcdad9fbc82a6bc60723330b92c0,"{""batch_size"":10240}","rocprof-compute --experimental profile --pc-sampling (stochastic, interval 65536)",single application run (same harness: 3 prime calls + 1 profiled call),outputs/rocprof_compute/MI300X/cross_entropy/triton_fp16/pc_sampling,f5f95845ba283573eacb2400c58c27c893560141db985d380896e18fd8778f39,local outputs/rocprof_compute/MI300X/cross_entropy/triton_fp16; HF dataset bcui2/NCU_report path AMD_MI300X/cross_entropy/triton_fp16,ff3600e1831dc3bed6925f301214cad6db8234cb,matched,"verified: manifest tree_sha256 reproduced=True; capture names==expected=True; replay-audit hsaco formal==replay for 1/1 launches=True; post-fix audit PASS=True; PC-sampled instruction text found in recompiled AMDGCN=12/12 (branch targets compared by opcode only: the disassembly prints offsets, the dump prints labels)",1,profiled 2026-10-02T10:23:53+00:00..2026-10-02T10:26:16+00:00; samples on operator kernels=25 of 167 total; instruction rows from analysis/pc_sampling_instructions.csv; launch_count is the harness launch count (PC sampling does not report dispatches). swept params equal the CSV row; other params equal config case_defaults; largest-row (last CSV row of this dtype),5b82f8afed59f83c3f39696338e7ce51dec38de7,"{""batch_size"":10240,""num_classes"":512}","{""num_warps"":8}"
MI300X.triton.cross_entropy.fp16.rocprof_compute,MI300X,triton,cross_entropy,fp16,8154796bcbc58ccc5559502145b8cce89d8abcdad9fbc82a6bc60723330b92c0,"{""batch_size"":10240}","rocprof-compute profile, full default counter set (13 counter passes + roofline), kernel filter ^(?:cross_entropy_kernel)","application replay: one process per counter pass, each does 3 unprofiled prime calls then input generation, a 512 MiB eviction and exactly one impl.run()",outputs/rocprof_compute/MI300X/cross_entropy/triton_fp16/workload,ec4ceb8791a6df3707faf3bea7ab9737faddce2c59e3c3b80f8f26ffd706c948,local outputs/rocprof_compute/MI300X/cross_entropy/triton_fp16; HF dataset bcui2/NCU_report path AMD_MI300X/cross_entropy/triton_fp16,ff3600e1831dc3bed6925f301214cad6db8234cb,matched,"verified: manifest tree_sha256 reproduced=True; capture names==expected=True; replay-audit hsaco formal==replay for 1/1 launches=True; post-fix audit PASS=True; PC-sampled instruction text found in recompiled AMDGCN=12/12 (branch targets compared by opcode only: the disassembly prints offsets, the dump prints labels)",1,"profiled 2026-10-02T10:23:53+00:00..2026-10-02T10:26:16+00:00; report_sha256 = tree hash of workload/; whole pair dir tree hash e9622ed86eb867a8c7b574658ff20998e4d3608ceac902b4c12811ac6aa55b7f (matches report_manifest.json); metrics parsed from existing analysis/workload_csv (rocprof-compute analyze output, not re-run). swept params equal the CSV row; other params equal config case_defaults; largest-row (last CSV row of this dtype)",5b82f8afed59f83c3f39696338e7ce51dec38de7,"{""batch_size"":10240,""num_classes"":512}","{""num_warps"":8}"
MI300X.triton.cross_entropy.fp16.static_isa,MI300X,triton,cross_entropy,fp16,8154796bcbc58ccc5559502145b8cce89d8abcdad9fbc82a6bc60723330b92c0,"{""batch_size"":10240}",static compile artifacts (TTIR/TTGIR/LLIR/AMDGCN) of the formal-path winner kernels,offline recompilation during the 2026-10-05 replay audit (no execution counters),outputs/profiling/MI300X/analysis_2026-10-05/triton_ir/cross_entropy__fp16__cross_entropy_kernel__4LDGN6LX,634fcbe2e2c07c0e1b669321fb62701ff7290f246ebb9a7338f0d97c761a41f0,local outputs/profiling/MI300X/analysis_2026-10-05/triton_ir (one directory per code object),analysis_2026-10-05,matched,"verified: manifest tree_sha256 reproduced=True; capture names==expected=True; replay-audit hsaco formal==replay for 1/1 launches=True; post-fix audit PASS=True; PC-sampled instruction text found in recompiled AMDGCN=12/12 (branch targets compared by opcode only: the disassembly prints offsets, the dump prints labels)",1,report_sha256 = sha256 over sorted '<dir>\t<tree_sha256(dir)>' lines of the listed stage directories; recompiled binaries are hsaco-identical between the formal autotune path and the profiling replay (replay_audit/cross_entropy__fp16__formal.json). swept params equal the CSV row; other params equal config case_defaults; largest-row (last CSV row of this dtype),5b82f8afed59f83c3f39696338e7ce51dec38de7,"{""batch_size"":10240,""num_classes"":512}","{""num_warps"":8}"
MI300X.triton.cross_entropy.fp32.pc_sampling,MI300X,triton,cross_entropy,fp32,1c065b7b97cf4920db9ca6d7220249800298ead1f03f9217b226dff41642c37d,"{""batch_size"":10240}","rocprof-compute --experimental profile --pc-sampling (stochastic, interval 65536)",single application run (same harness: 3 prime calls + 1 profiled call),outputs/rocprof_compute/MI300X/cross_entropy/triton_fp32/pc_sampling,1fa382d0da73c0775a2f0cb4009c3215d49ae66aa7c8221bca8640db1e76d7bd,local outputs/rocprof_compute/MI300X/cross_entropy/triton_fp32; HF dataset bcui2/NCU_report path AMD_MI300X/cross_entropy/triton_fp32,ff3600e1831dc3bed6925f301214cad6db8234cb,matched,"verified: manifest tree_sha256 reproduced=True; capture names==expected=True; replay-audit hsaco formal==replay for 1/1 launches=True; post-fix audit PASS=True; PC-sampled instruction text found in recompiled AMDGCN=6/6 (branch targets compared by opcode only: the disassembly prints offsets, the dump prints labels)",1,profiled 2026-10-02T10:26:16+00:00..2026-10-02T10:28:40+00:00; samples on operator kernels=14 of 130 total; instruction rows from analysis/pc_sampling_instructions.csv; launch_count is the harness launch count (PC sampling does not report dispatches). swept params equal the CSV row; other params equal config case_defaults; largest-row (last CSV row of this dtype),5b82f8afed59f83c3f39696338e7ce51dec38de7,"{""batch_size"":10240,""num_classes"":512}","{""num_warps"":4}"
MI300X.triton.cross_entropy.fp32.rocprof_compute,MI300X,triton,cross_entropy,fp32,1c065b7b97cf4920db9ca6d7220249800298ead1f03f9217b226dff41642c37d,"{""batch_size"":10240}","rocprof-compute profile, full default counter set (13 counter passes + roofline), kernel filter ^(?:cross_entropy_kernel)","application replay: one process per counter pass, each does 3 unprofiled prime calls then input generation, a 512 MiB eviction and exactly one impl.run()",outputs/rocprof_compute/MI300X/cross_entropy/triton_fp32/workload,e462d1d36731a511d99c62ccc21a3cc909643ce73871a592523a531204ebc59e,local outputs/rocprof_compute/MI300X/cross_entropy/triton_fp32; HF dataset bcui2/NCU_report path AMD_MI300X/cross_entropy/triton_fp32,ff3600e1831dc3bed6925f301214cad6db8234cb,matched,"verified: manifest tree_sha256 reproduced=True; capture names==expected=True; replay-audit hsaco formal==replay for 1/1 launches=True; post-fix audit PASS=True; PC-sampled instruction text found in recompiled AMDGCN=6/6 (branch targets compared by opcode only: the disassembly prints offsets, the dump prints labels)",1,"profiled 2026-10-02T10:26:16+00:00..2026-10-02T10:28:40+00:00; report_sha256 = tree hash of workload/; whole pair dir tree hash e65d3582f5137b555b16ab91526dcd45c5f54b10242de6a6d5575f4516368ca4 (matches report_manifest.json); metrics parsed from existing analysis/workload_csv (rocprof-compute analyze output, not re-run). swept params equal the CSV row; other params equal config case_defaults; largest-row (last CSV row of this dtype)",5b82f8afed59f83c3f39696338e7ce51dec38de7,"{""batch_size"":10240,""num_classes"":512}","{""num_warps"":4}"
MI300X.triton.cross_entropy.fp32.static_isa,MI300X,triton,cross_entropy,fp32,1c065b7b97cf4920db9ca6d7220249800298ead1f03f9217b226dff41642c37d,"{""batch_size"":10240}",static compile artifacts (TTIR/TTGIR/LLIR/AMDGCN) of the formal-path winner kernels,offline recompilation during the 2026-10-05 replay audit (no execution counters),outputs/profiling/MI300X/analysis_2026-10-05/triton_ir/cross_entropy__fp32__cross_entropy_kernel__R5YKU6QR,f489560f7584c470713a45c1d11368ffcbf6d8b3271428622ffaed2f249199b0,local outputs/profiling/MI300X/analysis_2026-10-05/triton_ir (one directory per code object),analysis_2026-10-05,matched,"verified: manifest tree_sha256 reproduced=True; capture names==expected=True; replay-audit hsaco formal==replay for 1/1 launches=True; post-fix audit PASS=True; PC-sampled instruction text found in recompiled AMDGCN=6/6 (branch targets compared by opcode only: the disassembly prints offsets, the dump prints labels)",1,report_sha256 = sha256 over sorted '<dir>\t<tree_sha256(dir)>' lines of the listed stage directories; recompiled binaries are hsaco-identical between the formal autotune path and the profiling replay (replay_audit/cross_entropy__fp32__formal.json). swept params equal the CSV row; other params equal config case_defaults; largest-row (last CSV row of this dtype),5b82f8afed59f83c3f39696338e7ce51dec38de7,"{""batch_size"":10240,""num_classes"":512}","{""num_warps"":4}"
MI300X.triton.dequantize_rowwise.int8.pc_sampling,MI300X,triton,dequantize_rowwise,int8,c7045c3ae9c7d5dd5095f3c666cc00df3416b40daca9977ddcd6dcf6f879ee2e,"{""cols"":8192,""rows"":4096}","rocprof-compute --experimental profile --pc-sampling (stochastic, interval 65536)",single application run (same harness: 3 prime calls + 1 profiled call),outputs/rocprof_compute/MI300X/dequantize_rowwise/triton_int8/pc_sampling,cccdb42d780a10847cdd94833036b69e106d335814a07a11fed8eeb822faecf8,local outputs/rocprof_compute/MI300X/dequantize_rowwise/triton_int8; HF dataset bcui2/NCU_report path AMD_MI300X/dequantize_rowwise/triton_int8,ff3600e1831dc3bed6925f301214cad6db8234cb,matched,"verified: manifest tree_sha256 reproduced=True; capture names==expected=True; replay-audit hsaco formal==replay for 1/1 launches=True; post-fix audit PASS=True; PC-sampled instruction text found in recompiled AMDGCN=3/3 (branch targets compared by opcode only: the disassembly prints offsets, the dump prints labels)",1,profiled 2026-10-02T10:28:40+00:00..2026-10-02T10:31:05+00:00; samples on operator kernels=30 of 256 total; instruction rows from analysis/pc_sampling_instructions.csv; launch_count is the harness launch count (PC sampling does not report dispatches). swept params equal the CSV row; other params equal config case_defaults; largest-row (last CSV row of this dtype),5b82f8afed59f83c3f39696338e7ce51dec38de7,"{""cols"":8192,""rows"":4096}","{""CHUNK"":1024,""num_warps"":2}"
MI300X.triton.dequantize_rowwise.int8.rocprof_compute,MI300X,triton,dequantize_rowwise,int8,c7045c3ae9c7d5dd5095f3c666cc00df3416b40daca9977ddcd6dcf6f879ee2e,"{""cols"":8192,""rows"":4096}","rocprof-compute profile, full default counter set (13 counter passes + roofline), kernel filter ^(?:dequantize_rowwise_kernel)","application replay: one process per counter pass, each does 3 unprofiled prime calls then input generation, a 512 MiB eviction and exactly one impl.run()",outputs/rocprof_compute/MI300X/dequantize_rowwise/triton_int8/workload,1946bc198fcf850d13d7fa279399fa5b4bd00ddc4223b852635f7b9719efd2b1,local outputs/rocprof_compute/MI300X/dequantize_rowwise/triton_int8; HF dataset bcui2/NCU_report path AMD_MI300X/dequantize_rowwise/triton_int8,ff3600e1831dc3bed6925f301214cad6db8234cb,matched,"verified: manifest tree_sha256 reproduced=True; capture names==expected=True; replay-audit hsaco formal==replay for 1/1 launches=True; post-fix audit PASS=True; PC-sampled instruction text found in recompiled AMDGCN=3/3 (branch targets compared by opcode only: the disassembly prints offsets, the dump prints labels)",1,"profiled 2026-10-02T10:28:40+00:00..2026-10-02T10:31:05+00:00; report_sha256 = tree hash of workload/; whole pair dir tree hash f1374682ea4af53c728453578d25da611e81d12ace598f0c870c20790a5805ec (matches report_manifest.json); metrics parsed from existing analysis/workload_csv (rocprof-compute analyze output, not re-run). swept params equal the CSV row; other params equal config case_defaults; largest-row (last CSV row of this dtype)",5b82f8afed59f83c3f39696338e7ce51dec38de7,"{""cols"":8192,""rows"":4096}","{""CHUNK"":1024,""num_warps"":2}"
MI300X.triton.dequantize_rowwise.int8.static_isa,MI300X,triton,dequantize_rowwise,int8,c7045c3ae9c7d5dd5095f3c666cc00df3416b40daca9977ddcd6dcf6f879ee2e,"{""cols"":8192,""rows"":4096}",static compile artifacts (TTIR/TTGIR/LLIR/AMDGCN) of the formal-path winner kernels,offline recompilation during the 2026-10-05 replay audit (no execution counters),outputs/profiling/MI300X/analysis_2026-10-05/triton_ir/dequantize_rowwise__int8__dequantize_rowwise_kernel__AXHR5MIK,6105984b59a2971396ccfa1909e01d7254081dbdd35eccea610bba2734323473,local outputs/profiling/MI300X/analysis_2026-10-05/triton_ir (one directory per code object),analysis_2026-10-05,matched,"verified: manifest tree_sha256 reproduced=True; capture names==expected=True; replay-audit hsaco formal==replay for 1/1 launches=True; post-fix audit PASS=True; PC-sampled instruction text found in recompiled AMDGCN=3/3 (branch targets compared by opcode only: the disassembly prints offsets, the dump prints labels)",1,report_sha256 = sha256 over sorted '<dir>\t<tree_sha256(dir)>' lines of the listed stage directories; recompiled binaries are hsaco-identical between the formal autotune path and the profiling replay (replay_audit/dequantize_rowwise__int8__formal.json). swept params equal the CSV row; other params equal config case_defaults; largest-row (last CSV row of this dtype),5b82f8afed59f83c3f39696338e7ce51dec38de7,"{""cols"":8192,""rows"":4096}","{""CHUNK"":1024,""num_warps"":2}"
MI300X.triton.destindex.bf16.pc_sampling,MI300X,triton,destindex,bf16,09b175c0c5fa7d118652b42302823575c9a7c52af4e80afecea149699c65810f,"{""seq_len"":40960}","rocprof-compute --experimental profile --pc-sampling (stochastic, interval 65536)",single application run (same harness: 3 prime calls + 1 profiled call),outputs/rocprof_compute/MI300X/destindex/triton_bf16/pc_sampling,97b068bfcafb8f1cdfbe323d8c39baeb5d2a6a148db28890b3bf04536c154d6b,local outputs/rocprof_compute/MI300X/destindex/triton_bf16; HF dataset bcui2/NCU_report path AMD_MI300X/destindex/triton_bf16,ff3600e1831dc3bed6925f301214cad6db8234cb,matched,"verified: manifest tree_sha256 reproduced=True; capture names==expected=True; replay-audit hsaco formal==replay for 2/2 launches=True; post-fix audit PASS=True; PC-sampled instruction text found in recompiled AMDGCN=11/11 (branch targets compared by opcode only: the disassembly prints offsets, the dump prints labels)",2,profiled 2026-10-02T10:33:44+00:00..2026-10-02T10:36:23+00:00; samples on operator kernels=78 of 663 total; instruction rows from analysis/pc_sampling_instructions.csv; launch_count is the harness launch count (PC sampling does not report dispatches). swept params equal the CSV row; other params equal config case_defaults; largest-row (last CSV row of this dtype),5b82f8afed59f83c3f39696338e7ce51dec38de7,"{""batch_size"":1,""kv_nope_head_dim"":128,""kv_nope_head_num"":12,""kv_rope_head_dim"":64,""kv_rope_head_num"":1,""seq_len"":40960}","{""BLOCK_SIZE"":512,""num_warps"":4}"
MI300X.triton.destindex.bf16.rocprof_compute,MI300X,triton,destindex,bf16,09b175c0c5fa7d118652b42302823575c9a7c52af4e80afecea149699c65810f,"{""seq_len"":40960}","rocprof-compute profile, full default counter set (13 counter passes + roofline), kernel filter ^(?:copy_by_dest_kernel)","application replay: one process per counter pass, each does 3 unprofiled prime calls then input generation, a 512 MiB eviction and exactly one impl.run()",outputs/rocprof_compute/MI300X/destindex/triton_bf16/workload,b80e87cd602c91a6bb124af2b5ac46466abd976ac45f7bc669dd2e1c7a59714d,local outputs/rocprof_compute/MI300X/destindex/triton_bf16; HF dataset bcui2/NCU_report path AMD_MI300X/destindex/triton_bf16,ff3600e1831dc3bed6925f301214cad6db8234cb,matched,"verified: manifest tree_sha256 reproduced=True; capture names==expected=True; replay-audit hsaco formal==replay for 2/2 launches=True; post-fix audit PASS=True; PC-sampled instruction text found in recompiled AMDGCN=11/11 (branch targets compared by opcode only: the disassembly prints offsets, the dump prints labels)",2,"profiled 2026-10-02T10:33:44+00:00..2026-10-02T10:36:23+00:00; report_sha256 = tree hash of workload/; whole pair dir tree hash 0aa6c83978778cfa07e18c4aaf340963d6bd4e371c7e517447344d728f230900 (matches report_manifest.json); metrics parsed from existing analysis/workload_csv (rocprof-compute analyze output, not re-run). swept params equal the CSV row; other params equal config case_defaults; largest-row (last CSV row of this dtype)",5b82f8afed59f83c3f39696338e7ce51dec38de7,"{""batch_size"":1,""kv_nope_head_dim"":128,""kv_nope_head_num"":12,""kv_rope_head_dim"":64,""kv_rope_head_num"":1,""seq_len"":40960}","{""BLOCK_SIZE"":512,""num_warps"":4}"
MI300X.triton.destindex.bf16.static_isa,MI300X,triton,destindex,bf16,09b175c0c5fa7d118652b42302823575c9a7c52af4e80afecea149699c65810f,"{""seq_len"":40960}",static compile artifacts (TTIR/TTGIR/LLIR/AMDGCN) of the formal-path winner kernels,offline recompilation during the 2026-10-05 replay audit (no execution counters),outputs/profiling/MI300X/analysis_2026-10-05/triton_ir/destindex__bf16__copy_by_dest_kernel__PWSBLHV7;outputs/profiling/MI300X/analysis_2026-10-05/triton_ir/destindex__bf16__copy_by_dest_kernel__HESLSBBF,12f89b8a6c28bacde5ffbbceb0312d65487d19d90756da01f4d3dfade32c4187,local outputs/profiling/MI300X/analysis_2026-10-05/triton_ir (one directory per code object),analysis_2026-10-05,matched,"verified: manifest tree_sha256 reproduced=True; capture names==expected=True; replay-audit hsaco formal==replay for 2/2 launches=True; post-fix audit PASS=True; PC-sampled instruction text found in recompiled AMDGCN=11/11 (branch targets compared by opcode only: the disassembly prints offsets, the dump prints labels)",2,report_sha256 = sha256 over sorted '<dir>\t<tree_sha256(dir)>' lines of the listed stage directories; recompiled binaries are hsaco-identical between the formal autotune path and the profiling replay (replay_audit/destindex__bf16__formal.json). swept params equal the CSV row; other params equal config case_defaults; largest-row (last CSV row of this dtype),5b82f8afed59f83c3f39696338e7ce51dec38de7,"{""batch_size"":1,""kv_nope_head_dim"":128,""kv_nope_head_num"":12,""kv_rope_head_dim"":64,""kv_rope_head_num"":1,""seq_len"":40960}","{""BLOCK_SIZE"":512,""num_warps"":4}"
MI300X.triton.destindex.fp16.pc_sampling,MI300X,triton,destindex,fp16,9a50aba13d73088139d7906bfac68f45a2a9b95987e03a4572e141da932b0c67,"{""seq_len"":40960}","rocprof-compute --experimental profile --pc-sampling (stochastic, interval 65536)",single application run (same harness: 3 prime calls + 1 profiled call),outputs/rocprof_compute/MI300X/destindex/triton_fp16/pc_sampling,067c5d8e05794a24804707cf96cb955e80c30677a6bfd3a11a1a8452045882de,local outputs/rocprof_compute/MI300X/destindex/triton_fp16; HF dataset bcui2/NCU_report path AMD_MI300X/destindex/triton_fp16,ff3600e1831dc3bed6925f301214cad6db8234cb,matched,"verified: manifest tree_sha256 reproduced=True; capture names==expected=True; replay-audit hsaco formal==replay for 2/2 launches=True; post-fix audit PASS=True; PC-sampled instruction text found in recompiled AMDGCN=15/15 (branch targets compared by opcode only: the disassembly prints offsets, the dump prints labels)",2,profiled 2026-10-02T10:31:05+00:00..2026-10-02T10:33:44+00:00; samples on operator kernels=77 of 626 total; instruction rows from analysis/pc_sampling_instructions.csv; launch_count is the harness launch count (PC sampling does not report dispatches). swept params equal the CSV row; other params equal config case_defaults; largest-row (last CSV row of this dtype),5b82f8afed59f83c3f39696338e7ce51dec38de7,"{""batch_size"":1,""kv_nope_head_dim"":128,""kv_nope_head_num"":12,""kv_rope_head_dim"":64,""kv_rope_head_num"":1,""seq_len"":40960}","{""BLOCK_SIZE"":512,""num_warps"":4}"
MI300X.triton.destindex.fp16.rocprof_compute,MI300X,triton,destindex,fp16,9a50aba13d73088139d7906bfac68f45a2a9b95987e03a4572e141da932b0c67,"{""seq_len"":40960}","rocprof-compute profile, full default counter set (13 counter passes + roofline), kernel filter ^(?:copy_by_dest_kernel)","application replay: one process per counter pass, each does 3 unprofiled prime calls then input generation, a 512 MiB eviction and exactly one impl.run()",outputs/rocprof_compute/MI300X/destindex/triton_fp16/workload,38f3de3a6679a14ec216380a38945aa7814427138e5197f5e52deb5fbe93df4c,local outputs/rocprof_compute/MI300X/destindex/triton_fp16; HF dataset bcui2/NCU_report path AMD_MI300X/destindex/triton_fp16,ff3600e1831dc3bed6925f301214cad6db8234cb,matched,"verified: manifest tree_sha256 reproduced=True; capture names==expected=True; replay-audit hsaco formal==replay for 2/2 launches=True; post-fix audit PASS=True; PC-sampled instruction text found in recompiled AMDGCN=15/15 (branch targets compared by opcode only: the disassembly prints offsets, the dump prints labels)",2,"profiled 2026-10-02T10:31:05+00:00..2026-10-02T10:33:44+00:00; report_sha256 = tree hash of workload/; whole pair dir tree hash 2f1cf1df0fc7f9bece4203e615c23f3c041a627097cf1283be9f8e6d78d66b74 (matches report_manifest.json); metrics parsed from existing analysis/workload_csv (rocprof-compute analyze output, not re-run). swept params equal the CSV row; other params equal config case_defaults; largest-row (last CSV row of this dtype)",5b82f8afed59f83c3f39696338e7ce51dec38de7,"{""batch_size"":1,""kv_nope_head_dim"":128,""kv_nope_head_num"":12,""kv_rope_head_dim"":64,""kv_rope_head_num"":1,""seq_len"":40960}","{""BLOCK_SIZE"":512,""num_warps"":4}"
MI300X.triton.destindex.fp16.static_isa,MI300X,triton,destindex,fp16,9a50aba13d73088139d7906bfac68f45a2a9b95987e03a4572e141da932b0c67,"{""seq_len"":40960}",static compile artifacts (TTIR/TTGIR/LLIR/AMDGCN) of the formal-path winner kernels,offline recompilation during the 2026-10-05 replay audit (no execution counters),outputs/profiling/MI300X/analysis_2026-10-05/triton_ir/destindex__fp16__copy_by_dest_kernel__V3WXDHNX;outputs/profiling/MI300X/analysis_2026-10-05/triton_ir/destindex__fp16__copy_by_dest_kernel__H76U4KIV,41026594d838115b819ebabc39e3bcb34feb812b79a7892b48d7346fa521419e,local outputs/profiling/MI300X/analysis_2026-10-05/triton_ir (one directory per code object),analysis_2026-10-05,matched,"verified: manifest tree_sha256 reproduced=True; capture names==expected=True; replay-audit hsaco formal==replay for 2/2 launches=True; post-fix audit PASS=True; PC-sampled instruction text found in recompiled AMDGCN=15/15 (branch targets compared by opcode only: the disassembly prints offsets, the dump prints labels)",2,report_sha256 = sha256 over sorted '<dir>\t<tree_sha256(dir)>' lines of the listed stage directories; recompiled binaries are hsaco-identical between the formal autotune path and the profiling replay (replay_audit/destindex__fp16__formal.json). swept params equal the CSV row; other params equal config case_defaults; largest-row (last CSV row of this dtype),5b82f8afed59f83c3f39696338e7ce51dec38de7,"{""batch_size"":1,""kv_nope_head_dim"":128,""kv_nope_head_num"":12,""kv_rope_head_dim"":64,""kv_rope_head_num"":1,""seq_len"":40960}","{""BLOCK_SIZE"":512,""num_warps"":4}"
MI300X.triton.destindex.fp32.pc_sampling,MI300X,triton,destindex,fp32,99ec31c878683dbfc2f492991051870271cc6fe4d5c0a493c59dcfb7c11a42af,"{""seq_len"":40960}","rocprof-compute --experimental profile --pc-sampling (stochastic, interval 65536)",single application run (same harness: 3 prime calls + 1 profiled call),outputs/rocprof_compute/MI300X/destindex/triton_fp32/pc_sampling,ac3a6b032c07cd0c1dd2566ae917ac744031633c6420e316f5b31eb23e609077,local outputs/rocprof_compute/MI300X/destindex/triton_fp32; HF dataset bcui2/NCU_report path AMD_MI300X/destindex/triton_fp32,ff3600e1831dc3bed6925f301214cad6db8234cb,matched,"verified: manifest tree_sha256 reproduced=True; capture names==expected=True; replay-audit hsaco formal==replay for 2/2 launches=True; post-fix audit PASS=True; PC-sampled instruction text found in recompiled AMDGCN=18/18 (branch targets compared by opcode only: the disassembly prints offsets, the dump prints labels)",2,profiled 2026-10-02T10:36:23+00:00..2026-10-02T10:39:01+00:00; samples on operator kernels=160 of 760 total; instruction rows from analysis/pc_sampling_instructions.csv; launch_count is the harness launch count (PC sampling does not report dispatches). swept params equal the CSV row; other params equal config case_defaults; largest-row (last CSV row of this dtype),5b82f8afed59f83c3f39696338e7ce51dec38de7,"{""batch_size"":1,""kv_nope_head_dim"":128,""kv_nope_head_num"":12,""kv_rope_head_dim"":64,""kv_rope_head_num"":1,""seq_len"":40960}","{""BLOCK_SIZE"":512,""num_warps"":2}"
MI300X.triton.destindex.fp32.rocprof_compute,MI300X,triton,destindex,fp32,99ec31c878683dbfc2f492991051870271cc6fe4d5c0a493c59dcfb7c11a42af,"{""seq_len"":40960}","rocprof-compute profile, full default counter set (13 counter passes + roofline), kernel filter ^(?:copy_by_dest_kernel)","application replay: one process per counter pass, each does 3 unprofiled prime calls then input generation, a 512 MiB eviction and exactly one impl.run()",outputs/rocprof_compute/MI300X/destindex/triton_fp32/workload,0ca129eec2797b4457258733da271847a41231f8326085577e39d9d943f68b5d,local outputs/rocprof_compute/MI300X/destindex/triton_fp32; HF dataset bcui2/NCU_report path AMD_MI300X/destindex/triton_fp32,ff3600e1831dc3bed6925f301214cad6db8234cb,matched,"verified: manifest tree_sha256 reproduced=True; capture names==expected=True; replay-audit hsaco formal==replay for 2/2 launches=True; post-fix audit PASS=True; PC-sampled instruction text found in recompiled AMDGCN=18/18 (branch targets compared by opcode only: the disassembly prints offsets, the dump prints labels)",2,"profiled 2026-10-02T10:36:23+00:00..2026-10-02T10:39:01+00:00; report_sha256 = tree hash of workload/; whole pair dir tree hash 7c0195a2ed2e74cebc936380181972352fd5b69569db36469ef7091929261d77 (matches report_manifest.json); metrics parsed from existing analysis/workload_csv (rocprof-compute analyze output, not re-run). swept params equal the CSV row; other params equal config case_defaults; largest-row (last CSV row of this dtype)",5b82f8afed59f83c3f39696338e7ce51dec38de7,"{""batch_size"":1,""kv_nope_head_dim"":128,""kv_nope_head_num"":12,""kv_rope_head_dim"":64,""kv_rope_head_num"":1,""seq_len"":40960}","{""BLOCK_SIZE"":512,""num_warps"":2}"
MI300X.triton.destindex.fp32.static_isa,MI300X,triton,destindex,fp32,99ec31c878683dbfc2f492991051870271cc6fe4d5c0a493c59dcfb7c11a42af,"{""seq_len"":40960}",static compile artifacts (TTIR/TTGIR/LLIR/AMDGCN) of the formal-path winner kernels,offline recompilation during the 2026-10-05 replay audit (no execution counters),outputs/profiling/MI300X/analysis_2026-10-05/triton_ir/destindex__fp32__copy_by_dest_kernel__N7KOV5N4;outputs/profiling/MI300X/analysis_2026-10-05/triton_ir/destindex__fp32__copy_by_dest_kernel__KVT5BZPP,6aa9ea2d4b6852edbf00f109d795b2c5e29976004e87a11c8921e2d01ee7cac3,local outputs/profiling/MI300X/analysis_2026-10-05/triton_ir (one directory per code object),analysis_2026-10-05,matched,"verified: manifest tree_sha256 reproduced=True; capture names==expected=True; replay-audit hsaco formal==replay for 2/2 launches=True; post-fix audit PASS=True; PC-sampled instruction text found in recompiled AMDGCN=18/18 (branch targets compared by opcode only: the disassembly prints offsets, the dump prints labels)",2,report_sha256 = sha256 over sorted '<dir>\t<tree_sha256(dir)>' lines of the listed stage directories; recompiled binaries are hsaco-identical between the formal autotune path and the profiling replay (replay_audit/destindex__fp32__formal.json). swept params equal the CSV row; other params equal config case_defaults; largest-row (last CSV row of this dtype),5b82f8afed59f83c3f39696338e7ce51dec38de7,"{""batch_size"":1,""kv_nope_head_dim"":128,""kv_nope_head_num"":12,""kv_rope_head_dim"":64,""kv_rope_head_num"":1,""seq_len"":40960}","{""BLOCK_SIZE"":512,""num_warps"":2}"
MI300X.triton.destindex.int8.pc_sampling,MI300X,triton,destindex,int8,f55eb94c00ba7c4e47ced0d3bd9dbe2998c137e6c02232ad491e1b73a16f6f5f,"{""seq_len"":40960}","rocprof-compute --experimental profile --pc-sampling (stochastic, interval 65536)",single application run (same harness: 3 prime calls + 1 profiled call),outputs/rocprof_compute/MI300X/destindex/triton_int8/pc_sampling,9cc464517ff4211efd63583cb7c0e782e656703c45096b555fa810fc7c74a7b3,local outputs/rocprof_compute/MI300X/destindex/triton_int8; HF dataset bcui2/NCU_report path AMD_MI300X/destindex/triton_int8,ff3600e1831dc3bed6925f301214cad6db8234cb,matched,"verified: manifest tree_sha256 reproduced=True; capture names==expected=True; replay-audit hsaco formal==replay for 2/2 launches=True; post-fix audit PASS=True; PC-sampled instruction text found in recompiled AMDGCN=8/8 (branch targets compared by opcode only: the disassembly prints offsets, the dump prints labels)",2,profiled 2026-10-02T10:39:01+00:00..2026-10-02T10:41:41+00:00; samples on operator kernels=48 of 1167 total; instruction rows from analysis/pc_sampling_instructions.csv; launch_count is the harness launch count (PC sampling does not report dispatches). swept params equal the CSV row; other params equal config case_defaults; largest-row (last CSV row of this dtype),5b82f8afed59f83c3f39696338e7ce51dec38de7,"{""batch_size"":1,""kv_nope_head_dim"":128,""kv_nope_head_num"":12,""kv_rope_head_dim"":64,""kv_rope_head_num"":1,""seq_len"":40960}","{""BLOCK_SIZE"":1024,""num_warps"":4}"
MI300X.triton.destindex.int8.rocprof_compute,MI300X,triton,destindex,int8,f55eb94c00ba7c4e47ced0d3bd9dbe2998c137e6c02232ad491e1b73a16f6f5f,"{""seq_len"":40960}","rocprof-compute profile, full default counter set (13 counter passes + roofline), kernel filter ^(?:copy_by_dest_kernel)","application replay: one process per counter pass, each does 3 unprofiled prime calls then input generation, a 512 MiB eviction and exactly one impl.run()",outputs/rocprof_compute/MI300X/destindex/triton_int8/workload,8ba8a828037e2fe4d8dbf5baac8380a50958e9301d0febee5513447fce5a6419,local outputs/rocprof_compute/MI300X/destindex/triton_int8; HF dataset bcui2/NCU_report path AMD_MI300X/destindex/triton_int8,ff3600e1831dc3bed6925f301214cad6db8234cb,matched,"verified: manifest tree_sha256 reproduced=True; capture names==expected=True; replay-audit hsaco formal==replay for 2/2 launches=True; post-fix audit PASS=True; PC-sampled instruction text found in recompiled AMDGCN=8/8 (branch targets compared by opcode only: the disassembly prints offsets, the dump prints labels)",2,"profiled 2026-10-02T10:39:01+00:00..2026-10-02T10:41:41+00:00; report_sha256 = tree hash of workload/; whole pair dir tree hash 83ee4fbad646472ae951bc7b19db9e0724d7b7dc4cf03bbafdaa15a3b90a6b86 (matches report_manifest.json); metrics parsed from existing analysis/workload_csv (rocprof-compute analyze output, not re-run). swept params equal the CSV row; other params equal config case_defaults; largest-row (last CSV row of this dtype)",5b82f8afed59f83c3f39696338e7ce51dec38de7,"{""batch_size"":1,""kv_nope_head_dim"":128,""kv_nope_head_num"":12,""kv_rope_head_dim"":64,""kv_rope_head_num"":1,""seq_len"":40960}","{""BLOCK_SIZE"":1024,""num_warps"":4}"
MI300X.triton.destindex.int8.static_isa,MI300X,triton,destindex,int8,f55eb94c00ba7c4e47ced0d3bd9dbe2998c137e6c02232ad491e1b73a16f6f5f,"{""seq_len"":40960}",static compile artifacts (TTIR/TTGIR/LLIR/AMDGCN) of the formal-path winner kernels,offline recompilation during the 2026-10-05 replay audit (no execution counters),outputs/profiling/MI300X/analysis_2026-10-05/triton_ir/destindex__int8__copy_by_dest_kernel__QDUKNZ3P;outputs/profiling/MI300X/analysis_2026-10-05/triton_ir/destindex__int8__copy_by_dest_kernel__N6DT7KQ5,53bb93a51f9e0b704c115ab6c6e4b884affda4bb75ab2a2036b45864d0009595,local outputs/profiling/MI300X/analysis_2026-10-05/triton_ir (one directory per code object),analysis_2026-10-05,matched,"verified: manifest tree_sha256 reproduced=True; capture names==expected=True; replay-audit hsaco formal==replay for 2/2 launches=True; post-fix audit PASS=True; PC-sampled instruction text found in recompiled AMDGCN=8/8 (branch targets compared by opcode only: the disassembly prints offsets, the dump prints labels)",2,report_sha256 = sha256 over sorted '<dir>\t<tree_sha256(dir)>' lines of the listed stage directories; recompiled binaries are hsaco-identical between the formal autotune path and the profiling replay (replay_audit/destindex__int8__formal.json). swept params equal the CSV row; other params equal config case_defaults; largest-row (last CSV row of this dtype),5b82f8afed59f83c3f39696338e7ce51dec38de7,"{""batch_size"":1,""kv_nope_head_dim"":128,""kv_nope_head_num"":12,""kv_rope_head_dim"":64,""kv_rope_head_num"":1,""seq_len"":40960}","{""BLOCK_SIZE"":1024,""num_warps"":4}"
MI300X.triton.dropout.bf16.pc_sampling,MI300X,triton,dropout,bf16,4c5954cb273762bf36d53a8c1491a2d7fb1747a10ff6f133d8bc2d4419fc6bb4,"{""n"":20971520}","rocprof-compute --experimental profile --pc-sampling (stochastic, interval 65536)",single application run (same harness: 3 prime calls + 1 profiled call),outputs/rocprof_compute/MI300X/dropout/triton_bf16/pc_sampling,303cf73f0c58e35a1c553d162bf1841775696be8ace4f95d4a10cef18ce1b657,local outputs/rocprof_compute/MI300X/dropout/triton_bf16; HF dataset bcui2/NCU_report path AMD_MI300X/dropout/triton_bf16,ff3600e1831dc3bed6925f301214cad6db8234cb,matched,"verified: manifest tree_sha256 reproduced=True; capture names==expected=True; replay-audit hsaco formal==replay for 1/1 launches=True; post-fix audit PASS=True; PC-sampled instruction text found in recompiled AMDGCN=4/4 (branch targets compared by opcode only: the disassembly prints offsets, the dump prints labels)",1,profiled 2026-10-02T10:44:06+00:00..2026-10-02T10:46:31+00:00; samples on operator kernels=64 of 521 total; instruction rows from analysis/pc_sampling_instructions.csv; launch_count is the harness launch count (PC sampling does not report dispatches). swept params equal the CSV row; other params equal config case_defaults; largest-row (last CSV row of this dtype),5b82f8afed59f83c3f39696338e7ce51dec38de7,"{""n"":20971520,""p"":0.5}","{""BLOCK_SIZE"":512,""num_warps"":4}"
MI300X.triton.dropout.bf16.rocprof_compute,MI300X,triton,dropout,bf16,4c5954cb273762bf36d53a8c1491a2d7fb1747a10ff6f133d8bc2d4419fc6bb4,"{""n"":20971520}","rocprof-compute profile, full default counter set (13 counter passes + roofline), kernel filter ^(?:dropout_kernel)","application replay: one process per counter pass, each does 3 unprofiled prime calls then input generation, a 512 MiB eviction and exactly one impl.run()",outputs/rocprof_compute/MI300X/dropout/triton_bf16/workload,d834fe6a76a4a4c4a71d5833a18e7b4b5ac450a647ace97e1520d50562dcbb0f,local outputs/rocprof_compute/MI300X/dropout/triton_bf16; HF dataset bcui2/NCU_report path AMD_MI300X/dropout/triton_bf16,ff3600e1831dc3bed6925f301214cad6db8234cb,matched,"verified: manifest tree_sha256 reproduced=True; capture names==expected=True; replay-audit hsaco formal==replay for 1/1 launches=True; post-fix audit PASS=True; PC-sampled instruction text found in recompiled AMDGCN=4/4 (branch targets compared by opcode only: the disassembly prints offsets, the dump prints labels)",1,"profiled 2026-10-02T10:44:06+00:00..2026-10-02T10:46:31+00:00; report_sha256 = tree hash of workload/; whole pair dir tree hash 71cbc2ab21f5fe765385595f0dac4618320294421fb9fa37f427893b91bfe4c3 (matches report_manifest.json); metrics parsed from existing analysis/workload_csv (rocprof-compute analyze output, not re-run). swept params equal the CSV row; other params equal config case_defaults; largest-row (last CSV row of this dtype)",5b82f8afed59f83c3f39696338e7ce51dec38de7,"{""n"":20971520,""p"":0.5}","{""BLOCK_SIZE"":512,""num_warps"":4}"
MI300X.triton.dropout.bf16.static_isa,MI300X,triton,dropout,bf16,4c5954cb273762bf36d53a8c1491a2d7fb1747a10ff6f133d8bc2d4419fc6bb4,"{""n"":20971520}",static compile artifacts (TTIR/TTGIR/LLIR/AMDGCN) of the formal-path winner kernels,offline recompilation during the 2026-10-05 replay audit (no execution counters),outputs/profiling/MI300X/analysis_2026-10-05/triton_ir/dropout__bf16__dropout_kernel__TZXOH2SS,c02b5469466736ad685738dc6de110ee821fb1c32149b304dc92eb0f0e055cfb,local outputs/profiling/MI300X/analysis_2026-10-05/triton_ir (one directory per code object),analysis_2026-10-05,matched,"verified: manifest tree_sha256 reproduced=True; capture names==expected=True; replay-audit hsaco formal==replay for 1/1 launches=True; post-fix audit PASS=True; PC-sampled instruction text found in recompiled AMDGCN=4/4 (branch targets compared by opcode only: the disassembly prints offsets, the dump prints labels)",1,report_sha256 = sha256 over sorted '<dir>\t<tree_sha256(dir)>' lines of the listed stage directories; recompiled binaries are hsaco-identical between the formal autotune path and the profiling replay (replay_audit/dropout__bf16__formal.json). swept params equal the CSV row; other params equal config case_defaults; largest-row (last CSV row of this dtype),5b82f8afed59f83c3f39696338e7ce51dec38de7,"{""n"":20971520,""p"":0.5}","{""BLOCK_SIZE"":512,""num_warps"":4}"
MI300X.triton.dropout.fp16.pc_sampling,MI300X,triton,dropout,fp16,91a52d7dbbe157253720acae6e3d7a9a072fe28603677e73c2ec9c58be35d87a,"{""n"":20971520}","rocprof-compute --experimental profile --pc-sampling (stochastic, interval 65536)",single application run (same harness: 3 prime calls + 1 profiled call),outputs/rocprof_compute/MI300X/dropout/triton_fp16/pc_sampling,347d63381a29321002b28c5f495c53dfd48dae9a0baa7815bf8e29130b2a7f75,local outputs/rocprof_compute/MI300X/dropout/triton_fp16; HF dataset bcui2/NCU_report path AMD_MI300X/dropout/triton_fp16,ff3600e1831dc3bed6925f301214cad6db8234cb,matched,"verified: manifest tree_sha256 reproduced=True; capture names==expected=True; replay-audit hsaco formal==replay for 1/1 launches=True; post-fix audit PASS=True; PC-sampled instruction text found in recompiled AMDGCN=6/6 (branch targets compared by opcode only: the disassembly prints offsets, the dump prints labels)",1,profiled 2026-10-02T10:41:41+00:00..2026-10-02T10:44:06+00:00; samples on operator kernels=40 of 381 total; instruction rows from analysis/pc_sampling_instructions.csv; launch_count is the harness launch count (PC sampling does not report dispatches). swept params equal the CSV row; other params equal config case_defaults; largest-row (last CSV row of this dtype),5b82f8afed59f83c3f39696338e7ce51dec38de7,"{""n"":20971520,""p"":0.5}","{""BLOCK_SIZE"":1024,""num_warps"":8}"
MI300X.triton.dropout.fp16.rocprof_compute,MI300X,triton,dropout,fp16,91a52d7dbbe157253720acae6e3d7a9a072fe28603677e73c2ec9c58be35d87a,"{""n"":20971520}","rocprof-compute profile, full default counter set (13 counter passes + roofline), kernel filter ^(?:dropout_kernel)","application replay: one process per counter pass, each does 3 unprofiled prime calls then input generation, a 512 MiB eviction and exactly one impl.run()",outputs/rocprof_compute/MI300X/dropout/triton_fp16/workload,ef7c912e17ed4487bc6d38a55e76774cfe223275f6fe8c9ae3e8791f61bcc66e,local outputs/rocprof_compute/MI300X/dropout/triton_fp16; HF dataset bcui2/NCU_report path AMD_MI300X/dropout/triton_fp16,ff3600e1831dc3bed6925f301214cad6db8234cb,matched,"verified: manifest tree_sha256 reproduced=True; capture names==expected=True; replay-audit hsaco formal==replay for 1/1 launches=True; post-fix audit PASS=True; PC-sampled instruction text found in recompiled AMDGCN=6/6 (branch targets compared by opcode only: the disassembly prints offsets, the dump prints labels)",1,"profiled 2026-10-02T10:41:41+00:00..2026-10-02T10:44:06+00:00; report_sha256 = tree hash of workload/; whole pair dir tree hash 8d4b7d57da00dd799e3fdf2e066316bdd0c7bb65cc8d555a8dfbce14f5dfb095 (matches report_manifest.json); metrics parsed from existing analysis/workload_csv (rocprof-compute analyze output, not re-run). swept params equal the CSV row; other params equal config case_defaults; largest-row (last CSV row of this dtype)",5b82f8afed59f83c3f39696338e7ce51dec38de7,"{""n"":20971520,""p"":0.5}","{""BLOCK_SIZE"":1024,""num_warps"":8}"
MI300X.triton.dropout.fp16.static_isa,MI300X,triton,dropout,fp16,91a52d7dbbe157253720acae6e3d7a9a072fe28603677e73c2ec9c58be35d87a,"{""n"":20971520}",static compile artifacts (TTIR/TTGIR/LLIR/AMDGCN) of the formal-path winner kernels,offline recompilation during the 2026-10-05 replay audit (no execution counters),outputs/profiling/MI300X/analysis_2026-10-05/triton_ir/dropout__fp16__dropout_kernel__2KTQ4ITZ,1d0df3f19387d9c298b66d874ca2a4222ea6869209984bc2aec75ffd5cc0ecd6,local outputs/profiling/MI300X/analysis_2026-10-05/triton_ir (one directory per code object),analysis_2026-10-05,matched,"verified: manifest tree_sha256 reproduced=True; capture names==expected=True; replay-audit hsaco formal==replay for 1/1 launches=True; post-fix audit PASS=True; PC-sampled instruction text found in recompiled AMDGCN=6/6 (branch targets compared by opcode only: the disassembly prints offsets, the dump prints labels)",1,report_sha256 = sha256 over sorted '<dir>\t<tree_sha256(dir)>' lines of the listed stage directories; recompiled binaries are hsaco-identical between the formal autotune path and the profiling replay (replay_audit/dropout__fp16__formal.json). swept params equal the CSV row; other params equal config case_defaults; largest-row (last CSV row of this dtype),5b82f8afed59f83c3f39696338e7ce51dec38de7,"{""n"":20971520,""p"":0.5}","{""BLOCK_SIZE"":1024,""num_warps"":8}"
MI300X.triton.dropout.fp32.pc_sampling,MI300X,triton,dropout,fp32,201bb5532325bba1e57ae11a6252afa075a9ad1ef1437f3bb02e0319cac007f4,"{""n"":20971520}","rocprof-compute --experimental profile --pc-sampling (stochastic, interval 65536)",single application run (same harness: 3 prime calls + 1 profiled call),outputs/rocprof_compute/MI300X/dropout/triton_fp32/pc_sampling,c77dc476eb4a4241af903d5c91cfde540618edce5574d4889149373c7c6c0889,local outputs/rocprof_compute/MI300X/dropout/triton_fp32; HF dataset bcui2/NCU_report path AMD_MI300X/dropout/triton_fp32,ff3600e1831dc3bed6925f301214cad6db8234cb,matched,"verified: manifest tree_sha256 reproduced=True; capture names==expected=True; replay-audit hsaco formal==replay for 1/1 launches=True; post-fix audit PASS=True; PC-sampled instruction text found in recompiled AMDGCN=8/8 (branch targets compared by opcode only: the disassembly prints offsets, the dump prints labels)",1,profiled 2026-10-02T10:46:31+00:00..2026-10-02T10:48:55+00:00; samples on operator kernels=112 of 418 total; instruction rows from analysis/pc_sampling_instructions.csv; launch_count is the harness launch count (PC sampling does not report dispatches). swept params equal the CSV row; other params equal config case_defaults; largest-row (last CSV row of this dtype),5b82f8afed59f83c3f39696338e7ce51dec38de7,"{""n"":20971520,""p"":0.5}","{""BLOCK_SIZE"":512,""num_warps"":8}"
MI300X.triton.dropout.fp32.rocprof_compute,MI300X,triton,dropout,fp32,201bb5532325bba1e57ae11a6252afa075a9ad1ef1437f3bb02e0319cac007f4,"{""n"":20971520}","rocprof-compute profile, full default counter set (13 counter passes + roofline), kernel filter ^(?:dropout_kernel)","application replay: one process per counter pass, each does 3 unprofiled prime calls then input generation, a 512 MiB eviction and exactly one impl.run()",outputs/rocprof_compute/MI300X/dropout/triton_fp32/workload,b6fbfd35ef5ef3a088278704e9dda95d78e6bc8c405f4d999618e608c4c2e530,local outputs/rocprof_compute/MI300X/dropout/triton_fp32; HF dataset bcui2/NCU_report path AMD_MI300X/dropout/triton_fp32,ff3600e1831dc3bed6925f301214cad6db8234cb,matched,"verified: manifest tree_sha256 reproduced=True; capture names==expected=True; replay-audit hsaco formal==replay for 1/1 launches=True; post-fix audit PASS=True; PC-sampled instruction text found in recompiled AMDGCN=8/8 (branch targets compared by opcode only: the disassembly prints offsets, the dump prints labels)",1,"profiled 2026-10-02T10:46:31+00:00..2026-10-02T10:48:55+00:00; report_sha256 = tree hash of workload/; whole pair dir tree hash 7858e06e21e31ababdc685729ee3edd66110ed6f9f5a24d05b17447a65fee500 (matches report_manifest.json); metrics parsed from existing analysis/workload_csv (rocprof-compute analyze output, not re-run). swept params equal the CSV row; other params equal config case_defaults; largest-row (last CSV row of this dtype)",5b82f8afed59f83c3f39696338e7ce51dec38de7,"{""n"":20971520,""p"":0.5}","{""BLOCK_SIZE"":512,""num_warps"":8}"
MI300X.triton.dropout.fp32.static_isa,MI300X,triton,dropout,fp32,201bb5532325bba1e57ae11a6252afa075a9ad1ef1437f3bb02e0319cac007f4,"{""n"":20971520}",static compile artifacts (TTIR/TTGIR/LLIR/AMDGCN) of the formal-path winner kernels,offline recompilation during the 2026-10-05 replay audit (no execution counters),outputs/profiling/MI300X/analysis_2026-10-05/triton_ir/dropout__fp32__dropout_kernel__RRGPBJCX,8dd8c797cf0a940f542737b2e6682c68cb3993099171c849a8f36d745dbafba7,local outputs/profiling/MI300X/analysis_2026-10-05/triton_ir (one directory per code object),analysis_2026-10-05,matched,"verified: manifest tree_sha256 reproduced=True; capture names==expected=True; replay-audit hsaco formal==replay for 1/1 launches=True; post-fix audit PASS=True; PC-sampled instruction text found in recompiled AMDGCN=8/8 (branch targets compared by opcode only: the disassembly prints offsets, the dump prints labels)",1,report_sha256 = sha256 over sorted '<dir>\t<tree_sha256(dir)>' lines of the listed stage directories; recompiled binaries are hsaco-identical between the formal autotune path and the profiling replay (replay_audit/dropout__fp32__formal.json). swept params equal the CSV row; other params equal config case_defaults; largest-row (last CSV row of this dtype),5b82f8afed59f83c3f39696338e7ce51dec38de7,"{""n"":20971520,""p"":0.5}","{""BLOCK_SIZE"":512,""num_warps"":8}"
MI300X.triton.flash_attention.fp16.pc_sampling,MI300X,triton,flash_attention,fp16,e1ab06a429ab3634951b82c745ef9dd4ce03d3846011d559db9ae255b02dacd9,"{""seq_len"":20480}","rocprof-compute --experimental profile --pc-sampling (stochastic, interval 65536)",single application run (same harness: 3 prime calls + 1 profiled call),outputs/rocprof_compute/MI300X/flash_attention/triton_fp16/pc_sampling,e5aaa5d39968d841bb38ce21ffee53dc613b3e29580f7eeeb0e48cdcb8b71ca5,local outputs/rocprof_compute/MI300X/flash_attention/triton_fp16; HF dataset bcui2/NCU_report path AMD_MI300X/flash_attention/triton_fp16,ff3600e1831dc3bed6925f301214cad6db8234cb,matched,"verified: manifest tree_sha256 reproduced=True; capture names==expected=True; replay-audit hsaco formal==replay for 1/1 launches=True; post-fix audit PASS=True; PC-sampled instruction text found in recompiled AMDGCN=2345/2345 (branch targets compared by opcode only: the disassembly prints offsets, the dump prints labels)",1,profiled 2026-10-02T10:48:55+00:00..2026-10-02T10:51:31+00:00; samples on operator kernels=139671 of 141091 total; instruction rows from analysis/pc_sampling_instructions.csv; launch_count is the harness launch count (PC sampling does not report dispatches). swept params equal the CSV row; other params equal config case_defaults; largest-row (last CSV row of this dtype),5b82f8afed59f83c3f39696338e7ce51dec38de7,"{""batch_size"":4,""causal"":true,""head_dim"":128,""n_heads"":32,""seq_len"":20480}","{""BLOCK_M"":128,""BLOCK_N"":64,""num_stages"":2,""num_warps"":4}"
MI300X.triton.flash_attention.fp16.rocprof_compute,MI300X,triton,flash_attention,fp16,e1ab06a429ab3634951b82c745ef9dd4ce03d3846011d559db9ae255b02dacd9,"{""seq_len"":20480}","rocprof-compute profile, full default counter set (13 counter passes + roofline), kernel filter ^(?:fwd_kernel)","application replay: one process per counter pass, each does 3 unprofiled prime calls then input generation, a 512 MiB eviction and exactly one impl.run()",outputs/rocprof_compute/MI300X/flash_attention/triton_fp16/workload,b64492bdcb18e127b86865f89ea81af2e09316fee075a1976460481682c99a5e,local outputs/rocprof_compute/MI300X/flash_attention/triton_fp16; HF dataset bcui2/NCU_report path AMD_MI300X/flash_attention/triton_fp16,ff3600e1831dc3bed6925f301214cad6db8234cb,matched,"verified: manifest tree_sha256 reproduced=True; capture names==expected=True; replay-audit hsaco formal==replay for 1/1 launches=True; post-fix audit PASS=True; PC-sampled instruction text found in recompiled AMDGCN=2345/2345 (branch targets compared by opcode only: the disassembly prints offsets, the dump prints labels)",1,"profiled 2026-10-02T10:48:55+00:00..2026-10-02T10:51:31+00:00; report_sha256 = tree hash of workload/; whole pair dir tree hash 48cefbc1d80ffd215bc8d5ddc9948d693d27e90c8f3cce85fef4e431b8bb1577 (matches report_manifest.json); metrics parsed from existing analysis/workload_csv (rocprof-compute analyze output, not re-run). swept params equal the CSV row; other params equal config case_defaults; largest-row (last CSV row of this dtype)",5b82f8afed59f83c3f39696338e7ce51dec38de7,"{""batch_size"":4,""causal"":true,""head_dim"":128,""n_heads"":32,""seq_len"":20480}","{""BLOCK_M"":128,""BLOCK_N"":64,""num_stages"":2,""num_warps"":4}"
MI300X.triton.flash_attention.fp16.static_isa,MI300X,triton,flash_attention,fp16,e1ab06a429ab3634951b82c745ef9dd4ce03d3846011d559db9ae255b02dacd9,"{""seq_len"":20480}",static compile artifacts (TTIR/TTGIR/LLIR/AMDGCN) of the formal-path winner kernels,offline recompilation during the 2026-10-05 replay audit (no execution counters),outputs/profiling/MI300X/analysis_2026-10-05/triton_ir/flash_attention__fp16__fwd_kernel__LB35O3GX,0b26cda19f8d5361797289587c97c90bda5c31cecd5b5f5e4e32fec61c54a47b,local outputs/profiling/MI300X/analysis_2026-10-05/triton_ir (one directory per code object),analysis_2026-10-05,matched,"verified: manifest tree_sha256 reproduced=True; capture names==expected=True; replay-audit hsaco formal==replay for 1/1 launches=True; post-fix audit PASS=True; PC-sampled instruction text found in recompiled AMDGCN=2345/2345 (branch targets compared by opcode only: the disassembly prints offsets, the dump prints labels)",1,report_sha256 = sha256 over sorted '<dir>\t<tree_sha256(dir)>' lines of the listed stage directories; recompiled binaries are hsaco-identical between the formal autotune path and the profiling replay (replay_audit/flash_attention__fp16__formal.json). swept params equal the CSV row; other params equal config case_defaults; largest-row (last CSV row of this dtype),5b82f8afed59f83c3f39696338e7ce51dec38de7,"{""batch_size"":4,""causal"":true,""head_dim"":128,""n_heads"":32,""seq_len"":20480}","{""BLOCK_M"":128,""BLOCK_N"":64,""num_stages"":2,""num_warps"":4}"
MI300X.triton.flash_decode.fp32.pc_sampling,MI300X,triton,flash_decode,fp32,4a80f29c990b7dd7e58effa103150c850e8ee098122b105fe10f51bf138e9351,"{""seq_len"":40960}","rocprof-compute --experimental profile --pc-sampling (stochastic, interval 65536)",single application run (same harness: 3 prime calls + 1 profiled call),outputs/rocprof_compute/MI300X/flash_decode/triton_fp32/pc_sampling,dbea3be257fdf56eb650b361ee56aaa1fd6a504a2a89d36438158aa39522826d,local outputs/rocprof_compute/MI300X/flash_decode/triton_fp32; HF dataset bcui2/NCU_report path AMD_MI300X/flash_decode/triton_fp32,ff3600e1831dc3bed6925f301214cad6db8234cb,matched,"verified: manifest tree_sha256 reproduced=True; capture names==expected=True; replay-audit hsaco formal==replay for 1/1 launches=True; post-fix audit PASS=True; PC-sampled instruction text found in recompiled AMDGCN=4/4 (branch targets compared by opcode only: the disassembly prints offsets, the dump prints labels)",1,profiled 2026-10-02T10:51:31+00:00..2026-10-02T10:53:53+00:00; samples on operator kernels=10 of 126 total; instruction rows from analysis/pc_sampling_instructions.csv; launch_count is the harness launch count (PC sampling does not report dispatches). swept params equal the CSV row; other params equal config case_defaults; largest-row (last CSV row of this dtype),5b82f8afed59f83c3f39696338e7ce51dec38de7,"{""batch"":2,""block_seq"":128,""head_dim"":128,""heads"":8,""seq_len"":40960}","{""num_stages"":4,""num_warps"":2}"
MI300X.triton.flash_decode.fp32.rocprof_compute,MI300X,triton,flash_decode,fp32,4a80f29c990b7dd7e58effa103150c850e8ee098122b105fe10f51bf138e9351,"{""seq_len"":40960}","rocprof-compute profile, full default counter set (13 counter passes + roofline), kernel filter ^(?:fwd_kernel_flash_decode_stage2)","application replay: one process per counter pass, each does 3 unprofiled prime calls then input generation, a 512 MiB eviction and exactly one impl.run()",outputs/rocprof_compute/MI300X/flash_decode/triton_fp32/workload,26711802a3b8a9960ec0d36805d1bcbd5da27eb44c71ad426d4e34a710d24b55,local outputs/rocprof_compute/MI300X/flash_decode/triton_fp32; HF dataset bcui2/NCU_report path AMD_MI300X/flash_decode/triton_fp32,ff3600e1831dc3bed6925f301214cad6db8234cb,matched,"verified: manifest tree_sha256 reproduced=True; capture names==expected=True; replay-audit hsaco formal==replay for 1/1 launches=True; post-fix audit PASS=True; PC-sampled instruction text found in recompiled AMDGCN=4/4 (branch targets compared by opcode only: the disassembly prints offsets, the dump prints labels)",1,"profiled 2026-10-02T10:51:31+00:00..2026-10-02T10:53:53+00:00; report_sha256 = tree hash of workload/; whole pair dir tree hash b79d0794f3a6030022daad4eac145ced167f58bd92152afa31cccd7743ec7a80 (matches report_manifest.json); metrics parsed from existing analysis/workload_csv (rocprof-compute analyze output, not re-run). swept params equal the CSV row; other params equal config case_defaults; largest-row (last CSV row of this dtype)",5b82f8afed59f83c3f39696338e7ce51dec38de7,"{""batch"":2,""block_seq"":128,""head_dim"":128,""heads"":8,""seq_len"":40960}","{""num_stages"":4,""num_warps"":2}"
MI300X.triton.flash_decode.fp32.static_isa,MI300X,triton,flash_decode,fp32,4a80f29c990b7dd7e58effa103150c850e8ee098122b105fe10f51bf138e9351,"{""seq_len"":40960}",static compile artifacts (TTIR/TTGIR/LLIR/AMDGCN) of the formal-path winner kernels,offline recompilation during the 2026-10-05 replay audit (no execution counters),outputs/profiling/MI300X/analysis_2026-10-05/triton_ir/flash_decode__fp32__fwd_kernel_flash_decode_stage2__HLQG67RZ,7a0cef5a18b82a7440b134e4d70bb8d607f8f879b6eb7f44773c627cc62a3485,local outputs/profiling/MI300X/analysis_2026-10-05/triton_ir (one directory per code object),analysis_2026-10-05,matched,"verified: manifest tree_sha256 reproduced=True; capture names==expected=True; replay-audit hsaco formal==replay for 1/1 launches=True; post-fix audit PASS=True; PC-sampled instruction text found in recompiled AMDGCN=4/4 (branch targets compared by opcode only: the disassembly prints offsets, the dump prints labels)",1,report_sha256 = sha256 over sorted '<dir>\t<tree_sha256(dir)>' lines of the listed stage directories; recompiled binaries are hsaco-identical between the formal autotune path and the profiling replay (replay_audit/flash_decode__fp32__formal.json). swept params equal the CSV row; other params equal config case_defaults; largest-row (last CSV row of this dtype),5b82f8afed59f83c3f39696338e7ce51dec38de7,"{""batch"":2,""block_seq"":128,""head_dim"":128,""heads"":8,""seq_len"":40960}","{""num_stages"":4,""num_warps"":2}"
MI300X.triton.fused_activation.fp32.pc_sampling,MI300X,triton,fused_activation,fp32,87de177b13704cb7520ea8d9b373a3b86f8ae628a818b56103678af36f24224f,"{""n"":20971520}","rocprof-compute --experimental profile --pc-sampling (stochastic, interval 65536)",single application run (same harness: 3 prime calls + 1 profiled call),outputs/rocprof_compute/MI300X/fused_activation/triton_fp32/pc_sampling,607a9bc99d002f4af49d85985df4e7bc0868e026f11b9d8c6982bbbd5d8981da,local outputs/rocprof_compute/MI300X/fused_activation/triton_fp32; HF dataset bcui2/NCU_report path AMD_MI300X/fused_activation/triton_fp32,ff3600e1831dc3bed6925f301214cad6db8234cb,matched,"verified: manifest tree_sha256 reproduced=True; capture names==expected=True; replay-audit hsaco formal==replay for 1/1 launches=True; post-fix audit PASS=True; PC-sampled instruction text found in recompiled AMDGCN=10/10 (branch targets compared by opcode only: the disassembly prints offsets, the dump prints labels)",1,profiled 2026-10-02T10:53:53+00:00..2026-10-02T10:56:16+00:00; samples on operator kernels=104 of 324 total; instruction rows from analysis/pc_sampling_instructions.csv; launch_count is the harness launch count (PC sampling does not report dispatches). swept params equal the CSV row; other params equal config case_defaults; largest-row (last CSV row of this dtype),5b82f8afed59f83c3f39696338e7ce51dec38de7,"{""dtype"":""fp32"",""n"":20971520}","{""BLOCK_SIZE"":512,""num_warps"":4}"
MI300X.triton.fused_activation.fp32.rocprof_compute,MI300X,triton,fused_activation,fp32,87de177b13704cb7520ea8d9b373a3b86f8ae628a818b56103678af36f24224f,"{""n"":20971520}","rocprof-compute profile, full default counter set (13 counter passes + roofline), kernel filter ^(?:fused_activation_kernel)","application replay: one process per counter pass, each does 3 unprofiled prime calls then input generation, a 512 MiB eviction and exactly one impl.run()",outputs/rocprof_compute/MI300X/fused_activation/triton_fp32/workload,ece48910eb1e20362db153baf706b5b5747e2a9978ece0f7fbe2221747851ebc,local outputs/rocprof_compute/MI300X/fused_activation/triton_fp32; HF dataset bcui2/NCU_report path AMD_MI300X/fused_activation/triton_fp32,ff3600e1831dc3bed6925f301214cad6db8234cb,matched,"verified: manifest tree_sha256 reproduced=True; capture names==expected=True; replay-audit hsaco formal==replay for 1/1 launches=True; post-fix audit PASS=True; PC-sampled instruction text found in recompiled AMDGCN=10/10 (branch targets compared by opcode only: the disassembly prints offsets, the dump prints labels)",1,"profiled 2026-10-02T10:53:53+00:00..2026-10-02T10:56:16+00:00; report_sha256 = tree hash of workload/; whole pair dir tree hash aaee22fd6c183c95c8b54e0641dabf39eb47974adbf53c4aa2e677ae4d341d2f (matches report_manifest.json); metrics parsed from existing analysis/workload_csv (rocprof-compute analyze output, not re-run). swept params equal the CSV row; other params equal config case_defaults; largest-row (last CSV row of this dtype)",5b82f8afed59f83c3f39696338e7ce51dec38de7,"{""dtype"":""fp32"",""n"":20971520}","{""BLOCK_SIZE"":512,""num_warps"":4}"
MI300X.triton.fused_activation.fp32.static_isa,MI300X,triton,fused_activation,fp32,87de177b13704cb7520ea8d9b373a3b86f8ae628a818b56103678af36f24224f,"{""n"":20971520}",static compile artifacts (TTIR/TTGIR/LLIR/AMDGCN) of the formal-path winner kernels,offline recompilation during the 2026-10-05 replay audit (no execution counters),outputs/profiling/MI300X/analysis_2026-10-05/triton_ir/fused_activation__fp32__fused_activation_kernel__RPRJVNNQ,307f5db5970eaa6daa07873aeb10e9eb3830170aaa19c10c5141f2297c9426c0,local outputs/profiling/MI300X/analysis_2026-10-05/triton_ir (one directory per code object),analysis_2026-10-05,matched,"verified: manifest tree_sha256 reproduced=True; capture names==expected=True; replay-audit hsaco formal==replay for 1/1 launches=True; post-fix audit PASS=True; PC-sampled instruction text found in recompiled AMDGCN=10/10 (branch targets compared by opcode only: the disassembly prints offsets, the dump prints labels)",1,report_sha256 = sha256 over sorted '<dir>\t<tree_sha256(dir)>' lines of the listed stage directories; recompiled binaries are hsaco-identical between the formal autotune path and the profiling replay (replay_audit/fused_activation__fp32__formal.json). swept params equal the CSV row; other params equal config case_defaults; largest-row (last CSV row of this dtype),5b82f8afed59f83c3f39696338e7ce51dec38de7,"{""dtype"":""fp32"",""n"":20971520}","{""BLOCK_SIZE"":512,""num_warps"":4}"
MI300X.triton.gaussian_blur.fp16.pc_sampling,MI300X,triton,gaussian_blur,fp16,11ac1a12af9a687b4b13f55fb7045bcdad04c131217d5c74fa68d3e0aa3b1cb6,"{""input_rows"":10240}","rocprof-compute --experimental profile --pc-sampling (stochastic, interval 65536)",single application run (same harness: 3 prime calls + 1 profiled call),outputs/rocprof_compute/MI300X/gaussian_blur/triton_fp16/pc_sampling,26b903683d233f5f2b83ba58a76afb6228ababb219d13a5d541297f98b2bc203,local outputs/rocprof_compute/MI300X/gaussian_blur/triton_fp16; HF dataset bcui2/NCU_report path AMD_MI300X/gaussian_blur/triton_fp16,ff3600e1831dc3bed6925f301214cad6db8234cb,matched,"verified: manifest tree_sha256 reproduced=True; capture names==expected=True; replay-audit hsaco formal==replay for 1/1 launches=True; post-fix audit PASS=True; PC-sampled instruction text found in recompiled AMDGCN=271/271 (branch targets compared by opcode only: the disassembly prints offsets, the dump prints labels)",1,profiled 2026-10-02T10:56:16+00:00..2026-10-02T10:58:41+00:00; samples on operator kernels=885 of 1291 total; instruction rows from analysis/pc_sampling_instructions.csv; launch_count is the harness launch count (PC sampling does not report dispatches). swept params equal the CSV row; other params equal config case_defaults; largest-row (last CSV row of this dtype),5b82f8afed59f83c3f39696338e7ce51dec38de7,"{""input_rows"":10240,""kernel_cols"":7,""kernel_rows"":7}","{""BLOCK_C"":64,""BLOCK_R"":8,""num_warps"":8}"
MI300X.triton.gaussian_blur.fp16.rocprof_compute,MI300X,triton,gaussian_blur,fp16,11ac1a12af9a687b4b13f55fb7045bcdad04c131217d5c74fa68d3e0aa3b1cb6,"{""input_rows"":10240}","rocprof-compute profile, full default counter set (13 counter passes + roofline), kernel filter ^(?:gaussian_blur_kernel)","application replay: one process per counter pass, each does 3 unprofiled prime calls then input generation, a 512 MiB eviction and exactly one impl.run()",outputs/rocprof_compute/MI300X/gaussian_blur/triton_fp16/workload,d1866d902f034862a154da582b226a83009c1758020cbc68aa32abb8364752cb,local outputs/rocprof_compute/MI300X/gaussian_blur/triton_fp16; HF dataset bcui2/NCU_report path AMD_MI300X/gaussian_blur/triton_fp16,ff3600e1831dc3bed6925f301214cad6db8234cb,matched,"verified: manifest tree_sha256 reproduced=True; capture names==expected=True; replay-audit hsaco formal==replay for 1/1 launches=True; post-fix audit PASS=True; PC-sampled instruction text found in recompiled AMDGCN=271/271 (branch targets compared by opcode only: the disassembly prints offsets, the dump prints labels)",1,"profiled 2026-10-02T10:56:16+00:00..2026-10-02T10:58:41+00:00; report_sha256 = tree hash of workload/; whole pair dir tree hash 78ac7456a4418f3e517d2cfe194afc8309ce6efcf4c488446ac22f85355b3462 (matches report_manifest.json); metrics parsed from existing analysis/workload_csv (rocprof-compute analyze output, not re-run). swept params equal the CSV row; other params equal config case_defaults; largest-row (last CSV row of this dtype)",5b82f8afed59f83c3f39696338e7ce51dec38de7,"{""input_rows"":10240,""kernel_cols"":7,""kernel_rows"":7}","{""BLOCK_C"":64,""BLOCK_R"":8,""num_warps"":8}"
MI300X.triton.gaussian_blur.fp16.static_isa,MI300X,triton,gaussian_blur,fp16,11ac1a12af9a687b4b13f55fb7045bcdad04c131217d5c74fa68d3e0aa3b1cb6,"{""input_rows"":10240}",static compile artifacts (TTIR/TTGIR/LLIR/AMDGCN) of the formal-path winner kernels,offline recompilation during the 2026-10-05 replay audit (no execution counters),outputs/profiling/MI300X/analysis_2026-10-05/triton_ir/gaussian_blur__fp16__gaussian_blur_kernel__OU3Y7BSG,bf72a2c18ef5c0b646adf65b28cd016dd9784d675e04d90dd54681a25841ab15,local outputs/profiling/MI300X/analysis_2026-10-05/triton_ir (one directory per code object),analysis_2026-10-05,matched,"verified: manifest tree_sha256 reproduced=True; capture names==expected=True; replay-audit hsaco formal==replay for 1/1 launches=True; post-fix audit PASS=True; PC-sampled instruction text found in recompiled AMDGCN=271/271 (branch targets compared by opcode only: the disassembly prints offsets, the dump prints labels)",1,report_sha256 = sha256 over sorted '<dir>\t<tree_sha256(dir)>' lines of the listed stage directories; recompiled binaries are hsaco-identical between the formal autotune path and the profiling replay (replay_audit/gaussian_blur__fp16__formal.json). swept params equal the CSV row; other params equal config case_defaults; largest-row (last CSV row of this dtype),5b82f8afed59f83c3f39696338e7ce51dec38de7,"{""input_rows"":10240,""kernel_cols"":7,""kernel_rows"":7}","{""BLOCK_C"":64,""BLOCK_R"":8,""num_warps"":8}"
MI300X.triton.gaussian_blur.fp32.pc_sampling,MI300X,triton,gaussian_blur,fp32,61ca6af04220eb0072db61c157de41a1b07ffc98d80308e33d90fb1caf48179f,"{""input_rows"":10240}","rocprof-compute --experimental profile --pc-sampling (stochastic, interval 65536)",single application run (same harness: 3 prime calls + 1 profiled call),outputs/rocprof_compute/MI300X/gaussian_blur/triton_fp32/pc_sampling,4d10fecd33556a4a3c044b2d0d4bcfe9812ba8b5512383c8f30869f762e45214,local outputs/rocprof_compute/MI300X/gaussian_blur/triton_fp32; HF dataset bcui2/NCU_report path AMD_MI300X/gaussian_blur/triton_fp32,ff3600e1831dc3bed6925f301214cad6db8234cb,matched,"verified: manifest tree_sha256 reproduced=True; capture names==expected=True; replay-audit hsaco formal==replay for 1/1 launches=True; post-fix audit PASS=True; PC-sampled instruction text found in recompiled AMDGCN=227/227 (branch targets compared by opcode only: the disassembly prints offsets, the dump prints labels)",1,profiled 2026-10-02T10:58:41+00:00..2026-10-02T11:01:05+00:00; samples on operator kernels=679 of 1087 total; instruction rows from analysis/pc_sampling_instructions.csv; launch_count is the harness launch count (PC sampling does not report dispatches). swept params equal the CSV row; other params equal config case_defaults; largest-row (last CSV row of this dtype),5b82f8afed59f83c3f39696338e7ce51dec38de7,"{""input_rows"":10240,""kernel_cols"":7,""kernel_rows"":7}","{""BLOCK_C"":128,""BLOCK_R"":4,""num_warps"":8}"
MI300X.triton.gaussian_blur.fp32.rocprof_compute,MI300X,triton,gaussian_blur,fp32,61ca6af04220eb0072db61c157de41a1b07ffc98d80308e33d90fb1caf48179f,"{""input_rows"":10240}","rocprof-compute profile, full default counter set (13 counter passes + roofline), kernel filter ^(?:gaussian_blur_kernel)","application replay: one process per counter pass, each does 3 unprofiled prime calls then input generation, a 512 MiB eviction and exactly one impl.run()",outputs/rocprof_compute/MI300X/gaussian_blur/triton_fp32/workload,3f03ef31c376e9157d72139f4048370d707fcd0789515e9c43fadfa1797a0ab4,local outputs/rocprof_compute/MI300X/gaussian_blur/triton_fp32; HF dataset bcui2/NCU_report path AMD_MI300X/gaussian_blur/triton_fp32,ff3600e1831dc3bed6925f301214cad6db8234cb,matched,"verified: manifest tree_sha256 reproduced=True; capture names==expected=True; replay-audit hsaco formal==replay for 1/1 launches=True; post-fix audit PASS=True; PC-sampled instruction text found in recompiled AMDGCN=227/227 (branch targets compared by opcode only: the disassembly prints offsets, the dump prints labels)",1,"profiled 2026-10-02T10:58:41+00:00..2026-10-02T11:01:05+00:00; report_sha256 = tree hash of workload/; whole pair dir tree hash c7017bd1662ad564d1a483591d0711be5cfff3eaaba85e6602c7d720c61aab6e (matches report_manifest.json); metrics parsed from existing analysis/workload_csv (rocprof-compute analyze output, not re-run). swept params equal the CSV row; other params equal config case_defaults; largest-row (last CSV row of this dtype)",5b82f8afed59f83c3f39696338e7ce51dec38de7,"{""input_rows"":10240,""kernel_cols"":7,""kernel_rows"":7}","{""BLOCK_C"":128,""BLOCK_R"":4,""num_warps"":8}"
MI300X.triton.gaussian_blur.fp32.static_isa,MI300X,triton,gaussian_blur,fp32,61ca6af04220eb0072db61c157de41a1b07ffc98d80308e33d90fb1caf48179f,"{""input_rows"":10240}",static compile artifacts (TTIR/TTGIR/LLIR/AMDGCN) of the formal-path winner kernels,offline recompilation during the 2026-10-05 replay audit (no execution counters),outputs/profiling/MI300X/analysis_2026-10-05/triton_ir/gaussian_blur__fp32__gaussian_blur_kernel__7W4UMWDL,d432fc35cbac1954d8a2e076f676821bb7d4245b3aaab4993ee48402dcf01eb2,local outputs/profiling/MI300X/analysis_2026-10-05/triton_ir (one directory per code object),analysis_2026-10-05,matched,"verified: manifest tree_sha256 reproduced=True; capture names==expected=True; replay-audit hsaco formal==replay for 1/1 launches=True; post-fix audit PASS=True; PC-sampled instruction text found in recompiled AMDGCN=227/227 (branch targets compared by opcode only: the disassembly prints offsets, the dump prints labels)",1,report_sha256 = sha256 over sorted '<dir>\t<tree_sha256(dir)>' lines of the listed stage directories; recompiled binaries are hsaco-identical between the formal autotune path and the profiling replay (replay_audit/gaussian_blur__fp32__formal.json). swept params equal the CSV row; other params equal config case_defaults; largest-row (last CSV row of this dtype),5b82f8afed59f83c3f39696338e7ce51dec38de7,"{""input_rows"":10240,""kernel_cols"":7,""kernel_rows"":7}","{""BLOCK_C"":128,""BLOCK_R"":4,""num_warps"":8}"
MI300X.triton.histogramming.int32.pc_sampling,MI300X,triton,histogramming,int32,f9bfd31dd20ac4b3ebc4075a2352bd169165fcbb1a54091fba1d19801eac66e4,"{""N"":67108864,""num_bins"":4096}","rocprof-compute --experimental profile --pc-sampling (stochastic, interval 65536)",single application run (same harness: 3 prime calls + 1 profiled call),outputs/rocprof_compute/MI300X/histogramming/triton_int32/pc_sampling,1cd5d5f8f70ab381cbc9d03ae76e2e33f4e5b4a55beff946cea9a62b318b5d0f,local outputs/rocprof_compute/MI300X/histogramming/triton_int32; HF dataset bcui2/NCU_report path AMD_MI300X/histogramming/triton_int32,ff3600e1831dc3bed6925f301214cad6db8234cb,matched,"verified: manifest tree_sha256 reproduced=True; capture names==expected=True; replay-audit hsaco formal==replay for 2/2 launches=True; post-fix audit PASS=True; PC-sampled instruction text found in recompiled AMDGCN=34/34 (branch targets compared by opcode only: the disassembly prints offsets, the dump prints labels)",2,profiled 2026-10-02T11:01:05+00:00..2026-10-02T11:03:33+00:00; samples on operator kernels=4121 of 4612 total; instruction rows from analysis/pc_sampling_instructions.csv; launch_count is the harness launch count (PC sampling does not report dispatches). swept params equal the CSV row; other params equal config case_defaults; largest-row (last CSV row of this dtype),5b82f8afed59f83c3f39696338e7ce51dec38de7,"{""N"":67108864,""num_bins"":4096}","{""partial_BLOCK_SIZE"":2048,""partial_num_warps"":4,""reduce_BLOCK_BINS"":64,""reduce_BLOCK_ROWS"":128,""reduce_num_stages"":2,""reduce_num_warps"":4}"
MI300X.triton.histogramming.int32.rocprof_compute,MI300X,triton,histogramming,int32,f9bfd31dd20ac4b3ebc4075a2352bd169165fcbb1a54091fba1d19801eac66e4,"{""N"":67108864,""num_bins"":4096}","rocprof-compute profile, full default counter set (13 counter passes + roofline), kernel filter ^(?:histogram_partial_kernel|histogram_reduce_kernel)","application replay: one process per counter pass, each does 3 unprofiled prime calls then input generation, a 512 MiB eviction and exactly one impl.run()",outputs/rocprof_compute/MI300X/histogramming/triton_int32/workload,5dedbd9e1e43ee8fdaefa1b274d1627321e73bb0708475a52b74aaa2b4fc7821,local outputs/rocprof_compute/MI300X/histogramming/triton_int32; HF dataset bcui2/NCU_report path AMD_MI300X/histogramming/triton_int32,ff3600e1831dc3bed6925f301214cad6db8234cb,matched,"verified: manifest tree_sha256 reproduced=True; capture names==expected=True; replay-audit hsaco formal==replay for 2/2 launches=True; post-fix audit PASS=True; PC-sampled instruction text found in recompiled AMDGCN=34/34 (branch targets compared by opcode only: the disassembly prints offsets, the dump prints labels)",2,"profiled 2026-10-02T11:01:05+00:00..2026-10-02T11:03:33+00:00; report_sha256 = tree hash of workload/; whole pair dir tree hash b3beebe82f116f310777e04a79458b67e1977db3b3b3b4bdd07a5c49e39ff6a7 (matches report_manifest.json); metrics parsed from existing analysis/workload_csv (rocprof-compute analyze output, not re-run). swept params equal the CSV row; other params equal config case_defaults; largest-row (last CSV row of this dtype)",5b82f8afed59f83c3f39696338e7ce51dec38de7,"{""N"":67108864,""num_bins"":4096}","{""partial_BLOCK_SIZE"":2048,""partial_num_warps"":4,""reduce_BLOCK_BINS"":64,""reduce_BLOCK_ROWS"":128,""reduce_num_stages"":2,""reduce_num_warps"":4}"
MI300X.triton.histogramming.int32.static_isa,MI300X,triton,histogramming,int32,f9bfd31dd20ac4b3ebc4075a2352bd169165fcbb1a54091fba1d19801eac66e4,"{""N"":67108864,""num_bins"":4096}",static compile artifacts (TTIR/TTGIR/LLIR/AMDGCN) of the formal-path winner kernels,offline recompilation during the 2026-10-05 replay audit (no execution counters),outputs/profiling/MI300X/analysis_2026-10-05/triton_ir/histogramming__int32__histogram_partial_kernel__MLDRFMMZ;outputs/profiling/MI300X/analysis_2026-10-05/triton_ir/histogramming__int32__histogram_reduce_kernel__VUENNUEH,991118956d7fd36ace9c54bf1439b3d7b3baad7c6ee2a32b5cdacd95295f3759,local outputs/profiling/MI300X/analysis_2026-10-05/triton_ir (one directory per code object),analysis_2026-10-05,matched,"verified: manifest tree_sha256 reproduced=True; capture names==expected=True; replay-audit hsaco formal==replay for 2/2 launches=True; post-fix audit PASS=True; PC-sampled instruction text found in recompiled AMDGCN=34/34 (branch targets compared by opcode only: the disassembly prints offsets, the dump prints labels)",2,report_sha256 = sha256 over sorted '<dir>\t<tree_sha256(dir)>' lines of the listed stage directories; recompiled binaries are hsaco-identical between the formal autotune path and the profiling replay (replay_audit/histogramming__int32__formal.json). swept params equal the CSV row; other params equal config case_defaults; largest-row (last CSV row of this dtype),5b82f8afed59f83c3f39696338e7ce51dec38de7,"{""N"":67108864,""num_bins"":4096}","{""partial_BLOCK_SIZE"":2048,""partial_num_warps"":4,""reduce_BLOCK_BINS"":64,""reduce_BLOCK_ROWS"":128,""reduce_num_stages"":2,""reduce_num_warps"":4}"
MI300X.triton.interleave.bf16.pc_sampling,MI300X,triton,interleave,bf16,231214f8e0e430373e2b903574d0192664627ddcd84f4888deea729092c0929f,"{""n"":20000000}","rocprof-compute --experimental profile --pc-sampling (stochastic, interval 65536)",single application run (same harness: 3 prime calls + 1 profiled call),outputs/rocprof_compute/MI300X/interleave/triton_bf16/pc_sampling,c36419f2ee2ce919176e170859fed6ad42d3cd6892ef454abc9da0f01fcf9f5c,local outputs/rocprof_compute/MI300X/interleave/triton_bf16; HF dataset bcui2/NCU_report path AMD_MI300X/interleave/triton_bf16,ff3600e1831dc3bed6925f301214cad6db8234cb,matched,"verified: manifest tree_sha256 reproduced=True; capture names==expected=True; replay-audit hsaco formal==replay for 1/1 launches=True; post-fix audit PASS=True; PC-sampled instruction text found in recompiled AMDGCN=7/7 (branch targets compared by opcode only: the disassembly prints offsets, the dump prints labels)",1,profiled 2026-10-02T11:05:55+00:00..2026-10-02T11:08:18+00:00; samples on operator kernels=93 of 318 total; instruction rows from analysis/pc_sampling_instructions.csv; launch_count is the harness launch count (PC sampling does not report dispatches). swept params equal the CSV row; other params equal config case_defaults; largest-row (last CSV row of this dtype),5b82f8afed59f83c3f39696338e7ce51dec38de7,"{""n"":20000000}","{""BLOCK_SIZE"":4096,""num_stages"":1,""num_warps"":8}"
MI300X.triton.interleave.bf16.rocprof_compute,MI300X,triton,interleave,bf16,231214f8e0e430373e2b903574d0192664627ddcd84f4888deea729092c0929f,"{""n"":20000000}","rocprof-compute profile, full default counter set (13 counter passes + roofline), kernel filter ^(?:interleave_kernel)","application replay: one process per counter pass, each does 3 unprofiled prime calls then input generation, a 512 MiB eviction and exactly one impl.run()",outputs/rocprof_compute/MI300X/interleave/triton_bf16/workload,b35451926aee7e781db31c8987d9b0ef5a362c9c6dbf93dea280a29da67d8979,local outputs/rocprof_compute/MI300X/interleave/triton_bf16; HF dataset bcui2/NCU_report path AMD_MI300X/interleave/triton_bf16,ff3600e1831dc3bed6925f301214cad6db8234cb,matched,"verified: manifest tree_sha256 reproduced=True; capture names==expected=True; replay-audit hsaco formal==replay for 1/1 launches=True; post-fix audit PASS=True; PC-sampled instruction text found in recompiled AMDGCN=7/7 (branch targets compared by opcode only: the disassembly prints offsets, the dump prints labels)",1,"profiled 2026-10-02T11:05:55+00:00..2026-10-02T11:08:18+00:00; report_sha256 = tree hash of workload/; whole pair dir tree hash 5cdaffd35c53a42cc36f8a4f16caed2af219122550da3b58abb7d9c8484da822 (matches report_manifest.json); metrics parsed from existing analysis/workload_csv (rocprof-compute analyze output, not re-run). swept params equal the CSV row; other params equal config case_defaults; largest-row (last CSV row of this dtype)",5b82f8afed59f83c3f39696338e7ce51dec38de7,"{""n"":20000000}","{""BLOCK_SIZE"":4096,""num_stages"":1,""num_warps"":8}"
MI300X.triton.interleave.bf16.static_isa,MI300X,triton,interleave,bf16,231214f8e0e430373e2b903574d0192664627ddcd84f4888deea729092c0929f,"{""n"":20000000}",static compile artifacts (TTIR/TTGIR/LLIR/AMDGCN) of the formal-path winner kernels,offline recompilation during the 2026-10-05 replay audit (no execution counters),outputs/profiling/MI300X/analysis_2026-10-05/triton_ir/interleave__bf16__interleave_kernel__EZ5SQKXF,ace9c450321a69dd772774d83d26ed95812a77f2bcd7e1ffd86319cd39134cd6,local outputs/profiling/MI300X/analysis_2026-10-05/triton_ir (one directory per code object),analysis_2026-10-05,matched,"verified: manifest tree_sha256 reproduced=True; capture names==expected=True; replay-audit hsaco formal==replay for 1/1 launches=True; post-fix audit PASS=True; PC-sampled instruction text found in recompiled AMDGCN=7/7 (branch targets compared by opcode only: the disassembly prints offsets, the dump prints labels)",1,report_sha256 = sha256 over sorted '<dir>\t<tree_sha256(dir)>' lines of the listed stage directories; recompiled binaries are hsaco-identical between the formal autotune path and the profiling replay (replay_audit/interleave__bf16__formal.json). swept params equal the CSV row; other params equal config case_defaults; largest-row (last CSV row of this dtype),5b82f8afed59f83c3f39696338e7ce51dec38de7,"{""n"":20000000}","{""BLOCK_SIZE"":4096,""num_stages"":1,""num_warps"":8}"
MI300X.triton.interleave.fp16.pc_sampling,MI300X,triton,interleave,fp16,43025e2598febba6c1048b0c4985c2e7e4fa31aa71830252fb49b010661447cb,"{""n"":20000000}","rocprof-compute --experimental profile --pc-sampling (stochastic, interval 65536)",single application run (same harness: 3 prime calls + 1 profiled call),outputs/rocprof_compute/MI300X/interleave/triton_fp16/pc_sampling,a75b96c48969ce2f5386a578646cf71dd48ce706a2b9a51ffe3e6a94dfe186ad,local outputs/rocprof_compute/MI300X/interleave/triton_fp16; HF dataset bcui2/NCU_report path AMD_MI300X/interleave/triton_fp16,ff3600e1831dc3bed6925f301214cad6db8234cb,matched,"verified: manifest tree_sha256 reproduced=True; capture names==expected=True; replay-audit hsaco formal==replay for 1/1 launches=True; post-fix audit PASS=True; PC-sampled instruction text found in recompiled AMDGCN=12/12 (branch targets compared by opcode only: the disassembly prints offsets, the dump prints labels)",1,profiled 2026-10-02T11:03:33+00:00..2026-10-02T11:05:55+00:00; samples on operator kernels=80 of 269 total; instruction rows from analysis/pc_sampling_instructions.csv; launch_count is the harness launch count (PC sampling does not report dispatches). swept params equal the CSV row; other params equal config case_defaults; largest-row (last CSV row of this dtype),5b82f8afed59f83c3f39696338e7ce51dec38de7,"{""n"":20000000}","{""BLOCK_SIZE"":8192,""num_stages"":2,""num_warps"":8}"
MI300X.triton.interleave.fp16.rocprof_compute,MI300X,triton,interleave,fp16,43025e2598febba6c1048b0c4985c2e7e4fa31aa71830252fb49b010661447cb,"{""n"":20000000}","rocprof-compute profile, full default counter set (13 counter passes + roofline), kernel filter ^(?:interleave_kernel)","application replay: one process per counter pass, each does 3 unprofiled prime calls then input generation, a 512 MiB eviction and exactly one impl.run()",outputs/rocprof_compute/MI300X/interleave/triton_fp16/workload,01d949651e394f195f2d9ab3f3c8a883124807c51631b610f580ab3eede9c3e6,local outputs/rocprof_compute/MI300X/interleave/triton_fp16; HF dataset bcui2/NCU_report path AMD_MI300X/interleave/triton_fp16,ff3600e1831dc3bed6925f301214cad6db8234cb,matched,"verified: manifest tree_sha256 reproduced=True; capture names==expected=True; replay-audit hsaco formal==replay for 1/1 launches=True; post-fix audit PASS=True; PC-sampled instruction text found in recompiled AMDGCN=12/12 (branch targets compared by opcode only: the disassembly prints offsets, the dump prints labels)",1,"profiled 2026-10-02T11:03:33+00:00..2026-10-02T11:05:55+00:00; report_sha256 = tree hash of workload/; whole pair dir tree hash 5656869a0da29198c4455d34b535c5cbb1aa0c13cb79b1b5bfcf3a5be6919605 (matches report_manifest.json); metrics parsed from existing analysis/workload_csv (rocprof-compute analyze output, not re-run). swept params equal the CSV row; other params equal config case_defaults; largest-row (last CSV row of this dtype)",5b82f8afed59f83c3f39696338e7ce51dec38de7,"{""n"":20000000}","{""BLOCK_SIZE"":8192,""num_stages"":2,""num_warps"":8}"
MI300X.triton.interleave.fp16.static_isa,MI300X,triton,interleave,fp16,43025e2598febba6c1048b0c4985c2e7e4fa31aa71830252fb49b010661447cb,"{""n"":20000000}",static compile artifacts (TTIR/TTGIR/LLIR/AMDGCN) of the formal-path winner kernels,offline recompilation during the 2026-10-05 replay audit (no execution counters),outputs/profiling/MI300X/analysis_2026-10-05/triton_ir/interleave__fp16__interleave_kernel__WBVG3V5M,ccceacda0987a164679e1c7f717999b60950a4670df2c24c96281889ca0e196a,local outputs/profiling/MI300X/analysis_2026-10-05/triton_ir (one directory per code object),analysis_2026-10-05,matched,"verified: manifest tree_sha256 reproduced=True; capture names==expected=True; replay-audit hsaco formal==replay for 1/1 launches=True; post-fix audit PASS=True; PC-sampled instruction text found in recompiled AMDGCN=12/12 (branch targets compared by opcode only: the disassembly prints offsets, the dump prints labels)",1,report_sha256 = sha256 over sorted '<dir>\t<tree_sha256(dir)>' lines of the listed stage directories; recompiled binaries are hsaco-identical between the formal autotune path and the profiling replay (replay_audit/interleave__fp16__formal.json). swept params equal the CSV row; other params equal config case_defaults; largest-row (last CSV row of this dtype),5b82f8afed59f83c3f39696338e7ce51dec38de7,"{""n"":20000000}","{""BLOCK_SIZE"":8192,""num_stages"":2,""num_warps"":8}"
MI300X.triton.interleave.fp32.pc_sampling,MI300X,triton,interleave,fp32,65403882606f520e5d04a0c44983a831e2d642f5549ed12ae3c35d87f2561040,"{""n"":20000000}","rocprof-compute --experimental profile --pc-sampling (stochastic, interval 65536)",single application run (same harness: 3 prime calls + 1 profiled call),outputs/rocprof_compute/MI300X/interleave/triton_fp32/pc_sampling,8f1f7d4754c85b8788f7e29bff910bddf1b391aa94ad00caca7a920b24071d55,local outputs/rocprof_compute/MI300X/interleave/triton_fp32; HF dataset bcui2/NCU_report path AMD_MI300X/interleave/triton_fp32,ff3600e1831dc3bed6925f301214cad6db8234cb,matched,"verified: manifest tree_sha256 reproduced=True; capture names==expected=True; replay-audit hsaco formal==replay for 1/1 launches=True; post-fix audit PASS=True; PC-sampled instruction text found in recompiled AMDGCN=4/4 (branch targets compared by opcode only: the disassembly prints offsets, the dump prints labels)",1,profiled 2026-10-02T11:08:18+00:00..2026-10-02T11:10:41+00:00; samples on operator kernels=117 of 303 total; instruction rows from analysis/pc_sampling_instructions.csv; launch_count is the harness launch count (PC sampling does not report dispatches). swept params equal the CSV row; other params equal config case_defaults; largest-row (last CSV row of this dtype),5b82f8afed59f83c3f39696338e7ce51dec38de7,"{""n"":20000000}","{""BLOCK_SIZE"":1024,""num_stages"":1,""num_warps"":8}"
MI300X.triton.interleave.fp32.rocprof_compute,MI300X,triton,interleave,fp32,65403882606f520e5d04a0c44983a831e2d642f5549ed12ae3c35d87f2561040,"{""n"":20000000}","rocprof-compute profile, full default counter set (13 counter passes + roofline), kernel filter ^(?:interleave_kernel)","application replay: one process per counter pass, each does 3 unprofiled prime calls then input generation, a 512 MiB eviction and exactly one impl.run()",outputs/rocprof_compute/MI300X/interleave/triton_fp32/workload,42b05428497aeb33f3793e66979bb69f03683d8044a26dc6b325c86a174f9862,local outputs/rocprof_compute/MI300X/interleave/triton_fp32; HF dataset bcui2/NCU_report path AMD_MI300X/interleave/triton_fp32,ff3600e1831dc3bed6925f301214cad6db8234cb,matched,"verified: manifest tree_sha256 reproduced=True; capture names==expected=True; replay-audit hsaco formal==replay for 1/1 launches=True; post-fix audit PASS=True; PC-sampled instruction text found in recompiled AMDGCN=4/4 (branch targets compared by opcode only: the disassembly prints offsets, the dump prints labels)",1,"profiled 2026-10-02T11:08:18+00:00..2026-10-02T11:10:41+00:00; report_sha256 = tree hash of workload/; whole pair dir tree hash c4cfad44df4c4c63d8fb0ddf42e376b3ca8342a43478bfb51f09aa6a8341be12 (matches report_manifest.json); metrics parsed from existing analysis/workload_csv (rocprof-compute analyze output, not re-run). swept params equal the CSV row; other params equal config case_defaults; largest-row (last CSV row of this dtype)",5b82f8afed59f83c3f39696338e7ce51dec38de7,"{""n"":20000000}","{""BLOCK_SIZE"":1024,""num_stages"":1,""num_warps"":8}"
MI300X.triton.interleave.fp32.static_isa,MI300X,triton,interleave,fp32,65403882606f520e5d04a0c44983a831e2d642f5549ed12ae3c35d87f2561040,"{""n"":20000000}",static compile artifacts (TTIR/TTGIR/LLIR/AMDGCN) of the formal-path winner kernels,offline recompilation during the 2026-10-05 replay audit (no execution counters),outputs/profiling/MI300X/analysis_2026-10-05/triton_ir/interleave__fp32__interleave_kernel__H6EOFVIF,4a8164c3e80c542ce6e0f68f1587d16a500a5f4ae1410eff46b60a4e2a16de16,local outputs/profiling/MI300X/analysis_2026-10-05/triton_ir (one directory per code object),analysis_2026-10-05,matched,"verified: manifest tree_sha256 reproduced=True; capture names==expected=True; replay-audit hsaco formal==replay for 1/1 launches=True; post-fix audit PASS=True; PC-sampled instruction text found in recompiled AMDGCN=4/4 (branch targets compared by opcode only: the disassembly prints offsets, the dump prints labels)",1,report_sha256 = sha256 over sorted '<dir>\t<tree_sha256(dir)>' lines of the listed stage directories; recompiled binaries are hsaco-identical between the formal autotune path and the profiling replay (replay_audit/interleave__fp32__formal.json). swept params equal the CSV row; other params equal config case_defaults; largest-row (last CSV row of this dtype),5b82f8afed59f83c3f39696338e7ce51dec38de7,"{""n"":20000000}","{""BLOCK_SIZE"":1024,""num_stages"":1,""num_warps"":8}"
MI300X.triton.interleave.int8.pc_sampling,MI300X,triton,interleave,int8,c253853e717bafcb3c476fd50e94798de9f99d091f78f4bfb1ec647235e88cfc,"{""n"":20000000}","rocprof-compute --experimental profile --pc-sampling (stochastic, interval 65536)",single application run (same harness: 3 prime calls + 1 profiled call),outputs/rocprof_compute/MI300X/interleave/triton_int8/pc_sampling,18e051ce47d5ebd49b6f1d4f5b4f93f96a53ce04ac0e809ed121d531feae2bee,local outputs/rocprof_compute/MI300X/interleave/triton_int8; HF dataset bcui2/NCU_report path AMD_MI300X/interleave/triton_int8,ff3600e1831dc3bed6925f301214cad6db8234cb,matched,"verified: manifest tree_sha256 reproduced=True; capture names==expected=True; replay-audit hsaco formal==replay for 1/1 launches=True; post-fix audit PASS=True; PC-sampled instruction text found in recompiled AMDGCN=11/11 (branch targets compared by opcode only: the disassembly prints offsets, the dump prints labels)",1,profiled 2026-10-02T11:10:41+00:00..2026-10-02T11:13:06+00:00; samples on operator kernels=38 of 401 total; instruction rows from analysis/pc_sampling_instructions.csv; launch_count is the harness launch count (PC sampling does not report dispatches). swept params equal the CSV row; other params equal config case_defaults; largest-row (last CSV row of this dtype),5b82f8afed59f83c3f39696338e7ce51dec38de7,"{""n"":20000000}","{""BLOCK_SIZE"":8192,""num_stages"":1,""num_warps"":4}"
MI300X.triton.interleave.int8.rocprof_compute,MI300X,triton,interleave,int8,c253853e717bafcb3c476fd50e94798de9f99d091f78f4bfb1ec647235e88cfc,"{""n"":20000000}","rocprof-compute profile, full default counter set (13 counter passes + roofline), kernel filter ^(?:interleave_kernel)","application replay: one process per counter pass, each does 3 unprofiled prime calls then input generation, a 512 MiB eviction and exactly one impl.run()",outputs/rocprof_compute/MI300X/interleave/triton_int8/workload,e9e4db7c96e0d9077688da8152e669652025d17acea55af5fc4a73e25862d196,local outputs/rocprof_compute/MI300X/interleave/triton_int8; HF dataset bcui2/NCU_report path AMD_MI300X/interleave/triton_int8,ff3600e1831dc3bed6925f301214cad6db8234cb,matched,"verified: manifest tree_sha256 reproduced=True; capture names==expected=True; replay-audit hsaco formal==replay for 1/1 launches=True; post-fix audit PASS=True; PC-sampled instruction text found in recompiled AMDGCN=11/11 (branch targets compared by opcode only: the disassembly prints offsets, the dump prints labels)",1,"profiled 2026-10-02T11:10:41+00:00..2026-10-02T11:13:06+00:00; report_sha256 = tree hash of workload/; whole pair dir tree hash f8d6c5dbbabbe2f65b4b62786e6687db5ddf72046bee9f9c8e90970eabd35136 (matches report_manifest.json); metrics parsed from existing analysis/workload_csv (rocprof-compute analyze output, not re-run). swept params equal the CSV row; other params equal config case_defaults; largest-row (last CSV row of this dtype)",5b82f8afed59f83c3f39696338e7ce51dec38de7,"{""n"":20000000}","{""BLOCK_SIZE"":8192,""num_stages"":1,""num_warps"":4}"
MI300X.triton.interleave.int8.static_isa,MI300X,triton,interleave,int8,c253853e717bafcb3c476fd50e94798de9f99d091f78f4bfb1ec647235e88cfc,"{""n"":20000000}",static compile artifacts (TTIR/TTGIR/LLIR/AMDGCN) of the formal-path winner kernels,offline recompilation during the 2026-10-05 replay audit (no execution counters),outputs/profiling/MI300X/analysis_2026-10-05/triton_ir/interleave__int8__interleave_kernel__MIDWBUF2,9dc9f4cd8fa88093fbb283b6ef2a46b47f0b29bb82d32403b49d268fa3a5d896,local outputs/profiling/MI300X/analysis_2026-10-05/triton_ir (one directory per code object),analysis_2026-10-05,matched,"verified: manifest tree_sha256 reproduced=True; capture names==expected=True; replay-audit hsaco formal==replay for 1/1 launches=True; post-fix audit PASS=True; PC-sampled instruction text found in recompiled AMDGCN=11/11 (branch targets compared by opcode only: the disassembly prints offsets, the dump prints labels)",1,report_sha256 = sha256 over sorted '<dir>\t<tree_sha256(dir)>' lines of the listed stage directories; recompiled binaries are hsaco-identical between the formal autotune path and the profiling replay (replay_audit/interleave__int8__formal.json). swept params equal the CSV row; other params equal config case_defaults; largest-row (last CSV row of this dtype),5b82f8afed59f83c3f39696338e7ce51dec38de7,"{""n"":20000000}","{""BLOCK_SIZE"":8192,""num_stages"":1,""num_warps"":4}"
MI300X.triton.jacobi_stencil_2d.bf16.pc_sampling,MI300X,triton,jacobi_stencil_2d,bf16,c55ac43107e65dff9759cc2557c306ea57993f365fa77619fb7674d703bb1ddd,"{""rows"":10240}","rocprof-compute --experimental profile --pc-sampling (stochastic, interval 65536)",single application run (same harness: 3 prime calls + 1 profiled call),outputs/rocprof_compute/MI300X/jacobi_stencil_2d/triton_bf16/pc_sampling,f084fa90d699421cef6df7cb73e30760b40325a458a32acc581098c6e0ee0ff4,local outputs/rocprof_compute/MI300X/jacobi_stencil_2d/triton_bf16; HF dataset bcui2/NCU_report path AMD_MI300X/jacobi_stencil_2d/triton_bf16,ff3600e1831dc3bed6925f301214cad6db8234cb,matched,"verified: manifest tree_sha256 reproduced=True; capture names==expected=True; replay-audit hsaco formal==replay for 1/1 launches=True; post-fix audit PASS=True; PC-sampled instruction text found in recompiled AMDGCN=45/45 (branch targets compared by opcode only: the disassembly prints offsets, the dump prints labels)",1,profiled 2026-10-02T11:15:29+00:00..2026-10-02T11:17:53+00:00; samples on operator kernels=274 of 561 total; instruction rows from analysis/pc_sampling_instructions.csv; launch_count is the harness launch count (PC sampling does not report dispatches). swept params equal the CSV row; other params equal config case_defaults; largest-row (last CSV row of this dtype),5b82f8afed59f83c3f39696338e7ce51dec38de7,"{""rows"":10240}","{""BLOCK_SIZE_C"":512,""BLOCK_SIZE_R"":1,""num_warps"":8}"
MI300X.triton.jacobi_stencil_2d.bf16.rocprof_compute,MI300X,triton,jacobi_stencil_2d,bf16,c55ac43107e65dff9759cc2557c306ea57993f365fa77619fb7674d703bb1ddd,"{""rows"":10240}","rocprof-compute profile, full default counter set (13 counter passes + roofline), kernel filter ^(?:jacobi_stencil_kernel)","application replay: one process per counter pass, each does 3 unprofiled prime calls then input generation, a 512 MiB eviction and exactly one impl.run()",outputs/rocprof_compute/MI300X/jacobi_stencil_2d/triton_bf16/workload,9b0384d9c375f28abae137f4ddd139410d022afdf9f43a437a491bf905b5bc9c,local outputs/rocprof_compute/MI300X/jacobi_stencil_2d/triton_bf16; HF dataset bcui2/NCU_report path AMD_MI300X/jacobi_stencil_2d/triton_bf16,ff3600e1831dc3bed6925f301214cad6db8234cb,matched,"verified: manifest tree_sha256 reproduced=True; capture names==expected=True; replay-audit hsaco formal==replay for 1/1 launches=True; post-fix audit PASS=True; PC-sampled instruction text found in recompiled AMDGCN=45/45 (branch targets compared by opcode only: the disassembly prints offsets, the dump prints labels)",1,"profiled 2026-10-02T11:15:29+00:00..2026-10-02T11:17:53+00:00; report_sha256 = tree hash of workload/; whole pair dir tree hash 132e0de97a946596a52119a0d9a933929fe6ade905ebc0abc3d2a9dc99febecf (matches report_manifest.json); metrics parsed from existing analysis/workload_csv (rocprof-compute analyze output, not re-run). swept params equal the CSV row; other params equal config case_defaults; largest-row (last CSV row of this dtype)",5b82f8afed59f83c3f39696338e7ce51dec38de7,"{""rows"":10240}","{""BLOCK_SIZE_C"":512,""BLOCK_SIZE_R"":1,""num_warps"":8}"
MI300X.triton.jacobi_stencil_2d.bf16.static_isa,MI300X,triton,jacobi_stencil_2d,bf16,c55ac43107e65dff9759cc2557c306ea57993f365fa77619fb7674d703bb1ddd,"{""rows"":10240}",static compile artifacts (TTIR/TTGIR/LLIR/AMDGCN) of the formal-path winner kernels,offline recompilation during the 2026-10-05 replay audit (no execution counters),outputs/profiling/MI300X/analysis_2026-10-05/triton_ir/jacobi_stencil_2d__bf16__jacobi_stencil_kernel__C3GUGZ6P,61cb02496ce17a374b5ee94446fda9cb156d42641e5b7fd60e79eda9ea439e05,local outputs/profiling/MI300X/analysis_2026-10-05/triton_ir (one directory per code object),analysis_2026-10-05,matched,"verified: manifest tree_sha256 reproduced=True; capture names==expected=True; replay-audit hsaco formal==replay for 1/1 launches=True; post-fix audit PASS=True; PC-sampled instruction text found in recompiled AMDGCN=45/45 (branch targets compared by opcode only: the disassembly prints offsets, the dump prints labels)",1,report_sha256 = sha256 over sorted '<dir>\t<tree_sha256(dir)>' lines of the listed stage directories; recompiled binaries are hsaco-identical between the formal autotune path and the profiling replay (replay_audit/jacobi_stencil_2d__bf16__formal.json). swept params equal the CSV row; other params equal config case_defaults; largest-row (last CSV row of this dtype),5b82f8afed59f83c3f39696338e7ce51dec38de7,"{""rows"":10240}","{""BLOCK_SIZE_C"":512,""BLOCK_SIZE_R"":1,""num_warps"":8}"
MI300X.triton.jacobi_stencil_2d.fp16.pc_sampling,MI300X,triton,jacobi_stencil_2d,fp16,cfbbebd7fa7bb85fdfc24087b3d47a0081a40a580e21150afe8145441426765e,"{""rows"":10240}","rocprof-compute --experimental profile --pc-sampling (stochastic, interval 65536)",single application run (same harness: 3 prime calls + 1 profiled call),outputs/rocprof_compute/MI300X/jacobi_stencil_2d/triton_fp16/pc_sampling,7158fd238f9c6f6b5b9f2e7ddc49d133f0c0c50324131de0c741269862d66c17,local outputs/rocprof_compute/MI300X/jacobi_stencil_2d/triton_fp16; HF dataset bcui2/NCU_report path AMD_MI300X/jacobi_stencil_2d/triton_fp16,ff3600e1831dc3bed6925f301214cad6db8234cb,matched,"verified: manifest tree_sha256 reproduced=True; capture names==expected=True; replay-audit hsaco formal==replay for 1/1 launches=True; post-fix audit PASS=True; PC-sampled instruction text found in recompiled AMDGCN=31/31 (branch targets compared by opcode only: the disassembly prints offsets, the dump prints labels)",1,profiled 2026-10-02T11:13:06+00:00..2026-10-02T11:15:29+00:00; samples on operator kernels=278 of 544 total; instruction rows from analysis/pc_sampling_instructions.csv; launch_count is the harness launch count (PC sampling does not report dispatches). swept params equal the CSV row; other params equal config case_defaults; largest-row (last CSV row of this dtype),5b82f8afed59f83c3f39696338e7ce51dec38de7,"{""rows"":10240}","{""BLOCK_SIZE_C"":512,""BLOCK_SIZE_R"":1,""num_warps"":8}"
MI300X.triton.jacobi_stencil_2d.fp16.rocprof_compute,MI300X,triton,jacobi_stencil_2d,fp16,cfbbebd7fa7bb85fdfc24087b3d47a0081a40a580e21150afe8145441426765e,"{""rows"":10240}","rocprof-compute profile, full default counter set (13 counter passes + roofline), kernel filter ^(?:jacobi_stencil_kernel)","application replay: one process per counter pass, each does 3 unprofiled prime calls then input generation, a 512 MiB eviction and exactly one impl.run()",outputs/rocprof_compute/MI300X/jacobi_stencil_2d/triton_fp16/workload,27565ecdb0a863af1c23450faaba3fec159a538b36d24f68fa7894694ea6dfe1,local outputs/rocprof_compute/MI300X/jacobi_stencil_2d/triton_fp16; HF dataset bcui2/NCU_report path AMD_MI300X/jacobi_stencil_2d/triton_fp16,ff3600e1831dc3bed6925f301214cad6db8234cb,matched,"verified: manifest tree_sha256 reproduced=True; capture names==expected=True; replay-audit hsaco formal==replay for 1/1 launches=True; post-fix audit PASS=True; PC-sampled instruction text found in recompiled AMDGCN=31/31 (branch targets compared by opcode only: the disassembly prints offsets, the dump prints labels)",1,"profiled 2026-10-02T11:13:06+00:00..2026-10-02T11:15:29+00:00; report_sha256 = tree hash of workload/; whole pair dir tree hash a8028fc153f75712ce04361d5d621d03514391c4e856e42d7cf17ef5709b7462 (matches report_manifest.json); metrics parsed from existing analysis/workload_csv (rocprof-compute analyze output, not re-run). swept params equal the CSV row; other params equal config case_defaults; largest-row (last CSV row of this dtype)",5b82f8afed59f83c3f39696338e7ce51dec38de7,"{""rows"":10240}","{""BLOCK_SIZE_C"":512,""BLOCK_SIZE_R"":1,""num_warps"":8}"
MI300X.triton.jacobi_stencil_2d.fp16.static_isa,MI300X,triton,jacobi_stencil_2d,fp16,cfbbebd7fa7bb85fdfc24087b3d47a0081a40a580e21150afe8145441426765e,"{""rows"":10240}",static compile artifacts (TTIR/TTGIR/LLIR/AMDGCN) of the formal-path winner kernels,offline recompilation during the 2026-10-05 replay audit (no execution counters),outputs/profiling/MI300X/analysis_2026-10-05/triton_ir/jacobi_stencil_2d__fp16__jacobi_stencil_kernel__4SPQ23NR,d56b5413eb7b5d9bb78d7d93243cae8e6668d21d6c9ad129cf8e080130f0c37d,local outputs/profiling/MI300X/analysis_2026-10-05/triton_ir (one directory per code object),analysis_2026-10-05,matched,"verified: manifest tree_sha256 reproduced=True; capture names==expected=True; replay-audit hsaco formal==replay for 1/1 launches=True; post-fix audit PASS=True; PC-sampled instruction text found in recompiled AMDGCN=31/31 (branch targets compared by opcode only: the disassembly prints offsets, the dump prints labels)",1,report_sha256 = sha256 over sorted '<dir>\t<tree_sha256(dir)>' lines of the listed stage directories; recompiled binaries are hsaco-identical between the formal autotune path and the profiling replay (replay_audit/jacobi_stencil_2d__fp16__formal.json). swept params equal the CSV row; other params equal config case_defaults; largest-row (last CSV row of this dtype),5b82f8afed59f83c3f39696338e7ce51dec38de7,"{""rows"":10240}","{""BLOCK_SIZE_C"":512,""BLOCK_SIZE_R"":1,""num_warps"":8}"
MI300X.triton.jacobi_stencil_2d.fp32.pc_sampling,MI300X,triton,jacobi_stencil_2d,fp32,7aab3707df2cef6a47299d5f8630539c0a6ec847c507b82fc11ad72d08e3d95c,"{""rows"":10240}","rocprof-compute --experimental profile --pc-sampling (stochastic, interval 65536)",single application run (same harness: 3 prime calls + 1 profiled call),outputs/rocprof_compute/MI300X/jacobi_stencil_2d/triton_fp32/pc_sampling,54bf2fb4564f408f0a6ae250dfd75c70763c48a1b9bb75495c570391cb80de27,local outputs/rocprof_compute/MI300X/jacobi_stencil_2d/triton_fp32; HF dataset bcui2/NCU_report path AMD_MI300X/jacobi_stencil_2d/triton_fp32,ff3600e1831dc3bed6925f301214cad6db8234cb,matched,"verified: manifest tree_sha256 reproduced=True; capture names==expected=True; replay-audit hsaco formal==replay for 1/1 launches=True; post-fix audit PASS=True; PC-sampled instruction text found in recompiled AMDGCN=30/30 (branch targets compared by opcode only: the disassembly prints offsets, the dump prints labels)",1,profiled 2026-10-02T11:17:53+00:00..2026-10-02T11:20:16+00:00; samples on operator kernels=311 of 577 total; instruction rows from analysis/pc_sampling_instructions.csv; launch_count is the harness launch count (PC sampling does not report dispatches). swept params equal the CSV row; other params equal config case_defaults; largest-row (last CSV row of this dtype),5b82f8afed59f83c3f39696338e7ce51dec38de7,"{""rows"":10240}","{""BLOCK_SIZE_C"":256,""BLOCK_SIZE_R"":2,""num_warps"":8}"
MI300X.triton.jacobi_stencil_2d.fp32.rocprof_compute,MI300X,triton,jacobi_stencil_2d,fp32,7aab3707df2cef6a47299d5f8630539c0a6ec847c507b82fc11ad72d08e3d95c,"{""rows"":10240}","rocprof-compute profile, full default counter set (13 counter passes + roofline), kernel filter ^(?:jacobi_stencil_kernel)","application replay: one process per counter pass, each does 3 unprofiled prime calls then input generation, a 512 MiB eviction and exactly one impl.run()",outputs/rocprof_compute/MI300X/jacobi_stencil_2d/triton_fp32/workload,440dd5f47e431498c872ffecb12cc71db8a0249a6ca914ca4580defd55525510,local outputs/rocprof_compute/MI300X/jacobi_stencil_2d/triton_fp32; HF dataset bcui2/NCU_report path AMD_MI300X/jacobi_stencil_2d/triton_fp32,ff3600e1831dc3bed6925f301214cad6db8234cb,matched,"verified: manifest tree_sha256 reproduced=True; capture names==expected=True; replay-audit hsaco formal==replay for 1/1 launches=True; post-fix audit PASS=True; PC-sampled instruction text found in recompiled AMDGCN=30/30 (branch targets compared by opcode only: the disassembly prints offsets, the dump prints labels)",1,"profiled 2026-10-02T11:17:53+00:00..2026-10-02T11:20:16+00:00; report_sha256 = tree hash of workload/; whole pair dir tree hash da08dedb0c0dcf80dfe9d057dedd32e6cf613cce9788dd118922e212f41513d7 (matches report_manifest.json); metrics parsed from existing analysis/workload_csv (rocprof-compute analyze output, not re-run). swept params equal the CSV row; other params equal config case_defaults; largest-row (last CSV row of this dtype)",5b82f8afed59f83c3f39696338e7ce51dec38de7,"{""rows"":10240}","{""BLOCK_SIZE_C"":256,""BLOCK_SIZE_R"":2,""num_warps"":8}"
MI300X.triton.jacobi_stencil_2d.fp32.static_isa,MI300X,triton,jacobi_stencil_2d,fp32,7aab3707df2cef6a47299d5f8630539c0a6ec847c507b82fc11ad72d08e3d95c,"{""rows"":10240}",static compile artifacts (TTIR/TTGIR/LLIR/AMDGCN) of the formal-path winner kernels,offline recompilation during the 2026-10-05 replay audit (no execution counters),outputs/profiling/MI300X/analysis_2026-10-05/triton_ir/jacobi_stencil_2d__fp32__jacobi_stencil_kernel__B6R7NNFK,5ba7efeabccb457bc9c401290e2ba5e911775be448531bea55280a5920acfa79,local outputs/profiling/MI300X/analysis_2026-10-05/triton_ir (one directory per code object),analysis_2026-10-05,matched,"verified: manifest tree_sha256 reproduced=True; capture names==expected=True; replay-audit hsaco formal==replay for 1/1 launches=True; post-fix audit PASS=True; PC-sampled instruction text found in recompiled AMDGCN=30/30 (branch targets compared by opcode only: the disassembly prints offsets, the dump prints labels)",1,report_sha256 = sha256 over sorted '<dir>\t<tree_sha256(dir)>' lines of the listed stage directories; recompiled binaries are hsaco-identical between the formal autotune path and the profiling replay (replay_audit/jacobi_stencil_2d__fp32__formal.json). swept params equal the CSV row; other params equal config case_defaults; largest-row (last CSV row of this dtype),5b82f8afed59f83c3f39696338e7ce51dec38de7,"{""rows"":10240}","{""BLOCK_SIZE_C"":256,""BLOCK_SIZE_R"":2,""num_warps"":8}"
MI300X.triton.kl_divergence.fp32.pc_sampling,MI300X,triton,kl_divergence,fp32,9ef49921821cc8ffdb92d7b5f1c9f51c18599dca12709d4e9b81dcbdbc01153b,"{""cols"":16384,""rows"":4096}","rocprof-compute --experimental profile --pc-sampling (stochastic, interval 65536)",single application run (same harness: 3 prime calls + 1 profiled call),outputs/rocprof_compute/MI300X/kl_divergence/triton_fp32/pc_sampling,ab405d7aa4ac2748099621642bd2023dc2b9c05c0cfa6da161a2bbaddb6a40bf,local outputs/rocprof_compute/MI300X/kl_divergence/triton_fp32; HF dataset bcui2/NCU_report path AMD_MI300X/kl_divergence/triton_fp32,ff3600e1831dc3bed6925f301214cad6db8234cb,matched,"verified: manifest tree_sha256 reproduced=True; capture names==expected=True; replay-audit hsaco formal==replay for 1/1 launches=True; post-fix audit PASS=True; PC-sampled instruction text found in recompiled AMDGCN=20/20 (branch targets compared by opcode only: the disassembly prints offsets, the dump prints labels)",1,profiled 2026-10-02T11:20:16+00:00..2026-10-02T11:22:41+00:00; samples on operator kernels=300 of 1131 total; instruction rows from analysis/pc_sampling_instructions.csv; launch_count is the harness launch count (PC sampling does not report dispatches). swept params equal the CSV row; other params equal config case_defaults; largest-row (last CSV row of this dtype),5b82f8afed59f83c3f39696338e7ce51dec38de7,"{""cols"":16384,""rows"":4096}","{""BLOCK_SIZE"":1024,""num_stages"":3,""num_warps"":4}"
MI300X.triton.kl_divergence.fp32.rocprof_compute,MI300X,triton,kl_divergence,fp32,9ef49921821cc8ffdb92d7b5f1c9f51c18599dca12709d4e9b81dcbdbc01153b,"{""cols"":16384,""rows"":4096}","rocprof-compute profile, full default counter set (13 counter passes + roofline), kernel filter ^(?:kl_divergence_kernel)","application replay: one process per counter pass, each does 3 unprofiled prime calls then input generation, a 512 MiB eviction and exactly one impl.run()",outputs/rocprof_compute/MI300X/kl_divergence/triton_fp32/workload,9dad51734def5a6aeca0aad0e72920e7ec6e486b820810e277d25965cd8c04be,local outputs/rocprof_compute/MI300X/kl_divergence/triton_fp32; HF dataset bcui2/NCU_report path AMD_MI300X/kl_divergence/triton_fp32,ff3600e1831dc3bed6925f301214cad6db8234cb,matched,"verified: manifest tree_sha256 reproduced=True; capture names==expected=True; replay-audit hsaco formal==replay for 1/1 launches=True; post-fix audit PASS=True; PC-sampled instruction text found in recompiled AMDGCN=20/20 (branch targets compared by opcode only: the disassembly prints offsets, the dump prints labels)",1,"profiled 2026-10-02T11:20:16+00:00..2026-10-02T11:22:41+00:00; report_sha256 = tree hash of workload/; whole pair dir tree hash 7c36526d60bcba0a53a49c9e21d61275d0aa1ea65b5546bff597efb5bc0d1901 (matches report_manifest.json); metrics parsed from existing analysis/workload_csv (rocprof-compute analyze output, not re-run). swept params equal the CSV row; other params equal config case_defaults; largest-row (last CSV row of this dtype)",5b82f8afed59f83c3f39696338e7ce51dec38de7,"{""cols"":16384,""rows"":4096}","{""BLOCK_SIZE"":1024,""num_stages"":3,""num_warps"":4}"
MI300X.triton.kl_divergence.fp32.static_isa,MI300X,triton,kl_divergence,fp32,9ef49921821cc8ffdb92d7b5f1c9f51c18599dca12709d4e9b81dcbdbc01153b,"{""cols"":16384,""rows"":4096}",static compile artifacts (TTIR/TTGIR/LLIR/AMDGCN) of the formal-path winner kernels,offline recompilation during the 2026-10-05 replay audit (no execution counters),outputs/profiling/MI300X/analysis_2026-10-05/triton_ir/kl_divergence__fp32__kl_divergence_kernel__JN263KYI,79d71531d2cb4e3c47ef663a4905e74e027197e84915de3f284998ba52da4285,local outputs/profiling/MI300X/analysis_2026-10-05/triton_ir (one directory per code object),analysis_2026-10-05,matched,"verified: manifest tree_sha256 reproduced=True; capture names==expected=True; replay-audit hsaco formal==replay for 1/1 launches=True; post-fix audit PASS=True; PC-sampled instruction text found in recompiled AMDGCN=20/20 (branch targets compared by opcode only: the disassembly prints offsets, the dump prints labels)",1,report_sha256 = sha256 over sorted '<dir>\t<tree_sha256(dir)>' lines of the listed stage directories; recompiled binaries are hsaco-identical between the formal autotune path and the profiling replay (replay_audit/kl_divergence__fp32__formal.json). swept params equal the CSV row; other params equal config case_defaults; largest-row (last CSV row of this dtype),5b82f8afed59f83c3f39696338e7ce51dec38de7,"{""cols"":16384,""rows"":4096}","{""BLOCK_SIZE"":1024,""num_stages"":3,""num_warps"":4}"
MI300X.triton.l2_norm.bf16.pc_sampling,MI300X,triton,l2_norm,bf16,887bedc24c3a47d48c8b93e1b4e2aa27e3adf999695b6a4f8bc8a397cf738d05,"{""K"":10240}","rocprof-compute --experimental profile --pc-sampling (stochastic, interval 65536)",single application run (same harness: 3 prime calls + 1 profiled call),outputs/rocprof_compute/MI300X/l2_norm/triton_bf16/pc_sampling,b126725487abe03dab12fac4427440e9bed13f397fa4efb1304adb5c9a48e782,local outputs/rocprof_compute/MI300X/l2_norm/triton_bf16; HF dataset bcui2/NCU_report path AMD_MI300X/l2_norm/triton_bf16,ff3600e1831dc3bed6925f301214cad6db8234cb,matched,"verified: manifest tree_sha256 reproduced=True; capture names==expected=True; replay-audit hsaco formal==replay for 1/1 launches=True; post-fix audit PASS=True; PC-sampled instruction text found in recompiled AMDGCN=16/16 (branch targets compared by opcode only: the disassembly prints offsets, the dump prints labels)",1,profiled 2026-10-02T11:25:03+00:00..2026-10-02T11:27:26+00:00; samples on operator kernels=40 of 203 total; instruction rows from analysis/pc_sampling_instructions.csv; launch_count is the harness launch count (PC sampling does not report dispatches). swept params equal the CSV row; other params equal config case_defaults; largest-row (last CSV row of this dtype),5b82f8afed59f83c3f39696338e7ce51dec38de7,"{""K"":10240,""M"":2048,""batch"":1,""eps"":1e-06}","{""BLOCK_N"":2048,""num_stages"":4,""num_warps"":8}"
MI300X.triton.l2_norm.bf16.rocprof_compute,MI300X,triton,l2_norm,bf16,887bedc24c3a47d48c8b93e1b4e2aa27e3adf999695b6a4f8bc8a397cf738d05,"{""K"":10240}","rocprof-compute profile, full default counter set (13 counter passes + roofline), kernel filter ^(?:_l2_norm_fwd_kernel)","application replay: one process per counter pass, each does 3 unprofiled prime calls then input generation, a 512 MiB eviction and exactly one impl.run()",outputs/rocprof_compute/MI300X/l2_norm/triton_bf16/workload,4f7e2e6fdb293c0dad2626a11c59ceed0f2b3c6c67b1e4ad4e4c4bdfd9019f05,local outputs/rocprof_compute/MI300X/l2_norm/triton_bf16; HF dataset bcui2/NCU_report path AMD_MI300X/l2_norm/triton_bf16,ff3600e1831dc3bed6925f301214cad6db8234cb,matched,"verified: manifest tree_sha256 reproduced=True; capture names==expected=True; replay-audit hsaco formal==replay for 1/1 launches=True; post-fix audit PASS=True; PC-sampled instruction text found in recompiled AMDGCN=16/16 (branch targets compared by opcode only: the disassembly prints offsets, the dump prints labels)",1,"profiled 2026-10-02T11:25:03+00:00..2026-10-02T11:27:26+00:00; report_sha256 = tree hash of workload/; whole pair dir tree hash 4cbf9f59aebefe802da7446e9b4759053c6a591e65dbaa2d562b9c97b624394d (matches report_manifest.json); metrics parsed from existing analysis/workload_csv (rocprof-compute analyze output, not re-run). swept params equal the CSV row; other params equal config case_defaults; largest-row (last CSV row of this dtype)",5b82f8afed59f83c3f39696338e7ce51dec38de7,"{""K"":10240,""M"":2048,""batch"":1,""eps"":1e-06}","{""BLOCK_N"":2048,""num_stages"":4,""num_warps"":8}"
MI300X.triton.l2_norm.bf16.static_isa,MI300X,triton,l2_norm,bf16,887bedc24c3a47d48c8b93e1b4e2aa27e3adf999695b6a4f8bc8a397cf738d05,"{""K"":10240}",static compile artifacts (TTIR/TTGIR/LLIR/AMDGCN) of the formal-path winner kernels,offline recompilation during the 2026-10-05 replay audit (no execution counters),outputs/profiling/MI300X/analysis_2026-10-05/triton_ir/l2_norm__bf16___l2_norm_fwd_kernel__4FZK5ILL,8f385de17b42a54e18a4a8e7a4ca86b275f205081b2444a8776a540598980959,local outputs/profiling/MI300X/analysis_2026-10-05/triton_ir (one directory per code object),analysis_2026-10-05,matched,"verified: manifest tree_sha256 reproduced=True; capture names==expected=True; replay-audit hsaco formal==replay for 1/1 launches=True; post-fix audit PASS=True; PC-sampled instruction text found in recompiled AMDGCN=16/16 (branch targets compared by opcode only: the disassembly prints offsets, the dump prints labels)",1,report_sha256 = sha256 over sorted '<dir>\t<tree_sha256(dir)>' lines of the listed stage directories; recompiled binaries are hsaco-identical between the formal autotune path and the profiling replay (replay_audit/l2_norm__bf16__formal.json). swept params equal the CSV row; other params equal config case_defaults; largest-row (last CSV row of this dtype),5b82f8afed59f83c3f39696338e7ce51dec38de7,"{""K"":10240,""M"":2048,""batch"":1,""eps"":1e-06}","{""BLOCK_N"":2048,""num_stages"":4,""num_warps"":8}"
MI300X.triton.l2_norm.fp16.pc_sampling,MI300X,triton,l2_norm,fp16,f76af011cafa0d623bd2c7368176c162fe76d73ea1955d59f49e8e303d33d014,"{""K"":10240}","rocprof-compute --experimental profile --pc-sampling (stochastic, interval 65536)",single application run (same harness: 3 prime calls + 1 profiled call),outputs/rocprof_compute/MI300X/l2_norm/triton_fp16/pc_sampling,3864b1f6696a97f588a6a49b3ca767aa446e666fc8452ffc78681453bc81dfae,local outputs/rocprof_compute/MI300X/l2_norm/triton_fp16; HF dataset bcui2/NCU_report path AMD_MI300X/l2_norm/triton_fp16,ff3600e1831dc3bed6925f301214cad6db8234cb,matched,"verified: manifest tree_sha256 reproduced=True; capture names==expected=True; replay-audit hsaco formal==replay for 1/1 launches=True; post-fix audit PASS=True; PC-sampled instruction text found in recompiled AMDGCN=19/19 (branch targets compared by opcode only: the disassembly prints offsets, the dump prints labels)",1,profiled 2026-10-02T11:22:41+00:00..2026-10-02T11:25:03+00:00; samples on operator kernels=39 of 202 total; instruction rows from analysis/pc_sampling_instructions.csv; launch_count is the harness launch count (PC sampling does not report dispatches). swept params equal the CSV row; other params equal config case_defaults; largest-row (last CSV row of this dtype),5b82f8afed59f83c3f39696338e7ce51dec38de7,"{""K"":10240,""M"":2048,""batch"":1,""eps"":1e-06}","{""BLOCK_N"":1024,""num_stages"":4,""num_warps"":8}"
MI300X.triton.l2_norm.fp16.rocprof_compute,MI300X,triton,l2_norm,fp16,f76af011cafa0d623bd2c7368176c162fe76d73ea1955d59f49e8e303d33d014,"{""K"":10240}","rocprof-compute profile, full default counter set (13 counter passes + roofline), kernel filter ^(?:_l2_norm_fwd_kernel)","application replay: one process per counter pass, each does 3 unprofiled prime calls then input generation, a 512 MiB eviction and exactly one impl.run()",outputs/rocprof_compute/MI300X/l2_norm/triton_fp16/workload,63d7c13122b5c02589885eec6813a8c990c676f3c89ed2e8eb2dcae7d8362e51,local outputs/rocprof_compute/MI300X/l2_norm/triton_fp16; HF dataset bcui2/NCU_report path AMD_MI300X/l2_norm/triton_fp16,ff3600e1831dc3bed6925f301214cad6db8234cb,matched,"verified: manifest tree_sha256 reproduced=True; capture names==expected=True; replay-audit hsaco formal==replay for 1/1 launches=True; post-fix audit PASS=True; PC-sampled instruction text found in recompiled AMDGCN=19/19 (branch targets compared by opcode only: the disassembly prints offsets, the dump prints labels)",1,"profiled 2026-10-02T11:22:41+00:00..2026-10-02T11:25:03+00:00; report_sha256 = tree hash of workload/; whole pair dir tree hash 70a3c97248627be5c20b5492c44b2f8505c83dcffa4bb54f900ab7356021a55e (matches report_manifest.json); metrics parsed from existing analysis/workload_csv (rocprof-compute analyze output, not re-run). swept params equal the CSV row; other params equal config case_defaults; largest-row (last CSV row of this dtype)",5b82f8afed59f83c3f39696338e7ce51dec38de7,"{""K"":10240,""M"":2048,""batch"":1,""eps"":1e-06}","{""BLOCK_N"":1024,""num_stages"":4,""num_warps"":8}"
MI300X.triton.l2_norm.fp16.static_isa,MI300X,triton,l2_norm,fp16,f76af011cafa0d623bd2c7368176c162fe76d73ea1955d59f49e8e303d33d014,"{""K"":10240}",static compile artifacts (TTIR/TTGIR/LLIR/AMDGCN) of the formal-path winner kernels,offline recompilation during the 2026-10-05 replay audit (no execution counters),outputs/profiling/MI300X/analysis_2026-10-05/triton_ir/l2_norm__fp16___l2_norm_fwd_kernel__DQKNDPDV,bed553483fe86175353b9c0abfa1714890cd2eed39628db18e7b134503cb48f7,local outputs/profiling/MI300X/analysis_2026-10-05/triton_ir (one directory per code object),analysis_2026-10-05,matched,"verified: manifest tree_sha256 reproduced=True; capture names==expected=True; replay-audit hsaco formal==replay for 1/1 launches=True; post-fix audit PASS=True; PC-sampled instruction text found in recompiled AMDGCN=19/19 (branch targets compared by opcode only: the disassembly prints offsets, the dump prints labels)",1,report_sha256 = sha256 over sorted '<dir>\t<tree_sha256(dir)>' lines of the listed stage directories; recompiled binaries are hsaco-identical between the formal autotune path and the profiling replay (replay_audit/l2_norm__fp16__formal.json). swept params equal the CSV row; other params equal config case_defaults; largest-row (last CSV row of this dtype),5b82f8afed59f83c3f39696338e7ce51dec38de7,"{""K"":10240,""M"":2048,""batch"":1,""eps"":1e-06}","{""BLOCK_N"":1024,""num_stages"":4,""num_warps"":8}"
MI300X.triton.l2_norm.fp32.pc_sampling,MI300X,triton,l2_norm,fp32,a6963a7b295374219c9708497560fbb6df53a07a121ca5422f3f91d88f0b9006,"{""K"":10240}","rocprof-compute --experimental profile --pc-sampling (stochastic, interval 65536)",single application run (same harness: 3 prime calls + 1 profiled call),outputs/rocprof_compute/MI300X/l2_norm/triton_fp32/pc_sampling,cdeec38b22f414e3654736bc4c495094353424dcb779cf9d174ab29044dd7262,local outputs/rocprof_compute/MI300X/l2_norm/triton_fp32; HF dataset bcui2/NCU_report path AMD_MI300X/l2_norm/triton_fp32,ff3600e1831dc3bed6925f301214cad6db8234cb,matched,"verified: manifest tree_sha256 reproduced=True; capture names==expected=True; replay-audit hsaco formal==replay for 1/1 launches=True; post-fix audit PASS=True; PC-sampled instruction text found in recompiled AMDGCN=33/33 (branch targets compared by opcode only: the disassembly prints offsets, the dump prints labels)",1,profiled 2026-10-02T11:27:26+00:00..2026-10-02T11:29:48+00:00; samples on operator kernels=104 of 279 total; instruction rows from analysis/pc_sampling_instructions.csv; launch_count is the harness launch count (PC sampling does not report dispatches). swept params equal the CSV row; other params equal config case_defaults; largest-row (last CSV row of this dtype),5b82f8afed59f83c3f39696338e7ce51dec38de7,"{""K"":10240,""M"":2048,""batch"":1,""eps"":1e-06}","{""BLOCK_N"":512,""num_stages"":4,""num_warps"":4}"
MI300X.triton.l2_norm.fp32.rocprof_compute,MI300X,triton,l2_norm,fp32,a6963a7b295374219c9708497560fbb6df53a07a121ca5422f3f91d88f0b9006,"{""K"":10240}","rocprof-compute profile, full default counter set (13 counter passes + roofline), kernel filter ^(?:_l2_norm_fwd_kernel)","application replay: one process per counter pass, each does 3 unprofiled prime calls then input generation, a 512 MiB eviction and exactly one impl.run()",outputs/rocprof_compute/MI300X/l2_norm/triton_fp32/workload,207dd588313c0ef27b56e94ff380e91662bcfc7eb6e3641b13e660a05bfb8fab,local outputs/rocprof_compute/MI300X/l2_norm/triton_fp32; HF dataset bcui2/NCU_report path AMD_MI300X/l2_norm/triton_fp32,ff3600e1831dc3bed6925f301214cad6db8234cb,matched,"verified: manifest tree_sha256 reproduced=True; capture names==expected=True; replay-audit hsaco formal==replay for 1/1 launches=True; post-fix audit PASS=True; PC-sampled instruction text found in recompiled AMDGCN=33/33 (branch targets compared by opcode only: the disassembly prints offsets, the dump prints labels)",1,"profiled 2026-10-02T11:27:26+00:00..2026-10-02T11:29:48+00:00; report_sha256 = tree hash of workload/; whole pair dir tree hash 713bad85ab461657cc5819ff6948f3fa3e52b45fac120916d28663421bbbeb35 (matches report_manifest.json); metrics parsed from existing analysis/workload_csv (rocprof-compute analyze output, not re-run). swept params equal the CSV row; other params equal config case_defaults; largest-row (last CSV row of this dtype)",5b82f8afed59f83c3f39696338e7ce51dec38de7,"{""K"":10240,""M"":2048,""batch"":1,""eps"":1e-06}","{""BLOCK_N"":512,""num_stages"":4,""num_warps"":4}"
MI300X.triton.l2_norm.fp32.static_isa,MI300X,triton,l2_norm,fp32,a6963a7b295374219c9708497560fbb6df53a07a121ca5422f3f91d88f0b9006,"{""K"":10240}",static compile artifacts (TTIR/TTGIR/LLIR/AMDGCN) of the formal-path winner kernels,offline recompilation during the 2026-10-05 replay audit (no execution counters),outputs/profiling/MI300X/analysis_2026-10-05/triton_ir/l2_norm__fp32___l2_norm_fwd_kernel__JWBSGD7I,438ce78daf13c9e165af81101c48abd3e1bb72a063b8698927160a72ffa0fdcb,local outputs/profiling/MI300X/analysis_2026-10-05/triton_ir (one directory per code object),analysis_2026-10-05,matched,"verified: manifest tree_sha256 reproduced=True; capture names==expected=True; replay-audit hsaco formal==replay for 1/1 launches=True; post-fix audit PASS=True; PC-sampled instruction text found in recompiled AMDGCN=33/33 (branch targets compared by opcode only: the disassembly prints offsets, the dump prints labels)",1,report_sha256 = sha256 over sorted '<dir>\t<tree_sha256(dir)>' lines of the listed stage directories; recompiled binaries are hsaco-identical between the formal autotune path and the profiling replay (replay_audit/l2_norm__fp32__formal.json). swept params equal the CSV row; other params equal config case_defaults; largest-row (last CSV row of this dtype),5b82f8afed59f83c3f39696338e7ce51dec38de7,"{""K"":10240,""M"":2048,""batch"":1,""eps"":1e-06}","{""BLOCK_N"":512,""num_stages"":4,""num_warps"":4}"
MI300X.triton.layernorm.bf16.pc_sampling,MI300X,triton,layernorm,bf16,7a53fc663c8fadd465d02ad4a7a2ea63c97e1756febccfd32002809195a1e279,"{""K"":10240}","rocprof-compute --experimental profile --pc-sampling (stochastic, interval 65536)",single application run (same harness: 3 prime calls + 1 profiled call),outputs/rocprof_compute/MI300X/layernorm/triton_bf16/pc_sampling,f60c72a91ebd5da98531aac1022b2f2158b96b8b767af202cd6a25dbf61048ea,local outputs/rocprof_compute/MI300X/layernorm/triton_bf16; HF dataset bcui2/NCU_report path AMD_MI300X/layernorm/triton_bf16,ff3600e1831dc3bed6925f301214cad6db8234cb,matched,"verified: manifest tree_sha256 reproduced=True; capture names==expected=True; replay-audit hsaco formal==replay for 1/1 launches=True; post-fix audit PASS=True; PC-sampled instruction text found in recompiled AMDGCN=11/11 (branch targets compared by opcode only: the disassembly prints offsets, the dump prints labels)",1,profiled 2026-10-02T11:32:12+00:00..2026-10-02T11:34:34+00:00; samples on operator kernels=97 of 247 total; instruction rows from analysis/pc_sampling_instructions.csv; launch_count is the harness launch count (PC sampling does not report dispatches). swept params equal the CSV row; other params equal config case_defaults; largest-row (last CSV row of this dtype),5b82f8afed59f83c3f39696338e7ce51dec38de7,"{""K"":10240,""M"":2048,""batch"":1}","{""BLOCK_N_SIZE"":1024,""num_stages"":3,""num_warps"":2}"
MI300X.triton.layernorm.bf16.rocprof_compute,MI300X,triton,layernorm,bf16,7a53fc663c8fadd465d02ad4a7a2ea63c97e1756febccfd32002809195a1e279,"{""K"":10240}","rocprof-compute profile, full default counter set (13 counter passes + roofline), kernel filter ^(?:layernorm_kernel)","application replay: one process per counter pass, each does 3 unprofiled prime calls then input generation, a 512 MiB eviction and exactly one impl.run()",outputs/rocprof_compute/MI300X/layernorm/triton_bf16/workload,0a2e5aaccbefc5f8da114adb0555221fe3c6ccdd99e82402bf14e7afa6079f93,local outputs/rocprof_compute/MI300X/layernorm/triton_bf16; HF dataset bcui2/NCU_report path AMD_MI300X/layernorm/triton_bf16,ff3600e1831dc3bed6925f301214cad6db8234cb,matched,"verified: manifest tree_sha256 reproduced=True; capture names==expected=True; replay-audit hsaco formal==replay for 1/1 launches=True; post-fix audit PASS=True; PC-sampled instruction text found in recompiled AMDGCN=11/11 (branch targets compared by opcode only: the disassembly prints offsets, the dump prints labels)",1,"profiled 2026-10-02T11:32:12+00:00..2026-10-02T11:34:34+00:00; report_sha256 = tree hash of workload/; whole pair dir tree hash 1f9aced3e452569f128b82fbee4bce7aede77e81f3ac166c11e94d7fc9377e37 (matches report_manifest.json); metrics parsed from existing analysis/workload_csv (rocprof-compute analyze output, not re-run). swept params equal the CSV row; other params equal config case_defaults; largest-row (last CSV row of this dtype)",5b82f8afed59f83c3f39696338e7ce51dec38de7,"{""K"":10240,""M"":2048,""batch"":1}","{""BLOCK_N_SIZE"":1024,""num_stages"":3,""num_warps"":2}"
MI300X.triton.layernorm.bf16.static_isa,MI300X,triton,layernorm,bf16,7a53fc663c8fadd465d02ad4a7a2ea63c97e1756febccfd32002809195a1e279,"{""K"":10240}",static compile artifacts (TTIR/TTGIR/LLIR/AMDGCN) of the formal-path winner kernels,offline recompilation during the 2026-10-05 replay audit (no execution counters),outputs/profiling/MI300X/analysis_2026-10-05/triton_ir/layernorm__bf16__layernorm_kernel__3HRRTZVB,0835dc56b278b6d4177a319fbae1e8d40e199f58cef673c1584ae4db0abbd511,local outputs/profiling/MI300X/analysis_2026-10-05/triton_ir (one directory per code object),analysis_2026-10-05,matched,"verified: manifest tree_sha256 reproduced=True; capture names==expected=True; replay-audit hsaco formal==replay for 1/1 launches=True; post-fix audit PASS=True; PC-sampled instruction text found in recompiled AMDGCN=11/11 (branch targets compared by opcode only: the disassembly prints offsets, the dump prints labels)",1,report_sha256 = sha256 over sorted '<dir>\t<tree_sha256(dir)>' lines of the listed stage directories; recompiled binaries are hsaco-identical between the formal autotune path and the profiling replay (replay_audit/layernorm__bf16__formal.json). swept params equal the CSV row; other params equal config case_defaults; largest-row (last CSV row of this dtype),5b82f8afed59f83c3f39696338e7ce51dec38de7,"{""K"":10240,""M"":2048,""batch"":1}","{""BLOCK_N_SIZE"":1024,""num_stages"":3,""num_warps"":2}"
MI300X.triton.layernorm.fp16.pc_sampling,MI300X,triton,layernorm,fp16,13f15665c9dc0d0f9bca76b336b0aef7d85ca8f1cf2d43ad4fd9ec997a0333e5,"{""K"":10240}","rocprof-compute --experimental profile --pc-sampling (stochastic, interval 65536)",single application run (same harness: 3 prime calls + 1 profiled call),outputs/rocprof_compute/MI300X/layernorm/triton_fp16/pc_sampling,5e1c9163b9a72df8e08f3c5760abff93f163cfa078205ff8da2207c43ce18d00,local outputs/rocprof_compute/MI300X/layernorm/triton_fp16; HF dataset bcui2/NCU_report path AMD_MI300X/layernorm/triton_fp16,ff3600e1831dc3bed6925f301214cad6db8234cb,matched,"verified: manifest tree_sha256 reproduced=True; capture names==expected=True; replay-audit hsaco formal==replay for 1/1 launches=True; post-fix audit PASS=True; PC-sampled instruction text found in recompiled AMDGCN=12/12 (branch targets compared by opcode only: the disassembly prints offsets, the dump prints labels)",1,profiled 2026-10-02T11:29:48+00:00..2026-10-02T11:32:12+00:00; samples on operator kernels=283 of 453 total; instruction rows from analysis/pc_sampling_instructions.csv; launch_count is the harness launch count (PC sampling does not report dispatches). swept params equal the CSV row; other params equal config case_defaults; largest-row (last CSV row of this dtype),5b82f8afed59f83c3f39696338e7ce51dec38de7,"{""K"":10240,""M"":2048,""batch"":1}","{""BLOCK_N_SIZE"":1024,""num_stages"":3,""num_warps"":2}"
MI300X.triton.layernorm.fp16.rocprof_compute,MI300X,triton,layernorm,fp16,13f15665c9dc0d0f9bca76b336b0aef7d85ca8f1cf2d43ad4fd9ec997a0333e5,"{""K"":10240}","rocprof-compute profile, full default counter set (13 counter passes + roofline), kernel filter ^(?:layernorm_kernel)","application replay: one process per counter pass, each does 3 unprofiled prime calls then input generation, a 512 MiB eviction and exactly one impl.run()",outputs/rocprof_compute/MI300X/layernorm/triton_fp16/workload,8a2fa9dbee0dbe4bd505798f3f46bb7f9b3d3b3ae9e9896b6ea1e386ba4cfa1f,local outputs/rocprof_compute/MI300X/layernorm/triton_fp16; HF dataset bcui2/NCU_report path AMD_MI300X/layernorm/triton_fp16,ff3600e1831dc3bed6925f301214cad6db8234cb,matched,"verified: manifest tree_sha256 reproduced=True; capture names==expected=True; replay-audit hsaco formal==replay for 1/1 launches=True; post-fix audit PASS=True; PC-sampled instruction text found in recompiled AMDGCN=12/12 (branch targets compared by opcode only: the disassembly prints offsets, the dump prints labels)",1,"profiled 2026-10-02T11:29:48+00:00..2026-10-02T11:32:12+00:00; report_sha256 = tree hash of workload/; whole pair dir tree hash a87e05ea72271496da731aeaba6ac59aa238b5d45f1fe5dc665d8bcf8f448e55 (matches report_manifest.json); metrics parsed from existing analysis/workload_csv (rocprof-compute analyze output, not re-run). swept params equal the CSV row; other params equal config case_defaults; largest-row (last CSV row of this dtype)",5b82f8afed59f83c3f39696338e7ce51dec38de7,"{""K"":10240,""M"":2048,""batch"":1}","{""BLOCK_N_SIZE"":1024,""num_stages"":3,""num_warps"":2}"
MI300X.triton.layernorm.fp16.static_isa,MI300X,triton,layernorm,fp16,13f15665c9dc0d0f9bca76b336b0aef7d85ca8f1cf2d43ad4fd9ec997a0333e5,"{""K"":10240}",static compile artifacts (TTIR/TTGIR/LLIR/AMDGCN) of the formal-path winner kernels,offline recompilation during the 2026-10-05 replay audit (no execution counters),outputs/profiling/MI300X/analysis_2026-10-05/triton_ir/layernorm__fp16__layernorm_kernel__2XRCWY4O,187609e542fe8e620fee2c34eb1aecb9c8f78955c0d8004445dd4b6e247c05c3,local outputs/profiling/MI300X/analysis_2026-10-05/triton_ir (one directory per code object),analysis_2026-10-05,matched,"verified: manifest tree_sha256 reproduced=True; capture names==expected=True; replay-audit hsaco formal==replay for 1/1 launches=True; post-fix audit PASS=True; PC-sampled instruction text found in recompiled AMDGCN=12/12 (branch targets compared by opcode only: the disassembly prints offsets, the dump prints labels)",1,report_sha256 = sha256 over sorted '<dir>\t<tree_sha256(dir)>' lines of the listed stage directories; recompiled binaries are hsaco-identical between the formal autotune path and the profiling replay (replay_audit/layernorm__fp16__formal.json). swept params equal the CSV row; other params equal config case_defaults; largest-row (last CSV row of this dtype),5b82f8afed59f83c3f39696338e7ce51dec38de7,"{""K"":10240,""M"":2048,""batch"":1}","{""BLOCK_N_SIZE"":1024,""num_stages"":3,""num_warps"":2}"
MI300X.triton.layernorm.fp32.pc_sampling,MI300X,triton,layernorm,fp32,fa45d3ba2fb3856f04607280e814ebbac125ae7a861db94f0f48dc44d3e53c3e,"{""K"":10240}","rocprof-compute --experimental profile --pc-sampling (stochastic, interval 65536)",single application run (same harness: 3 prime calls + 1 profiled call),outputs/rocprof_compute/MI300X/layernorm/triton_fp32/pc_sampling,2b7ea3e82f17a8895025e05fa5b3f0cbae5aefaa486dfe35dafcfc2509e9aa4a,local outputs/rocprof_compute/MI300X/layernorm/triton_fp32; HF dataset bcui2/NCU_report path AMD_MI300X/layernorm/triton_fp32,ff3600e1831dc3bed6925f301214cad6db8234cb,matched,"verified: manifest tree_sha256 reproduced=True; capture names==expected=True; replay-audit hsaco formal==replay for 1/1 launches=True; post-fix audit PASS=True; PC-sampled instruction text found in recompiled AMDGCN=35/35 (branch targets compared by opcode only: the disassembly prints offsets, the dump prints labels)",1,profiled 2026-10-02T11:34:34+00:00..2026-10-02T11:36:57+00:00; samples on operator kernels=554 of 734 total; instruction rows from analysis/pc_sampling_instructions.csv; launch_count is the harness launch count (PC sampling does not report dispatches). swept params equal the CSV row; other params equal config case_defaults; largest-row (last CSV row of this dtype),5b82f8afed59f83c3f39696338e7ce51dec38de7,"{""K"":10240,""M"":2048,""batch"":1}","{""BLOCK_N_SIZE"":2048,""num_stages"":4,""num_warps"":2}"
MI300X.triton.layernorm.fp32.rocprof_compute,MI300X,triton,layernorm,fp32,fa45d3ba2fb3856f04607280e814ebbac125ae7a861db94f0f48dc44d3e53c3e,"{""K"":10240}","rocprof-compute profile, full default counter set (13 counter passes + roofline), kernel filter ^(?:layernorm_kernel)","application replay: one process per counter pass, each does 3 unprofiled prime calls then input generation, a 512 MiB eviction and exactly one impl.run()",outputs/rocprof_compute/MI300X/layernorm/triton_fp32/workload,a2a368fe239cc4f2321b632a70f029a2fcc61124ba1804b2118a499849a43c70,local outputs/rocprof_compute/MI300X/layernorm/triton_fp32; HF dataset bcui2/NCU_report path AMD_MI300X/layernorm/triton_fp32,ff3600e1831dc3bed6925f301214cad6db8234cb,matched,"verified: manifest tree_sha256 reproduced=True; capture names==expected=True; replay-audit hsaco formal==replay for 1/1 launches=True; post-fix audit PASS=True; PC-sampled instruction text found in recompiled AMDGCN=35/35 (branch targets compared by opcode only: the disassembly prints offsets, the dump prints labels)",1,"profiled 2026-10-02T11:34:34+00:00..2026-10-02T11:36:57+00:00; report_sha256 = tree hash of workload/; whole pair dir tree hash 977edbe7036e0c94fb91f60aa4c9b43303242898803faf3218fd375cb7983278 (matches report_manifest.json); metrics parsed from existing analysis/workload_csv (rocprof-compute analyze output, not re-run). swept params equal the CSV row; other params equal config case_defaults; largest-row (last CSV row of this dtype)",5b82f8afed59f83c3f39696338e7ce51dec38de7,"{""K"":10240,""M"":2048,""batch"":1}","{""BLOCK_N_SIZE"":2048,""num_stages"":4,""num_warps"":2}"
MI300X.triton.layernorm.fp32.static_isa,MI300X,triton,layernorm,fp32,fa45d3ba2fb3856f04607280e814ebbac125ae7a861db94f0f48dc44d3e53c3e,"{""K"":10240}",static compile artifacts (TTIR/TTGIR/LLIR/AMDGCN) of the formal-path winner kernels,offline recompilation during the 2026-10-05 replay audit (no execution counters),outputs/profiling/MI300X/analysis_2026-10-05/triton_ir/layernorm__fp32__layernorm_kernel__BJZRG5C7,11f515be139cf98b64b8a4c8372c38e531a224af224393819c1bbd378928c9bf,local outputs/profiling/MI300X/analysis_2026-10-05/triton_ir (one directory per code object),analysis_2026-10-05,matched,"verified: manifest tree_sha256 reproduced=True; capture names==expected=True; replay-audit hsaco formal==replay for 1/1 launches=True; post-fix audit PASS=True; PC-sampled instruction text found in recompiled AMDGCN=35/35 (branch targets compared by opcode only: the disassembly prints offsets, the dump prints labels)",1,report_sha256 = sha256 over sorted '<dir>\t<tree_sha256(dir)>' lines of the listed stage directories; recompiled binaries are hsaco-identical between the formal autotune path and the profiling replay (replay_audit/layernorm__fp32__formal.json). swept params equal the CSV row; other params equal config case_defaults; largest-row (last CSV row of this dtype),5b82f8afed59f83c3f39696338e7ce51dec38de7,"{""K"":10240,""M"":2048,""batch"":1}","{""BLOCK_N_SIZE"":2048,""num_stages"":4,""num_warps"":2}"
MI300X.triton.leaky_relu.bf16.pc_sampling,MI300X,triton,leaky_relu,bf16,6eca7d81a7289bee164ca35ad9cd7b50657bf8dbce8765f99841abe26890b05f,"{""n"":50000000}","rocprof-compute --experimental profile --pc-sampling (stochastic, interval 65536)",single application run (same harness: 3 prime calls + 1 profiled call),outputs/rocprof_compute/MI300X/leaky_relu/triton_bf16/pc_sampling,f2091c935696cefeaf64970807b2cd0e94950b175655535e4c3448f4c4cb7b1c,local outputs/rocprof_compute/MI300X/leaky_relu/triton_bf16; HF dataset bcui2/NCU_report path AMD_MI300X/leaky_relu/triton_bf16,ff3600e1831dc3bed6925f301214cad6db8234cb,matched,"verified: manifest tree_sha256 reproduced=True; capture names==expected=True; replay-audit hsaco formal==replay for 1/1 launches=True; post-fix audit PASS=True; PC-sampled instruction text found in recompiled AMDGCN=4/4 (branch targets compared by opcode only: the disassembly prints offsets, the dump prints labels)",1,profiled 2026-10-02T11:39:20+00:00..2026-10-02T11:41:43+00:00; samples on operator kernels=59 of 266 total; instruction rows from analysis/pc_sampling_instructions.csv; launch_count is the harness launch count (PC sampling does not report dispatches). swept params equal the CSV row; other params equal config case_defaults; largest-row (last CSV row of this dtype),5b82f8afed59f83c3f39696338e7ce51dec38de7,"{""n"":50000000}","{""BLOCK_SIZE"":1024,""num_stages"":2,""num_warps"":4}"
MI300X.triton.leaky_relu.bf16.rocprof_compute,MI300X,triton,leaky_relu,bf16,6eca7d81a7289bee164ca35ad9cd7b50657bf8dbce8765f99841abe26890b05f,"{""n"":50000000}","rocprof-compute profile, full default counter set (13 counter passes + roofline), kernel filter ^(?:leaky_relu_kernel)","application replay: one process per counter pass, each does 3 unprofiled prime calls then input generation, a 512 MiB eviction and exactly one impl.run()",outputs/rocprof_compute/MI300X/leaky_relu/triton_bf16/workload,60fc04c5ba7f07ba0e5e34bbf10a1363fa30cd031d0ae2567b16888b10f4c59d,local outputs/rocprof_compute/MI300X/leaky_relu/triton_bf16; HF dataset bcui2/NCU_report path AMD_MI300X/leaky_relu/triton_bf16,ff3600e1831dc3bed6925f301214cad6db8234cb,matched,"verified: manifest tree_sha256 reproduced=True; capture names==expected=True; replay-audit hsaco formal==replay for 1/1 launches=True; post-fix audit PASS=True; PC-sampled instruction text found in recompiled AMDGCN=4/4 (branch targets compared by opcode only: the disassembly prints offsets, the dump prints labels)",1,"profiled 2026-10-02T11:39:20+00:00..2026-10-02T11:41:43+00:00; report_sha256 = tree hash of workload/; whole pair dir tree hash 652439ccbc122b25a9564f4a84af746b3d31fdcc101592b24b9e34681776a7c2 (matches report_manifest.json); metrics parsed from existing analysis/workload_csv (rocprof-compute analyze output, not re-run). swept params equal the CSV row; other params equal config case_defaults; largest-row (last CSV row of this dtype)",5b82f8afed59f83c3f39696338e7ce51dec38de7,"{""n"":50000000}","{""BLOCK_SIZE"":1024,""num_stages"":2,""num_warps"":4}"
MI300X.triton.leaky_relu.bf16.static_isa,MI300X,triton,leaky_relu,bf16,6eca7d81a7289bee164ca35ad9cd7b50657bf8dbce8765f99841abe26890b05f,"{""n"":50000000}",static compile artifacts (TTIR/TTGIR/LLIR/AMDGCN) of the formal-path winner kernels,offline recompilation during the 2026-10-05 replay audit (no execution counters),outputs/profiling/MI300X/analysis_2026-10-05/triton_ir/leaky_relu__bf16__leaky_relu_kernel__HQ5B4OTC,21088cdd4bae83a9f20e976d3649387aac7e9a68a018c1158b56545935339851,local outputs/profiling/MI300X/analysis_2026-10-05/triton_ir (one directory per code object),analysis_2026-10-05,matched,"verified: manifest tree_sha256 reproduced=True; capture names==expected=True; replay-audit hsaco formal==replay for 1/1 launches=True; post-fix audit PASS=True; PC-sampled instruction text found in recompiled AMDGCN=4/4 (branch targets compared by opcode only: the disassembly prints offsets, the dump prints labels)",1,report_sha256 = sha256 over sorted '<dir>\t<tree_sha256(dir)>' lines of the listed stage directories; recompiled binaries are hsaco-identical between the formal autotune path and the profiling replay (replay_audit/leaky_relu__bf16__formal.json). swept params equal the CSV row; other params equal config case_defaults; largest-row (last CSV row of this dtype),5b82f8afed59f83c3f39696338e7ce51dec38de7,"{""n"":50000000}","{""BLOCK_SIZE"":1024,""num_stages"":2,""num_warps"":4}"
MI300X.triton.leaky_relu.fp16.pc_sampling,MI300X,triton,leaky_relu,fp16,7fa7ce730ac82d258792640bc436601d0f93b77fc124861e5c6f89f1a132e23a,"{""n"":50000000}","rocprof-compute --experimental profile --pc-sampling (stochastic, interval 65536)",single application run (same harness: 3 prime calls + 1 profiled call),outputs/rocprof_compute/MI300X/leaky_relu/triton_fp16/pc_sampling,c45e173217d97259085c6c287d1a53cabba8d42e765afc5cd0a73d3fef49948a,local outputs/rocprof_compute/MI300X/leaky_relu/triton_fp16; HF dataset bcui2/NCU_report path AMD_MI300X/leaky_relu/triton_fp16,ff3600e1831dc3bed6925f301214cad6db8234cb,matched,"verified: manifest tree_sha256 reproduced=True; capture names==expected=True; replay-audit hsaco formal==replay for 1/1 launches=True; post-fix audit PASS=True; PC-sampled instruction text found in recompiled AMDGCN=2/2 (branch targets compared by opcode only: the disassembly prints offsets, the dump prints labels)",1,profiled 2026-10-02T11:36:57+00:00..2026-10-02T11:39:20+00:00; samples on operator kernels=49 of 239 total; instruction rows from analysis/pc_sampling_instructions.csv; launch_count is the harness launch count (PC sampling does not report dispatches). swept params equal the CSV row; other params equal config case_defaults; largest-row (last CSV row of this dtype),5b82f8afed59f83c3f39696338e7ce51dec38de7,"{""n"":50000000}","{""BLOCK_SIZE"":4096,""num_stages"":2,""num_warps"":8}"
MI300X.triton.leaky_relu.fp16.rocprof_compute,MI300X,triton,leaky_relu,fp16,7fa7ce730ac82d258792640bc436601d0f93b77fc124861e5c6f89f1a132e23a,"{""n"":50000000}","rocprof-compute profile, full default counter set (13 counter passes + roofline), kernel filter ^(?:leaky_relu_kernel)","application replay: one process per counter pass, each does 3 unprofiled prime calls then input generation, a 512 MiB eviction and exactly one impl.run()",outputs/rocprof_compute/MI300X/leaky_relu/triton_fp16/workload,e55ea943c51390986f49954b4e13491cc3773e03e9277a1c391a7a397bcbd6cb,local outputs/rocprof_compute/MI300X/leaky_relu/triton_fp16; HF dataset bcui2/NCU_report path AMD_MI300X/leaky_relu/triton_fp16,ff3600e1831dc3bed6925f301214cad6db8234cb,matched,"verified: manifest tree_sha256 reproduced=True; capture names==expected=True; replay-audit hsaco formal==replay for 1/1 launches=True; post-fix audit PASS=True; PC-sampled instruction text found in recompiled AMDGCN=2/2 (branch targets compared by opcode only: the disassembly prints offsets, the dump prints labels)",1,"profiled 2026-10-02T11:36:57+00:00..2026-10-02T11:39:20+00:00; report_sha256 = tree hash of workload/; whole pair dir tree hash 6f902669f898980f6ef62b5a39c2cd4202d1f1ff086d7b4f209c7a2b2a95d5bf (matches report_manifest.json); metrics parsed from existing analysis/workload_csv (rocprof-compute analyze output, not re-run). swept params equal the CSV row; other params equal config case_defaults; largest-row (last CSV row of this dtype)",5b82f8afed59f83c3f39696338e7ce51dec38de7,"{""n"":50000000}","{""BLOCK_SIZE"":4096,""num_stages"":2,""num_warps"":8}"
MI300X.triton.leaky_relu.fp16.static_isa,MI300X,triton,leaky_relu,fp16,7fa7ce730ac82d258792640bc436601d0f93b77fc124861e5c6f89f1a132e23a,"{""n"":50000000}",static compile artifacts (TTIR/TTGIR/LLIR/AMDGCN) of the formal-path winner kernels,offline recompilation during the 2026-10-05 replay audit (no execution counters),outputs/profiling/MI300X/analysis_2026-10-05/triton_ir/leaky_relu__fp16__leaky_relu_kernel__CEJDCSZQ,8d4fa2cca0e071e8eed70b2c92de689c8653ab0689af5146e37b7212cb37bb06,local outputs/profiling/MI300X/analysis_2026-10-05/triton_ir (one directory per code object),analysis_2026-10-05,matched,"verified: manifest tree_sha256 reproduced=True; capture names==expected=True; replay-audit hsaco formal==replay for 1/1 launches=True; post-fix audit PASS=True; PC-sampled instruction text found in recompiled AMDGCN=2/2 (branch targets compared by opcode only: the disassembly prints offsets, the dump prints labels)",1,report_sha256 = sha256 over sorted '<dir>\t<tree_sha256(dir)>' lines of the listed stage directories; recompiled binaries are hsaco-identical between the formal autotune path and the profiling replay (replay_audit/leaky_relu__fp16__formal.json). swept params equal the CSV row; other params equal config case_defaults; largest-row (last CSV row of this dtype),5b82f8afed59f83c3f39696338e7ce51dec38de7,"{""n"":50000000}","{""BLOCK_SIZE"":4096,""num_stages"":2,""num_warps"":8}"
MI300X.triton.leaky_relu.fp32.pc_sampling,MI300X,triton,leaky_relu,fp32,04db3e39c88ec881c2d156028c74d1166babba13cc0d3c4e2ac797819f67c211,"{""n"":50000000}","rocprof-compute --experimental profile --pc-sampling (stochastic, interval 65536)",single application run (same harness: 3 prime calls + 1 profiled call),outputs/rocprof_compute/MI300X/leaky_relu/triton_fp32/pc_sampling,5df35e8e338cc30cc8628f96649ef358aaf819b9130cc92b8d1b20a3f9c39c46,local outputs/rocprof_compute/MI300X/leaky_relu/triton_fp32; HF dataset bcui2/NCU_report path AMD_MI300X/leaky_relu/triton_fp32,ff3600e1831dc3bed6925f301214cad6db8234cb,matched,"verified: manifest tree_sha256 reproduced=True; capture names==expected=True; replay-audit hsaco formal==replay for 1/1 launches=True; post-fix audit PASS=True; PC-sampled instruction text found in recompiled AMDGCN=4/4 (branch targets compared by opcode only: the disassembly prints offsets, the dump prints labels)",1,profiled 2026-10-02T11:41:43+00:00..2026-10-02T11:44:06+00:00; samples on operator kernels=100 of 300 total; instruction rows from analysis/pc_sampling_instructions.csv; launch_count is the harness launch count (PC sampling does not report dispatches). swept params equal the CSV row; other params equal config case_defaults; largest-row (last CSV row of this dtype),5b82f8afed59f83c3f39696338e7ce51dec38de7,"{""n"":50000000}","{""BLOCK_SIZE"":2048,""num_stages"":2,""num_warps"":8}"
MI300X.triton.leaky_relu.fp32.rocprof_compute,MI300X,triton,leaky_relu,fp32,04db3e39c88ec881c2d156028c74d1166babba13cc0d3c4e2ac797819f67c211,"{""n"":50000000}","rocprof-compute profile, full default counter set (13 counter passes + roofline), kernel filter ^(?:leaky_relu_kernel)","application replay: one process per counter pass, each does 3 unprofiled prime calls then input generation, a 512 MiB eviction and exactly one impl.run()",outputs/rocprof_compute/MI300X/leaky_relu/triton_fp32/workload,7a79b439ff6094d4b733b2d2ccbb45aebcda70ee4123b94a79a39d1359775119,local outputs/rocprof_compute/MI300X/leaky_relu/triton_fp32; HF dataset bcui2/NCU_report path AMD_MI300X/leaky_relu/triton_fp32,ff3600e1831dc3bed6925f301214cad6db8234cb,matched,"verified: manifest tree_sha256 reproduced=True; capture names==expected=True; replay-audit hsaco formal==replay for 1/1 launches=True; post-fix audit PASS=True; PC-sampled instruction text found in recompiled AMDGCN=4/4 (branch targets compared by opcode only: the disassembly prints offsets, the dump prints labels)",1,"profiled 2026-10-02T11:41:43+00:00..2026-10-02T11:44:06+00:00; report_sha256 = tree hash of workload/; whole pair dir tree hash fccba0bd58a9f31f5e5d8a8ae19f9ac64a27439286604ed1cbe762b663e872cc (matches report_manifest.json); metrics parsed from existing analysis/workload_csv (rocprof-compute analyze output, not re-run). swept params equal the CSV row; other params equal config case_defaults; largest-row (last CSV row of this dtype)",5b82f8afed59f83c3f39696338e7ce51dec38de7,"{""n"":50000000}","{""BLOCK_SIZE"":2048,""num_stages"":2,""num_warps"":8}"
MI300X.triton.leaky_relu.fp32.static_isa,MI300X,triton,leaky_relu,fp32,04db3e39c88ec881c2d156028c74d1166babba13cc0d3c4e2ac797819f67c211,"{""n"":50000000}",static compile artifacts (TTIR/TTGIR/LLIR/AMDGCN) of the formal-path winner kernels,offline recompilation during the 2026-10-05 replay audit (no execution counters),outputs/profiling/MI300X/analysis_2026-10-05/triton_ir/leaky_relu__fp32__leaky_relu_kernel__AAJCIH62,03f85080e0f089b26e79c68a53ac9bb85e21d55d09a792710ee734418bdc96de,local outputs/profiling/MI300X/analysis_2026-10-05/triton_ir (one directory per code object),analysis_2026-10-05,matched,"verified: manifest tree_sha256 reproduced=True; capture names==expected=True; replay-audit hsaco formal==replay for 1/1 launches=True; post-fix audit PASS=True; PC-sampled instruction text found in recompiled AMDGCN=4/4 (branch targets compared by opcode only: the disassembly prints offsets, the dump prints labels)",1,report_sha256 = sha256 over sorted '<dir>\t<tree_sha256(dir)>' lines of the listed stage directories; recompiled binaries are hsaco-identical between the formal autotune path and the profiling replay (replay_audit/leaky_relu__fp32__formal.json). swept params equal the CSV row; other params equal config case_defaults; largest-row (last CSV row of this dtype),5b82f8afed59f83c3f39696338e7ce51dec38de7,"{""n"":50000000}","{""BLOCK_SIZE"":2048,""num_stages"":2,""num_warps"":8}"
MI300X.triton.linear_self_attention.fp32.pc_sampling,MI300X,triton,linear_self_attention,fp32,9f33e318243023d73b19a8eef521e9a0c2c656b036e96f7016b70c3cb4458bb4,"{""D"":256,""M"":10000}","rocprof-compute --experimental profile --pc-sampling (stochastic, interval 65536)",single application run (same harness: 3 prime calls + 1 profiled call),outputs/rocprof_compute/MI300X/linear_self_attention/triton_fp32/pc_sampling,c3ef0e928a0ee208d6e07e7140c0496c28abe04eb260dc46088d568c4fecb2cc,local outputs/rocprof_compute/MI300X/linear_self_attention/triton_fp32; HF dataset bcui2/NCU_report path AMD_MI300X/linear_self_attention/triton_fp32,ff3600e1831dc3bed6925f301214cad6db8234cb,matched,"verified: manifest tree_sha256 reproduced=True; capture names==expected=True; replay-audit hsaco formal==replay for 5/5 launches=True; post-fix audit PASS=True; PC-sampled instruction text found in recompiled AMDGCN=76/76 (branch targets compared by opcode only: the disassembly prints offsets, the dump prints labels)",5,profiled 2026-10-02T11:44:06+00:00..2026-10-02T11:46:36+00:00; samples on operator kernels=183 of 461 total; instruction rows from analysis/pc_sampling_instructions.csv; launch_count is the harness launch count (PC sampling does not report dispatches). swept params equal the CSV row; other params equal config case_defaults; largest-row (last CSV row of this dtype),5b82f8afed59f83c3f39696338e7ce51dec38de7,"{""D"":256,""M"":10000,""eps"":1e-06}","{""kv_BLOCK_K"":64,""kv_BLOCK_M"":32,""kv_BLOCK_N"":32,""kv_num_stages"":2,""kv_num_warps"":8,""out_BLOCK_K"":64,""out_BLOCK_M"":64,""out_BLOCK_N"":64,""out_num_stages"":2,""out_num_warps"":4}"
MI300X.triton.linear_self_attention.fp32.rocprof_compute,MI300X,triton,linear_self_attention,fp32,9f33e318243023d73b19a8eef521e9a0c2c656b036e96f7016b70c3cb4458bb4,"{""D"":256,""M"":10000}","rocprof-compute profile, full default counter set (13 counter passes + roofline), kernel filter ^(?:kv_gemm_kernel|out_gemm_kernel|phi_kernel|z_kernel)","application replay: one process per counter pass, each does 3 unprofiled prime calls then input generation, a 512 MiB eviction and exactly one impl.run()",outputs/rocprof_compute/MI300X/linear_self_attention/triton_fp32/workload,d5b9e451f711eb63a5f9856ec91c0f25c7d4bf9ee12263e0a07797e8c0a76ca4,local outputs/rocprof_compute/MI300X/linear_self_attention/triton_fp32; HF dataset bcui2/NCU_report path AMD_MI300X/linear_self_attention/triton_fp32,ff3600e1831dc3bed6925f301214cad6db8234cb,matched,"verified: manifest tree_sha256 reproduced=True; capture names==expected=True; replay-audit hsaco formal==replay for 5/5 launches=True; post-fix audit PASS=True; PC-sampled instruction text found in recompiled AMDGCN=76/76 (branch targets compared by opcode only: the disassembly prints offsets, the dump prints labels)",5,"profiled 2026-10-02T11:44:06+00:00..2026-10-02T11:46:36+00:00; report_sha256 = tree hash of workload/; whole pair dir tree hash 85fae2d3eb7fcd50a1575cba6c80e96bbb1cbb43dfc330714745e1b1c4c98410 (matches report_manifest.json); metrics parsed from existing analysis/workload_csv (rocprof-compute analyze output, not re-run). swept params equal the CSV row; other params equal config case_defaults; largest-row (last CSV row of this dtype)",5b82f8afed59f83c3f39696338e7ce51dec38de7,"{""D"":256,""M"":10000,""eps"":1e-06}","{""kv_BLOCK_K"":64,""kv_BLOCK_M"":32,""kv_BLOCK_N"":32,""kv_num_stages"":2,""kv_num_warps"":8,""out_BLOCK_K"":64,""out_BLOCK_M"":64,""out_BLOCK_N"":64,""out_num_stages"":2,""out_num_warps"":4}"
MI300X.triton.linear_self_attention.fp32.static_isa,MI300X,triton,linear_self_attention,fp32,9f33e318243023d73b19a8eef521e9a0c2c656b036e96f7016b70c3cb4458bb4,"{""D"":256,""M"":10000}",static compile artifacts (TTIR/TTGIR/LLIR/AMDGCN) of the formal-path winner kernels,offline recompilation during the 2026-10-05 replay audit (no execution counters),outputs/profiling/MI300X/analysis_2026-10-05/triton_ir/linear_self_attention__fp32__phi_kernel__7I3TQE46;outputs/profiling/MI300X/analysis_2026-10-05/triton_ir/linear_self_attention__fp32__kv_gemm_kernel__PDMHR3V3;outputs/profiling/MI300X/analysis_2026-10-05/triton_ir/linear_self_attention__fp32__z_kernel__CICHIAOU;outputs/profiling/MI300X/analysis_2026-10-05/triton_ir/linear_self_attention__fp32__out_gemm_kernel__WT2RHMXV,e2bc7bdb791e6c340793db58e875fbbd2ba675bf849a7b1fab511e919ab2949e,local outputs/profiling/MI300X/analysis_2026-10-05/triton_ir (one directory per code object),analysis_2026-10-05,matched,"verified: manifest tree_sha256 reproduced=True; capture names==expected=True; replay-audit hsaco formal==replay for 5/5 launches=True; post-fix audit PASS=True; PC-sampled instruction text found in recompiled AMDGCN=76/76 (branch targets compared by opcode only: the disassembly prints offsets, the dump prints labels)",5,report_sha256 = sha256 over sorted '<dir>\t<tree_sha256(dir)>' lines of the listed stage directories; recompiled binaries are hsaco-identical between the formal autotune path and the profiling replay (replay_audit/linear_self_attention__fp32__formal.json). swept params equal the CSV row; other params equal config case_defaults; largest-row (last CSV row of this dtype),5b82f8afed59f83c3f39696338e7ce51dec38de7,"{""D"":256,""M"":10000,""eps"":1e-06}","{""kv_BLOCK_K"":64,""kv_BLOCK_M"":32,""kv_BLOCK_N"":32,""kv_num_stages"":2,""kv_num_warps"":8,""out_BLOCK_K"":64,""out_BLOCK_M"":64,""out_BLOCK_N"":64,""out_num_stages"":2,""out_num_warps"":4}"
MI300X.triton.matmul_fp32_fp16_fp8.fp16.pc_sampling,MI300X,triton,matmul_fp32_fp16_fp8,fp16,0f433dd0380aab932fd7dc12b1159e3b40ad0d21a385d0ebd8d5e56130ffc549,"{""K"":20480}","rocprof-compute --experimental profile --pc-sampling (stochastic, interval 65536)",single application run (same harness: 3 prime calls + 1 profiled call),outputs/rocprof_compute/MI300X/matmul_fp32_fp16_fp8/triton_fp16/pc_sampling,d658d053911e49dfa9a6792965aeea667fa7561194e8e1e59092bd7462b3e873,local outputs/rocprof_compute/MI300X/matmul_fp32_fp16_fp8/triton_fp16; HF dataset bcui2/NCU_report path AMD_MI300X/matmul_fp32_fp16_fp8/triton_fp16,ff3600e1831dc3bed6925f301214cad6db8234cb,matched,"verified: manifest tree_sha256 reproduced=True; capture names==expected=True; replay-audit hsaco formal==replay for 1/1 launches=True; post-fix audit PASS=True; PC-sampled instruction text found in recompiled AMDGCN=751/751 (branch targets compared by opcode only: the disassembly prints offsets, the dump prints labels)",1,profiled 2026-10-02T11:49:03+00:00..2026-10-02T11:51:31+00:00; samples on operator kernels=13714 of 15569 total; instruction rows from analysis/pc_sampling_instructions.csv; launch_count is the harness launch count (PC sampling does not report dispatches). swept params equal the CSV row; other params equal config case_defaults; largest-row (last CSV row of this dtype),5b82f8afed59f83c3f39696338e7ce51dec38de7,"{""K"":20480,""M"":4096,""N"":4096}","{""BLOCK_SIZE_K"":64,""BLOCK_SIZE_M"":256,""BLOCK_SIZE_N"":256,""GROUP_SIZE_M"":8,""num_stages"":3,""num_warps"":8}"
MI300X.triton.matmul_fp32_fp16_fp8.fp16.rocprof_compute,MI300X,triton,matmul_fp32_fp16_fp8,fp16,0f433dd0380aab932fd7dc12b1159e3b40ad0d21a385d0ebd8d5e56130ffc549,"{""K"":20480}","rocprof-compute profile, full default counter set (13 counter passes + roofline), kernel filter ^(?:matmul_kernel)","application replay: one process per counter pass, each does 3 unprofiled prime calls then input generation, a 512 MiB eviction and exactly one impl.run()",outputs/rocprof_compute/MI300X/matmul_fp32_fp16_fp8/triton_fp16/workload,2a839f58ab2567163db0a37732e04ea44dfe6ebe9a992164005844f859004259,local outputs/rocprof_compute/MI300X/matmul_fp32_fp16_fp8/triton_fp16; HF dataset bcui2/NCU_report path AMD_MI300X/matmul_fp32_fp16_fp8/triton_fp16,ff3600e1831dc3bed6925f301214cad6db8234cb,matched,"verified: manifest tree_sha256 reproduced=True; capture names==expected=True; replay-audit hsaco formal==replay for 1/1 launches=True; post-fix audit PASS=True; PC-sampled instruction text found in recompiled AMDGCN=751/751 (branch targets compared by opcode only: the disassembly prints offsets, the dump prints labels)",1,"profiled 2026-10-02T11:49:03+00:00..2026-10-02T11:51:31+00:00; report_sha256 = tree hash of workload/; whole pair dir tree hash ad626face31b5a5876c4d3a5dc736cdbb864606c5cec7dd496f4ca218d8a12bb (matches report_manifest.json); metrics parsed from existing analysis/workload_csv (rocprof-compute analyze output, not re-run). swept params equal the CSV row; other params equal config case_defaults; largest-row (last CSV row of this dtype)",5b82f8afed59f83c3f39696338e7ce51dec38de7,"{""K"":20480,""M"":4096,""N"":4096}","{""BLOCK_SIZE_K"":64,""BLOCK_SIZE_M"":256,""BLOCK_SIZE_N"":256,""GROUP_SIZE_M"":8,""num_stages"":3,""num_warps"":8}"
MI300X.triton.matmul_fp32_fp16_fp8.fp16.static_isa,MI300X,triton,matmul_fp32_fp16_fp8,fp16,0f433dd0380aab932fd7dc12b1159e3b40ad0d21a385d0ebd8d5e56130ffc549,"{""K"":20480}",static compile artifacts (TTIR/TTGIR/LLIR/AMDGCN) of the formal-path winner kernels,offline recompilation during the 2026-10-05 replay audit (no execution counters),outputs/profiling/MI300X/analysis_2026-10-05/triton_ir/matmul_fp32_fp16_fp8__fp16__matmul_kernel__5NDL2V5H,0e8d4a3b34f47f7190e8d90842b4295bc0f7659da5c54f38aa39b696fed9286f,local outputs/profiling/MI300X/analysis_2026-10-05/triton_ir (one directory per code object),analysis_2026-10-05,matched,"verified: manifest tree_sha256 reproduced=True; capture names==expected=True; replay-audit hsaco formal==replay for 1/1 launches=True; post-fix audit PASS=True; PC-sampled instruction text found in recompiled AMDGCN=751/751 (branch targets compared by opcode only: the disassembly prints offsets, the dump prints labels)",1,report_sha256 = sha256 over sorted '<dir>\t<tree_sha256(dir)>' lines of the listed stage directories; recompiled binaries are hsaco-identical between the formal autotune path and the profiling replay (replay_audit/matmul_fp32_fp16_fp8__fp16__formal.json). swept params equal the CSV row; other params equal config case_defaults; largest-row (last CSV row of this dtype),5b82f8afed59f83c3f39696338e7ce51dec38de7,"{""K"":20480,""M"":4096,""N"":4096}","{""BLOCK_SIZE_K"":64,""BLOCK_SIZE_M"":256,""BLOCK_SIZE_N"":256,""GROUP_SIZE_M"":8,""num_stages"":3,""num_warps"":8}"
MI300X.triton.matmul_fp32_fp16_fp8.fp32.pc_sampling,MI300X,triton,matmul_fp32_fp16_fp8,fp32,8fc81e4eae152ab41b26be7f64e1325800fe8d1caebba9d5fed514ff11115dcb,"{""K"":20480}","rocprof-compute --experimental profile --pc-sampling (stochastic, interval 65536)",single application run (same harness: 3 prime calls + 1 profiled call),outputs/rocprof_compute/MI300X/matmul_fp32_fp16_fp8/triton_fp32/pc_sampling,c67d0499b6ea807df81734fa88f69e89bb6e24944fb1b9b9995010e35afa1915,local outputs/rocprof_compute/MI300X/matmul_fp32_fp16_fp8/triton_fp32; HF dataset bcui2/NCU_report path AMD_MI300X/matmul_fp32_fp16_fp8/triton_fp32,ff3600e1831dc3bed6925f301214cad6db8234cb,matched,"verified: manifest tree_sha256 reproduced=True; capture names==expected=True; replay-audit hsaco formal==replay for 1/1 launches=True; post-fix audit PASS=True; PC-sampled instruction text found in recompiled AMDGCN=558/558 (branch targets compared by opcode only: the disassembly prints offsets, the dump prints labels)",1,profiled 2026-10-02T11:46:36+00:00..2026-10-02T11:49:03+00:00; samples on operator kernels=27409 of 28949 total; instruction rows from analysis/pc_sampling_instructions.csv; launch_count is the harness launch count (PC sampling does not report dispatches). swept params equal the CSV row; other params equal config case_defaults; largest-row (last CSV row of this dtype),5b82f8afed59f83c3f39696338e7ce51dec38de7,"{""K"":20480,""M"":4096,""N"":4096}","{""BLOCK_SIZE_K"":32,""BLOCK_SIZE_M"":128,""BLOCK_SIZE_N"":128,""GROUP_SIZE_M"":8,""num_stages"":3,""num_warps"":4}"
MI300X.triton.matmul_fp32_fp16_fp8.fp32.rocprof_compute,MI300X,triton,matmul_fp32_fp16_fp8,fp32,8fc81e4eae152ab41b26be7f64e1325800fe8d1caebba9d5fed514ff11115dcb,"{""K"":20480}","rocprof-compute profile, full default counter set (13 counter passes + roofline), kernel filter ^(?:matmul_kernel)","application replay: one process per counter pass, each does 3 unprofiled prime calls then input generation, a 512 MiB eviction and exactly one impl.run()",outputs/rocprof_compute/MI300X/matmul_fp32_fp16_fp8/triton_fp32/workload,6085cc085b9fd928d6ce920c699b21023ec7fba8b6a1b9ed96555251c4b87184,local outputs/rocprof_compute/MI300X/matmul_fp32_fp16_fp8/triton_fp32; HF dataset bcui2/NCU_report path AMD_MI300X/matmul_fp32_fp16_fp8/triton_fp32,ff3600e1831dc3bed6925f301214cad6db8234cb,matched,"verified: manifest tree_sha256 reproduced=True; capture names==expected=True; replay-audit hsaco formal==replay for 1/1 launches=True; post-fix audit PASS=True; PC-sampled instruction text found in recompiled AMDGCN=558/558 (branch targets compared by opcode only: the disassembly prints offsets, the dump prints labels)",1,"profiled 2026-10-02T11:46:36+00:00..2026-10-02T11:49:03+00:00; report_sha256 = tree hash of workload/; whole pair dir tree hash be249e47b3021014d2bed8371f9df9b223335c0a29ae210022da449842109242 (matches report_manifest.json); metrics parsed from existing analysis/workload_csv (rocprof-compute analyze output, not re-run). swept params equal the CSV row; other params equal config case_defaults; largest-row (last CSV row of this dtype)",5b82f8afed59f83c3f39696338e7ce51dec38de7,"{""K"":20480,""M"":4096,""N"":4096}","{""BLOCK_SIZE_K"":32,""BLOCK_SIZE_M"":128,""BLOCK_SIZE_N"":128,""GROUP_SIZE_M"":8,""num_stages"":3,""num_warps"":4}"
MI300X.triton.matmul_fp32_fp16_fp8.fp32.static_isa,MI300X,triton,matmul_fp32_fp16_fp8,fp32,8fc81e4eae152ab41b26be7f64e1325800fe8d1caebba9d5fed514ff11115dcb,"{""K"":20480}",static compile artifacts (TTIR/TTGIR/LLIR/AMDGCN) of the formal-path winner kernels,offline recompilation during the 2026-10-05 replay audit (no execution counters),outputs/profiling/MI300X/analysis_2026-10-05/triton_ir/matmul_fp32_fp16_fp8__fp32__matmul_kernel__GZKHN33Q,e365d82b189d48021170e8a5697ed99cdc40e15f219375865c983294d0b8f52c,local outputs/profiling/MI300X/analysis_2026-10-05/triton_ir (one directory per code object),analysis_2026-10-05,matched,"verified: manifest tree_sha256 reproduced=True; capture names==expected=True; replay-audit hsaco formal==replay for 1/1 launches=True; post-fix audit PASS=True; PC-sampled instruction text found in recompiled AMDGCN=558/558 (branch targets compared by opcode only: the disassembly prints offsets, the dump prints labels)",1,report_sha256 = sha256 over sorted '<dir>\t<tree_sha256(dir)>' lines of the listed stage directories; recompiled binaries are hsaco-identical between the formal autotune path and the profiling replay (replay_audit/matmul_fp32_fp16_fp8__fp32__formal.json). swept params equal the CSV row; other params equal config case_defaults; largest-row (last CSV row of this dtype),5b82f8afed59f83c3f39696338e7ce51dec38de7,"{""K"":20480,""M"":4096,""N"":4096}","{""BLOCK_SIZE_K"":32,""BLOCK_SIZE_M"":128,""BLOCK_SIZE_N"":128,""GROUP_SIZE_M"":8,""num_stages"":3,""num_warps"":4}"
MI300X.triton.matmul_int8.int8.pc_sampling,MI300X,triton,matmul_int8,int8,effb13083f7de4ecc0061a113fc9b59d39db1c0e69ff14d016c9f95798aa9292,"{""K"":20480}","rocprof-compute --experimental profile --pc-sampling (stochastic, interval 65536)",single application run (same harness: 3 prime calls + 1 profiled call),outputs/rocprof_compute/MI300X/matmul_int8/triton_int8/pc_sampling,d68a8095ed11f45fc1cc1cf1420f837af6f8b8bc5fc697bfba8548f97b57c926,local outputs/rocprof_compute/MI300X/matmul_int8/triton_int8; HF dataset bcui2/NCU_report path AMD_MI300X/matmul_int8/triton_int8,ff3600e1831dc3bed6925f301214cad6db8234cb,matched,"verified: manifest tree_sha256 reproduced=True; capture names==expected=True; replay-audit hsaco formal==replay for 1/1 launches=True; post-fix audit PASS=True; PC-sampled instruction text found in recompiled AMDGCN=187/187 (branch targets compared by opcode only: the disassembly prints offsets, the dump prints labels)",1,profiled 2026-10-02T11:51:31+00:00..2026-10-02T11:53:56+00:00; samples on operator kernels=2826 of 3251 total; instruction rows from analysis/pc_sampling_instructions.csv; launch_count is the harness launch count (PC sampling does not report dispatches). swept params equal the CSV row; other params equal config case_defaults; largest-row (last CSV row of this dtype),5b82f8afed59f83c3f39696338e7ce51dec38de7,"{""K"":20480,""M"":2048,""N"":2048}","{""BLOCK_SIZE_K"":64,""BLOCK_SIZE_M"":64,""BLOCK_SIZE_N"":256,""GROUP_SIZE_M"":8,""num_stages"":3,""num_warps"":16}"
MI300X.triton.matmul_int8.int8.rocprof_compute,MI300X,triton,matmul_int8,int8,effb13083f7de4ecc0061a113fc9b59d39db1c0e69ff14d016c9f95798aa9292,"{""K"":20480}","rocprof-compute profile, full default counter set (13 counter passes + roofline), kernel filter ^(?:matmul_kernel)","application replay: one process per counter pass, each does 3 unprofiled prime calls then input generation, a 512 MiB eviction and exactly one impl.run()",outputs/rocprof_compute/MI300X/matmul_int8/triton_int8/workload,6b578ef8ce13a02290d0eb6296dc247d01b84cd97f0d31099e9e0b51c104588c,local outputs/rocprof_compute/MI300X/matmul_int8/triton_int8; HF dataset bcui2/NCU_report path AMD_MI300X/matmul_int8/triton_int8,ff3600e1831dc3bed6925f301214cad6db8234cb,matched,"verified: manifest tree_sha256 reproduced=True; capture names==expected=True; replay-audit hsaco formal==replay for 1/1 launches=True; post-fix audit PASS=True; PC-sampled instruction text found in recompiled AMDGCN=187/187 (branch targets compared by opcode only: the disassembly prints offsets, the dump prints labels)",1,"profiled 2026-10-02T11:51:31+00:00..2026-10-02T11:53:56+00:00; report_sha256 = tree hash of workload/; whole pair dir tree hash bf6a3957c2493cdb6d7e0cd8115f96eff27874a6b0277a4214a2e081fef1dd50 (matches report_manifest.json); metrics parsed from existing analysis/workload_csv (rocprof-compute analyze output, not re-run). swept params equal the CSV row; other params equal config case_defaults; largest-row (last CSV row of this dtype)",5b82f8afed59f83c3f39696338e7ce51dec38de7,"{""K"":20480,""M"":2048,""N"":2048}","{""BLOCK_SIZE_K"":64,""BLOCK_SIZE_M"":64,""BLOCK_SIZE_N"":256,""GROUP_SIZE_M"":8,""num_stages"":3,""num_warps"":16}"
MI300X.triton.matmul_int8.int8.static_isa,MI300X,triton,matmul_int8,int8,effb13083f7de4ecc0061a113fc9b59d39db1c0e69ff14d016c9f95798aa9292,"{""K"":20480}",static compile artifacts (TTIR/TTGIR/LLIR/AMDGCN) of the formal-path winner kernels,offline recompilation during the 2026-10-05 replay audit (no execution counters),outputs/profiling/MI300X/analysis_2026-10-05/triton_ir/matmul_int8__int8__matmul_kernel__JRGVHCIM,e0f473d8f3ab1f1c6934b1990efd82a6196cf193dd8fb057ac4611dfa35250ef,local outputs/profiling/MI300X/analysis_2026-10-05/triton_ir (one directory per code object),analysis_2026-10-05,matched,"verified: manifest tree_sha256 reproduced=True; capture names==expected=True; replay-audit hsaco formal==replay for 1/1 launches=True; post-fix audit PASS=True; PC-sampled instruction text found in recompiled AMDGCN=187/187 (branch targets compared by opcode only: the disassembly prints offsets, the dump prints labels)",1,report_sha256 = sha256 over sorted '<dir>\t<tree_sha256(dir)>' lines of the listed stage directories; recompiled binaries are hsaco-identical between the formal autotune path and the profiling replay (replay_audit/matmul_int8__int8__formal.json). swept params equal the CSV row; other params equal config case_defaults; largest-row (last CSV row of this dtype),5b82f8afed59f83c3f39696338e7ce51dec38de7,"{""K"":20480,""M"":2048,""N"":2048}","{""BLOCK_SIZE_K"":64,""BLOCK_SIZE_M"":64,""BLOCK_SIZE_N"":256,""GROUP_SIZE_M"":8,""num_stages"":3,""num_warps"":16}"
MI300X.triton.matrix_copy.bf16.pc_sampling,MI300X,triton,matrix_copy,bf16,68480203642c7428ce26ab56bdd1caacd9925a7953fcdefb0afe46d8d3e52339,"{""N"":5120}","rocprof-compute --experimental profile --pc-sampling (stochastic, interval 65536)",single application run (same harness: 3 prime calls + 1 profiled call),outputs/rocprof_compute/MI300X/matrix_copy/triton_bf16/pc_sampling,41b7b86d6a443e40ab7df5442557d1a88199968bee77de88836134a27545fa63,local outputs/rocprof_compute/MI300X/matrix_copy/triton_bf16; HF dataset bcui2/NCU_report path AMD_MI300X/matrix_copy/triton_bf16,ff3600e1831dc3bed6925f301214cad6db8234cb,matched,"verified: manifest tree_sha256 reproduced=True; capture names==expected=True; replay-audit hsaco formal==replay for 1/1 launches=True; post-fix audit PASS=True; PC-sampled instruction text found in recompiled AMDGCN=6/6 (branch targets compared by opcode only: the disassembly prints offsets, the dump prints labels)",1,profiled 2026-10-02T11:56:19+00:00..2026-10-02T11:58:41+00:00; samples on operator kernels=129 of 306 total; instruction rows from analysis/pc_sampling_instructions.csv; launch_count is the harness launch count (PC sampling does not report dispatches). swept params equal the CSV row; other params equal config case_defaults; largest-row (last CSV row of this dtype),5b82f8afed59f83c3f39696338e7ce51dec38de7,"{""N"":5120}","{""BLOCK_SIZE"":4096,""num_stages"":2,""num_warps"":4}"
MI300X.triton.matrix_copy.bf16.rocprof_compute,MI300X,triton,matrix_copy,bf16,68480203642c7428ce26ab56bdd1caacd9925a7953fcdefb0afe46d8d3e52339,"{""N"":5120}","rocprof-compute profile, full default counter set (13 counter passes + roofline), kernel filter ^(?:matrix_copy_kernel)","application replay: one process per counter pass, each does 3 unprofiled prime calls then input generation, a 512 MiB eviction and exactly one impl.run()",outputs/rocprof_compute/MI300X/matrix_copy/triton_bf16/workload,6c539cde037d6dfbdd106074ee73eaebbbbd1ea0eec7cbe521fb537c71a1d93f,local outputs/rocprof_compute/MI300X/matrix_copy/triton_bf16; HF dataset bcui2/NCU_report path AMD_MI300X/matrix_copy/triton_bf16,ff3600e1831dc3bed6925f301214cad6db8234cb,matched,"verified: manifest tree_sha256 reproduced=True; capture names==expected=True; replay-audit hsaco formal==replay for 1/1 launches=True; post-fix audit PASS=True; PC-sampled instruction text found in recompiled AMDGCN=6/6 (branch targets compared by opcode only: the disassembly prints offsets, the dump prints labels)",1,"profiled 2026-10-02T11:56:19+00:00..2026-10-02T11:58:41+00:00; report_sha256 = tree hash of workload/; whole pair dir tree hash 2caa0907012732cc6ac2a62f7031c6d0bbd220975c041b9c3ccaacbacfbd9366 (matches report_manifest.json); metrics parsed from existing analysis/workload_csv (rocprof-compute analyze output, not re-run). swept params equal the CSV row; other params equal config case_defaults; largest-row (last CSV row of this dtype)",5b82f8afed59f83c3f39696338e7ce51dec38de7,"{""N"":5120}","{""BLOCK_SIZE"":4096,""num_stages"":2,""num_warps"":4}"
MI300X.triton.matrix_copy.bf16.static_isa,MI300X,triton,matrix_copy,bf16,68480203642c7428ce26ab56bdd1caacd9925a7953fcdefb0afe46d8d3e52339,"{""N"":5120}",static compile artifacts (TTIR/TTGIR/LLIR/AMDGCN) of the formal-path winner kernels,offline recompilation during the 2026-10-05 replay audit (no execution counters),outputs/profiling/MI300X/analysis_2026-10-05/triton_ir/matrix_copy__bf16__matrix_copy_kernel__BCXYPPBD,15befaf919387a22a6456a20ea5040300fb7e21017e17d768a0c8e11705790a6,local outputs/profiling/MI300X/analysis_2026-10-05/triton_ir (one directory per code object),analysis_2026-10-05,matched,"verified: manifest tree_sha256 reproduced=True; capture names==expected=True; replay-audit hsaco formal==replay for 1/1 launches=True; post-fix audit PASS=True; PC-sampled instruction text found in recompiled AMDGCN=6/6 (branch targets compared by opcode only: the disassembly prints offsets, the dump prints labels)",1,report_sha256 = sha256 over sorted '<dir>\t<tree_sha256(dir)>' lines of the listed stage directories; recompiled binaries are hsaco-identical between the formal autotune path and the profiling replay (replay_audit/matrix_copy__bf16__formal.json). swept params equal the CSV row; other params equal config case_defaults; largest-row (last CSV row of this dtype),5b82f8afed59f83c3f39696338e7ce51dec38de7,"{""N"":5120}","{""BLOCK_SIZE"":4096,""num_stages"":2,""num_warps"":4}"
MI300X.triton.matrix_copy.fp16.pc_sampling,MI300X,triton,matrix_copy,fp16,3962f8de0b2a8e72865456d36aac5ef2374c1ef5fbbfa351d36e5d9cad3b826a,"{""N"":5120}","rocprof-compute --experimental profile --pc-sampling (stochastic, interval 65536)",single application run (same harness: 3 prime calls + 1 profiled call),outputs/rocprof_compute/MI300X/matrix_copy/triton_fp16/pc_sampling,1915add6d40519312d4225a4b95437f68505a93763d0476b8154f671a4f7cd71,local outputs/rocprof_compute/MI300X/matrix_copy/triton_fp16; HF dataset bcui2/NCU_report path AMD_MI300X/matrix_copy/triton_fp16,ff3600e1831dc3bed6925f301214cad6db8234cb,matched,"verified: manifest tree_sha256 reproduced=True; capture names==expected=True; replay-audit hsaco formal==replay for 1/1 launches=True; post-fix audit PASS=True; PC-sampled instruction text found in recompiled AMDGCN=4/4 (branch targets compared by opcode only: the disassembly prints offsets, the dump prints labels)",1,profiled 2026-10-02T11:53:56+00:00..2026-10-02T11:56:19+00:00; samples on operator kernels=41 of 210 total; instruction rows from analysis/pc_sampling_instructions.csv; launch_count is the harness launch count (PC sampling does not report dispatches). swept params equal the CSV row; other params equal config case_defaults; largest-row (last CSV row of this dtype),5b82f8afed59f83c3f39696338e7ce51dec38de7,"{""N"":5120}","{""BLOCK_SIZE"":4096,""num_stages"":1,""num_warps"":8}"
MI300X.triton.matrix_copy.fp16.rocprof_compute,MI300X,triton,matrix_copy,fp16,3962f8de0b2a8e72865456d36aac5ef2374c1ef5fbbfa351d36e5d9cad3b826a,"{""N"":5120}","rocprof-compute profile, full default counter set (13 counter passes + roofline), kernel filter ^(?:matrix_copy_kernel)","application replay: one process per counter pass, each does 3 unprofiled prime calls then input generation, a 512 MiB eviction and exactly one impl.run()",outputs/rocprof_compute/MI300X/matrix_copy/triton_fp16/workload,8e6418c217535b02d19be0c53d87caef75475c1b0ed69857dcb08a7ca9215363,local outputs/rocprof_compute/MI300X/matrix_copy/triton_fp16; HF dataset bcui2/NCU_report path AMD_MI300X/matrix_copy/triton_fp16,ff3600e1831dc3bed6925f301214cad6db8234cb,matched,"verified: manifest tree_sha256 reproduced=True; capture names==expected=True; replay-audit hsaco formal==replay for 1/1 launches=True; post-fix audit PASS=True; PC-sampled instruction text found in recompiled AMDGCN=4/4 (branch targets compared by opcode only: the disassembly prints offsets, the dump prints labels)",1,"profiled 2026-10-02T11:53:56+00:00..2026-10-02T11:56:19+00:00; report_sha256 = tree hash of workload/; whole pair dir tree hash 3ce7f039d6a1ac5f433a83e9c0a9c6a456464ae30227519f878a6c77ed9236c1 (matches report_manifest.json); metrics parsed from existing analysis/workload_csv (rocprof-compute analyze output, not re-run). swept params equal the CSV row; other params equal config case_defaults; largest-row (last CSV row of this dtype)",5b82f8afed59f83c3f39696338e7ce51dec38de7,"{""N"":5120}","{""BLOCK_SIZE"":4096,""num_stages"":1,""num_warps"":8}"
MI300X.triton.matrix_copy.fp16.static_isa,MI300X,triton,matrix_copy,fp16,3962f8de0b2a8e72865456d36aac5ef2374c1ef5fbbfa351d36e5d9cad3b826a,"{""N"":5120}",static compile artifacts (TTIR/TTGIR/LLIR/AMDGCN) of the formal-path winner kernels,offline recompilation during the 2026-10-05 replay audit (no execution counters),outputs/profiling/MI300X/analysis_2026-10-05/triton_ir/matrix_copy__fp16__matrix_copy_kernel__T4ZTLAKJ,2bcf294d14b96c13c6dcffd1edb075e910cd4338adb2c5e422e20c9e7958ba3f,local outputs/profiling/MI300X/analysis_2026-10-05/triton_ir (one directory per code object),analysis_2026-10-05,matched,"verified: manifest tree_sha256 reproduced=True; capture names==expected=True; replay-audit hsaco formal==replay for 1/1 launches=True; post-fix audit PASS=True; PC-sampled instruction text found in recompiled AMDGCN=4/4 (branch targets compared by opcode only: the disassembly prints offsets, the dump prints labels)",1,report_sha256 = sha256 over sorted '<dir>\t<tree_sha256(dir)>' lines of the listed stage directories; recompiled binaries are hsaco-identical between the formal autotune path and the profiling replay (replay_audit/matrix_copy__fp16__formal.json). swept params equal the CSV row; other params equal config case_defaults; largest-row (last CSV row of this dtype),5b82f8afed59f83c3f39696338e7ce51dec38de7,"{""N"":5120}","{""BLOCK_SIZE"":4096,""num_stages"":1,""num_warps"":8}"
MI300X.triton.matrix_copy.fp32.pc_sampling,MI300X,triton,matrix_copy,fp32,5aac204a2cc7a183e05fd5e2ceeb1423ffbdbb6f87096326557e412ae3d4d766,"{""N"":5120}","rocprof-compute --experimental profile --pc-sampling (stochastic, interval 65536)",single application run (same harness: 3 prime calls + 1 profiled call),outputs/rocprof_compute/MI300X/matrix_copy/triton_fp32/pc_sampling,6b66c9d4f688af25ad3472d528854ebdea44f297f10fd975e776c7f8b22ea4f8,local outputs/rocprof_compute/MI300X/matrix_copy/triton_fp32; HF dataset bcui2/NCU_report path AMD_MI300X/matrix_copy/triton_fp32,ff3600e1831dc3bed6925f301214cad6db8234cb,matched,"verified: manifest tree_sha256 reproduced=True; capture names==expected=True; replay-audit hsaco formal==replay for 1/1 launches=True; post-fix audit PASS=True; PC-sampled instruction text found in recompiled AMDGCN=2/2 (branch targets compared by opcode only: the disassembly prints offsets, the dump prints labels)",1,profiled 2026-10-02T11:58:41+00:00..2026-10-02T12:01:05+00:00; samples on operator kernels=57 of 223 total; instruction rows from analysis/pc_sampling_instructions.csv; launch_count is the harness launch count (PC sampling does not report dispatches). swept params equal the CSV row; other params equal config case_defaults; largest-row (last CSV row of this dtype),5b82f8afed59f83c3f39696338e7ce51dec38de7,"{""N"":5120}","{""BLOCK_SIZE"":2048,""num_stages"":2,""num_warps"":8}"
MI300X.triton.matrix_copy.fp32.rocprof_compute,MI300X,triton,matrix_copy,fp32,5aac204a2cc7a183e05fd5e2ceeb1423ffbdbb6f87096326557e412ae3d4d766,"{""N"":5120}","rocprof-compute profile, full default counter set (13 counter passes + roofline), kernel filter ^(?:matrix_copy_kernel)","application replay: one process per counter pass, each does 3 unprofiled prime calls then input generation, a 512 MiB eviction and exactly one impl.run()",outputs/rocprof_compute/MI300X/matrix_copy/triton_fp32/workload,3b477f966143b75c80aa285f4d7939fac4cc293439e764eb5bfcf664951ef4f9,local outputs/rocprof_compute/MI300X/matrix_copy/triton_fp32; HF dataset bcui2/NCU_report path AMD_MI300X/matrix_copy/triton_fp32,ff3600e1831dc3bed6925f301214cad6db8234cb,matched,"verified: manifest tree_sha256 reproduced=True; capture names==expected=True; replay-audit hsaco formal==replay for 1/1 launches=True; post-fix audit PASS=True; PC-sampled instruction text found in recompiled AMDGCN=2/2 (branch targets compared by opcode only: the disassembly prints offsets, the dump prints labels)",1,"profiled 2026-10-02T11:58:41+00:00..2026-10-02T12:01:05+00:00; report_sha256 = tree hash of workload/; whole pair dir tree hash 63470efc638d4238d92540a43a2109d78befd0c936064c64ca205d9d00700515 (matches report_manifest.json); metrics parsed from existing analysis/workload_csv (rocprof-compute analyze output, not re-run). swept params equal the CSV row; other params equal config case_defaults; largest-row (last CSV row of this dtype)",5b82f8afed59f83c3f39696338e7ce51dec38de7,"{""N"":5120}","{""BLOCK_SIZE"":2048,""num_stages"":2,""num_warps"":8}"
MI300X.triton.matrix_copy.fp32.static_isa,MI300X,triton,matrix_copy,fp32,5aac204a2cc7a183e05fd5e2ceeb1423ffbdbb6f87096326557e412ae3d4d766,"{""N"":5120}",static compile artifacts (TTIR/TTGIR/LLIR/AMDGCN) of the formal-path winner kernels,offline recompilation during the 2026-10-05 replay audit (no execution counters),outputs/profiling/MI300X/analysis_2026-10-05/triton_ir/matrix_copy__fp32__matrix_copy_kernel__F2M5TIZY,a3d667b5fe78b14b77e8350d583ee8be0761779ac326cac4dd16b83b0b766a26,local outputs/profiling/MI300X/analysis_2026-10-05/triton_ir (one directory per code object),analysis_2026-10-05,matched,"verified: manifest tree_sha256 reproduced=True; capture names==expected=True; replay-audit hsaco formal==replay for 1/1 launches=True; post-fix audit PASS=True; PC-sampled instruction text found in recompiled AMDGCN=2/2 (branch targets compared by opcode only: the disassembly prints offsets, the dump prints labels)",1,report_sha256 = sha256 over sorted '<dir>\t<tree_sha256(dir)>' lines of the listed stage directories; recompiled binaries are hsaco-identical between the formal autotune path and the profiling replay (replay_audit/matrix_copy__fp32__formal.json). swept params equal the CSV row; other params equal config case_defaults; largest-row (last CSV row of this dtype),5b82f8afed59f83c3f39696338e7ce51dec38de7,"{""N"":5120}","{""BLOCK_SIZE"":2048,""num_stages"":2,""num_warps"":8}"
MI300X.triton.matrix_copy.int8.pc_sampling,MI300X,triton,matrix_copy,int8,4555af9b2b422d932151e99cb252e97a39529d13e10801033d5eba9fa320da59,"{""N"":5120}","rocprof-compute --experimental profile --pc-sampling (stochastic, interval 65536)",single application run (same harness: 3 prime calls + 1 profiled call),outputs/rocprof_compute/MI300X/matrix_copy/triton_int8/pc_sampling,8501533202522b27f32534a596521268c71afcb9c767ee4aea93a781f97f4132,local outputs/rocprof_compute/MI300X/matrix_copy/triton_int8; HF dataset bcui2/NCU_report path AMD_MI300X/matrix_copy/triton_int8,ff3600e1831dc3bed6925f301214cad6db8234cb,matched,"verified: manifest tree_sha256 reproduced=True; capture names==expected=True; replay-audit hsaco formal==replay for 1/1 launches=True; post-fix audit PASS=True; PC-sampled instruction text found in recompiled AMDGCN=2/2 (branch targets compared by opcode only: the disassembly prints offsets, the dump prints labels)",1,profiled 2026-10-02T12:01:05+00:00..2026-10-02T12:03:29+00:00; samples on operator kernels=9 of 311 total; instruction rows from analysis/pc_sampling_instructions.csv; launch_count is the harness launch count (PC sampling does not report dispatches). swept params equal the CSV row; other params equal config case_defaults; largest-row (last CSV row of this dtype),5b82f8afed59f83c3f39696338e7ce51dec38de7,"{""N"":5120}","{""BLOCK_SIZE"":4096,""num_stages"":2,""num_warps"":4}"
MI300X.triton.matrix_copy.int8.rocprof_compute,MI300X,triton,matrix_copy,int8,4555af9b2b422d932151e99cb252e97a39529d13e10801033d5eba9fa320da59,"{""N"":5120}","rocprof-compute profile, full default counter set (13 counter passes + roofline), kernel filter ^(?:matrix_copy_kernel)","application replay: one process per counter pass, each does 3 unprofiled prime calls then input generation, a 512 MiB eviction and exactly one impl.run()",outputs/rocprof_compute/MI300X/matrix_copy/triton_int8/workload,caaca384e5c7d0279602e296d420a46798e7172793c4e2c928f37528992fc960,local outputs/rocprof_compute/MI300X/matrix_copy/triton_int8; HF dataset bcui2/NCU_report path AMD_MI300X/matrix_copy/triton_int8,ff3600e1831dc3bed6925f301214cad6db8234cb,matched,"verified: manifest tree_sha256 reproduced=True; capture names==expected=True; replay-audit hsaco formal==replay for 1/1 launches=True; post-fix audit PASS=True; PC-sampled instruction text found in recompiled AMDGCN=2/2 (branch targets compared by opcode only: the disassembly prints offsets, the dump prints labels)",1,"profiled 2026-10-02T12:01:05+00:00..2026-10-02T12:03:29+00:00; report_sha256 = tree hash of workload/; whole pair dir tree hash b21279f1a293c3a45b00f4948f9da4d63cd38a6acba6d4cd21eea29493bae41a (matches report_manifest.json); metrics parsed from existing analysis/workload_csv (rocprof-compute analyze output, not re-run). swept params equal the CSV row; other params equal config case_defaults; largest-row (last CSV row of this dtype)",5b82f8afed59f83c3f39696338e7ce51dec38de7,"{""N"":5120}","{""BLOCK_SIZE"":4096,""num_stages"":2,""num_warps"":4}"
MI300X.triton.matrix_copy.int8.static_isa,MI300X,triton,matrix_copy,int8,4555af9b2b422d932151e99cb252e97a39529d13e10801033d5eba9fa320da59,"{""N"":5120}",static compile artifacts (TTIR/TTGIR/LLIR/AMDGCN) of the formal-path winner kernels,offline recompilation during the 2026-10-05 replay audit (no execution counters),outputs/profiling/MI300X/analysis_2026-10-05/triton_ir/matrix_copy__int8__matrix_copy_kernel__63HOISXJ,740e7a189a3c1d6ac81f7c2228a055502de077f8d5e5156b062201c695ba9897,local outputs/profiling/MI300X/analysis_2026-10-05/triton_ir (one directory per code object),analysis_2026-10-05,matched,"verified: manifest tree_sha256 reproduced=True; capture names==expected=True; replay-audit hsaco formal==replay for 1/1 launches=True; post-fix audit PASS=True; PC-sampled instruction text found in recompiled AMDGCN=2/2 (branch targets compared by opcode only: the disassembly prints offsets, the dump prints labels)",1,report_sha256 = sha256 over sorted '<dir>\t<tree_sha256(dir)>' lines of the listed stage directories; recompiled binaries are hsaco-identical between the formal autotune path and the profiling replay (replay_audit/matrix_copy__int8__formal.json). swept params equal the CSV row; other params equal config case_defaults; largest-row (last CSV row of this dtype),5b82f8afed59f83c3f39696338e7ce51dec38de7,"{""N"":5120}","{""BLOCK_SIZE"":4096,""num_stages"":2,""num_warps"":4}"
MI300X.triton.matrix_transpose.bf16.pc_sampling,MI300X,triton,matrix_transpose,bf16,df171b7cfb5517f2f42b3fc141742299420af17bb44d898b5fb3896a2358fb4f,"{""n"":20480}","rocprof-compute --experimental profile --pc-sampling (stochastic, interval 65536)",single application run (same harness: 3 prime calls + 1 profiled call),outputs/rocprof_compute/MI300X/matrix_transpose/triton_bf16/pc_sampling,231540874949d3c4049eb605b7bb5c3082574c6e6ab8858a39b92fc10878c642,local outputs/rocprof_compute/MI300X/matrix_transpose/triton_bf16; HF dataset bcui2/NCU_report path AMD_MI300X/matrix_transpose/triton_bf16,ff3600e1831dc3bed6925f301214cad6db8234cb,matched,"verified: manifest tree_sha256 reproduced=True; capture names==expected=True; replay-audit hsaco formal==replay for 1/1 launches=True; post-fix audit PASS=True; PC-sampled instruction text found in recompiled AMDGCN=23/23 (branch targets compared by opcode only: the disassembly prints offsets, the dump prints labels)",1,profiled 2026-10-02T12:05:52+00:00..2026-10-02T12:08:15+00:00; samples on operator kernels=154 of 403 total; instruction rows from analysis/pc_sampling_instructions.csv; launch_count is the harness launch count (PC sampling does not report dispatches). swept params equal the CSV row; other params equal config case_defaults; largest-row (last CSV row of this dtype),5b82f8afed59f83c3f39696338e7ce51dec38de7,"{""m"":4096,""n"":20480}","{""BLOCK_TILE"":128,""num_warps"":8}"
MI300X.triton.matrix_transpose.bf16.rocprof_compute,MI300X,triton,matrix_transpose,bf16,df171b7cfb5517f2f42b3fc141742299420af17bb44d898b5fb3896a2358fb4f,"{""n"":20480}","rocprof-compute profile, full default counter set (13 counter passes + roofline), kernel filter ^(?:transpose_kernel)","application replay: one process per counter pass, each does 3 unprofiled prime calls then input generation, a 512 MiB eviction and exactly one impl.run()",outputs/rocprof_compute/MI300X/matrix_transpose/triton_bf16/workload,8a54ec7711d4358375ad5df30f94cc298a8547383873eb4462ac235548386ae7,local outputs/rocprof_compute/MI300X/matrix_transpose/triton_bf16; HF dataset bcui2/NCU_report path AMD_MI300X/matrix_transpose/triton_bf16,ff3600e1831dc3bed6925f301214cad6db8234cb,matched,"verified: manifest tree_sha256 reproduced=True; capture names==expected=True; replay-audit hsaco formal==replay for 1/1 launches=True; post-fix audit PASS=True; PC-sampled instruction text found in recompiled AMDGCN=23/23 (branch targets compared by opcode only: the disassembly prints offsets, the dump prints labels)",1,"profiled 2026-10-02T12:05:52+00:00..2026-10-02T12:08:15+00:00; report_sha256 = tree hash of workload/; whole pair dir tree hash c8dddf81a86927d7ed7fa26918dad724290bc5999c02a80a907a19ad3def44c3 (matches report_manifest.json); metrics parsed from existing analysis/workload_csv (rocprof-compute analyze output, not re-run). swept params equal the CSV row; other params equal config case_defaults; largest-row (last CSV row of this dtype)",5b82f8afed59f83c3f39696338e7ce51dec38de7,"{""m"":4096,""n"":20480}","{""BLOCK_TILE"":128,""num_warps"":8}"
MI300X.triton.matrix_transpose.bf16.static_isa,MI300X,triton,matrix_transpose,bf16,df171b7cfb5517f2f42b3fc141742299420af17bb44d898b5fb3896a2358fb4f,"{""n"":20480}",static compile artifacts (TTIR/TTGIR/LLIR/AMDGCN) of the formal-path winner kernels,offline recompilation during the 2026-10-05 replay audit (no execution counters),outputs/profiling/MI300X/analysis_2026-10-05/triton_ir/matrix_transpose__bf16__transpose_kernel__ZL57J3EQ,6301fe61499b10b79668b97992ec64ccab020aeb12c3d614c13f882b2016ca23,local outputs/profiling/MI300X/analysis_2026-10-05/triton_ir (one directory per code object),analysis_2026-10-05,matched,"verified: manifest tree_sha256 reproduced=True; capture names==expected=True; replay-audit hsaco formal==replay for 1/1 launches=True; post-fix audit PASS=True; PC-sampled instruction text found in recompiled AMDGCN=23/23 (branch targets compared by opcode only: the disassembly prints offsets, the dump prints labels)",1,report_sha256 = sha256 over sorted '<dir>\t<tree_sha256(dir)>' lines of the listed stage directories; recompiled binaries are hsaco-identical between the formal autotune path and the profiling replay (replay_audit/matrix_transpose__bf16__formal.json). swept params equal the CSV row; other params equal config case_defaults; largest-row (last CSV row of this dtype),5b82f8afed59f83c3f39696338e7ce51dec38de7,"{""m"":4096,""n"":20480}","{""BLOCK_TILE"":128,""num_warps"":8}"
MI300X.triton.matrix_transpose.fp16.pc_sampling,MI300X,triton,matrix_transpose,fp16,c811dbec7492bb7e97a787fba0c6a6c06d2fa61c41a842417585bee6c90eeaf8,"{""n"":20480}","rocprof-compute --experimental profile --pc-sampling (stochastic, interval 65536)",single application run (same harness: 3 prime calls + 1 profiled call),outputs/rocprof_compute/MI300X/matrix_transpose/triton_fp16/pc_sampling,b40f6159eda36d59fcf34b68aeb64b711092973b3aa7975cbccf26fd098ed79a,local outputs/rocprof_compute/MI300X/matrix_transpose/triton_fp16; HF dataset bcui2/NCU_report path AMD_MI300X/matrix_transpose/triton_fp16,ff3600e1831dc3bed6925f301214cad6db8234cb,matched,"verified: manifest tree_sha256 reproduced=True; capture names==expected=True; replay-audit hsaco formal==replay for 1/1 launches=True; post-fix audit PASS=True; PC-sampled instruction text found in recompiled AMDGCN=19/19 (branch targets compared by opcode only: the disassembly prints offsets, the dump prints labels)",1,profiled 2026-10-02T12:03:29+00:00..2026-10-02T12:05:52+00:00; samples on operator kernels=147 of 373 total; instruction rows from analysis/pc_sampling_instructions.csv; launch_count is the harness launch count (PC sampling does not report dispatches). swept params equal the CSV row; other params equal config case_defaults; largest-row (last CSV row of this dtype),5b82f8afed59f83c3f39696338e7ce51dec38de7,"{""m"":4096,""n"":20480}","{""BLOCK_TILE"":128,""num_warps"":8}"
MI300X.triton.matrix_transpose.fp16.rocprof_compute,MI300X,triton,matrix_transpose,fp16,c811dbec7492bb7e97a787fba0c6a6c06d2fa61c41a842417585bee6c90eeaf8,"{""n"":20480}","rocprof-compute profile, full default counter set (13 counter passes + roofline), kernel filter ^(?:transpose_kernel)","application replay: one process per counter pass, each does 3 unprofiled prime calls then input generation, a 512 MiB eviction and exactly one impl.run()",outputs/rocprof_compute/MI300X/matrix_transpose/triton_fp16/workload,3ced214befb8ec417b70ea0a33bddc77ea3c5c03d58de2aa02c7975198283705,local outputs/rocprof_compute/MI300X/matrix_transpose/triton_fp16; HF dataset bcui2/NCU_report path AMD_MI300X/matrix_transpose/triton_fp16,ff3600e1831dc3bed6925f301214cad6db8234cb,matched,"verified: manifest tree_sha256 reproduced=True; capture names==expected=True; replay-audit hsaco formal==replay for 1/1 launches=True; post-fix audit PASS=True; PC-sampled instruction text found in recompiled AMDGCN=19/19 (branch targets compared by opcode only: the disassembly prints offsets, the dump prints labels)",1,"profiled 2026-10-02T12:03:29+00:00..2026-10-02T12:05:52+00:00; report_sha256 = tree hash of workload/; whole pair dir tree hash 99209b797cb007a08c4f39f9813e2098c7d5714863363598c757107229f72a82 (matches report_manifest.json); metrics parsed from existing analysis/workload_csv (rocprof-compute analyze output, not re-run). swept params equal the CSV row; other params equal config case_defaults; largest-row (last CSV row of this dtype)",5b82f8afed59f83c3f39696338e7ce51dec38de7,"{""m"":4096,""n"":20480}","{""BLOCK_TILE"":128,""num_warps"":8}"
MI300X.triton.matrix_transpose.fp16.static_isa,MI300X,triton,matrix_transpose,fp16,c811dbec7492bb7e97a787fba0c6a6c06d2fa61c41a842417585bee6c90eeaf8,"{""n"":20480}",static compile artifacts (TTIR/TTGIR/LLIR/AMDGCN) of the formal-path winner kernels,offline recompilation during the 2026-10-05 replay audit (no execution counters),outputs/profiling/MI300X/analysis_2026-10-05/triton_ir/matrix_transpose__fp16__transpose_kernel__FVRJ65HJ,fa4f71a51363cbfb8bf74f3cc556af55282e661ff7c57004aa366f52a09071ba,local outputs/profiling/MI300X/analysis_2026-10-05/triton_ir (one directory per code object),analysis_2026-10-05,matched,"verified: manifest tree_sha256 reproduced=True; capture names==expected=True; replay-audit hsaco formal==replay for 1/1 launches=True; post-fix audit PASS=True; PC-sampled instruction text found in recompiled AMDGCN=19/19 (branch targets compared by opcode only: the disassembly prints offsets, the dump prints labels)",1,report_sha256 = sha256 over sorted '<dir>\t<tree_sha256(dir)>' lines of the listed stage directories; recompiled binaries are hsaco-identical between the formal autotune path and the profiling replay (replay_audit/matrix_transpose__fp16__formal.json). swept params equal the CSV row; other params equal config case_defaults; largest-row (last CSV row of this dtype),5b82f8afed59f83c3f39696338e7ce51dec38de7,"{""m"":4096,""n"":20480}","{""BLOCK_TILE"":128,""num_warps"":8}"
MI300X.triton.matrix_transpose.fp32.pc_sampling,MI300X,triton,matrix_transpose,fp32,25f272128f83299d2b25a97a68b4d7d64bb91fdeb01bd311a7b16902b5575bf4,"{""n"":20480}","rocprof-compute --experimental profile --pc-sampling (stochastic, interval 65536)",single application run (same harness: 3 prime calls + 1 profiled call),outputs/rocprof_compute/MI300X/matrix_transpose/triton_fp32/pc_sampling,6085918a11212d7586238b546f9dbf1032580c89b9146903f8a17e7e18bf717b,local outputs/rocprof_compute/MI300X/matrix_transpose/triton_fp32; HF dataset bcui2/NCU_report path AMD_MI300X/matrix_transpose/triton_fp32,ff3600e1831dc3bed6925f301214cad6db8234cb,matched,"verified: manifest tree_sha256 reproduced=True; capture names==expected=True; replay-audit hsaco formal==replay for 1/1 launches=True; post-fix audit PASS=True; PC-sampled instruction text found in recompiled AMDGCN=43/43 (branch targets compared by opcode only: the disassembly prints offsets, the dump prints labels)",1,profiled 2026-10-02T12:08:15+00:00..2026-10-02T12:10:38+00:00; samples on operator kernels=278 of 528 total; instruction rows from analysis/pc_sampling_instructions.csv; launch_count is the harness launch count (PC sampling does not report dispatches). swept params equal the CSV row; other params equal config case_defaults; largest-row (last CSV row of this dtype),5b82f8afed59f83c3f39696338e7ce51dec38de7,"{""m"":4096,""n"":20480}","{""BLOCK_TILE"":128,""num_warps"":8}"
MI300X.triton.matrix_transpose.fp32.rocprof_compute,MI300X,triton,matrix_transpose,fp32,25f272128f83299d2b25a97a68b4d7d64bb91fdeb01bd311a7b16902b5575bf4,"{""n"":20480}","rocprof-compute profile, full default counter set (13 counter passes + roofline), kernel filter ^(?:transpose_kernel)","application replay: one process per counter pass, each does 3 unprofiled prime calls then input generation, a 512 MiB eviction and exactly one impl.run()",outputs/rocprof_compute/MI300X/matrix_transpose/triton_fp32/workload,2d49f2a8c3267353d9a84a1e32157ae96b000eeb9104dc29e2d2872f786ecd57,local outputs/rocprof_compute/MI300X/matrix_transpose/triton_fp32; HF dataset bcui2/NCU_report path AMD_MI300X/matrix_transpose/triton_fp32,ff3600e1831dc3bed6925f301214cad6db8234cb,matched,"verified: manifest tree_sha256 reproduced=True; capture names==expected=True; replay-audit hsaco formal==replay for 1/1 launches=True; post-fix audit PASS=True; PC-sampled instruction text found in recompiled AMDGCN=43/43 (branch targets compared by opcode only: the disassembly prints offsets, the dump prints labels)",1,"profiled 2026-10-02T12:08:15+00:00..2026-10-02T12:10:38+00:00; report_sha256 = tree hash of workload/; whole pair dir tree hash 001690af4cb65ca643c89a5caba654c80df872a50e8c7a03e10d46b998b6cb54 (matches report_manifest.json); metrics parsed from existing analysis/workload_csv (rocprof-compute analyze output, not re-run). swept params equal the CSV row; other params equal config case_defaults; largest-row (last CSV row of this dtype)",5b82f8afed59f83c3f39696338e7ce51dec38de7,"{""m"":4096,""n"":20480}","{""BLOCK_TILE"":128,""num_warps"":8}"
MI300X.triton.matrix_transpose.fp32.static_isa,MI300X,triton,matrix_transpose,fp32,25f272128f83299d2b25a97a68b4d7d64bb91fdeb01bd311a7b16902b5575bf4,"{""n"":20480}",static compile artifacts (TTIR/TTGIR/LLIR/AMDGCN) of the formal-path winner kernels,offline recompilation during the 2026-10-05 replay audit (no execution counters),outputs/profiling/MI300X/analysis_2026-10-05/triton_ir/matrix_transpose__fp32__transpose_kernel__IBMONM6V,7cc8295062d5db7693593b8315fd3aa401b20054995adb26dedcc85120240775,local outputs/profiling/MI300X/analysis_2026-10-05/triton_ir (one directory per code object),analysis_2026-10-05,matched,"verified: manifest tree_sha256 reproduced=True; capture names==expected=True; replay-audit hsaco formal==replay for 1/1 launches=True; post-fix audit PASS=True; PC-sampled instruction text found in recompiled AMDGCN=43/43 (branch targets compared by opcode only: the disassembly prints offsets, the dump prints labels)",1,report_sha256 = sha256 over sorted '<dir>\t<tree_sha256(dir)>' lines of the listed stage directories; recompiled binaries are hsaco-identical between the formal autotune path and the profiling replay (replay_audit/matrix_transpose__fp32__formal.json). swept params equal the CSV row; other params equal config case_defaults; largest-row (last CSV row of this dtype),5b82f8afed59f83c3f39696338e7ce51dec38de7,"{""m"":4096,""n"":20480}","{""BLOCK_TILE"":128,""num_warps"":8}"
MI300X.triton.matrix_transpose.int8.pc_sampling,MI300X,triton,matrix_transpose,int8,b84f396ed0c507eef289b9316a7048a1ef642eaebf1221304ee271c6029e2439,"{""n"":20480}","rocprof-compute --experimental profile --pc-sampling (stochastic, interval 65536)",single application run (same harness: 3 prime calls + 1 profiled call),outputs/rocprof_compute/MI300X/matrix_transpose/triton_int8/pc_sampling,998701f524f4015a70115682273d030fd06e3b1b0a3e34410d1c24010eea4090,local outputs/rocprof_compute/MI300X/matrix_transpose/triton_int8; HF dataset bcui2/NCU_report path AMD_MI300X/matrix_transpose/triton_int8,ff3600e1831dc3bed6925f301214cad6db8234cb,matched,"verified: manifest tree_sha256 reproduced=True; capture names==expected=True; replay-audit hsaco formal==replay for 1/1 launches=True; post-fix audit PASS=True; PC-sampled instruction text found in recompiled AMDGCN=24/24 (branch targets compared by opcode only: the disassembly prints offsets, the dump prints labels)",1,profiled 2026-10-02T12:10:38+00:00..2026-10-02T12:13:03+00:00; samples on operator kernels=155 of 719 total; instruction rows from analysis/pc_sampling_instructions.csv; launch_count is the harness launch count (PC sampling does not report dispatches). swept params equal the CSV row; other params equal config case_defaults; largest-row (last CSV row of this dtype),5b82f8afed59f83c3f39696338e7ce51dec38de7,"{""m"":4096,""n"":20480}","{""BLOCK_TILE"":128,""num_warps"":4}"
MI300X.triton.matrix_transpose.int8.rocprof_compute,MI300X,triton,matrix_transpose,int8,b84f396ed0c507eef289b9316a7048a1ef642eaebf1221304ee271c6029e2439,"{""n"":20480}","rocprof-compute profile, full default counter set (13 counter passes + roofline), kernel filter ^(?:transpose_kernel)","application replay: one process per counter pass, each does 3 unprofiled prime calls then input generation, a 512 MiB eviction and exactly one impl.run()",outputs/rocprof_compute/MI300X/matrix_transpose/triton_int8/workload,bdfda7040a95bad6d9a96c1db6573e9135899ec3dc8486e725a5e7f6de2dae0f,local outputs/rocprof_compute/MI300X/matrix_transpose/triton_int8; HF dataset bcui2/NCU_report path AMD_MI300X/matrix_transpose/triton_int8,ff3600e1831dc3bed6925f301214cad6db8234cb,matched,"verified: manifest tree_sha256 reproduced=True; capture names==expected=True; replay-audit hsaco formal==replay for 1/1 launches=True; post-fix audit PASS=True; PC-sampled instruction text found in recompiled AMDGCN=24/24 (branch targets compared by opcode only: the disassembly prints offsets, the dump prints labels)",1,"profiled 2026-10-02T12:10:38+00:00..2026-10-02T12:13:03+00:00; report_sha256 = tree hash of workload/; whole pair dir tree hash 4ddf5d6424c08f43257c8ab888601246f994c50e728d7231e3b1e827336abce0 (matches report_manifest.json); metrics parsed from existing analysis/workload_csv (rocprof-compute analyze output, not re-run). swept params equal the CSV row; other params equal config case_defaults; largest-row (last CSV row of this dtype)",5b82f8afed59f83c3f39696338e7ce51dec38de7,"{""m"":4096,""n"":20480}","{""BLOCK_TILE"":128,""num_warps"":4}"
MI300X.triton.matrix_transpose.int8.static_isa,MI300X,triton,matrix_transpose,int8,b84f396ed0c507eef289b9316a7048a1ef642eaebf1221304ee271c6029e2439,"{""n"":20480}",static compile artifacts (TTIR/TTGIR/LLIR/AMDGCN) of the formal-path winner kernels,offline recompilation during the 2026-10-05 replay audit (no execution counters),outputs/profiling/MI300X/analysis_2026-10-05/triton_ir/matrix_transpose__int8__transpose_kernel__CBEDZQCM,e5c8a132279d13c876991205b229886302622805b50075d31a08452a8ca4814e,local outputs/profiling/MI300X/analysis_2026-10-05/triton_ir (one directory per code object),analysis_2026-10-05,matched,"verified: manifest tree_sha256 reproduced=True; capture names==expected=True; replay-audit hsaco formal==replay for 1/1 launches=True; post-fix audit PASS=True; PC-sampled instruction text found in recompiled AMDGCN=24/24 (branch targets compared by opcode only: the disassembly prints offsets, the dump prints labels)",1,report_sha256 = sha256 over sorted '<dir>\t<tree_sha256(dir)>' lines of the listed stage directories; recompiled binaries are hsaco-identical between the formal autotune path and the profiling replay (replay_audit/matrix_transpose__int8__formal.json). swept params equal the CSV row; other params equal config case_defaults; largest-row (last CSV row of this dtype),5b82f8afed59f83c3f39696338e7ce51dec38de7,"{""m"":4096,""n"":20480}","{""BLOCK_TILE"":128,""num_warps"":4}"
MI300X.triton.mean_reduction.bf16.pc_sampling,MI300X,triton,mean_reduction,bf16,a7efcba8e305c6117d8708114534cb27854ab592d025d380ba7457dffcec53dc,"{""N"":20480}","rocprof-compute --experimental profile --pc-sampling (stochastic, interval 65536)",single application run (same harness: 3 prime calls + 1 profiled call),outputs/rocprof_compute/MI300X/mean_reduction/triton_bf16/pc_sampling,8704ee0f4e4706c15f52ed843331288cd3d55f5b3add054ad3bf1749b494871f,local outputs/rocprof_compute/MI300X/mean_reduction/triton_bf16; HF dataset bcui2/NCU_report path AMD_MI300X/mean_reduction/triton_bf16,ff3600e1831dc3bed6925f301214cad6db8234cb,matched,"verified: manifest tree_sha256 reproduced=True; capture names==expected=True; replay-audit hsaco formal==replay for 1/1 launches=True; post-fix audit PASS=True; PC-sampled instruction text found in recompiled AMDGCN=19/19 (branch targets compared by opcode only: the disassembly prints offsets, the dump prints labels)",1,profiled 2026-10-02T12:15:26+00:00..2026-10-02T12:17:49+00:00; samples on operator kernels=63 of 268 total; instruction rows from analysis/pc_sampling_instructions.csv; launch_count is the harness launch count (PC sampling does not report dispatches). swept params equal the CSV row; other params equal config case_defaults; largest-row (last CSV row of this dtype),5b82f8afed59f83c3f39696338e7ce51dec38de7,"{""M"":2048,""N"":20480}","{""BLOCK_M"":1,""BLOCK_N"":1024,""num_warps"":4}"
MI300X.triton.mean_reduction.bf16.rocprof_compute,MI300X,triton,mean_reduction,bf16,a7efcba8e305c6117d8708114534cb27854ab592d025d380ba7457dffcec53dc,"{""N"":20480}","rocprof-compute profile, full default counter set (13 counter passes + roofline), kernel filter ^(?:mean_rowwise_kernel)","application replay: one process per counter pass, each does 3 unprofiled prime calls then input generation, a 512 MiB eviction and exactly one impl.run()",outputs/rocprof_compute/MI300X/mean_reduction/triton_bf16/workload,3af98fb4997d1223ba14589796376fa8cf6d0a9ef72645f0fbe17753931624fe,local outputs/rocprof_compute/MI300X/mean_reduction/triton_bf16; HF dataset bcui2/NCU_report path AMD_MI300X/mean_reduction/triton_bf16,ff3600e1831dc3bed6925f301214cad6db8234cb,matched,"verified: manifest tree_sha256 reproduced=True; capture names==expected=True; replay-audit hsaco formal==replay for 1/1 launches=True; post-fix audit PASS=True; PC-sampled instruction text found in recompiled AMDGCN=19/19 (branch targets compared by opcode only: the disassembly prints offsets, the dump prints labels)",1,"profiled 2026-10-02T12:15:26+00:00..2026-10-02T12:17:49+00:00; report_sha256 = tree hash of workload/; whole pair dir tree hash b19b8285bfea9c768361f31840b1d32dc72084084c690479641dcb6771daabec (matches report_manifest.json); metrics parsed from existing analysis/workload_csv (rocprof-compute analyze output, not re-run). swept params equal the CSV row; other params equal config case_defaults; largest-row (last CSV row of this dtype)",5b82f8afed59f83c3f39696338e7ce51dec38de7,"{""M"":2048,""N"":20480}","{""BLOCK_M"":1,""BLOCK_N"":1024,""num_warps"":4}"
MI300X.triton.mean_reduction.bf16.static_isa,MI300X,triton,mean_reduction,bf16,a7efcba8e305c6117d8708114534cb27854ab592d025d380ba7457dffcec53dc,"{""N"":20480}",static compile artifacts (TTIR/TTGIR/LLIR/AMDGCN) of the formal-path winner kernels,offline recompilation during the 2026-10-05 replay audit (no execution counters),outputs/profiling/MI300X/analysis_2026-10-05/triton_ir/mean_reduction__bf16__mean_rowwise_kernel__FBHQTDJI,cb418afcad41526def20bbcb1af378f9410de1fb5352efe83ecffb50ed6baf7f,local outputs/profiling/MI300X/analysis_2026-10-05/triton_ir (one directory per code object),analysis_2026-10-05,matched,"verified: manifest tree_sha256 reproduced=True; capture names==expected=True; replay-audit hsaco formal==replay for 1/1 launches=True; post-fix audit PASS=True; PC-sampled instruction text found in recompiled AMDGCN=19/19 (branch targets compared by opcode only: the disassembly prints offsets, the dump prints labels)",1,report_sha256 = sha256 over sorted '<dir>\t<tree_sha256(dir)>' lines of the listed stage directories; recompiled binaries are hsaco-identical between the formal autotune path and the profiling replay (replay_audit/mean_reduction__bf16__formal.json). swept params equal the CSV row; other params equal config case_defaults; largest-row (last CSV row of this dtype),5b82f8afed59f83c3f39696338e7ce51dec38de7,"{""M"":2048,""N"":20480}","{""BLOCK_M"":1,""BLOCK_N"":1024,""num_warps"":4}"
MI300X.triton.mean_reduction.fp16.pc_sampling,MI300X,triton,mean_reduction,fp16,3a3f4da78559d9d747f4d95764852d50d43150a968bf4ed66902ead7ef458220,"{""N"":20480}","rocprof-compute --experimental profile --pc-sampling (stochastic, interval 65536)",single application run (same harness: 3 prime calls + 1 profiled call),outputs/rocprof_compute/MI300X/mean_reduction/triton_fp16/pc_sampling,62cfcaf044965345d9a92a70ca777653b2adcc030164343adbafe1aa57c53d28,local outputs/rocprof_compute/MI300X/mean_reduction/triton_fp16; HF dataset bcui2/NCU_report path AMD_MI300X/mean_reduction/triton_fp16,ff3600e1831dc3bed6925f301214cad6db8234cb,matched,"verified: manifest tree_sha256 reproduced=True; capture names==expected=True; replay-audit hsaco formal==replay for 1/1 launches=True; post-fix audit PASS=True; PC-sampled instruction text found in recompiled AMDGCN=26/26 (branch targets compared by opcode only: the disassembly prints offsets, the dump prints labels)",1,profiled 2026-10-02T12:13:03+00:00..2026-10-02T12:15:26+00:00; samples on operator kernels=50 of 238 total; instruction rows from analysis/pc_sampling_instructions.csv; launch_count is the harness launch count (PC sampling does not report dispatches). swept params equal the CSV row; other params equal config case_defaults; largest-row (last CSV row of this dtype),5b82f8afed59f83c3f39696338e7ce51dec38de7,"{""M"":2048,""N"":20480}","{""BLOCK_M"":1,""BLOCK_N"":2048,""num_warps"":2}"
MI300X.triton.mean_reduction.fp16.rocprof_compute,MI300X,triton,mean_reduction,fp16,3a3f4da78559d9d747f4d95764852d50d43150a968bf4ed66902ead7ef458220,"{""N"":20480}","rocprof-compute profile, full default counter set (13 counter passes + roofline), kernel filter ^(?:mean_rowwise_kernel)","application replay: one process per counter pass, each does 3 unprofiled prime calls then input generation, a 512 MiB eviction and exactly one impl.run()",outputs/rocprof_compute/MI300X/mean_reduction/triton_fp16/workload,3c6f84cf9659bf08b8b97493beedbb10e3ca579120e02f66bb8bd10ca26ee329,local outputs/rocprof_compute/MI300X/mean_reduction/triton_fp16; HF dataset bcui2/NCU_report path AMD_MI300X/mean_reduction/triton_fp16,ff3600e1831dc3bed6925f301214cad6db8234cb,matched,"verified: manifest tree_sha256 reproduced=True; capture names==expected=True; replay-audit hsaco formal==replay for 1/1 launches=True; post-fix audit PASS=True; PC-sampled instruction text found in recompiled AMDGCN=26/26 (branch targets compared by opcode only: the disassembly prints offsets, the dump prints labels)",1,"profiled 2026-10-02T12:13:03+00:00..2026-10-02T12:15:26+00:00; report_sha256 = tree hash of workload/; whole pair dir tree hash bfc687b4ee4102858b2dc58e2d1d9b5546b3b8467064b17cfbc3e65a328b9b7d (matches report_manifest.json); metrics parsed from existing analysis/workload_csv (rocprof-compute analyze output, not re-run). swept params equal the CSV row; other params equal config case_defaults; largest-row (last CSV row of this dtype)",5b82f8afed59f83c3f39696338e7ce51dec38de7,"{""M"":2048,""N"":20480}","{""BLOCK_M"":1,""BLOCK_N"":2048,""num_warps"":2}"
MI300X.triton.mean_reduction.fp16.static_isa,MI300X,triton,mean_reduction,fp16,3a3f4da78559d9d747f4d95764852d50d43150a968bf4ed66902ead7ef458220,"{""N"":20480}",static compile artifacts (TTIR/TTGIR/LLIR/AMDGCN) of the formal-path winner kernels,offline recompilation during the 2026-10-05 replay audit (no execution counters),outputs/profiling/MI300X/analysis_2026-10-05/triton_ir/mean_reduction__fp16__mean_rowwise_kernel__MYMOB2D6,debb01b17784d1f86a952e0b49375a2c1d5f8b85b6f7cd648701f071fe1a6b08,local outputs/profiling/MI300X/analysis_2026-10-05/triton_ir (one directory per code object),analysis_2026-10-05,matched,"verified: manifest tree_sha256 reproduced=True; capture names==expected=True; replay-audit hsaco formal==replay for 1/1 launches=True; post-fix audit PASS=True; PC-sampled instruction text found in recompiled AMDGCN=26/26 (branch targets compared by opcode only: the disassembly prints offsets, the dump prints labels)",1,report_sha256 = sha256 over sorted '<dir>\t<tree_sha256(dir)>' lines of the listed stage directories; recompiled binaries are hsaco-identical between the formal autotune path and the profiling replay (replay_audit/mean_reduction__fp16__formal.json). swept params equal the CSV row; other params equal config case_defaults; largest-row (last CSV row of this dtype),5b82f8afed59f83c3f39696338e7ce51dec38de7,"{""M"":2048,""N"":20480}","{""BLOCK_M"":1,""BLOCK_N"":2048,""num_warps"":2}"
MI300X.triton.mean_reduction.fp32.pc_sampling,MI300X,triton,mean_reduction,fp32,42d5fd22638fb0c3446e5293f8e80b4b835482035fc2ad8e583ca3f25650f683,"{""N"":20480}","rocprof-compute --experimental profile --pc-sampling (stochastic, interval 65536)",single application run (same harness: 3 prime calls + 1 profiled call),outputs/rocprof_compute/MI300X/mean_reduction/triton_fp32/pc_sampling,e3a7ff500f56ff1897dfd0374c25ce7f13793990016500552d9a4810504a2d39,local outputs/rocprof_compute/MI300X/mean_reduction/triton_fp32; HF dataset bcui2/NCU_report path AMD_MI300X/mean_reduction/triton_fp32,ff3600e1831dc3bed6925f301214cad6db8234cb,matched,"verified: manifest tree_sha256 reproduced=True; capture names==expected=True; replay-audit hsaco formal==replay for 1/1 launches=True; post-fix audit PASS=True; PC-sampled instruction text found in recompiled AMDGCN=11/11 (branch targets compared by opcode only: the disassembly prints offsets, the dump prints labels)",1,profiled 2026-10-02T12:17:49+00:00..2026-10-02T12:20:12+00:00; samples on operator kernels=156 of 362 total; instruction rows from analysis/pc_sampling_instructions.csv; launch_count is the harness launch count (PC sampling does not report dispatches). swept params equal the CSV row; other params equal config case_defaults; largest-row (last CSV row of this dtype),5b82f8afed59f83c3f39696338e7ce51dec38de7,"{""M"":2048,""N"":20480}","{""BLOCK_M"":1,""BLOCK_N"":2048,""num_warps"":8}"
MI300X.triton.mean_reduction.fp32.rocprof_compute,MI300X,triton,mean_reduction,fp32,42d5fd22638fb0c3446e5293f8e80b4b835482035fc2ad8e583ca3f25650f683,"{""N"":20480}","rocprof-compute profile, full default counter set (13 counter passes + roofline), kernel filter ^(?:mean_rowwise_kernel)","application replay: one process per counter pass, each does 3 unprofiled prime calls then input generation, a 512 MiB eviction and exactly one impl.run()",outputs/rocprof_compute/MI300X/mean_reduction/triton_fp32/workload,17b9df698de8eb2b3815a9eb67d012339a6a061523a7853c833efb9fe78c4e8b,local outputs/rocprof_compute/MI300X/mean_reduction/triton_fp32; HF dataset bcui2/NCU_report path AMD_MI300X/mean_reduction/triton_fp32,ff3600e1831dc3bed6925f301214cad6db8234cb,matched,"verified: manifest tree_sha256 reproduced=True; capture names==expected=True; replay-audit hsaco formal==replay for 1/1 launches=True; post-fix audit PASS=True; PC-sampled instruction text found in recompiled AMDGCN=11/11 (branch targets compared by opcode only: the disassembly prints offsets, the dump prints labels)",1,"profiled 2026-10-02T12:17:49+00:00..2026-10-02T12:20:12+00:00; report_sha256 = tree hash of workload/; whole pair dir tree hash ad0421fbe03c492820707f2eda45b30887abbaa4588ea7fcd2801fe33a6d4103 (matches report_manifest.json); metrics parsed from existing analysis/workload_csv (rocprof-compute analyze output, not re-run). swept params equal the CSV row; other params equal config case_defaults; largest-row (last CSV row of this dtype)",5b82f8afed59f83c3f39696338e7ce51dec38de7,"{""M"":2048,""N"":20480}","{""BLOCK_M"":1,""BLOCK_N"":2048,""num_warps"":8}"
MI300X.triton.mean_reduction.fp32.static_isa,MI300X,triton,mean_reduction,fp32,42d5fd22638fb0c3446e5293f8e80b4b835482035fc2ad8e583ca3f25650f683,"{""N"":20480}",static compile artifacts (TTIR/TTGIR/LLIR/AMDGCN) of the formal-path winner kernels,offline recompilation during the 2026-10-05 replay audit (no execution counters),outputs/profiling/MI300X/analysis_2026-10-05/triton_ir/mean_reduction__fp32__mean_rowwise_kernel__3BAZSJJL,7f94be66e20bcebac7751652e5b25bfe5c729d486bd50dc389c1a8c590ea512c,local outputs/profiling/MI300X/analysis_2026-10-05/triton_ir (one directory per code object),analysis_2026-10-05,matched,"verified: manifest tree_sha256 reproduced=True; capture names==expected=True; replay-audit hsaco formal==replay for 1/1 launches=True; post-fix audit PASS=True; PC-sampled instruction text found in recompiled AMDGCN=11/11 (branch targets compared by opcode only: the disassembly prints offsets, the dump prints labels)",1,report_sha256 = sha256 over sorted '<dir>\t<tree_sha256(dir)>' lines of the listed stage directories; recompiled binaries are hsaco-identical between the formal autotune path and the profiling replay (replay_audit/mean_reduction__fp32__formal.json). swept params equal the CSV row; other params equal config case_defaults; largest-row (last CSV row of this dtype),5b82f8afed59f83c3f39696338e7ce51dec38de7,"{""M"":2048,""N"":20480}","{""BLOCK_M"":1,""BLOCK_N"":2048,""num_warps"":8}"
MI300X.triton.moe_topk_gating.bf16.pc_sampling,MI300X,triton,moe_topk_gating,bf16,999027f3156336963f8410d89e0a7ad146298f5f833644300c3e785bbcaf56e7,"{""M"":20480}","rocprof-compute --experimental profile --pc-sampling (stochastic, interval 65536)",single application run (same harness: 3 prime calls + 1 profiled call),outputs/rocprof_compute/MI300X/moe_topk_gating/triton_bf16/pc_sampling,3c6b076c1bacbb210a71bad13ad526958c0ce074bb5d834ad3aa6029f54aaed4,local outputs/rocprof_compute/MI300X/moe_topk_gating/triton_bf16; HF dataset bcui2/NCU_report path AMD_MI300X/moe_topk_gating/triton_bf16,ff3600e1831dc3bed6925f301214cad6db8234cb,matched,"verified: manifest tree_sha256 reproduced=True; capture names==expected=True; replay-audit hsaco formal==replay for 1/1 launches=True; post-fix audit PASS=True; PC-sampled instruction text found in recompiled AMDGCN=10/10 (branch targets compared by opcode only: the disassembly prints offsets, the dump prints labels)",1,profiled 2026-10-02T12:22:38+00:00..2026-10-02T12:25:06+00:00; samples on operator kernels=11 of 454 total; instruction rows from analysis/pc_sampling_instructions.csv; launch_count is the harness launch count (PC sampling does not report dispatches). swept params equal the CSV row; other params equal config case_defaults; largest-row (last CSV row of this dtype),5b82f8afed59f83c3f39696338e7ce51dec38de7,"{""E"":128,""M"":20480,""k"":2}","{""num_warps"":1}"
MI300X.triton.moe_topk_gating.bf16.rocprof_compute,MI300X,triton,moe_topk_gating,bf16,999027f3156336963f8410d89e0a7ad146298f5f833644300c3e785bbcaf56e7,"{""M"":20480}","rocprof-compute profile, full default counter set (13 counter passes + roofline), kernel filter ^(?:moe_topk_gating_kernel)","application replay: one process per counter pass, each does 3 unprofiled prime calls then input generation, a 512 MiB eviction and exactly one impl.run()",outputs/rocprof_compute/MI300X/moe_topk_gating/triton_bf16/workload,f90bda725c1016c4db890e8203af9397c09f1a9e20f6b65c7d9ecde697ea5dd4,local outputs/rocprof_compute/MI300X/moe_topk_gating/triton_bf16; HF dataset bcui2/NCU_report path AMD_MI300X/moe_topk_gating/triton_bf16,ff3600e1831dc3bed6925f301214cad6db8234cb,matched,"verified: manifest tree_sha256 reproduced=True; capture names==expected=True; replay-audit hsaco formal==replay for 1/1 launches=True; post-fix audit PASS=True; PC-sampled instruction text found in recompiled AMDGCN=10/10 (branch targets compared by opcode only: the disassembly prints offsets, the dump prints labels)",1,"profiled 2026-10-02T12:22:38+00:00..2026-10-02T12:25:06+00:00; report_sha256 = tree hash of workload/; whole pair dir tree hash 0ef097c06a22bb38f64884b4aeefc985ca7e01e70a95dc0da45f94904e7b18f9 (matches report_manifest.json); metrics parsed from existing analysis/workload_csv (rocprof-compute analyze output, not re-run). swept params equal the CSV row; other params equal config case_defaults; largest-row (last CSV row of this dtype)",5b82f8afed59f83c3f39696338e7ce51dec38de7,"{""E"":128,""M"":20480,""k"":2}","{""num_warps"":1}"
MI300X.triton.moe_topk_gating.bf16.static_isa,MI300X,triton,moe_topk_gating,bf16,999027f3156336963f8410d89e0a7ad146298f5f833644300c3e785bbcaf56e7,"{""M"":20480}",static compile artifacts (TTIR/TTGIR/LLIR/AMDGCN) of the formal-path winner kernels,offline recompilation during the 2026-10-05 replay audit (no execution counters),outputs/profiling/MI300X/analysis_2026-10-05/triton_ir/moe_topk_gating__bf16__moe_topk_gating_kernel__NIM7X6J5,5acf8d7206440f613f7df28fb564eac73ad42d1213634621a83a09018c101011,local outputs/profiling/MI300X/analysis_2026-10-05/triton_ir (one directory per code object),analysis_2026-10-05,matched,"verified: manifest tree_sha256 reproduced=True; capture names==expected=True; replay-audit hsaco formal==replay for 1/1 launches=True; post-fix audit PASS=True; PC-sampled instruction text found in recompiled AMDGCN=10/10 (branch targets compared by opcode only: the disassembly prints offsets, the dump prints labels)",1,report_sha256 = sha256 over sorted '<dir>\t<tree_sha256(dir)>' lines of the listed stage directories; recompiled binaries are hsaco-identical between the formal autotune path and the profiling replay (replay_audit/moe_topk_gating__bf16__formal.json). swept params equal the CSV row; other params equal config case_defaults; largest-row (last CSV row of this dtype),5b82f8afed59f83c3f39696338e7ce51dec38de7,"{""E"":128,""M"":20480,""k"":2}","{""num_warps"":1}"
MI300X.triton.moe_topk_gating.fp16.pc_sampling,MI300X,triton,moe_topk_gating,fp16,995a5bc2e6d3f330ee4fbf3f459d6b0fc371799920cb43fac9419557937d9600,"{""M"":20480}","rocprof-compute --experimental profile --pc-sampling (stochastic, interval 65536)",single application run (same harness: 3 prime calls + 1 profiled call),outputs/rocprof_compute/MI300X/moe_topk_gating/triton_fp16/pc_sampling,03a3992e482fa03bbd6d10a34bb697a453dde7cb3efb4373d550443585f219f2,local outputs/rocprof_compute/MI300X/moe_topk_gating/triton_fp16; HF dataset bcui2/NCU_report path AMD_MI300X/moe_topk_gating/triton_fp16,ff3600e1831dc3bed6925f301214cad6db8234cb,matched,"verified: manifest tree_sha256 reproduced=True; capture names==expected=True; replay-audit hsaco formal==replay for 1/1 launches=True; post-fix audit PASS=True; PC-sampled instruction text found in recompiled AMDGCN=13/13 (branch targets compared by opcode only: the disassembly prints offsets, the dump prints labels)",1,profiled 2026-10-02T12:20:12+00:00..2026-10-02T12:22:38+00:00; samples on operator kernels=14 of 468 total; instruction rows from analysis/pc_sampling_instructions.csv; launch_count is the harness launch count (PC sampling does not report dispatches). swept params equal the CSV row; other params equal config case_defaults; largest-row (last CSV row of this dtype),5b82f8afed59f83c3f39696338e7ce51dec38de7,"{""E"":128,""M"":20480,""k"":2}","{""num_warps"":2}"
MI300X.triton.moe_topk_gating.fp16.rocprof_compute,MI300X,triton,moe_topk_gating,fp16,995a5bc2e6d3f330ee4fbf3f459d6b0fc371799920cb43fac9419557937d9600,"{""M"":20480}","rocprof-compute profile, full default counter set (13 counter passes + roofline), kernel filter ^(?:moe_topk_gating_kernel)","application replay: one process per counter pass, each does 3 unprofiled prime calls then input generation, a 512 MiB eviction and exactly one impl.run()",outputs/rocprof_compute/MI300X/moe_topk_gating/triton_fp16/workload,dcf1ad62072f6af3460f4c6c369d1833e1cbab792e30296be5d46093db607c31,local outputs/rocprof_compute/MI300X/moe_topk_gating/triton_fp16; HF dataset bcui2/NCU_report path AMD_MI300X/moe_topk_gating/triton_fp16,ff3600e1831dc3bed6925f301214cad6db8234cb,matched,"verified: manifest tree_sha256 reproduced=True; capture names==expected=True; replay-audit hsaco formal==replay for 1/1 launches=True; post-fix audit PASS=True; PC-sampled instruction text found in recompiled AMDGCN=13/13 (branch targets compared by opcode only: the disassembly prints offsets, the dump prints labels)",1,"profiled 2026-10-02T12:20:12+00:00..2026-10-02T12:22:38+00:00; report_sha256 = tree hash of workload/; whole pair dir tree hash 147097fd4bfd7c7b7834b9e4ed3e97dbe50681d09eb3ff45fd8a59c2f2efde89 (matches report_manifest.json); metrics parsed from existing analysis/workload_csv (rocprof-compute analyze output, not re-run). swept params equal the CSV row; other params equal config case_defaults; largest-row (last CSV row of this dtype)",5b82f8afed59f83c3f39696338e7ce51dec38de7,"{""E"":128,""M"":20480,""k"":2}","{""num_warps"":2}"
MI300X.triton.moe_topk_gating.fp16.static_isa,MI300X,triton,moe_topk_gating,fp16,995a5bc2e6d3f330ee4fbf3f459d6b0fc371799920cb43fac9419557937d9600,"{""M"":20480}",static compile artifacts (TTIR/TTGIR/LLIR/AMDGCN) of the formal-path winner kernels,offline recompilation during the 2026-10-05 replay audit (no execution counters),outputs/profiling/MI300X/analysis_2026-10-05/triton_ir/moe_topk_gating__fp16__moe_topk_gating_kernel__X5IDJBK5,4679143b69d40501a37b2d5f913a5b29701bae9bfadd98524c10286311921e06,local outputs/profiling/MI300X/analysis_2026-10-05/triton_ir (one directory per code object),analysis_2026-10-05,matched,"verified: manifest tree_sha256 reproduced=True; capture names==expected=True; replay-audit hsaco formal==replay for 1/1 launches=True; post-fix audit PASS=True; PC-sampled instruction text found in recompiled AMDGCN=13/13 (branch targets compared by opcode only: the disassembly prints offsets, the dump prints labels)",1,report_sha256 = sha256 over sorted '<dir>\t<tree_sha256(dir)>' lines of the listed stage directories; recompiled binaries are hsaco-identical between the formal autotune path and the profiling replay (replay_audit/moe_topk_gating__fp16__formal.json). swept params equal the CSV row; other params equal config case_defaults; largest-row (last CSV row of this dtype),5b82f8afed59f83c3f39696338e7ce51dec38de7,"{""E"":128,""M"":20480,""k"":2}","{""num_warps"":2}"
MI300X.triton.moe_topk_gating.fp32.pc_sampling,MI300X,triton,moe_topk_gating,fp32,4c2df3bb2df9104ffd3e11ef33e8a893a176cb754c7f9e339a54f873b83cd555,"{""M"":20480}","rocprof-compute --experimental profile --pc-sampling (stochastic, interval 65536)",single application run (same harness: 3 prime calls + 1 profiled call),outputs/rocprof_compute/MI300X/moe_topk_gating/triton_fp32/pc_sampling,d16dfc7fee7adb6622fd1e190ccce5a7cfc0718de45ef815eb227367e1d60bef,local outputs/rocprof_compute/MI300X/moe_topk_gating/triton_fp32; HF dataset bcui2/NCU_report path AMD_MI300X/moe_topk_gating/triton_fp32,ff3600e1831dc3bed6925f301214cad6db8234cb,matched,"verified: manifest tree_sha256 reproduced=True; capture names==expected=True; replay-audit hsaco formal==replay for 1/1 launches=True; post-fix audit PASS=True; PC-sampled instruction text found in recompiled AMDGCN=6/6 (branch targets compared by opcode only: the disassembly prints offsets, the dump prints labels)",1,profiled 2026-10-02T12:25:06+00:00..2026-10-02T12:27:33+00:00; samples on operator kernels=7 of 459 total; instruction rows from analysis/pc_sampling_instructions.csv; launch_count is the harness launch count (PC sampling does not report dispatches). swept params equal the CSV row; other params equal config case_defaults; largest-row (last CSV row of this dtype),5b82f8afed59f83c3f39696338e7ce51dec38de7,"{""E"":128,""M"":20480,""k"":2}","{""num_warps"":1}"
MI300X.triton.moe_topk_gating.fp32.rocprof_compute,MI300X,triton,moe_topk_gating,fp32,4c2df3bb2df9104ffd3e11ef33e8a893a176cb754c7f9e339a54f873b83cd555,"{""M"":20480}","rocprof-compute profile, full default counter set (13 counter passes + roofline), kernel filter ^(?:moe_topk_gating_kernel)","application replay: one process per counter pass, each does 3 unprofiled prime calls then input generation, a 512 MiB eviction and exactly one impl.run()",outputs/rocprof_compute/MI300X/moe_topk_gating/triton_fp32/workload,0d192082d5189b78ae69bf4566c3dd491566da198ca37a683290ba4a07b19bac,local outputs/rocprof_compute/MI300X/moe_topk_gating/triton_fp32; HF dataset bcui2/NCU_report path AMD_MI300X/moe_topk_gating/triton_fp32,ff3600e1831dc3bed6925f301214cad6db8234cb,matched,"verified: manifest tree_sha256 reproduced=True; capture names==expected=True; replay-audit hsaco formal==replay for 1/1 launches=True; post-fix audit PASS=True; PC-sampled instruction text found in recompiled AMDGCN=6/6 (branch targets compared by opcode only: the disassembly prints offsets, the dump prints labels)",1,"profiled 2026-10-02T12:25:06+00:00..2026-10-02T12:27:33+00:00; report_sha256 = tree hash of workload/; whole pair dir tree hash 2dfb4781dab225236d0bba7349e737486dc148503599defd32256566c3bc982b (matches report_manifest.json); metrics parsed from existing analysis/workload_csv (rocprof-compute analyze output, not re-run). swept params equal the CSV row; other params equal config case_defaults; largest-row (last CSV row of this dtype)",5b82f8afed59f83c3f39696338e7ce51dec38de7,"{""E"":128,""M"":20480,""k"":2}","{""num_warps"":1}"
MI300X.triton.moe_topk_gating.fp32.static_isa,MI300X,triton,moe_topk_gating,fp32,4c2df3bb2df9104ffd3e11ef33e8a893a176cb754c7f9e339a54f873b83cd555,"{""M"":20480}",static compile artifacts (TTIR/TTGIR/LLIR/AMDGCN) of the formal-path winner kernels,offline recompilation during the 2026-10-05 replay audit (no execution counters),outputs/profiling/MI300X/analysis_2026-10-05/triton_ir/moe_topk_gating__fp32__moe_topk_gating_kernel__MTGHX6RA,283a418717b8b941f27a588d2737b926bd5183626510fd6209efb698270a6028,local outputs/profiling/MI300X/analysis_2026-10-05/triton_ir (one directory per code object),analysis_2026-10-05,matched,"verified: manifest tree_sha256 reproduced=True; capture names==expected=True; replay-audit hsaco formal==replay for 1/1 launches=True; post-fix audit PASS=True; PC-sampled instruction text found in recompiled AMDGCN=6/6 (branch targets compared by opcode only: the disassembly prints offsets, the dump prints labels)",1,report_sha256 = sha256 over sorted '<dir>\t<tree_sha256(dir)>' lines of the listed stage directories; recompiled binaries are hsaco-identical between the formal autotune path and the profiling replay (replay_audit/moe_topk_gating__fp32__formal.json). swept params equal the CSV row; other params equal config case_defaults; largest-row (last CSV row of this dtype),5b82f8afed59f83c3f39696338e7ce51dec38de7,"{""E"":128,""M"":20480,""k"":2}","{""num_warps"":1}"
MI300X.triton.mul2.bf16.pc_sampling,MI300X,triton,mul2,bf16,b239246027a9e4ae1728407186536a2dde1ef74a521027f24d77feb34d3490bd,"{""n"":20971520}","rocprof-compute --experimental profile --pc-sampling (stochastic, interval 65536)",single application run (same harness: 3 prime calls + 1 profiled call),outputs/rocprof_compute/MI300X/mul2/triton_bf16/pc_sampling,f31b7e1e3a1f4ba55ed12816c99814f12d8d2d4368b4505d8a10afe1cf8ca424,local outputs/rocprof_compute/MI300X/mul2/triton_bf16; HF dataset bcui2/NCU_report path AMD_MI300X/mul2/triton_bf16,ff3600e1831dc3bed6925f301214cad6db8234cb,matched,"verified: manifest tree_sha256 reproduced=True; capture names==expected=True; replay-audit hsaco formal==replay for 1/1 launches=True; post-fix audit PASS=True; PC-sampled instruction text found in recompiled AMDGCN=6/6 (branch targets compared by opcode only: the disassembly prints offsets, the dump prints labels)",1,profiled 2026-10-02T12:29:56+00:00..2026-10-02T12:32:19+00:00; samples on operator kernels=36 of 210 total; instruction rows from analysis/pc_sampling_instructions.csv; launch_count is the harness launch count (PC sampling does not report dispatches). swept params equal the CSV row; other params equal config case_defaults; largest-row (last CSV row of this dtype),5b82f8afed59f83c3f39696338e7ce51dec38de7,"{""n"":20971520}","{""BLOCK_SIZE"":2048,""num_warps"":2}"
MI300X.triton.mul2.bf16.rocprof_compute,MI300X,triton,mul2,bf16,b239246027a9e4ae1728407186536a2dde1ef74a521027f24d77feb34d3490bd,"{""n"":20971520}","rocprof-compute profile, full default counter set (13 counter passes + roofline), kernel filter ^(?:mul2_kernel)","application replay: one process per counter pass, each does 3 unprofiled prime calls then input generation, a 512 MiB eviction and exactly one impl.run()",outputs/rocprof_compute/MI300X/mul2/triton_bf16/workload,f4a63d59407003b540623e0a6597ca6d3f4d63a78031a04a7abeb7fdf94cb57d,local outputs/rocprof_compute/MI300X/mul2/triton_bf16; HF dataset bcui2/NCU_report path AMD_MI300X/mul2/triton_bf16,ff3600e1831dc3bed6925f301214cad6db8234cb,matched,"verified: manifest tree_sha256 reproduced=True; capture names==expected=True; replay-audit hsaco formal==replay for 1/1 launches=True; post-fix audit PASS=True; PC-sampled instruction text found in recompiled AMDGCN=6/6 (branch targets compared by opcode only: the disassembly prints offsets, the dump prints labels)",1,"profiled 2026-10-02T12:29:56+00:00..2026-10-02T12:32:19+00:00; report_sha256 = tree hash of workload/; whole pair dir tree hash 4eaaf12b9e3b132d68669bca0883670776b11b51f4c32175ccb9627bdc2ce456 (matches report_manifest.json); metrics parsed from existing analysis/workload_csv (rocprof-compute analyze output, not re-run). swept params equal the CSV row; other params equal config case_defaults; largest-row (last CSV row of this dtype)",5b82f8afed59f83c3f39696338e7ce51dec38de7,"{""n"":20971520}","{""BLOCK_SIZE"":2048,""num_warps"":2}"
MI300X.triton.mul2.bf16.static_isa,MI300X,triton,mul2,bf16,b239246027a9e4ae1728407186536a2dde1ef74a521027f24d77feb34d3490bd,"{""n"":20971520}",static compile artifacts (TTIR/TTGIR/LLIR/AMDGCN) of the formal-path winner kernels,offline recompilation during the 2026-10-05 replay audit (no execution counters),outputs/profiling/MI300X/analysis_2026-10-05/triton_ir/mul2__bf16__mul2_kernel__CTIGABY4,24092abbf36335083f3d099bf9206c1037c7ff90f8e8978edbaddeac1c0081d5,local outputs/profiling/MI300X/analysis_2026-10-05/triton_ir (one directory per code object),analysis_2026-10-05,matched,"verified: manifest tree_sha256 reproduced=True; capture names==expected=True; replay-audit hsaco formal==replay for 1/1 launches=True; post-fix audit PASS=True; PC-sampled instruction text found in recompiled AMDGCN=6/6 (branch targets compared by opcode only: the disassembly prints offsets, the dump prints labels)",1,report_sha256 = sha256 over sorted '<dir>\t<tree_sha256(dir)>' lines of the listed stage directories; recompiled binaries are hsaco-identical between the formal autotune path and the profiling replay (replay_audit/mul2__bf16__formal.json). swept params equal the CSV row; other params equal config case_defaults; largest-row (last CSV row of this dtype),5b82f8afed59f83c3f39696338e7ce51dec38de7,"{""n"":20971520}","{""BLOCK_SIZE"":2048,""num_warps"":2}"
MI300X.triton.mul2.fp16.pc_sampling,MI300X,triton,mul2,fp16,5d1d7411d7b1a6ea84f82bf1cdf0dba7d19a3be723a00efdb5cc8b00138f519c,"{""n"":20971520}","rocprof-compute --experimental profile --pc-sampling (stochastic, interval 65536)",single application run (same harness: 3 prime calls + 1 profiled call),outputs/rocprof_compute/MI300X/mul2/triton_fp16/pc_sampling,a20285a3389f9ff17da44e559903dabf034a803932ebd0d42b4899809f0f94d1,local outputs/rocprof_compute/MI300X/mul2/triton_fp16; HF dataset bcui2/NCU_report path AMD_MI300X/mul2/triton_fp16,ff3600e1831dc3bed6925f301214cad6db8234cb,matched,"verified: manifest tree_sha256 reproduced=True; capture names==expected=True; replay-audit hsaco formal==replay for 1/1 launches=True; post-fix audit PASS=True; PC-sampled instruction text found in recompiled AMDGCN=5/5 (branch targets compared by opcode only: the disassembly prints offsets, the dump prints labels)",1,profiled 2026-10-02T12:27:33+00:00..2026-10-02T12:29:56+00:00; samples on operator kernels=58 of 251 total; instruction rows from analysis/pc_sampling_instructions.csv; launch_count is the harness launch count (PC sampling does not report dispatches). swept params equal the CSV row; other params equal config case_defaults; largest-row (last CSV row of this dtype),5b82f8afed59f83c3f39696338e7ce51dec38de7,"{""n"":20971520}","{""BLOCK_SIZE"":2048,""num_warps"":2}"
MI300X.triton.mul2.fp16.rocprof_compute,MI300X,triton,mul2,fp16,5d1d7411d7b1a6ea84f82bf1cdf0dba7d19a3be723a00efdb5cc8b00138f519c,"{""n"":20971520}","rocprof-compute profile, full default counter set (13 counter passes + roofline), kernel filter ^(?:mul2_kernel)","application replay: one process per counter pass, each does 3 unprofiled prime calls then input generation, a 512 MiB eviction and exactly one impl.run()",outputs/rocprof_compute/MI300X/mul2/triton_fp16/workload,b358115dca58cb19730d0a6742505e57680a07171a6c90d159c0da3478fe5fed,local outputs/rocprof_compute/MI300X/mul2/triton_fp16; HF dataset bcui2/NCU_report path AMD_MI300X/mul2/triton_fp16,ff3600e1831dc3bed6925f301214cad6db8234cb,matched,"verified: manifest tree_sha256 reproduced=True; capture names==expected=True; replay-audit hsaco formal==replay for 1/1 launches=True; post-fix audit PASS=True; PC-sampled instruction text found in recompiled AMDGCN=5/5 (branch targets compared by opcode only: the disassembly prints offsets, the dump prints labels)",1,"profiled 2026-10-02T12:27:33+00:00..2026-10-02T12:29:56+00:00; report_sha256 = tree hash of workload/; whole pair dir tree hash ffcf09c86330910a02ba05c5ab32314e29af37b940cd29a964f17e38509badb1 (matches report_manifest.json); metrics parsed from existing analysis/workload_csv (rocprof-compute analyze output, not re-run). swept params equal the CSV row; other params equal config case_defaults; largest-row (last CSV row of this dtype)",5b82f8afed59f83c3f39696338e7ce51dec38de7,"{""n"":20971520}","{""BLOCK_SIZE"":2048,""num_warps"":2}"
MI300X.triton.mul2.fp16.static_isa,MI300X,triton,mul2,fp16,5d1d7411d7b1a6ea84f82bf1cdf0dba7d19a3be723a00efdb5cc8b00138f519c,"{""n"":20971520}",static compile artifacts (TTIR/TTGIR/LLIR/AMDGCN) of the formal-path winner kernels,offline recompilation during the 2026-10-05 replay audit (no execution counters),outputs/profiling/MI300X/analysis_2026-10-05/triton_ir/mul2__fp16__mul2_kernel__L72TDSW6,78b56544263773949a687fc03d2c6a922e84672f41e80b02659bd4c2eb8ad1c8,local outputs/profiling/MI300X/analysis_2026-10-05/triton_ir (one directory per code object),analysis_2026-10-05,matched,"verified: manifest tree_sha256 reproduced=True; capture names==expected=True; replay-audit hsaco formal==replay for 1/1 launches=True; post-fix audit PASS=True; PC-sampled instruction text found in recompiled AMDGCN=5/5 (branch targets compared by opcode only: the disassembly prints offsets, the dump prints labels)",1,report_sha256 = sha256 over sorted '<dir>\t<tree_sha256(dir)>' lines of the listed stage directories; recompiled binaries are hsaco-identical between the formal autotune path and the profiling replay (replay_audit/mul2__fp16__formal.json). swept params equal the CSV row; other params equal config case_defaults; largest-row (last CSV row of this dtype),5b82f8afed59f83c3f39696338e7ce51dec38de7,"{""n"":20971520}","{""BLOCK_SIZE"":2048,""num_warps"":2}"
MI300X.triton.mul2.fp32.pc_sampling,MI300X,triton,mul2,fp32,898d732a39607a151505ba74546b6d259880ccbabfa651c68d91f0bc9bef30a8,"{""n"":20971520}","rocprof-compute --experimental profile --pc-sampling (stochastic, interval 65536)",single application run (same harness: 3 prime calls + 1 profiled call),outputs/rocprof_compute/MI300X/mul2/triton_fp32/pc_sampling,e5e9837be1c4228a97f3f14a767a571895d0b4ae8f4272743d55d7172e310401,local outputs/rocprof_compute/MI300X/mul2/triton_fp32; HF dataset bcui2/NCU_report path AMD_MI300X/mul2/triton_fp32,ff3600e1831dc3bed6925f301214cad6db8234cb,matched,"verified: manifest tree_sha256 reproduced=True; capture names==expected=True; replay-audit hsaco formal==replay for 1/1 launches=True; post-fix audit PASS=True; PC-sampled instruction text found in recompiled AMDGCN=3/3 (branch targets compared by opcode only: the disassembly prints offsets, the dump prints labels)",1,profiled 2026-10-02T12:32:19+00:00..2026-10-02T12:34:42+00:00; samples on operator kernels=62 of 239 total; instruction rows from analysis/pc_sampling_instructions.csv; launch_count is the harness launch count (PC sampling does not report dispatches). swept params equal the CSV row; other params equal config case_defaults; largest-row (last CSV row of this dtype),5b82f8afed59f83c3f39696338e7ce51dec38de7,"{""n"":20971520}","{""BLOCK_SIZE"":1024,""num_warps"":4}"
MI300X.triton.mul2.fp32.rocprof_compute,MI300X,triton,mul2,fp32,898d732a39607a151505ba74546b6d259880ccbabfa651c68d91f0bc9bef30a8,"{""n"":20971520}","rocprof-compute profile, full default counter set (13 counter passes + roofline), kernel filter ^(?:mul2_kernel)","application replay: one process per counter pass, each does 3 unprofiled prime calls then input generation, a 512 MiB eviction and exactly one impl.run()",outputs/rocprof_compute/MI300X/mul2/triton_fp32/workload,5948b64b398c163a64c0f10397ac6cf35371d6d061b88e2bd37ac299c2530600,local outputs/rocprof_compute/MI300X/mul2/triton_fp32; HF dataset bcui2/NCU_report path AMD_MI300X/mul2/triton_fp32,ff3600e1831dc3bed6925f301214cad6db8234cb,matched,"verified: manifest tree_sha256 reproduced=True; capture names==expected=True; replay-audit hsaco formal==replay for 1/1 launches=True; post-fix audit PASS=True; PC-sampled instruction text found in recompiled AMDGCN=3/3 (branch targets compared by opcode only: the disassembly prints offsets, the dump prints labels)",1,"profiled 2026-10-02T12:32:19+00:00..2026-10-02T12:34:42+00:00; report_sha256 = tree hash of workload/; whole pair dir tree hash c4470ff2c95ce43c820014a9ff8bc61677d37d156f35a3bd1828197308a5cb67 (matches report_manifest.json); metrics parsed from existing analysis/workload_csv (rocprof-compute analyze output, not re-run). swept params equal the CSV row; other params equal config case_defaults; largest-row (last CSV row of this dtype)",5b82f8afed59f83c3f39696338e7ce51dec38de7,"{""n"":20971520}","{""BLOCK_SIZE"":1024,""num_warps"":4}"
MI300X.triton.mul2.fp32.static_isa,MI300X,triton,mul2,fp32,898d732a39607a151505ba74546b6d259880ccbabfa651c68d91f0bc9bef30a8,"{""n"":20971520}",static compile artifacts (TTIR/TTGIR/LLIR/AMDGCN) of the formal-path winner kernels,offline recompilation during the 2026-10-05 replay audit (no execution counters),outputs/profiling/MI300X/analysis_2026-10-05/triton_ir/mul2__fp32__mul2_kernel__4HA4YEGB,ce93a34680e2276984aa5d52b259672dde7ac028cff709b3136d461054ed8b91,local outputs/profiling/MI300X/analysis_2026-10-05/triton_ir (one directory per code object),analysis_2026-10-05,matched,"verified: manifest tree_sha256 reproduced=True; capture names==expected=True; replay-audit hsaco formal==replay for 1/1 launches=True; post-fix audit PASS=True; PC-sampled instruction text found in recompiled AMDGCN=3/3 (branch targets compared by opcode only: the disassembly prints offsets, the dump prints labels)",1,report_sha256 = sha256 over sorted '<dir>\t<tree_sha256(dir)>' lines of the listed stage directories; recompiled binaries are hsaco-identical between the formal autotune path and the profiling replay (replay_audit/mul2__fp32__formal.json). swept params equal the CSV row; other params equal config case_defaults; largest-row (last CSV row of this dtype),5b82f8afed59f83c3f39696338e7ce51dec38de7,"{""n"":20971520}","{""BLOCK_SIZE"":1024,""num_warps"":4}"
MI300X.triton.mul2.int8.pc_sampling,MI300X,triton,mul2,int8,ecdaf77bb804fe7a7d55e43a79345c5750ea9e7f1f1d0d16ee06b6dcf7094c6a,"{""n"":20971520}","rocprof-compute --experimental profile --pc-sampling (stochastic, interval 65536)",single application run (same harness: 3 prime calls + 1 profiled call),outputs/rocprof_compute/MI300X/mul2/triton_int8/pc_sampling,ab45dd5d69fed50514aa6c4787c85bb42ae9316651f0a86dfaf999f173794cc7,local outputs/rocprof_compute/MI300X/mul2/triton_int8; HF dataset bcui2/NCU_report path AMD_MI300X/mul2/triton_int8,ff3600e1831dc3bed6925f301214cad6db8234cb,matched,"verified: manifest tree_sha256 reproduced=True; capture names==expected=True; replay-audit hsaco formal==replay for 1/1 launches=True; post-fix audit PASS=True; PC-sampled instruction text found in recompiled AMDGCN=3/3 (branch targets compared by opcode only: the disassembly prints offsets, the dump prints labels)",1,profiled 2026-10-02T12:34:42+00:00..2026-10-02T12:37:06+00:00; samples on operator kernels=23 of 352 total; instruction rows from analysis/pc_sampling_instructions.csv; launch_count is the harness launch count (PC sampling does not report dispatches). swept params equal the CSV row; other params equal config case_defaults; largest-row (last CSV row of this dtype),5b82f8afed59f83c3f39696338e7ce51dec38de7,"{""n"":20971520}","{""BLOCK_SIZE"":2048,""num_warps"":4}"
MI300X.triton.mul2.int8.rocprof_compute,MI300X,triton,mul2,int8,ecdaf77bb804fe7a7d55e43a79345c5750ea9e7f1f1d0d16ee06b6dcf7094c6a,"{""n"":20971520}","rocprof-compute profile, full default counter set (13 counter passes + roofline), kernel filter ^(?:mul2_kernel)","application replay: one process per counter pass, each does 3 unprofiled prime calls then input generation, a 512 MiB eviction and exactly one impl.run()",outputs/rocprof_compute/MI300X/mul2/triton_int8/workload,3a7420a3b45449eb59281f547feb134becde37c3579d20ae9709829a5b89eace,local outputs/rocprof_compute/MI300X/mul2/triton_int8; HF dataset bcui2/NCU_report path AMD_MI300X/mul2/triton_int8,ff3600e1831dc3bed6925f301214cad6db8234cb,matched,"verified: manifest tree_sha256 reproduced=True; capture names==expected=True; replay-audit hsaco formal==replay for 1/1 launches=True; post-fix audit PASS=True; PC-sampled instruction text found in recompiled AMDGCN=3/3 (branch targets compared by opcode only: the disassembly prints offsets, the dump prints labels)",1,"profiled 2026-10-02T12:34:42+00:00..2026-10-02T12:37:06+00:00; report_sha256 = tree hash of workload/; whole pair dir tree hash 1d9d8ed9b7542575373bf5f8db56116d726a644f0a60e8603b6ea38e1fbb3bf5 (matches report_manifest.json); metrics parsed from existing analysis/workload_csv (rocprof-compute analyze output, not re-run). swept params equal the CSV row; other params equal config case_defaults; largest-row (last CSV row of this dtype)",5b82f8afed59f83c3f39696338e7ce51dec38de7,"{""n"":20971520}","{""BLOCK_SIZE"":2048,""num_warps"":4}"
MI300X.triton.mul2.int8.static_isa,MI300X,triton,mul2,int8,ecdaf77bb804fe7a7d55e43a79345c5750ea9e7f1f1d0d16ee06b6dcf7094c6a,"{""n"":20971520}",static compile artifacts (TTIR/TTGIR/LLIR/AMDGCN) of the formal-path winner kernels,offline recompilation during the 2026-10-05 replay audit (no execution counters),outputs/profiling/MI300X/analysis_2026-10-05/triton_ir/mul2__int8__mul2_kernel__K7A5YMFW,684f88a8a60c3eb3e06ffc9776272e44bb3b80aaa1104384e50755a2419cff34,local outputs/profiling/MI300X/analysis_2026-10-05/triton_ir (one directory per code object),analysis_2026-10-05,matched,"verified: manifest tree_sha256 reproduced=True; capture names==expected=True; replay-audit hsaco formal==replay for 1/1 launches=True; post-fix audit PASS=True; PC-sampled instruction text found in recompiled AMDGCN=3/3 (branch targets compared by opcode only: the disassembly prints offsets, the dump prints labels)",1,report_sha256 = sha256 over sorted '<dir>\t<tree_sha256(dir)>' lines of the listed stage directories; recompiled binaries are hsaco-identical between the formal autotune path and the profiling replay (replay_audit/mul2__int8__formal.json). swept params equal the CSV row; other params equal config case_defaults; largest-row (last CSV row of this dtype),5b82f8afed59f83c3f39696338e7ce51dec38de7,"{""n"":20971520}","{""BLOCK_SIZE"":2048,""num_warps"":4}"
MI300X.triton.quantize_global.fp32.pc_sampling,MI300X,triton,quantize_global,fp32,6557cc54e9dc0efe77d0f3fe9bb0a8e5d8fbec757d939b1663304ce4b6d92544,"{""n"":20971520}","rocprof-compute --experimental profile --pc-sampling (stochastic, interval 65536)",single application run (same harness: 3 prime calls + 1 profiled call),outputs/rocprof_compute/MI300X/quantize_global/triton_fp32/pc_sampling,53dd2a06e989c9a85d21967c97c97a6d294d218aaaec5f389c468cbf3f6487b5,local outputs/rocprof_compute/MI300X/quantize_global/triton_fp32; HF dataset bcui2/NCU_report path AMD_MI300X/quantize_global/triton_fp32,ff3600e1831dc3bed6925f301214cad6db8234cb,matched,"verified: manifest tree_sha256 reproduced=True; capture names==expected=True; replay-audit hsaco formal==replay for 1/1 launches=True; post-fix audit PASS=True; PC-sampled instruction text found in recompiled AMDGCN=9/9 (branch targets compared by opcode only: the disassembly prints offsets, the dump prints labels)",1,profiled 2026-10-02T12:37:06+00:00..2026-10-02T12:39:29+00:00; samples on operator kernels=55 of 239 total; instruction rows from analysis/pc_sampling_instructions.csv; launch_count is the harness launch count (PC sampling does not report dispatches). swept params equal the CSV row; other params equal config case_defaults; largest-row (last CSV row of this dtype),5b82f8afed59f83c3f39696338e7ce51dec38de7,"{""dtype"":""fp32"",""n"":20971520}","{""BLOCK_SIZE"":4096,""num_warps"":4}"
MI300X.triton.quantize_global.fp32.rocprof_compute,MI300X,triton,quantize_global,fp32,6557cc54e9dc0efe77d0f3fe9bb0a8e5d8fbec757d939b1663304ce4b6d92544,"{""n"":20971520}","rocprof-compute profile, full default counter set (13 counter passes + roofline), kernel filter ^(?:quantize_kernel)","application replay: one process per counter pass, each does 3 unprofiled prime calls then input generation, a 512 MiB eviction and exactly one impl.run()",outputs/rocprof_compute/MI300X/quantize_global/triton_fp32/workload,d82f497a4d926b53434a33e505ecccad48192578b0582e7c3a30ac0908dda652,local outputs/rocprof_compute/MI300X/quantize_global/triton_fp32; HF dataset bcui2/NCU_report path AMD_MI300X/quantize_global/triton_fp32,ff3600e1831dc3bed6925f301214cad6db8234cb,matched,"verified: manifest tree_sha256 reproduced=True; capture names==expected=True; replay-audit hsaco formal==replay for 1/1 launches=True; post-fix audit PASS=True; PC-sampled instruction text found in recompiled AMDGCN=9/9 (branch targets compared by opcode only: the disassembly prints offsets, the dump prints labels)",1,"profiled 2026-10-02T12:37:06+00:00..2026-10-02T12:39:29+00:00; report_sha256 = tree hash of workload/; whole pair dir tree hash 031d4ef5ec95759094ed697df66fe86fd70870ae1ac7f341e9beb89e39814c47 (matches report_manifest.json); metrics parsed from existing analysis/workload_csv (rocprof-compute analyze output, not re-run). swept params equal the CSV row; other params equal config case_defaults; largest-row (last CSV row of this dtype)",5b82f8afed59f83c3f39696338e7ce51dec38de7,"{""dtype"":""fp32"",""n"":20971520}","{""BLOCK_SIZE"":4096,""num_warps"":4}"
MI300X.triton.quantize_global.fp32.static_isa,MI300X,triton,quantize_global,fp32,6557cc54e9dc0efe77d0f3fe9bb0a8e5d8fbec757d939b1663304ce4b6d92544,"{""n"":20971520}",static compile artifacts (TTIR/TTGIR/LLIR/AMDGCN) of the formal-path winner kernels,offline recompilation during the 2026-10-05 replay audit (no execution counters),outputs/profiling/MI300X/analysis_2026-10-05/triton_ir/quantize_global__fp32__quantize_kernel__AQN2PJZF,bb730598e552237a4815d7bbcbf2b61788578754a447b9c6a567e4baee9b4f65,local outputs/profiling/MI300X/analysis_2026-10-05/triton_ir (one directory per code object),analysis_2026-10-05,matched,"verified: manifest tree_sha256 reproduced=True; capture names==expected=True; replay-audit hsaco formal==replay for 1/1 launches=True; post-fix audit PASS=True; PC-sampled instruction text found in recompiled AMDGCN=9/9 (branch targets compared by opcode only: the disassembly prints offsets, the dump prints labels)",1,report_sha256 = sha256 over sorted '<dir>\t<tree_sha256(dir)>' lines of the listed stage directories; recompiled binaries are hsaco-identical between the formal autotune path and the profiling replay (replay_audit/quantize_global__fp32__formal.json). swept params equal the CSV row; other params equal config case_defaults; largest-row (last CSV row of this dtype),5b82f8afed59f83c3f39696338e7ce51dec38de7,"{""dtype"":""fp32"",""n"":20971520}","{""BLOCK_SIZE"":4096,""num_warps"":4}"
MI300X.triton.radix_sort.int32.pc_sampling,MI300X,triton,radix_sort,int32,c419cf6bbc582ac937bf44f46adf91e55b6f340d8c92b359972a24812ef0ec8e,"{""n"":20000000}","rocprof-compute --experimental profile --pc-sampling (stochastic, interval 65536)",single application run (same harness: 3 prime calls + 1 profiled call),outputs/rocprof_compute/MI300X/radix_sort/triton_int32/pc_sampling,98ba4551a1f205c62b5d594cf079316dd97f171715ddfcd0eb1cd6735d83616c,local outputs/rocprof_compute/MI300X/radix_sort/triton_int32; HF dataset bcui2/NCU_report path AMD_MI300X/radix_sort/triton_int32,ff3600e1831dc3bed6925f301214cad6db8234cb,matched,"verified: manifest tree_sha256 reproduced=True; capture names==expected=True; replay-audit hsaco formal==replay for 80/80 launches=True; post-fix audit PASS=True; PC-sampled instruction text found in recompiled AMDGCN=236/236 (branch targets compared by opcode only: the disassembly prints offsets, the dump prints labels)",80,profiled 2026-10-02T12:39:29+00:00..2026-10-02T12:42:08+00:00; samples on operator kernels=834 of 1243 total; instruction rows from analysis/pc_sampling_instructions.csv; launch_count is the harness launch count (PC sampling does not report dispatches). swept params equal the CSV row; other params equal config case_defaults; largest-row (last CSV row of this dtype),5b82f8afed59f83c3f39696338e7ce51dec38de7,"{""n"":20000000}","{""num_warps"":4}"
MI300X.triton.radix_sort.int32.rocprof_compute,MI300X,triton,radix_sort,int32,c419cf6bbc582ac937bf44f46adf91e55b6f340d8c92b359972a24812ef0ec8e,"{""n"":20000000}","rocprof-compute profile, full default counter set (13 counter passes + roofline), kernel filter ^(?:radix_histogram_kernel|radix_scan_chunk_sums_kernel|radix_scan_chunks_kernel|radix_scatter_kernel|radix_sum_chunks_kernel)","application replay: one process per counter pass, each does 3 unprofiled prime calls then input generation, a 512 MiB eviction and exactly one impl.run()",outputs/rocprof_compute/MI300X/radix_sort/triton_int32/workload,58bbe6d3006026da7c75de5e229509e06953705511e6c597787283cc60bf4e21,local outputs/rocprof_compute/MI300X/radix_sort/triton_int32; HF dataset bcui2/NCU_report path AMD_MI300X/radix_sort/triton_int32,ff3600e1831dc3bed6925f301214cad6db8234cb,matched,"verified: manifest tree_sha256 reproduced=True; capture names==expected=True; replay-audit hsaco formal==replay for 80/80 launches=True; post-fix audit PASS=True; PC-sampled instruction text found in recompiled AMDGCN=236/236 (branch targets compared by opcode only: the disassembly prints offsets, the dump prints labels)",80,"profiled 2026-10-02T12:39:29+00:00..2026-10-02T12:42:08+00:00; report_sha256 = tree hash of workload/; whole pair dir tree hash 4237e736b2b36cee8446d00f0294b28410b445e452d53fb3ea95d1ef50fd8751 (matches report_manifest.json); metrics parsed from existing analysis/workload_csv (rocprof-compute analyze output, not re-run). swept params equal the CSV row; other params equal config case_defaults; largest-row (last CSV row of this dtype)",5b82f8afed59f83c3f39696338e7ce51dec38de7,"{""n"":20000000}","{""num_warps"":4}"
MI300X.triton.radix_sort.int32.static_isa,MI300X,triton,radix_sort,int32,c419cf6bbc582ac937bf44f46adf91e55b6f340d8c92b359972a24812ef0ec8e,"{""n"":20000000}",static compile artifacts (TTIR/TTGIR/LLIR/AMDGCN) of the formal-path winner kernels,offline recompilation during the 2026-10-05 replay audit (no execution counters),outputs/profiling/MI300X/analysis_2026-10-05/triton_ir/radix_sort__int32__radix_histogram_kernel__4T5GMDHY;outputs/profiling/MI300X/analysis_2026-10-05/triton_ir/radix_sort__int32__radix_sum_chunks_kernel__6XKBS3HT;outputs/profiling/MI300X/analysis_2026-10-05/triton_ir/radix_sort__int32__radix_scan_chunk_sums_kernel__HMANAXH5;outputs/profiling/MI300X/analysis_2026-10-05/triton_ir/radix_sort__int32__radix_scan_chunks_kernel__FT7E25XG;outputs/profiling/MI300X/analysis_2026-10-05/triton_ir/radix_sort__int32__radix_scatter_kernel__DDWPPN3Q;outputs/profiling/MI300X/analysis_2026-10-05/triton_ir/radix_sort__int32__radix_histogram_kernel__XG2PYR2J;outputs/profiling/MI300X/analysis_2026-10-05/triton_ir/radix_sort__int32__radix_scatter_kernel__WKCEIFSH,919407acad4a46649b47c8d7aa770ee53bf16823c2219fec9ef123f8aa57633e,local outputs/profiling/MI300X/analysis_2026-10-05/triton_ir (one directory per code object),analysis_2026-10-05,matched,"verified: manifest tree_sha256 reproduced=True; capture names==expected=True; replay-audit hsaco formal==replay for 80/80 launches=True; post-fix audit PASS=True; PC-sampled instruction text found in recompiled AMDGCN=236/236 (branch targets compared by opcode only: the disassembly prints offsets, the dump prints labels)",80,report_sha256 = sha256 over sorted '<dir>\t<tree_sha256(dir)>' lines of the listed stage directories; recompiled binaries are hsaco-identical between the formal autotune path and the profiling replay (replay_audit/radix_sort__int32__formal.json). swept params equal the CSV row; other params equal config case_defaults; largest-row (last CSV row of this dtype),5b82f8afed59f83c3f39696338e7ce51dec38de7,"{""n"":20000000}","{""num_warps"":4}"
MI300X.triton.relu.bf16.pc_sampling,MI300X,triton,relu,bf16,eb4625f6bc86e92cf17eb96784bdffd9088a3ff96dbfd713557404b078418c9f,"{""n"":20971520}","rocprof-compute --experimental profile --pc-sampling (stochastic, interval 65536)",single application run (same harness: 3 prime calls + 1 profiled call),outputs/rocprof_compute/MI300X/relu/triton_bf16/pc_sampling,28cf5e94b7c99a8c7b4d7d32ac88b80be301e45d374b072a41ef04594d26d857,local outputs/rocprof_compute/MI300X/relu/triton_bf16; HF dataset bcui2/NCU_report path AMD_MI300X/relu/triton_bf16,ff3600e1831dc3bed6925f301214cad6db8234cb,matched,"verified: manifest tree_sha256 reproduced=True; capture names==expected=True; replay-audit hsaco formal==replay for 1/1 launches=True; post-fix audit PASS=True; PC-sampled instruction text found in recompiled AMDGCN=6/6 (branch targets compared by opcode only: the disassembly prints offsets, the dump prints labels)",1,profiled 2026-10-02T12:44:31+00:00..2026-10-02T12:46:53+00:00; samples on operator kernels=57 of 144 total; instruction rows from analysis/pc_sampling_instructions.csv; launch_count is the harness launch count (PC sampling does not report dispatches). swept params equal the CSV row; other params equal config case_defaults; largest-row (last CSV row of this dtype),5b82f8afed59f83c3f39696338e7ce51dec38de7,"{""n"":20971520}","{""BLOCK_SIZE"":2048,""num_warps"":2}"
MI300X.triton.relu.bf16.rocprof_compute,MI300X,triton,relu,bf16,eb4625f6bc86e92cf17eb96784bdffd9088a3ff96dbfd713557404b078418c9f,"{""n"":20971520}","rocprof-compute profile, full default counter set (13 counter passes + roofline), kernel filter ^(?:relu_kernel)","application replay: one process per counter pass, each does 3 unprofiled prime calls then input generation, a 512 MiB eviction and exactly one impl.run()",outputs/rocprof_compute/MI300X/relu/triton_bf16/workload,acd6639fbb6740da8ff2f23e8a0b47ca137b1515236793a35077d0fed6a040f4,local outputs/rocprof_compute/MI300X/relu/triton_bf16; HF dataset bcui2/NCU_report path AMD_MI300X/relu/triton_bf16,ff3600e1831dc3bed6925f301214cad6db8234cb,matched,"verified: manifest tree_sha256 reproduced=True; capture names==expected=True; replay-audit hsaco formal==replay for 1/1 launches=True; post-fix audit PASS=True; PC-sampled instruction text found in recompiled AMDGCN=6/6 (branch targets compared by opcode only: the disassembly prints offsets, the dump prints labels)",1,"profiled 2026-10-02T12:44:31+00:00..2026-10-02T12:46:53+00:00; report_sha256 = tree hash of workload/; whole pair dir tree hash bd3ca12190b12e6fcd113d326fadbd6d4f3c463ccb8ed92371caa48dbae483b1 (matches report_manifest.json); metrics parsed from existing analysis/workload_csv (rocprof-compute analyze output, not re-run). swept params equal the CSV row; other params equal config case_defaults; largest-row (last CSV row of this dtype)",5b82f8afed59f83c3f39696338e7ce51dec38de7,"{""n"":20971520}","{""BLOCK_SIZE"":2048,""num_warps"":2}"
MI300X.triton.relu.bf16.static_isa,MI300X,triton,relu,bf16,eb4625f6bc86e92cf17eb96784bdffd9088a3ff96dbfd713557404b078418c9f,"{""n"":20971520}",static compile artifacts (TTIR/TTGIR/LLIR/AMDGCN) of the formal-path winner kernels,offline recompilation during the 2026-10-05 replay audit (no execution counters),outputs/profiling/MI300X/analysis_2026-10-05/triton_ir/relu__bf16__relu_kernel__ODS63QO6,c3086a14e3117bcc990b6be22abb5dc25d62fe4adf87a6ea303a8cce68143621,local outputs/profiling/MI300X/analysis_2026-10-05/triton_ir (one directory per code object),analysis_2026-10-05,matched,"verified: manifest tree_sha256 reproduced=True; capture names==expected=True; replay-audit hsaco formal==replay for 1/1 launches=True; post-fix audit PASS=True; PC-sampled instruction text found in recompiled AMDGCN=6/6 (branch targets compared by opcode only: the disassembly prints offsets, the dump prints labels)",1,report_sha256 = sha256 over sorted '<dir>\t<tree_sha256(dir)>' lines of the listed stage directories; recompiled binaries are hsaco-identical between the formal autotune path and the profiling replay (replay_audit/relu__bf16__formal.json). swept params equal the CSV row; other params equal config case_defaults; largest-row (last CSV row of this dtype),5b82f8afed59f83c3f39696338e7ce51dec38de7,"{""n"":20971520}","{""BLOCK_SIZE"":2048,""num_warps"":2}"
MI300X.triton.relu.fp16.pc_sampling,MI300X,triton,relu,fp16,7d159b296cd030ada18eec6156a59d5e7315f3b37147d864d401263ad7322b30,"{""n"":20971520}","rocprof-compute --experimental profile --pc-sampling (stochastic, interval 65536)",single application run (same harness: 3 prime calls + 1 profiled call),outputs/rocprof_compute/MI300X/relu/triton_fp16/pc_sampling,b1e8f5119a9d22b719e2716a5fa0929dea325d065bb6b590cc0abe0efa8880ce,local outputs/rocprof_compute/MI300X/relu/triton_fp16; HF dataset bcui2/NCU_report path AMD_MI300X/relu/triton_fp16,ff3600e1831dc3bed6925f301214cad6db8234cb,matched,"verified: manifest tree_sha256 reproduced=True; capture names==expected=True; replay-audit hsaco formal==replay for 1/1 launches=True; post-fix audit PASS=True; PC-sampled instruction text found in recompiled AMDGCN=5/5 (branch targets compared by opcode only: the disassembly prints offsets, the dump prints labels)",1,profiled 2026-10-02T12:42:08+00:00..2026-10-02T12:44:31+00:00; samples on operator kernels=28 of 197 total; instruction rows from analysis/pc_sampling_instructions.csv; launch_count is the harness launch count (PC sampling does not report dispatches). swept params equal the CSV row; other params equal config case_defaults; largest-row (last CSV row of this dtype),5b82f8afed59f83c3f39696338e7ce51dec38de7,"{""n"":20971520}","{""BLOCK_SIZE"":2048,""num_warps"":2}"
MI300X.triton.relu.fp16.rocprof_compute,MI300X,triton,relu,fp16,7d159b296cd030ada18eec6156a59d5e7315f3b37147d864d401263ad7322b30,"{""n"":20971520}","rocprof-compute profile, full default counter set (13 counter passes + roofline), kernel filter ^(?:relu_kernel)","application replay: one process per counter pass, each does 3 unprofiled prime calls then input generation, a 512 MiB eviction and exactly one impl.run()",outputs/rocprof_compute/MI300X/relu/triton_fp16/workload,9f92ecefecaca4b97d531148203bcd1310524e1317d1a48e48642205beb712cb,local outputs/rocprof_compute/MI300X/relu/triton_fp16; HF dataset bcui2/NCU_report path AMD_MI300X/relu/triton_fp16,ff3600e1831dc3bed6925f301214cad6db8234cb,matched,"verified: manifest tree_sha256 reproduced=True; capture names==expected=True; replay-audit hsaco formal==replay for 1/1 launches=True; post-fix audit PASS=True; PC-sampled instruction text found in recompiled AMDGCN=5/5 (branch targets compared by opcode only: the disassembly prints offsets, the dump prints labels)",1,"profiled 2026-10-02T12:42:08+00:00..2026-10-02T12:44:31+00:00; report_sha256 = tree hash of workload/; whole pair dir tree hash 12fe7c8191e0aa6cd14a3c84a629d1ee5f1ac6580788a9427ea29d3ab4875e05 (matches report_manifest.json); metrics parsed from existing analysis/workload_csv (rocprof-compute analyze output, not re-run). swept params equal the CSV row; other params equal config case_defaults; largest-row (last CSV row of this dtype)",5b82f8afed59f83c3f39696338e7ce51dec38de7,"{""n"":20971520}","{""BLOCK_SIZE"":2048,""num_warps"":2}"
MI300X.triton.relu.fp16.static_isa,MI300X,triton,relu,fp16,7d159b296cd030ada18eec6156a59d5e7315f3b37147d864d401263ad7322b30,"{""n"":20971520}",static compile artifacts (TTIR/TTGIR/LLIR/AMDGCN) of the formal-path winner kernels,offline recompilation during the 2026-10-05 replay audit (no execution counters),outputs/profiling/MI300X/analysis_2026-10-05/triton_ir/relu__fp16__relu_kernel__NJZOV774,2357e229acf56321ef12ef39435d56fd7455ae63cbd91fe250e8692a88da227f,local outputs/profiling/MI300X/analysis_2026-10-05/triton_ir (one directory per code object),analysis_2026-10-05,matched,"verified: manifest tree_sha256 reproduced=True; capture names==expected=True; replay-audit hsaco formal==replay for 1/1 launches=True; post-fix audit PASS=True; PC-sampled instruction text found in recompiled AMDGCN=5/5 (branch targets compared by opcode only: the disassembly prints offsets, the dump prints labels)",1,report_sha256 = sha256 over sorted '<dir>\t<tree_sha256(dir)>' lines of the listed stage directories; recompiled binaries are hsaco-identical between the formal autotune path and the profiling replay (replay_audit/relu__fp16__formal.json). swept params equal the CSV row; other params equal config case_defaults; largest-row (last CSV row of this dtype),5b82f8afed59f83c3f39696338e7ce51dec38de7,"{""n"":20971520}","{""BLOCK_SIZE"":2048,""num_warps"":2}"
MI300X.triton.relu.fp32.pc_sampling,MI300X,triton,relu,fp32,7f57d89b3bd4feea0cdc62ff8315be2e0b5f27b66869d7ede75f02f446fda492,"{""n"":20971520}","rocprof-compute --experimental profile --pc-sampling (stochastic, interval 65536)",single application run (same harness: 3 prime calls + 1 profiled call),outputs/rocprof_compute/MI300X/relu/triton_fp32/pc_sampling,45c93944ef7ad6a4031a5089e76d544f5fe0d401ae1815648fbb84c7825ec736,local outputs/rocprof_compute/MI300X/relu/triton_fp32; HF dataset bcui2/NCU_report path AMD_MI300X/relu/triton_fp32,ff3600e1831dc3bed6925f301214cad6db8234cb,matched,"verified: manifest tree_sha256 reproduced=True; capture names==expected=True; replay-audit hsaco formal==replay for 1/1 launches=True; post-fix audit PASS=True; PC-sampled instruction text found in recompiled AMDGCN=3/3 (branch targets compared by opcode only: the disassembly prints offsets, the dump prints labels)",1,profiled 2026-10-02T12:46:53+00:00..2026-10-02T12:49:16+00:00; samples on operator kernels=70 of 298 total; instruction rows from analysis/pc_sampling_instructions.csv; launch_count is the harness launch count (PC sampling does not report dispatches). swept params equal the CSV row; other params equal config case_defaults; largest-row (last CSV row of this dtype),5b82f8afed59f83c3f39696338e7ce51dec38de7,"{""n"":20971520}","{""BLOCK_SIZE"":2048,""num_warps"":8}"
MI300X.triton.relu.fp32.rocprof_compute,MI300X,triton,relu,fp32,7f57d89b3bd4feea0cdc62ff8315be2e0b5f27b66869d7ede75f02f446fda492,"{""n"":20971520}","rocprof-compute profile, full default counter set (13 counter passes + roofline), kernel filter ^(?:relu_kernel)","application replay: one process per counter pass, each does 3 unprofiled prime calls then input generation, a 512 MiB eviction and exactly one impl.run()",outputs/rocprof_compute/MI300X/relu/triton_fp32/workload,16529179b63925dfc3a82cb0d2bd1b90a8ade38cd034ac2dcce567a9c27283b2,local outputs/rocprof_compute/MI300X/relu/triton_fp32; HF dataset bcui2/NCU_report path AMD_MI300X/relu/triton_fp32,ff3600e1831dc3bed6925f301214cad6db8234cb,matched,"verified: manifest tree_sha256 reproduced=True; capture names==expected=True; replay-audit hsaco formal==replay for 1/1 launches=True; post-fix audit PASS=True; PC-sampled instruction text found in recompiled AMDGCN=3/3 (branch targets compared by opcode only: the disassembly prints offsets, the dump prints labels)",1,"profiled 2026-10-02T12:46:53+00:00..2026-10-02T12:49:16+00:00; report_sha256 = tree hash of workload/; whole pair dir tree hash 1dbda08273d7bc2198bc771e9a428c7d286fb1ef893e91dc6c8f2c63148f4640 (matches report_manifest.json); metrics parsed from existing analysis/workload_csv (rocprof-compute analyze output, not re-run). swept params equal the CSV row; other params equal config case_defaults; largest-row (last CSV row of this dtype)",5b82f8afed59f83c3f39696338e7ce51dec38de7,"{""n"":20971520}","{""BLOCK_SIZE"":2048,""num_warps"":8}"
MI300X.triton.relu.fp32.static_isa,MI300X,triton,relu,fp32,7f57d89b3bd4feea0cdc62ff8315be2e0b5f27b66869d7ede75f02f446fda492,"{""n"":20971520}",static compile artifacts (TTIR/TTGIR/LLIR/AMDGCN) of the formal-path winner kernels,offline recompilation during the 2026-10-05 replay audit (no execution counters),outputs/profiling/MI300X/analysis_2026-10-05/triton_ir/relu__fp32__relu_kernel__QUS7CGFE,02d4ece4891b798f9ab431c314addecca750da5d2a0448c6f3283e70e8439a66,local outputs/profiling/MI300X/analysis_2026-10-05/triton_ir (one directory per code object),analysis_2026-10-05,matched,"verified: manifest tree_sha256 reproduced=True; capture names==expected=True; replay-audit hsaco formal==replay for 1/1 launches=True; post-fix audit PASS=True; PC-sampled instruction text found in recompiled AMDGCN=3/3 (branch targets compared by opcode only: the disassembly prints offsets, the dump prints labels)",1,report_sha256 = sha256 over sorted '<dir>\t<tree_sha256(dir)>' lines of the listed stage directories; recompiled binaries are hsaco-identical between the formal autotune path and the profiling replay (replay_audit/relu__fp32__formal.json). swept params equal the CSV row; other params equal config case_defaults; largest-row (last CSV row of this dtype),5b82f8afed59f83c3f39696338e7ce51dec38de7,"{""n"":20971520}","{""BLOCK_SIZE"":2048,""num_warps"":8}"
MI300X.triton.relu.int8.pc_sampling,MI300X,triton,relu,int8,36ee80f0e10ef0574aecbfd0cb8f6c9ceb48ec1456b87b1be5579baf2627d13a,"{""n"":20971520}","rocprof-compute --experimental profile --pc-sampling (stochastic, interval 65536)",single application run (same harness: 3 prime calls + 1 profiled call),outputs/rocprof_compute/MI300X/relu/triton_int8/pc_sampling,6b0a899aa33ef0e80c545696230aae970064c02f5055b1ca7b838e5976d194be,local outputs/rocprof_compute/MI300X/relu/triton_int8; HF dataset bcui2/NCU_report path AMD_MI300X/relu/triton_int8,ff3600e1831dc3bed6925f301214cad6db8234cb,matched,"verified: manifest tree_sha256 reproduced=True; capture names==expected=True; replay-audit hsaco formal==replay for 1/1 launches=True; post-fix audit PASS=True; PC-sampled instruction text found in recompiled AMDGCN=2/2 (branch targets compared by opcode only: the disassembly prints offsets, the dump prints labels)",1,profiled 2026-10-02T12:49:16+00:00..2026-10-02T12:51:41+00:00; samples on operator kernels=14 of 313 total; instruction rows from analysis/pc_sampling_instructions.csv; launch_count is the harness launch count (PC sampling does not report dispatches). swept params equal the CSV row; other params equal config case_defaults; largest-row (last CSV row of this dtype),5b82f8afed59f83c3f39696338e7ce51dec38de7,"{""n"":20971520}","{""BLOCK_SIZE"":2048,""num_warps"":4}"
MI300X.triton.relu.int8.rocprof_compute,MI300X,triton,relu,int8,36ee80f0e10ef0574aecbfd0cb8f6c9ceb48ec1456b87b1be5579baf2627d13a,"{""n"":20971520}","rocprof-compute profile, full default counter set (13 counter passes + roofline), kernel filter ^(?:relu_kernel)","application replay: one process per counter pass, each does 3 unprofiled prime calls then input generation, a 512 MiB eviction and exactly one impl.run()",outputs/rocprof_compute/MI300X/relu/triton_int8/workload,a79e1698b6e234f5eb0af2a06dcbd89771ac4f87666b99e9b8aac11f532bee95,local outputs/rocprof_compute/MI300X/relu/triton_int8; HF dataset bcui2/NCU_report path AMD_MI300X/relu/triton_int8,ff3600e1831dc3bed6925f301214cad6db8234cb,matched,"verified: manifest tree_sha256 reproduced=True; capture names==expected=True; replay-audit hsaco formal==replay for 1/1 launches=True; post-fix audit PASS=True; PC-sampled instruction text found in recompiled AMDGCN=2/2 (branch targets compared by opcode only: the disassembly prints offsets, the dump prints labels)",1,"profiled 2026-10-02T12:49:16+00:00..2026-10-02T12:51:41+00:00; report_sha256 = tree hash of workload/; whole pair dir tree hash ce7aeafaf56154d75bd574aa04908d18dd2c10162adb16abd816177d9b200e13 (matches report_manifest.json); metrics parsed from existing analysis/workload_csv (rocprof-compute analyze output, not re-run). swept params equal the CSV row; other params equal config case_defaults; largest-row (last CSV row of this dtype)",5b82f8afed59f83c3f39696338e7ce51dec38de7,"{""n"":20971520}","{""BLOCK_SIZE"":2048,""num_warps"":4}"
MI300X.triton.relu.int8.static_isa,MI300X,triton,relu,int8,36ee80f0e10ef0574aecbfd0cb8f6c9ceb48ec1456b87b1be5579baf2627d13a,"{""n"":20971520}",static compile artifacts (TTIR/TTGIR/LLIR/AMDGCN) of the formal-path winner kernels,offline recompilation during the 2026-10-05 replay audit (no execution counters),outputs/profiling/MI300X/analysis_2026-10-05/triton_ir/relu__int8__relu_kernel__MHZJ74NZ,efc90c23c1e4744f6c551ca5b88c78d53d71ca66cc198dd37a792552ced8e038,local outputs/profiling/MI300X/analysis_2026-10-05/triton_ir (one directory per code object),analysis_2026-10-05,matched,"verified: manifest tree_sha256 reproduced=True; capture names==expected=True; replay-audit hsaco formal==replay for 1/1 launches=True; post-fix audit PASS=True; PC-sampled instruction text found in recompiled AMDGCN=2/2 (branch targets compared by opcode only: the disassembly prints offsets, the dump prints labels)",1,report_sha256 = sha256 over sorted '<dir>\t<tree_sha256(dir)>' lines of the listed stage directories; recompiled binaries are hsaco-identical between the formal autotune path and the profiling replay (replay_audit/relu__int8__formal.json). swept params equal the CSV row; other params equal config case_defaults; largest-row (last CSV row of this dtype),5b82f8afed59f83c3f39696338e7ce51dec38de7,"{""n"":20971520}","{""BLOCK_SIZE"":2048,""num_warps"":4}"
MI300X.triton.reverse_array.bf16.pc_sampling,MI300X,triton,reverse_array,bf16,753e83ad713f728253239313de04f0ad8b77464d4af0c4b94bf56ccfbb748b06,"{""n"":20000000}","rocprof-compute --experimental profile --pc-sampling (stochastic, interval 65536)",single application run (same harness: 3 prime calls + 1 profiled call),outputs/rocprof_compute/MI300X/reverse_array/triton_bf16/pc_sampling,31e2cccf4cc8c0fab889d7f71e56e86527dd14924e4989256a9414a0040f8011,local outputs/rocprof_compute/MI300X/reverse_array/triton_bf16; HF dataset bcui2/NCU_report path AMD_MI300X/reverse_array/triton_bf16,ff3600e1831dc3bed6925f301214cad6db8234cb,matched,"verified: manifest tree_sha256 reproduced=True; capture names==expected=True; replay-audit hsaco formal==replay for 1/1 launches=True; post-fix audit PASS=True; PC-sampled instruction text found in recompiled AMDGCN=3/3 (branch targets compared by opcode only: the disassembly prints offsets, the dump prints labels)",1,profiled 2026-10-02T12:54:04+00:00..2026-10-02T12:56:26+00:00; samples on operator kernels=20 of 183 total; instruction rows from analysis/pc_sampling_instructions.csv; launch_count is the harness launch count (PC sampling does not report dispatches). swept params equal the CSV row; other params equal config case_defaults; largest-row (last CSV row of this dtype),5b82f8afed59f83c3f39696338e7ce51dec38de7,"{""n"":20000000}","{""BLOCK_SIZE"":2048,""num_stages"":1,""num_warps"":8}"
MI300X.triton.reverse_array.bf16.rocprof_compute,MI300X,triton,reverse_array,bf16,753e83ad713f728253239313de04f0ad8b77464d4af0c4b94bf56ccfbb748b06,"{""n"":20000000}","rocprof-compute profile, full default counter set (13 counter passes + roofline), kernel filter ^(?:reverse_kernel)","application replay: one process per counter pass, each does 3 unprofiled prime calls then input generation, a 512 MiB eviction and exactly one impl.run()",outputs/rocprof_compute/MI300X/reverse_array/triton_bf16/workload,4e2c0482d065242e186956e15eea074dc1297d0c74f9b5fa505cf2ec79385507,local outputs/rocprof_compute/MI300X/reverse_array/triton_bf16; HF dataset bcui2/NCU_report path AMD_MI300X/reverse_array/triton_bf16,ff3600e1831dc3bed6925f301214cad6db8234cb,matched,"verified: manifest tree_sha256 reproduced=True; capture names==expected=True; replay-audit hsaco formal==replay for 1/1 launches=True; post-fix audit PASS=True; PC-sampled instruction text found in recompiled AMDGCN=3/3 (branch targets compared by opcode only: the disassembly prints offsets, the dump prints labels)",1,"profiled 2026-10-02T12:54:04+00:00..2026-10-02T12:56:26+00:00; report_sha256 = tree hash of workload/; whole pair dir tree hash ec17728ecdad988be43254adf13ac693dbc2161f18db4394a841391025e89c56 (matches report_manifest.json); metrics parsed from existing analysis/workload_csv (rocprof-compute analyze output, not re-run). swept params equal the CSV row; other params equal config case_defaults; largest-row (last CSV row of this dtype)",5b82f8afed59f83c3f39696338e7ce51dec38de7,"{""n"":20000000}","{""BLOCK_SIZE"":2048,""num_stages"":1,""num_warps"":8}"
MI300X.triton.reverse_array.bf16.static_isa,MI300X,triton,reverse_array,bf16,753e83ad713f728253239313de04f0ad8b77464d4af0c4b94bf56ccfbb748b06,"{""n"":20000000}",static compile artifacts (TTIR/TTGIR/LLIR/AMDGCN) of the formal-path winner kernels,offline recompilation during the 2026-10-05 replay audit (no execution counters),outputs/profiling/MI300X/analysis_2026-10-05/triton_ir/reverse_array__bf16__reverse_kernel__PN7IOJUW,dffe50207c589501a8b533432c8e5ba8e33c0b208a2e7f5cc9a94127b7eade26,local outputs/profiling/MI300X/analysis_2026-10-05/triton_ir (one directory per code object),analysis_2026-10-05,matched,"verified: manifest tree_sha256 reproduced=True; capture names==expected=True; replay-audit hsaco formal==replay for 1/1 launches=True; post-fix audit PASS=True; PC-sampled instruction text found in recompiled AMDGCN=3/3 (branch targets compared by opcode only: the disassembly prints offsets, the dump prints labels)",1,report_sha256 = sha256 over sorted '<dir>\t<tree_sha256(dir)>' lines of the listed stage directories; recompiled binaries are hsaco-identical between the formal autotune path and the profiling replay (replay_audit/reverse_array__bf16__formal.json). swept params equal the CSV row; other params equal config case_defaults; largest-row (last CSV row of this dtype),5b82f8afed59f83c3f39696338e7ce51dec38de7,"{""n"":20000000}","{""BLOCK_SIZE"":2048,""num_stages"":1,""num_warps"":8}"
MI300X.triton.reverse_array.fp16.pc_sampling,MI300X,triton,reverse_array,fp16,6504e29f5e30f6e628d6dc0b81a696c35dce00468d8c2c0d4232446a3ec022b4,"{""n"":20000000}","rocprof-compute --experimental profile --pc-sampling (stochastic, interval 65536)",single application run (same harness: 3 prime calls + 1 profiled call),outputs/rocprof_compute/MI300X/reverse_array/triton_fp16/pc_sampling,9fd7090cbc0a447e8fa07713bcca4d0f45e3f9c3ba395fa4ac46637e816b5292,local outputs/rocprof_compute/MI300X/reverse_array/triton_fp16; HF dataset bcui2/NCU_report path AMD_MI300X/reverse_array/triton_fp16,ff3600e1831dc3bed6925f301214cad6db8234cb,matched,"verified: manifest tree_sha256 reproduced=True; capture names==expected=True; replay-audit hsaco formal==replay for 1/1 launches=True; post-fix audit PASS=True; PC-sampled instruction text found in recompiled AMDGCN=5/5 (branch targets compared by opcode only: the disassembly prints offsets, the dump prints labels)",1,profiled 2026-10-02T12:51:41+00:00..2026-10-02T12:54:04+00:00; samples on operator kernels=15 of 183 total; instruction rows from analysis/pc_sampling_instructions.csv; launch_count is the harness launch count (PC sampling does not report dispatches). swept params equal the CSV row; other params equal config case_defaults; largest-row (last CSV row of this dtype),5b82f8afed59f83c3f39696338e7ce51dec38de7,"{""n"":20000000}","{""BLOCK_SIZE"":2048,""num_stages"":2,""num_warps"":8}"
MI300X.triton.reverse_array.fp16.rocprof_compute,MI300X,triton,reverse_array,fp16,6504e29f5e30f6e628d6dc0b81a696c35dce00468d8c2c0d4232446a3ec022b4,"{""n"":20000000}","rocprof-compute profile, full default counter set (13 counter passes + roofline), kernel filter ^(?:reverse_kernel)","application replay: one process per counter pass, each does 3 unprofiled prime calls then input generation, a 512 MiB eviction and exactly one impl.run()",outputs/rocprof_compute/MI300X/reverse_array/triton_fp16/workload,b5bb45bbb2580c0fe3f2b4974f0636cf1e5edcfc0548ff50c83cd0ef1802fb26,local outputs/rocprof_compute/MI300X/reverse_array/triton_fp16; HF dataset bcui2/NCU_report path AMD_MI300X/reverse_array/triton_fp16,ff3600e1831dc3bed6925f301214cad6db8234cb,matched,"verified: manifest tree_sha256 reproduced=True; capture names==expected=True; replay-audit hsaco formal==replay for 1/1 launches=True; post-fix audit PASS=True; PC-sampled instruction text found in recompiled AMDGCN=5/5 (branch targets compared by opcode only: the disassembly prints offsets, the dump prints labels)",1,"profiled 2026-10-02T12:51:41+00:00..2026-10-02T12:54:04+00:00; report_sha256 = tree hash of workload/; whole pair dir tree hash a5e4f1c27123c5c1819f1200ee3afeb046c0e6bbb1cf3005a2c3efa2d3b8fad1 (matches report_manifest.json); metrics parsed from existing analysis/workload_csv (rocprof-compute analyze output, not re-run). swept params equal the CSV row; other params equal config case_defaults; largest-row (last CSV row of this dtype)",5b82f8afed59f83c3f39696338e7ce51dec38de7,"{""n"":20000000}","{""BLOCK_SIZE"":2048,""num_stages"":2,""num_warps"":8}"
MI300X.triton.reverse_array.fp16.static_isa,MI300X,triton,reverse_array,fp16,6504e29f5e30f6e628d6dc0b81a696c35dce00468d8c2c0d4232446a3ec022b4,"{""n"":20000000}",static compile artifacts (TTIR/TTGIR/LLIR/AMDGCN) of the formal-path winner kernels,offline recompilation during the 2026-10-05 replay audit (no execution counters),outputs/profiling/MI300X/analysis_2026-10-05/triton_ir/reverse_array__fp16__reverse_kernel__3SDFFKN2,f0cd1eec7cba0df87a5b7f9f1cb69268392e8c74c65e214af3564632375ebda7,local outputs/profiling/MI300X/analysis_2026-10-05/triton_ir (one directory per code object),analysis_2026-10-05,matched,"verified: manifest tree_sha256 reproduced=True; capture names==expected=True; replay-audit hsaco formal==replay for 1/1 launches=True; post-fix audit PASS=True; PC-sampled instruction text found in recompiled AMDGCN=5/5 (branch targets compared by opcode only: the disassembly prints offsets, the dump prints labels)",1,report_sha256 = sha256 over sorted '<dir>\t<tree_sha256(dir)>' lines of the listed stage directories; recompiled binaries are hsaco-identical between the formal autotune path and the profiling replay (replay_audit/reverse_array__fp16__formal.json). swept params equal the CSV row; other params equal config case_defaults; largest-row (last CSV row of this dtype),5b82f8afed59f83c3f39696338e7ce51dec38de7,"{""n"":20000000}","{""BLOCK_SIZE"":2048,""num_stages"":2,""num_warps"":8}"
MI300X.triton.reverse_array.fp32.pc_sampling,MI300X,triton,reverse_array,fp32,ec0b4e47477a2f66ddb040f40883120a55dc5f72ec76aa9624ed7a17ca0bd58a,"{""n"":20000000}","rocprof-compute --experimental profile --pc-sampling (stochastic, interval 65536)",single application run (same harness: 3 prime calls + 1 profiled call),outputs/rocprof_compute/MI300X/reverse_array/triton_fp32/pc_sampling,e3ae1cb4aa0e30312570f465b266eb20a48320a1bfc5a34c8522175d14a208e6,local outputs/rocprof_compute/MI300X/reverse_array/triton_fp32; HF dataset bcui2/NCU_report path AMD_MI300X/reverse_array/triton_fp32,ff3600e1831dc3bed6925f301214cad6db8234cb,matched,"verified: manifest tree_sha256 reproduced=True; capture names==expected=True; replay-audit hsaco formal==replay for 1/1 launches=True; post-fix audit PASS=True; PC-sampled instruction text found in recompiled AMDGCN=6/6 (branch targets compared by opcode only: the disassembly prints offsets, the dump prints labels)",1,profiled 2026-10-02T12:56:26+00:00..2026-10-02T12:58:48+00:00; samples on operator kernels=42 of 209 total; instruction rows from analysis/pc_sampling_instructions.csv; launch_count is the harness launch count (PC sampling does not report dispatches). swept params equal the CSV row; other params equal config case_defaults; largest-row (last CSV row of this dtype),5b82f8afed59f83c3f39696338e7ce51dec38de7,"{""n"":20000000}","{""BLOCK_SIZE"":1024,""num_stages"":1,""num_warps"":4}"
MI300X.triton.reverse_array.fp32.rocprof_compute,MI300X,triton,reverse_array,fp32,ec0b4e47477a2f66ddb040f40883120a55dc5f72ec76aa9624ed7a17ca0bd58a,"{""n"":20000000}","rocprof-compute profile, full default counter set (13 counter passes + roofline), kernel filter ^(?:reverse_kernel)","application replay: one process per counter pass, each does 3 unprofiled prime calls then input generation, a 512 MiB eviction and exactly one impl.run()",outputs/rocprof_compute/MI300X/reverse_array/triton_fp32/workload,8bbb72a865e7639d88d2324575ee32a8d634e5e081e7c90045543f9f247411d7,local outputs/rocprof_compute/MI300X/reverse_array/triton_fp32; HF dataset bcui2/NCU_report path AMD_MI300X/reverse_array/triton_fp32,ff3600e1831dc3bed6925f301214cad6db8234cb,matched,"verified: manifest tree_sha256 reproduced=True; capture names==expected=True; replay-audit hsaco formal==replay for 1/1 launches=True; post-fix audit PASS=True; PC-sampled instruction text found in recompiled AMDGCN=6/6 (branch targets compared by opcode only: the disassembly prints offsets, the dump prints labels)",1,"profiled 2026-10-02T12:56:26+00:00..2026-10-02T12:58:48+00:00; report_sha256 = tree hash of workload/; whole pair dir tree hash f59a832de5df87749f933ddc2b778a240748f1c85db6043bd1ecc725c913e280 (matches report_manifest.json); metrics parsed from existing analysis/workload_csv (rocprof-compute analyze output, not re-run). swept params equal the CSV row; other params equal config case_defaults; largest-row (last CSV row of this dtype)",5b82f8afed59f83c3f39696338e7ce51dec38de7,"{""n"":20000000}","{""BLOCK_SIZE"":1024,""num_stages"":1,""num_warps"":4}"
MI300X.triton.reverse_array.fp32.static_isa,MI300X,triton,reverse_array,fp32,ec0b4e47477a2f66ddb040f40883120a55dc5f72ec76aa9624ed7a17ca0bd58a,"{""n"":20000000}",static compile artifacts (TTIR/TTGIR/LLIR/AMDGCN) of the formal-path winner kernels,offline recompilation during the 2026-10-05 replay audit (no execution counters),outputs/profiling/MI300X/analysis_2026-10-05/triton_ir/reverse_array__fp32__reverse_kernel__EQTR6277,357fbfd8662ea15b2f57266c3870d3be689b274f64388cc08b811287f2778495,local outputs/profiling/MI300X/analysis_2026-10-05/triton_ir (one directory per code object),analysis_2026-10-05,matched,"verified: manifest tree_sha256 reproduced=True; capture names==expected=True; replay-audit hsaco formal==replay for 1/1 launches=True; post-fix audit PASS=True; PC-sampled instruction text found in recompiled AMDGCN=6/6 (branch targets compared by opcode only: the disassembly prints offsets, the dump prints labels)",1,report_sha256 = sha256 over sorted '<dir>\t<tree_sha256(dir)>' lines of the listed stage directories; recompiled binaries are hsaco-identical between the formal autotune path and the profiling replay (replay_audit/reverse_array__fp32__formal.json). swept params equal the CSV row; other params equal config case_defaults; largest-row (last CSV row of this dtype),5b82f8afed59f83c3f39696338e7ce51dec38de7,"{""n"":20000000}","{""BLOCK_SIZE"":1024,""num_stages"":1,""num_warps"":4}"
MI300X.triton.reverse_array.int8.pc_sampling,MI300X,triton,reverse_array,int8,b609e24984b9c50dac87ba378947102b2d6205e99bd8ea06bfb85e623510302e,"{""n"":20000000}","rocprof-compute --experimental profile --pc-sampling (stochastic, interval 65536)",single application run (same harness: 3 prime calls + 1 profiled call),outputs/rocprof_compute/MI300X/reverse_array/triton_int8/pc_sampling,59256b42369dadb93e0463171e0aeaaf4b9e8d3b9a8b7269eea2e91ec38af669,local outputs/rocprof_compute/MI300X/reverse_array/triton_int8; HF dataset bcui2/NCU_report path AMD_MI300X/reverse_array/triton_int8,ff3600e1831dc3bed6925f301214cad6db8234cb,matched,"verified: manifest tree_sha256 reproduced=True; capture names==expected=True; replay-audit hsaco formal==replay for 1/1 launches=True; post-fix audit PASS=True; PC-sampled instruction text found in recompiled AMDGCN=3/3 (branch targets compared by opcode only: the disassembly prints offsets, the dump prints labels)",1,profiled 2026-10-02T12:58:48+00:00..2026-10-02T13:01:13+00:00; samples on operator kernels=8 of 290 total; instruction rows from analysis/pc_sampling_instructions.csv; launch_count is the harness launch count (PC sampling does not report dispatches). swept params equal the CSV row; other params equal config case_defaults; largest-row (last CSV row of this dtype),5b82f8afed59f83c3f39696338e7ce51dec38de7,"{""n"":20000000}","{""BLOCK_SIZE"":2048,""num_stages"":1,""num_warps"":4}"
MI300X.triton.reverse_array.int8.rocprof_compute,MI300X,triton,reverse_array,int8,b609e24984b9c50dac87ba378947102b2d6205e99bd8ea06bfb85e623510302e,"{""n"":20000000}","rocprof-compute profile, full default counter set (13 counter passes + roofline), kernel filter ^(?:reverse_kernel)","application replay: one process per counter pass, each does 3 unprofiled prime calls then input generation, a 512 MiB eviction and exactly one impl.run()",outputs/rocprof_compute/MI300X/reverse_array/triton_int8/workload,7708371d8c01a97d2a8e6cd5bb2981ce3ca5f417787e0deb04d4b620d15cd55c,local outputs/rocprof_compute/MI300X/reverse_array/triton_int8; HF dataset bcui2/NCU_report path AMD_MI300X/reverse_array/triton_int8,ff3600e1831dc3bed6925f301214cad6db8234cb,matched,"verified: manifest tree_sha256 reproduced=True; capture names==expected=True; replay-audit hsaco formal==replay for 1/1 launches=True; post-fix audit PASS=True; PC-sampled instruction text found in recompiled AMDGCN=3/3 (branch targets compared by opcode only: the disassembly prints offsets, the dump prints labels)",1,"profiled 2026-10-02T12:58:48+00:00..2026-10-02T13:01:13+00:00; report_sha256 = tree hash of workload/; whole pair dir tree hash 1ff2ec4f2ad8e7abee8d9588308a968ef38526d7d4f1e6097a59030ed472e0a0 (matches report_manifest.json); metrics parsed from existing analysis/workload_csv (rocprof-compute analyze output, not re-run). swept params equal the CSV row; other params equal config case_defaults; largest-row (last CSV row of this dtype)",5b82f8afed59f83c3f39696338e7ce51dec38de7,"{""n"":20000000}","{""BLOCK_SIZE"":2048,""num_stages"":1,""num_warps"":4}"
MI300X.triton.reverse_array.int8.static_isa,MI300X,triton,reverse_array,int8,b609e24984b9c50dac87ba378947102b2d6205e99bd8ea06bfb85e623510302e,"{""n"":20000000}",static compile artifacts (TTIR/TTGIR/LLIR/AMDGCN) of the formal-path winner kernels,offline recompilation during the 2026-10-05 replay audit (no execution counters),outputs/profiling/MI300X/analysis_2026-10-05/triton_ir/reverse_array__int8__reverse_kernel__4A5A24K7,e7d0e1c6960c85ad119e1aafaf276d78cca6c02ab2dbd78db2cdc43dff031755,local outputs/profiling/MI300X/analysis_2026-10-05/triton_ir (one directory per code object),analysis_2026-10-05,matched,"verified: manifest tree_sha256 reproduced=True; capture names==expected=True; replay-audit hsaco formal==replay for 1/1 launches=True; post-fix audit PASS=True; PC-sampled instruction text found in recompiled AMDGCN=3/3 (branch targets compared by opcode only: the disassembly prints offsets, the dump prints labels)",1,report_sha256 = sha256 over sorted '<dir>\t<tree_sha256(dir)>' lines of the listed stage directories; recompiled binaries are hsaco-identical between the formal autotune path and the profiling replay (replay_audit/reverse_array__int8__formal.json). swept params equal the CSV row; other params equal config case_defaults; largest-row (last CSV row of this dtype),5b82f8afed59f83c3f39696338e7ce51dec38de7,"{""n"":20000000}","{""BLOCK_SIZE"":2048,""num_stages"":1,""num_warps"":4}"
MI300X.triton.rmsnorm.bf16.pc_sampling,MI300X,triton,rmsnorm,bf16,9b708f2ef3afc113994de87a628a0d4147077493f1119a2aa29ba62f5afde064,"{""K"":10240}","rocprof-compute --experimental profile --pc-sampling (stochastic, interval 65536)",single application run (same harness: 3 prime calls + 1 profiled call),outputs/rocprof_compute/MI300X/rmsnorm/triton_bf16/pc_sampling,f1fa99b5eeb318faf389547a66c390eb6cc52bb214ed244ba280e064e0a930a4,local outputs/rocprof_compute/MI300X/rmsnorm/triton_bf16; HF dataset bcui2/NCU_report path AMD_MI300X/rmsnorm/triton_bf16,ff3600e1831dc3bed6925f301214cad6db8234cb,matched,"verified: manifest tree_sha256 reproduced=True; capture names==expected=True; replay-audit hsaco formal==replay for 1/1 launches=True; post-fix audit PASS=True; PC-sampled instruction text found in recompiled AMDGCN=8/8 (branch targets compared by opcode only: the disassembly prints offsets, the dump prints labels)",1,profiled 2026-10-02T13:03:36+00:00..2026-10-02T13:05:58+00:00; samples on operator kernels=74 of 247 total; instruction rows from analysis/pc_sampling_instructions.csv; launch_count is the harness launch count (PC sampling does not report dispatches). swept params equal the CSV row; other params equal config case_defaults; largest-row (last CSV row of this dtype),5b82f8afed59f83c3f39696338e7ce51dec38de7,"{""K"":10240,""M"":2048,""batch"":1}","{""BLOCK_N_SIZE"":2048,""num_stages"":3,""num_warps"":8}"
MI300X.triton.rmsnorm.bf16.rocprof_compute,MI300X,triton,rmsnorm,bf16,9b708f2ef3afc113994de87a628a0d4147077493f1119a2aa29ba62f5afde064,"{""K"":10240}","rocprof-compute profile, full default counter set (13 counter passes + roofline), kernel filter ^(?:rmsnorm_kernel)","application replay: one process per counter pass, each does 3 unprofiled prime calls then input generation, a 512 MiB eviction and exactly one impl.run()",outputs/rocprof_compute/MI300X/rmsnorm/triton_bf16/workload,4be7606357e055f16a0779ddeeaca07c1f66a1c7edc656386ca25b795d10fd73,local outputs/rocprof_compute/MI300X/rmsnorm/triton_bf16; HF dataset bcui2/NCU_report path AMD_MI300X/rmsnorm/triton_bf16,ff3600e1831dc3bed6925f301214cad6db8234cb,matched,"verified: manifest tree_sha256 reproduced=True; capture names==expected=True; replay-audit hsaco formal==replay for 1/1 launches=True; post-fix audit PASS=True; PC-sampled instruction text found in recompiled AMDGCN=8/8 (branch targets compared by opcode only: the disassembly prints offsets, the dump prints labels)",1,"profiled 2026-10-02T13:03:36+00:00..2026-10-02T13:05:58+00:00; report_sha256 = tree hash of workload/; whole pair dir tree hash 8fdc307122abfcfd47fda38c6f05dfa8bf4f5dc9bd38de5078f66a0603a11f25 (matches report_manifest.json); metrics parsed from existing analysis/workload_csv (rocprof-compute analyze output, not re-run). swept params equal the CSV row; other params equal config case_defaults; largest-row (last CSV row of this dtype)",5b82f8afed59f83c3f39696338e7ce51dec38de7,"{""K"":10240,""M"":2048,""batch"":1}","{""BLOCK_N_SIZE"":2048,""num_stages"":3,""num_warps"":8}"
MI300X.triton.rmsnorm.bf16.static_isa,MI300X,triton,rmsnorm,bf16,9b708f2ef3afc113994de87a628a0d4147077493f1119a2aa29ba62f5afde064,"{""K"":10240}",static compile artifacts (TTIR/TTGIR/LLIR/AMDGCN) of the formal-path winner kernels,offline recompilation during the 2026-10-05 replay audit (no execution counters),outputs/profiling/MI300X/analysis_2026-10-05/triton_ir/rmsnorm__bf16__rmsnorm_kernel__AIYBGNED,dd5d534694fa05052ad443a8ddfd1252ba49faebdfbe4d9d06d9dedf7a6fc0f6,local outputs/profiling/MI300X/analysis_2026-10-05/triton_ir (one directory per code object),analysis_2026-10-05,matched,"verified: manifest tree_sha256 reproduced=True; capture names==expected=True; replay-audit hsaco formal==replay for 1/1 launches=True; post-fix audit PASS=True; PC-sampled instruction text found in recompiled AMDGCN=8/8 (branch targets compared by opcode only: the disassembly prints offsets, the dump prints labels)",1,report_sha256 = sha256 over sorted '<dir>\t<tree_sha256(dir)>' lines of the listed stage directories; recompiled binaries are hsaco-identical between the formal autotune path and the profiling replay (replay_audit/rmsnorm__bf16__formal.json). swept params equal the CSV row; other params equal config case_defaults; largest-row (last CSV row of this dtype),5b82f8afed59f83c3f39696338e7ce51dec38de7,"{""K"":10240,""M"":2048,""batch"":1}","{""BLOCK_N_SIZE"":2048,""num_stages"":3,""num_warps"":8}"
MI300X.triton.rmsnorm.fp16.pc_sampling,MI300X,triton,rmsnorm,fp16,b0ebbaeb5253f83d7439439e73cdb7a5fb2116ade931c36dc82e4e9f7696000b,"{""K"":10240}","rocprof-compute --experimental profile --pc-sampling (stochastic, interval 65536)",single application run (same harness: 3 prime calls + 1 profiled call),outputs/rocprof_compute/MI300X/rmsnorm/triton_fp16/pc_sampling,99c92d24441b6016403aa4f78d7ea92db107a16bd9791d97fd8782d681cba74e,local outputs/rocprof_compute/MI300X/rmsnorm/triton_fp16; HF dataset bcui2/NCU_report path AMD_MI300X/rmsnorm/triton_fp16,ff3600e1831dc3bed6925f301214cad6db8234cb,matched,"verified: manifest tree_sha256 reproduced=True; capture names==expected=True; replay-audit hsaco formal==replay for 1/1 launches=True; post-fix audit PASS=True; PC-sampled instruction text found in recompiled AMDGCN=6/6 (branch targets compared by opcode only: the disassembly prints offsets, the dump prints labels)",1,profiled 2026-10-02T13:01:13+00:00..2026-10-02T13:03:36+00:00; samples on operator kernels=79 of 252 total; instruction rows from analysis/pc_sampling_instructions.csv; launch_count is the harness launch count (PC sampling does not report dispatches). swept params equal the CSV row; other params equal config case_defaults; largest-row (last CSV row of this dtype),5b82f8afed59f83c3f39696338e7ce51dec38de7,"{""K"":10240,""M"":2048,""batch"":1}","{""BLOCK_N_SIZE"":512,""num_stages"":4,""num_warps"":2}"
MI300X.triton.rmsnorm.fp16.rocprof_compute,MI300X,triton,rmsnorm,fp16,b0ebbaeb5253f83d7439439e73cdb7a5fb2116ade931c36dc82e4e9f7696000b,"{""K"":10240}","rocprof-compute profile, full default counter set (13 counter passes + roofline), kernel filter ^(?:rmsnorm_kernel)","application replay: one process per counter pass, each does 3 unprofiled prime calls then input generation, a 512 MiB eviction and exactly one impl.run()",outputs/rocprof_compute/MI300X/rmsnorm/triton_fp16/workload,eeeee963fea0a281fe74456d8959f887069a8628347e72175952392bc0195292,local outputs/rocprof_compute/MI300X/rmsnorm/triton_fp16; HF dataset bcui2/NCU_report path AMD_MI300X/rmsnorm/triton_fp16,ff3600e1831dc3bed6925f301214cad6db8234cb,matched,"verified: manifest tree_sha256 reproduced=True; capture names==expected=True; replay-audit hsaco formal==replay for 1/1 launches=True; post-fix audit PASS=True; PC-sampled instruction text found in recompiled AMDGCN=6/6 (branch targets compared by opcode only: the disassembly prints offsets, the dump prints labels)",1,"profiled 2026-10-02T13:01:13+00:00..2026-10-02T13:03:36+00:00; report_sha256 = tree hash of workload/; whole pair dir tree hash 95e2dccf4359a5eb495d59ac57e1d554be4eb0a1e000bebbc752bca5312974dd (matches report_manifest.json); metrics parsed from existing analysis/workload_csv (rocprof-compute analyze output, not re-run). swept params equal the CSV row; other params equal config case_defaults; largest-row (last CSV row of this dtype)",5b82f8afed59f83c3f39696338e7ce51dec38de7,"{""K"":10240,""M"":2048,""batch"":1}","{""BLOCK_N_SIZE"":512,""num_stages"":4,""num_warps"":2}"
MI300X.triton.rmsnorm.fp16.static_isa,MI300X,triton,rmsnorm,fp16,b0ebbaeb5253f83d7439439e73cdb7a5fb2116ade931c36dc82e4e9f7696000b,"{""K"":10240}",static compile artifacts (TTIR/TTGIR/LLIR/AMDGCN) of the formal-path winner kernels,offline recompilation during the 2026-10-05 replay audit (no execution counters),outputs/profiling/MI300X/analysis_2026-10-05/triton_ir/rmsnorm__fp16__rmsnorm_kernel__FQVDOCAU,c94e34b18fed39ae625fdc80a4bbad8eccaa5007068bd61e31a1b697293ee517,local outputs/profiling/MI300X/analysis_2026-10-05/triton_ir (one directory per code object),analysis_2026-10-05,matched,"verified: manifest tree_sha256 reproduced=True; capture names==expected=True; replay-audit hsaco formal==replay for 1/1 launches=True; post-fix audit PASS=True; PC-sampled instruction text found in recompiled AMDGCN=6/6 (branch targets compared by opcode only: the disassembly prints offsets, the dump prints labels)",1,report_sha256 = sha256 over sorted '<dir>\t<tree_sha256(dir)>' lines of the listed stage directories; recompiled binaries are hsaco-identical between the formal autotune path and the profiling replay (replay_audit/rmsnorm__fp16__formal.json). swept params equal the CSV row; other params equal config case_defaults; largest-row (last CSV row of this dtype),5b82f8afed59f83c3f39696338e7ce51dec38de7,"{""K"":10240,""M"":2048,""batch"":1}","{""BLOCK_N_SIZE"":512,""num_stages"":4,""num_warps"":2}"
MI300X.triton.rmsnorm.fp32.pc_sampling,MI300X,triton,rmsnorm,fp32,cdc7c66c33c0e425e50516c3c0a5df20f8f1b2c39decdbb1081d6ddbf8f8fa3a,"{""K"":10240}","rocprof-compute --experimental profile --pc-sampling (stochastic, interval 65536)",single application run (same harness: 3 prime calls + 1 profiled call),outputs/rocprof_compute/MI300X/rmsnorm/triton_fp32/pc_sampling,f0fdb0bc1e3b93a540d41d5bf78d789daab98f3119e4f5da6c309769842a9864,local outputs/rocprof_compute/MI300X/rmsnorm/triton_fp32; HF dataset bcui2/NCU_report path AMD_MI300X/rmsnorm/triton_fp32,ff3600e1831dc3bed6925f301214cad6db8234cb,matched,"verified: manifest tree_sha256 reproduced=True; capture names==expected=True; replay-audit hsaco formal==replay for 1/1 launches=True; post-fix audit PASS=True; PC-sampled instruction text found in recompiled AMDGCN=19/19 (branch targets compared by opcode only: the disassembly prints offsets, the dump prints labels)",1,profiled 2026-10-02T13:05:59+00:00..2026-10-02T13:08:22+00:00; samples on operator kernels=166 of 329 total; instruction rows from analysis/pc_sampling_instructions.csv; launch_count is the harness launch count (PC sampling does not report dispatches). swept params equal the CSV row; other params equal config case_defaults; largest-row (last CSV row of this dtype),5b82f8afed59f83c3f39696338e7ce51dec38de7,"{""K"":10240,""M"":2048,""batch"":1}","{""BLOCK_N_SIZE"":2048,""num_stages"":2,""num_warps"":4}"
MI300X.triton.rmsnorm.fp32.rocprof_compute,MI300X,triton,rmsnorm,fp32,cdc7c66c33c0e425e50516c3c0a5df20f8f1b2c39decdbb1081d6ddbf8f8fa3a,"{""K"":10240}","rocprof-compute profile, full default counter set (13 counter passes + roofline), kernel filter ^(?:rmsnorm_kernel)","application replay: one process per counter pass, each does 3 unprofiled prime calls then input generation, a 512 MiB eviction and exactly one impl.run()",outputs/rocprof_compute/MI300X/rmsnorm/triton_fp32/workload,35b70eab2bd74b528677f8a08a3ae50b3e310b4dbe6b36260bcf0eb309e92b1d,local outputs/rocprof_compute/MI300X/rmsnorm/triton_fp32; HF dataset bcui2/NCU_report path AMD_MI300X/rmsnorm/triton_fp32,ff3600e1831dc3bed6925f301214cad6db8234cb,matched,"verified: manifest tree_sha256 reproduced=True; capture names==expected=True; replay-audit hsaco formal==replay for 1/1 launches=True; post-fix audit PASS=True; PC-sampled instruction text found in recompiled AMDGCN=19/19 (branch targets compared by opcode only: the disassembly prints offsets, the dump prints labels)",1,"profiled 2026-10-02T13:05:59+00:00..2026-10-02T13:08:22+00:00; report_sha256 = tree hash of workload/; whole pair dir tree hash 514beb2d2ee0cd15a5371be0af466ea62f1126dbf05a77f90fce2357f03b3f14 (matches report_manifest.json); metrics parsed from existing analysis/workload_csv (rocprof-compute analyze output, not re-run). swept params equal the CSV row; other params equal config case_defaults; largest-row (last CSV row of this dtype)",5b82f8afed59f83c3f39696338e7ce51dec38de7,"{""K"":10240,""M"":2048,""batch"":1}","{""BLOCK_N_SIZE"":2048,""num_stages"":2,""num_warps"":4}"
MI300X.triton.rmsnorm.fp32.static_isa,MI300X,triton,rmsnorm,fp32,cdc7c66c33c0e425e50516c3c0a5df20f8f1b2c39decdbb1081d6ddbf8f8fa3a,"{""K"":10240}",static compile artifacts (TTIR/TTGIR/LLIR/AMDGCN) of the formal-path winner kernels,offline recompilation during the 2026-10-05 replay audit (no execution counters),outputs/profiling/MI300X/analysis_2026-10-05/triton_ir/rmsnorm__fp32__rmsnorm_kernel__ABAB7V6L,2f29ff0ed586f1256e9923e0a2dcb4871eac9d26f4e8ff156f353cfc84b3e4e9,local outputs/profiling/MI300X/analysis_2026-10-05/triton_ir (one directory per code object),analysis_2026-10-05,matched,"verified: manifest tree_sha256 reproduced=True; capture names==expected=True; replay-audit hsaco formal==replay for 1/1 launches=True; post-fix audit PASS=True; PC-sampled instruction text found in recompiled AMDGCN=19/19 (branch targets compared by opcode only: the disassembly prints offsets, the dump prints labels)",1,report_sha256 = sha256 over sorted '<dir>\t<tree_sha256(dir)>' lines of the listed stage directories; recompiled binaries are hsaco-identical between the formal autotune path and the profiling replay (replay_audit/rmsnorm__fp32__formal.json). swept params equal the CSV row; other params equal config case_defaults; largest-row (last CSV row of this dtype),5b82f8afed59f83c3f39696338e7ce51dec38de7,"{""K"":10240,""M"":2048,""batch"":1}","{""BLOCK_N_SIZE"":2048,""num_stages"":2,""num_warps"":4}"
MI300X.triton.rope.fp16.pc_sampling,MI300X,triton,rope,fp16,be179413403ac204b60a4505329eac212680ccc8b23e61a31efa876df8de1df0,"{""seq_len"":20480}","rocprof-compute --experimental profile --pc-sampling (stochastic, interval 65536)",single application run (same harness: 3 prime calls + 1 profiled call),outputs/rocprof_compute/MI300X/rope/triton_fp16/pc_sampling,764795981d3f5eb16133bfc99a2202d380ce605039f473a0990890a8560f8c80,local outputs/rocprof_compute/MI300X/rope/triton_fp16; HF dataset bcui2/NCU_report path AMD_MI300X/rope/triton_fp16,ff3600e1831dc3bed6925f301214cad6db8234cb,matched,"verified: manifest tree_sha256 reproduced=True; capture names==expected=True; replay-audit hsaco formal==replay for 1/1 launches=True; post-fix audit PASS=True; PC-sampled instruction text found in recompiled AMDGCN=12/12 (branch targets compared by opcode only: the disassembly prints offsets, the dump prints labels)",1,profiled 2026-10-02T13:08:22+00:00..2026-10-02T13:10:44+00:00; samples on operator kernels=147 of 541 total; instruction rows from analysis/pc_sampling_instructions.csv; launch_count is the harness launch count (PC sampling does not report dispatches). swept params equal the CSV row; other params equal config case_defaults; largest-row (last CSV row of this dtype),5b82f8afed59f83c3f39696338e7ce51dec38de7,"{""batch_size"":1,""head_dim"":128,""n_heads"":32,""seq_len"":20480}","{""ROPE_GROUP_SIZE"":4,""num_stages"":2,""num_warps"":2}"
MI300X.triton.rope.fp16.rocprof_compute,MI300X,triton,rope,fp16,be179413403ac204b60a4505329eac212680ccc8b23e61a31efa876df8de1df0,"{""seq_len"":20480}","rocprof-compute profile, full default counter set (13 counter passes + roofline), kernel filter ^(?:rope_embedding)","application replay: one process per counter pass, each does 3 unprofiled prime calls then input generation, a 512 MiB eviction and exactly one impl.run()",outputs/rocprof_compute/MI300X/rope/triton_fp16/workload,4d10dc26f58cd5a4efcb39318e398c0b2d54c455685b82ee1a6eb57a80b63afb,local outputs/rocprof_compute/MI300X/rope/triton_fp16; HF dataset bcui2/NCU_report path AMD_MI300X/rope/triton_fp16,ff3600e1831dc3bed6925f301214cad6db8234cb,matched,"verified: manifest tree_sha256 reproduced=True; capture names==expected=True; replay-audit hsaco formal==replay for 1/1 launches=True; post-fix audit PASS=True; PC-sampled instruction text found in recompiled AMDGCN=12/12 (branch targets compared by opcode only: the disassembly prints offsets, the dump prints labels)",1,"profiled 2026-10-02T13:08:22+00:00..2026-10-02T13:10:44+00:00; report_sha256 = tree hash of workload/; whole pair dir tree hash 19d4fc62966a71b9bde107864cf76444649207fa0eb75db825f510c6c94e314c (matches report_manifest.json); metrics parsed from existing analysis/workload_csv (rocprof-compute analyze output, not re-run). swept params equal the CSV row; other params equal config case_defaults; largest-row (last CSV row of this dtype)",5b82f8afed59f83c3f39696338e7ce51dec38de7,"{""batch_size"":1,""head_dim"":128,""n_heads"":32,""seq_len"":20480}","{""ROPE_GROUP_SIZE"":4,""num_stages"":2,""num_warps"":2}"
MI300X.triton.rope.fp16.static_isa,MI300X,triton,rope,fp16,be179413403ac204b60a4505329eac212680ccc8b23e61a31efa876df8de1df0,"{""seq_len"":20480}",static compile artifacts (TTIR/TTGIR/LLIR/AMDGCN) of the formal-path winner kernels,offline recompilation during the 2026-10-05 replay audit (no execution counters),outputs/profiling/MI300X/analysis_2026-10-05/triton_ir/rope__fp16__rope_embedding__PUMTQCF7,10e7846f2917c2ce199ad2abaeb3ec4dc0e407d4975ffd6d173f2e8cf1bcb5cc,local outputs/profiling/MI300X/analysis_2026-10-05/triton_ir (one directory per code object),analysis_2026-10-05,matched,"verified: manifest tree_sha256 reproduced=True; capture names==expected=True; replay-audit hsaco formal==replay for 1/1 launches=True; post-fix audit PASS=True; PC-sampled instruction text found in recompiled AMDGCN=12/12 (branch targets compared by opcode only: the disassembly prints offsets, the dump prints labels)",1,report_sha256 = sha256 over sorted '<dir>\t<tree_sha256(dir)>' lines of the listed stage directories; recompiled binaries are hsaco-identical between the formal autotune path and the profiling replay (replay_audit/rope__fp16__formal.json). swept params equal the CSV row; other params equal config case_defaults; largest-row (last CSV row of this dtype),5b82f8afed59f83c3f39696338e7ce51dec38de7,"{""batch_size"":1,""head_dim"":128,""n_heads"":32,""seq_len"":20480}","{""ROPE_GROUP_SIZE"":4,""num_stages"":2,""num_warps"":2}"
MI300X.triton.rope.fp32.pc_sampling,MI300X,triton,rope,fp32,3a701f73aa175bbb4f4053331d43d79cd5229f96c16d19cc855508c70c71e2c0,"{""seq_len"":20480}","rocprof-compute --experimental profile --pc-sampling (stochastic, interval 65536)",single application run (same harness: 3 prime calls + 1 profiled call),outputs/rocprof_compute/MI300X/rope/triton_fp32/pc_sampling,68a29db354c7cbed17d5e4ac8f717ecaec75da86faa257cb1ab0db28c1598561,local outputs/rocprof_compute/MI300X/rope/triton_fp32; HF dataset bcui2/NCU_report path AMD_MI300X/rope/triton_fp32,ff3600e1831dc3bed6925f301214cad6db8234cb,matched,"verified: manifest tree_sha256 reproduced=True; capture names==expected=True; replay-audit hsaco formal==replay for 1/1 launches=True; post-fix audit PASS=True; PC-sampled instruction text found in recompiled AMDGCN=17/17 (branch targets compared by opcode only: the disassembly prints offsets, the dump prints labels)",1,profiled 2026-10-02T13:10:45+00:00..2026-10-02T13:13:08+00:00; samples on operator kernels=184 of 643 total; instruction rows from analysis/pc_sampling_instructions.csv; launch_count is the harness launch count (PC sampling does not report dispatches). swept params equal the CSV row; other params equal config case_defaults; largest-row (last CSV row of this dtype),5b82f8afed59f83c3f39696338e7ce51dec38de7,"{""batch_size"":1,""head_dim"":128,""n_heads"":32,""seq_len"":20480}","{""ROPE_GROUP_SIZE"":16,""num_stages"":3,""num_warps"":8}"
MI300X.triton.rope.fp32.rocprof_compute,MI300X,triton,rope,fp32,3a701f73aa175bbb4f4053331d43d79cd5229f96c16d19cc855508c70c71e2c0,"{""seq_len"":20480}","rocprof-compute profile, full default counter set (13 counter passes + roofline), kernel filter ^(?:rope_embedding)","application replay: one process per counter pass, each does 3 unprofiled prime calls then input generation, a 512 MiB eviction and exactly one impl.run()",outputs/rocprof_compute/MI300X/rope/triton_fp32/workload,4bbc2fd1a1d485e660c3c0e9ba6f44ea78dbb01852f13093d7de619268b3d00d,local outputs/rocprof_compute/MI300X/rope/triton_fp32; HF dataset bcui2/NCU_report path AMD_MI300X/rope/triton_fp32,ff3600e1831dc3bed6925f301214cad6db8234cb,matched,"verified: manifest tree_sha256 reproduced=True; capture names==expected=True; replay-audit hsaco formal==replay for 1/1 launches=True; post-fix audit PASS=True; PC-sampled instruction text found in recompiled AMDGCN=17/17 (branch targets compared by opcode only: the disassembly prints offsets, the dump prints labels)",1,"profiled 2026-10-02T13:10:45+00:00..2026-10-02T13:13:08+00:00; report_sha256 = tree hash of workload/; whole pair dir tree hash ceafb10bcd5bf684adb7277b89ecc534c814900fc6fef44d76a4b0dc2e214c14 (matches report_manifest.json); metrics parsed from existing analysis/workload_csv (rocprof-compute analyze output, not re-run). swept params equal the CSV row; other params equal config case_defaults; largest-row (last CSV row of this dtype)",5b82f8afed59f83c3f39696338e7ce51dec38de7,"{""batch_size"":1,""head_dim"":128,""n_heads"":32,""seq_len"":20480}","{""ROPE_GROUP_SIZE"":16,""num_stages"":3,""num_warps"":8}"
MI300X.triton.rope.fp32.static_isa,MI300X,triton,rope,fp32,3a701f73aa175bbb4f4053331d43d79cd5229f96c16d19cc855508c70c71e2c0,"{""seq_len"":20480}",static compile artifacts (TTIR/TTGIR/LLIR/AMDGCN) of the formal-path winner kernels,offline recompilation during the 2026-10-05 replay audit (no execution counters),outputs/profiling/MI300X/analysis_2026-10-05/triton_ir/rope__fp32__rope_embedding__MLWX4OMI,ecdbbdf06a75ef513ef65092457fd02318d2f79e9ecfc823cbcaf02b9eb38207,local outputs/profiling/MI300X/analysis_2026-10-05/triton_ir (one directory per code object),analysis_2026-10-05,matched,"verified: manifest tree_sha256 reproduced=True; capture names==expected=True; replay-audit hsaco formal==replay for 1/1 launches=True; post-fix audit PASS=True; PC-sampled instruction text found in recompiled AMDGCN=17/17 (branch targets compared by opcode only: the disassembly prints offsets, the dump prints labels)",1,report_sha256 = sha256 over sorted '<dir>\t<tree_sha256(dir)>' lines of the listed stage directories; recompiled binaries are hsaco-identical between the formal autotune path and the profiling replay (replay_audit/rope__fp32__formal.json). swept params equal the CSV row; other params equal config case_defaults; largest-row (last CSV row of this dtype),5b82f8afed59f83c3f39696338e7ce51dec38de7,"{""batch_size"":1,""head_dim"":128,""n_heads"":32,""seq_len"":20480}","{""ROPE_GROUP_SIZE"":16,""num_stages"":3,""num_warps"":8}"
MI300X.triton.sigmoid.bf16.pc_sampling,MI300X,triton,sigmoid,bf16,fce4e01075617cd91e6da723824ca29e83a9c339c87191e55d83976ad3ae1bbe,"{""n"":50000000}","rocprof-compute --experimental profile --pc-sampling (stochastic, interval 65536)",single application run (same harness: 3 prime calls + 1 profiled call),outputs/rocprof_compute/MI300X/sigmoid/triton_bf16/pc_sampling,5276a54bdb839d99364e76b0c87c95624af0adb0d50c9fa3a84a135514469c6d,local outputs/rocprof_compute/MI300X/sigmoid/triton_bf16; HF dataset bcui2/NCU_report path AMD_MI300X/sigmoid/triton_bf16,ff3600e1831dc3bed6925f301214cad6db8234cb,matched,"verified: manifest tree_sha256 reproduced=True; capture names==expected=True; replay-audit hsaco formal==replay for 1/1 launches=True; post-fix audit PASS=True; PC-sampled instruction text found in recompiled AMDGCN=20/20 (branch targets compared by opcode only: the disassembly prints offsets, the dump prints labels)",1,profiled 2026-10-02T13:15:30+00:00..2026-10-02T13:17:53+00:00; samples on operator kernels=75 of 276 total; instruction rows from analysis/pc_sampling_instructions.csv; launch_count is the harness launch count (PC sampling does not report dispatches). swept params equal the CSV row; other params equal config case_defaults; largest-row (last CSV row of this dtype),5b82f8afed59f83c3f39696338e7ce51dec38de7,"{""n"":50000000}","{""BLOCK_SIZE"":2048,""num_stages"":1,""num_warps"":4}"
MI300X.triton.sigmoid.bf16.rocprof_compute,MI300X,triton,sigmoid,bf16,fce4e01075617cd91e6da723824ca29e83a9c339c87191e55d83976ad3ae1bbe,"{""n"":50000000}","rocprof-compute profile, full default counter set (13 counter passes + roofline), kernel filter ^(?:sigmoid_kernel)","application replay: one process per counter pass, each does 3 unprofiled prime calls then input generation, a 512 MiB eviction and exactly one impl.run()",outputs/rocprof_compute/MI300X/sigmoid/triton_bf16/workload,017d6318839529a5f1e6d0813e441ff23f0ab3e6ce162cbee2d591c9f77e8518,local outputs/rocprof_compute/MI300X/sigmoid/triton_bf16; HF dataset bcui2/NCU_report path AMD_MI300X/sigmoid/triton_bf16,ff3600e1831dc3bed6925f301214cad6db8234cb,matched,"verified: manifest tree_sha256 reproduced=True; capture names==expected=True; replay-audit hsaco formal==replay for 1/1 launches=True; post-fix audit PASS=True; PC-sampled instruction text found in recompiled AMDGCN=20/20 (branch targets compared by opcode only: the disassembly prints offsets, the dump prints labels)",1,"profiled 2026-10-02T13:15:30+00:00..2026-10-02T13:17:53+00:00; report_sha256 = tree hash of workload/; whole pair dir tree hash 24356ccff59bea9470c3cf77904bc6ccbcd0135e1815f15945a14b504bf466b2 (matches report_manifest.json); metrics parsed from existing analysis/workload_csv (rocprof-compute analyze output, not re-run). swept params equal the CSV row; other params equal config case_defaults; largest-row (last CSV row of this dtype)",5b82f8afed59f83c3f39696338e7ce51dec38de7,"{""n"":50000000}","{""BLOCK_SIZE"":2048,""num_stages"":1,""num_warps"":4}"
MI300X.triton.sigmoid.bf16.static_isa,MI300X,triton,sigmoid,bf16,fce4e01075617cd91e6da723824ca29e83a9c339c87191e55d83976ad3ae1bbe,"{""n"":50000000}",static compile artifacts (TTIR/TTGIR/LLIR/AMDGCN) of the formal-path winner kernels,offline recompilation during the 2026-10-05 replay audit (no execution counters),outputs/profiling/MI300X/analysis_2026-10-05/triton_ir/sigmoid__bf16__sigmoid_kernel__A4FAWP4Q,7cf48b0f467b155508f6a886c39798b4b1ea6cdfdbc6ee233c5eb193b4192e23,local outputs/profiling/MI300X/analysis_2026-10-05/triton_ir (one directory per code object),analysis_2026-10-05,matched,"verified: manifest tree_sha256 reproduced=True; capture names==expected=True; replay-audit hsaco formal==replay for 1/1 launches=True; post-fix audit PASS=True; PC-sampled instruction text found in recompiled AMDGCN=20/20 (branch targets compared by opcode only: the disassembly prints offsets, the dump prints labels)",1,report_sha256 = sha256 over sorted '<dir>\t<tree_sha256(dir)>' lines of the listed stage directories; recompiled binaries are hsaco-identical between the formal autotune path and the profiling replay (replay_audit/sigmoid__bf16__formal.json). swept params equal the CSV row; other params equal config case_defaults; largest-row (last CSV row of this dtype),5b82f8afed59f83c3f39696338e7ce51dec38de7,"{""n"":50000000}","{""BLOCK_SIZE"":2048,""num_stages"":1,""num_warps"":4}"
MI300X.triton.sigmoid.fp16.pc_sampling,MI300X,triton,sigmoid,fp16,a5452b1db346c093f7908f246f2adc45fab32665d4885a8cb5f4cccef605f5ef,"{""n"":50000000}","rocprof-compute --experimental profile --pc-sampling (stochastic, interval 65536)",single application run (same harness: 3 prime calls + 1 profiled call),outputs/rocprof_compute/MI300X/sigmoid/triton_fp16/pc_sampling,97cf19467cc7cc393dee530801f7cf706239dfd99790bb0e0d4b1fb1ee2db8f4,local outputs/rocprof_compute/MI300X/sigmoid/triton_fp16; HF dataset bcui2/NCU_report path AMD_MI300X/sigmoid/triton_fp16,ff3600e1831dc3bed6925f301214cad6db8234cb,matched,"verified: manifest tree_sha256 reproduced=True; capture names==expected=True; replay-audit hsaco formal==replay for 1/1 launches=True; post-fix audit PASS=True; PC-sampled instruction text found in recompiled AMDGCN=13/13 (branch targets compared by opcode only: the disassembly prints offsets, the dump prints labels)",1,profiled 2026-10-02T13:13:08+00:00..2026-10-02T13:15:30+00:00; samples on operator kernels=64 of 261 total; instruction rows from analysis/pc_sampling_instructions.csv; launch_count is the harness launch count (PC sampling does not report dispatches). swept params equal the CSV row; other params equal config case_defaults; largest-row (last CSV row of this dtype),5b82f8afed59f83c3f39696338e7ce51dec38de7,"{""n"":50000000}","{""BLOCK_SIZE"":2048,""num_stages"":2,""num_warps"":8}"
MI300X.triton.sigmoid.fp16.rocprof_compute,MI300X,triton,sigmoid,fp16,a5452b1db346c093f7908f246f2adc45fab32665d4885a8cb5f4cccef605f5ef,"{""n"":50000000}","rocprof-compute profile, full default counter set (13 counter passes + roofline), kernel filter ^(?:sigmoid_kernel)","application replay: one process per counter pass, each does 3 unprofiled prime calls then input generation, a 512 MiB eviction and exactly one impl.run()",outputs/rocprof_compute/MI300X/sigmoid/triton_fp16/workload,52ebdb9e2b0c8728f301764a03f93edeb57fc40dbd6f68ae25b184c3e04d2483,local outputs/rocprof_compute/MI300X/sigmoid/triton_fp16; HF dataset bcui2/NCU_report path AMD_MI300X/sigmoid/triton_fp16,ff3600e1831dc3bed6925f301214cad6db8234cb,matched,"verified: manifest tree_sha256 reproduced=True; capture names==expected=True; replay-audit hsaco formal==replay for 1/1 launches=True; post-fix audit PASS=True; PC-sampled instruction text found in recompiled AMDGCN=13/13 (branch targets compared by opcode only: the disassembly prints offsets, the dump prints labels)",1,"profiled 2026-10-02T13:13:08+00:00..2026-10-02T13:15:30+00:00; report_sha256 = tree hash of workload/; whole pair dir tree hash 4f849d79e0331a6df37cb9852d3227f949ac229b3b162e95784b5af371219b1f (matches report_manifest.json); metrics parsed from existing analysis/workload_csv (rocprof-compute analyze output, not re-run). swept params equal the CSV row; other params equal config case_defaults; largest-row (last CSV row of this dtype)",5b82f8afed59f83c3f39696338e7ce51dec38de7,"{""n"":50000000}","{""BLOCK_SIZE"":2048,""num_stages"":2,""num_warps"":8}"
MI300X.triton.sigmoid.fp16.static_isa,MI300X,triton,sigmoid,fp16,a5452b1db346c093f7908f246f2adc45fab32665d4885a8cb5f4cccef605f5ef,"{""n"":50000000}",static compile artifacts (TTIR/TTGIR/LLIR/AMDGCN) of the formal-path winner kernels,offline recompilation during the 2026-10-05 replay audit (no execution counters),outputs/profiling/MI300X/analysis_2026-10-05/triton_ir/sigmoid__fp16__sigmoid_kernel__PHXHRGAU,8edca0113cad3725324de508c27fddacdd981652928449de51e5764b1d3374e6,local outputs/profiling/MI300X/analysis_2026-10-05/triton_ir (one directory per code object),analysis_2026-10-05,matched,"verified: manifest tree_sha256 reproduced=True; capture names==expected=True; replay-audit hsaco formal==replay for 1/1 launches=True; post-fix audit PASS=True; PC-sampled instruction text found in recompiled AMDGCN=13/13 (branch targets compared by opcode only: the disassembly prints offsets, the dump prints labels)",1,report_sha256 = sha256 over sorted '<dir>\t<tree_sha256(dir)>' lines of the listed stage directories; recompiled binaries are hsaco-identical between the formal autotune path and the profiling replay (replay_audit/sigmoid__fp16__formal.json). swept params equal the CSV row; other params equal config case_defaults; largest-row (last CSV row of this dtype),5b82f8afed59f83c3f39696338e7ce51dec38de7,"{""n"":50000000}","{""BLOCK_SIZE"":2048,""num_stages"":2,""num_warps"":8}"
MI300X.triton.sigmoid.fp32.pc_sampling,MI300X,triton,sigmoid,fp32,7185cb18efc4cd94c74a0b1b605672986f2dbdb63f325c12fe2cd23020f27641,"{""n"":50000000}","rocprof-compute --experimental profile --pc-sampling (stochastic, interval 65536)",single application run (same harness: 3 prime calls + 1 profiled call),outputs/rocprof_compute/MI300X/sigmoid/triton_fp32/pc_sampling,4007b16f20116d97bece41862f7734119bacb37729ba257829039419410304ea,local outputs/rocprof_compute/MI300X/sigmoid/triton_fp32; HF dataset bcui2/NCU_report path AMD_MI300X/sigmoid/triton_fp32,ff3600e1831dc3bed6925f301214cad6db8234cb,matched,"verified: manifest tree_sha256 reproduced=True; capture names==expected=True; replay-audit hsaco formal==replay for 1/1 launches=True; post-fix audit PASS=True; PC-sampled instruction text found in recompiled AMDGCN=14/14 (branch targets compared by opcode only: the disassembly prints offsets, the dump prints labels)",1,profiled 2026-10-02T13:17:53+00:00..2026-10-02T13:20:16+00:00; samples on operator kernels=118 of 312 total; instruction rows from analysis/pc_sampling_instructions.csv; launch_count is the harness launch count (PC sampling does not report dispatches). swept params equal the CSV row; other params equal config case_defaults; largest-row (last CSV row of this dtype),5b82f8afed59f83c3f39696338e7ce51dec38de7,"{""n"":50000000}","{""BLOCK_SIZE"":2048,""num_stages"":2,""num_warps"":8}"
MI300X.triton.sigmoid.fp32.rocprof_compute,MI300X,triton,sigmoid,fp32,7185cb18efc4cd94c74a0b1b605672986f2dbdb63f325c12fe2cd23020f27641,"{""n"":50000000}","rocprof-compute profile, full default counter set (13 counter passes + roofline), kernel filter ^(?:sigmoid_kernel)","application replay: one process per counter pass, each does 3 unprofiled prime calls then input generation, a 512 MiB eviction and exactly one impl.run()",outputs/rocprof_compute/MI300X/sigmoid/triton_fp32/workload,26a09064c55fb871d437280dc4806eee53a05380fb8c8e8bbf85b683c0656f6f,local outputs/rocprof_compute/MI300X/sigmoid/triton_fp32; HF dataset bcui2/NCU_report path AMD_MI300X/sigmoid/triton_fp32,ff3600e1831dc3bed6925f301214cad6db8234cb,matched,"verified: manifest tree_sha256 reproduced=True; capture names==expected=True; replay-audit hsaco formal==replay for 1/1 launches=True; post-fix audit PASS=True; PC-sampled instruction text found in recompiled AMDGCN=14/14 (branch targets compared by opcode only: the disassembly prints offsets, the dump prints labels)",1,"profiled 2026-10-02T13:17:53+00:00..2026-10-02T13:20:16+00:00; report_sha256 = tree hash of workload/; whole pair dir tree hash b2560696826aee3caff5c4d422b9ca0d11875eb2e7e8df09dfcd4f63e1f56a73 (matches report_manifest.json); metrics parsed from existing analysis/workload_csv (rocprof-compute analyze output, not re-run). swept params equal the CSV row; other params equal config case_defaults; largest-row (last CSV row of this dtype)",5b82f8afed59f83c3f39696338e7ce51dec38de7,"{""n"":50000000}","{""BLOCK_SIZE"":2048,""num_stages"":2,""num_warps"":8}"
MI300X.triton.sigmoid.fp32.static_isa,MI300X,triton,sigmoid,fp32,7185cb18efc4cd94c74a0b1b605672986f2dbdb63f325c12fe2cd23020f27641,"{""n"":50000000}",static compile artifacts (TTIR/TTGIR/LLIR/AMDGCN) of the formal-path winner kernels,offline recompilation during the 2026-10-05 replay audit (no execution counters),outputs/profiling/MI300X/analysis_2026-10-05/triton_ir/sigmoid__fp32__sigmoid_kernel__WLABAO4G,fb54cd46f0f43d8333aee80829f577a5d132652a5d5f7c52f5e462e02b85a288,local outputs/profiling/MI300X/analysis_2026-10-05/triton_ir (one directory per code object),analysis_2026-10-05,matched,"verified: manifest tree_sha256 reproduced=True; capture names==expected=True; replay-audit hsaco formal==replay for 1/1 launches=True; post-fix audit PASS=True; PC-sampled instruction text found in recompiled AMDGCN=14/14 (branch targets compared by opcode only: the disassembly prints offsets, the dump prints labels)",1,report_sha256 = sha256 over sorted '<dir>\t<tree_sha256(dir)>' lines of the listed stage directories; recompiled binaries are hsaco-identical between the formal autotune path and the profiling replay (replay_audit/sigmoid__fp32__formal.json). swept params equal the CSV row; other params equal config case_defaults; largest-row (last CSV row of this dtype),5b82f8afed59f83c3f39696338e7ce51dec38de7,"{""n"":50000000}","{""BLOCK_SIZE"":2048,""num_stages"":2,""num_warps"":8}"
MI300X.triton.softmax.fp16.pc_sampling,MI300X,triton,softmax,fp16,3dd3b8483e2970c559bdac1a83ddc602594adb68f8a98a329343b3119fe686ca,"{""n_cols"":10240}","rocprof-compute --experimental profile --pc-sampling (stochastic, interval 65536)",single application run (same harness: 3 prime calls + 1 profiled call),outputs/rocprof_compute/MI300X/softmax/triton_fp16/pc_sampling,f80682987ada74c75796d67f51a9a9087f58e96b0cfc9e0f35112ce45a9a6217,local outputs/rocprof_compute/MI300X/softmax/triton_fp16; HF dataset bcui2/NCU_report path AMD_MI300X/softmax/triton_fp16,ff3600e1831dc3bed6925f301214cad6db8234cb,matched,"verified: manifest tree_sha256 reproduced=True; capture names==expected=True; replay-audit hsaco formal==replay for 1/1 launches=True; post-fix audit PASS=True; PC-sampled instruction text found in recompiled AMDGCN=24/24 (branch targets compared by opcode only: the disassembly prints offsets, the dump prints labels)",1,profiled 2026-10-02T13:20:16+00:00..2026-10-02T13:22:40+00:00; samples on operator kernels=51 of 218 total; instruction rows from analysis/pc_sampling_instructions.csv; launch_count is the harness launch count (PC sampling does not report dispatches). swept params equal the CSV row; other params equal config case_defaults; largest-row (last CSV row of this dtype),5b82f8afed59f83c3f39696338e7ce51dec38de7,"{""n_cols"":10240,""n_rows"":2048}","{""BLOCK_SIZE"":2048,""num_warps"":4}"
MI300X.triton.softmax.fp16.rocprof_compute,MI300X,triton,softmax,fp16,3dd3b8483e2970c559bdac1a83ddc602594adb68f8a98a329343b3119fe686ca,"{""n_cols"":10240}","rocprof-compute profile, full default counter set (13 counter passes + roofline), kernel filter ^(?:softmax_online_kernel)","application replay: one process per counter pass, each does 3 unprofiled prime calls then input generation, a 512 MiB eviction and exactly one impl.run()",outputs/rocprof_compute/MI300X/softmax/triton_fp16/workload,4e584188e342da2926e7f8254151f00be04adbe4bb060568ea3fdfaf3fdc54d9,local outputs/rocprof_compute/MI300X/softmax/triton_fp16; HF dataset bcui2/NCU_report path AMD_MI300X/softmax/triton_fp16,ff3600e1831dc3bed6925f301214cad6db8234cb,matched,"verified: manifest tree_sha256 reproduced=True; capture names==expected=True; replay-audit hsaco formal==replay for 1/1 launches=True; post-fix audit PASS=True; PC-sampled instruction text found in recompiled AMDGCN=24/24 (branch targets compared by opcode only: the disassembly prints offsets, the dump prints labels)",1,"profiled 2026-10-02T13:20:16+00:00..2026-10-02T13:22:40+00:00; report_sha256 = tree hash of workload/; whole pair dir tree hash 035dcc841a011a66c904a083ede8549ba593bdf2173dfad137f787e426ff0bba (matches report_manifest.json); metrics parsed from existing analysis/workload_csv (rocprof-compute analyze output, not re-run). swept params equal the CSV row; other params equal config case_defaults; largest-row (last CSV row of this dtype)",5b82f8afed59f83c3f39696338e7ce51dec38de7,"{""n_cols"":10240,""n_rows"":2048}","{""BLOCK_SIZE"":2048,""num_warps"":4}"
MI300X.triton.softmax.fp16.static_isa,MI300X,triton,softmax,fp16,3dd3b8483e2970c559bdac1a83ddc602594adb68f8a98a329343b3119fe686ca,"{""n_cols"":10240}",static compile artifacts (TTIR/TTGIR/LLIR/AMDGCN) of the formal-path winner kernels,offline recompilation during the 2026-10-05 replay audit (no execution counters),outputs/profiling/MI300X/analysis_2026-10-05/triton_ir/softmax__fp16__softmax_online_kernel__XGZJDTZI,29509f26332e487b86991af29c6b732cb895524eea943dbf8714b56fc8c2b6f1,local outputs/profiling/MI300X/analysis_2026-10-05/triton_ir (one directory per code object),analysis_2026-10-05,matched,"verified: manifest tree_sha256 reproduced=True; capture names==expected=True; replay-audit hsaco formal==replay for 1/1 launches=True; post-fix audit PASS=True; PC-sampled instruction text found in recompiled AMDGCN=24/24 (branch targets compared by opcode only: the disassembly prints offsets, the dump prints labels)",1,report_sha256 = sha256 over sorted '<dir>\t<tree_sha256(dir)>' lines of the listed stage directories; recompiled binaries are hsaco-identical between the formal autotune path and the profiling replay (replay_audit/softmax__fp16__formal.json). swept params equal the CSV row; other params equal config case_defaults; largest-row (last CSV row of this dtype),5b82f8afed59f83c3f39696338e7ce51dec38de7,"{""n_cols"":10240,""n_rows"":2048}","{""BLOCK_SIZE"":2048,""num_warps"":4}"
MI300X.triton.softmax.fp32.pc_sampling,MI300X,triton,softmax,fp32,1346974aaa5ecb3925ccfbfdb66706e24ccebf46e8584103f6d2ae299d228691,"{""n_cols"":10240}","rocprof-compute --experimental profile --pc-sampling (stochastic, interval 65536)",single application run (same harness: 3 prime calls + 1 profiled call),outputs/rocprof_compute/MI300X/softmax/triton_fp32/pc_sampling,1419dd6984f19b3296fea25ec272f72f9aca9ef96c00c7c4316768ebc9e25bbf,local outputs/rocprof_compute/MI300X/softmax/triton_fp32; HF dataset bcui2/NCU_report path AMD_MI300X/softmax/triton_fp32,ff3600e1831dc3bed6925f301214cad6db8234cb,matched,"verified: manifest tree_sha256 reproduced=True; capture names==expected=True; replay-audit hsaco formal==replay for 1/1 launches=True; post-fix audit PASS=True; PC-sampled instruction text found in recompiled AMDGCN=20/20 (branch targets compared by opcode only: the disassembly prints offsets, the dump prints labels)",1,profiled 2026-10-02T13:22:40+00:00..2026-10-02T13:25:02+00:00; samples on operator kernels=135 of 288 total; instruction rows from analysis/pc_sampling_instructions.csv; launch_count is the harness launch count (PC sampling does not report dispatches). swept params equal the CSV row; other params equal config case_defaults; largest-row (last CSV row of this dtype),5b82f8afed59f83c3f39696338e7ce51dec38de7,"{""n_cols"":10240,""n_rows"":2048}","{""BLOCK_SIZE"":2048,""num_warps"":4}"
MI300X.triton.softmax.fp32.rocprof_compute,MI300X,triton,softmax,fp32,1346974aaa5ecb3925ccfbfdb66706e24ccebf46e8584103f6d2ae299d228691,"{""n_cols"":10240}","rocprof-compute profile, full default counter set (13 counter passes + roofline), kernel filter ^(?:softmax_online_kernel)","application replay: one process per counter pass, each does 3 unprofiled prime calls then input generation, a 512 MiB eviction and exactly one impl.run()",outputs/rocprof_compute/MI300X/softmax/triton_fp32/workload,851182d47cad9b270aceb225cb674214ddb4df03d9f56b46a3c170de9034246b,local outputs/rocprof_compute/MI300X/softmax/triton_fp32; HF dataset bcui2/NCU_report path AMD_MI300X/softmax/triton_fp32,ff3600e1831dc3bed6925f301214cad6db8234cb,matched,"verified: manifest tree_sha256 reproduced=True; capture names==expected=True; replay-audit hsaco formal==replay for 1/1 launches=True; post-fix audit PASS=True; PC-sampled instruction text found in recompiled AMDGCN=20/20 (branch targets compared by opcode only: the disassembly prints offsets, the dump prints labels)",1,"profiled 2026-10-02T13:22:40+00:00..2026-10-02T13:25:02+00:00; report_sha256 = tree hash of workload/; whole pair dir tree hash 23ab6f558a5a269661082382669b0a375bcf05aed0241c56cef8391d6e524971 (matches report_manifest.json); metrics parsed from existing analysis/workload_csv (rocprof-compute analyze output, not re-run). swept params equal the CSV row; other params equal config case_defaults; largest-row (last CSV row of this dtype)",5b82f8afed59f83c3f39696338e7ce51dec38de7,"{""n_cols"":10240,""n_rows"":2048}","{""BLOCK_SIZE"":2048,""num_warps"":4}"
MI300X.triton.softmax.fp32.static_isa,MI300X,triton,softmax,fp32,1346974aaa5ecb3925ccfbfdb66706e24ccebf46e8584103f6d2ae299d228691,"{""n_cols"":10240}",static compile artifacts (TTIR/TTGIR/LLIR/AMDGCN) of the formal-path winner kernels,offline recompilation during the 2026-10-05 replay audit (no execution counters),outputs/profiling/MI300X/analysis_2026-10-05/triton_ir/softmax__fp32__softmax_online_kernel__4HQN3HAN,6e8039397627450c149a6350854a09ed33dafc1a01997282a82b7de16024e9ac,local outputs/profiling/MI300X/analysis_2026-10-05/triton_ir (one directory per code object),analysis_2026-10-05,matched,"verified: manifest tree_sha256 reproduced=True; capture names==expected=True; replay-audit hsaco formal==replay for 1/1 launches=True; post-fix audit PASS=True; PC-sampled instruction text found in recompiled AMDGCN=20/20 (branch targets compared by opcode only: the disassembly prints offsets, the dump prints labels)",1,report_sha256 = sha256 over sorted '<dir>\t<tree_sha256(dir)>' lines of the listed stage directories; recompiled binaries are hsaco-identical between the formal autotune path and the profiling replay (replay_audit/softmax__fp32__formal.json). swept params equal the CSV row; other params equal config case_defaults; largest-row (last CSV row of this dtype),5b82f8afed59f83c3f39696338e7ce51dec38de7,"{""n_cols"":10240,""n_rows"":2048}","{""BLOCK_SIZE"":2048,""num_warps"":4}"
MI300X.triton.streamk_matmul.bf16.pc_sampling,MI300X,triton,streamk_matmul,bf16,cee155bd2a41b7659f239682d5e66a47dc81b97d96d6e1b3c4844e99c035966b,"{""m"":8192,""n"":28672}","rocprof-compute --experimental profile --pc-sampling (stochastic, interval 65536)",single application run (same harness: 3 prime calls + 1 profiled call),outputs/rocprof_compute/MI300X/streamk_matmul/triton_bf16/pc_sampling,85c5176a80284dc63ae57e80a9805d01abf720cb7592b5e7be494e9d87d2eb6f,local outputs/rocprof_compute/MI300X/streamk_matmul/triton_bf16; HF dataset bcui2/NCU_report path AMD_MI300X/streamk_matmul/triton_bf16,698524992ea40275e50b05e92d6ec9c69691b7d0,matched,"verified: manifest tree_sha256 reproduced=True; capture names==expected=True; replay-audit hsaco formal==replay for 2/2 launches=True; post-fix audit PASS=True; PC-sampled instruction text found in recompiled AMDGCN=1336/1336 (branch targets compared by opcode only: the disassembly prints offsets, the dump prints labels)",2,"profiled 2026-10-04T16:46:28+00:00..2026-10-04T16:49:00+00:00; replaced 2026-10-04 (supersedes 5b82f8af report, see PROVENANCE.md); samples on operator kernels=69827 of 71373 total; instruction rows from analysis/pc_sampling_instructions.csv; launch_count is the harness launch count (PC sampling does not report dispatches). swept params equal the CSV row; other params equal config case_defaults; largest-row (last CSV row of this dtype)",124fdc948c322b591018adc00ddd5be71bc26289,"{""k"":4096,""m"":8192,""n"":28672}","{""BLOCK_K"":32,""BLOCK_M"":128,""BLOCK_N"":256,""GROUP_M"":8,""num_stages"":3,""num_warps"":4}"
MI300X.triton.streamk_matmul.bf16.rocprof_compute,MI300X,triton,streamk_matmul,bf16,cee155bd2a41b7659f239682d5e66a47dc81b97d96d6e1b3c4844e99c035966b,"{""m"":8192,""n"":28672}","rocprof-compute profile, full default counter set (13 counter passes + roofline), kernel filter ^(?:first_wave|full_tiles)","application replay: one process per counter pass, each does 3 unprofiled prime calls then input generation, a 512 MiB eviction and exactly one impl.run()",outputs/rocprof_compute/MI300X/streamk_matmul/triton_bf16/workload,2ba9b820f61e883a7acc166eacf50271e48fdc5fa6d2fc2bb62f16c5fe1bd4a8,local outputs/rocprof_compute/MI300X/streamk_matmul/triton_bf16; HF dataset bcui2/NCU_report path AMD_MI300X/streamk_matmul/triton_bf16,698524992ea40275e50b05e92d6ec9c69691b7d0,matched,"verified: manifest tree_sha256 reproduced=True; capture names==expected=True; replay-audit hsaco formal==replay for 2/2 launches=True; post-fix audit PASS=True; PC-sampled instruction text found in recompiled AMDGCN=1336/1336 (branch targets compared by opcode only: the disassembly prints offsets, the dump prints labels)",2,"profiled 2026-10-04T16:46:28+00:00..2026-10-04T16:49:00+00:00; replaced 2026-10-04 (supersedes 5b82f8af report, see PROVENANCE.md); report_sha256 = tree hash of workload/; whole pair dir tree hash 2a0065a64fa7aa2a1a0b2a4369318a7c257eb19c57ea56c67d2b300f6293f4ed (matches report_manifest.json); metrics parsed from existing analysis/workload_csv (rocprof-compute analyze output, not re-run). swept params equal the CSV row; other params equal config case_defaults; largest-row (last CSV row of this dtype)",124fdc948c322b591018adc00ddd5be71bc26289,"{""k"":4096,""m"":8192,""n"":28672}","{""BLOCK_K"":32,""BLOCK_M"":128,""BLOCK_N"":256,""GROUP_M"":8,""num_stages"":3,""num_warps"":4}"
MI300X.triton.streamk_matmul.bf16.static_isa,MI300X,triton,streamk_matmul,bf16,cee155bd2a41b7659f239682d5e66a47dc81b97d96d6e1b3c4844e99c035966b,"{""m"":8192,""n"":28672}",static compile artifacts (TTIR/TTGIR/LLIR/AMDGCN) of the formal-path winner kernels,offline recompilation during the 2026-10-05 replay audit (no execution counters),outputs/profiling/MI300X/analysis_2026-10-05/triton_ir/streamk_matmul__bf16__first_wave__NPXBDRC3;outputs/profiling/MI300X/analysis_2026-10-05/triton_ir/streamk_matmul__bf16__full_tiles__EKHO53OU,3267ef86a7f40bb88495588d2f3d7e6746a8531acb75a92c9d9d52d5b7ed5539,local outputs/profiling/MI300X/analysis_2026-10-05/triton_ir (one directory per code object),analysis_2026-10-05,matched,"verified: manifest tree_sha256 reproduced=True; capture names==expected=True; replay-audit hsaco formal==replay for 2/2 launches=True; post-fix audit PASS=True; PC-sampled instruction text found in recompiled AMDGCN=1336/1336 (branch targets compared by opcode only: the disassembly prints offsets, the dump prints labels)",2,report_sha256 = sha256 over sorted '<dir>\t<tree_sha256(dir)>' lines of the listed stage directories; recompiled binaries are hsaco-identical between the formal autotune path and the profiling replay (replay_audit/streamk_matmul__bf16__formal.json). swept params equal the CSV row; other params equal config case_defaults; largest-row (last CSV row of this dtype),124fdc948c322b591018adc00ddd5be71bc26289,"{""k"":4096,""m"":8192,""n"":28672}","{""BLOCK_K"":32,""BLOCK_M"":128,""BLOCK_N"":256,""GROUP_M"":8,""num_stages"":3,""num_warps"":4}"
MI300X.triton.streamk_matmul.fp16.pc_sampling,MI300X,triton,streamk_matmul,fp16,080bd2103e6d38fc88a587e8357d68dabe621c8d7ceb85e2bc5ee519b1d1bc72,"{""m"":8192,""n"":28672}","rocprof-compute --experimental profile --pc-sampling (stochastic, interval 65536)",single application run (same harness: 3 prime calls + 1 profiled call),outputs/rocprof_compute/MI300X/streamk_matmul/triton_fp16/pc_sampling,ea8eaca8b7827f8d32d89422bbec7665bd93fa58b3ea0d2fbf57a5fada64c27f,local outputs/rocprof_compute/MI300X/streamk_matmul/triton_fp16; HF dataset bcui2/NCU_report path AMD_MI300X/streamk_matmul/triton_fp16,698524992ea40275e50b05e92d6ec9c69691b7d0,matched,"verified: manifest tree_sha256 reproduced=True; capture names==expected=True; replay-audit hsaco formal==replay for 2/2 launches=True; post-fix audit PASS=True; PC-sampled instruction text found in recompiled AMDGCN=2090/2090 (branch targets compared by opcode only: the disassembly prints offsets, the dump prints labels)",2,"profiled 2026-10-04T16:43:56+00:00..2026-10-04T16:46:28+00:00; replaced 2026-10-04 (supersedes 5b82f8af report, see PROVENANCE.md); samples on operator kernels=60406 of 61907 total; instruction rows from analysis/pc_sampling_instructions.csv; launch_count is the harness launch count (PC sampling does not report dispatches). swept params equal the CSV row; other params equal config case_defaults; largest-row (last CSV row of this dtype)",124fdc948c322b591018adc00ddd5be71bc26289,"{""k"":4096,""m"":8192,""n"":28672}","{""BLOCK_K"":64,""BLOCK_M"":128,""BLOCK_N"":256,""GROUP_M"":8,""num_stages"":3,""num_warps"":4}"
MI300X.triton.streamk_matmul.fp16.rocprof_compute,MI300X,triton,streamk_matmul,fp16,080bd2103e6d38fc88a587e8357d68dabe621c8d7ceb85e2bc5ee519b1d1bc72,"{""m"":8192,""n"":28672}","rocprof-compute profile, full default counter set (13 counter passes + roofline), kernel filter ^(?:first_wave|full_tiles)","application replay: one process per counter pass, each does 3 unprofiled prime calls then input generation, a 512 MiB eviction and exactly one impl.run()",outputs/rocprof_compute/MI300X/streamk_matmul/triton_fp16/workload,f5818b1a99af820eec79f4600f2d659b32be72ba984c09d1c8881e8b4cda84cb,local outputs/rocprof_compute/MI300X/streamk_matmul/triton_fp16; HF dataset bcui2/NCU_report path AMD_MI300X/streamk_matmul/triton_fp16,698524992ea40275e50b05e92d6ec9c69691b7d0,matched,"verified: manifest tree_sha256 reproduced=True; capture names==expected=True; replay-audit hsaco formal==replay for 2/2 launches=True; post-fix audit PASS=True; PC-sampled instruction text found in recompiled AMDGCN=2090/2090 (branch targets compared by opcode only: the disassembly prints offsets, the dump prints labels)",2,"profiled 2026-10-04T16:43:56+00:00..2026-10-04T16:46:28+00:00; replaced 2026-10-04 (supersedes 5b82f8af report, see PROVENANCE.md); report_sha256 = tree hash of workload/; whole pair dir tree hash 433a15bf43622e3ede8cec5cd771056b3daef3d24fb3d89957241c0c0a3f13d2 (matches report_manifest.json); metrics parsed from existing analysis/workload_csv (rocprof-compute analyze output, not re-run). swept params equal the CSV row; other params equal config case_defaults; largest-row (last CSV row of this dtype)",124fdc948c322b591018adc00ddd5be71bc26289,"{""k"":4096,""m"":8192,""n"":28672}","{""BLOCK_K"":64,""BLOCK_M"":128,""BLOCK_N"":256,""GROUP_M"":8,""num_stages"":3,""num_warps"":4}"
MI300X.triton.streamk_matmul.fp16.static_isa,MI300X,triton,streamk_matmul,fp16,080bd2103e6d38fc88a587e8357d68dabe621c8d7ceb85e2bc5ee519b1d1bc72,"{""m"":8192,""n"":28672}",static compile artifacts (TTIR/TTGIR/LLIR/AMDGCN) of the formal-path winner kernels,offline recompilation during the 2026-10-05 replay audit (no execution counters),outputs/profiling/MI300X/analysis_2026-10-05/triton_ir/streamk_matmul__fp16__first_wave__J4WABTH7;outputs/profiling/MI300X/analysis_2026-10-05/triton_ir/streamk_matmul__fp16__full_tiles__2DYQKKK4,5244d3443c3d53bd7325569b08722dfcee367eb527e5c570311c10fb9f43f30a,local outputs/profiling/MI300X/analysis_2026-10-05/triton_ir (one directory per code object),analysis_2026-10-05,matched,"verified: manifest tree_sha256 reproduced=True; capture names==expected=True; replay-audit hsaco formal==replay for 2/2 launches=True; post-fix audit PASS=True; PC-sampled instruction text found in recompiled AMDGCN=2090/2090 (branch targets compared by opcode only: the disassembly prints offsets, the dump prints labels)",2,report_sha256 = sha256 over sorted '<dir>\t<tree_sha256(dir)>' lines of the listed stage directories; recompiled binaries are hsaco-identical between the formal autotune path and the profiling replay (replay_audit/streamk_matmul__fp16__formal.json). swept params equal the CSV row; other params equal config case_defaults; largest-row (last CSV row of this dtype),124fdc948c322b591018adc00ddd5be71bc26289,"{""k"":4096,""m"":8192,""n"":28672}","{""BLOCK_K"":64,""BLOCK_M"":128,""BLOCK_N"":256,""GROUP_M"":8,""num_stages"":3,""num_warps"":4}"
MI300X.triton.streamk_matmul.fp32.pc_sampling,MI300X,triton,streamk_matmul,fp32,59ce761ca52e032b86e4bb653e94d997552904cdfd1897c026cfba8b6e6bf9db,"{""m"":8192,""n"":28672}","rocprof-compute --experimental profile --pc-sampling (stochastic, interval 65536)",single application run (same harness: 3 prime calls + 1 profiled call),outputs/rocprof_compute/MI300X/streamk_matmul/triton_fp32/pc_sampling,40347c97b52acd61523f268eb8ca50a29994c6861976cba75805cb4bb369e6a7,local outputs/rocprof_compute/MI300X/streamk_matmul/triton_fp32; HF dataset bcui2/NCU_report path AMD_MI300X/streamk_matmul/triton_fp32,698524992ea40275e50b05e92d6ec9c69691b7d0,matched,"verified: manifest tree_sha256 reproduced=True; capture names==expected=True; replay-audit hsaco formal==replay for 2/2 launches=True; post-fix audit PASS=True; PC-sampled instruction text found in recompiled AMDGCN=1675/1675 (branch targets compared by opcode only: the disassembly prints offsets, the dump prints labels)",2,"profiled 2026-10-04T16:49:00+00:00..2026-10-04T16:51:34+00:00; replaced 2026-10-04 (supersedes 5b82f8af report, see PROVENANCE.md); samples on operator kernels=93181 of 95648 total; instruction rows from analysis/pc_sampling_instructions.csv; launch_count is the harness launch count (PC sampling does not report dispatches). swept params equal the CSV row; other params equal config case_defaults; largest-row (last CSV row of this dtype)",124fdc948c322b591018adc00ddd5be71bc26289,"{""k"":4096,""m"":8192,""n"":28672}","{""BLOCK_K"":32,""BLOCK_M"":128,""BLOCK_N"":256,""GROUP_M"":8,""num_stages"":3,""num_warps"":4}"
MI300X.triton.streamk_matmul.fp32.rocprof_compute,MI300X,triton,streamk_matmul,fp32,59ce761ca52e032b86e4bb653e94d997552904cdfd1897c026cfba8b6e6bf9db,"{""m"":8192,""n"":28672}","rocprof-compute profile, full default counter set (13 counter passes + roofline), kernel filter ^(?:first_wave|full_tiles)","application replay: one process per counter pass, each does 3 unprofiled prime calls then input generation, a 512 MiB eviction and exactly one impl.run()",outputs/rocprof_compute/MI300X/streamk_matmul/triton_fp32/workload,a91416768cb53deb68a5d0fbc73a595d6ebdb13ebaa4a6d6b0c8ff0dd3839077,local outputs/rocprof_compute/MI300X/streamk_matmul/triton_fp32; HF dataset bcui2/NCU_report path AMD_MI300X/streamk_matmul/triton_fp32,698524992ea40275e50b05e92d6ec9c69691b7d0,matched,"verified: manifest tree_sha256 reproduced=True; capture names==expected=True; replay-audit hsaco formal==replay for 2/2 launches=True; post-fix audit PASS=True; PC-sampled instruction text found in recompiled AMDGCN=1675/1675 (branch targets compared by opcode only: the disassembly prints offsets, the dump prints labels)",2,"profiled 2026-10-04T16:49:00+00:00..2026-10-04T16:51:34+00:00; replaced 2026-10-04 (supersedes 5b82f8af report, see PROVENANCE.md); report_sha256 = tree hash of workload/; whole pair dir tree hash 2a0d3b40e1d8b5c8e64787e2818fd7c7200459ebad09cc0558c7569d10cb36d9 (matches report_manifest.json); metrics parsed from existing analysis/workload_csv (rocprof-compute analyze output, not re-run). swept params equal the CSV row; other params equal config case_defaults; largest-row (last CSV row of this dtype)",124fdc948c322b591018adc00ddd5be71bc26289,"{""k"":4096,""m"":8192,""n"":28672}","{""BLOCK_K"":32,""BLOCK_M"":128,""BLOCK_N"":256,""GROUP_M"":8,""num_stages"":3,""num_warps"":4}"
MI300X.triton.streamk_matmul.fp32.static_isa,MI300X,triton,streamk_matmul,fp32,59ce761ca52e032b86e4bb653e94d997552904cdfd1897c026cfba8b6e6bf9db,"{""m"":8192,""n"":28672}",static compile artifacts (TTIR/TTGIR/LLIR/AMDGCN) of the formal-path winner kernels,offline recompilation during the 2026-10-05 replay audit (no execution counters),outputs/profiling/MI300X/analysis_2026-10-05/triton_ir/streamk_matmul__fp32__first_wave__IEM3FUFN;outputs/profiling/MI300X/analysis_2026-10-05/triton_ir/streamk_matmul__fp32__full_tiles__WSHUYL4W,e6e7fea33e84c69890eca424bb3b965f713a9621b545999b13c033e583fddd97,local outputs/profiling/MI300X/analysis_2026-10-05/triton_ir (one directory per code object),analysis_2026-10-05,matched,"verified: manifest tree_sha256 reproduced=True; capture names==expected=True; replay-audit hsaco formal==replay for 2/2 launches=True; post-fix audit PASS=True; PC-sampled instruction text found in recompiled AMDGCN=1675/1675 (branch targets compared by opcode only: the disassembly prints offsets, the dump prints labels)",2,report_sha256 = sha256 over sorted '<dir>\t<tree_sha256(dir)>' lines of the listed stage directories; recompiled binaries are hsaco-identical between the formal autotune path and the profiling replay (replay_audit/streamk_matmul__fp32__formal.json). swept params equal the CSV row; other params equal config case_defaults; largest-row (last CSV row of this dtype),124fdc948c322b591018adc00ddd5be71bc26289,"{""k"":4096,""m"":8192,""n"":28672}","{""BLOCK_K"":32,""BLOCK_M"":128,""BLOCK_N"":256,""GROUP_M"":8,""num_stages"":3,""num_warps"":4}"
MI300X.triton.swiglu.bf16.pc_sampling,MI300X,triton,swiglu,bf16,e0fd8ab9e2f0039aa4ccb9316105339ab1e4fee39074e36e5c340c48ab2d6608,"{""N"":20480}","rocprof-compute --experimental profile --pc-sampling (stochastic, interval 65536)",single application run (same harness: 3 prime calls + 1 profiled call),outputs/rocprof_compute/MI300X/swiglu/triton_bf16/pc_sampling,0030d7ff13980a15edd320fb0ae095a18d8346d113edf7bb1b7d12709c70da84,local outputs/rocprof_compute/MI300X/swiglu/triton_bf16; HF dataset bcui2/NCU_report path AMD_MI300X/swiglu/triton_bf16,ff3600e1831dc3bed6925f301214cad6db8234cb,matched,"verified: manifest tree_sha256 reproduced=True; capture names==expected=True; replay-audit hsaco formal==replay for 1/1 launches=True; post-fix audit PASS=True; PC-sampled instruction text found in recompiled AMDGCN=26/26 (branch targets compared by opcode only: the disassembly prints offsets, the dump prints labels)",1,profiled 2026-10-02T13:35:01+00:00..2026-10-02T13:37:24+00:00; samples on operator kernels=165 of 532 total; instruction rows from analysis/pc_sampling_instructions.csv; launch_count is the harness launch count (PC sampling does not report dispatches). swept params equal the CSV row; other params equal config case_defaults; largest-row (last CSV row of this dtype),5b82f8afed59f83c3f39696338e7ce51dec38de7,"{""M"":4096,""N"":20480}","{""BLOCK_SIZE"":512,""num_warps"":2}"
MI300X.triton.swiglu.bf16.rocprof_compute,MI300X,triton,swiglu,bf16,e0fd8ab9e2f0039aa4ccb9316105339ab1e4fee39074e36e5c340c48ab2d6608,"{""N"":20480}","rocprof-compute profile, full default counter set (13 counter passes + roofline), kernel filter ^(?:swiglu_kernel)","application replay: one process per counter pass, each does 3 unprofiled prime calls then input generation, a 512 MiB eviction and exactly one impl.run()",outputs/rocprof_compute/MI300X/swiglu/triton_bf16/workload,e89404f9d432dcab0c6f06c78aea454f67a559ee1339a6c9e2c1969a6d8d60cd,local outputs/rocprof_compute/MI300X/swiglu/triton_bf16; HF dataset bcui2/NCU_report path AMD_MI300X/swiglu/triton_bf16,ff3600e1831dc3bed6925f301214cad6db8234cb,matched,"verified: manifest tree_sha256 reproduced=True; capture names==expected=True; replay-audit hsaco formal==replay for 1/1 launches=True; post-fix audit PASS=True; PC-sampled instruction text found in recompiled AMDGCN=26/26 (branch targets compared by opcode only: the disassembly prints offsets, the dump prints labels)",1,"profiled 2026-10-02T13:35:01+00:00..2026-10-02T13:37:24+00:00; report_sha256 = tree hash of workload/; whole pair dir tree hash 60c4e21103de871d1314c5daaacdac468f2b7ed5161db230ec0a85a91cc79c66 (matches report_manifest.json); metrics parsed from existing analysis/workload_csv (rocprof-compute analyze output, not re-run). swept params equal the CSV row; other params equal config case_defaults; largest-row (last CSV row of this dtype)",5b82f8afed59f83c3f39696338e7ce51dec38de7,"{""M"":4096,""N"":20480}","{""BLOCK_SIZE"":512,""num_warps"":2}"
MI300X.triton.swiglu.bf16.static_isa,MI300X,triton,swiglu,bf16,e0fd8ab9e2f0039aa4ccb9316105339ab1e4fee39074e36e5c340c48ab2d6608,"{""N"":20480}",static compile artifacts (TTIR/TTGIR/LLIR/AMDGCN) of the formal-path winner kernels,offline recompilation during the 2026-10-05 replay audit (no execution counters),outputs/profiling/MI300X/analysis_2026-10-05/triton_ir/swiglu__bf16__swiglu_kernel__S4ZNEICK,cbe1ba5e3c3446c42c6503a7e83dfd3fccf50f60bcb3a06a775863f62b53a190,local outputs/profiling/MI300X/analysis_2026-10-05/triton_ir (one directory per code object),analysis_2026-10-05,matched,"verified: manifest tree_sha256 reproduced=True; capture names==expected=True; replay-audit hsaco formal==replay for 1/1 launches=True; post-fix audit PASS=True; PC-sampled instruction text found in recompiled AMDGCN=26/26 (branch targets compared by opcode only: the disassembly prints offsets, the dump prints labels)",1,report_sha256 = sha256 over sorted '<dir>\t<tree_sha256(dir)>' lines of the listed stage directories; recompiled binaries are hsaco-identical between the formal autotune path and the profiling replay (replay_audit/swiglu__bf16__formal.json). swept params equal the CSV row; other params equal config case_defaults; largest-row (last CSV row of this dtype),5b82f8afed59f83c3f39696338e7ce51dec38de7,"{""M"":4096,""N"":20480}","{""BLOCK_SIZE"":512,""num_warps"":2}"
MI300X.triton.swiglu.fp16.pc_sampling,MI300X,triton,swiglu,fp16,fd778d0a853807d9de763b499c16f6fcdb74682d504b520e93e9bbc7d0c8bb09,"{""N"":20480}","rocprof-compute --experimental profile --pc-sampling (stochastic, interval 65536)",single application run (same harness: 3 prime calls + 1 profiled call),outputs/rocprof_compute/MI300X/swiglu/triton_fp16/pc_sampling,bb910688f8e80e2fb3db578b6fc4a7d461f7d9c5e2d32d965c333efbe354f5fb,local outputs/rocprof_compute/MI300X/swiglu/triton_fp16; HF dataset bcui2/NCU_report path AMD_MI300X/swiglu/triton_fp16,ff3600e1831dc3bed6925f301214cad6db8234cb,matched,"verified: manifest tree_sha256 reproduced=True; capture names==expected=True; replay-audit hsaco formal==replay for 1/1 launches=True; post-fix audit PASS=True; PC-sampled instruction text found in recompiled AMDGCN=19/19 (branch targets compared by opcode only: the disassembly prints offsets, the dump prints labels)",1,profiled 2026-10-02T13:32:39+00:00..2026-10-02T13:35:01+00:00; samples on operator kernels=166 of 581 total; instruction rows from analysis/pc_sampling_instructions.csv; launch_count is the harness launch count (PC sampling does not report dispatches). swept params equal the CSV row; other params equal config case_defaults; largest-row (last CSV row of this dtype),5b82f8afed59f83c3f39696338e7ce51dec38de7,"{""M"":4096,""N"":20480}","{""BLOCK_SIZE"":1024,""num_warps"":4}"
MI300X.triton.swiglu.fp16.rocprof_compute,MI300X,triton,swiglu,fp16,fd778d0a853807d9de763b499c16f6fcdb74682d504b520e93e9bbc7d0c8bb09,"{""N"":20480}","rocprof-compute profile, full default counter set (13 counter passes + roofline), kernel filter ^(?:swiglu_kernel)","application replay: one process per counter pass, each does 3 unprofiled prime calls then input generation, a 512 MiB eviction and exactly one impl.run()",outputs/rocprof_compute/MI300X/swiglu/triton_fp16/workload,9dcf80d9a7919f1b956bc32ea7d8aa944c7c0fcc947f22d537a84b25c80c74a1,local outputs/rocprof_compute/MI300X/swiglu/triton_fp16; HF dataset bcui2/NCU_report path AMD_MI300X/swiglu/triton_fp16,ff3600e1831dc3bed6925f301214cad6db8234cb,matched,"verified: manifest tree_sha256 reproduced=True; capture names==expected=True; replay-audit hsaco formal==replay for 1/1 launches=True; post-fix audit PASS=True; PC-sampled instruction text found in recompiled AMDGCN=19/19 (branch targets compared by opcode only: the disassembly prints offsets, the dump prints labels)",1,"profiled 2026-10-02T13:32:39+00:00..2026-10-02T13:35:01+00:00; report_sha256 = tree hash of workload/; whole pair dir tree hash c3b206538bf18e06abaad738924f7455a08611dcb0814bd64ccf0c32f7fc0470 (matches report_manifest.json); metrics parsed from existing analysis/workload_csv (rocprof-compute analyze output, not re-run). swept params equal the CSV row; other params equal config case_defaults; largest-row (last CSV row of this dtype)",5b82f8afed59f83c3f39696338e7ce51dec38de7,"{""M"":4096,""N"":20480}","{""BLOCK_SIZE"":1024,""num_warps"":4}"
MI300X.triton.swiglu.fp16.static_isa,MI300X,triton,swiglu,fp16,fd778d0a853807d9de763b499c16f6fcdb74682d504b520e93e9bbc7d0c8bb09,"{""N"":20480}",static compile artifacts (TTIR/TTGIR/LLIR/AMDGCN) of the formal-path winner kernels,offline recompilation during the 2026-10-05 replay audit (no execution counters),outputs/profiling/MI300X/analysis_2026-10-05/triton_ir/swiglu__fp16__swiglu_kernel__AUAWLW6Y,9097eb05ced5ac7f4e80d7929090f1d0a19ed4f7015d5c0f5b46aa1c375f57c3,local outputs/profiling/MI300X/analysis_2026-10-05/triton_ir (one directory per code object),analysis_2026-10-05,matched,"verified: manifest tree_sha256 reproduced=True; capture names==expected=True; replay-audit hsaco formal==replay for 1/1 launches=True; post-fix audit PASS=True; PC-sampled instruction text found in recompiled AMDGCN=19/19 (branch targets compared by opcode only: the disassembly prints offsets, the dump prints labels)",1,report_sha256 = sha256 over sorted '<dir>\t<tree_sha256(dir)>' lines of the listed stage directories; recompiled binaries are hsaco-identical between the formal autotune path and the profiling replay (replay_audit/swiglu__fp16__formal.json). swept params equal the CSV row; other params equal config case_defaults; largest-row (last CSV row of this dtype),5b82f8afed59f83c3f39696338e7ce51dec38de7,"{""M"":4096,""N"":20480}","{""BLOCK_SIZE"":1024,""num_warps"":4}"
MI300X.triton.swiglu.fp32.pc_sampling,MI300X,triton,swiglu,fp32,400e96c5810989860dc8fc55f93f7f1f3d0c6eaa87bb3ceab2e9fe2fe57db1fd,"{""N"":20480}","rocprof-compute --experimental profile --pc-sampling (stochastic, interval 65536)",single application run (same harness: 3 prime calls + 1 profiled call),outputs/rocprof_compute/MI300X/swiglu/triton_fp32/pc_sampling,90b3855e4ace39c2a2f12897a8094820403984ea264b17dfd6cf6c8a23a0ea2f,local outputs/rocprof_compute/MI300X/swiglu/triton_fp32; HF dataset bcui2/NCU_report path AMD_MI300X/swiglu/triton_fp32,ff3600e1831dc3bed6925f301214cad6db8234cb,matched,"verified: manifest tree_sha256 reproduced=True; capture names==expected=True; replay-audit hsaco formal==replay for 1/1 launches=True; post-fix audit PASS=True; PC-sampled instruction text found in recompiled AMDGCN=21/21 (branch targets compared by opcode only: the disassembly prints offsets, the dump prints labels)",1,profiled 2026-10-02T13:37:24+00:00..2026-10-02T13:39:46+00:00; samples on operator kernels=602 of 943 total; instruction rows from analysis/pc_sampling_instructions.csv; launch_count is the harness launch count (PC sampling does not report dispatches). swept params equal the CSV row; other params equal config case_defaults; largest-row (last CSV row of this dtype),5b82f8afed59f83c3f39696338e7ce51dec38de7,"{""M"":4096,""N"":20480}","{""BLOCK_SIZE"":2048,""num_warps"":4}"
MI300X.triton.swiglu.fp32.rocprof_compute,MI300X,triton,swiglu,fp32,400e96c5810989860dc8fc55f93f7f1f3d0c6eaa87bb3ceab2e9fe2fe57db1fd,"{""N"":20480}","rocprof-compute profile, full default counter set (13 counter passes + roofline), kernel filter ^(?:swiglu_kernel)","application replay: one process per counter pass, each does 3 unprofiled prime calls then input generation, a 512 MiB eviction and exactly one impl.run()",outputs/rocprof_compute/MI300X/swiglu/triton_fp32/workload,bcad4d002c93271b17e9457de710a6f5103ea0f6c31a0dbcfa23674b849e7268,local outputs/rocprof_compute/MI300X/swiglu/triton_fp32; HF dataset bcui2/NCU_report path AMD_MI300X/swiglu/triton_fp32,ff3600e1831dc3bed6925f301214cad6db8234cb,matched,"verified: manifest tree_sha256 reproduced=True; capture names==expected=True; replay-audit hsaco formal==replay for 1/1 launches=True; post-fix audit PASS=True; PC-sampled instruction text found in recompiled AMDGCN=21/21 (branch targets compared by opcode only: the disassembly prints offsets, the dump prints labels)",1,"profiled 2026-10-02T13:37:24+00:00..2026-10-02T13:39:46+00:00; report_sha256 = tree hash of workload/; whole pair dir tree hash 2c1e9ffce4b89f5f2275dac805fb0675d2ac71b6cebdd54f8a4aa2e30e390dac (matches report_manifest.json); metrics parsed from existing analysis/workload_csv (rocprof-compute analyze output, not re-run). swept params equal the CSV row; other params equal config case_defaults; largest-row (last CSV row of this dtype)",5b82f8afed59f83c3f39696338e7ce51dec38de7,"{""M"":4096,""N"":20480}","{""BLOCK_SIZE"":2048,""num_warps"":4}"
MI300X.triton.swiglu.fp32.static_isa,MI300X,triton,swiglu,fp32,400e96c5810989860dc8fc55f93f7f1f3d0c6eaa87bb3ceab2e9fe2fe57db1fd,"{""N"":20480}",static compile artifacts (TTIR/TTGIR/LLIR/AMDGCN) of the formal-path winner kernels,offline recompilation during the 2026-10-05 replay audit (no execution counters),outputs/profiling/MI300X/analysis_2026-10-05/triton_ir/swiglu__fp32__swiglu_kernel__VLCW3Q3T,b8ce6f5769b83407f36130dd215dc41b4e3e68324bb33e56c54a0624cfb1efe4,local outputs/profiling/MI300X/analysis_2026-10-05/triton_ir (one directory per code object),analysis_2026-10-05,matched,"verified: manifest tree_sha256 reproduced=True; capture names==expected=True; replay-audit hsaco formal==replay for 1/1 launches=True; post-fix audit PASS=True; PC-sampled instruction text found in recompiled AMDGCN=21/21 (branch targets compared by opcode only: the disassembly prints offsets, the dump prints labels)",1,report_sha256 = sha256 over sorted '<dir>\t<tree_sha256(dir)>' lines of the listed stage directories; recompiled binaries are hsaco-identical between the formal autotune path and the profiling replay (replay_audit/swiglu__fp32__formal.json). swept params equal the CSV row; other params equal config case_defaults; largest-row (last CSV row of this dtype),5b82f8afed59f83c3f39696338e7ce51dec38de7,"{""M"":4096,""N"":20480}","{""BLOCK_SIZE"":2048,""num_warps"":4}"
MI300X.triton.top_k_selection.fp32.pc_sampling,MI300X,triton,top_k_selection,fp32,a9e02fd22084c6d26ba2f0695c09ee1412f83ff4df226c3ec1f067b99cf4f57e,"{""N"":1048576,""k"":1024}","rocprof-compute --experimental profile --pc-sampling (stochastic, interval 65536)",single application run (same harness: 3 prime calls + 1 profiled call),outputs/rocprof_compute/MI300X/top_k_selection/triton_fp32/pc_sampling,59120b1208a80ec3ac51381a5dbac80a97955dd412e549fab551b4168f2d6007,local outputs/rocprof_compute/MI300X/top_k_selection/triton_fp32; HF dataset bcui2/NCU_report path AMD_MI300X/top_k_selection/triton_fp32,ff3600e1831dc3bed6925f301214cad6db8234cb,matched,"verified: manifest tree_sha256 reproduced=True; capture names==expected=True; replay-audit hsaco formal==replay for 5/5 launches=True; post-fix audit PASS=True; PC-sampled instruction text found in recompiled AMDGCN=39/39 (branch targets compared by opcode only: the disassembly prints offsets, the dump prints labels)",5,profiled 2026-10-02T13:39:46+00:00..2026-10-02T13:42:10+00:00; samples on operator kernels=44 of 179 total; instruction rows from analysis/pc_sampling_instructions.csv; launch_count is the harness launch count (PC sampling does not report dispatches). swept params equal the CSV row; other params equal config case_defaults; largest-row (last CSV row of this dtype),5b82f8afed59f83c3f39696338e7ce51dec38de7,"{""N"":1048576,""k"":1024}","{""BLOCK_SIZE"":4096,""num_warps"":8}"
MI300X.triton.top_k_selection.fp32.rocprof_compute,MI300X,triton,top_k_selection,fp32,a9e02fd22084c6d26ba2f0695c09ee1412f83ff4df226c3ec1f067b99cf4f57e,"{""N"":1048576,""k"":1024}","rocprof-compute profile, full default counter set (13 counter passes + roofline), kernel filter ^(?:block_topk_kernel)","application replay: one process per counter pass, each does 3 unprofiled prime calls then input generation, a 512 MiB eviction and exactly one impl.run()",outputs/rocprof_compute/MI300X/top_k_selection/triton_fp32/workload,399cc5ab343278a9648799c321d8789b36a93a34ee360f6d77a4fdb092b71b61,local outputs/rocprof_compute/MI300X/top_k_selection/triton_fp32; HF dataset bcui2/NCU_report path AMD_MI300X/top_k_selection/triton_fp32,ff3600e1831dc3bed6925f301214cad6db8234cb,matched,"verified: manifest tree_sha256 reproduced=True; capture names==expected=True; replay-audit hsaco formal==replay for 5/5 launches=True; post-fix audit PASS=True; PC-sampled instruction text found in recompiled AMDGCN=39/39 (branch targets compared by opcode only: the disassembly prints offsets, the dump prints labels)",5,"profiled 2026-10-02T13:39:46+00:00..2026-10-02T13:42:10+00:00; report_sha256 = tree hash of workload/; whole pair dir tree hash 4e1e8cdd8242f7720c3334a6df86ea34a087e0bafdb3aaa9e848fc723ef8bbba (matches report_manifest.json); metrics parsed from existing analysis/workload_csv (rocprof-compute analyze output, not re-run). swept params equal the CSV row; other params equal config case_defaults; largest-row (last CSV row of this dtype)",5b82f8afed59f83c3f39696338e7ce51dec38de7,"{""N"":1048576,""k"":1024}","{""BLOCK_SIZE"":4096,""num_warps"":8}"
MI300X.triton.top_k_selection.fp32.static_isa,MI300X,triton,top_k_selection,fp32,a9e02fd22084c6d26ba2f0695c09ee1412f83ff4df226c3ec1f067b99cf4f57e,"{""N"":1048576,""k"":1024}",static compile artifacts (TTIR/TTGIR/LLIR/AMDGCN) of the formal-path winner kernels,offline recompilation during the 2026-10-05 replay audit (no execution counters),outputs/profiling/MI300X/analysis_2026-10-05/triton_ir/top_k_selection__fp32__block_topk_kernel__MAP5XJNS,44aec2e40d87aa355906f857d6f61593e5d34158a6bba97226f36d6ecc0cc59f,local outputs/profiling/MI300X/analysis_2026-10-05/triton_ir (one directory per code object),analysis_2026-10-05,matched,"verified: manifest tree_sha256 reproduced=True; capture names==expected=True; replay-audit hsaco formal==replay for 5/5 launches=True; post-fix audit PASS=True; PC-sampled instruction text found in recompiled AMDGCN=39/39 (branch targets compared by opcode only: the disassembly prints offsets, the dump prints labels)",5,report_sha256 = sha256 over sorted '<dir>\t<tree_sha256(dir)>' lines of the listed stage directories; recompiled binaries are hsaco-identical between the formal autotune path and the profiling replay (replay_audit/top_k_selection__fp32__formal.json). swept params equal the CSV row; other params equal config case_defaults; largest-row (last CSV row of this dtype),5b82f8afed59f83c3f39696338e7ce51dec38de7,"{""N"":1048576,""k"":1024}","{""BLOCK_SIZE"":4096,""num_warps"":8}"
MI300X.triton.vector_add.bf16.pc_sampling,MI300X,triton,vector_add,bf16,8a3ed2ae1ce7057c4b698fbeea6bc856b43beabed7cf287c53b2fadad40d9297,"{""n"":20971520}","rocprof-compute --experimental profile --pc-sampling (stochastic, interval 65536)",single application run (same harness: 3 prime calls + 1 profiled call),outputs/rocprof_compute/MI300X/vector_add/triton_bf16/pc_sampling,fd7365d0faa631b94791bafb8276ce7149af42f35d23a5e19fa3bbf34adde8f6,local outputs/rocprof_compute/MI300X/vector_add/triton_bf16; HF dataset bcui2/NCU_report path AMD_MI300X/vector_add/triton_bf16,ff3600e1831dc3bed6925f301214cad6db8234cb,matched,"verified: manifest tree_sha256 reproduced=True; capture names==expected=True; replay-audit hsaco formal==replay for 1/1 launches=True; post-fix audit PASS=True; PC-sampled instruction text found in recompiled AMDGCN=4/4 (branch targets compared by opcode only: the disassembly prints offsets, the dump prints labels)",1,profiled 2026-10-02T13:44:32+00:00..2026-10-02T13:46:55+00:00; samples on operator kernels=57 of 259 total; instruction rows from analysis/pc_sampling_instructions.csv; launch_count is the harness launch count (PC sampling does not report dispatches). swept params equal the CSV row; other params equal config case_defaults; largest-row (last CSV row of this dtype),5b82f8afed59f83c3f39696338e7ce51dec38de7,"{""n"":20971520}","{""BLOCK_SIZE"":2048,""num_warps"":4}"
MI300X.triton.vector_add.bf16.rocprof_compute,MI300X,triton,vector_add,bf16,8a3ed2ae1ce7057c4b698fbeea6bc856b43beabed7cf287c53b2fadad40d9297,"{""n"":20971520}","rocprof-compute profile, full default counter set (13 counter passes + roofline), kernel filter ^(?:add_kernel)","application replay: one process per counter pass, each does 3 unprofiled prime calls then input generation, a 512 MiB eviction and exactly one impl.run()",outputs/rocprof_compute/MI300X/vector_add/triton_bf16/workload,4b6522704b80cbb28c4907955bbc7224514287c580202272c3264047f10c2ffb,local outputs/rocprof_compute/MI300X/vector_add/triton_bf16; HF dataset bcui2/NCU_report path AMD_MI300X/vector_add/triton_bf16,ff3600e1831dc3bed6925f301214cad6db8234cb,matched,"verified: manifest tree_sha256 reproduced=True; capture names==expected=True; replay-audit hsaco formal==replay for 1/1 launches=True; post-fix audit PASS=True; PC-sampled instruction text found in recompiled AMDGCN=4/4 (branch targets compared by opcode only: the disassembly prints offsets, the dump prints labels)",1,"profiled 2026-10-02T13:44:32+00:00..2026-10-02T13:46:55+00:00; report_sha256 = tree hash of workload/; whole pair dir tree hash 868185855bb76afde4d4744eadb0d52dd43436cd535e29a01fdb6717e2ba694c (matches report_manifest.json); metrics parsed from existing analysis/workload_csv (rocprof-compute analyze output, not re-run). swept params equal the CSV row; other params equal config case_defaults; largest-row (last CSV row of this dtype)",5b82f8afed59f83c3f39696338e7ce51dec38de7,"{""n"":20971520}","{""BLOCK_SIZE"":2048,""num_warps"":4}"
MI300X.triton.vector_add.bf16.static_isa,MI300X,triton,vector_add,bf16,8a3ed2ae1ce7057c4b698fbeea6bc856b43beabed7cf287c53b2fadad40d9297,"{""n"":20971520}",static compile artifacts (TTIR/TTGIR/LLIR/AMDGCN) of the formal-path winner kernels,offline recompilation during the 2026-10-05 replay audit (no execution counters),outputs/profiling/MI300X/analysis_2026-10-05/triton_ir/vector_add__bf16__add_kernel__Y5WZ2EM3,6f0ddb465709f27b620fbb9475100125909172621a5371d19adf11d2ba279efa,local outputs/profiling/MI300X/analysis_2026-10-05/triton_ir (one directory per code object),analysis_2026-10-05,matched,"verified: manifest tree_sha256 reproduced=True; capture names==expected=True; replay-audit hsaco formal==replay for 1/1 launches=True; post-fix audit PASS=True; PC-sampled instruction text found in recompiled AMDGCN=4/4 (branch targets compared by opcode only: the disassembly prints offsets, the dump prints labels)",1,report_sha256 = sha256 over sorted '<dir>\t<tree_sha256(dir)>' lines of the listed stage directories; recompiled binaries are hsaco-identical between the formal autotune path and the profiling replay (replay_audit/vector_add__bf16__formal.json). swept params equal the CSV row; other params equal config case_defaults; largest-row (last CSV row of this dtype),5b82f8afed59f83c3f39696338e7ce51dec38de7,"{""n"":20971520}","{""BLOCK_SIZE"":2048,""num_warps"":4}"
MI300X.triton.vector_add.fp16.pc_sampling,MI300X,triton,vector_add,fp16,6281bb5dd7e8b2ef5aa45abaef92fbf79bff14cbc11694dc04c036ab7bbe3bf1,"{""n"":20971520}","rocprof-compute --experimental profile --pc-sampling (stochastic, interval 65536)",single application run (same harness: 3 prime calls + 1 profiled call),outputs/rocprof_compute/MI300X/vector_add/triton_fp16/pc_sampling,0e26f061f94a1808c4dc407be3ce306703b78b38f623a43154b1449fdb4a0c03,local outputs/rocprof_compute/MI300X/vector_add/triton_fp16; HF dataset bcui2/NCU_report path AMD_MI300X/vector_add/triton_fp16,ff3600e1831dc3bed6925f301214cad6db8234cb,matched,"verified: manifest tree_sha256 reproduced=True; capture names==expected=True; replay-audit hsaco formal==replay for 1/1 launches=True; post-fix audit PASS=True; PC-sampled instruction text found in recompiled AMDGCN=3/3 (branch targets compared by opcode only: the disassembly prints offsets, the dump prints labels)",1,profiled 2026-10-02T13:42:10+00:00..2026-10-02T13:44:32+00:00; samples on operator kernels=51 of 252 total; instruction rows from analysis/pc_sampling_instructions.csv; launch_count is the harness launch count (PC sampling does not report dispatches). swept params equal the CSV row; other params equal config case_defaults; largest-row (last CSV row of this dtype),5b82f8afed59f83c3f39696338e7ce51dec38de7,"{""n"":20971520}","{""BLOCK_SIZE"":512,""num_warps"":4}"
MI300X.triton.vector_add.fp16.rocprof_compute,MI300X,triton,vector_add,fp16,6281bb5dd7e8b2ef5aa45abaef92fbf79bff14cbc11694dc04c036ab7bbe3bf1,"{""n"":20971520}","rocprof-compute profile, full default counter set (13 counter passes + roofline), kernel filter ^(?:add_kernel)","application replay: one process per counter pass, each does 3 unprofiled prime calls then input generation, a 512 MiB eviction and exactly one impl.run()",outputs/rocprof_compute/MI300X/vector_add/triton_fp16/workload,67a86228f9eac82d9131a3c78b3767a7515da0bfff008858732e6dc23b597d0b,local outputs/rocprof_compute/MI300X/vector_add/triton_fp16; HF dataset bcui2/NCU_report path AMD_MI300X/vector_add/triton_fp16,ff3600e1831dc3bed6925f301214cad6db8234cb,matched,"verified: manifest tree_sha256 reproduced=True; capture names==expected=True; replay-audit hsaco formal==replay for 1/1 launches=True; post-fix audit PASS=True; PC-sampled instruction text found in recompiled AMDGCN=3/3 (branch targets compared by opcode only: the disassembly prints offsets, the dump prints labels)",1,"profiled 2026-10-02T13:42:10+00:00..2026-10-02T13:44:32+00:00; report_sha256 = tree hash of workload/; whole pair dir tree hash ddc0885aba8334ae9d0aeffa89869ec9213fc49456418d6af2e78c22e98f9e71 (matches report_manifest.json); metrics parsed from existing analysis/workload_csv (rocprof-compute analyze output, not re-run). swept params equal the CSV row; other params equal config case_defaults; largest-row (last CSV row of this dtype)",5b82f8afed59f83c3f39696338e7ce51dec38de7,"{""n"":20971520}","{""BLOCK_SIZE"":512,""num_warps"":4}"
MI300X.triton.vector_add.fp16.static_isa,MI300X,triton,vector_add,fp16,6281bb5dd7e8b2ef5aa45abaef92fbf79bff14cbc11694dc04c036ab7bbe3bf1,"{""n"":20971520}",static compile artifacts (TTIR/TTGIR/LLIR/AMDGCN) of the formal-path winner kernels,offline recompilation during the 2026-10-05 replay audit (no execution counters),outputs/profiling/MI300X/analysis_2026-10-05/triton_ir/vector_add__fp16__add_kernel__VG3E2ZRP,bf6f2a280d0153202d7e29aec6783c53b86e00104dadb91c7b3be31ccaa44797,local outputs/profiling/MI300X/analysis_2026-10-05/triton_ir (one directory per code object),analysis_2026-10-05,matched,"verified: manifest tree_sha256 reproduced=True; capture names==expected=True; replay-audit hsaco formal==replay for 1/1 launches=True; post-fix audit PASS=True; PC-sampled instruction text found in recompiled AMDGCN=3/3 (branch targets compared by opcode only: the disassembly prints offsets, the dump prints labels)",1,report_sha256 = sha256 over sorted '<dir>\t<tree_sha256(dir)>' lines of the listed stage directories; recompiled binaries are hsaco-identical between the formal autotune path and the profiling replay (replay_audit/vector_add__fp16__formal.json). swept params equal the CSV row; other params equal config case_defaults; largest-row (last CSV row of this dtype),5b82f8afed59f83c3f39696338e7ce51dec38de7,"{""n"":20971520}","{""BLOCK_SIZE"":512,""num_warps"":4}"
MI300X.triton.vector_add.fp32.pc_sampling,MI300X,triton,vector_add,fp32,f0743c98801fc1eb21985dbfd67d20b7d982d4b07307d024cc8d3b9ec87d9f2e,"{""n"":20971520}","rocprof-compute --experimental profile --pc-sampling (stochastic, interval 65536)",single application run (same harness: 3 prime calls + 1 profiled call),outputs/rocprof_compute/MI300X/vector_add/triton_fp32/pc_sampling,acc551ac9b9a22e708ea59357c15007e6f94a26e0499b08deee20accb5e5fddd,local outputs/rocprof_compute/MI300X/vector_add/triton_fp32; HF dataset bcui2/NCU_report path AMD_MI300X/vector_add/triton_fp32,ff3600e1831dc3bed6925f301214cad6db8234cb,matched,"verified: manifest tree_sha256 reproduced=True; capture names==expected=True; replay-audit hsaco formal==replay for 1/1 launches=True; post-fix audit PASS=True; PC-sampled instruction text found in recompiled AMDGCN=2/2 (branch targets compared by opcode only: the disassembly prints offsets, the dump prints labels)",1,profiled 2026-10-02T09:07:33+00:00..2026-10-02T09:09:56+00:00; samples on operator kernels=113 of 308 total; instruction rows from analysis/pc_sampling_instructions.csv; launch_count is the harness launch count (PC sampling does not report dispatches). swept params equal the CSV row; other params equal config case_defaults; largest-row (last CSV row of this dtype),5b82f8afed59f83c3f39696338e7ce51dec38de7,"{""n"":20971520}","{""BLOCK_SIZE"":512,""num_warps"":8}"
MI300X.triton.vector_add.fp32.rocprof_compute,MI300X,triton,vector_add,fp32,f0743c98801fc1eb21985dbfd67d20b7d982d4b07307d024cc8d3b9ec87d9f2e,"{""n"":20971520}","rocprof-compute profile, full default counter set (13 counter passes + roofline), kernel filter ^(?:add_kernel)","application replay: one process per counter pass, each does 3 unprofiled prime calls then input generation, a 512 MiB eviction and exactly one impl.run()",outputs/rocprof_compute/MI300X/vector_add/triton_fp32/workload,c94c5df09f38603ab41f56bf1f513f45e073b7432c951891ad7a956eb8783f11,local outputs/rocprof_compute/MI300X/vector_add/triton_fp32; HF dataset bcui2/NCU_report path AMD_MI300X/vector_add/triton_fp32,ff3600e1831dc3bed6925f301214cad6db8234cb,matched,"verified: manifest tree_sha256 reproduced=True; capture names==expected=True; replay-audit hsaco formal==replay for 1/1 launches=True; post-fix audit PASS=True; PC-sampled instruction text found in recompiled AMDGCN=2/2 (branch targets compared by opcode only: the disassembly prints offsets, the dump prints labels)",1,"profiled 2026-10-02T09:07:33+00:00..2026-10-02T09:09:56+00:00; report_sha256 = tree hash of workload/; whole pair dir tree hash 1bf96722b8a4c5397dce2e8e98cee6cef90acc00d6ac8f547125ddf7b5929869 (matches report_manifest.json); metrics parsed from existing analysis/workload_csv (rocprof-compute analyze output, not re-run). swept params equal the CSV row; other params equal config case_defaults; largest-row (last CSV row of this dtype)",5b82f8afed59f83c3f39696338e7ce51dec38de7,"{""n"":20971520}","{""BLOCK_SIZE"":512,""num_warps"":8}"
MI300X.triton.vector_add.fp32.static_isa,MI300X,triton,vector_add,fp32,f0743c98801fc1eb21985dbfd67d20b7d982d4b07307d024cc8d3b9ec87d9f2e,"{""n"":20971520}",static compile artifacts (TTIR/TTGIR/LLIR/AMDGCN) of the formal-path winner kernels,offline recompilation during the 2026-10-05 replay audit (no execution counters),outputs/profiling/MI300X/analysis_2026-10-05/triton_ir/vector_add__fp32__add_kernel__KXOUG3QX,8791decfb9935b0aae0e67cb5b775953aff156f68ce4600e8f568459b1cbc613,local outputs/profiling/MI300X/analysis_2026-10-05/triton_ir (one directory per code object),analysis_2026-10-05,matched,"verified: manifest tree_sha256 reproduced=True; capture names==expected=True; replay-audit hsaco formal==replay for 1/1 launches=True; post-fix audit PASS=True; PC-sampled instruction text found in recompiled AMDGCN=2/2 (branch targets compared by opcode only: the disassembly prints offsets, the dump prints labels)",1,report_sha256 = sha256 over sorted '<dir>\t<tree_sha256(dir)>' lines of the listed stage directories; recompiled binaries are hsaco-identical between the formal autotune path and the profiling replay (replay_audit/vector_add__fp32__formal.json). swept params equal the CSV row; other params equal config case_defaults; largest-row (last CSV row of this dtype),5b82f8afed59f83c3f39696338e7ce51dec38de7,"{""n"":20971520}","{""BLOCK_SIZE"":512,""num_warps"":8}"
MI300X.triton.vector_add.int8.pc_sampling,MI300X,triton,vector_add,int8,3cd65a028785ebb28f7c40ac6afc4eb2b646d50a4ceeb3464a10db135a62a656,"{""n"":20971520}","rocprof-compute --experimental profile --pc-sampling (stochastic, interval 65536)",single application run (same harness: 3 prime calls + 1 profiled call),outputs/rocprof_compute/MI300X/vector_add/triton_int8/pc_sampling,3479d6b504a122298820bfacdfa63c431b8a22c898ec8c5730eb07dcf433690d,local outputs/rocprof_compute/MI300X/vector_add/triton_int8; HF dataset bcui2/NCU_report path AMD_MI300X/vector_add/triton_int8,ff3600e1831dc3bed6925f301214cad6db8234cb,matched,"verified: manifest tree_sha256 reproduced=True; capture names==expected=True; replay-audit hsaco formal==replay for 1/1 launches=True; post-fix audit PASS=True; PC-sampled instruction text found in recompiled AMDGCN=3/3 (branch targets compared by opcode only: the disassembly prints offsets, the dump prints labels)",1,profiled 2026-10-02T13:46:55+00:00..2026-10-02T13:49:19+00:00; samples on operator kernels=16 of 381 total; instruction rows from analysis/pc_sampling_instructions.csv; launch_count is the harness launch count (PC sampling does not report dispatches). swept params equal the CSV row; other params equal config case_defaults; largest-row (last CSV row of this dtype),5b82f8afed59f83c3f39696338e7ce51dec38de7,"{""n"":20971520}","{""BLOCK_SIZE"":1024,""num_warps"":4}"
MI300X.triton.vector_add.int8.rocprof_compute,MI300X,triton,vector_add,int8,3cd65a028785ebb28f7c40ac6afc4eb2b646d50a4ceeb3464a10db135a62a656,"{""n"":20971520}","rocprof-compute profile, full default counter set (13 counter passes + roofline), kernel filter ^(?:add_kernel)","application replay: one process per counter pass, each does 3 unprofiled prime calls then input generation, a 512 MiB eviction and exactly one impl.run()",outputs/rocprof_compute/MI300X/vector_add/triton_int8/workload,295b531ba952f80ce575f9727b3f71f2acf75626ee30b6ccd70d10286111e865,local outputs/rocprof_compute/MI300X/vector_add/triton_int8; HF dataset bcui2/NCU_report path AMD_MI300X/vector_add/triton_int8,ff3600e1831dc3bed6925f301214cad6db8234cb,matched,"verified: manifest tree_sha256 reproduced=True; capture names==expected=True; replay-audit hsaco formal==replay for 1/1 launches=True; post-fix audit PASS=True; PC-sampled instruction text found in recompiled AMDGCN=3/3 (branch targets compared by opcode only: the disassembly prints offsets, the dump prints labels)",1,"profiled 2026-10-02T13:46:55+00:00..2026-10-02T13:49:19+00:00; report_sha256 = tree hash of workload/; whole pair dir tree hash 9c31e247be60891d26142ca6f395cf4c2e203854a0e269283307548864df74e0 (matches report_manifest.json); metrics parsed from existing analysis/workload_csv (rocprof-compute analyze output, not re-run). swept params equal the CSV row; other params equal config case_defaults; largest-row (last CSV row of this dtype)",5b82f8afed59f83c3f39696338e7ce51dec38de7,"{""n"":20971520}","{""BLOCK_SIZE"":1024,""num_warps"":4}"
MI300X.triton.vector_add.int8.static_isa,MI300X,triton,vector_add,int8,3cd65a028785ebb28f7c40ac6afc4eb2b646d50a4ceeb3464a10db135a62a656,"{""n"":20971520}",static compile artifacts (TTIR/TTGIR/LLIR/AMDGCN) of the formal-path winner kernels,offline recompilation during the 2026-10-05 replay audit (no execution counters),outputs/profiling/MI300X/analysis_2026-10-05/triton_ir/vector_add__int8__add_kernel__OVL5JFGA,ad0017ce4106ac4886b2a7719db176d918d8a37a80aeea0115726433a514d347,local outputs/profiling/MI300X/analysis_2026-10-05/triton_ir (one directory per code object),analysis_2026-10-05,matched,"verified: manifest tree_sha256 reproduced=True; capture names==expected=True; replay-audit hsaco formal==replay for 1/1 launches=True; post-fix audit PASS=True; PC-sampled instruction text found in recompiled AMDGCN=3/3 (branch targets compared by opcode only: the disassembly prints offsets, the dump prints labels)",1,report_sha256 = sha256 over sorted '<dir>\t<tree_sha256(dir)>' lines of the listed stage directories; recompiled binaries are hsaco-identical between the formal autotune path and the profiling replay (replay_audit/vector_add__int8__formal.json). swept params equal the CSV row; other params equal config case_defaults; largest-row (last CSV row of this dtype),5b82f8afed59f83c3f39696338e7ce51dec38de7,"{""n"":20971520}","{""BLOCK_SIZE"":1024,""num_warps"":4}"
MI300X.triton.weight_dequant.bf16.pc_sampling,MI300X,triton,weight_dequant,bf16,43c7233fe0834dd8f465b6d0611d34cbc8e60c47410916b69f31cd1a78eb6b36,"{""M"":10240}","rocprof-compute --experimental profile --pc-sampling (stochastic, interval 65536)",single application run (same harness: 3 prime calls + 1 profiled call),outputs/rocprof_compute/MI300X/weight_dequant/triton_bf16/pc_sampling,b232d0fcc86a59fb9df2ac1e9816c593f8b99738faf364172bb366321209479b,local outputs/rocprof_compute/MI300X/weight_dequant/triton_bf16; HF dataset bcui2/NCU_report path AMD_MI300X/weight_dequant/triton_bf16,ff3600e1831dc3bed6925f301214cad6db8234cb,matched,"verified: manifest tree_sha256 reproduced=True; capture names==expected=True; replay-audit hsaco formal==replay for 1/1 launches=True; post-fix audit PASS=True; PC-sampled instruction text found in recompiled AMDGCN=4/4 (branch targets compared by opcode only: the disassembly prints offsets, the dump prints labels)",1,profiled 2026-10-02T13:51:42+00:00..2026-10-02T13:54:04+00:00; samples on operator kernels=111 of 393 total; instruction rows from analysis/pc_sampling_instructions.csv; launch_count is the harness launch count (PC sampling does not report dispatches). swept params equal the CSV row; other params equal config case_defaults; largest-row (last CSV row of this dtype),5b82f8afed59f83c3f39696338e7ce51dec38de7,"{""M"":10240,""TILE_SIZE"":128}","{""BLOCK_SIZE"":2048,""num_warps"":4}"
MI300X.triton.weight_dequant.bf16.rocprof_compute,MI300X,triton,weight_dequant,bf16,43c7233fe0834dd8f465b6d0611d34cbc8e60c47410916b69f31cd1a78eb6b36,"{""M"":10240}","rocprof-compute profile, full default counter set (13 counter passes + roofline), kernel filter ^(?:dequant_kernel)","application replay: one process per counter pass, each does 3 unprofiled prime calls then input generation, a 512 MiB eviction and exactly one impl.run()",outputs/rocprof_compute/MI300X/weight_dequant/triton_bf16/workload,f9d18b8f671c00559a7b51e95c5a68c5640c66295433f6f0b2310dfdf027299f,local outputs/rocprof_compute/MI300X/weight_dequant/triton_bf16; HF dataset bcui2/NCU_report path AMD_MI300X/weight_dequant/triton_bf16,ff3600e1831dc3bed6925f301214cad6db8234cb,matched,"verified: manifest tree_sha256 reproduced=True; capture names==expected=True; replay-audit hsaco formal==replay for 1/1 launches=True; post-fix audit PASS=True; PC-sampled instruction text found in recompiled AMDGCN=4/4 (branch targets compared by opcode only: the disassembly prints offsets, the dump prints labels)",1,"profiled 2026-10-02T13:51:42+00:00..2026-10-02T13:54:04+00:00; report_sha256 = tree hash of workload/; whole pair dir tree hash 71ba529e22cb10941e3cecd13e005b53274d7c9dc4ff34aa56672d8a842b05dc (matches report_manifest.json); metrics parsed from existing analysis/workload_csv (rocprof-compute analyze output, not re-run). swept params equal the CSV row; other params equal config case_defaults; largest-row (last CSV row of this dtype)",5b82f8afed59f83c3f39696338e7ce51dec38de7,"{""M"":10240,""TILE_SIZE"":128}","{""BLOCK_SIZE"":2048,""num_warps"":4}"
MI300X.triton.weight_dequant.bf16.static_isa,MI300X,triton,weight_dequant,bf16,43c7233fe0834dd8f465b6d0611d34cbc8e60c47410916b69f31cd1a78eb6b36,"{""M"":10240}",static compile artifacts (TTIR/TTGIR/LLIR/AMDGCN) of the formal-path winner kernels,offline recompilation during the 2026-10-05 replay audit (no execution counters),outputs/profiling/MI300X/analysis_2026-10-05/triton_ir/weight_dequant__bf16__dequant_kernel__U2HHVUCM,55cf7bb9e7929d1226af8a3e30065ca50742a0491c64334e4f54f49cc95b2e14,local outputs/profiling/MI300X/analysis_2026-10-05/triton_ir (one directory per code object),analysis_2026-10-05,matched,"verified: manifest tree_sha256 reproduced=True; capture names==expected=True; replay-audit hsaco formal==replay for 1/1 launches=True; post-fix audit PASS=True; PC-sampled instruction text found in recompiled AMDGCN=4/4 (branch targets compared by opcode only: the disassembly prints offsets, the dump prints labels)",1,report_sha256 = sha256 over sorted '<dir>\t<tree_sha256(dir)>' lines of the listed stage directories; recompiled binaries are hsaco-identical between the formal autotune path and the profiling replay (replay_audit/weight_dequant__bf16__formal.json). swept params equal the CSV row; other params equal config case_defaults; largest-row (last CSV row of this dtype),5b82f8afed59f83c3f39696338e7ce51dec38de7,"{""M"":10240,""TILE_SIZE"":128}","{""BLOCK_SIZE"":2048,""num_warps"":4}"
MI300X.triton.weight_dequant.fp16.pc_sampling,MI300X,triton,weight_dequant,fp16,d05311907421ba5ec3c770d191b5a87f3a224f27871c3cd0dbf9f6325abc0a78,"{""M"":10240}","rocprof-compute --experimental profile --pc-sampling (stochastic, interval 65536)",single application run (same harness: 3 prime calls + 1 profiled call),outputs/rocprof_compute/MI300X/weight_dequant/triton_fp16/pc_sampling,4a4ed7c8915e5fcf24883d18db987ddf754029628f91c727771185202841ff37,local outputs/rocprof_compute/MI300X/weight_dequant/triton_fp16; HF dataset bcui2/NCU_report path AMD_MI300X/weight_dequant/triton_fp16,ff3600e1831dc3bed6925f301214cad6db8234cb,matched,"verified: manifest tree_sha256 reproduced=True; capture names==expected=True; replay-audit hsaco formal==replay for 1/1 launches=True; post-fix audit PASS=True; PC-sampled instruction text found in recompiled AMDGCN=7/7 (branch targets compared by opcode only: the disassembly prints offsets, the dump prints labels)",1,profiled 2026-10-02T13:49:19+00:00..2026-10-02T13:51:42+00:00; samples on operator kernels=153 of 457 total; instruction rows from analysis/pc_sampling_instructions.csv; launch_count is the harness launch count (PC sampling does not report dispatches). swept params equal the CSV row; other params equal config case_defaults; largest-row (last CSV row of this dtype),5b82f8afed59f83c3f39696338e7ce51dec38de7,"{""M"":10240,""TILE_SIZE"":128}","{""BLOCK_SIZE"":1024,""num_warps"":4}"
MI300X.triton.weight_dequant.fp16.rocprof_compute,MI300X,triton,weight_dequant,fp16,d05311907421ba5ec3c770d191b5a87f3a224f27871c3cd0dbf9f6325abc0a78,"{""M"":10240}","rocprof-compute profile, full default counter set (13 counter passes + roofline), kernel filter ^(?:dequant_kernel)","application replay: one process per counter pass, each does 3 unprofiled prime calls then input generation, a 512 MiB eviction and exactly one impl.run()",outputs/rocprof_compute/MI300X/weight_dequant/triton_fp16/workload,3f7354e2660db0b41cf98c4b228c95e92d42f938ee19901f50b91f3b1c6a5de8,local outputs/rocprof_compute/MI300X/weight_dequant/triton_fp16; HF dataset bcui2/NCU_report path AMD_MI300X/weight_dequant/triton_fp16,ff3600e1831dc3bed6925f301214cad6db8234cb,matched,"verified: manifest tree_sha256 reproduced=True; capture names==expected=True; replay-audit hsaco formal==replay for 1/1 launches=True; post-fix audit PASS=True; PC-sampled instruction text found in recompiled AMDGCN=7/7 (branch targets compared by opcode only: the disassembly prints offsets, the dump prints labels)",1,"profiled 2026-10-02T13:49:19+00:00..2026-10-02T13:51:42+00:00; report_sha256 = tree hash of workload/; whole pair dir tree hash ecdbed2467e460f410cb7368a5c0025558c1e2bfdab07019a91c8906a19d6d82 (matches report_manifest.json); metrics parsed from existing analysis/workload_csv (rocprof-compute analyze output, not re-run). swept params equal the CSV row; other params equal config case_defaults; largest-row (last CSV row of this dtype)",5b82f8afed59f83c3f39696338e7ce51dec38de7,"{""M"":10240,""TILE_SIZE"":128}","{""BLOCK_SIZE"":1024,""num_warps"":4}"
MI300X.triton.weight_dequant.fp16.static_isa,MI300X,triton,weight_dequant,fp16,d05311907421ba5ec3c770d191b5a87f3a224f27871c3cd0dbf9f6325abc0a78,"{""M"":10240}",static compile artifacts (TTIR/TTGIR/LLIR/AMDGCN) of the formal-path winner kernels,offline recompilation during the 2026-10-05 replay audit (no execution counters),outputs/profiling/MI300X/analysis_2026-10-05/triton_ir/weight_dequant__fp16__dequant_kernel__E7CLRAJT,9a49c5c24fcc1231331a2e79bd8d97fa9b42d10a2d3cbd6e5d8c3acb77e747f4,local outputs/profiling/MI300X/analysis_2026-10-05/triton_ir (one directory per code object),analysis_2026-10-05,matched,"verified: manifest tree_sha256 reproduced=True; capture names==expected=True; replay-audit hsaco formal==replay for 1/1 launches=True; post-fix audit PASS=True; PC-sampled instruction text found in recompiled AMDGCN=7/7 (branch targets compared by opcode only: the disassembly prints offsets, the dump prints labels)",1,report_sha256 = sha256 over sorted '<dir>\t<tree_sha256(dir)>' lines of the listed stage directories; recompiled binaries are hsaco-identical between the formal autotune path and the profiling replay (replay_audit/weight_dequant__fp16__formal.json). swept params equal the CSV row; other params equal config case_defaults; largest-row (last CSV row of this dtype),5b82f8afed59f83c3f39696338e7ce51dec38de7,"{""M"":10240,""TILE_SIZE"":128}","{""BLOCK_SIZE"":1024,""num_warps"":4}"
MI300X.triton.weight_dequant.fp32.pc_sampling,MI300X,triton,weight_dequant,fp32,7864941d00895cfa48dfad6debc15edb9de567ed858f78f384abf9b2374ec539,"{""M"":10240}","rocprof-compute --experimental profile --pc-sampling (stochastic, interval 65536)",single application run (same harness: 3 prime calls + 1 profiled call),outputs/rocprof_compute/MI300X/weight_dequant/triton_fp32/pc_sampling,1ee321b8c269d2bfbc5a7b79f05c10b106944a59c0f6087c978a330326abaac8,local outputs/rocprof_compute/MI300X/weight_dequant/triton_fp32; HF dataset bcui2/NCU_report path AMD_MI300X/weight_dequant/triton_fp32,ff3600e1831dc3bed6925f301214cad6db8234cb,matched,"verified: manifest tree_sha256 reproduced=True; capture names==expected=True; replay-audit hsaco formal==replay for 1/1 launches=True; post-fix audit PASS=True; PC-sampled instruction text found in recompiled AMDGCN=12/12 (branch targets compared by opcode only: the disassembly prints offsets, the dump prints labels)",1,profiled 2026-10-02T13:54:04+00:00..2026-10-02T13:56:27+00:00; samples on operator kernels=211 of 511 total; instruction rows from analysis/pc_sampling_instructions.csv; launch_count is the harness launch count (PC sampling does not report dispatches). swept params equal the CSV row; other params equal config case_defaults; largest-row (last CSV row of this dtype),5b82f8afed59f83c3f39696338e7ce51dec38de7,"{""M"":10240,""TILE_SIZE"":128}","{""BLOCK_SIZE"":2048,""num_warps"":8}"
MI300X.triton.weight_dequant.fp32.rocprof_compute,MI300X,triton,weight_dequant,fp32,7864941d00895cfa48dfad6debc15edb9de567ed858f78f384abf9b2374ec539,"{""M"":10240}","rocprof-compute profile, full default counter set (13 counter passes + roofline), kernel filter ^(?:dequant_kernel)","application replay: one process per counter pass, each does 3 unprofiled prime calls then input generation, a 512 MiB eviction and exactly one impl.run()",outputs/rocprof_compute/MI300X/weight_dequant/triton_fp32/workload,85717051a5d5b5059fc9b80d115348ec8a411b1e49bb36f886285e6be76b23a8,local outputs/rocprof_compute/MI300X/weight_dequant/triton_fp32; HF dataset bcui2/NCU_report path AMD_MI300X/weight_dequant/triton_fp32,ff3600e1831dc3bed6925f301214cad6db8234cb,matched,"verified: manifest tree_sha256 reproduced=True; capture names==expected=True; replay-audit hsaco formal==replay for 1/1 launches=True; post-fix audit PASS=True; PC-sampled instruction text found in recompiled AMDGCN=12/12 (branch targets compared by opcode only: the disassembly prints offsets, the dump prints labels)",1,"profiled 2026-10-02T13:54:04+00:00..2026-10-02T13:56:27+00:00; report_sha256 = tree hash of workload/; whole pair dir tree hash 8651faa60f973e5c5113857fe95248be14e641ed35215d9d7f869316c5ef768c (matches report_manifest.json); metrics parsed from existing analysis/workload_csv (rocprof-compute analyze output, not re-run). swept params equal the CSV row; other params equal config case_defaults; largest-row (last CSV row of this dtype)",5b82f8afed59f83c3f39696338e7ce51dec38de7,"{""M"":10240,""TILE_SIZE"":128}","{""BLOCK_SIZE"":2048,""num_warps"":8}"
MI300X.triton.weight_dequant.fp32.static_isa,MI300X,triton,weight_dequant,fp32,7864941d00895cfa48dfad6debc15edb9de567ed858f78f384abf9b2374ec539,"{""M"":10240}",static compile artifacts (TTIR/TTGIR/LLIR/AMDGCN) of the formal-path winner kernels,offline recompilation during the 2026-10-05 replay audit (no execution counters),outputs/profiling/MI300X/analysis_2026-10-05/triton_ir/weight_dequant__fp32__dequant_kernel__PGUTZTW3,22b030fcf1b1afa7dc22e4f8158aa7d96c12b50708c743110b11e0b88692b5dc,local outputs/profiling/MI300X/analysis_2026-10-05/triton_ir (one directory per code object),analysis_2026-10-05,matched,"verified: manifest tree_sha256 reproduced=True; capture names==expected=True; replay-audit hsaco formal==replay for 1/1 launches=True; post-fix audit PASS=True; PC-sampled instruction text found in recompiled AMDGCN=12/12 (branch targets compared by opcode only: the disassembly prints offsets, the dump prints labels)",1,report_sha256 = sha256 over sorted '<dir>\t<tree_sha256(dir)>' lines of the listed stage directories; recompiled binaries are hsaco-identical between the formal autotune path and the profiling replay (replay_audit/weight_dequant__fp32__formal.json). swept params equal the CSV row; other params equal config case_defaults; largest-row (last CSV row of this dtype),5b82f8afed59f83c3f39696338e7ce51dec38de7,"{""M"":10240,""TILE_SIZE"":128}","{""BLOCK_SIZE"":2048,""num_warps"":8}"
