2026-10-01 16:42:41,481 INFO:Auto-tuning with 0.9 CPU utilizations, 72 CPUs available, 64 CPUs will be used
2026-10-01 16:42:41,644 WARNING:Benchmark timeout is enforced in benchmark workers by running each benchmark call in a daemon sub-thread and waiting up to the configured timeout.
2026-10-01 16:44:48,709 INFO:Auto-tuning with 0.9 CPU utilizations, 72 CPUs available, 64 CPUs will be used
2026-10-01 16:44:48,891 WARNING:Benchmark timeout is enforced in benchmark workers by running each benchmark call in a daemon sub-thread and waiting up to the configured timeout.
2026-10-01 16:46:57,650 INFO:Auto-tuning with 0.9 CPU utilizations, 72 CPUs available, 64 CPUs will be used
2026-10-01 16:46:57,804 WARNING:Benchmark timeout is enforced in benchmark workers by running each benchmark call in a daemon sub-thread and waiting up to the configured timeout.
2026-10-01 16:49:18,145 INFO:Auto-tuning with 0.9 CPU utilizations, 72 CPUs available, 64 CPUs will be used
2026-10-01 16:49:18,322 WARNING:Benchmark timeout is enforced in benchmark workers by running each benchmark call in a daemon sub-thread and waiting up to the configured timeout.
2026-10-01 16:51:48,293 INFO:Auto-tuning with 0.9 CPU utilizations, 72 CPUs available, 64 CPUs will be used
2026-10-01 16:51:48,575 WARNING:Benchmark timeout is enforced in benchmark workers by running each benchmark call in a daemon sub-thread and waiting up to the configured timeout.
2026-10-01 16:54:33,853 INFO:Auto-tuning with 0.9 CPU utilizations, 72 CPUs available, 64 CPUs will be used
2026-10-01 16:54:33,999 WARNING:Benchmark timeout is enforced in benchmark workers by running each benchmark call in a daemon sub-thread and waiting up to the configured timeout.
2026-10-01 16:56:50,886 INFO:Auto-tuning with 0.9 CPU utilizations, 72 CPUs available, 64 CPUs will be used
2026-10-01 16:56:51,048 WARNING:Benchmark timeout is enforced in benchmark workers by running each benchmark call in a daemon sub-thread and waiting up to the configured timeout.
2026-10-01 16:59:04,017 INFO:Auto-tuning with 0.9 CPU utilizations, 72 CPUs available, 64 CPUs will be used
2026-10-01 16:59:04,300 WARNING:Benchmark timeout is enforced in benchmark workers by running each benchmark call in a daemon sub-thread and waiting up to the configured timeout.
2026-10-01 17:01:29,267 INFO:Auto-tuning with 0.9 CPU utilizations, 72 CPUs available, 64 CPUs will be used
2026-10-01 17:01:29,426 WARNING:Benchmark timeout is enforced in benchmark workers by running each benchmark call in a daemon sub-thread and waiting up to the configured timeout.
2026-10-01 17:04:09,005 INFO:Auto-tuning with 0.9 CPU utilizations, 72 CPUs available, 64 CPUs will be used
2026-10-01 17:04:09,195 WARNING:Benchmark timeout is enforced in benchmark workers by running each benchmark call in a daemon sub-thread and waiting up to the configured timeout.
2026-10-01 17:06:40,175 INFO:Auto-tuning with 0.9 CPU utilizations, 72 CPUs available, 64 CPUs will be used
2026-10-01 17:06:40,352 WARNING:Benchmark timeout is enforced in benchmark workers by running each benchmark call in a daemon sub-thread and waiting up to the configured timeout.
2026-10-01 17:09:14,432 INFO:Auto-tuning with 0.9 CPU utilizations, 72 CPUs available, 64 CPUs will be used
2026-10-01 17:09:14,607 WARNING:Benchmark timeout is enforced in benchmark workers by running each benchmark call in a daemon sub-thread and waiting up to the configured timeout.
2026-10-01 17:10:03,459 WARNING:An error occurred while testing config {'BLOCK_SIZE_M': 32, 'BLOCK_SIZE_N': 32, 'BLOCK_SIZE_K': 32, 'GROUPSIZE': 8, 'threads': 256, 'num_stages': 2}, checkout autotuner.log for more details
2026-10-01 17:10:03,459 DEBUG:Error: Traceback (most recent call last):
  File "/projects/kzhou6/bcui2/env_software/miniconda3-aarch64/envs/tilebench++_env/lib/python3.10/site-packages/tilelang/autotuner/tuner.py", line 650, in _run_benchmark_target
    latency, worker_ref_latency = benchmark_target(
  File "/projects/kzhou6/bcui2/env_software/miniconda3-aarch64/envs/tilebench++_env/lib/python3.10/site-packages/tilelang/autotuner/tuner.py", line 769, in _benchmark_target
    jit_input_tensors_cache = jit_input_tensors_supply()
  File "/projects/kzhou6/bcui2/env_software/miniconda3-aarch64/envs/tilebench++_env/lib/python3.10/site-packages/tilelang/autotuner/tuner.py", line 727, in func
    return supply_prog(profiler._get_params(with_output=with_output))
  File "/projects/kzhou6/bcui2/env_software/miniconda3-aarch64/envs/tilebench++_env/lib/python3.10/site-packages/tilelang/autotuner/tuner.py", line 384, in supply_prog
    _cached_tensors_by_device[device] = [
  File "/projects/kzhou6/bcui2/env_software/miniconda3-aarch64/envs/tilebench++_env/lib/python3.10/site-packages/tilelang/autotuner/tuner.py", line 385, in <listcomp>
    tensor.to(device=target_device).clone() if isinstance(tensor, torch.Tensor) else tensor for tensor in _frozen_inputs
torch.AcceleratorError: CUDA error: an illegal instruction was encountered
Search for `cudaErrorIllegalInstruction' in https://docs.nvidia.com/cuda/cuda-runtime-api/group__CUDART__TYPES.html for more information.
CUDA kernel errors might be asynchronously reported at some other API call, so the stacktrace below might be incorrect.
For debugging consider passing CUDA_LAUNCH_BLOCKING=1
Compile with `TORCH_USE_CUDA_DSA` to enable device-side assertions.


2026-10-01 17:10:03,459 WARNING:An error occurred while testing config {'BLOCK_SIZE_M': 32, 'BLOCK_SIZE_N': 32, 'BLOCK_SIZE_K': 32, 'GROUPSIZE': 1, 'threads': 256, 'num_stages': 2}, checkout autotuner.log for more details
2026-10-01 17:10:03,459 DEBUG:Error: Traceback (most recent call last):
  File "/projects/kzhou6/bcui2/env_software/miniconda3-aarch64/envs/tilebench++_env/lib/python3.10/site-packages/tilelang/autotuner/tuner.py", line 650, in _run_benchmark_target
    latency, worker_ref_latency = benchmark_target(
  File "/projects/kzhou6/bcui2/env_software/miniconda3-aarch64/envs/tilebench++_env/lib/python3.10/site-packages/tilelang/autotuner/tuner.py", line 769, in _benchmark_target
    jit_input_tensors_cache = jit_input_tensors_supply()
  File "/projects/kzhou6/bcui2/env_software/miniconda3-aarch64/envs/tilebench++_env/lib/python3.10/site-packages/tilelang/autotuner/tuner.py", line 727, in func
    return supply_prog(profiler._get_params(with_output=with_output))
  File "/projects/kzhou6/bcui2/env_software/miniconda3-aarch64/envs/tilebench++_env/lib/python3.10/site-packages/tilelang/autotuner/tuner.py", line 384, in supply_prog
    _cached_tensors_by_device[device] = [
  File "/projects/kzhou6/bcui2/env_software/miniconda3-aarch64/envs/tilebench++_env/lib/python3.10/site-packages/tilelang/autotuner/tuner.py", line 385, in <listcomp>
    tensor.to(device=target_device).clone() if isinstance(tensor, torch.Tensor) else tensor for tensor in _frozen_inputs
torch.AcceleratorError: CUDA error: an illegal instruction was encountered
Search for `cudaErrorIllegalInstruction' in https://docs.nvidia.com/cuda/cuda-runtime-api/group__CUDART__TYPES.html for more information.
CUDA kernel errors might be asynchronously reported at some other API call, so the stacktrace below might be incorrect.
For debugging consider passing CUDA_LAUNCH_BLOCKING=1
Compile with `TORCH_USE_CUDA_DSA` to enable device-side assertions.


2026-10-01 17:10:03,460 WARNING:An error occurred while testing config {'BLOCK_SIZE_M': 32, 'BLOCK_SIZE_N': 32, 'BLOCK_SIZE_K': 32, 'GROUPSIZE': 1, 'threads': 128, 'num_stages': 2}, checkout autotuner.log for more details
2026-10-01 17:10:03,460 DEBUG:Error: Traceback (most recent call last):
  File "/projects/kzhou6/bcui2/env_software/miniconda3-aarch64/envs/tilebench++_env/lib/python3.10/site-packages/tilelang/autotuner/tuner.py", line 650, in _run_benchmark_target
    latency, worker_ref_latency = benchmark_target(
  File "/projects/kzhou6/bcui2/env_software/miniconda3-aarch64/envs/tilebench++_env/lib/python3.10/site-packages/tilelang/autotuner/tuner.py", line 769, in _benchmark_target
    jit_input_tensors_cache = jit_input_tensors_supply()
  File "/projects/kzhou6/bcui2/env_software/miniconda3-aarch64/envs/tilebench++_env/lib/python3.10/site-packages/tilelang/autotuner/tuner.py", line 727, in func
    return supply_prog(profiler._get_params(with_output=with_output))
  File "/projects/kzhou6/bcui2/env_software/miniconda3-aarch64/envs/tilebench++_env/lib/python3.10/site-packages/tilelang/autotuner/tuner.py", line 384, in supply_prog
    _cached_tensors_by_device[device] = [
  File "/projects/kzhou6/bcui2/env_software/miniconda3-aarch64/envs/tilebench++_env/lib/python3.10/site-packages/tilelang/autotuner/tuner.py", line 385, in <listcomp>
    tensor.to(device=target_device).clone() if isinstance(tensor, torch.Tensor) else tensor for tensor in _frozen_inputs
torch.AcceleratorError: CUDA error: an illegal instruction was encountered
Search for `cudaErrorIllegalInstruction' in https://docs.nvidia.com/cuda/cuda-runtime-api/group__CUDART__TYPES.html for more information.
CUDA kernel errors might be asynchronously reported at some other API call, so the stacktrace below might be incorrect.
For debugging consider passing CUDA_LAUNCH_BLOCKING=1
Compile with `TORCH_USE_CUDA_DSA` to enable device-side assertions.


2026-10-01 17:10:03,460 WARNING:An error occurred while testing config {'BLOCK_SIZE_M': 64, 'BLOCK_SIZE_N': 32, 'BLOCK_SIZE_K': 32, 'GROUPSIZE': 1, 'threads': 256, 'num_stages': 2}, checkout autotuner.log for more details
2026-10-01 17:10:03,460 DEBUG:Error: Traceback (most recent call last):
  File "/projects/kzhou6/bcui2/env_software/miniconda3-aarch64/envs/tilebench++_env/lib/python3.10/site-packages/tilelang/autotuner/tuner.py", line 650, in _run_benchmark_target
    latency, worker_ref_latency = benchmark_target(
  File "/projects/kzhou6/bcui2/env_software/miniconda3-aarch64/envs/tilebench++_env/lib/python3.10/site-packages/tilelang/autotuner/tuner.py", line 769, in _benchmark_target
    jit_input_tensors_cache = jit_input_tensors_supply()
  File "/projects/kzhou6/bcui2/env_software/miniconda3-aarch64/envs/tilebench++_env/lib/python3.10/site-packages/tilelang/autotuner/tuner.py", line 727, in func
    return supply_prog(profiler._get_params(with_output=with_output))
  File "/projects/kzhou6/bcui2/env_software/miniconda3-aarch64/envs/tilebench++_env/lib/python3.10/site-packages/tilelang/autotuner/tuner.py", line 384, in supply_prog
    _cached_tensors_by_device[device] = [
  File "/projects/kzhou6/bcui2/env_software/miniconda3-aarch64/envs/tilebench++_env/lib/python3.10/site-packages/tilelang/autotuner/tuner.py", line 385, in <listcomp>
    tensor.to(device=target_device).clone() if isinstance(tensor, torch.Tensor) else tensor for tensor in _frozen_inputs
torch.AcceleratorError: CUDA error: an illegal instruction was encountered
Search for `cudaErrorIllegalInstruction' in https://docs.nvidia.com/cuda/cuda-runtime-api/group__CUDART__TYPES.html for more information.
CUDA kernel errors might be asynchronously reported at some other API call, so the stacktrace below might be incorrect.
For debugging consider passing CUDA_LAUNCH_BLOCKING=1
Compile with `TORCH_USE_CUDA_DSA` to enable device-side assertions.


2026-10-01 17:10:03,460 WARNING:An error occurred while testing config {'BLOCK_SIZE_M': 32, 'BLOCK_SIZE_N': 32, 'BLOCK_SIZE_K': 32, 'GROUPSIZE': 8, 'threads': 128, 'num_stages': 2}, checkout autotuner.log for more details
2026-10-01 17:10:03,460 DEBUG:Error: Traceback (most recent call last):
  File "/projects/kzhou6/bcui2/env_software/miniconda3-aarch64/envs/tilebench++_env/lib/python3.10/site-packages/tilelang/autotuner/tuner.py", line 650, in _run_benchmark_target
    latency, worker_ref_latency = benchmark_target(
  File "/projects/kzhou6/bcui2/env_software/miniconda3-aarch64/envs/tilebench++_env/lib/python3.10/site-packages/tilelang/autotuner/tuner.py", line 769, in _benchmark_target
    jit_input_tensors_cache = jit_input_tensors_supply()
  File "/projects/kzhou6/bcui2/env_software/miniconda3-aarch64/envs/tilebench++_env/lib/python3.10/site-packages/tilelang/autotuner/tuner.py", line 727, in func
    return supply_prog(profiler._get_params(with_output=with_output))
  File "/projects/kzhou6/bcui2/env_software/miniconda3-aarch64/envs/tilebench++_env/lib/python3.10/site-packages/tilelang/autotuner/tuner.py", line 384, in supply_prog
    _cached_tensors_by_device[device] = [
  File "/projects/kzhou6/bcui2/env_software/miniconda3-aarch64/envs/tilebench++_env/lib/python3.10/site-packages/tilelang/autotuner/tuner.py", line 385, in <listcomp>
    tensor.to(device=target_device).clone() if isinstance(tensor, torch.Tensor) else tensor for tensor in _frozen_inputs
torch.AcceleratorError: CUDA error: an illegal instruction was encountered
Search for `cudaErrorIllegalInstruction' in https://docs.nvidia.com/cuda/cuda-runtime-api/group__CUDART__TYPES.html for more information.
CUDA kernel errors might be asynchronously reported at some other API call, so the stacktrace below might be incorrect.
For debugging consider passing CUDA_LAUNCH_BLOCKING=1
Compile with `TORCH_USE_CUDA_DSA` to enable device-side assertions.


2026-10-01 17:10:03,461 WARNING:An error occurred while testing config {'BLOCK_SIZE_M': 32, 'BLOCK_SIZE_N': 32, 'BLOCK_SIZE_K': 64, 'GROUPSIZE': 8, 'threads': 256, 'num_stages': 2}, checkout autotuner.log for more details
2026-10-01 17:10:03,461 DEBUG:Error: Traceback (most recent call last):
  File "/projects/kzhou6/bcui2/env_software/miniconda3-aarch64/envs/tilebench++_env/lib/python3.10/site-packages/tilelang/autotuner/tuner.py", line 650, in _run_benchmark_target
    latency, worker_ref_latency = benchmark_target(
  File "/projects/kzhou6/bcui2/env_software/miniconda3-aarch64/envs/tilebench++_env/lib/python3.10/site-packages/tilelang/autotuner/tuner.py", line 769, in _benchmark_target
    jit_input_tensors_cache = jit_input_tensors_supply()
  File "/projects/kzhou6/bcui2/env_software/miniconda3-aarch64/envs/tilebench++_env/lib/python3.10/site-packages/tilelang/autotuner/tuner.py", line 727, in func
    return supply_prog(profiler._get_params(with_output=with_output))
  File "/projects/kzhou6/bcui2/env_software/miniconda3-aarch64/envs/tilebench++_env/lib/python3.10/site-packages/tilelang/autotuner/tuner.py", line 384, in supply_prog
    _cached_tensors_by_device[device] = [
  File "/projects/kzhou6/bcui2/env_software/miniconda3-aarch64/envs/tilebench++_env/lib/python3.10/site-packages/tilelang/autotuner/tuner.py", line 385, in <listcomp>
    tensor.to(device=target_device).clone() if isinstance(tensor, torch.Tensor) else tensor for tensor in _frozen_inputs
torch.AcceleratorError: CUDA error: an illegal instruction was encountered
Search for `cudaErrorIllegalInstruction' in https://docs.nvidia.com/cuda/cuda-runtime-api/group__CUDART__TYPES.html for more information.
CUDA kernel errors might be asynchronously reported at some other API call, so the stacktrace below might be incorrect.
For debugging consider passing CUDA_LAUNCH_BLOCKING=1
Compile with `TORCH_USE_CUDA_DSA` to enable device-side assertions.


2026-10-01 17:10:03,461 WARNING:An error occurred while testing config {'BLOCK_SIZE_M': 64, 'BLOCK_SIZE_N': 32, 'BLOCK_SIZE_K': 32, 'GROUPSIZE': 1, 'threads': 128, 'num_stages': 2}, checkout autotuner.log for more details
2026-10-01 17:10:03,461 DEBUG:Error: Traceback (most recent call last):
  File "/projects/kzhou6/bcui2/env_software/miniconda3-aarch64/envs/tilebench++_env/lib/python3.10/site-packages/tilelang/autotuner/tuner.py", line 650, in _run_benchmark_target
    latency, worker_ref_latency = benchmark_target(
  File "/projects/kzhou6/bcui2/env_software/miniconda3-aarch64/envs/tilebench++_env/lib/python3.10/site-packages/tilelang/autotuner/tuner.py", line 769, in _benchmark_target
    jit_input_tensors_cache = jit_input_tensors_supply()
  File "/projects/kzhou6/bcui2/env_software/miniconda3-aarch64/envs/tilebench++_env/lib/python3.10/site-packages/tilelang/autotuner/tuner.py", line 727, in func
    return supply_prog(profiler._get_params(with_output=with_output))
  File "/projects/kzhou6/bcui2/env_software/miniconda3-aarch64/envs/tilebench++_env/lib/python3.10/site-packages/tilelang/autotuner/tuner.py", line 384, in supply_prog
    _cached_tensors_by_device[device] = [
  File "/projects/kzhou6/bcui2/env_software/miniconda3-aarch64/envs/tilebench++_env/lib/python3.10/site-packages/tilelang/autotuner/tuner.py", line 385, in <listcomp>
    tensor.to(device=target_device).clone() if isinstance(tensor, torch.Tensor) else tensor for tensor in _frozen_inputs
torch.AcceleratorError: CUDA error: an illegal instruction was encountered
Search for `cudaErrorIllegalInstruction' in https://docs.nvidia.com/cuda/cuda-runtime-api/group__CUDART__TYPES.html for more information.
CUDA kernel errors might be asynchronously reported at some other API call, so the stacktrace below might be incorrect.
For debugging consider passing CUDA_LAUNCH_BLOCKING=1
Compile with `TORCH_USE_CUDA_DSA` to enable device-side assertions.


2026-10-01 17:10:03,462 WARNING:An error occurred while testing config {'BLOCK_SIZE_M': 32, 'BLOCK_SIZE_N': 32, 'BLOCK_SIZE_K': 64, 'GROUPSIZE': 1, 'threads': 256, 'num_stages': 2}, checkout autotuner.log for more details
2026-10-01 17:10:03,462 DEBUG:Error: Traceback (most recent call last):
  File "/projects/kzhou6/bcui2/env_software/miniconda3-aarch64/envs/tilebench++_env/lib/python3.10/site-packages/tilelang/autotuner/tuner.py", line 650, in _run_benchmark_target
    latency, worker_ref_latency = benchmark_target(
  File "/projects/kzhou6/bcui2/env_software/miniconda3-aarch64/envs/tilebench++_env/lib/python3.10/site-packages/tilelang/autotuner/tuner.py", line 769, in _benchmark_target
    jit_input_tensors_cache = jit_input_tensors_supply()
  File "/projects/kzhou6/bcui2/env_software/miniconda3-aarch64/envs/tilebench++_env/lib/python3.10/site-packages/tilelang/autotuner/tuner.py", line 727, in func
    return supply_prog(profiler._get_params(with_output=with_output))
  File "/projects/kzhou6/bcui2/env_software/miniconda3-aarch64/envs/tilebench++_env/lib/python3.10/site-packages/tilelang/autotuner/tuner.py", line 384, in supply_prog
    _cached_tensors_by_device[device] = [
  File "/projects/kzhou6/bcui2/env_software/miniconda3-aarch64/envs/tilebench++_env/lib/python3.10/site-packages/tilelang/autotuner/tuner.py", line 385, in <listcomp>
    tensor.to(device=target_device).clone() if isinstance(tensor, torch.Tensor) else tensor for tensor in _frozen_inputs
torch.AcceleratorError: CUDA error: an illegal instruction was encountered
Search for `cudaErrorIllegalInstruction' in https://docs.nvidia.com/cuda/cuda-runtime-api/group__CUDART__TYPES.html for more information.
CUDA kernel errors might be asynchronously reported at some other API call, so the stacktrace below might be incorrect.
For debugging consider passing CUDA_LAUNCH_BLOCKING=1
Compile with `TORCH_USE_CUDA_DSA` to enable device-side assertions.


2026-10-01 17:10:03,462 WARNING:An error occurred while testing config {'BLOCK_SIZE_M': 64, 'BLOCK_SIZE_N': 32, 'BLOCK_SIZE_K': 32, 'GROUPSIZE': 8, 'threads': 256, 'num_stages': 2}, checkout autotuner.log for more details
2026-10-01 17:10:03,462 DEBUG:Error: Traceback (most recent call last):
  File "/projects/kzhou6/bcui2/env_software/miniconda3-aarch64/envs/tilebench++_env/lib/python3.10/site-packages/tilelang/autotuner/tuner.py", line 650, in _run_benchmark_target
    latency, worker_ref_latency = benchmark_target(
  File "/projects/kzhou6/bcui2/env_software/miniconda3-aarch64/envs/tilebench++_env/lib/python3.10/site-packages/tilelang/autotuner/tuner.py", line 769, in _benchmark_target
    jit_input_tensors_cache = jit_input_tensors_supply()
  File "/projects/kzhou6/bcui2/env_software/miniconda3-aarch64/envs/tilebench++_env/lib/python3.10/site-packages/tilelang/autotuner/tuner.py", line 727, in func
    return supply_prog(profiler._get_params(with_output=with_output))
  File "/projects/kzhou6/bcui2/env_software/miniconda3-aarch64/envs/tilebench++_env/lib/python3.10/site-packages/tilelang/autotuner/tuner.py", line 384, in supply_prog
    _cached_tensors_by_device[device] = [
  File "/projects/kzhou6/bcui2/env_software/miniconda3-aarch64/envs/tilebench++_env/lib/python3.10/site-packages/tilelang/autotuner/tuner.py", line 385, in <listcomp>
    tensor.to(device=target_device).clone() if isinstance(tensor, torch.Tensor) else tensor for tensor in _frozen_inputs
torch.AcceleratorError: CUDA error: an illegal instruction was encountered
Search for `cudaErrorIllegalInstruction' in https://docs.nvidia.com/cuda/cuda-runtime-api/group__CUDART__TYPES.html for more information.
CUDA kernel errors might be asynchronously reported at some other API call, so the stacktrace below might be incorrect.
For debugging consider passing CUDA_LAUNCH_BLOCKING=1
Compile with `TORCH_USE_CUDA_DSA` to enable device-side assertions.


2026-10-01 17:10:03,463 WARNING:An error occurred while testing config {'BLOCK_SIZE_M': 32, 'BLOCK_SIZE_N': 32, 'BLOCK_SIZE_K': 64, 'GROUPSIZE': 1, 'threads': 128, 'num_stages': 2}, checkout autotuner.log for more details
2026-10-01 17:10:03,463 DEBUG:Error: Traceback (most recent call last):
  File "/projects/kzhou6/bcui2/env_software/miniconda3-aarch64/envs/tilebench++_env/lib/python3.10/site-packages/tilelang/autotuner/tuner.py", line 650, in _run_benchmark_target
    latency, worker_ref_latency = benchmark_target(
  File "/projects/kzhou6/bcui2/env_software/miniconda3-aarch64/envs/tilebench++_env/lib/python3.10/site-packages/tilelang/autotuner/tuner.py", line 769, in _benchmark_target
    jit_input_tensors_cache = jit_input_tensors_supply()
  File "/projects/kzhou6/bcui2/env_software/miniconda3-aarch64/envs/tilebench++_env/lib/python3.10/site-packages/tilelang/autotuner/tuner.py", line 727, in func
    return supply_prog(profiler._get_params(with_output=with_output))
  File "/projects/kzhou6/bcui2/env_software/miniconda3-aarch64/envs/tilebench++_env/lib/python3.10/site-packages/tilelang/autotuner/tuner.py", line 384, in supply_prog
    _cached_tensors_by_device[device] = [
  File "/projects/kzhou6/bcui2/env_software/miniconda3-aarch64/envs/tilebench++_env/lib/python3.10/site-packages/tilelang/autotuner/tuner.py", line 385, in <listcomp>
    tensor.to(device=target_device).clone() if isinstance(tensor, torch.Tensor) else tensor for tensor in _frozen_inputs
torch.AcceleratorError: CUDA error: an illegal instruction was encountered
Search for `cudaErrorIllegalInstruction' in https://docs.nvidia.com/cuda/cuda-runtime-api/group__CUDART__TYPES.html for more information.
CUDA kernel errors might be asynchronously reported at some other API call, so the stacktrace below might be incorrect.
For debugging consider passing CUDA_LAUNCH_BLOCKING=1
Compile with `TORCH_USE_CUDA_DSA` to enable device-side assertions.


2026-10-01 17:10:03,463 WARNING:An error occurred while testing config {'BLOCK_SIZE_M': 32, 'BLOCK_SIZE_N': 32, 'BLOCK_SIZE_K': 64, 'GROUPSIZE': 8, 'threads': 128, 'num_stages': 2}, checkout autotuner.log for more details
2026-10-01 17:10:03,463 DEBUG:Error: Traceback (most recent call last):
  File "/projects/kzhou6/bcui2/env_software/miniconda3-aarch64/envs/tilebench++_env/lib/python3.10/site-packages/tilelang/autotuner/tuner.py", line 650, in _run_benchmark_target
    latency, worker_ref_latency = benchmark_target(
  File "/projects/kzhou6/bcui2/env_software/miniconda3-aarch64/envs/tilebench++_env/lib/python3.10/site-packages/tilelang/autotuner/tuner.py", line 769, in _benchmark_target
    jit_input_tensors_cache = jit_input_tensors_supply()
  File "/projects/kzhou6/bcui2/env_software/miniconda3-aarch64/envs/tilebench++_env/lib/python3.10/site-packages/tilelang/autotuner/tuner.py", line 727, in func
    return supply_prog(profiler._get_params(with_output=with_output))
  File "/projects/kzhou6/bcui2/env_software/miniconda3-aarch64/envs/tilebench++_env/lib/python3.10/site-packages/tilelang/autotuner/tuner.py", line 384, in supply_prog
    _cached_tensors_by_device[device] = [
  File "/projects/kzhou6/bcui2/env_software/miniconda3-aarch64/envs/tilebench++_env/lib/python3.10/site-packages/tilelang/autotuner/tuner.py", line 385, in <listcomp>
    tensor.to(device=target_device).clone() if isinstance(tensor, torch.Tensor) else tensor for tensor in _frozen_inputs
torch.AcceleratorError: CUDA error: an illegal instruction was encountered
Search for `cudaErrorIllegalInstruction' in https://docs.nvidia.com/cuda/cuda-runtime-api/group__CUDART__TYPES.html for more information.
CUDA kernel errors might be asynchronously reported at some other API call, so the stacktrace below might be incorrect.
For debugging consider passing CUDA_LAUNCH_BLOCKING=1
Compile with `TORCH_USE_CUDA_DSA` to enable device-side assertions.


2026-10-01 17:10:03,463 WARNING:An error occurred while testing config {'BLOCK_SIZE_M': 32, 'BLOCK_SIZE_N': 128, 'BLOCK_SIZE_K': 32, 'GROUPSIZE': 1, 'threads': 128, 'num_stages': 2}, checkout autotuner.log for more details
2026-10-01 17:10:03,463 DEBUG:Error: Traceback (most recent call last):
  File "/projects/kzhou6/bcui2/env_software/miniconda3-aarch64/envs/tilebench++_env/lib/python3.10/site-packages/tilelang/autotuner/tuner.py", line 650, in _run_benchmark_target
    latency, worker_ref_latency = benchmark_target(
  File "/projects/kzhou6/bcui2/env_software/miniconda3-aarch64/envs/tilebench++_env/lib/python3.10/site-packages/tilelang/autotuner/tuner.py", line 769, in _benchmark_target
    jit_input_tensors_cache = jit_input_tensors_supply()
  File "/projects/kzhou6/bcui2/env_software/miniconda3-aarch64/envs/tilebench++_env/lib/python3.10/site-packages/tilelang/autotuner/tuner.py", line 727, in func
    return supply_prog(profiler._get_params(with_output=with_output))
  File "/projects/kzhou6/bcui2/env_software/miniconda3-aarch64/envs/tilebench++_env/lib/python3.10/site-packages/tilelang/autotuner/tuner.py", line 384, in supply_prog
    _cached_tensors_by_device[device] = [
  File "/projects/kzhou6/bcui2/env_software/miniconda3-aarch64/envs/tilebench++_env/lib/python3.10/site-packages/tilelang/autotuner/tuner.py", line 385, in <listcomp>
    tensor.to(device=target_device).clone() if isinstance(tensor, torch.Tensor) else tensor for tensor in _frozen_inputs
torch.AcceleratorError: CUDA error: an illegal instruction was encountered
Search for `cudaErrorIllegalInstruction' in https://docs.nvidia.com/cuda/cuda-runtime-api/group__CUDART__TYPES.html for more information.
CUDA kernel errors might be asynchronously reported at some other API call, so the stacktrace below might be incorrect.
For debugging consider passing CUDA_LAUNCH_BLOCKING=1
Compile with `TORCH_USE_CUDA_DSA` to enable device-side assertions.


2026-10-01 17:10:03,464 WARNING:An error occurred while testing config {'BLOCK_SIZE_M': 64, 'BLOCK_SIZE_N': 32, 'BLOCK_SIZE_K': 64, 'GROUPSIZE': 8, 'threads': 256, 'num_stages': 2}, checkout autotuner.log for more details
2026-10-01 17:10:03,464 DEBUG:Error: Traceback (most recent call last):
  File "/projects/kzhou6/bcui2/env_software/miniconda3-aarch64/envs/tilebench++_env/lib/python3.10/site-packages/tilelang/autotuner/tuner.py", line 650, in _run_benchmark_target
    latency, worker_ref_latency = benchmark_target(
  File "/projects/kzhou6/bcui2/env_software/miniconda3-aarch64/envs/tilebench++_env/lib/python3.10/site-packages/tilelang/autotuner/tuner.py", line 769, in _benchmark_target
    jit_input_tensors_cache = jit_input_tensors_supply()
  File "/projects/kzhou6/bcui2/env_software/miniconda3-aarch64/envs/tilebench++_env/lib/python3.10/site-packages/tilelang/autotuner/tuner.py", line 727, in func
    return supply_prog(profiler._get_params(with_output=with_output))
  File "/projects/kzhou6/bcui2/env_software/miniconda3-aarch64/envs/tilebench++_env/lib/python3.10/site-packages/tilelang/autotuner/tuner.py", line 384, in supply_prog
    _cached_tensors_by_device[device] = [
  File "/projects/kzhou6/bcui2/env_software/miniconda3-aarch64/envs/tilebench++_env/lib/python3.10/site-packages/tilelang/autotuner/tuner.py", line 385, in <listcomp>
    tensor.to(device=target_device).clone() if isinstance(tensor, torch.Tensor) else tensor for tensor in _frozen_inputs
torch.AcceleratorError: CUDA error: an illegal instruction was encountered
Search for `cudaErrorIllegalInstruction' in https://docs.nvidia.com/cuda/cuda-runtime-api/group__CUDART__TYPES.html for more information.
CUDA kernel errors might be asynchronously reported at some other API call, so the stacktrace below might be incorrect.
For debugging consider passing CUDA_LAUNCH_BLOCKING=1
Compile with `TORCH_USE_CUDA_DSA` to enable device-side assertions.


2026-10-01 17:10:03,464 WARNING:An error occurred while testing config {'BLOCK_SIZE_M': 64, 'BLOCK_SIZE_N': 32, 'BLOCK_SIZE_K': 32, 'GROUPSIZE': 8, 'threads': 128, 'num_stages': 2}, checkout autotuner.log for more details
2026-10-01 17:10:03,464 DEBUG:Error: Traceback (most recent call last):
  File "/projects/kzhou6/bcui2/env_software/miniconda3-aarch64/envs/tilebench++_env/lib/python3.10/site-packages/tilelang/autotuner/tuner.py", line 650, in _run_benchmark_target
    latency, worker_ref_latency = benchmark_target(
  File "/projects/kzhou6/bcui2/env_software/miniconda3-aarch64/envs/tilebench++_env/lib/python3.10/site-packages/tilelang/autotuner/tuner.py", line 769, in _benchmark_target
    jit_input_tensors_cache = jit_input_tensors_supply()
  File "/projects/kzhou6/bcui2/env_software/miniconda3-aarch64/envs/tilebench++_env/lib/python3.10/site-packages/tilelang/autotuner/tuner.py", line 727, in func
    return supply_prog(profiler._get_params(with_output=with_output))
  File "/projects/kzhou6/bcui2/env_software/miniconda3-aarch64/envs/tilebench++_env/lib/python3.10/site-packages/tilelang/autotuner/tuner.py", line 384, in supply_prog
    _cached_tensors_by_device[device] = [
  File "/projects/kzhou6/bcui2/env_software/miniconda3-aarch64/envs/tilebench++_env/lib/python3.10/site-packages/tilelang/autotuner/tuner.py", line 385, in <listcomp>
    tensor.to(device=target_device).clone() if isinstance(tensor, torch.Tensor) else tensor for tensor in _frozen_inputs
torch.AcceleratorError: CUDA error: an illegal instruction was encountered
Search for `cudaErrorIllegalInstruction' in https://docs.nvidia.com/cuda/cuda-runtime-api/group__CUDART__TYPES.html for more information.
CUDA kernel errors might be asynchronously reported at some other API call, so the stacktrace below might be incorrect.
For debugging consider passing CUDA_LAUNCH_BLOCKING=1
Compile with `TORCH_USE_CUDA_DSA` to enable device-side assertions.


2026-10-01 17:10:03,465 WARNING:An error occurred while testing config {'BLOCK_SIZE_M': 64, 'BLOCK_SIZE_N': 128, 'BLOCK_SIZE_K': 32, 'GROUPSIZE': 1, 'threads': 256, 'num_stages': 2}, checkout autotuner.log for more details
2026-10-01 17:10:03,465 DEBUG:Error: Traceback (most recent call last):
  File "/projects/kzhou6/bcui2/env_software/miniconda3-aarch64/envs/tilebench++_env/lib/python3.10/site-packages/tilelang/autotuner/tuner.py", line 650, in _run_benchmark_target
    latency, worker_ref_latency = benchmark_target(
  File "/projects/kzhou6/bcui2/env_software/miniconda3-aarch64/envs/tilebench++_env/lib/python3.10/site-packages/tilelang/autotuner/tuner.py", line 769, in _benchmark_target
    jit_input_tensors_cache = jit_input_tensors_supply()
  File "/projects/kzhou6/bcui2/env_software/miniconda3-aarch64/envs/tilebench++_env/lib/python3.10/site-packages/tilelang/autotuner/tuner.py", line 727, in func
    return supply_prog(profiler._get_params(with_output=with_output))
  File "/projects/kzhou6/bcui2/env_software/miniconda3-aarch64/envs/tilebench++_env/lib/python3.10/site-packages/tilelang/autotuner/tuner.py", line 384, in supply_prog
    _cached_tensors_by_device[device] = [
  File "/projects/kzhou6/bcui2/env_software/miniconda3-aarch64/envs/tilebench++_env/lib/python3.10/site-packages/tilelang/autotuner/tuner.py", line 385, in <listcomp>
    tensor.to(device=target_device).clone() if isinstance(tensor, torch.Tensor) else tensor for tensor in _frozen_inputs
torch.AcceleratorError: CUDA error: an illegal instruction was encountered
Search for `cudaErrorIllegalInstruction' in https://docs.nvidia.com/cuda/cuda-runtime-api/group__CUDART__TYPES.html for more information.
CUDA kernel errors might be asynchronously reported at some other API call, so the stacktrace below might be incorrect.
For debugging consider passing CUDA_LAUNCH_BLOCKING=1
Compile with `TORCH_USE_CUDA_DSA` to enable device-side assertions.


2026-10-01 17:10:03,465 WARNING:An error occurred while testing config {'BLOCK_SIZE_M': 32, 'BLOCK_SIZE_N': 32, 'BLOCK_SIZE_K': 64, 'GROUPSIZE': 8, 'threads': 128, 'num_stages': 4}, checkout autotuner.log for more details
2026-10-01 17:10:03,465 DEBUG:Error: Traceback (most recent call last):
  File "/projects/kzhou6/bcui2/env_software/miniconda3-aarch64/envs/tilebench++_env/lib/python3.10/site-packages/tilelang/autotuner/tuner.py", line 650, in _run_benchmark_target
    latency, worker_ref_latency = benchmark_target(
  File "/projects/kzhou6/bcui2/env_software/miniconda3-aarch64/envs/tilebench++_env/lib/python3.10/site-packages/tilelang/autotuner/tuner.py", line 769, in _benchmark_target
    jit_input_tensors_cache = jit_input_tensors_supply()
  File "/projects/kzhou6/bcui2/env_software/miniconda3-aarch64/envs/tilebench++_env/lib/python3.10/site-packages/tilelang/autotuner/tuner.py", line 727, in func
    return supply_prog(profiler._get_params(with_output=with_output))
  File "/projects/kzhou6/bcui2/env_software/miniconda3-aarch64/envs/tilebench++_env/lib/python3.10/site-packages/tilelang/autotuner/tuner.py", line 384, in supply_prog
    _cached_tensors_by_device[device] = [
  File "/projects/kzhou6/bcui2/env_software/miniconda3-aarch64/envs/tilebench++_env/lib/python3.10/site-packages/tilelang/autotuner/tuner.py", line 385, in <listcomp>
    tensor.to(device=target_device).clone() if isinstance(tensor, torch.Tensor) else tensor for tensor in _frozen_inputs
torch.AcceleratorError: CUDA error: an illegal instruction was encountered
Search for `cudaErrorIllegalInstruction' in https://docs.nvidia.com/cuda/cuda-runtime-api/group__CUDART__TYPES.html for more information.
CUDA kernel errors might be asynchronously reported at some other API call, so the stacktrace below might be incorrect.
For debugging consider passing CUDA_LAUNCH_BLOCKING=1
Compile with `TORCH_USE_CUDA_DSA` to enable device-side assertions.


2026-10-01 17:10:03,465 WARNING:An error occurred while testing config {'BLOCK_SIZE_M': 64, 'BLOCK_SIZE_N': 128, 'BLOCK_SIZE_K': 32, 'GROUPSIZE': 1, 'threads': 128, 'num_stages': 2}, checkout autotuner.log for more details
2026-10-01 17:10:03,465 DEBUG:Error: Traceback (most recent call last):
  File "/projects/kzhou6/bcui2/env_software/miniconda3-aarch64/envs/tilebench++_env/lib/python3.10/site-packages/tilelang/autotuner/tuner.py", line 650, in _run_benchmark_target
    latency, worker_ref_latency = benchmark_target(
  File "/projects/kzhou6/bcui2/env_software/miniconda3-aarch64/envs/tilebench++_env/lib/python3.10/site-packages/tilelang/autotuner/tuner.py", line 769, in _benchmark_target
    jit_input_tensors_cache = jit_input_tensors_supply()
  File "/projects/kzhou6/bcui2/env_software/miniconda3-aarch64/envs/tilebench++_env/lib/python3.10/site-packages/tilelang/autotuner/tuner.py", line 727, in func
    return supply_prog(profiler._get_params(with_output=with_output))
  File "/projects/kzhou6/bcui2/env_software/miniconda3-aarch64/envs/tilebench++_env/lib/python3.10/site-packages/tilelang/autotuner/tuner.py", line 384, in supply_prog
    _cached_tensors_by_device[device] = [
  File "/projects/kzhou6/bcui2/env_software/miniconda3-aarch64/envs/tilebench++_env/lib/python3.10/site-packages/tilelang/autotuner/tuner.py", line 385, in <listcomp>
    tensor.to(device=target_device).clone() if isinstance(tensor, torch.Tensor) else tensor for tensor in _frozen_inputs
torch.AcceleratorError: CUDA error: an illegal instruction was encountered
Search for `cudaErrorIllegalInstruction' in https://docs.nvidia.com/cuda/cuda-runtime-api/group__CUDART__TYPES.html for more information.
CUDA kernel errors might be asynchronously reported at some other API call, so the stacktrace below might be incorrect.
For debugging consider passing CUDA_LAUNCH_BLOCKING=1
Compile with `TORCH_USE_CUDA_DSA` to enable device-side assertions.


2026-10-01 17:10:03,466 WARNING:An error occurred while testing config {'BLOCK_SIZE_M': 32, 'BLOCK_SIZE_N': 128, 'BLOCK_SIZE_K': 64, 'GROUPSIZE': 8, 'threads': 128, 'num_stages': 3}, checkout autotuner.log for more details
2026-10-01 17:10:03,466 DEBUG:Error: Traceback (most recent call last):
  File "/projects/kzhou6/bcui2/env_software/miniconda3-aarch64/envs/tilebench++_env/lib/python3.10/site-packages/tilelang/autotuner/tuner.py", line 650, in _run_benchmark_target
    latency, worker_ref_latency = benchmark_target(
  File "/projects/kzhou6/bcui2/env_software/miniconda3-aarch64/envs/tilebench++_env/lib/python3.10/site-packages/tilelang/autotuner/tuner.py", line 769, in _benchmark_target
    jit_input_tensors_cache = jit_input_tensors_supply()
  File "/projects/kzhou6/bcui2/env_software/miniconda3-aarch64/envs/tilebench++_env/lib/python3.10/site-packages/tilelang/autotuner/tuner.py", line 727, in func
    return supply_prog(profiler._get_params(with_output=with_output))
  File "/projects/kzhou6/bcui2/env_software/miniconda3-aarch64/envs/tilebench++_env/lib/python3.10/site-packages/tilelang/autotuner/tuner.py", line 384, in supply_prog
    _cached_tensors_by_device[device] = [
  File "/projects/kzhou6/bcui2/env_software/miniconda3-aarch64/envs/tilebench++_env/lib/python3.10/site-packages/tilelang/autotuner/tuner.py", line 385, in <listcomp>
    tensor.to(device=target_device).clone() if isinstance(tensor, torch.Tensor) else tensor for tensor in _frozen_inputs
torch.AcceleratorError: CUDA error: an illegal instruction was encountered
Search for `cudaErrorIllegalInstruction' in https://docs.nvidia.com/cuda/cuda-runtime-api/group__CUDART__TYPES.html for more information.
CUDA kernel errors might be asynchronously reported at some other API call, so the stacktrace below might be incorrect.
For debugging consider passing CUDA_LAUNCH_BLOCKING=1
Compile with `TORCH_USE_CUDA_DSA` to enable device-side assertions.


2026-10-01 17:10:03,466 WARNING:An error occurred while testing config {'BLOCK_SIZE_M': 64, 'BLOCK_SIZE_N': 128, 'BLOCK_SIZE_K': 32, 'GROUPSIZE': 8, 'threads': 128, 'num_stages': 3}, checkout autotuner.log for more details
2026-10-01 17:10:03,466 DEBUG:Error: Traceback (most recent call last):
  File "/projects/kzhou6/bcui2/env_software/miniconda3-aarch64/envs/tilebench++_env/lib/python3.10/site-packages/tilelang/autotuner/tuner.py", line 650, in _run_benchmark_target
    latency, worker_ref_latency = benchmark_target(
  File "/projects/kzhou6/bcui2/env_software/miniconda3-aarch64/envs/tilebench++_env/lib/python3.10/site-packages/tilelang/autotuner/tuner.py", line 769, in _benchmark_target
    jit_input_tensors_cache = jit_input_tensors_supply()
  File "/projects/kzhou6/bcui2/env_software/miniconda3-aarch64/envs/tilebench++_env/lib/python3.10/site-packages/tilelang/autotuner/tuner.py", line 727, in func
    return supply_prog(profiler._get_params(with_output=with_output))
  File "/projects/kzhou6/bcui2/env_software/miniconda3-aarch64/envs/tilebench++_env/lib/python3.10/site-packages/tilelang/autotuner/tuner.py", line 384, in supply_prog
    _cached_tensors_by_device[device] = [
  File "/projects/kzhou6/bcui2/env_software/miniconda3-aarch64/envs/tilebench++_env/lib/python3.10/site-packages/tilelang/autotuner/tuner.py", line 385, in <listcomp>
    tensor.to(device=target_device).clone() if isinstance(tensor, torch.Tensor) else tensor for tensor in _frozen_inputs
torch.AcceleratorError: CUDA error: an illegal instruction was encountered
Search for `cudaErrorIllegalInstruction' in https://docs.nvidia.com/cuda/cuda-runtime-api/group__CUDART__TYPES.html for more information.
CUDA kernel errors might be asynchronously reported at some other API call, so the stacktrace below might be incorrect.
For debugging consider passing CUDA_LAUNCH_BLOCKING=1
Compile with `TORCH_USE_CUDA_DSA` to enable device-side assertions.


2026-10-01 17:10:03,467 WARNING:An error occurred while testing config {'BLOCK_SIZE_M': 64, 'BLOCK_SIZE_N': 32, 'BLOCK_SIZE_K': 64, 'GROUPSIZE': 1, 'threads': 256, 'num_stages': 2}, checkout autotuner.log for more details
2026-10-01 17:10:03,467 DEBUG:Error: Traceback (most recent call last):
  File "/projects/kzhou6/bcui2/env_software/miniconda3-aarch64/envs/tilebench++_env/lib/python3.10/site-packages/tilelang/autotuner/tuner.py", line 650, in _run_benchmark_target
    latency, worker_ref_latency = benchmark_target(
  File "/projects/kzhou6/bcui2/env_software/miniconda3-aarch64/envs/tilebench++_env/lib/python3.10/site-packages/tilelang/autotuner/tuner.py", line 769, in _benchmark_target
    jit_input_tensors_cache = jit_input_tensors_supply()
  File "/projects/kzhou6/bcui2/env_software/miniconda3-aarch64/envs/tilebench++_env/lib/python3.10/site-packages/tilelang/autotuner/tuner.py", line 727, in func
    return supply_prog(profiler._get_params(with_output=with_output))
  File "/projects/kzhou6/bcui2/env_software/miniconda3-aarch64/envs/tilebench++_env/lib/python3.10/site-packages/tilelang/autotuner/tuner.py", line 384, in supply_prog
    _cached_tensors_by_device[device] = [
  File "/projects/kzhou6/bcui2/env_software/miniconda3-aarch64/envs/tilebench++_env/lib/python3.10/site-packages/tilelang/autotuner/tuner.py", line 385, in <listcomp>
    tensor.to(device=target_device).clone() if isinstance(tensor, torch.Tensor) else tensor for tensor in _frozen_inputs
torch.AcceleratorError: CUDA error: an illegal instruction was encountered
Search for `cudaErrorIllegalInstruction' in https://docs.nvidia.com/cuda/cuda-runtime-api/group__CUDART__TYPES.html for more information.
CUDA kernel errors might be asynchronously reported at some other API call, so the stacktrace below might be incorrect.
For debugging consider passing CUDA_LAUNCH_BLOCKING=1
Compile with `TORCH_USE_CUDA_DSA` to enable device-side assertions.


2026-10-01 17:10:03,467 WARNING:An error occurred while testing config {'BLOCK_SIZE_M': 32, 'BLOCK_SIZE_N': 64, 'BLOCK_SIZE_K': 64, 'GROUPSIZE': 8, 'threads': 256, 'num_stages': 2}, checkout autotuner.log for more details
2026-10-01 17:10:03,467 DEBUG:Error: Traceback (most recent call last):
  File "/projects/kzhou6/bcui2/env_software/miniconda3-aarch64/envs/tilebench++_env/lib/python3.10/site-packages/tilelang/autotuner/tuner.py", line 650, in _run_benchmark_target
    latency, worker_ref_latency = benchmark_target(
  File "/projects/kzhou6/bcui2/env_software/miniconda3-aarch64/envs/tilebench++_env/lib/python3.10/site-packages/tilelang/autotuner/tuner.py", line 769, in _benchmark_target
    jit_input_tensors_cache = jit_input_tensors_supply()
  File "/projects/kzhou6/bcui2/env_software/miniconda3-aarch64/envs/tilebench++_env/lib/python3.10/site-packages/tilelang/autotuner/tuner.py", line 727, in func
    return supply_prog(profiler._get_params(with_output=with_output))
  File "/projects/kzhou6/bcui2/env_software/miniconda3-aarch64/envs/tilebench++_env/lib/python3.10/site-packages/tilelang/autotuner/tuner.py", line 384, in supply_prog
    _cached_tensors_by_device[device] = [
  File "/projects/kzhou6/bcui2/env_software/miniconda3-aarch64/envs/tilebench++_env/lib/python3.10/site-packages/tilelang/autotuner/tuner.py", line 385, in <listcomp>
    tensor.to(device=target_device).clone() if isinstance(tensor, torch.Tensor) else tensor for tensor in _frozen_inputs
torch.AcceleratorError: CUDA error: an illegal instruction was encountered
Search for `cudaErrorIllegalInstruction' in https://docs.nvidia.com/cuda/cuda-runtime-api/group__CUDART__TYPES.html for more information.
CUDA kernel errors might be asynchronously reported at some other API call, so the stacktrace below might be incorrect.
For debugging consider passing CUDA_LAUNCH_BLOCKING=1
Compile with `TORCH_USE_CUDA_DSA` to enable device-side assertions.


2026-10-01 17:10:03,468 WARNING:An error occurred while testing config {'BLOCK_SIZE_M': 64, 'BLOCK_SIZE_N': 128, 'BLOCK_SIZE_K': 32, 'GROUPSIZE': 8, 'threads': 128, 'num_stages': 2}, checkout autotuner.log for more details
2026-10-01 17:10:03,468 DEBUG:Error: Traceback (most recent call last):
  File "/projects/kzhou6/bcui2/env_software/miniconda3-aarch64/envs/tilebench++_env/lib/python3.10/site-packages/tilelang/autotuner/tuner.py", line 650, in _run_benchmark_target
    latency, worker_ref_latency = benchmark_target(
  File "/projects/kzhou6/bcui2/env_software/miniconda3-aarch64/envs/tilebench++_env/lib/python3.10/site-packages/tilelang/autotuner/tuner.py", line 769, in _benchmark_target
    jit_input_tensors_cache = jit_input_tensors_supply()
  File "/projects/kzhou6/bcui2/env_software/miniconda3-aarch64/envs/tilebench++_env/lib/python3.10/site-packages/tilelang/autotuner/tuner.py", line 727, in func
    return supply_prog(profiler._get_params(with_output=with_output))
  File "/projects/kzhou6/bcui2/env_software/miniconda3-aarch64/envs/tilebench++_env/lib/python3.10/site-packages/tilelang/autotuner/tuner.py", line 384, in supply_prog
    _cached_tensors_by_device[device] = [
  File "/projects/kzhou6/bcui2/env_software/miniconda3-aarch64/envs/tilebench++_env/lib/python3.10/site-packages/tilelang/autotuner/tuner.py", line 385, in <listcomp>
    tensor.to(device=target_device).clone() if isinstance(tensor, torch.Tensor) else tensor for tensor in _frozen_inputs
torch.AcceleratorError: CUDA error: an illegal instruction was encountered
Search for `cudaErrorIllegalInstruction' in https://docs.nvidia.com/cuda/cuda-runtime-api/group__CUDART__TYPES.html for more information.
CUDA kernel errors might be asynchronously reported at some other API call, so the stacktrace below might be incorrect.
For debugging consider passing CUDA_LAUNCH_BLOCKING=1
Compile with `TORCH_USE_CUDA_DSA` to enable device-side assertions.


2026-10-01 17:10:03,468 WARNING:An error occurred while testing config {'BLOCK_SIZE_M': 64, 'BLOCK_SIZE_N': 32, 'BLOCK_SIZE_K': 64, 'GROUPSIZE': 1, 'threads': 128, 'num_stages': 2}, checkout autotuner.log for more details
2026-10-01 17:10:03,468 DEBUG:Error: Traceback (most recent call last):
  File "/projects/kzhou6/bcui2/env_software/miniconda3-aarch64/envs/tilebench++_env/lib/python3.10/site-packages/tilelang/autotuner/tuner.py", line 650, in _run_benchmark_target
    latency, worker_ref_latency = benchmark_target(
  File "/projects/kzhou6/bcui2/env_software/miniconda3-aarch64/envs/tilebench++_env/lib/python3.10/site-packages/tilelang/autotuner/tuner.py", line 769, in _benchmark_target
    jit_input_tensors_cache = jit_input_tensors_supply()
  File "/projects/kzhou6/bcui2/env_software/miniconda3-aarch64/envs/tilebench++_env/lib/python3.10/site-packages/tilelang/autotuner/tuner.py", line 727, in func
    return supply_prog(profiler._get_params(with_output=with_output))
  File "/projects/kzhou6/bcui2/env_software/miniconda3-aarch64/envs/tilebench++_env/lib/python3.10/site-packages/tilelang/autotuner/tuner.py", line 384, in supply_prog
    _cached_tensors_by_device[device] = [
  File "/projects/kzhou6/bcui2/env_software/miniconda3-aarch64/envs/tilebench++_env/lib/python3.10/site-packages/tilelang/autotuner/tuner.py", line 385, in <listcomp>
    tensor.to(device=target_device).clone() if isinstance(tensor, torch.Tensor) else tensor for tensor in _frozen_inputs
torch.AcceleratorError: CUDA error: an illegal instruction was encountered
Search for `cudaErrorIllegalInstruction' in https://docs.nvidia.com/cuda/cuda-runtime-api/group__CUDART__TYPES.html for more information.
CUDA kernel errors might be asynchronously reported at some other API call, so the stacktrace below might be incorrect.
For debugging consider passing CUDA_LAUNCH_BLOCKING=1
Compile with `TORCH_USE_CUDA_DSA` to enable device-side assertions.


2026-10-01 17:10:03,468 WARNING:An error occurred while testing config {'BLOCK_SIZE_M': 32, 'BLOCK_SIZE_N': 128, 'BLOCK_SIZE_K': 32, 'GROUPSIZE': 8, 'threads': 128, 'num_stages': 2}, checkout autotuner.log for more details
2026-10-01 17:10:03,469 DEBUG:Error: Traceback (most recent call last):
  File "/projects/kzhou6/bcui2/env_software/miniconda3-aarch64/envs/tilebench++_env/lib/python3.10/site-packages/tilelang/autotuner/tuner.py", line 650, in _run_benchmark_target
    latency, worker_ref_latency = benchmark_target(
  File "/projects/kzhou6/bcui2/env_software/miniconda3-aarch64/envs/tilebench++_env/lib/python3.10/site-packages/tilelang/autotuner/tuner.py", line 769, in _benchmark_target
    jit_input_tensors_cache = jit_input_tensors_supply()
  File "/projects/kzhou6/bcui2/env_software/miniconda3-aarch64/envs/tilebench++_env/lib/python3.10/site-packages/tilelang/autotuner/tuner.py", line 727, in func
    return supply_prog(profiler._get_params(with_output=with_output))
  File "/projects/kzhou6/bcui2/env_software/miniconda3-aarch64/envs/tilebench++_env/lib/python3.10/site-packages/tilelang/autotuner/tuner.py", line 384, in supply_prog
    _cached_tensors_by_device[device] = [
  File "/projects/kzhou6/bcui2/env_software/miniconda3-aarch64/envs/tilebench++_env/lib/python3.10/site-packages/tilelang/autotuner/tuner.py", line 385, in <listcomp>
    tensor.to(device=target_device).clone() if isinstance(tensor, torch.Tensor) else tensor for tensor in _frozen_inputs
torch.AcceleratorError: CUDA error: an illegal instruction was encountered
Search for `cudaErrorIllegalInstruction' in https://docs.nvidia.com/cuda/cuda-runtime-api/group__CUDART__TYPES.html for more information.
CUDA kernel errors might be asynchronously reported at some other API call, so the stacktrace below might be incorrect.
For debugging consider passing CUDA_LAUNCH_BLOCKING=1
Compile with `TORCH_USE_CUDA_DSA` to enable device-side assertions.


2026-10-01 17:10:03,469 WARNING:An error occurred while testing config {'BLOCK_SIZE_M': 64, 'BLOCK_SIZE_N': 32, 'BLOCK_SIZE_K': 64, 'GROUPSIZE': 8, 'threads': 128, 'num_stages': 2}, checkout autotuner.log for more details
2026-10-01 17:10:03,469 DEBUG:Error: Traceback (most recent call last):
  File "/projects/kzhou6/bcui2/env_software/miniconda3-aarch64/envs/tilebench++_env/lib/python3.10/site-packages/tilelang/autotuner/tuner.py", line 650, in _run_benchmark_target
    latency, worker_ref_latency = benchmark_target(
  File "/projects/kzhou6/bcui2/env_software/miniconda3-aarch64/envs/tilebench++_env/lib/python3.10/site-packages/tilelang/autotuner/tuner.py", line 769, in _benchmark_target
    jit_input_tensors_cache = jit_input_tensors_supply()
  File "/projects/kzhou6/bcui2/env_software/miniconda3-aarch64/envs/tilebench++_env/lib/python3.10/site-packages/tilelang/autotuner/tuner.py", line 727, in func
    return supply_prog(profiler._get_params(with_output=with_output))
  File "/projects/kzhou6/bcui2/env_software/miniconda3-aarch64/envs/tilebench++_env/lib/python3.10/site-packages/tilelang/autotuner/tuner.py", line 384, in supply_prog
    _cached_tensors_by_device[device] = [
  File "/projects/kzhou6/bcui2/env_software/miniconda3-aarch64/envs/tilebench++_env/lib/python3.10/site-packages/tilelang/autotuner/tuner.py", line 385, in <listcomp>
    tensor.to(device=target_device).clone() if isinstance(tensor, torch.Tensor) else tensor for tensor in _frozen_inputs
torch.AcceleratorError: CUDA error: an illegal instruction was encountered
Search for `cudaErrorIllegalInstruction' in https://docs.nvidia.com/cuda/cuda-runtime-api/group__CUDART__TYPES.html for more information.
CUDA kernel errors might be asynchronously reported at some other API call, so the stacktrace below might be incorrect.
For debugging consider passing CUDA_LAUNCH_BLOCKING=1
Compile with `TORCH_USE_CUDA_DSA` to enable device-side assertions.


2026-10-01 17:10:03,469 WARNING:An error occurred while testing config {'BLOCK_SIZE_M': 32, 'BLOCK_SIZE_N': 64, 'BLOCK_SIZE_K': 64, 'GROUPSIZE': 1, 'threads': 256, 'num_stages': 2}, checkout autotuner.log for more details
2026-10-01 17:10:03,469 DEBUG:Error: Traceback (most recent call last):
  File "/projects/kzhou6/bcui2/env_software/miniconda3-aarch64/envs/tilebench++_env/lib/python3.10/site-packages/tilelang/autotuner/tuner.py", line 650, in _run_benchmark_target
    latency, worker_ref_latency = benchmark_target(
  File "/projects/kzhou6/bcui2/env_software/miniconda3-aarch64/envs/tilebench++_env/lib/python3.10/site-packages/tilelang/autotuner/tuner.py", line 769, in _benchmark_target
    jit_input_tensors_cache = jit_input_tensors_supply()
  File "/projects/kzhou6/bcui2/env_software/miniconda3-aarch64/envs/tilebench++_env/lib/python3.10/site-packages/tilelang/autotuner/tuner.py", line 727, in func
    return supply_prog(profiler._get_params(with_output=with_output))
  File "/projects/kzhou6/bcui2/env_software/miniconda3-aarch64/envs/tilebench++_env/lib/python3.10/site-packages/tilelang/autotuner/tuner.py", line 384, in supply_prog
    _cached_tensors_by_device[device] = [
  File "/projects/kzhou6/bcui2/env_software/miniconda3-aarch64/envs/tilebench++_env/lib/python3.10/site-packages/tilelang/autotuner/tuner.py", line 385, in <listcomp>
    tensor.to(device=target_device).clone() if isinstance(tensor, torch.Tensor) else tensor for tensor in _frozen_inputs
torch.AcceleratorError: CUDA error: an illegal instruction was encountered
Search for `cudaErrorIllegalInstruction' in https://docs.nvidia.com/cuda/cuda-runtime-api/group__CUDART__TYPES.html for more information.
CUDA kernel errors might be asynchronously reported at some other API call, so the stacktrace below might be incorrect.
For debugging consider passing CUDA_LAUNCH_BLOCKING=1
Compile with `TORCH_USE_CUDA_DSA` to enable device-side assertions.


2026-10-01 17:10:03,470 WARNING:An error occurred while testing config {'BLOCK_SIZE_M': 32, 'BLOCK_SIZE_N': 32, 'BLOCK_SIZE_K': 32, 'GROUPSIZE': 1, 'threads': 256, 'num_stages': 3}, checkout autotuner.log for more details
2026-10-01 17:10:03,470 DEBUG:Error: Traceback (most recent call last):
  File "/projects/kzhou6/bcui2/env_software/miniconda3-aarch64/envs/tilebench++_env/lib/python3.10/site-packages/tilelang/autotuner/tuner.py", line 650, in _run_benchmark_target
    latency, worker_ref_latency = benchmark_target(
  File "/projects/kzhou6/bcui2/env_software/miniconda3-aarch64/envs/tilebench++_env/lib/python3.10/site-packages/tilelang/autotuner/tuner.py", line 769, in _benchmark_target
    jit_input_tensors_cache = jit_input_tensors_supply()
  File "/projects/kzhou6/bcui2/env_software/miniconda3-aarch64/envs/tilebench++_env/lib/python3.10/site-packages/tilelang/autotuner/tuner.py", line 727, in func
    return supply_prog(profiler._get_params(with_output=with_output))
  File "/projects/kzhou6/bcui2/env_software/miniconda3-aarch64/envs/tilebench++_env/lib/python3.10/site-packages/tilelang/autotuner/tuner.py", line 384, in supply_prog
    _cached_tensors_by_device[device] = [
  File "/projects/kzhou6/bcui2/env_software/miniconda3-aarch64/envs/tilebench++_env/lib/python3.10/site-packages/tilelang/autotuner/tuner.py", line 385, in <listcomp>
    tensor.to(device=target_device).clone() if isinstance(tensor, torch.Tensor) else tensor for tensor in _frozen_inputs
torch.AcceleratorError: CUDA error: an illegal instruction was encountered
Search for `cudaErrorIllegalInstruction' in https://docs.nvidia.com/cuda/cuda-runtime-api/group__CUDART__TYPES.html for more information.
CUDA kernel errors might be asynchronously reported at some other API call, so the stacktrace below might be incorrect.
For debugging consider passing CUDA_LAUNCH_BLOCKING=1
Compile with `TORCH_USE_CUDA_DSA` to enable device-side assertions.


2026-10-01 17:10:03,470 WARNING:An error occurred while testing config {'BLOCK_SIZE_M': 32, 'BLOCK_SIZE_N': 32, 'BLOCK_SIZE_K': 32, 'GROUPSIZE': 1, 'threads': 128, 'num_stages': 3}, checkout autotuner.log for more details
2026-10-01 17:10:03,470 DEBUG:Error: Traceback (most recent call last):
  File "/projects/kzhou6/bcui2/env_software/miniconda3-aarch64/envs/tilebench++_env/lib/python3.10/site-packages/tilelang/autotuner/tuner.py", line 650, in _run_benchmark_target
    latency, worker_ref_latency = benchmark_target(
  File "/projects/kzhou6/bcui2/env_software/miniconda3-aarch64/envs/tilebench++_env/lib/python3.10/site-packages/tilelang/autotuner/tuner.py", line 769, in _benchmark_target
    jit_input_tensors_cache = jit_input_tensors_supply()
  File "/projects/kzhou6/bcui2/env_software/miniconda3-aarch64/envs/tilebench++_env/lib/python3.10/site-packages/tilelang/autotuner/tuner.py", line 727, in func
    return supply_prog(profiler._get_params(with_output=with_output))
  File "/projects/kzhou6/bcui2/env_software/miniconda3-aarch64/envs/tilebench++_env/lib/python3.10/site-packages/tilelang/autotuner/tuner.py", line 384, in supply_prog
    _cached_tensors_by_device[device] = [
  File "/projects/kzhou6/bcui2/env_software/miniconda3-aarch64/envs/tilebench++_env/lib/python3.10/site-packages/tilelang/autotuner/tuner.py", line 385, in <listcomp>
    tensor.to(device=target_device).clone() if isinstance(tensor, torch.Tensor) else tensor for tensor in _frozen_inputs
torch.AcceleratorError: CUDA error: an illegal instruction was encountered
Search for `cudaErrorIllegalInstruction' in https://docs.nvidia.com/cuda/cuda-runtime-api/group__CUDART__TYPES.html for more information.
CUDA kernel errors might be asynchronously reported at some other API call, so the stacktrace below might be incorrect.
For debugging consider passing CUDA_LAUNCH_BLOCKING=1
Compile with `TORCH_USE_CUDA_DSA` to enable device-side assertions.


2026-10-01 17:10:03,470 WARNING:An error occurred while testing config {'BLOCK_SIZE_M': 32, 'BLOCK_SIZE_N': 32, 'BLOCK_SIZE_K': 32, 'GROUPSIZE': 8, 'threads': 256, 'num_stages': 3}, checkout autotuner.log for more details
2026-10-01 17:10:03,471 DEBUG:Error: Traceback (most recent call last):
  File "/projects/kzhou6/bcui2/env_software/miniconda3-aarch64/envs/tilebench++_env/lib/python3.10/site-packages/tilelang/autotuner/tuner.py", line 650, in _run_benchmark_target
    latency, worker_ref_latency = benchmark_target(
  File "/projects/kzhou6/bcui2/env_software/miniconda3-aarch64/envs/tilebench++_env/lib/python3.10/site-packages/tilelang/autotuner/tuner.py", line 769, in _benchmark_target
    jit_input_tensors_cache = jit_input_tensors_supply()
  File "/projects/kzhou6/bcui2/env_software/miniconda3-aarch64/envs/tilebench++_env/lib/python3.10/site-packages/tilelang/autotuner/tuner.py", line 727, in func
    return supply_prog(profiler._get_params(with_output=with_output))
  File "/projects/kzhou6/bcui2/env_software/miniconda3-aarch64/envs/tilebench++_env/lib/python3.10/site-packages/tilelang/autotuner/tuner.py", line 384, in supply_prog
    _cached_tensors_by_device[device] = [
  File "/projects/kzhou6/bcui2/env_software/miniconda3-aarch64/envs/tilebench++_env/lib/python3.10/site-packages/tilelang/autotuner/tuner.py", line 385, in <listcomp>
    tensor.to(device=target_device).clone() if isinstance(tensor, torch.Tensor) else tensor for tensor in _frozen_inputs
torch.AcceleratorError: CUDA error: an illegal instruction was encountered
Search for `cudaErrorIllegalInstruction' in https://docs.nvidia.com/cuda/cuda-runtime-api/group__CUDART__TYPES.html for more information.
CUDA kernel errors might be asynchronously reported at some other API call, so the stacktrace below might be incorrect.
For debugging consider passing CUDA_LAUNCH_BLOCKING=1
Compile with `TORCH_USE_CUDA_DSA` to enable device-side assertions.


2026-10-01 17:10:03,471 WARNING:An error occurred while testing config {'BLOCK_SIZE_M': 32, 'BLOCK_SIZE_N': 32, 'BLOCK_SIZE_K': 64, 'GROUPSIZE': 8, 'threads': 128, 'num_stages': 3}, checkout autotuner.log for more details
2026-10-01 17:10:03,471 DEBUG:Error: Traceback (most recent call last):
  File "/projects/kzhou6/bcui2/env_software/miniconda3-aarch64/envs/tilebench++_env/lib/python3.10/site-packages/tilelang/autotuner/tuner.py", line 650, in _run_benchmark_target
    latency, worker_ref_latency = benchmark_target(
  File "/projects/kzhou6/bcui2/env_software/miniconda3-aarch64/envs/tilebench++_env/lib/python3.10/site-packages/tilelang/autotuner/tuner.py", line 769, in _benchmark_target
    jit_input_tensors_cache = jit_input_tensors_supply()
  File "/projects/kzhou6/bcui2/env_software/miniconda3-aarch64/envs/tilebench++_env/lib/python3.10/site-packages/tilelang/autotuner/tuner.py", line 727, in func
    return supply_prog(profiler._get_params(with_output=with_output))
  File "/projects/kzhou6/bcui2/env_software/miniconda3-aarch64/envs/tilebench++_env/lib/python3.10/site-packages/tilelang/autotuner/tuner.py", line 384, in supply_prog
    _cached_tensors_by_device[device] = [
  File "/projects/kzhou6/bcui2/env_software/miniconda3-aarch64/envs/tilebench++_env/lib/python3.10/site-packages/tilelang/autotuner/tuner.py", line 385, in <listcomp>
    tensor.to(device=target_device).clone() if isinstance(tensor, torch.Tensor) else tensor for tensor in _frozen_inputs
torch.AcceleratorError: CUDA error: an illegal instruction was encountered
Search for `cudaErrorIllegalInstruction' in https://docs.nvidia.com/cuda/cuda-runtime-api/group__CUDART__TYPES.html for more information.
CUDA kernel errors might be asynchronously reported at some other API call, so the stacktrace below might be incorrect.
For debugging consider passing CUDA_LAUNCH_BLOCKING=1
Compile with `TORCH_USE_CUDA_DSA` to enable device-side assertions.


2026-10-01 17:10:03,471 WARNING:An error occurred while testing config {'BLOCK_SIZE_M': 32, 'BLOCK_SIZE_N': 32, 'BLOCK_SIZE_K': 64, 'GROUPSIZE': 1, 'threads': 256, 'num_stages': 3}, checkout autotuner.log for more details
2026-10-01 17:10:03,471 DEBUG:Error: Traceback (most recent call last):
  File "/projects/kzhou6/bcui2/env_software/miniconda3-aarch64/envs/tilebench++_env/lib/python3.10/site-packages/tilelang/autotuner/tuner.py", line 650, in _run_benchmark_target
    latency, worker_ref_latency = benchmark_target(
  File "/projects/kzhou6/bcui2/env_software/miniconda3-aarch64/envs/tilebench++_env/lib/python3.10/site-packages/tilelang/autotuner/tuner.py", line 769, in _benchmark_target
    jit_input_tensors_cache = jit_input_tensors_supply()
  File "/projects/kzhou6/bcui2/env_software/miniconda3-aarch64/envs/tilebench++_env/lib/python3.10/site-packages/tilelang/autotuner/tuner.py", line 727, in func
    return supply_prog(profiler._get_params(with_output=with_output))
  File "/projects/kzhou6/bcui2/env_software/miniconda3-aarch64/envs/tilebench++_env/lib/python3.10/site-packages/tilelang/autotuner/tuner.py", line 384, in supply_prog
    _cached_tensors_by_device[device] = [
  File "/projects/kzhou6/bcui2/env_software/miniconda3-aarch64/envs/tilebench++_env/lib/python3.10/site-packages/tilelang/autotuner/tuner.py", line 385, in <listcomp>
    tensor.to(device=target_device).clone() if isinstance(tensor, torch.Tensor) else tensor for tensor in _frozen_inputs
torch.AcceleratorError: CUDA error: an illegal instruction was encountered
Search for `cudaErrorIllegalInstruction' in https://docs.nvidia.com/cuda/cuda-runtime-api/group__CUDART__TYPES.html for more information.
CUDA kernel errors might be asynchronously reported at some other API call, so the stacktrace below might be incorrect.
For debugging consider passing CUDA_LAUNCH_BLOCKING=1
Compile with `TORCH_USE_CUDA_DSA` to enable device-side assertions.


2026-10-01 17:10:03,472 WARNING:An error occurred while testing config {'BLOCK_SIZE_M': 32, 'BLOCK_SIZE_N': 32, 'BLOCK_SIZE_K': 32, 'GROUPSIZE': 8, 'threads': 128, 'num_stages': 3}, checkout autotuner.log for more details
2026-10-01 17:10:03,472 DEBUG:Error: Traceback (most recent call last):
  File "/projects/kzhou6/bcui2/env_software/miniconda3-aarch64/envs/tilebench++_env/lib/python3.10/site-packages/tilelang/autotuner/tuner.py", line 650, in _run_benchmark_target
    latency, worker_ref_latency = benchmark_target(
  File "/projects/kzhou6/bcui2/env_software/miniconda3-aarch64/envs/tilebench++_env/lib/python3.10/site-packages/tilelang/autotuner/tuner.py", line 769, in _benchmark_target
    jit_input_tensors_cache = jit_input_tensors_supply()
  File "/projects/kzhou6/bcui2/env_software/miniconda3-aarch64/envs/tilebench++_env/lib/python3.10/site-packages/tilelang/autotuner/tuner.py", line 727, in func
    return supply_prog(profiler._get_params(with_output=with_output))
  File "/projects/kzhou6/bcui2/env_software/miniconda3-aarch64/envs/tilebench++_env/lib/python3.10/site-packages/tilelang/autotuner/tuner.py", line 384, in supply_prog
    _cached_tensors_by_device[device] = [
  File "/projects/kzhou6/bcui2/env_software/miniconda3-aarch64/envs/tilebench++_env/lib/python3.10/site-packages/tilelang/autotuner/tuner.py", line 385, in <listcomp>
    tensor.to(device=target_device).clone() if isinstance(tensor, torch.Tensor) else tensor for tensor in _frozen_inputs
torch.AcceleratorError: CUDA error: an illegal instruction was encountered
Search for `cudaErrorIllegalInstruction' in https://docs.nvidia.com/cuda/cuda-runtime-api/group__CUDART__TYPES.html for more information.
CUDA kernel errors might be asynchronously reported at some other API call, so the stacktrace below might be incorrect.
For debugging consider passing CUDA_LAUNCH_BLOCKING=1
Compile with `TORCH_USE_CUDA_DSA` to enable device-side assertions.


2026-10-01 17:10:03,472 WARNING:An error occurred while testing config {'BLOCK_SIZE_M': 64, 'BLOCK_SIZE_N': 32, 'BLOCK_SIZE_K': 64, 'GROUPSIZE': 1, 'threads': 256, 'num_stages': 4}, checkout autotuner.log for more details
2026-10-01 17:10:03,472 DEBUG:Error: Traceback (most recent call last):
  File "/projects/kzhou6/bcui2/env_software/miniconda3-aarch64/envs/tilebench++_env/lib/python3.10/site-packages/tilelang/autotuner/tuner.py", line 650, in _run_benchmark_target
    latency, worker_ref_latency = benchmark_target(
  File "/projects/kzhou6/bcui2/env_software/miniconda3-aarch64/envs/tilebench++_env/lib/python3.10/site-packages/tilelang/autotuner/tuner.py", line 769, in _benchmark_target
    jit_input_tensors_cache = jit_input_tensors_supply()
  File "/projects/kzhou6/bcui2/env_software/miniconda3-aarch64/envs/tilebench++_env/lib/python3.10/site-packages/tilelang/autotuner/tuner.py", line 727, in func
    return supply_prog(profiler._get_params(with_output=with_output))
  File "/projects/kzhou6/bcui2/env_software/miniconda3-aarch64/envs/tilebench++_env/lib/python3.10/site-packages/tilelang/autotuner/tuner.py", line 384, in supply_prog
    _cached_tensors_by_device[device] = [
  File "/projects/kzhou6/bcui2/env_software/miniconda3-aarch64/envs/tilebench++_env/lib/python3.10/site-packages/tilelang/autotuner/tuner.py", line 385, in <listcomp>
    tensor.to(device=target_device).clone() if isinstance(tensor, torch.Tensor) else tensor for tensor in _frozen_inputs
torch.AcceleratorError: CUDA error: an illegal instruction was encountered
Search for `cudaErrorIllegalInstruction' in https://docs.nvidia.com/cuda/cuda-runtime-api/group__CUDART__TYPES.html for more information.
CUDA kernel errors might be asynchronously reported at some other API call, so the stacktrace below might be incorrect.
For debugging consider passing CUDA_LAUNCH_BLOCKING=1
Compile with `TORCH_USE_CUDA_DSA` to enable device-side assertions.


2026-10-01 17:10:03,473 WARNING:An error occurred while testing config {'BLOCK_SIZE_M': 64, 'BLOCK_SIZE_N': 32, 'BLOCK_SIZE_K': 32, 'GROUPSIZE': 8, 'threads': 128, 'num_stages': 3}, checkout autotuner.log for more details
2026-10-01 17:10:03,473 DEBUG:Error: Traceback (most recent call last):
  File "/projects/kzhou6/bcui2/env_software/miniconda3-aarch64/envs/tilebench++_env/lib/python3.10/site-packages/tilelang/autotuner/tuner.py", line 650, in _run_benchmark_target
    latency, worker_ref_latency = benchmark_target(
  File "/projects/kzhou6/bcui2/env_software/miniconda3-aarch64/envs/tilebench++_env/lib/python3.10/site-packages/tilelang/autotuner/tuner.py", line 769, in _benchmark_target
    jit_input_tensors_cache = jit_input_tensors_supply()
  File "/projects/kzhou6/bcui2/env_software/miniconda3-aarch64/envs/tilebench++_env/lib/python3.10/site-packages/tilelang/autotuner/tuner.py", line 727, in func
    return supply_prog(profiler._get_params(with_output=with_output))
  File "/projects/kzhou6/bcui2/env_software/miniconda3-aarch64/envs/tilebench++_env/lib/python3.10/site-packages/tilelang/autotuner/tuner.py", line 384, in supply_prog
    _cached_tensors_by_device[device] = [
  File "/projects/kzhou6/bcui2/env_software/miniconda3-aarch64/envs/tilebench++_env/lib/python3.10/site-packages/tilelang/autotuner/tuner.py", line 385, in <listcomp>
    tensor.to(device=target_device).clone() if isinstance(tensor, torch.Tensor) else tensor for tensor in _frozen_inputs
torch.AcceleratorError: CUDA error: an illegal instruction was encountered
Search for `cudaErrorIllegalInstruction' in https://docs.nvidia.com/cuda/cuda-runtime-api/group__CUDART__TYPES.html for more information.
CUDA kernel errors might be asynchronously reported at some other API call, so the stacktrace below might be incorrect.
For debugging consider passing CUDA_LAUNCH_BLOCKING=1
Compile with `TORCH_USE_CUDA_DSA` to enable device-side assertions.


2026-10-01 17:10:03,473 WARNING:An error occurred while testing config {'BLOCK_SIZE_M': 32, 'BLOCK_SIZE_N': 32, 'BLOCK_SIZE_K': 64, 'GROUPSIZE': 1, 'threads': 256, 'num_stages': 4}, checkout autotuner.log for more details
2026-10-01 17:10:03,473 DEBUG:Error: Traceback (most recent call last):
  File "/projects/kzhou6/bcui2/env_software/miniconda3-aarch64/envs/tilebench++_env/lib/python3.10/site-packages/tilelang/autotuner/tuner.py", line 650, in _run_benchmark_target
    latency, worker_ref_latency = benchmark_target(
  File "/projects/kzhou6/bcui2/env_software/miniconda3-aarch64/envs/tilebench++_env/lib/python3.10/site-packages/tilelang/autotuner/tuner.py", line 769, in _benchmark_target
    jit_input_tensors_cache = jit_input_tensors_supply()
  File "/projects/kzhou6/bcui2/env_software/miniconda3-aarch64/envs/tilebench++_env/lib/python3.10/site-packages/tilelang/autotuner/tuner.py", line 727, in func
    return supply_prog(profiler._get_params(with_output=with_output))
  File "/projects/kzhou6/bcui2/env_software/miniconda3-aarch64/envs/tilebench++_env/lib/python3.10/site-packages/tilelang/autotuner/tuner.py", line 384, in supply_prog
    _cached_tensors_by_device[device] = [
  File "/projects/kzhou6/bcui2/env_software/miniconda3-aarch64/envs/tilebench++_env/lib/python3.10/site-packages/tilelang/autotuner/tuner.py", line 385, in <listcomp>
    tensor.to(device=target_device).clone() if isinstance(tensor, torch.Tensor) else tensor for tensor in _frozen_inputs
torch.AcceleratorError: CUDA error: an illegal instruction was encountered
Search for `cudaErrorIllegalInstruction' in https://docs.nvidia.com/cuda/cuda-runtime-api/group__CUDART__TYPES.html for more information.
CUDA kernel errors might be asynchronously reported at some other API call, so the stacktrace below might be incorrect.
For debugging consider passing CUDA_LAUNCH_BLOCKING=1
Compile with `TORCH_USE_CUDA_DSA` to enable device-side assertions.


2026-10-01 17:10:03,473 WARNING:An error occurred while testing config {'BLOCK_SIZE_M': 64, 'BLOCK_SIZE_N': 32, 'BLOCK_SIZE_K': 64, 'GROUPSIZE': 8, 'threads': 256, 'num_stages': 3}, checkout autotuner.log for more details
2026-10-01 17:10:03,473 DEBUG:Error: Traceback (most recent call last):
  File "/projects/kzhou6/bcui2/env_software/miniconda3-aarch64/envs/tilebench++_env/lib/python3.10/site-packages/tilelang/autotuner/tuner.py", line 650, in _run_benchmark_target
    latency, worker_ref_latency = benchmark_target(
  File "/projects/kzhou6/bcui2/env_software/miniconda3-aarch64/envs/tilebench++_env/lib/python3.10/site-packages/tilelang/autotuner/tuner.py", line 769, in _benchmark_target
    jit_input_tensors_cache = jit_input_tensors_supply()
  File "/projects/kzhou6/bcui2/env_software/miniconda3-aarch64/envs/tilebench++_env/lib/python3.10/site-packages/tilelang/autotuner/tuner.py", line 727, in func
    return supply_prog(profiler._get_params(with_output=with_output))
  File "/projects/kzhou6/bcui2/env_software/miniconda3-aarch64/envs/tilebench++_env/lib/python3.10/site-packages/tilelang/autotuner/tuner.py", line 384, in supply_prog
    _cached_tensors_by_device[device] = [
  File "/projects/kzhou6/bcui2/env_software/miniconda3-aarch64/envs/tilebench++_env/lib/python3.10/site-packages/tilelang/autotuner/tuner.py", line 385, in <listcomp>
    tensor.to(device=target_device).clone() if isinstance(tensor, torch.Tensor) else tensor for tensor in _frozen_inputs
torch.AcceleratorError: CUDA error: an illegal instruction was encountered
Search for `cudaErrorIllegalInstruction' in https://docs.nvidia.com/cuda/cuda-runtime-api/group__CUDART__TYPES.html for more information.
CUDA kernel errors might be asynchronously reported at some other API call, so the stacktrace below might be incorrect.
For debugging consider passing CUDA_LAUNCH_BLOCKING=1
Compile with `TORCH_USE_CUDA_DSA` to enable device-side assertions.


2026-10-01 17:10:03,474 WARNING:An error occurred while testing config {'BLOCK_SIZE_M': 32, 'BLOCK_SIZE_N': 32, 'BLOCK_SIZE_K': 64, 'GROUPSIZE': 1, 'threads': 128, 'num_stages': 3}, checkout autotuner.log for more details
2026-10-01 17:10:03,474 DEBUG:Error: Traceback (most recent call last):
  File "/projects/kzhou6/bcui2/env_software/miniconda3-aarch64/envs/tilebench++_env/lib/python3.10/site-packages/tilelang/autotuner/tuner.py", line 650, in _run_benchmark_target
    latency, worker_ref_latency = benchmark_target(
  File "/projects/kzhou6/bcui2/env_software/miniconda3-aarch64/envs/tilebench++_env/lib/python3.10/site-packages/tilelang/autotuner/tuner.py", line 769, in _benchmark_target
    jit_input_tensors_cache = jit_input_tensors_supply()
  File "/projects/kzhou6/bcui2/env_software/miniconda3-aarch64/envs/tilebench++_env/lib/python3.10/site-packages/tilelang/autotuner/tuner.py", line 727, in func
    return supply_prog(profiler._get_params(with_output=with_output))
  File "/projects/kzhou6/bcui2/env_software/miniconda3-aarch64/envs/tilebench++_env/lib/python3.10/site-packages/tilelang/autotuner/tuner.py", line 384, in supply_prog
    _cached_tensors_by_device[device] = [
  File "/projects/kzhou6/bcui2/env_software/miniconda3-aarch64/envs/tilebench++_env/lib/python3.10/site-packages/tilelang/autotuner/tuner.py", line 385, in <listcomp>
    tensor.to(device=target_device).clone() if isinstance(tensor, torch.Tensor) else tensor for tensor in _frozen_inputs
torch.AcceleratorError: CUDA error: an illegal instruction was encountered
Search for `cudaErrorIllegalInstruction' in https://docs.nvidia.com/cuda/cuda-runtime-api/group__CUDART__TYPES.html for more information.
CUDA kernel errors might be asynchronously reported at some other API call, so the stacktrace below might be incorrect.
For debugging consider passing CUDA_LAUNCH_BLOCKING=1
Compile with `TORCH_USE_CUDA_DSA` to enable device-side assertions.


2026-10-01 17:10:03,474 WARNING:An error occurred while testing config {'BLOCK_SIZE_M': 32, 'BLOCK_SIZE_N': 128, 'BLOCK_SIZE_K': 64, 'GROUPSIZE': 1, 'threads': 256, 'num_stages': 3}, checkout autotuner.log for more details
2026-10-01 17:10:03,474 DEBUG:Error: Traceback (most recent call last):
  File "/projects/kzhou6/bcui2/env_software/miniconda3-aarch64/envs/tilebench++_env/lib/python3.10/site-packages/tilelang/autotuner/tuner.py", line 650, in _run_benchmark_target
    latency, worker_ref_latency = benchmark_target(
  File "/projects/kzhou6/bcui2/env_software/miniconda3-aarch64/envs/tilebench++_env/lib/python3.10/site-packages/tilelang/autotuner/tuner.py", line 769, in _benchmark_target
    jit_input_tensors_cache = jit_input_tensors_supply()
  File "/projects/kzhou6/bcui2/env_software/miniconda3-aarch64/envs/tilebench++_env/lib/python3.10/site-packages/tilelang/autotuner/tuner.py", line 727, in func
    return supply_prog(profiler._get_params(with_output=with_output))
  File "/projects/kzhou6/bcui2/env_software/miniconda3-aarch64/envs/tilebench++_env/lib/python3.10/site-packages/tilelang/autotuner/tuner.py", line 384, in supply_prog
    _cached_tensors_by_device[device] = [
  File "/projects/kzhou6/bcui2/env_software/miniconda3-aarch64/envs/tilebench++_env/lib/python3.10/site-packages/tilelang/autotuner/tuner.py", line 385, in <listcomp>
    tensor.to(device=target_device).clone() if isinstance(tensor, torch.Tensor) else tensor for tensor in _frozen_inputs
torch.AcceleratorError: CUDA error: an illegal instruction was encountered
Search for `cudaErrorIllegalInstruction' in https://docs.nvidia.com/cuda/cuda-runtime-api/group__CUDART__TYPES.html for more information.
CUDA kernel errors might be asynchronously reported at some other API call, so the stacktrace below might be incorrect.
For debugging consider passing CUDA_LAUNCH_BLOCKING=1
Compile with `TORCH_USE_CUDA_DSA` to enable device-side assertions.


2026-10-01 17:10:03,475 WARNING:An error occurred while testing config {'BLOCK_SIZE_M': 64, 'BLOCK_SIZE_N': 32, 'BLOCK_SIZE_K': 32, 'GROUPSIZE': 1, 'threads': 128, 'num_stages': 3}, checkout autotuner.log for more details
2026-10-01 17:10:03,475 DEBUG:Error: Traceback (most recent call last):
  File "/projects/kzhou6/bcui2/env_software/miniconda3-aarch64/envs/tilebench++_env/lib/python3.10/site-packages/tilelang/autotuner/tuner.py", line 650, in _run_benchmark_target
    latency, worker_ref_latency = benchmark_target(
  File "/projects/kzhou6/bcui2/env_software/miniconda3-aarch64/envs/tilebench++_env/lib/python3.10/site-packages/tilelang/autotuner/tuner.py", line 769, in _benchmark_target
    jit_input_tensors_cache = jit_input_tensors_supply()
  File "/projects/kzhou6/bcui2/env_software/miniconda3-aarch64/envs/tilebench++_env/lib/python3.10/site-packages/tilelang/autotuner/tuner.py", line 727, in func
    return supply_prog(profiler._get_params(with_output=with_output))
  File "/projects/kzhou6/bcui2/env_software/miniconda3-aarch64/envs/tilebench++_env/lib/python3.10/site-packages/tilelang/autotuner/tuner.py", line 384, in supply_prog
    _cached_tensors_by_device[device] = [
  File "/projects/kzhou6/bcui2/env_software/miniconda3-aarch64/envs/tilebench++_env/lib/python3.10/site-packages/tilelang/autotuner/tuner.py", line 385, in <listcomp>
    tensor.to(device=target_device).clone() if isinstance(tensor, torch.Tensor) else tensor for tensor in _frozen_inputs
torch.AcceleratorError: CUDA error: an illegal instruction was encountered
Search for `cudaErrorIllegalInstruction' in https://docs.nvidia.com/cuda/cuda-runtime-api/group__CUDART__TYPES.html for more information.
CUDA kernel errors might be asynchronously reported at some other API call, so the stacktrace below might be incorrect.
For debugging consider passing CUDA_LAUNCH_BLOCKING=1
Compile with `TORCH_USE_CUDA_DSA` to enable device-side assertions.


2026-10-01 17:10:03,475 WARNING:An error occurred while testing config {'BLOCK_SIZE_M': 32, 'BLOCK_SIZE_N': 32, 'BLOCK_SIZE_K': 64, 'GROUPSIZE': 8, 'threads': 256, 'num_stages': 4}, checkout autotuner.log for more details
2026-10-01 17:10:03,475 DEBUG:Error: Traceback (most recent call last):
  File "/projects/kzhou6/bcui2/env_software/miniconda3-aarch64/envs/tilebench++_env/lib/python3.10/site-packages/tilelang/autotuner/tuner.py", line 650, in _run_benchmark_target
    latency, worker_ref_latency = benchmark_target(
  File "/projects/kzhou6/bcui2/env_software/miniconda3-aarch64/envs/tilebench++_env/lib/python3.10/site-packages/tilelang/autotuner/tuner.py", line 769, in _benchmark_target
    jit_input_tensors_cache = jit_input_tensors_supply()
  File "/projects/kzhou6/bcui2/env_software/miniconda3-aarch64/envs/tilebench++_env/lib/python3.10/site-packages/tilelang/autotuner/tuner.py", line 727, in func
    return supply_prog(profiler._get_params(with_output=with_output))
  File "/projects/kzhou6/bcui2/env_software/miniconda3-aarch64/envs/tilebench++_env/lib/python3.10/site-packages/tilelang/autotuner/tuner.py", line 384, in supply_prog
    _cached_tensors_by_device[device] = [
  File "/projects/kzhou6/bcui2/env_software/miniconda3-aarch64/envs/tilebench++_env/lib/python3.10/site-packages/tilelang/autotuner/tuner.py", line 385, in <listcomp>
    tensor.to(device=target_device).clone() if isinstance(tensor, torch.Tensor) else tensor for tensor in _frozen_inputs
torch.AcceleratorError: CUDA error: an illegal instruction was encountered
Search for `cudaErrorIllegalInstruction' in https://docs.nvidia.com/cuda/cuda-runtime-api/group__CUDART__TYPES.html for more information.
CUDA kernel errors might be asynchronously reported at some other API call, so the stacktrace below might be incorrect.
For debugging consider passing CUDA_LAUNCH_BLOCKING=1
Compile with `TORCH_USE_CUDA_DSA` to enable device-side assertions.


2026-10-01 17:10:03,476 WARNING:An error occurred while testing config {'BLOCK_SIZE_M': 64, 'BLOCK_SIZE_N': 32, 'BLOCK_SIZE_K': 32, 'GROUPSIZE': 8, 'threads': 256, 'num_stages': 3}, checkout autotuner.log for more details
2026-10-01 17:10:03,476 DEBUG:Error: Traceback (most recent call last):
  File "/projects/kzhou6/bcui2/env_software/miniconda3-aarch64/envs/tilebench++_env/lib/python3.10/site-packages/tilelang/autotuner/tuner.py", line 650, in _run_benchmark_target
    latency, worker_ref_latency = benchmark_target(
  File "/projects/kzhou6/bcui2/env_software/miniconda3-aarch64/envs/tilebench++_env/lib/python3.10/site-packages/tilelang/autotuner/tuner.py", line 769, in _benchmark_target
    jit_input_tensors_cache = jit_input_tensors_supply()
  File "/projects/kzhou6/bcui2/env_software/miniconda3-aarch64/envs/tilebench++_env/lib/python3.10/site-packages/tilelang/autotuner/tuner.py", line 727, in func
    return supply_prog(profiler._get_params(with_output=with_output))
  File "/projects/kzhou6/bcui2/env_software/miniconda3-aarch64/envs/tilebench++_env/lib/python3.10/site-packages/tilelang/autotuner/tuner.py", line 384, in supply_prog
    _cached_tensors_by_device[device] = [
  File "/projects/kzhou6/bcui2/env_software/miniconda3-aarch64/envs/tilebench++_env/lib/python3.10/site-packages/tilelang/autotuner/tuner.py", line 385, in <listcomp>
    tensor.to(device=target_device).clone() if isinstance(tensor, torch.Tensor) else tensor for tensor in _frozen_inputs
torch.AcceleratorError: CUDA error: an illegal instruction was encountered
Search for `cudaErrorIllegalInstruction' in https://docs.nvidia.com/cuda/cuda-runtime-api/group__CUDART__TYPES.html for more information.
CUDA kernel errors might be asynchronously reported at some other API call, so the stacktrace below might be incorrect.
For debugging consider passing CUDA_LAUNCH_BLOCKING=1
Compile with `TORCH_USE_CUDA_DSA` to enable device-side assertions.


2026-10-01 17:10:03,476 WARNING:An error occurred while testing config {'BLOCK_SIZE_M': 32, 'BLOCK_SIZE_N': 32, 'BLOCK_SIZE_K': 64, 'GROUPSIZE': 1, 'threads': 128, 'num_stages': 4}, checkout autotuner.log for more details
2026-10-01 17:10:03,476 DEBUG:Error: Traceback (most recent call last):
  File "/projects/kzhou6/bcui2/env_software/miniconda3-aarch64/envs/tilebench++_env/lib/python3.10/site-packages/tilelang/autotuner/tuner.py", line 650, in _run_benchmark_target
    latency, worker_ref_latency = benchmark_target(
  File "/projects/kzhou6/bcui2/env_software/miniconda3-aarch64/envs/tilebench++_env/lib/python3.10/site-packages/tilelang/autotuner/tuner.py", line 769, in _benchmark_target
    jit_input_tensors_cache = jit_input_tensors_supply()
  File "/projects/kzhou6/bcui2/env_software/miniconda3-aarch64/envs/tilebench++_env/lib/python3.10/site-packages/tilelang/autotuner/tuner.py", line 727, in func
    return supply_prog(profiler._get_params(with_output=with_output))
  File "/projects/kzhou6/bcui2/env_software/miniconda3-aarch64/envs/tilebench++_env/lib/python3.10/site-packages/tilelang/autotuner/tuner.py", line 384, in supply_prog
    _cached_tensors_by_device[device] = [
  File "/projects/kzhou6/bcui2/env_software/miniconda3-aarch64/envs/tilebench++_env/lib/python3.10/site-packages/tilelang/autotuner/tuner.py", line 385, in <listcomp>
    tensor.to(device=target_device).clone() if isinstance(tensor, torch.Tensor) else tensor for tensor in _frozen_inputs
torch.AcceleratorError: CUDA error: an illegal instruction was encountered
Search for `cudaErrorIllegalInstruction' in https://docs.nvidia.com/cuda/cuda-runtime-api/group__CUDART__TYPES.html for more information.
CUDA kernel errors might be asynchronously reported at some other API call, so the stacktrace below might be incorrect.
For debugging consider passing CUDA_LAUNCH_BLOCKING=1
Compile with `TORCH_USE_CUDA_DSA` to enable device-side assertions.


2026-10-01 17:10:03,476 WARNING:An error occurred while testing config {'BLOCK_SIZE_M': 64, 'BLOCK_SIZE_N': 32, 'BLOCK_SIZE_K': 64, 'GROUPSIZE': 1, 'threads': 256, 'num_stages': 3}, checkout autotuner.log for more details
2026-10-01 17:10:03,476 DEBUG:Error: Traceback (most recent call last):
  File "/projects/kzhou6/bcui2/env_software/miniconda3-aarch64/envs/tilebench++_env/lib/python3.10/site-packages/tilelang/autotuner/tuner.py", line 650, in _run_benchmark_target
    latency, worker_ref_latency = benchmark_target(
  File "/projects/kzhou6/bcui2/env_software/miniconda3-aarch64/envs/tilebench++_env/lib/python3.10/site-packages/tilelang/autotuner/tuner.py", line 769, in _benchmark_target
    jit_input_tensors_cache = jit_input_tensors_supply()
  File "/projects/kzhou6/bcui2/env_software/miniconda3-aarch64/envs/tilebench++_env/lib/python3.10/site-packages/tilelang/autotuner/tuner.py", line 727, in func
    return supply_prog(profiler._get_params(with_output=with_output))
  File "/projects/kzhou6/bcui2/env_software/miniconda3-aarch64/envs/tilebench++_env/lib/python3.10/site-packages/tilelang/autotuner/tuner.py", line 384, in supply_prog
    _cached_tensors_by_device[device] = [
  File "/projects/kzhou6/bcui2/env_software/miniconda3-aarch64/envs/tilebench++_env/lib/python3.10/site-packages/tilelang/autotuner/tuner.py", line 385, in <listcomp>
    tensor.to(device=target_device).clone() if isinstance(tensor, torch.Tensor) else tensor for tensor in _frozen_inputs
torch.AcceleratorError: CUDA error: an illegal instruction was encountered
Search for `cudaErrorIllegalInstruction' in https://docs.nvidia.com/cuda/cuda-runtime-api/group__CUDART__TYPES.html for more information.
CUDA kernel errors might be asynchronously reported at some other API call, so the stacktrace below might be incorrect.
For debugging consider passing CUDA_LAUNCH_BLOCKING=1
Compile with `TORCH_USE_CUDA_DSA` to enable device-side assertions.


2026-10-01 17:10:03,477 WARNING:An error occurred while testing config {'BLOCK_SIZE_M': 64, 'BLOCK_SIZE_N': 32, 'BLOCK_SIZE_K': 32, 'GROUPSIZE': 1, 'threads': 256, 'num_stages': 3}, checkout autotuner.log for more details
2026-10-01 17:10:03,477 DEBUG:Error: Traceback (most recent call last):
  File "/projects/kzhou6/bcui2/env_software/miniconda3-aarch64/envs/tilebench++_env/lib/python3.10/site-packages/tilelang/autotuner/tuner.py", line 650, in _run_benchmark_target
    latency, worker_ref_latency = benchmark_target(
  File "/projects/kzhou6/bcui2/env_software/miniconda3-aarch64/envs/tilebench++_env/lib/python3.10/site-packages/tilelang/autotuner/tuner.py", line 769, in _benchmark_target
    jit_input_tensors_cache = jit_input_tensors_supply()
  File "/projects/kzhou6/bcui2/env_software/miniconda3-aarch64/envs/tilebench++_env/lib/python3.10/site-packages/tilelang/autotuner/tuner.py", line 727, in func
    return supply_prog(profiler._get_params(with_output=with_output))
  File "/projects/kzhou6/bcui2/env_software/miniconda3-aarch64/envs/tilebench++_env/lib/python3.10/site-packages/tilelang/autotuner/tuner.py", line 384, in supply_prog
    _cached_tensors_by_device[device] = [
  File "/projects/kzhou6/bcui2/env_software/miniconda3-aarch64/envs/tilebench++_env/lib/python3.10/site-packages/tilelang/autotuner/tuner.py", line 385, in <listcomp>
    tensor.to(device=target_device).clone() if isinstance(tensor, torch.Tensor) else tensor for tensor in _frozen_inputs
torch.AcceleratorError: CUDA error: an illegal instruction was encountered
Search for `cudaErrorIllegalInstruction' in https://docs.nvidia.com/cuda/cuda-runtime-api/group__CUDART__TYPES.html for more information.
CUDA kernel errors might be asynchronously reported at some other API call, so the stacktrace below might be incorrect.
For debugging consider passing CUDA_LAUNCH_BLOCKING=1
Compile with `TORCH_USE_CUDA_DSA` to enable device-side assertions.


2026-10-01 17:10:03,477 WARNING:An error occurred while testing config {'BLOCK_SIZE_M': 64, 'BLOCK_SIZE_N': 32, 'BLOCK_SIZE_K': 64, 'GROUPSIZE': 8, 'threads': 256, 'num_stages': 4}, checkout autotuner.log for more details
2026-10-01 17:10:03,477 DEBUG:Error: Traceback (most recent call last):
  File "/projects/kzhou6/bcui2/env_software/miniconda3-aarch64/envs/tilebench++_env/lib/python3.10/site-packages/tilelang/autotuner/tuner.py", line 650, in _run_benchmark_target
    latency, worker_ref_latency = benchmark_target(
  File "/projects/kzhou6/bcui2/env_software/miniconda3-aarch64/envs/tilebench++_env/lib/python3.10/site-packages/tilelang/autotuner/tuner.py", line 769, in _benchmark_target
    jit_input_tensors_cache = jit_input_tensors_supply()
  File "/projects/kzhou6/bcui2/env_software/miniconda3-aarch64/envs/tilebench++_env/lib/python3.10/site-packages/tilelang/autotuner/tuner.py", line 727, in func
    return supply_prog(profiler._get_params(with_output=with_output))
  File "/projects/kzhou6/bcui2/env_software/miniconda3-aarch64/envs/tilebench++_env/lib/python3.10/site-packages/tilelang/autotuner/tuner.py", line 384, in supply_prog
    _cached_tensors_by_device[device] = [
  File "/projects/kzhou6/bcui2/env_software/miniconda3-aarch64/envs/tilebench++_env/lib/python3.10/site-packages/tilelang/autotuner/tuner.py", line 385, in <listcomp>
    tensor.to(device=target_device).clone() if isinstance(tensor, torch.Tensor) else tensor for tensor in _frozen_inputs
torch.AcceleratorError: CUDA error: an illegal instruction was encountered
Search for `cudaErrorIllegalInstruction' in https://docs.nvidia.com/cuda/cuda-runtime-api/group__CUDART__TYPES.html for more information.
CUDA kernel errors might be asynchronously reported at some other API call, so the stacktrace below might be incorrect.
For debugging consider passing CUDA_LAUNCH_BLOCKING=1
Compile with `TORCH_USE_CUDA_DSA` to enable device-side assertions.


2026-10-01 17:10:03,478 WARNING:An error occurred while testing config {'BLOCK_SIZE_M': 64, 'BLOCK_SIZE_N': 32, 'BLOCK_SIZE_K': 64, 'GROUPSIZE': 8, 'threads': 128, 'num_stages': 4}, checkout autotuner.log for more details
2026-10-01 17:10:03,478 DEBUG:Error: Traceback (most recent call last):
  File "/projects/kzhou6/bcui2/env_software/miniconda3-aarch64/envs/tilebench++_env/lib/python3.10/site-packages/tilelang/autotuner/tuner.py", line 650, in _run_benchmark_target
    latency, worker_ref_latency = benchmark_target(
  File "/projects/kzhou6/bcui2/env_software/miniconda3-aarch64/envs/tilebench++_env/lib/python3.10/site-packages/tilelang/autotuner/tuner.py", line 769, in _benchmark_target
    jit_input_tensors_cache = jit_input_tensors_supply()
  File "/projects/kzhou6/bcui2/env_software/miniconda3-aarch64/envs/tilebench++_env/lib/python3.10/site-packages/tilelang/autotuner/tuner.py", line 727, in func
    return supply_prog(profiler._get_params(with_output=with_output))
  File "/projects/kzhou6/bcui2/env_software/miniconda3-aarch64/envs/tilebench++_env/lib/python3.10/site-packages/tilelang/autotuner/tuner.py", line 384, in supply_prog
    _cached_tensors_by_device[device] = [
  File "/projects/kzhou6/bcui2/env_software/miniconda3-aarch64/envs/tilebench++_env/lib/python3.10/site-packages/tilelang/autotuner/tuner.py", line 385, in <listcomp>
    tensor.to(device=target_device).clone() if isinstance(tensor, torch.Tensor) else tensor for tensor in _frozen_inputs
torch.AcceleratorError: CUDA error: an illegal instruction was encountered
Search for `cudaErrorIllegalInstruction' in https://docs.nvidia.com/cuda/cuda-runtime-api/group__CUDART__TYPES.html for more information.
CUDA kernel errors might be asynchronously reported at some other API call, so the stacktrace below might be incorrect.
For debugging consider passing CUDA_LAUNCH_BLOCKING=1
Compile with `TORCH_USE_CUDA_DSA` to enable device-side assertions.


2026-10-01 17:10:03,478 WARNING:An error occurred while testing config {'BLOCK_SIZE_M': 64, 'BLOCK_SIZE_N': 128, 'BLOCK_SIZE_K': 32, 'GROUPSIZE': 1, 'threads': 128, 'num_stages': 3}, checkout autotuner.log for more details
2026-10-01 17:10:03,478 DEBUG:Error: Traceback (most recent call last):
  File "/projects/kzhou6/bcui2/env_software/miniconda3-aarch64/envs/tilebench++_env/lib/python3.10/site-packages/tilelang/autotuner/tuner.py", line 650, in _run_benchmark_target
    latency, worker_ref_latency = benchmark_target(
  File "/projects/kzhou6/bcui2/env_software/miniconda3-aarch64/envs/tilebench++_env/lib/python3.10/site-packages/tilelang/autotuner/tuner.py", line 769, in _benchmark_target
    jit_input_tensors_cache = jit_input_tensors_supply()
  File "/projects/kzhou6/bcui2/env_software/miniconda3-aarch64/envs/tilebench++_env/lib/python3.10/site-packages/tilelang/autotuner/tuner.py", line 727, in func
    return supply_prog(profiler._get_params(with_output=with_output))
  File "/projects/kzhou6/bcui2/env_software/miniconda3-aarch64/envs/tilebench++_env/lib/python3.10/site-packages/tilelang/autotuner/tuner.py", line 384, in supply_prog
    _cached_tensors_by_device[device] = [
  File "/projects/kzhou6/bcui2/env_software/miniconda3-aarch64/envs/tilebench++_env/lib/python3.10/site-packages/tilelang/autotuner/tuner.py", line 385, in <listcomp>
    tensor.to(device=target_device).clone() if isinstance(tensor, torch.Tensor) else tensor for tensor in _frozen_inputs
torch.AcceleratorError: CUDA error: an illegal instruction was encountered
Search for `cudaErrorIllegalInstruction' in https://docs.nvidia.com/cuda/cuda-runtime-api/group__CUDART__TYPES.html for more information.
CUDA kernel errors might be asynchronously reported at some other API call, so the stacktrace below might be incorrect.
For debugging consider passing CUDA_LAUNCH_BLOCKING=1
Compile with `TORCH_USE_CUDA_DSA` to enable device-side assertions.


2026-10-01 17:10:03,479 WARNING:An error occurred while testing config {'BLOCK_SIZE_M': 32, 'BLOCK_SIZE_N': 32, 'BLOCK_SIZE_K': 32, 'GROUPSIZE': 1, 'threads': 256, 'num_stages': 4}, checkout autotuner.log for more details
2026-10-01 17:10:03,479 DEBUG:Error: Traceback (most recent call last):
  File "/projects/kzhou6/bcui2/env_software/miniconda3-aarch64/envs/tilebench++_env/lib/python3.10/site-packages/tilelang/autotuner/tuner.py", line 650, in _run_benchmark_target
    latency, worker_ref_latency = benchmark_target(
  File "/projects/kzhou6/bcui2/env_software/miniconda3-aarch64/envs/tilebench++_env/lib/python3.10/site-packages/tilelang/autotuner/tuner.py", line 769, in _benchmark_target
    jit_input_tensors_cache = jit_input_tensors_supply()
  File "/projects/kzhou6/bcui2/env_software/miniconda3-aarch64/envs/tilebench++_env/lib/python3.10/site-packages/tilelang/autotuner/tuner.py", line 727, in func
    return supply_prog(profiler._get_params(with_output=with_output))
  File "/projects/kzhou6/bcui2/env_software/miniconda3-aarch64/envs/tilebench++_env/lib/python3.10/site-packages/tilelang/autotuner/tuner.py", line 384, in supply_prog
    _cached_tensors_by_device[device] = [
  File "/projects/kzhou6/bcui2/env_software/miniconda3-aarch64/envs/tilebench++_env/lib/python3.10/site-packages/tilelang/autotuner/tuner.py", line 385, in <listcomp>
    tensor.to(device=target_device).clone() if isinstance(tensor, torch.Tensor) else tensor for tensor in _frozen_inputs
torch.AcceleratorError: CUDA error: an illegal instruction was encountered
Search for `cudaErrorIllegalInstruction' in https://docs.nvidia.com/cuda/cuda-runtime-api/group__CUDART__TYPES.html for more information.
CUDA kernel errors might be asynchronously reported at some other API call, so the stacktrace below might be incorrect.
For debugging consider passing CUDA_LAUNCH_BLOCKING=1
Compile with `TORCH_USE_CUDA_DSA` to enable device-side assertions.


2026-10-01 17:10:03,479 WARNING:An error occurred while testing config {'BLOCK_SIZE_M': 64, 'BLOCK_SIZE_N': 32, 'BLOCK_SIZE_K': 64, 'GROUPSIZE': 1, 'threads': 128, 'num_stages': 3}, checkout autotuner.log for more details
2026-10-01 17:10:03,479 DEBUG:Error: Traceback (most recent call last):
  File "/projects/kzhou6/bcui2/env_software/miniconda3-aarch64/envs/tilebench++_env/lib/python3.10/site-packages/tilelang/autotuner/tuner.py", line 650, in _run_benchmark_target
    latency, worker_ref_latency = benchmark_target(
  File "/projects/kzhou6/bcui2/env_software/miniconda3-aarch64/envs/tilebench++_env/lib/python3.10/site-packages/tilelang/autotuner/tuner.py", line 769, in _benchmark_target
    jit_input_tensors_cache = jit_input_tensors_supply()
  File "/projects/kzhou6/bcui2/env_software/miniconda3-aarch64/envs/tilebench++_env/lib/python3.10/site-packages/tilelang/autotuner/tuner.py", line 727, in func
    return supply_prog(profiler._get_params(with_output=with_output))
  File "/projects/kzhou6/bcui2/env_software/miniconda3-aarch64/envs/tilebench++_env/lib/python3.10/site-packages/tilelang/autotuner/tuner.py", line 384, in supply_prog
    _cached_tensors_by_device[device] = [
  File "/projects/kzhou6/bcui2/env_software/miniconda3-aarch64/envs/tilebench++_env/lib/python3.10/site-packages/tilelang/autotuner/tuner.py", line 385, in <listcomp>
    tensor.to(device=target_device).clone() if isinstance(tensor, torch.Tensor) else tensor for tensor in _frozen_inputs
torch.AcceleratorError: CUDA error: an illegal instruction was encountered
Search for `cudaErrorIllegalInstruction' in https://docs.nvidia.com/cuda/cuda-runtime-api/group__CUDART__TYPES.html for more information.
CUDA kernel errors might be asynchronously reported at some other API call, so the stacktrace below might be incorrect.
For debugging consider passing CUDA_LAUNCH_BLOCKING=1
Compile with `TORCH_USE_CUDA_DSA` to enable device-side assertions.


2026-10-01 17:10:03,479 WARNING:An error occurred while testing config {'BLOCK_SIZE_M': 32, 'BLOCK_SIZE_N': 128, 'BLOCK_SIZE_K': 64, 'GROUPSIZE': 8, 'threads': 256, 'num_stages': 3}, checkout autotuner.log for more details
2026-10-01 17:10:03,479 DEBUG:Error: Traceback (most recent call last):
  File "/projects/kzhou6/bcui2/env_software/miniconda3-aarch64/envs/tilebench++_env/lib/python3.10/site-packages/tilelang/autotuner/tuner.py", line 650, in _run_benchmark_target
    latency, worker_ref_latency = benchmark_target(
  File "/projects/kzhou6/bcui2/env_software/miniconda3-aarch64/envs/tilebench++_env/lib/python3.10/site-packages/tilelang/autotuner/tuner.py", line 769, in _benchmark_target
    jit_input_tensors_cache = jit_input_tensors_supply()
  File "/projects/kzhou6/bcui2/env_software/miniconda3-aarch64/envs/tilebench++_env/lib/python3.10/site-packages/tilelang/autotuner/tuner.py", line 727, in func
    return supply_prog(profiler._get_params(with_output=with_output))
  File "/projects/kzhou6/bcui2/env_software/miniconda3-aarch64/envs/tilebench++_env/lib/python3.10/site-packages/tilelang/autotuner/tuner.py", line 384, in supply_prog
    _cached_tensors_by_device[device] = [
  File "/projects/kzhou6/bcui2/env_software/miniconda3-aarch64/envs/tilebench++_env/lib/python3.10/site-packages/tilelang/autotuner/tuner.py", line 385, in <listcomp>
    tensor.to(device=target_device).clone() if isinstance(tensor, torch.Tensor) else tensor for tensor in _frozen_inputs
torch.AcceleratorError: CUDA error: an illegal instruction was encountered
Search for `cudaErrorIllegalInstruction' in https://docs.nvidia.com/cuda/cuda-runtime-api/group__CUDART__TYPES.html for more information.
CUDA kernel errors might be asynchronously reported at some other API call, so the stacktrace below might be incorrect.
For debugging consider passing CUDA_LAUNCH_BLOCKING=1
Compile with `TORCH_USE_CUDA_DSA` to enable device-side assertions.


2026-10-01 17:10:03,480 WARNING:An error occurred while testing config {'BLOCK_SIZE_M': 32, 'BLOCK_SIZE_N': 32, 'BLOCK_SIZE_K': 32, 'GROUPSIZE': 8, 'threads': 256, 'num_stages': 4}, checkout autotuner.log for more details
2026-10-01 17:10:03,480 DEBUG:Error: Traceback (most recent call last):
  File "/projects/kzhou6/bcui2/env_software/miniconda3-aarch64/envs/tilebench++_env/lib/python3.10/site-packages/tilelang/autotuner/tuner.py", line 650, in _run_benchmark_target
    latency, worker_ref_latency = benchmark_target(
  File "/projects/kzhou6/bcui2/env_software/miniconda3-aarch64/envs/tilebench++_env/lib/python3.10/site-packages/tilelang/autotuner/tuner.py", line 769, in _benchmark_target
    jit_input_tensors_cache = jit_input_tensors_supply()
  File "/projects/kzhou6/bcui2/env_software/miniconda3-aarch64/envs/tilebench++_env/lib/python3.10/site-packages/tilelang/autotuner/tuner.py", line 727, in func
    return supply_prog(profiler._get_params(with_output=with_output))
  File "/projects/kzhou6/bcui2/env_software/miniconda3-aarch64/envs/tilebench++_env/lib/python3.10/site-packages/tilelang/autotuner/tuner.py", line 384, in supply_prog
    _cached_tensors_by_device[device] = [
  File "/projects/kzhou6/bcui2/env_software/miniconda3-aarch64/envs/tilebench++_env/lib/python3.10/site-packages/tilelang/autotuner/tuner.py", line 385, in <listcomp>
    tensor.to(device=target_device).clone() if isinstance(tensor, torch.Tensor) else tensor for tensor in _frozen_inputs
torch.AcceleratorError: CUDA error: an illegal instruction was encountered
Search for `cudaErrorIllegalInstruction' in https://docs.nvidia.com/cuda/cuda-runtime-api/group__CUDART__TYPES.html for more information.
CUDA kernel errors might be asynchronously reported at some other API call, so the stacktrace below might be incorrect.
For debugging consider passing CUDA_LAUNCH_BLOCKING=1
Compile with `TORCH_USE_CUDA_DSA` to enable device-side assertions.


2026-10-01 17:10:03,480 WARNING:An error occurred while testing config {'BLOCK_SIZE_M': 64, 'BLOCK_SIZE_N': 32, 'BLOCK_SIZE_K': 64, 'GROUPSIZE': 1, 'threads': 128, 'num_stages': 4}, checkout autotuner.log for more details
2026-10-01 17:10:03,480 DEBUG:Error: Traceback (most recent call last):
  File "/projects/kzhou6/bcui2/env_software/miniconda3-aarch64/envs/tilebench++_env/lib/python3.10/site-packages/tilelang/autotuner/tuner.py", line 650, in _run_benchmark_target
    latency, worker_ref_latency = benchmark_target(
  File "/projects/kzhou6/bcui2/env_software/miniconda3-aarch64/envs/tilebench++_env/lib/python3.10/site-packages/tilelang/autotuner/tuner.py", line 769, in _benchmark_target
    jit_input_tensors_cache = jit_input_tensors_supply()
  File "/projects/kzhou6/bcui2/env_software/miniconda3-aarch64/envs/tilebench++_env/lib/python3.10/site-packages/tilelang/autotuner/tuner.py", line 727, in func
    return supply_prog(profiler._get_params(with_output=with_output))
  File "/projects/kzhou6/bcui2/env_software/miniconda3-aarch64/envs/tilebench++_env/lib/python3.10/site-packages/tilelang/autotuner/tuner.py", line 384, in supply_prog
    _cached_tensors_by_device[device] = [
  File "/projects/kzhou6/bcui2/env_software/miniconda3-aarch64/envs/tilebench++_env/lib/python3.10/site-packages/tilelang/autotuner/tuner.py", line 385, in <listcomp>
    tensor.to(device=target_device).clone() if isinstance(tensor, torch.Tensor) else tensor for tensor in _frozen_inputs
torch.AcceleratorError: CUDA error: an illegal instruction was encountered
Search for `cudaErrorIllegalInstruction' in https://docs.nvidia.com/cuda/cuda-runtime-api/group__CUDART__TYPES.html for more information.
CUDA kernel errors might be asynchronously reported at some other API call, so the stacktrace below might be incorrect.
For debugging consider passing CUDA_LAUNCH_BLOCKING=1
Compile with `TORCH_USE_CUDA_DSA` to enable device-side assertions.


2026-10-01 17:10:03,481 WARNING:An error occurred while testing config {'BLOCK_SIZE_M': 64, 'BLOCK_SIZE_N': 32, 'BLOCK_SIZE_K': 32, 'GROUPSIZE': 8, 'threads': 256, 'num_stages': 4}, checkout autotuner.log for more details
2026-10-01 17:10:03,481 DEBUG:Error: Traceback (most recent call last):
  File "/projects/kzhou6/bcui2/env_software/miniconda3-aarch64/envs/tilebench++_env/lib/python3.10/site-packages/tilelang/autotuner/tuner.py", line 650, in _run_benchmark_target
    latency, worker_ref_latency = benchmark_target(
  File "/projects/kzhou6/bcui2/env_software/miniconda3-aarch64/envs/tilebench++_env/lib/python3.10/site-packages/tilelang/autotuner/tuner.py", line 769, in _benchmark_target
    jit_input_tensors_cache = jit_input_tensors_supply()
  File "/projects/kzhou6/bcui2/env_software/miniconda3-aarch64/envs/tilebench++_env/lib/python3.10/site-packages/tilelang/autotuner/tuner.py", line 727, in func
    return supply_prog(profiler._get_params(with_output=with_output))
  File "/projects/kzhou6/bcui2/env_software/miniconda3-aarch64/envs/tilebench++_env/lib/python3.10/site-packages/tilelang/autotuner/tuner.py", line 384, in supply_prog
    _cached_tensors_by_device[device] = [
  File "/projects/kzhou6/bcui2/env_software/miniconda3-aarch64/envs/tilebench++_env/lib/python3.10/site-packages/tilelang/autotuner/tuner.py", line 385, in <listcomp>
    tensor.to(device=target_device).clone() if isinstance(tensor, torch.Tensor) else tensor for tensor in _frozen_inputs
torch.AcceleratorError: CUDA error: an illegal instruction was encountered
Search for `cudaErrorIllegalInstruction' in https://docs.nvidia.com/cuda/cuda-runtime-api/group__CUDART__TYPES.html for more information.
CUDA kernel errors might be asynchronously reported at some other API call, so the stacktrace below might be incorrect.
For debugging consider passing CUDA_LAUNCH_BLOCKING=1
Compile with `TORCH_USE_CUDA_DSA` to enable device-side assertions.


2026-10-01 17:10:03,481 WARNING:An error occurred while testing config {'BLOCK_SIZE_M': 64, 'BLOCK_SIZE_N': 32, 'BLOCK_SIZE_K': 32, 'GROUPSIZE': 1, 'threads': 256, 'num_stages': 4}, checkout autotuner.log for more details
2026-10-01 17:10:03,481 DEBUG:Error: Traceback (most recent call last):
  File "/projects/kzhou6/bcui2/env_software/miniconda3-aarch64/envs/tilebench++_env/lib/python3.10/site-packages/tilelang/autotuner/tuner.py", line 650, in _run_benchmark_target
    latency, worker_ref_latency = benchmark_target(
  File "/projects/kzhou6/bcui2/env_software/miniconda3-aarch64/envs/tilebench++_env/lib/python3.10/site-packages/tilelang/autotuner/tuner.py", line 769, in _benchmark_target
    jit_input_tensors_cache = jit_input_tensors_supply()
  File "/projects/kzhou6/bcui2/env_software/miniconda3-aarch64/envs/tilebench++_env/lib/python3.10/site-packages/tilelang/autotuner/tuner.py", line 727, in func
    return supply_prog(profiler._get_params(with_output=with_output))
  File "/projects/kzhou6/bcui2/env_software/miniconda3-aarch64/envs/tilebench++_env/lib/python3.10/site-packages/tilelang/autotuner/tuner.py", line 384, in supply_prog
    _cached_tensors_by_device[device] = [
  File "/projects/kzhou6/bcui2/env_software/miniconda3-aarch64/envs/tilebench++_env/lib/python3.10/site-packages/tilelang/autotuner/tuner.py", line 385, in <listcomp>
    tensor.to(device=target_device).clone() if isinstance(tensor, torch.Tensor) else tensor for tensor in _frozen_inputs
torch.AcceleratorError: CUDA error: an illegal instruction was encountered
Search for `cudaErrorIllegalInstruction' in https://docs.nvidia.com/cuda/cuda-runtime-api/group__CUDART__TYPES.html for more information.
CUDA kernel errors might be asynchronously reported at some other API call, so the stacktrace below might be incorrect.
For debugging consider passing CUDA_LAUNCH_BLOCKING=1
Compile with `TORCH_USE_CUDA_DSA` to enable device-side assertions.


2026-10-01 17:10:03,482 WARNING:An error occurred while testing config {'BLOCK_SIZE_M': 64, 'BLOCK_SIZE_N': 128, 'BLOCK_SIZE_K': 32, 'GROUPSIZE': 1, 'threads': 256, 'num_stages': 3}, checkout autotuner.log for more details
2026-10-01 17:10:03,482 DEBUG:Error: Traceback (most recent call last):
  File "/projects/kzhou6/bcui2/env_software/miniconda3-aarch64/envs/tilebench++_env/lib/python3.10/site-packages/tilelang/autotuner/tuner.py", line 650, in _run_benchmark_target
    latency, worker_ref_latency = benchmark_target(
  File "/projects/kzhou6/bcui2/env_software/miniconda3-aarch64/envs/tilebench++_env/lib/python3.10/site-packages/tilelang/autotuner/tuner.py", line 769, in _benchmark_target
    jit_input_tensors_cache = jit_input_tensors_supply()
  File "/projects/kzhou6/bcui2/env_software/miniconda3-aarch64/envs/tilebench++_env/lib/python3.10/site-packages/tilelang/autotuner/tuner.py", line 727, in func
    return supply_prog(profiler._get_params(with_output=with_output))
  File "/projects/kzhou6/bcui2/env_software/miniconda3-aarch64/envs/tilebench++_env/lib/python3.10/site-packages/tilelang/autotuner/tuner.py", line 384, in supply_prog
    _cached_tensors_by_device[device] = [
  File "/projects/kzhou6/bcui2/env_software/miniconda3-aarch64/envs/tilebench++_env/lib/python3.10/site-packages/tilelang/autotuner/tuner.py", line 385, in <listcomp>
    tensor.to(device=target_device).clone() if isinstance(tensor, torch.Tensor) else tensor for tensor in _frozen_inputs
torch.AcceleratorError: CUDA error: an illegal instruction was encountered
Search for `cudaErrorIllegalInstruction' in https://docs.nvidia.com/cuda/cuda-runtime-api/group__CUDART__TYPES.html for more information.
CUDA kernel errors might be asynchronously reported at some other API call, so the stacktrace below might be incorrect.
For debugging consider passing CUDA_LAUNCH_BLOCKING=1
Compile with `TORCH_USE_CUDA_DSA` to enable device-side assertions.


2026-10-01 17:10:03,482 WARNING:An error occurred while testing config {'BLOCK_SIZE_M': 32, 'BLOCK_SIZE_N': 32, 'BLOCK_SIZE_K': 32, 'GROUPSIZE': 1, 'threads': 128, 'num_stages': 4}, checkout autotuner.log for more details
2026-10-01 17:10:03,482 DEBUG:Error: Traceback (most recent call last):
  File "/projects/kzhou6/bcui2/env_software/miniconda3-aarch64/envs/tilebench++_env/lib/python3.10/site-packages/tilelang/autotuner/tuner.py", line 650, in _run_benchmark_target
    latency, worker_ref_latency = benchmark_target(
  File "/projects/kzhou6/bcui2/env_software/miniconda3-aarch64/envs/tilebench++_env/lib/python3.10/site-packages/tilelang/autotuner/tuner.py", line 769, in _benchmark_target
    jit_input_tensors_cache = jit_input_tensors_supply()
  File "/projects/kzhou6/bcui2/env_software/miniconda3-aarch64/envs/tilebench++_env/lib/python3.10/site-packages/tilelang/autotuner/tuner.py", line 727, in func
    return supply_prog(profiler._get_params(with_output=with_output))
  File "/projects/kzhou6/bcui2/env_software/miniconda3-aarch64/envs/tilebench++_env/lib/python3.10/site-packages/tilelang/autotuner/tuner.py", line 384, in supply_prog
    _cached_tensors_by_device[device] = [
  File "/projects/kzhou6/bcui2/env_software/miniconda3-aarch64/envs/tilebench++_env/lib/python3.10/site-packages/tilelang/autotuner/tuner.py", line 385, in <listcomp>
    tensor.to(device=target_device).clone() if isinstance(tensor, torch.Tensor) else tensor for tensor in _frozen_inputs
torch.AcceleratorError: CUDA error: an illegal instruction was encountered
Search for `cudaErrorIllegalInstruction' in https://docs.nvidia.com/cuda/cuda-runtime-api/group__CUDART__TYPES.html for more information.
CUDA kernel errors might be asynchronously reported at some other API call, so the stacktrace below might be incorrect.
For debugging consider passing CUDA_LAUNCH_BLOCKING=1
Compile with `TORCH_USE_CUDA_DSA` to enable device-side assertions.


2026-10-01 17:10:03,482 WARNING:An error occurred while testing config {'BLOCK_SIZE_M': 32, 'BLOCK_SIZE_N': 128, 'BLOCK_SIZE_K': 64, 'GROUPSIZE': 1, 'threads': 128, 'num_stages': 3}, checkout autotuner.log for more details
2026-10-01 17:10:03,482 DEBUG:Error: Traceback (most recent call last):
  File "/projects/kzhou6/bcui2/env_software/miniconda3-aarch64/envs/tilebench++_env/lib/python3.10/site-packages/tilelang/autotuner/tuner.py", line 650, in _run_benchmark_target
    latency, worker_ref_latency = benchmark_target(
  File "/projects/kzhou6/bcui2/env_software/miniconda3-aarch64/envs/tilebench++_env/lib/python3.10/site-packages/tilelang/autotuner/tuner.py", line 769, in _benchmark_target
    jit_input_tensors_cache = jit_input_tensors_supply()
  File "/projects/kzhou6/bcui2/env_software/miniconda3-aarch64/envs/tilebench++_env/lib/python3.10/site-packages/tilelang/autotuner/tuner.py", line 727, in func
    return supply_prog(profiler._get_params(with_output=with_output))
  File "/projects/kzhou6/bcui2/env_software/miniconda3-aarch64/envs/tilebench++_env/lib/python3.10/site-packages/tilelang/autotuner/tuner.py", line 384, in supply_prog
    _cached_tensors_by_device[device] = [
  File "/projects/kzhou6/bcui2/env_software/miniconda3-aarch64/envs/tilebench++_env/lib/python3.10/site-packages/tilelang/autotuner/tuner.py", line 385, in <listcomp>
    tensor.to(device=target_device).clone() if isinstance(tensor, torch.Tensor) else tensor for tensor in _frozen_inputs
torch.AcceleratorError: CUDA error: an illegal instruction was encountered
Search for `cudaErrorIllegalInstruction' in https://docs.nvidia.com/cuda/cuda-runtime-api/group__CUDART__TYPES.html for more information.
CUDA kernel errors might be asynchronously reported at some other API call, so the stacktrace below might be incorrect.
For debugging consider passing CUDA_LAUNCH_BLOCKING=1
Compile with `TORCH_USE_CUDA_DSA` to enable device-side assertions.


2026-10-01 17:10:03,483 WARNING:An error occurred while testing config {'BLOCK_SIZE_M': 64, 'BLOCK_SIZE_N': 32, 'BLOCK_SIZE_K': 32, 'GROUPSIZE': 1, 'threads': 128, 'num_stages': 4}, checkout autotuner.log for more details
2026-10-01 17:10:03,483 DEBUG:Error: Traceback (most recent call last):
  File "/projects/kzhou6/bcui2/env_software/miniconda3-aarch64/envs/tilebench++_env/lib/python3.10/site-packages/tilelang/autotuner/tuner.py", line 650, in _run_benchmark_target
    latency, worker_ref_latency = benchmark_target(
  File "/projects/kzhou6/bcui2/env_software/miniconda3-aarch64/envs/tilebench++_env/lib/python3.10/site-packages/tilelang/autotuner/tuner.py", line 769, in _benchmark_target
    jit_input_tensors_cache = jit_input_tensors_supply()
  File "/projects/kzhou6/bcui2/env_software/miniconda3-aarch64/envs/tilebench++_env/lib/python3.10/site-packages/tilelang/autotuner/tuner.py", line 727, in func
    return supply_prog(profiler._get_params(with_output=with_output))
  File "/projects/kzhou6/bcui2/env_software/miniconda3-aarch64/envs/tilebench++_env/lib/python3.10/site-packages/tilelang/autotuner/tuner.py", line 384, in supply_prog
    _cached_tensors_by_device[device] = [
  File "/projects/kzhou6/bcui2/env_software/miniconda3-aarch64/envs/tilebench++_env/lib/python3.10/site-packages/tilelang/autotuner/tuner.py", line 385, in <listcomp>
    tensor.to(device=target_device).clone() if isinstance(tensor, torch.Tensor) else tensor for tensor in _frozen_inputs
torch.AcceleratorError: CUDA error: an illegal instruction was encountered
Search for `cudaErrorIllegalInstruction' in https://docs.nvidia.com/cuda/cuda-runtime-api/group__CUDART__TYPES.html for more information.
CUDA kernel errors might be asynchronously reported at some other API call, so the stacktrace below might be incorrect.
For debugging consider passing CUDA_LAUNCH_BLOCKING=1
Compile with `TORCH_USE_CUDA_DSA` to enable device-side assertions.


2026-10-01 17:10:03,483 WARNING:An error occurred while testing config {'BLOCK_SIZE_M': 32, 'BLOCK_SIZE_N': 32, 'BLOCK_SIZE_K': 32, 'GROUPSIZE': 8, 'threads': 128, 'num_stages': 4}, checkout autotuner.log for more details
2026-10-01 17:10:03,483 DEBUG:Error: Traceback (most recent call last):
  File "/projects/kzhou6/bcui2/env_software/miniconda3-aarch64/envs/tilebench++_env/lib/python3.10/site-packages/tilelang/autotuner/tuner.py", line 650, in _run_benchmark_target
    latency, worker_ref_latency = benchmark_target(
  File "/projects/kzhou6/bcui2/env_software/miniconda3-aarch64/envs/tilebench++_env/lib/python3.10/site-packages/tilelang/autotuner/tuner.py", line 769, in _benchmark_target
    jit_input_tensors_cache = jit_input_tensors_supply()
  File "/projects/kzhou6/bcui2/env_software/miniconda3-aarch64/envs/tilebench++_env/lib/python3.10/site-packages/tilelang/autotuner/tuner.py", line 727, in func
    return supply_prog(profiler._get_params(with_output=with_output))
  File "/projects/kzhou6/bcui2/env_software/miniconda3-aarch64/envs/tilebench++_env/lib/python3.10/site-packages/tilelang/autotuner/tuner.py", line 384, in supply_prog
    _cached_tensors_by_device[device] = [
  File "/projects/kzhou6/bcui2/env_software/miniconda3-aarch64/envs/tilebench++_env/lib/python3.10/site-packages/tilelang/autotuner/tuner.py", line 385, in <listcomp>
    tensor.to(device=target_device).clone() if isinstance(tensor, torch.Tensor) else tensor for tensor in _frozen_inputs
torch.AcceleratorError: CUDA error: an illegal instruction was encountered
Search for `cudaErrorIllegalInstruction' in https://docs.nvidia.com/cuda/cuda-runtime-api/group__CUDART__TYPES.html for more information.
CUDA kernel errors might be asynchronously reported at some other API call, so the stacktrace below might be incorrect.
For debugging consider passing CUDA_LAUNCH_BLOCKING=1
Compile with `TORCH_USE_CUDA_DSA` to enable device-side assertions.


2026-10-01 17:10:03,484 WARNING:An error occurred while testing config {'BLOCK_SIZE_M': 64, 'BLOCK_SIZE_N': 128, 'BLOCK_SIZE_K': 32, 'GROUPSIZE': 1, 'threads': 256, 'num_stages': 4}, checkout autotuner.log for more details
2026-10-01 17:10:03,484 DEBUG:Error: Traceback (most recent call last):
  File "/projects/kzhou6/bcui2/env_software/miniconda3-aarch64/envs/tilebench++_env/lib/python3.10/site-packages/tilelang/autotuner/tuner.py", line 650, in _run_benchmark_target
    latency, worker_ref_latency = benchmark_target(
  File "/projects/kzhou6/bcui2/env_software/miniconda3-aarch64/envs/tilebench++_env/lib/python3.10/site-packages/tilelang/autotuner/tuner.py", line 769, in _benchmark_target
    jit_input_tensors_cache = jit_input_tensors_supply()
  File "/projects/kzhou6/bcui2/env_software/miniconda3-aarch64/envs/tilebench++_env/lib/python3.10/site-packages/tilelang/autotuner/tuner.py", line 727, in func
    return supply_prog(profiler._get_params(with_output=with_output))
  File "/projects/kzhou6/bcui2/env_software/miniconda3-aarch64/envs/tilebench++_env/lib/python3.10/site-packages/tilelang/autotuner/tuner.py", line 384, in supply_prog
    _cached_tensors_by_device[device] = [
  File "/projects/kzhou6/bcui2/env_software/miniconda3-aarch64/envs/tilebench++_env/lib/python3.10/site-packages/tilelang/autotuner/tuner.py", line 385, in <listcomp>
    tensor.to(device=target_device).clone() if isinstance(tensor, torch.Tensor) else tensor for tensor in _frozen_inputs
torch.AcceleratorError: CUDA error: an illegal instruction was encountered
Search for `cudaErrorIllegalInstruction' in https://docs.nvidia.com/cuda/cuda-runtime-api/group__CUDART__TYPES.html for more information.
CUDA kernel errors might be asynchronously reported at some other API call, so the stacktrace below might be incorrect.
For debugging consider passing CUDA_LAUNCH_BLOCKING=1
Compile with `TORCH_USE_CUDA_DSA` to enable device-side assertions.


2026-10-01 17:10:03,484 WARNING:An error occurred while testing config {'BLOCK_SIZE_M': 64, 'BLOCK_SIZE_N': 128, 'BLOCK_SIZE_K': 32, 'GROUPSIZE': 1, 'threads': 128, 'num_stages': 4}, checkout autotuner.log for more details
2026-10-01 17:10:03,484 DEBUG:Error: Traceback (most recent call last):
  File "/projects/kzhou6/bcui2/env_software/miniconda3-aarch64/envs/tilebench++_env/lib/python3.10/site-packages/tilelang/autotuner/tuner.py", line 650, in _run_benchmark_target
    latency, worker_ref_latency = benchmark_target(
  File "/projects/kzhou6/bcui2/env_software/miniconda3-aarch64/envs/tilebench++_env/lib/python3.10/site-packages/tilelang/autotuner/tuner.py", line 769, in _benchmark_target
    jit_input_tensors_cache = jit_input_tensors_supply()
  File "/projects/kzhou6/bcui2/env_software/miniconda3-aarch64/envs/tilebench++_env/lib/python3.10/site-packages/tilelang/autotuner/tuner.py", line 727, in func
    return supply_prog(profiler._get_params(with_output=with_output))
  File "/projects/kzhou6/bcui2/env_software/miniconda3-aarch64/envs/tilebench++_env/lib/python3.10/site-packages/tilelang/autotuner/tuner.py", line 384, in supply_prog
    _cached_tensors_by_device[device] = [
  File "/projects/kzhou6/bcui2/env_software/miniconda3-aarch64/envs/tilebench++_env/lib/python3.10/site-packages/tilelang/autotuner/tuner.py", line 385, in <listcomp>
    tensor.to(device=target_device).clone() if isinstance(tensor, torch.Tensor) else tensor for tensor in _frozen_inputs
torch.AcceleratorError: CUDA error: an illegal instruction was encountered
Search for `cudaErrorIllegalInstruction' in https://docs.nvidia.com/cuda/cuda-runtime-api/group__CUDART__TYPES.html for more information.
CUDA kernel errors might be asynchronously reported at some other API call, so the stacktrace below might be incorrect.
For debugging consider passing CUDA_LAUNCH_BLOCKING=1
Compile with `TORCH_USE_CUDA_DSA` to enable device-side assertions.


2026-10-01 17:10:03,485 WARNING:An error occurred while testing config {'BLOCK_SIZE_M': 64, 'BLOCK_SIZE_N': 128, 'BLOCK_SIZE_K': 32, 'GROUPSIZE': 8, 'threads': 256, 'num_stages': 2}, checkout autotuner.log for more details
2026-10-01 17:10:03,485 DEBUG:Error: Traceback (most recent call last):
  File "/projects/kzhou6/bcui2/env_software/miniconda3-aarch64/envs/tilebench++_env/lib/python3.10/site-packages/tilelang/autotuner/tuner.py", line 650, in _run_benchmark_target
    latency, worker_ref_latency = benchmark_target(
  File "/projects/kzhou6/bcui2/env_software/miniconda3-aarch64/envs/tilebench++_env/lib/python3.10/site-packages/tilelang/autotuner/tuner.py", line 769, in _benchmark_target
    jit_input_tensors_cache = jit_input_tensors_supply()
  File "/projects/kzhou6/bcui2/env_software/miniconda3-aarch64/envs/tilebench++_env/lib/python3.10/site-packages/tilelang/autotuner/tuner.py", line 727, in func
    return supply_prog(profiler._get_params(with_output=with_output))
  File "/projects/kzhou6/bcui2/env_software/miniconda3-aarch64/envs/tilebench++_env/lib/python3.10/site-packages/tilelang/autotuner/tuner.py", line 384, in supply_prog
    _cached_tensors_by_device[device] = [
  File "/projects/kzhou6/bcui2/env_software/miniconda3-aarch64/envs/tilebench++_env/lib/python3.10/site-packages/tilelang/autotuner/tuner.py", line 385, in <listcomp>
    tensor.to(device=target_device).clone() if isinstance(tensor, torch.Tensor) else tensor for tensor in _frozen_inputs
torch.AcceleratorError: CUDA error: an illegal instruction was encountered
Search for `cudaErrorIllegalInstruction' in https://docs.nvidia.com/cuda/cuda-runtime-api/group__CUDART__TYPES.html for more information.
CUDA kernel errors might be asynchronously reported at some other API call, so the stacktrace below might be incorrect.
For debugging consider passing CUDA_LAUNCH_BLOCKING=1
Compile with `TORCH_USE_CUDA_DSA` to enable device-side assertions.


2026-10-01 17:10:03,485 WARNING:An error occurred while testing config {'BLOCK_SIZE_M': 64, 'BLOCK_SIZE_N': 128, 'BLOCK_SIZE_K': 32, 'GROUPSIZE': 8, 'threads': 128, 'num_stages': 4}, checkout autotuner.log for more details
2026-10-01 17:10:03,485 DEBUG:Error: Traceback (most recent call last):
  File "/projects/kzhou6/bcui2/env_software/miniconda3-aarch64/envs/tilebench++_env/lib/python3.10/site-packages/tilelang/autotuner/tuner.py", line 650, in _run_benchmark_target
    latency, worker_ref_latency = benchmark_target(
  File "/projects/kzhou6/bcui2/env_software/miniconda3-aarch64/envs/tilebench++_env/lib/python3.10/site-packages/tilelang/autotuner/tuner.py", line 769, in _benchmark_target
    jit_input_tensors_cache = jit_input_tensors_supply()
  File "/projects/kzhou6/bcui2/env_software/miniconda3-aarch64/envs/tilebench++_env/lib/python3.10/site-packages/tilelang/autotuner/tuner.py", line 727, in func
    return supply_prog(profiler._get_params(with_output=with_output))
  File "/projects/kzhou6/bcui2/env_software/miniconda3-aarch64/envs/tilebench++_env/lib/python3.10/site-packages/tilelang/autotuner/tuner.py", line 384, in supply_prog
    _cached_tensors_by_device[device] = [
  File "/projects/kzhou6/bcui2/env_software/miniconda3-aarch64/envs/tilebench++_env/lib/python3.10/site-packages/tilelang/autotuner/tuner.py", line 385, in <listcomp>
    tensor.to(device=target_device).clone() if isinstance(tensor, torch.Tensor) else tensor for tensor in _frozen_inputs
torch.AcceleratorError: CUDA error: an illegal instruction was encountered
Search for `cudaErrorIllegalInstruction' in https://docs.nvidia.com/cuda/cuda-runtime-api/group__CUDART__TYPES.html for more information.
CUDA kernel errors might be asynchronously reported at some other API call, so the stacktrace below might be incorrect.
For debugging consider passing CUDA_LAUNCH_BLOCKING=1
Compile with `TORCH_USE_CUDA_DSA` to enable device-side assertions.


2026-10-01 17:10:03,485 WARNING:An error occurred while testing config {'BLOCK_SIZE_M': 32, 'BLOCK_SIZE_N': 32, 'BLOCK_SIZE_K': 64, 'GROUPSIZE': 8, 'threads': 256, 'num_stages': 3}, checkout autotuner.log for more details
2026-10-01 17:10:03,485 DEBUG:Error: Traceback (most recent call last):
  File "/projects/kzhou6/bcui2/env_software/miniconda3-aarch64/envs/tilebench++_env/lib/python3.10/site-packages/tilelang/autotuner/tuner.py", line 650, in _run_benchmark_target
    latency, worker_ref_latency = benchmark_target(
  File "/projects/kzhou6/bcui2/env_software/miniconda3-aarch64/envs/tilebench++_env/lib/python3.10/site-packages/tilelang/autotuner/tuner.py", line 769, in _benchmark_target
    jit_input_tensors_cache = jit_input_tensors_supply()
  File "/projects/kzhou6/bcui2/env_software/miniconda3-aarch64/envs/tilebench++_env/lib/python3.10/site-packages/tilelang/autotuner/tuner.py", line 727, in func
    return supply_prog(profiler._get_params(with_output=with_output))
  File "/projects/kzhou6/bcui2/env_software/miniconda3-aarch64/envs/tilebench++_env/lib/python3.10/site-packages/tilelang/autotuner/tuner.py", line 384, in supply_prog
    _cached_tensors_by_device[device] = [
  File "/projects/kzhou6/bcui2/env_software/miniconda3-aarch64/envs/tilebench++_env/lib/python3.10/site-packages/tilelang/autotuner/tuner.py", line 385, in <listcomp>
    tensor.to(device=target_device).clone() if isinstance(tensor, torch.Tensor) else tensor for tensor in _frozen_inputs
torch.AcceleratorError: CUDA error: an illegal instruction was encountered
Search for `cudaErrorIllegalInstruction' in https://docs.nvidia.com/cuda/cuda-runtime-api/group__CUDART__TYPES.html for more information.
CUDA kernel errors might be asynchronously reported at some other API call, so the stacktrace below might be incorrect.
For debugging consider passing CUDA_LAUNCH_BLOCKING=1
Compile with `TORCH_USE_CUDA_DSA` to enable device-side assertions.


2026-10-01 17:10:03,486 WARNING:An error occurred while testing config {'BLOCK_SIZE_M': 64, 'BLOCK_SIZE_N': 128, 'BLOCK_SIZE_K': 32, 'GROUPSIZE': 8, 'threads': 256, 'num_stages': 3}, checkout autotuner.log for more details
2026-10-01 17:10:03,486 DEBUG:Error: Traceback (most recent call last):
  File "/projects/kzhou6/bcui2/env_software/miniconda3-aarch64/envs/tilebench++_env/lib/python3.10/site-packages/tilelang/autotuner/tuner.py", line 650, in _run_benchmark_target
    latency, worker_ref_latency = benchmark_target(
  File "/projects/kzhou6/bcui2/env_software/miniconda3-aarch64/envs/tilebench++_env/lib/python3.10/site-packages/tilelang/autotuner/tuner.py", line 769, in _benchmark_target
    jit_input_tensors_cache = jit_input_tensors_supply()
  File "/projects/kzhou6/bcui2/env_software/miniconda3-aarch64/envs/tilebench++_env/lib/python3.10/site-packages/tilelang/autotuner/tuner.py", line 727, in func
    return supply_prog(profiler._get_params(with_output=with_output))
  File "/projects/kzhou6/bcui2/env_software/miniconda3-aarch64/envs/tilebench++_env/lib/python3.10/site-packages/tilelang/autotuner/tuner.py", line 384, in supply_prog
    _cached_tensors_by_device[device] = [
  File "/projects/kzhou6/bcui2/env_software/miniconda3-aarch64/envs/tilebench++_env/lib/python3.10/site-packages/tilelang/autotuner/tuner.py", line 385, in <listcomp>
    tensor.to(device=target_device).clone() if isinstance(tensor, torch.Tensor) else tensor for tensor in _frozen_inputs
torch.AcceleratorError: CUDA error: an illegal instruction was encountered
Search for `cudaErrorIllegalInstruction' in https://docs.nvidia.com/cuda/cuda-runtime-api/group__CUDART__TYPES.html for more information.
CUDA kernel errors might be asynchronously reported at some other API call, so the stacktrace below might be incorrect.
For debugging consider passing CUDA_LAUNCH_BLOCKING=1
Compile with `TORCH_USE_CUDA_DSA` to enable device-side assertions.


2026-10-01 17:10:03,486 WARNING:An error occurred while testing config {'BLOCK_SIZE_M': 64, 'BLOCK_SIZE_N': 128, 'BLOCK_SIZE_K': 64, 'GROUPSIZE': 1, 'threads': 128, 'num_stages': 2}, checkout autotuner.log for more details
2026-10-01 17:10:03,487 DEBUG:Error: Traceback (most recent call last):
  File "/projects/kzhou6/bcui2/env_software/miniconda3-aarch64/envs/tilebench++_env/lib/python3.10/site-packages/tilelang/autotuner/tuner.py", line 650, in _run_benchmark_target
    latency, worker_ref_latency = benchmark_target(
  File "/projects/kzhou6/bcui2/env_software/miniconda3-aarch64/envs/tilebench++_env/lib/python3.10/site-packages/tilelang/autotuner/tuner.py", line 769, in _benchmark_target
    jit_input_tensors_cache = jit_input_tensors_supply()
  File "/projects/kzhou6/bcui2/env_software/miniconda3-aarch64/envs/tilebench++_env/lib/python3.10/site-packages/tilelang/autotuner/tuner.py", line 727, in func
    return supply_prog(profiler._get_params(with_output=with_output))
  File "/projects/kzhou6/bcui2/env_software/miniconda3-aarch64/envs/tilebench++_env/lib/python3.10/site-packages/tilelang/autotuner/tuner.py", line 384, in supply_prog
    _cached_tensors_by_device[device] = [
  File "/projects/kzhou6/bcui2/env_software/miniconda3-aarch64/envs/tilebench++_env/lib/python3.10/site-packages/tilelang/autotuner/tuner.py", line 385, in <listcomp>
    tensor.to(device=target_device).clone() if isinstance(tensor, torch.Tensor) else tensor for tensor in _frozen_inputs
torch.AcceleratorError: CUDA error: an illegal instruction was encountered
Search for `cudaErrorIllegalInstruction' in https://docs.nvidia.com/cuda/cuda-runtime-api/group__CUDART__TYPES.html for more information.
CUDA kernel errors might be asynchronously reported at some other API call, so the stacktrace below might be incorrect.
For debugging consider passing CUDA_LAUNCH_BLOCKING=1
Compile with `TORCH_USE_CUDA_DSA` to enable device-side assertions.


2026-10-01 17:10:03,487 WARNING:An error occurred while testing config {'BLOCK_SIZE_M': 64, 'BLOCK_SIZE_N': 128, 'BLOCK_SIZE_K': 32, 'GROUPSIZE': 8, 'threads': 256, 'num_stages': 4}, checkout autotuner.log for more details
2026-10-01 17:10:03,487 DEBUG:Error: Traceback (most recent call last):
  File "/projects/kzhou6/bcui2/env_software/miniconda3-aarch64/envs/tilebench++_env/lib/python3.10/site-packages/tilelang/autotuner/tuner.py", line 650, in _run_benchmark_target
    latency, worker_ref_latency = benchmark_target(
  File "/projects/kzhou6/bcui2/env_software/miniconda3-aarch64/envs/tilebench++_env/lib/python3.10/site-packages/tilelang/autotuner/tuner.py", line 769, in _benchmark_target
    jit_input_tensors_cache = jit_input_tensors_supply()
  File "/projects/kzhou6/bcui2/env_software/miniconda3-aarch64/envs/tilebench++_env/lib/python3.10/site-packages/tilelang/autotuner/tuner.py", line 727, in func
    return supply_prog(profiler._get_params(with_output=with_output))
  File "/projects/kzhou6/bcui2/env_software/miniconda3-aarch64/envs/tilebench++_env/lib/python3.10/site-packages/tilelang/autotuner/tuner.py", line 384, in supply_prog
    _cached_tensors_by_device[device] = [
  File "/projects/kzhou6/bcui2/env_software/miniconda3-aarch64/envs/tilebench++_env/lib/python3.10/site-packages/tilelang/autotuner/tuner.py", line 385, in <listcomp>
    tensor.to(device=target_device).clone() if isinstance(tensor, torch.Tensor) else tensor for tensor in _frozen_inputs
torch.AcceleratorError: CUDA error: an illegal instruction was encountered
Search for `cudaErrorIllegalInstruction' in https://docs.nvidia.com/cuda/cuda-runtime-api/group__CUDART__TYPES.html for more information.
CUDA kernel errors might be asynchronously reported at some other API call, so the stacktrace below might be incorrect.
For debugging consider passing CUDA_LAUNCH_BLOCKING=1
Compile with `TORCH_USE_CUDA_DSA` to enable device-side assertions.


2026-10-01 17:10:03,487 WARNING:An error occurred while testing config {'BLOCK_SIZE_M': 64, 'BLOCK_SIZE_N': 128, 'BLOCK_SIZE_K': 64, 'GROUPSIZE': 1, 'threads': 256, 'num_stages': 2}, checkout autotuner.log for more details
2026-10-01 17:10:03,487 DEBUG:Error: Traceback (most recent call last):
  File "/projects/kzhou6/bcui2/env_software/miniconda3-aarch64/envs/tilebench++_env/lib/python3.10/site-packages/tilelang/autotuner/tuner.py", line 650, in _run_benchmark_target
    latency, worker_ref_latency = benchmark_target(
  File "/projects/kzhou6/bcui2/env_software/miniconda3-aarch64/envs/tilebench++_env/lib/python3.10/site-packages/tilelang/autotuner/tuner.py", line 769, in _benchmark_target
    jit_input_tensors_cache = jit_input_tensors_supply()
  File "/projects/kzhou6/bcui2/env_software/miniconda3-aarch64/envs/tilebench++_env/lib/python3.10/site-packages/tilelang/autotuner/tuner.py", line 727, in func
    return supply_prog(profiler._get_params(with_output=with_output))
  File "/projects/kzhou6/bcui2/env_software/miniconda3-aarch64/envs/tilebench++_env/lib/python3.10/site-packages/tilelang/autotuner/tuner.py", line 384, in supply_prog
    _cached_tensors_by_device[device] = [
  File "/projects/kzhou6/bcui2/env_software/miniconda3-aarch64/envs/tilebench++_env/lib/python3.10/site-packages/tilelang/autotuner/tuner.py", line 385, in <listcomp>
    tensor.to(device=target_device).clone() if isinstance(tensor, torch.Tensor) else tensor for tensor in _frozen_inputs
torch.AcceleratorError: CUDA error: an illegal instruction was encountered
Search for `cudaErrorIllegalInstruction' in https://docs.nvidia.com/cuda/cuda-runtime-api/group__CUDART__TYPES.html for more information.
CUDA kernel errors might be asynchronously reported at some other API call, so the stacktrace below might be incorrect.
For debugging consider passing CUDA_LAUNCH_BLOCKING=1
Compile with `TORCH_USE_CUDA_DSA` to enable device-side assertions.


2026-10-01 17:10:03,488 WARNING:An error occurred while testing config {'BLOCK_SIZE_M': 64, 'BLOCK_SIZE_N': 128, 'BLOCK_SIZE_K': 64, 'GROUPSIZE': 1, 'threads': 128, 'num_stages': 3}, checkout autotuner.log for more details
2026-10-01 17:10:03,488 DEBUG:Error: Traceback (most recent call last):
  File "/projects/kzhou6/bcui2/env_software/miniconda3-aarch64/envs/tilebench++_env/lib/python3.10/site-packages/tilelang/autotuner/tuner.py", line 650, in _run_benchmark_target
    latency, worker_ref_latency = benchmark_target(
  File "/projects/kzhou6/bcui2/env_software/miniconda3-aarch64/envs/tilebench++_env/lib/python3.10/site-packages/tilelang/autotuner/tuner.py", line 769, in _benchmark_target
    jit_input_tensors_cache = jit_input_tensors_supply()
  File "/projects/kzhou6/bcui2/env_software/miniconda3-aarch64/envs/tilebench++_env/lib/python3.10/site-packages/tilelang/autotuner/tuner.py", line 727, in func
    return supply_prog(profiler._get_params(with_output=with_output))
  File "/projects/kzhou6/bcui2/env_software/miniconda3-aarch64/envs/tilebench++_env/lib/python3.10/site-packages/tilelang/autotuner/tuner.py", line 384, in supply_prog
    _cached_tensors_by_device[device] = [
  File "/projects/kzhou6/bcui2/env_software/miniconda3-aarch64/envs/tilebench++_env/lib/python3.10/site-packages/tilelang/autotuner/tuner.py", line 385, in <listcomp>
    tensor.to(device=target_device).clone() if isinstance(tensor, torch.Tensor) else tensor for tensor in _frozen_inputs
torch.AcceleratorError: CUDA error: an illegal instruction was encountered
Search for `cudaErrorIllegalInstruction' in https://docs.nvidia.com/cuda/cuda-runtime-api/group__CUDART__TYPES.html for more information.
CUDA kernel errors might be asynchronously reported at some other API call, so the stacktrace below might be incorrect.
For debugging consider passing CUDA_LAUNCH_BLOCKING=1
Compile with `TORCH_USE_CUDA_DSA` to enable device-side assertions.


2026-10-01 17:10:03,488 WARNING:An error occurred while testing config {'BLOCK_SIZE_M': 64, 'BLOCK_SIZE_N': 32, 'BLOCK_SIZE_K': 64, 'GROUPSIZE': 8, 'threads': 128, 'num_stages': 3}, checkout autotuner.log for more details
2026-10-01 17:10:03,488 DEBUG:Error: Traceback (most recent call last):
  File "/projects/kzhou6/bcui2/env_software/miniconda3-aarch64/envs/tilebench++_env/lib/python3.10/site-packages/tilelang/autotuner/tuner.py", line 650, in _run_benchmark_target
    latency, worker_ref_latency = benchmark_target(
  File "/projects/kzhou6/bcui2/env_software/miniconda3-aarch64/envs/tilebench++_env/lib/python3.10/site-packages/tilelang/autotuner/tuner.py", line 769, in _benchmark_target
    jit_input_tensors_cache = jit_input_tensors_supply()
  File "/projects/kzhou6/bcui2/env_software/miniconda3-aarch64/envs/tilebench++_env/lib/python3.10/site-packages/tilelang/autotuner/tuner.py", line 727, in func
    return supply_prog(profiler._get_params(with_output=with_output))
  File "/projects/kzhou6/bcui2/env_software/miniconda3-aarch64/envs/tilebench++_env/lib/python3.10/site-packages/tilelang/autotuner/tuner.py", line 384, in supply_prog
    _cached_tensors_by_device[device] = [
  File "/projects/kzhou6/bcui2/env_software/miniconda3-aarch64/envs/tilebench++_env/lib/python3.10/site-packages/tilelang/autotuner/tuner.py", line 385, in <listcomp>
    tensor.to(device=target_device).clone() if isinstance(tensor, torch.Tensor) else tensor for tensor in _frozen_inputs
torch.AcceleratorError: CUDA error: an illegal instruction was encountered
Search for `cudaErrorIllegalInstruction' in https://docs.nvidia.com/cuda/cuda-runtime-api/group__CUDART__TYPES.html for more information.
CUDA kernel errors might be asynchronously reported at some other API call, so the stacktrace below might be incorrect.
For debugging consider passing CUDA_LAUNCH_BLOCKING=1
Compile with `TORCH_USE_CUDA_DSA` to enable device-side assertions.


2026-10-01 17:10:03,488 WARNING:An error occurred while testing config {'BLOCK_SIZE_M': 64, 'BLOCK_SIZE_N': 32, 'BLOCK_SIZE_K': 32, 'GROUPSIZE': 8, 'threads': 128, 'num_stages': 4}, checkout autotuner.log for more details
2026-10-01 17:10:03,488 DEBUG:Error: Traceback (most recent call last):
  File "/projects/kzhou6/bcui2/env_software/miniconda3-aarch64/envs/tilebench++_env/lib/python3.10/site-packages/tilelang/autotuner/tuner.py", line 650, in _run_benchmark_target
    latency, worker_ref_latency = benchmark_target(
  File "/projects/kzhou6/bcui2/env_software/miniconda3-aarch64/envs/tilebench++_env/lib/python3.10/site-packages/tilelang/autotuner/tuner.py", line 769, in _benchmark_target
    jit_input_tensors_cache = jit_input_tensors_supply()
  File "/projects/kzhou6/bcui2/env_software/miniconda3-aarch64/envs/tilebench++_env/lib/python3.10/site-packages/tilelang/autotuner/tuner.py", line 727, in func
    return supply_prog(profiler._get_params(with_output=with_output))
  File "/projects/kzhou6/bcui2/env_software/miniconda3-aarch64/envs/tilebench++_env/lib/python3.10/site-packages/tilelang/autotuner/tuner.py", line 384, in supply_prog
    _cached_tensors_by_device[device] = [
  File "/projects/kzhou6/bcui2/env_software/miniconda3-aarch64/envs/tilebench++_env/lib/python3.10/site-packages/tilelang/autotuner/tuner.py", line 385, in <listcomp>
    tensor.to(device=target_device).clone() if isinstance(tensor, torch.Tensor) else tensor for tensor in _frozen_inputs
torch.AcceleratorError: CUDA error: an illegal instruction was encountered
Search for `cudaErrorIllegalInstruction' in https://docs.nvidia.com/cuda/cuda-runtime-api/group__CUDART__TYPES.html for more information.
CUDA kernel errors might be asynchronously reported at some other API call, so the stacktrace below might be incorrect.
For debugging consider passing CUDA_LAUNCH_BLOCKING=1
Compile with `TORCH_USE_CUDA_DSA` to enable device-side assertions.


2026-10-01 17:10:03,489 WARNING:An error occurred while testing config {'BLOCK_SIZE_M': 128, 'BLOCK_SIZE_N': 128, 'BLOCK_SIZE_K': 32, 'GROUPSIZE': 8, 'threads': 128, 'num_stages': 4}, checkout autotuner.log for more details
2026-10-01 17:10:03,489 DEBUG:Error: Traceback (most recent call last):
  File "/projects/kzhou6/bcui2/env_software/miniconda3-aarch64/envs/tilebench++_env/lib/python3.10/site-packages/tilelang/autotuner/tuner.py", line 650, in _run_benchmark_target
    latency, worker_ref_latency = benchmark_target(
  File "/projects/kzhou6/bcui2/env_software/miniconda3-aarch64/envs/tilebench++_env/lib/python3.10/site-packages/tilelang/autotuner/tuner.py", line 769, in _benchmark_target
    jit_input_tensors_cache = jit_input_tensors_supply()
  File "/projects/kzhou6/bcui2/env_software/miniconda3-aarch64/envs/tilebench++_env/lib/python3.10/site-packages/tilelang/autotuner/tuner.py", line 727, in func
    return supply_prog(profiler._get_params(with_output=with_output))
  File "/projects/kzhou6/bcui2/env_software/miniconda3-aarch64/envs/tilebench++_env/lib/python3.10/site-packages/tilelang/autotuner/tuner.py", line 384, in supply_prog
    _cached_tensors_by_device[device] = [
  File "/projects/kzhou6/bcui2/env_software/miniconda3-aarch64/envs/tilebench++_env/lib/python3.10/site-packages/tilelang/autotuner/tuner.py", line 385, in <listcomp>
    tensor.to(device=target_device).clone() if isinstance(tensor, torch.Tensor) else tensor for tensor in _frozen_inputs
torch.AcceleratorError: CUDA error: an illegal instruction was encountered
Search for `cudaErrorIllegalInstruction' in https://docs.nvidia.com/cuda/cuda-runtime-api/group__CUDART__TYPES.html for more information.
CUDA kernel errors might be asynchronously reported at some other API call, so the stacktrace below might be incorrect.
For debugging consider passing CUDA_LAUNCH_BLOCKING=1
Compile with `TORCH_USE_CUDA_DSA` to enable device-side assertions.


2026-10-01 17:10:03,489 WARNING:An error occurred while testing config {'BLOCK_SIZE_M': 64, 'BLOCK_SIZE_N': 128, 'BLOCK_SIZE_K': 64, 'GROUPSIZE': 8, 'threads': 128, 'num_stages': 2}, checkout autotuner.log for more details
2026-10-01 17:10:03,489 DEBUG:Error: Traceback (most recent call last):
  File "/projects/kzhou6/bcui2/env_software/miniconda3-aarch64/envs/tilebench++_env/lib/python3.10/site-packages/tilelang/autotuner/tuner.py", line 650, in _run_benchmark_target
    latency, worker_ref_latency = benchmark_target(
  File "/projects/kzhou6/bcui2/env_software/miniconda3-aarch64/envs/tilebench++_env/lib/python3.10/site-packages/tilelang/autotuner/tuner.py", line 769, in _benchmark_target
    jit_input_tensors_cache = jit_input_tensors_supply()
  File "/projects/kzhou6/bcui2/env_software/miniconda3-aarch64/envs/tilebench++_env/lib/python3.10/site-packages/tilelang/autotuner/tuner.py", line 727, in func
    return supply_prog(profiler._get_params(with_output=with_output))
  File "/projects/kzhou6/bcui2/env_software/miniconda3-aarch64/envs/tilebench++_env/lib/python3.10/site-packages/tilelang/autotuner/tuner.py", line 384, in supply_prog
    _cached_tensors_by_device[device] = [
  File "/projects/kzhou6/bcui2/env_software/miniconda3-aarch64/envs/tilebench++_env/lib/python3.10/site-packages/tilelang/autotuner/tuner.py", line 385, in <listcomp>
    tensor.to(device=target_device).clone() if isinstance(tensor, torch.Tensor) else tensor for tensor in _frozen_inputs
torch.AcceleratorError: CUDA error: an illegal instruction was encountered
Search for `cudaErrorIllegalInstruction' in https://docs.nvidia.com/cuda/cuda-runtime-api/group__CUDART__TYPES.html for more information.
CUDA kernel errors might be asynchronously reported at some other API call, so the stacktrace below might be incorrect.
For debugging consider passing CUDA_LAUNCH_BLOCKING=1
Compile with `TORCH_USE_CUDA_DSA` to enable device-side assertions.


2026-10-01 17:10:03,490 WARNING:An error occurred while testing config {'BLOCK_SIZE_M': 128, 'BLOCK_SIZE_N': 32, 'BLOCK_SIZE_K': 32, 'GROUPSIZE': 1, 'threads': 128, 'num_stages': 2}, checkout autotuner.log for more details
2026-10-01 17:10:03,490 DEBUG:Error: Traceback (most recent call last):
  File "/projects/kzhou6/bcui2/env_software/miniconda3-aarch64/envs/tilebench++_env/lib/python3.10/site-packages/tilelang/autotuner/tuner.py", line 650, in _run_benchmark_target
    latency, worker_ref_latency = benchmark_target(
  File "/projects/kzhou6/bcui2/env_software/miniconda3-aarch64/envs/tilebench++_env/lib/python3.10/site-packages/tilelang/autotuner/tuner.py", line 769, in _benchmark_target
    jit_input_tensors_cache = jit_input_tensors_supply()
  File "/projects/kzhou6/bcui2/env_software/miniconda3-aarch64/envs/tilebench++_env/lib/python3.10/site-packages/tilelang/autotuner/tuner.py", line 727, in func
    return supply_prog(profiler._get_params(with_output=with_output))
  File "/projects/kzhou6/bcui2/env_software/miniconda3-aarch64/envs/tilebench++_env/lib/python3.10/site-packages/tilelang/autotuner/tuner.py", line 384, in supply_prog
    _cached_tensors_by_device[device] = [
  File "/projects/kzhou6/bcui2/env_software/miniconda3-aarch64/envs/tilebench++_env/lib/python3.10/site-packages/tilelang/autotuner/tuner.py", line 385, in <listcomp>
    tensor.to(device=target_device).clone() if isinstance(tensor, torch.Tensor) else tensor for tensor in _frozen_inputs
torch.AcceleratorError: CUDA error: an illegal instruction was encountered
Search for `cudaErrorIllegalInstruction' in https://docs.nvidia.com/cuda/cuda-runtime-api/group__CUDART__TYPES.html for more information.
CUDA kernel errors might be asynchronously reported at some other API call, so the stacktrace below might be incorrect.
For debugging consider passing CUDA_LAUNCH_BLOCKING=1
Compile with `TORCH_USE_CUDA_DSA` to enable device-side assertions.


2026-10-01 17:10:03,490 WARNING:An error occurred while testing config {'BLOCK_SIZE_M': 64, 'BLOCK_SIZE_N': 128, 'BLOCK_SIZE_K': 64, 'GROUPSIZE': 1, 'threads': 256, 'num_stages': 3}, checkout autotuner.log for more details
2026-10-01 17:10:03,490 DEBUG:Error: Traceback (most recent call last):
  File "/projects/kzhou6/bcui2/env_software/miniconda3-aarch64/envs/tilebench++_env/lib/python3.10/site-packages/tilelang/autotuner/tuner.py", line 650, in _run_benchmark_target
    latency, worker_ref_latency = benchmark_target(
  File "/projects/kzhou6/bcui2/env_software/miniconda3-aarch64/envs/tilebench++_env/lib/python3.10/site-packages/tilelang/autotuner/tuner.py", line 769, in _benchmark_target
    jit_input_tensors_cache = jit_input_tensors_supply()
  File "/projects/kzhou6/bcui2/env_software/miniconda3-aarch64/envs/tilebench++_env/lib/python3.10/site-packages/tilelang/autotuner/tuner.py", line 727, in func
    return supply_prog(profiler._get_params(with_output=with_output))
  File "/projects/kzhou6/bcui2/env_software/miniconda3-aarch64/envs/tilebench++_env/lib/python3.10/site-packages/tilelang/autotuner/tuner.py", line 384, in supply_prog
    _cached_tensors_by_device[device] = [
  File "/projects/kzhou6/bcui2/env_software/miniconda3-aarch64/envs/tilebench++_env/lib/python3.10/site-packages/tilelang/autotuner/tuner.py", line 385, in <listcomp>
    tensor.to(device=target_device).clone() if isinstance(tensor, torch.Tensor) else tensor for tensor in _frozen_inputs
torch.AcceleratorError: CUDA error: an illegal instruction was encountered
Search for `cudaErrorIllegalInstruction' in https://docs.nvidia.com/cuda/cuda-runtime-api/group__CUDART__TYPES.html for more information.
CUDA kernel errors might be asynchronously reported at some other API call, so the stacktrace below might be incorrect.
For debugging consider passing CUDA_LAUNCH_BLOCKING=1
Compile with `TORCH_USE_CUDA_DSA` to enable device-side assertions.


2026-10-01 17:10:03,491 WARNING:An error occurred while testing config {'BLOCK_SIZE_M': 128, 'BLOCK_SIZE_N': 32, 'BLOCK_SIZE_K': 32, 'GROUPSIZE': 1, 'threads': 256, 'num_stages': 2}, checkout autotuner.log for more details
2026-10-01 17:10:03,491 DEBUG:Error: Traceback (most recent call last):
  File "/projects/kzhou6/bcui2/env_software/miniconda3-aarch64/envs/tilebench++_env/lib/python3.10/site-packages/tilelang/autotuner/tuner.py", line 650, in _run_benchmark_target
    latency, worker_ref_latency = benchmark_target(
  File "/projects/kzhou6/bcui2/env_software/miniconda3-aarch64/envs/tilebench++_env/lib/python3.10/site-packages/tilelang/autotuner/tuner.py", line 769, in _benchmark_target
    jit_input_tensors_cache = jit_input_tensors_supply()
  File "/projects/kzhou6/bcui2/env_software/miniconda3-aarch64/envs/tilebench++_env/lib/python3.10/site-packages/tilelang/autotuner/tuner.py", line 727, in func
    return supply_prog(profiler._get_params(with_output=with_output))
  File "/projects/kzhou6/bcui2/env_software/miniconda3-aarch64/envs/tilebench++_env/lib/python3.10/site-packages/tilelang/autotuner/tuner.py", line 384, in supply_prog
    _cached_tensors_by_device[device] = [
  File "/projects/kzhou6/bcui2/env_software/miniconda3-aarch64/envs/tilebench++_env/lib/python3.10/site-packages/tilelang/autotuner/tuner.py", line 385, in <listcomp>
    tensor.to(device=target_device).clone() if isinstance(tensor, torch.Tensor) else tensor for tensor in _frozen_inputs
torch.AcceleratorError: CUDA error: an illegal instruction was encountered
Search for `cudaErrorIllegalInstruction' in https://docs.nvidia.com/cuda/cuda-runtime-api/group__CUDART__TYPES.html for more information.
CUDA kernel errors might be asynchronously reported at some other API call, so the stacktrace below might be incorrect.
For debugging consider passing CUDA_LAUNCH_BLOCKING=1
Compile with `TORCH_USE_CUDA_DSA` to enable device-side assertions.


2026-10-01 17:10:03,491 WARNING:An error occurred while testing config {'BLOCK_SIZE_M': 64, 'BLOCK_SIZE_N': 128, 'BLOCK_SIZE_K': 64, 'GROUPSIZE': 8, 'threads': 256, 'num_stages': 2}, checkout autotuner.log for more details
2026-10-01 17:10:03,491 DEBUG:Error: Traceback (most recent call last):
  File "/projects/kzhou6/bcui2/env_software/miniconda3-aarch64/envs/tilebench++_env/lib/python3.10/site-packages/tilelang/autotuner/tuner.py", line 650, in _run_benchmark_target
    latency, worker_ref_latency = benchmark_target(
  File "/projects/kzhou6/bcui2/env_software/miniconda3-aarch64/envs/tilebench++_env/lib/python3.10/site-packages/tilelang/autotuner/tuner.py", line 769, in _benchmark_target
    jit_input_tensors_cache = jit_input_tensors_supply()
  File "/projects/kzhou6/bcui2/env_software/miniconda3-aarch64/envs/tilebench++_env/lib/python3.10/site-packages/tilelang/autotuner/tuner.py", line 727, in func
    return supply_prog(profiler._get_params(with_output=with_output))
  File "/projects/kzhou6/bcui2/env_software/miniconda3-aarch64/envs/tilebench++_env/lib/python3.10/site-packages/tilelang/autotuner/tuner.py", line 384, in supply_prog
    _cached_tensors_by_device[device] = [
  File "/projects/kzhou6/bcui2/env_software/miniconda3-aarch64/envs/tilebench++_env/lib/python3.10/site-packages/tilelang/autotuner/tuner.py", line 385, in <listcomp>
    tensor.to(device=target_device).clone() if isinstance(tensor, torch.Tensor) else tensor for tensor in _frozen_inputs
torch.AcceleratorError: CUDA error: an illegal instruction was encountered
Search for `cudaErrorIllegalInstruction' in https://docs.nvidia.com/cuda/cuda-runtime-api/group__CUDART__TYPES.html for more information.
CUDA kernel errors might be asynchronously reported at some other API call, so the stacktrace below might be incorrect.
For debugging consider passing CUDA_LAUNCH_BLOCKING=1
Compile with `TORCH_USE_CUDA_DSA` to enable device-side assertions.


2026-10-01 17:10:03,491 WARNING:An error occurred while testing config {'BLOCK_SIZE_M': 128, 'BLOCK_SIZE_N': 32, 'BLOCK_SIZE_K': 32, 'GROUPSIZE': 1, 'threads': 128, 'num_stages': 3}, checkout autotuner.log for more details
2026-10-01 17:10:03,492 DEBUG:Error: Traceback (most recent call last):
  File "/projects/kzhou6/bcui2/env_software/miniconda3-aarch64/envs/tilebench++_env/lib/python3.10/site-packages/tilelang/autotuner/tuner.py", line 650, in _run_benchmark_target
    latency, worker_ref_latency = benchmark_target(
  File "/projects/kzhou6/bcui2/env_software/miniconda3-aarch64/envs/tilebench++_env/lib/python3.10/site-packages/tilelang/autotuner/tuner.py", line 769, in _benchmark_target
    jit_input_tensors_cache = jit_input_tensors_supply()
  File "/projects/kzhou6/bcui2/env_software/miniconda3-aarch64/envs/tilebench++_env/lib/python3.10/site-packages/tilelang/autotuner/tuner.py", line 727, in func
    return supply_prog(profiler._get_params(with_output=with_output))
  File "/projects/kzhou6/bcui2/env_software/miniconda3-aarch64/envs/tilebench++_env/lib/python3.10/site-packages/tilelang/autotuner/tuner.py", line 384, in supply_prog
    _cached_tensors_by_device[device] = [
  File "/projects/kzhou6/bcui2/env_software/miniconda3-aarch64/envs/tilebench++_env/lib/python3.10/site-packages/tilelang/autotuner/tuner.py", line 385, in <listcomp>
    tensor.to(device=target_device).clone() if isinstance(tensor, torch.Tensor) else tensor for tensor in _frozen_inputs
torch.AcceleratorError: CUDA error: an illegal instruction was encountered
Search for `cudaErrorIllegalInstruction' in https://docs.nvidia.com/cuda/cuda-runtime-api/group__CUDART__TYPES.html for more information.
CUDA kernel errors might be asynchronously reported at some other API call, so the stacktrace below might be incorrect.
For debugging consider passing CUDA_LAUNCH_BLOCKING=1
Compile with `TORCH_USE_CUDA_DSA` to enable device-side assertions.


2026-10-01 17:10:03,492 WARNING:An error occurred while testing config {'BLOCK_SIZE_M': 128, 'BLOCK_SIZE_N': 32, 'BLOCK_SIZE_K': 32, 'GROUPSIZE': 1, 'threads': 128, 'num_stages': 4}, checkout autotuner.log for more details
2026-10-01 17:10:03,492 DEBUG:Error: Traceback (most recent call last):
  File "/projects/kzhou6/bcui2/env_software/miniconda3-aarch64/envs/tilebench++_env/lib/python3.10/site-packages/tilelang/autotuner/tuner.py", line 650, in _run_benchmark_target
    latency, worker_ref_latency = benchmark_target(
  File "/projects/kzhou6/bcui2/env_software/miniconda3-aarch64/envs/tilebench++_env/lib/python3.10/site-packages/tilelang/autotuner/tuner.py", line 769, in _benchmark_target
    jit_input_tensors_cache = jit_input_tensors_supply()
  File "/projects/kzhou6/bcui2/env_software/miniconda3-aarch64/envs/tilebench++_env/lib/python3.10/site-packages/tilelang/autotuner/tuner.py", line 727, in func
    return supply_prog(profiler._get_params(with_output=with_output))
  File "/projects/kzhou6/bcui2/env_software/miniconda3-aarch64/envs/tilebench++_env/lib/python3.10/site-packages/tilelang/autotuner/tuner.py", line 384, in supply_prog
    _cached_tensors_by_device[device] = [
  File "/projects/kzhou6/bcui2/env_software/miniconda3-aarch64/envs/tilebench++_env/lib/python3.10/site-packages/tilelang/autotuner/tuner.py", line 385, in <listcomp>
    tensor.to(device=target_device).clone() if isinstance(tensor, torch.Tensor) else tensor for tensor in _frozen_inputs
torch.AcceleratorError: CUDA error: an illegal instruction was encountered
Search for `cudaErrorIllegalInstruction' in https://docs.nvidia.com/cuda/cuda-runtime-api/group__CUDART__TYPES.html for more information.
CUDA kernel errors might be asynchronously reported at some other API call, so the stacktrace below might be incorrect.
For debugging consider passing CUDA_LAUNCH_BLOCKING=1
Compile with `TORCH_USE_CUDA_DSA` to enable device-side assertions.


2026-10-01 17:10:03,492 WARNING:An error occurred while testing config {'BLOCK_SIZE_M': 64, 'BLOCK_SIZE_N': 128, 'BLOCK_SIZE_K': 64, 'GROUPSIZE': 8, 'threads': 128, 'num_stages': 3}, checkout autotuner.log for more details
2026-10-01 17:10:03,492 DEBUG:Error: Traceback (most recent call last):
  File "/projects/kzhou6/bcui2/env_software/miniconda3-aarch64/envs/tilebench++_env/lib/python3.10/site-packages/tilelang/autotuner/tuner.py", line 650, in _run_benchmark_target
    latency, worker_ref_latency = benchmark_target(
  File "/projects/kzhou6/bcui2/env_software/miniconda3-aarch64/envs/tilebench++_env/lib/python3.10/site-packages/tilelang/autotuner/tuner.py", line 769, in _benchmark_target
    jit_input_tensors_cache = jit_input_tensors_supply()
  File "/projects/kzhou6/bcui2/env_software/miniconda3-aarch64/envs/tilebench++_env/lib/python3.10/site-packages/tilelang/autotuner/tuner.py", line 727, in func
    return supply_prog(profiler._get_params(with_output=with_output))
  File "/projects/kzhou6/bcui2/env_software/miniconda3-aarch64/envs/tilebench++_env/lib/python3.10/site-packages/tilelang/autotuner/tuner.py", line 384, in supply_prog
    _cached_tensors_by_device[device] = [
  File "/projects/kzhou6/bcui2/env_software/miniconda3-aarch64/envs/tilebench++_env/lib/python3.10/site-packages/tilelang/autotuner/tuner.py", line 385, in <listcomp>
    tensor.to(device=target_device).clone() if isinstance(tensor, torch.Tensor) else tensor for tensor in _frozen_inputs
torch.AcceleratorError: CUDA error: an illegal instruction was encountered
Search for `cudaErrorIllegalInstruction' in https://docs.nvidia.com/cuda/cuda-runtime-api/group__CUDART__TYPES.html for more information.
CUDA kernel errors might be asynchronously reported at some other API call, so the stacktrace below might be incorrect.
For debugging consider passing CUDA_LAUNCH_BLOCKING=1
Compile with `TORCH_USE_CUDA_DSA` to enable device-side assertions.


2026-10-01 17:10:03,493 WARNING:An error occurred while testing config {'BLOCK_SIZE_M': 64, 'BLOCK_SIZE_N': 128, 'BLOCK_SIZE_K': 64, 'GROUPSIZE': 8, 'threads': 256, 'num_stages': 3}, checkout autotuner.log for more details
2026-10-01 17:10:03,493 DEBUG:Error: Traceback (most recent call last):
  File "/projects/kzhou6/bcui2/env_software/miniconda3-aarch64/envs/tilebench++_env/lib/python3.10/site-packages/tilelang/autotuner/tuner.py", line 650, in _run_benchmark_target
    latency, worker_ref_latency = benchmark_target(
  File "/projects/kzhou6/bcui2/env_software/miniconda3-aarch64/envs/tilebench++_env/lib/python3.10/site-packages/tilelang/autotuner/tuner.py", line 769, in _benchmark_target
    jit_input_tensors_cache = jit_input_tensors_supply()
  File "/projects/kzhou6/bcui2/env_software/miniconda3-aarch64/envs/tilebench++_env/lib/python3.10/site-packages/tilelang/autotuner/tuner.py", line 727, in func
    return supply_prog(profiler._get_params(with_output=with_output))
  File "/projects/kzhou6/bcui2/env_software/miniconda3-aarch64/envs/tilebench++_env/lib/python3.10/site-packages/tilelang/autotuner/tuner.py", line 384, in supply_prog
    _cached_tensors_by_device[device] = [
  File "/projects/kzhou6/bcui2/env_software/miniconda3-aarch64/envs/tilebench++_env/lib/python3.10/site-packages/tilelang/autotuner/tuner.py", line 385, in <listcomp>
    tensor.to(device=target_device).clone() if isinstance(tensor, torch.Tensor) else tensor for tensor in _frozen_inputs
torch.AcceleratorError: CUDA error: an illegal instruction was encountered
Search for `cudaErrorIllegalInstruction' in https://docs.nvidia.com/cuda/cuda-runtime-api/group__CUDART__TYPES.html for more information.
CUDA kernel errors might be asynchronously reported at some other API call, so the stacktrace below might be incorrect.
For debugging consider passing CUDA_LAUNCH_BLOCKING=1
Compile with `TORCH_USE_CUDA_DSA` to enable device-side assertions.


2026-10-01 17:10:03,493 WARNING:An error occurred while testing config {'BLOCK_SIZE_M': 128, 'BLOCK_SIZE_N': 32, 'BLOCK_SIZE_K': 32, 'GROUPSIZE': 8, 'threads': 128, 'num_stages': 2}, checkout autotuner.log for more details
2026-10-01 17:10:03,493 DEBUG:Error: Traceback (most recent call last):
  File "/projects/kzhou6/bcui2/env_software/miniconda3-aarch64/envs/tilebench++_env/lib/python3.10/site-packages/tilelang/autotuner/tuner.py", line 650, in _run_benchmark_target
    latency, worker_ref_latency = benchmark_target(
  File "/projects/kzhou6/bcui2/env_software/miniconda3-aarch64/envs/tilebench++_env/lib/python3.10/site-packages/tilelang/autotuner/tuner.py", line 769, in _benchmark_target
    jit_input_tensors_cache = jit_input_tensors_supply()
  File "/projects/kzhou6/bcui2/env_software/miniconda3-aarch64/envs/tilebench++_env/lib/python3.10/site-packages/tilelang/autotuner/tuner.py", line 727, in func
    return supply_prog(profiler._get_params(with_output=with_output))
  File "/projects/kzhou6/bcui2/env_software/miniconda3-aarch64/envs/tilebench++_env/lib/python3.10/site-packages/tilelang/autotuner/tuner.py", line 384, in supply_prog
    _cached_tensors_by_device[device] = [
  File "/projects/kzhou6/bcui2/env_software/miniconda3-aarch64/envs/tilebench++_env/lib/python3.10/site-packages/tilelang/autotuner/tuner.py", line 385, in <listcomp>
    tensor.to(device=target_device).clone() if isinstance(tensor, torch.Tensor) else tensor for tensor in _frozen_inputs
torch.AcceleratorError: CUDA error: an illegal instruction was encountered
Search for `cudaErrorIllegalInstruction' in https://docs.nvidia.com/cuda/cuda-runtime-api/group__CUDART__TYPES.html for more information.
CUDA kernel errors might be asynchronously reported at some other API call, so the stacktrace below might be incorrect.
For debugging consider passing CUDA_LAUNCH_BLOCKING=1
Compile with `TORCH_USE_CUDA_DSA` to enable device-side assertions.


2026-10-01 17:10:03,493 WARNING:An error occurred while testing config {'BLOCK_SIZE_M': 128, 'BLOCK_SIZE_N': 32, 'BLOCK_SIZE_K': 32, 'GROUPSIZE': 8, 'threads': 128, 'num_stages': 3}, checkout autotuner.log for more details
2026-10-01 17:10:03,493 DEBUG:Error: Traceback (most recent call last):
  File "/projects/kzhou6/bcui2/env_software/miniconda3-aarch64/envs/tilebench++_env/lib/python3.10/site-packages/tilelang/autotuner/tuner.py", line 650, in _run_benchmark_target
    latency, worker_ref_latency = benchmark_target(
  File "/projects/kzhou6/bcui2/env_software/miniconda3-aarch64/envs/tilebench++_env/lib/python3.10/site-packages/tilelang/autotuner/tuner.py", line 769, in _benchmark_target
    jit_input_tensors_cache = jit_input_tensors_supply()
  File "/projects/kzhou6/bcui2/env_software/miniconda3-aarch64/envs/tilebench++_env/lib/python3.10/site-packages/tilelang/autotuner/tuner.py", line 727, in func
    return supply_prog(profiler._get_params(with_output=with_output))
  File "/projects/kzhou6/bcui2/env_software/miniconda3-aarch64/envs/tilebench++_env/lib/python3.10/site-packages/tilelang/autotuner/tuner.py", line 384, in supply_prog
    _cached_tensors_by_device[device] = [
  File "/projects/kzhou6/bcui2/env_software/miniconda3-aarch64/envs/tilebench++_env/lib/python3.10/site-packages/tilelang/autotuner/tuner.py", line 385, in <listcomp>
    tensor.to(device=target_device).clone() if isinstance(tensor, torch.Tensor) else tensor for tensor in _frozen_inputs
torch.AcceleratorError: CUDA error: an illegal instruction was encountered
Search for `cudaErrorIllegalInstruction' in https://docs.nvidia.com/cuda/cuda-runtime-api/group__CUDART__TYPES.html for more information.
CUDA kernel errors might be asynchronously reported at some other API call, so the stacktrace below might be incorrect.
For debugging consider passing CUDA_LAUNCH_BLOCKING=1
Compile with `TORCH_USE_CUDA_DSA` to enable device-side assertions.


2026-10-01 17:10:03,494 WARNING:An error occurred while testing config {'BLOCK_SIZE_M': 128, 'BLOCK_SIZE_N': 64, 'BLOCK_SIZE_K': 32, 'GROUPSIZE': 1, 'threads': 256, 'num_stages': 2}, checkout autotuner.log for more details
2026-10-01 17:10:03,494 DEBUG:Error: Traceback (most recent call last):
  File "/projects/kzhou6/bcui2/env_software/miniconda3-aarch64/envs/tilebench++_env/lib/python3.10/site-packages/tilelang/autotuner/tuner.py", line 650, in _run_benchmark_target
    latency, worker_ref_latency = benchmark_target(
  File "/projects/kzhou6/bcui2/env_software/miniconda3-aarch64/envs/tilebench++_env/lib/python3.10/site-packages/tilelang/autotuner/tuner.py", line 769, in _benchmark_target
    jit_input_tensors_cache = jit_input_tensors_supply()
  File "/projects/kzhou6/bcui2/env_software/miniconda3-aarch64/envs/tilebench++_env/lib/python3.10/site-packages/tilelang/autotuner/tuner.py", line 727, in func
    return supply_prog(profiler._get_params(with_output=with_output))
  File "/projects/kzhou6/bcui2/env_software/miniconda3-aarch64/envs/tilebench++_env/lib/python3.10/site-packages/tilelang/autotuner/tuner.py", line 384, in supply_prog
    _cached_tensors_by_device[device] = [
  File "/projects/kzhou6/bcui2/env_software/miniconda3-aarch64/envs/tilebench++_env/lib/python3.10/site-packages/tilelang/autotuner/tuner.py", line 385, in <listcomp>
    tensor.to(device=target_device).clone() if isinstance(tensor, torch.Tensor) else tensor for tensor in _frozen_inputs
torch.AcceleratorError: CUDA error: an illegal instruction was encountered
Search for `cudaErrorIllegalInstruction' in https://docs.nvidia.com/cuda/cuda-runtime-api/group__CUDART__TYPES.html for more information.
CUDA kernel errors might be asynchronously reported at some other API call, so the stacktrace below might be incorrect.
For debugging consider passing CUDA_LAUNCH_BLOCKING=1
Compile with `TORCH_USE_CUDA_DSA` to enable device-side assertions.


2026-10-01 17:10:03,494 WARNING:An error occurred while testing config {'BLOCK_SIZE_M': 128, 'BLOCK_SIZE_N': 32, 'BLOCK_SIZE_K': 32, 'GROUPSIZE': 8, 'threads': 256, 'num_stages': 2}, checkout autotuner.log for more details
2026-10-01 17:10:03,494 DEBUG:Error: Traceback (most recent call last):
  File "/projects/kzhou6/bcui2/env_software/miniconda3-aarch64/envs/tilebench++_env/lib/python3.10/site-packages/tilelang/autotuner/tuner.py", line 650, in _run_benchmark_target
    latency, worker_ref_latency = benchmark_target(
  File "/projects/kzhou6/bcui2/env_software/miniconda3-aarch64/envs/tilebench++_env/lib/python3.10/site-packages/tilelang/autotuner/tuner.py", line 769, in _benchmark_target
    jit_input_tensors_cache = jit_input_tensors_supply()
  File "/projects/kzhou6/bcui2/env_software/miniconda3-aarch64/envs/tilebench++_env/lib/python3.10/site-packages/tilelang/autotuner/tuner.py", line 727, in func
    return supply_prog(profiler._get_params(with_output=with_output))
  File "/projects/kzhou6/bcui2/env_software/miniconda3-aarch64/envs/tilebench++_env/lib/python3.10/site-packages/tilelang/autotuner/tuner.py", line 384, in supply_prog
    _cached_tensors_by_device[device] = [
  File "/projects/kzhou6/bcui2/env_software/miniconda3-aarch64/envs/tilebench++_env/lib/python3.10/site-packages/tilelang/autotuner/tuner.py", line 385, in <listcomp>
    tensor.to(device=target_device).clone() if isinstance(tensor, torch.Tensor) else tensor for tensor in _frozen_inputs
torch.AcceleratorError: CUDA error: an illegal instruction was encountered
Search for `cudaErrorIllegalInstruction' in https://docs.nvidia.com/cuda/cuda-runtime-api/group__CUDART__TYPES.html for more information.
CUDA kernel errors might be asynchronously reported at some other API call, so the stacktrace below might be incorrect.
For debugging consider passing CUDA_LAUNCH_BLOCKING=1
Compile with `TORCH_USE_CUDA_DSA` to enable device-side assertions.


2026-10-01 17:10:03,495 WARNING:An error occurred while testing config {'BLOCK_SIZE_M': 128, 'BLOCK_SIZE_N': 32, 'BLOCK_SIZE_K': 64, 'GROUPSIZE': 1, 'threads': 128, 'num_stages': 2}, checkout autotuner.log for more details
2026-10-01 17:10:03,495 DEBUG:Error: Traceback (most recent call last):
  File "/projects/kzhou6/bcui2/env_software/miniconda3-aarch64/envs/tilebench++_env/lib/python3.10/site-packages/tilelang/autotuner/tuner.py", line 650, in _run_benchmark_target
    latency, worker_ref_latency = benchmark_target(
  File "/projects/kzhou6/bcui2/env_software/miniconda3-aarch64/envs/tilebench++_env/lib/python3.10/site-packages/tilelang/autotuner/tuner.py", line 769, in _benchmark_target
    jit_input_tensors_cache = jit_input_tensors_supply()
  File "/projects/kzhou6/bcui2/env_software/miniconda3-aarch64/envs/tilebench++_env/lib/python3.10/site-packages/tilelang/autotuner/tuner.py", line 727, in func
    return supply_prog(profiler._get_params(with_output=with_output))
  File "/projects/kzhou6/bcui2/env_software/miniconda3-aarch64/envs/tilebench++_env/lib/python3.10/site-packages/tilelang/autotuner/tuner.py", line 384, in supply_prog
    _cached_tensors_by_device[device] = [
  File "/projects/kzhou6/bcui2/env_software/miniconda3-aarch64/envs/tilebench++_env/lib/python3.10/site-packages/tilelang/autotuner/tuner.py", line 385, in <listcomp>
    tensor.to(device=target_device).clone() if isinstance(tensor, torch.Tensor) else tensor for tensor in _frozen_inputs
torch.AcceleratorError: CUDA error: an illegal instruction was encountered
Search for `cudaErrorIllegalInstruction' in https://docs.nvidia.com/cuda/cuda-runtime-api/group__CUDART__TYPES.html for more information.
CUDA kernel errors might be asynchronously reported at some other API call, so the stacktrace below might be incorrect.
For debugging consider passing CUDA_LAUNCH_BLOCKING=1
Compile with `TORCH_USE_CUDA_DSA` to enable device-side assertions.


2026-10-01 17:10:03,495 WARNING:An error occurred while testing config {'BLOCK_SIZE_M': 128, 'BLOCK_SIZE_N': 32, 'BLOCK_SIZE_K': 64, 'GROUPSIZE': 1, 'threads': 256, 'num_stages': 2}, checkout autotuner.log for more details
2026-10-01 17:10:03,495 DEBUG:Error: Traceback (most recent call last):
  File "/projects/kzhou6/bcui2/env_software/miniconda3-aarch64/envs/tilebench++_env/lib/python3.10/site-packages/tilelang/autotuner/tuner.py", line 650, in _run_benchmark_target
    latency, worker_ref_latency = benchmark_target(
  File "/projects/kzhou6/bcui2/env_software/miniconda3-aarch64/envs/tilebench++_env/lib/python3.10/site-packages/tilelang/autotuner/tuner.py", line 769, in _benchmark_target
    jit_input_tensors_cache = jit_input_tensors_supply()
  File "/projects/kzhou6/bcui2/env_software/miniconda3-aarch64/envs/tilebench++_env/lib/python3.10/site-packages/tilelang/autotuner/tuner.py", line 727, in func
    return supply_prog(profiler._get_params(with_output=with_output))
  File "/projects/kzhou6/bcui2/env_software/miniconda3-aarch64/envs/tilebench++_env/lib/python3.10/site-packages/tilelang/autotuner/tuner.py", line 384, in supply_prog
    _cached_tensors_by_device[device] = [
  File "/projects/kzhou6/bcui2/env_software/miniconda3-aarch64/envs/tilebench++_env/lib/python3.10/site-packages/tilelang/autotuner/tuner.py", line 385, in <listcomp>
    tensor.to(device=target_device).clone() if isinstance(tensor, torch.Tensor) else tensor for tensor in _frozen_inputs
torch.AcceleratorError: CUDA error: an illegal instruction was encountered
Search for `cudaErrorIllegalInstruction' in https://docs.nvidia.com/cuda/cuda-runtime-api/group__CUDART__TYPES.html for more information.
CUDA kernel errors might be asynchronously reported at some other API call, so the stacktrace below might be incorrect.
For debugging consider passing CUDA_LAUNCH_BLOCKING=1
Compile with `TORCH_USE_CUDA_DSA` to enable device-side assertions.


2026-10-01 17:10:03,495 WARNING:An error occurred while testing config {'BLOCK_SIZE_M': 128, 'BLOCK_SIZE_N': 64, 'BLOCK_SIZE_K': 32, 'GROUPSIZE': 8, 'threads': 128, 'num_stages': 2}, checkout autotuner.log for more details
2026-10-01 17:10:03,495 DEBUG:Error: Traceback (most recent call last):
  File "/projects/kzhou6/bcui2/env_software/miniconda3-aarch64/envs/tilebench++_env/lib/python3.10/site-packages/tilelang/autotuner/tuner.py", line 650, in _run_benchmark_target
    latency, worker_ref_latency = benchmark_target(
  File "/projects/kzhou6/bcui2/env_software/miniconda3-aarch64/envs/tilebench++_env/lib/python3.10/site-packages/tilelang/autotuner/tuner.py", line 769, in _benchmark_target
    jit_input_tensors_cache = jit_input_tensors_supply()
  File "/projects/kzhou6/bcui2/env_software/miniconda3-aarch64/envs/tilebench++_env/lib/python3.10/site-packages/tilelang/autotuner/tuner.py", line 727, in func
    return supply_prog(profiler._get_params(with_output=with_output))
  File "/projects/kzhou6/bcui2/env_software/miniconda3-aarch64/envs/tilebench++_env/lib/python3.10/site-packages/tilelang/autotuner/tuner.py", line 384, in supply_prog
    _cached_tensors_by_device[device] = [
  File "/projects/kzhou6/bcui2/env_software/miniconda3-aarch64/envs/tilebench++_env/lib/python3.10/site-packages/tilelang/autotuner/tuner.py", line 385, in <listcomp>
    tensor.to(device=target_device).clone() if isinstance(tensor, torch.Tensor) else tensor for tensor in _frozen_inputs
torch.AcceleratorError: CUDA error: an illegal instruction was encountered
Search for `cudaErrorIllegalInstruction' in https://docs.nvidia.com/cuda/cuda-runtime-api/group__CUDART__TYPES.html for more information.
CUDA kernel errors might be asynchronously reported at some other API call, so the stacktrace below might be incorrect.
For debugging consider passing CUDA_LAUNCH_BLOCKING=1
Compile with `TORCH_USE_CUDA_DSA` to enable device-side assertions.


2026-10-01 17:10:03,496 WARNING:An error occurred while testing config {'BLOCK_SIZE_M': 128, 'BLOCK_SIZE_N': 64, 'BLOCK_SIZE_K': 32, 'GROUPSIZE': 1, 'threads': 128, 'num_stages': 2}, checkout autotuner.log for more details
2026-10-01 17:10:03,496 DEBUG:Error: Traceback (most recent call last):
  File "/projects/kzhou6/bcui2/env_software/miniconda3-aarch64/envs/tilebench++_env/lib/python3.10/site-packages/tilelang/autotuner/tuner.py", line 650, in _run_benchmark_target
    latency, worker_ref_latency = benchmark_target(
  File "/projects/kzhou6/bcui2/env_software/miniconda3-aarch64/envs/tilebench++_env/lib/python3.10/site-packages/tilelang/autotuner/tuner.py", line 769, in _benchmark_target
    jit_input_tensors_cache = jit_input_tensors_supply()
  File "/projects/kzhou6/bcui2/env_software/miniconda3-aarch64/envs/tilebench++_env/lib/python3.10/site-packages/tilelang/autotuner/tuner.py", line 727, in func
    return supply_prog(profiler._get_params(with_output=with_output))
  File "/projects/kzhou6/bcui2/env_software/miniconda3-aarch64/envs/tilebench++_env/lib/python3.10/site-packages/tilelang/autotuner/tuner.py", line 384, in supply_prog
    _cached_tensors_by_device[device] = [
  File "/projects/kzhou6/bcui2/env_software/miniconda3-aarch64/envs/tilebench++_env/lib/python3.10/site-packages/tilelang/autotuner/tuner.py", line 385, in <listcomp>
    tensor.to(device=target_device).clone() if isinstance(tensor, torch.Tensor) else tensor for tensor in _frozen_inputs
torch.AcceleratorError: CUDA error: an illegal instruction was encountered
Search for `cudaErrorIllegalInstruction' in https://docs.nvidia.com/cuda/cuda-runtime-api/group__CUDART__TYPES.html for more information.
CUDA kernel errors might be asynchronously reported at some other API call, so the stacktrace below might be incorrect.
For debugging consider passing CUDA_LAUNCH_BLOCKING=1
Compile with `TORCH_USE_CUDA_DSA` to enable device-side assertions.


2026-10-01 17:10:03,496 WARNING:An error occurred while testing config {'BLOCK_SIZE_M': 128, 'BLOCK_SIZE_N': 64, 'BLOCK_SIZE_K': 32, 'GROUPSIZE': 8, 'threads': 256, 'num_stages': 2}, checkout autotuner.log for more details
2026-10-01 17:10:03,496 DEBUG:Error: Traceback (most recent call last):
  File "/projects/kzhou6/bcui2/env_software/miniconda3-aarch64/envs/tilebench++_env/lib/python3.10/site-packages/tilelang/autotuner/tuner.py", line 650, in _run_benchmark_target
    latency, worker_ref_latency = benchmark_target(
  File "/projects/kzhou6/bcui2/env_software/miniconda3-aarch64/envs/tilebench++_env/lib/python3.10/site-packages/tilelang/autotuner/tuner.py", line 769, in _benchmark_target
    jit_input_tensors_cache = jit_input_tensors_supply()
  File "/projects/kzhou6/bcui2/env_software/miniconda3-aarch64/envs/tilebench++_env/lib/python3.10/site-packages/tilelang/autotuner/tuner.py", line 727, in func
    return supply_prog(profiler._get_params(with_output=with_output))
  File "/projects/kzhou6/bcui2/env_software/miniconda3-aarch64/envs/tilebench++_env/lib/python3.10/site-packages/tilelang/autotuner/tuner.py", line 384, in supply_prog
    _cached_tensors_by_device[device] = [
  File "/projects/kzhou6/bcui2/env_software/miniconda3-aarch64/envs/tilebench++_env/lib/python3.10/site-packages/tilelang/autotuner/tuner.py", line 385, in <listcomp>
    tensor.to(device=target_device).clone() if isinstance(tensor, torch.Tensor) else tensor for tensor in _frozen_inputs
torch.AcceleratorError: CUDA error: an illegal instruction was encountered
Search for `cudaErrorIllegalInstruction' in https://docs.nvidia.com/cuda/cuda-runtime-api/group__CUDART__TYPES.html for more information.
CUDA kernel errors might be asynchronously reported at some other API call, so the stacktrace below might be incorrect.
For debugging consider passing CUDA_LAUNCH_BLOCKING=1
Compile with `TORCH_USE_CUDA_DSA` to enable device-side assertions.


2026-10-01 17:10:03,497 WARNING:An error occurred while testing config {'BLOCK_SIZE_M': 128, 'BLOCK_SIZE_N': 32, 'BLOCK_SIZE_K': 64, 'GROUPSIZE': 8, 'threads': 128, 'num_stages': 2}, checkout autotuner.log for more details
2026-10-01 17:10:03,497 DEBUG:Error: Traceback (most recent call last):
  File "/projects/kzhou6/bcui2/env_software/miniconda3-aarch64/envs/tilebench++_env/lib/python3.10/site-packages/tilelang/autotuner/tuner.py", line 650, in _run_benchmark_target
    latency, worker_ref_latency = benchmark_target(
  File "/projects/kzhou6/bcui2/env_software/miniconda3-aarch64/envs/tilebench++_env/lib/python3.10/site-packages/tilelang/autotuner/tuner.py", line 769, in _benchmark_target
    jit_input_tensors_cache = jit_input_tensors_supply()
  File "/projects/kzhou6/bcui2/env_software/miniconda3-aarch64/envs/tilebench++_env/lib/python3.10/site-packages/tilelang/autotuner/tuner.py", line 727, in func
    return supply_prog(profiler._get_params(with_output=with_output))
  File "/projects/kzhou6/bcui2/env_software/miniconda3-aarch64/envs/tilebench++_env/lib/python3.10/site-packages/tilelang/autotuner/tuner.py", line 384, in supply_prog
    _cached_tensors_by_device[device] = [
  File "/projects/kzhou6/bcui2/env_software/miniconda3-aarch64/envs/tilebench++_env/lib/python3.10/site-packages/tilelang/autotuner/tuner.py", line 385, in <listcomp>
    tensor.to(device=target_device).clone() if isinstance(tensor, torch.Tensor) else tensor for tensor in _frozen_inputs
torch.AcceleratorError: CUDA error: an illegal instruction was encountered
Search for `cudaErrorIllegalInstruction' in https://docs.nvidia.com/cuda/cuda-runtime-api/group__CUDART__TYPES.html for more information.
CUDA kernel errors might be asynchronously reported at some other API call, so the stacktrace below might be incorrect.
For debugging consider passing CUDA_LAUNCH_BLOCKING=1
Compile with `TORCH_USE_CUDA_DSA` to enable device-side assertions.


2026-10-01 17:10:03,497 WARNING:An error occurred while testing config {'BLOCK_SIZE_M': 128, 'BLOCK_SIZE_N': 32, 'BLOCK_SIZE_K': 64, 'GROUPSIZE': 8, 'threads': 256, 'num_stages': 2}, checkout autotuner.log for more details
2026-10-01 17:10:03,497 DEBUG:Error: Traceback (most recent call last):
  File "/projects/kzhou6/bcui2/env_software/miniconda3-aarch64/envs/tilebench++_env/lib/python3.10/site-packages/tilelang/autotuner/tuner.py", line 650, in _run_benchmark_target
    latency, worker_ref_latency = benchmark_target(
  File "/projects/kzhou6/bcui2/env_software/miniconda3-aarch64/envs/tilebench++_env/lib/python3.10/site-packages/tilelang/autotuner/tuner.py", line 769, in _benchmark_target
    jit_input_tensors_cache = jit_input_tensors_supply()
  File "/projects/kzhou6/bcui2/env_software/miniconda3-aarch64/envs/tilebench++_env/lib/python3.10/site-packages/tilelang/autotuner/tuner.py", line 727, in func
    return supply_prog(profiler._get_params(with_output=with_output))
  File "/projects/kzhou6/bcui2/env_software/miniconda3-aarch64/envs/tilebench++_env/lib/python3.10/site-packages/tilelang/autotuner/tuner.py", line 384, in supply_prog
    _cached_tensors_by_device[device] = [
  File "/projects/kzhou6/bcui2/env_software/miniconda3-aarch64/envs/tilebench++_env/lib/python3.10/site-packages/tilelang/autotuner/tuner.py", line 385, in <listcomp>
    tensor.to(device=target_device).clone() if isinstance(tensor, torch.Tensor) else tensor for tensor in _frozen_inputs
torch.AcceleratorError: CUDA error: an illegal instruction was encountered
Search for `cudaErrorIllegalInstruction' in https://docs.nvidia.com/cuda/cuda-runtime-api/group__CUDART__TYPES.html for more information.
CUDA kernel errors might be asynchronously reported at some other API call, so the stacktrace below might be incorrect.
For debugging consider passing CUDA_LAUNCH_BLOCKING=1
Compile with `TORCH_USE_CUDA_DSA` to enable device-side assertions.


2026-10-01 17:10:03,498 WARNING:An error occurred while testing config {'BLOCK_SIZE_M': 128, 'BLOCK_SIZE_N': 128, 'BLOCK_SIZE_K': 64, 'GROUPSIZE': 8, 'threads': 128, 'num_stages': 2}, checkout autotuner.log for more details
2026-10-01 17:10:03,498 DEBUG:Error: Traceback (most recent call last):
  File "/projects/kzhou6/bcui2/env_software/miniconda3-aarch64/envs/tilebench++_env/lib/python3.10/site-packages/tilelang/autotuner/tuner.py", line 650, in _run_benchmark_target
    latency, worker_ref_latency = benchmark_target(
  File "/projects/kzhou6/bcui2/env_software/miniconda3-aarch64/envs/tilebench++_env/lib/python3.10/site-packages/tilelang/autotuner/tuner.py", line 769, in _benchmark_target
    jit_input_tensors_cache = jit_input_tensors_supply()
  File "/projects/kzhou6/bcui2/env_software/miniconda3-aarch64/envs/tilebench++_env/lib/python3.10/site-packages/tilelang/autotuner/tuner.py", line 727, in func
    return supply_prog(profiler._get_params(with_output=with_output))
  File "/projects/kzhou6/bcui2/env_software/miniconda3-aarch64/envs/tilebench++_env/lib/python3.10/site-packages/tilelang/autotuner/tuner.py", line 384, in supply_prog
    _cached_tensors_by_device[device] = [
  File "/projects/kzhou6/bcui2/env_software/miniconda3-aarch64/envs/tilebench++_env/lib/python3.10/site-packages/tilelang/autotuner/tuner.py", line 385, in <listcomp>
    tensor.to(device=target_device).clone() if isinstance(tensor, torch.Tensor) else tensor for tensor in _frozen_inputs
torch.AcceleratorError: CUDA error: an illegal instruction was encountered
Search for `cudaErrorIllegalInstruction' in https://docs.nvidia.com/cuda/cuda-runtime-api/group__CUDART__TYPES.html for more information.
CUDA kernel errors might be asynchronously reported at some other API call, so the stacktrace below might be incorrect.
For debugging consider passing CUDA_LAUNCH_BLOCKING=1
Compile with `TORCH_USE_CUDA_DSA` to enable device-side assertions.


2026-10-01 17:10:03,498 WARNING:An error occurred while testing config {'BLOCK_SIZE_M': 128, 'BLOCK_SIZE_N': 64, 'BLOCK_SIZE_K': 64, 'GROUPSIZE': 8, 'threads': 128, 'num_stages': 3}, checkout autotuner.log for more details
2026-10-01 17:10:03,498 DEBUG:Error: Traceback (most recent call last):
  File "/projects/kzhou6/bcui2/env_software/miniconda3-aarch64/envs/tilebench++_env/lib/python3.10/site-packages/tilelang/autotuner/tuner.py", line 650, in _run_benchmark_target
    latency, worker_ref_latency = benchmark_target(
  File "/projects/kzhou6/bcui2/env_software/miniconda3-aarch64/envs/tilebench++_env/lib/python3.10/site-packages/tilelang/autotuner/tuner.py", line 769, in _benchmark_target
    jit_input_tensors_cache = jit_input_tensors_supply()
  File "/projects/kzhou6/bcui2/env_software/miniconda3-aarch64/envs/tilebench++_env/lib/python3.10/site-packages/tilelang/autotuner/tuner.py", line 727, in func
    return supply_prog(profiler._get_params(with_output=with_output))
  File "/projects/kzhou6/bcui2/env_software/miniconda3-aarch64/envs/tilebench++_env/lib/python3.10/site-packages/tilelang/autotuner/tuner.py", line 384, in supply_prog
    _cached_tensors_by_device[device] = [
  File "/projects/kzhou6/bcui2/env_software/miniconda3-aarch64/envs/tilebench++_env/lib/python3.10/site-packages/tilelang/autotuner/tuner.py", line 385, in <listcomp>
    tensor.to(device=target_device).clone() if isinstance(tensor, torch.Tensor) else tensor for tensor in _frozen_inputs
torch.AcceleratorError: CUDA error: an illegal instruction was encountered
Search for `cudaErrorIllegalInstruction' in https://docs.nvidia.com/cuda/cuda-runtime-api/group__CUDART__TYPES.html for more information.
CUDA kernel errors might be asynchronously reported at some other API call, so the stacktrace below might be incorrect.
For debugging consider passing CUDA_LAUNCH_BLOCKING=1
Compile with `TORCH_USE_CUDA_DSA` to enable device-side assertions.


2026-10-01 17:10:03,498 WARNING:An error occurred while testing config {'BLOCK_SIZE_M': 128, 'BLOCK_SIZE_N': 64, 'BLOCK_SIZE_K': 32, 'GROUPSIZE': 8, 'threads': 256, 'num_stages': 4}, checkout autotuner.log for more details
2026-10-01 17:10:03,498 DEBUG:Error: Traceback (most recent call last):
  File "/projects/kzhou6/bcui2/env_software/miniconda3-aarch64/envs/tilebench++_env/lib/python3.10/site-packages/tilelang/autotuner/tuner.py", line 650, in _run_benchmark_target
    latency, worker_ref_latency = benchmark_target(
  File "/projects/kzhou6/bcui2/env_software/miniconda3-aarch64/envs/tilebench++_env/lib/python3.10/site-packages/tilelang/autotuner/tuner.py", line 769, in _benchmark_target
    jit_input_tensors_cache = jit_input_tensors_supply()
  File "/projects/kzhou6/bcui2/env_software/miniconda3-aarch64/envs/tilebench++_env/lib/python3.10/site-packages/tilelang/autotuner/tuner.py", line 727, in func
    return supply_prog(profiler._get_params(with_output=with_output))
  File "/projects/kzhou6/bcui2/env_software/miniconda3-aarch64/envs/tilebench++_env/lib/python3.10/site-packages/tilelang/autotuner/tuner.py", line 384, in supply_prog
    _cached_tensors_by_device[device] = [
  File "/projects/kzhou6/bcui2/env_software/miniconda3-aarch64/envs/tilebench++_env/lib/python3.10/site-packages/tilelang/autotuner/tuner.py", line 385, in <listcomp>
    tensor.to(device=target_device).clone() if isinstance(tensor, torch.Tensor) else tensor for tensor in _frozen_inputs
torch.AcceleratorError: CUDA error: an illegal instruction was encountered
Search for `cudaErrorIllegalInstruction' in https://docs.nvidia.com/cuda/cuda-runtime-api/group__CUDART__TYPES.html for more information.
CUDA kernel errors might be asynchronously reported at some other API call, so the stacktrace below might be incorrect.
For debugging consider passing CUDA_LAUNCH_BLOCKING=1
Compile with `TORCH_USE_CUDA_DSA` to enable device-side assertions.


2026-10-01 17:10:03,499 WARNING:An error occurred while testing config {'BLOCK_SIZE_M': 128, 'BLOCK_SIZE_N': 128, 'BLOCK_SIZE_K': 32, 'GROUPSIZE': 1, 'threads': 128, 'num_stages': 2}, checkout autotuner.log for more details
2026-10-01 17:10:03,499 DEBUG:Error: Traceback (most recent call last):
  File "/projects/kzhou6/bcui2/env_software/miniconda3-aarch64/envs/tilebench++_env/lib/python3.10/site-packages/tilelang/autotuner/tuner.py", line 650, in _run_benchmark_target
    latency, worker_ref_latency = benchmark_target(
  File "/projects/kzhou6/bcui2/env_software/miniconda3-aarch64/envs/tilebench++_env/lib/python3.10/site-packages/tilelang/autotuner/tuner.py", line 769, in _benchmark_target
    jit_input_tensors_cache = jit_input_tensors_supply()
  File "/projects/kzhou6/bcui2/env_software/miniconda3-aarch64/envs/tilebench++_env/lib/python3.10/site-packages/tilelang/autotuner/tuner.py", line 727, in func
    return supply_prog(profiler._get_params(with_output=with_output))
  File "/projects/kzhou6/bcui2/env_software/miniconda3-aarch64/envs/tilebench++_env/lib/python3.10/site-packages/tilelang/autotuner/tuner.py", line 384, in supply_prog
    _cached_tensors_by_device[device] = [
  File "/projects/kzhou6/bcui2/env_software/miniconda3-aarch64/envs/tilebench++_env/lib/python3.10/site-packages/tilelang/autotuner/tuner.py", line 385, in <listcomp>
    tensor.to(device=target_device).clone() if isinstance(tensor, torch.Tensor) else tensor for tensor in _frozen_inputs
torch.AcceleratorError: CUDA error: an illegal instruction was encountered
Search for `cudaErrorIllegalInstruction' in https://docs.nvidia.com/cuda/cuda-runtime-api/group__CUDART__TYPES.html for more information.
CUDA kernel errors might be asynchronously reported at some other API call, so the stacktrace below might be incorrect.
For debugging consider passing CUDA_LAUNCH_BLOCKING=1
Compile with `TORCH_USE_CUDA_DSA` to enable device-side assertions.


2026-10-01 17:10:03,499 WARNING:An error occurred while testing config {'BLOCK_SIZE_M': 128, 'BLOCK_SIZE_N': 128, 'BLOCK_SIZE_K': 32, 'GROUPSIZE': 1, 'threads': 256, 'num_stages': 2}, checkout autotuner.log for more details
2026-10-01 17:10:03,499 DEBUG:Error: Traceback (most recent call last):
  File "/projects/kzhou6/bcui2/env_software/miniconda3-aarch64/envs/tilebench++_env/lib/python3.10/site-packages/tilelang/autotuner/tuner.py", line 650, in _run_benchmark_target
    latency, worker_ref_latency = benchmark_target(
  File "/projects/kzhou6/bcui2/env_software/miniconda3-aarch64/envs/tilebench++_env/lib/python3.10/site-packages/tilelang/autotuner/tuner.py", line 769, in _benchmark_target
    jit_input_tensors_cache = jit_input_tensors_supply()
  File "/projects/kzhou6/bcui2/env_software/miniconda3-aarch64/envs/tilebench++_env/lib/python3.10/site-packages/tilelang/autotuner/tuner.py", line 727, in func
    return supply_prog(profiler._get_params(with_output=with_output))
  File "/projects/kzhou6/bcui2/env_software/miniconda3-aarch64/envs/tilebench++_env/lib/python3.10/site-packages/tilelang/autotuner/tuner.py", line 384, in supply_prog
    _cached_tensors_by_device[device] = [
  File "/projects/kzhou6/bcui2/env_software/miniconda3-aarch64/envs/tilebench++_env/lib/python3.10/site-packages/tilelang/autotuner/tuner.py", line 385, in <listcomp>
    tensor.to(device=target_device).clone() if isinstance(tensor, torch.Tensor) else tensor for tensor in _frozen_inputs
torch.AcceleratorError: CUDA error: an illegal instruction was encountered
Search for `cudaErrorIllegalInstruction' in https://docs.nvidia.com/cuda/cuda-runtime-api/group__CUDART__TYPES.html for more information.
CUDA kernel errors might be asynchronously reported at some other API call, so the stacktrace below might be incorrect.
For debugging consider passing CUDA_LAUNCH_BLOCKING=1
Compile with `TORCH_USE_CUDA_DSA` to enable device-side assertions.


2026-10-01 17:10:03,500 WARNING:An error occurred while testing config {'BLOCK_SIZE_M': 128, 'BLOCK_SIZE_N': 128, 'BLOCK_SIZE_K': 32, 'GROUPSIZE': 8, 'threads': 256, 'num_stages': 2}, checkout autotuner.log for more details
2026-10-01 17:10:03,500 DEBUG:Error: Traceback (most recent call last):
  File "/projects/kzhou6/bcui2/env_software/miniconda3-aarch64/envs/tilebench++_env/lib/python3.10/site-packages/tilelang/autotuner/tuner.py", line 650, in _run_benchmark_target
    latency, worker_ref_latency = benchmark_target(
  File "/projects/kzhou6/bcui2/env_software/miniconda3-aarch64/envs/tilebench++_env/lib/python3.10/site-packages/tilelang/autotuner/tuner.py", line 769, in _benchmark_target
    jit_input_tensors_cache = jit_input_tensors_supply()
  File "/projects/kzhou6/bcui2/env_software/miniconda3-aarch64/envs/tilebench++_env/lib/python3.10/site-packages/tilelang/autotuner/tuner.py", line 727, in func
    return supply_prog(profiler._get_params(with_output=with_output))
  File "/projects/kzhou6/bcui2/env_software/miniconda3-aarch64/envs/tilebench++_env/lib/python3.10/site-packages/tilelang/autotuner/tuner.py", line 384, in supply_prog
    _cached_tensors_by_device[device] = [
  File "/projects/kzhou6/bcui2/env_software/miniconda3-aarch64/envs/tilebench++_env/lib/python3.10/site-packages/tilelang/autotuner/tuner.py", line 385, in <listcomp>
    tensor.to(device=target_device).clone() if isinstance(tensor, torch.Tensor) else tensor for tensor in _frozen_inputs
torch.AcceleratorError: CUDA error: an illegal instruction was encountered
Search for `cudaErrorIllegalInstruction' in https://docs.nvidia.com/cuda/cuda-runtime-api/group__CUDART__TYPES.html for more information.
CUDA kernel errors might be asynchronously reported at some other API call, so the stacktrace below might be incorrect.
For debugging consider passing CUDA_LAUNCH_BLOCKING=1
Compile with `TORCH_USE_CUDA_DSA` to enable device-side assertions.


2026-10-01 17:10:03,500 WARNING:An error occurred while testing config {'BLOCK_SIZE_M': 128, 'BLOCK_SIZE_N': 64, 'BLOCK_SIZE_K': 64, 'GROUPSIZE': 8, 'threads': 128, 'num_stages': 2}, checkout autotuner.log for more details
2026-10-01 17:10:03,500 DEBUG:Error: Traceback (most recent call last):
  File "/projects/kzhou6/bcui2/env_software/miniconda3-aarch64/envs/tilebench++_env/lib/python3.10/site-packages/tilelang/autotuner/tuner.py", line 650, in _run_benchmark_target
    latency, worker_ref_latency = benchmark_target(
  File "/projects/kzhou6/bcui2/env_software/miniconda3-aarch64/envs/tilebench++_env/lib/python3.10/site-packages/tilelang/autotuner/tuner.py", line 769, in _benchmark_target
    jit_input_tensors_cache = jit_input_tensors_supply()
  File "/projects/kzhou6/bcui2/env_software/miniconda3-aarch64/envs/tilebench++_env/lib/python3.10/site-packages/tilelang/autotuner/tuner.py", line 727, in func
    return supply_prog(profiler._get_params(with_output=with_output))
  File "/projects/kzhou6/bcui2/env_software/miniconda3-aarch64/envs/tilebench++_env/lib/python3.10/site-packages/tilelang/autotuner/tuner.py", line 384, in supply_prog
    _cached_tensors_by_device[device] = [
  File "/projects/kzhou6/bcui2/env_software/miniconda3-aarch64/envs/tilebench++_env/lib/python3.10/site-packages/tilelang/autotuner/tuner.py", line 385, in <listcomp>
    tensor.to(device=target_device).clone() if isinstance(tensor, torch.Tensor) else tensor for tensor in _frozen_inputs
torch.AcceleratorError: CUDA error: an illegal instruction was encountered
Search for `cudaErrorIllegalInstruction' in https://docs.nvidia.com/cuda/cuda-runtime-api/group__CUDART__TYPES.html for more information.
CUDA kernel errors might be asynchronously reported at some other API call, so the stacktrace below might be incorrect.
For debugging consider passing CUDA_LAUNCH_BLOCKING=1
Compile with `TORCH_USE_CUDA_DSA` to enable device-side assertions.


2026-10-01 17:10:03,500 WARNING:An error occurred while testing config {'BLOCK_SIZE_M': 128, 'BLOCK_SIZE_N': 64, 'BLOCK_SIZE_K': 64, 'GROUPSIZE': 8, 'threads': 256, 'num_stages': 2}, checkout autotuner.log for more details
2026-10-01 17:10:03,500 DEBUG:Error: Traceback (most recent call last):
  File "/projects/kzhou6/bcui2/env_software/miniconda3-aarch64/envs/tilebench++_env/lib/python3.10/site-packages/tilelang/autotuner/tuner.py", line 650, in _run_benchmark_target
    latency, worker_ref_latency = benchmark_target(
  File "/projects/kzhou6/bcui2/env_software/miniconda3-aarch64/envs/tilebench++_env/lib/python3.10/site-packages/tilelang/autotuner/tuner.py", line 769, in _benchmark_target
    jit_input_tensors_cache = jit_input_tensors_supply()
  File "/projects/kzhou6/bcui2/env_software/miniconda3-aarch64/envs/tilebench++_env/lib/python3.10/site-packages/tilelang/autotuner/tuner.py", line 727, in func
    return supply_prog(profiler._get_params(with_output=with_output))
  File "/projects/kzhou6/bcui2/env_software/miniconda3-aarch64/envs/tilebench++_env/lib/python3.10/site-packages/tilelang/autotuner/tuner.py", line 384, in supply_prog
    _cached_tensors_by_device[device] = [
  File "/projects/kzhou6/bcui2/env_software/miniconda3-aarch64/envs/tilebench++_env/lib/python3.10/site-packages/tilelang/autotuner/tuner.py", line 385, in <listcomp>
    tensor.to(device=target_device).clone() if isinstance(tensor, torch.Tensor) else tensor for tensor in _frozen_inputs
torch.AcceleratorError: CUDA error: an illegal instruction was encountered
Search for `cudaErrorIllegalInstruction' in https://docs.nvidia.com/cuda/cuda-runtime-api/group__CUDART__TYPES.html for more information.
CUDA kernel errors might be asynchronously reported at some other API call, so the stacktrace below might be incorrect.
For debugging consider passing CUDA_LAUNCH_BLOCKING=1
Compile with `TORCH_USE_CUDA_DSA` to enable device-side assertions.


2026-10-01 17:10:03,501 WARNING:An error occurred while testing config {'BLOCK_SIZE_M': 128, 'BLOCK_SIZE_N': 128, 'BLOCK_SIZE_K': 32, 'GROUPSIZE': 8, 'threads': 128, 'num_stages': 2}, checkout autotuner.log for more details
2026-10-01 17:10:03,501 DEBUG:Error: Traceback (most recent call last):
  File "/projects/kzhou6/bcui2/env_software/miniconda3-aarch64/envs/tilebench++_env/lib/python3.10/site-packages/tilelang/autotuner/tuner.py", line 650, in _run_benchmark_target
    latency, worker_ref_latency = benchmark_target(
  File "/projects/kzhou6/bcui2/env_software/miniconda3-aarch64/envs/tilebench++_env/lib/python3.10/site-packages/tilelang/autotuner/tuner.py", line 769, in _benchmark_target
    jit_input_tensors_cache = jit_input_tensors_supply()
  File "/projects/kzhou6/bcui2/env_software/miniconda3-aarch64/envs/tilebench++_env/lib/python3.10/site-packages/tilelang/autotuner/tuner.py", line 727, in func
    return supply_prog(profiler._get_params(with_output=with_output))
  File "/projects/kzhou6/bcui2/env_software/miniconda3-aarch64/envs/tilebench++_env/lib/python3.10/site-packages/tilelang/autotuner/tuner.py", line 384, in supply_prog
    _cached_tensors_by_device[device] = [
  File "/projects/kzhou6/bcui2/env_software/miniconda3-aarch64/envs/tilebench++_env/lib/python3.10/site-packages/tilelang/autotuner/tuner.py", line 385, in <listcomp>
    tensor.to(device=target_device).clone() if isinstance(tensor, torch.Tensor) else tensor for tensor in _frozen_inputs
torch.AcceleratorError: CUDA error: an illegal instruction was encountered
Search for `cudaErrorIllegalInstruction' in https://docs.nvidia.com/cuda/cuda-runtime-api/group__CUDART__TYPES.html for more information.
CUDA kernel errors might be asynchronously reported at some other API call, so the stacktrace below might be incorrect.
For debugging consider passing CUDA_LAUNCH_BLOCKING=1
Compile with `TORCH_USE_CUDA_DSA` to enable device-side assertions.


2026-10-01 17:10:03,501 WARNING:An error occurred while testing config {'BLOCK_SIZE_M': 128, 'BLOCK_SIZE_N': 128, 'BLOCK_SIZE_K': 64, 'GROUPSIZE': 8, 'threads': 256, 'num_stages': 2}, checkout autotuner.log for more details
2026-10-01 17:10:03,501 DEBUG:Error: Traceback (most recent call last):
  File "/projects/kzhou6/bcui2/env_software/miniconda3-aarch64/envs/tilebench++_env/lib/python3.10/site-packages/tilelang/autotuner/tuner.py", line 650, in _run_benchmark_target
    latency, worker_ref_latency = benchmark_target(
  File "/projects/kzhou6/bcui2/env_software/miniconda3-aarch64/envs/tilebench++_env/lib/python3.10/site-packages/tilelang/autotuner/tuner.py", line 769, in _benchmark_target
    jit_input_tensors_cache = jit_input_tensors_supply()
  File "/projects/kzhou6/bcui2/env_software/miniconda3-aarch64/envs/tilebench++_env/lib/python3.10/site-packages/tilelang/autotuner/tuner.py", line 727, in func
    return supply_prog(profiler._get_params(with_output=with_output))
  File "/projects/kzhou6/bcui2/env_software/miniconda3-aarch64/envs/tilebench++_env/lib/python3.10/site-packages/tilelang/autotuner/tuner.py", line 384, in supply_prog
    _cached_tensors_by_device[device] = [
  File "/projects/kzhou6/bcui2/env_software/miniconda3-aarch64/envs/tilebench++_env/lib/python3.10/site-packages/tilelang/autotuner/tuner.py", line 385, in <listcomp>
    tensor.to(device=target_device).clone() if isinstance(tensor, torch.Tensor) else tensor for tensor in _frozen_inputs
torch.AcceleratorError: CUDA error: an illegal instruction was encountered
Search for `cudaErrorIllegalInstruction' in https://docs.nvidia.com/cuda/cuda-runtime-api/group__CUDART__TYPES.html for more information.
CUDA kernel errors might be asynchronously reported at some other API call, so the stacktrace below might be incorrect.
For debugging consider passing CUDA_LAUNCH_BLOCKING=1
Compile with `TORCH_USE_CUDA_DSA` to enable device-side assertions.


2026-10-01 17:10:03,502 WARNING:An error occurred while testing config {'BLOCK_SIZE_M': 128, 'BLOCK_SIZE_N': 64, 'BLOCK_SIZE_K': 64, 'GROUPSIZE': 1, 'threads': 128, 'num_stages': 2}, checkout autotuner.log for more details
2026-10-01 17:10:03,502 DEBUG:Error: Traceback (most recent call last):
  File "/projects/kzhou6/bcui2/env_software/miniconda3-aarch64/envs/tilebench++_env/lib/python3.10/site-packages/tilelang/autotuner/tuner.py", line 650, in _run_benchmark_target
    latency, worker_ref_latency = benchmark_target(
  File "/projects/kzhou6/bcui2/env_software/miniconda3-aarch64/envs/tilebench++_env/lib/python3.10/site-packages/tilelang/autotuner/tuner.py", line 769, in _benchmark_target
    jit_input_tensors_cache = jit_input_tensors_supply()
  File "/projects/kzhou6/bcui2/env_software/miniconda3-aarch64/envs/tilebench++_env/lib/python3.10/site-packages/tilelang/autotuner/tuner.py", line 727, in func
    return supply_prog(profiler._get_params(with_output=with_output))
  File "/projects/kzhou6/bcui2/env_software/miniconda3-aarch64/envs/tilebench++_env/lib/python3.10/site-packages/tilelang/autotuner/tuner.py", line 384, in supply_prog
    _cached_tensors_by_device[device] = [
  File "/projects/kzhou6/bcui2/env_software/miniconda3-aarch64/envs/tilebench++_env/lib/python3.10/site-packages/tilelang/autotuner/tuner.py", line 385, in <listcomp>
    tensor.to(device=target_device).clone() if isinstance(tensor, torch.Tensor) else tensor for tensor in _frozen_inputs
torch.AcceleratorError: CUDA error: an illegal instruction was encountered
Search for `cudaErrorIllegalInstruction' in https://docs.nvidia.com/cuda/cuda-runtime-api/group__CUDART__TYPES.html for more information.
CUDA kernel errors might be asynchronously reported at some other API call, so the stacktrace below might be incorrect.
For debugging consider passing CUDA_LAUNCH_BLOCKING=1
Compile with `TORCH_USE_CUDA_DSA` to enable device-side assertions.


2026-10-01 17:10:03,502 WARNING:An error occurred while testing config {'BLOCK_SIZE_M': 128, 'BLOCK_SIZE_N': 128, 'BLOCK_SIZE_K': 64, 'GROUPSIZE': 1, 'threads': 256, 'num_stages': 2}, checkout autotuner.log for more details
2026-10-01 17:10:03,502 DEBUG:Error: Traceback (most recent call last):
  File "/projects/kzhou6/bcui2/env_software/miniconda3-aarch64/envs/tilebench++_env/lib/python3.10/site-packages/tilelang/autotuner/tuner.py", line 650, in _run_benchmark_target
    latency, worker_ref_latency = benchmark_target(
  File "/projects/kzhou6/bcui2/env_software/miniconda3-aarch64/envs/tilebench++_env/lib/python3.10/site-packages/tilelang/autotuner/tuner.py", line 769, in _benchmark_target
    jit_input_tensors_cache = jit_input_tensors_supply()
  File "/projects/kzhou6/bcui2/env_software/miniconda3-aarch64/envs/tilebench++_env/lib/python3.10/site-packages/tilelang/autotuner/tuner.py", line 727, in func
    return supply_prog(profiler._get_params(with_output=with_output))
  File "/projects/kzhou6/bcui2/env_software/miniconda3-aarch64/envs/tilebench++_env/lib/python3.10/site-packages/tilelang/autotuner/tuner.py", line 384, in supply_prog
    _cached_tensors_by_device[device] = [
  File "/projects/kzhou6/bcui2/env_software/miniconda3-aarch64/envs/tilebench++_env/lib/python3.10/site-packages/tilelang/autotuner/tuner.py", line 385, in <listcomp>
    tensor.to(device=target_device).clone() if isinstance(tensor, torch.Tensor) else tensor for tensor in _frozen_inputs
torch.AcceleratorError: CUDA error: an illegal instruction was encountered
Search for `cudaErrorIllegalInstruction' in https://docs.nvidia.com/cuda/cuda-runtime-api/group__CUDART__TYPES.html for more information.
CUDA kernel errors might be asynchronously reported at some other API call, so the stacktrace below might be incorrect.
For debugging consider passing CUDA_LAUNCH_BLOCKING=1
Compile with `TORCH_USE_CUDA_DSA` to enable device-side assertions.


2026-10-01 17:10:03,502 WARNING:An error occurred while testing config {'BLOCK_SIZE_M': 128, 'BLOCK_SIZE_N': 128, 'BLOCK_SIZE_K': 64, 'GROUPSIZE': 1, 'threads': 128, 'num_stages': 2}, checkout autotuner.log for more details
2026-10-01 17:10:03,502 DEBUG:Error: Traceback (most recent call last):
  File "/projects/kzhou6/bcui2/env_software/miniconda3-aarch64/envs/tilebench++_env/lib/python3.10/site-packages/tilelang/autotuner/tuner.py", line 650, in _run_benchmark_target
    latency, worker_ref_latency = benchmark_target(
  File "/projects/kzhou6/bcui2/env_software/miniconda3-aarch64/envs/tilebench++_env/lib/python3.10/site-packages/tilelang/autotuner/tuner.py", line 769, in _benchmark_target
    jit_input_tensors_cache = jit_input_tensors_supply()
  File "/projects/kzhou6/bcui2/env_software/miniconda3-aarch64/envs/tilebench++_env/lib/python3.10/site-packages/tilelang/autotuner/tuner.py", line 727, in func
    return supply_prog(profiler._get_params(with_output=with_output))
  File "/projects/kzhou6/bcui2/env_software/miniconda3-aarch64/envs/tilebench++_env/lib/python3.10/site-packages/tilelang/autotuner/tuner.py", line 384, in supply_prog
    _cached_tensors_by_device[device] = [
  File "/projects/kzhou6/bcui2/env_software/miniconda3-aarch64/envs/tilebench++_env/lib/python3.10/site-packages/tilelang/autotuner/tuner.py", line 385, in <listcomp>
    tensor.to(device=target_device).clone() if isinstance(tensor, torch.Tensor) else tensor for tensor in _frozen_inputs
torch.AcceleratorError: CUDA error: an illegal instruction was encountered
Search for `cudaErrorIllegalInstruction' in https://docs.nvidia.com/cuda/cuda-runtime-api/group__CUDART__TYPES.html for more information.
CUDA kernel errors might be asynchronously reported at some other API call, so the stacktrace below might be incorrect.
For debugging consider passing CUDA_LAUNCH_BLOCKING=1
Compile with `TORCH_USE_CUDA_DSA` to enable device-side assertions.


2026-10-01 17:10:03,503 WARNING:An error occurred while testing config {'BLOCK_SIZE_M': 128, 'BLOCK_SIZE_N': 32, 'BLOCK_SIZE_K': 64, 'GROUPSIZE': 1, 'threads': 256, 'num_stages': 3}, checkout autotuner.log for more details
2026-10-01 17:10:03,503 DEBUG:Error: Traceback (most recent call last):
  File "/projects/kzhou6/bcui2/env_software/miniconda3-aarch64/envs/tilebench++_env/lib/python3.10/site-packages/tilelang/autotuner/tuner.py", line 650, in _run_benchmark_target
    latency, worker_ref_latency = benchmark_target(
  File "/projects/kzhou6/bcui2/env_software/miniconda3-aarch64/envs/tilebench++_env/lib/python3.10/site-packages/tilelang/autotuner/tuner.py", line 769, in _benchmark_target
    jit_input_tensors_cache = jit_input_tensors_supply()
  File "/projects/kzhou6/bcui2/env_software/miniconda3-aarch64/envs/tilebench++_env/lib/python3.10/site-packages/tilelang/autotuner/tuner.py", line 727, in func
    return supply_prog(profiler._get_params(with_output=with_output))
  File "/projects/kzhou6/bcui2/env_software/miniconda3-aarch64/envs/tilebench++_env/lib/python3.10/site-packages/tilelang/autotuner/tuner.py", line 384, in supply_prog
    _cached_tensors_by_device[device] = [
  File "/projects/kzhou6/bcui2/env_software/miniconda3-aarch64/envs/tilebench++_env/lib/python3.10/site-packages/tilelang/autotuner/tuner.py", line 385, in <listcomp>
    tensor.to(device=target_device).clone() if isinstance(tensor, torch.Tensor) else tensor for tensor in _frozen_inputs
torch.AcceleratorError: CUDA error: an illegal instruction was encountered
Search for `cudaErrorIllegalInstruction' in https://docs.nvidia.com/cuda/cuda-runtime-api/group__CUDART__TYPES.html for more information.
CUDA kernel errors might be asynchronously reported at some other API call, so the stacktrace below might be incorrect.
For debugging consider passing CUDA_LAUNCH_BLOCKING=1
Compile with `TORCH_USE_CUDA_DSA` to enable device-side assertions.


2026-10-01 17:10:03,503 WARNING:An error occurred while testing config {'BLOCK_SIZE_M': 128, 'BLOCK_SIZE_N': 64, 'BLOCK_SIZE_K': 64, 'GROUPSIZE': 1, 'threads': 256, 'num_stages': 2}, checkout autotuner.log for more details
2026-10-01 17:10:03,503 DEBUG:Error: Traceback (most recent call last):
  File "/projects/kzhou6/bcui2/env_software/miniconda3-aarch64/envs/tilebench++_env/lib/python3.10/site-packages/tilelang/autotuner/tuner.py", line 650, in _run_benchmark_target
    latency, worker_ref_latency = benchmark_target(
  File "/projects/kzhou6/bcui2/env_software/miniconda3-aarch64/envs/tilebench++_env/lib/python3.10/site-packages/tilelang/autotuner/tuner.py", line 769, in _benchmark_target
    jit_input_tensors_cache = jit_input_tensors_supply()
  File "/projects/kzhou6/bcui2/env_software/miniconda3-aarch64/envs/tilebench++_env/lib/python3.10/site-packages/tilelang/autotuner/tuner.py", line 727, in func
    return supply_prog(profiler._get_params(with_output=with_output))
  File "/projects/kzhou6/bcui2/env_software/miniconda3-aarch64/envs/tilebench++_env/lib/python3.10/site-packages/tilelang/autotuner/tuner.py", line 384, in supply_prog
    _cached_tensors_by_device[device] = [
  File "/projects/kzhou6/bcui2/env_software/miniconda3-aarch64/envs/tilebench++_env/lib/python3.10/site-packages/tilelang/autotuner/tuner.py", line 385, in <listcomp>
    tensor.to(device=target_device).clone() if isinstance(tensor, torch.Tensor) else tensor for tensor in _frozen_inputs
torch.AcceleratorError: CUDA error: an illegal instruction was encountered
Search for `cudaErrorIllegalInstruction' in https://docs.nvidia.com/cuda/cuda-runtime-api/group__CUDART__TYPES.html for more information.
CUDA kernel errors might be asynchronously reported at some other API call, so the stacktrace below might be incorrect.
For debugging consider passing CUDA_LAUNCH_BLOCKING=1
Compile with `TORCH_USE_CUDA_DSA` to enable device-side assertions.


2026-10-01 17:10:03,504 WARNING:An error occurred while testing config {'BLOCK_SIZE_M': 128, 'BLOCK_SIZE_N': 32, 'BLOCK_SIZE_K': 64, 'GROUPSIZE': 8, 'threads': 256, 'num_stages': 3}, checkout autotuner.log for more details
2026-10-01 17:10:03,504 DEBUG:Error: Traceback (most recent call last):
  File "/projects/kzhou6/bcui2/env_software/miniconda3-aarch64/envs/tilebench++_env/lib/python3.10/site-packages/tilelang/autotuner/tuner.py", line 650, in _run_benchmark_target
    latency, worker_ref_latency = benchmark_target(
  File "/projects/kzhou6/bcui2/env_software/miniconda3-aarch64/envs/tilebench++_env/lib/python3.10/site-packages/tilelang/autotuner/tuner.py", line 769, in _benchmark_target
    jit_input_tensors_cache = jit_input_tensors_supply()
  File "/projects/kzhou6/bcui2/env_software/miniconda3-aarch64/envs/tilebench++_env/lib/python3.10/site-packages/tilelang/autotuner/tuner.py", line 727, in func
    return supply_prog(profiler._get_params(with_output=with_output))
  File "/projects/kzhou6/bcui2/env_software/miniconda3-aarch64/envs/tilebench++_env/lib/python3.10/site-packages/tilelang/autotuner/tuner.py", line 384, in supply_prog
    _cached_tensors_by_device[device] = [
  File "/projects/kzhou6/bcui2/env_software/miniconda3-aarch64/envs/tilebench++_env/lib/python3.10/site-packages/tilelang/autotuner/tuner.py", line 385, in <listcomp>
    tensor.to(device=target_device).clone() if isinstance(tensor, torch.Tensor) else tensor for tensor in _frozen_inputs
torch.AcceleratorError: CUDA error: an illegal instruction was encountered
Search for `cudaErrorIllegalInstruction' in https://docs.nvidia.com/cuda/cuda-runtime-api/group__CUDART__TYPES.html for more information.
CUDA kernel errors might be asynchronously reported at some other API call, so the stacktrace below might be incorrect.
For debugging consider passing CUDA_LAUNCH_BLOCKING=1
Compile with `TORCH_USE_CUDA_DSA` to enable device-side assertions.


2026-10-01 17:10:03,504 WARNING:An error occurred while testing config {'BLOCK_SIZE_M': 128, 'BLOCK_SIZE_N': 32, 'BLOCK_SIZE_K': 64, 'GROUPSIZE': 8, 'threads': 256, 'num_stages': 4}, checkout autotuner.log for more details
2026-10-01 17:10:03,504 DEBUG:Error: Traceback (most recent call last):
  File "/projects/kzhou6/bcui2/env_software/miniconda3-aarch64/envs/tilebench++_env/lib/python3.10/site-packages/tilelang/autotuner/tuner.py", line 650, in _run_benchmark_target
    latency, worker_ref_latency = benchmark_target(
  File "/projects/kzhou6/bcui2/env_software/miniconda3-aarch64/envs/tilebench++_env/lib/python3.10/site-packages/tilelang/autotuner/tuner.py", line 769, in _benchmark_target
    jit_input_tensors_cache = jit_input_tensors_supply()
  File "/projects/kzhou6/bcui2/env_software/miniconda3-aarch64/envs/tilebench++_env/lib/python3.10/site-packages/tilelang/autotuner/tuner.py", line 727, in func
    return supply_prog(profiler._get_params(with_output=with_output))
  File "/projects/kzhou6/bcui2/env_software/miniconda3-aarch64/envs/tilebench++_env/lib/python3.10/site-packages/tilelang/autotuner/tuner.py", line 384, in supply_prog
    _cached_tensors_by_device[device] = [
  File "/projects/kzhou6/bcui2/env_software/miniconda3-aarch64/envs/tilebench++_env/lib/python3.10/site-packages/tilelang/autotuner/tuner.py", line 385, in <listcomp>
    tensor.to(device=target_device).clone() if isinstance(tensor, torch.Tensor) else tensor for tensor in _frozen_inputs
torch.AcceleratorError: CUDA error: an illegal instruction was encountered
Search for `cudaErrorIllegalInstruction' in https://docs.nvidia.com/cuda/cuda-runtime-api/group__CUDART__TYPES.html for more information.
CUDA kernel errors might be asynchronously reported at some other API call, so the stacktrace below might be incorrect.
For debugging consider passing CUDA_LAUNCH_BLOCKING=1
Compile with `TORCH_USE_CUDA_DSA` to enable device-side assertions.


2026-10-01 17:10:03,504 WARNING:An error occurred while testing config {'BLOCK_SIZE_M': 128, 'BLOCK_SIZE_N': 64, 'BLOCK_SIZE_K': 32, 'GROUPSIZE': 8, 'threads': 128, 'num_stages': 3}, checkout autotuner.log for more details
2026-10-01 17:10:03,504 DEBUG:Error: Traceback (most recent call last):
  File "/projects/kzhou6/bcui2/env_software/miniconda3-aarch64/envs/tilebench++_env/lib/python3.10/site-packages/tilelang/autotuner/tuner.py", line 650, in _run_benchmark_target
    latency, worker_ref_latency = benchmark_target(
  File "/projects/kzhou6/bcui2/env_software/miniconda3-aarch64/envs/tilebench++_env/lib/python3.10/site-packages/tilelang/autotuner/tuner.py", line 769, in _benchmark_target
    jit_input_tensors_cache = jit_input_tensors_supply()
  File "/projects/kzhou6/bcui2/env_software/miniconda3-aarch64/envs/tilebench++_env/lib/python3.10/site-packages/tilelang/autotuner/tuner.py", line 727, in func
    return supply_prog(profiler._get_params(with_output=with_output))
  File "/projects/kzhou6/bcui2/env_software/miniconda3-aarch64/envs/tilebench++_env/lib/python3.10/site-packages/tilelang/autotuner/tuner.py", line 384, in supply_prog
    _cached_tensors_by_device[device] = [
  File "/projects/kzhou6/bcui2/env_software/miniconda3-aarch64/envs/tilebench++_env/lib/python3.10/site-packages/tilelang/autotuner/tuner.py", line 385, in <listcomp>
    tensor.to(device=target_device).clone() if isinstance(tensor, torch.Tensor) else tensor for tensor in _frozen_inputs
torch.AcceleratorError: CUDA error: an illegal instruction was encountered
Search for `cudaErrorIllegalInstruction' in https://docs.nvidia.com/cuda/cuda-runtime-api/group__CUDART__TYPES.html for more information.
CUDA kernel errors might be asynchronously reported at some other API call, so the stacktrace below might be incorrect.
For debugging consider passing CUDA_LAUNCH_BLOCKING=1
Compile with `TORCH_USE_CUDA_DSA` to enable device-side assertions.


2026-10-01 17:10:03,505 WARNING:An error occurred while testing config {'BLOCK_SIZE_M': 128, 'BLOCK_SIZE_N': 128, 'BLOCK_SIZE_K': 32, 'GROUPSIZE': 8, 'threads': 256, 'num_stages': 3}, checkout autotuner.log for more details
2026-10-01 17:10:03,505 DEBUG:Error: Traceback (most recent call last):
  File "/projects/kzhou6/bcui2/env_software/miniconda3-aarch64/envs/tilebench++_env/lib/python3.10/site-packages/tilelang/autotuner/tuner.py", line 650, in _run_benchmark_target
    latency, worker_ref_latency = benchmark_target(
  File "/projects/kzhou6/bcui2/env_software/miniconda3-aarch64/envs/tilebench++_env/lib/python3.10/site-packages/tilelang/autotuner/tuner.py", line 769, in _benchmark_target
    jit_input_tensors_cache = jit_input_tensors_supply()
  File "/projects/kzhou6/bcui2/env_software/miniconda3-aarch64/envs/tilebench++_env/lib/python3.10/site-packages/tilelang/autotuner/tuner.py", line 727, in func
    return supply_prog(profiler._get_params(with_output=with_output))
  File "/projects/kzhou6/bcui2/env_software/miniconda3-aarch64/envs/tilebench++_env/lib/python3.10/site-packages/tilelang/autotuner/tuner.py", line 384, in supply_prog
    _cached_tensors_by_device[device] = [
  File "/projects/kzhou6/bcui2/env_software/miniconda3-aarch64/envs/tilebench++_env/lib/python3.10/site-packages/tilelang/autotuner/tuner.py", line 385, in <listcomp>
    tensor.to(device=target_device).clone() if isinstance(tensor, torch.Tensor) else tensor for tensor in _frozen_inputs
torch.AcceleratorError: CUDA error: an illegal instruction was encountered
Search for `cudaErrorIllegalInstruction' in https://docs.nvidia.com/cuda/cuda-runtime-api/group__CUDART__TYPES.html for more information.
CUDA kernel errors might be asynchronously reported at some other API call, so the stacktrace below might be incorrect.
For debugging consider passing CUDA_LAUNCH_BLOCKING=1
Compile with `TORCH_USE_CUDA_DSA` to enable device-side assertions.


2026-10-01 17:10:03,505 WARNING:An error occurred while testing config {'BLOCK_SIZE_M': 128, 'BLOCK_SIZE_N': 64, 'BLOCK_SIZE_K': 32, 'GROUPSIZE': 1, 'threads': 128, 'num_stages': 3}, checkout autotuner.log for more details
2026-10-01 17:10:03,505 DEBUG:Error: Traceback (most recent call last):
  File "/projects/kzhou6/bcui2/env_software/miniconda3-aarch64/envs/tilebench++_env/lib/python3.10/site-packages/tilelang/autotuner/tuner.py", line 650, in _run_benchmark_target
    latency, worker_ref_latency = benchmark_target(
  File "/projects/kzhou6/bcui2/env_software/miniconda3-aarch64/envs/tilebench++_env/lib/python3.10/site-packages/tilelang/autotuner/tuner.py", line 769, in _benchmark_target
    jit_input_tensors_cache = jit_input_tensors_supply()
  File "/projects/kzhou6/bcui2/env_software/miniconda3-aarch64/envs/tilebench++_env/lib/python3.10/site-packages/tilelang/autotuner/tuner.py", line 727, in func
    return supply_prog(profiler._get_params(with_output=with_output))
  File "/projects/kzhou6/bcui2/env_software/miniconda3-aarch64/envs/tilebench++_env/lib/python3.10/site-packages/tilelang/autotuner/tuner.py", line 384, in supply_prog
    _cached_tensors_by_device[device] = [
  File "/projects/kzhou6/bcui2/env_software/miniconda3-aarch64/envs/tilebench++_env/lib/python3.10/site-packages/tilelang/autotuner/tuner.py", line 385, in <listcomp>
    tensor.to(device=target_device).clone() if isinstance(tensor, torch.Tensor) else tensor for tensor in _frozen_inputs
torch.AcceleratorError: CUDA error: an illegal instruction was encountered
Search for `cudaErrorIllegalInstruction' in https://docs.nvidia.com/cuda/cuda-runtime-api/group__CUDART__TYPES.html for more information.
CUDA kernel errors might be asynchronously reported at some other API call, so the stacktrace below might be incorrect.
For debugging consider passing CUDA_LAUNCH_BLOCKING=1
Compile with `TORCH_USE_CUDA_DSA` to enable device-side assertions.


2026-10-01 17:10:03,505 WARNING:An error occurred while testing config {'BLOCK_SIZE_M': 128, 'BLOCK_SIZE_N': 64, 'BLOCK_SIZE_K': 32, 'GROUPSIZE': 1, 'threads': 256, 'num_stages': 3}, checkout autotuner.log for more details
2026-10-01 17:10:03,505 DEBUG:Error: Traceback (most recent call last):
  File "/projects/kzhou6/bcui2/env_software/miniconda3-aarch64/envs/tilebench++_env/lib/python3.10/site-packages/tilelang/autotuner/tuner.py", line 650, in _run_benchmark_target
    latency, worker_ref_latency = benchmark_target(
  File "/projects/kzhou6/bcui2/env_software/miniconda3-aarch64/envs/tilebench++_env/lib/python3.10/site-packages/tilelang/autotuner/tuner.py", line 769, in _benchmark_target
    jit_input_tensors_cache = jit_input_tensors_supply()
  File "/projects/kzhou6/bcui2/env_software/miniconda3-aarch64/envs/tilebench++_env/lib/python3.10/site-packages/tilelang/autotuner/tuner.py", line 727, in func
    return supply_prog(profiler._get_params(with_output=with_output))
  File "/projects/kzhou6/bcui2/env_software/miniconda3-aarch64/envs/tilebench++_env/lib/python3.10/site-packages/tilelang/autotuner/tuner.py", line 384, in supply_prog
    _cached_tensors_by_device[device] = [
  File "/projects/kzhou6/bcui2/env_software/miniconda3-aarch64/envs/tilebench++_env/lib/python3.10/site-packages/tilelang/autotuner/tuner.py", line 385, in <listcomp>
    tensor.to(device=target_device).clone() if isinstance(tensor, torch.Tensor) else tensor for tensor in _frozen_inputs
torch.AcceleratorError: CUDA error: an illegal instruction was encountered
Search for `cudaErrorIllegalInstruction' in https://docs.nvidia.com/cuda/cuda-runtime-api/group__CUDART__TYPES.html for more information.
CUDA kernel errors might be asynchronously reported at some other API call, so the stacktrace below might be incorrect.
For debugging consider passing CUDA_LAUNCH_BLOCKING=1
Compile with `TORCH_USE_CUDA_DSA` to enable device-side assertions.


2026-10-01 17:10:03,506 WARNING:An error occurred while testing config {'BLOCK_SIZE_M': 128, 'BLOCK_SIZE_N': 32, 'BLOCK_SIZE_K': 64, 'GROUPSIZE': 8, 'threads': 128, 'num_stages': 4}, checkout autotuner.log for more details
2026-10-01 17:10:03,506 DEBUG:Error: Traceback (most recent call last):
  File "/projects/kzhou6/bcui2/env_software/miniconda3-aarch64/envs/tilebench++_env/lib/python3.10/site-packages/tilelang/autotuner/tuner.py", line 650, in _run_benchmark_target
    latency, worker_ref_latency = benchmark_target(
  File "/projects/kzhou6/bcui2/env_software/miniconda3-aarch64/envs/tilebench++_env/lib/python3.10/site-packages/tilelang/autotuner/tuner.py", line 769, in _benchmark_target
    jit_input_tensors_cache = jit_input_tensors_supply()
  File "/projects/kzhou6/bcui2/env_software/miniconda3-aarch64/envs/tilebench++_env/lib/python3.10/site-packages/tilelang/autotuner/tuner.py", line 727, in func
    return supply_prog(profiler._get_params(with_output=with_output))
  File "/projects/kzhou6/bcui2/env_software/miniconda3-aarch64/envs/tilebench++_env/lib/python3.10/site-packages/tilelang/autotuner/tuner.py", line 384, in supply_prog
    _cached_tensors_by_device[device] = [
  File "/projects/kzhou6/bcui2/env_software/miniconda3-aarch64/envs/tilebench++_env/lib/python3.10/site-packages/tilelang/autotuner/tuner.py", line 385, in <listcomp>
    tensor.to(device=target_device).clone() if isinstance(tensor, torch.Tensor) else tensor for tensor in _frozen_inputs
torch.AcceleratorError: CUDA error: an illegal instruction was encountered
Search for `cudaErrorIllegalInstruction' in https://docs.nvidia.com/cuda/cuda-runtime-api/group__CUDART__TYPES.html for more information.
CUDA kernel errors might be asynchronously reported at some other API call, so the stacktrace below might be incorrect.
For debugging consider passing CUDA_LAUNCH_BLOCKING=1
Compile with `TORCH_USE_CUDA_DSA` to enable device-side assertions.


2026-10-01 17:10:03,506 WARNING:An error occurred while testing config {'BLOCK_SIZE_M': 128, 'BLOCK_SIZE_N': 64, 'BLOCK_SIZE_K': 32, 'GROUPSIZE': 8, 'threads': 256, 'num_stages': 3}, checkout autotuner.log for more details
2026-10-01 17:10:03,506 DEBUG:Error: Traceback (most recent call last):
  File "/projects/kzhou6/bcui2/env_software/miniconda3-aarch64/envs/tilebench++_env/lib/python3.10/site-packages/tilelang/autotuner/tuner.py", line 650, in _run_benchmark_target
    latency, worker_ref_latency = benchmark_target(
  File "/projects/kzhou6/bcui2/env_software/miniconda3-aarch64/envs/tilebench++_env/lib/python3.10/site-packages/tilelang/autotuner/tuner.py", line 769, in _benchmark_target
    jit_input_tensors_cache = jit_input_tensors_supply()
  File "/projects/kzhou6/bcui2/env_software/miniconda3-aarch64/envs/tilebench++_env/lib/python3.10/site-packages/tilelang/autotuner/tuner.py", line 727, in func
    return supply_prog(profiler._get_params(with_output=with_output))
  File "/projects/kzhou6/bcui2/env_software/miniconda3-aarch64/envs/tilebench++_env/lib/python3.10/site-packages/tilelang/autotuner/tuner.py", line 384, in supply_prog
    _cached_tensors_by_device[device] = [
  File "/projects/kzhou6/bcui2/env_software/miniconda3-aarch64/envs/tilebench++_env/lib/python3.10/site-packages/tilelang/autotuner/tuner.py", line 385, in <listcomp>
    tensor.to(device=target_device).clone() if isinstance(tensor, torch.Tensor) else tensor for tensor in _frozen_inputs
torch.AcceleratorError: CUDA error: an illegal instruction was encountered
Search for `cudaErrorIllegalInstruction' in https://docs.nvidia.com/cuda/cuda-runtime-api/group__CUDART__TYPES.html for more information.
CUDA kernel errors might be asynchronously reported at some other API call, so the stacktrace below might be incorrect.
For debugging consider passing CUDA_LAUNCH_BLOCKING=1
Compile with `TORCH_USE_CUDA_DSA` to enable device-side assertions.


2026-10-01 17:10:03,507 WARNING:An error occurred while testing config {'BLOCK_SIZE_M': 128, 'BLOCK_SIZE_N': 64, 'BLOCK_SIZE_K': 64, 'GROUPSIZE': 1, 'threads': 256, 'num_stages': 3}, checkout autotuner.log for more details
2026-10-01 17:10:03,507 DEBUG:Error: Traceback (most recent call last):
  File "/projects/kzhou6/bcui2/env_software/miniconda3-aarch64/envs/tilebench++_env/lib/python3.10/site-packages/tilelang/autotuner/tuner.py", line 650, in _run_benchmark_target
    latency, worker_ref_latency = benchmark_target(
  File "/projects/kzhou6/bcui2/env_software/miniconda3-aarch64/envs/tilebench++_env/lib/python3.10/site-packages/tilelang/autotuner/tuner.py", line 769, in _benchmark_target
    jit_input_tensors_cache = jit_input_tensors_supply()
  File "/projects/kzhou6/bcui2/env_software/miniconda3-aarch64/envs/tilebench++_env/lib/python3.10/site-packages/tilelang/autotuner/tuner.py", line 727, in func
    return supply_prog(profiler._get_params(with_output=with_output))
  File "/projects/kzhou6/bcui2/env_software/miniconda3-aarch64/envs/tilebench++_env/lib/python3.10/site-packages/tilelang/autotuner/tuner.py", line 384, in supply_prog
    _cached_tensors_by_device[device] = [
  File "/projects/kzhou6/bcui2/env_software/miniconda3-aarch64/envs/tilebench++_env/lib/python3.10/site-packages/tilelang/autotuner/tuner.py", line 385, in <listcomp>
    tensor.to(device=target_device).clone() if isinstance(tensor, torch.Tensor) else tensor for tensor in _frozen_inputs
torch.AcceleratorError: CUDA error: an illegal instruction was encountered
Search for `cudaErrorIllegalInstruction' in https://docs.nvidia.com/cuda/cuda-runtime-api/group__CUDART__TYPES.html for more information.
CUDA kernel errors might be asynchronously reported at some other API call, so the stacktrace below might be incorrect.
For debugging consider passing CUDA_LAUNCH_BLOCKING=1
Compile with `TORCH_USE_CUDA_DSA` to enable device-side assertions.


2026-10-01 17:10:03,507 WARNING:An error occurred while testing config {'BLOCK_SIZE_M': 128, 'BLOCK_SIZE_N': 64, 'BLOCK_SIZE_K': 64, 'GROUPSIZE': 8, 'threads': 256, 'num_stages': 3}, checkout autotuner.log for more details
2026-10-01 17:10:03,507 DEBUG:Error: Traceback (most recent call last):
  File "/projects/kzhou6/bcui2/env_software/miniconda3-aarch64/envs/tilebench++_env/lib/python3.10/site-packages/tilelang/autotuner/tuner.py", line 650, in _run_benchmark_target
    latency, worker_ref_latency = benchmark_target(
  File "/projects/kzhou6/bcui2/env_software/miniconda3-aarch64/envs/tilebench++_env/lib/python3.10/site-packages/tilelang/autotuner/tuner.py", line 769, in _benchmark_target
    jit_input_tensors_cache = jit_input_tensors_supply()
  File "/projects/kzhou6/bcui2/env_software/miniconda3-aarch64/envs/tilebench++_env/lib/python3.10/site-packages/tilelang/autotuner/tuner.py", line 727, in func
    return supply_prog(profiler._get_params(with_output=with_output))
  File "/projects/kzhou6/bcui2/env_software/miniconda3-aarch64/envs/tilebench++_env/lib/python3.10/site-packages/tilelang/autotuner/tuner.py", line 384, in supply_prog
    _cached_tensors_by_device[device] = [
  File "/projects/kzhou6/bcui2/env_software/miniconda3-aarch64/envs/tilebench++_env/lib/python3.10/site-packages/tilelang/autotuner/tuner.py", line 385, in <listcomp>
    tensor.to(device=target_device).clone() if isinstance(tensor, torch.Tensor) else tensor for tensor in _frozen_inputs
torch.AcceleratorError: CUDA error: an illegal instruction was encountered
Search for `cudaErrorIllegalInstruction' in https://docs.nvidia.com/cuda/cuda-runtime-api/group__CUDART__TYPES.html for more information.
CUDA kernel errors might be asynchronously reported at some other API call, so the stacktrace below might be incorrect.
For debugging consider passing CUDA_LAUNCH_BLOCKING=1
Compile with `TORCH_USE_CUDA_DSA` to enable device-side assertions.


2026-10-01 17:10:03,507 WARNING:An error occurred while testing config {'BLOCK_SIZE_M': 128, 'BLOCK_SIZE_N': 32, 'BLOCK_SIZE_K': 32, 'GROUPSIZE': 8, 'threads': 128, 'num_stages': 4}, checkout autotuner.log for more details
2026-10-01 17:10:03,507 DEBUG:Error: Traceback (most recent call last):
  File "/projects/kzhou6/bcui2/env_software/miniconda3-aarch64/envs/tilebench++_env/lib/python3.10/site-packages/tilelang/autotuner/tuner.py", line 650, in _run_benchmark_target
    latency, worker_ref_latency = benchmark_target(
  File "/projects/kzhou6/bcui2/env_software/miniconda3-aarch64/envs/tilebench++_env/lib/python3.10/site-packages/tilelang/autotuner/tuner.py", line 769, in _benchmark_target
    jit_input_tensors_cache = jit_input_tensors_supply()
  File "/projects/kzhou6/bcui2/env_software/miniconda3-aarch64/envs/tilebench++_env/lib/python3.10/site-packages/tilelang/autotuner/tuner.py", line 727, in func
    return supply_prog(profiler._get_params(with_output=with_output))
  File "/projects/kzhou6/bcui2/env_software/miniconda3-aarch64/envs/tilebench++_env/lib/python3.10/site-packages/tilelang/autotuner/tuner.py", line 384, in supply_prog
    _cached_tensors_by_device[device] = [
  File "/projects/kzhou6/bcui2/env_software/miniconda3-aarch64/envs/tilebench++_env/lib/python3.10/site-packages/tilelang/autotuner/tuner.py", line 385, in <listcomp>
    tensor.to(device=target_device).clone() if isinstance(tensor, torch.Tensor) else tensor for tensor in _frozen_inputs
torch.AcceleratorError: CUDA error: an illegal instruction was encountered
Search for `cudaErrorIllegalInstruction' in https://docs.nvidia.com/cuda/cuda-runtime-api/group__CUDART__TYPES.html for more information.
CUDA kernel errors might be asynchronously reported at some other API call, so the stacktrace below might be incorrect.
For debugging consider passing CUDA_LAUNCH_BLOCKING=1
Compile with `TORCH_USE_CUDA_DSA` to enable device-side assertions.


2026-10-01 17:10:03,508 WARNING:An error occurred while testing config {'BLOCK_SIZE_M': 128, 'BLOCK_SIZE_N': 32, 'BLOCK_SIZE_K': 64, 'GROUPSIZE': 1, 'threads': 128, 'num_stages': 4}, checkout autotuner.log for more details
2026-10-01 17:10:03,508 DEBUG:Error: Traceback (most recent call last):
  File "/projects/kzhou6/bcui2/env_software/miniconda3-aarch64/envs/tilebench++_env/lib/python3.10/site-packages/tilelang/autotuner/tuner.py", line 650, in _run_benchmark_target
    latency, worker_ref_latency = benchmark_target(
  File "/projects/kzhou6/bcui2/env_software/miniconda3-aarch64/envs/tilebench++_env/lib/python3.10/site-packages/tilelang/autotuner/tuner.py", line 769, in _benchmark_target
    jit_input_tensors_cache = jit_input_tensors_supply()
  File "/projects/kzhou6/bcui2/env_software/miniconda3-aarch64/envs/tilebench++_env/lib/python3.10/site-packages/tilelang/autotuner/tuner.py", line 727, in func
    return supply_prog(profiler._get_params(with_output=with_output))
  File "/projects/kzhou6/bcui2/env_software/miniconda3-aarch64/envs/tilebench++_env/lib/python3.10/site-packages/tilelang/autotuner/tuner.py", line 384, in supply_prog
    _cached_tensors_by_device[device] = [
  File "/projects/kzhou6/bcui2/env_software/miniconda3-aarch64/envs/tilebench++_env/lib/python3.10/site-packages/tilelang/autotuner/tuner.py", line 385, in <listcomp>
    tensor.to(device=target_device).clone() if isinstance(tensor, torch.Tensor) else tensor for tensor in _frozen_inputs
torch.AcceleratorError: CUDA error: an illegal instruction was encountered
Search for `cudaErrorIllegalInstruction' in https://docs.nvidia.com/cuda/cuda-runtime-api/group__CUDART__TYPES.html for more information.
CUDA kernel errors might be asynchronously reported at some other API call, so the stacktrace below might be incorrect.
For debugging consider passing CUDA_LAUNCH_BLOCKING=1
Compile with `TORCH_USE_CUDA_DSA` to enable device-side assertions.


2026-10-01 17:10:03,508 WARNING:An error occurred while testing config {'BLOCK_SIZE_M': 128, 'BLOCK_SIZE_N': 32, 'BLOCK_SIZE_K': 64, 'GROUPSIZE': 1, 'threads': 128, 'num_stages': 3}, checkout autotuner.log for more details
2026-10-01 17:10:03,508 DEBUG:Error: Traceback (most recent call last):
  File "/projects/kzhou6/bcui2/env_software/miniconda3-aarch64/envs/tilebench++_env/lib/python3.10/site-packages/tilelang/autotuner/tuner.py", line 650, in _run_benchmark_target
    latency, worker_ref_latency = benchmark_target(
  File "/projects/kzhou6/bcui2/env_software/miniconda3-aarch64/envs/tilebench++_env/lib/python3.10/site-packages/tilelang/autotuner/tuner.py", line 769, in _benchmark_target
    jit_input_tensors_cache = jit_input_tensors_supply()
  File "/projects/kzhou6/bcui2/env_software/miniconda3-aarch64/envs/tilebench++_env/lib/python3.10/site-packages/tilelang/autotuner/tuner.py", line 727, in func
    return supply_prog(profiler._get_params(with_output=with_output))
  File "/projects/kzhou6/bcui2/env_software/miniconda3-aarch64/envs/tilebench++_env/lib/python3.10/site-packages/tilelang/autotuner/tuner.py", line 384, in supply_prog
    _cached_tensors_by_device[device] = [
  File "/projects/kzhou6/bcui2/env_software/miniconda3-aarch64/envs/tilebench++_env/lib/python3.10/site-packages/tilelang/autotuner/tuner.py", line 385, in <listcomp>
    tensor.to(device=target_device).clone() if isinstance(tensor, torch.Tensor) else tensor for tensor in _frozen_inputs
torch.AcceleratorError: CUDA error: an illegal instruction was encountered
Search for `cudaErrorIllegalInstruction' in https://docs.nvidia.com/cuda/cuda-runtime-api/group__CUDART__TYPES.html for more information.
CUDA kernel errors might be asynchronously reported at some other API call, so the stacktrace below might be incorrect.
For debugging consider passing CUDA_LAUNCH_BLOCKING=1
Compile with `TORCH_USE_CUDA_DSA` to enable device-side assertions.


2026-10-01 17:10:03,508 WARNING:An error occurred while testing config {'BLOCK_SIZE_M': 128, 'BLOCK_SIZE_N': 32, 'BLOCK_SIZE_K': 64, 'GROUPSIZE': 8, 'threads': 128, 'num_stages': 3}, checkout autotuner.log for more details
2026-10-01 17:10:03,509 DEBUG:Error: Traceback (most recent call last):
  File "/projects/kzhou6/bcui2/env_software/miniconda3-aarch64/envs/tilebench++_env/lib/python3.10/site-packages/tilelang/autotuner/tuner.py", line 650, in _run_benchmark_target
    latency, worker_ref_latency = benchmark_target(
  File "/projects/kzhou6/bcui2/env_software/miniconda3-aarch64/envs/tilebench++_env/lib/python3.10/site-packages/tilelang/autotuner/tuner.py", line 769, in _benchmark_target
    jit_input_tensors_cache = jit_input_tensors_supply()
  File "/projects/kzhou6/bcui2/env_software/miniconda3-aarch64/envs/tilebench++_env/lib/python3.10/site-packages/tilelang/autotuner/tuner.py", line 727, in func
    return supply_prog(profiler._get_params(with_output=with_output))
  File "/projects/kzhou6/bcui2/env_software/miniconda3-aarch64/envs/tilebench++_env/lib/python3.10/site-packages/tilelang/autotuner/tuner.py", line 384, in supply_prog
    _cached_tensors_by_device[device] = [
  File "/projects/kzhou6/bcui2/env_software/miniconda3-aarch64/envs/tilebench++_env/lib/python3.10/site-packages/tilelang/autotuner/tuner.py", line 385, in <listcomp>
    tensor.to(device=target_device).clone() if isinstance(tensor, torch.Tensor) else tensor for tensor in _frozen_inputs
torch.AcceleratorError: CUDA error: an illegal instruction was encountered
Search for `cudaErrorIllegalInstruction' in https://docs.nvidia.com/cuda/cuda-runtime-api/group__CUDART__TYPES.html for more information.
CUDA kernel errors might be asynchronously reported at some other API call, so the stacktrace below might be incorrect.
For debugging consider passing CUDA_LAUNCH_BLOCKING=1
Compile with `TORCH_USE_CUDA_DSA` to enable device-side assertions.


2026-10-01 17:10:03,509 WARNING:An error occurred while testing config {'BLOCK_SIZE_M': 128, 'BLOCK_SIZE_N': 128, 'BLOCK_SIZE_K': 32, 'GROUPSIZE': 1, 'threads': 128, 'num_stages': 3}, checkout autotuner.log for more details
2026-10-01 17:10:03,509 DEBUG:Error: Traceback (most recent call last):
  File "/projects/kzhou6/bcui2/env_software/miniconda3-aarch64/envs/tilebench++_env/lib/python3.10/site-packages/tilelang/autotuner/tuner.py", line 650, in _run_benchmark_target
    latency, worker_ref_latency = benchmark_target(
  File "/projects/kzhou6/bcui2/env_software/miniconda3-aarch64/envs/tilebench++_env/lib/python3.10/site-packages/tilelang/autotuner/tuner.py", line 769, in _benchmark_target
    jit_input_tensors_cache = jit_input_tensors_supply()
  File "/projects/kzhou6/bcui2/env_software/miniconda3-aarch64/envs/tilebench++_env/lib/python3.10/site-packages/tilelang/autotuner/tuner.py", line 727, in func
    return supply_prog(profiler._get_params(with_output=with_output))
  File "/projects/kzhou6/bcui2/env_software/miniconda3-aarch64/envs/tilebench++_env/lib/python3.10/site-packages/tilelang/autotuner/tuner.py", line 384, in supply_prog
    _cached_tensors_by_device[device] = [
  File "/projects/kzhou6/bcui2/env_software/miniconda3-aarch64/envs/tilebench++_env/lib/python3.10/site-packages/tilelang/autotuner/tuner.py", line 385, in <listcomp>
    tensor.to(device=target_device).clone() if isinstance(tensor, torch.Tensor) else tensor for tensor in _frozen_inputs
torch.AcceleratorError: CUDA error: an illegal instruction was encountered
Search for `cudaErrorIllegalInstruction' in https://docs.nvidia.com/cuda/cuda-runtime-api/group__CUDART__TYPES.html for more information.
CUDA kernel errors might be asynchronously reported at some other API call, so the stacktrace below might be incorrect.
For debugging consider passing CUDA_LAUNCH_BLOCKING=1
Compile with `TORCH_USE_CUDA_DSA` to enable device-side assertions.


2026-10-01 17:10:03,509 WARNING:An error occurred while testing config {'BLOCK_SIZE_M': 128, 'BLOCK_SIZE_N': 64, 'BLOCK_SIZE_K': 64, 'GROUPSIZE': 1, 'threads': 128, 'num_stages': 3}, checkout autotuner.log for more details
2026-10-01 17:10:03,509 DEBUG:Error: Traceback (most recent call last):
  File "/projects/kzhou6/bcui2/env_software/miniconda3-aarch64/envs/tilebench++_env/lib/python3.10/site-packages/tilelang/autotuner/tuner.py", line 650, in _run_benchmark_target
    latency, worker_ref_latency = benchmark_target(
  File "/projects/kzhou6/bcui2/env_software/miniconda3-aarch64/envs/tilebench++_env/lib/python3.10/site-packages/tilelang/autotuner/tuner.py", line 769, in _benchmark_target
    jit_input_tensors_cache = jit_input_tensors_supply()
  File "/projects/kzhou6/bcui2/env_software/miniconda3-aarch64/envs/tilebench++_env/lib/python3.10/site-packages/tilelang/autotuner/tuner.py", line 727, in func
    return supply_prog(profiler._get_params(with_output=with_output))
  File "/projects/kzhou6/bcui2/env_software/miniconda3-aarch64/envs/tilebench++_env/lib/python3.10/site-packages/tilelang/autotuner/tuner.py", line 384, in supply_prog
    _cached_tensors_by_device[device] = [
  File "/projects/kzhou6/bcui2/env_software/miniconda3-aarch64/envs/tilebench++_env/lib/python3.10/site-packages/tilelang/autotuner/tuner.py", line 385, in <listcomp>
    tensor.to(device=target_device).clone() if isinstance(tensor, torch.Tensor) else tensor for tensor in _frozen_inputs
torch.AcceleratorError: CUDA error: an illegal instruction was encountered
Search for `cudaErrorIllegalInstruction' in https://docs.nvidia.com/cuda/cuda-runtime-api/group__CUDART__TYPES.html for more information.
CUDA kernel errors might be asynchronously reported at some other API call, so the stacktrace below might be incorrect.
For debugging consider passing CUDA_LAUNCH_BLOCKING=1
Compile with `TORCH_USE_CUDA_DSA` to enable device-side assertions.


2026-10-01 17:10:03,510 WARNING:An error occurred while testing config {'BLOCK_SIZE_M': 128, 'BLOCK_SIZE_N': 64, 'BLOCK_SIZE_K': 32, 'GROUPSIZE': 1, 'threads': 128, 'num_stages': 4}, checkout autotuner.log for more details
2026-10-01 17:10:03,510 DEBUG:Error: Traceback (most recent call last):
  File "/projects/kzhou6/bcui2/env_software/miniconda3-aarch64/envs/tilebench++_env/lib/python3.10/site-packages/tilelang/autotuner/tuner.py", line 650, in _run_benchmark_target
    latency, worker_ref_latency = benchmark_target(
  File "/projects/kzhou6/bcui2/env_software/miniconda3-aarch64/envs/tilebench++_env/lib/python3.10/site-packages/tilelang/autotuner/tuner.py", line 769, in _benchmark_target
    jit_input_tensors_cache = jit_input_tensors_supply()
  File "/projects/kzhou6/bcui2/env_software/miniconda3-aarch64/envs/tilebench++_env/lib/python3.10/site-packages/tilelang/autotuner/tuner.py", line 727, in func
    return supply_prog(profiler._get_params(with_output=with_output))
  File "/projects/kzhou6/bcui2/env_software/miniconda3-aarch64/envs/tilebench++_env/lib/python3.10/site-packages/tilelang/autotuner/tuner.py", line 384, in supply_prog
    _cached_tensors_by_device[device] = [
  File "/projects/kzhou6/bcui2/env_software/miniconda3-aarch64/envs/tilebench++_env/lib/python3.10/site-packages/tilelang/autotuner/tuner.py", line 385, in <listcomp>
    tensor.to(device=target_device).clone() if isinstance(tensor, torch.Tensor) else tensor for tensor in _frozen_inputs
torch.AcceleratorError: CUDA error: an illegal instruction was encountered
Search for `cudaErrorIllegalInstruction' in https://docs.nvidia.com/cuda/cuda-runtime-api/group__CUDART__TYPES.html for more information.
CUDA kernel errors might be asynchronously reported at some other API call, so the stacktrace below might be incorrect.
For debugging consider passing CUDA_LAUNCH_BLOCKING=1
Compile with `TORCH_USE_CUDA_DSA` to enable device-side assertions.


2026-10-01 17:10:03,510 WARNING:An error occurred while testing config {'BLOCK_SIZE_M': 128, 'BLOCK_SIZE_N': 128, 'BLOCK_SIZE_K': 32, 'GROUPSIZE': 8, 'threads': 256, 'num_stages': 4}, checkout autotuner.log for more details
2026-10-01 17:10:03,510 DEBUG:Error: Traceback (most recent call last):
  File "/projects/kzhou6/bcui2/env_software/miniconda3-aarch64/envs/tilebench++_env/lib/python3.10/site-packages/tilelang/autotuner/tuner.py", line 650, in _run_benchmark_target
    latency, worker_ref_latency = benchmark_target(
  File "/projects/kzhou6/bcui2/env_software/miniconda3-aarch64/envs/tilebench++_env/lib/python3.10/site-packages/tilelang/autotuner/tuner.py", line 769, in _benchmark_target
    jit_input_tensors_cache = jit_input_tensors_supply()
  File "/projects/kzhou6/bcui2/env_software/miniconda3-aarch64/envs/tilebench++_env/lib/python3.10/site-packages/tilelang/autotuner/tuner.py", line 727, in func
    return supply_prog(profiler._get_params(with_output=with_output))
  File "/projects/kzhou6/bcui2/env_software/miniconda3-aarch64/envs/tilebench++_env/lib/python3.10/site-packages/tilelang/autotuner/tuner.py", line 384, in supply_prog
    _cached_tensors_by_device[device] = [
  File "/projects/kzhou6/bcui2/env_software/miniconda3-aarch64/envs/tilebench++_env/lib/python3.10/site-packages/tilelang/autotuner/tuner.py", line 385, in <listcomp>
    tensor.to(device=target_device).clone() if isinstance(tensor, torch.Tensor) else tensor for tensor in _frozen_inputs
torch.AcceleratorError: CUDA error: an illegal instruction was encountered
Search for `cudaErrorIllegalInstruction' in https://docs.nvidia.com/cuda/cuda-runtime-api/group__CUDART__TYPES.html for more information.
CUDA kernel errors might be asynchronously reported at some other API call, so the stacktrace below might be incorrect.
For debugging consider passing CUDA_LAUNCH_BLOCKING=1
Compile with `TORCH_USE_CUDA_DSA` to enable device-side assertions.


2026-10-01 17:10:03,510 WARNING:An error occurred while testing config {'BLOCK_SIZE_M': 128, 'BLOCK_SIZE_N': 128, 'BLOCK_SIZE_K': 32, 'GROUPSIZE': 8, 'threads': 128, 'num_stages': 3}, checkout autotuner.log for more details
2026-10-01 17:10:03,510 DEBUG:Error: Traceback (most recent call last):
  File "/projects/kzhou6/bcui2/env_software/miniconda3-aarch64/envs/tilebench++_env/lib/python3.10/site-packages/tilelang/autotuner/tuner.py", line 650, in _run_benchmark_target
    latency, worker_ref_latency = benchmark_target(
  File "/projects/kzhou6/bcui2/env_software/miniconda3-aarch64/envs/tilebench++_env/lib/python3.10/site-packages/tilelang/autotuner/tuner.py", line 769, in _benchmark_target
    jit_input_tensors_cache = jit_input_tensors_supply()
  File "/projects/kzhou6/bcui2/env_software/miniconda3-aarch64/envs/tilebench++_env/lib/python3.10/site-packages/tilelang/autotuner/tuner.py", line 727, in func
    return supply_prog(profiler._get_params(with_output=with_output))
  File "/projects/kzhou6/bcui2/env_software/miniconda3-aarch64/envs/tilebench++_env/lib/python3.10/site-packages/tilelang/autotuner/tuner.py", line 384, in supply_prog
    _cached_tensors_by_device[device] = [
  File "/projects/kzhou6/bcui2/env_software/miniconda3-aarch64/envs/tilebench++_env/lib/python3.10/site-packages/tilelang/autotuner/tuner.py", line 385, in <listcomp>
    tensor.to(device=target_device).clone() if isinstance(tensor, torch.Tensor) else tensor for tensor in _frozen_inputs
torch.AcceleratorError: CUDA error: an illegal instruction was encountered
Search for `cudaErrorIllegalInstruction' in https://docs.nvidia.com/cuda/cuda-runtime-api/group__CUDART__TYPES.html for more information.
CUDA kernel errors might be asynchronously reported at some other API call, so the stacktrace below might be incorrect.
For debugging consider passing CUDA_LAUNCH_BLOCKING=1
Compile with `TORCH_USE_CUDA_DSA` to enable device-side assertions.


2026-10-01 17:10:03,511 WARNING:An error occurred while testing config {'BLOCK_SIZE_M': 128, 'BLOCK_SIZE_N': 128, 'BLOCK_SIZE_K': 32, 'GROUPSIZE': 1, 'threads': 256, 'num_stages': 4}, checkout autotuner.log for more details
2026-10-01 17:10:03,511 DEBUG:Error: Traceback (most recent call last):
  File "/projects/kzhou6/bcui2/env_software/miniconda3-aarch64/envs/tilebench++_env/lib/python3.10/site-packages/tilelang/autotuner/tuner.py", line 650, in _run_benchmark_target
    latency, worker_ref_latency = benchmark_target(
  File "/projects/kzhou6/bcui2/env_software/miniconda3-aarch64/envs/tilebench++_env/lib/python3.10/site-packages/tilelang/autotuner/tuner.py", line 769, in _benchmark_target
    jit_input_tensors_cache = jit_input_tensors_supply()
  File "/projects/kzhou6/bcui2/env_software/miniconda3-aarch64/envs/tilebench++_env/lib/python3.10/site-packages/tilelang/autotuner/tuner.py", line 727, in func
    return supply_prog(profiler._get_params(with_output=with_output))
  File "/projects/kzhou6/bcui2/env_software/miniconda3-aarch64/envs/tilebench++_env/lib/python3.10/site-packages/tilelang/autotuner/tuner.py", line 384, in supply_prog
    _cached_tensors_by_device[device] = [
  File "/projects/kzhou6/bcui2/env_software/miniconda3-aarch64/envs/tilebench++_env/lib/python3.10/site-packages/tilelang/autotuner/tuner.py", line 385, in <listcomp>
    tensor.to(device=target_device).clone() if isinstance(tensor, torch.Tensor) else tensor for tensor in _frozen_inputs
torch.AcceleratorError: CUDA error: an illegal instruction was encountered
Search for `cudaErrorIllegalInstruction' in https://docs.nvidia.com/cuda/cuda-runtime-api/group__CUDART__TYPES.html for more information.
CUDA kernel errors might be asynchronously reported at some other API call, so the stacktrace below might be incorrect.
For debugging consider passing CUDA_LAUNCH_BLOCKING=1
Compile with `TORCH_USE_CUDA_DSA` to enable device-side assertions.


2026-10-01 17:10:03,511 WARNING:An error occurred while testing config {'BLOCK_SIZE_M': 128, 'BLOCK_SIZE_N': 64, 'BLOCK_SIZE_K': 32, 'GROUPSIZE': 8, 'threads': 128, 'num_stages': 4}, checkout autotuner.log for more details
2026-10-01 17:10:03,511 DEBUG:Error: Traceback (most recent call last):
  File "/projects/kzhou6/bcui2/env_software/miniconda3-aarch64/envs/tilebench++_env/lib/python3.10/site-packages/tilelang/autotuner/tuner.py", line 650, in _run_benchmark_target
    latency, worker_ref_latency = benchmark_target(
  File "/projects/kzhou6/bcui2/env_software/miniconda3-aarch64/envs/tilebench++_env/lib/python3.10/site-packages/tilelang/autotuner/tuner.py", line 769, in _benchmark_target
    jit_input_tensors_cache = jit_input_tensors_supply()
  File "/projects/kzhou6/bcui2/env_software/miniconda3-aarch64/envs/tilebench++_env/lib/python3.10/site-packages/tilelang/autotuner/tuner.py", line 727, in func
    return supply_prog(profiler._get_params(with_output=with_output))
  File "/projects/kzhou6/bcui2/env_software/miniconda3-aarch64/envs/tilebench++_env/lib/python3.10/site-packages/tilelang/autotuner/tuner.py", line 384, in supply_prog
    _cached_tensors_by_device[device] = [
  File "/projects/kzhou6/bcui2/env_software/miniconda3-aarch64/envs/tilebench++_env/lib/python3.10/site-packages/tilelang/autotuner/tuner.py", line 385, in <listcomp>
    tensor.to(device=target_device).clone() if isinstance(tensor, torch.Tensor) else tensor for tensor in _frozen_inputs
torch.AcceleratorError: CUDA error: an illegal instruction was encountered
Search for `cudaErrorIllegalInstruction' in https://docs.nvidia.com/cuda/cuda-runtime-api/group__CUDART__TYPES.html for more information.
CUDA kernel errors might be asynchronously reported at some other API call, so the stacktrace below might be incorrect.
For debugging consider passing CUDA_LAUNCH_BLOCKING=1
Compile with `TORCH_USE_CUDA_DSA` to enable device-side assertions.


2026-10-01 17:10:03,511 WARNING:An error occurred while testing config {'BLOCK_SIZE_M': 128, 'BLOCK_SIZE_N': 128, 'BLOCK_SIZE_K': 32, 'GROUPSIZE': 1, 'threads': 128, 'num_stages': 4}, checkout autotuner.log for more details
2026-10-01 17:10:03,511 DEBUG:Error: Traceback (most recent call last):
  File "/projects/kzhou6/bcui2/env_software/miniconda3-aarch64/envs/tilebench++_env/lib/python3.10/site-packages/tilelang/autotuner/tuner.py", line 650, in _run_benchmark_target
    latency, worker_ref_latency = benchmark_target(
  File "/projects/kzhou6/bcui2/env_software/miniconda3-aarch64/envs/tilebench++_env/lib/python3.10/site-packages/tilelang/autotuner/tuner.py", line 769, in _benchmark_target
    jit_input_tensors_cache = jit_input_tensors_supply()
  File "/projects/kzhou6/bcui2/env_software/miniconda3-aarch64/envs/tilebench++_env/lib/python3.10/site-packages/tilelang/autotuner/tuner.py", line 727, in func
    return supply_prog(profiler._get_params(with_output=with_output))
  File "/projects/kzhou6/bcui2/env_software/miniconda3-aarch64/envs/tilebench++_env/lib/python3.10/site-packages/tilelang/autotuner/tuner.py", line 384, in supply_prog
    _cached_tensors_by_device[device] = [
  File "/projects/kzhou6/bcui2/env_software/miniconda3-aarch64/envs/tilebench++_env/lib/python3.10/site-packages/tilelang/autotuner/tuner.py", line 385, in <listcomp>
    tensor.to(device=target_device).clone() if isinstance(tensor, torch.Tensor) else tensor for tensor in _frozen_inputs
torch.AcceleratorError: CUDA error: an illegal instruction was encountered
Search for `cudaErrorIllegalInstruction' in https://docs.nvidia.com/cuda/cuda-runtime-api/group__CUDART__TYPES.html for more information.
CUDA kernel errors might be asynchronously reported at some other API call, so the stacktrace below might be incorrect.
For debugging consider passing CUDA_LAUNCH_BLOCKING=1
Compile with `TORCH_USE_CUDA_DSA` to enable device-side assertions.


2026-10-01 17:10:03,512 WARNING:An error occurred while testing config {'BLOCK_SIZE_M': 128, 'BLOCK_SIZE_N': 128, 'BLOCK_SIZE_K': 32, 'GROUPSIZE': 1, 'threads': 256, 'num_stages': 3}, checkout autotuner.log for more details
2026-10-01 17:10:03,512 DEBUG:Error: Traceback (most recent call last):
  File "/projects/kzhou6/bcui2/env_software/miniconda3-aarch64/envs/tilebench++_env/lib/python3.10/site-packages/tilelang/autotuner/tuner.py", line 650, in _run_benchmark_target
    latency, worker_ref_latency = benchmark_target(
  File "/projects/kzhou6/bcui2/env_software/miniconda3-aarch64/envs/tilebench++_env/lib/python3.10/site-packages/tilelang/autotuner/tuner.py", line 769, in _benchmark_target
    jit_input_tensors_cache = jit_input_tensors_supply()
  File "/projects/kzhou6/bcui2/env_software/miniconda3-aarch64/envs/tilebench++_env/lib/python3.10/site-packages/tilelang/autotuner/tuner.py", line 727, in func
    return supply_prog(profiler._get_params(with_output=with_output))
  File "/projects/kzhou6/bcui2/env_software/miniconda3-aarch64/envs/tilebench++_env/lib/python3.10/site-packages/tilelang/autotuner/tuner.py", line 384, in supply_prog
    _cached_tensors_by_device[device] = [
  File "/projects/kzhou6/bcui2/env_software/miniconda3-aarch64/envs/tilebench++_env/lib/python3.10/site-packages/tilelang/autotuner/tuner.py", line 385, in <listcomp>
    tensor.to(device=target_device).clone() if isinstance(tensor, torch.Tensor) else tensor for tensor in _frozen_inputs
torch.AcceleratorError: CUDA error: an illegal instruction was encountered
Search for `cudaErrorIllegalInstruction' in https://docs.nvidia.com/cuda/cuda-runtime-api/group__CUDART__TYPES.html for more information.
CUDA kernel errors might be asynchronously reported at some other API call, so the stacktrace below might be incorrect.
For debugging consider passing CUDA_LAUNCH_BLOCKING=1
Compile with `TORCH_USE_CUDA_DSA` to enable device-side assertions.


2026-10-01 17:10:03,512 WARNING:An error occurred while testing config {'BLOCK_SIZE_M': 128, 'BLOCK_SIZE_N': 32, 'BLOCK_SIZE_K': 64, 'GROUPSIZE': 1, 'threads': 256, 'num_stages': 4}, checkout autotuner.log for more details
2026-10-01 17:10:03,512 DEBUG:Error: Traceback (most recent call last):
  File "/projects/kzhou6/bcui2/env_software/miniconda3-aarch64/envs/tilebench++_env/lib/python3.10/site-packages/tilelang/autotuner/tuner.py", line 650, in _run_benchmark_target
    latency, worker_ref_latency = benchmark_target(
  File "/projects/kzhou6/bcui2/env_software/miniconda3-aarch64/envs/tilebench++_env/lib/python3.10/site-packages/tilelang/autotuner/tuner.py", line 769, in _benchmark_target
    jit_input_tensors_cache = jit_input_tensors_supply()
  File "/projects/kzhou6/bcui2/env_software/miniconda3-aarch64/envs/tilebench++_env/lib/python3.10/site-packages/tilelang/autotuner/tuner.py", line 727, in func
    return supply_prog(profiler._get_params(with_output=with_output))
  File "/projects/kzhou6/bcui2/env_software/miniconda3-aarch64/envs/tilebench++_env/lib/python3.10/site-packages/tilelang/autotuner/tuner.py", line 384, in supply_prog
    _cached_tensors_by_device[device] = [
  File "/projects/kzhou6/bcui2/env_software/miniconda3-aarch64/envs/tilebench++_env/lib/python3.10/site-packages/tilelang/autotuner/tuner.py", line 385, in <listcomp>
    tensor.to(device=target_device).clone() if isinstance(tensor, torch.Tensor) else tensor for tensor in _frozen_inputs
torch.AcceleratorError: CUDA error: an illegal instruction was encountered
Search for `cudaErrorIllegalInstruction' in https://docs.nvidia.com/cuda/cuda-runtime-api/group__CUDART__TYPES.html for more information.
CUDA kernel errors might be asynchronously reported at some other API call, so the stacktrace below might be incorrect.
For debugging consider passing CUDA_LAUNCH_BLOCKING=1
Compile with `TORCH_USE_CUDA_DSA` to enable device-side assertions.


2026-10-01 17:10:03,512 WARNING:An error occurred while testing config {'BLOCK_SIZE_M': 128, 'BLOCK_SIZE_N': 64, 'BLOCK_SIZE_K': 32, 'GROUPSIZE': 1, 'threads': 256, 'num_stages': 4}, checkout autotuner.log for more details
2026-10-01 17:10:03,513 DEBUG:Error: Traceback (most recent call last):
  File "/projects/kzhou6/bcui2/env_software/miniconda3-aarch64/envs/tilebench++_env/lib/python3.10/site-packages/tilelang/autotuner/tuner.py", line 650, in _run_benchmark_target
    latency, worker_ref_latency = benchmark_target(
  File "/projects/kzhou6/bcui2/env_software/miniconda3-aarch64/envs/tilebench++_env/lib/python3.10/site-packages/tilelang/autotuner/tuner.py", line 769, in _benchmark_target
    jit_input_tensors_cache = jit_input_tensors_supply()
  File "/projects/kzhou6/bcui2/env_software/miniconda3-aarch64/envs/tilebench++_env/lib/python3.10/site-packages/tilelang/autotuner/tuner.py", line 727, in func
    return supply_prog(profiler._get_params(with_output=with_output))
  File "/projects/kzhou6/bcui2/env_software/miniconda3-aarch64/envs/tilebench++_env/lib/python3.10/site-packages/tilelang/autotuner/tuner.py", line 384, in supply_prog
    _cached_tensors_by_device[device] = [
  File "/projects/kzhou6/bcui2/env_software/miniconda3-aarch64/envs/tilebench++_env/lib/python3.10/site-packages/tilelang/autotuner/tuner.py", line 385, in <listcomp>
    tensor.to(device=target_device).clone() if isinstance(tensor, torch.Tensor) else tensor for tensor in _frozen_inputs
torch.AcceleratorError: CUDA error: an illegal instruction was encountered
Search for `cudaErrorIllegalInstruction' in https://docs.nvidia.com/cuda/cuda-runtime-api/group__CUDART__TYPES.html for more information.
CUDA kernel errors might be asynchronously reported at some other API call, so the stacktrace below might be incorrect.
For debugging consider passing CUDA_LAUNCH_BLOCKING=1
Compile with `TORCH_USE_CUDA_DSA` to enable device-side assertions.


2026-10-01 17:10:03,515 ERROR:Auto-tuning failed: No configuration successfully compiled and passed benchmarking/validation.
