operator,mode,dtype,params,baseline_present,descriptor_present,baseline_torch_ms,descriptor_torch_ms,baseline_triton_ms,descriptor_triton_ms,baseline_cutile_ms,descriptor_cutile_ms,baseline_speedup_triton,descriptor_speedup_triton,baseline_speedup_cutile,descriptor_speedup_cutile,torch_ms_delta_pct,triton_ms_delta_pct,cutile_ms_delta_pct,descriptor_vs_baseline_speedup
argmax,default,fp16,N=1024,1,1,0.0086,0.0086,0.0067,0.01,0.0064,0.0064,1.28,0.86,1.35,1.35,0.00,49.25,0.00,0.67
argmax,default,fp16,N=10240,1,1,0.0329,0.0329,0.0526,0.0694,0.0607,0.0607,0.62,0.47,0.54,0.54,0.00,31.94,0.00,0.757925
argmax,default,fp16,N=11264,1,1,0.035,0.035,0.0574,0.0758,0.0663,0.0664,0.61,0.46,0.53,0.53,0.00,32.06,0.15,0.757256
argmax,default,fp16,N=12288,1,1,0.0364,0.0364,0.0615,0.0815,0.0715,0.0717,0.59,0.45,0.51,0.51,0.00,32.52,0.28,0.754601
argmax,default,fp16,N=13312,1,1,0.0385,0.0385,0.0667,0.088,0.0775,0.0776,0.58,0.44,0.5,0.5,0.00,31.93,0.13,0.757955
argmax,default,fp16,N=14336,1,1,0.0399,0.0398,0.0717,0.0945,0.0835,0.0835,0.56,0.42,0.48,0.48,-0.25,31.80,0.00,0.75873
argmax,default,fp16,N=15360,1,1,0.042,0.042,0.0765,0.101,0.089,0.0891,0.55,0.42,0.47,0.47,0.00,32.03,0.11,0.757426
argmax,default,fp16,N=16384,1,1,0.0434,0.0434,0.0809,0.1067,0.0943,0.0944,0.54,0.41,0.46,0.46,0.00,31.89,0.11,0.758201
argmax,default,fp16,N=17408,1,1,0.0455,0.0455,0.0862,0.1135,0.1002,0.1002,0.53,0.4,0.45,0.45,0.00,31.67,0.00,0.759471
argmax,default,fp16,N=18432,1,1,0.0468,0.0468,0.091,0.1198,0.1058,0.1058,0.51,0.39,0.44,0.44,0.00,31.65,0.00,0.759599
argmax,default,fp16,N=19456,1,1,0.0489,0.0489,0.0955,0.1258,0.1111,0.1112,0.51,0.39,0.44,0.44,0.00,31.73,0.09,0.759141
argmax,default,fp16,N=2048,1,1,0.014,0.014,0.012,0.0166,0.0133,0.0133,1.17,0.84,1.06,1.06,0.00,38.33,0.00,0.722892
argmax,default,fp16,N=20480,1,1,0.0503,0.0503,0.1001,0.1319,0.1166,0.1168,0.5,0.38,0.43,0.43,0.00,31.77,0.17,0.758908
argmax,default,fp16,N=3072,1,1,0.0196,0.0196,0.0179,0.0237,0.0199,0.02,1.09,0.83,0.98,0.98,0.00,32.40,0.50,0.755274
argmax,default,fp16,N=4096,1,1,0.0226,0.0226,0.0218,0.029,0.0243,0.0244,1.04,0.78,0.93,0.93,0.00,33.03,0.41,0.751724
argmax,default,fp16,N=5120,1,1,0.0299,0.0298,0.0282,0.0367,0.0319,0.0319,1.06,0.81,0.94,0.93,-0.33,30.14,0.00,0.768392
argmax,default,fp16,N=6144,1,1,0.0347,0.0347,0.034,0.044,0.0386,0.0387,1.02,0.79,0.9,0.9,0.00,29.41,0.26,0.772727
argmax,default,fp16,N=7168,1,1,0.0399,0.0399,0.038,0.0496,0.0434,0.0435,1.05,0.81,0.92,0.92,0.00,30.53,0.23,0.766129
argmax,default,fp16,N=8192,1,1,0.0291,0.0292,0.0431,0.0564,0.0494,0.0495,0.68,0.52,0.59,0.59,0.34,30.86,0.20,0.764184
argmax,default,fp16,N=9216,1,1,0.0314,0.0314,0.0472,0.0623,0.0546,0.0546,0.66,0.5,0.57,0.58,0.00,31.99,0.00,0.757624
argmax,default,fp32,N=1024,1,1,0.0087,0.0087,0.0071,0.0104,0.0063,0.0063,1.23,0.84,1.38,1.38,0.00,46.48,0.00,0.682692
argmax,default,fp32,N=10240,1,1,0.0351,0.0351,0.052,0.0703,0.0569,0.057,0.67,0.5,0.62,0.62,0.00,35.19,0.18,0.739687
argmax,default,fp32,N=11264,1,1,0.0382,0.0382,0.057,0.0768,0.0624,0.0625,0.67,0.5,0.61,0.61,0.00,34.74,0.16,0.742188
argmax,default,fp32,N=12288,1,1,0.0396,0.0396,0.0618,0.0832,0.0676,0.0677,0.64,0.48,0.59,0.58,0.00,34.63,0.15,0.742788
argmax,default,fp32,N=13312,1,1,0.0425,0.0426,0.0668,0.0899,0.0729,0.073,0.64,0.47,0.58,0.58,0.24,34.58,0.14,0.743048
argmax,default,fp32,N=14336,1,1,0.0437,0.0438,0.0713,0.096,0.0778,0.0779,0.61,0.46,0.56,0.56,0.23,34.64,0.13,0.742708
argmax,default,fp32,N=15360,1,1,0.0468,0.0468,0.0762,0.1026,0.0831,0.0833,0.61,0.46,0.56,0.56,0.00,34.65,0.24,0.74269
argmax,default,fp32,N=16384,1,1,0.048,0.048,0.0807,0.1086,0.0881,0.0883,0.59,0.44,0.54,0.54,0.00,34.57,0.23,0.743094
argmax,default,fp32,N=17408,1,1,0.0503,0.0503,0.0855,0.1152,0.0936,0.0937,0.59,0.44,0.54,0.54,0.00,34.74,0.11,0.742188
argmax,default,fp32,N=18432,1,1,0.0511,0.0511,0.0903,0.1212,0.0988,0.099,0.57,0.42,0.52,0.52,0.00,34.22,0.20,0.74505
argmax,default,fp32,N=19456,1,1,0.0535,0.0535,0.0952,0.1277,0.1042,0.1044,0.56,0.42,0.51,0.51,0.00,34.14,0.19,0.745497
argmax,default,fp32,N=2048,1,1,0.0136,0.0136,0.0121,0.0168,0.013,0.013,1.13,0.81,1.05,1.05,0.00,38.84,0.00,0.720238
argmax,default,fp32,N=20480,1,1,0.0544,0.0544,0.0999,0.1339,0.1094,0.1096,0.54,0.41,0.5,0.5,0.00,34.03,0.18,0.746079
argmax,default,fp32,N=3072,1,1,0.0196,0.0196,0.0181,0.0245,0.0196,0.0196,1.08,0.8,1,1,0.00,35.36,0.00,0.738776
argmax,default,fp32,N=4096,1,1,0.0253,0.0253,0.0227,0.031,0.0247,0.0247,1.12,0.82,1.03,1.02,0.00,36.56,0.00,0.732258
argmax,default,fp32,N=5120,1,1,0.0319,0.0319,0.0278,0.0381,0.0303,0.0304,1.15,0.84,1.05,1.05,0.00,37.05,0.33,0.729659
argmax,default,fp32,N=6144,1,1,0.0373,0.0373,0.0324,0.0444,0.0354,0.0355,1.15,0.84,1.05,1.05,0.00,37.04,0.28,0.72973
argmax,default,fp32,N=7168,1,1,0.0436,0.0436,0.0376,0.0511,0.041,0.0411,1.16,0.85,1.06,1.06,0.00,35.90,0.24,0.735812
argmax,default,fp32,N=8192,1,1,0.0307,0.0307,0.0423,0.0574,0.0461,0.0462,0.73,0.53,0.66,0.66,0.00,35.70,0.22,0.736934
argmax,default,fp32,N=9216,1,1,0.0337,0.0337,0.0473,0.064,0.0517,0.0518,0.71,0.53,0.65,0.65,0.00,35.31,0.19,0.739063
argmax,autotune,fp16,N=1024,1,1,0.0086,0.0086,0.0032,0.0067,0.004,0.004,2.68,1.29,2.17,2.17,0.00,109.38,0.00,0.477612
argmax,autotune,fp16,N=10240,1,1,0.0328,0.0328,0.0157,0.0191,0.0262,0.0262,2.09,1.71,1.25,1.25,0.00,21.66,0.00,0.82199
argmax,autotune,fp16,N=11264,1,1,0.035,0.035,0.0185,0.022,0.0309,0.0309,1.89,1.59,1.13,1.13,0.00,18.92,0.00,0.840909
argmax,autotune,fp16,N=12288,1,1,0.0364,0.0364,0.0186,0.022,0.0312,0.0312,1.95,1.65,1.17,1.16,0.00,18.28,0.00,0.845455
argmax,autotune,fp16,N=13312,1,1,0.0385,0.0386,0.0214,0.0249,0.0362,0.0362,1.8,1.55,1.06,1.06,0.26,16.36,0.00,0.859438
argmax,autotune,fp16,N=14336,1,1,0.0399,0.0399,0.0216,0.0251,0.0364,0.0364,1.85,1.59,1.1,1.09,0.00,16.20,0.00,0.860558
argmax,autotune,fp16,N=15360,1,1,0.042,0.042,0.0242,0.028,0.0412,0.0412,1.74,1.5,1.02,1.02,0.00,15.70,0.00,0.864286
argmax,autotune,fp16,N=16384,1,1,0.0433,0.0434,0.0242,0.028,0.0411,0.0411,1.79,1.55,1.05,1.06,0.23,15.70,0.00,0.864286
argmax,autotune,fp16,N=17408,1,1,0.0455,0.0455,0.0271,0.0309,0.0461,0.0461,1.68,1.47,0.99,0.99,0.00,14.02,0.00,0.877023
argmax,autotune,fp16,N=18432,1,1,0.0469,0.0468,0.0271,0.0307,0.0463,0.0463,1.73,1.53,1.01,1.01,-0.21,13.28,0.00,0.882736
argmax,autotune,fp16,N=19456,1,1,0.0489,0.0489,0.0297,0.0336,0.051,0.051,1.65,1.46,0.96,0.96,0.00,13.13,0.00,0.883929
argmax,autotune,fp16,N=2048,1,1,0.014,0.014,0.0049,0.0071,0.0066,0.0066,2.87,1.96,2.11,2.12,0.00,44.90,0.00,0.690141
argmax,autotune,fp16,N=20480,1,1,0.0502,0.0503,0.0298,0.0336,0.051,0.051,1.69,1.49,0.99,0.99,0.20,12.75,0.00,0.886905
argmax,autotune,fp16,N=3072,1,1,0.0191,0.0191,0.0068,0.0098,0.0098,0.0099,2.82,1.95,1.96,1.93,0.00,44.12,1.02,0.693878
argmax,autotune,fp16,N=4096,1,1,0.0227,0.0227,0.0069,0.0099,0.0109,0.0109,3.27,2.28,2.08,2.08,0.00,43.48,0.00,0.69697
argmax,autotune,fp16,N=5120,1,1,0.0299,0.0299,0.0094,0.0126,0.0153,0.0146,3.16,2.38,1.95,2.04,0.00,34.04,-4.58,0.746032
argmax,autotune,fp16,N=6144,1,1,0.0344,0.0344,0.0098,0.0129,0.0154,0.0154,3.52,2.66,2.23,2.23,0.00,31.63,0.00,0.75969
argmax,autotune,fp16,N=7168,1,1,0.0403,0.0402,0.0126,0.0159,0.0204,0.0204,3.18,2.53,1.97,1.97,-0.25,26.19,0.00,0.792453
argmax,autotune,fp16,N=8192,1,1,0.0293,0.0293,0.0129,0.0161,0.0209,0.021,2.26,1.82,1.4,1.4,0.00,24.81,0.48,0.801242
argmax,autotune,fp16,N=9216,1,1,0.0315,0.0315,0.0156,0.019,0.0258,0.0258,2.01,1.66,1.22,1.22,0.00,21.79,0.00,0.821053
argmax,autotune,fp32,N=1024,1,1,0.0087,0.0087,0.0037,0.007,0.0039,0.0039,2.37,1.26,2.23,2.24,0.00,89.19,0.00,0.528571
argmax,autotune,fp32,N=10240,1,1,0.0351,0.0351,0.022,0.0248,0.0224,0.0224,1.6,1.41,1.56,1.56,0.00,12.73,0.00,0.887097
argmax,autotune,fp32,N=11264,1,1,0.0383,0.0382,0.0241,0.0285,0.0257,0.0257,1.59,1.34,1.49,1.48,-0.26,18.26,0.00,0.845614
argmax,autotune,fp32,N=12288,1,1,0.0396,0.0396,0.0259,0.0291,0.0265,0.0265,1.53,1.36,1.49,1.49,0.00,12.36,0.00,0.890034
argmax,autotune,fp32,N=13312,1,1,0.0424,0.0424,0.0278,0.0326,0.0296,0.0297,1.53,1.3,1.43,1.43,0.00,17.27,0.34,0.852761
argmax,autotune,fp32,N=14336,1,1,0.0436,0.0436,0.0296,0.0331,0.0305,0.0304,1.47,1.32,1.43,1.43,0.00,11.82,-0.33,0.89426
argmax,autotune,fp32,N=15360,1,1,0.0468,0.0469,0.0323,0.0377,0.0345,0.0345,1.45,1.24,1.36,1.36,0.21,16.72,0.00,0.856764
argmax,autotune,fp32,N=16384,1,1,0.048,0.048,0.0362,0.0401,0.0365,0.0365,1.32,1.2,1.31,1.31,0.00,10.77,0.00,0.902743
argmax,autotune,fp32,N=17408,1,1,0.0504,0.0503,0.0354,0.0413,0.0375,0.0376,1.42,1.22,1.34,1.34,-0.20,16.67,0.27,0.857143
argmax,autotune,fp32,N=18432,1,1,0.0511,0.0511,0.0368,0.0412,0.0377,0.0377,1.39,1.24,1.35,1.35,0.00,11.96,0.00,0.893204
argmax,autotune,fp32,N=19456,1,1,0.0534,0.0535,0.0384,0.0444,0.0407,0.0408,1.39,1.2,1.31,1.31,0.19,15.63,0.25,0.864865
argmax,autotune,fp32,N=2048,1,1,0.013,0.013,0.0055,0.0076,0.005,0.005,2.38,1.71,2.62,2.62,0.00,38.18,0.00,0.723684
argmax,autotune,fp32,N=20480,1,1,0.0544,0.0545,0.0401,0.0452,0.0414,0.0414,1.36,1.21,1.31,1.31,0.18,12.72,0.00,0.887168
argmax,autotune,fp32,N=3072,1,1,0.0197,0.0196,0.0077,0.0113,0.0086,0.0089,2.56,1.73,2.3,2.2,-0.51,46.75,3.49,0.681416
argmax,autotune,fp32,N=4096,1,1,0.0252,0.0253,0.0099,0.0122,0.0096,0.0096,2.55,2.08,2.62,2.63,0.40,23.23,0.00,0.811475
argmax,autotune,fp32,N=5120,1,1,0.0318,0.0319,0.0121,0.0164,0.0139,0.0133,2.63,1.94,2.29,2.4,0.31,35.54,-4.32,0.737805
argmax,autotune,fp32,N=6144,1,1,0.0373,0.0373,0.0143,0.0165,0.0143,0.0143,2.61,2.26,2.6,2.6,0.00,15.38,0.00,0.866667
argmax,autotune,fp32,N=7168,1,1,0.0436,0.0436,0.0162,0.02,0.0175,0.0175,2.69,2.18,2.49,2.49,0.00,23.46,0.00,0.81
argmax,autotune,fp32,N=8192,1,1,0.0307,0.0306,0.0181,0.0206,0.0183,0.0184,1.69,1.49,1.67,1.67,-0.33,13.81,0.55,0.878641
argmax,autotune,fp32,N=9216,1,1,0.0337,0.0337,0.0201,0.0242,0.0215,0.0216,1.67,1.39,1.57,1.56,0.00,20.40,0.47,0.830579
batch_normalization,default,bf16,N=1000,1,1,0.1165,0.1162,0.0118,0.0239,0.0129,0.0129,9.9,4.87,9.01,8.98,-0.26,102.54,0.00,0.493724
batch_normalization,default,bf16,N=10000,1,1,0.1891,0.1894,0.0676,0.1646,0.0779,0.0781,2.8,1.15,2.43,2.42,0.16,143.49,0.26,0.410693
batch_normalization,default,bf16,N=11000,1,1,0.2062,0.2079,0.0736,0.1799,0.0851,0.0855,2.8,1.16,2.42,2.43,0.82,144.43,0.47,0.409116
batch_normalization,default,bf16,N=12000,1,1,0.2219,0.224,0.0795,0.1954,0.0928,0.093,2.79,1.15,2.39,2.41,0.95,145.79,0.22,0.406858
batch_normalization,default,bf16,N=13000,1,1,0.2465,0.2438,0.0859,0.211,0.0996,0.0999,2.87,1.16,2.47,2.44,-1.10,145.63,0.30,0.407109
batch_normalization,default,bf16,N=14000,1,1,0.2635,0.2636,0.0923,0.2271,0.1072,0.1073,2.86,1.16,2.46,2.46,0.04,146.05,0.09,0.406429
batch_normalization,default,bf16,N=15000,1,1,0.2853,0.2924,0.0986,0.2427,0.1144,0.1146,2.89,1.2,2.49,2.55,2.49,146.15,0.17,0.406263
batch_normalization,default,bf16,N=16000,1,1,0.3189,0.3179,0.1045,0.2585,0.1216,0.122,3.05,1.23,2.62,2.61,-0.31,147.37,0.33,0.404255
batch_normalization,default,bf16,N=17000,1,1,0.3902,0.3854,0.1107,0.2742,0.1285,0.1288,3.53,1.41,3.04,2.99,-1.23,147.70,0.23,0.40372
batch_normalization,default,bf16,N=18000,1,1,0.4079,0.4091,0.1169,0.2908,0.1361,0.1364,3.49,1.41,3,3,0.29,148.76,0.22,0.401994
batch_normalization,default,bf16,N=19000,1,1,0.4009,0.4067,0.1231,0.3069,0.143,0.1434,3.26,1.33,2.8,2.84,1.45,149.31,0.28,0.401108
batch_normalization,default,bf16,N=2000,1,1,0.0681,0.0683,0.0179,0.0392,0.02,0.02,3.81,1.74,3.41,3.41,0.29,118.99,0.00,0.456633
batch_normalization,default,bf16,N=20000,1,1,0.4391,0.4296,0.1291,0.3232,0.1501,0.1505,3.4,1.33,2.93,2.86,-2.16,150.35,0.27,0.399443
batch_normalization,default,bf16,N=3000,1,1,0.0914,0.0912,0.0249,0.0565,0.0276,0.0277,3.67,1.62,3.31,3.3,-0.22,126.91,0.36,0.440708
batch_normalization,default,bf16,N=4000,1,1,0.1052,0.1053,0.0303,0.0709,0.0349,0.035,3.47,1.49,3.01,3.01,0.10,133.99,0.29,0.427362
batch_normalization,default,bf16,N=5000,1,1,0.1368,0.1371,0.037,0.0872,0.0424,0.0425,3.7,1.57,3.23,3.23,0.22,135.68,0.24,0.424312
batch_normalization,default,bf16,N=6000,1,1,0.1381,0.139,0.0428,0.1023,0.0496,0.0498,3.23,1.36,2.78,2.79,0.65,139.02,0.40,0.418377
batch_normalization,default,bf16,N=7000,1,1,0.143,0.1448,0.0489,0.1177,0.0564,0.0566,2.92,1.23,2.54,2.56,1.26,140.70,0.35,0.415463
batch_normalization,default,bf16,N=8000,1,1,0.1695,0.1682,0.0551,0.1335,0.0641,0.0643,3.07,1.26,2.64,2.62,-0.77,142.29,0.31,0.412734
batch_normalization,default,bf16,N=9000,1,1,0.188,0.1912,0.0618,0.1493,0.0713,0.0714,3.04,1.28,2.64,2.68,1.70,141.59,0.14,0.413932
batch_normalization,default,fp16,N=1000,1,1,0.1145,0.1142,0.0118,0.0238,0.013,0.013,9.67,4.8,8.8,8.78,-0.26,101.69,0.00,0.495798
batch_normalization,default,fp16,N=10000,1,1,0.1885,0.189,0.0679,0.1648,0.078,0.0783,2.78,1.15,2.42,2.41,0.27,142.71,0.38,0.412015
batch_normalization,default,fp16,N=11000,1,1,0.2037,0.205,0.0736,0.1801,0.0856,0.0858,2.77,1.14,2.38,2.39,0.64,144.70,0.23,0.408662
batch_normalization,default,fp16,N=12000,1,1,0.2266,0.2222,0.0801,0.1959,0.0925,0.0926,2.83,1.13,2.45,2.4,-1.94,144.57,0.11,0.408882
batch_normalization,default,fp16,N=13000,1,1,0.2367,0.2378,0.0862,0.2115,0.0999,0.1002,2.75,1.12,2.37,2.37,0.46,145.36,0.30,0.407565
batch_normalization,default,fp16,N=14000,1,1,0.2746,0.2689,0.092,0.2266,0.1073,0.1076,2.99,1.19,2.56,2.5,-2.08,146.30,0.28,0.406002
batch_normalization,default,fp16,N=15000,1,1,0.2903,0.2831,0.0983,0.2427,0.1146,0.1151,2.95,1.17,2.53,2.46,-2.48,146.90,0.44,0.405027
batch_normalization,default,fp16,N=16000,1,1,0.319,0.3339,0.1042,0.2583,0.1219,0.1222,3.06,1.29,2.62,2.73,4.67,147.89,0.25,0.403407
batch_normalization,default,fp16,N=17000,1,1,0.3869,0.392,0.1107,0.2747,0.129,0.1293,3.49,1.43,3,3.03,1.32,148.15,0.23,0.402985
batch_normalization,default,fp16,N=18000,1,1,0.4159,0.4138,0.1169,0.2907,0.1363,0.1366,3.56,1.42,3.05,3.03,-0.50,148.67,0.22,0.402133
batch_normalization,default,fp16,N=19000,1,1,0.3981,0.4058,0.1226,0.3067,0.1435,0.1439,3.25,1.32,2.77,2.82,1.93,150.16,0.28,0.399739
batch_normalization,default,fp16,N=2000,1,1,0.0717,0.0718,0.0178,0.0391,0.0202,0.0203,4.02,1.84,3.54,3.53,0.14,119.66,0.50,0.455243
batch_normalization,default,fp16,N=20000,1,1,0.4451,0.4295,0.1292,0.323,0.1506,0.1511,3.45,1.33,2.96,2.84,-3.50,150.00,0.33,0.4
batch_normalization,default,fp16,N=3000,1,1,0.0876,0.0878,0.0243,0.056,0.0281,0.0282,3.6,1.57,3.12,3.12,0.23,130.45,0.36,0.433929
batch_normalization,default,fp16,N=4000,1,1,0.1072,0.1074,0.0303,0.071,0.0347,0.0348,3.54,1.51,3.09,3.09,0.19,134.32,0.29,0.426761
batch_normalization,default,fp16,N=5000,1,1,0.1326,0.1331,0.037,0.0871,0.0424,0.0425,3.59,1.53,3.13,3.13,0.38,135.41,0.24,0.424799
batch_normalization,default,fp16,N=6000,1,1,0.1394,0.1396,0.0432,0.1026,0.0493,0.0494,3.23,1.36,2.83,2.83,0.14,137.50,0.20,0.421053
batch_normalization,default,fp16,N=7000,1,1,0.1409,0.1439,0.0491,0.1181,0.0563,0.0566,2.87,1.22,2.5,2.54,2.13,140.53,0.53,0.415749
batch_normalization,default,fp16,N=8000,1,1,0.1712,0.1707,0.0556,0.1338,0.0643,0.0644,3.08,1.28,2.66,2.65,-0.29,140.65,0.16,0.415546
batch_normalization,default,fp16,N=9000,1,1,0.1848,0.1857,0.0612,0.1489,0.0714,0.0716,3.02,1.25,2.59,2.59,0.49,143.30,0.28,0.411014
batch_normalization,default,fp32,N=1000,1,1,0.084,0.0842,0.0119,0.024,0.0126,0.0126,7.06,3.5,6.65,6.66,0.24,101.68,0.00,0.495833
batch_normalization,default,fp32,N=10000,1,1,0.1343,0.1359,0.0677,0.1675,0.0775,0.0777,1.98,0.81,1.73,1.75,1.19,147.42,0.26,0.404179
batch_normalization,default,fp32,N=11000,1,1,0.1499,0.1499,0.0734,0.1833,0.0845,0.0847,2.04,0.82,1.77,1.77,0.00,149.73,0.24,0.400436
batch_normalization,default,fp32,N=12000,1,1,0.1559,0.1585,0.0797,0.2,0.092,0.0922,1.96,0.79,1.69,1.72,1.67,150.94,0.22,0.3985
batch_normalization,default,fp32,N=13000,1,1,0.1415,0.1522,0.0856,0.2164,0.0991,0.0994,1.65,0.7,1.43,1.53,7.56,152.80,0.30,0.395564
batch_normalization,default,fp32,N=14000,1,1,0.1452,0.1426,0.0921,0.2333,0.1062,0.1064,1.58,0.61,1.37,1.34,-1.79,153.31,0.19,0.394771
batch_normalization,default,fp32,N=15000,1,1,0.1559,0.1599,0.0984,0.2503,0.1129,0.1132,1.58,0.64,1.38,1.41,2.57,154.37,0.27,0.393128
batch_normalization,default,fp32,N=16000,1,1,0.1905,0.1689,0.1042,0.2668,0.1203,0.1206,1.83,0.63,1.58,1.4,-11.34,156.05,0.25,0.390555
batch_normalization,default,fp32,N=17000,1,1,0.2201,0.2276,0.1108,0.2841,0.1273,0.1277,1.99,0.8,1.73,1.78,3.41,156.41,0.31,0.390004
batch_normalization,default,fp32,N=18000,1,1,0.2355,0.2321,0.1171,0.3006,0.1344,0.1348,2.01,0.77,1.75,1.72,-1.44,156.70,0.30,0.389554
batch_normalization,default,fp32,N=19000,1,1,0.2215,0.2394,0.1226,0.3168,0.1415,0.1419,1.81,0.76,1.57,1.69,8.08,158.40,0.28,0.386995
batch_normalization,default,fp32,N=2000,1,1,0.0407,0.0407,0.0182,0.0403,0.02,0.0201,2.24,1.01,2.03,2.03,0.00,121.43,0.50,0.451613
batch_normalization,default,fp32,N=20000,1,1,0.2295,0.2333,0.1289,0.3336,0.1489,0.1493,1.78,0.7,1.54,1.56,1.66,158.81,0.27,0.386391
batch_normalization,default,fp32,N=3000,1,1,0.0497,0.0496,0.025,0.0569,0.0277,0.0278,1.99,0.87,1.79,1.79,-0.20,127.60,0.36,0.439367
batch_normalization,default,fp32,N=4000,1,1,0.0556,0.0559,0.0307,0.072,0.0349,0.035,1.81,0.78,1.6,1.6,0.54,134.53,0.29,0.426389
batch_normalization,default,fp32,N=5000,1,1,0.0854,0.0855,0.037,0.0879,0.0422,0.0423,2.31,0.97,2.02,2.02,0.12,137.57,0.24,0.420933
batch_normalization,default,fp32,N=6000,1,1,0.0828,0.0839,0.0429,0.1034,0.0493,0.0497,1.93,0.81,1.68,1.69,1.33,141.03,0.81,0.414894
batch_normalization,default,fp32,N=7000,1,1,0.081,0.0838,0.049,0.119,0.0563,0.0566,1.65,0.7,1.44,1.48,3.46,142.86,0.53,0.411765
batch_normalization,default,fp32,N=8000,1,1,0.102,0.102,0.0554,0.1352,0.0633,0.0635,1.84,0.75,1.61,1.61,0.00,144.04,0.32,0.409763
batch_normalization,default,fp32,N=9000,1,1,0.1349,0.1353,0.0616,0.1512,0.0704,0.0706,2.19,0.9,1.91,1.92,0.30,145.45,0.28,0.407407
batch_normalization,autotune,bf16,N=1000,1,1,0.1159,0.1163,0.0107,0.0137,0.012,0.0118,10.84,8.48,9.67,9.85,0.35,28.04,-1.67,0.781022
batch_normalization,autotune,bf16,N=10000,1,1,0.1893,0.19,0.0552,0.0695,0.0678,0.0683,3.43,2.73,2.79,2.78,0.37,25.91,0.74,0.794245
batch_normalization,autotune,bf16,N=11000,1,1,0.2089,0.2099,0.0596,0.0752,0.0743,0.0742,3.51,2.79,2.81,2.83,0.48,26.17,-0.13,0.792553
batch_normalization,autotune,bf16,N=12000,1,1,0.2244,0.2272,0.0645,0.0808,0.0804,0.0806,3.48,2.81,2.79,2.82,1.25,25.27,0.25,0.798267
batch_normalization,autotune,bf16,N=13000,1,1,0.2413,0.2443,0.0699,0.0867,0.0865,0.0868,3.45,2.82,2.79,2.82,1.24,24.03,0.35,0.806228
batch_normalization,autotune,bf16,N=14000,1,1,0.2641,0.2624,0.0744,0.0926,0.0926,0.0928,3.55,2.83,2.85,2.83,-0.64,24.46,0.22,0.803456
batch_normalization,autotune,bf16,N=15000,1,1,0.2952,0.2906,0.0797,0.0994,0.0988,0.099,3.71,2.92,2.99,2.93,-1.56,24.72,0.20,0.801811
batch_normalization,autotune,bf16,N=16000,1,1,0.33,0.3264,0.0842,0.1047,0.1049,0.1047,3.92,3.12,3.15,3.12,-1.09,24.35,-0.19,0.804202
batch_normalization,autotune,bf16,N=17000,1,1,0.3824,0.3977,0.0893,0.1109,0.1106,0.1109,4.28,3.59,3.46,3.59,4.00,24.19,0.27,0.80523
batch_normalization,autotune,bf16,N=18000,1,1,0.4294,0.4052,0.0944,0.1167,0.1167,0.1174,4.55,3.47,3.68,3.45,-5.64,23.62,0.60,0.808912
batch_normalization,autotune,bf16,N=19000,1,1,0.4158,0.4079,0.0988,0.1226,0.123,0.1236,4.21,3.33,3.38,3.3,-1.90,24.09,0.49,0.805873
batch_normalization,autotune,bf16,N=2000,1,1,0.0699,0.0691,0.0154,0.0205,0.0186,0.0182,4.54,3.36,3.76,3.8,-1.14,33.12,-2.15,0.75122
batch_normalization,autotune,bf16,N=20000,1,1,0.4257,0.4306,0.104,0.1285,0.1289,0.1296,4.09,3.35,3.3,3.32,1.15,23.56,0.54,0.809339
batch_normalization,autotune,bf16,N=3000,1,1,0.0864,0.087,0.0211,0.0273,0.0251,0.0249,4.09,3.19,3.44,3.5,0.69,29.38,-0.80,0.772894
batch_normalization,autotune,bf16,N=4000,1,1,0.1033,0.1026,0.0258,0.0332,0.031,0.0308,4.01,3.09,3.33,3.34,-0.68,28.68,-0.65,0.777108
batch_normalization,autotune,bf16,N=5000,1,1,0.1363,0.1367,0.031,0.0399,0.0374,0.0373,4.4,3.43,3.64,3.66,0.29,28.71,-0.27,0.776942
batch_normalization,autotune,bf16,N=6000,1,1,0.1383,0.1379,0.0356,0.0455,0.0432,0.0437,3.89,3.03,3.2,3.16,-0.29,27.81,1.16,0.782418
batch_normalization,autotune,bf16,N=7000,1,1,0.1452,0.1459,0.0402,0.0509,0.0495,0.0494,3.61,2.87,2.93,2.95,0.48,26.62,-0.20,0.789784
batch_normalization,autotune,bf16,N=8000,1,1,0.1681,0.1691,0.0455,0.0578,0.0559,0.0558,3.7,2.93,3.01,3.03,0.59,27.03,-0.18,0.787197
batch_normalization,autotune,bf16,N=9000,1,1,0.1984,0.192,0.0504,0.0631,0.0622,0.0622,3.93,3.04,3.19,3.09,-3.23,25.20,0.00,0.798732
batch_normalization,autotune,fp16,N=1000,1,1,0.1145,0.1144,0.0107,0.0138,0.0116,0.0124,10.7,8.3,9.85,9.22,-0.09,28.97,6.90,0.775362
batch_normalization,autotune,fp16,N=10000,1,1,0.1869,0.1909,0.0547,0.0691,0.0681,0.0683,3.42,2.76,2.74,2.8,2.14,26.33,0.29,0.791606
batch_normalization,autotune,fp16,N=11000,1,1,0.2039,0.2009,0.0601,0.0752,0.0743,0.0747,3.4,2.67,2.75,2.69,-1.47,25.12,0.54,0.799202
batch_normalization,autotune,fp16,N=12000,1,1,0.2272,0.2217,0.0652,0.0808,0.0809,0.0811,3.48,2.74,2.81,2.73,-2.42,23.93,0.25,0.806931
batch_normalization,autotune,fp16,N=13000,1,1,0.2382,0.2365,0.0698,0.0866,0.0869,0.0868,3.41,2.73,2.74,2.72,-0.71,24.07,-0.12,0.806005
batch_normalization,autotune,fp16,N=14000,1,1,0.266,0.2595,0.0746,0.0928,0.0932,0.0935,3.57,2.8,2.85,2.78,-2.44,24.40,0.32,0.803879
batch_normalization,autotune,fp16,N=15000,1,1,0.2897,0.2957,0.0799,0.099,0.0995,0.0997,3.62,2.99,2.91,2.97,2.07,23.90,0.20,0.807071
batch_normalization,autotune,fp16,N=16000,1,1,0.3092,0.3224,0.0843,0.1047,0.1056,0.1059,3.67,3.08,2.93,3.04,4.27,24.20,0.28,0.805158
batch_normalization,autotune,fp16,N=17000,1,1,0.377,0.3821,0.089,0.1113,0.1116,0.1115,4.23,3.43,3.38,3.43,1.35,25.06,-0.09,0.799641
batch_normalization,autotune,fp16,N=18000,1,1,0.4202,0.4151,0.094,0.1167,0.1179,0.1181,4.47,3.56,3.56,3.51,-1.21,24.15,0.17,0.805484
batch_normalization,autotune,fp16,N=19000,1,1,0.3985,0.418,0.0987,0.1227,0.122,0.124,4.04,3.41,3.27,3.37,4.89,24.32,1.64,0.804401
batch_normalization,autotune,fp16,N=2000,1,1,0.0725,0.071,0.0154,0.0204,0.0182,0.0183,4.71,3.48,3.98,3.89,-2.07,32.47,0.55,0.754902
batch_normalization,autotune,fp16,N=20000,1,1,0.4279,0.436,0.1035,0.1286,0.1297,0.1304,4.14,3.39,3.3,3.34,1.89,24.25,0.54,0.804821
batch_normalization,autotune,fp16,N=3000,1,1,0.0828,0.0831,0.021,0.0273,0.0246,0.0247,3.95,3.04,3.36,3.37,0.36,30.00,0.41,0.769231
batch_normalization,autotune,fp16,N=4000,1,1,0.1047,0.104,0.0256,0.0329,0.0312,0.0313,4.09,3.17,3.35,3.32,-0.67,28.52,0.32,0.778116
batch_normalization,autotune,fp16,N=5000,1,1,0.1338,0.1342,0.0305,0.0394,0.0376,0.0378,4.39,3.41,3.56,3.55,0.30,29.18,0.53,0.774112
batch_normalization,autotune,fp16,N=6000,1,1,0.1398,0.1396,0.0357,0.0454,0.0436,0.0439,3.92,3.08,3.21,3.18,-0.14,27.17,0.69,0.786344
batch_normalization,autotune,fp16,N=7000,1,1,0.1542,0.1541,0.0402,0.0512,0.0498,0.0501,3.84,3.01,3.09,3.08,-0.06,27.36,0.60,0.785156
batch_normalization,autotune,fp16,N=8000,1,1,0.1708,0.1714,0.0455,0.0577,0.0564,0.0562,3.75,2.97,3.03,3.05,0.35,26.81,-0.35,0.788562
batch_normalization,autotune,fp16,N=9000,1,1,0.1905,0.1884,0.0504,0.0631,0.0621,0.0623,3.78,2.99,3.07,3.03,-1.10,25.20,0.32,0.798732
batch_normalization,autotune,fp32,N=1000,1,1,0.0839,0.084,0.0119,0.0138,0.0117,0.0119,7.06,6.09,7.19,7.08,0.12,15.97,1.71,0.862319
batch_normalization,autotune,fp32,N=10000,1,1,0.1397,0.132,0.0575,0.0721,0.069,0.0693,2.43,1.83,2.02,1.9,-5.51,25.39,0.43,0.797503
batch_normalization,autotune,fp32,N=11000,1,1,0.1522,0.1524,0.0613,0.0778,0.0754,0.0755,2.48,1.96,2.02,2.02,0.13,26.92,0.13,0.787918
batch_normalization,autotune,fp32,N=12000,1,1,0.1535,0.1524,0.067,0.0845,0.0811,0.0816,2.29,1.8,1.89,1.87,-0.72,26.12,0.62,0.792899
batch_normalization,autotune,fp32,N=13000,1,1,0.1518,0.1622,0.0709,0.0909,0.0874,0.0879,2.14,1.78,1.74,1.85,6.85,28.21,0.57,0.779978
batch_normalization,autotune,fp32,N=14000,1,1,0.1434,0.1456,0.0766,0.0972,0.094,0.0941,1.87,1.5,1.53,1.55,1.53,26.89,0.11,0.788066
batch_normalization,autotune,fp32,N=15000,1,1,0.1497,0.1515,0.0819,0.1037,0.1002,0.1004,1.83,1.46,1.49,1.51,1.20,26.62,0.20,0.789778
batch_normalization,autotune,fp32,N=16000,1,1,0.1715,0.1904,0.0871,0.1094,0.1063,0.1065,1.97,1.74,1.61,1.79,11.02,25.60,0.19,0.796161
batch_normalization,autotune,fp32,N=17000,1,1,0.2224,0.2259,0.0918,0.1163,0.1122,0.1125,2.42,1.94,1.98,2.01,1.57,26.69,0.27,0.789338
batch_normalization,autotune,fp32,N=18000,1,1,0.2376,0.2487,0.0969,0.1229,0.1189,0.1189,2.45,2.02,2,2.09,4.67,26.83,0.00,0.788446
batch_normalization,autotune,fp32,N=19000,1,1,0.2409,0.234,0.1029,0.1293,0.1205,0.1253,2.34,1.81,2,1.87,-2.86,25.66,3.98,0.795824
batch_normalization,autotune,fp32,N=2000,1,1,0.0416,0.0409,0.0168,0.0216,0.0196,0.0185,2.48,1.9,2.13,2.21,-1.68,28.57,-5.61,0.777778
batch_normalization,autotune,fp32,N=20000,1,1,0.2217,0.2444,0.1078,0.1354,0.131,0.1314,2.06,1.8,1.69,1.86,10.24,25.60,0.31,0.79616
batch_normalization,autotune,fp32,N=3000,1,1,0.05,0.0496,0.0223,0.0284,0.025,0.0255,2.25,1.74,2,1.95,-0.80,27.35,2.00,0.785211
batch_normalization,autotune,fp32,N=4000,1,1,0.0605,0.0602,0.0266,0.0346,0.0316,0.0321,2.27,1.74,1.91,1.87,-0.50,30.08,1.58,0.768786
batch_normalization,autotune,fp32,N=5000,1,1,0.0857,0.0855,0.032,0.0412,0.0385,0.0385,2.67,2.08,2.23,2.22,-0.23,28.75,0.00,0.776699
batch_normalization,autotune,fp32,N=6000,1,1,0.0835,0.0843,0.0373,0.0476,0.0446,0.0444,2.24,1.77,1.87,1.9,0.96,27.61,-0.45,0.783613
batch_normalization,autotune,fp32,N=7000,1,1,0.0933,0.0932,0.0422,0.0528,0.0507,0.0508,2.21,1.76,1.84,1.84,-0.11,25.12,0.20,0.799242
batch_normalization,autotune,fp32,N=8000,1,1,0.0914,0.0902,0.0474,0.0598,0.057,0.057,1.93,1.51,1.6,1.58,-1.31,26.16,0.00,0.792642
batch_normalization,autotune,fp32,N=9000,1,1,0.1352,0.1456,0.0527,0.0654,0.0629,0.063,2.56,2.22,2.15,2.31,7.69,24.10,0.16,0.80581
batched_matmul,default,bf16,M=128,1,1,0.0175,0.0175,0.0051,0.0083,0.0035,0.0035,3.4,2.09,5.04,5.02,0.00,62.75,0.00,0.614458
batched_matmul,default,bf16,M=160,1,1,0.0225,0.0226,0.0067,0.0098,0.0047,0.0047,3.34,2.31,4.8,4.82,0.44,46.27,0.00,0.683673
batched_matmul,default,bf16,M=192,1,1,0.025,0.025,0.0072,0.0106,0.0048,0.0049,3.48,2.36,5.17,5.15,0.00,47.22,2.08,0.679245
batched_matmul,default,bf16,M=224,1,1,0.0391,0.0392,0.0097,0.0131,0.0075,0.0075,4.02,3,5.23,5.24,0.26,35.05,0.00,0.740458
batched_matmul,default,bf16,M=256,1,1,0.0439,0.044,0.0107,0.014,0.0079,0.0077,4.12,3.14,5.56,5.72,0.23,30.84,-2.53,0.764286
batched_matmul,default,bf16,M=288,1,1,0.0619,0.062,0.0132,0.0181,0.0113,0.0114,4.68,3.43,5.46,5.45,0.16,37.12,0.88,0.729282
batched_matmul,default,bf16,M=32,1,1,0.0099,0.0105,0.0026,0.0061,0.0026,0.0027,3.75,1.72,3.89,3.92,6.06,134.62,3.85,0.42623
batched_matmul,default,bf16,M=320,1,1,0.0765,0.0766,0.0145,0.0185,0.0123,0.0123,5.29,4.14,6.23,6.22,0.13,27.59,0.00,0.783784
batched_matmul,default,bf16,M=352,1,1,0.1021,0.1021,0.0208,0.0286,0.0165,0.0166,4.9,3.57,6.17,6.13,0.00,37.50,0.61,0.727273
batched_matmul,default,bf16,M=384,1,1,0.1014,0.1017,0.0228,0.0308,0.0189,0.019,4.45,3.3,5.38,5.36,0.30,35.09,0.53,0.74026
batched_matmul,default,bf16,M=416,1,1,0.142,0.1422,0.0276,0.0355,0.026,0.0257,5.14,4,5.46,5.52,0.14,28.62,-1.15,0.777465
batched_matmul,default,bf16,M=448,1,1,0.1624,0.1625,0.0292,0.0371,0.027,0.0273,5.56,4.38,6.01,5.96,0.06,27.05,1.11,0.787062
batched_matmul,default,bf16,M=480,1,1,0.2108,0.2112,0.0352,0.0443,0.0339,0.034,6,4.77,6.22,6.21,0.19,25.85,0.29,0.794582
batched_matmul,default,bf16,M=512,1,1,0.2279,0.2281,0.0365,0.0457,0.0354,0.0355,6.24,4.99,6.43,6.43,0.09,25.21,0.28,0.798687
batched_matmul,default,bf16,M=544,1,1,0.282,0.2825,0.0473,0.0608,0.0449,0.0448,5.97,4.64,6.28,6.3,0.18,28.54,-0.22,0.777961
batched_matmul,default,bf16,M=576,1,1,0.3069,0.307,0.0491,0.0633,0.0471,0.0471,6.25,4.85,6.52,6.52,0.03,28.92,0.00,0.775671
batched_matmul,default,bf16,M=608,1,1,0.3741,0.3744,0.0588,0.0738,0.0575,0.0581,6.36,5.07,6.51,6.44,0.08,25.51,1.04,0.796748
batched_matmul,default,bf16,M=64,1,1,0.0128,0.0128,0.0032,0.0065,0.0029,0.003,4.04,1.97,4.44,4.32,0.00,103.12,3.45,0.492308
batched_matmul,default,bf16,M=640,1,1,0.3966,0.3971,0.0611,0.0753,0.0598,0.0602,6.49,5.28,6.63,6.6,0.13,23.24,0.67,0.811421
batched_matmul,default,bf16,M=96,1,1,0.0169,0.017,0.0044,0.0076,0.0035,0.0035,3.84,2.23,4.85,4.88,0.59,72.73,0.00,0.578947
batched_matmul,default,fp16,M=128,1,1,0.018,0.0179,0.0046,0.0075,0.0035,0.0034,3.95,2.37,5.2,5.19,-0.56,63.04,-2.86,0.613333
batched_matmul,default,fp16,M=160,1,1,0.022,0.0221,0.0067,0.0099,0.0049,0.0049,3.29,2.22,4.5,4.49,0.45,47.76,0.00,0.676768
batched_matmul,default,fp16,M=192,1,1,0.0252,0.0252,0.0073,0.0106,0.0049,0.0049,3.45,2.38,5.17,5.16,0.00,45.21,0.00,0.688679
batched_matmul,default,fp16,M=224,1,1,0.0389,0.0389,0.0099,0.0134,0.0076,0.0075,3.95,2.91,5.12,5.19,0.00,35.35,-1.32,0.738806
batched_matmul,default,fp16,M=256,1,1,0.0439,0.044,0.0106,0.0138,0.0082,0.0081,4.12,3.19,5.37,5.41,0.23,30.19,-1.22,0.768116
batched_matmul,default,fp16,M=288,1,1,0.0621,0.0622,0.0141,0.0181,0.0116,0.0116,4.41,3.43,5.36,5.36,0.16,28.37,0.00,0.779006
batched_matmul,default,fp16,M=32,1,1,0.0105,0.0111,0.0026,0.0061,0.0025,0.0027,3.96,1.82,4.13,4.09,5.71,134.62,8.00,0.42623
batched_matmul,default,fp16,M=320,1,1,0.0761,0.0762,0.014,0.0186,0.012,0.012,5.42,4.1,6.35,6.34,0.13,32.86,0.00,0.752688
batched_matmul,default,fp16,M=352,1,1,0.1018,0.1019,0.0213,0.0294,0.0166,0.0167,4.78,3.47,6.12,6.1,0.10,38.03,0.60,0.72449
batched_matmul,default,fp16,M=384,1,1,0.1018,0.1017,0.0231,0.0306,0.0192,0.0189,4.41,3.32,5.31,5.38,-0.10,32.47,-1.56,0.754902
batched_matmul,default,fp16,M=416,1,1,0.1414,0.1415,0.0278,0.0357,0.0261,0.0259,5.09,3.97,5.43,5.46,0.07,28.42,-0.77,0.778711
batched_matmul,default,fp16,M=448,1,1,0.1625,0.1625,0.0294,0.037,0.0272,0.0272,5.53,4.39,5.98,5.97,0.00,25.85,0.00,0.794595
batched_matmul,default,fp16,M=480,1,1,0.2113,0.2113,0.0354,0.0443,0.0341,0.0342,5.97,4.77,6.19,6.18,0.00,25.14,0.29,0.799097
batched_matmul,default,fp16,M=512,1,1,0.227,0.227,0.0365,0.0459,0.0355,0.0354,6.22,4.95,6.39,6.42,0.00,25.75,-0.28,0.795207
batched_matmul,default,fp16,M=544,1,1,0.2811,0.2817,0.0462,0.0609,0.045,0.0449,6.09,4.62,6.24,6.27,0.21,31.82,-0.22,0.758621
batched_matmul,default,fp16,M=576,1,1,0.3063,0.3063,0.0493,0.0633,0.047,0.0471,6.21,4.84,6.52,6.5,0.00,28.40,0.21,0.778831
batched_matmul,default,fp16,M=608,1,1,0.3741,0.3746,0.0586,0.0738,0.0577,0.058,6.39,5.07,6.49,6.46,0.13,25.94,0.52,0.794038
batched_matmul,default,fp16,M=64,1,1,0.0124,0.0127,0.0032,0.0064,0.0029,0.0029,3.91,1.98,4.3,4.34,2.42,100.00,0.00,0.5
batched_matmul,default,fp16,M=640,1,1,0.3965,0.397,0.0608,0.0754,0.0598,0.0602,6.52,5.26,6.63,6.6,0.13,24.01,0.67,0.806366
batched_matmul,default,fp16,M=96,1,1,0.016,0.0159,0.0043,0.0075,0.0034,0.0034,3.75,2.11,4.67,4.62,-0.62,74.42,0.00,0.573333
batched_matmul,default,fp32,M=128,1,1,0.0066,0.0066,0.0073,0.0101,0.0852,0.085,0.91,0.66,0.08,0.08,0.00,38.36,-0.23,0.722772
batched_matmul,default,fp32,M=160,1,1,0.0112,0.0113,0.0108,0.0128,0.1316,0.1221,1.04,0.88,0.09,0.09,0.89,18.52,-7.22,0.84375
batched_matmul,default,fp32,M=192,1,1,0.0133,0.0133,0.0131,0.0143,0.1641,0.1544,1.01,0.93,0.08,0.09,0.00,9.16,-5.91,0.916084
batched_matmul,default,fp32,M=224,1,1,0.0229,0.023,0.0212,0.0212,0.2313,0.2312,1.08,1.08,0.1,0.1,0.44,0.00,-0.04,1
batched_matmul,default,fp32,M=256,1,1,0.0255,0.0256,0.0244,0.023,0.2629,0.2629,1.05,1.11,0.1,0.1,0.39,-5.74,0.00,1.06087
batched_matmul,default,fp32,M=288,1,1,0.0402,0.0402,0.0386,0.0374,0.4392,0.4393,1.04,1.08,0.09,0.09,0.00,-3.11,0.02,1.03209
batched_matmul,default,fp32,M=32,1,1,0.0032,0.0033,0.0033,0.0064,0.0117,0.0126,0.95,0.52,0.27,0.26,3.12,93.94,7.69,0.515625
batched_matmul,default,fp32,M=320,1,1,0.0521,0.052,0.0451,0.0406,0.4867,0.487,1.15,1.28,0.11,0.11,-0.19,-9.98,0.06,1.11084
batched_matmul,default,fp32,M=352,1,1,0.0722,0.0723,0.0639,0.0523,0.7153,0.7161,1.13,1.38,0.1,0.1,0.14,-18.15,0.11,1.2218
batched_matmul,default,fp32,M=384,1,1,0.0685,0.0683,0.0698,0.0557,0.7793,0.7805,0.98,1.23,0.09,0.09,-0.29,-20.20,0.15,1.25314
batched_matmul,default,fp32,M=416,1,1,0.1035,0.1034,0.0976,0.0791,1.2448,1.2457,1.06,1.31,0.08,0.08,-0.10,-18.95,0.07,1.23388
batched_matmul,default,fp32,M=448,1,1,0.1177,0.1177,0.1109,0.0845,1.3392,1.3401,1.06,1.39,0.09,0.09,0.00,-23.81,0.07,1.31243
batched_matmul,default,fp32,M=480,1,1,0.1612,0.1616,0.1417,0.1136,1.6962,1.6976,1.14,1.42,0.1,0.1,0.25,-19.83,0.08,1.24736
batched_matmul,default,fp32,M=512,1,1,0.171,0.1713,0.1538,0.1195,1.8079,1.8095,1.11,1.43,0.09,0.09,0.18,-22.30,0.09,1.28703
batched_matmul,default,fp32,M=544,1,1,0.2179,0.2179,0.1879,0.1552,2.4516,2.4544,1.16,1.4,0.09,0.09,0.00,-17.40,0.11,1.2107
batched_matmul,default,fp32,M=576,1,1,0.2354,0.2357,0.2184,0.1627,2.5938,2.597,1.08,1.45,0.09,0.09,0.13,-25.50,0.12,1.34235
batched_matmul,default,fp32,M=608,1,1,0.2965,0.2967,0.2616,0.204,3.347,3.3526,1.13,1.45,0.09,0.09,0.07,-22.02,0.17,1.28235
batched_matmul,default,fp32,M=64,1,1,0.0044,0.0044,0.0047,0.0074,0.0212,0.0224,0.94,0.6,0.21,0.2,0.00,57.45,5.66,0.635135
batched_matmul,default,fp32,M=640,1,1,0.3109,0.3111,0.2881,0.2126,3.5209,3.5272,1.08,1.46,0.09,0.09,0.06,-26.21,0.18,1.35513
batched_matmul,default,fp32,M=96,1,1,0.0057,0.0057,0.0059,0.0089,0.055,0.0549,0.96,0.64,0.1,0.1,0.00,50.85,-0.18,0.662921
batched_matmul,autotune,bf16,M=128,1,1,0.0172,0.0173,0.0034,0.0058,0.0035,0.0037,5.11,2.97,4.9,4.72,0.58,70.59,5.71,0.586207
batched_matmul,autotune,bf16,M=160,1,1,0.0225,0.0226,0.0044,0.0077,0.0047,0.0047,5.13,2.94,4.76,4.8,0.44,75.00,0.00,0.571429
batched_matmul,autotune,bf16,M=192,1,1,0.025,0.0254,0.0058,0.0076,0.0047,0.0047,4.28,3.35,5.33,5.39,1.60,31.03,0.00,0.763158
batched_matmul,autotune,bf16,M=224,1,1,0.0385,0.0387,0.0059,0.01,0.0047,0.0048,6.5,3.88,8.27,8.13,0.52,69.49,2.13,0.59
batched_matmul,autotune,bf16,M=256,1,1,0.0438,0.0438,0.0061,0.0098,0.0061,0.0052,7.24,4.46,7.16,8.42,0.00,60.66,-14.75,0.622449
batched_matmul,autotune,bf16,M=288,1,1,0.0624,0.0621,0.0088,0.0115,0.0085,0.0088,7.09,5.41,7.38,7.09,-0.48,30.68,3.53,0.765217
batched_matmul,autotune,bf16,M=32,1,1,0.0106,0.0104,0.0018,0.005,0.0019,0.002,5.96,2.07,5.66,5.25,-1.89,177.78,5.26,0.36
batched_matmul,autotune,bf16,M=320,1,1,0.0758,0.0762,0.009,0.0116,0.0089,0.0089,8.44,6.56,8.56,8.59,0.53,28.89,0.00,0.775862
batched_matmul,autotune,bf16,M=352,1,1,0.1019,0.1014,0.0099,0.0123,0.0102,0.0102,10.31,8.27,9.98,9.9,-0.49,24.24,0.00,0.804878
batched_matmul,autotune,bf16,M=384,1,1,0.1019,0.1016,0.0098,0.0124,0.0106,0.0108,10.36,8.17,9.62,9.39,-0.29,26.53,1.89,0.790323
batched_matmul,autotune,bf16,M=416,1,1,0.1421,0.1423,0.0178,0.022,0.0144,0.0144,7.98,6.47,9.89,9.88,0.14,23.60,0.00,0.809091
batched_matmul,autotune,bf16,M=448,1,1,0.1626,0.1623,0.0182,0.0231,0.0149,0.015,8.91,7.02,10.94,10.85,-0.18,26.92,0.67,0.787879
batched_matmul,autotune,bf16,M=480,1,1,0.2113,0.2115,0.0205,0.0247,0.0165,0.0165,10.29,8.55,12.84,12.85,0.09,20.49,0.00,0.82996
batched_matmul,autotune,bf16,M=512,1,1,0.227,0.2277,0.0206,0.0249,0.0169,0.0172,11.03,9.14,13.46,13.24,0.31,20.87,1.78,0.827309
batched_matmul,autotune,bf16,M=544,1,1,0.2815,0.2824,0.0268,0.0311,0.0279,0.028,10.51,9.08,10.09,10.1,0.32,16.04,0.36,0.861736
batched_matmul,autotune,bf16,M=576,1,1,0.3064,0.3064,0.0278,0.0318,0.0292,0.0286,11.04,9.65,10.49,10.7,0.00,14.39,-2.05,0.874214
batched_matmul,autotune,bf16,M=608,1,1,0.3743,0.3747,0.031,0.0341,0.0316,0.0316,12.08,10.99,11.85,11.85,0.11,10.00,0.00,0.909091
batched_matmul,autotune,bf16,M=64,1,1,0.0134,0.0135,0.0022,0.0053,0.0023,0.0025,6.18,2.53,5.94,5.44,0.75,140.91,8.70,0.415094
batched_matmul,autotune,bf16,M=640,1,1,0.3972,0.3977,0.031,0.0344,0.0319,0.0316,12.8,11.55,12.46,12.59,0.13,10.97,-0.94,0.901163
batched_matmul,autotune,bf16,M=96,1,1,0.0163,0.0161,0.0029,0.0058,0.003,0.003,5.53,2.78,5.47,5.45,-1.23,100.00,0.00,0.5
batched_matmul,autotune,fp16,M=128,1,1,0.0177,0.0172,0.0035,0.0059,0.0035,0.0037,5.04,2.92,4.99,4.67,-2.82,68.57,5.71,0.59322
batched_matmul,autotune,fp16,M=160,1,1,0.0224,0.0225,0.0047,0.0078,0.0046,0.0046,4.74,2.89,4.87,4.9,0.45,65.96,0.00,0.602564
batched_matmul,autotune,fp16,M=192,1,1,0.0255,0.025,0.0054,0.0077,0.0047,0.0047,4.68,3.26,5.47,5.32,-1.96,42.59,0.00,0.701299
batched_matmul,autotune,fp16,M=224,1,1,0.0395,0.039,0.0066,0.0098,0.0051,0.0049,6.02,3.99,7.68,7.97,-1.27,48.48,-3.92,0.673469
batched_matmul,autotune,fp16,M=256,1,1,0.0433,0.044,0.0061,0.0097,0.006,0.0052,7.12,4.53,7.25,8.4,1.62,59.02,-13.33,0.628866
batched_matmul,autotune,fp16,M=288,1,1,0.0621,0.0625,0.0093,0.0114,0.0086,0.0091,6.67,5.48,7.21,6.87,0.64,22.58,5.81,0.815789
batched_matmul,autotune,fp16,M=32,1,1,0.0104,0.0111,0.0017,0.0052,0.0019,0.002,5.98,2.15,5.62,5.58,6.73,205.88,5.26,0.326923
batched_matmul,autotune,fp16,M=320,1,1,0.0762,0.0765,0.0089,0.0118,0.0088,0.0091,8.52,6.51,8.69,8.37,0.39,32.58,3.41,0.754237
batched_matmul,autotune,fp16,M=352,1,1,0.1012,0.1015,0.01,0.0121,0.0105,0.0105,10.15,8.41,9.68,9.63,0.30,21.00,0.00,0.826446
batched_matmul,autotune,fp16,M=384,1,1,0.1013,0.1015,0.0097,0.0124,0.0103,0.0106,10.44,8.16,9.86,9.58,0.20,27.84,2.91,0.782258
batched_matmul,autotune,fp16,M=416,1,1,0.1414,0.1419,0.0177,0.0221,0.0143,0.0145,7.99,6.42,9.89,9.8,0.35,24.86,1.40,0.800905
batched_matmul,autotune,fp16,M=448,1,1,0.1615,0.162,0.0182,0.023,0.0149,0.0149,8.87,7.04,10.81,10.9,0.31,26.37,0.00,0.791304
batched_matmul,autotune,fp16,M=480,1,1,0.211,0.2107,0.0209,0.0249,0.0167,0.0164,10.1,8.47,12.63,12.81,-0.14,19.14,-1.80,0.839357
batched_matmul,autotune,fp16,M=512,1,1,0.227,0.2278,0.0206,0.0251,0.0171,0.0173,11.04,9.08,13.3,13.2,0.35,21.84,1.17,0.820717
batched_matmul,autotune,fp16,M=544,1,1,0.2809,0.2819,0.0268,0.0312,0.028,0.0282,10.5,9.04,10.05,10.01,0.36,16.42,0.71,0.858974
batched_matmul,autotune,fp16,M=576,1,1,0.3063,0.3056,0.0276,0.0318,0.0292,0.0286,11.1,9.61,10.49,10.68,-0.23,15.22,-2.05,0.867925
batched_matmul,autotune,fp16,M=608,1,1,0.3737,0.3751,0.0311,0.034,0.0317,0.0317,12.02,11.02,11.79,11.83,0.37,9.32,0.00,0.914706
batched_matmul,autotune,fp16,M=64,1,1,0.0131,0.0143,0.0022,0.0052,0.0022,0.0025,6.04,2.73,5.84,5.71,9.16,136.36,13.64,0.423077
batched_matmul,autotune,fp16,M=640,1,1,0.3957,0.3963,0.0311,0.0347,0.0318,0.0317,12.74,11.41,12.43,12.49,0.15,11.58,-0.31,0.896254
batched_matmul,autotune,fp16,M=96,1,1,0.0153,0.0156,0.0025,0.0057,0.0027,0.0027,6.03,2.74,5.7,5.69,1.96,128.00,0.00,0.438596
batched_matmul,autotune,fp32,M=128,1,1,0.0066,0.0067,0.0042,0.0073,0.1174,0.1021,1.58,0.92,0.06,0.07,1.52,73.81,-13.03,0.575342
batched_matmul,autotune,fp32,M=160,1,1,0.0112,0.0112,0.0071,0.0111,0.4909,0.4916,1.57,1.01,0.02,0.02,0.00,56.34,0.14,0.63964
batched_matmul,autotune,fp32,M=192,1,1,0.0132,0.0133,0.0072,0.0118,0.4938,0.4931,1.83,1.13,0.03,0.03,0.76,63.89,-0.14,0.610169
batched_matmul,autotune,fp32,M=224,1,1,0.023,0.0231,0.0109,0.0141,1.2505,0.5532,2.11,1.63,0.02,0.04,0.43,29.36,-55.76,0.77305
batched_matmul,autotune,fp32,M=256,1,1,0.0254,0.0255,0.0123,0.015,1.7937,0.6356,2.07,1.7,0.01,0.04,0.39,21.95,-64.56,0.82
batched_matmul,autotune,fp32,M=288,1,1,0.0401,0.0401,0.0192,0.0244,3.0256,1.4713,2.09,1.64,0.01,0.03,0.00,27.08,-51.37,0.786885
batched_matmul,autotune,fp32,M=32,1,1,0.0032,0.0033,0.002,0.0051,0.0061,0.0061,1.59,0.65,0.53,0.53,3.12,155.00,0.00,0.392157
batched_matmul,autotune,fp32,M=320,1,1,0.0519,0.0521,0.0232,0.0308,3.0295,3.0051,2.23,1.69,0.02,0.02,0.39,32.76,-0.81,0.753247
batched_matmul,autotune,fp32,M=352,1,1,0.0722,0.0723,0.0274,0.0334,3.8929,3.8811,2.64,2.16,0.02,0.02,0.14,21.90,-0.30,0.820359
batched_matmul,autotune,fp32,M=384,1,1,0.0683,0.0687,0.0302,0.0353,3.8947,3.8827,2.26,1.94,0.02,0.02,0.59,16.89,-0.31,0.855524
batched_matmul,autotune,fp32,M=416,1,1,0.1034,0.1033,0.0451,0.055,4.7073,3.9214,2.29,1.88,0.02,0.03,-0.10,21.95,-16.70,0.82
batched_matmul,autotune,fp32,M=448,1,1,0.1176,0.1177,0.0495,0.0665,8.7567,8.8025,2.38,1.77,0.01,0.01,0.09,34.34,0.52,0.744361
batched_matmul,autotune,fp32,M=480,1,1,0.1611,0.1615,0.0543,0.0735,10.1494,4.6264,2.97,2.2,0.02,0.03,0.25,35.36,-54.42,0.738776
batched_matmul,autotune,fp32,M=512,1,1,0.1709,0.1713,0.0594,0.0771,10.1467,4.7642,2.88,2.22,0.02,0.04,0.23,29.80,-53.05,0.770428
batched_matmul,autotune,fp32,M=544,1,1,0.2179,0.218,0.0856,0.1019,9.0247,17.3147,2.55,2.14,0.02,0.01,0.05,19.04,91.86,0.840039
batched_matmul,autotune,fp32,M=576,1,1,0.2351,0.2358,0.0911,0.106,15.1832,17.3351,2.58,2.22,0.02,0.01,0.30,16.36,14.17,0.859434
batched_matmul,autotune,fp32,M=608,1,1,0.2963,0.2966,0.1021,0.1244,19.4728,19.2594,2.9,2.38,0.02,0.02,0.10,21.84,-1.10,0.82074
batched_matmul,autotune,fp32,M=64,1,1,0.0044,0.0046,0.0025,0.0057,0.0175,0.0173,1.72,0.81,0.25,0.27,4.55,128.00,-1.14,0.438596
batched_matmul,autotune,fp32,M=640,1,1,0.3106,0.3117,0.1078,0.1328,19.4415,19.2915,2.88,2.35,0.02,0.02,0.35,23.19,-0.77,0.811747
batched_matmul,autotune,fp32,M=96,1,1,0.0057,0.0057,0.0037,0.0071,0.042,0.042,1.52,0.8,0.13,0.14,0.00,91.89,0.00,0.521127
block_sparse_attention,default,fp16,M=1024,1,1,1.0612,1.0675,0.0102,0.0143,0.0321,0.0322,103.65,74.65,33.11,33.14,0.59,40.20,0.31,0.713287
block_sparse_attention,default,fp16,M=10240,1,1,39.4458,39.506,0.075,0.1134,0.2753,0.2755,526.27,348.25,143.27,143.38,0.15,51.20,0.07,0.661376
block_sparse_attention,default,fp16,M=1536,1,1,1.9594,1.9708,0.017,0.0237,0.0476,0.0475,115.54,83.16,41.14,41.53,0.58,39.41,-0.21,0.7173
block_sparse_attention,default,fp16,M=2048,1,1,2.9224,2.9325,0.0182,0.0268,0.0628,0.063,160.45,109.41,46.53,46.53,0.35,47.25,0.32,0.679104
block_sparse_attention,default,fp16,M=2560,1,1,4.2082,4.2235,0.0246,0.036,0.0779,0.0774,171.34,117.4,54.03,54.55,0.36,46.34,-0.64,0.683333
block_sparse_attention,default,fp16,M=3072,1,1,5.5462,5.5567,0.0264,0.0384,0.0914,0.0911,210.26,144.78,60.68,60.97,0.19,45.45,-0.33,0.6875
block_sparse_attention,default,fp16,M=3584,1,1,7.1139,7.1255,0.0301,0.0464,0.1018,0.1025,236.17,153.52,69.85,69.55,0.16,54.15,0.69,0.648707
block_sparse_attention,default,fp16,M=4096,1,1,8.8009,8.8188,0.0338,0.0505,0.1124,0.1125,260.17,174.53,78.3,78.37,0.20,49.41,0.09,0.669307
block_sparse_attention,default,fp16,M=4608,1,1,11.2456,11.2631,0.0359,0.0531,0.1256,0.1262,313.03,212.23,89.55,89.26,0.16,47.91,0.48,0.676083
block_sparse_attention,default,fp16,M=512,1,1,0.4332,0.4368,0.0081,0.0125,0.0168,0.0168,53.65,34.96,25.83,25.98,0.83,54.32,0.00,0.648
block_sparse_attention,default,fp16,M=5120,1,1,13.3228,13.3374,0.0426,0.0628,0.1409,0.1413,312.59,212.49,94.57,94.37,0.11,47.42,0.28,0.678344
block_sparse_attention,default,fp16,M=5632,1,1,15.8618,15.8853,0.0437,0.0653,0.1545,0.1555,363.22,243.44,102.67,102.14,0.15,49.43,0.65,0.669219
block_sparse_attention,default,fp16,M=6144,1,1,17.5543,17.5597,0.0484,0.0735,0.168,0.1696,362.39,238.82,104.51,103.56,0.03,51.86,0.95,0.658503
block_sparse_attention,default,fp16,M=6656,1,1,20.1694,20.1905,0.0509,0.0762,0.1819,0.1834,396.55,265.01,110.9,110.12,0.10,49.71,0.82,0.667979
block_sparse_attention,default,fp16,M=7168,1,1,22.8318,22.853,0.0546,0.0838,0.1975,0.1972,417.79,272.77,115.58,115.88,0.09,53.48,-0.15,0.651551
block_sparse_attention,default,fp16,M=7680,1,1,25.611,25.6323,0.058,0.0875,0.2094,0.2086,441.69,292.83,122.29,122.89,0.08,50.86,-0.38,0.662857
block_sparse_attention,default,fp16,M=8192,1,1,28.2788,28.311,0.0603,0.0908,0.2212,0.2225,468.83,311.82,127.83,127.26,0.11,50.58,0.59,0.664097
block_sparse_attention,default,fp16,M=8704,1,1,31.5529,31.5862,0.0645,0.0986,0.2348,0.235,488.85,320.2,134.41,134.43,0.11,52.87,0.09,0.654158
block_sparse_attention,default,fp16,M=9216,1,1,34.7821,34.8301,0.0679,0.102,0.2458,0.2486,512.39,341.56,141.49,140.1,0.14,50.22,1.14,0.665686
block_sparse_attention,default,fp16,M=9728,1,1,36.0763,36.1273,0.0728,0.11,0.2601,0.2621,495.86,328.37,138.68,137.83,0.14,51.10,0.77,0.661818
block_sparse_attention,autotune,fp16,M=1024,1,1,1.0607,1.0674,0.0102,0.0143,0.0322,0.0323,103.53,74.65,32.94,33,0.63,40.20,0.31,0.713287
block_sparse_attention,autotune,fp16,M=10240,1,1,39.4464,39.508,0.0749,0.1123,0.2758,0.2744,526.91,351.8,143,143.98,0.16,49.93,-0.51,0.666963
block_sparse_attention,autotune,fp16,M=1536,1,1,1.9589,1.9709,0.0166,0.0214,0.0473,0.0477,118.29,92.02,41.39,41.31,0.61,28.92,0.85,0.775701
block_sparse_attention,autotune,fp16,M=2048,1,1,2.9218,2.9339,0.0182,0.0268,0.0622,0.0631,160.57,109.27,46.97,46.53,0.41,47.25,1.45,0.679104
block_sparse_attention,autotune,fp16,M=2560,1,1,4.2077,4.2221,0.0248,0.0359,0.0775,0.0774,169.85,117.71,54.3,54.53,0.34,44.76,-0.13,0.690808
block_sparse_attention,autotune,fp16,M=3072,1,1,5.5441,5.5628,0.0264,0.0389,0.092,0.0911,210.39,143.08,60.24,61.06,0.34,47.35,-0.98,0.678663
block_sparse_attention,autotune,fp16,M=3584,1,1,7.118,7.1321,0.0302,0.0455,0.1028,0.1017,235.38,156.78,69.27,70.15,0.20,50.66,-1.07,0.663736
block_sparse_attention,autotune,fp16,M=4096,1,1,8.801,8.8166,0.0337,0.0502,0.1125,0.1127,261.37,175.52,78.23,78.24,0.18,48.96,0.18,0.671315
block_sparse_attention,autotune,fp16,M=4608,1,1,11.2458,11.2567,0.0358,0.0541,0.1261,0.1264,314.29,208.24,89.19,89.08,0.10,51.12,0.24,0.661738
block_sparse_attention,autotune,fp16,M=512,1,1,0.4333,0.4367,0.008,0.0125,0.0168,0.0168,54.16,34.8,25.82,26.05,0.78,56.25,0.00,0.64
block_sparse_attention,autotune,fp16,M=5120,1,1,13.3229,13.336,0.0426,0.0607,0.1399,0.1413,313.05,219.76,95.22,94.39,0.10,42.49,1.00,0.701812
block_sparse_attention,autotune,fp16,M=5632,1,1,15.869,15.8893,0.0435,0.0651,0.1545,0.1557,365.19,244.01,102.69,102.03,0.13,49.66,0.78,0.668203
block_sparse_attention,autotune,fp16,M=6144,1,1,17.5542,17.5624,0.0484,0.0721,0.1698,0.1691,362.47,243.5,103.41,103.88,0.05,48.97,-0.41,0.67129
block_sparse_attention,autotune,fp16,M=6656,1,1,20.1656,20.1879,0.0508,0.0761,0.1841,0.1833,396.61,265.14,109.52,110.16,0.11,49.80,-0.43,0.667543
block_sparse_attention,autotune,fp16,M=7168,1,1,22.8325,22.8517,0.0547,0.083,0.195,0.1969,417.53,275.35,117.06,116.05,0.08,51.74,0.97,0.659036
block_sparse_attention,autotune,fp16,M=7680,1,1,25.6091,25.6341,0.0581,0.0875,0.2097,0.2085,440.7,293.03,122.09,122.94,0.10,50.60,-0.57,0.664
block_sparse_attention,autotune,fp16,M=8192,1,1,28.2796,28.31,0.0602,0.0907,0.2212,0.2222,470.01,312.09,127.86,127.42,0.11,50.66,0.45,0.663727
block_sparse_attention,autotune,fp16,M=8704,1,1,31.5528,31.5867,0.0646,0.0967,0.2337,0.2343,488.38,326.49,135.03,134.82,0.11,49.69,0.26,0.668046
block_sparse_attention,autotune,fp16,M=9216,1,1,34.7839,34.8305,0.0679,0.1023,0.2472,0.2479,512.36,340.37,140.69,140.5,0.13,50.66,0.28,0.663734
block_sparse_attention,autotune,fp16,M=9728,1,1,36.0783,36.1314,0.0726,0.1067,0.2619,0.263,496.75,338.64,137.75,137.41,0.15,46.97,0.42,0.680412
cross_entropy,default,fp16,batch_size=1024,1,1,0.0103,0.0098,0.0027,0.0052,0.0026,0.0026,3.89,1.88,4.03,3.83,-4.85,92.59,0.00,0.519231
cross_entropy,default,fp16,batch_size=10240,1,1,0.0185,0.0175,0.0149,0.0277,0.0118,0.0118,1.24,0.63,1.56,1.48,-5.41,85.91,0.00,0.537906
cross_entropy,default,fp16,batch_size=1536,1,1,0.0111,0.0108,0.0039,0.0067,0.0033,0.0033,2.88,1.62,3.37,3.33,-2.70,71.79,0.00,0.58209
cross_entropy,default,fp16,batch_size=2048,1,1,0.0118,0.0113,0.0041,0.0078,0.0037,0.0037,2.88,1.45,3.18,3.01,-4.24,90.24,0.00,0.525641
cross_entropy,default,fp16,batch_size=2560,1,1,0.0125,0.012,0.0049,0.0089,0.0042,0.0042,2.56,1.34,3,2.87,-4.00,81.63,0.00,0.550562
cross_entropy,default,fp16,batch_size=3072,1,1,0.0122,0.0116,0.0054,0.0101,0.0046,0.0047,2.25,1.14,2.62,2.47,-4.92,87.04,2.17,0.534653
cross_entropy,default,fp16,batch_size=3584,1,1,0.0127,0.0122,0.0062,0.0113,0.0052,0.0052,2.05,1.07,2.45,2.34,-3.94,82.26,0.00,0.548673
cross_entropy,default,fp16,batch_size=4096,1,1,0.0126,0.012,0.0069,0.0126,0.0058,0.0058,1.83,0.96,2.19,2.09,-4.76,82.61,0.00,0.547619
cross_entropy,default,fp16,batch_size=4608,1,1,0.0127,0.0123,0.0073,0.0136,0.0061,0.0061,1.74,0.9,2.09,2.01,-3.15,86.30,0.00,0.536765
cross_entropy,default,fp16,batch_size=512,1,1,0.0097,0.0092,0.0022,0.004,0.0022,0.0023,4.35,2.29,4.32,4.04,-5.15,81.82,4.55,0.55
cross_entropy,default,fp16,batch_size=5120,1,1,0.0124,0.0119,0.0081,0.0149,0.0067,0.0067,1.53,0.79,1.86,1.78,-4.03,83.95,0.00,0.543624
cross_entropy,default,fp16,batch_size=5632,1,1,0.0128,0.0122,0.0087,0.0164,0.0072,0.0072,1.48,0.75,1.79,1.71,-4.69,88.51,0.00,0.530488
cross_entropy,default,fp16,batch_size=6144,1,1,0.0132,0.0128,0.0094,0.0176,0.0077,0.0077,1.41,0.73,1.71,1.66,-3.03,87.23,0.00,0.534091
cross_entropy,default,fp16,batch_size=6656,1,1,0.0135,0.0129,0.0098,0.0185,0.0082,0.0082,1.37,0.7,1.64,1.57,-4.44,88.78,0.00,0.52973
cross_entropy,default,fp16,batch_size=7168,1,1,0.0152,0.0149,0.0107,0.0202,0.0087,0.0087,1.43,0.74,1.74,1.7,-1.97,88.79,0.00,0.529703
cross_entropy,default,fp16,batch_size=7680,1,1,0.016,0.0154,0.0113,0.0214,0.0092,0.0092,1.42,0.72,1.74,1.68,-3.75,89.38,0.00,0.528037
cross_entropy,default,fp16,batch_size=8192,1,1,0.0164,0.016,0.0119,0.0226,0.0096,0.0096,1.38,0.71,1.71,1.66,-2.44,89.92,0.00,0.526549
cross_entropy,default,fp16,batch_size=8704,1,1,0.0163,0.0159,0.0126,0.0237,0.0101,0.0101,1.29,0.67,1.61,1.57,-2.45,88.10,0.00,0.531646
cross_entropy,default,fp16,batch_size=9216,1,1,0.0173,0.0164,0.0134,0.0248,0.0107,0.0105,1.29,0.66,1.62,1.56,-5.20,85.07,-1.87,0.540323
cross_entropy,default,fp16,batch_size=9728,1,1,0.0175,0.0166,0.0141,0.0262,0.0113,0.0112,1.25,0.64,1.56,1.48,-5.14,85.82,-0.88,0.538168
cross_entropy,default,fp32,batch_size=1024,1,1,0.0068,0.0062,0.0028,0.0052,0.0027,0.0027,2.47,1.19,2.52,2.33,-8.82,85.71,0.00,0.538462
cross_entropy,default,fp32,batch_size=10240,1,1,0.0134,0.0127,0.0156,0.0292,0.011,0.0109,0.86,0.43,1.21,1.16,-5.22,87.18,-0.91,0.534247
cross_entropy,default,fp32,batch_size=1536,1,1,0.0069,0.0064,0.0038,0.0066,0.0031,0.003,1.83,0.97,2.25,2.11,-7.25,73.68,-3.23,0.575758
cross_entropy,default,fp32,batch_size=2048,1,1,0.0076,0.0071,0.0041,0.0077,0.0035,0.0035,1.86,0.92,2.18,2.03,-6.58,87.80,0.00,0.532468
cross_entropy,default,fp32,batch_size=2560,1,1,0.0077,0.0071,0.005,0.009,0.0039,0.004,1.53,0.79,1.94,1.77,-7.79,80.00,2.56,0.555556
cross_entropy,default,fp32,batch_size=3072,1,1,0.0077,0.0072,0.0055,0.0103,0.0045,0.0045,1.38,0.7,1.71,1.61,-6.49,87.27,0.00,0.533981
cross_entropy,default,fp32,batch_size=3584,1,1,0.0083,0.0077,0.0062,0.0114,0.0049,0.0049,1.33,0.67,1.68,1.57,-7.23,83.87,0.00,0.54386
cross_entropy,default,fp32,batch_size=4096,1,1,0.0087,0.0082,0.0071,0.0129,0.0055,0.0055,1.23,0.63,1.59,1.49,-5.75,81.69,0.00,0.550388
cross_entropy,default,fp32,batch_size=4608,1,1,0.0089,0.0083,0.0077,0.0143,0.0059,0.0059,1.15,0.58,1.52,1.41,-6.74,85.71,0.00,0.538462
cross_entropy,default,fp32,batch_size=512,1,1,0.0062,0.0057,0.0023,0.0041,0.0023,0.0023,2.7,1.4,2.65,2.44,-8.06,78.26,0.00,0.560976
cross_entropy,default,fp32,batch_size=5120,1,1,0.0094,0.0089,0.0081,0.0153,0.0061,0.0061,1.15,0.58,1.53,1.46,-5.32,88.89,0.00,0.529412
cross_entropy,default,fp32,batch_size=5632,1,1,0.0099,0.0092,0.0089,0.0166,0.0067,0.0067,1.11,0.56,1.48,1.38,-7.07,86.52,0.00,0.536145
cross_entropy,default,fp32,batch_size=6144,1,1,0.0106,0.0102,0.0097,0.0178,0.0072,0.0072,1.1,0.57,1.48,1.41,-3.77,83.51,0.00,0.544944
cross_entropy,default,fp32,batch_size=6656,1,1,0.0108,0.0102,0.0104,0.0193,0.0077,0.0077,1.04,0.53,1.41,1.33,-5.56,85.58,0.00,0.53886
cross_entropy,default,fp32,batch_size=7168,1,1,0.0113,0.0109,0.0111,0.0208,0.0081,0.0081,1.02,0.52,1.39,1.34,-3.54,87.39,0.00,0.533654
cross_entropy,default,fp32,batch_size=7680,1,1,0.0117,0.0113,0.0118,0.022,0.0086,0.0086,0.99,0.51,1.36,1.32,-3.42,86.44,0.00,0.536364
cross_entropy,default,fp32,batch_size=8192,1,1,0.0118,0.0114,0.0126,0.0237,0.0091,0.0091,0.93,0.48,1.29,1.25,-3.39,88.10,0.00,0.531646
cross_entropy,default,fp32,batch_size=8704,1,1,0.0124,0.0121,0.0132,0.0246,0.0095,0.0095,0.94,0.49,1.3,1.27,-2.42,86.36,0.00,0.536585
cross_entropy,default,fp32,batch_size=9216,1,1,0.0131,0.0125,0.0141,0.0261,0.01,0.0101,0.93,0.48,1.31,1.24,-4.58,85.11,1.00,0.54023
cross_entropy,default,fp32,batch_size=9728,1,1,0.0132,0.0127,0.0148,0.0277,0.0104,0.0104,0.9,0.46,1.27,1.22,-3.79,87.16,0.00,0.534296
cross_entropy,autotune,fp16,batch_size=1024,1,1,0.0111,0.0111,0.0021,0.0036,0.0026,0.0026,5.28,3.08,4.22,4.26,0.00,71.43,0.00,0.583333
cross_entropy,autotune,fp16,batch_size=10240,1,1,0.018,0.0175,0.007,0.0144,0.0118,0.0118,2.57,1.21,1.52,1.48,-2.78,105.71,0.00,0.486111
cross_entropy,autotune,fp16,batch_size=1536,1,1,0.0111,0.0106,0.0023,0.0042,0.0032,0.0031,4.83,2.51,3.5,3.37,-4.50,82.61,-3.13,0.547619
cross_entropy,autotune,fp16,batch_size=2048,1,1,0.0118,0.011,0.0026,0.0047,0.0037,0.0037,4.55,2.36,3.15,3.01,-6.78,80.77,0.00,0.553191
cross_entropy,autotune,fp16,batch_size=2560,1,1,0.0121,0.0118,0.0029,0.0053,0.0042,0.0042,4.21,2.23,2.88,2.8,-2.48,82.76,0.00,0.54717
cross_entropy,autotune,fp16,batch_size=3072,1,1,0.0123,0.0119,0.0032,0.006,0.0047,0.0047,3.89,1.99,2.63,2.53,-3.25,87.50,0.00,0.533333
cross_entropy,autotune,fp16,batch_size=3584,1,1,0.0126,0.0122,0.0035,0.0068,0.0054,0.0054,3.65,1.8,2.34,2.25,-3.17,94.29,0.00,0.514706
cross_entropy,autotune,fp16,batch_size=4096,1,1,0.0124,0.0119,0.0037,0.0074,0.0058,0.0057,3.31,1.62,2.12,2.11,-4.03,100.00,-1.72,0.5
cross_entropy,autotune,fp16,batch_size=4608,1,1,0.013,0.0125,0.004,0.0081,0.0062,0.0062,3.25,1.55,2.1,2.02,-3.85,102.50,0.00,0.493827
cross_entropy,autotune,fp16,batch_size=512,1,1,0.0097,0.0092,0.0019,0.0031,0.0023,0.0023,5.17,2.95,4.25,4.04,-5.15,63.16,0.00,0.612903
cross_entropy,autotune,fp16,batch_size=5120,1,1,0.0125,0.0126,0.0042,0.0086,0.0067,0.0067,2.95,1.46,1.86,1.88,0.80,104.76,0.00,0.488372
cross_entropy,autotune,fp16,batch_size=5632,1,1,0.0129,0.0127,0.0045,0.0092,0.0072,0.0072,2.88,1.38,1.79,1.76,-1.55,104.44,0.00,0.48913
cross_entropy,autotune,fp16,batch_size=6144,1,1,0.0134,0.0128,0.0048,0.0098,0.0081,0.0078,2.8,1.32,1.67,1.64,-4.48,104.17,-3.70,0.489796
cross_entropy,autotune,fp16,batch_size=6656,1,1,0.0133,0.0132,0.005,0.0109,0.0083,0.0083,2.63,1.22,1.6,1.59,-0.75,118.00,0.00,0.458716
cross_entropy,autotune,fp16,batch_size=7168,1,1,0.0153,0.0149,0.0054,0.0116,0.0087,0.0087,2.87,1.28,1.77,1.72,-2.61,114.81,0.00,0.465517
cross_entropy,autotune,fp16,batch_size=7680,1,1,0.0165,0.0158,0.0056,0.0119,0.0095,0.0094,2.95,1.32,1.73,1.68,-4.24,112.50,-1.05,0.470588
cross_entropy,autotune,fp16,batch_size=8192,1,1,0.0164,0.0163,0.0059,0.0125,0.0098,0.0098,2.78,1.31,1.67,1.67,-0.61,111.86,0.00,0.472
cross_entropy,autotune,fp16,batch_size=8704,1,1,0.0164,0.0164,0.0061,0.0128,0.0102,0.0102,2.68,1.28,1.61,1.61,0.00,109.84,0.00,0.476562
cross_entropy,autotune,fp16,batch_size=9216,1,1,0.0168,0.0166,0.0064,0.0135,0.0109,0.0109,2.62,1.23,1.54,1.53,-1.19,110.94,0.00,0.474074
cross_entropy,autotune,fp16,batch_size=9728,1,1,0.0174,0.0172,0.0067,0.0141,0.0113,0.0115,2.61,1.22,1.54,1.49,-1.15,110.45,1.77,0.475177
cross_entropy,autotune,fp32,batch_size=1024,1,1,0.0071,0.0067,0.0023,0.0038,0.0027,0.0027,3.11,1.77,2.64,2.51,-5.63,65.22,0.00,0.605263
cross_entropy,autotune,fp32,batch_size=10240,1,1,0.0136,0.0129,0.0072,0.0149,0.011,0.011,1.9,0.86,1.24,1.17,-5.15,106.94,0.00,0.483221
cross_entropy,autotune,fp32,batch_size=1536,1,1,0.0069,0.0066,0.0023,0.0043,0.003,0.0031,2.95,1.55,2.26,2.12,-4.35,86.96,3.33,0.534884
cross_entropy,autotune,fp32,batch_size=2048,1,1,0.0071,0.0072,0.0026,0.0049,0.0035,0.0035,2.69,1.46,2.04,2.04,1.41,88.46,0.00,0.530612
cross_entropy,autotune,fp32,batch_size=2560,1,1,0.0073,0.007,0.0029,0.0055,0.004,0.004,2.47,1.26,1.82,1.77,-4.11,89.66,0.00,0.527273
cross_entropy,autotune,fp32,batch_size=3072,1,1,0.008,0.0075,0.0032,0.006,0.0044,0.0045,2.52,1.25,1.82,1.68,-6.25,87.50,2.27,0.533333
cross_entropy,autotune,fp32,batch_size=3584,1,1,0.0078,0.0073,0.0035,0.0068,0.0047,0.0047,2.24,1.07,1.65,1.54,-6.41,94.29,0.00,0.514706
cross_entropy,autotune,fp32,batch_size=4096,1,1,0.0085,0.0078,0.0037,0.0077,0.0053,0.0053,2.26,1.02,1.61,1.46,-8.24,108.11,0.00,0.480519
cross_entropy,autotune,fp32,batch_size=4608,1,1,0.0089,0.0081,0.0041,0.0083,0.0057,0.0058,2.15,0.97,1.55,1.4,-8.99,102.44,1.75,0.493976
cross_entropy,autotune,fp32,batch_size=512,1,1,0.006,0.0056,0.002,0.0031,0.0023,0.0023,3,1.81,2.57,2.41,-6.67,55.00,0.00,0.645161
cross_entropy,autotune,fp32,batch_size=5120,1,1,0.0092,0.0084,0.0042,0.009,0.0063,0.0063,2.17,0.94,1.47,1.34,-8.70,114.29,0.00,0.466667
cross_entropy,autotune,fp32,batch_size=5632,1,1,0.0098,0.0093,0.0046,0.0093,0.0066,0.0067,2.12,1,1.47,1.39,-5.10,102.17,1.52,0.494624
cross_entropy,autotune,fp32,batch_size=6144,1,1,0.0107,0.0102,0.0048,0.0105,0.0071,0.0072,2.23,0.97,1.52,1.42,-4.67,118.75,1.41,0.457143
cross_entropy,autotune,fp32,batch_size=6656,1,1,0.0108,0.0104,0.0051,0.0108,0.0076,0.0076,2.14,0.96,1.43,1.37,-3.70,111.76,0.00,0.472222
cross_entropy,autotune,fp32,batch_size=7168,1,1,0.0106,0.0101,0.0054,0.0115,0.0082,0.0082,1.99,0.88,1.3,1.24,-4.72,112.96,0.00,0.469565
cross_entropy,autotune,fp32,batch_size=7680,1,1,0.011,0.0104,0.0056,0.0121,0.0083,0.0084,1.96,0.86,1.32,1.23,-5.45,116.07,1.20,0.46281
cross_entropy,autotune,fp32,batch_size=8192,1,1,0.0117,0.0111,0.0059,0.0127,0.0091,0.0091,1.98,0.88,1.28,1.22,-5.13,115.25,0.00,0.464567
cross_entropy,autotune,fp32,batch_size=8704,1,1,0.0121,0.0115,0.0062,0.0133,0.0096,0.0096,1.96,0.86,1.26,1.19,-4.96,114.52,0.00,0.466165
cross_entropy,autotune,fp32,batch_size=9216,1,1,0.0125,0.0126,0.0064,0.0138,0.0099,0.0099,1.94,0.91,1.26,1.27,0.80,115.62,0.00,0.463768
cross_entropy,autotune,fp32,batch_size=9728,1,1,0.0129,0.0129,0.0067,0.0145,0.0105,0.0103,1.91,0.9,1.23,1.26,0.00,116.42,-1.90,0.462069
dequantize_rowwise,default,float32,"cols=1024, rows=1024",1,0,0.0135,,0.0022,,0.0024,,6.1,,5.7,,,,,
dequantize_rowwise,default,float32,"cols=1024, rows=2048",1,0,0.0199,,0.0028,,0.0031,,7.23,,6.45,,,,,
dequantize_rowwise,default,float32,"cols=1024, rows=4096",1,0,0.0327,,0.0038,,0.0044,,8.59,,7.37,,,,,
dequantize_rowwise,default,float32,"cols=1024, rows=512",1,0,0.0106,,0.0018,,0.0019,,5.96,,5.59,,,,,
dequantize_rowwise,default,float32,"cols=2048, rows=1024",1,0,0.02,,0.0023,,0.0025,,8.65,,7.95,,,,,
dequantize_rowwise,default,float32,"cols=2048, rows=2048",1,0,0.0332,,0.0032,,0.0039,,10.28,,8.59,,,,,
dequantize_rowwise,default,float32,"cols=2048, rows=4096",1,0,0.0583,,0.0056,,0.006,,10.46,,9.74,,,,,
dequantize_rowwise,default,float32,"cols=2048, rows=512",1,0,0.0126,,0.0021,,0.0023,,5.98,,5.58,,,,,
dequantize_rowwise,default,float32,"cols=4096, rows=1024",1,0,0.0326,,0.0033,,0.0037,,9.76,,8.7,,,,,
dequantize_rowwise,default,float32,"cols=4096, rows=2048",1,0,0.0574,,0.0054,,0.0068,,10.57,,8.5,,,,,
dequantize_rowwise,default,float32,"cols=4096, rows=4096",1,0,0.1229,,0.0098,,0.0116,,12.53,,10.61,,,,,
dequantize_rowwise,default,float32,"cols=4096, rows=512",1,0,0.0196,,0.0028,,0.0032,,7.04,,6.04,,,,,
dequantize_rowwise,default,float32,"cols=512, rows=1024",1,0,0.0105,,0.002,,0.0022,,5.17,,4.79,,,,,
dequantize_rowwise,default,float32,"cols=512, rows=2048",1,0,0.0133,,0.0024,,0.0027,,5.54,,4.94,,,,,
dequantize_rowwise,default,float32,"cols=512, rows=4096",1,0,0.0197,,0.0035,,0.0038,,5.7,,5.21,,,,,
dequantize_rowwise,default,float32,"cols=512, rows=512",1,0,0.01,,0.0019,,0.002,,5.33,,5.09,,,,,
dequantize_rowwise,default,float32,"cols=8192, rows=1024",1,0,0.0574,,0.006,,0.0069,,9.58,,8.33,,,,,
dequantize_rowwise,default,float32,"cols=8192, rows=2048",1,0,0.1217,,0.0099,,0.013,,12.24,,9.38,,,,,
dequantize_rowwise,default,float32,"cols=8192, rows=4096",1,0,0.255,,0.0174,,0.0231,,14.69,,11.05,,,,,
dequantize_rowwise,default,float32,"cols=8192, rows=512",1,0,0.0322,,0.0041,,0.005,,7.85,,6.42,,,,,
dequantize_rowwise,default,fp32,"cols=1024, rows=1024",0,1,,0.0134,,0.0074,,0.0024,,1.81,,5.64,,,,
dequantize_rowwise,default,fp32,"cols=1024, rows=2048",0,1,,0.0198,,0.0119,,0.003,,1.66,,6.71,,,,
dequantize_rowwise,default,fp32,"cols=1024, rows=4096",0,1,,0.0328,,0.0184,,0.0042,,1.78,,7.79,,,,
dequantize_rowwise,default,fp32,"cols=1024, rows=512",0,1,,0.0106,,0.0054,,0.0019,,1.95,,5.62,,,,
dequantize_rowwise,default,fp32,"cols=2048, rows=1024",0,1,,0.0199,,0.0078,,0.0025,,2.54,,7.96,,,,
dequantize_rowwise,default,fp32,"cols=2048, rows=2048",0,1,,0.0334,,0.0129,,0.004,,2.59,,8.29,,,,
dequantize_rowwise,default,fp32,"cols=2048, rows=4096",0,1,,0.0588,,0.0208,,0.006,,2.82,,9.77,,,,
dequantize_rowwise,default,fp32,"cols=2048, rows=512",0,1,,0.0126,,0.0058,,0.0023,,2.18,,5.57,,,,
dequantize_rowwise,default,fp32,"cols=4096, rows=1024",0,1,,0.0325,,0.0091,,0.0038,,3.57,,8.67,,,,
dequantize_rowwise,default,fp32,"cols=4096, rows=2048",0,1,,0.0573,,0.0149,,0.007,,3.86,,8.25,,,,
dequantize_rowwise,default,fp32,"cols=4096, rows=4096",0,1,,0.1229,,0.0241,,0.0116,,5.09,,10.61,,,,
dequantize_rowwise,default,fp32,"cols=4096, rows=512",0,1,,0.0195,,0.0066,,0.0033,,2.95,,5.95,,,,
dequantize_rowwise,default,fp32,"cols=512, rows=1024",0,1,,0.0105,,0.0074,,0.0022,,1.41,,4.81,,,,
dequantize_rowwise,default,fp32,"cols=512, rows=2048",0,1,,0.0132,,0.011,,0.0027,,1.2,,4.94,,,,
dequantize_rowwise,default,fp32,"cols=512, rows=4096",0,1,,0.0197,,0.0169,,0.0038,,1.17,,5.16,,,,
dequantize_rowwise,default,fp32,"cols=512, rows=512",0,1,,0.01,,0.0053,,0.002,,1.88,,5.07,,,,
dequantize_rowwise,default,fp32,"cols=8192, rows=1024",0,1,,0.0574,,0.0114,,0.0069,,5.02,,8.28,,,,
dequantize_rowwise,default,fp32,"cols=8192, rows=2048",0,1,,0.1217,,0.0181,,0.0129,,6.73,,9.4,,,,
dequantize_rowwise,default,fp32,"cols=8192, rows=4096",0,1,,0.2551,,0.0294,,0.0231,,8.69,,11.06,,,,
dequantize_rowwise,default,fp32,"cols=8192, rows=512",0,1,,0.0323,,0.0076,,0.005,,4.25,,6.43,,,,
dequantize_rowwise,autotune,fp32,"cols=1024, rows=1024",1,1,0.0133,0.0131,0.002,0.0067,0.0022,0.0022,6.63,1.95,6.2,6.06,-1.50,235.00,0.00,0.298507
dequantize_rowwise,autotune,fp32,"cols=1024, rows=2048",1,1,0.02,0.0199,0.0027,0.0104,0.003,0.003,7.31,1.92,6.59,6.68,-0.50,285.19,0.00,0.259615
dequantize_rowwise,autotune,fp32,"cols=1024, rows=4096",1,1,0.0333,0.0328,0.0039,0.0169,0.0042,0.0043,8.48,1.93,7.85,7.71,-1.50,333.33,2.38,0.230769
dequantize_rowwise,autotune,fp32,"cols=1024, rows=512",1,1,0.0104,0.0103,0.0018,0.0052,0.0019,0.0019,5.78,1.98,5.49,5.42,-0.96,188.89,0.00,0.346154
dequantize_rowwise,autotune,fp32,"cols=2048, rows=1024",1,1,0.0202,0.0201,0.0027,0.0077,0.0027,0.0026,7.41,2.61,7.6,7.83,-0.50,185.19,-3.70,0.350649
dequantize_rowwise,autotune,fp32,"cols=2048, rows=2048",1,1,0.0333,0.0334,0.0037,0.0119,0.004,0.004,9.12,2.82,8.38,8.31,0.30,221.62,0.00,0.310924
dequantize_rowwise,autotune,fp32,"cols=2048, rows=4096",1,1,0.0583,0.0587,0.0065,0.0205,0.0061,0.0062,8.94,2.86,9.53,9.5,0.69,215.38,1.64,0.317073
dequantize_rowwise,autotune,fp32,"cols=2048, rows=512",1,1,0.0126,0.0129,0.0021,0.0055,0.0023,0.0023,6,2.34,5.53,5.72,2.38,161.90,0.00,0.381818
dequantize_rowwise,autotune,fp32,"cols=4096, rows=1024",1,1,0.0331,0.0325,0.0037,0.0088,0.0038,0.0038,8.94,3.7,8.81,8.62,-1.81,137.84,0.00,0.420455
dequantize_rowwise,autotune,fp32,"cols=4096, rows=2048",1,1,0.0577,0.0574,0.0068,0.0143,0.0064,0.0063,8.46,4,8.97,9.18,-0.52,110.29,-1.56,0.475524
dequantize_rowwise,autotune,fp32,"cols=4096, rows=4096",1,1,0.1225,0.1223,0.0122,0.0242,0.0124,0.0118,10.08,5.05,9.9,10.37,-0.16,98.36,-4.84,0.504132
dequantize_rowwise,autotune,fp32,"cols=4096, rows=512",1,1,0.0196,0.0198,0.0028,0.0065,0.0034,0.0036,7.07,3.03,5.74,5.54,1.02,132.14,5.88,0.430769
dequantize_rowwise,autotune,fp32,"cols=512, rows=1024",1,1,0.0106,0.0111,0.0022,0.0074,0.0021,0.0022,4.77,1.49,4.93,5.15,4.72,236.36,4.76,0.297297
dequantize_rowwise,autotune,fp32,"cols=512, rows=2048",1,1,0.0135,0.013,0.0028,0.0109,0.0028,0.0027,4.75,1.19,4.86,4.87,-3.70,289.29,-3.57,0.256881
dequantize_rowwise,autotune,fp32,"cols=512, rows=4096",1,1,0.0197,0.0203,0.0043,0.0169,0.0038,0.0038,4.56,1.2,5.18,5.38,3.05,293.02,0.00,0.254438
dequantize_rowwise,autotune,fp32,"cols=512, rows=512",1,1,0.01,0.01,0.0019,0.0051,0.002,0.002,5.14,1.95,5.08,4.96,0.00,168.42,0.00,0.372549
dequantize_rowwise,autotune,fp32,"cols=8192, rows=1024",1,1,0.0575,0.0576,0.0064,0.0109,0.007,0.0069,9.03,5.27,8.26,8.3,0.17,70.31,-1.43,0.587156
dequantize_rowwise,autotune,fp32,"cols=8192, rows=2048",1,1,0.1222,0.1222,0.0118,0.0182,0.0129,0.0129,10.32,6.71,9.5,9.47,0.00,54.24,0.00,0.648352
dequantize_rowwise,autotune,fp32,"cols=8192, rows=4096",1,1,0.2549,0.2546,0.0206,0.0289,0.0229,0.0228,12.39,8.8,11.14,11.15,-0.12,40.29,-0.44,0.712803
dequantize_rowwise,autotune,fp32,"cols=8192, rows=512",1,1,0.0324,0.0323,0.0036,0.0076,0.0054,0.0052,8.87,4.28,6.04,6.18,-0.31,111.11,-3.70,0.473684
flash_attention,default,fp16,seq_len=1024,1,1,0.0507,0.0505,0.1532,0.1991,0.1549,0.1554,0.33,0.25,0.33,0.33,-0.39,29.96,0.32,0.769463
flash_attention,default,fp16,seq_len=10240,1,1,3.6116,3.598,10.3316,11.6447,9.6899,9.6911,0.35,0.31,0.37,0.37,-0.38,12.71,0.01,0.887236
flash_attention,default,fp16,seq_len=11264,1,1,4.4511,4.4313,12.4564,13.9734,11.6595,11.6676,0.36,0.32,0.38,0.38,-0.44,12.18,0.07,0.891437
flash_attention,default,fp16,seq_len=12288,1,1,5.3082,5.3209,14.7511,16.5433,13.8088,13.8188,0.36,0.32,0.38,0.39,0.24,12.15,0.07,0.891666
flash_attention,default,fp16,seq_len=13312,1,1,6.2719,6.2285,17.255,19.3336,16.1387,16.1505,0.36,0.32,0.39,0.39,-0.69,12.05,0.07,0.892488
flash_attention,default,fp16,seq_len=14336,1,1,7.3039,7.3789,19.9547,22.3363,18.65,18.6641,0.37,0.33,0.39,0.4,1.03,11.94,0.08,0.893375
flash_attention,default,fp16,seq_len=15360,1,1,8.2721,8.3987,22.8494,25.5625,21.3445,21.3598,0.36,0.33,0.39,0.39,1.53,11.87,0.07,0.893864
flash_attention,default,fp16,seq_len=16384,1,1,9.5616,9.5875,25.9261,28.9843,24.2149,24.2356,0.37,0.33,0.39,0.4,0.27,11.80,0.09,0.894488
flash_attention,default,fp16,seq_len=17408,1,1,10.7587,10.8346,29.2163,32.6312,27.2706,27.2921,0.37,0.33,0.39,0.4,0.71,11.69,0.08,0.895349
flash_attention,default,fp16,seq_len=18432,1,1,12.1079,12.148,32.6694,36.4782,30.5049,30.5212,0.37,0.33,0.4,0.4,0.33,11.66,0.05,0.895587
flash_attention,default,fp16,seq_len=19456,1,1,13.5089,13.6195,36.3481,40.5566,33.9272,33.9584,0.37,0.34,0.4,0.4,0.82,11.58,0.09,0.896231
flash_attention,default,fp16,seq_len=2048,1,1,0.1422,0.1396,0.4982,0.6075,0.4889,0.489,0.29,0.23,0.29,0.29,-1.83,21.94,0.02,0.820082
flash_attention,default,fp16,seq_len=20480,1,1,14.9108,15.0856,40.2137,44.8581,37.5338,37.5725,0.37,0.34,0.4,0.4,1.17,11.55,0.10,0.896465
flash_attention,default,fp16,seq_len=3072,1,1,0.3039,0.2975,1.047,1.2347,1.0045,1.0047,0.29,0.24,0.3,0.3,-2.11,17.93,0.02,0.847979
flash_attention,default,fp16,seq_len=4096,1,1,0.5229,0.518,1.7849,2.0684,1.7006,1.7004,0.29,0.25,0.31,0.3,-0.94,15.88,-0.01,0.862938
flash_attention,default,fp16,seq_len=5120,1,1,0.9095,0.8124,2.7207,3.1186,2.5794,2.5794,0.33,0.26,0.35,0.31,-10.68,14.62,0.00,0.872411
flash_attention,default,fp16,seq_len=6144,1,1,1.2922,1.2835,3.85,4.3876,3.6356,3.6355,0.34,0.29,0.36,0.35,-0.67,13.96,-0.00,0.877473
flash_attention,default,fp16,seq_len=7168,1,1,1.6919,1.7266,5.1783,5.8745,4.878,4.8778,0.33,0.29,0.35,0.35,2.05,13.44,-0.00,0.881488
flash_attention,default,fp16,seq_len=8192,1,1,2.3079,2.2547,6.7004,7.5749,6.2999,6.2996,0.34,0.3,0.37,0.36,-2.31,13.05,-0.00,0.884553
flash_attention,default,fp16,seq_len=9216,1,1,2.9264,2.8781,8.4214,9.4944,7.9029,7.9027,0.35,0.3,0.37,0.36,-1.65,12.74,-0.00,0.886986
flash_attention,autotune,fp16,seq_len=1024,1,1,0.0506,0.0505,0.1051,0.1097,0.099,0.0991,0.48,0.46,0.51,0.51,-0.20,4.38,0.10,0.958067
flash_attention,autotune,fp16,seq_len=10240,1,1,3.6921,3.6169,6.0099,5.2496,4.8372,4.7642,0.61,0.69,0.76,0.76,-2.04,-12.65,-1.51,1.14483
flash_attention,autotune,fp16,seq_len=11264,1,1,4.3993,4.4112,7.2443,6.3238,5.8408,5.722,0.61,0.7,0.75,0.77,0.27,-12.71,-2.03,1.14556
flash_attention,autotune,fp16,seq_len=12288,1,1,5.36,5.3499,8.6042,7.5102,6.9108,6.7778,0.62,0.71,0.78,0.79,-0.19,-12.71,-1.92,1.14567
flash_attention,autotune,fp16,seq_len=13312,1,1,6.3388,6.2785,10.0379,8.7777,8.0636,7.9264,0.63,0.72,0.79,0.79,-0.95,-12.55,-1.70,1.14357
flash_attention,autotune,fp16,seq_len=14336,1,1,7.2633,7.2983,11.6254,10.1084,9.315,9.119,0.62,0.72,0.78,0.8,0.48,-13.05,-2.10,1.15007
flash_attention,autotune,fp16,seq_len=15360,1,1,8.3927,8.3445,13.3157,11.5508,10.6537,10.4295,0.63,0.72,0.79,0.8,-0.57,-13.25,-2.10,1.15279
flash_attention,autotune,fp16,seq_len=16384,1,1,9.4774,9.5585,15.05,13.1166,12.0839,11.8428,0.63,0.73,0.78,0.81,0.86,-12.85,-2.00,1.1474
flash_attention,autotune,fp16,seq_len=17408,1,1,10.6481,10.7403,16.9635,14.7679,13.6014,13.3102,0.63,0.73,0.78,0.81,0.87,-12.94,-2.14,1.14867
flash_attention,autotune,fp16,seq_len=18432,1,1,11.9292,12.0688,19.0135,16.4945,15.2069,14.8936,0.63,0.73,0.78,0.81,1.17,-13.25,-2.06,1.15272
flash_attention,autotune,fp16,seq_len=19456,1,1,13.432,13.522,21.1607,18.3227,16.9099,16.5559,0.63,0.74,0.79,0.82,0.67,-13.41,-2.09,1.15489
flash_attention,autotune,fp16,seq_len=2048,1,1,0.1427,0.139,0.3125,0.2994,0.2783,0.2786,0.46,0.46,0.51,0.5,-2.59,-4.19,0.11,1.04375
flash_attention,autotune,fp16,seq_len=20480,1,1,14.8527,14.9482,23.4065,20.2914,18.697,18.3138,0.63,0.74,0.79,0.82,0.64,-13.31,-2.05,1.15352
flash_attention,autotune,fp16,seq_len=3072,1,1,0.3051,0.2965,0.6283,0.5816,0.5391,0.5393,0.49,0.51,0.57,0.55,-2.82,-7.43,0.04,1.0803
flash_attention,autotune,fp16,seq_len=4096,1,1,0.5399,0.5086,1.0522,0.9559,0.8817,0.8823,0.51,0.53,0.61,0.58,-5.80,-9.15,0.07,1.10074
flash_attention,autotune,fp16,seq_len=5120,1,1,0.8718,0.8439,1.5879,1.4231,1.307,1.3076,0.55,0.59,0.67,0.65,-3.20,-10.38,0.05,1.1158
flash_attention,autotune,fp16,seq_len=6144,1,1,1.2919,1.1738,2.2301,1.9827,1.8207,1.8179,0.58,0.59,0.71,0.65,-9.14,-11.09,-0.15,1.12478
flash_attention,autotune,fp16,seq_len=7168,1,1,1.5344,1.7195,2.9973,2.6387,2.4399,2.4066,0.51,0.65,0.63,0.71,12.06,-11.96,-1.36,1.1359
flash_attention,autotune,fp16,seq_len=8192,1,1,2.2962,2.2484,3.878,3.3989,3.1153,3.0958,0.59,0.66,0.74,0.73,-2.08,-12.35,-0.63,1.14096
flash_attention,autotune,fp16,seq_len=9216,1,1,2.9793,2.92,4.8929,4.2772,3.9267,3.8701,0.61,0.68,0.76,0.75,-1.99,-12.58,-1.44,1.14395
flash_decode,default,fp32,seq_len=10240,1,1,0.0304,0.0375,0.0081,0.0091,0.0243,0.0244,3.78,4.13,1.25,1.54,23.36,12.35,0.41,0.89011
flash_decode,default,fp32,seq_len=12288,1,1,0.03,0.0374,0.0076,0.0086,0.025,0.0249,3.92,4.33,1.2,1.5,24.67,13.16,-0.40,0.883721
flash_decode,default,fp32,seq_len=14336,1,1,0.0331,0.0381,0.0081,0.0094,0.0286,0.0289,4.07,4.06,1.16,1.32,15.11,16.05,1.05,0.861702
flash_decode,default,fp32,seq_len=16384,1,1,0.0325,0.0376,0.0098,0.0106,0.0327,0.0327,3.3,3.56,1,1.15,15.69,8.16,0.00,0.924528
flash_decode,default,fp32,seq_len=18432,1,1,0.0336,0.0389,0.0101,0.0114,0.0364,0.037,3.32,3.42,0.92,1.05,15.77,12.87,1.65,0.885965
flash_decode,default,fp32,seq_len=2048,1,1,0.0272,0.0347,0.003,0.0039,0.0067,0.0066,9.03,8.99,4.05,5.3,27.57,30.00,-1.49,0.769231
flash_decode,default,fp32,seq_len=20480,1,1,0.034,0.039,0.0113,0.0124,0.0403,0.0405,3.02,3.16,0.84,0.96,14.71,9.73,0.50,0.91129
flash_decode,default,fp32,seq_len=22528,1,1,0.0361,0.0404,0.012,0.0136,0.044,0.0455,3,2.97,0.82,0.89,11.91,13.33,3.41,0.882353
flash_decode,default,fp32,seq_len=24576,1,1,0.0356,0.0402,0.013,0.0144,0.0483,0.0492,2.73,2.79,0.74,0.82,12.92,10.77,1.86,0.902778
flash_decode,default,fp32,seq_len=26624,1,1,0.0372,0.0416,0.0157,0.0167,0.0578,0.0587,2.38,2.49,0.64,0.71,11.83,6.37,1.56,0.94012
flash_decode,default,fp32,seq_len=28672,1,1,0.0372,0.0416,0.0149,0.0163,0.0556,0.0568,2.49,2.55,0.67,0.73,11.83,9.40,2.16,0.91411
flash_decode,default,fp32,seq_len=30720,1,1,0.039,0.0432,0.0174,0.019,0.0655,0.0687,2.24,2.27,0.6,0.63,10.77,9.20,4.89,0.915789
flash_decode,default,fp32,seq_len=32768,1,1,0.038,0.0424,0.0171,0.0185,0.0639,0.0656,2.22,2.29,0.59,0.65,11.58,8.19,2.66,0.924324
flash_decode,default,fp32,seq_len=34816,1,1,0.0405,0.044,0.02,0.0204,0.0746,0.0739,2.03,2.16,0.54,0.6,8.64,2.00,-0.94,0.980392
flash_decode,default,fp32,seq_len=36864,1,1,0.0406,0.0438,0.0187,0.0203,0.0708,0.0726,2.17,2.16,0.57,0.6,7.88,8.56,2.54,0.921182
flash_decode,default,fp32,seq_len=38912,1,1,0.042,0.0448,0.0219,0.0229,0.0831,0.081,1.92,1.96,0.51,0.55,6.67,4.57,-2.53,0.956332
flash_decode,default,fp32,seq_len=4096,1,1,0.0296,0.0367,0.0045,0.0054,0.0114,0.0117,6.64,6.76,2.58,3.13,23.99,20.00,2.63,0.833333
flash_decode,default,fp32,seq_len=40960,1,1,0.0409,0.0446,0.0206,0.0223,0.0779,0.0805,1.98,2,0.52,0.55,9.05,8.25,3.34,0.923767
flash_decode,default,fp32,seq_len=6144,1,1,0.0303,0.0374,0.0047,0.0057,0.0135,0.0138,6.43,6.54,2.25,2.71,23.43,21.28,2.22,0.824561
flash_decode,default,fp32,seq_len=8192,1,1,0.0293,0.0366,0.0058,0.0066,0.0172,0.0176,5.07,5.57,1.7,2.08,24.91,13.79,2.33,0.878788
flash_decode,autotune,fp32,seq_len=10240,1,1,0.0298,0.0364,0.0081,0.0092,0.0237,0.024,3.7,3.97,1.26,1.52,22.15,13.58,1.27,0.880435
flash_decode,autotune,fp32,seq_len=12288,1,1,0.0295,0.0369,0.0077,0.0086,0.0241,0.0244,3.83,4.3,1.23,1.52,25.08,11.69,1.24,0.895349
flash_decode,autotune,fp32,seq_len=14336,1,1,0.0323,0.0381,0.0082,0.0094,0.0285,0.0281,3.96,4.06,1.14,1.36,17.96,14.63,-1.40,0.87234
flash_decode,autotune,fp32,seq_len=16384,1,1,0.0318,0.0372,0.0099,0.0106,0.0319,0.0319,3.22,3.51,1,1.17,16.98,7.07,0.00,0.933962
flash_decode,autotune,fp32,seq_len=18432,1,1,0.033,0.0394,0.012,0.0129,0.0422,0.043,2.76,3.05,0.78,0.92,19.39,7.50,1.90,0.930233
flash_decode,autotune,fp32,seq_len=2048,1,1,0.0273,0.0348,0.003,0.0039,0.0068,0.0063,8.95,8.99,4.03,5.49,27.47,30.00,-7.35,0.769231
flash_decode,autotune,fp32,seq_len=20480,1,1,0.0346,0.0392,0.0133,0.0142,0.0468,0.0474,2.6,2.75,0.74,0.83,13.29,6.77,1.28,0.93662
flash_decode,autotune,fp32,seq_len=22528,1,1,0.0357,0.0391,0.0144,0.015,0.0515,0.0491,2.48,2.6,0.69,0.8,9.52,4.17,-4.66,0.96
flash_decode,autotune,fp32,seq_len=24576,1,1,0.0355,0.0408,0.016,0.0171,0.0572,0.0587,2.21,2.39,0.62,0.69,14.93,6.88,2.62,0.935673
flash_decode,autotune,fp32,seq_len=26624,1,1,0.0366,0.0417,0.0161,0.0171,0.0586,0.0574,2.27,2.44,0.62,0.73,13.93,6.21,-2.05,0.94152
flash_decode,autotune,fp32,seq_len=28672,1,1,0.0376,0.0413,0.0184,0.0188,0.0663,0.0658,2.05,2.2,0.57,0.63,9.84,2.17,-0.75,0.978723
flash_decode,autotune,fp32,seq_len=30720,1,1,0.0373,0.0427,0.0187,0.0197,0.0678,0.0669,1.99,2.16,0.55,0.64,14.48,5.35,-1.33,0.949239
flash_decode,autotune,fp32,seq_len=32768,1,1,0.0385,0.0428,0.021,0.0226,0.0773,0.0786,1.83,1.89,0.5,0.54,11.17,7.62,1.68,0.929204
flash_decode,autotune,fp32,seq_len=34816,1,1,0.0391,0.0433,0.0209,0.022,0.0773,0.0755,1.87,1.97,0.51,0.57,10.74,5.26,-2.33,0.95
flash_decode,autotune,fp32,seq_len=36864,1,1,0.0411,0.0434,0.0232,0.0241,0.0848,0.0853,1.77,1.8,0.48,0.51,5.60,3.88,0.59,0.962656
flash_decode,autotune,fp32,seq_len=38912,1,1,0.041,0.0441,0.0225,0.0236,0.0821,0.083,1.82,1.87,0.5,0.53,7.56,4.89,1.10,0.95339
flash_decode,autotune,fp32,seq_len=4096,1,1,0.0291,0.0362,0.0044,0.0055,0.0114,0.0116,6.58,6.64,2.56,3.12,24.40,25.00,1.75,0.8
flash_decode,autotune,fp32,seq_len=40960,1,1,0.0403,0.0448,0.0241,0.0245,0.0895,0.0878,1.67,1.83,0.45,0.51,11.17,1.66,-1.90,0.983673
flash_decode,autotune,fp32,seq_len=6144,1,1,0.0302,0.0382,0.0047,0.0057,0.0132,0.0134,6.37,6.74,2.28,2.85,26.49,21.28,1.52,0.824561
flash_decode,autotune,fp32,seq_len=8192,1,1,0.0281,0.0363,0.0058,0.0066,0.0173,0.0171,4.89,5.47,1.63,2.13,29.18,13.79,-1.16,0.878788
interleave,default,bf16,n=1000000,1,1,0.0086,0.0086,0.0025,0.0104,0.0026,0.0026,3.48,0.83,3.32,3.38,0.00,316.00,0.00,0.240385
interleave,default,bf16,n=10000000,1,1,0.0515,0.0515,0.0148,0.0603,0.0148,0.0149,3.49,0.85,3.49,3.45,0.00,307.43,0.68,0.245439
interleave,default,bf16,n=11000000,1,1,0.0559,0.0564,0.016,0.0655,0.016,0.0159,3.5,0.86,3.49,3.55,0.89,309.38,-0.62,0.244275
interleave,default,bf16,n=12000000,1,1,0.0608,0.0607,0.0169,0.0707,0.0171,0.0169,3.59,0.86,3.56,3.6,-0.16,318.34,-1.17,0.239038
interleave,default,bf16,n=13000000,1,1,0.0653,0.0651,0.0182,0.0759,0.0182,0.0182,3.6,0.86,3.59,3.58,-0.31,317.03,0.00,0.239789
interleave,default,bf16,n=14000000,1,1,0.0698,0.0698,0.0193,0.0811,0.0194,0.0193,3.61,0.86,3.59,3.62,0.00,320.21,-0.52,0.237978
interleave,default,bf16,n=15000000,1,1,0.0742,0.0744,0.0206,0.0866,0.0207,0.0205,3.6,0.86,3.59,3.62,0.27,320.39,-0.97,0.237875
interleave,default,bf16,n=16000000,1,1,0.079,0.0791,0.0216,0.0917,0.0216,0.0217,3.66,0.86,3.65,3.64,0.13,324.54,0.46,0.235551
interleave,default,bf16,n=17000000,1,1,0.0835,0.0837,0.0229,0.0969,0.0229,0.023,3.65,0.86,3.64,3.63,0.24,323.14,0.44,0.236326
interleave,default,bf16,n=18000000,1,1,0.0885,0.0882,0.024,0.1022,0.024,0.0241,3.68,0.86,3.68,3.65,-0.34,325.83,0.42,0.234834
interleave,default,bf16,n=19000000,1,1,0.0933,0.0938,0.0252,0.1074,0.0252,0.0253,3.71,0.87,3.71,3.71,0.54,326.19,0.40,0.234637
interleave,default,bf16,n=2000000,1,1,0.0126,0.0126,0.0036,0.017,0.0037,0.0037,3.51,0.74,3.42,3.43,0.00,372.22,0.00,0.211765
interleave,default,bf16,n=20000000,1,1,0.0985,0.0985,0.0265,0.1125,0.0266,0.0265,3.72,0.88,3.7,3.71,0.00,324.53,-0.38,0.235556
interleave,default,bf16,n=3000000,1,1,0.0166,0.0166,0.0051,0.0226,0.0053,0.0054,3.22,0.73,3.13,3.09,0.00,343.14,1.89,0.225664
interleave,default,bf16,n=4000000,1,1,0.0215,0.0214,0.007,0.0281,0.007,0.0069,3.08,0.76,3.06,3.12,-0.47,301.43,-1.43,0.24911
interleave,default,bf16,n=5000000,1,1,0.0268,0.0268,0.0084,0.0342,0.0084,0.0086,3.19,0.78,3.19,3.11,0.00,307.14,2.38,0.245614
interleave,default,bf16,n=6000000,1,1,0.032,0.0323,0.0098,0.0392,0.0098,0.0098,3.27,0.82,3.26,3.29,0.94,300.00,0.00,0.25
interleave,default,bf16,n=7000000,1,1,0.0368,0.0372,0.0111,0.0447,0.0111,0.011,3.32,0.83,3.31,3.37,1.09,302.70,-0.90,0.248322
interleave,default,bf16,n=8000000,1,1,0.042,0.0426,0.0122,0.0497,0.0123,0.0123,3.44,0.86,3.43,3.47,1.43,307.38,0.00,0.245473
interleave,default,bf16,n=9000000,1,1,0.0473,0.0472,0.0138,0.0551,0.0138,0.0135,3.43,0.86,3.42,3.51,-0.21,299.28,-2.17,0.250454
interleave,default,fp16,n=1000000,1,1,0.0087,0.0087,0.0026,0.0105,0.0027,0.0026,3.34,0.83,3.29,3.31,0.00,303.85,-3.70,0.247619
interleave,default,fp16,n=10000000,1,1,0.0518,0.0513,0.0145,0.0603,0.0145,0.0147,3.57,0.85,3.56,3.49,-0.97,315.86,1.38,0.240464
interleave,default,fp16,n=11000000,1,1,0.0563,0.0559,0.0159,0.0656,0.0159,0.0158,3.55,0.85,3.54,3.53,-0.71,312.58,-0.63,0.242378
interleave,default,fp16,n=12000000,1,1,0.0608,0.0608,0.017,0.0707,0.0171,0.017,3.58,0.86,3.56,3.57,0.00,315.88,-0.58,0.240453
interleave,default,fp16,n=13000000,1,1,0.0657,0.0653,0.0181,0.0762,0.0182,0.0181,3.63,0.86,3.61,3.61,-0.61,320.99,-0.55,0.237533
interleave,default,fp16,n=14000000,1,1,0.0699,0.0699,0.0194,0.0811,0.0195,0.0193,3.6,0.86,3.59,3.61,0.00,318.04,-1.03,0.239211
interleave,default,fp16,n=15000000,1,1,0.0743,0.0746,0.0206,0.0865,0.0206,0.0206,3.61,0.86,3.6,3.62,0.40,319.90,0.00,0.23815
interleave,default,fp16,n=16000000,1,1,0.0787,0.079,0.0217,0.0918,0.0217,0.0217,3.63,0.86,3.63,3.64,0.38,323.04,0.00,0.236383
interleave,default,fp16,n=17000000,1,1,0.0834,0.0832,0.0227,0.0969,0.0227,0.0231,3.67,0.86,3.67,3.6,-0.24,326.87,1.76,0.234262
interleave,default,fp16,n=18000000,1,1,0.0883,0.0881,0.024,0.1021,0.024,0.0242,3.68,0.86,3.68,3.65,-0.23,325.42,0.83,0.235064
interleave,default,fp16,n=19000000,1,1,0.0934,0.0931,0.0252,0.1074,0.0252,0.0252,3.71,0.87,3.7,3.69,-0.32,326.19,0.00,0.234637
interleave,default,fp16,n=2000000,1,1,0.0128,0.0128,0.0038,0.0173,0.0039,0.0038,3.39,0.74,3.33,3.36,0.00,355.26,-2.56,0.219653
interleave,default,fp16,n=20000000,1,1,0.0986,0.0987,0.0263,0.1126,0.0264,0.0263,3.74,0.88,3.73,3.75,0.10,328.14,-0.38,0.23357
interleave,default,fp16,n=3000000,1,1,0.0169,0.0164,0.0052,0.0227,0.0053,0.0053,3.24,0.72,3.2,3.07,-2.96,336.54,0.00,0.229075
interleave,default,fp16,n=4000000,1,1,0.0218,0.0217,0.0069,0.0281,0.007,0.0066,3.15,0.77,3.13,3.32,-0.46,307.25,-5.71,0.245552
interleave,default,fp16,n=5000000,1,1,0.0267,0.0267,0.0084,0.034,0.0084,0.0084,3.18,0.78,3.17,3.18,0.00,304.76,0.00,0.247059
interleave,default,fp16,n=6000000,1,1,0.032,0.0322,0.0098,0.0392,0.01,0.0097,3.28,0.82,3.2,3.32,0.62,300.00,-3.00,0.25
interleave,default,fp16,n=7000000,1,1,0.0373,0.0374,0.0111,0.0445,0.0111,0.0112,3.37,0.84,3.36,3.33,0.27,300.90,0.90,0.249438
interleave,default,fp16,n=8000000,1,1,0.0421,0.0418,0.0123,0.0497,0.0124,0.0123,3.43,0.84,3.4,3.39,-0.71,304.07,-0.81,0.247485
interleave,default,fp16,n=9000000,1,1,0.0471,0.0474,0.0135,0.0549,0.0136,0.0133,3.49,0.86,3.48,3.55,0.64,306.67,-2.21,0.245902
interleave,default,fp32,n=1000000,1,1,0.0089,0.0089,0.0037,0.0113,0.0039,0.0039,2.42,0.78,2.28,2.28,0.00,205.41,0.00,0.327434
interleave,default,fp32,n=10000000,1,1,0.0693,0.0692,0.0263,0.0639,0.0301,0.0302,2.63,1.08,2.3,2.29,-0.14,142.97,0.33,0.411581
interleave,default,fp32,n=11000000,1,1,0.0786,0.0795,0.0288,0.0694,0.0328,0.0328,2.73,1.15,2.4,2.42,1.15,140.97,0.00,0.414986
interleave,default,fp32,n=12000000,1,1,0.0875,0.0883,0.031,0.0749,0.0355,0.0355,2.82,1.18,2.46,2.49,0.91,141.61,0.00,0.413885
interleave,default,fp32,n=13000000,1,1,0.0949,0.0954,0.0333,0.0805,0.0381,0.0381,2.85,1.18,2.49,2.51,0.53,141.74,0.00,0.413665
interleave,default,fp32,n=14000000,1,1,0.102,0.1018,0.0357,0.0859,0.0406,0.0407,2.86,1.19,2.51,2.5,-0.20,140.62,0.25,0.4156
interleave,default,fp32,n=15000000,1,1,0.1078,0.1085,0.038,0.0915,0.0434,0.0434,2.83,1.18,2.49,2.5,0.65,140.79,0.00,0.415301
interleave,default,fp32,n=16000000,1,1,0.1149,0.1152,0.0404,0.0973,0.046,0.046,2.85,1.18,2.5,2.5,0.26,140.84,0.00,0.415211
interleave,default,fp32,n=17000000,1,1,0.1213,0.1216,0.0425,0.1027,0.0487,0.0486,2.85,1.18,2.49,2.5,0.25,141.65,-0.21,0.413827
interleave,default,fp32,n=18000000,1,1,0.1283,0.1281,0.045,0.1079,0.0513,0.0512,2.85,1.19,2.5,2.5,-0.16,139.78,-0.19,0.417053
interleave,default,fp32,n=19000000,1,1,0.1348,0.1343,0.0474,0.1137,0.0538,0.0538,2.85,1.18,2.51,2.49,-0.37,139.87,0.00,0.416887
interleave,default,fp32,n=2000000,1,1,0.0147,0.0147,0.0064,0.0188,0.0071,0.0071,2.28,0.78,2.06,2.06,0.00,193.75,0.00,0.340426
interleave,default,fp32,n=20000000,1,1,0.1406,0.1412,0.0497,0.119,0.0565,0.0565,2.83,1.19,2.49,2.5,0.43,139.44,0.00,0.417647
interleave,default,fp32,n=3000000,1,1,0.0224,0.0218,0.0096,0.0244,0.0107,0.0107,2.33,0.89,2.1,2.03,-2.68,154.17,0.00,0.393443
interleave,default,fp32,n=4000000,1,1,0.0304,0.0305,0.0123,0.0302,0.0136,0.0135,2.48,1.01,2.24,2.26,0.33,145.53,-0.74,0.407285
interleave,default,fp32,n=5000000,1,1,0.0374,0.0371,0.0146,0.0365,0.0163,0.0164,2.56,1.02,2.29,2.26,-0.80,150.00,0.61,0.4
interleave,default,fp32,n=6000000,1,1,0.0438,0.0436,0.0169,0.0417,0.0191,0.0192,2.59,1.05,2.29,2.27,-0.46,146.75,0.52,0.405276
interleave,default,fp32,n=7000000,1,1,0.0499,0.0494,0.0192,0.0475,0.022,0.022,2.59,1.04,2.27,2.25,-1.00,147.40,0.00,0.404211
interleave,default,fp32,n=8000000,1,1,0.0561,0.0562,0.0217,0.0527,0.0247,0.0246,2.59,1.06,2.27,2.28,0.18,142.86,-0.40,0.411765
interleave,default,fp32,n=9000000,1,1,0.0619,0.0618,0.024,0.0584,0.0275,0.0276,2.58,1.06,2.25,2.24,-0.16,143.33,0.36,0.410959
interleave,default,int8,n=1000000,1,1,0.0081,0.0078,0.0021,0.01,0.0024,0.0022,3.81,0.78,3.42,3.53,-3.70,376.19,-8.33,0.21
interleave,default,int8,n=10000000,1,1,0.0446,0.0447,0.0087,0.0572,0.009,0.009,5.11,0.78,4.94,4.95,0.22,557.47,0.00,0.152098
interleave,default,int8,n=11000000,1,1,0.0492,0.0495,0.0097,0.0623,0.01,0.0099,5.08,0.79,4.92,5.02,0.61,542.27,-1.00,0.155698
interleave,default,int8,n=12000000,1,1,0.0538,0.0543,0.0103,0.0672,0.0106,0.0107,5.22,0.81,5.06,5.06,0.93,552.43,0.94,0.153274
interleave,default,int8,n=13000000,1,1,0.0585,0.0586,0.0109,0.0723,0.0112,0.0113,5.36,0.81,5.21,5.2,0.17,563.30,0.89,0.150761
interleave,default,int8,n=14000000,1,1,0.0631,0.0631,0.0115,0.0772,0.0118,0.0119,5.51,0.82,5.36,5.31,0.00,571.30,0.85,0.148964
interleave,default,int8,n=15000000,1,1,0.0672,0.0674,0.0125,0.0822,0.0129,0.0127,5.35,0.82,5.21,5.33,0.30,557.60,-1.55,0.152068
interleave,default,int8,n=16000000,1,1,0.0718,0.0717,0.0132,0.0874,0.0135,0.0133,5.45,0.82,5.32,5.38,-0.14,562.12,-1.48,0.15103
interleave,default,int8,n=17000000,1,1,0.0761,0.076,0.0134,0.0922,0.0139,0.0138,5.68,0.82,5.48,5.49,-0.13,588.06,-0.72,0.145336
interleave,default,int8,n=18000000,1,1,0.0801,0.0801,0.0144,0.0975,0.0148,0.0145,5.55,0.82,5.41,5.54,0.00,577.08,-2.03,0.147692
interleave,default,int8,n=19000000,1,1,0.0843,0.0842,0.0151,0.1021,0.0156,0.0153,5.59,0.82,5.42,5.5,-0.12,576.16,-1.92,0.147894
interleave,default,int8,n=2000000,1,1,0.0116,0.0117,0.0026,0.0149,0.0029,0.0029,4.43,0.78,3.95,3.99,0.86,473.08,0.00,0.174497
interleave,default,int8,n=20000000,1,1,0.0884,0.0886,0.0154,0.1072,0.0159,0.016,5.73,0.83,5.55,5.54,0.23,596.10,0.63,0.143657
interleave,default,int8,n=3000000,1,1,0.0147,0.0145,0.0034,0.0211,0.0036,0.0036,4.38,0.68,4.07,4.04,-1.36,520.59,0.00,0.161137
interleave,default,int8,n=4000000,1,1,0.0174,0.0187,0.0039,0.0263,0.0043,0.0044,4.5,0.71,4.08,4.22,7.47,574.36,2.33,0.148289
interleave,default,int8,n=5000000,1,1,0.021,0.0224,0.0046,0.0314,0.0049,0.0051,4.6,0.71,4.28,4.41,6.67,582.61,4.08,0.146497
interleave,default,int8,n=6000000,1,1,0.0255,0.0257,0.0055,0.0367,0.0058,0.0057,4.67,0.7,4.41,4.47,0.78,567.27,-1.72,0.149864
interleave,default,int8,n=7000000,1,1,0.0298,0.03,0.0062,0.0415,0.0066,0.0067,4.77,0.72,4.53,4.5,0.67,569.35,1.52,0.149398
interleave,default,int8,n=8000000,1,1,0.0353,0.0352,0.0072,0.0475,0.0076,0.0076,4.87,0.74,4.66,4.62,-0.28,559.72,0.00,0.151579
interleave,default,int8,n=9000000,1,1,0.0395,0.0397,0.0078,0.0525,0.0082,0.0083,5.04,0.76,4.82,4.77,0.51,573.08,1.22,0.148571
interleave,autotune,bf16,n=1000000,1,1,0.0085,0.0087,0.0025,0.0069,0.0031,0.0026,3.43,1.26,2.72,3.36,2.35,176.00,-16.13,0.362319
interleave,autotune,bf16,n=10000000,1,1,0.0515,0.0517,0.0144,0.0219,0.0145,0.0148,3.57,2.36,3.55,3.49,0.39,52.08,2.07,0.657534
interleave,autotune,bf16,n=11000000,1,1,0.0562,0.0562,0.017,0.0236,0.0159,0.0161,3.3,2.38,3.54,3.5,0.00,38.82,1.26,0.720339
interleave,autotune,bf16,n=12000000,1,1,0.0607,0.061,0.0168,0.025,0.0169,0.0172,3.62,2.44,3.6,3.54,0.49,48.81,1.78,0.672
interleave,autotune,bf16,n=13000000,1,1,0.0652,0.0655,0.0183,0.0265,0.0184,0.0181,3.56,2.47,3.55,3.62,0.46,44.81,-1.63,0.690566
interleave,autotune,bf16,n=14000000,1,1,0.0702,0.07,0.0193,0.0279,0.0194,0.0196,3.63,2.5,3.62,3.56,-0.28,44.56,1.03,0.691756
interleave,autotune,bf16,n=15000000,1,1,0.0743,0.0745,0.0204,0.0301,0.0205,0.0208,3.64,2.47,3.63,3.59,0.27,47.55,1.46,0.677741
interleave,autotune,bf16,n=16000000,1,1,0.0788,0.079,0.0215,0.0317,0.0217,0.0216,3.66,2.5,3.63,3.66,0.25,47.44,-0.46,0.678233
interleave,autotune,bf16,n=17000000,1,1,0.0834,0.0835,0.023,0.0327,0.0233,0.0228,3.62,2.55,3.59,3.66,0.12,42.17,-2.15,0.703364
interleave,autotune,bf16,n=18000000,1,1,0.0883,0.0885,0.024,0.0343,0.0244,0.0242,3.67,2.58,3.62,3.66,0.23,42.92,-0.82,0.699708
interleave,autotune,bf16,n=19000000,1,1,0.0931,0.0938,0.0252,0.0356,0.0253,0.0252,3.69,2.63,3.68,3.73,0.75,41.27,-0.40,0.707865
interleave,autotune,bf16,n=2000000,1,1,0.0122,0.0124,0.0034,0.0087,0.0037,0.0036,3.6,1.42,3.34,3.39,1.64,155.88,-2.70,0.390805
interleave,autotune,bf16,n=20000000,1,1,0.0982,0.0986,0.0262,0.0371,0.0265,0.0262,3.75,2.66,3.71,3.77,0.41,41.60,-1.13,0.706199
interleave,autotune,bf16,n=3000000,1,1,0.0167,0.0166,0.0056,0.0101,0.0055,0.0053,2.98,1.64,3.04,3.16,-0.60,80.36,-3.64,0.554455
interleave,autotune,bf16,n=4000000,1,1,0.0214,0.0213,0.0066,0.0112,0.0072,0.0064,3.25,1.9,2.96,3.34,-0.47,69.70,-11.11,0.589286
interleave,autotune,bf16,n=5000000,1,1,0.0267,0.0263,0.0079,0.0138,0.0081,0.0082,3.39,1.9,3.31,3.19,-1.50,74.68,1.23,0.572464
interleave,autotune,bf16,n=6000000,1,1,0.0319,0.0323,0.0094,0.015,0.0097,0.0099,3.38,2.16,3.29,3.25,1.25,59.57,2.06,0.626667
interleave,autotune,bf16,n=7000000,1,1,0.0372,0.0372,0.0106,0.0166,0.0109,0.0111,3.5,2.24,3.42,3.34,0.00,56.60,1.83,0.638554
interleave,autotune,bf16,n=8000000,1,1,0.0424,0.0423,0.0123,0.0196,0.0124,0.0121,3.44,2.16,3.41,3.48,-0.24,59.35,-2.42,0.627551
interleave,autotune,bf16,n=9000000,1,1,0.047,0.0471,0.0131,0.0207,0.0136,0.0134,3.6,2.28,3.45,3.51,0.21,58.02,-1.47,0.63285
interleave,autotune,fp16,n=1000000,1,1,0.0087,0.0087,0.0027,0.0071,0.0033,0.0027,3.29,1.22,2.68,3.26,0.00,162.96,-18.18,0.380282
interleave,autotune,fp16,n=10000000,1,1,0.0519,0.0518,0.0145,0.0222,0.0145,0.0146,3.58,2.33,3.57,3.55,-0.19,53.10,0.69,0.653153
interleave,autotune,fp16,n=11000000,1,1,0.0561,0.0568,0.017,0.0236,0.0159,0.0157,3.3,2.41,3.54,3.63,1.25,38.82,-1.26,0.720339
interleave,autotune,fp16,n=12000000,1,1,0.0609,0.0605,0.017,0.0251,0.0171,0.0169,3.59,2.41,3.56,3.57,-0.66,47.65,-1.17,0.677291
interleave,autotune,fp16,n=13000000,1,1,0.0651,0.0655,0.0184,0.0264,0.0184,0.0182,3.54,2.48,3.54,3.6,0.61,43.48,-1.09,0.69697
interleave,autotune,fp16,n=14000000,1,1,0.0699,0.0698,0.0193,0.0282,0.0194,0.0194,3.62,2.48,3.61,3.6,-0.14,46.11,0.00,0.684397
interleave,autotune,fp16,n=15000000,1,1,0.0743,0.0743,0.0204,0.0301,0.0206,0.0204,3.64,2.47,3.61,3.64,0.00,47.55,-0.97,0.677741
interleave,autotune,fp16,n=16000000,1,1,0.0786,0.0789,0.0215,0.0315,0.0218,0.0219,3.65,2.5,3.61,3.61,0.38,46.51,0.46,0.68254
interleave,autotune,fp16,n=17000000,1,1,0.0831,0.0835,0.0228,0.0329,0.0228,0.0228,3.65,2.54,3.64,3.66,0.48,44.30,0.00,0.693009
interleave,autotune,fp16,n=18000000,1,1,0.0883,0.0887,0.0242,0.0342,0.0243,0.0244,3.65,2.59,3.63,3.64,0.45,41.32,0.41,0.707602
interleave,autotune,fp16,n=19000000,1,1,0.0933,0.0933,0.0251,0.0357,0.0252,0.0251,3.72,2.61,3.7,3.72,0.00,42.23,-0.40,0.703081
interleave,autotune,fp16,n=2000000,1,1,0.0127,0.0127,0.0037,0.0089,0.0038,0.0038,3.45,1.43,3.3,3.31,0.00,140.54,0.00,0.41573
interleave,autotune,fp16,n=20000000,1,1,0.0987,0.0989,0.0263,0.0371,0.0266,0.0265,3.76,2.67,3.71,3.73,0.20,41.06,-0.38,0.708895
interleave,autotune,fp16,n=3000000,1,1,0.017,0.0164,0.0058,0.0101,0.0056,0.0053,2.94,1.63,3.02,3.11,-3.53,74.14,-5.36,0.574257
interleave,autotune,fp16,n=4000000,1,1,0.0215,0.0217,0.0068,0.0112,0.0075,0.0066,3.15,1.93,2.87,3.3,0.93,64.71,-12.00,0.607143
interleave,autotune,fp16,n=5000000,1,1,0.0266,0.0266,0.008,0.0139,0.0083,0.0082,3.31,1.9,3.21,3.22,0.00,73.75,-1.20,0.57554
interleave,autotune,fp16,n=6000000,1,1,0.0318,0.0317,0.0102,0.015,0.0096,0.01,3.11,2.11,3.31,3.18,-0.31,47.06,4.17,0.68
interleave,autotune,fp16,n=7000000,1,1,0.0368,0.0374,0.0106,0.0166,0.0108,0.0112,3.47,2.25,3.41,3.36,1.63,56.60,3.70,0.638554
interleave,autotune,fp16,n=8000000,1,1,0.0421,0.0421,0.0123,0.0196,0.0124,0.0122,3.43,2.15,3.4,3.46,0.00,59.35,-1.61,0.627551
interleave,autotune,fp16,n=9000000,1,1,0.0473,0.047,0.0134,0.0205,0.0137,0.0136,3.54,2.29,3.46,3.45,-0.63,52.99,-0.73,0.653659
interleave,autotune,fp32,n=1000000,1,1,0.0089,0.0089,0.0035,0.0086,0.0059,0.0037,2.53,1.04,1.53,2.38,0.00,145.71,-37.29,0.406977
interleave,autotune,fp32,n=10000000,1,1,0.0695,0.0694,0.0264,0.0368,0.03,0.0302,2.63,1.89,2.32,2.3,-0.14,39.39,0.67,0.717391
interleave,autotune,fp32,n=11000000,1,1,0.0797,0.0796,0.0286,0.0402,0.0333,0.0327,2.78,1.98,2.39,2.43,-0.13,40.56,-1.80,0.711443
interleave,autotune,fp32,n=12000000,1,1,0.0884,0.0884,0.0309,0.0434,0.0355,0.0355,2.86,2.04,2.49,2.49,0.00,40.45,0.00,0.711982
interleave,autotune,fp32,n=13000000,1,1,0.0954,0.0951,0.033,0.046,0.0379,0.038,2.89,2.07,2.52,2.5,-0.31,39.39,0.26,0.717391
interleave,autotune,fp32,n=14000000,1,1,0.1015,0.1022,0.0353,0.0488,0.0409,0.041,2.87,2.09,2.48,2.49,0.69,38.24,0.24,0.723361
interleave,autotune,fp32,n=15000000,1,1,0.1081,0.1084,0.0374,0.0521,0.0433,0.0433,2.89,2.08,2.5,2.5,0.28,39.30,0.00,0.71785
interleave,autotune,fp32,n=16000000,1,1,0.1154,0.1153,0.0401,0.055,0.0459,0.0459,2.88,2.1,2.52,2.51,-0.09,37.16,0.00,0.729091
interleave,autotune,fp32,n=17000000,1,1,0.1214,0.1219,0.0421,0.0577,0.0484,0.0486,2.88,2.11,2.51,2.51,0.41,37.05,0.41,0.729636
interleave,autotune,fp32,n=18000000,1,1,0.1276,0.1285,0.0444,0.061,0.0453,0.0452,2.88,2.11,2.82,2.84,0.71,37.39,-0.22,0.727869
interleave,autotune,fp32,n=19000000,1,1,0.1352,0.1347,0.0469,0.0639,0.0538,0.0537,2.89,2.11,2.51,2.51,-0.37,36.25,-0.19,0.733959
interleave,autotune,fp32,n=2000000,1,1,0.0145,0.0145,0.0067,0.0112,0.0071,0.0071,2.15,1.29,2.04,2.05,0.00,67.16,0.00,0.598214
interleave,autotune,fp32,n=20000000,1,1,0.1405,0.1408,0.0489,0.0666,0.0547,0.0564,2.87,2.11,2.57,2.49,0.21,36.20,3.11,0.734234
interleave,autotune,fp32,n=3000000,1,1,0.0221,0.0218,0.0096,0.0141,0.0097,0.012,2.29,1.54,2.28,1.81,-1.36,46.88,23.71,0.680851
interleave,autotune,fp32,n=4000000,1,1,0.0301,0.0301,0.0122,0.0197,0.0123,0.0151,2.46,1.53,2.44,2,0.00,61.48,22.76,0.619289
interleave,autotune,fp32,n=5000000,1,1,0.0375,0.0369,0.0146,0.0219,0.0151,0.0151,2.58,1.68,2.49,2.44,-1.60,50.00,0.00,0.666667
interleave,autotune,fp32,n=6000000,1,1,0.0429,0.0433,0.017,0.0251,0.0174,0.0192,2.52,1.73,2.46,2.25,0.93,47.65,10.34,0.677291
interleave,autotune,fp32,n=7000000,1,1,0.0495,0.0492,0.0194,0.0274,0.024,0.0197,2.54,1.8,2.06,2.5,-0.61,41.24,-17.92,0.708029
interleave,autotune,fp32,n=8000000,1,1,0.0558,0.0559,0.0216,0.0316,0.0246,0.0264,2.58,1.77,2.27,2.11,0.18,46.30,7.32,0.683544
interleave,autotune,fp32,n=9000000,1,1,0.062,0.0618,0.0241,0.0341,0.0284,0.0273,2.58,1.81,2.18,2.26,-0.32,41.49,-3.87,0.706745
interleave,autotune,int8,n=1000000,1,1,0.0082,0.0077,0.0021,0.0059,0.0029,0.0022,3.93,1.32,2.8,3.47,-6.10,180.95,-24.14,0.355932
interleave,autotune,int8,n=10000000,1,1,0.0442,0.0447,0.0078,0.016,0.009,0.009,5.66,2.79,4.93,4.95,1.13,105.13,0.00,0.4875
interleave,autotune,int8,n=11000000,1,1,0.0492,0.0493,0.0086,0.0186,0.0089,0.0098,5.74,2.65,5.51,5.01,0.20,116.28,10.11,0.462366
interleave,autotune,int8,n=12000000,1,1,0.054,0.0541,0.0091,0.019,0.0104,0.0106,5.95,2.85,5.19,5.1,0.19,108.79,1.92,0.478947
interleave,autotune,int8,n=13000000,1,1,0.0583,0.0586,0.0105,0.02,0.0113,0.0111,5.57,2.94,5.15,5.27,0.51,90.48,-1.77,0.525
interleave,autotune,int8,n=14000000,1,1,0.0632,0.0632,0.0109,0.021,0.0115,0.0112,5.8,3.01,5.49,5.66,0.00,92.66,-2.61,0.519048
interleave,autotune,int8,n=15000000,1,1,0.0676,0.0674,0.0125,0.0217,0.0128,0.0127,5.42,3.11,5.29,5.32,-0.30,73.60,-0.78,0.576037
interleave,autotune,int8,n=16000000,1,1,0.0716,0.0718,0.0128,0.0226,0.0132,0.0135,5.59,3.18,5.4,5.33,0.28,76.56,2.27,0.566372
interleave,autotune,int8,n=17000000,1,1,0.0759,0.0758,0.0133,0.0235,0.0143,0.0141,5.73,3.23,5.31,5.39,-0.13,76.69,-1.40,0.565957
interleave,autotune,int8,n=18000000,1,1,0.08,0.08,0.0142,0.0243,0.0135,0.0137,5.63,3.29,5.95,5.84,0.00,71.13,1.48,0.584362
interleave,autotune,int8,n=19000000,1,1,0.0843,0.0845,0.015,0.0254,0.0154,0.0152,5.64,3.32,5.47,5.56,0.24,69.33,-1.30,0.590551
interleave,autotune,int8,n=2000000,1,1,0.0117,0.0115,0.0026,0.0073,0.0029,0.0029,4.44,1.58,3.99,3.96,-1.71,180.77,0.00,0.356164
interleave,autotune,int8,n=20000000,1,1,0.0884,0.0884,0.0147,0.0264,0.0179,0.0159,6.01,3.35,4.95,5.57,0.00,79.59,-11.17,0.556818
interleave,autotune,int8,n=3000000,1,1,0.0145,0.0146,0.0029,0.0083,0.0032,0.0031,4.99,1.76,4.49,4.65,0.69,186.21,-3.13,0.349398
interleave,autotune,int8,n=4000000,1,1,0.0182,0.0181,0.0035,0.0098,0.0036,0.0037,5.27,1.85,5.06,4.95,-0.55,180.00,2.78,0.357143
interleave,autotune,int8,n=5000000,1,1,0.021,0.0211,0.0038,0.0113,0.0041,0.0041,5.46,1.87,5.09,5.13,0.48,197.37,0.00,0.336283
interleave,autotune,int8,n=6000000,1,1,0.0254,0.0256,0.0052,0.0114,0.0048,0.0057,4.88,2.24,5.33,4.52,0.79,119.23,18.75,0.45614
interleave,autotune,int8,n=7000000,1,1,0.0303,0.0306,0.0057,0.0133,0.008,0.006,5.36,2.3,3.79,5.07,0.99,133.33,-25.00,0.428571
interleave,autotune,int8,n=8000000,1,1,0.0349,0.0351,0.0063,0.014,0.0075,0.0086,5.5,2.5,4.65,4.08,0.57,122.22,14.67,0.45
interleave,autotune,int8,n=9000000,1,1,0.0393,0.0401,0.008,0.0149,0.0093,0.0085,4.89,2.7,4.24,4.71,2.04,86.25,-8.60,0.536913
kl_divergence,default,float32,"cols=1024, rows=1024",1,0,0.0129,,0.0039,,0.004,,3.31,,3.2,,,,,
kl_divergence,default,float32,"cols=1024, rows=2048",1,0,0.017,,0.0055,,0.0064,,3.11,,2.63,,,,,
kl_divergence,default,float32,"cols=1024, rows=4096",1,0,0.0247,,0.0099,,0.0126,,2.51,,1.97,,,,,
kl_divergence,default,float32,"cols=1024, rows=512",1,0,0.0117,,0.0032,,0.0031,,3.62,,3.73,,,,,
kl_divergence,default,float32,"cols=16384, rows=1024",1,0,0.0924,,0.0491,,0.0376,,1.88,,2.46,,,,,
kl_divergence,default,float32,"cols=16384, rows=2048",1,0,0.1984,,0.0618,,0.0699,,3.21,,2.84,,,,,
kl_divergence,default,float32,"cols=16384, rows=4096",1,0,0.3751,,0.1083,,0.1113,,3.46,,3.37,,,,,
kl_divergence,default,float32,"cols=16384, rows=512",1,0,0.043,,0.0416,,0.0289,,1.04,,1.49,,,,,
kl_divergence,default,float32,"cols=2048, rows=1024",1,0,0.0186,,0.0061,,0.0059,,3.06,,3.15,,,,,
kl_divergence,default,float32,"cols=2048, rows=2048",1,0,0.0264,,0.0097,,0.0112,,2.71,,2.36,,,,,
kl_divergence,default,float32,"cols=2048, rows=4096",1,0,0.0459,,0.0193,,0.0201,,2.38,,2.29,,,,,
kl_divergence,default,float32,"cols=2048, rows=512",1,0,0.0142,,0.0054,,0.0046,,2.63,,3.06,,,,,
kl_divergence,default,float32,"cols=4096, rows=1024",1,0,0.0305,,0.0129,,0.0106,,2.37,,2.87,,,,,
kl_divergence,default,float32,"cols=4096, rows=2048",1,0,0.0525,,0.0191,,0.0205,,2.75,,2.56,,,,,
kl_divergence,default,float32,"cols=4096, rows=4096",1,0,0.0987,,0.0352,,0.0342,,2.81,,2.88,,,,,
kl_divergence,default,float32,"cols=4096, rows=512",1,0,0.0224,,0.0093,,0.0077,,2.4,,2.9,,,,,
kl_divergence,default,float32,"cols=8192, rows=1024",1,0,0.0445,,0.0261,,0.0203,,1.71,,2.2,,,,,
kl_divergence,default,float32,"cols=8192, rows=2048",1,0,0.0966,,0.0349,,0.0373,,2.77,,2.59,,,,,
kl_divergence,default,float32,"cols=8192, rows=4096",1,0,0.2011,,0.0603,,0.0608,,3.33,,3.31,,,,,
kl_divergence,default,float32,"cols=8192, rows=512",1,0,0.024,,0.0206,,0.0147,,1.16,,1.63,,,,,
kl_divergence,default,fp32,"cols=1024, rows=1024",0,1,,0.0131,,0.0088,,0.0041,,1.49,,3.21,,,,
kl_divergence,default,fp32,"cols=1024, rows=2048",0,1,,0.0171,,0.0128,,0.0065,,1.34,,2.64,,,,
kl_divergence,default,fp32,"cols=1024, rows=4096",0,1,,0.0248,,0.02,,0.0126,,1.24,,1.97,,,,
kl_divergence,default,fp32,"cols=1024, rows=512",0,1,,0.0118,,0.0063,,0.0032,,1.89,,3.74,,,,
kl_divergence,default,fp32,"cols=16384, rows=1024",0,1,,0.0921,,0.0472,,0.0375,,1.95,,2.46,,,,
kl_divergence,default,fp32,"cols=16384, rows=2048",0,1,,0.1984,,0.0659,,0.0698,,3.01,,2.84,,,,
kl_divergence,default,fp32,"cols=16384, rows=4096",0,1,,0.3752,,0.1149,,0.1113,,3.27,,3.37,,,,
kl_divergence,default,fp32,"cols=16384, rows=512",0,1,,0.0431,,0.0378,,0.029,,1.14,,1.49,,,,
kl_divergence,default,fp32,"cols=2048, rows=1024",0,1,,0.0188,,0.0109,,0.006,,1.72,,3.16,,,,
kl_divergence,default,fp32,"cols=2048, rows=2048",0,1,,0.0264,,0.0166,,0.0112,,1.59,,2.36,,,,
kl_divergence,default,fp32,"cols=2048, rows=4096",0,1,,0.0456,,0.0279,,0.0201,,1.64,,2.27,,,,
kl_divergence,default,fp32,"cols=2048, rows=512",0,1,,0.0145,,0.0078,,0.0047,,1.87,,3.11,,,,
kl_divergence,default,fp32,"cols=4096, rows=1024",0,1,,0.0308,,0.0159,,0.0107,,1.93,,2.89,,,,
kl_divergence,default,fp32,"cols=4096, rows=2048",0,1,,0.0531,,0.0245,,0.0205,,2.16,,2.58,,,,
kl_divergence,default,fp32,"cols=4096, rows=4096",0,1,,0.0988,,0.0415,,0.0343,,2.38,,2.88,,,,
kl_divergence,default,fp32,"cols=4096, rows=512",0,1,,0.0226,,0.0114,,0.0077,,1.99,,2.95,,,,
kl_divergence,default,fp32,"cols=8192, rows=1024",0,1,,0.0445,,0.0269,,0.0203,,1.65,,2.19,,,,
kl_divergence,default,fp32,"cols=8192, rows=2048",0,1,,0.0965,,0.0393,,0.0373,,2.46,,2.59,,,,
kl_divergence,default,fp32,"cols=8192, rows=4096",0,1,,0.2009,,0.0681,,0.0609,,2.95,,3.3,,,,
kl_divergence,default,fp32,"cols=8192, rows=512",0,1,,0.0239,,0.0203,,0.0148,,1.18,,1.61,,,,
kl_divergence,autotune,fp32,"cols=1024, rows=1024",1,1,0.0126,0.0128,0.0038,0.0087,0.0039,0.0047,3.28,1.46,3.23,2.69,1.59,128.95,20.51,0.436782
kl_divergence,autotune,fp32,"cols=1024, rows=2048",1,1,0.017,0.0165,0.0064,0.0138,0.0064,0.0064,2.67,1.19,2.63,2.57,-2.94,115.62,0.00,0.463768
kl_divergence,autotune,fp32,"cols=1024, rows=4096",1,1,0.0246,0.0249,0.0111,0.0239,0.0118,0.0124,2.22,1.04,2.08,2.01,1.22,115.32,5.08,0.464435
kl_divergence,autotune,fp32,"cols=1024, rows=512",1,1,0.0116,0.0118,0.0028,0.0062,0.0031,0.003,4.17,1.91,3.72,4.01,1.72,121.43,-3.23,0.451613
kl_divergence,autotune,fp32,"cols=16384, rows=1024",1,1,0.0914,0.0916,0.0343,0.0448,0.032,0.0319,2.67,2.04,2.85,2.87,0.22,30.61,-0.31,0.765625
kl_divergence,autotune,fp32,"cols=16384, rows=2048",1,1,0.1987,0.1984,0.0633,0.0772,0.0569,0.0579,3.14,2.57,3.49,3.43,-0.15,21.96,1.76,0.819948
kl_divergence,autotune,fp32,"cols=16384, rows=4096",1,1,0.3748,0.3751,0.1012,0.133,0.0932,0.0922,3.7,2.82,4.02,4.07,0.08,31.42,-1.07,0.760902
kl_divergence,autotune,fp32,"cols=16384, rows=512",1,1,0.0439,0.0435,0.0246,0.0248,0.0187,0.0189,1.79,1.75,2.35,2.3,-0.91,0.81,1.07,0.991935
kl_divergence,autotune,fp32,"cols=2048, rows=1024",1,1,0.0179,0.018,0.0061,0.0112,0.0061,0.0066,2.96,1.61,2.96,2.71,0.56,83.61,8.20,0.544643
kl_divergence,autotune,fp32,"cols=2048, rows=2048",1,1,0.0259,0.0259,0.0107,0.0185,0.0105,0.0104,2.42,1.4,2.47,2.48,0.00,72.90,-0.95,0.578378
kl_divergence,autotune,fp32,"cols=2048, rows=4096",1,1,0.0456,0.0462,0.0199,0.0327,0.0183,0.0185,2.29,1.42,2.49,2.5,1.32,64.32,1.09,0.608563
kl_divergence,autotune,fp32,"cols=2048, rows=512",1,1,0.0148,0.0151,0.0041,0.007,0.0041,0.0041,3.59,2.16,3.64,3.67,2.03,70.73,0.00,0.585714
kl_divergence,autotune,fp32,"cols=4096, rows=1024",1,1,0.0307,0.0308,0.0095,0.0171,0.0095,0.0094,3.22,1.81,3.23,3.27,0.33,80.00,-1.05,0.555556
kl_divergence,autotune,fp32,"cols=4096, rows=2048",1,1,0.0523,0.053,0.0193,0.0285,0.0193,0.0193,2.72,1.86,2.7,2.74,1.34,47.67,0.00,0.677193
kl_divergence,autotune,fp32,"cols=4096, rows=4096",1,1,0.0993,0.0979,0.0353,0.0489,0.0332,0.033,2.82,2,3,2.96,-1.41,38.53,-0.60,0.721881
kl_divergence,autotune,fp32,"cols=4096, rows=512",1,1,0.0223,0.0231,0.0062,0.0093,0.0057,0.0057,3.6,2.47,3.87,4.06,3.59,50.00,0.00,0.666667
kl_divergence,autotune,fp32,"cols=8192, rows=1024",1,1,0.0447,0.0442,0.0181,0.0266,0.0181,0.0181,2.47,1.66,2.46,2.44,-1.12,46.96,0.00,0.680451
kl_divergence,autotune,fp32,"cols=8192, rows=2048",1,1,0.0959,0.0961,0.0337,0.0471,0.0323,0.0323,2.85,2.04,2.97,2.97,0.21,39.76,0.00,0.715499
kl_divergence,autotune,fp32,"cols=8192, rows=4096",1,1,0.2006,0.2005,0.0575,0.0804,0.0547,0.0547,3.49,2.49,3.67,3.66,-0.05,39.83,0.00,0.715174
kl_divergence,autotune,fp32,"cols=8192, rows=512",1,1,0.0245,0.0239,0.0117,0.014,0.0096,0.0096,2.09,1.7,2.55,2.48,-2.45,19.66,0.00,0.835714
l2_norm,default,bf16,K=1024,1,1,0.0245,0.0242,0.0034,0.0121,0.003,0.003,7.11,1.99,8.1,8.12,-1.22,255.88,0.00,0.280992
l2_norm,default,bf16,K=10240,1,1,0.1585,0.1595,0.019,0.0328,0.0221,0.0221,8.35,4.87,7.19,7.23,0.63,72.63,0.00,0.579268
l2_norm,default,bf16,K=1536,1,1,0.0316,0.0314,0.0041,0.0136,0.0039,0.0039,7.79,2.31,8.02,8.07,-0.63,231.71,0.00,0.301471
l2_norm,default,bf16,K=2048,1,1,0.0376,0.0373,0.0047,0.0138,0.0046,0.0045,7.98,2.71,8.14,8.24,-0.80,193.62,-2.17,0.34058
l2_norm,default,bf16,K=2560,1,1,0.0446,0.0443,0.006,0.0163,0.0067,0.0065,7.39,2.72,6.7,6.84,-0.67,171.67,-2.99,0.368098
l2_norm,default,bf16,K=3072,1,1,0.0514,0.0513,0.0065,0.0159,0.0067,0.0065,7.94,3.22,7.71,7.85,-0.19,144.62,-2.99,0.408805
l2_norm,default,bf16,K=3584,1,1,0.0584,0.0582,0.0077,0.0185,0.0089,0.0089,7.63,3.15,6.56,6.51,-0.34,140.26,0.00,0.416216
l2_norm,default,bf16,K=4096,1,1,0.0636,0.0631,0.0085,0.0188,0.0098,0.0097,7.48,3.36,6.48,6.48,-0.79,121.18,-1.02,0.452128
l2_norm,default,bf16,K=4608,1,1,0.0719,0.0718,0.01,0.0202,0.0116,0.0116,7.18,3.55,6.22,6.17,-0.14,102.00,0.00,0.49505
l2_norm,default,bf16,K=512,1,1,0.0164,0.0158,0.0031,0.0124,0.0027,0.0028,5.33,1.28,5.99,5.73,-3.66,300.00,3.70,0.25
l2_norm,default,bf16,K=5120,1,1,0.0792,0.0791,0.0108,0.0209,0.0123,0.0125,7.34,3.79,6.42,6.32,-0.13,93.52,1.63,0.516746
l2_norm,default,bf16,K=5632,1,1,0.0865,0.0871,0.0115,0.0224,0.0138,0.0138,7.51,3.89,6.28,6.31,0.69,94.78,0.00,0.513393
l2_norm,default,bf16,K=6144,1,1,0.0972,0.0975,0.012,0.0223,0.0143,0.0143,8.13,4.37,6.78,6.8,0.31,85.83,0.00,0.538117
l2_norm,default,bf16,K=6656,1,1,0.1103,0.109,0.0134,0.0247,0.0157,0.0156,8.24,4.41,7.02,6.97,-1.18,84.33,-0.64,0.54251
l2_norm,default,bf16,K=7168,1,1,0.1191,0.1195,0.014,0.0247,0.0163,0.0164,8.5,4.84,7.29,7.29,0.34,76.43,0.61,0.566802
l2_norm,default,bf16,K=7680,1,1,0.1305,0.1307,0.0145,0.0283,0.0187,0.0188,8.97,4.62,6.97,6.94,0.15,95.17,0.53,0.512367
l2_norm,default,bf16,K=8192,1,1,0.1226,0.1225,0.0153,0.0278,0.0196,0.0196,7.99,4.41,6.25,6.24,-0.08,81.70,0.00,0.55036
l2_norm,default,bf16,K=8704,1,1,0.1319,0.1316,0.0168,0.0302,0.0209,0.0209,7.85,4.35,6.31,6.3,-0.23,79.76,0.00,0.556291
l2_norm,default,bf16,K=9216,1,1,0.1404,0.1403,0.0173,0.03,0.0215,0.0216,8.12,4.68,6.52,6.48,-0.07,73.41,0.47,0.576667
l2_norm,default,bf16,K=9728,1,1,0.1506,0.1513,0.0182,0.0321,0.0213,0.0213,8.26,4.72,7.07,7.1,0.46,76.37,0.00,0.566978
l2_norm,default,fp16,K=1024,1,1,0.0242,0.0238,0.0035,0.0123,0.0033,0.0032,6.92,1.94,7.34,7.39,-1.65,251.43,-3.03,0.284553
l2_norm,default,fp16,K=10240,1,1,0.1584,0.1593,0.0188,0.0328,0.0245,0.0245,8.41,4.85,6.46,6.49,0.57,74.47,0.00,0.573171
l2_norm,default,fp16,K=1536,1,1,0.0317,0.0314,0.004,0.0138,0.0039,0.0039,7.96,2.27,8.09,8.07,-0.95,245.00,0.00,0.289855
l2_norm,default,fp16,K=2048,1,1,0.0374,0.0372,0.0047,0.0138,0.0045,0.0044,7.97,2.7,8.33,8.47,-0.53,193.62,-2.22,0.34058
l2_norm,default,fp16,K=2560,1,1,0.0446,0.0442,0.0056,0.016,0.0059,0.0058,8.02,2.76,7.53,7.59,-0.90,185.71,-1.69,0.35
l2_norm,default,fp16,K=3072,1,1,0.0506,0.0504,0.0063,0.016,0.0067,0.0067,8.03,3.15,7.52,7.47,-0.40,153.97,0.00,0.39375
l2_norm,default,fp16,K=3584,1,1,0.0581,0.0578,0.0077,0.0178,0.0091,0.0091,7.56,3.24,6.36,6.35,-0.52,131.17,0.00,0.432584
l2_norm,default,fp16,K=4096,1,1,0.0629,0.0627,0.0084,0.0185,0.01,0.0098,7.46,3.39,6.28,6.38,-0.32,120.24,-2.00,0.454054
l2_norm,default,fp16,K=4608,1,1,0.0714,0.0711,0.01,0.02,0.0116,0.0115,7.13,3.55,6.14,6.2,-0.42,100.00,-0.86,0.5
l2_norm,default,fp16,K=512,1,1,0.0169,0.0165,0.0032,0.0124,0.0028,0.0029,5.29,1.33,5.92,5.65,-2.37,287.50,3.57,0.258065
l2_norm,default,fp16,K=5120,1,1,0.0785,0.0783,0.0105,0.0207,0.0124,0.0122,7.47,3.78,6.33,6.4,-0.25,97.14,-1.61,0.507246
l2_norm,default,fp16,K=5632,1,1,0.0866,0.0875,0.0114,0.0229,0.0138,0.0139,7.59,3.83,6.28,6.3,1.04,100.88,0.72,0.497817
l2_norm,default,fp16,K=6144,1,1,0.0998,0.0963,0.0118,0.0224,0.0144,0.0144,8.44,4.3,6.93,6.67,-3.51,89.83,0.00,0.526786
l2_norm,default,fp16,K=6656,1,1,0.1067,0.1073,0.0133,0.0247,0.0159,0.0158,8.03,4.35,6.72,6.78,0.56,85.71,-0.63,0.538462
l2_norm,default,fp16,K=7168,1,1,0.1211,0.1202,0.0139,0.0247,0.0164,0.0164,8.74,4.86,7.37,7.31,-0.74,77.70,0.00,0.562753
l2_norm,default,fp16,K=7680,1,1,0.1302,0.1301,0.0145,0.0273,0.0193,0.0191,9,4.76,6.74,6.8,-0.08,88.28,-1.04,0.531136
l2_norm,default,fp16,K=8192,1,1,0.1218,0.1219,0.0153,0.0278,0.02,0.02,7.96,4.38,6.09,6.09,0.08,81.70,0.00,0.55036
l2_norm,default,fp16,K=8704,1,1,0.1312,0.1316,0.0167,0.0302,0.02,0.02,7.87,4.36,6.55,6.57,0.30,80.84,0.00,0.55298
l2_norm,default,fp16,K=9216,1,1,0.1398,0.1395,0.0174,0.0303,0.0207,0.0207,8.05,4.61,6.75,6.75,-0.21,74.14,0.00,0.574257
l2_norm,default,fp16,K=9728,1,1,0.1494,0.1498,0.0182,0.0327,0.0238,0.0238,8.21,4.58,6.27,6.29,0.27,79.67,0.00,0.556575
l2_norm,default,fp32,K=1024,1,1,0.016,0.0156,0.0041,0.013,0.0041,0.0041,3.91,1.2,3.87,3.8,-2.50,217.07,0.00,0.315385
l2_norm,default,fp32,K=10240,1,1,0.09,0.0903,0.0408,0.0471,0.0338,0.0337,2.21,1.92,2.67,2.68,0.33,15.44,-0.30,0.866242
l2_norm,default,fp32,K=1536,1,1,0.0203,0.0198,0.0055,0.0149,0.0061,0.0059,3.7,1.32,3.36,3.33,-2.46,170.91,-3.28,0.369128
l2_norm,default,fp32,K=2048,1,1,0.0247,0.0242,0.007,0.0159,0.0079,0.008,3.55,1.52,3.11,3.04,-2.02,127.14,1.27,0.440252
l2_norm,default,fp32,K=2560,1,1,0.0299,0.0294,0.0086,0.0184,0.0102,0.0103,3.46,1.59,2.93,2.86,-1.67,113.95,0.98,0.467391
l2_norm,default,fp32,K=3072,1,1,0.0337,0.0335,0.0101,0.0185,0.0114,0.0114,3.35,1.81,2.95,2.94,-0.59,83.17,0.00,0.545946
l2_norm,default,fp32,K=3584,1,1,0.0385,0.0381,0.012,0.0216,0.0123,0.0122,3.21,1.77,3.12,3.12,-1.04,80.00,-0.81,0.555556
l2_norm,default,fp32,K=4096,1,1,0.0428,0.0426,0.0138,0.022,0.0136,0.0136,3.11,1.94,3.16,3.14,-0.47,59.42,0.00,0.627273
l2_norm,default,fp32,K=4608,1,1,0.0481,0.0479,0.0159,0.0245,0.015,0.015,3.02,1.96,3.22,3.19,-0.42,54.09,0.00,0.64898
l2_norm,default,fp32,K=512,1,1,0.0105,0.0102,0.003,0.0129,0.0033,0.0033,3.48,0.79,3.17,3.08,-2.86,330.00,0.00,0.232558
l2_norm,default,fp32,K=5120,1,1,0.0533,0.0528,0.0178,0.026,0.0172,0.0172,3,2.03,3.1,3.06,-0.94,46.07,0.00,0.684615
l2_norm,default,fp32,K=5632,1,1,0.0578,0.0577,0.0204,0.0289,0.0181,0.018,2.84,2,3.19,3.21,-0.17,41.67,-0.55,0.705882
l2_norm,default,fp32,K=6144,1,1,0.063,0.0628,0.0223,0.0298,0.0204,0.0202,2.83,2.11,3.09,3.11,-0.32,33.63,-0.98,0.748322
l2_norm,default,fp32,K=6656,1,1,0.0688,0.0686,0.0249,0.0332,0.0217,0.0218,2.76,2.07,3.17,3.15,-0.29,33.33,0.46,0.75
l2_norm,default,fp32,K=7168,1,1,0.0743,0.0743,0.0268,0.0349,0.0229,0.0229,2.77,2.13,3.24,3.24,0.00,30.22,0.00,0.767908
l2_norm,default,fp32,K=7680,1,1,0.0795,0.0792,0.0295,0.0385,0.0247,0.0249,2.7,2.06,3.22,3.18,-0.38,30.51,0.81,0.766234
l2_norm,default,fp32,K=8192,1,1,0.0724,0.0727,0.0318,0.0391,0.0262,0.0262,2.28,1.86,2.77,2.77,0.41,22.96,0.00,0.813299
l2_norm,default,fp32,K=8704,1,1,0.0776,0.0776,0.0344,0.0425,0.0277,0.0275,2.26,1.82,2.8,2.82,0.00,23.55,-0.72,0.809412
l2_norm,default,fp32,K=9216,1,1,0.0819,0.0819,0.0366,0.0437,0.0291,0.0293,2.24,1.87,2.81,2.79,0.00,19.40,0.69,0.837529
l2_norm,default,fp32,K=9728,1,1,0.0857,0.0858,0.039,0.0468,0.0311,0.0314,2.2,1.84,2.76,2.73,0.12,20.00,0.96,0.833333
l2_norm,autotune,bf16,K=1024,1,1,0.0241,0.0236,0.0029,0.0112,0.0033,0.003,8.23,2.1,7.24,7.82,-2.07,286.21,-9.09,0.258929
l2_norm,autotune,bf16,K=10240,1,1,0.1595,0.1589,0.0184,0.0261,0.0201,0.0205,8.66,6.08,7.92,7.75,-0.38,41.85,1.99,0.704981
l2_norm,autotune,bf16,K=1536,1,1,0.031,0.0309,0.0041,0.0123,0.004,0.0041,7.54,2.5,7.73,7.52,-0.32,200.00,2.50,0.333333
l2_norm,autotune,bf16,K=2048,1,1,0.0376,0.0371,0.005,0.0127,0.0059,0.0059,7.53,2.92,6.39,6.32,-1.33,154.00,0.00,0.393701
l2_norm,autotune,bf16,K=2560,1,1,0.0449,0.0451,0.0057,0.0151,0.0066,0.0068,7.95,2.99,6.76,6.59,0.45,164.91,3.03,0.377483
l2_norm,autotune,bf16,K=3072,1,1,0.0508,0.0509,0.0061,0.015,0.0076,0.0078,8.36,3.4,6.67,6.53,0.20,145.90,2.63,0.406667
l2_norm,autotune,bf16,K=3584,1,1,0.0581,0.0583,0.0077,0.0156,0.0091,0.0094,7.52,3.74,6.39,6.2,0.34,102.60,3.30,0.49359
l2_norm,autotune,bf16,K=4096,1,1,0.0638,0.0631,0.0078,0.0156,0.0096,0.0097,8.2,4.05,6.62,6.53,-1.10,100.00,1.04,0.5
l2_norm,autotune,bf16,K=4608,1,1,0.072,0.0724,0.0102,0.0177,0.0107,0.0108,7.04,4.08,6.72,6.71,0.56,73.53,0.93,0.576271
l2_norm,autotune,bf16,K=512,1,1,0.0169,0.0166,0.0038,0.0096,0.0031,0.0032,4.44,1.73,5.42,5.25,-1.78,152.63,3.23,0.395833
l2_norm,autotune,bf16,K=5120,1,1,0.0784,0.0782,0.0097,0.0184,0.0113,0.0112,8.1,4.24,6.96,6.95,-0.26,89.69,-0.88,0.527174
l2_norm,autotune,bf16,K=5632,1,1,0.0859,0.0864,0.0104,0.0187,0.0106,0.0107,8.24,4.62,8.07,8.1,0.58,79.81,0.94,0.55615
l2_norm,autotune,bf16,K=6144,1,1,0.0956,0.0982,0.0109,0.0189,0.0112,0.0113,8.76,5.2,8.53,8.71,2.72,73.39,0.89,0.57672
l2_norm,autotune,bf16,K=6656,1,1,0.1067,0.1091,0.0123,0.0212,0.0123,0.0123,8.68,5.14,8.7,8.87,2.25,72.36,0.00,0.580189
l2_norm,autotune,bf16,K=7168,1,1,0.1216,0.121,0.0129,0.0212,0.0131,0.0133,9.44,5.72,9.29,9.13,-0.49,64.34,1.53,0.608491
l2_norm,autotune,bf16,K=7680,1,1,0.1309,0.131,0.0144,0.0216,0.0151,0.0148,9.11,6.07,8.7,8.82,0.08,50.00,-1.99,0.666667
l2_norm,autotune,bf16,K=8192,1,1,0.1231,0.1225,0.0151,0.0218,0.0157,0.0158,8.17,5.61,7.84,7.78,-0.49,44.37,0.64,0.692661
l2_norm,autotune,bf16,K=8704,1,1,0.1317,0.1319,0.0164,0.0243,0.0167,0.0174,8.01,5.43,7.9,7.57,0.15,48.17,4.19,0.674897
l2_norm,autotune,bf16,K=9216,1,1,0.1413,0.1416,0.0169,0.0251,0.0181,0.018,8.34,5.64,7.83,7.87,0.21,48.52,-0.55,0.673307
l2_norm,autotune,bf16,K=9728,1,1,0.1491,0.1499,0.0177,0.0255,0.0198,0.0194,8.42,5.88,7.53,7.71,0.54,44.07,-2.02,0.694118
l2_norm,autotune,fp16,K=1024,1,1,0.0238,0.0237,0.0029,0.0111,0.0033,0.0029,8.1,2.13,7.24,8.14,-0.42,282.76,-12.12,0.261261
l2_norm,autotune,fp16,K=10240,1,1,0.159,0.159,0.0181,0.0258,0.0203,0.0206,8.78,6.17,7.82,7.71,0.00,42.54,1.48,0.70155
l2_norm,autotune,fp16,K=1536,1,1,0.0309,0.0308,0.0042,0.0126,0.0041,0.004,7.29,2.45,7.59,7.75,-0.32,200.00,-2.44,0.333333
l2_norm,autotune,fp16,K=2048,1,1,0.0366,0.0371,0.0046,0.0128,0.0058,0.0059,7.9,2.9,6.27,6.29,1.37,178.26,1.72,0.359375
l2_norm,autotune,fp16,K=2560,1,1,0.0447,0.0449,0.0057,0.015,0.0065,0.0069,7.9,3,6.84,6.54,0.45,163.16,6.15,0.38
l2_norm,autotune,fp16,K=3072,1,1,0.0504,0.0509,0.0062,0.0151,0.0078,0.0079,8.14,3.37,6.47,6.4,0.99,143.55,1.28,0.410596
l2_norm,autotune,fp16,K=3584,1,1,0.0579,0.0579,0.0077,0.0153,0.009,0.0094,7.52,3.79,6.44,6.16,0.00,98.70,4.44,0.503268
l2_norm,autotune,fp16,K=4096,1,1,0.0635,0.0639,0.0079,0.0156,0.01,0.0095,8.07,4.11,6.35,6.73,0.63,97.47,-5.00,0.50641
l2_norm,autotune,fp16,K=4608,1,1,0.0709,0.0713,0.01,0.0176,0.0106,0.0107,7.08,4.05,6.67,6.68,0.56,76.00,0.94,0.568182
l2_norm,autotune,fp16,K=512,1,1,0.0168,0.0165,0.0029,0.0094,0.0033,0.0033,5.87,1.75,5.14,4.94,-1.79,224.14,0.00,0.308511
l2_norm,autotune,fp16,K=5120,1,1,0.0787,0.0783,0.0108,0.0183,0.0112,0.0112,7.31,4.29,7.02,6.98,-0.51,69.44,0.00,0.590164
l2_norm,autotune,fp16,K=5632,1,1,0.0854,0.0861,0.0105,0.0185,0.0107,0.0106,8.15,4.65,7.99,8.09,0.82,76.19,-0.93,0.567568
l2_norm,autotune,fp16,K=6144,1,1,0.0992,0.0982,0.0111,0.0188,0.0113,0.0112,8.96,5.22,8.74,8.77,-1.01,69.37,-0.88,0.590426
l2_norm,autotune,fp16,K=6656,1,1,0.1056,0.1072,0.012,0.0211,0.0122,0.0124,8.77,5.09,8.68,8.66,1.52,75.83,1.64,0.56872
l2_norm,autotune,fp16,K=7168,1,1,0.1201,0.1199,0.0129,0.0216,0.0131,0.0135,9.28,5.56,9.18,8.89,-0.17,67.44,3.05,0.597222
l2_norm,autotune,fp16,K=7680,1,1,0.1307,0.1297,0.0145,0.0214,0.0149,0.0151,9.04,6.06,8.75,8.61,-0.77,47.59,1.34,0.67757
l2_norm,autotune,fp16,K=8192,1,1,0.1217,0.1213,0.015,0.0217,0.016,0.0154,8.13,5.59,7.61,7.88,-0.33,44.67,-3.75,0.691244
l2_norm,autotune,fp16,K=8704,1,1,0.1303,0.1309,0.0164,0.0242,0.0173,0.0168,7.94,5.41,7.54,7.79,0.46,47.56,-2.89,0.677686
l2_norm,autotune,fp16,K=9216,1,1,0.1401,0.1412,0.017,0.0248,0.0183,0.0178,8.24,5.7,7.67,7.94,0.79,45.88,-2.73,0.685484
l2_norm,autotune,fp16,K=9728,1,1,0.1491,0.1498,0.0175,0.0254,0.0196,0.0195,8.5,5.9,7.62,7.68,0.47,45.14,-0.51,0.688976
l2_norm,autotune,fp32,K=1024,1,1,0.0157,0.0153,0.0041,0.0118,0.0042,0.0041,3.81,1.3,3.74,3.75,-2.55,187.80,-2.38,0.347458
l2_norm,autotune,fp32,K=10240,1,1,0.0901,0.0899,0.0332,0.0417,0.0462,0.0463,2.72,2.16,1.95,1.94,-0.22,25.60,0.22,0.796163
l2_norm,autotune,fp32,K=1536,1,1,0.0208,0.0201,0.0055,0.0132,0.0055,0.0059,3.76,1.52,3.82,3.39,-3.37,140.00,7.27,0.416667
l2_norm,autotune,fp32,K=2048,1,1,0.0244,0.0242,0.0079,0.0148,0.007,0.0069,3.08,1.64,3.46,3.49,-0.82,87.34,-1.43,0.533784
l2_norm,autotune,fp32,K=2560,1,1,0.0297,0.0295,0.0086,0.0171,0.0085,0.0088,3.46,1.72,3.5,3.36,-0.67,98.84,3.53,0.502924
l2_norm,autotune,fp32,K=3072,1,1,0.0337,0.0339,0.0101,0.0176,0.0097,0.0124,3.35,1.93,3.47,2.74,0.59,74.26,27.84,0.573864
l2_norm,autotune,fp32,K=3584,1,1,0.0389,0.0386,0.0126,0.0202,0.0157,0.0115,3.07,1.91,2.47,3.37,-0.77,60.32,-26.75,0.623762
l2_norm,autotune,fp32,K=4096,1,1,0.0432,0.0425,0.0141,0.0208,0.0137,0.0179,3.06,2.04,3.15,2.38,-1.62,47.52,30.66,0.677885
l2_norm,autotune,fp32,K=4608,1,1,0.0483,0.0481,0.0166,0.0235,0.0198,0.02,2.91,2.05,2.43,2.41,-0.41,41.57,1.01,0.706383
l2_norm,autotune,fp32,K=512,1,1,0.0107,0.0102,0.0036,0.0098,0.0034,0.0034,3,1.04,3.15,3.02,-4.67,172.22,0.00,0.367347
l2_norm,autotune,fp32,K=5120,1,1,0.0529,0.0529,0.0172,0.0248,0.0222,0.0222,3.08,2.14,2.38,2.38,0.00,44.19,0.00,0.693548
l2_norm,autotune,fp32,K=5632,1,1,0.0578,0.0579,0.018,0.0266,0.0189,0.0189,3.2,2.18,3.06,3.07,0.17,47.78,0.00,0.676692
l2_norm,autotune,fp32,K=6144,1,1,0.0629,0.0626,0.0195,0.0277,0.0207,0.0207,3.22,2.27,3.04,3.03,-0.48,42.05,0.00,0.703971
l2_norm,autotune,fp32,K=6656,1,1,0.0689,0.0685,0.0215,0.032,0.0231,0.0232,3.2,2.14,2.98,2.95,-0.58,48.84,0.43,0.671875
l2_norm,autotune,fp32,K=7168,1,1,0.0738,0.0739,0.0229,0.0329,0.0255,0.0257,3.22,2.24,2.89,2.87,0.14,43.67,0.78,0.696049
l2_norm,autotune,fp32,K=7680,1,1,0.0796,0.0793,0.0239,0.0339,0.0282,0.0348,3.33,2.34,2.83,2.28,-0.38,41.84,23.40,0.705015
l2_norm,autotune,fp32,K=8192,1,1,0.0727,0.072,0.0257,0.0347,0.0309,0.0372,2.83,2.07,2.35,1.94,-0.96,35.02,20.39,0.740634
l2_norm,autotune,fp32,K=8704,1,1,0.078,0.0779,0.0277,0.0391,0.0336,0.0397,2.81,1.99,2.32,1.96,-0.13,41.16,18.15,0.70844
l2_norm,autotune,fp32,K=9216,1,1,0.0817,0.0822,0.0296,0.0397,0.0362,0.0419,2.76,2.07,2.25,1.96,0.61,34.12,15.75,0.745592
l2_norm,autotune,fp32,K=9728,1,1,0.0865,0.0864,0.0313,0.0408,0.0383,0.0384,2.76,2.12,2.26,2.25,-0.12,30.35,0.26,0.767157
layernorm,default,bf16,K=1024,1,1,0.0086,0.0086,0.0052,0.0234,0.0049,0.0049,1.68,0.37,1.77,1.78,0.00,350.00,0.00,0.222222
layernorm,default,bf16,K=10240,1,1,0.0504,0.0521,0.0245,0.071,0.038,0.0387,2.06,0.73,1.32,1.35,3.37,189.80,1.84,0.34507
layernorm,default,bf16,K=1536,1,1,0.0099,0.0102,0.0064,0.03,0.0068,0.0071,1.54,0.34,1.46,1.43,3.03,368.75,4.41,0.213333
layernorm,default,bf16,K=2048,1,1,0.0122,0.0123,0.0069,0.0286,0.0074,0.0074,1.77,0.43,1.65,1.65,0.82,314.49,0.00,0.241259
layernorm,default,bf16,K=2560,1,1,0.0138,0.014,0.0083,0.034,0.0119,0.0121,1.66,0.41,1.16,1.15,1.45,309.64,1.68,0.244118
layernorm,default,bf16,K=3072,1,1,0.0163,0.0165,0.009,0.0343,0.0127,0.0132,1.82,0.48,1.29,1.25,1.23,281.11,3.94,0.262391
layernorm,default,bf16,K=3584,1,1,0.018,0.0182,0.0106,0.0407,0.018,0.0184,1.69,0.45,1,0.98,1.11,283.96,2.22,0.260442
layernorm,default,bf16,K=4096,1,1,0.0207,0.0203,0.0113,0.0398,0.0196,0.0196,1.82,0.51,1.06,1.04,-1.93,252.21,0.00,0.28392
layernorm,default,bf16,K=4608,1,1,0.0228,0.0231,0.0132,0.0458,0.0241,0.0246,1.72,0.5,0.94,0.94,1.32,246.97,2.07,0.28821
layernorm,default,bf16,K=512,1,1,0.0063,0.0063,0.005,0.0234,0.0046,0.0046,1.26,0.27,1.38,1.38,0.00,368.00,0.00,0.213675
layernorm,default,bf16,K=5120,1,1,0.0255,0.0255,0.014,0.0459,0.0245,0.0249,1.83,0.55,1.04,1.02,0.00,227.86,1.63,0.305011
layernorm,default,bf16,K=5632,1,1,0.0278,0.0277,0.0155,0.0507,0.0344,0.0346,1.8,0.55,0.81,0.8,-0.36,227.10,0.58,0.30572
layernorm,default,bf16,K=6144,1,1,0.0302,0.0299,0.016,0.0505,0.0352,0.0353,1.88,0.59,0.86,0.85,-0.99,215.62,0.28,0.316832
layernorm,default,bf16,K=6656,1,1,0.0323,0.0323,0.0178,0.0557,0.0244,0.0242,1.82,0.58,1.32,1.33,0.00,212.92,-0.82,0.319569
layernorm,default,bf16,K=7168,1,1,0.0346,0.0354,0.0182,0.0562,0.0248,0.0248,1.91,0.63,1.4,1.43,2.31,208.79,0.00,0.323843
layernorm,default,bf16,K=7680,1,1,0.036,0.0375,0.0195,0.0617,0.0272,0.0275,1.84,0.61,1.32,1.37,4.17,216.41,1.10,0.316045
layernorm,default,bf16,K=8192,1,1,0.0399,0.0396,0.0204,0.061,0.0278,0.0282,1.96,0.65,1.44,1.4,-0.75,199.02,1.44,0.334426
layernorm,default,bf16,K=8704,1,1,0.043,0.043,0.0225,0.067,0.034,0.0339,1.91,0.64,1.26,1.27,0.00,197.78,-0.29,0.335821
layernorm,default,bf16,K=9216,1,1,0.0448,0.0439,0.0225,0.0663,0.0345,0.0335,2,0.66,1.3,1.31,-2.01,194.67,-2.90,0.339367
layernorm,default,bf16,K=9728,1,1,0.0483,0.0491,0.0243,0.072,0.0382,0.0379,1.99,0.68,1.26,1.29,1.66,196.30,-0.79,0.3375
layernorm,default,fp16,K=1024,1,1,0.0085,0.0085,0.005,0.0235,0.0046,0.0047,1.7,0.36,1.84,1.81,0.00,370.00,2.17,0.212766
layernorm,default,fp16,K=10240,1,1,0.05,0.0505,0.0243,0.071,0.0357,0.0361,2.06,0.71,1.4,1.4,1.00,192.18,1.12,0.342254
layernorm,default,fp16,K=1536,1,1,0.0097,0.0098,0.0062,0.0289,0.0067,0.0068,1.56,0.34,1.44,1.44,1.03,366.13,1.49,0.214533
layernorm,default,fp16,K=2048,1,1,0.0123,0.0123,0.0065,0.0286,0.0072,0.0073,1.91,0.43,1.72,1.68,0.00,340.00,1.39,0.227273
layernorm,default,fp16,K=2560,1,1,0.0135,0.0138,0.0083,0.0339,0.0117,0.0118,1.63,0.41,1.16,1.17,2.22,308.43,0.85,0.244838
layernorm,default,fp16,K=3072,1,1,0.0162,0.0162,0.0091,0.0346,0.0127,0.0126,1.79,0.47,1.28,1.28,0.00,280.22,-0.79,0.263006
layernorm,default,fp16,K=3584,1,1,0.0176,0.018,0.0103,0.0395,0.0178,0.0184,1.72,0.46,0.99,0.98,2.27,283.50,3.37,0.260759
layernorm,default,fp16,K=4096,1,1,0.02,0.0204,0.0112,0.0397,0.0198,0.0195,1.79,0.51,1.01,1.04,2.00,254.46,-1.52,0.282116
layernorm,default,fp16,K=4608,1,1,0.0224,0.0227,0.0129,0.0457,0.0284,0.0283,1.73,0.5,0.79,0.8,1.34,254.26,-0.35,0.282276
layernorm,default,fp16,K=512,1,1,0.0064,0.0064,0.0048,0.0227,0.0045,0.0045,1.32,0.28,1.42,1.42,0.00,372.92,0.00,0.211454
layernorm,default,fp16,K=5120,1,1,0.0253,0.0254,0.0137,0.0456,0.0295,0.0295,1.85,0.56,0.86,0.86,0.40,232.85,0.00,0.300439
layernorm,default,fp16,K=5632,1,1,0.027,0.0271,0.0151,0.0508,0.0335,0.0336,1.79,0.53,0.81,0.81,0.37,236.42,0.30,0.297244
layernorm,default,fp16,K=6144,1,1,0.03,0.03,0.0159,0.0503,0.0343,0.0345,1.88,0.6,0.87,0.87,0.00,216.35,0.58,0.316103
layernorm,default,fp16,K=6656,1,1,0.0321,0.0317,0.0177,0.0553,0.0193,0.0193,1.82,0.57,1.66,1.64,-1.25,212.43,0.00,0.320072
layernorm,default,fp16,K=7168,1,1,0.0349,0.0352,0.0181,0.0557,0.0197,0.0197,1.94,0.63,1.78,1.79,0.86,207.73,0.00,0.324955
layernorm,default,fp16,K=7680,1,1,0.0363,0.0381,0.0196,0.061,0.0244,0.0246,1.85,0.62,1.49,1.55,4.96,211.22,0.82,0.321311
layernorm,default,fp16,K=8192,1,1,0.039,0.0393,0.0201,0.06,0.0251,0.025,1.94,0.66,1.55,1.57,0.77,198.51,-0.40,0.335
layernorm,default,fp16,K=8704,1,1,0.043,0.042,0.022,0.0655,0.032,0.0318,1.95,0.64,1.34,1.32,-2.33,197.73,-0.62,0.335878
layernorm,default,fp16,K=9216,1,1,0.0462,0.0449,0.0225,0.0664,0.0326,0.0325,2.05,0.68,1.42,1.38,-2.81,195.11,-0.31,0.338855
layernorm,default,fp16,K=9728,1,1,0.0483,0.049,0.0242,0.0723,0.0355,0.0357,2,0.68,1.36,1.37,1.45,198.76,0.56,0.334716
layernorm,default,fp32,K=1024,1,1,0.0094,0.0095,0.0058,0.0247,0.0055,0.0056,1.62,0.38,1.71,1.71,1.06,325.86,1.82,0.234818
layernorm,default,fp32,K=10240,1,1,0.0652,0.0655,0.0373,0.0816,0.0451,0.0453,1.75,0.8,1.45,1.45,0.46,118.77,0.44,0.457108
layernorm,default,fp32,K=1536,1,1,0.0118,0.0118,0.0077,0.0306,0.0076,0.0076,1.53,0.38,1.55,1.55,0.00,297.40,0.00,0.251634
layernorm,default,fp32,K=2048,1,1,0.0158,0.0157,0.0096,0.0314,0.0098,0.0097,1.64,0.5,1.62,1.63,-0.63,227.08,-1.02,0.305732
layernorm,default,fp32,K=2560,1,1,0.0188,0.0187,0.0119,0.0376,0.0123,0.0122,1.58,0.5,1.52,1.53,-0.53,215.97,-0.81,0.316489
layernorm,default,fp32,K=3072,1,1,0.022,0.0219,0.0133,0.0379,0.0135,0.0135,1.65,0.58,1.63,1.63,-0.45,184.96,0.00,0.350923
layernorm,default,fp32,K=3584,1,1,0.0242,0.0242,0.0147,0.0434,0.0168,0.0166,1.65,0.56,1.44,1.46,0.00,195.24,-1.19,0.33871
layernorm,default,fp32,K=4096,1,1,0.028,0.0281,0.0162,0.0444,0.0183,0.0183,1.73,0.63,1.53,1.53,0.36,174.07,0.00,0.364865
layernorm,default,fp32,K=4608,1,1,0.03,0.03,0.0179,0.05,0.0198,0.0198,1.67,0.6,1.52,1.51,0.00,179.33,0.00,0.358
layernorm,default,fp32,K=512,1,1,0.0065,0.0065,0.005,0.0246,0.0043,0.0043,1.3,0.26,1.5,1.51,0.00,392.00,0.00,0.203252
layernorm,default,fp32,K=5120,1,1,0.0336,0.0334,0.0195,0.0503,0.0225,0.0226,1.72,0.66,1.49,1.48,-0.60,157.95,0.44,0.387674
layernorm,default,fp32,K=5632,1,1,0.0365,0.037,0.021,0.0555,0.0228,0.0228,1.74,0.67,1.6,1.62,1.37,164.29,0.00,0.378378
layernorm,default,fp32,K=6144,1,1,0.0396,0.0397,0.0227,0.0562,0.0258,0.0257,1.74,0.71,1.53,1.54,0.25,147.58,-0.39,0.403915
layernorm,default,fp32,K=6656,1,1,0.0431,0.0437,0.0248,0.0621,0.0263,0.0264,1.74,0.7,1.64,1.66,1.39,150.40,0.38,0.399356
layernorm,default,fp32,K=7168,1,1,0.0463,0.0473,0.026,0.0626,0.0287,0.0289,1.79,0.75,1.61,1.64,2.16,140.77,0.70,0.415335
layernorm,default,fp32,K=7680,1,1,0.0498,0.0503,0.0282,0.0688,0.0289,0.0288,1.77,0.73,1.72,1.74,1.00,143.97,-0.35,0.409884
layernorm,default,fp32,K=8192,1,1,0.0539,0.0547,0.0296,0.0688,0.0316,0.0316,1.82,0.79,1.71,1.73,1.48,132.43,0.00,0.430233
layernorm,default,fp32,K=8704,1,1,0.0559,0.0563,0.0319,0.0746,0.0373,0.0373,1.75,0.76,1.5,1.51,0.72,133.86,0.00,0.427614
layernorm,default,fp32,K=9216,1,1,0.0592,0.0593,0.0333,0.0755,0.0386,0.0387,1.78,0.79,1.53,1.53,0.17,126.73,0.26,0.44106
layernorm,default,fp32,K=9728,1,1,0.0612,0.0615,0.0352,0.0812,0.0436,0.0436,1.74,0.76,1.4,1.41,0.49,130.68,0.00,0.433498
layernorm,autotune,bf16,K=1024,1,1,0.0086,0.0086,0.0038,0.0187,0.0041,0.0041,2.28,0.46,2.1,2.08,0.00,392.11,0.00,0.203209
layernorm,autotune,bf16,K=10240,1,1,0.0515,0.051,0.0222,0.049,0.0349,0.0351,2.32,1.04,1.48,1.45,-0.97,120.72,0.57,0.453061
layernorm,autotune,bf16,K=1536,1,1,0.0102,0.01,0.0053,0.0232,0.0065,0.0062,1.93,0.43,1.57,1.62,-1.96,337.74,-4.62,0.228448
layernorm,autotune,bf16,K=2048,1,1,0.0118,0.0118,0.0052,0.0233,0.0069,0.0066,2.29,0.51,1.7,1.81,0.00,348.08,-4.35,0.223176
layernorm,autotune,bf16,K=2560,1,1,0.0142,0.0138,0.0071,0.0277,0.0096,0.0097,1.99,0.5,1.48,1.43,-2.82,290.14,1.04,0.256318
layernorm,autotune,bf16,K=3072,1,1,0.0162,0.0166,0.0079,0.0278,0.0102,0.0102,2.05,0.6,1.59,1.63,2.47,251.90,0.00,0.284173
layernorm,autotune,bf16,K=3584,1,1,0.0186,0.0183,0.0089,0.0311,0.0126,0.0124,2.09,0.59,1.48,1.47,-1.61,249.44,-1.59,0.286174
layernorm,autotune,bf16,K=4096,1,1,0.0207,0.0208,0.0097,0.0317,0.0131,0.013,2.13,0.66,1.58,1.6,0.48,226.80,-0.76,0.305994
layernorm,autotune,bf16,K=4608,1,1,0.0228,0.0225,0.0115,0.0373,0.0148,0.0147,1.99,0.6,1.54,1.53,-1.32,224.35,-0.68,0.308311
layernorm,autotune,bf16,K=512,1,1,0.0063,0.0063,0.0032,0.0163,0.0037,0.0036,1.97,0.39,1.69,1.76,0.00,409.37,-2.70,0.196319
layernorm,autotune,bf16,K=5120,1,1,0.0256,0.0253,0.0124,0.0368,0.0154,0.0154,2.06,0.69,1.66,1.64,-1.17,196.77,0.00,0.336957
layernorm,autotune,bf16,K=5632,1,1,0.0276,0.0277,0.015,0.0375,0.0173,0.0281,1.84,0.74,1.59,0.99,0.36,150.00,62.43,0.4
layernorm,autotune,bf16,K=6144,1,1,0.0303,0.0298,0.0145,0.0376,0.018,0.018,2.09,0.79,1.68,1.66,-1.65,159.31,0.00,0.385638
layernorm,autotune,bf16,K=6656,1,1,0.0324,0.0325,0.0167,0.0437,0.0245,0.0246,1.94,0.74,1.32,1.33,0.31,161.68,0.41,0.382151
layernorm,autotune,bf16,K=7168,1,1,0.0344,0.035,0.0177,0.0439,0.0245,0.0249,1.95,0.8,1.41,1.41,1.74,148.02,1.63,0.403189
layernorm,autotune,bf16,K=7680,1,1,0.0375,0.0378,0.0178,0.0441,0.0275,0.0276,2.11,0.86,1.37,1.37,0.80,147.75,0.36,0.403628
layernorm,autotune,bf16,K=8192,1,1,0.0395,0.04,0.0184,0.0443,0.0279,0.0283,2.15,0.9,1.42,1.41,1.27,140.76,1.43,0.41535
layernorm,autotune,bf16,K=8704,1,1,0.0431,0.0438,0.0203,0.0487,0.0317,0.0316,2.12,0.9,1.36,1.38,1.62,139.90,-0.32,0.416838
layernorm,autotune,bf16,K=9216,1,1,0.0455,0.0457,0.0212,0.0487,0.031,0.031,2.14,0.94,1.47,1.47,0.44,129.72,0.00,0.435318
layernorm,autotune,bf16,K=9728,1,1,0.0484,0.0484,0.0219,0.0491,0.0339,0.0341,2.21,0.99,1.43,1.42,0.00,124.20,0.59,0.446029
layernorm,autotune,fp16,K=1024,1,1,0.0085,0.0085,0.004,0.0188,0.0041,0.0041,2.14,0.46,2.05,2.08,0.00,370.00,0.00,0.212766
layernorm,autotune,fp16,K=10240,1,1,0.0504,0.0506,0.0216,0.049,0.0338,0.0346,2.33,1.03,1.49,1.46,0.40,126.85,2.37,0.440816
layernorm,autotune,fp16,K=1536,1,1,0.01,0.01,0.0049,0.0235,0.0062,0.0063,2.04,0.43,1.61,1.6,0.00,379.59,1.61,0.208511
layernorm,autotune,fp16,K=2048,1,1,0.0122,0.0121,0.0053,0.0232,0.007,0.0066,2.29,0.52,1.74,1.85,-0.82,337.74,-5.71,0.228448
layernorm,autotune,fp16,K=2560,1,1,0.0136,0.0136,0.0073,0.0273,0.0094,0.0094,1.87,0.5,1.44,1.44,0.00,273.97,0.00,0.267399
layernorm,autotune,fp16,K=3072,1,1,0.0164,0.016,0.0081,0.0276,0.0101,0.0101,2.03,0.58,1.62,1.58,-2.44,240.74,0.00,0.293478
layernorm,autotune,fp16,K=3584,1,1,0.018,0.018,0.0085,0.0305,0.0123,0.0122,2.11,0.59,1.47,1.47,0.00,258.82,-0.81,0.278689
layernorm,autotune,fp16,K=4096,1,1,0.0205,0.0205,0.0101,0.0317,0.0127,0.0127,2.02,0.65,1.61,1.61,0.00,213.86,0.00,0.318612
layernorm,autotune,fp16,K=4608,1,1,0.0227,0.0228,0.0121,0.0363,0.0149,0.0147,1.88,0.63,1.53,1.55,0.44,200.00,-1.34,0.333333
layernorm,autotune,fp16,K=512,1,1,0.0064,0.0064,0.003,0.0163,0.0037,0.0036,2.12,0.39,1.72,1.8,0.00,443.33,-2.70,0.184049
layernorm,autotune,fp16,K=5120,1,1,0.0254,0.025,0.0123,0.0366,0.0154,0.0152,2.07,0.68,1.66,1.64,-1.57,197.56,-1.30,0.336066
layernorm,autotune,fp16,K=5632,1,1,0.0275,0.0273,0.0141,0.0381,0.0173,0.0179,1.95,0.72,1.59,1.52,-0.73,170.21,3.47,0.370079
layernorm,autotune,fp16,K=6144,1,1,0.0303,0.0302,0.0146,0.0376,0.018,0.0178,2.08,0.81,1.68,1.69,-0.33,157.53,-1.11,0.388298
layernorm,autotune,fp16,K=6656,1,1,0.0317,0.0325,0.0154,0.0435,0.0192,0.0193,2.06,0.75,1.65,1.68,2.52,182.47,0.52,0.354023
layernorm,autotune,fp16,K=7168,1,1,0.0341,0.0348,0.0161,0.0431,0.0197,0.0198,2.12,0.81,1.74,1.75,2.05,167.70,0.51,0.37355
layernorm,autotune,fp16,K=7680,1,1,0.0372,0.0368,0.0168,0.0439,0.0244,0.0246,2.22,0.84,1.53,1.49,-1.08,161.31,0.82,0.382688
layernorm,autotune,fp16,K=8192,1,1,0.039,0.0392,0.0175,0.044,0.0252,0.0252,2.23,0.89,1.55,1.56,0.51,151.43,0.00,0.397727
layernorm,autotune,fp16,K=8704,1,1,0.0429,0.0425,0.0196,0.0485,0.0306,0.0305,2.19,0.88,1.4,1.4,-0.93,147.45,-0.33,0.404124
layernorm,autotune,fp16,K=9216,1,1,0.0459,0.0468,0.0202,0.0486,0.0312,0.0315,2.28,0.96,1.47,1.49,1.96,140.59,0.96,0.415638
layernorm,autotune,fp16,K=9728,1,1,0.0483,0.0488,0.0209,0.049,0.0339,0.0336,2.31,0.99,1.42,1.45,1.04,134.45,-0.88,0.426531
layernorm,autotune,fp32,K=1024,1,1,0.0094,0.0095,0.0046,0.0193,0.0046,0.0046,2.05,0.49,2.06,2.07,1.06,319.57,0.00,0.238342
layernorm,autotune,fp32,K=10240,1,1,0.0649,0.0654,0.0371,0.0635,0.0367,0.0506,1.75,1.03,1.77,1.29,0.77,71.16,37.87,0.584252
layernorm,autotune,fp32,K=1536,1,1,0.0116,0.0115,0.0076,0.0241,0.0063,0.0062,1.52,0.48,1.83,1.85,-0.86,217.11,-1.59,0.315353
layernorm,autotune,fp32,K=2048,1,1,0.0159,0.0159,0.0081,0.0251,0.0107,0.0085,1.95,0.63,1.48,1.87,0.00,209.88,-20.56,0.322709
layernorm,autotune,fp32,K=2560,1,1,0.0187,0.0185,0.0102,0.0296,0.0099,0.01,1.84,0.63,1.89,1.86,-1.07,190.20,1.01,0.344595
layernorm,autotune,fp32,K=3072,1,1,0.0221,0.022,0.0116,0.0303,0.0117,0.0116,1.9,0.73,1.89,1.89,-0.45,161.21,-0.85,0.382838
layernorm,autotune,fp32,K=3584,1,1,0.0242,0.0243,0.0138,0.0355,0.0161,0.0156,1.75,0.68,1.51,1.55,0.41,157.25,-3.11,0.388732
layernorm,autotune,fp32,K=4096,1,1,0.0278,0.028,0.0162,0.0359,0.0183,0.0157,1.71,0.78,1.51,1.78,0.72,121.60,-14.21,0.451253
layernorm,autotune,fp32,K=4608,1,1,0.03,0.03,0.0174,0.0415,0.0176,0.0179,1.72,0.72,1.71,1.68,0.00,138.51,1.70,0.419277
layernorm,autotune,fp32,K=512,1,1,0.0065,0.0065,0.0036,0.0166,0.0036,0.0036,1.81,0.39,1.8,1.82,0.00,361.11,0.00,0.216867
layernorm,autotune,fp32,K=5120,1,1,0.0336,0.0334,0.0192,0.0424,0.0193,0.0196,1.75,0.79,1.74,1.7,-0.60,120.83,1.55,0.45283
layernorm,autotune,fp32,K=5632,1,1,0.0363,0.0365,0.0212,0.0433,0.0234,0.0248,1.71,0.84,1.55,1.47,0.55,104.25,5.98,0.489607
layernorm,autotune,fp32,K=6144,1,1,0.0396,0.0398,0.0225,0.0439,0.0256,0.0255,1.76,0.91,1.55,1.56,0.51,95.11,-0.39,0.512528
layernorm,autotune,fp32,K=6656,1,1,0.0433,0.0436,0.0248,0.0518,0.0261,0.0261,1.75,0.84,1.66,1.67,0.69,108.87,0.00,0.478764
layernorm,autotune,fp32,K=7168,1,1,0.047,0.047,0.026,0.0521,0.0286,0.0285,1.81,0.9,1.64,1.65,0.00,100.38,-0.35,0.49904
layernorm,autotune,fp32,K=7680,1,1,0.0496,0.0501,0.028,0.0529,0.0289,0.0289,1.77,0.95,1.72,1.73,1.01,88.93,0.00,0.529301
layernorm,autotune,fp32,K=8192,1,1,0.0543,0.0546,0.0295,0.0531,0.0318,0.0318,1.84,1.03,1.71,1.72,0.55,80.00,0.00,0.555556
layernorm,autotune,fp32,K=8704,1,1,0.0556,0.0565,0.0316,0.0592,0.0315,0.0316,1.76,0.95,1.77,1.79,1.62,87.34,0.32,0.533784
layernorm,autotune,fp32,K=9216,1,1,0.0589,0.0596,0.0331,0.06,0.033,0.0332,1.78,0.99,1.78,1.8,1.19,81.27,0.61,0.551667
layernorm,autotune,fp32,K=9728,1,1,0.0613,0.0619,0.035,0.0615,0.0488,0.0489,1.75,1.01,1.26,1.27,0.98,75.71,0.20,0.569106
matmul_fp32_fp16_fp8,default,fp16,K=1024,1,0,0.0267,,0.043,,0.045,,0.62,,0.59,,,,,
matmul_fp32_fp16_fp8,default,fp16,K=10240,1,0,0.2492,,0.3581,,0.2774,,0.7,,0.9,,,,,
matmul_fp32_fp16_fp8,default,fp16,K=11264,1,0,0.2981,,0.387,,0.3067,,0.77,,0.97,,,,,
matmul_fp32_fp16_fp8,default,fp16,K=12288,1,0,0.315,,0.4148,,0.3396,,0.76,,0.93,,,,,
matmul_fp32_fp16_fp8,default,fp16,K=13312,1,0,0.2995,,0.4572,,0.367,,0.66,,0.82,,,,,
matmul_fp32_fp16_fp8,default,fp16,K=14336,1,0,0.3233,,0.4829,,0.3887,,0.67,,0.83,,,,,
matmul_fp32_fp16_fp8,default,fp16,K=15360,1,0,0.3739,,0.5396,,0.4337,,0.69,,0.86,,,,,
matmul_fp32_fp16_fp8,default,fp16,K=16384,1,0,0.3702,,0.5487,,0.4424,,0.67,,0.84,,,,,
matmul_fp32_fp16_fp8,default,fp16,K=17408,1,0,0.4479,,0.6002,,0.4734,,0.75,,0.95,,,,,
matmul_fp32_fp16_fp8,default,fp16,K=18432,1,0,0.4476,,0.6415,,0.499,,0.7,,0.9,,,,,
matmul_fp32_fp16_fp8,default,fp16,K=19456,1,0,0.4502,,0.6779,,0.5407,,0.66,,0.83,,,,,
matmul_fp32_fp16_fp8,default,fp16,K=2048,1,0,0.0466,,0.0693,,0.0658,,0.67,,0.71,,,,,
matmul_fp32_fp16_fp8,default,fp16,K=20480,1,0,0.4641,,0.7096,,0.5675,,0.65,,0.82,,,,,
matmul_fp32_fp16_fp8,default,fp16,K=3072,1,0,0.0671,,0.0976,,0.0874,,0.69,,0.77,,,,,
matmul_fp32_fp16_fp8,default,fp16,K=4096,1,0,0.0906,,0.13,,0.1111,,0.7,,0.82,,,,,
matmul_fp32_fp16_fp8,default,fp16,K=5120,1,0,0.1146,,0.1699,,0.1376,,0.67,,0.83,,,,,
matmul_fp32_fp16_fp8,default,fp16,K=6144,1,0,0.1414,,0.2099,,0.1647,,0.67,,0.86,,,,,
matmul_fp32_fp16_fp8,default,fp16,K=7168,1,0,0.1679,,0.2457,,0.1918,,0.68,,0.88,,,,,
matmul_fp32_fp16_fp8,default,fp16,K=8192,1,0,0.1924,,0.2786,,0.2199,,0.69,,0.88,,,,,
matmul_fp32_fp16_fp8,default,fp16,K=9216,1,0,0.2166,,0.3205,,0.2483,,0.68,,0.87,,,,,
matmul_fp32_fp16_fp8,default,fp16,n=687194767360,0,1,,0.466,,0.6985,,0.5709,,0.67,,0.82,,,,
matmul_fp32_fp16_fp8,default,fp32,K=1024,1,0,0.5615,,0.3387,,0.0729,,1.66,,7.7,,,,,
matmul_fp32_fp16_fp8,default,fp32,K=10240,1,0,5.3516,,3.1309,,0.5279,,1.71,,10.14,,,,,
matmul_fp32_fp16_fp8,default,fp32,K=11264,1,0,5.884,,3.4369,,0.5823,,1.71,,10.11,,,,,
matmul_fp32_fp16_fp8,default,fp32,K=12288,1,0,6.4164,,3.7484,,0.6436,,1.71,,9.97,,,,,
matmul_fp32_fp16_fp8,default,fp32,K=13312,1,0,6.9489,,4.0558,,0.723,,1.71,,9.61,,,,,
matmul_fp32_fp16_fp8,default,fp32,K=14336,1,0,7.4816,,4.3668,,0.757,,1.71,,9.88,,,,,
matmul_fp32_fp16_fp8,default,fp32,K=15360,1,0,8.0141,,4.6791,,0.8277,,1.71,,9.68,,,,,
matmul_fp32_fp16_fp8,default,fp32,K=16384,1,0,8.5465,,4.9727,,0.9037,,1.72,,9.46,,,,,
matmul_fp32_fp16_fp8,default,fp32,K=17408,1,0,9.0891,,5.3009,,0.9578,,1.71,,9.49,,,,,
matmul_fp32_fp16_fp8,default,fp32,K=18432,1,0,9.6131,,5.6038,,1.0198,,1.72,,9.43,,,,,
matmul_fp32_fp16_fp8,default,fp32,K=19456,1,0,10.1535,,5.9128,,1.045,,1.72,,9.72,,,,,
matmul_fp32_fp16_fp8,default,fp32,K=2048,1,0,1.0934,,0.6466,,0.1149,,1.69,,9.51,,,,,
matmul_fp32_fp16_fp8,default,fp32,K=20480,1,0,10.6981,,6.2277,,1.1388,,1.72,,9.39,,,,,
matmul_fp32_fp16_fp8,default,fp32,K=3072,1,0,1.6253,,0.9589,,0.1614,,1.7,,10.07,,,,,
matmul_fp32_fp16_fp8,default,fp32,K=4096,1,0,2.1574,,1.2656,,0.2112,,1.7,,10.22,,,,,
matmul_fp32_fp16_fp8,default,fp32,K=5120,1,0,2.6897,,1.5805,,0.2624,,1.7,,10.25,,,,,
matmul_fp32_fp16_fp8,default,fp32,K=6144,1,0,3.2218,,1.8902,,0.3135,,1.7,,10.28,,,,,
matmul_fp32_fp16_fp8,default,fp32,K=7168,1,0,3.7544,,2.199,,0.3635,,1.71,,10.33,,,,,
matmul_fp32_fp16_fp8,default,fp32,K=8192,1,0,4.2867,,2.502,,0.4113,,1.71,,10.42,,,,,
matmul_fp32_fp16_fp8,default,fp32,K=9216,1,0,4.8196,,2.8173,,0.4731,,1.71,,10.19,,,,,
matmul_fp32_fp16_fp8,default,fp8_e4m3fn,K=1024,1,0,0.606,,0.033,,0.0226,,18.34,,26.79,,,,,
matmul_fp32_fp16_fp8,default,fp8_e4m3fn,K=10240,1,0,5.6095,,0.2539,,0.1151,,22.09,,48.72,,,,,
matmul_fp32_fp16_fp8,default,fp8_e4m3fn,K=11264,1,0,6.1656,,0.2922,,0.1259,,21.1,,48.96,,,,,
matmul_fp32_fp16_fp8,default,fp8_e4m3fn,K=12288,1,0,6.7214,,0.3263,,0.1368,,20.6,,49.13,,,,,
matmul_fp32_fp16_fp8,default,fp8_e4m3fn,K=13312,1,0,7.2774,,0.3588,,0.1481,,20.28,,49.12,,,,,
matmul_fp32_fp16_fp8,default,fp8_e4m3fn,K=14336,1,0,7.8332,,0.3903,,0.1592,,20.07,,49.21,,,,,
matmul_fp32_fp16_fp8,default,fp8_e4m3fn,K=15360,1,0,8.3898,,0.4227,,0.1707,,19.85,,49.14,,,,,
matmul_fp32_fp16_fp8,default,fp8_e4m3fn,K=16384,1,0,8.9452,,0.4525,,0.181,,19.77,,49.42,,,,,
matmul_fp32_fp16_fp8,default,fp8_e4m3fn,K=17408,1,0,9.5023,,0.4824,,0.1925,,19.7,,49.36,,,,,
matmul_fp32_fp16_fp8,default,fp8_e4m3fn,K=18432,1,0,10.058,,0.5099,,0.2038,,19.73,,49.35,,,,,
matmul_fp32_fp16_fp8,default,fp8_e4m3fn,K=19456,1,0,10.6146,,0.5383,,0.2144,,19.72,,49.51,,,,,
matmul_fp32_fp16_fp8,default,fp8_e4m3fn,K=2048,1,0,1.1637,,0.053,,0.0335,,21.95,,34.7,,,,,
matmul_fp32_fp16_fp8,default,fp8_e4m3fn,K=20480,1,0,11.1708,,0.5681,,0.2252,,19.66,,49.6,,,,,
matmul_fp32_fp16_fp8,default,fp8_e4m3fn,K=3072,1,0,1.7188,,0.0745,,0.0435,,23.09,,39.53,,,,,
matmul_fp32_fp16_fp8,default,fp8_e4m3fn,K=4096,1,0,2.2744,,0.0949,,0.0533,,23.96,,42.65,,,,,
matmul_fp32_fp16_fp8,default,fp8_e4m3fn,K=5120,1,0,2.8302,,0.1169,,0.0634,,24.22,,44.67,,,,,
matmul_fp32_fp16_fp8,default,fp8_e4m3fn,K=6144,1,0,3.3867,,0.1373,,0.0731,,24.67,,46.34,,,,,
matmul_fp32_fp16_fp8,default,fp8_e4m3fn,K=7168,1,0,3.9428,,0.1604,,0.0832,,24.58,,47.38,,,,,
matmul_fp32_fp16_fp8,default,fp8_e4m3fn,K=8192,1,0,4.4983,,0.1831,,0.0939,,24.57,,47.88,,,,,
matmul_fp32_fp16_fp8,default,fp8_e4m3fn,K=9216,1,0,5.0533,,0.215,,0.1044,,23.51,,48.41,,,,,
matmul_fp32_fp16_fp8,default,fp8_e5m2,K=1024,1,0,0.6049,,0.0325,,0.0229,,18.6,,26.45,,,,,
matmul_fp32_fp16_fp8,default,fp8_e5m2,K=10240,1,0,5.6035,,0.2562,,0.1225,,21.87,,45.74,,,,,
matmul_fp32_fp16_fp8,default,fp8_e5m2,K=11264,1,0,6.1596,,0.2918,,0.1354,,21.11,,45.51,,,,,
matmul_fp32_fp16_fp8,default,fp8_e5m2,K=12288,1,0,6.7148,,0.3264,,0.1485,,20.57,,45.22,,,,,
matmul_fp32_fp16_fp8,default,fp8_e5m2,K=13312,1,0,7.2702,,0.361,,0.162,,20.14,,44.87,,,,,
matmul_fp32_fp16_fp8,default,fp8_e5m2,K=14336,1,0,7.826,,0.3929,,0.1757,,19.92,,44.54,,,,,
matmul_fp32_fp16_fp8,default,fp8_e5m2,K=15360,1,0,8.3822,,0.4251,,0.1884,,19.72,,44.5,,,,,
matmul_fp32_fp16_fp8,default,fp8_e5m2,K=16384,1,0,8.9373,,0.4543,,0.2013,,19.67,,44.39,,,,,
matmul_fp32_fp16_fp8,default,fp8_e5m2,K=17408,1,0,9.4937,,0.4849,,0.214,,19.58,,44.37,,,,,
matmul_fp32_fp16_fp8,default,fp8_e5m2,K=18432,1,0,10.0492,,0.5124,,0.2259,,19.61,,44.49,,,,,
matmul_fp32_fp16_fp8,default,fp8_e5m2,K=19456,1,0,10.6046,,0.5413,,0.2385,,19.59,,44.46,,,,,
matmul_fp32_fp16_fp8,default,fp8_e5m2,K=2048,1,0,1.1619,,0.0531,,0.0337,,21.86,,34.45,,,,,
matmul_fp32_fp16_fp8,default,fp8_e5m2,K=20480,1,0,11.1599,,0.5716,,0.2509,,19.52,,44.49,,,,,
matmul_fp32_fp16_fp8,default,fp8_e5m2,K=3072,1,0,1.7166,,0.0752,,0.0442,,22.84,,38.87,,,,,
matmul_fp32_fp16_fp8,default,fp8_e5m2,K=4096,1,0,2.2716,,0.0948,,0.0544,,23.96,,41.72,,,,,
matmul_fp32_fp16_fp8,default,fp8_e5m2,K=5120,1,0,2.8277,,0.1173,,0.0645,,24.11,,43.82,,,,,
matmul_fp32_fp16_fp8,default,fp8_e5m2,K=6144,1,0,3.3829,,0.1386,,0.0754,,24.4,,44.89,,,,,
matmul_fp32_fp16_fp8,default,fp8_e5m2,K=7168,1,0,3.9387,,0.1623,,0.0856,,24.27,,46,,,,,
matmul_fp32_fp16_fp8,default,fp8_e5m2,K=8192,1,0,4.4936,,0.1862,,0.0976,,24.14,,46.03,,,,,
matmul_fp32_fp16_fp8,default,fp8_e5m2,K=9216,1,0,5.0484,,0.2163,,0.11,,23.34,,45.89,,,,,
matmul_fp32_fp16_fp8,autotune,fp16,K=1024,1,0,0.0265,,0.0393,,0.033,,0.67,,0.8,,,,,
matmul_fp32_fp16_fp8,autotune,fp16,K=10240,1,0,0.2438,,0.2863,,0.2348,,0.85,,1.04,,,,,
matmul_fp32_fp16_fp8,autotune,fp16,K=11264,1,0,0.2697,,0.3202,,0.258,,0.84,,1.05,,,,,
matmul_fp32_fp16_fp8,autotune,fp16,K=12288,1,0,0.2751,,0.3338,,0.2827,,0.82,,0.97,,,,,
matmul_fp32_fp16_fp8,autotune,fp16,K=13312,1,0,0.2964,,0.3587,,0.307,,0.83,,0.97,,,,,
matmul_fp32_fp16_fp8,autotune,fp16,K=14336,1,0,0.3201,,0.3851,,0.3313,,0.83,,0.97,,,,,
matmul_fp32_fp16_fp8,autotune,fp16,K=15360,1,0,0.3446,,0.4162,,0.354,,0.83,,0.97,,,,,
matmul_fp32_fp16_fp8,autotune,fp16,K=16384,1,0,0.3672,,0.45,,0.3764,,0.82,,0.98,,,,,
matmul_fp32_fp16_fp8,autotune,fp16,K=17408,1,0,0.3902,,0.4785,,0.4014,,0.82,,0.97,,,,,
matmul_fp32_fp16_fp8,autotune,fp16,K=18432,1,0,0.4135,,0.516,,0.4348,,0.8,,0.95,,,,,
matmul_fp32_fp16_fp8,autotune,fp16,K=19456,1,0,0.4313,,0.5479,,0.4508,,0.79,,0.96,,,,,
matmul_fp32_fp16_fp8,autotune,fp16,K=2048,1,0,0.0466,,0.0654,,0.0531,,0.71,,0.88,,,,,
matmul_fp32_fp16_fp8,autotune,fp16,K=20480,1,0,0.4615,,0.5665,,0.4758,,0.81,,0.97,,,,,
matmul_fp32_fp16_fp8,autotune,fp16,K=3072,1,0,0.0673,,0.0898,,0.0725,,0.75,,0.93,,,,,
matmul_fp32_fp16_fp8,autotune,fp16,K=4096,1,0,0.0903,,0.115,,0.094,,0.79,,0.96,,,,,
matmul_fp32_fp16_fp8,autotune,fp16,K=5120,1,0,0.1151,,0.1429,,0.1179,,0.81,,0.98,,,,,
matmul_fp32_fp16_fp8,autotune,fp16,K=6144,1,0,0.1408,,0.1709,,0.1412,,0.82,,1,,,,,
matmul_fp32_fp16_fp8,autotune,fp16,K=7168,1,0,0.1681,,0.1954,,0.1642,,0.86,,1.02,,,,,
matmul_fp32_fp16_fp8,autotune,fp16,K=8192,1,0,0.1931,,0.223,,0.1875,,0.87,,1.03,,,,,
matmul_fp32_fp16_fp8,autotune,fp16,K=9216,1,0,0.2177,,0.2627,,0.2107,,0.83,,1.03,,,,,
matmul_fp32_fp16_fp8,autotune,fp16,n=687194767360,0,1,,0.4614,,0.5257,,0.4749,,0.88,,0.97,,,,
matmul_fp32_fp16_fp8,autotune,fp32,K=1024,1,0,0.5613,,0.3558,,0.0624,,1.58,,8.99,,,,,
matmul_fp32_fp16_fp8,autotune,fp32,K=10240,1,0,5.3518,,3.0273,,0.4371,,1.77,,12.24,,,,,
matmul_fp32_fp16_fp8,autotune,fp32,K=11264,1,0,5.8838,,3.3231,,0.4858,,1.77,,12.11,,,,,
matmul_fp32_fp16_fp8,autotune,fp32,K=12288,1,0,6.4162,,3.6213,,0.5301,,1.77,,12.1,,,,,
matmul_fp32_fp16_fp8,autotune,fp32,K=13312,1,0,6.9491,,3.9152,,0.5791,,1.77,,12,,,,,
matmul_fp32_fp16_fp8,autotune,fp32,K=14336,1,0,7.4826,,4.212,,0.6302,,1.78,,11.87,,,,,
matmul_fp32_fp16_fp8,autotune,fp32,K=15360,1,0,8.0147,,4.5086,,0.684,,1.78,,11.72,,,,,
matmul_fp32_fp16_fp8,autotune,fp32,K=16384,1,0,8.5467,,4.8135,,0.7008,,1.78,,12.2,,,,,
matmul_fp32_fp16_fp8,autotune,fp32,K=17408,1,0,9.0804,,5.1029,,0.7476,,1.78,,12.15,,,,,
matmul_fp32_fp16_fp8,autotune,fp32,K=18432,1,0,9.6175,,5.3986,,0.8377,,1.78,,11.48,,,,,
matmul_fp32_fp16_fp8,autotune,fp32,K=19456,1,0,10.1595,,5.6945,,0.8774,,1.78,,11.58,,,,,
matmul_fp32_fp16_fp8,autotune,fp32,K=2048,1,0,1.0934,,0.6501,,0.1031,,1.68,,10.6,,,,,
matmul_fp32_fp16_fp8,autotune,fp32,K=20480,1,0,10.6926,,5.9893,,0.9228,,1.79,,11.59,,,,,
matmul_fp32_fp16_fp8,autotune,fp32,K=3072,1,0,1.6252,,0.9481,,0.1439,,1.71,,11.29,,,,,
matmul_fp32_fp16_fp8,autotune,fp32,K=4096,1,0,2.1573,,1.2437,,0.1833,,1.73,,11.77,,,,,
matmul_fp32_fp16_fp8,autotune,fp32,K=5120,1,0,2.6896,,1.5418,,0.2244,,1.74,,11.98,,,,,
matmul_fp32_fp16_fp8,autotune,fp32,K=6144,1,0,3.222,,1.8398,,0.2669,,1.75,,12.07,,,,,
matmul_fp32_fp16_fp8,autotune,fp32,K=7168,1,0,3.7545,,2.1367,,0.3095,,1.76,,12.13,,,,,
matmul_fp32_fp16_fp8,autotune,fp32,K=8192,1,0,4.2868,,2.4301,,0.3554,,1.76,,12.06,,,,,
matmul_fp32_fp16_fp8,autotune,fp32,K=9216,1,0,4.8192,,2.7305,,0.3949,,1.76,,12.2,,,,,
matmul_fp32_fp16_fp8,autotune,fp8_e4m3fn,K=1024,1,0,0.6058,,0.0232,,0.0188,,26.16,,32.21,,,,,
matmul_fp32_fp16_fp8,autotune,fp8_e4m3fn,K=10240,1,0,5.6095,,0.1352,,0.1065,,41.48,,52.67,,,,,
matmul_fp32_fp16_fp8,autotune,fp8_e4m3fn,K=11264,1,0,6.1655,,0.1476,,0.116,,41.78,,53.14,,,,,
matmul_fp32_fp16_fp8,autotune,fp8_e4m3fn,K=12288,1,0,6.7222,,0.1601,,0.1255,,41.99,,53.58,,,,,
matmul_fp32_fp16_fp8,autotune,fp8_e4m3fn,K=13312,1,0,7.2773,,0.1714,,0.1349,,42.46,,53.94,,,,,
matmul_fp32_fp16_fp8,autotune,fp8_e4m3fn,K=14336,1,0,7.8339,,0.1871,,0.1446,,41.87,,54.19,,,,,
matmul_fp32_fp16_fp8,autotune,fp8_e4m3fn,K=15360,1,0,8.3897,,0.1975,,0.1543,,42.48,,54.38,,,,,
matmul_fp32_fp16_fp8,autotune,fp8_e4m3fn,K=16384,1,0,8.945,,0.2084,,0.1655,,42.92,,54.05,,,,,
matmul_fp32_fp16_fp8,autotune,fp8_e4m3fn,K=17408,1,0,9.5017,,0.2215,,0.1756,,42.89,,54.12,,,,,
matmul_fp32_fp16_fp8,autotune,fp8_e4m3fn,K=18432,1,0,10.0586,,0.2352,,0.1863,,42.77,,53.99,,,,,
matmul_fp32_fp16_fp8,autotune,fp8_e4m3fn,K=19456,1,0,10.6146,,0.2455,,0.1969,,43.24,,53.92,,,,,
matmul_fp32_fp16_fp8,autotune,fp8_e4m3fn,K=2048,1,0,1.1637,,0.0361,,0.0293,,32.2,,39.65,,,,,
matmul_fp32_fp16_fp8,autotune,fp8_e4m3fn,K=20480,1,0,11.1715,,0.2566,,0.2044,,43.53,,54.65,,,,,
matmul_fp32_fp16_fp8,autotune,fp8_e4m3fn,K=3072,1,0,1.7181,,0.0484,,0.0391,,35.49,,43.89,,,,,
matmul_fp32_fp16_fp8,autotune,fp8_e4m3fn,K=4096,1,0,2.2736,,0.0613,,0.049,,37.09,,46.44,,,,,
matmul_fp32_fp16_fp8,autotune,fp8_e4m3fn,K=5120,1,0,2.8304,,0.0744,,0.0585,,38.04,,48.34,,,,,
matmul_fp32_fp16_fp8,autotune,fp8_e4m3fn,K=6144,1,0,3.386,,0.0866,,0.0682,,39.11,,49.61,,,,,
matmul_fp32_fp16_fp8,autotune,fp8_e4m3fn,K=7168,1,0,3.9421,,0.0987,,0.0779,,39.95,,50.59,,,,,
matmul_fp32_fp16_fp8,autotune,fp8_e4m3fn,K=8192,1,0,4.4977,,0.1124,,0.0878,,40,,51.21,,,,,
matmul_fp32_fp16_fp8,autotune,fp8_e4m3fn,K=9216,1,0,5.0533,,0.1231,,0.097,,41.04,,52.08,,,,,
matmul_fp32_fp16_fp8,autotune,fp8_e5m2,K=1024,1,0,0.6044,,0.0232,,0.0188,,26.02,,32.1,,,,,
matmul_fp32_fp16_fp8,autotune,fp8_e5m2,K=10240,1,0,5.6041,,0.1388,,0.1124,,40.37,,49.87,,,,,
matmul_fp32_fp16_fp8,autotune,fp8_e5m2,K=11264,1,0,6.1591,,0.1514,,0.1252,,40.68,,49.19,,,,,
matmul_fp32_fp16_fp8,autotune,fp8_e5m2,K=12288,1,0,6.7146,,0.1669,,0.1367,,40.24,,49.11,,,,,
matmul_fp32_fp16_fp8,autotune,fp8_e5m2,K=13312,1,0,7.2704,,0.1846,,0.1484,,39.38,,49.01,,,,,
matmul_fp32_fp16_fp8,autotune,fp8_e5m2,K=14336,1,0,7.8257,,0.196,,0.1618,,39.93,,48.36,,,,,
matmul_fp32_fp16_fp8,autotune,fp8_e5m2,K=15360,1,0,8.3997,,0.2056,,0.173,,40.86,,48.54,,,,,
matmul_fp32_fp16_fp8,autotune,fp8_e5m2,K=16384,1,0,8.9365,,0.2243,,0.1822,,39.85,,49.04,,,,,
matmul_fp32_fp16_fp8,autotune,fp8_e5m2,K=17408,1,0,9.4929,,0.2326,,0.1939,,40.81,,48.95,,,,,
matmul_fp32_fp16_fp8,autotune,fp8_e5m2,K=18432,1,0,10.0485,,0.2539,,0.2055,,39.58,,48.89,,,,,
matmul_fp32_fp16_fp8,autotune,fp8_e5m2,K=19456,1,0,10.604,,0.2656,,0.2169,,39.92,,48.88,,,,,
matmul_fp32_fp16_fp8,autotune,fp8_e5m2,K=2048,1,0,1.1623,,0.0364,,0.0296,,31.95,,39.23,,,,,
matmul_fp32_fp16_fp8,autotune,fp8_e5m2,K=20480,1,0,11.161,,0.2749,,0.2278,,40.6,,48.99,,,,,
matmul_fp32_fp16_fp8,autotune,fp8_e5m2,K=3072,1,0,1.7167,,0.0497,,0.0403,,34.56,,42.59,,,,,
matmul_fp32_fp16_fp8,autotune,fp8_e5m2,K=4096,1,0,2.2721,,0.0627,,0.0498,,36.22,,45.63,,,,,
matmul_fp32_fp16_fp8,autotune,fp8_e5m2,K=5120,1,0,2.8272,,0.077,,0.0596,,36.73,,47.45,,,,,
matmul_fp32_fp16_fp8,autotune,fp8_e5m2,K=6144,1,0,3.3824,,0.0873,,0.0697,,38.75,,48.53,,,,,
matmul_fp32_fp16_fp8,autotune,fp8_e5m2,K=7168,1,0,3.9376,,0.1003,,0.0798,,39.24,,49.33,,,,,
matmul_fp32_fp16_fp8,autotune,fp8_e5m2,K=8192,1,0,4.4929,,0.1127,,0.0909,,39.88,,49.41,,,,,
matmul_fp32_fp16_fp8,autotune,fp8_e5m2,K=9216,1,0,5.0483,,0.1302,,0.1011,,38.78,,49.95,,,,,
matmul_int8,default,int8,K=1024,1,1,0.2251,0.2249,0.0343,0.0363,0.0572,0.0572,6.57,6.19,3.93,3.93,-0.09,5.83,0.00,0.944904
matmul_int8,default,int8,K=10240,1,1,1.7413,1.7384,0.2869,0.2823,0.4927,0.4923,6.07,6.16,3.53,3.53,-0.17,-1.60,-0.08,1.01629
matmul_int8,default,int8,K=11264,1,1,1.9114,1.9073,0.3149,0.3095,0.5408,0.54,6.07,6.16,3.53,3.53,-0.21,-1.71,-0.15,1.01745
matmul_int8,default,int8,K=12288,1,1,2.0791,2.0749,0.342,0.3368,0.5892,0.5888,6.08,6.16,3.53,3.52,-0.20,-1.52,-0.07,1.01544
matmul_int8,default,int8,K=13312,1,1,2.2474,2.2428,0.3697,0.3643,0.6377,0.6361,6.08,6.16,3.52,3.53,-0.20,-1.46,-0.25,1.01482
matmul_int8,default,int8,K=14336,1,1,2.416,2.411,0.3978,0.3918,0.6859,0.6849,6.07,6.15,3.52,3.52,-0.21,-1.51,-0.15,1.01531
matmul_int8,default,int8,K=15360,1,1,2.5845,2.5788,0.4263,0.4191,0.7343,0.7329,6.06,6.15,3.52,3.52,-0.22,-1.69,-0.19,1.01718
matmul_int8,default,int8,K=16384,1,1,2.7542,2.7487,0.453,0.4472,0.7827,0.781,6.08,6.15,3.52,3.52,-0.20,-1.28,-0.22,1.01297
matmul_int8,default,int8,K=17408,1,1,2.9227,2.9181,0.4813,0.4744,0.8309,0.8297,6.07,6.15,3.52,3.52,-0.16,-1.43,-0.14,1.01454
matmul_int8,default,int8,K=18432,1,1,3.0908,3.0851,0.5094,0.5019,0.8788,0.877,6.07,6.15,3.52,3.52,-0.18,-1.47,-0.20,1.01494
matmul_int8,default,int8,K=19456,1,1,3.2628,3.2557,0.5365,0.5299,0.9257,0.926,6.08,6.14,3.52,3.52,-0.22,-1.23,0.03,1.01246
matmul_int8,default,int8,K=2048,1,1,0.3912,0.3906,0.0626,0.0634,0.1057,0.1056,6.25,6.17,3.7,3.7,-0.15,1.28,-0.09,0.987382
matmul_int8,default,int8,K=20480,1,1,3.4305,3.4246,0.5643,0.5572,0.9747,0.9732,6.08,6.15,3.52,3.52,-0.17,-1.26,-0.15,1.01274
matmul_int8,default,int8,K=3072,1,1,0.5583,0.5568,0.0906,0.0908,0.154,0.1539,6.16,6.13,3.63,3.62,-0.27,0.22,-0.06,0.997797
matmul_int8,default,int8,K=4096,1,1,0.7272,0.7251,0.1184,0.1178,0.2024,0.2022,6.14,6.16,3.59,3.59,-0.29,-0.51,-0.10,1.00509
matmul_int8,default,int8,K=5120,1,1,0.9002,0.8984,0.1461,0.1451,0.2507,0.2506,6.16,6.19,3.59,3.59,-0.20,-0.68,-0.04,1.00689
matmul_int8,default,int8,K=6144,1,1,1.0674,1.0654,0.1738,0.1724,0.299,0.299,6.14,6.18,3.57,3.56,-0.19,-0.81,0.00,1.00812
matmul_int8,default,int8,K=7168,1,1,1.2369,1.2338,0.2019,0.2007,0.3476,0.3474,6.12,6.15,3.56,3.55,-0.25,-0.59,-0.06,1.00598
matmul_int8,default,int8,K=8192,1,1,1.4058,1.4027,0.2296,0.228,0.3957,0.3957,6.12,6.15,3.55,3.54,-0.22,-0.70,0.00,1.00702
matmul_int8,default,int8,K=9216,1,1,1.5742,1.5706,0.2588,0.2549,0.4443,0.4442,6.08,6.16,3.54,3.54,-0.23,-1.51,-0.02,1.0153
matmul_int8,autotune,int8,K=1024,1,1,0.2252,0.2249,0.0288,0.0296,0.0236,0.0237,7.82,7.6,9.55,9.5,-0.13,2.78,0.42,0.972973
matmul_int8,autotune,int8,K=10240,1,1,1.7422,1.739,0.2319,0.2171,0.1723,0.1721,7.51,8.01,10.11,10.1,-0.18,-6.38,-0.12,1.06817
matmul_int8,autotune,int8,K=11264,1,1,1.9105,1.9069,0.2543,0.2378,0.1886,0.1884,7.51,8.02,10.13,10.12,-0.19,-6.49,-0.11,1.06939
matmul_int8,autotune,int8,K=12288,1,1,2.0797,2.0752,0.278,0.2588,0.2048,0.2045,7.48,8.02,10.16,10.15,-0.22,-6.91,-0.15,1.07419
matmul_int8,autotune,int8,K=13312,1,1,2.2477,2.2419,0.3006,0.2796,0.2211,0.2208,7.48,8.02,10.17,10.15,-0.26,-6.99,-0.14,1.07511
matmul_int8,autotune,int8,K=14336,1,1,2.416,2.41,0.3231,0.3002,0.2373,0.2372,7.48,8.03,10.18,10.16,-0.25,-7.09,-0.04,1.07628
matmul_int8,autotune,int8,K=15360,1,1,2.5856,2.5805,0.3462,0.3214,0.2534,0.2532,7.47,8.03,10.2,10.19,-0.20,-7.16,-0.08,1.07716
matmul_int8,autotune,int8,K=16384,1,1,2.7531,2.7487,0.3678,0.3423,0.2698,0.2698,7.48,8.03,10.2,10.19,-0.16,-6.93,0.00,1.0745
matmul_int8,autotune,int8,K=17408,1,1,2.9235,2.9171,0.3917,0.3629,0.2861,0.2858,7.46,8.04,10.22,10.21,-0.22,-7.35,-0.10,1.07936
matmul_int8,autotune,int8,K=18432,1,1,3.0923,3.0869,0.4141,0.3836,0.3024,0.3021,7.47,8.05,10.23,10.22,-0.17,-7.37,-0.10,1.07951
matmul_int8,autotune,int8,K=19456,1,1,3.2635,3.2564,0.4368,0.4051,0.3183,0.3182,7.47,8.04,10.25,10.24,-0.22,-7.26,-0.03,1.07825
matmul_int8,autotune,int8,K=2048,1,1,0.3903,0.3889,0.0511,0.0508,0.0408,0.0407,7.65,7.65,9.57,9.55,-0.36,-0.59,-0.25,1.00591
matmul_int8,autotune,int8,K=20480,1,1,3.4331,3.4266,0.4602,0.4257,0.3348,0.3344,7.46,8.05,10.25,10.25,-0.19,-7.50,-0.12,1.08104
matmul_int8,autotune,int8,K=3072,1,1,0.5581,0.5556,0.0737,0.0715,0.0578,0.0578,7.57,7.77,9.65,9.62,-0.45,-2.99,0.00,1.03077
matmul_int8,autotune,int8,K=4096,1,1,0.7271,0.7245,0.096,0.0927,0.0748,0.0747,7.57,7.82,9.72,9.7,-0.36,-3.44,-0.13,1.0356
matmul_int8,autotune,int8,K=5120,1,1,0.9008,0.8974,0.119,0.1127,0.0911,0.091,7.57,7.96,9.89,9.87,-0.38,-5.29,-0.11,1.0559
matmul_int8,autotune,int8,K=6144,1,1,1.0692,1.0659,0.1416,0.1337,0.1074,0.1072,7.55,7.97,9.95,9.95,-0.31,-5.58,-0.19,1.05909
matmul_int8,autotune,int8,K=7168,1,1,1.2366,1.2337,0.1646,0.1544,0.1236,0.1234,7.51,7.99,10.01,9.99,-0.23,-6.20,-0.16,1.06606
matmul_int8,autotune,int8,K=8192,1,1,1.4045,1.402,0.1861,0.1754,0.1399,0.1398,7.55,7.99,10.04,10.03,-0.18,-5.75,-0.07,1.061
matmul_int8,autotune,int8,K=9216,1,1,1.5745,1.5704,0.2091,0.1961,0.1561,0.1558,7.53,8.01,10.09,10.08,-0.26,-6.22,-0.19,1.06629
matrix_copy,default,bf16,N=1024,1,1,0.0024,0.0022,0.0022,0.0073,0.0021,0.0022,1.07,0.3,1.14,1,-8.33,231.82,4.76,0.30137
matrix_copy,default,bf16,N=1280,1,1,0.0027,0.0027,0.0026,0.0095,0.0027,0.0027,1.02,0.28,0.99,1.01,0.00,265.38,0.00,0.273684
matrix_copy,default,bf16,N=1536,1,1,0.0029,0.003,0.0029,0.0127,0.0029,0.003,1.03,0.24,1,1,3.45,337.93,3.45,0.228346
matrix_copy,default,bf16,N=1792,1,1,0.0037,0.0037,0.0036,0.0152,0.0037,0.0037,1.03,0.25,1.01,1,0.00,322.22,0.00,0.236842
matrix_copy,default,bf16,N=2048,1,1,0.0042,0.0041,0.0041,0.018,0.0042,0.0041,1.03,0.23,1.01,1,-2.38,339.02,-2.38,0.227778
matrix_copy,default,bf16,N=2304,1,1,0.0051,0.0049,0.005,0.0218,0.0051,0.0048,1.03,0.22,1.01,1,-3.92,336.00,-5.88,0.229358
matrix_copy,default,bf16,N=256,1,1,0.0015,0.0015,0.0014,0.0037,0.0014,0.0014,1.06,0.4,1.04,1.03,0.00,164.29,0.00,0.378378
matrix_copy,default,bf16,N=2560,1,1,0.0058,0.0058,0.0057,0.0255,0.0058,0.0058,1.02,0.23,1,1,0.00,347.37,0.00,0.223529
matrix_copy,default,bf16,N=2816,1,1,0.0069,0.0069,0.0068,0.0299,0.0068,0.0068,1.01,0.23,1,1.01,0.00,339.71,0.00,0.227425
matrix_copy,default,bf16,N=3072,1,1,0.0083,0.0083,0.0082,0.0347,0.0082,0.0082,1.02,0.24,1.01,1,0.00,323.17,0.00,0.236311
matrix_copy,default,bf16,N=3328,1,1,0.0095,0.0095,0.0094,0.0397,0.0095,0.0095,1.01,0.24,1,1,0.00,322.34,0.00,0.236776
matrix_copy,default,bf16,N=3584,1,1,0.0106,0.0107,0.0104,0.0451,0.0105,0.0106,1.02,0.24,1.01,1.01,0.94,333.65,0.95,0.230599
matrix_copy,default,bf16,N=3840,1,1,0.0119,0.012,0.0118,0.0508,0.0119,0.0119,1.01,0.24,1,1.01,0.84,330.51,0.00,0.232283
matrix_copy,default,bf16,N=4096,1,1,0.0132,0.0132,0.013,0.0572,0.0131,0.0131,1.01,0.23,1,1,0.00,340.00,0.00,0.227273
matrix_copy,default,bf16,N=4352,1,1,0.0145,0.0146,0.0143,0.0636,0.0145,0.0146,1.02,0.23,1,1,0.69,344.76,0.69,0.224843
matrix_copy,default,bf16,N=4608,1,1,0.0161,0.0161,0.0158,0.0706,0.016,0.016,1.01,0.23,1,1.01,0.00,346.84,0.00,0.223796
matrix_copy,default,bf16,N=4864,1,1,0.0177,0.0177,0.0174,0.0781,0.0176,0.0177,1.01,0.23,1,1,0.00,348.85,0.57,0.222791
matrix_copy,default,bf16,N=512,1,1,0.0016,0.0016,0.0016,0.0042,0.0016,0.0016,1.03,0.4,1.03,1.03,0.00,162.50,0.00,0.380952
matrix_copy,default,bf16,N=5120,1,1,0.0192,0.0191,0.0189,0.086,0.0192,0.0191,1.01,0.22,1,1,-0.52,355.03,-0.52,0.219767
matrix_copy,default,bf16,N=768,1,1,0.0021,0.0021,0.002,0.0055,0.0021,0.0021,1.03,0.38,1.02,1.01,0.00,175.00,0.00,0.363636
matrix_copy,default,fp16,N=1024,1,1,0.0023,0.0023,0.0023,0.0073,0.0023,0.0023,1.01,0.32,1,1,0.00,217.39,0.00,0.315068
matrix_copy,default,fp16,N=1280,1,1,0.0027,0.0026,0.0026,0.0095,0.0026,0.0026,1.03,0.27,1,1.01,-3.70,265.38,0.00,0.273684
matrix_copy,default,fp16,N=1536,1,1,0.003,0.003,0.0029,0.0127,0.0031,0.003,1.02,0.24,0.98,1.01,0.00,337.93,-3.23,0.228346
matrix_copy,default,fp16,N=1792,1,1,0.0039,0.0035,0.0038,0.0152,0.0039,0.0035,1.02,0.23,1.01,1,-10.26,300.00,-10.26,0.25
matrix_copy,default,fp16,N=2048,1,1,0.0045,0.0042,0.0044,0.0179,0.0044,0.0042,1.03,0.24,1.01,1,-6.67,306.82,-4.55,0.24581
matrix_copy,default,fp16,N=2304,1,1,0.005,0.0051,0.0049,0.0218,0.005,0.0051,1.02,0.23,1,1,2.00,344.90,2.00,0.224771
matrix_copy,default,fp16,N=256,1,1,0.0015,0.0015,0.0014,0.0037,0.0014,0.0014,1.05,0.4,1.01,1.04,0.00,164.29,0.00,0.378378
matrix_copy,default,fp16,N=2560,1,1,0.0058,0.0058,0.0057,0.0253,0.0059,0.0058,1.02,0.23,1,1,0.00,343.86,-1.69,0.225296
matrix_copy,default,fp16,N=2816,1,1,0.007,0.007,0.0069,0.0299,0.007,0.007,1.01,0.23,1,1,0.00,333.33,0.00,0.230769
matrix_copy,default,fp16,N=3072,1,1,0.0083,0.0082,0.0081,0.0347,0.0082,0.0082,1.02,0.24,1.01,1,-1.20,328.40,0.00,0.233429
matrix_copy,default,fp16,N=3328,1,1,0.0095,0.0095,0.0094,0.0397,0.0095,0.0095,1.01,0.24,1,1,0.00,322.34,0.00,0.236776
matrix_copy,default,fp16,N=3584,1,1,0.0106,0.0106,0.0105,0.0451,0.0106,0.0106,1.02,0.24,1,1,0.00,329.52,0.00,0.232816
matrix_copy,default,fp16,N=3840,1,1,0.0116,0.0117,0.0116,0.0508,0.0117,0.0118,1.01,0.23,0.99,1,0.86,337.93,0.85,0.228346
matrix_copy,default,fp16,N=4096,1,1,0.0132,0.0132,0.013,0.057,0.0131,0.0131,1.01,0.23,1,1.01,0.00,338.46,0.00,0.22807
matrix_copy,default,fp16,N=4352,1,1,0.0146,0.0145,0.0144,0.0636,0.0146,0.0145,1.01,0.23,1,1,-0.68,341.67,-0.68,0.226415
matrix_copy,default,fp16,N=4608,1,1,0.016,0.016,0.0158,0.0707,0.016,0.016,1.01,0.23,1,1,0.00,347.47,0.00,0.223479
matrix_copy,default,fp16,N=4864,1,1,0.0175,0.0175,0.0173,0.078,0.0175,0.0175,1.01,0.22,1,1,0.00,350.87,0.00,0.221795
matrix_copy,default,fp16,N=512,1,1,0.0017,0.0017,0.0016,0.0042,0.0017,0.0016,1.03,0.41,1.02,1.03,0.00,162.50,-5.88,0.380952
matrix_copy,default,fp16,N=5120,1,1,0.0192,0.0191,0.0189,0.086,0.0192,0.0191,1.01,0.22,1,1,-0.52,355.03,-0.52,0.219767
matrix_copy,default,fp16,N=768,1,1,0.0021,0.0021,0.0021,0.0056,0.0021,0.0021,1.01,0.38,1.01,1,0.00,166.67,0.00,0.375
matrix_copy,default,fp32,N=1024,1,1,0.0026,0.0027,0.0025,0.0077,0.0029,0.0028,1.02,0.34,0.91,0.95,3.85,208.00,-3.45,0.324675
matrix_copy,default,fp32,N=1280,1,1,0.0036,0.0034,0.0035,0.0102,0.0035,0.0034,1.02,0.33,1.01,1,-5.56,191.43,-2.86,0.343137
matrix_copy,default,fp32,N=1536,1,1,0.0042,0.0042,0.0042,0.0137,0.0043,0.0043,1.01,0.31,0.99,0.98,0.00,226.19,0.00,0.306569
matrix_copy,default,fp32,N=1792,1,1,0.0056,0.0053,0.0056,0.0162,0.0056,0.0054,1,0.33,1,0.99,-5.36,189.29,-3.57,0.345679
matrix_copy,default,fp32,N=2048,1,1,0.0071,0.0071,0.007,0.0201,0.007,0.0071,1.01,0.36,1,1,0.00,187.14,1.43,0.348259
matrix_copy,default,fp32,N=2304,1,1,0.0086,0.0086,0.0087,0.0239,0.0086,0.0086,1,0.36,1.01,1,0.00,174.71,0.00,0.364017
matrix_copy,default,fp32,N=256,1,1,0.0016,0.0015,0.0015,0.0039,0.0015,0.0015,1.04,0.39,1.02,0.99,-6.25,160.00,0.00,0.384615
matrix_copy,default,fp32,N=2560,1,1,0.0104,0.0102,0.0104,0.0285,0.0103,0.0102,1,0.36,1.01,1,-1.92,174.04,-0.97,0.364912
matrix_copy,default,fp32,N=2816,1,1,0.012,0.0122,0.012,0.0328,0.0121,0.0121,1,0.37,1,1,1.67,173.33,0.00,0.365854
matrix_copy,default,fp32,N=3072,1,1,0.0143,0.0143,0.014,0.0378,0.0139,0.014,1.02,0.38,1.02,1.03,0.00,170.00,0.72,0.37037
matrix_copy,default,fp32,N=3328,1,1,0.0158,0.0158,0.0158,0.0433,0.0157,0.0158,1,0.37,1,1,0.00,174.05,0.64,0.364896
matrix_copy,default,fp32,N=3584,1,1,0.018,0.0179,0.018,0.049,0.0179,0.0178,1,0.37,1,1,-0.56,172.22,-0.56,0.367347
matrix_copy,default,fp32,N=3840,1,1,0.0201,0.0201,0.0201,0.0553,0.0201,0.0201,1,0.36,1,1,0.00,175.12,0.00,0.363472
matrix_copy,default,fp32,N=4096,1,1,0.0225,0.0225,0.0225,0.0619,0.0225,0.0225,1,0.36,1,1,0.00,175.11,0.00,0.363489
matrix_copy,default,fp32,N=4352,1,1,0.025,0.025,0.025,0.069,0.025,0.025,1,0.36,1,1,0.00,176.00,0.00,0.362319
matrix_copy,default,fp32,N=4608,1,1,0.0277,0.0277,0.0277,0.0767,0.0277,0.0277,1,0.36,1,1,0.00,176.90,0.00,0.361147
matrix_copy,default,fp32,N=4864,1,1,0.0306,0.0305,0.0305,0.0844,0.0305,0.0304,1,0.36,1,1,-0.33,176.72,-0.33,0.361374
matrix_copy,default,fp32,N=512,1,1,0.0021,0.0021,0.002,0.0045,0.002,0.002,1.02,0.46,1.02,1.01,0.00,125.00,0.00,0.444444
matrix_copy,default,fp32,N=5120,1,1,0.0334,0.0334,0.0334,0.0929,0.0334,0.0334,1,0.36,1,1,0.00,178.14,0.00,0.359526
matrix_copy,default,fp32,N=768,1,1,0.0024,0.0024,0.0023,0.0058,0.0024,0.0024,1.02,0.41,1.01,1.01,0.00,152.17,0.00,0.396552
matrix_copy,default,int8,N=1024,1,1,0.002,0.0022,0.0019,0.0078,0.002,0.002,1.03,0.28,0.98,1.07,10.00,310.53,0.00,0.24359
matrix_copy,default,int8,N=1280,1,1,0.0022,0.0022,0.0021,0.0093,0.0022,0.0022,1.05,0.24,0.99,1.01,0.00,342.86,0.00,0.225806
matrix_copy,default,int8,N=1536,1,1,0.0027,0.0026,0.0026,0.0124,0.0028,0.0026,1.04,0.21,0.99,0.99,-3.70,376.92,-7.14,0.209677
matrix_copy,default,int8,N=1792,1,1,0.0031,0.0029,0.003,0.0146,0.003,0.0029,1.04,0.2,1.01,1,-6.45,386.67,-3.33,0.205479
matrix_copy,default,int8,N=2048,1,1,0.0035,0.0037,0.0034,0.0174,0.0035,0.0034,1.06,0.21,1.01,1.08,5.71,411.76,-2.86,0.195402
matrix_copy,default,int8,N=2304,1,1,0.0041,0.0041,0.004,0.021,0.0041,0.0041,1.04,0.2,1.01,1.01,0.00,425.00,0.00,0.190476
matrix_copy,default,int8,N=256,1,1,0.0014,0.0014,0.0013,0.0036,0.0014,0.0014,1.04,0.38,1.01,1,0.00,176.92,0.00,0.361111
matrix_copy,default,int8,N=2560,1,1,0.0048,0.0048,0.0047,0.0246,0.0048,0.0047,1.03,0.19,1.01,1.01,0.00,423.40,-2.08,0.191057
matrix_copy,default,int8,N=2816,1,1,0.0055,0.0055,0.0053,0.0281,0.0054,0.0054,1.03,0.2,1.02,1.02,0.00,430.19,0.00,0.188612
matrix_copy,default,int8,N=3072,1,1,0.0064,0.0065,0.0062,0.0331,0.0063,0.0063,1.04,0.2,1.01,1.02,1.56,433.87,0.00,0.187311
matrix_copy,default,int8,N=3328,1,1,0.0074,0.0072,0.0072,0.038,0.0073,0.0072,1.03,0.19,1,1.01,-2.70,427.78,-1.37,0.189474
matrix_copy,default,int8,N=3584,1,1,0.0081,0.0082,0.0079,0.0431,0.0081,0.0081,1.03,0.19,1,1.01,1.23,445.57,0.00,0.183295
matrix_copy,default,int8,N=3840,1,1,0.0093,0.0093,0.0091,0.0489,0.0093,0.0093,1.02,0.19,1,1,0.00,437.36,0.00,0.186094
matrix_copy,default,int8,N=4096,1,1,0.0105,0.0106,0.0103,0.0552,0.0105,0.0106,1.02,0.19,1,1,0.95,435.92,0.95,0.186594
matrix_copy,default,int8,N=4352,1,1,0.0116,0.0116,0.0114,0.0614,0.0116,0.0116,1.01,0.19,1,1,0.00,438.60,0.00,0.185668
matrix_copy,default,int8,N=4608,1,1,0.0128,0.0129,0.0126,0.0682,0.0128,0.0129,1.02,0.19,1,1,0.78,441.27,0.78,0.184751
matrix_copy,default,int8,N=4864,1,1,0.0141,0.0142,0.0138,0.0752,0.014,0.0141,1.02,0.19,1.01,1,0.71,444.93,0.71,0.183511
matrix_copy,default,int8,N=512,1,1,0.0015,0.0016,0.0015,0.0041,0.0015,0.0015,1.04,0.38,1.02,1.01,6.67,173.33,0.00,0.365854
matrix_copy,default,int8,N=5120,1,1,0.0153,0.0155,0.0151,0.0829,0.0153,0.0154,1.01,0.19,1,1,1.31,449.01,0.65,0.182147
matrix_copy,default,int8,N=768,1,1,0.0017,0.0017,0.0017,0.0051,0.0017,0.0017,1.05,0.34,1.02,1.01,0.00,200.00,0.00,0.333333
matrix_copy,autotune,bf16,N=1024,1,1,0.0023,0.0024,0.0023,0.0057,0.0022,0.0023,0.99,0.42,1.04,1.04,4.35,147.83,4.55,0.403509
matrix_copy,autotune,bf16,N=1280,1,1,0.0027,0.0026,0.0026,0.0055,0.0025,0.0024,1.04,0.47,1.07,1.07,-3.70,111.54,-4.00,0.472727
matrix_copy,autotune,bf16,N=1536,1,1,0.0029,0.0031,0.0028,0.0063,0.0028,0.003,1.03,0.49,1.03,1.01,6.90,125.00,7.14,0.444444
matrix_copy,autotune,bf16,N=1792,1,1,0.0035,0.0035,0.003,0.0076,0.0034,0.0033,1.14,0.46,1.02,1.04,0.00,153.33,-2.94,0.394737
matrix_copy,autotune,bf16,N=2048,1,1,0.004,0.004,0.0036,0.0099,0.0035,0.0037,1.1,0.4,1.14,1.07,0.00,175.00,5.71,0.363636
matrix_copy,autotune,bf16,N=2304,1,1,0.0048,0.0047,0.0047,0.0102,0.0048,0.0044,1.02,0.46,1.01,1.07,-2.08,117.02,-8.33,0.460784
matrix_copy,autotune,bf16,N=256,1,1,0.0015,0.0015,0.0014,0.0037,0.0015,0.0015,1.03,0.4,1.02,1.01,0.00,164.29,0.00,0.378378
matrix_copy,autotune,bf16,N=2560,1,1,0.0056,0.006,0.0052,0.012,0.0056,0.0055,1.07,0.5,1,1.08,7.14,130.77,-1.79,0.433333
matrix_copy,autotune,bf16,N=2816,1,1,0.0072,0.0071,0.0066,0.0146,0.0066,0.0064,1.09,0.49,1.08,1.1,-1.39,121.21,-3.03,0.452055
matrix_copy,autotune,bf16,N=3072,1,1,0.0082,0.0082,0.0081,0.0165,0.0082,0.0082,1.01,0.5,1,1.01,0.00,103.70,0.00,0.490909
matrix_copy,autotune,bf16,N=3328,1,1,0.0094,0.0095,0.0088,0.018,0.0092,0.0091,1.07,0.53,1.03,1.05,1.06,104.55,-1.09,0.488889
matrix_copy,autotune,bf16,N=3584,1,1,0.0107,0.0106,0.0105,0.0194,0.0106,0.0106,1.02,0.55,1,1,-0.93,84.76,0.00,0.541237
matrix_copy,autotune,bf16,N=3840,1,1,0.012,0.012,0.0118,0.0217,0.0114,0.0115,1.01,0.55,1.05,1.04,0.00,83.90,0.88,0.543779
matrix_copy,autotune,bf16,N=4096,1,1,0.0134,0.0133,0.0132,0.0236,0.0133,0.0126,1.01,0.57,1,1.06,-0.75,78.79,-5.26,0.559322
matrix_copy,autotune,bf16,N=4352,1,1,0.0145,0.0145,0.0145,0.0261,0.0145,0.0145,1,0.56,1,1,0.00,80.00,0.00,0.555556
matrix_copy,autotune,bf16,N=4608,1,1,0.016,0.016,0.0153,0.0278,0.0153,0.0153,1.05,0.57,1.04,1.05,0.00,81.70,0.00,0.55036
matrix_copy,autotune,bf16,N=4864,1,1,0.0176,0.0176,0.0168,0.0305,0.0168,0.0167,1.05,0.58,1.05,1.05,0.00,81.55,-0.60,0.55082
matrix_copy,autotune,bf16,N=512,1,1,0.0016,0.0017,0.0016,0.0041,0.0016,0.0017,1.02,0.4,1.02,0.99,6.25,156.25,6.25,0.390244
matrix_copy,autotune,bf16,N=5120,1,1,0.0191,0.0192,0.0188,0.0327,0.0191,0.0185,1.02,0.59,1,1.04,0.52,73.94,-3.14,0.574924
matrix_copy,autotune,bf16,N=768,1,1,0.0021,0.0021,0.002,0.0056,0.002,0.002,1.03,0.37,1.02,1.01,0.00,180.00,0.00,0.357143
matrix_copy,autotune,fp16,N=1024,1,1,0.0023,0.0023,0.0022,0.0049,0.0023,0.0023,1.01,0.46,0.99,1.01,0.00,122.73,0.00,0.44898
matrix_copy,autotune,fp16,N=1280,1,1,0.0026,0.0026,0.0025,0.0055,0.0024,0.0025,1.04,0.46,1.06,1.03,0.00,120.00,4.17,0.454545
matrix_copy,autotune,fp16,N=1536,1,1,0.003,0.0029,0.0029,0.0062,0.0029,0.0029,1.04,0.47,1.02,1.01,-3.33,113.79,0.00,0.467742
matrix_copy,autotune,fp16,N=1792,1,1,0.0034,0.0035,0.0031,0.0075,0.0034,0.0034,1.1,0.47,1.01,1.03,2.94,141.94,0.00,0.413333
matrix_copy,autotune,fp16,N=2048,1,1,0.004,0.0044,0.0038,0.0091,0.0038,0.0042,1.05,0.49,1.05,1.04,10.00,139.47,10.53,0.417582
matrix_copy,autotune,fp16,N=2304,1,1,0.0048,0.0047,0.0058,0.0103,0.0048,0.0044,0.83,0.46,1.01,1.07,-2.08,77.59,-8.33,0.563107
matrix_copy,autotune,fp16,N=256,1,1,0.0015,0.0015,0.0014,0.0038,0.0014,0.0016,1.06,0.39,1.05,0.95,0.00,171.43,14.29,0.368421
matrix_copy,autotune,fp16,N=2560,1,1,0.006,0.0059,0.0054,0.0121,0.006,0.0055,1.12,0.49,1,1.08,-1.67,124.07,-8.33,0.446281
matrix_copy,autotune,fp16,N=2816,1,1,0.0068,0.0071,0.006,0.0145,0.0061,0.0062,1.13,0.49,1.11,1.14,4.41,141.67,1.64,0.413793
matrix_copy,autotune,fp16,N=3072,1,1,0.0082,0.0083,0.0082,0.0164,0.0082,0.0083,1.01,0.51,1,1,1.22,100.00,1.22,0.5
matrix_copy,autotune,fp16,N=3328,1,1,0.0095,0.0095,0.009,0.018,0.009,0.009,1.05,0.53,1.05,1.05,0.00,100.00,0.00,0.5
matrix_copy,autotune,fp16,N=3584,1,1,0.0107,0.0106,0.0105,0.0193,0.0106,0.0105,1.01,0.55,1,1,-0.93,83.81,-0.94,0.544041
matrix_copy,autotune,fp16,N=3840,1,1,0.0119,0.0119,0.0118,0.0218,0.0114,0.0114,1,0.55,1.04,1.04,0.00,84.75,0.00,0.541284
matrix_copy,autotune,fp16,N=4096,1,1,0.0131,0.0132,0.0127,0.0236,0.0131,0.0126,1.03,0.56,1,1.04,0.76,85.83,-3.82,0.538136
matrix_copy,autotune,fp16,N=4352,1,1,0.0146,0.0145,0.0146,0.0258,0.0145,0.0144,1,0.56,1,1,-0.68,76.71,-0.69,0.565891
matrix_copy,autotune,fp16,N=4608,1,1,0.0161,0.016,0.0154,0.0278,0.0153,0.0153,1.05,0.58,1.05,1.05,-0.62,80.52,0.00,0.553957
matrix_copy,autotune,fp16,N=4864,1,1,0.0176,0.0176,0.0168,0.0304,0.0168,0.0168,1.05,0.58,1.05,1.05,0.00,80.95,0.00,0.552632
matrix_copy,autotune,fp16,N=512,1,1,0.0017,0.0017,0.0016,0.0043,0.0016,0.0017,1.04,0.39,1.05,0.97,0.00,168.75,6.25,0.372093
matrix_copy,autotune,fp16,N=5120,1,1,0.0193,0.0192,0.0191,0.0327,0.0193,0.0183,1.01,0.59,1,1.05,-0.52,71.20,-5.18,0.584098
matrix_copy,autotune,fp16,N=768,1,1,0.0021,0.0021,0.002,0.0056,0.002,0.002,1.05,0.38,1.03,1.03,0.00,180.00,0.00,0.357143
matrix_copy,autotune,fp32,N=1024,1,1,0.0026,0.0026,0.0025,0.0051,0.0026,0.0027,1.01,0.51,0.97,0.98,0.00,104.00,3.85,0.490196
matrix_copy,autotune,fp32,N=1280,1,1,0.0034,0.0037,0.0033,0.0063,0.0048,0.0035,1.01,0.58,0.7,1.03,8.82,90.91,-27.08,0.52381
matrix_copy,autotune,fp32,N=1536,1,1,0.0043,0.0044,0.0042,0.0072,0.0043,0.0044,1.02,0.61,1,0.99,2.33,71.43,2.33,0.583333
matrix_copy,autotune,fp32,N=1792,1,1,0.0052,0.0056,0.0055,0.0091,0.0052,0.0053,0.93,0.62,1,1.06,7.69,65.45,1.92,0.604396
matrix_copy,autotune,fp32,N=2048,1,1,0.007,0.0073,0.0073,0.0112,0.0088,0.0069,0.96,0.65,0.8,1.05,4.29,53.42,-21.59,0.651786
matrix_copy,autotune,fp32,N=2304,1,1,0.0087,0.0088,0.0082,0.0137,0.0088,0.0085,1.07,0.64,0.99,1.04,1.15,67.07,-3.41,0.59854
matrix_copy,autotune,fp32,N=256,1,1,0.0015,0.0015,0.0015,0.0039,0.0015,0.0017,1.03,0.4,1,0.92,0.00,160.00,13.33,0.384615
matrix_copy,autotune,fp32,N=2560,1,1,0.0105,0.0105,0.0106,0.0159,0.0106,0.0106,0.99,0.66,0.99,0.99,0.00,50.00,0.00,0.666667
matrix_copy,autotune,fp32,N=2816,1,1,0.0122,0.0122,0.0127,0.0184,0.012,0.0121,0.97,0.66,1.02,1.01,0.00,44.88,0.83,0.690217
matrix_copy,autotune,fp32,N=3072,1,1,0.014,0.0141,0.0146,0.02,0.014,0.0139,0.96,0.71,1,1.01,0.71,36.99,-0.71,0.73
matrix_copy,autotune,fp32,N=3328,1,1,0.016,0.0158,0.0167,0.0222,0.0159,0.0203,0.96,0.71,1,0.78,-1.25,32.93,27.67,0.752252
matrix_copy,autotune,fp32,N=3584,1,1,0.0181,0.0179,0.019,0.0252,0.018,0.018,0.95,0.71,1,0.99,-1.10,32.63,0.00,0.753968
matrix_copy,autotune,fp32,N=3840,1,1,0.0202,0.0202,0.0212,0.028,0.0203,0.0203,0.95,0.72,1,0.99,0.00,32.08,0.00,0.757143
matrix_copy,autotune,fp32,N=4096,1,1,0.0226,0.0225,0.0225,0.0299,0.0226,0.0227,1,0.75,1,0.99,-0.44,32.89,0.44,0.752508
matrix_copy,autotune,fp32,N=4352,1,1,0.025,0.025,0.025,0.0334,0.0251,0.0251,1,0.75,1,1,0.00,33.60,0.00,0.748503
matrix_copy,autotune,fp32,N=4608,1,1,0.0276,0.0276,0.0276,0.0364,0.0279,0.028,1,0.76,0.99,0.99,0.00,31.88,0.36,0.758242
matrix_copy,autotune,fp32,N=4864,1,1,0.0304,0.0305,0.0305,0.0396,0.0308,0.0376,1,0.77,0.99,0.81,0.33,29.84,22.08,0.770202
matrix_copy,autotune,fp32,N=512,1,1,0.0021,0.002,0.002,0.0044,0.002,0.002,1.03,0.47,1.02,1.01,-4.76,120.00,0.00,0.454545
matrix_copy,autotune,fp32,N=5120,1,1,0.0334,0.0335,0.0358,0.043,0.0336,0.0338,0.93,0.78,0.99,0.99,0.30,20.11,0.60,0.832558
matrix_copy,autotune,fp32,N=768,1,1,0.0023,0.0023,0.0023,0.0049,0.0023,0.0023,1.02,0.47,1.01,1.01,0.00,113.04,0.00,0.469388
matrix_copy,autotune,int8,N=1024,1,1,0.002,0.0021,0.0019,0.0047,0.0018,0.002,1.04,0.45,1.11,1.04,5.00,147.37,11.11,0.404255
matrix_copy,autotune,int8,N=1280,1,1,0.0023,0.0022,0.0022,0.0052,0.0021,0.002,1.08,0.42,1.11,1.07,-4.35,136.36,-4.76,0.423077
matrix_copy,autotune,int8,N=1536,1,1,0.0026,0.0025,0.0024,0.0057,0.0024,0.0022,1.08,0.44,1.08,1.14,-3.85,137.50,-8.33,0.421053
matrix_copy,autotune,int8,N=1792,1,1,0.003,0.003,0.0029,0.0071,0.0029,0.0025,1.03,0.42,1.01,1.17,0.00,144.83,-13.79,0.408451
matrix_copy,autotune,int8,N=2048,1,1,0.0036,0.0035,0.0034,0.0081,0.0028,0.0028,1.06,0.43,1.28,1.27,-2.78,138.24,0.00,0.419753
matrix_copy,autotune,int8,N=2304,1,1,0.004,0.0042,0.0029,0.0093,0.004,0.0031,1.38,0.45,1,1.34,5.00,220.69,-22.50,0.311828
matrix_copy,autotune,int8,N=256,1,1,0.0014,0.0014,0.0013,0.0037,0.0014,0.0014,1.04,0.37,1.02,1.02,0.00,184.62,0.00,0.351351
matrix_copy,autotune,int8,N=2560,1,1,0.0047,0.005,0.0032,0.0106,0.0047,0.0036,1.47,0.47,1.02,1.39,6.38,231.25,-23.40,0.301887
matrix_copy,autotune,int8,N=2816,1,1,0.0055,0.0057,0.0037,0.0124,0.0038,0.0041,1.49,0.46,1.46,1.4,3.64,235.14,7.89,0.298387
matrix_copy,autotune,int8,N=3072,1,1,0.0062,0.0065,0.0052,0.0142,0.0063,0.0064,1.21,0.46,1,1.01,4.84,173.08,1.59,0.366197
matrix_copy,autotune,int8,N=3328,1,1,0.0072,0.0073,0.0049,0.0153,0.0051,0.0046,1.46,0.48,1.42,1.59,1.39,212.24,-9.80,0.320261
matrix_copy,autotune,int8,N=3584,1,1,0.0082,0.0084,0.0056,0.0167,0.0081,0.0084,1.45,0.5,1.01,1,2.44,198.21,3.70,0.335329
matrix_copy,autotune,int8,N=3840,1,1,0.0092,0.0095,0.0059,0.0184,0.0064,0.0066,1.55,0.52,1.43,1.45,3.26,211.86,3.12,0.320652
matrix_copy,autotune,int8,N=4096,1,1,0.0104,0.0104,0.0071,0.0198,0.0104,0.0073,1.46,0.53,1,1.43,0.00,178.87,-29.81,0.358586
matrix_copy,autotune,int8,N=4352,1,1,0.0116,0.0117,0.008,0.0217,0.0116,0.0117,1.46,0.54,1,1,0.86,171.25,0.86,0.368664
matrix_copy,autotune,int8,N=4608,1,1,0.0128,0.013,0.0086,0.0236,0.0091,0.0092,1.49,0.55,1.41,1.41,1.56,174.42,1.10,0.364407
matrix_copy,autotune,int8,N=4864,1,1,0.014,0.0142,0.01,0.0261,0.01,0.0095,1.41,0.54,1.4,1.49,1.43,161.00,-5.00,0.383142
matrix_copy,autotune,int8,N=512,1,1,0.0016,0.0016,0.0015,0.0039,0.0015,0.0015,1.05,0.4,1.02,1.03,0.00,160.00,0.00,0.384615
matrix_copy,autotune,int8,N=5120,1,1,0.0153,0.0154,0.0108,0.028,0.0153,0.0104,1.42,0.55,1,1.49,0.65,159.26,-32.03,0.385714
matrix_copy,autotune,int8,N=768,1,1,0.0019,0.0019,0.0018,0.0041,0.0018,0.0018,1.06,0.47,1.04,1.04,0.00,127.78,0.00,0.439024
matrix_transpose,default,bf16,n=1024,1,1,0.0204,0.0206,0.0039,0.0102,0.0044,0.0043,5.2,2.01,4.67,4.76,0.98,161.54,-2.27,0.382353
matrix_transpose,default,bf16,n=10240,1,1,0.1811,0.1812,0.0289,0.0633,0.029,0.0288,6.26,2.86,6.26,6.3,0.06,119.03,-0.69,0.456556
matrix_transpose,default,bf16,n=11264,1,1,0.1863,0.1864,0.0317,0.0688,0.0318,0.0321,5.88,2.71,5.85,5.8,0.05,117.03,0.94,0.460756
matrix_transpose,default,bf16,n=12288,1,1,0.2103,0.2104,0.0344,0.0748,0.0344,0.0345,6.12,2.81,6.11,6.1,0.05,117.44,0.29,0.459893
matrix_transpose,default,bf16,n=13312,1,1,0.2224,0.2227,0.0368,0.0801,0.0366,0.0369,6.04,2.78,6.07,6.03,0.13,117.66,0.82,0.459426
matrix_transpose,default,bf16,n=14336,1,1,0.2381,0.238,0.0393,0.0859,0.0391,0.0391,6.05,2.77,6.1,6.08,-0.04,118.58,0.00,0.457509
matrix_transpose,default,bf16,n=15360,1,1,0.2611,0.2611,0.0425,0.0912,0.042,0.0416,6.14,2.86,6.22,6.27,0.00,114.59,-0.95,0.466009
matrix_transpose,default,bf16,n=16384,1,1,0.265,0.2648,0.0446,0.0969,0.0443,0.0442,5.94,2.73,5.98,5.99,-0.08,117.26,-0.23,0.460268
matrix_transpose,default,bf16,n=17408,1,1,0.2978,0.2981,0.0472,0.1025,0.0467,0.0465,6.31,2.91,6.38,6.41,0.10,117.16,-0.43,0.460488
matrix_transpose,default,bf16,n=18432,1,1,0.3043,0.3045,0.05,0.1082,0.0494,0.0494,6.09,2.81,6.16,6.17,0.07,116.40,0.00,0.462107
matrix_transpose,default,bf16,n=19456,1,1,0.324,0.324,0.0528,0.1137,0.0519,0.0522,6.13,2.85,6.24,6.21,0.00,115.34,0.58,0.46438
matrix_transpose,default,bf16,n=2048,1,1,0.037,0.037,0.0072,0.0157,0.0078,0.0077,5.14,2.35,4.74,4.78,0.00,118.06,-1.28,0.458599
matrix_transpose,default,bf16,n=20480,1,1,0.3566,0.3567,0.0557,0.1194,0.0551,0.0543,6.4,2.99,6.47,6.56,0.03,114.36,-1.45,0.466499
matrix_transpose,default,bf16,n=3072,1,1,0.0556,0.0557,0.0103,0.0233,0.0107,0.0106,5.4,2.39,5.21,5.25,0.18,126.21,-0.93,0.44206
matrix_transpose,default,bf16,n=4096,1,1,0.07,0.0699,0.0134,0.0282,0.0137,0.0134,5.22,2.48,5.11,5.21,-0.14,110.45,-2.19,0.475177
matrix_transpose,default,bf16,n=5120,1,1,0.0917,0.0918,0.0158,0.0351,0.0159,0.016,5.82,2.62,5.76,5.74,0.11,122.15,0.63,0.450142
matrix_transpose,default,bf16,n=6144,1,1,0.1066,0.1067,0.0184,0.04,0.0185,0.0185,5.81,2.67,5.77,5.75,0.09,117.39,0.00,0.46
matrix_transpose,default,bf16,n=7168,1,1,0.1229,0.123,0.0212,0.0467,0.0214,0.0211,5.8,2.63,5.74,5.82,0.08,120.28,-1.40,0.453961
matrix_transpose,default,bf16,n=8192,1,1,0.1351,0.1351,0.0237,0.0517,0.024,0.024,5.7,2.61,5.64,5.63,0.00,118.14,0.00,0.458414
matrix_transpose,default,bf16,n=9216,1,1,0.1552,0.1552,0.0266,0.0577,0.0267,0.0267,5.82,2.69,5.82,5.81,0.00,116.92,0.00,0.461005
matrix_transpose,default,fp16,n=1024,1,1,0.0203,0.0206,0.0037,0.0103,0.004,0.004,5.41,2,5.02,5.08,1.48,178.38,0.00,0.359223
matrix_transpose,default,fp16,n=10240,1,1,0.181,0.181,0.029,0.0634,0.0289,0.0289,6.25,2.85,6.26,6.27,0.00,118.62,0.00,0.457413
matrix_transpose,default,fp16,n=11264,1,1,0.1863,0.1863,0.0321,0.0688,0.0321,0.032,5.81,2.71,5.8,5.82,0.00,114.33,-0.31,0.46657
matrix_transpose,default,fp16,n=12288,1,1,0.2103,0.2103,0.034,0.0747,0.0339,0.0341,6.19,2.82,6.21,6.17,0.00,119.71,0.59,0.455154
matrix_transpose,default,fp16,n=13312,1,1,0.2215,0.222,0.0368,0.0801,0.0366,0.0368,6.02,2.77,6.04,6.04,0.23,117.66,0.55,0.459426
matrix_transpose,default,fp16,n=14336,1,1,0.238,0.238,0.0393,0.086,0.0391,0.0392,6.06,2.77,6.09,6.07,0.00,118.83,0.26,0.456977
matrix_transpose,default,fp16,n=15360,1,1,0.2612,0.2613,0.0422,0.0912,0.0418,0.0418,6.19,2.87,6.25,6.26,0.04,116.11,0.00,0.462719
matrix_transpose,default,fp16,n=16384,1,1,0.2647,0.2645,0.0446,0.097,0.0441,0.0444,5.94,2.73,6,5.96,-0.08,117.49,0.68,0.459794
matrix_transpose,default,fp16,n=17408,1,1,0.2982,0.2981,0.0473,0.1024,0.0467,0.0467,6.31,2.91,6.39,6.39,-0.03,116.49,0.00,0.461914
matrix_transpose,default,fp16,n=18432,1,1,0.3044,0.3044,0.0504,0.1082,0.05,0.05,6.03,2.81,6.09,6.09,0.00,114.68,0.00,0.465804
matrix_transpose,default,fp16,n=19456,1,1,0.324,0.3241,0.0528,0.1137,0.0521,0.052,6.14,2.85,6.22,6.24,0.03,115.34,-0.19,0.46438
matrix_transpose,default,fp16,n=2048,1,1,0.0368,0.0369,0.007,0.0159,0.0076,0.0077,5.26,2.33,4.86,4.79,0.27,127.14,1.32,0.440252
matrix_transpose,default,fp16,n=20480,1,1,0.3564,0.3568,0.0555,0.1194,0.0548,0.0546,6.42,2.99,6.5,6.53,0.11,115.14,-0.36,0.464824
matrix_transpose,default,fp16,n=3072,1,1,0.0556,0.0557,0.0103,0.0233,0.0107,0.0106,5.4,2.38,5.2,5.27,0.18,126.21,-0.93,0.44206
matrix_transpose,default,fp16,n=4096,1,1,0.07,0.0699,0.0131,0.0282,0.0133,0.0139,5.33,2.47,5.26,5.02,-0.14,115.27,4.51,0.464539
matrix_transpose,default,fp16,n=5120,1,1,0.0918,0.0918,0.0157,0.035,0.0159,0.016,5.84,2.62,5.77,5.73,0.00,122.93,0.63,0.448571
matrix_transpose,default,fp16,n=6144,1,1,0.1066,0.1067,0.0184,0.0399,0.0186,0.0187,5.79,2.67,5.72,5.69,0.09,116.85,0.54,0.461153
matrix_transpose,default,fp16,n=7168,1,1,0.123,0.1229,0.021,0.0467,0.021,0.0212,5.85,2.63,5.85,5.8,-0.08,122.38,0.95,0.449679
matrix_transpose,default,fp16,n=8192,1,1,0.1349,0.1349,0.0238,0.0518,0.024,0.0241,5.66,2.6,5.62,5.59,0.00,117.65,0.42,0.459459
matrix_transpose,default,fp16,n=9216,1,1,0.1551,0.155,0.0266,0.0577,0.0267,0.0266,5.83,2.69,5.8,5.83,-0.06,116.92,-0.37,0.461005
matrix_transpose,default,fp32,n=1024,1,1,0.0213,0.0212,0.0076,0.0123,0.0071,0.0072,2.8,1.72,2.98,2.96,-0.47,61.84,1.41,0.617886
matrix_transpose,default,fp32,n=10240,1,1,0.1983,0.1982,0.0629,0.0746,0.0537,0.0538,3.16,2.66,3.7,3.69,-0.05,18.60,0.19,0.843164
matrix_transpose,default,fp32,n=11264,1,1,0.2087,0.2095,0.0681,0.0815,0.0587,0.0588,3.07,2.57,3.56,3.56,0.38,19.68,0.17,0.835583
matrix_transpose,default,fp32,n=12288,1,1,0.2301,0.2308,0.074,0.0879,0.0637,0.0638,3.11,2.63,3.61,3.62,0.30,18.78,0.16,0.841866
matrix_transpose,default,fp32,n=13312,1,1,0.2436,0.2443,0.0794,0.0946,0.0689,0.0688,3.07,2.58,3.53,3.55,0.29,19.14,-0.15,0.839323
matrix_transpose,default,fp32,n=14336,1,1,0.2597,0.2604,0.0851,0.1011,0.0741,0.0741,3.05,2.58,3.51,3.52,0.27,18.80,0.00,0.841741
matrix_transpose,default,fp32,n=15360,1,1,0.2889,0.2898,0.0921,0.1079,0.0803,0.0799,3.14,2.69,3.6,3.63,0.31,17.16,-0.50,0.853568
matrix_transpose,default,fp32,n=16384,1,1,0.294,0.2952,0.0984,0.1145,0.0911,0.0852,2.99,2.58,3.23,3.47,0.41,16.36,-6.48,0.859389
matrix_transpose,default,fp32,n=17408,1,1,0.3289,0.3287,0.1038,0.1212,0.0889,0.0889,3.17,2.71,3.7,3.7,-0.06,16.76,0.00,0.856436
matrix_transpose,default,fp32,n=18432,1,1,0.3357,0.3362,0.1085,0.1277,0.094,0.0942,3.09,2.63,3.57,3.57,0.15,17.70,0.21,0.849648
matrix_transpose,default,fp32,n=19456,1,1,0.3574,0.3584,0.1142,0.1343,0.099,0.0988,3.13,2.67,3.61,3.63,0.28,17.60,-0.20,0.850335
matrix_transpose,default,fp32,n=2048,1,1,0.0402,0.0402,0.0148,0.0208,0.0129,0.0132,2.72,1.93,3.11,3.05,0.00,40.54,2.33,0.711538
matrix_transpose,default,fp32,n=20480,1,1,0.3871,0.3901,0.1219,0.141,0.1043,0.104,3.18,2.77,3.71,3.75,0.77,15.67,-0.29,0.864539
matrix_transpose,default,fp32,n=3072,1,1,0.0606,0.0605,0.0207,0.0271,0.0181,0.0181,2.93,2.23,3.34,3.34,-0.17,30.92,0.00,0.763838
matrix_transpose,default,fp32,n=4096,1,1,0.0773,0.0774,0.0266,0.0343,0.0233,0.0233,2.91,2.26,3.32,3.32,0.13,28.95,0.00,0.77551
matrix_transpose,default,fp32,n=5120,1,1,0.1021,0.102,0.0332,0.0412,0.0283,0.0283,3.08,2.47,3.61,3.6,-0.10,24.10,0.00,0.805825
matrix_transpose,default,fp32,n=6144,1,1,0.118,0.1183,0.039,0.048,0.0337,0.0337,3.02,2.47,3.5,3.51,0.25,23.08,0.00,0.8125
matrix_transpose,default,fp32,n=7168,1,1,0.1334,0.1337,0.0445,0.0547,0.0385,0.0385,2.99,2.45,3.47,3.47,0.22,22.92,0.00,0.813528
matrix_transpose,default,fp32,n=8192,1,1,0.1496,0.15,0.0494,0.061,0.0434,0.0435,3.03,2.46,3.45,3.45,0.27,23.48,0.23,0.809836
matrix_transpose,default,fp32,n=9216,1,1,0.1708,0.1708,0.0559,0.0679,0.0485,0.0486,3.05,2.52,3.52,3.51,0.00,21.47,0.21,0.82327
matrix_transpose,default,int8,n=1024,1,1,0.0194,0.0194,0.0038,0.008,0.0035,0.0038,5.12,2.41,5.49,5.15,0.00,110.53,8.57,0.475
matrix_transpose,default,int8,n=10240,1,1,0.1725,0.1726,0.0217,0.0438,0.0242,0.0243,7.96,3.94,7.13,7.1,0.06,101.84,0.41,0.495434
matrix_transpose,default,int8,n=11264,1,1,0.1793,0.1793,0.0235,0.0477,0.0265,0.0265,7.62,3.76,6.76,6.76,0.00,102.98,0.00,0.492662
matrix_transpose,default,int8,n=12288,1,1,0.2,0.2,0.0248,0.0513,0.0281,0.0279,8.05,3.9,7.12,7.16,0.00,106.85,-0.71,0.483431
matrix_transpose,default,int8,n=13312,1,1,0.2118,0.2117,0.0272,0.0552,0.0304,0.0305,7.78,3.84,6.98,6.95,-0.05,102.94,0.33,0.492754
matrix_transpose,default,int8,n=14336,1,1,0.2317,0.2317,0.0285,0.0589,0.0325,0.0326,8.14,3.93,7.12,7.11,0.00,106.67,0.31,0.483871
matrix_transpose,default,int8,n=15360,1,1,0.246,0.246,0.0304,0.0627,0.0347,0.0347,8.1,3.92,7.09,7.1,0.00,106.25,0.00,0.484848
matrix_transpose,default,int8,n=16384,1,1,0.2551,0.2551,0.0321,0.0665,0.0363,0.0363,7.94,3.84,7.02,7.03,0.00,107.17,0.00,0.482707
matrix_transpose,default,int8,n=17408,1,1,0.2823,0.2825,0.0336,0.0702,0.0387,0.0386,8.41,4.03,7.29,7.32,0.07,108.93,-0.26,0.478632
matrix_transpose,default,int8,n=18432,1,1,0.2936,0.2937,0.0357,0.0741,0.0408,0.0407,8.22,3.97,7.19,7.21,0.03,107.56,-0.25,0.481781
matrix_transpose,default,int8,n=19456,1,1,0.306,0.306,0.0371,0.0777,0.0426,0.0425,8.24,3.94,7.19,7.2,0.00,109.43,-0.23,0.477477
matrix_transpose,default,int8,n=2048,1,1,0.0347,0.0348,0.0056,0.0128,0.006,0.0061,6.23,2.73,5.8,5.66,0.29,128.57,1.67,0.4375
matrix_transpose,default,int8,n=20480,1,1,0.3457,0.3458,0.0388,0.0815,0.0446,0.0445,8.91,4.24,7.75,7.76,0.03,110.05,-0.22,0.476074
matrix_transpose,default,int8,n=3072,1,1,0.0527,0.0529,0.0084,0.0172,0.0089,0.0087,6.29,3.08,5.9,6.06,0.38,104.76,-2.25,0.488372
matrix_transpose,default,int8,n=4096,1,1,0.0665,0.0663,0.0098,0.0213,0.0109,0.0105,6.76,3.12,6.09,6.29,-0.30,117.35,-3.67,0.460094
matrix_transpose,default,int8,n=5120,1,1,0.0839,0.0839,0.0125,0.0251,0.013,0.0129,6.73,3.34,6.45,6.5,0.00,100.80,-0.77,0.498008
matrix_transpose,default,int8,n=6144,1,1,0.1019,0.1018,0.0141,0.029,0.0156,0.0154,7.21,3.51,6.55,6.59,-0.10,105.67,-1.28,0.486207
matrix_transpose,default,int8,n=7168,1,1,0.1201,0.12,0.0155,0.0328,0.018,0.0178,7.76,3.67,6.66,6.74,-0.08,111.61,-1.11,0.472561
matrix_transpose,default,int8,n=8192,1,1,0.1291,0.129,0.0182,0.0362,0.0194,0.0194,7.08,3.56,6.65,6.65,-0.08,98.90,0.00,0.502762
matrix_transpose,default,int8,n=9216,1,1,0.1497,0.1497,0.0196,0.0403,0.0221,0.022,7.63,3.72,6.78,6.81,0.00,105.61,-0.45,0.486352
matrix_transpose,autotune,bf16,n=1024,1,1,0.0201,0.0204,0.0039,0.0102,0.0042,0.0041,5.17,2,4.81,4.93,1.49,161.54,-2.38,0.382353
matrix_transpose,autotune,bf16,n=10240,1,1,0.1812,0.181,0.0285,0.0584,0.0291,0.0288,6.35,3.1,6.23,6.28,-0.11,104.91,-1.03,0.488014
matrix_transpose,autotune,bf16,n=11264,1,1,0.1861,0.1863,0.032,0.065,0.0323,0.032,5.82,2.86,5.77,5.82,0.11,103.12,-0.93,0.492308
matrix_transpose,autotune,bf16,n=12288,1,1,0.2104,0.2103,0.0353,0.0697,0.0348,0.0344,5.96,3.02,6.04,6.11,-0.05,97.45,-1.15,0.506456
matrix_transpose,autotune,bf16,n=13312,1,1,0.2231,0.2212,0.0365,0.0745,0.0367,0.0368,6.11,2.97,6.09,6.01,-0.85,104.11,0.27,0.489933
matrix_transpose,autotune,bf16,n=14336,1,1,0.238,0.238,0.0393,0.0802,0.0394,0.0393,6.06,2.97,6.04,6.05,0.00,104.07,-0.25,0.490025
matrix_transpose,autotune,bf16,n=15360,1,1,0.2611,0.2613,0.0414,0.0856,0.0417,0.0416,6.31,3.05,6.26,6.28,0.08,106.76,-0.24,0.483645
matrix_transpose,autotune,bf16,n=16384,1,1,0.2647,0.2647,0.0439,0.0904,0.0442,0.0442,6.03,2.93,6,6,0.00,105.92,0.00,0.485619
matrix_transpose,autotune,bf16,n=17408,1,1,0.298,0.2978,0.0465,0.096,0.0466,0.0466,6.41,3.1,6.4,6.4,-0.07,106.45,0.00,0.484375
matrix_transpose,autotune,bf16,n=18432,1,1,0.3044,0.3045,0.0492,0.1014,0.0494,0.0493,6.19,3,6.16,6.17,0.03,106.10,-0.20,0.485207
matrix_transpose,autotune,bf16,n=19456,1,1,0.324,0.3241,0.0518,0.1065,0.0519,0.0518,6.26,3.04,6.24,6.25,0.03,105.60,-0.19,0.486385
matrix_transpose,autotune,bf16,n=2048,1,1,0.037,0.037,0.008,0.0152,0.0078,0.0077,4.6,2.44,4.77,4.8,0.00,90.00,-1.28,0.526316
matrix_transpose,autotune,bf16,n=20480,1,1,0.3558,0.356,0.0541,0.1113,0.0541,0.054,6.58,3.2,6.57,6.59,0.06,105.73,-0.18,0.486074
matrix_transpose,autotune,bf16,n=3072,1,1,0.0556,0.0557,0.0103,0.0202,0.0105,0.0109,5.39,2.76,5.3,5.12,0.18,96.12,3.81,0.509901
matrix_transpose,autotune,bf16,n=4096,1,1,0.07,0.0699,0.0134,0.0282,0.0136,0.0143,5.24,2.47,5.14,4.89,-0.14,110.45,5.15,0.475177
matrix_transpose,autotune,bf16,n=5120,1,1,0.0918,0.0919,0.0166,0.0328,0.0163,0.0164,5.54,2.8,5.64,5.59,0.11,97.59,0.61,0.506098
matrix_transpose,autotune,bf16,n=6144,1,1,0.1066,0.1066,0.0184,0.037,0.0187,0.0187,5.79,2.88,5.72,5.69,0.00,101.09,0.00,0.497297
matrix_transpose,autotune,bf16,n=7168,1,1,0.1231,0.123,0.0212,0.0434,0.0213,0.0213,5.82,2.84,5.78,5.77,-0.08,104.72,0.00,0.488479
matrix_transpose,autotune,bf16,n=8192,1,1,0.1349,0.135,0.0238,0.0492,0.0239,0.0238,5.66,2.74,5.64,5.67,0.07,106.72,-0.42,0.48374
matrix_transpose,autotune,bf16,n=9216,1,1,0.1552,0.1552,0.0267,0.0535,0.0269,0.0266,5.81,2.9,5.77,5.84,0.00,100.37,-1.12,0.499065
matrix_transpose,autotune,fp16,n=1024,1,1,0.0202,0.0205,0.004,0.0102,0.0041,0.0041,5.03,2.01,4.98,5.06,1.49,155.00,0.00,0.392157
matrix_transpose,autotune,fp16,n=10240,1,1,0.1814,0.1813,0.0284,0.0583,0.0289,0.0289,6.38,3.11,6.27,6.27,-0.06,105.28,0.00,0.487136
matrix_transpose,autotune,fp16,n=11264,1,1,0.1863,0.1863,0.0319,0.0649,0.032,0.0319,5.84,2.87,5.83,5.84,0.00,103.45,-0.31,0.491525
matrix_transpose,autotune,fp16,n=12288,1,1,0.2103,0.2106,0.0352,0.0696,0.0348,0.0348,5.97,3.03,6.04,6.05,0.14,97.73,0.00,0.505747
matrix_transpose,autotune,fp16,n=13312,1,1,0.2217,0.2217,0.0362,0.0744,0.0365,0.0365,6.12,2.98,6.07,6.07,0.00,105.52,0.00,0.486559
matrix_transpose,autotune,fp16,n=14336,1,1,0.2381,0.238,0.039,0.0802,0.0391,0.0392,6.11,2.97,6.08,6.07,-0.04,105.64,0.26,0.486284
matrix_transpose,autotune,fp16,n=15360,1,1,0.261,0.2612,0.0415,0.0855,0.0419,0.0417,6.29,3.05,6.23,6.26,0.08,106.02,-0.48,0.48538
matrix_transpose,autotune,fp16,n=16384,1,1,0.2648,0.2648,0.0435,0.0903,0.044,0.044,6.09,2.93,6.02,6.02,0.00,107.59,0.00,0.481728
matrix_transpose,autotune,fp16,n=17408,1,1,0.2979,0.2979,0.0467,0.0961,0.0467,0.0469,6.38,3.1,6.38,6.36,0.00,105.78,0.43,0.485952
matrix_transpose,autotune,fp16,n=18432,1,1,0.3043,0.3046,0.0492,0.1013,0.0493,0.0493,6.19,3.01,6.18,6.18,0.10,105.89,0.00,0.485686
matrix_transpose,autotune,fp16,n=19456,1,1,0.3241,0.3243,0.0518,0.1065,0.0518,0.0518,6.26,3.05,6.25,6.26,0.06,105.60,0.00,0.486385
matrix_transpose,autotune,fp16,n=2048,1,1,0.0369,0.0369,0.0078,0.0153,0.0078,0.0078,4.72,2.41,4.74,4.75,0.00,96.15,0.00,0.509804
matrix_transpose,autotune,fp16,n=20480,1,1,0.3565,0.3566,0.0542,0.1112,0.0541,0.0541,6.58,3.21,6.59,6.59,0.03,105.17,0.00,0.48741
matrix_transpose,autotune,fp16,n=3072,1,1,0.0556,0.0557,0.0102,0.0203,0.0104,0.0107,5.45,2.75,5.33,5.2,0.18,99.02,2.88,0.502463
matrix_transpose,autotune,fp16,n=4096,1,1,0.0701,0.0699,0.0133,0.0282,0.0135,0.0143,5.28,2.48,5.18,4.89,-0.29,112.03,5.93,0.471631
matrix_transpose,autotune,fp16,n=5120,1,1,0.0917,0.0919,0.0168,0.0328,0.0166,0.0166,5.47,2.8,5.53,5.54,0.22,95.24,0.00,0.512195
matrix_transpose,autotune,fp16,n=6144,1,1,0.1066,0.1067,0.0185,0.037,0.0188,0.0188,5.77,2.88,5.69,5.67,0.09,100.00,0.00,0.5
matrix_transpose,autotune,fp16,n=7168,1,1,0.1229,0.1229,0.0209,0.0434,0.0212,0.0213,5.87,2.83,5.79,5.78,0.00,107.66,0.47,0.481567
matrix_transpose,autotune,fp16,n=8192,1,1,0.1349,0.135,0.0241,0.0492,0.0241,0.024,5.6,2.74,5.59,5.63,0.07,104.15,-0.41,0.489837
matrix_transpose,autotune,fp16,n=9216,1,1,0.1551,0.1551,0.0264,0.0534,0.0268,0.0264,5.89,2.9,5.78,5.87,0.00,102.27,-1.49,0.494382
matrix_transpose,autotune,fp32,n=1024,1,1,0.0213,0.0213,0.0076,0.0116,0.0071,0.0072,2.79,1.84,3.02,2.97,0.00,52.63,1.41,0.655172
matrix_transpose,autotune,fp32,n=10240,1,1,0.1984,0.1986,0.0536,0.071,0.0541,0.0546,3.7,2.8,3.67,3.64,0.10,32.46,0.92,0.75493
matrix_transpose,autotune,fp32,n=11264,1,1,0.209,0.2095,0.0588,0.0773,0.0588,0.059,3.55,2.71,3.56,3.55,0.24,31.46,0.34,0.760673
matrix_transpose,autotune,fp32,n=12288,1,1,0.23,0.2311,0.064,0.0836,0.064,0.0639,3.59,2.76,3.59,3.62,0.48,30.62,-0.16,0.76555
matrix_transpose,autotune,fp32,n=13312,1,1,0.2444,0.2444,0.069,0.0899,0.069,0.0694,3.54,2.72,3.54,3.52,0.00,30.29,0.58,0.767519
matrix_transpose,autotune,fp32,n=14336,1,1,0.26,0.2607,0.074,0.0961,0.0745,0.0744,3.51,2.71,3.49,3.5,0.27,29.86,-0.13,0.770031
matrix_transpose,autotune,fp32,n=15360,1,1,0.2889,0.2896,0.0794,0.1023,0.0794,0.0792,3.64,2.83,3.64,3.66,0.24,28.84,-0.25,0.776149
matrix_transpose,autotune,fp32,n=16384,1,1,0.2948,0.2956,0.0852,0.1086,0.0857,0.0857,3.46,2.72,3.44,3.45,0.27,27.46,0.00,0.78453
matrix_transpose,autotune,fp32,n=17408,1,1,0.3282,0.3289,0.089,0.1149,0.0901,0.0891,3.69,2.86,3.64,3.69,0.21,29.10,-1.11,0.774587
matrix_transpose,autotune,fp32,n=18432,1,1,0.3353,0.3364,0.0941,0.1209,0.0944,0.0944,3.56,2.78,3.55,3.57,0.33,28.48,0.00,0.778329
matrix_transpose,autotune,fp32,n=19456,1,1,0.3577,0.359,0.0993,0.1273,0.0993,0.0993,3.6,2.82,3.6,3.62,0.36,28.20,0.00,0.780047
matrix_transpose,autotune,fp32,n=2048,1,1,0.0402,0.0402,0.0131,0.0198,0.0129,0.0133,3.07,2.03,3.11,3.03,0.00,51.15,3.10,0.661616
matrix_transpose,autotune,fp32,n=20480,1,1,0.3875,0.3879,0.1039,0.1335,0.1037,0.1036,3.73,2.91,3.74,3.74,0.10,28.49,-0.10,0.778277
matrix_transpose,autotune,fp32,n=3072,1,1,0.0605,0.0606,0.0185,0.0256,0.0181,0.0183,3.27,2.37,3.34,3.32,0.17,38.38,1.10,0.722656
matrix_transpose,autotune,fp32,n=4096,1,1,0.0772,0.0773,0.0238,0.0327,0.0238,0.0252,3.25,2.37,3.25,3.07,0.13,37.39,5.88,0.727829
matrix_transpose,autotune,fp32,n=5120,1,1,0.1018,0.1021,0.0288,0.0389,0.0295,0.0294,3.53,2.63,3.45,3.47,0.29,35.07,-0.34,0.74036
matrix_transpose,autotune,fp32,n=6144,1,1,0.1183,0.1183,0.0335,0.0455,0.0336,0.0336,3.53,2.6,3.52,3.52,0.00,35.82,0.00,0.736264
matrix_transpose,autotune,fp32,n=7168,1,1,0.1334,0.1337,0.0386,0.0519,0.0386,0.0388,3.45,2.58,3.45,3.45,0.22,34.46,0.52,0.743738
matrix_transpose,autotune,fp32,n=8192,1,1,0.1498,0.1501,0.0435,0.0583,0.0435,0.0435,3.44,2.58,3.44,3.45,0.20,34.02,0.00,0.746141
matrix_transpose,autotune,fp32,n=9216,1,1,0.1708,0.1711,0.0488,0.0647,0.0494,0.0487,3.5,2.65,3.46,3.52,0.18,32.58,-1.42,0.75425
matrix_transpose,autotune,int8,n=1024,1,1,0.0192,0.0193,0.0035,0.0072,0.0035,0.0035,5.48,2.68,5.4,5.55,0.52,105.71,0.00,0.486111
matrix_transpose,autotune,int8,n=10240,1,1,0.1726,0.1726,0.0176,0.0366,0.02,0.0171,9.78,4.71,8.62,10.08,0.00,107.95,-14.50,0.480874
matrix_transpose,autotune,int8,n=11264,1,1,0.1794,0.1793,0.0194,0.0394,0.0265,0.0212,9.22,4.55,6.77,8.46,-0.06,103.09,-20.00,0.492386
matrix_transpose,autotune,int8,n=12288,1,1,0.2,0.2,0.0203,0.0424,0.0282,0.0282,9.86,4.72,7.08,7.11,0.00,108.87,0.00,0.478774
matrix_transpose,autotune,int8,n=13312,1,1,0.2117,0.2116,0.0217,0.0453,0.0304,0.0251,9.75,4.67,6.96,8.44,-0.05,108.76,-17.43,0.479029
matrix_transpose,autotune,int8,n=14336,1,1,0.2317,0.2317,0.0228,0.0488,0.0265,0.0222,10.16,4.75,8.73,10.45,0.00,114.04,-16.23,0.467213
matrix_transpose,autotune,int8,n=15360,1,1,0.2461,0.2461,0.0245,0.0516,0.0348,0.0276,10.03,4.77,7.08,8.93,0.00,110.61,-20.69,0.474806
matrix_transpose,autotune,int8,n=16384,1,1,0.2551,0.2551,0.0259,0.0542,0.0299,0.0298,9.84,4.71,8.54,8.57,0.00,109.27,-0.33,0.47786
matrix_transpose,autotune,int8,n=17408,1,1,0.2825,0.2826,0.0269,0.0571,0.0314,0.0385,10.52,4.95,8.99,7.33,0.04,112.27,22.61,0.471103
matrix_transpose,autotune,int8,n=18432,1,1,0.2936,0.2937,0.0283,0.0606,0.0332,0.0333,10.39,4.85,8.83,8.83,0.03,114.13,0.30,0.466997
matrix_transpose,autotune,int8,n=19456,1,1,0.306,0.3059,0.0297,0.0634,0.0346,0.0345,10.32,4.82,8.85,8.86,-0.03,113.47,-0.29,0.468454
matrix_transpose,autotune,int8,n=2048,1,1,0.0345,0.0346,0.0062,0.0106,0.0059,0.0059,5.56,3.27,5.84,5.85,0.29,70.97,0.00,0.584906
matrix_transpose,autotune,int8,n=20480,1,1,0.3457,0.3458,0.0306,0.0663,0.0363,0.0363,11.3,5.22,9.53,9.53,0.03,116.67,0.00,0.461538
matrix_transpose,autotune,int8,n=3072,1,1,0.0527,0.0528,0.0077,0.0139,0.0077,0.0077,6.81,3.8,6.86,6.9,0.19,80.52,0.00,0.553957
matrix_transpose,autotune,int8,n=4096,1,1,0.0664,0.0664,0.0078,0.0172,0.0093,0.0098,8.51,3.87,7.11,6.78,0.00,120.51,5.38,0.453488
matrix_transpose,autotune,int8,n=5120,1,1,0.0839,0.0839,0.0102,0.0211,0.0114,0.0114,8.25,3.98,7.37,7.35,0.00,106.86,0.00,0.483412
matrix_transpose,autotune,int8,n=6144,1,1,0.1018,0.1018,0.0128,0.0245,0.0132,0.013,7.94,4.15,7.73,7.83,0.00,91.41,-1.52,0.522449
matrix_transpose,autotune,int8,n=7168,1,1,0.12,0.1201,0.0135,0.0271,0.0146,0.0178,8.89,4.44,8.23,6.73,0.08,100.74,21.92,0.498155
matrix_transpose,autotune,int8,n=8192,1,1,0.1291,0.1291,0.0151,0.0303,0.0194,0.0193,8.53,4.27,6.64,6.68,0.00,100.66,-0.52,0.49835
matrix_transpose,autotune,int8,n=9216,1,1,0.1496,0.1496,0.0162,0.0333,0.0187,0.022,9.25,4.49,7.99,6.79,0.00,105.56,17.65,0.486486
mean_reduction,default,bf16,N=1024,1,1,0.013,0.0128,0.0028,0.0067,0.0028,0.0028,4.71,1.92,4.71,4.62,-1.54,139.29,0.00,0.41791
mean_reduction,default,bf16,N=10240,1,1,0.0809,0.0812,0.0114,0.0169,0.0219,0.022,7.08,4.81,3.69,3.69,0.37,48.25,0.46,0.674556
mean_reduction,default,bf16,N=11264,1,1,0.0906,0.0909,0.0129,0.0183,0.024,0.0241,7.01,4.96,3.78,3.78,0.33,41.86,0.42,0.704918
mean_reduction,default,bf16,N=12288,1,1,0.0986,0.0988,0.0141,0.0194,0.0259,0.0259,6.97,5.1,3.81,3.81,0.20,37.59,0.00,0.726804
mean_reduction,default,bf16,N=13312,1,1,0.1071,0.1075,0.0151,0.0206,0.0277,0.0278,7.07,5.22,3.86,3.86,0.37,36.42,0.36,0.73301
mean_reduction,default,bf16,N=14336,1,1,0.1145,0.1149,0.0158,0.0219,0.0297,0.0298,7.24,5.26,3.86,3.85,0.35,38.61,0.34,0.721461
mean_reduction,default,bf16,N=15360,1,1,0.1226,0.123,0.0169,0.0234,0.0154,0.0155,7.25,5.25,7.94,7.93,0.33,38.46,0.65,0.722222
mean_reduction,default,bf16,N=16384,1,1,0.1297,0.1301,0.0183,0.0245,0.0192,0.0192,7.11,5.3,6.76,6.79,0.31,33.88,0.00,0.746939
mean_reduction,default,bf16,N=17408,1,1,0.1369,0.1374,0.0195,0.0258,0.0174,0.0175,7.02,5.32,7.86,7.86,0.37,32.31,0.57,0.755814
mean_reduction,default,bf16,N=18432,1,1,0.1435,0.144,0.0199,0.027,0.0215,0.0216,7.2,5.34,6.67,6.68,0.35,35.68,0.47,0.737037
mean_reduction,default,bf16,N=19456,1,1,0.1508,0.1514,0.021,0.0281,0.0196,0.0196,7.19,5.38,7.71,7.74,0.40,33.81,0.00,0.747331
mean_reduction,default,bf16,N=2048,1,1,0.0202,0.0201,0.0032,0.0077,0.0038,0.0038,6.33,2.61,5.33,5.29,-0.50,140.62,0.00,0.415584
mean_reduction,default,bf16,N=20480,1,1,0.1571,0.1577,0.0222,0.0292,0.0236,0.0236,7.08,5.4,6.66,6.69,0.38,31.53,0.00,0.760274
mean_reduction,default,bf16,N=3072,1,1,0.0292,0.0292,0.0039,0.0087,0.0055,0.0052,7.47,3.35,5.36,5.61,0.00,123.08,-5.45,0.448276
mean_reduction,default,bf16,N=4096,1,1,0.0362,0.0362,0.0047,0.0091,0.0062,0.0062,7.69,3.96,5.83,5.88,0.00,93.62,0.00,0.516484
mean_reduction,default,bf16,N=5120,1,1,0.0446,0.0447,0.0057,0.0108,0.008,0.0079,7.81,4.13,5.56,5.66,0.22,89.47,-1.25,0.527778
mean_reduction,default,bf16,N=6144,1,1,0.054,0.0538,0.0062,0.0118,0.0096,0.0095,8.69,4.58,5.63,5.66,-0.37,90.32,-1.04,0.525424
mean_reduction,default,bf16,N=7168,1,1,0.0705,0.0696,0.0076,0.0131,0.0121,0.0121,9.24,5.3,5.84,5.76,-1.28,72.37,0.00,0.580153
mean_reduction,default,bf16,N=8192,1,1,0.0619,0.0621,0.0092,0.0143,0.0164,0.0165,6.71,4.36,3.78,3.77,0.32,55.43,0.61,0.643357
mean_reduction,default,bf16,N=9216,1,1,0.0715,0.0717,0.0105,0.0157,0.0198,0.0199,6.78,4.57,3.61,3.61,0.28,49.52,0.51,0.66879
mean_reduction,default,fp16,N=1024,1,1,0.0124,0.0123,0.0027,0.0066,0.0027,0.0028,4.53,1.88,4.51,4.45,-0.81,144.44,3.70,0.409091
mean_reduction,default,fp16,N=10240,1,1,0.0802,0.0804,0.011,0.0169,0.0221,0.0221,7.26,4.76,3.63,3.63,0.25,53.64,0.00,0.650888
mean_reduction,default,fp16,N=11264,1,1,0.0895,0.0899,0.0126,0.0183,0.0298,0.0299,7.12,4.9,3.01,3,0.45,45.24,0.34,0.688525
mean_reduction,default,fp16,N=12288,1,1,0.0977,0.0981,0.0135,0.0192,0.0324,0.0324,7.23,5.1,3.02,3.02,0.41,42.22,0.00,0.703125
mean_reduction,default,fp16,N=13312,1,1,0.1063,0.1067,0.0146,0.0206,0.035,0.0351,7.26,5.18,3.04,3.04,0.38,41.10,0.29,0.708738
mean_reduction,default,fp16,N=14336,1,1,0.1134,0.1138,0.0154,0.0218,0.0373,0.0374,7.37,5.22,3.04,3.04,0.35,41.56,0.27,0.706422
mean_reduction,default,fp16,N=15360,1,1,0.1216,0.122,0.0162,0.023,0.048,0.0482,7.51,5.31,2.53,2.53,0.33,41.98,0.42,0.704348
mean_reduction,default,fp16,N=16384,1,1,0.1284,0.1288,0.0171,0.0245,0.0506,0.0508,7.5,5.26,2.54,2.54,0.31,43.27,0.40,0.697959
mean_reduction,default,fp16,N=17408,1,1,0.1355,0.136,0.0185,0.0257,0.0536,0.0538,7.33,5.3,2.53,2.53,0.37,38.92,0.37,0.719844
mean_reduction,default,fp16,N=18432,1,1,0.1421,0.1426,0.019,0.0268,0.0564,0.0565,7.5,5.32,2.52,2.52,0.35,41.05,0.18,0.708955
mean_reduction,default,fp16,N=19456,1,1,0.1493,0.1498,0.0201,0.0281,0.0593,0.0594,7.42,5.34,2.52,2.52,0.33,39.80,0.17,0.715302
mean_reduction,default,fp16,N=2048,1,1,0.0204,0.0203,0.003,0.0074,0.0036,0.0036,6.7,2.73,5.71,5.63,-0.49,146.67,0.00,0.405405
mean_reduction,default,fp16,N=20480,1,1,0.1557,0.1561,0.0209,0.0292,0.062,0.0621,7.43,5.35,2.51,2.51,0.26,39.71,0.16,0.715753
mean_reduction,default,fp16,N=3072,1,1,0.029,0.029,0.0038,0.0088,0.0051,0.005,7.54,3.29,5.67,5.76,0.00,131.58,-1.96,0.431818
mean_reduction,default,fp16,N=4096,1,1,0.0359,0.0358,0.0046,0.0094,0.0063,0.0062,7.79,3.8,5.72,5.8,-0.28,104.35,-1.59,0.489362
mean_reduction,default,fp16,N=5120,1,1,0.0445,0.0445,0.0054,0.0106,0.0078,0.0077,8.22,4.2,5.69,5.75,0.00,96.30,-1.28,0.509434
mean_reduction,default,fp16,N=6144,1,1,0.053,0.0527,0.0061,0.0119,0.0099,0.0099,8.67,4.43,5.36,5.32,-0.57,95.08,0.00,0.512605
mean_reduction,default,fp16,N=7168,1,1,0.0701,0.0698,0.0072,0.0127,0.0118,0.0117,9.76,5.48,5.96,5.94,-0.43,76.39,-0.85,0.566929
mean_reduction,default,fp16,N=8192,1,1,0.0618,0.0619,0.0087,0.014,0.0166,0.0166,7.13,4.43,3.72,3.73,0.16,60.92,0.00,0.621429
mean_reduction,default,fp16,N=9216,1,1,0.071,0.0713,0.0101,0.0156,0.0199,0.0199,7.04,4.58,3.57,3.58,0.42,54.46,0.00,0.647436
mean_reduction,default,fp32,N=1024,1,1,0.0069,0.0069,0.0029,0.007,0.0032,0.0032,2.39,0.98,2.16,2.14,0.00,141.38,0.00,0.414286
mean_reduction,default,fp32,N=10240,1,1,0.0272,0.0272,0.0195,0.0225,0.0196,0.0196,1.39,1.21,1.39,1.39,0.00,15.38,0.00,0.866667
mean_reduction,default,fp32,N=11264,1,1,0.0297,0.0297,0.0214,0.0245,0.0214,0.0215,1.39,1.21,1.39,1.39,0.00,14.49,0.47,0.873469
mean_reduction,default,fp32,N=12288,1,1,0.0311,0.0311,0.023,0.0261,0.0231,0.0232,1.35,1.19,1.35,1.34,0.00,13.48,0.43,0.881226
mean_reduction,default,fp32,N=13312,1,1,0.0337,0.0337,0.0246,0.0278,0.0247,0.0247,1.37,1.21,1.37,1.36,0.00,13.01,0.00,0.884892
mean_reduction,default,fp32,N=14336,1,1,0.035,0.0351,0.0261,0.0295,0.0262,0.0262,1.34,1.19,1.33,1.34,0.29,13.03,0.00,0.884746
mean_reduction,default,fp32,N=15360,1,1,0.0374,0.0374,0.0306,0.0339,0.0306,0.0309,1.22,1.1,1.22,1.21,0.00,10.78,0.98,0.902655
mean_reduction,default,fp32,N=16384,1,1,0.0387,0.0387,0.0339,0.0363,0.0341,0.0342,1.14,1.07,1.13,1.13,0.00,7.08,0.29,0.933884
mean_reduction,default,fp32,N=17408,1,1,0.0405,0.0406,0.0321,0.0357,0.0323,0.0323,1.26,1.14,1.25,1.26,0.25,11.21,0.00,0.89916
mean_reduction,default,fp32,N=18432,1,1,0.0416,0.0416,0.0324,0.0362,0.0326,0.0326,1.28,1.15,1.28,1.28,0.00,11.73,0.00,0.895028
mean_reduction,default,fp32,N=19456,1,1,0.0434,0.0435,0.0341,0.0379,0.0343,0.0343,1.27,1.15,1.26,1.27,0.23,11.14,0.00,0.899736
mean_reduction,default,fp32,N=2048,1,1,0.0103,0.0099,0.0039,0.0079,0.004,0.0039,2.66,1.26,2.58,2.54,-3.88,102.56,-2.50,0.493671
mean_reduction,default,fp32,N=20480,1,1,0.0445,0.0446,0.036,0.0394,0.0362,0.0362,1.24,1.13,1.23,1.23,0.22,9.44,0.00,0.913706
mean_reduction,default,fp32,N=3072,1,1,0.0154,0.0152,0.0054,0.0095,0.0055,0.0055,2.83,1.61,2.8,2.76,-1.30,75.93,0.00,0.568421
mean_reduction,default,fp32,N=4096,1,1,0.0197,0.0198,0.0081,0.0113,0.0082,0.008,2.43,1.75,2.41,2.49,0.51,39.51,-2.44,0.716814
mean_reduction,default,fp32,N=5120,1,1,0.0253,0.0253,0.0107,0.0137,0.0107,0.0107,2.37,1.85,2.37,2.37,0.00,28.04,0.00,0.781022
mean_reduction,default,fp32,N=6144,1,1,0.0296,0.0296,0.0127,0.0155,0.0127,0.0126,2.34,1.91,2.32,2.34,0.00,22.05,-0.79,0.819355
mean_reduction,default,fp32,N=7168,1,1,0.0347,0.0348,0.0144,0.0175,0.0145,0.0145,2.41,1.99,2.39,2.39,0.29,21.53,0.00,0.822857
mean_reduction,default,fp32,N=8192,1,1,0.0232,0.0232,0.016,0.0191,0.0161,0.0161,1.45,1.22,1.44,1.45,0.00,19.37,0.00,0.837696
mean_reduction,default,fp32,N=9216,1,1,0.0259,0.0259,0.0178,0.0208,0.0179,0.0179,1.45,1.24,1.45,1.45,0.00,16.85,0.00,0.855769
mean_reduction,autotune,bf16,N=1024,1,1,0.0128,0.0126,0.0036,0.0064,0.0028,0.0032,3.53,1.99,4.61,3.95,-1.56,77.78,14.29,0.5625
mean_reduction,autotune,bf16,N=10240,1,1,0.0812,0.0814,0.0107,0.0139,0.0119,0.0119,7.57,5.87,6.83,6.87,0.25,29.91,0.00,0.769784
mean_reduction,autotune,bf16,N=11264,1,1,0.0904,0.0909,0.0122,0.0156,0.0144,0.0135,7.43,5.84,6.29,6.71,0.55,27.87,-6.25,0.782051
mean_reduction,autotune,bf16,N=12288,1,1,0.0983,0.0988,0.0128,0.0159,0.0143,0.0142,7.7,6.22,6.89,6.95,0.51,24.22,-0.70,0.805031
mean_reduction,autotune,bf16,N=13312,1,1,0.1071,0.1073,0.0139,0.0173,0.0154,0.0155,7.69,6.19,6.97,6.94,0.19,24.46,0.65,0.803468
mean_reduction,autotune,bf16,N=14336,1,1,0.1144,0.115,0.0145,0.018,0.0165,0.0165,7.88,6.38,6.95,6.97,0.52,24.14,0.00,0.805556
mean_reduction,autotune,bf16,N=15360,1,1,0.1227,0.1232,0.0155,0.0194,0.0175,0.0175,7.89,6.37,7.03,7.06,0.41,25.16,0.00,0.798969
mean_reduction,autotune,bf16,N=16384,1,1,0.1296,0.1301,0.0161,0.0197,0.0184,0.0184,8.07,6.61,7.06,7.06,0.39,22.36,0.00,0.817259
mean_reduction,autotune,bf16,N=17408,1,1,0.1368,0.1373,0.0174,0.0211,0.0197,0.0197,7.86,6.49,6.95,6.97,0.37,21.26,0.00,0.824645
mean_reduction,autotune,bf16,N=18432,1,1,0.1434,0.1438,0.018,0.0217,0.0208,0.0208,7.98,6.64,6.91,6.93,0.28,20.56,0.00,0.829493
mean_reduction,autotune,bf16,N=19456,1,1,0.1509,0.1513,0.0192,0.0229,0.0218,0.0217,7.86,6.62,6.93,6.98,0.27,19.27,-0.46,0.838428
mean_reduction,autotune,bf16,N=2048,1,1,0.0204,0.0201,0.0033,0.0071,0.0036,0.0036,6.13,2.85,5.61,5.6,-1.47,115.15,0.00,0.464789
mean_reduction,autotune,bf16,N=20480,1,1,0.1572,0.1576,0.0196,0.0232,0.0295,0.0295,8.01,6.8,5.33,5.35,0.25,18.37,0.00,0.844828
mean_reduction,autotune,bf16,N=3072,1,1,0.0293,0.0293,0.0048,0.0081,0.0042,0.0041,6.11,3.63,6.96,7.09,0.00,68.75,-2.38,0.592593
mean_reduction,autotune,bf16,N=4096,1,1,0.0363,0.0362,0.0043,0.0082,0.0047,0.0046,8.43,4.43,7.71,7.84,-0.28,90.70,-2.13,0.52439
mean_reduction,autotune,bf16,N=5120,1,1,0.0446,0.0446,0.0052,0.0096,0.0068,0.0056,8.53,4.64,6.56,7.91,0.00,84.62,-17.65,0.541667
mean_reduction,autotune,bf16,N=6144,1,1,0.0537,0.0537,0.0066,0.0099,0.0067,0.0067,8.09,5.42,8.02,8.06,0.00,50.00,0.00,0.666667
mean_reduction,autotune,bf16,N=7168,1,1,0.0682,0.0679,0.007,0.0113,0.0078,0.0078,9.8,6,8.73,8.74,-0.44,61.43,0.00,0.619469
mean_reduction,autotune,bf16,N=8192,1,1,0.0622,0.0623,0.0093,0.0118,0.0095,0.0095,6.68,5.3,6.54,6.59,0.16,26.88,0.00,0.788136
mean_reduction,autotune,bf16,N=9216,1,1,0.0717,0.072,0.0096,0.0133,0.0107,0.0107,7.48,5.42,6.73,6.76,0.42,38.54,0.00,0.721805
mean_reduction,autotune,fp16,N=1024,1,1,0.0124,0.0123,0.0027,0.0062,0.0028,0.0032,4.52,1.99,4.49,3.86,-0.81,129.63,14.29,0.435484
mean_reduction,autotune,fp16,N=10240,1,1,0.0803,0.0805,0.0106,0.0138,0.0118,0.0118,7.59,5.85,6.8,6.82,0.25,30.19,0.00,0.768116
mean_reduction,autotune,fp16,N=11264,1,1,0.0897,0.0898,0.0122,0.0154,0.0143,0.0134,7.36,5.85,6.25,6.7,0.11,26.23,-6.29,0.792208
mean_reduction,autotune,fp16,N=12288,1,1,0.0976,0.0979,0.0129,0.0157,0.0143,0.0142,7.56,6.23,6.85,6.88,0.31,21.71,-0.70,0.821656
mean_reduction,autotune,fp16,N=13312,1,1,0.1064,0.1066,0.014,0.0173,0.0153,0.0154,7.62,6.18,6.95,6.91,0.19,23.57,0.65,0.809249
mean_reduction,autotune,fp16,N=14336,1,1,0.1136,0.114,0.0145,0.0179,0.0164,0.0164,7.84,6.35,6.91,6.93,0.35,23.45,0.00,0.810056
mean_reduction,autotune,fp16,N=15360,1,1,0.1216,0.1221,0.0156,0.0192,0.0176,0.0176,7.82,6.37,6.92,6.95,0.41,23.08,0.00,0.8125
mean_reduction,autotune,fp16,N=16384,1,1,0.1283,0.1289,0.0164,0.0196,0.0184,0.0184,7.84,6.57,6.96,6.99,0.47,19.51,0.00,0.836735
mean_reduction,autotune,fp16,N=17408,1,1,0.1356,0.136,0.0174,0.021,0.0197,0.0197,7.79,6.49,6.89,6.91,0.29,20.69,0.00,0.828571
mean_reduction,autotune,fp16,N=18432,1,1,0.1422,0.1425,0.018,0.0214,0.0207,0.0206,7.88,6.66,6.88,6.91,0.21,18.89,-0.48,0.841121
mean_reduction,autotune,fp16,N=19456,1,1,0.1495,0.1499,0.0192,0.0228,0.0217,0.0216,7.8,6.56,6.89,6.92,0.27,18.75,-0.46,0.842105
mean_reduction,autotune,fp16,N=2048,1,1,0.0204,0.0203,0.0032,0.0071,0.0034,0.0034,6.32,2.85,5.93,5.9,-0.49,121.88,0.00,0.450704
mean_reduction,autotune,fp16,N=20480,1,1,0.1558,0.1562,0.0196,0.0231,0.0207,0.0206,7.94,6.76,7.53,7.58,0.26,17.86,-0.48,0.848485
mean_reduction,autotune,fp16,N=3072,1,1,0.0291,0.0292,0.0044,0.0079,0.0043,0.0042,6.59,3.68,6.7,6.87,0.34,79.55,-2.33,0.556962
mean_reduction,autotune,fp16,N=4096,1,1,0.036,0.0361,0.0042,0.0081,0.0047,0.0046,8.63,4.48,7.57,7.79,0.28,92.86,-2.13,0.518519
mean_reduction,autotune,fp16,N=5120,1,1,0.0444,0.0446,0.0049,0.0095,0.0067,0.0055,9.04,4.71,6.62,8.17,0.45,93.88,-17.91,0.515789
mean_reduction,autotune,fp16,N=6144,1,1,0.0536,0.0533,0.0066,0.0099,0.0066,0.0066,8.09,5.38,8.12,8.03,-0.56,50.00,0.00,0.666667
mean_reduction,autotune,fp16,N=7168,1,1,0.0704,0.0698,0.0069,0.0111,0.0079,0.0077,10.26,6.31,8.91,9.01,-0.85,60.87,-2.53,0.621622
mean_reduction,autotune,fp16,N=8192,1,1,0.0618,0.0617,0.0083,0.0117,0.0094,0.0093,7.45,5.29,6.6,6.63,-0.16,40.96,-1.06,0.709402
mean_reduction,autotune,fp16,N=9216,1,1,0.0705,0.0706,0.0096,0.0132,0.0108,0.0107,7.31,5.36,6.54,6.58,0.14,37.50,-0.93,0.727273
mean_reduction,autotune,fp32,N=1024,1,1,0.0069,0.0069,0.0029,0.0067,0.0032,0.0032,2.39,1.03,2.17,2.17,0.00,131.03,0.00,0.432836
mean_reduction,autotune,fp32,N=10240,1,1,0.0272,0.0272,0.0196,0.0215,0.0197,0.0197,1.39,1.27,1.38,1.38,0.00,9.69,0.00,0.911628
mean_reduction,autotune,fp32,N=11264,1,1,0.0296,0.0297,0.0215,0.0235,0.0223,0.0217,1.38,1.26,1.33,1.37,0.34,9.30,-2.69,0.914894
mean_reduction,autotune,fp32,N=12288,1,1,0.0311,0.0312,0.0228,0.0247,0.0231,0.0231,1.37,1.26,1.35,1.35,0.32,8.33,0.00,0.923077
mean_reduction,autotune,fp32,N=13312,1,1,0.0336,0.0337,0.0245,0.0265,0.0247,0.0247,1.37,1.27,1.36,1.36,0.30,8.16,0.00,0.924528
mean_reduction,autotune,fp32,N=14336,1,1,0.035,0.035,0.0261,0.0278,0.0262,0.0262,1.34,1.26,1.33,1.34,0.00,6.51,0.00,0.938849
mean_reduction,autotune,fp32,N=15360,1,1,0.0375,0.0375,0.0292,0.0321,0.0307,0.0308,1.28,1.17,1.22,1.22,0.00,9.93,0.33,0.909657
mean_reduction,autotune,fp32,N=16384,1,1,0.0386,0.0387,0.0314,0.0322,0.0318,0.0319,1.23,1.2,1.21,1.21,0.26,2.55,0.31,0.975155
mean_reduction,autotune,fp32,N=17408,1,1,0.0405,0.0405,0.0315,0.0332,0.0318,0.0317,1.29,1.22,1.28,1.28,0.00,5.40,-0.31,0.948795
mean_reduction,autotune,fp32,N=18432,1,1,0.0416,0.0416,0.0327,0.0342,0.0329,0.033,1.27,1.22,1.26,1.26,0.00,4.59,0.30,0.95614
mean_reduction,autotune,fp32,N=19456,1,1,0.0434,0.0435,0.0341,0.0361,0.0344,0.0344,1.27,1.2,1.26,1.27,0.23,5.87,0.00,0.944598
mean_reduction,autotune,fp32,N=2048,1,1,0.0099,0.01,0.0043,0.0076,0.0039,0.0038,2.3,1.31,2.56,2.65,1.01,76.74,-2.56,0.565789
mean_reduction,autotune,fp32,N=20480,1,1,0.0445,0.0445,0.0353,0.0372,0.0391,0.0391,1.26,1.2,1.14,1.14,0.00,5.38,0.00,0.948925
mean_reduction,autotune,fp32,N=3072,1,1,0.0154,0.0154,0.0066,0.009,0.0055,0.0056,2.31,1.7,2.77,2.76,0.00,36.36,1.82,0.733333
mean_reduction,autotune,fp32,N=4096,1,1,0.0198,0.0198,0.0092,0.0099,0.0082,0.0081,2.15,2.01,2.42,2.44,0.00,7.61,-1.22,0.929293
mean_reduction,autotune,fp32,N=5120,1,1,0.0253,0.0253,0.0106,0.0126,0.0115,0.0107,2.39,2.01,2.21,2.36,0.00,18.87,-6.96,0.84127
mean_reduction,autotune,fp32,N=6144,1,1,0.0296,0.0297,0.0127,0.0144,0.0127,0.0127,2.33,2.06,2.33,2.33,0.34,13.39,0.00,0.881944
mean_reduction,autotune,fp32,N=7168,1,1,0.0348,0.0348,0.0144,0.0168,0.0145,0.0146,2.42,2.06,2.41,2.39,0.00,16.67,0.69,0.857143
mean_reduction,autotune,fp32,N=8192,1,1,0.0232,0.0232,0.016,0.0185,0.0159,0.016,1.45,1.25,1.45,1.45,0.00,15.62,0.63,0.864865
mean_reduction,autotune,fp32,N=9216,1,1,0.0259,0.0259,0.0178,0.0204,0.0178,0.0178,1.46,1.27,1.45,1.46,0.00,14.61,0.00,0.872549
quantize_global,default,fp32,n=1048576,1,1,0.0024,0.0024,0.0023,0.0057,0.0026,0.0026,1.02,0.42,0.93,0.92,0.00,147.83,0.00,0.403509
quantize_global,default,fp32,n=10485760,1,1,0.0125,0.0126,0.0122,0.0252,0.0123,0.0125,1.03,0.5,1.02,1.01,0.80,106.56,1.63,0.484127
quantize_global,default,fp32,n=11534336,1,1,0.0135,0.0132,0.0134,0.0269,0.0133,0.0133,1.01,0.49,1.01,0.99,-2.22,100.75,0.00,0.498141
quantize_global,default,fp32,n=12582912,1,1,0.0146,0.0143,0.0142,0.0289,0.0144,0.0141,1.03,0.5,1.01,1.01,-2.05,103.52,-2.08,0.491349
quantize_global,default,fp32,n=13631488,1,1,0.0152,0.0156,0.015,0.0307,0.0151,0.0153,1.01,0.51,1.01,1.02,2.63,104.67,1.32,0.488599
quantize_global,default,fp32,n=14680064,1,1,0.0164,0.0164,0.0161,0.0327,0.0163,0.0163,1.01,0.5,1.01,1.01,0.00,103.11,0.00,0.492355
quantize_global,default,fp32,n=15728640,1,1,0.0168,0.0169,0.0169,0.0346,0.0168,0.0168,0.99,0.49,1,1.01,0.60,104.73,0.00,0.488439
quantize_global,default,fp32,n=16777216,1,1,0.0182,0.0183,0.018,0.0365,0.018,0.0181,1.01,0.5,1.01,1.01,0.55,102.78,0.56,0.493151
quantize_global,default,fp32,n=17825792,1,1,0.0188,0.0189,0.0189,0.0383,0.0187,0.0186,0.99,0.49,1,1.01,0.53,102.65,-0.53,0.493473
quantize_global,default,fp32,n=18874368,1,1,0.0199,0.02,0.0198,0.0403,0.0195,0.0198,1,0.49,1.02,1.01,0.50,103.54,1.54,0.491315
quantize_global,default,fp32,n=19922944,1,1,0.0205,0.0209,0.0208,0.0421,0.0205,0.0206,0.99,0.5,1,1.01,1.95,102.40,0.49,0.494062
quantize_global,default,fp32,n=2097152,1,1,0.0031,0.003,0.003,0.0084,0.0031,0.0031,1.02,0.36,0.97,0.97,-3.23,180.00,0.00,0.357143
quantize_global,default,fp32,n=20971520,1,1,0.0216,0.0216,0.0217,0.0439,0.0216,0.0215,1,0.49,1,1.01,0.00,102.30,-0.46,0.494305
quantize_global,default,fp32,n=3145728,1,1,0.0047,0.0047,0.0044,0.0109,0.0047,0.0047,1.08,0.43,1,1,0.00,147.73,0.00,0.40367
quantize_global,default,fp32,n=4194304,1,1,0.0055,0.0054,0.0052,0.0133,0.0054,0.0054,1.06,0.41,1.01,1.01,-1.82,155.77,0.00,0.390977
quantize_global,default,fp32,n=5242880,1,1,0.0068,0.0068,0.0064,0.0161,0.0068,0.0068,1.06,0.42,1,1,0.00,151.56,0.00,0.397516
quantize_global,default,fp32,n=6291456,1,1,0.008,0.008,0.0078,0.0172,0.0082,0.0081,1.02,0.46,0.98,0.98,0.00,120.51,-1.22,0.453488
quantize_global,default,fp32,n=7340032,1,1,0.0095,0.0094,0.0091,0.0195,0.0093,0.0093,1.04,0.48,1.01,1.01,-1.05,114.29,0.00,0.466667
quantize_global,default,fp32,n=8388608,1,1,0.0104,0.0103,0.0101,0.0211,0.0102,0.0102,1.03,0.49,1.01,1.02,-0.96,108.91,0.00,0.478673
quantize_global,default,fp32,n=9437184,1,1,0.0118,0.0118,0.0115,0.0233,0.0116,0.0117,1.02,0.51,1.01,1.01,0.00,102.61,0.86,0.493562
quantize_global,autotune,fp32,n=1048576,1,1,0.0024,0.0024,0.0023,0.0057,0.0031,0.0024,1.04,0.42,0.77,0.98,0.00,147.83,-22.58,0.403509
quantize_global,autotune,fp32,n=10485760,1,1,0.0125,0.0125,0.012,0.0164,0.0122,0.0121,1.04,0.76,1.03,1.03,0.00,36.67,-0.82,0.731707
quantize_global,autotune,fp32,n=11534336,1,1,0.0139,0.014,0.0137,0.0176,0.0132,0.0132,1.02,0.79,1.05,1.06,0.72,28.47,0.00,0.778409
quantize_global,autotune,fp32,n=12582912,1,1,0.0144,0.0144,0.0143,0.0185,0.0141,0.0141,1.01,0.78,1.02,1.03,0.00,29.37,0.00,0.772973
quantize_global,autotune,fp32,n=13631488,1,1,0.0154,0.0153,0.0151,0.0197,0.0147,0.0148,1.02,0.78,1.04,1.04,-0.65,30.46,0.68,0.766497
quantize_global,autotune,fp32,n=14680064,1,1,0.0159,0.0157,0.0159,0.0206,0.0157,0.0162,1,0.76,1.01,0.97,-1.26,29.56,3.18,0.771845
quantize_global,autotune,fp32,n=15728640,1,1,0.017,0.017,0.0169,0.0216,0.0166,0.0167,1.01,0.79,1.02,1.02,0.00,27.81,0.60,0.782407
quantize_global,autotune,fp32,n=16777216,1,1,0.0177,0.0185,0.0183,0.0227,0.0174,0.0181,0.96,0.81,1.01,1.02,4.52,24.04,4.02,0.806167
quantize_global,autotune,fp32,n=17825792,1,1,0.0189,0.0186,0.0188,0.0238,0.0187,0.0183,1.01,0.78,1.01,1.01,-1.59,26.60,-2.14,0.789916
quantize_global,autotune,fp32,n=18874368,1,1,0.0197,0.0199,0.0196,0.0247,0.0194,0.0197,1,0.8,1.02,1.01,1.02,26.02,1.55,0.793522
quantize_global,autotune,fp32,n=19922944,1,1,0.0206,0.0209,0.0208,0.0256,0.0201,0.0207,0.99,0.82,1.02,1.01,1.46,23.08,2.99,0.8125
quantize_global,autotune,fp32,n=2097152,1,1,0.003,0.003,0.003,0.0057,0.0031,0.0031,1.02,0.53,0.98,0.98,0.00,90.00,0.00,0.526316
quantize_global,autotune,fp32,n=20971520,1,1,0.0217,0.0217,0.0217,0.027,0.0217,0.0211,1,0.8,1,1.03,0.00,24.42,-2.76,0.803704
quantize_global,autotune,fp32,n=3145728,1,1,0.0041,0.0041,0.0038,0.0071,0.004,0.0045,1.07,0.58,1.03,0.9,0.00,86.84,12.50,0.535211
quantize_global,autotune,fp32,n=4194304,1,1,0.0054,0.0054,0.0054,0.0079,0.0052,0.0051,1,0.69,1.05,1.06,0.00,46.30,-1.92,0.683544
quantize_global,autotune,fp32,n=5242880,1,1,0.0065,0.0065,0.0066,0.0091,0.0063,0.0063,0.99,0.71,1.02,1.02,0.00,37.88,0.00,0.725275
quantize_global,autotune,fp32,n=6291456,1,1,0.008,0.008,0.0079,0.0114,0.0078,0.008,1.02,0.7,1.02,1.01,0.00,44.30,2.56,0.692982
quantize_global,autotune,fp32,n=7340032,1,1,0.0093,0.0094,0.009,0.0127,0.0092,0.0091,1.04,0.74,1.02,1.03,1.08,41.11,-1.09,0.708661
quantize_global,autotune,fp32,n=8388608,1,1,0.0108,0.0108,0.0101,0.0142,0.0102,0.0103,1.06,0.76,1.06,1.05,0.00,40.59,0.98,0.711268
quantize_global,autotune,fp32,n=9437184,1,1,0.0113,0.0113,0.0112,0.0152,0.011,0.0111,1.01,0.74,1.02,1.01,0.00,35.71,0.91,0.736842
rmsnorm,default,bf16,K=1024,1,1,0.0357,0.0357,0.0039,0.0166,0.0037,0.0037,9.11,2.15,9.7,9.72,0.00,325.64,0.00,0.23494
rmsnorm,default,bf16,K=10240,1,1,0.2509,0.2507,0.0232,0.0436,0.0277,0.0279,10.82,5.76,9.06,9,-0.08,87.93,0.72,0.53211
rmsnorm,default,bf16,K=1536,1,1,0.0474,0.0474,0.0045,0.0185,0.0055,0.0052,10.59,2.56,8.61,9.1,0.00,311.11,-5.45,0.243243
rmsnorm,default,bf16,K=2048,1,1,0.0559,0.0558,0.0053,0.0187,0.006,0.0063,10.62,2.99,9.25,8.83,-0.18,252.83,5.00,0.283422
rmsnorm,default,bf16,K=2560,1,1,0.0665,0.0667,0.0064,0.0212,0.0078,0.0078,10.43,3.15,8.52,8.56,0.30,231.25,0.00,0.301887
rmsnorm,default,bf16,K=3072,1,1,0.0755,0.0757,0.0075,0.0223,0.0084,0.0085,10.04,3.39,9.03,8.93,0.26,197.33,1.19,0.336323
rmsnorm,default,bf16,K=3584,1,1,0.086,0.0861,0.0085,0.0241,0.0107,0.0108,10.07,3.58,8.06,7.96,0.12,183.53,0.93,0.352697
rmsnorm,default,bf16,K=4096,1,1,0.0945,0.0946,0.0097,0.0239,0.0112,0.0116,9.71,3.95,8.41,8.16,0.11,146.39,3.57,0.405858
rmsnorm,default,bf16,K=4608,1,1,0.1055,0.106,0.0114,0.0268,0.0139,0.014,9.22,3.95,7.58,7.59,0.47,135.09,0.72,0.425373
rmsnorm,default,bf16,K=512,1,1,0.0254,0.0254,0.0035,0.0157,0.0035,0.0035,7.17,1.62,7.21,7.19,0.00,348.57,0.00,0.22293
rmsnorm,default,bf16,K=5120,1,1,0.1205,0.1197,0.012,0.027,0.0146,0.0147,10.01,4.43,8.28,8.16,-0.66,125.00,0.68,0.444444
rmsnorm,default,bf16,K=5632,1,1,0.1377,0.1345,0.0136,0.0297,0.0168,0.0166,10.15,4.53,8.19,8.11,-2.32,118.38,-1.19,0.457912
rmsnorm,default,bf16,K=6144,1,1,0.1549,0.1544,0.0142,0.0297,0.0173,0.0172,10.9,5.2,8.93,8.97,-0.32,109.15,-0.58,0.478114
rmsnorm,default,bf16,K=6656,1,1,0.1717,0.1733,0.0158,0.0332,0.0192,0.0193,10.89,5.23,8.93,8.99,0.93,110.13,0.52,0.475904
rmsnorm,default,bf16,K=7168,1,1,0.1862,0.1876,0.0166,0.0332,0.0199,0.0198,11.22,5.65,9.35,9.49,0.75,100.00,-0.50,0.5
rmsnorm,default,bf16,K=7680,1,1,0.2007,0.2016,0.0178,0.0367,0.0233,0.0233,11.3,5.48,8.6,8.67,0.45,106.18,0.00,0.485014
rmsnorm,default,bf16,K=8192,1,1,0.1966,0.1978,0.0187,0.0364,0.024,0.024,10.5,5.44,8.21,8.24,0.61,94.65,0.00,0.513736
rmsnorm,default,bf16,K=8704,1,1,0.2091,0.2112,0.0205,0.039,0.0238,0.0227,10.22,5.42,8.8,9.28,1.00,90.24,-4.62,0.525641
rmsnorm,default,bf16,K=9216,1,1,0.2241,0.2235,0.021,0.04,0.0242,0.0246,10.69,5.58,9.27,9.1,-0.27,90.48,1.65,0.525
rmsnorm,default,bf16,K=9728,1,1,0.238,0.2369,0.0224,0.0426,0.0264,0.0266,10.65,5.56,9.01,8.9,-0.46,90.18,0.76,0.525822
rmsnorm,default,fp16,K=1024,1,1,0.0372,0.0372,0.0038,0.0167,0.0036,0.0036,9.91,2.23,10.33,10.38,0.00,339.47,0.00,0.227545
rmsnorm,default,fp16,K=10240,1,1,0.2499,0.2501,0.0225,0.0429,0.0266,0.0267,11.09,5.83,9.41,9.38,0.08,90.67,0.38,0.524476
rmsnorm,default,fp16,K=1536,1,1,0.0472,0.0473,0.0046,0.0186,0.0057,0.0057,10.29,2.55,8.3,8.31,0.21,304.35,0.00,0.247312
rmsnorm,default,fp16,K=2048,1,1,0.0552,0.0552,0.0047,0.0187,0.0056,0.0058,11.86,2.96,9.84,9.47,0.00,297.87,3.57,0.251337
rmsnorm,default,fp16,K=2560,1,1,0.0664,0.0664,0.0064,0.0209,0.0075,0.008,10.42,3.18,8.89,8.25,0.00,226.56,6.67,0.30622
rmsnorm,default,fp16,K=3072,1,1,0.0757,0.0759,0.0071,0.022,0.0082,0.0084,10.71,3.45,9.26,9.04,0.26,209.86,2.44,0.322727
rmsnorm,default,fp16,K=3584,1,1,0.0854,0.0855,0.0086,0.0249,0.0118,0.0118,9.97,3.43,7.25,7.25,0.12,189.53,0.00,0.345382
rmsnorm,default,fp16,K=4096,1,1,0.0936,0.0935,0.0092,0.0239,0.0126,0.0126,10.15,3.91,7.42,7.42,-0.11,159.78,0.00,0.384937
rmsnorm,default,fp16,K=4608,1,1,0.1054,0.1049,0.0109,0.0267,0.0146,0.0148,9.67,3.92,7.22,7.1,-0.47,144.95,1.37,0.40824
rmsnorm,default,fp16,K=512,1,1,0.0267,0.0267,0.0035,0.0156,0.0035,0.0035,7.64,1.71,7.6,7.6,0.00,345.71,0.00,0.224359
rmsnorm,default,fp16,K=5120,1,1,0.1196,0.1197,0.0118,0.0269,0.0157,0.0157,10.13,4.45,7.61,7.63,0.08,127.97,0.00,0.438662
rmsnorm,default,fp16,K=5632,1,1,0.1359,0.1343,0.013,0.0297,0.0168,0.0168,10.49,4.53,8.09,7.99,-1.18,128.46,0.00,0.43771
rmsnorm,default,fp16,K=6144,1,1,0.1543,0.1546,0.0138,0.0295,0.0174,0.0175,11.18,5.23,8.86,8.81,0.19,113.77,0.57,0.467797
rmsnorm,default,fp16,K=6656,1,1,0.171,0.1711,0.0152,0.0332,0.0209,0.021,11.26,5.15,8.17,8.13,0.06,118.42,0.48,0.457831
rmsnorm,default,fp16,K=7168,1,1,0.1857,0.1863,0.016,0.0332,0.0217,0.0218,11.64,5.62,8.57,8.56,0.32,107.50,0.46,0.481928
rmsnorm,default,fp16,K=7680,1,1,0.1998,0.2012,0.0172,0.0365,0.0165,0.0166,11.58,5.52,12.12,12.09,0.70,112.21,0.61,0.471233
rmsnorm,default,fp16,K=8192,1,1,0.196,0.1966,0.0181,0.0364,0.0171,0.0172,10.83,5.4,11.44,11.44,0.31,101.10,0.58,0.497253
rmsnorm,default,fp16,K=8704,1,1,0.2099,0.2091,0.0198,0.0387,0.0216,0.0217,10.6,5.4,9.7,9.62,-0.38,95.45,0.46,0.511628
rmsnorm,default,fp16,K=9216,1,1,0.2226,0.2224,0.0206,0.0401,0.0225,0.0225,10.81,5.55,9.91,9.9,-0.09,94.66,0.00,0.513716
rmsnorm,default,fp16,K=9728,1,1,0.2357,0.2359,0.022,0.0434,0.026,0.0259,10.74,5.43,9.08,9.1,0.08,97.27,-0.38,0.506912
rmsnorm,default,fp32,K=1024,1,1,0.0242,0.0242,0.004,0.017,0.004,0.0041,6.06,1.42,5.99,5.93,0.00,325.00,2.50,0.235294
rmsnorm,default,fp32,K=10240,1,1,0.1718,0.173,0.0409,0.0605,0.0346,0.0344,4.21,2.86,4.97,5.03,0.70,47.92,-0.58,0.676033
rmsnorm,default,fp32,K=1536,1,1,0.0319,0.0323,0.0056,0.0203,0.0071,0.0074,5.7,1.59,4.46,4.39,1.25,262.50,4.23,0.275862
rmsnorm,default,fp32,K=2048,1,1,0.0379,0.0379,0.0072,0.0202,0.0089,0.009,5.29,1.87,4.25,4.19,0.00,180.56,1.12,0.356436
rmsnorm,default,fp32,K=2560,1,1,0.0457,0.0457,0.009,0.0233,0.0115,0.0116,5.06,1.96,3.98,3.95,0.00,158.89,0.87,0.386266
rmsnorm,default,fp32,K=3072,1,1,0.0518,0.0518,0.0104,0.0246,0.0129,0.0129,4.96,2.11,4.02,4,0.00,136.54,0.00,0.422764
rmsnorm,default,fp32,K=3584,1,1,0.0584,0.0585,0.0125,0.0271,0.0137,0.0138,4.69,2.16,4.26,4.25,0.17,116.80,0.73,0.461255
rmsnorm,default,fp32,K=4096,1,1,0.0654,0.0654,0.0143,0.0278,0.0154,0.0154,4.57,2.35,4.25,4.25,0.00,94.41,0.00,0.514388
rmsnorm,default,fp32,K=4608,1,1,0.0745,0.0748,0.0164,0.0314,0.0168,0.0169,4.56,2.38,4.43,4.44,0.40,91.46,0.60,0.522293
rmsnorm,default,fp32,K=512,1,1,0.0173,0.0173,0.003,0.0161,0.0035,0.0035,5.77,1.08,4.95,4.93,0.00,436.67,0.00,0.186335
rmsnorm,default,fp32,K=5120,1,1,0.0827,0.0828,0.018,0.0322,0.0187,0.0187,4.61,2.57,4.43,4.43,0.12,78.89,0.00,0.559006
rmsnorm,default,fp32,K=5632,1,1,0.0961,0.0971,0.0204,0.0364,0.0195,0.0196,4.7,2.66,4.94,4.96,1.04,78.43,0.51,0.56044
rmsnorm,default,fp32,K=6144,1,1,0.1085,0.1088,0.0223,0.0393,0.0216,0.0216,4.86,2.77,5.03,5.04,0.28,76.23,0.00,0.56743
rmsnorm,default,fp32,K=6656,1,1,0.1225,0.1212,0.0247,0.0439,0.0234,0.0233,4.95,2.76,5.24,5.2,-1.06,77.73,-0.43,0.562642
rmsnorm,default,fp32,K=7168,1,1,0.1343,0.1339,0.0268,0.046,0.0251,0.0248,5.01,2.91,5.36,5.39,-0.30,71.64,-1.20,0.582609
rmsnorm,default,fp32,K=7680,1,1,0.1444,0.1458,0.0294,0.0509,0.0261,0.0263,4.9,2.87,5.54,5.54,0.97,73.13,0.77,0.577603
rmsnorm,default,fp32,K=8192,1,1,0.1378,0.1378,0.032,0.0489,0.0278,0.0277,4.31,2.82,4.96,4.98,0.00,52.81,-0.36,0.654397
rmsnorm,default,fp32,K=8704,1,1,0.1474,0.1458,0.0346,0.0545,0.0292,0.0294,4.26,2.68,5.05,4.95,-1.09,57.51,0.68,0.634862
rmsnorm,default,fp32,K=9216,1,1,0.1553,0.1559,0.0368,0.0568,0.0307,0.0305,4.22,2.75,5.06,5.1,0.39,54.35,-0.65,0.647887
rmsnorm,default,fp32,K=9728,1,1,0.1635,0.1646,0.0391,0.0624,0.0322,0.0322,4.18,2.64,5.07,5.11,0.67,59.59,0.00,0.626603
rmsnorm,autotune,bf16,K=1024,1,1,0.0356,0.0366,0.0037,0.0143,0.0037,0.0037,9.71,2.57,9.63,9.89,2.81,286.49,0.00,0.258741
rmsnorm,autotune,bf16,K=10240,1,1,0.2499,0.2504,0.019,0.0329,0.0225,0.0225,13.16,7.62,11.09,11.12,0.20,73.16,0.00,0.577508
rmsnorm,autotune,bf16,K=1536,1,1,0.0478,0.0475,0.0047,0.0162,0.0048,0.0047,10.18,2.94,9.85,10.04,-0.63,244.68,-2.08,0.290123
rmsnorm,autotune,bf16,K=2048,1,1,0.0558,0.0571,0.0043,0.0164,0.0054,0.005,12.96,3.49,10.28,11.33,2.33,281.40,-7.41,0.262195
rmsnorm,autotune,bf16,K=2560,1,1,0.0665,0.0677,0.0058,0.0195,0.0071,0.0073,11.45,3.47,9.34,9.25,1.80,236.21,2.82,0.297436
rmsnorm,autotune,bf16,K=3072,1,1,0.0754,0.0756,0.0075,0.0204,0.0078,0.0079,10.02,3.71,9.62,9.59,0.27,172.00,1.28,0.367647
rmsnorm,autotune,bf16,K=3584,1,1,0.0847,0.0861,0.0074,0.0205,0.0082,0.0083,11.43,4.2,10.33,10.32,1.65,177.03,1.22,0.360976
rmsnorm,autotune,bf16,K=4096,1,1,0.0942,0.0941,0.008,0.0207,0.0088,0.0089,11.76,4.55,10.67,10.56,-0.11,158.75,1.14,0.386473
rmsnorm,autotune,bf16,K=4608,1,1,0.1052,0.1052,0.0095,0.0233,0.0106,0.0108,11.07,4.52,9.95,9.7,0.00,145.26,1.89,0.407725
rmsnorm,autotune,bf16,K=512,1,1,0.0263,0.0267,0.0029,0.013,0.0035,0.0032,9.23,2.05,7.49,8.4,1.52,348.28,-8.57,0.223077
rmsnorm,autotune,bf16,K=5120,1,1,0.119,0.1207,0.0101,0.0235,0.0113,0.0112,11.78,5.13,10.55,10.81,1.43,132.67,-0.88,0.429787
rmsnorm,autotune,bf16,K=5632,1,1,0.1343,0.136,0.0109,0.0238,0.0127,0.0126,12.28,5.72,10.59,10.75,1.27,118.35,-0.79,0.457983
rmsnorm,autotune,bf16,K=6144,1,1,0.154,0.154,0.0111,0.0246,0.0129,0.0131,13.85,6.26,11.97,11.76,0.00,121.62,1.55,0.45122
rmsnorm,autotune,bf16,K=6656,1,1,0.1714,0.1722,0.0125,0.0272,0.0142,0.0143,13.68,6.33,12.11,12.07,0.47,117.60,0.70,0.459559
rmsnorm,autotune,bf16,K=7168,1,1,0.1868,0.1869,0.0132,0.0281,0.0149,0.0149,14.11,6.65,12.56,12.52,0.05,112.88,0.00,0.469751
rmsnorm,autotune,bf16,K=7680,1,1,0.2012,0.2013,0.014,0.0287,0.0307,0.0233,14.41,7.02,6.55,8.64,0.05,105.00,-24.10,0.487805
rmsnorm,autotune,bf16,K=8192,1,1,0.1965,0.197,0.0169,0.0288,0.024,0.0241,11.63,6.85,8.2,8.18,0.25,70.41,0.42,0.586806
rmsnorm,autotune,bf16,K=8704,1,1,0.2102,0.2103,0.0162,0.0315,0.0189,0.0189,12.97,6.67,11.11,11.1,0.05,94.44,0.00,0.514286
rmsnorm,autotune,bf16,K=9216,1,1,0.2241,0.2242,0.0172,0.0325,0.0199,0.02,13.01,6.9,11.24,11.21,0.04,88.95,0.50,0.529231
rmsnorm,autotune,bf16,K=9728,1,1,0.2375,0.2369,0.0181,0.0322,0.0218,0.0219,13.15,7.36,10.89,10.84,-0.25,77.90,0.46,0.562112
rmsnorm,autotune,fp16,K=1024,1,1,0.0377,0.0364,0.0034,0.0142,0.0035,0.0036,11.24,2.57,10.71,10.07,-3.45,317.65,2.86,0.239437
rmsnorm,autotune,fp16,K=10240,1,1,0.2507,0.2509,0.0189,0.0324,0.0222,0.0224,13.26,7.74,11.32,11.22,0.08,71.43,0.90,0.583333
rmsnorm,autotune,fp16,K=1536,1,1,0.0471,0.0477,0.0053,0.0162,0.0049,0.0049,8.89,2.95,9.61,9.71,1.27,205.66,0.00,0.32716
rmsnorm,autotune,fp16,K=2048,1,1,0.0552,0.0552,0.0044,0.0162,0.0053,0.0049,12.66,3.41,10.38,11.26,0.00,268.18,-7.55,0.271605
rmsnorm,autotune,fp16,K=2560,1,1,0.0671,0.0668,0.0059,0.0194,0.0073,0.0073,11.41,3.45,9.23,9.21,-0.45,228.81,0.00,0.304124
rmsnorm,autotune,fp16,K=3072,1,1,0.0747,0.0762,0.0075,0.0203,0.008,0.0079,9.96,3.74,9.4,9.69,2.01,170.67,-1.25,0.369458
rmsnorm,autotune,fp16,K=3584,1,1,0.085,0.0857,0.0075,0.0205,0.0083,0.0079,11.35,4.19,10.28,10.83,0.82,173.33,-4.82,0.365854
rmsnorm,autotune,fp16,K=4096,1,1,0.0932,0.0937,0.0078,0.0206,0.0087,0.0087,11.88,4.54,10.73,10.75,0.54,164.10,0.00,0.378641
rmsnorm,autotune,fp16,K=4608,1,1,0.1046,0.1055,0.0097,0.0231,0.0106,0.0106,10.8,4.56,9.91,9.98,0.86,138.14,0.00,0.419913
rmsnorm,autotune,fp16,K=512,1,1,0.0267,0.0267,0.0028,0.013,0.0035,0.003,9.52,2.06,7.61,8.88,0.00,364.29,-14.29,0.215385
rmsnorm,autotune,fp16,K=5120,1,1,0.1186,0.1183,0.0103,0.0234,0.0112,0.0111,11.51,5.06,10.62,10.62,-0.25,127.18,-0.89,0.440171
rmsnorm,autotune,fp16,K=5632,1,1,0.1356,0.135,0.0108,0.0238,0.0123,0.0125,12.51,5.67,11,10.8,-0.44,120.37,1.63,0.453782
rmsnorm,autotune,fp16,K=6144,1,1,0.155,0.1541,0.0113,0.0244,0.013,0.0129,13.77,6.32,11.97,11.95,-0.58,115.93,-0.77,0.463115
rmsnorm,autotune,fp16,K=6656,1,1,0.1694,0.1703,0.0129,0.0272,0.014,0.0143,13.09,6.25,12.1,11.91,0.53,110.85,2.14,0.474265
rmsnorm,autotune,fp16,K=7168,1,1,0.1865,0.1856,0.0151,0.0274,0.0146,0.0146,12.32,6.77,12.8,12.68,-0.48,81.46,0.00,0.551095
rmsnorm,autotune,fp16,K=7680,1,1,0.2011,0.2012,0.0143,0.0284,0.0166,0.0166,14.11,7.08,12.11,12.13,0.05,98.60,0.00,0.503521
rmsnorm,autotune,fp16,K=8192,1,1,0.1969,0.1964,0.0166,0.0288,0.0173,0.0173,11.89,6.83,11.37,11.37,-0.25,73.49,0.00,0.576389
rmsnorm,autotune,fp16,K=8704,1,1,0.2101,0.2099,0.0166,0.0314,0.0193,0.0193,12.66,6.69,10.9,10.85,-0.10,89.16,0.00,0.528662
rmsnorm,autotune,fp16,K=9216,1,1,0.223,0.2235,0.0171,0.0323,0.0199,0.02,13,6.92,11.2,11.2,0.22,88.89,0.50,0.529412
rmsnorm,autotune,fp16,K=9728,1,1,0.2363,0.2362,0.018,0.0322,0.0213,0.0213,13.13,7.35,11.08,11.06,-0.04,78.89,0.00,0.559006
rmsnorm,autotune,fp32,K=1024,1,1,0.0248,0.0245,0.0042,0.0158,0.0039,0.004,5.88,1.55,6.29,6.09,-1.21,276.19,2.56,0.265823
rmsnorm,autotune,fp32,K=10240,1,1,0.1725,0.1731,0.0331,0.0511,0.0428,0.0429,5.22,3.39,4.03,4.04,0.35,54.38,0.23,0.64775
rmsnorm,autotune,fp32,K=1536,1,1,0.0316,0.0319,0.0056,0.0181,0.0056,0.006,5.65,1.77,5.6,5.34,0.95,223.21,7.14,0.309392
rmsnorm,autotune,fp32,K=2048,1,1,0.0377,0.0379,0.0078,0.0187,0.0077,0.0078,4.82,2.03,4.93,4.89,0.53,139.74,1.30,0.417112
rmsnorm,autotune,fp32,K=2560,1,1,0.0459,0.0455,0.0095,0.0217,0.0108,0.0107,4.82,2.1,4.27,4.24,-0.87,128.42,-0.93,0.437788
rmsnorm,autotune,fp32,K=3072,1,1,0.0522,0.0513,0.0108,0.0229,0.012,0.0123,4.83,2.24,4.35,4.16,-1.72,112.04,2.50,0.471616
rmsnorm,autotune,fp32,K=3584,1,1,0.0589,0.0589,0.0124,0.026,0.0128,0.0127,4.77,2.26,4.62,4.65,0.00,109.68,-0.78,0.476923
rmsnorm,autotune,fp32,K=4096,1,1,0.0662,0.0649,0.0145,0.027,0.015,0.0148,4.56,2.4,4.4,4.37,-1.96,86.21,-1.33,0.537037
rmsnorm,autotune,fp32,K=4608,1,1,0.0755,0.075,0.0165,0.0293,0.0171,0.017,4.57,2.56,4.41,4.4,-0.66,77.58,-0.58,0.56314
rmsnorm,autotune,fp32,K=512,1,1,0.0164,0.0171,0.003,0.0133,0.0035,0.0031,5.48,1.28,4.72,5.42,4.27,343.33,-11.43,0.225564
rmsnorm,autotune,fp32,K=5120,1,1,0.0839,0.0848,0.0181,0.0301,0.0193,0.0189,4.63,2.81,4.35,4.49,1.07,66.30,-2.07,0.601329
rmsnorm,autotune,fp32,K=5632,1,1,0.0956,0.0982,0.0189,0.0339,0.0218,0.0224,5.05,2.9,4.37,4.39,2.72,79.37,2.75,0.557522
rmsnorm,autotune,fp32,K=6144,1,1,0.1083,0.1095,0.0204,0.0345,0.0247,0.0245,5.31,3.18,4.39,4.47,1.11,69.12,-0.81,0.591304
rmsnorm,autotune,fp32,K=6656,1,1,0.1212,0.1233,0.0226,0.0397,0.0272,0.0271,5.37,3.11,4.46,4.55,1.73,75.66,-0.37,0.56927
rmsnorm,autotune,fp32,K=7168,1,1,0.134,0.1342,0.0247,0.0409,0.0296,0.0297,5.42,3.28,4.53,4.53,0.15,65.59,0.34,0.603912
rmsnorm,autotune,fp32,K=7680,1,1,0.1445,0.1451,0.0249,0.0416,0.0264,0.0264,5.81,3.49,5.46,5.5,0.42,67.07,0.00,0.598558
rmsnorm,autotune,fp32,K=8192,1,1,0.1371,0.1371,0.0259,0.0422,0.0273,0.0274,5.3,3.25,5.02,5,0.00,62.93,0.37,0.613744
rmsnorm,autotune,fp32,K=8704,1,1,0.1468,0.1468,0.0282,0.0478,0.0371,0.037,5.2,3.07,3.95,3.96,0.00,69.50,-0.27,0.589958
rmsnorm,autotune,fp32,K=9216,1,1,0.1551,0.1556,0.0299,0.049,0.0388,0.0389,5.19,3.18,3.99,4,0.32,63.88,0.26,0.610204
rmsnorm,autotune,fp32,K=9728,1,1,0.1636,0.1638,0.0313,0.0502,0.0412,0.0412,5.23,3.26,3.97,3.98,0.12,60.38,0.00,0.623506
softmax,default,fp16,n_cols=1024,1,1,0.0085,0.0086,0.0041,0.0129,0.0062,0.0062,2.08,0.66,1.38,1.38,1.18,214.63,0.00,0.317829
softmax,default,fp16,n_cols=10240,1,1,0.0449,0.0455,0.0265,0.0395,0.0428,0.0428,1.69,1.15,1.05,1.06,1.34,49.06,0.00,0.670886
softmax,default,fp16,n_cols=1536,1,1,0.018,0.0179,0.0062,0.0145,0.0098,0.0098,2.9,1.23,1.85,1.83,-0.56,133.87,0.00,0.427586
softmax,default,fp16,n_cols=2048,1,1,0.0216,0.0211,0.0064,0.0148,0.0101,0.01,3.38,1.43,2.15,2.1,-2.31,131.25,-0.99,0.432432
softmax,default,fp16,n_cols=2560,1,1,0.0221,0.0222,0.0089,0.0178,0.0139,0.0139,2.5,1.25,1.59,1.6,0.45,100.00,0.00,0.5
softmax,default,fp16,n_cols=3072,1,1,0.0234,0.0235,0.0087,0.0177,0.0138,0.0139,2.68,1.33,1.69,1.69,0.43,103.45,0.72,0.491525
softmax,default,fp16,n_cols=3584,1,1,0.0267,0.0269,0.0115,0.0205,0.018,0.018,2.33,1.31,1.49,1.49,0.75,78.26,0.00,0.560976
softmax,default,fp16,n_cols=4096,1,1,0.0284,0.0285,0.0116,0.0207,0.018,0.018,2.44,1.38,1.57,1.58,0.35,78.45,0.00,0.560386
softmax,default,fp16,n_cols=4608,1,1,0.0455,0.0456,0.0139,0.0239,0.0216,0.0217,3.28,1.91,2.1,2.1,0.22,71.94,0.46,0.58159
softmax,default,fp16,n_cols=512,1,1,0.005,0.0049,0.0038,0.0122,0.006,0.006,1.3,0.4,0.83,0.82,-2.00,221.05,0.00,0.311475
softmax,default,fp16,n_cols=5120,1,1,0.0469,0.047,0.0139,0.0239,0.0218,0.0218,3.37,1.96,2.15,2.15,0.21,71.94,0.00,0.58159
softmax,default,fp16,n_cols=5632,1,1,0.051,0.0511,0.0162,0.0266,0.0253,0.0252,3.14,1.93,2.02,2.03,0.20,64.20,-0.40,0.609023
softmax,default,fp16,n_cols=6144,1,1,0.0523,0.0525,0.0164,0.0265,0.0256,0.0255,3.18,1.98,2.04,2.06,0.38,61.59,-0.39,0.618868
softmax,default,fp16,n_cols=6656,1,1,0.0557,0.0558,0.0186,0.0295,0.0295,0.0294,3,1.89,1.89,1.9,0.18,58.60,-0.34,0.630508
softmax,default,fp16,n_cols=7168,1,1,0.057,0.0571,0.0187,0.0295,0.0297,0.0296,3.04,1.94,1.92,1.93,0.18,57.75,-0.34,0.633898
softmax,default,fp16,n_cols=7680,1,1,0.065,0.0651,0.021,0.0325,0.0338,0.0339,3.09,2.01,1.93,1.92,0.15,54.76,0.30,0.646154
softmax,default,fp16,n_cols=8192,1,1,0.0662,0.0664,0.0213,0.0325,0.0341,0.0341,3.1,2.05,1.94,1.95,0.30,52.58,0.00,0.655385
softmax,default,fp16,n_cols=8704,1,1,0.0652,0.0654,0.0234,0.0362,0.0382,0.0382,2.79,1.81,1.71,1.71,0.31,54.70,0.00,0.646409
softmax,default,fp16,n_cols=9216,1,1,0.0666,0.0668,0.0236,0.0361,0.0382,0.0381,2.82,1.85,1.74,1.75,0.30,52.97,-0.26,0.65374
softmax,default,fp16,n_cols=9728,1,1,0.0445,0.0447,0.0263,0.0391,0.0429,0.0428,1.69,1.14,1.04,1.04,0.45,48.67,-0.23,0.672634
softmax,default,fp32,n_cols=1024,1,1,0.0057,0.0057,0.0044,0.0134,0.0067,0.0067,1.3,0.42,0.85,0.85,0.00,204.55,0.00,0.328358
softmax,default,fp32,n_cols=10240,1,1,0.0499,0.05,0.0416,0.0521,0.0493,0.0494,1.2,0.96,1.01,1.01,0.20,25.24,0.20,0.798464
softmax,default,fp32,n_cols=1536,1,1,0.0122,0.0121,0.0075,0.0159,0.0109,0.011,1.62,0.76,1.11,1.11,-0.82,112.00,0.92,0.471698
softmax,default,fp32,n_cols=2048,1,1,0.0142,0.0143,0.0083,0.0161,0.0116,0.0116,1.72,0.89,1.22,1.23,0.70,93.98,0.00,0.515528
softmax,default,fp32,n_cols=2560,1,1,0.0238,0.0238,0.0107,0.0196,0.0153,0.0154,2.21,1.21,1.55,1.54,0.00,83.18,0.65,0.545918
softmax,default,fp32,n_cols=3072,1,1,0.0253,0.0254,0.0114,0.0198,0.0163,0.0163,2.21,1.28,1.56,1.56,0.40,73.68,0.00,0.575758
softmax,default,fp32,n_cols=3584,1,1,0.028,0.0281,0.0139,0.023,0.0208,0.0207,2.02,1.22,1.35,1.36,0.36,65.47,-0.48,0.604348
softmax,default,fp32,n_cols=4096,1,1,0.0298,0.0299,0.0149,0.0239,0.0214,0.0214,2,1.25,1.39,1.39,0.34,60.40,0.00,0.623431
softmax,default,fp32,n_cols=4608,1,1,0.0471,0.0473,0.0176,0.0277,0.0255,0.0256,2.67,1.71,1.85,1.85,0.42,57.39,0.39,0.635379
softmax,default,fp32,n_cols=512,1,1,0.0038,0.0037,0.0042,0.0132,0.0064,0.0064,0.9,0.28,0.59,0.58,-2.63,214.29,0.00,0.318182
softmax,default,fp32,n_cols=5120,1,1,0.0489,0.0488,0.0187,0.0277,0.0263,0.0263,2.62,1.76,1.86,1.85,-0.20,48.13,0.00,0.67509
softmax,default,fp32,n_cols=5632,1,1,0.0528,0.0528,0.0216,0.0313,0.0302,0.0306,2.44,1.69,1.75,1.73,0.00,44.91,1.32,0.690096
softmax,default,fp32,n_cols=6144,1,1,0.0546,0.0548,0.023,0.0319,0.0315,0.0317,2.37,1.71,1.73,1.73,0.37,38.70,0.63,0.721003
softmax,default,fp32,n_cols=6656,1,1,0.0576,0.0576,0.0258,0.0358,0.0346,0.0347,2.23,1.61,1.66,1.66,0.00,38.76,0.29,0.72067
softmax,default,fp32,n_cols=7168,1,1,0.0589,0.0599,0.0275,0.0365,0.0346,0.0346,2.14,1.64,1.7,1.73,1.70,32.73,0.00,0.753425
softmax,default,fp32,n_cols=7680,1,1,0.0638,0.0647,0.0303,0.0419,0.0389,0.0389,2.11,1.54,1.64,1.66,1.41,38.28,0.00,0.72315
softmax,default,fp32,n_cols=8192,1,1,0.0653,0.0655,0.0321,0.0421,0.039,0.0391,2.03,1.56,1.67,1.68,0.31,31.15,0.26,0.76247
softmax,default,fp32,n_cols=8704,1,1,0.0676,0.0685,0.0353,0.0469,0.044,0.0442,1.92,1.46,1.54,1.55,1.33,32.86,0.45,0.752665
softmax,default,fp32,n_cols=9216,1,1,0.0701,0.0697,0.0374,0.0469,0.0442,0.0443,1.87,1.48,1.59,1.57,-0.57,25.40,0.23,0.797441
softmax,default,fp32,n_cols=9728,1,1,0.0494,0.0497,0.0399,0.0518,0.0489,0.049,1.24,0.96,1.01,1.01,0.61,29.82,0.20,0.77027
softmax,autotune,fp16,n_cols=1024,1,1,0.0085,0.0086,0.0041,0.0124,0.0062,0.0062,2.09,0.69,1.37,1.38,1.18,202.44,0.00,0.330645
softmax,autotune,fp16,n_cols=10240,1,1,0.045,0.0452,0.0226,0.0303,0.0414,0.0413,1.99,1.49,1.09,1.09,0.44,34.07,-0.24,0.745875
softmax,autotune,fp16,n_cols=1536,1,1,0.0173,0.0172,0.0055,0.0136,0.0091,0.0091,3.16,1.26,1.9,1.89,-0.58,147.27,0.00,0.404412
softmax,autotune,fp16,n_cols=2048,1,1,0.0221,0.0221,0.0056,0.0138,0.009,0.009,3.98,1.6,2.45,2.45,0.00,146.43,0.00,0.405797
softmax,autotune,fp16,n_cols=2560,1,1,0.0218,0.0219,0.0089,0.0169,0.0138,0.0137,2.44,1.29,1.58,1.59,0.46,89.89,-0.72,0.526627
softmax,autotune,fp16,n_cols=3072,1,1,0.024,0.024,0.0096,0.0169,0.0141,0.0141,2.49,1.42,1.71,1.71,0.00,76.04,0.00,0.568047
softmax,autotune,fp16,n_cols=3584,1,1,0.027,0.0271,0.01,0.0169,0.017,0.0171,2.7,1.6,1.59,1.59,0.37,69.00,0.59,0.591716
softmax,autotune,fp16,n_cols=4096,1,1,0.0286,0.0286,0.0102,0.0171,0.0172,0.0173,2.8,1.67,1.66,1.65,0.00,67.65,0.58,0.596491
softmax,autotune,fp16,n_cols=4608,1,1,0.0455,0.0453,0.0138,0.0213,0.0218,0.0217,3.29,2.13,2.09,2.09,-0.44,54.35,-0.46,0.647887
softmax,autotune,fp16,n_cols=512,1,1,0.0049,0.005,0.0032,0.0116,0.005,0.005,1.55,0.43,0.99,0.99,2.04,262.50,0.00,0.275862
softmax,autotune,fp16,n_cols=5120,1,1,0.047,0.047,0.0139,0.0214,0.0217,0.0218,3.37,2.19,2.16,2.15,0.00,53.96,0.46,0.649533
softmax,autotune,fp16,n_cols=5632,1,1,0.051,0.051,0.0142,0.0215,0.0236,0.0237,3.6,2.37,2.17,2.15,0.00,51.41,0.42,0.660465
softmax,autotune,fp16,n_cols=6144,1,1,0.0525,0.0524,0.0143,0.0217,0.0239,0.024,3.67,2.41,2.2,2.18,-0.19,51.75,0.42,0.658986
softmax,autotune,fp16,n_cols=6656,1,1,0.0557,0.0556,0.0178,0.0256,0.0293,0.0293,3.13,2.17,1.9,1.9,-0.18,43.82,0.00,0.695312
softmax,autotune,fp16,n_cols=7168,1,1,0.0571,0.057,0.018,0.0257,0.0297,0.0298,3.18,2.22,1.92,1.91,-0.18,42.78,0.34,0.700389
softmax,autotune,fp16,n_cols=7680,1,1,0.0651,0.0651,0.0183,0.0258,0.0321,0.0321,3.56,2.53,2.03,2.03,0.00,40.98,0.00,0.709302
softmax,autotune,fp16,n_cols=8192,1,1,0.0663,0.0664,0.0184,0.0259,0.0324,0.0324,3.61,2.57,2.05,2.05,0.15,40.76,0.00,0.710425
softmax,autotune,fp16,n_cols=8704,1,1,0.0653,0.0653,0.0219,0.0301,0.0383,0.0383,2.98,2.17,1.7,1.7,0.00,37.44,0.00,0.727575
softmax,autotune,fp16,n_cols=9216,1,1,0.0667,0.0666,0.0221,0.0301,0.0381,0.0383,3.01,2.21,1.75,1.74,-0.15,36.20,0.52,0.734219
softmax,autotune,fp16,n_cols=9728,1,1,0.0445,0.0443,0.0224,0.0303,0.0413,0.0414,1.98,1.46,1.08,1.07,-0.45,35.27,0.24,0.739274
softmax,autotune,fp32,n_cols=1024,1,1,0.0056,0.0056,0.0053,0.0134,0.0067,0.0067,1.05,0.42,0.84,0.84,0.00,152.83,0.00,0.395522
softmax,autotune,fp32,n_cols=10240,1,1,0.0501,0.05,0.0357,0.0471,0.0442,0.0442,1.4,1.06,1.13,1.13,-0.20,31.93,0.00,0.757962
softmax,autotune,fp32,n_cols=1536,1,1,0.0117,0.0117,0.0064,0.015,0.0097,0.0097,1.84,0.78,1.21,1.21,0.00,134.38,0.00,0.426667
softmax,autotune,fp32,n_cols=2048,1,1,0.0141,0.0141,0.0081,0.0162,0.0104,0.0104,1.73,0.87,1.36,1.36,0.00,100.00,0.00,0.5
softmax,autotune,fp32,n_cols=2560,1,1,0.0239,0.0238,0.0107,0.0196,0.0154,0.0154,2.23,1.21,1.55,1.55,-0.42,83.18,0.00,0.545918
softmax,autotune,fp32,n_cols=3072,1,1,0.0255,0.0255,0.012,0.0198,0.0163,0.0164,2.12,1.29,1.57,1.56,0.00,65.00,0.61,0.606061
softmax,autotune,fp32,n_cols=3584,1,1,0.0281,0.0278,0.0127,0.0218,0.0189,0.019,2.22,1.28,1.49,1.47,-1.07,71.65,0.53,0.582569
softmax,autotune,fp32,n_cols=4096,1,1,0.0295,0.0294,0.0136,0.0226,0.0198,0.0198,2.17,1.3,1.49,1.49,-0.34,66.18,0.00,0.60177
softmax,autotune,fp32,n_cols=4608,1,1,0.0478,0.0475,0.0171,0.0271,0.0253,0.0255,2.8,1.75,1.89,1.87,-0.63,58.48,0.79,0.630996
softmax,autotune,fp32,n_cols=512,1,1,0.0037,0.0037,0.0033,0.0119,0.0052,0.0052,1.13,0.31,0.71,0.72,0.00,260.61,0.00,0.277311
softmax,autotune,fp32,n_cols=5120,1,1,0.0493,0.0492,0.0183,0.028,0.0263,0.0262,2.7,1.75,1.88,1.88,-0.20,53.01,-0.38,0.653571
softmax,autotune,fp32,n_cols=5632,1,1,0.0529,0.0533,0.0195,0.0289,0.0279,0.0278,2.71,1.85,1.9,1.92,0.76,48.21,-0.36,0.67474
softmax,autotune,fp32,n_cols=6144,1,1,0.0544,0.0546,0.0212,0.0298,0.029,0.0291,2.57,1.83,1.88,1.87,0.37,40.57,0.34,0.711409
softmax,autotune,fp32,n_cols=6656,1,1,0.0584,0.0587,0.0243,0.0351,0.0345,0.0345,2.41,1.67,1.69,1.7,0.51,44.44,0.00,0.692308
softmax,autotune,fp32,n_cols=7168,1,1,0.0594,0.0596,0.0259,0.0367,0.0345,0.0347,2.29,1.62,1.72,1.72,0.34,41.70,0.58,0.705722
softmax,autotune,fp32,n_cols=7680,1,1,0.0639,0.0641,0.0265,0.0377,0.0349,0.0349,2.41,1.7,1.83,1.84,0.31,42.26,0.00,0.702918
softmax,autotune,fp32,n_cols=8192,1,1,0.0657,0.0656,0.0275,0.0391,0.0352,0.0352,2.39,1.68,1.87,1.87,-0.15,42.18,0.00,0.703325
softmax,autotune,fp32,n_cols=8704,1,1,0.0681,0.0688,0.0322,0.0451,0.044,0.044,2.12,1.53,1.55,1.56,1.03,40.06,0.00,0.713969
softmax,autotune,fp32,n_cols=9216,1,1,0.071,0.0708,0.0331,0.0454,0.0443,0.0442,2.15,1.56,1.6,1.6,-0.28,37.16,-0.23,0.729075
softmax,autotune,fp32,n_cols=9728,1,1,0.0497,0.0497,0.0343,0.0458,0.0436,0.0438,1.45,1.09,1.14,1.14,0.00,33.53,0.46,0.748908
streamk_matmul,default,bf16,"m=1024, n=11008",1,1,0.0781,0.0808,0.2029,0.1468,1.1251,1.1245,0.39,0.55,0.07,0.07,3.46,-27.65,-0.05,1.38215
streamk_matmul,default,bf16,"m=1024, n=14336",1,1,0.0854,0.0852,0.2275,0.1842,1.3035,1.3109,0.38,0.46,0.07,0.06,-0.23,-19.03,0.57,1.23507
streamk_matmul,default,bf16,"m=1024, n=28672",1,1,0.1625,0.1629,0.3839,0.3223,2.2448,2.2664,0.42,0.51,0.07,0.07,0.25,-16.05,0.96,1.19113
streamk_matmul,default,bf16,"m=1024, n=4096",1,1,0.0258,0.026,0.1042,0.0899,0.5258,0.527,0.25,0.29,0.05,0.05,0.78,-13.72,0.23,1.15907
streamk_matmul,default,bf16,"m=1024, n=5120",1,1,0.0324,0.0315,0.1305,0.1085,0.7041,0.7087,0.25,0.29,0.05,0.04,-2.78,-16.86,0.65,1.20276
streamk_matmul,default,bf16,"m=2048, n=11008",1,1,0.1118,0.1116,0.3057,0.2533,1.836,1.829,0.37,0.44,0.06,0.06,-0.18,-17.14,-0.38,1.20687
streamk_matmul,default,bf16,"m=2048, n=14336",1,1,0.1544,0.1537,0.3865,0.3337,2.2403,2.2462,0.4,0.46,0.07,0.07,-0.45,-13.66,0.26,1.15823
streamk_matmul,default,bf16,"m=2048, n=28672",1,1,0.2943,0.2952,0.6984,0.6313,4.031,4.0382,0.42,0.47,0.07,0.07,0.31,-9.61,0.18,1.10629
streamk_matmul,default,bf16,"m=2048, n=4096",1,1,0.0454,0.0456,0.1487,0.1182,0.8889,0.8792,0.31,0.39,0.05,0.05,0.44,-20.51,-1.09,1.25804
streamk_matmul,default,bf16,"m=2048, n=5120",1,1,0.0518,0.0519,0.1836,0.1319,1.0243,1.0227,0.28,0.39,0.05,0.05,0.19,-28.16,-0.16,1.39196
streamk_matmul,default,bf16,"m=4096, n=11008",1,1,0.2268,0.2263,0.5575,0.4814,3.2015,3.2063,0.41,0.47,0.07,0.07,-0.22,-13.65,0.15,1.15808
streamk_matmul,default,bf16,"m=4096, n=14336",1,1,0.2958,0.2953,0.6999,0.6592,3.9988,3.9945,0.42,0.45,0.07,0.07,-0.17,-5.82,-0.11,1.06174
streamk_matmul,default,bf16,"m=4096, n=28672",1,1,0.5983,0.5991,1.4251,1.2242,7.5839,7.5849,0.42,0.49,0.08,0.08,0.13,-14.10,0.01,1.16411
streamk_matmul,default,bf16,"m=4096, n=4096",1,1,0.0872,0.0871,0.2533,0.21,1.3707,1.3714,0.34,0.41,0.06,0.06,-0.11,-17.09,0.05,1.20619
streamk_matmul,default,bf16,"m=4096, n=5120",1,1,0.1089,0.1088,0.2992,0.253,1.6899,1.6875,0.36,0.43,0.06,0.06,-0.09,-15.44,-0.14,1.18261
streamk_matmul,default,bf16,"m=8192, n=11008",1,1,0.4499,0.4499,1.075,0.9728,5.8619,5.8496,0.42,0.46,0.08,0.08,0.00,-9.51,-0.21,1.10506
streamk_matmul,default,bf16,"m=8192, n=14336",1,1,0.6028,0.6014,1.395,1.2665,7.5119,7.5049,0.43,0.47,0.08,0.08,-0.23,-9.21,-0.09,1.10146
streamk_matmul,default,bf16,"m=8192, n=28672",1,1,1.2465,1.2768,2.757,2.5471,14.635,14.6317,0.45,0.5,0.09,0.09,2.43,-7.61,-0.02,1.08241
streamk_matmul,default,bf16,"m=8192, n=4096",1,1,0.1654,0.1648,0.4069,0.3619,2.2145,2.2098,0.41,0.46,0.07,0.07,-0.36,-11.06,-0.21,1.12434
streamk_matmul,default,bf16,"m=8192, n=5120",1,1,0.21,0.2088,0.5074,0.4445,2.8368,2.8517,0.41,0.47,0.07,0.07,-0.57,-12.40,0.53,1.14151
streamk_matmul,default,fp16,"m=1024, n=11008",1,1,0.0791,0.0799,0.2029,0.147,1.1284,1.1243,0.39,0.54,0.07,0.07,1.01,-27.55,-0.36,1.38027
streamk_matmul,default,fp16,"m=1024, n=14336",1,1,0.0864,0.0862,0.2285,0.1851,1.3054,1.3122,0.38,0.47,0.07,0.07,-0.23,-18.99,0.52,1.23447
streamk_matmul,default,fp16,"m=1024, n=28672",1,1,0.1694,0.1695,0.3853,0.3377,2.2548,2.2657,0.44,0.5,0.08,0.07,0.06,-12.35,0.48,1.14095
streamk_matmul,default,fp16,"m=1024, n=4096",1,1,0.0259,0.0262,0.1039,0.0904,0.5269,0.5278,0.25,0.29,0.05,0.05,1.16,-12.99,0.17,1.14934
streamk_matmul,default,fp16,"m=1024, n=5120",1,1,0.0319,0.032,0.131,0.1088,0.7031,0.7094,0.24,0.29,0.05,0.05,0.31,-16.95,0.90,1.20404
streamk_matmul,default,fp16,"m=2048, n=11008",1,1,0.1169,0.1165,0.3059,0.2524,1.8319,1.836,0.38,0.46,0.06,0.06,-0.34,-17.49,0.22,1.21197
streamk_matmul,default,fp16,"m=2048, n=14336",1,1,0.1614,0.1614,0.3884,0.3403,2.2397,2.2483,0.42,0.47,0.07,0.07,0.00,-12.38,0.38,1.14135
streamk_matmul,default,fp16,"m=2048, n=28672",1,1,0.3089,0.3084,0.7118,0.6313,4.029,4.0412,0.43,0.49,0.08,0.08,-0.16,-11.31,0.30,1.12751
streamk_matmul,default,fp16,"m=2048, n=4096",1,1,0.046,0.0461,0.1481,0.1191,0.887,0.881,0.31,0.39,0.05,0.05,0.22,-19.58,-0.68,1.24349
streamk_matmul,default,fp16,"m=2048, n=5120",1,1,0.0533,0.0534,0.1833,0.1318,1.0267,1.0228,0.29,0.4,0.05,0.05,0.19,-28.10,-0.38,1.39074
streamk_matmul,default,fp16,"m=4096, n=11008",1,1,0.2369,0.2351,0.5712,0.4866,3.2,3.2054,0.41,0.48,0.07,0.07,-0.76,-14.81,0.17,1.17386
streamk_matmul,default,fp16,"m=4096, n=14336",1,1,0.3089,0.3111,0.7043,0.6512,3.9996,3.997,0.44,0.48,0.08,0.08,0.71,-7.54,-0.07,1.08154
streamk_matmul,default,fp16,"m=4096, n=28672",1,1,0.6298,0.6179,1.4144,1.3602,7.5895,7.5895,0.45,0.45,0.08,0.08,-1.89,-3.83,0.00,1.03985
streamk_matmul,default,fp16,"m=4096, n=4096",1,1,0.0901,0.0899,0.2543,0.214,1.3749,1.3706,0.35,0.42,0.07,0.07,-0.22,-15.85,-0.31,1.18832
streamk_matmul,default,fp16,"m=4096, n=5120",1,1,0.1126,0.1129,0.2987,0.2562,1.6851,1.6821,0.38,0.44,0.07,0.07,0.27,-14.23,-0.18,1.16589
streamk_matmul,default,fp16,"m=8192, n=11008",1,1,0.479,0.4721,1.1143,0.9885,5.864,5.8469,0.43,0.48,0.08,0.08,-1.44,-11.29,-0.29,1.12726
streamk_matmul,default,fp16,"m=8192, n=14336",1,1,0.6254,0.602,1.4301,1.3269,7.5114,7.5174,0.44,0.45,0.08,0.08,-3.74,-7.22,0.08,1.07778
streamk_matmul,default,fp16,"m=8192, n=28672",1,1,1.3241,1.3221,2.8249,2.6791,14.656,14.6359,0.47,0.49,0.09,0.09,-0.15,-5.16,-0.14,1.05442
streamk_matmul,default,fp16,"m=8192, n=4096",1,1,0.1728,0.1722,0.409,0.3689,2.2134,2.2108,0.42,0.47,0.08,0.08,-0.35,-9.80,-0.12,1.1087
streamk_matmul,default,fp16,"m=8192, n=5120",1,1,0.2197,0.2188,0.5104,0.4887,2.8426,2.8547,0.43,0.45,0.08,0.08,-0.41,-4.25,0.43,1.0444
streamk_matmul,default,fp32,"m=1024, n=11008",1,1,1.5464,1.5457,0.8922,0.9035,1.3376,1.3394,1.73,1.71,1.16,1.15,-0.05,1.27,0.13,0.987493
streamk_matmul,default,fp32,"m=1024, n=14336",1,1,2.0139,2.0075,1.1418,1.1764,1.4366,1.4453,1.76,1.71,1.4,1.39,-0.32,3.03,0.61,0.970588
streamk_matmul,default,fp32,"m=1024, n=28672",1,1,3.8487,3.8589,2.2326,2.339,2.5091,2.5281,1.72,1.65,1.53,1.53,0.27,4.77,0.76,0.95451
streamk_matmul,default,fp32,"m=1024, n=4096",1,1,0.6039,0.6021,0.3463,0.3444,0.5678,0.5695,1.74,1.75,1.06,1.06,-0.30,-0.55,0.30,1.00552
streamk_matmul,default,fp32,"m=1024, n=5120",1,1,0.784,0.7794,0.4417,0.428,0.794,0.7968,1.78,1.82,0.99,0.98,-0.59,-3.10,0.35,1.03201
streamk_matmul,default,fp32,"m=2048, n=11008",1,1,2.939,2.9246,1.7298,1.7981,2.0899,2.082,1.7,1.63,1.41,1.4,-0.49,3.95,-0.38,0.962015
streamk_matmul,default,fp32,"m=2048, n=14336",1,1,3.8647,3.8464,2.2346,2.3389,2.5117,2.5216,1.73,1.64,1.54,1.53,-0.47,4.67,0.39,0.955406
streamk_matmul,default,fp32,"m=2048, n=28672",1,1,7.6913,7.8219,4.409,4.6639,4.5327,4.5212,1.74,1.68,1.7,1.73,1.70,5.78,-0.25,0.945346
streamk_matmul,default,fp32,"m=2048, n=4096",1,1,1.236,1.2364,0.6769,0.6753,1.0686,1.0527,1.83,1.83,1.16,1.17,0.03,-0.24,-1.49,1.00237
streamk_matmul,default,fp32,"m=2048, n=5120",1,1,1.3968,1.3902,0.8337,0.8429,1.2081,1.2006,1.68,1.65,1.16,1.16,-0.47,1.10,-0.62,0.989085
streamk_matmul,default,fp32,"m=4096, n=11008",1,1,5.8577,5.8541,3.3991,3.5822,3.6527,3.6638,1.72,1.63,1.6,1.6,-0.06,5.39,0.30,0.948886
streamk_matmul,default,fp32,"m=4096, n=14336",1,1,7.558,7.5274,4.4107,4.6622,4.5278,4.5165,1.71,1.61,1.67,1.67,-0.40,5.70,-0.25,0.946056
streamk_matmul,default,fp32,"m=4096, n=28672",1,1,14.8527,14.8028,8.754,9.3055,8.4807,8.4726,1.7,1.59,1.75,1.75,-0.34,6.30,-0.10,0.940734
streamk_matmul,default,fp32,"m=4096, n=4096",1,1,2.1639,2.1573,1.2992,1.3378,1.7241,1.7273,1.67,1.61,1.26,1.25,-0.31,2.97,0.19,0.971147
streamk_matmul,default,fp32,"m=4096, n=5120",1,1,2.7843,2.7745,1.6152,1.6712,2.0061,1.9908,1.72,1.66,1.39,1.39,-0.35,3.47,-0.76,0.966491
streamk_matmul,default,fp32,"m=8192, n=11008",1,1,11.3229,11.3215,6.7379,7.1536,6.6199,6.6032,1.68,1.58,1.71,1.71,-0.01,6.17,-0.25,0.941889
streamk_matmul,default,fp32,"m=8192, n=14336",1,1,14.8035,14.7656,8.7579,9.3106,8.5,8.4848,1.69,1.59,1.74,1.74,-0.26,6.31,-0.18,0.940638
streamk_matmul,default,fp32,"m=8192, n=28672",1,1,29.1832,29.1836,17.4414,18.5906,16.3542,16.3426,1.67,1.57,1.78,1.79,0.00,6.59,-0.07,0.938184
streamk_matmul,default,fp32,"m=8192, n=4096",1,1,4.3209,4.311,2.5451,2.667,2.8765,2.8771,1.7,1.62,1.5,1.5,-0.23,4.79,0.02,0.954293
streamk_matmul,default,fp32,"m=8192, n=5120",1,1,5.3991,5.3775,3.1696,3.3341,3.3612,3.3479,1.7,1.61,1.61,1.61,-0.40,5.19,-0.40,0.950661
streamk_matmul,autotune,bf16,"m=1024, n=11008",1,1,0.0787,0.0789,0.2198,0.2424,1.1256,1.1275,0.36,0.33,0.07,0.07,0.25,10.28,0.17,0.906766
streamk_matmul,autotune,bf16,"m=1024, n=14336",1,1,0.0855,0.0853,0.2751,0.3043,1.3046,1.3087,0.31,0.28,0.07,0.07,-0.23,10.61,0.31,0.904042
streamk_matmul,autotune,bf16,"m=1024, n=28672",1,1,0.1629,0.1621,0.4799,0.4816,2.2416,2.262,0.34,0.34,0.07,0.07,-0.49,0.35,0.91,0.99647
streamk_matmul,autotune,bf16,"m=1024, n=4096",1,1,0.0257,0.0259,0.1269,0.1126,0.526,0.5275,0.2,0.23,0.05,0.05,0.78,-11.27,0.29,1.127
streamk_matmul,autotune,bf16,"m=1024, n=5120",1,1,0.032,0.0316,0.1346,0.0996,0.7256,1.7306,0.24,0.32,0.04,0.02,-1.25,-26.00,138.51,1.35141
streamk_matmul,autotune,bf16,"m=2048, n=11008",1,1,0.1113,0.1112,0.4144,0.2893,1.8246,1.8317,0.27,0.38,0.06,0.06,-0.09,-30.19,0.39,1.43242
streamk_matmul,autotune,bf16,"m=2048, n=14336",1,1,0.1538,0.1532,0.4778,0.472,2.2323,2.2444,0.32,0.32,0.07,0.07,-0.39,-1.21,0.54,1.01229
streamk_matmul,autotune,bf16,"m=2048, n=28672",1,1,0.2963,0.2949,0.9214,0.6916,4.03,4.0351,0.32,0.43,0.07,0.07,-0.47,-24.94,0.13,1.33227
streamk_matmul,autotune,bf16,"m=2048, n=4096",1,1,0.0457,0.0456,0.1712,0.1258,0.8919,0.8789,0.27,0.36,0.05,0.05,-0.22,-26.52,-1.46,1.36089
streamk_matmul,autotune,bf16,"m=2048, n=5120",1,1,0.0517,0.0517,0.2167,0.1416,1.0283,1.0223,0.24,0.37,0.05,0.05,0.00,-34.66,-0.58,1.53037
streamk_matmul,autotune,bf16,"m=4096, n=11008",1,1,0.2268,0.2248,0.7166,0.7066,3.1942,3.2002,0.32,0.32,0.07,0.07,-0.88,-1.40,0.19,1.01415
streamk_matmul,autotune,bf16,"m=4096, n=14336",1,1,0.2954,0.2934,0.9227,0.8882,3.996,4.0003,0.32,0.33,0.07,0.07,-0.68,-3.74,0.11,1.03884
streamk_matmul,autotune,bf16,"m=4096, n=28672",1,1,0.6041,0.6086,1.8418,1.3647,7.5808,7.5865,0.33,0.45,0.08,0.08,0.74,-25.90,0.08,1.3496
streamk_matmul,autotune,bf16,"m=4096, n=4096",1,1,0.0871,0.0868,0.3049,0.2918,1.3713,1.3779,0.29,0.3,0.06,0.06,-0.34,-4.30,0.48,1.04489
streamk_matmul,autotune,bf16,"m=4096, n=5120",1,1,0.1086,0.1083,0.3414,0.3428,1.6884,1.6823,0.32,0.32,0.06,0.06,-0.28,0.41,-0.36,0.995916
streamk_matmul,autotune,bf16,"m=8192, n=11008",1,1,0.4475,0.4521,1.2901,1.033,5.856,5.8477,0.35,0.44,0.08,0.08,1.03,-19.93,-0.14,1.24889
streamk_matmul,autotune,bf16,"m=8192, n=14336",1,1,0.5966,0.5937,1.6546,1.3756,7.5046,7.5115,0.36,0.43,0.08,0.08,-0.49,-16.86,0.09,1.20282
streamk_matmul,autotune,bf16,"m=8192, n=28672",1,1,1.2806,1.2479,3.7172,3.5033,14.6436,14.6401,0.34,0.36,0.09,0.09,-2.55,-5.75,-0.02,1.06106
streamk_matmul,autotune,bf16,"m=8192, n=4096",1,1,0.164,0.164,0.5009,0.4769,2.2054,2.2082,0.33,0.34,0.07,0.07,0.00,-4.79,0.13,1.05033
streamk_matmul,autotune,bf16,"m=8192, n=5120",1,1,0.2089,0.2076,0.6447,0.486,2.8382,2.8532,0.32,0.43,0.07,0.07,-0.62,-24.62,0.53,1.32654
streamk_matmul,autotune,fp16,"m=1024, n=11008",1,1,0.0789,0.0802,0.2201,0.2423,1.1294,1.1248,0.36,0.33,0.07,0.07,1.65,10.09,-0.41,0.908378
streamk_matmul,autotune,fp16,"m=1024, n=14336",1,1,0.0864,0.0861,0.2758,0.301,1.3066,1.3104,0.31,0.29,0.07,0.07,-0.35,9.14,0.29,0.916279
streamk_matmul,autotune,fp16,"m=1024, n=28672",1,1,0.1696,0.1691,0.4871,0.4803,2.2491,2.2614,0.35,0.35,0.08,0.07,-0.29,-1.40,0.55,1.01416
streamk_matmul,autotune,fp16,"m=1024, n=4096",1,1,0.0259,0.0261,0.1268,0.1128,0.5265,0.5276,0.2,0.23,0.05,0.05,0.77,-11.04,0.21,1.12411
streamk_matmul,autotune,fp16,"m=1024, n=5120",1,1,0.0322,0.0319,0.1347,0.0995,0.7303,0.7517,0.24,0.32,0.04,0.04,-0.93,-26.13,2.93,1.35377
streamk_matmul,autotune,fp16,"m=2048, n=11008",1,1,0.1165,0.1161,0.4167,0.2901,1.8287,1.8301,0.28,0.4,0.06,0.06,-0.34,-30.38,0.08,1.4364
streamk_matmul,autotune,fp16,"m=2048, n=14336",1,1,0.1617,0.1606,0.4813,0.4756,2.2349,2.2448,0.34,0.34,0.07,0.07,-0.68,-1.18,0.44,1.01198
streamk_matmul,autotune,fp16,"m=2048, n=28672",1,1,0.3093,0.3078,0.8682,0.9184,4.026,4.0362,0.36,0.34,0.08,0.08,-0.48,5.78,0.25,0.94534
streamk_matmul,autotune,fp16,"m=2048, n=4096",1,1,0.0462,0.0462,0.1692,0.126,0.8861,0.8772,0.27,0.37,0.05,0.05,0.00,-25.53,-1.00,1.34286
streamk_matmul,autotune,fp16,"m=2048, n=5120",1,1,0.0534,0.0531,0.2177,0.1418,1.0314,1.023,0.25,0.37,0.05,0.05,-0.56,-34.86,-0.81,1.53526
streamk_matmul,autotune,fp16,"m=4096, n=11008",1,1,0.2365,0.2351,0.7271,0.7513,3.1983,3.2035,0.33,0.31,0.07,0.07,-0.59,3.33,0.16,0.967789
streamk_matmul,autotune,fp16,"m=4096, n=14336",1,1,0.3073,0.3066,0.9398,0.6763,3.9971,4.0044,0.33,0.45,0.08,0.08,-0.23,-28.04,0.18,1.38962
streamk_matmul,autotune,fp16,"m=4096, n=28672",1,1,0.6364,0.6367,1.8943,1.7755,7.5814,7.5879,0.34,0.36,0.08,0.08,0.05,-6.27,0.09,1.06691
streamk_matmul,autotune,fp16,"m=4096, n=4096",1,1,0.0899,0.0895,0.3056,0.2926,1.3689,1.3744,0.29,0.31,0.07,0.07,-0.44,-4.25,0.40,1.04443
streamk_matmul,autotune,fp16,"m=4096, n=5120",1,1,0.1124,0.112,0.3432,0.3423,1.6832,1.6839,0.33,0.33,0.07,0.07,-0.36,-0.26,0.04,1.00263
streamk_matmul,autotune,fp16,"m=8192, n=11008",1,1,0.4717,0.4738,1.3076,1.3963,5.8624,5.8422,0.36,0.34,0.08,0.08,0.45,6.78,-0.34,0.936475
streamk_matmul,autotune,fp16,"m=8192, n=14336",1,1,0.6229,0.6354,1.6839,1.35,7.5212,7.5183,0.37,0.47,0.08,0.08,2.01,-19.83,-0.04,1.24733
streamk_matmul,autotune,fp16,"m=8192, n=28672",1,1,1.2921,1.2992,3.3491,3.5002,14.6504,14.6482,0.39,0.37,0.09,0.09,0.55,4.51,-0.02,0.956831
streamk_matmul,autotune,fp16,"m=8192, n=4096",1,1,0.1724,0.1715,0.5058,0.4814,2.2127,2.2196,0.34,0.36,0.08,0.08,-0.52,-4.82,0.31,1.05069
streamk_matmul,autotune,fp16,"m=8192, n=5120",1,1,0.2174,0.2171,0.6551,0.4885,2.8432,2.8604,0.33,0.44,0.08,0.08,-0.14,-25.43,0.60,1.34104
streamk_matmul,autotune,fp32,"m=1024, n=11008",1,1,1.5457,1.5458,1.6181,1.7205,1.3412,1.3384,0.96,0.9,1.15,1.15,0.01,6.33,-0.21,0.940482
streamk_matmul,autotune,fp32,"m=1024, n=14336",1,1,2.0142,2.008,2.1062,1.2498,1.4417,1.4496,0.96,1.61,1.4,1.39,-0.31,-40.66,0.55,1.68523
streamk_matmul,autotune,fp32,"m=1024, n=28672",1,1,3.8495,3.8553,4.2062,2.4859,2.5143,2.5263,0.92,1.55,1.53,1.53,0.15,-40.90,0.48,1.69202
streamk_matmul,autotune,fp32,"m=1024, n=4096",1,1,0.6044,0.602,0.3397,0.366,0.5662,0.5702,1.78,1.64,1.07,1.06,-0.40,7.74,0.71,0.928142
streamk_matmul,autotune,fp32,"m=1024, n=5120",1,1,0.7824,0.7794,0.4352,0.3998,0.7705,1.4937,1.8,1.95,1.02,0.52,-0.38,-8.13,93.86,1.08854
streamk_matmul,autotune,fp32,"m=2048, n=11008",1,1,2.9388,2.9253,1.7304,1.9102,2.0875,2.0851,1.7,1.53,1.41,1.4,-0.46,10.39,-0.11,0.905874
streamk_matmul,autotune,fp32,"m=2048, n=14336",1,1,3.865,3.8472,4.2061,2.5387,2.5195,2.5302,0.92,1.52,1.53,1.52,-0.46,-39.64,0.42,1.65679
streamk_matmul,autotune,fp32,"m=2048, n=28672",1,1,7.6482,7.8042,4.4437,5.0633,4.5177,4.5266,1.72,1.54,1.69,1.72,2.04,13.94,0.20,0.877629
streamk_matmul,autotune,fp32,"m=2048, n=4096",1,1,1.2359,1.2365,0.6742,0.6226,1.0708,1.0548,1.83,1.99,1.15,1.17,0.05,-7.65,-1.49,1.08288
streamk_matmul,autotune,fp32,"m=2048, n=5120",1,1,1.3961,1.3903,0.8272,0.8953,1.1951,1.1995,1.69,1.55,1.17,1.16,-0.42,8.23,0.37,0.923936
streamk_matmul,autotune,fp32,"m=4096, n=11008",1,1,5.858,5.8544,6.4322,6.776,3.655,3.6681,0.91,0.86,1.6,1.6,-0.06,5.34,0.36,0.949262
streamk_matmul,autotune,fp32,"m=4096, n=14336",1,1,7.5573,7.5276,4.4443,4.9587,4.5225,4.5205,1.7,1.52,1.67,1.67,-0.39,11.57,-0.04,0.896263
streamk_matmul,autotune,fp32,"m=4096, n=28672",1,1,14.8229,14.8323,8.8408,9.8957,8.4922,8.4777,1.68,1.5,1.75,1.75,0.06,11.93,-0.17,0.893398
streamk_matmul,autotune,fp32,"m=4096, n=4096",1,1,2.1642,2.1577,2.4067,2.5614,1.7267,1.722,0.9,0.84,1.25,1.25,-0.30,6.43,-0.27,0.939603
streamk_matmul,autotune,fp32,"m=4096, n=5120",1,1,2.7845,2.7761,3.0137,3.1687,1.9985,1.9951,0.92,0.88,1.39,1.39,-0.30,5.14,-0.17,0.951084
streamk_matmul,autotune,fp32,"m=8192, n=11008",1,1,11.3228,11.3219,6.7891,7.6038,6.616,6.6052,1.67,1.49,1.71,1.71,-0.01,12.00,-0.16,0.892856
streamk_matmul,autotune,fp32,"m=8192, n=14336",1,1,14.7823,14.7409,8.8415,9.8996,8.5009,8.4958,1.67,1.49,1.74,1.74,-0.28,11.97,-0.06,0.893117
streamk_matmul,autotune,fp32,"m=8192, n=28672",1,1,29.1834,29.1836,33.4276,33.9305,16.3418,16.3434,0.87,0.86,1.79,1.79,0.00,1.50,0.01,0.985179
streamk_matmul,autotune,fp32,"m=8192, n=4096",1,1,4.321,4.3117,4.7887,5.0599,2.8689,2.8869,0.9,0.85,1.51,1.49,-0.22,5.66,0.63,0.946402
streamk_matmul,autotune,fp32,"m=8192, n=5120",1,1,5.3987,5.3777,3.1873,3.5449,3.3547,3.3451,1.69,1.52,1.61,1.61,-0.39,11.22,-0.29,0.899123
weight_dequant,default,bf16,M=1024,1,1,0.0397,0.0396,0.0026,0.0075,0.0051,0.0051,15.43,5.3,7.82,7.78,-0.25,188.46,0.00,0.346667
weight_dequant,default,bf16,M=10240,1,1,2.0551,2.0614,0.0719,0.3635,0.3305,0.331,28.59,5.67,6.22,6.23,0.31,405.56,0.15,0.197799
weight_dequant,default,bf16,M=1536,1,1,0.06,0.0601,0.0042,0.0132,0.0095,0.0096,14.45,4.56,6.28,6.26,0.17,214.29,1.05,0.318182
weight_dequant,default,bf16,M=2048,1,1,0.0868,0.0875,0.0045,0.0189,0.0154,0.0155,19.1,4.63,5.64,5.65,0.81,320.00,0.65,0.238095
weight_dequant,default,bf16,M=2560,1,1,0.1369,0.1376,0.0086,0.0273,0.0231,0.0232,15.93,5.04,5.92,5.94,0.51,217.44,0.43,0.315018
weight_dequant,default,bf16,M=3072,1,1,0.1982,0.1995,0.009,0.0381,0.0324,0.0325,22.08,5.24,6.11,6.13,0.66,323.33,0.31,0.23622
weight_dequant,default,bf16,M=3584,1,1,0.2677,0.2684,0.0146,0.0496,0.0432,0.0434,18.38,5.41,6.2,6.18,0.26,239.73,0.46,0.294355
weight_dequant,default,bf16,M=4096,1,1,0.345,0.3456,0.0146,0.0623,0.0555,0.0557,23.68,5.55,6.22,6.21,0.17,326.71,0.36,0.23435
weight_dequant,default,bf16,M=4608,1,1,0.4373,0.4395,0.0221,0.0779,0.0694,0.0696,19.79,5.64,6.31,6.32,0.50,252.49,0.29,0.283697
weight_dequant,default,bf16,M=512,1,1,0.0256,0.0257,0.0017,0.004,0.0026,0.0026,14.68,6.4,9.76,9.8,0.39,135.29,0.00,0.425
weight_dequant,default,bf16,M=5120,1,1,0.5336,0.5365,0.021,0.0954,0.085,0.0852,25.38,5.62,6.28,6.29,0.54,354.29,0.24,0.220126
weight_dequant,default,bf16,M=5632,1,1,0.6419,0.6446,0.0316,0.1135,0.1021,0.1024,20.3,5.68,6.29,6.29,0.42,259.18,0.29,0.278414
weight_dequant,default,bf16,M=6144,1,1,0.7604,0.763,0.029,0.1348,0.1209,0.1213,26.26,5.66,6.29,6.29,0.34,364.83,0.33,0.215134
weight_dequant,default,bf16,M=6656,1,1,0.8867,0.8895,0.0429,0.1561,0.1414,0.1418,20.66,5.7,6.27,6.27,0.32,263.87,0.28,0.274824
weight_dequant,default,bf16,M=7168,1,1,1.0213,1.025,0.0375,0.1802,0.1635,0.1638,27.22,5.69,6.25,6.26,0.36,380.53,0.18,0.208102
weight_dequant,default,bf16,M=7680,1,1,1.1703,1.1733,0.0569,0.2056,0.1872,0.1876,20.58,5.71,6.25,6.25,0.26,261.34,0.21,0.276751
weight_dequant,default,bf16,M=8192,1,1,1.326,1.33,0.0489,0.2314,0.2126,0.213,27.13,5.75,6.24,6.24,0.30,373.21,0.19,0.211322
weight_dequant,default,bf16,M=8704,1,1,1.4931,1.4966,0.0712,0.2624,0.2396,0.2401,20.96,5.7,6.23,6.23,0.23,268.54,0.21,0.271341
weight_dequant,default,bf16,M=9216,1,1,1.6695,1.6746,0.0591,0.2955,0.2683,0.2688,28.22,5.67,6.22,6.23,0.31,400.00,0.19,0.2
weight_dequant,default,bf16,M=9728,1,1,1.8576,1.8623,0.0884,0.326,0.2986,0.2991,21.02,5.71,6.22,6.23,0.25,268.78,0.17,0.271166
weight_dequant,default,fp16,M=1024,1,1,0.0383,0.0379,0.0025,0.0074,0.0051,0.0051,15.3,5.09,7.56,7.46,-1.04,196.00,0.00,0.337838
weight_dequant,default,fp16,M=10240,1,1,2.0465,2.0525,0.0719,0.3632,0.3286,0.3291,28.46,5.65,6.23,6.24,0.29,405.15,0.15,0.197963
weight_dequant,default,fp16,M=1536,1,1,0.0585,0.0587,0.0043,0.014,0.0096,0.0096,13.65,4.18,6.11,6.11,0.34,225.58,0.00,0.307143
weight_dequant,default,fp16,M=2048,1,1,0.0869,0.0875,0.0048,0.0192,0.0154,0.0154,17.96,4.55,5.65,5.67,0.69,300.00,0.00,0.25
weight_dequant,default,fp16,M=2560,1,1,0.1375,0.1376,0.0085,0.0274,0.023,0.023,16.1,5.02,5.98,5.98,0.07,222.35,0.00,0.310219
weight_dequant,default,fp16,M=3072,1,1,0.1992,0.1992,0.0091,0.038,0.0322,0.0324,21.81,5.25,6.18,6.16,0.00,317.58,0.62,0.239474
weight_dequant,default,fp16,M=3584,1,1,0.2663,0.2673,0.0146,0.0495,0.0429,0.0431,18.26,5.4,6.21,6.21,0.38,239.04,0.47,0.294949
weight_dequant,default,fp16,M=4096,1,1,0.3431,0.3451,0.0145,0.0624,0.0551,0.0554,23.59,5.53,6.22,6.23,0.58,330.34,0.54,0.232372
weight_dequant,default,fp16,M=4608,1,1,0.4352,0.4372,0.0221,0.0779,0.069,0.0692,19.67,5.61,6.31,6.32,0.46,252.49,0.29,0.283697
weight_dequant,default,fp16,M=512,1,1,0.0269,0.0269,0.002,0.0041,0.0028,0.0028,13.22,6.49,9.67,9.71,0.00,105.00,0.00,0.487805
weight_dequant,default,fp16,M=5120,1,1,0.534,0.5357,0.0208,0.0956,0.0844,0.0847,25.62,5.61,6.33,6.32,0.32,359.62,0.36,0.217573
weight_dequant,default,fp16,M=5632,1,1,0.6394,0.6432,0.0315,0.1135,0.1015,0.1018,20.27,5.67,6.3,6.32,0.59,260.32,0.30,0.277533
weight_dequant,default,fp16,M=6144,1,1,0.7571,0.7593,0.0289,0.1349,0.1203,0.1206,26.23,5.63,6.3,6.3,0.29,366.78,0.25,0.214233
weight_dequant,default,fp16,M=6656,1,1,0.8851,0.8864,0.0429,0.1561,0.1406,0.1409,20.64,5.68,6.3,6.29,0.15,263.87,0.21,0.274824
weight_dequant,default,fp16,M=7168,1,1,1.021,1.0231,0.0377,0.1802,0.1626,0.163,27.09,5.68,6.28,6.28,0.21,377.98,0.25,0.209212
weight_dequant,default,fp16,M=7680,1,1,1.1662,1.1677,0.0569,0.2056,0.1862,0.1865,20.51,5.68,6.26,6.26,0.13,261.34,0.16,0.276751
weight_dequant,default,fp16,M=8192,1,1,1.3233,1.3255,0.0487,0.2316,0.2114,0.2119,27.16,5.72,6.26,6.26,0.17,375.56,0.24,0.210276
weight_dequant,default,fp16,M=8704,1,1,1.4878,1.4907,0.0713,0.2623,0.2382,0.2387,20.87,5.68,6.24,6.24,0.19,267.88,0.21,0.271826
weight_dequant,default,fp16,M=9216,1,1,1.6653,1.6712,0.0592,0.2954,0.2667,0.2672,28.15,5.66,6.24,6.25,0.35,398.99,0.19,0.200406
weight_dequant,default,fp16,M=9728,1,1,1.8534,1.8573,0.0883,0.3261,0.2969,0.2974,20.99,5.69,6.24,6.24,0.21,269.31,0.17,0.270776
weight_dequant,default,fp32,M=1024,1,1,0.0272,0.0276,0.0028,0.0077,0.0052,0.0052,9.75,3.56,5.26,5.3,1.47,175.00,0.00,0.363636
weight_dequant,default,fp32,M=10240,1,1,1.4176,1.4247,0.1227,0.3786,0.3524,0.353,11.55,3.76,4.02,4.04,0.50,208.56,0.17,0.324089
weight_dequant,default,fp32,M=1536,1,1,0.0403,0.0404,0.005,0.0144,0.0101,0.0101,8.12,2.82,4,4.01,0.25,188.00,0.00,0.347222
weight_dequant,default,fp32,M=2048,1,1,0.0606,0.0614,0.0073,0.0205,0.0171,0.0172,8.35,3,3.54,3.57,1.32,180.82,0.58,0.356098
weight_dequant,default,fp32,M=2560,1,1,0.099,0.0994,0.0108,0.0295,0.0255,0.0256,9.16,3.37,3.88,3.89,0.40,173.15,0.39,0.366102
weight_dequant,default,fp32,M=3072,1,1,0.1411,0.1416,0.0143,0.0399,0.0349,0.0351,9.89,3.55,4.04,4.04,0.35,179.02,0.57,0.358396
weight_dequant,default,fp32,M=3584,1,1,0.188,0.1886,0.0185,0.0519,0.0464,0.0467,10.19,3.64,4.05,4.03,0.32,180.54,0.65,0.356455
weight_dequant,default,fp32,M=4096,1,1,0.2417,0.2423,0.0228,0.0652,0.0597,0.0599,10.58,3.71,4.05,4.05,0.25,185.96,0.34,0.349693
weight_dequant,default,fp32,M=4608,1,1,0.3014,0.3023,0.0279,0.0815,0.0745,0.0746,10.8,3.71,4.05,4.05,0.30,192.11,0.13,0.342331
weight_dequant,default,fp32,M=512,1,1,0.0184,0.0184,0.0021,0.0045,0.003,0.003,8.9,4.12,6.23,6.21,0.00,114.29,0.00,0.466667
weight_dequant,default,fp32,M=5120,1,1,0.3665,0.3679,0.034,0.0996,0.091,0.0914,10.78,3.69,4.03,4.03,0.38,192.94,0.44,0.341365
weight_dequant,default,fp32,M=5632,1,1,0.4405,0.4427,0.0403,0.1184,0.1094,0.1097,10.94,3.74,4.03,4.04,0.50,193.80,0.27,0.340372
weight_dequant,default,fp32,M=6144,1,1,0.5201,0.523,0.0466,0.1405,0.1293,0.1297,11.15,3.72,4.02,4.03,0.56,201.50,0.31,0.331673
weight_dequant,default,fp32,M=6656,1,1,0.6073,0.6109,0.0542,0.1628,0.1511,0.1514,11.21,3.75,4.02,4.03,0.59,200.37,0.20,0.332924
weight_dequant,default,fp32,M=7168,1,1,0.7045,0.7066,0.0624,0.1898,0.1746,0.175,11.28,3.72,4.03,4.04,0.30,204.17,0.23,0.328767
weight_dequant,default,fp32,M=7680,1,1,0.8051,0.8095,0.0717,0.2146,0.2,0.2004,11.23,3.77,4.03,4.04,0.55,199.30,0.20,0.33411
weight_dequant,default,fp32,M=8192,1,1,0.9145,0.9173,0.0799,0.242,0.227,0.2274,11.44,3.79,4.03,4.03,0.31,202.88,0.18,0.330165
weight_dequant,default,fp32,M=8704,1,1,1.027,1.0313,0.0906,0.2737,0.2558,0.2562,11.34,3.77,4.02,4.03,0.42,202.10,0.16,0.331019
weight_dequant,default,fp32,M=9216,1,1,1.1522,1.1565,0.1001,0.3078,0.2863,0.2868,11.51,3.76,4.02,4.03,0.37,207.49,0.17,0.325211
weight_dequant,default,fp32,M=9728,1,1,1.2804,1.2877,0.1112,0.3403,0.3185,0.319,11.51,3.78,4.02,4.04,0.57,206.03,0.16,0.32677
weight_dequant,autotune,bf16,M=1024,1,1,0.0384,0.0381,0.0026,0.0054,0.0055,0.0052,14.58,7.02,6.93,7.26,-0.78,107.69,-5.45,0.481481
weight_dequant,autotune,bf16,M=10240,1,1,2.0548,2.0588,0.0676,0.1424,0.3201,0.3208,30.38,14.45,6.42,6.42,0.19,110.65,0.22,0.474719
weight_dequant,autotune,bf16,M=1536,1,1,0.059,0.0582,0.004,0.0077,0.0101,0.0095,14.93,7.59,5.84,6.14,-1.36,92.50,-5.94,0.519481
weight_dequant,autotune,bf16,M=2048,1,1,0.0869,0.0877,0.0058,0.0099,0.0153,0.0169,14.99,8.85,5.66,5.2,0.92,70.69,10.46,0.585859
weight_dequant,autotune,bf16,M=2560,1,1,0.1386,0.1381,0.0086,0.0145,0.0231,0.0233,16.16,9.54,6,5.92,-0.36,68.60,0.87,0.593103
weight_dequant,autotune,bf16,M=3072,1,1,0.199,0.2,0.009,0.0184,0.0324,0.0326,22.22,10.86,6.14,6.13,0.50,104.44,0.62,0.48913
weight_dequant,autotune,bf16,M=3584,1,1,0.2676,0.268,0.0148,0.0262,0.0431,0.0433,18.02,10.22,6.21,6.18,0.15,77.03,0.46,0.564885
weight_dequant,autotune,bf16,M=4096,1,1,0.3473,0.3477,0.0147,0.028,0.055,0.0556,23.56,12.41,6.32,6.25,0.12,90.48,1.09,0.525
weight_dequant,autotune,bf16,M=4608,1,1,0.4384,0.4396,0.0207,0.0361,0.0684,0.0686,21.23,12.17,6.41,6.41,0.27,74.40,0.29,0.573407
weight_dequant,autotune,bf16,M=512,1,1,0.0266,0.0271,0.0017,0.005,0.0034,0.0027,15.51,5.42,7.95,10.21,1.88,194.12,-20.59,0.34
weight_dequant,autotune,bf16,M=5120,1,1,0.536,0.5374,0.0209,0.0418,0.0833,0.0836,25.66,12.86,6.44,6.43,0.26,100.00,0.36,0.5
weight_dequant,autotune,bf16,M=5632,1,1,0.6444,0.6441,0.0294,0.0512,0.0998,0.1001,21.92,12.58,6.45,6.44,-0.05,74.15,0.30,0.574219
weight_dequant,autotune,bf16,M=6144,1,1,0.7591,0.7628,0.0271,0.0554,0.1179,0.1183,28.06,13.76,6.44,6.45,0.49,104.43,0.34,0.48917
weight_dequant,autotune,bf16,M=6656,1,1,0.8847,0.8881,0.0398,0.0692,0.1379,0.1382,22.24,12.83,6.41,6.43,0.38,73.87,0.22,0.575145
weight_dequant,autotune,bf16,M=7168,1,1,1.0218,1.0257,0.0374,0.0884,0.1591,0.1595,27.34,11.6,6.42,6.43,0.38,136.36,0.25,0.423077
weight_dequant,autotune,bf16,M=7680,1,1,1.17,1.1746,0.0536,0.1034,0.1819,0.1824,21.84,11.36,6.43,6.44,0.39,92.91,0.27,0.518375
weight_dequant,autotune,bf16,M=8192,1,1,1.3253,1.3293,0.0458,0.0918,0.2065,0.2069,28.93,14.48,6.42,6.42,0.30,100.44,0.19,0.498911
weight_dequant,autotune,bf16,M=8704,1,1,1.4897,1.4971,0.0657,0.114,0.2323,0.2329,22.69,13.13,6.41,6.43,0.50,73.52,0.26,0.576316
weight_dequant,autotune,bf16,M=9216,1,1,1.6681,1.6735,0.0592,0.1215,0.2602,0.2606,28.2,13.78,6.41,6.42,0.32,105.24,0.15,0.487243
weight_dequant,autotune,bf16,M=9728,1,1,1.8572,1.8649,0.0815,0.1409,0.2894,0.2898,22.78,13.23,6.42,6.43,0.41,72.88,0.14,0.578424
weight_dequant,autotune,fp16,M=1024,1,1,0.038,0.0374,0.0024,0.0053,0.0053,0.0052,15.65,7.11,7.14,7.15,-1.58,120.83,-1.89,0.45283
weight_dequant,autotune,fp16,M=10240,1,1,2.0477,2.051,0.0677,0.1414,0.3178,0.3185,30.24,14.51,6.44,6.44,0.16,108.86,0.22,0.478784
weight_dequant,autotune,fp16,M=1536,1,1,0.0575,0.0585,0.0038,0.0071,0.0102,0.0095,15.17,8.27,5.62,6.18,1.74,86.84,-6.86,0.535211
weight_dequant,autotune,fp16,M=2048,1,1,0.0867,0.0866,0.0051,0.0098,0.0153,0.0167,16.99,8.83,5.68,5.18,-0.12,92.16,9.15,0.520408
weight_dequant,autotune,fp16,M=2560,1,1,0.1369,0.1385,0.0084,0.0145,0.0229,0.0231,16.23,9.53,5.98,5.99,1.17,72.62,0.87,0.57931
weight_dequant,autotune,fp16,M=3072,1,1,0.1992,0.1994,0.0091,0.0185,0.0323,0.0326,21.98,10.79,6.17,6.12,0.10,103.30,0.93,0.491892
weight_dequant,autotune,fp16,M=3584,1,1,0.2667,0.2661,0.0149,0.026,0.0429,0.0431,17.87,10.24,6.21,6.18,-0.22,74.50,0.47,0.573077
weight_dequant,autotune,fp16,M=4096,1,1,0.3461,0.3464,0.0145,0.028,0.0547,0.0553,23.81,12.35,6.33,6.26,0.09,93.10,1.10,0.517857
weight_dequant,autotune,fp16,M=4608,1,1,0.4366,0.4388,0.0221,0.0364,0.0679,0.0682,19.73,12.05,6.43,6.44,0.50,64.71,0.44,0.607143
weight_dequant,autotune,fp16,M=512,1,1,0.0269,0.0269,0.002,0.0051,0.0036,0.0029,13.28,5.3,7.37,9.37,0.00,155.00,-19.44,0.392157
weight_dequant,autotune,fp16,M=5120,1,1,0.5353,0.5369,0.0208,0.0416,0.0828,0.0829,25.79,12.9,6.47,6.47,0.30,100.00,0.12,0.5
weight_dequant,autotune,fp16,M=5632,1,1,0.6402,0.642,0.0294,0.0517,0.0992,0.0996,21.79,12.41,6.45,6.45,0.28,75.85,0.40,0.568665
weight_dequant,autotune,fp16,M=6144,1,1,0.7569,0.7596,0.027,0.0551,0.1172,0.1176,28,13.78,6.46,6.46,0.36,104.07,0.34,0.490018
weight_dequant,autotune,fp16,M=6656,1,1,0.8827,0.8852,0.0398,0.0699,0.137,0.1372,22.18,12.66,6.44,6.45,0.28,75.63,0.15,0.569385
weight_dequant,autotune,fp16,M=7168,1,1,1.0196,1.0237,0.0377,0.0893,0.158,0.1584,27.05,11.47,6.45,6.46,0.40,136.87,0.25,0.422172
weight_dequant,autotune,fp16,M=7680,1,1,1.1652,1.1676,0.0536,0.1027,0.1806,0.1811,21.75,11.37,6.45,6.45,0.21,91.60,0.28,0.521908
weight_dequant,autotune,fp16,M=8192,1,1,1.3187,1.3249,0.0459,0.0918,0.205,0.2054,28.75,14.44,6.43,6.45,0.47,100.00,0.20,0.5
weight_dequant,autotune,fp16,M=8704,1,1,1.484,1.4906,0.0657,0.1152,0.2308,0.2314,22.59,12.94,6.43,6.44,0.44,75.34,0.26,0.570312
weight_dequant,autotune,fp16,M=9216,1,1,1.6622,1.6695,0.0592,0.1207,0.2583,0.2587,28.08,13.83,6.44,6.45,0.44,103.89,0.15,0.490472
weight_dequant,autotune,fp16,M=9728,1,1,1.8514,1.8566,0.0814,0.1424,0.2873,0.2878,22.75,13.04,6.44,6.45,0.28,74.94,0.17,0.571629
weight_dequant,autotune,fp32,M=1024,1,1,0.0257,0.0258,0.0035,0.0056,0.0053,0.0054,7.25,4.63,4.84,4.8,0.39,60.00,1.89,0.625
weight_dequant,autotune,fp32,M=10240,1,1,1.4208,1.423,0.1225,0.1633,0.315,0.3156,11.6,8.71,4.51,4.51,0.15,33.31,0.19,0.750153
weight_dequant,autotune,fp32,M=1536,1,1,0.0397,0.0393,0.0058,0.008,0.0103,0.01,6.89,4.92,3.86,3.92,-1.01,37.93,-2.91,0.725
weight_dequant,autotune,fp32,M=2048,1,1,0.0599,0.0603,0.0079,0.0118,0.0169,0.0167,7.58,5.09,3.55,3.6,0.67,49.37,-1.18,0.669492
weight_dequant,autotune,fp32,M=2560,1,1,0.0973,0.0984,0.0111,0.0168,0.0255,0.024,8.79,5.86,3.82,4.1,1.13,51.35,-5.88,0.660714
weight_dequant,autotune,fp32,M=3072,1,1,0.1403,0.1399,0.0149,0.0214,0.0329,0.033,9.39,6.54,4.26,4.24,-0.29,43.62,0.30,0.696262
weight_dequant,autotune,fp32,M=3584,1,1,0.1867,0.1892,0.0185,0.0282,0.0464,0.0468,10.11,6.72,4.03,4.04,1.34,52.43,0.86,0.656028
weight_dequant,autotune,fp32,M=4096,1,1,0.2405,0.2424,0.0233,0.0316,0.0545,0.0598,10.3,7.66,4.41,4.05,0.79,35.62,9.72,0.737342
weight_dequant,autotune,fp32,M=4608,1,1,0.2988,0.3018,0.0278,0.0411,0.0677,0.068,10.73,7.35,4.41,4.44,1.00,47.84,0.44,0.676399
weight_dequant,autotune,fp32,M=512,1,1,0.0177,0.0178,0.002,0.0052,0.0035,0.0029,8.82,3.4,5.06,6.17,0.56,160.00,-17.14,0.384615
weight_dequant,autotune,fp32,M=5120,1,1,0.366,0.368,0.0336,0.0467,0.0823,0.0826,10.89,7.88,4.45,4.45,0.55,38.99,0.36,0.719486
weight_dequant,autotune,fp32,M=5632,1,1,0.4405,0.4415,0.0399,0.0577,0.0986,0.0989,11.05,7.66,4.47,4.46,0.23,44.61,0.30,0.691508
weight_dequant,autotune,fp32,M=6144,1,1,0.5211,0.5229,0.0468,0.0638,0.1165,0.1168,11.14,8.2,4.47,4.48,0.35,36.32,0.26,0.733542
weight_dequant,autotune,fp32,M=6656,1,1,0.6085,0.611,0.0546,0.0774,0.1359,0.1363,11.15,7.89,4.48,4.48,0.41,41.76,0.29,0.705426
weight_dequant,autotune,fp32,M=7168,1,1,0.7024,0.7076,0.0621,0.0928,0.1568,0.1572,11.3,7.63,4.48,4.5,0.74,49.44,0.26,0.669181
weight_dequant,autotune,fp32,M=7680,1,1,0.8052,0.8081,0.0713,0.1049,0.1793,0.1798,11.3,7.7,4.49,4.49,0.36,47.12,0.28,0.679695
weight_dequant,autotune,fp32,M=8192,1,1,0.913,0.9177,0.0798,0.1058,0.2033,0.2038,11.43,8.67,4.49,4.5,0.51,32.58,0.25,0.754253
weight_dequant,autotune,fp32,M=8704,1,1,1.0279,1.0324,0.09,0.127,0.2289,0.2294,11.42,8.13,4.49,4.5,0.44,41.11,0.22,0.708661
weight_dequant,autotune,fp32,M=9216,1,1,1.1509,1.1548,0.0996,0.1336,0.2561,0.2567,11.55,8.64,4.49,4.5,0.34,34.14,0.23,0.745509
weight_dequant,autotune,fp32,M=9728,1,1,1.2804,1.2866,0.1111,0.1568,0.2882,0.2854,11.53,8.2,4.44,4.51,0.48,41.13,-0.97,0.708546
