"Kernel Name","matmul_kernel_Kt1_A2f16_1v8l0_2t1_3i16_p16_A2f16_1v8l0_2t1_3i16_p16_A2f16_1v8l0_2t1_3i16_p16_Si32_Si32_I4096_I128_I128_I64_I8",
"Address","Source","Warp Stall Sampling (All Samples)","Warp Stall Sampling (Not-issued Samples)","# Samples","Instructions Executed","Thread Instructions Executed","Predicated-On Thread Instructions Executed","Avg. Threads Executed","Avg. Predicated-On Threads Executed","Avg. Predicated-On Threads Unexecuted","Divergent Branches","Address Space","Access Operation","Access Size","L1 Conflicts Shared N-Way","L1 Wavefronts Shared Excessive","L1 Wavefronts Shared","L1 Wavefronts Shared Ideal","stall_barrier","stall_branch_resolving","stall_dispatch","stall_drain","stall_lg","stall_long_sb","stall_math","stall_membar","stall_mio","stall_misc","stall_no_inst","stall_not_selected","stall_selected","stall_short_sb","stall_sleep","stall_tex","stall_wait","stall_barrier (Not Issued)","stall_branch_resolving (Not Issued)","stall_dispatch (Not Issued)","stall_drain (Not Issued)","stall_lg (Not Issued)","stall_long_sb (Not Issued)","stall_math (Not Issued)","stall_membar (Not Issued)","stall_mio (Not Issued)","stall_misc (Not Issued)","stall_no_inst (Not Issued)","stall_not_selected (Not Issued)","stall_selected (Not Issued)","stall_short_sb (Not Issued)","stall_sleeping (Not Issued)","stall_tex (Not Issued)","stall_wait (Not Issued)"
"0x7f11cf5bc400","      LDC R1, c[0x0][0x37c]","0","0","0","2048","65536","65536","32","32","0","0","-","-","-","0","0","0","0","0","0","0","0","0","0","0","0","0","0","0","0","0","0","0","0","0","0","0","0","0","0","0","0","0","0","0","0","0","0","0","0","0","0"
"0x7f11cf5bc410","      S2R R56, SR_TID.X","0","0","0","2048","65536","65536","32","32","0","0","-","-","-","0","0","0","0","0","0","0","0","0","0","0","0","0","0","0","0","0","0","0","0","0","0","0","0","0","0","0","0","0","0","0","0","0","0","0","0","0","0"
"0x7f11cf5bc420","      BSSY.RECONVERGENT B0, 0x7f11cf5bc730","0","0","0","2048","65536","65536","32","32","0","0","-","-","-","0","0","0","0","0","0","0","0","0","0","0","0","0","0","0","0","0","0","0","0","0","0","0","0","0","0","0","0","0","0","0","0","0","0","0","0","0","0"
"0x7f11cf5bc430","      ISETP.NE.U32.AND P0, PT, R56, RZ, PT","3","2","3","2048","65536","65536","32","32","0","0","-","-","-","0","0","0","0","0","0","0","0","0","0","0","0","0","0","0","0","0","3","0","0","0","0","0","0","0","0","0","0","0","0","0","0","0","0","2","0","0","0"
"0x7f11cf5bc440","@P0   BRA 0x7f11cf5bc720","2","2","2","2048","65536","65280","32","31","1","256","-","-","-","0","0","0","0","0","0","0","0","0","0","0","0","0","0","0","0","0","0","0","0","2","0","0","0","0","0","0","0","0","0","0","0","0","0","0","0","0","2"
"0x7f11cf5bc450","      S2UR UR12, SR_CgaCtaId","0","0","0","256","256","256","1","1","31","0","-","-","-","0","0","0","0","0","0","0","0","0","0","0","0","0","0","0","0","0","0","0","0","0","0","0","0","0","0","0","0","0","0","0","0","0","0","0","0","0","0"
"0x7f11cf5bc460","      UMOV UR4, 0x400","0","0","0","256","256","256","1","1","31","0","-","-","-","0","0","0","0","0","0","0","0","0","0","0","0","0","0","0","0","0","0","0","0","0","0","0","0","0","0","0","0","0","0","0","0","0","0","0","0","0","0"
"0x7f11cf5bc470","      UMOV UR5, 0x1","0","0","0","256","256","256","1","1","31","0","-","-","-","0","0","0","0","0","0","0","0","0","0","0","0","0","0","0","0","0","0","0","0","0","0","0","0","0","0","0","0","0","0","0","0","0","0","0","0","0","0"
"0x7f11cf5bc480","      UMOV UR6, 0x80","0","0","0","256","256","256","1","1","31","0","-","-","-","0","0","0","0","0","0","0","0","0","0","0","0","0","0","0","0","0","0","0","0","0","0","0","0","0","0","0","0","0","0","0","0","0","0","0","0","0","0"
"0x7f11cf5bc490","      UMOV UR8, 0x20","0","0","0","256","256","256","1","1","31","0","-","-","-","0","0","0","0","0","0","0","0","0","0","0","0","0","0","0","0","0","0","0","0","0","0","0","0","0","0","0","0","0","0","0","0","0","0","0","0","0","0"
"0x7f11cf5bc4a0","      UIADD3 UR6, UPT, UPT, -UR6, 0x100000, URZ","0","0","0","256","256","256","1","1","31","0","-","-","-","0","0","0","0","0","0","0","0","0","0","0","0","0","0","0","0","0","0","0","0","0","0","0","0","0","0","0","0","0","0","0","0","0","0","0","0","0","0"
"0x7f11cf5bc4b0","      USHF.L.U32 UR7, UR6, 0xb, URZ","0","0","0","256","256","256","1","1","31","0","-","-","-","0","0","0","0","0","0","0","0","0","0","0","0","0","0","0","0","0","0","0","0","0","0","0","0","0","0","0","0","0","0","0","0","0","0","0","0","0","0"
"0x7f11cf5bc4c0","      USHF.L.U32 UR6, UR6, 0x1, URZ","0","0","0","256","256","256","1","1","31","0","-","-","-","0","0","0","0","0","0","0","0","0","0","0","0","0","0","0","0","0","0","0","0","0","0","0","0","0","0","0","0","0","0","0","0","0","0","0","0","0","0"
"0x7f11cf5bc4d0","      UMOV UR10, 0xa0","0","0","0","256","256","256","1","1","31","0","-","-","-","0","0","0","0","0","0","0","0","0","0","0","0","0","0","0","0","0","0","0","0","0","0","0","0","0","0","0","0","0","0","0","0","0","0","0","0","0","0"
"0x7f11cf5bc4e0","      UIADD3 UR8, UPT, UPT, -UR8, 0x100000, URZ","0","0","0","256","256","256","1","1","31","0","-","-","-","0","0","0","0","0","0","0","0","0","0","0","0","0","0","0","0","0","0","0","0","0","0","0","0","0","0","0","0","0","0","0","0","0","0","0","0","0","0"
"0x7f11cf5bc4f0","      USHF.L.U32 UR9, UR8, 0xb, URZ","0","0","0","256","256","256","1","1","31","0","-","-","-","0","0","0","0","0","0","0","0","0","0","0","0","0","0","0","0","0","0","0","0","0","0","0","0","0","0","0","0","0","0","0","0","0","0","0","0","0","0"
"0x7f11cf5bc500","      USHF.L.U32 UR8, UR8, 0x1, URZ","0","0","0","256","256","256","1","1","31","0","-","-","-","0","0","0","0","0","0","0","0","0","0","0","0","0","0","0","0","0","0","0","0","0","0","0","0","0","0","0","0","0","0","0","0","0","0","0","0","0","0"
"0x7f11cf5bc510","      UIADD3 UR10, UPT, UPT, -UR10, 0x100000, URZ","0","0","0","256","256","256","1","1","31","0","-","-","-","0","0","0","0","0","0","0","0","0","0","0","0","0","0","0","0","0","0","0","0","0","0","0","0","0","0","0","0","0","0","0","0","0","0","0","0","0","0"
"0x7f11cf5bc520","      USHF.L.U32 UR11, UR10, 0xb, URZ","0","0","0","256","256","256","1","1","31","0","-","-","-","0","0","0","0","0","0","0","0","0","0","0","0","0","0","0","0","0","0","0","0","0","0","0","0","0","0","0","0","0","0","0","0","0","0","0","0","0","0"
"0x7f11cf5bc530","      USHF.L.U32 UR10, UR10, 0x1, URZ","0","0","0","256","256","256","1","1","31","0","-","-","-","0","0","0","0","0","0","0","0","0","0","0","0","0","0","0","0","0","0","0","0","0","0","0","0","0","0","0","0","0","0","0","0","0","0","0","0","0","0"
"0x7f11cf5bc540","      ULEA UR12, UR12, UR4, 0x18","0","0","0","256","256","256","1","1","31","0","-","-","-","0","0","0","0","0","0","0","0","0","0","0","0","0","0","0","0","0","0","0","0","0","0","0","0","0","0","0","0","0","0","0","0","0","0","0","0","0","0"
"0x7f11cf5bc550","      UIADD3 UR4, UPT, UPT, -UR5, 0x100000, URZ","0","0","0","256","256","256","1","1","31","0","-","-","-","0","0","0","0","0","0","0","0","0","0","0","0","0","0","0","0","0","0","0","0","0","0","0","0","0","0","0","0","0","0","0","0","0","0","0","0","0","0"
"0x7f11cf5bc560","      USHF.L.U32 UR5, UR4, 0xb, URZ","0","0","0","256","256","256","1","1","31","0","-","-","-","0","0","0","0","0","0","0","0","0","0","0","0","0","0","0","0","0","0","0","0","0","0","0","0","0","0","0","0","0","0","0","0","0","0","0","0","0","0"
"0x7f11cf5bc570","      USHF.L.U32 UR4, UR4, 0x1, URZ","0","0","0","256","256","256","1","1","31","0","-","-","-","0","0","0","0","0","0","0","0","0","0","0","0","0","0","0","0","0","0","0","0","0","0","0","0","0","0","0","0","0","0","0","0","0","0","0","0","0","0"
"0x7f11cf5bc580","      FENCE.VIEW.ASYNC.S","0","0","0","256","256","256","1","1","31","0","-","-","-","0","0","0","0","0","0","0","0","0","0","0","0","0","0","0","0","0","0","0","0","0","0","0","0","0","0","0","0","0","0","0","0","0","0","0","0","0","0"
"0x7f11cf5bc590","      SYNCS.EXCH.64 URZ, [UR12+0x380a0], UR4","0","0","0","256","256","256","1","1","31","0","-","-","-","0","0","0","0","0","0","0","0","0","0","0","0","0","0","0","0","0","0","0","0","0","0","0","0","0","0","0","0","0","0","0","0","0","0","0","0","0","0"
"0x7f11cf5bc5a0","      SYNCS.EXCH.64 URZ, [UR12+0x38000], UR4","0","0","0","256","256","256","1","1","31","0","-","-","-","0","0","0","0","0","0","0","0","0","0","0","0","0","0","0","0","0","0","0","0","0","0","0","0","0","0","0","0","0","0","0","0","0","0","0","0","0","0"
"0x7f11cf5bc5b0","      SYNCS.EXCH.64 URZ, [UR12+0x38030], UR4","0","0","0","256","256","256","1","1","31","0","-","-","-","0","0","0","0","0","0","0","0","0","0","0","0","0","0","0","0","0","0","0","0","0","0","0","0","0","0","0","0","0","0","0","0","0","0","0","0","0","0"
"0x7f11cf5bc5c0","      SYNCS.EXCH.64 URZ, [UR12+0x38008], UR4","0","0","0","256","256","256","1","1","31","0","-","-","-","0","0","0","0","0","0","0","0","0","0","0","0","0","0","0","0","0","0","0","0","0","0","0","0","0","0","0","0","0","0","0","0","0","0","0","0","0","0"
"0x7f11cf5bc5d0","      SYNCS.EXCH.64 URZ, [UR12+0x38038], UR4","0","0","0","256","256","256","1","1","31","0","-","-","-","0","0","0","0","0","0","0","0","0","0","0","0","0","0","0","0","0","0","0","0","0","0","0","0","0","0","0","0","0","0","0","0","0","0","0","0","0","0"
"0x7f11cf5bc5e0","      SYNCS.EXCH.64 URZ, [UR12+0x38010], UR4","0","0","0","256","256","256","1","1","31","0","-","-","-","0","0","0","0","0","0","0","0","0","0","0","0","0","0","0","0","0","0","0","0","0","0","0","0","0","0","0","0","0","0","0","0","0","0","0","0","0","0"
"0x7f11cf5bc5f0","      SYNCS.EXCH.64 URZ, [UR12+0x38040], UR4","0","0","0","256","256","256","1","1","31","0","-","-","-","0","0","0","0","0","0","0","0","0","0","0","0","0","0","0","0","0","0","0","0","0","0","0","0","0","0","0","0","0","0","0","0","0","0","0","0","0","0"
"0x7f11cf5bc600","      SYNCS.EXCH.64 URZ, [UR12+0x38018], UR4","0","0","0","256","256","256","1","1","31","0","-","-","-","0","0","0","0","0","0","0","0","0","0","0","0","0","0","0","0","0","0","0","0","0","0","0","0","0","0","0","0","0","0","0","0","0","0","0","0","0","0"
"0x7f11cf5bc610","      SYNCS.EXCH.64 URZ, [UR12+0x38048], UR4","1","1","1","256","256","256","1","1","31","0","-","-","-","0","0","0","0","0","0","0","0","0","0","0","0","1","0","0","0","0","0","0","0","0","0","0","0","0","0","0","0","0","1","0","0","0","0","0","0","0","0"
"0x7f11cf5bc620","      SYNCS.EXCH.64 URZ, [UR12+0x38020], UR4","1","1","1","256","256","256","1","1","31","0","-","-","-","0","0","0","0","0","0","0","0","0","0","0","0","1","0","0","0","0","0","0","0","0","0","0","0","0","0","0","0","0","1","0","0","0","0","0","0","0","0"
"0x7f11cf5bc630","      SYNCS.EXCH.64 URZ, [UR12+0x38050], UR4","0","0","0","256","256","256","1","1","31","0","-","-","-","0","0","0","0","0","0","0","0","0","0","0","0","0","0","0","0","0","0","0","0","0","0","0","0","0","0","0","0","0","0","0","0","0","0","0","0","0","0"
"0x7f11cf5bc640","      SYNCS.EXCH.64 URZ, [UR12+0x38028], UR4","0","0","0","256","256","256","1","1","31","0","-","-","-","0","0","0","0","0","0","0","0","0","0","0","0","0","0","0","0","0","0","0","0","0","0","0","0","0","0","0","0","0","0","0","0","0","0","0","0","0","0"
"0x7f11cf5bc650","      SYNCS.EXCH.64 URZ, [UR12+0x38058], UR4","0","0","0","256","256","256","1","1","31","0","-","-","-","0","0","0","0","0","0","0","0","0","0","0","0","0","0","0","0","0","0","0","0","0","0","0","0","0","0","0","0","0","0","0","0","0","0","0","0","0","0"
"0x7f11cf5bc660","      SYNCS.EXCH.64 URZ, [UR12+0x38060], UR4","0","0","0","256","256","256","1","1","31","0","-","-","-","0","0","0","0","0","0","0","0","0","0","0","0","0","0","0","0","0","0","0","0","0","0","0","0","0","0","0","0","0","0","0","0","0","0","0","0","0","0"
"0x7f11cf5bc670","      SYNCS.EXCH.64 URZ, [UR12+0x38068], UR4","0","0","0","256","256","256","1","1","31","0","-","-","-","0","0","0","0","0","0","0","0","0","0","0","0","0","0","0","0","0","0","0","0","0","0","0","0","0","0","0","0","0","0","0","0","0","0","0","0","0","0"
"0x7f11cf5bc680","      SYNCS.EXCH.64 URZ, [UR12+0x38070], UR4","0","0","0","256","256","256","1","1","31","0","-","-","-","0","0","0","0","0","0","0","0","0","0","0","0","0","0","0","0","0","0","0","0","0","0","0","0","0","0","0","0","0","0","0","0","0","0","0","0","0","0"
"0x7f11cf5bc690","      SYNCS.EXCH.64 URZ, [UR12+0x38078], UR4","0","0","0","256","256","256","1","1","31","0","-","-","-","0","0","0","0","0","0","0","0","0","0","0","0","0","0","0","0","0","0","0","0","0","0","0","0","0","0","0","0","0","0","0","0","0","0","0","0","0","0"
"0x7f11cf5bc6a0","      SYNCS.EXCH.64 URZ, [UR12+0x38080], UR4","0","0","0","256","256","256","1","1","31","0","-","-","-","0","0","0","0","0","0","0","0","0","0","0","0","0","0","0","0","0","0","0","0","0","0","0","0","0","0","0","0","0","0","0","0","0","0","0","0","0","0"
"0x7f11cf5bc6b0","      SYNCS.EXCH.64 URZ, [UR12+0x38088], UR4","0","0","0","256","256","256","1","1","31","0","-","-","-","0","0","0","0","0","0","0","0","0","0","0","0","0","0","0","0","0","0","0","0","0","0","0","0","0","0","0","0","0","0","0","0","0","0","0","0","0","0"
"0x7f11cf5bc6c0","      SYNCS.EXCH.64 URZ, [UR12+0x38090], UR4","0","0","0","256","256","256","1","1","31","0","-","-","-","0","0","0","0","0","0","0","0","0","0","0","0","0","0","0","0","0","0","0","0","0","0","0","0","0","0","0","0","0","0","0","0","0","0","0","0","0","0"
"0x7f11cf5bc6d0","      SYNCS.EXCH.64 URZ, [UR12+0x380a8], UR6","0","0","0","256","256","256","1","1","31","0","-","-","-","0","0","0","0","0","0","0","0","0","0","0","0","0","0","0","0","0","0","0","0","0","0","0","0","0","0","0","0","0","0","0","0","0","0","0","0","0","0"
"0x7f11cf5bc6e0","      SYNCS.EXCH.64 URZ, [UR12+0x380b0], UR6","0","0","0","256","256","256","1","1","31","0","-","-","-","0","0","0","0","0","0","0","0","0","0","0","0","0","0","0","0","0","0","0","0","0","0","0","0","0","0","0","0","0","0","0","0","0","0","0","0","0","0"
"0x7f11cf5bc6f0","      SYNCS.EXCH.64 URZ, [UR12+0x380b8], UR8","0","0","0","256","256","256","1","1","31","0","-","-","-","0","0","0","0","0","0","0","0","0","0","0","0","0","0","0","0","0","0","0","0","0","0","0","0","0","0","0","0","0","0","0","0","0","0","0","0","0","0"
"0x7f11cf5bc700","      SYNCS.EXCH.64 URZ, [UR12+0x38098], UR10","0","0","0","256","256","256","1","1","31","0","-","-","-","0","0","0","0","0","0","0","0","0","0","0","0","0","0","0","0","0","0","0","0","0","0","0","0","0","0","0","0","0","0","0","0","0","0","0","0","0","0"
"0x7f11cf5bc710","      NOP","0","0","0","256","256","256","1","1","31","0","-","-","-","0","0","0","0","0","0","0","0","0","0","0","0","0","0","0","0","0","0","0","0","0","0","0","0","0","0","0","0","0","0","0","0","0","0","0","0","0","0"
"0x7f11cf5bc720","      BSYNC.RECONVERGENT B0","2","2","2","2304","65536","65536","28","28","4","0","-","-","-","0","0","0","0","0","0","0","0","0","1","0","0","0","0","1","0","0","0","0","0","0","0","0","0","0","0","1","0","0","0","0","1","0","0","0","0","0","0"
"0x7f11cf5bc730","      SHF.R.U32.HI R2, RZ, 0x5, R56","1","1","1","2048","65536","65536","32","32","0","0","-","-","-","0","0","0","0","0","1","0","0","0","0","0","0","0","0","0","0","0","0","0","0","0","0","1","0","0","0","0","0","0","0","0","0","0","0","0","0","0","0"
"0x7f11cf5bc740","      NOP","0","0","0","2048","65536","65536","32","32","0","0","-","-","-","0","0","0","0","0","0","0","0","0","0","0","0","0","0","0","0","0","0","0","0","0","0","0","0","0","0","0","0","0","0","0","0","0","0","0","0","0","0"
"0x7f11cf5bc750","      BAR.SYNC.DEFER_BLOCKING 0x0","0","0","0","2048","65536","65536","32","32","0","0","-","-","-","0","0","0","0","0","0","0","0","0","0","0","0","0","0","0","0","0","0","0","0","0","0","0","0","0","0","0","0","0","0","0","0","0","0","0","0","0","0"
"0x7f11cf5bc760","      ISETP.NE.U32.AND P0, PT, R2, 0x5, PT","0","0","0","2048","65536","65536","32","32","0","0","-","-","-","0","0","0","0","0","0","0","0","0","0","0","0","0","0","0","0","0","0","0","0","0","0","0","0","0","0","0","0","0","0","0","0","0","0","0","0","0","0"
"0x7f11cf5bc770","@P0   BRA 0x7f11cf5bca80","13","12","13","2048","65536","57344","32","28","4","0","-","-","-","0","0","0","0","12","0","0","0","0","0","0","0","0","0","0","0","0","0","0","0","1","12","0","0","0","0","0","0","0","0","0","0","0","0","0","0","0","0"
"0x7f11cf5bc780","      S2UR UR6, SR_CgaCtaId","0","0","0","256","8192","8192","32","32","0","0","-","-","-","0","0","0","0","0","0","0","0","0","0","0","0","0","0","0","0","0","0","0","0","0","0","0","0","0","0","0","0","0","0","0","0","0","0","0","0","0","0"
"0x7f11cf5bc790","      UMOV UR4, 0x40","0","0","0","256","8192","8192","32","32","0","0","-","-","-","0","0","0","0","0","0","0","0","0","0","0","0","0","0","0","0","0","0","0","0","0","0","0","0","0","0","0","0","0","0","0","0","0","0","0","0","0","0"
"0x7f11cf5bc7a0","      NOP","0","0","0","256","8192","8192","32","32","0","0","-","-","-","0","0","0","0","0","0","0","0","0","0","0","0","0","0","0","0","0","0","0","0","0","0","0","0","0","0","0","0","0","0","0","0","0","0","0","0","0","0"
"0x7f11cf5bc7b0","      UMOV UR5, 0x400","0","0","0","256","8192","8192","32","32","0","0","-","-","-","0","0","0","0","0","0","0","0","0","0","0","0","0","0","0","0","0","0","0","0","0","0","0","0","0","0","0","0","0","0","0","0","0","0","0","0","0","0"
"0x7f11cf5bc7c0","      ULEA UR4, UR6, UR4, 0x18","0","0","0","256","8192","8192","32","32","0","0","-","-","-","0","0","0","0","0","0","0","0","0","0","0","0","0","0","0","0","0","0","0","0","0","0","0","0","0","0","0","0","0","0","0","0","0","0","0","0","0","0"
"0x7f11cf5bc7d0","      ULEA UR6, UR6, UR5, 0x18","0","0","0","256","8192","8192","32","32","0","0","-","-","-","0","0","0","0","0","0","0","0","0","0","0","0","0","0","0","0","0","0","0","0","0","0","0","0","0","0","0","0","0","0","0","0","0","0","0","0","0","0"
"0x7f11cf5bc7e0","      UIADD3 UR6, UPT, UPT, UR6, 0x380c0, URZ","0","0","0","256","8192","8192","32","32","0","0","-","-","-","0","0","0","0","0","0","0","0","0","0","0","0","0","0","0","0","0","0","0","0","0","0","0","0","0","0","0","0","0","0","0","0","0","0","0","0","0","0"
"0x7f11cf5bc7f0","      LDS.U8 R0, [UR4+0x1c]","0","0","0","256","8192","8192","32","32","0","0","Shared","Load","8","1","0","256","256","0","0","0","0","0","0","0","0","0","0","0","0","0","0","0","0","0","0","0","0","0","0","0","0","0","0","0","0","0","0","0","0","0","0"
"0x7f11cf5bc800","      ISETP.NE.AND P0, PT, R0, RZ, PT","0","0","0","256","8192","8192","32","32","0","0","-","-","-","0","0","0","0","0","0","0","0","0","0","0","0","0","0","0","0","0","0","0","0","0","0","0","0","0","0","0","0","0","0","0","0","0","0","0","0","0","0"
"0x7f11cf5bc810","@P0   BRA 0x7f11cf5bc980","0","0","0","256","8192","0","32","0","32","0","-","-","-","0","0","0","0","0","0","0","0","0","0","0","0","0","0","0","0","0","0","0","0","0","0","0","0","0","0","0","0","0","0","0","0","0","0","0","0","0","0"
"0x7f11cf5bc820","      ELECT P0, URZ, PT","0","0","0","256","8192","8192","32","32","0","0","-","-","-","0","0","0","0","0","0","0","0","0","0","0","0","0","0","0","0","0","0","0","0","0","0","0","0","0","0","0","0","0","0","0","0","0","0","0","0","0","0"
"0x7f11cf5bc830","@!P0  BRA 0x7f11cf5bc9c0","0","0","0","256","8192","7936","32","31","1","256","-","-","-","0","0","0","0","0","0","0","0","0","0","0","0","0","0","0","0","0","0","0","0","0","0","0","0","0","0","0","0","0","0","0","0","0","0","0","0","0","0"
"0x7f11cf5bc840","      UMOV UR5, 0x4","0","0","0","256","256","256","1","1","31","0","-","-","-","0","0","0","0","0","0","0","0","0","0","0","0","0","0","0","0","0","0","0","0","0","0","0","0","0","0","0","0","0","0","0","0","0","0","0","0","0","0"
"0x7f11cf5bc850","      IMAD.MOV.U32 R3, RZ, RZ, 0xf","0","0","0","256","256","256","1","1","31","0","-","-","-","0","0","0","0","0","0","0","0","0","0","0","0","0","0","0","0","0","0","0","0","0","0","0","0","0","0","0","0","0","0","0","0","0","0","0","0","0","0"
"0x7f11cf5bc860","      IMAD.MOV.U32 R5, RZ, RZ, 0x1","0","0","0","256","256","256","1","1","31","0","-","-","-","0","0","0","0","0","0","0","0","0","0","0","0","0","0","0","0","0","0","0","0","0","0","0","0","0","0","0","0","0","0","0","0","0","0","0","0","0","0"
"0x7f11cf5bc870","      DEPBAR.LE SB1, 0x36","0","0","0","256","256","256","1","1","31","0","-","-","-","0","0","0","0","0","0","0","0","0","0","0","0","0","0","0","0","0","0","0","0","0","0","0","0","0","0","0","0","0","0","0","0","0","0","0","0","0","0"
"0x7f11cf5bc880","      UTCATOMSWS.FIND_AND_SET.ALIGN UP0, UR5, UR5","0","0","0","256","256","256","1","1","31","0","-","-","-","0","0","0","0","0","0","0","0","0","0","0","0","0","0","0","0","0","0","0","0","0","0","0","0","0","0","0","0","0","0","0","0","0","0","0","0","0","0"
"0x7f11cf5bc890","      IMAD.U32 R0, RZ, RZ, UR5","0","0","0","256","256","256","1","1","31","0","-","-","-","0","0","0","0","0","0","0","0","0","0","0","0","0","0","0","0","0","0","0","0","0","0","0","0","0","0","0","0","0","0","0","0","0","0","0","0","0","0"
"0x7f11cf5bc8a0","      BRA.U UP0, 0x7f11cf5bc910","0","0","0","256","256","256","1","1","31","0","-","-","-","0","0","0","0","0","0","0","0","0","0","0","0","0","0","0","0","0","0","0","0","0","0","0","0","0","0","0","0","0","0","0","0","0","0","0","0","0","0"
"0x7f11cf5bc8b0","      NANOSLEEP 0x64","0","0","0","0","0","0","0","0","32","0","-","-","-","0","0","0","0","0","0","0","0","0","0","0","0","0","0","0","0","0","0","0","0","0","0","0","0","0","0","0","0","0","0","0","0","0","0","0","0","0","0"
"0x7f11cf5bc8c0","      UMOV UR5, 0x4","0","0","0","0","0","0","0","0","32","0","-","-","-","0","0","0","0","0","0","0","0","0","0","0","0","0","0","0","0","0","0","0","0","0","0","0","0","0","0","0","0","0","0","0","0","0","0","0","0","0","0"
"0x7f11cf5bc8d0","      DEPBAR.LE SB1, 0x36","0","0","0","0","0","0","0","0","32","0","-","-","-","0","0","0","0","0","0","0","0","0","0","0","0","0","0","0","0","0","0","0","0","0","0","0","0","0","0","0","0","0","0","0","0","0","0","0","0","0","0"
"0x7f11cf5bc8e0","      UTCATOMSWS.FIND_AND_SET.ALIGN UP0, UR5, UR5","0","0","0","0","0","0","0","0","32","0","-","-","-","0","0","0","0","0","0","0","0","0","0","0","0","0","0","0","0","0","0","0","0","0","0","0","0","0","0","0","0","0","0","0","0","0","0","0","0","0","0"
"0x7f11cf5bc8f0","      IMAD.U32 R0, RZ, RZ, UR5","0","0","0","0","0","0","0","0","32","0","-","-","-","0","0","0","0","0","0","0","0","0","0","0","0","0","0","0","0","0","0","0","0","0","0","0","0","0","0","0","0","0","0","0","0","0","0","0","0","0","0"
"0x7f11cf5bc900","      BRA.U !UP0, 0x7f11cf5bc8b0","0","0","0","0","0","0","0","0","32","0","-","-","-","0","0","0","0","0","0","0","0","0","0","0","0","0","0","0","0","0","0","0","0","0","0","0","0","0","0","0","0","0","0","0","0","0","0","0","0","0","0"
"0x7f11cf5bc910","      SHF.L.U32 R3, R3, R0, RZ","0","0","0","256","256","256","1","1","31","0","-","-","-","0","0","0","0","0","0","0","0","0","0","0","0","0","0","0","0","0","0","0","0","0","0","0","0","0","0","0","0","0","0","0","0","0","0","0","0","0","0"
"0x7f11cf5bc920","      SHF.L.U32 R4, R5, R0, RZ","0","0","0","256","256","256","1","1","31","0","-","-","-","0","0","0","0","0","0","0","0","0","0","0","0","0","0","0","0","0","0","0","0","0","0","0","0","0","0","0","0","0","0","0","0","0","0","0","0","0","0"
"0x7f11cf5bc930","      IMAD.SHL.U32 R0, R0, 0x20, RZ","0","0","0","256","256","256","1","1","31","0","-","-","-","0","0","0","0","0","0","0","0","0","0","0","0","0","0","0","0","0","0","0","0","0","0","0","0","0","0","0","0","0","0","0","0","0","0","0","0","0","0"
"0x7f11cf5bc940","      ATOMS.OR RZ, [UR4+0x14], R3","0","0","0","256","256","256","1","1","31","0","Shared","Atomic","32","1","0","256","256","0","0","0","0","0","0","0","0","0","0","0","0","0","0","0","0","0","0","0","0","0","0","0","0","0","0","0","0","0","0","0","0","0","0"
"0x7f11cf5bc950","      ATOMS.OR RZ, [UR4+0x18], R4","0","0","0","256","256","256","1","1","31","0","Shared","Atomic","32","1","0","256","256","0","0","0","0","0","0","0","0","0","0","0","0","0","0","0","0","0","0","0","0","0","0","0","0","0","0","0","0","0","0","0","0","0","0"
"0x7f11cf5bc960","      STS [UR6], R0","0","0","0","256","256","256","1","1","31","0","Shared","Store","32","1","0","256","256","0","0","0","0","0","0","0","0","0","0","0","0","0","0","0","0","0","0","0","0","0","0","0","0","0","0","0","0","0","0","0","0","0","0"
"0x7f11cf5bc970","      BRA 0x7f11cf5bc9c0","0","0","0","256","256","256","1","1","31","0","-","-","-","0","0","0","0","0","0","0","0","0","0","0","0","0","0","0","0","0","0","0","0","0","0","0","0","0","0","0","0","0","0","0","0","0","0","0","0","0","0"
"0x7f11cf5bc980","      IMAD.MOV.U32 R0, RZ, RZ, -0x1","0","0","0","0","0","0","0","0","32","0","-","-","-","0","0","0","0","0","0","0","0","0","0","0","0","0","0","0","0","0","0","0","0","0","0","0","0","0","0","0","0","0","0","0","0","0","0","0","0","0","0"
"0x7f11cf5bc990","      MOV R4, 0x5c0","0","0","0","0","0","0","0","0","32","0","-","-","-","0","0","0","0","0","0","0","0","0","0","0","0","0","0","0","0","0","0","0","0","0","0","0","0","0","0","0","0","0","0","0","0","0","0","0","0","0","0"
"0x7f11cf5bc9a0","      STS [UR6], R0","0","0","0","0","0","0","0","0","32","0","","","","0","0","0","0","0","0","0","0","0","0","0","0","0","0","0","0","0","0","0","0","0","0","0","0","0","0","0","0","0","0","0","0","0","0","0","0","0","0"
"0x7f11cf5bc9b0","      CALL.REL.NOINC 0x7f11cf5bf3a0","0","0","0","0","0","0","0","0","32","0","-","-","-","0","0","0","0","0","0","0","0","0","0","0","0","0","0","0","0","0","0","0","0","0","0","0","0","0","0","0","0","0","0","0","0","0","0","0","0","0","0"
"0x7f11cf5bc9c0","      WARPSYNC.ALL","0","0","0","512","8192","8192","16","16","16","0","-","-","-","0","0","0","0","0","0","0","0","0","0","0","0","0","0","0","0","0","0","0","0","0","0","0","0","0","0","0","0","0","0","0","0","0","0","0","0","0","0"
"0x7f11cf5bc9d0","      S2UR UR5, SR_CgaCtaId","0","0","0","256","8192","8192","32","32","0","0","-","-","-","0","0","0","0","0","0","0","0","0","0","0","0","0","0","0","0","0","0","0","0","0","0","0","0","0","0","0","0","0","0","0","0","0","0","0","0","0","0"
"0x7f11cf5bc9e0","      ELECT P0, URZ, PT","0","0","0","256","8192","8192","32","32","0","0","-","-","-","0","0","0","0","0","0","0","0","0","0","0","0","0","0","0","0","0","0","0","0","0","0","0","0","0","0","0","0","0","0","0","0","0","0","0","0","0","0"
"0x7f11cf5bc9f0","      BSSY.RECONVERGENT B0, 0x7f11cf5bca70","0","0","0","256","8192","8192","32","32","0","0","-","-","-","0","0","0","0","0","0","0","0","0","0","0","0","0","0","0","0","0","0","0","0","0","0","0","0","0","0","0","0","0","0","0","0","0","0","0","0","0","0"
"0x7f11cf5bca00","      UMOV UR4, 0x40","0","0","0","256","8192","8192","32","32","0","0","-","-","-","0","0","0","0","0","0","0","0","0","0","0","0","0","0","0","0","0","0","0","0","0","0","0","0","0","0","0","0","0","0","0","0","0","0","0","0","0","0"
"0x7f11cf5bca10","      ULEA UR4, UR5, UR4, 0x18","0","0","0","256","8192","8192","32","32","0","0","-","-","-","0","0","0","0","0","0","0","0","0","0","0","0","0","0","0","0","0","0","0","0","0","0","0","0","0","0","0","0","0","0","0","0","0","0","0","0","0","0"
"0x7f11cf5bca20","@!P0  BRA 0x7f11cf5bca60","0","0","0","256","8192","7936","32","31","1","256","-","-","-","0","0","0","0","0","0","0","0","0","0","0","0","0","0","0","0","0","0","0","0","0","0","0","0","0","0","0","0","0","0","0","0","0","0","0","0","0","0"
"0x7f11cf5bca30","      IMAD.MOV.U32 R0, RZ, RZ, 0x1","0","0","0","256","256","256","1","1","31","0","-","-","-","0","0","0","0","0","0","0","0","0","0","0","0","0","0","0","0","0","0","0","0","0","0","0","0","0","0","0","0","0","0","0","0","0","0","0","0","0","0"
"0x7f11cf5bca40","      UVIRTCOUNT.DEALLOC.SMPOOL 0x80","0","0","0","256","256","256","1","1","31","0","-","-","-","0","0","0","0","0","0","0","0","0","0","0","0","0","0","0","0","0","0","0","0","0","0","0","0","0","0","0","0","0","0","0","0","0","0","0","0","0","0"
"0x7f11cf5bca50","      STS.U8 [UR4+0x1c], R0","0","0","0","256","256","256","1","1","31","0","Shared","Store","8","1","0","256","256","0","0","0","0","0","0","0","0","0","0","0","0","0","0","0","0","0","0","0","0","0","0","0","0","0","0","0","0","0","0","0","0","0","0"
"0x7f11cf5bca60","      BSYNC.RECONVERGENT B0","0","0","0","512","8192","8192","16","16","16","0","-","-","-","0","0","0","0","0","0","0","0","0","0","0","0","0","0","0","0","0","0","0","0","0","0","0","0","0","0","0","0","0","0","0","0","0","0","0","0","0","0"
"0x7f11cf5bca70","      BRA 0x7f11cf5bcab0","0","0","0","256","8192","8192","32","32","0","0","-","-","-","0","0","0","0","0","0","0","0","0","0","0","0","0","0","0","0","0","0","0","0","0","0","0","0","0","0","0","0","0","0","0","0","0","0","0","0","0","0"
"0x7f11cf5bca80","      ISETP.GT.U32.AND P0, PT, R2, 0x3, PT","5","5","5","1792","57344","57344","32","32","0","0","-","-","-","0","0","0","0","0","0","0","0","0","0","0","0","0","0","5","0","0","0","0","0","0","0","0","0","0","0","0","0","0","0","0","5","0","0","0","0","0","0"
"0x7f11cf5bca90","      IMAD.MOV.U32 R0, RZ, RZ, RZ","0","0","0","1792","57344","57344","32","32","0","0","-","-","-","0","0","0","0","0","0","0","0","0","0","0","0","0","0","0","0","0","0","0","0","0","0","0","0","0","0","0","0","0","0","0","0","0","0","0","0","0","0"
"0x7f11cf5bcaa0","@P0   BRA 0x7f11cf5bcb50","0","0","0","1792","57344","24576","32","13","19","0","-","-","-","0","0","0","0","0","0","0","0","0","0","0","0","0","0","0","0","0","0","0","0","0","0","0","0","0","0","0","0","0","0","0","0","0","0","0","0","0","0"
"0x7f11cf5bcab0","      S2R R3, SR_CgaCtaId","1","1","1","1280","40960","40960","32","32","0","0","-","-","-","0","0","0","0","0","1","0","0","0","0","0","0","0","0","0","0","0","0","0","0","0","0","1","0","0","0","0","0","0","0","0","0","0","0","0","0","0","0"
"0x7f11cf5bcac0","      MOV R0, 0x400","0","0","0","1280","40960","40960","32","32","0","0","-","-","-","0","0","0","0","0","0","0","0","0","0","0","0","0","0","0","0","0","0","0","0","0","0","0","0","0","0","0","0","0","0","0","0","0","0","0","0","0","0"
"0x7f11cf5bcad0","      LEA R3, R3, R0, 0x18","1","1","1","1280","40960","40960","32","32","0","0","-","-","-","0","0","0","0","0","0","0","0","0","0","0","0","0","0","0","0","0","1","0","0","0","0","0","0","0","0","0","0","0","0","0","0","0","0","1","0","0","0"
"0x7f11cf5bcae0","      SHF.L.U32 R0, RZ, 0x1f, RZ","0","0","0","1280","40960","40960","32","32","0","0","-","-","-","0","0","0","0","0","0","0","0","0","0","0","0","0","0","0","0","0","0","0","0","0","0","0","0","0","0","0","0","0","0","0","0","0","0","0","0","0","0"
"0x7f11cf5bcaf0","      SYNCS.ARRIVE.TRANS64.A1T0 RZ, [R3+URZ+0x38098], RZ","0","0","0","1280","40960","40960","32","32","0","0","-","-","-","0","0","0","0","0","0","0","0","0","0","0","0","0","0","0","0","0","0","0","0","0","0","0","0","0","0","0","0","0","0","0","0","0","0","0","0","0","0"
"0x7f11cf5bcb00","      SYNCS.PHASECHK.TRANS64.TRYWAIT P0, [R3+URZ+0x38098], R0","0","0","0","1280","40960","40960","32","32","0","0","-","-","-","0","0","0","0","0","0","0","0","0","0","0","0","0","0","0","0","0","0","0","0","0","0","0","0","0","0","0","0","0","0","0","0","0","0","0","0","0","0"
"0x7f11cf5bcb10","@!P0  BRA 0x7f11cf5bf050","12","11","12","1280","40960","32768","32","25","7","0","-","-","-","0","0","0","0","0","0","0","0","0","12","0","0","0","0","0","0","0","0","0","0","0","0","0","0","0","0","11","0","0","0","0","0","0","0","0","0","0","0"
"0x7f11cf5bcb20","      LDS R3, [R3+0x380c0]","0","0","0","1280","40960","40960","32","32","0","0","Shared","Load","32","1","0","1280","1280","0","0","0","0","0","0","0","0","0","0","0","0","0","0","0","0","0","0","0","0","0","0","0","0","0","0","0","0","0","0","0","0","0","0"
"0x7f11cf5bcb30","      IMAD.MOV.U32 R0, RZ, RZ, 0x1","0","0","0","1280","40960","40960","32","32","0","0","-","-","-","0","0","0","0","0","0","0","0","0","0","0","0","0","0","0","0","0","0","0","0","0","0","0","0","0","0","0","0","0","0","0","0","0","0","0","0","0","0"
"0x7f11cf5bcb40","      R2UR UR20, R3","3","3","3","1280","40960","40960","32","32","0","0","-","-","-","0","0","0","0","0","0","0","0","0","0","0","0","0","0","0","0","0","3","0","0","0","0","0","0","0","0","0","0","0","0","0","0","0","0","3","0","0","0"
"0x7f11cf5bcb50","      ISETP.GE.U32.AND P0, PT, R2, 0x4, PT","0","0","0","2048","65536","65536","32","32","0","0","-","-","-","0","0","0","0","0","0","0","0","0","0","0","0","0","0","0","0","0","0","0","0","0","0","0","0","0","0","0","0","0","0","0","0","0","0","0","0","0","0"
"0x7f11cf5bcb60","@!P0  BRA 0x7f11cf5bd5f0","2","2","2","2048","65536","32768","32","16","16","0","-","-","-","0","0","0","0","0","0","0","0","0","0","0","0","0","0","0","0","0","0","0","0","2","0","0","0","0","0","0","0","0","0","0","0","0","0","0","0","0","2"
"0x7f11cf5bcb70","      ISETP.NE.U32.AND P0, PT, R2, 0x4, PT","2","0","2","1024","32768","32768","32","32","0","0","-","-","-","0","0","0","0","0","0","0","0","0","0","0","0","0","0","0","0","2","0","0","0","0","0","0","0","0","0","0","0","0","0","0","0","0","0","0","0","0","0"
"0x7f11cf5bcb80","@P0   BRA 0x7f11cf5bdf20","0","0","0","1024","32768","24576","32","24","8","0","-","-","-","0","0","0","0","0","0","0","0","0","0","0","0","0","0","0","0","0","0","0","0","0","0","0","0","0","0","0","0","0","0","0","0","0","0","0","0","0","0"
"0x7f11cf5bcb90","      NOP","0","0","0","256","8192","8192","32","32","0","0","-","-","-","0","0","0","0","0","0","0","0","0","0","0","0","0","0","0","0","0","0","0","0","0","0","0","0","0","0","0","0","0","0","0","0","0","0","0","0","0","0"
"0x7f11cf5bcba0","      USETMAXREG.DEALLOC.CTAPOOL 0x20","0","0","0","256","8192","8192","32","32","0","0","-","-","-","0","0","0","0","0","0","0","0","0","0","0","0","0","0","0","0","0","0","0","0","0","0","0","0","0","0","0","0","0","0","0","0","0","0","0","0","0","0"
"0x7f11cf5bcbb0","      LDC.64 R6, c[0x0][0x3c8]","0","0","0","256","8192","8192","32","32","0","0","-","-","-","0","0","0","0","0","0","0","0","0","0","0","0","0","0","0","0","0","0","0","0","0","0","0","0","0","0","0","0","0","0","0","0","0","0","0","0","0","0"
"0x7f11cf5bcbc0","      CS2R.32 R13, SR_CgaSize","0","0","0","256","8192","8192","32","32","0","0","-","-","-","0","0","0","0","0","0","0","0","0","0","0","0","0","0","0","0","0","0","0","0","0","0","0","0","0","0","0","0","0","0","0","0","0","0","0","0","0","0"
"0x7f11cf5bcbd0","      IMAD R13, R13, -0xa0, RZ","0","0","0","256","8192","8192","32","32","0","0","-","-","-","0","0","0","0","0","0","0","0","0","0","0","0","0","0","0","0","0","0","0","0","0","0","0","0","0","0","0","0","0","0","0","0","0","0","0","0","0","0"
"0x7f11cf5bcbe0","      R2UR UR5, R13","0","0","0","256","8192","8192","32","32","0","0","-","-","-","0","0","0","0","0","0","0","0","0","0","0","0","0","0","0","0","0","0","0","0","0","0","0","0","0","0","0","0","0","0","0","0","0","0","0","0","0","0"
"0x7f11cf5bcbf0","      LDCU UR5, c[0x0][UR5+0x2b0]","0","0","0","256","8192","8192","32","32","0","0","-","-","-","0","0","0","0","0","0","0","0","0","0","0","0","0","0","0","0","0","0","0","0","0","0","0","0","0","0","0","0","0","0","0","0","0","0","0","0","0","0"
"0x7f11cf5bcc00","      LDCU.64 UR24, c[0x0][0x348]","0","0","0","256","8192","8192","32","32","0","0","-","-","-","0","0","0","0","0","0","0","0","0","0","0","0","0","0","0","0","0","0","0","0","0","0","0","0","0","0","0","0","0","0","0","0","0","0","0","0","0","0"
"0x7f11cf5bcc10","      S2UR UR4, SR_CTAID.X","0","0","0","256","8192","8192","32","32","0","0","-","-","-","0","0","0","0","0","0","0","0","0","0","0","0","0","0","0","0","0","0","0","0","0","0","0","0","0","0","0","0","0","0","0","0","0","0","0","0","0","0"
"0x7f11cf5bcc20","      UIADD3 UR6, UP0, UPT, UR24, 0x80, URZ","0","0","0","256","8192","8192","32","32","0","0","-","-","-","0","0","0","0","0","0","0","0","0","0","0","0","0","0","0","0","0","0","0","0","0","0","0","0","0","0","0","0","0","0","0","0","0","0","0","0","0","0"
"0x7f11cf5bcc30","      SHF.R.S32.HI R4, RZ, 0x1f, R7","0","0","0","256","8192","8192","32","32","0","0","-","-","-","0","0","0","0","0","0","0","0","0","0","0","0","0","0","0","0","0","0","0","0","0","0","0","0","0","0","0","0","0","0","0","0","0","0","0","0","0","0"
"0x7f11cf5bcc40","      UIADD3 UR8, UP1, UPT, UR24, 0x100, URZ","0","0","0","256","8192","8192","32","32","0","0","-","-","-","0","0","0","0","0","0","0","0","0","0","0","0","0","0","0","0","0","0","0","0","0","0","0","0","0","0","0","0","0","0","0","0","0","0","0","0","0","0"
"0x7f11cf5bcc50","      UIADD3.X UR7, UPT, UPT, URZ, UR25, URZ, UP0, !UPT","0","0","0","256","8192","8192","32","32","0","0","-","-","-","0","0","0","0","0","0","0","0","0","0","0","0","0","0","0","0","0","0","0","0","0","0","0","0","0","0","0","0","0","0","0","0","0","0","0","0","0","0"
"0x7f11cf5bcc60","      LEA.HI R4, R4, R7, RZ, 0x7","0","0","0","256","8192","8192","32","32","0","0","-","-","-","0","0","0","0","0","0","0","0","0","0","0","0","0","0","0","0","0","0","0","0","0","0","0","0","0","0","0","0","0","0","0","0","0","0","0","0","0","0"
"0x7f11cf5bcc70","      UIADD3.X UR9, UPT, UPT, URZ, UR25, URZ, UP1, !UPT","0","0","0","256","8192","8192","32","32","0","0","-","-","-","0","0","0","0","0","0","0","0","0","0","0","0","0","0","0","0","0","0","0","0","0","0","0","0","0","0","0","0","0","0","0","0","0","0","0","0","0","0"
"0x7f11cf5bcc80","      LOP3.LUT R8, R4, 0xffffff80, RZ, 0xc0, !PT","0","0","0","256","8192","8192","32","32","0","0","-","-","-","0","0","0","0","0","0","0","0","0","0","0","0","0","0","0","0","0","0","0","0","0","0","0","0","0","0","0","0","0","0","0","0","0","0","0","0","0","0"
"0x7f11cf5bcc90","      SHF.R.S32.HI R3, RZ, 0x7, R4","0","0","0","256","8192","8192","32","32","0","0","-","-","-","0","0","0","0","0","0","0","0","0","0","0","0","0","0","0","0","0","0","0","0","0","0","0","0","0","0","0","0","0","0","0","0","0","0","0","0","0","0"
"0x7f11cf5bcca0","      ISETP.NE.U32.AND P0, PT, R8, R7, PT","0","0","0","256","8192","8192","32","32","0","0","-","-","-","0","0","0","0","0","0","0","0","0","0","0","0","0","0","0","0","0","0","0","0","0","0","0","0","0","0","0","0","0","0","0","0","0","0","0","0","0","0"
"0x7f11cf5bccb0","      UTMACCTL.PF [UR6]","0","0","0","256","8192","8192","32","32","0","0","-","-","-","0","0","0","0","0","0","0","0","0","0","0","0","0","0","0","0","0","0","0","0","0","0","0","0","0","0","0","0","0","0","0","0","0","0","0","0","0","0"
"0x7f11cf5bccc0","      ISETP.GT.AND P0, PT, R7, -0x1, P0","0","0","0","256","8192","8192","32","32","0","0","-","-","-","0","0","0","0","0","0","0","0","0","0","0","0","0","0","0","0","0","0","0","0","0","0","0","0","0","0","0","0","0","0","0","0","0","0","0","0","0","0"
"0x7f11cf5bccd0","      UTMACCTL.PF [UR8]","0","0","0","256","8192","8192","32","32","0","0","-","-","-","0","0","0","0","0","0","0","0","0","0","0","0","0","0","0","0","0","0","0","0","0","0","0","0","0","0","0","0","0","0","0","0","0","0","0","0","0","0"
"0x7f11cf5bcce0","      LEA.HI.SX32 R7, R4, 0x1, 0x19","0","0","0","256","8192","8192","32","32","0","0","-","-","-","0","0","0","0","0","0","0","0","0","0","0","0","0","0","0","0","0","0","0","0","0","0","0","0","0","0","0","0","0","0","0","0","0","0","0","0","0","0"
"0x7f11cf5bccf0","      UMOV UR6, 0x1","0","0","0","256","8192","8192","32","32","0","0","-","-","-","0","0","0","0","0","0","0","0","0","0","0","0","0","0","0","0","0","0","0","0","0","0","0","0","0","0","0","0","0","0","0","0","0","0","0","0","0","0"
"0x7f11cf5bcd00","      I2FP.F32.U32 R8, UR4","0","0","0","256","8192","8192","32","32","0","0","-","-","-","0","0","0","0","0","0","0","0","0","0","0","0","0","0","0","0","0","0","0","0","0","0","0","0","0","0","0","0","0","0","0","0","0","0","0","0","0","0"
"0x7f11cf5bcd10","      UMOV UR4, 0x400","0","0","0","256","8192","8192","32","32","0","0","-","-","-","0","0","0","0","0","0","0","0","0","0","0","0","0","0","0","0","0","0","0","0","0","0","0","0","0","0","0","0","0","0","0","0","0","0","0","0","0","0"
"0x7f11cf5bcd20","      UMOV UR7, URZ","0","0","0","256","8192","8192","32","32","0","0","-","-","-","0","0","0","0","0","0","0","0","0","0","0","0","0","0","0","0","0","0","0","0","0","0","0","0","0","0","0","0","0","0","0","0","0","0","0","0","0","0"
"0x7f11cf5bcd30","@!P0  IMAD.MOV R7, RZ, RZ, R3","0","0","0","256","8192","8192","32","32","0","0","-","-","-","0","0","0","0","0","0","0","0","0","0","0","0","0","0","0","0","0","0","0","0","0","0","0","0","0","0","0","0","0","0","0","0","0","0","0","0","0","0"
"0x7f11cf5bcd40","      FMUL R8, R8, UR5","0","0","0","256","8192","8192","32","32","0","0","-","-","-","0","0","0","0","0","0","0","0","0","0","0","0","0","0","0","0","0","0","0","0","0","0","0","0","0","0","0","0","0","0","0","0","0","0","0","0","0","0"
"0x7f11cf5bcd50","      S2UR UR5, SR_CgaCtaId","0","0","0","256","8192","8192","32","32","0","0","-","-","-","0","0","0","0","0","0","0","0","0","0","0","0","0","0","0","0","0","0","0","0","0","0","0","0","0","0","0","0","0","0","0","0","0","0","0","0","0","0"
"0x7f11cf5bcd60","      IMAD.SHL.U32 R3, R7, 0x8, RZ","0","0","0","256","8192","8192","32","32","0","0","-","-","-","0","0","0","0","0","0","0","0","0","0","0","0","0","0","0","0","0","0","0","0","0","0","0","0","0","0","0","0","0","0","0","0","0","0","0","0","0","0"
"0x7f11cf5bcd70","      F2I.U32.TRUNC.NTZ R8, R8","0","0","0","256","8192","8192","32","32","0","0","-","-","-","0","0","0","0","0","0","0","0","0","0","0","0","0","0","0","0","0","0","0","0","0","0","0","0","0","0","0","0","0","0","0","0","0","0","0","0","0","0"
"0x7f11cf5bcd80","      IABS R11, R3","0","0","0","256","8192","8192","32","32","0","0","-","-","-","0","0","0","0","0","0","0","0","0","0","0","0","0","0","0","0","0","0","0","0","0","0","0","0","0","0","0","0","0","0","0","0","0","0","0","0","0","0"
"0x7f11cf5bcd90","      I2F.RP R9, R11","0","0","0","256","8192","8192","32","32","0","0","-","-","-","0","0","0","0","0","0","0","0","0","0","0","0","0","0","0","0","0","0","0","0","0","0","0","0","0","0","0","0","0","0","0","0","0","0","0","0","0","0"
"0x7f11cf5bcda0","      ULEA UR21, UR5, UR4, 0x18","0","0","0","256","8192","8192","32","32","0","0","-","-","-","0","0","0","0","0","0","0","0","0","0","0","0","0","0","0","0","0","0","0","0","0","0","0","0","0","0","0","0","0","0","0","0","0","0","0","0","0","0"
"0x7f11cf5bcdb0","      UMOV UR4, URZ","0","0","0","256","8192","8192","32","32","0","0","-","-","-","0","0","0","0","0","0","0","0","0","0","0","0","0","0","0","0","0","0","0","0","0","0","0","0","0","0","0","0","0","0","0","0","0","0","0","0","0","0"
"0x7f11cf5bcdc0","      MUFU.RCP R9, R9","0","0","0","256","8192","8192","32","32","0","0","-","-","-","0","0","0","0","0","0","0","0","0","0","0","0","0","0","0","0","0","0","0","0","0","0","0","0","0","0","0","0","0","0","0","0","0","0","0","0","0","0"
"0x7f11cf5bcdd0","      UMOV UR5, URZ","0","0","0","256","8192","8192","32","32","0","0","-","-","-","0","0","0","0","0","0","0","0","0","0","0","0","0","0","0","0","0","0","0","0","0","0","0","0","0","0","0","0","0","0","0","0","0","0","0","0","0","0"
"0x7f11cf5bcde0","      VIADD R4, R9, 0xffffffe","1","1","1","256","8192","8192","32","32","0","0","-","-","-","0","0","0","0","0","0","0","0","0","0","0","0","0","0","0","0","0","1","0","0","0","0","0","0","0","0","0","0","0","0","0","0","0","0","1","0","0","0"
"0x7f11cf5bcdf0","      IABS R9, R3","0","0","0","256","8192","8192","32","32","0","0","-","-","-","0","0","0","0","0","0","0","0","0","0","0","0","0","0","0","0","0","0","0","0","0","0","0","0","0","0","0","0","0","0","0","0","0","0","0","0","0","0"
"0x7f11cf5bce00","      F2I.FTZ.U32.TRUNC.NTZ R5, R4","0","0","0","256","8192","8192","32","32","0","0","-","-","-","0","0","0","0","0","0","0","0","0","0","0","0","0","0","0","0","0","0","0","0","0","0","0","0","0","0","0","0","0","0","0","0","0","0","0","0","0","0"
"0x7f11cf5bce10","      IMAD.MOV R9, RZ, RZ, -R9","0","0","0","256","8192","8192","32","32","0","0","-","-","-","0","0","0","0","0","0","0","0","0","0","0","0","0","0","0","0","0","0","0","0","0","0","0","0","0","0","0","0","0","0","0","0","0","0","0","0","0","0"
"0x7f11cf5bce20","      IMAD.MOV.U32 R4, RZ, RZ, RZ","0","0","0","256","8192","8192","32","32","0","0","-","-","-","0","0","0","0","0","0","0","0","0","0","0","0","0","0","0","0","0","0","0","0","0","0","0","0","0","0","0","0","0","0","0","0","0","0","0","0","0","0"
"0x7f11cf5bce30","      IMAD.MOV R10, RZ, RZ, -R5","0","0","0","256","8192","8192","32","32","0","0","-","-","-","0","0","0","0","0","0","0","0","0","0","0","0","0","0","0","0","0","0","0","0","0","0","0","0","0","0","0","0","0","0","0","0","0","0","0","0","0","0"
"0x7f11cf5bce40","      IMAD R13, R10, R11, RZ","0","0","0","256","8192","8192","32","32","0","0","-","-","-","0","0","0","0","0","0","0","0","0","0","0","0","0","0","0","0","0","0","0","0","0","0","0","0","0","0","0","0","0","0","0","0","0","0","0","0","0","0"
"0x7f11cf5bce50","      IMAD.HI.U32 R5, R5, R13, R4","0","0","0","256","8192","8192","32","32","0","0","-","-","-","0","0","0","0","0","0","0","0","0","0","0","0","0","0","0","0","0","0","0","0","0","0","0","0","0","0","0","0","0","0","0","0","0","0","0","0","0","0"
"0x7f11cf5bce60","      IABS R4, R8","0","0","0","256","8192","8192","32","32","0","0","-","-","-","0","0","0","0","0","0","0","0","0","0","0","0","0","0","0","0","0","0","0","0","0","0","0","0","0","0","0","0","0","0","0","0","0","0","0","0","0","0"
"0x7f11cf5bce70","      IMAD.HI.U32 R5, R5, R4, RZ","0","0","0","256","8192","8192","32","32","0","0","-","-","-","0","0","0","0","0","0","0","0","0","0","0","0","0","0","0","0","0","0","0","0","0","0","0","0","0","0","0","0","0","0","0","0","0","0","0","0","0","0"
"0x7f11cf5bce80","      IMAD R4, R5, R9, R4","0","0","0","256","8192","8192","32","32","0","0","-","-","-","0","0","0","0","0","0","0","0","0","0","0","0","0","0","0","0","0","0","0","0","0","0","0","0","0","0","0","0","0","0","0","0","0","0","0","0","0","0"
"0x7f11cf5bce90","      ISETP.GT.U32.AND P2, PT, R11, R4, PT","0","0","0","256","8192","8192","32","32","0","0","-","-","-","0","0","0","0","0","0","0","0","0","0","0","0","0","0","0","0","0","0","0","0","0","0","0","0","0","0","0","0","0","0","0","0","0","0","0","0","0","0"
"0x7f11cf5bcea0","@!P2  IMAD.IADD R4, R4, 0x1, -R11","0","0","0","256","8192","32","32","0","32","0","-","-","-","0","0","0","0","0","0","0","0","0","0","0","0","0","0","0","0","0","0","0","0","0","0","0","0","0","0","0","0","0","0","0","0","0","0","0","0","0","0"
"0x7f11cf5bceb0","@!P2  VIADD R5, R5, 0x1","0","0","0","256","8192","32","32","0","32","0","-","-","-","0","0","0","0","0","0","0","0","0","0","0","0","0","0","0","0","0","0","0","0","0","0","0","0","0","0","0","0","0","0","0","0","0","0","0","0","0","0"
"0x7f11cf5bcec0","      ISETP.NE.AND P2, PT, R3, RZ, PT","0","0","0","256","8192","8192","32","32","0","0","-","-","-","0","0","0","0","0","0","0","0","0","0","0","0","0","0","0","0","0","0","0","0","0","0","0","0","0","0","0","0","0","0","0","0","0","0","0","0","0","0"
"0x7f11cf5bced0","      ISETP.GE.U32.AND P0, PT, R4, R11, PT","0","0","0","256","8192","8192","32","32","0","0","-","-","-","0","0","0","0","0","0","0","0","0","0","0","0","0","0","0","0","0","0","0","0","0","0","0","0","0","0","0","0","0","0","0","0","0","0","0","0","0","0"
"0x7f11cf5bcee0","      LOP3.LUT R4, R8, R3, RZ, 0x3c, !PT","0","0","0","256","8192","8192","32","32","0","0","-","-","-","0","0","0","0","0","0","0","0","0","0","0","0","0","0","0","0","0","0","0","0","0","0","0","0","0","0","0","0","0","0","0","0","0","0","0","0","0","0"
"0x7f11cf5bcef0","      ISETP.GE.AND P1, PT, R4, RZ, PT","0","0","0","256","8192","8192","32","32","0","0","-","-","-","0","0","0","0","0","0","0","0","0","0","0","0","0","0","0","0","0","0","0","0","0","0","0","0","0","0","0","0","0","0","0","0","0","0","0","0","0","0"
"0x7f11cf5bcf00","@P0   VIADD R5, R5, 0x1","0","0","0","256","8192","0","32","0","32","0","-","-","-","0","0","0","0","0","0","0","0","0","0","0","0","0","0","0","0","0","0","0","0","0","0","0","0","0","0","0","0","0","0","0","0","0","0","0","0","0","0"
"0x7f11cf5bcf10","      IMAD.MOV.U32 R4, RZ, RZ, R5","0","0","0","256","8192","8192","32","32","0","0","-","-","-","0","0","0","0","0","0","0","0","0","0","0","0","0","0","0","0","0","0","0","0","0","0","0","0","0","0","0","0","0","0","0","0","0","0","0","0","0","0"
"0x7f11cf5bcf20","      SHF.R.S32.HI R5, RZ, 0x1f, R6","0","0","0","256","8192","8192","32","32","0","0","-","-","-","0","0","0","0","0","0","0","0","0","0","0","0","0","0","0","0","0","0","0","0","0","0","0","0","0","0","0","0","0","0","0","0","0","0","0","0","0","0"
"0x7f11cf5bcf30","@!P1  IMAD.MOV R4, RZ, RZ, -R4","0","0","0","256","8192","0","32","0","32","0","-","-","-","0","0","0","0","0","0","0","0","0","0","0","0","0","0","0","0","0","0","0","0","0","0","0","0","0","0","0","0","0","0","0","0","0","0","0","0","0","0"
"0x7f11cf5bcf40","@!P2  LOP3.LUT R4, RZ, R3, RZ, 0x33, !PT","0","0","0","256","8192","0","32","0","32","0","-","-","-","0","0","0","0","0","0","0","0","0","0","0","0","0","0","0","0","0","0","0","0","0","0","0","0","0","0","0","0","0","0","0","0","0","0","0","0","0","0"
"0x7f11cf5bcf50","      LEA.HI R5, R5, R6, RZ, 0x7","0","0","0","256","8192","8192","32","32","0","0","-","-","-","0","0","0","0","0","0","0","0","0","0","0","0","0","0","0","0","0","0","0","0","0","0","0","0","0","0","0","0","0","0","0","0","0","0","0","0","0","0"
"0x7f11cf5bcf60","      IMAD R11, R3, R4, RZ","0","0","0","256","8192","8192","32","32","0","0","-","-","-","0","0","0","0","0","0","0","0","0","0","0","0","0","0","0","0","0","0","0","0","0","0","0","0","0","0","0","0","0","0","0","0","0","0","0","0","0","0"
"0x7f11cf5bcf70","      LOP3.LUT R9, R5, 0xffffff80, RZ, 0xc0, !PT","0","0","0","256","8192","8192","32","32","0","0","-","-","-","0","0","0","0","0","0","0","0","0","0","0","0","0","0","0","0","0","0","0","0","0","0","0","0","0","0","0","0","0","0","0","0","0","0","0","0","0","0"
"0x7f11cf5bcf80","      ISETP.NE.U32.AND P0, PT, R9, R6, PT","0","0","0","256","8192","8192","32","32","0","0","-","-","-","0","0","0","0","0","0","0","0","0","0","0","0","0","0","0","0","0","0","0","0","0","0","0","0","0","0","0","0","0","0","0","0","0","0","0","0","0","0"
"0x7f11cf5bcf90","      ISETP.NE.U32.AND P1, PT, R8, R11, PT","0","0","0","256","8192","8192","32","32","0","0","-","-","-","0","0","0","0","0","0","0","0","0","0","0","0","0","0","0","0","0","0","0","0","0","0","0","0","0","0","0","0","0","0","0","0","0","0","0","0","0","0"
"0x7f11cf5bcfa0","      IMAD.IADD R8, R8, 0x1, -R11","0","0","0","256","8192","8192","32","32","0","0","-","-","-","0","0","0","0","0","0","0","0","0","0","0","0","0","0","0","0","0","0","0","0","0","0","0","0","0","0","0","0","0","0","0","0","0","0","0","0","0","0"
"0x7f11cf5bcfb0","      ISETP.GT.AND P0, PT, R6, -0x1, P0","0","0","0","256","8192","8192","32","32","0","0","-","-","-","0","0","0","0","0","0","0","0","0","0","0","0","0","0","0","0","0","0","0","0","0","0","0","0","0","0","0","0","0","0","0","0","0","0","0","0","0","0"
"0x7f11cf5bcfc0","      VIADD R6, R4, 0xffffffff","0","0","0","256","8192","8192","32","32","0","0","-","-","-","0","0","0","0","0","0","0","0","0","0","0","0","0","0","0","0","0","0","0","0","0","0","0","0","0","0","0","0","0","0","0","0","0","0","0","0","0","0"
"0x7f11cf5bcfd0","      ISETP.LT.AND P1, PT, R7, RZ, P1","0","0","0","256","8192","8192","32","32","0","0","-","-","-","0","0","0","0","0","0","0","0","0","0","0","0","0","0","0","0","0","0","0","0","0","0","0","0","0","0","0","0","0","0","0","0","0","0","0","0","0","0"
"0x7f11cf5bcfe0","      SHF.R.S32.HI R7, RZ, 0x7, R5","0","0","0","256","8192","8192","32","32","0","0","-","-","-","0","0","0","0","0","0","0","0","0","0","0","0","0","0","0","0","0","0","0","0","0","0","0","0","0","0","0","0","0","0","0","0","0","0","0","0","0","0"
"0x7f11cf5bcff0","      LEA.HI.SX32 R9, R5, 0x1, 0x19","0","0","0","256","8192","8192","32","32","0","0","-","-","-","0","0","0","0","0","0","0","0","0","0","0","0","0","0","0","0","0","0","0","0","0","0","0","0","0","0","0","0","0","0","0","0","0","0","0","0","0","0"
"0x7f11cf5bd000","@!P0  IMAD.MOV R9, RZ, RZ, R7","0","0","0","256","8192","8192","32","32","0","0","-","-","-","0","0","0","0","0","0","0","0","0","0","0","0","0","0","0","0","0","0","0","0","0","0","0","0","0","0","0","0","0","0","0","0","0","0","0","0","0","0"
"0x7f11cf5bd010","      ISETP.NE.U32.AND P0, PT, R8, RZ, PT","0","0","0","256","8192","8192","32","32","0","0","-","-","-","0","0","0","0","0","0","0","0","0","0","0","0","0","0","0","0","0","0","0","0","0","0","0","0","0","0","0","0","0","0","0","0","0","0","0","0","0","0"
"0x7f11cf5bd020","@!P1  IMAD.MOV R6, RZ, RZ, R4","0","0","0","256","8192","8192","32","32","0","0","-","-","-","0","0","0","0","0","0","0","0","0","0","0","0","0","0","0","0","0","0","0","0","0","0","0","0","0","0","0","0","0","0","0","0","0","0","0","0","0","0"
"0x7f11cf5bd030","      ISETP.GE.AND P1, PT, R3, RZ, PT","0","0","0","256","8192","8192","32","32","0","0","-","-","-","0","0","0","0","0","0","0","0","0","0","0","0","0","0","0","0","0","0","0","0","0","0","0","0","0","0","0","0","0","0","0","0","0","0","0","0","0","0"
"0x7f11cf5bd040","      IMAD.IADD R3, R3, 0x1, R8","0","0","0","256","8192","8192","32","32","0","0","-","-","-","0","0","0","0","0","0","0","0","0","0","0","0","0","0","0","0","0","0","0","0","0","0","0","0","0","0","0","0","0","0","0","0","0","0","0","0","0","0"
"0x7f11cf5bd050","      IMAD R9, R6, -0x8, R9","0","0","0","256","8192","8192","32","32","0","0","-","-","-","0","0","0","0","0","0","0","0","0","0","0","0","0","0","0","0","0","0","0","0","0","0","0","0","0","0","0","0","0","0","0","0","0","0","0","0","0","0"
"0x7f11cf5bd060","      VIMNMX R7, PT, PT, R9, 0x8, PT","0","0","0","256","8192","8192","32","32","0","0","-","-","-","0","0","0","0","0","0","0","0","0","0","0","0","0","0","0","0","0","0","0","0","0","0","0","0","0","0","0","0","0","0","0","0","0","0","0","0","0","0"
"0x7f11cf5bd070","      IABS R12, R7","0","0","0","256","8192","8192","32","32","0","0","-","-","-","0","0","0","0","0","0","0","0","0","0","0","0","0","0","0","0","0","0","0","0","0","0","0","0","0","0","0","0","0","0","0","0","0","0","0","0","0","0"
"0x7f11cf5bd080","@!P1  SEL R8, R3, R8, P0","0","0","0","256","8192","0","32","0","32","0","-","-","-","0","0","0","0","0","0","0","0","0","0","0","0","0","0","0","0","0","0","0","0","0","0","0","0","0","0","0","0","0","0","0","0","0","0","0","0","0","0"
"0x7f11cf5bd090","      I2F.RP R10, R12","0","0","0","256","8192","8192","32","32","0","0","-","-","-","0","0","0","0","0","0","0","0","0","0","0","0","0","0","0","0","0","0","0","0","0","0","0","0","0","0","0","0","0","0","0","0","0","0","0","0","0","0"
"0x7f11cf5bd0a0","      IABS R3, R7","0","0","0","256","8192","8192","32","32","0","0","-","-","-","0","0","0","0","0","0","0","0","0","0","0","0","0","0","0","0","0","0","0","0","0","0","0","0","0","0","0","0","0","0","0","0","0","0","0","0","0","0"
"0x7f11cf5bd0b0","      LOP3.LUT R9, R9, R8, RZ, 0x3c, !PT","0","0","0","256","8192","8192","32","32","0","0","-","-","-","0","0","0","0","0","0","0","0","0","0","0","0","0","0","0","0","0","0","0","0","0","0","0","0","0","0","0","0","0","0","0","0","0","0","0","0","0","0"
"0x7f11cf5bd0c0","      IMAD.MOV R3, RZ, RZ, -R3","0","0","0","256","8192","8192","32","32","0","0","-","-","-","0","0","0","0","0","0","0","0","0","0","0","0","0","0","0","0","0","0","0","0","0","0","0","0","0","0","0","0","0","0","0","0","0","0","0","0","0","0"
"0x7f11cf5bd0d0","      MUFU.RCP R10, R10","0","0","0","256","8192","8192","32","32","0","0","-","-","-","0","0","0","0","0","0","0","0","0","0","0","0","0","0","0","0","0","0","0","0","0","0","0","0","0","0","0","0","0","0","0","0","0","0","0","0","0","0"
"0x7f11cf5bd0e0","      VIADD R4, R10, 0xffffffe","0","0","0","256","8192","8192","32","32","0","0","-","-","-","0","0","0","0","0","0","0","0","0","0","0","0","0","0","0","0","0","0","0","0","0","0","0","0","0","0","0","0","0","0","0","0","0","0","0","0","0","0"
"0x7f11cf5bd0f0","      F2I.FTZ.U32.TRUNC.NTZ R5, R4","1","1","1","256","8192","8192","32","32","0","0","-","-","-","0","0","0","0","0","0","0","0","0","0","0","0","0","0","0","0","0","0","0","0","1","0","0","0","0","0","0","0","0","0","0","0","0","0","0","0","0","1"
"0x7f11cf5bd100","      IMAD.MOV.U32 R4, RZ, RZ, RZ","0","0","0","256","8192","8192","32","32","0","0","-","-","-","0","0","0","0","0","0","0","0","0","0","0","0","0","0","0","0","0","0","0","0","0","0","0","0","0","0","0","0","0","0","0","0","0","0","0","0","0","0"
"0x7f11cf5bd110","      IMAD.MOV R11, RZ, RZ, -R5","1","1","1","256","8192","8192","32","32","0","0","-","-","-","0","0","0","0","0","0","0","0","0","0","0","0","0","0","0","0","0","0","0","0","1","0","0","0","0","0","0","0","0","0","0","0","0","0","0","0","0","1"
"0x7f11cf5bd120","      IMAD R11, R11, R12, RZ","0","0","0","256","8192","8192","32","32","0","0","-","-","-","0","0","0","0","0","0","0","0","0","0","0","0","0","0","0","0","0","0","0","0","0","0","0","0","0","0","0","0","0","0","0","0","0","0","0","0","0","0"
"0x7f11cf5bd130","      IMAD.HI.U32 R5, R5, R11, R4","0","0","0","256","8192","8192","32","32","0","0","-","-","-","0","0","0","0","0","0","0","0","0","0","0","0","0","0","0","0","0","0","0","0","0","0","0","0","0","0","0","0","0","0","0","0","0","0","0","0","0","0"
"0x7f11cf5bd140","      IABS R4, R8","0","0","0","256","8192","8192","32","32","0","0","-","-","-","0","0","0","0","0","0","0","0","0","0","0","0","0","0","0","0","0","0","0","0","0","0","0","0","0","0","0","0","0","0","0","0","0","0","0","0","0","0"
"0x7f11cf5bd150","      IMAD.HI.U32 R5, R5, R4, RZ","0","0","0","256","8192","8192","32","32","0","0","-","-","-","0","0","0","0","0","0","0","0","0","0","0","0","0","0","0","0","0","0","0","0","0","0","0","0","0","0","0","0","0","0","0","0","0","0","0","0","0","0"
"0x7f11cf5bd160","      IMAD R3, R5, R3, R4","0","0","0","256","8192","8192","32","32","0","0","-","-","-","0","0","0","0","0","0","0","0","0","0","0","0","0","0","0","0","0","0","0","0","0","0","0","0","0","0","0","0","0","0","0","0","0","0","0","0","0","0"
"0x7f11cf5bd170","      ISETP.GT.U32.AND P2, PT, R12, R3, PT","0","0","0","256","8192","8192","32","32","0","0","-","-","-","0","0","0","0","0","0","0","0","0","0","0","0","0","0","0","0","0","0","0","0","0","0","0","0","0","0","0","0","0","0","0","0","0","0","0","0","0","0"
"0x7f11cf5bd180","@!P2  IMAD.IADD R3, R3, 0x1, -R12","0","0","0","256","8192","960","32","3","29","0","-","-","-","0","0","0","0","0","0","0","0","0","0","0","0","0","0","0","0","0","0","0","0","0","0","0","0","0","0","0","0","0","0","0","0","0","0","0","0","0","0"
"0x7f11cf5bd190","@!P2  VIADD R5, R5, 0x1","0","0","0","256","8192","960","32","3","29","0","-","-","-","0","0","0","0","0","0","0","0","0","0","0","0","0","0","0","0","0","0","0","0","0","0","0","0","0","0","0","0","0","0","0","0","0","0","0","0","0","0"
"0x7f11cf5bd1a0","      ISETP.NE.AND P2, PT, R7, RZ, PT","0","0","0","256","8192","8192","32","32","0","0","-","-","-","0","0","0","0","0","0","0","0","0","0","0","0","0","0","0","0","0","0","0","0","0","0","0","0","0","0","0","0","0","0","0","0","0","0","0","0","0","0"
"0x7f11cf5bd1b0","      ISETP.GE.U32.AND P0, PT, R3, R12, PT","0","0","0","256","8192","8192","32","32","0","0","-","-","-","0","0","0","0","0","0","0","0","0","0","0","0","0","0","0","0","0","0","0","0","0","0","0","0","0","0","0","0","0","0","0","0","0","0","0","0","0","0"
"0x7f11cf5bd1c0","      LOP3.LUT R3, R8, R7, RZ, 0x3c, !PT","0","0","0","256","8192","8192","32","32","0","0","-","-","-","0","0","0","0","0","0","0","0","0","0","0","0","0","0","0","0","0","0","0","0","0","0","0","0","0","0","0","0","0","0","0","0","0","0","0","0","0","0"
"0x7f11cf5bd1d0","      ISETP.GE.AND P1, PT, R3, RZ, PT","0","0","0","256","8192","8192","32","32","0","0","-","-","-","0","0","0","0","0","0","0","0","0","0","0","0","0","0","0","0","0","0","0","0","0","0","0","0","0","0","0","0","0","0","0","0","0","0","0","0","0","0"
"0x7f11cf5bd1e0","@P0   VIADD R5, R5, 0x1","0","0","0","256","8192","0","32","0","32","0","-","-","-","0","0","0","0","0","0","0","0","0","0","0","0","0","0","0","0","0","0","0","0","0","0","0","0","0","0","0","0","0","0","0","0","0","0","0","0","0","0"
"0x7f11cf5bd1f0","@!P1  IMAD.MOV R5, RZ, RZ, -R5","0","0","0","256","8192","0","32","0","32","0","-","-","-","0","0","0","0","0","0","0","0","0","0","0","0","0","0","0","0","0","0","0","0","0","0","0","0","0","0","0","0","0","0","0","0","0","0","0","0","0","0"
"0x7f11cf5bd200","@!P2  LOP3.LUT R5, RZ, R7, RZ, 0x33, !PT","0","0","0","256","8192","0","32","0","32","0","-","-","-","0","0","0","0","0","0","0","0","0","0","0","0","0","0","0","0","0","0","0","0","0","0","0","0","0","0","0","0","0","0","0","0","0","0","0","0","0","0"
"0x7f11cf5bd210","      IMAD R3, R7, R5, RZ","0","0","0","256","8192","8192","32","32","0","0","-","-","-","0","0","0","0","0","0","0","0","0","0","0","0","0","0","0","0","0","0","0","0","0","0","0","0","0","0","0","0","0","0","0","0","0","0","0","0","0","0"
"0x7f11cf5bd220","      IMAD.IADD R4, R8, 0x1, -R3","0","0","0","256","8192","8192","32","32","0","0","-","-","-","0","0","0","0","0","0","0","0","0","0","0","0","0","0","0","0","0","0","0","0","0","0","0","0","0","0","0","0","0","0","0","0","0","0","0","0","0","0"
"0x7f11cf5bd230","      ISETP.NE.U32.AND P0, PT, R8, R3, PT","0","0","0","256","8192","8192","32","32","0","0","-","-","-","0","0","0","0","0","0","0","0","0","0","0","0","0","0","0","0","0","0","0","0","0","0","0","0","0","0","0","0","0","0","0","0","0","0","0","0","0","0"
"0x7f11cf5bd240","      ISETP.NE.U32.AND P1, PT, R4, RZ, PT","0","0","0","256","8192","8192","32","32","0","0","-","-","-","0","0","0","0","0","0","0","0","0","0","0","0","0","0","0","0","0","0","0","0","0","0","0","0","0","0","0","0","0","0","0","0","0","0","0","0","0","0"
"0x7f11cf5bd250","      ISETP.LT.AND P0, PT, R9, RZ, P0","0","0","0","256","8192","8192","32","32","0","0","-","-","-","0","0","0","0","0","0","0","0","0","0","0","0","0","0","0","0","0","0","0","0","0","0","0","0","0","0","0","0","0","0","0","0","0","0","0","0","0","0"
"0x7f11cf5bd260","      LOP3.LUT R3, R7, R4, RZ, 0x3c, !PT","0","0","0","256","8192","8192","32","32","0","0","-","-","-","0","0","0","0","0","0","0","0","0","0","0","0","0","0","0","0","0","0","0","0","0","0","0","0","0","0","0","0","0","0","0","0","0","0","0","0","0","0"
"0x7f11cf5bd270","      IMAD.IADD R7, R7, 0x1, R4","0","0","0","256","8192","8192","32","32","0","0","-","-","-","0","0","0","0","0","0","0","0","0","0","0","0","0","0","0","0","0","0","0","0","0","0","0","0","0","0","0","0","0","0","0","0","0","0","0","0","0","0"
"0x7f11cf5bd280","      ISETP.GE.AND P2, PT, R3, RZ, PT","0","0","0","256","8192","8192","32","32","0","0","-","-","-","0","0","0","0","0","0","0","0","0","0","0","0","0","0","0","0","0","0","0","0","0","0","0","0","0","0","0","0","0","0","0","0","0","0","0","0","0","0"
"0x7f11cf5bd290","      VIADD R3, R5, 0xffffffff","0","0","0","256","8192","8192","32","32","0","0","-","-","-","0","0","0","0","0","0","0","0","0","0","0","0","0","0","0","0","0","0","0","0","0","0","0","0","0","0","0","0","0","0","0","0","0","0","0","0","0","0"
"0x7f11cf5bd2a0","@P1   SEL R4, R7, R4, !P2","0","0","0","256","8192","7168","32","28","4","0","-","-","-","0","0","0","0","0","0","0","0","0","0","0","0","0","0","0","0","0","0","0","0","0","0","0","0","0","0","0","0","0","0","0","0","0","0","0","0","0","0"
"0x7f11cf5bd2b0","@!P0  IMAD.MOV R3, RZ, RZ, R5","0","0","0","256","8192","8192","32","32","0","0","-","-","-","0","0","0","0","0","0","0","0","0","0","0","0","0","0","0","0","0","0","0","0","0","0","0","0","0","0","0","0","0","0","0","0","0","0","0","0","0","0"
"0x7f11cf5bd2c0","      IMAD R4, R6, 0x8, R4","0","0","0","256","8192","8192","32","32","0","0","-","-","-","0","0","0","0","0","0","0","0","0","0","0","0","0","0","0","0","0","0","0","0","0","0","0","0","0","0","0","0","0","0","0","0","0","0","0","0","0","0"
"0x7f11cf5bd2d0","      R2UR UR14, R3","0","0","0","256","8192","8192","32","32","0","0","-","-","-","0","0","0","0","0","0","0","0","0","0","0","0","0","0","0","0","0","0","0","0","0","0","0","0","0","0","0","0","0","0","0","0","0","0","0","0","0","0"
"0x7f11cf5bd2e0","      R2UR UR11, R4","0","0","0","256","8192","8192","32","32","0","0","-","-","-","0","0","0","0","0","0","0","0","0","0","0","0","0","0","0","0","0","0","0","0","0","0","0","0","0","0","0","0","0","0","0","0","0","0","0","0","0","0"
"0x7f11cf5bd2f0","      USHF.L.U32 UR14, UR14, 0x7, URZ","0","0","0","256","8192","8192","32","32","0","0","-","-","-","0","0","0","0","0","0","0","0","0","0","0","0","0","0","0","0","0","0","0","0","0","0","0","0","0","0","0","0","0","0","0","0","0","0","0","0","0","0"
"0x7f11cf5bd300","      USHF.L.U32 UR11, UR11, 0x7, URZ","0","0","0","256","8192","8192","32","32","0","0","-","-","-","0","0","0","0","0","0","0","0","0","0","0","0","0","0","0","0","0","0","0","0","0","0","0","0","0","0","0","0","0","0","0","0","0","0","0","0","0","0"
"0x7f11cf5bd310","      UIADD3 UR18, UPT, UPT, UR14, 0x40, URZ","0","0","0","256","8192","8192","32","32","0","0","-","-","-","0","0","0","0","0","0","0","0","0","0","0","0","0","0","0","0","0","0","0","0","0","0","0","0","0","0","0","0","0","0","0","0","0","0","0","0","0","0"
"0x7f11cf5bd320","      ELECT P0, URZ, PT","0","0","0","16384","524288","524288","32","32","0","0","-","-","-","0","0","0","0","0","0","0","0","0","0","0","0","0","0","0","0","0","0","0","0","0","0","0","0","0","0","0","0","0","0","0","0","0","0","0","0","0","0"
"0x7f11cf5bd330","      IMAD.U32 R3, RZ, RZ, UR6","1","0","1","16384","524288","524288","32","32","0","0","-","-","-","0","0","0","0","0","0","0","0","0","0","0","0","0","0","0","0","1","0","0","0","0","0","0","0","0","0","0","0","0","0","0","0","0","0","0","0","0","0"
"0x7f11cf5bd340","      ULEA UR8, UR4, UR21, 0x3","2","1","2","16384","524288","524288","32","32","0","0","-","-","-","0","0","0","0","0","0","0","0","0","1","0","0","0","0","0","0","1","0","0","0","0","0","0","0","0","0","1","0","0","0","0","0","0","0","0","0","0","0"
"0x7f11cf5bd350","      UIADD3 UR22, UP0, UPT, UR24, 0x100, URZ","1","1","1","16384","524288","524288","32","32","0","0","-","-","-","0","0","0","0","0","0","0","0","0","0","0","0","0","0","0","0","0","0","0","0","1","0","0","0","0","0","0","0","0","0","0","0","0","0","0","0","0","1"
"0x7f11cf5bd360","      ULEA UR12, UR4, UR21, 0xe","2","1","2","16384","524288","524288","32","32","0","0","-","-","-","0","0","0","0","0","0","0","0","0","0","0","0","0","0","0","0","1","0","0","0","1","0","0","0","0","0","0","0","0","0","0","0","0","0","0","0","0","1"
"0x7f11cf5bd370","      SHF.L.U32 R3, R3, 0x1f, RZ","0","0","0","16384","524288","524288","32","32","0","0","-","-","-","0","0","0","0","0","0","0","0","0","0","0","0","0","0","0","0","0","0","0","0","0","0","0","0","0","0","0","0","0","0","0","0","0","0","0","0","0","0"
"0x7f11cf5bd380","      USHF.L.U32 UR15, UR7, 0x6, URZ","1","0","1","16384","524288","524288","32","32","0","0","-","-","-","0","0","0","0","0","0","0","0","0","0","0","0","0","0","0","0","1","0","0","0","0","0","0","0","0","0","0","0","0","0","0","0","0","0","0","0","0","0"
"0x7f11cf5bd390","      UIADD3.X UR23, UPT, UPT, URZ, UR25, URZ, UP0, !UPT","0","0","0","16384","524288","524288","32","32","0","0","-","-","-","0","0","0","0","0","0","0","0","0","0","0","0","0","0","0","0","0","0","0","0","0","0","0","0","0","0","0","0","0","0","0","0","0","0","0","0","0","0"
"0x7f11cf5bd3a0","      UIADD3 UR13, UPT, UPT, UR8, 0x38060, URZ","3","2","3","16384","524288","524288","32","32","0","0","-","-","-","0","0","0","0","0","0","0","0","0","0","0","0","0","0","0","0","1","0","0","0","2","0","0","0","0","0","0","0","0","0","0","0","0","0","0","0","0","2"
"0x7f11cf5bd3b0","@P0   IMAD.MOV.U32 R4, RZ, RZ, 0x4000","1","0","1","16384","524288","16384","32","1","31","0","-","-","-","0","0","0","0","0","0","0","0","0","0","0","0","0","0","0","0","1","0","0","0","0","0","0","0","0","0","0","0","0","0","0","0","0","0","0","0","0","0"
"0x7f11cf5bd3c0","      UIADD3 UR16, UPT, UPT, UR12, 0x2000, URZ","2","0","2","16384","524288","524288","32","32","0","0","-","-","-","0","0","0","0","0","0","0","0","0","0","0","0","0","0","0","0","2","0","0","0","0","0","0","0","0","0","0","0","0","0","0","0","0","0","0","0","0","0"
"0x7f11cf5bd3d0","      ULEA UR26, UR5, UR21, 0x3","0","0","0","16384","524288","524288","32","32","0","0","-","-","-","0","0","0","0","0","0","0","0","0","0","0","0","0","0","0","0","0","0","0","0","0","0","0","0","0","0","0","0","0","0","0","0","0","0","0","0","0","0"
"0x7f11cf5bd3e0","      UMOV UR19, UR15","0","0","0","16384","524288","524288","32","32","0","0","-","-","-","0","0","0","0","0","0","0","0","0","0","0","0","0","0","0","0","0","0","0","0","0","0","0","0","0","0","0","0","0","0","0","0","0","0","0","0","0","0"
"0x7f11cf5bd3f0","      UMOV UR17, UR13","1","0","1","16384","524288","524288","32","32","0","0","-","-","-","0","0","0","0","0","0","0","0","0","0","0","0","0","0","0","0","1","0","0","0","0","0","0","0","0","0","0","0","0","0","0","0","0","0","0","0","0","0"
"0x7f11cf5bd400","      UIADD3 UR4, UPT, UPT, UR4, 0x1, URZ","0","0","0","16384","524288","524288","32","32","0","0","-","-","-","0","0","0","0","0","0","0","0","0","0","0","0","0","0","0","0","0","0","0","0","0","0","0","0","0","0","0","0","0","0","0","0","0","0","0","0","0","0"
"0x7f11cf5bd410","      UTMALDG.2D desc[URZ], [UR12], [UR22]","0","0","0","16384","524288","524288","32","32","0","0","Global,Shared","-","-","0","0","0","0","0","0","0","0","0","0","0","0","0","0","0","0","0","0","0","0","0","0","0","0","0","0","0","0","0","0","0","0","0","0","0","0","0","0"
"0x7f11cf5bd420","      UTMALDG.2D desc[URZ], [UR16], [UR22]","1","1","1","16384","524288","524288","32","32","0","0","Global,Shared","-","-","0","0","0","0","0","0","0","0","0","0","0","0","0","0","0","0","0","0","0","0","1","0","0","0","0","0","0","0","0","0","0","0","0","0","0","0","0","1"
"0x7f11cf5bd430","@P0   SYNCS.ARRIVE.TRANS64 RZ, [UR8+0x38060], R4","2","0","2","16384","524288","16384","32","1","31","0","-","-","-","0","0","0","0","0","0","0","0","0","0","0","0","0","0","0","0","2","0","0","0","0","0","0","0","0","0","0","0","0","0","0","0","0","0","0","0","0","0"
"0x7f11cf5bd440","      UIMAD.WIDE.U32 UR8, UR4, 0x24924925, URZ","0","0","0","16384","524288","524288","32","32","0","0","-","-","-","0","0","0","0","0","0","0","0","0","0","0","0","0","0","0","0","0","0","0","0","0","0","0","0","0","0","0","0","0","0","0","0","0","0","0","0","0","0"
"0x7f11cf5bd450","      UIADD3 UR8, UPT, UPT, UR4, -UR9, URZ","1","0","1","16384","524288","524288","32","32","0","0","-","-","-","0","0","0","0","0","0","0","0","0","0","0","0","0","0","0","0","1","0","0","0","0","0","0","0","0","0","0","0","0","0","0","0","0","0","0","0","0","0"
"0x7f11cf5bd460","      ULEA.HI UR8, UR8, UR9, URZ, 0x1f","1","1","1","16384","524288","524288","32","32","0","0","-","-","-","0","0","0","0","0","0","0","0","0","0","0","0","0","0","0","0","0","0","0","0","1","0","0","0","0","0","0","0","0","0","0","0","0","0","0","0","0","1"
"0x7f11cf5bd470","      USHF.R.U32.HI UR8, URZ, 0x2, UR8","0","0","0","16384","524288","524288","32","32","0","0","-","-","-","0","0","0","0","0","0","0","0","0","0","0","0","0","0","0","0","0","0","0","0","0","0","0","0","0","0","0","0","0","0","0","0","0","0","0","0","0","0"
"0x7f11cf5bd480","      SYNCS.PHASECHK.TRANS64.TRYWAIT P0, [UR26+0x38030], R3","0","0","0","16384","524288","524288","32","32","0","0","-","-","-","0","0","0","0","0","0","0","0","0","0","0","0","0","0","0","0","0","0","0","0","0","0","0","0","0","0","0","0","0","0","0","0","0","0","0","0","0","0"
"0x7f11cf5bd490","      UIMAD UR4, UR8, -0x7, UR4","1","1","1","16384","524288","524288","32","32","0","0","-","-","-","0","0","0","0","0","0","0","0","0","0","0","0","0","0","0","0","0","0","0","0","1","0","0","0","0","0","0","0","0","0","0","0","0","0","0","0","0","1"
"0x7f11cf5bd4a0","@!P0  BRA 0x7f11cf5bf0a0","59","58","59","16384","524288","392480","32","23","9","0","-","-","-","0","0","0","0","0","0","0","0","0","58","0","0","0","0","0","0","1","0","0","0","0","0","0","0","0","0","58","0","0","0","0","0","0","0","0","0","0","0"
"0x7f11cf5bd4b0","      ELECT P0, URZ, PT","3","3","3","16384","524288","524288","32","32","0","0","-","-","-","0","0","0","0","0","0","0","0","0","0","0","0","0","0","0","0","0","0","0","0","3","0","0","0","0","0","0","0","0","0","0","0","0","0","0","0","0","3"
"0x7f11cf5bd4c0","      ULEA UR8, UR5, UR21, 0xe","1","0","1","16384","524288","524288","32","32","0","0","-","-","-","0","0","0","0","0","0","0","0","0","0","0","0","0","0","0","0","1","0","0","0","0","0","0","0","0","0","0","0","0","0","0","0","0","0","0","0","0","0"
"0x7f11cf5bd4d0","      UIADD3 UR12, UP0, UPT, UR24, 0x80, URZ","0","0","0","16384","524288","524288","32","32","0","0","-","-","-","0","0","0","0","0","0","0","0","0","0","0","0","0","0","0","0","0","0","0","0","0","0","0","0","0","0","0","0","0","0","0","0","0","0","0","0","0","0"
"0x7f11cf5bd4e0","      UIADD3 UR9, UPT, UPT, UR26, 0x38000, URZ","0","0","0","16384","524288","524288","32","32","0","0","-","-","-","0","0","0","0","0","0","0","0","0","0","0","0","0","0","0","0","0","0","0","0","0","0","0","0","0","0","0","0","0","0","0","0","0","0","0","0","0","0"
"0x7f11cf5bd4f0","      UIADD3 UR8, UPT, UPT, UR8, 0x1c000, URZ","0","0","0","16384","524288","524288","32","32","0","0","-","-","-","0","0","0","0","0","0","0","0","0","0","0","0","0","0","0","0","0","0","0","0","0","0","0","0","0","0","0","0","0","0","0","0","0","0","0","0","0","0"
"0x7f11cf5bd500","      UIADD3.X UR13, UPT, UPT, URZ, UR25, URZ, UP0, !UPT","1","1","1","16384","524288","524288","32","32","0","0","-","-","-","0","0","0","0","0","0","0","0","0","0","0","0","0","0","0","0","0","0","0","0","1","0","0","0","0","0","0","0","0","0","0","0","0","0","0","0","0","1"
"0x7f11cf5bd510","      UMOV UR10, UR15","0","0","0","16384","524288","524288","32","32","0","0","-","-","-","0","0","0","0","0","0","0","0","0","0","0","0","0","0","0","0","0","0","0","0","0","0","0","0","0","0","0","0","0","0","0","0","0","0","0","0","0","0"
"0x7f11cf5bd520","@P0   IMAD.MOV.U32 R3, RZ, RZ, 0x4000","0","0","0","16384","524288","16384","32","1","31","0","-","-","-","0","0","0","0","0","0","0","0","0","0","0","0","0","0","0","0","0","0","0","0","0","0","0","0","0","0","0","0","0","0","0","0","0","0","0","0","0","0"
"0x7f11cf5bd530","      UIADD3 UR19, UPT, UPT, UR5, 0x1, URZ","2","1","2","16384","524288","524288","32","32","0","0","-","-","-","0","0","0","0","0","0","0","0","0","1","0","0","0","0","0","0","1","0","0","0","0","0","0","0","0","0","1","0","0","0","0","0","0","0","0","0","0","0"
"0x7f11cf5bd540","      UIADD3 UR7, UPT, UPT, UR7, 0x1, URZ","1","1","1","16384","524288","524288","32","32","0","0","-","-","-","0","0","0","0","0","0","0","0","0","0","0","0","0","0","0","0","0","0","0","0","1","0","0","0","0","0","0","0","0","0","0","0","0","0","0","0","0","1"
"0x7f11cf5bd550","      UIMAD.WIDE.U32 UR16, UR19, -0x55555555, URZ","1","1","1","16384","524288","524288","32","32","0","0","-","-","-","0","0","0","0","0","0","0","0","0","0","0","0","0","0","0","0","0","0","0","0","1","0","0","0","0","0","0","0","0","0","0","0","0","0","0","0","0","1"
"0x7f11cf5bd560","      UTMALDG.2D desc[URZ], [UR8], [UR12]","0","0","0","16384","524288","524288","32","32","0","0","Global,Shared","-","-","0","0","0","0","0","0","0","0","0","0","0","0","0","0","0","0","0","0","0","0","0","0","0","0","0","0","0","0","0","0","0","0","0","0","0","0","0","0"
"0x7f11cf5bd570","@P0   SYNCS.ARRIVE.TRANS64 RZ, [UR26+0x38000], R3","0","0","0","16384","524288","16384","32","1","31","0","-","-","-","0","0","0","0","0","0","0","0","0","0","0","0","0","0","0","0","0","0","0","0","0","0","0","0","0","0","0","0","0","0","0","0","0","0","0","0","0","0"
"0x7f11cf5bd580","      UISETP.NE.U32.AND UP0, UPT, UR7, 0x40, UPT","0","0","0","16384","524288","524288","32","32","0","0","-","-","-","0","0","0","0","0","0","0","0","0","0","0","0","0","0","0","0","0","0","0","0","0","0","0","0","0","0","0","0","0","0","0","0","0","0","0","0","0","0"
"0x7f11cf5bd590","      UMOV UR5, UR17","1","1","1","16384","524288","524288","32","32","0","0","-","-","-","0","0","0","0","0","0","0","0","0","0","0","0","0","0","0","0","0","0","0","0","1","0","0","0","0","0","0","0","0","0","0","0","0","0","0","0","0","1"
"0x7f11cf5bd5a0","      USHF.R.U32.HI UR5, URZ, 0x2, UR5","1","1","1","16384","524288","524288","32","32","0","0","-","-","-","0","0","0","0","0","0","0","0","0","0","0","0","0","0","0","0","0","0","0","0","1","0","0","0","0","0","0","0","0","0","0","0","0","0","0","0","0","1"
"0x7f11cf5bd5b0","      ULOP3.LUT UR6, UR6, 0x1, UR5, 0x78, !UPT","1","1","1","16384","524288","524288","32","32","0","0","-","-","-","0","0","0","0","0","0","0","0","0","0","0","0","0","0","0","0","0","0","0","0","1","0","0","0","0","0","0","0","0","0","0","0","0","0","0","0","0","1"
"0x7f11cf5bd5c0","      UIMAD UR5, UR5, -0x6, UR19","0","0","0","16384","524288","524288","32","32","0","0","-","-","-","0","0","0","0","0","0","0","0","0","0","0","0","0","0","0","0","0","0","0","0","0","0","0","0","0","0","0","0","0","0","0","0","0","0","0","0","0","0"
"0x7f11cf5bd5d0","      BRA.U UP0, 0x7f11cf5bd320","0","0","0","16384","524288","524288","32","32","0","0","-","-","-","0","0","0","0","0","0","0","0","0","0","0","0","0","0","0","0","0","0","0","0","0","0","0","0","0","0","0","0","0","0","0","0","0","0","0","0","0","0"
"0x7f11cf5bd5e0","      BRA 0x7f11cf5bdf20","0","0","0","256","8192","8192","32","32","0","0","-","-","-","0","0","0","0","0","0","0","0","0","0","0","0","0","0","0","0","0","0","0","0","0","0","0","0","0","0","0","0","0","0","0","0","0","0","0","0","0","0"
"0x7f11cf5bd5f0","      S2R R4, SR_CgaCtaId","9","8","9","1024","32768","32768","32","32","0","0","-","-","-","0","0","0","0","0","0","0","0","0","0","0","0","0","0","8","0","0","0","0","0","1","0","0","0","0","0","0","0","0","0","0","7","0","0","0","0","0","1"
"0x7f11cf5bd600","      MOV R3, 0x400","0","0","0","1024","32768","32768","32","32","0","0","-","-","-","0","0","0","0","0","0","0","0","0","0","0","0","0","0","0","0","0","0","0","0","0","0","0","0","0","0","0","0","0","0","0","0","0","0","0","0","0","0"
"0x7f11cf5bd610","      SHF.L.U32 R70, RZ, 0x1f, RZ","0","0","0","1024","32768","32768","32","32","0","0","-","-","-","0","0","0","0","0","0","0","0","0","0","0","0","0","0","0","0","0","0","0","0","0","0","0","0","0","0","0","0","0","0","0","0","0","0","0","0","0","0"
"0x7f11cf5bd620","      LEA R71, R4, R3, 0x18","0","0","0","1024","32768","32768","32","32","0","0","-","-","-","0","0","0","0","0","0","0","0","0","0","0","0","0","0","0","0","0","0","0","0","0","0","0","0","0","0","0","0","0","0","0","0","0","0","0","0","0","0"
"0x7f11cf5bd630","      IMAD.U32 R3, R56, 0x10000, RZ","0","0","0","1024","32768","32768","32","32","0","0","-","-","-","0","0","0","0","0","0","0","0","0","0","0","0","0","0","0","0","0","0","0","0","0","0","0","0","0","0","0","0","0","0","0","0","0","0","0","0","0","0"
"0x7f11cf5bd640","      SYNCS.PHASECHK.TRANS64.TRYWAIT P0, [R71+URZ+0x380a0], R70","0","0","0","1024","32768","32768","32","32","0","0","-","-","-","0","0","0","0","0","0","0","0","0","0","0","0","0","0","0","0","0","0","0","0","0","0","0","0","0","0","0","0","0","0","0","0","0","0","0","0","0","0"
"0x7f11cf5bd650","      LOP3.LUT R3, R3, 0x600000, RZ, 0xc0, !PT","0","0","0","1024","32768","32768","32","32","0","0","-","-","-","0","0","0","0","0","0","0","0","0","0","0","0","0","0","0","0","0","0","0","0","0","0","0","0","0","0","0","0","0","0","0","0","0","0","0","0","0","0"
"0x7f11cf5bd660","      VIADD R3, R3, UR20","0","0","0","1024","32768","32768","32","32","0","0","-","-","-","0","0","0","0","0","0","0","0","0","0","0","0","0","0","0","0","0","0","0","0","0","0","0","0","0","0","0","0","0","0","0","0","0","0","0","0","0","0"
"0x7f11cf5bd670","@!P0  BRA 0x7f11cf5bf100","347","317","347","1024","32768","32768","32","32","0","0","-","-","-","0","0","0","0","0","0","0","0","0","347","0","0","0","0","0","0","0","0","0","0","0","0","0","0","0","0","317","0","0","0","0","0","0","0","0","0","0","0"
"0x7f11cf5bd680","      R2UR UR4, R3","0","0","0","1024","32768","32768","32","32","0","0","-","-","-","0","0","0","0","0","0","0","0","0","0","0","0","0","0","0","0","0","0","0","0","0","0","0","0","0","0","0","0","0","0","0","0","0","0","0","0","0","0"
"0x7f11cf5bd690","      IMAD R56, R56, 0x80, R71","0","0","0","1024","32768","32768","32","32","0","0","-","-","-","0","0","0","0","0","0","0","0","0","0","0","0","0","0","0","0","0","0","0","0","0","0","0","0","0","0","0","0","0","0","0","0","0","0","0","0","0","0"
"0x7f11cf5bd6a0","      R2UR UR5, R3","0","0","0","1024","32768","32768","32","32","0","0","-","-","-","0","0","0","0","0","0","0","0","0","0","0","0","0","0","0","0","0","0","0","0","0","0","0","0","0","0","0","0","0","0","0","0","0","0","0","0","0","0"
"0x7f11cf5bd6b0","      R2UR UR6, R3","0","0","0","1024","32768","32768","32","32","0","0","-","-","-","0","0","0","0","0","0","0","0","0","0","0","0","0","0","0","0","0","0","0","0","0","0","0","0","0","0","0","0","0","0","0","0","0","0","0","0","0","0"
"0x7f11cf5bd6c0","      VIADD R20, R56, 0x34000","0","0","0","1024","32768","32768","32","32","0","0","-","-","-","0","0","0","0","0","0","0","0","0","0","0","0","0","0","0","0","0","0","0","0","0","0","0","0","0","0","0","0","0","0","0","0","0","0","0","0","0","0"
"0x7f11cf5bd6d0","      R2UR UR7, R3","1","0","1","1024","32768","32768","32","32","0","0","-","-","-","0","0","0","0","0","0","0","0","0","0","0","0","0","0","0","0","1","0","0","0","0","0","0","0","0","0","0","0","0","0","0","0","0","0","0","0","0","0"
"0x7f11cf5bd6e0","      VIADD R22, R56, 0x34010","0","0","0","1024","32768","32768","32","32","0","0","-","-","-","0","0","0","0","0","0","0","0","0","0","0","0","0","0","0","0","0","0","0","0","0","0","0","0","0","0","0","0","0","0","0","0","0","0","0","0","0","0"
"0x7f11cf5bd6f0","      VIADD R24, R56, 0x34020","0","0","0","1024","32768","32768","32","32","0","0","-","-","-","0","0","0","0","0","0","0","0","0","0","0","0","0","0","0","0","0","0","0","0","0","0","0","0","0","0","0","0","0","0","0","0","0","0","0","0","0","0"
"0x7f11cf5bd700","      SHF.R.U32.HI R21, RZ, 0x3, R20","0","0","0","1024","32768","32768","32","32","0","0","-","-","-","0","0","0","0","0","0","0","0","0","0","0","0","0","0","0","0","0","0","0","0","0","0","0","0","0","0","0","0","0","0","0","0","0","0","0","0","0","0"
"0x7f11cf5bd710","      VIADD R67, R56, 0x34060","0","0","0","1024","32768","32768","32","32","0","0","-","-","-","0","0","0","0","0","0","0","0","0","0","0","0","0","0","0","0","0","0","0","0","0","0","0","0","0","0","0","0","0","0","0","0","0","0","0","0","0","0"
"0x7f11cf5bd720","      SHF.R.U32.HI R23, RZ, 0x3, R22","1","0","1","1024","32768","32768","32","32","0","0","-","-","-","0","0","0","0","0","0","0","0","0","0","0","0","0","0","0","0","1","0","0","0","0","0","0","0","0","0","0","0","0","0","0","0","0","0","0","0","0","0"
"0x7f11cf5bd730","      LDTM.x8 R12, tmem[UR4]","0","0","0","1024","32768","32768","32","32","0","0","Tmem","Load","-","0","0","0","0","0","0","0","0","0","0","0","0","0","0","0","0","0","0","0","0","0","0","0","0","0","0","0","0","0","0","0","0","0","0","0","0","0","0"
"0x7f11cf5bd740","      SHF.R.U32.HI R25, RZ, 0x3, R24","0","0","0","1024","32768","32768","32","32","0","0","-","-","-","0","0","0","0","0","0","0","0","0","0","0","0","0","0","0","0","0","0","0","0","0","0","0","0","0","0","0","0","0","0","0","0","0","0","0","0","0","0"
"0x7f11cf5bd750","      LDTM.x8 R4, tmem[UR5+0x8]","0","0","0","1024","32768","32768","32","32","0","0","Tmem","Load","-","0","0","0","0","0","0","0","0","0","0","0","0","0","0","0","0","0","0","0","0","0","0","0","0","0","0","0","0","0","0","0","0","0","0","0","0","0","0"
"0x7f11cf5bd760","      LOP3.LUT R57, R20, 0x70, R21, 0x78, !PT","0","0","0","1024","32768","32768","32","32","0","0","-","-","-","0","0","0","0","0","0","0","0","0","0","0","0","0","0","0","0","0","0","0","0","0","0","0","0","0","0","0","0","0","0","0","0","0","0","0","0","0","0"
"0x7f11cf5bd770","      VIADD R20, R56, 0x34030","0","0","0","1024","32768","32768","32","32","0","0","-","-","-","0","0","0","0","0","0","0","0","0","0","0","0","0","0","0","0","0","0","0","0","0","0","0","0","0","0","0","0","0","0","0","0","0","0","0","0","0","0"
"0x7f11cf5bd780","      LOP3.LUT R58, R22, 0x70, R23, 0x78, !PT","0","0","0","1024","32768","32768","32","32","0","0","-","-","-","0","0","0","0","0","0","0","0","0","0","0","0","0","0","0","0","0","0","0","0","0","0","0","0","0","0","0","0","0","0","0","0","0","0","0","0","0","0"
"0x7f11cf5bd790","      VIADD R22, R56, 0x34040","1","0","1","1024","32768","32768","32","32","0","0","-","-","-","0","0","0","0","0","0","0","0","0","0","0","0","0","0","0","0","1","0","0","0","0","0","0","0","0","0","0","0","0","0","0","0","0","0","0","0","0","0"
"0x7f11cf5bd7a0","      LOP3.LUT R59, R24, 0x70, R25, 0x78, !PT","0","0","0","1024","32768","32768","32","32","0","0","-","-","-","0","0","0","0","0","0","0","0","0","0","0","0","0","0","0","0","0","0","0","0","0","0","0","0","0","0","0","0","0","0","0","0","0","0","0","0","0","0"
"0x7f11cf5bd7b0","      VIADD R24, R56, 0x34050","0","0","0","1024","32768","32768","32","32","0","0","-","-","-","0","0","0","0","0","0","0","0","0","0","0","0","0","0","0","0","0","0","0","0","0","0","0","0","0","0","0","0","0","0","0","0","0","0","0","0","0","0"
"0x7f11cf5bd7c0","      SHF.R.U32.HI R21, RZ, 0x3, R20","0","0","0","1024","32768","32768","32","32","0","0","-","-","-","0","0","0","0","0","0","0","0","0","0","0","0","0","0","0","0","0","0","0","0","0","0","0","0","0","0","0","0","0","0","0","0","0","0","0","0","0","0"
"0x7f11cf5bd7d0","      LDTM.x8 R44, tmem[UR6+0x10]","0","0","0","1024","32768","32768","32","32","0","0","Tmem","Load","-","0","0","0","0","0","0","0","0","0","0","0","0","0","0","0","0","0","0","0","0","0","0","0","0","0","0","0","0","0","0","0","0","0","0","0","0","0","0"
"0x7f11cf5bd7e0","      SHF.R.U32.HI R23, RZ, 0x3, R22","0","0","0","1024","32768","32768","32","32","0","0","-","-","-","0","0","0","0","0","0","0","0","0","0","0","0","0","0","0","0","0","0","0","0","0","0","0","0","0","0","0","0","0","0","0","0","0","0","0","0","0","0"
"0x7f11cf5bd7f0","      LDTM.x8 R36, tmem[UR4+0x18]","0","0","0","1024","32768","32768","32","32","0","0","Tmem","Load","-","0","0","0","0","0","0","0","0","0","0","0","0","0","0","0","0","0","0","0","0","0","0","0","0","0","0","0","0","0","0","0","0","0","0","0","0","0","0"
"0x7f11cf5bd800","      SHF.R.U32.HI R25, RZ, 0x3, R24","0","0","0","1024","32768","32768","32","32","0","0","-","-","-","0","0","0","0","0","0","0","0","0","0","0","0","0","0","0","0","0","0","0","0","0","0","0","0","0","0","0","0","0","0","0","0","0","0","0","0","0","0"
"0x7f11cf5bd810","      LDTM.x8 R28, tmem[UR5+0x20]","0","0","0","1024","32768","32768","32","32","0","0","Tmem","Load","-","0","0","0","0","0","0","0","0","0","0","0","0","0","0","0","0","0","0","0","0","0","0","0","0","0","0","0","0","0","0","0","0","0","0","0","0","0","0"
"0x7f11cf5bd820","      LOP3.LUT R64, R20, 0x70, R21, 0x78, !PT","0","0","0","1024","32768","32768","32","32","0","0","-","-","-","0","0","0","0","0","0","0","0","0","0","0","0","0","0","0","0","0","0","0","0","0","0","0","0","0","0","0","0","0","0","0","0","0","0","0","0","0","0"
"0x7f11cf5bd830","      VIADD R68, R56, 0x34070","0","0","0","1024","32768","32768","32","32","0","0","-","-","-","0","0","0","0","0","0","0","0","0","0","0","0","0","0","0","0","0","0","0","0","0","0","0","0","0","0","0","0","0","0","0","0","0","0","0","0","0","0"
"0x7f11cf5bd840","      LOP3.LUT R65, R22, 0x70, R23, 0x78, !PT","0","0","0","1024","32768","32768","32","32","0","0","-","-","-","0","0","0","0","0","0","0","0","0","0","0","0","0","0","0","0","0","0","0","0","0","0","0","0","0","0","0","0","0","0","0","0","0","0","0","0","0","0"
"0x7f11cf5bd850","      LOP3.LUT R66, R24, 0x70, R25, 0x78, !PT","0","0","0","1024","32768","32768","32","32","0","0","-","-","-","0","0","0","0","0","0","0","0","0","0","0","0","0","0","0","0","0","0","0","0","0","0","0","0","0","0","0","0","0","0","0","0","0","0","0","0","0","0"
"0x7f11cf5bd860","      LDTM.x8 R20, tmem[UR6+0x28]","0","0","0","1024","32768","32768","32","32","0","0","Tmem","Load","-","0","0","0","0","0","0","0","0","0","0","0","0","0","0","0","0","0","0","0","0","0","0","0","0","0","0","0","0","0","0","0","0","0","0","0","0","0","0"
"0x7f11cf5bd870","      SHF.R.U32.HI R56, RZ, 0x3, R67","0","0","0","1024","32768","32768","32","32","0","0","-","-","-","0","0","0","0","0","0","0","0","0","0","0","0","0","0","0","0","0","0","0","0","0","0","0","0","0","0","0","0","0","0","0","0","0","0","0","0","0","0"
"0x7f11cf5bd880","      F2FP.F16.F32.PACK_AB R52, R13, R12","0","0","0","1024","32768","32768","32","32","0","0","-","-","-","0","0","0","0","0","0","0","0","0","0","0","0","0","0","0","0","0","0","0","0","0","0","0","0","0","0","0","0","0","0","0","0","0","0","0","0","0","0"
"0x7f11cf5bd890","      F2FP.F16.F32.PACK_AB R53, R15, R14","0","0","0","1024","32768","32768","32","32","0","0","-","-","-","0","0","0","0","0","0","0","0","0","0","0","0","0","0","0","0","0","0","0","0","0","0","0","0","0","0","0","0","0","0","0","0","0","0","0","0","0","0"
"0x7f11cf5bd8a0","      F2FP.F16.F32.PACK_AB R54, R17, R16","0","0","0","1024","32768","32768","32","32","0","0","-","-","-","0","0","0","0","0","0","0","0","0","0","0","0","0","0","0","0","0","0","0","0","0","0","0","0","0","0","0","0","0","0","0","0","0","0","0","0","0","0"
"0x7f11cf5bd8b0","      F2FP.F16.F32.PACK_AB R55, R19, R18","0","0","0","1024","32768","32768","32","32","0","0","-","-","-","0","0","0","0","0","0","0","0","0","0","0","0","0","0","0","0","0","0","0","0","0","0","0","0","0","0","0","0","0","0","0","0","0","0","0","0","0","0"
"0x7f11cf5bd8c0","      F2FP.F16.F32.PACK_AB R60, R5, R4","0","0","0","1024","32768","32768","32","32","0","0","-","-","-","0","0","0","0","0","0","0","0","0","0","0","0","0","0","0","0","0","0","0","0","0","0","0","0","0","0","0","0","0","0","0","0","0","0","0","0","0","0"
"0x7f11cf5bd8d0","      LDTM.x8 R12, tmem[UR7+0x30]","0","0","0","1024","32768","32768","32","32","0","0","Tmem","Load","-","0","0","0","0","0","0","0","0","0","0","0","0","0","0","0","0","0","0","0","0","0","0","0","0","0","0","0","0","0","0","0","0","0","0","0","0","0","0"
"0x7f11cf5bd8e0","      F2FP.F16.F32.PACK_AB R61, R7, R6","0","0","0","1024","32768","32768","32","32","0","0","-","-","-","0","0","0","0","0","0","0","0","0","0","0","0","0","0","0","0","0","0","0","0","0","0","0","0","0","0","0","0","0","0","0","0","0","0","0","0","0","0"
"0x7f11cf5bd8f0","      STS.128 [R57], R52","0","0","0","1024","32768","32768","32","32","0","0","Shared","Store","128","4","0","4096","4096","0","0","0","0","0","0","0","0","0","0","0","0","0","0","0","0","0","0","0","0","0","0","0","0","0","0","0","0","0","0","0","0","0","0"
"0x7f11cf5bd900","      F2FP.F16.F32.PACK_AB R62, R9, R8","0","0","0","1024","32768","32768","32","32","0","0","-","-","-","0","0","0","0","0","0","0","0","0","0","0","0","0","0","0","0","0","0","0","0","0","0","0","0","0","0","0","0","0","0","0","0","0","0","0","0","0","0"
"0x7f11cf5bd910","      F2FP.F16.F32.PACK_AB R63, R11, R10","0","0","0","1024","32768","32768","32","32","0","0","-","-","-","0","0","0","0","0","0","0","0","0","0","0","0","0","0","0","0","0","0","0","0","0","0","0","0","0","0","0","0","0","0","0","0","0","0","0","0","0","0"
"0x7f11cf5bd920","      LDTM.x8 R4, tmem[UR4+0x38]","0","0","0","1024","32768","32768","32","32","0","0","Tmem","Load","-","0","0","0","0","0","0","0","0","0","0","0","0","0","0","0","0","0","0","0","0","0","0","0","0","0","0","0","0","0","0","0","0","0","0","0","0","0","0"
"0x7f11cf5bd930","      F2FP.F16.F32.PACK_AB R44, R45, R44","0","0","0","1024","32768","32768","32","32","0","0","-","-","-","0","0","0","0","0","0","0","0","0","0","0","0","0","0","0","0","0","0","0","0","0","0","0","0","0","0","0","0","0","0","0","0","0","0","0","0","0","0"
"0x7f11cf5bd940","      F2FP.F16.F32.PACK_AB R45, R47, R46","0","0","0","1024","32768","32768","32","32","0","0","-","-","-","0","0","0","0","0","0","0","0","0","0","0","0","0","0","0","0","0","0","0","0","0","0","0","0","0","0","0","0","0","0","0","0","0","0","0","0","0","0"
"0x7f11cf5bd950","      STS.128 [R58], R60","0","0","0","1024","32768","32768","32","32","0","0","Shared","Store","128","4","0","4096","4096","0","0","0","0","0","0","0","0","0","0","0","0","0","0","0","0","0","0","0","0","0","0","0","0","0","0","0","0","0","0","0","0","0","0"
"0x7f11cf5bd960","      F2FP.F16.F32.PACK_AB R36, R37, R36","0","0","0","1024","32768","32768","32","32","0","0","-","-","-","0","0","0","0","0","0","0","0","0","0","0","0","0","0","0","0","0","0","0","0","0","0","0","0","0","0","0","0","0","0","0","0","0","0","0","0","0","0"
"0x7f11cf5bd970","      F2FP.F16.F32.PACK_AB R46, R49, R48","0","0","0","1024","32768","32768","32","32","0","0","-","-","-","0","0","0","0","0","0","0","0","0","0","0","0","0","0","0","0","0","0","0","0","0","0","0","0","0","0","0","0","0","0","0","0","0","0","0","0","0","0"
"0x7f11cf5bd980","      F2FP.F16.F32.PACK_AB R47, R51, R50","1","1","1","1024","32768","32768","32","32","0","0","-","-","-","0","0","0","0","0","0","0","0","0","0","0","0","0","0","1","0","0","0","0","0","0","0","0","0","0","0","0","0","0","0","0","1","0","0","0","0","0","0"
"0x7f11cf5bd990","      F2FP.F16.F32.PACK_AB R37, R39, R38","0","0","0","1024","32768","32768","32","32","0","0","-","-","-","0","0","0","0","0","0","0","0","0","0","0","0","0","0","0","0","0","0","0","0","0","0","0","0","0","0","0","0","0","0","0","0","0","0","0","0","0","0"
"0x7f11cf5bd9a0","      F2FP.F16.F32.PACK_AB R28, R29, R28","1","1","1","1024","32768","32768","32","32","0","0","-","-","-","0","0","0","0","0","0","0","0","0","0","0","0","0","0","0","0","0","1","0","0","0","0","0","0","0","0","0","0","0","0","0","0","0","0","1","0","0","0"
"0x7f11cf5bd9b0","      STS.128 [R59], R44","0","0","0","1024","32768","32768","32","32","0","0","Shared","Store","128","4","0","4096","4096","0","0","0","0","0","0","0","0","0","0","0","0","0","0","0","0","0","0","0","0","0","0","0","0","0","0","0","0","0","0","0","0","0","0"
"0x7f11cf5bd9c0","      SHF.R.U32.HI R69, RZ, 0x3, R68","0","0","0","1024","32768","32768","32","32","0","0","-","-","-","0","0","0","0","0","0","0","0","0","0","0","0","0","0","0","0","0","0","0","0","0","0","0","0","0","0","0","0","0","0","0","0","0","0","0","0","0","0"
"0x7f11cf5bd9d0","      F2FP.F16.F32.PACK_AB R38, R41, R40","0","0","0","1024","32768","32768","32","32","0","0","-","-","-","0","0","0","0","0","0","0","0","0","0","0","0","0","0","0","0","0","0","0","0","0","0","0","0","0","0","0","0","0","0","0","0","0","0","0","0","0","0"
"0x7f11cf5bd9e0","      F2FP.F16.F32.PACK_AB R39, R43, R42","0","0","0","1024","32768","32768","32","32","0","0","-","-","-","0","0","0","0","0","0","0","0","0","0","0","0","0","0","0","0","0","0","0","0","0","0","0","0","0","0","0","0","0","0","0","0","0","0","0","0","0","0"
"0x7f11cf5bd9f0","      F2FP.F16.F32.PACK_AB R29, R31, R30","0","0","0","1024","32768","32768","32","32","0","0","-","-","-","0","0","0","0","0","0","0","0","0","0","0","0","0","0","0","0","0","0","0","0","0","0","0","0","0","0","0","0","0","0","0","0","0","0","0","0","0","0"
"0x7f11cf5bda00","      F2FP.F16.F32.PACK_AB R20, R21, R20","0","0","0","1024","32768","32768","32","32","0","0","-","-","-","0","0","0","0","0","0","0","0","0","0","0","0","0","0","0","0","0","0","0","0","0","0","0","0","0","0","0","0","0","0","0","0","0","0","0","0","0","0"
"0x7f11cf5bda10","      STS.128 [R64], R36","0","0","0","1024","32768","32768","32","32","0","0","Shared","Store","128","4","0","4096","4096","0","0","0","0","0","0","0","0","0","0","0","0","0","0","0","0","0","0","0","0","0","0","0","0","0","0","0","0","0","0","0","0","0","0"
"0x7f11cf5bda20","      F2FP.F16.F32.PACK_AB R30, R33, R32","0","0","0","1024","32768","32768","32","32","0","0","-","-","-","0","0","0","0","0","0","0","0","0","0","0","0","0","0","0","0","0","0","0","0","0","0","0","0","0","0","0","0","0","0","0","0","0","0","0","0","0","0"
"0x7f11cf5bda30","      F2FP.F16.F32.PACK_AB R31, R35, R34","0","0","0","1024","32768","32768","32","32","0","0","-","-","-","0","0","0","0","0","0","0","0","0","0","0","0","0","0","0","0","0","0","0","0","0","0","0","0","0","0","0","0","0","0","0","0","0","0","0","0","0","0"
"0x7f11cf5bda40","      F2FP.F16.F32.PACK_AB R21, R23, R22","0","0","0","1024","32768","32768","32","32","0","0","-","-","-","0","0","0","0","0","0","0","0","0","0","0","0","0","0","0","0","0","0","0","0","0","0","0","0","0","0","0","0","0","0","0","0","0","0","0","0","0","0"
"0x7f11cf5bda50","      F2FP.F16.F32.PACK_AB R12, R13, R12","0","0","0","1024","32768","32768","32","32","0","0","-","-","-","0","0","0","0","0","0","0","0","0","0","0","0","0","0","0","0","0","0","0","0","0","0","0","0","0","0","0","0","0","0","0","0","0","0","0","0","0","0"
"0x7f11cf5bda60","      STS.128 [R65], R28","1","0","1","1024","32768","32768","32","32","0","0","Shared","Store","128","4","0","4096","4096","0","0","0","0","0","0","0","0","0","0","0","0","1","0","0","0","0","0","0","0","0","0","0","0","0","0","0","0","0","0","0","0","0","0"
"0x7f11cf5bda70","      F2FP.F16.F32.PACK_AB R22, R25, R24","0","0","0","1024","32768","32768","32","32","0","0","-","-","-","0","0","0","0","0","0","0","0","0","0","0","0","0","0","0","0","0","0","0","0","0","0","0","0","0","0","0","0","0","0","0","0","0","0","0","0","0","0"
"0x7f11cf5bda80","      F2FP.F16.F32.PACK_AB R23, R27, R26","0","0","0","1024","32768","32768","32","32","0","0","-","-","-","0","0","0","0","0","0","0","0","0","0","0","0","0","0","0","0","0","0","0","0","0","0","0","0","0","0","0","0","0","0","0","0","0","0","0","0","0","0"
"0x7f11cf5bda90","      F2FP.F16.F32.PACK_AB R13, R15, R14","0","0","0","1024","32768","32768","32","32","0","0","-","-","-","0","0","0","0","0","0","0","0","0","0","0","0","0","0","0","0","0","0","0","0","0","0","0","0","0","0","0","0","0","0","0","0","0","0","0","0","0","0"
"0x7f11cf5bdaa0","      F2FP.F16.F32.PACK_AB R4, R5, R4","0","0","0","1024","32768","32768","32","32","0","0","-","-","-","0","0","0","0","0","0","0","0","0","0","0","0","0","0","0","0","0","0","0","0","0","0","0","0","0","0","0","0","0","0","0","0","0","0","0","0","0","0"
"0x7f11cf5bdab0","      STS.128 [R66], R20","0","0","0","1024","32768","32768","32","32","0","0","Shared","Store","128","4","0","4096","4096","0","0","0","0","0","0","0","0","0","0","0","0","0","0","0","0","0","0","0","0","0","0","0","0","0","0","0","0","0","0","0","0","0","0"
"0x7f11cf5bdac0","      LOP3.LUT R56, R67, 0x70, R56, 0x78, !PT","0","0","0","1024","32768","32768","32","32","0","0","-","-","-","0","0","0","0","0","0","0","0","0","0","0","0","0","0","0","0","0","0","0","0","0","0","0","0","0","0","0","0","0","0","0","0","0","0","0","0","0","0"
"0x7f11cf5bdad0","      F2FP.F16.F32.PACK_AB R14, R17, R16","0","0","0","1024","32768","32768","32","32","0","0","-","-","-","0","0","0","0","0","0","0","0","0","0","0","0","0","0","0","0","0","0","0","0","0","0","0","0","0","0","0","0","0","0","0","0","0","0","0","0","0","0"
"0x7f11cf5bdae0","      F2FP.F16.F32.PACK_AB R15, R19, R18","0","0","0","1024","32768","32768","32","32","0","0","-","-","-","0","0","0","0","0","0","0","0","0","0","0","0","0","0","0","0","0","0","0","0","0","0","0","0","0","0","0","0","0","0","0","0","0","0","0","0","0","0"
"0x7f11cf5bdaf0","      F2FP.F16.F32.PACK_AB R5, R7, R6","0","0","0","1024","32768","32768","32","32","0","0","-","-","-","0","0","0","0","0","0","0","0","0","0","0","0","0","0","0","0","0","0","0","0","0","0","0","0","0","0","0","0","0","0","0","0","0","0","0","0","0","0"
"0x7f11cf5bdb00","      LOP3.LUT R69, R68, 0x70, R69, 0x78, !PT","0","0","0","1024","32768","32768","32","32","0","0","-","-","-","0","0","0","0","0","0","0","0","0","0","0","0","0","0","0","0","0","0","0","0","0","0","0","0","0","0","0","0","0","0","0","0","0","0","0","0","0","0"
"0x7f11cf5bdb10","      STS.128 [R56], R12","0","0","0","1024","32768","32768","32","32","0","0","Shared","Store","128","4","0","4096","4096","0","0","0","0","0","0","0","0","0","0","0","0","0","0","0","0","0","0","0","0","0","0","0","0","0","0","0","0","0","0","0","0","0","0"
"0x7f11cf5bdb20","      F2FP.F16.F32.PACK_AB R6, R9, R8","0","0","0","1024","32768","32768","32","32","0","0","-","-","-","0","0","0","0","0","0","0","0","0","0","0","0","0","0","0","0","0","0","0","0","0","0","0","0","0","0","0","0","0","0","0","0","0","0","0","0","0","0"
"0x7f11cf5bdb30","      F2FP.F16.F32.PACK_AB R7, R11, R10","0","0","0","1024","32768","32768","32","32","0","0","-","-","-","0","0","0","0","0","0","0","0","0","0","0","0","0","0","0","0","0","0","0","0","0","0","0","0","0","0","0","0","0","0","0","0","0","0","0","0","0","0"
"0x7f11cf5bdb40","      STS.128 [R69], R4","0","0","0","1024","32768","32768","32","32","0","0","Shared","Store","128","4","0","4096","4096","0","0","0","0","0","0","0","0","0","0","0","0","0","0","0","0","0","0","0","0","0","0","0","0","0","0","0","0","0","0","0","0","0","0"
"0x7f11cf5bdb50","      MEMBAR.ALL.CTA","1","0","1","1024","32768","32768","32","32","0","0","-","-","-","0","0","0","0","0","0","0","0","0","0","0","0","0","0","0","0","1","0","0","0","0","0","0","0","0","0","0","0","0","0","0","0","0","0","0","0","0","0"
"0x7f11cf5bdb60","      FENCE.VIEW.ASYNC.S","3","3","3","1024","32768","32768","32","32","0","0","-","-","-","0","0","0","0","0","0","0","0","0","3","0","0","0","0","0","0","0","0","0","0","0","0","0","0","0","0","3","0","0","0","0","0","0","0","0","0","0","0"
"0x7f11cf5bdb70","      SYNCS.ARRIVE.TRANS64.A1T0 RZ, [R71+URZ+0x380a8], RZ","0","0","0","1024","32768","32768","32","32","0","0","-","-","-","0","0","0","0","0","0","0","0","0","0","0","0","0","0","0","0","0","0","0","0","0","0","0","0","0","0","0","0","0","0","0","0","0","0","0","0","0","0"
"0x7f11cf5bdb80","      SYNCS.PHASECHK.TRANS64.TRYWAIT P0, [R71+URZ+0x380b8], R70","0","0","0","1024","32768","32768","32","32","0","0","-","-","-","0","0","0","0","0","0","0","0","0","0","0","0","0","0","0","0","0","0","0","0","0","0","0","0","0","0","0","0","0","0","0","0","0","0","0","0","0","0"
"0x7f11cf5bdb90","@!P0  BRA 0x7f11cf5bf150","31","31","31","1024","32768","32768","32","32","0","0","-","-","-","0","0","0","0","0","0","0","0","0","31","0","0","0","0","0","0","0","0","0","0","0","0","0","0","0","0","31","0","0","0","0","0","0","0","0","0","0","0"
"0x7f11cf5bdba0","      R2UR UR4, R3","0","0","0","1024","32768","32768","32","32","0","0","-","-","-","0","0","0","0","0","0","0","0","0","0","0","0","0","0","0","0","0","0","0","0","0","0","0","0","0","0","0","0","0","0","0","0","0","0","0","0","0","0"
"0x7f11cf5bdbb0","      R2UR UR5, R3","0","0","0","1024","32768","32768","32","32","0","0","-","-","-","0","0","0","0","0","0","0","0","0","0","0","0","0","0","0","0","0","0","0","0","0","0","0","0","0","0","0","0","0","0","0","0","0","0","0","0","0","0"
"0x7f11cf5bdbc0","      R2UR UR6, R3","0","0","0","1024","32768","32768","32","32","0","0","-","-","-","0","0","0","0","0","0","0","0","0","0","0","0","0","0","0","0","0","0","0","0","0","0","0","0","0","0","0","0","0","0","0","0","0","0","0","0","0","0"
"0x7f11cf5bdbd0","      R2UR UR7, R3","0","0","0","1024","32768","32768","32","32","0","0","-","-","-","0","0","0","0","0","0","0","0","0","0","0","0","0","0","0","0","0","0","0","0","0","0","0","0","0","0","0","0","0","0","0","0","0","0","0","0","0","0"
"0x7f11cf5bdbe0","      LDTM.x8 R12, tmem[UR4+0x40]","0","0","0","1024","32768","32768","32","32","0","0","Tmem","Load","-","0","0","0","0","0","0","0","0","0","0","0","0","0","0","0","0","0","0","0","0","0","0","0","0","0","0","0","0","0","0","0","0","0","0","0","0","0","0"
"0x7f11cf5bdbf0","      LDTM.x8 R4, tmem[UR5+0x48]","0","0","0","1024","32768","32768","32","32","0","0","Tmem","Load","-","0","0","0","0","0","0","0","0","0","0","0","0","0","0","0","0","0","0","0","0","0","0","0","0","0","0","0","0","0","0","0","0","0","0","0","0","0","0"
"0x7f11cf5bdc00","      LDTM.x8 R44, tmem[UR6+0x50]","0","0","0","1024","32768","32768","32","32","0","0","Tmem","Load","-","0","0","0","0","0","0","0","0","0","0","0","0","0","0","0","0","0","0","0","0","0","0","0","0","0","0","0","0","0","0","0","0","0","0","0","0","0","0"
"0x7f11cf5bdc10","      LDTM.x8 R36, tmem[UR4+0x58]","1","0","1","1024","32768","32768","32","32","0","0","Tmem","Load","-","0","0","0","0","0","0","0","0","0","0","0","0","0","0","0","0","1","0","0","0","0","0","0","0","0","0","0","0","0","0","0","0","0","0","0","0","0","0"
"0x7f11cf5bdc20","      LDTM.x8 R28, tmem[UR5+0x60]","0","0","0","1024","32768","32768","32","32","0","0","Tmem","Load","-","0","0","0","0","0","0","0","0","0","0","0","0","0","0","0","0","0","0","0","0","0","0","0","0","0","0","0","0","0","0","0","0","0","0","0","0","0","0"
"0x7f11cf5bdc30","      LDTM.x8 R20, tmem[UR6+0x68]","0","0","0","1024","32768","32768","32","32","0","0","Tmem","Load","-","0","0","0","0","0","0","0","0","0","0","0","0","0","0","0","0","0","0","0","0","0","0","0","0","0","0","0","0","0","0","0","0","0","0","0","0","0","0"
"0x7f11cf5bdc40","      F2FP.F16.F32.PACK_AB R52, R13, R12","0","0","0","1024","32768","32768","32","32","0","0","-","-","-","0","0","0","0","0","0","0","0","0","0","0","0","0","0","0","0","0","0","0","0","0","0","0","0","0","0","0","0","0","0","0","0","0","0","0","0","0","0"
"0x7f11cf5bdc50","      F2FP.F16.F32.PACK_AB R53, R15, R14","0","0","0","1024","32768","32768","32","32","0","0","-","-","-","0","0","0","0","0","0","0","0","0","0","0","0","0","0","0","0","0","0","0","0","0","0","0","0","0","0","0","0","0","0","0","0","0","0","0","0","0","0"
"0x7f11cf5bdc60","      F2FP.F16.F32.PACK_AB R54, R17, R16","0","0","0","1024","32768","32768","32","32","0","0","-","-","-","0","0","0","0","0","0","0","0","0","0","0","0","0","0","0","0","0","0","0","0","0","0","0","0","0","0","0","0","0","0","0","0","0","0","0","0","0","0"
"0x7f11cf5bdc70","      F2FP.F16.F32.PACK_AB R55, R19, R18","0","0","0","1024","32768","32768","32","32","0","0","-","-","-","0","0","0","0","0","0","0","0","0","0","0","0","0","0","0","0","0","0","0","0","0","0","0","0","0","0","0","0","0","0","0","0","0","0","0","0","0","0"
"0x7f11cf5bdc80","      F2FP.F16.F32.PACK_AB R60, R5, R4","0","0","0","1024","32768","32768","32","32","0","0","-","-","-","0","0","0","0","0","0","0","0","0","0","0","0","0","0","0","0","0","0","0","0","0","0","0","0","0","0","0","0","0","0","0","0","0","0","0","0","0","0"
"0x7f11cf5bdc90","      LDTM.x8 R12, tmem[UR7+0x70]","0","0","0","1024","32768","32768","32","32","0","0","Tmem","Load","-","0","0","0","0","0","0","0","0","0","0","0","0","0","0","0","0","0","0","0","0","0","0","0","0","0","0","0","0","0","0","0","0","0","0","0","0","0","0"
"0x7f11cf5bdca0","      F2FP.F16.F32.PACK_AB R61, R7, R6","0","0","0","1024","32768","32768","32","32","0","0","-","-","-","0","0","0","0","0","0","0","0","0","0","0","0","0","0","0","0","0","0","0","0","0","0","0","0","0","0","0","0","0","0","0","0","0","0","0","0","0","0"
"0x7f11cf5bdcb0","      STS.128 [R57], R52","0","0","0","1024","32768","32768","32","32","0","0","Shared","Store","128","4","0","4096","4096","0","0","0","0","0","0","0","0","0","0","0","0","0","0","0","0","0","0","0","0","0","0","0","0","0","0","0","0","0","0","0","0","0","0"
"0x7f11cf5bdcc0","      F2FP.F16.F32.PACK_AB R62, R9, R8","0","0","0","1024","32768","32768","32","32","0","0","-","-","-","0","0","0","0","0","0","0","0","0","0","0","0","0","0","0","0","0","0","0","0","0","0","0","0","0","0","0","0","0","0","0","0","0","0","0","0","0","0"
"0x7f11cf5bdcd0","      F2FP.F16.F32.PACK_AB R63, R11, R10","0","0","0","1024","32768","32768","32","32","0","0","-","-","-","0","0","0","0","0","0","0","0","0","0","0","0","0","0","0","0","0","0","0","0","0","0","0","0","0","0","0","0","0","0","0","0","0","0","0","0","0","0"
"0x7f11cf5bdce0","      LDTM.x8 R4, tmem[UR4+0x78]","1","1","1","1024","32768","32768","32","32","0","0","Tmem","Load","-","0","0","0","0","0","0","0","0","0","0","0","0","0","0","0","0","0","0","0","0","1","0","0","0","0","0","0","0","0","0","0","0","0","0","0","0","0","1"
"0x7f11cf5bdcf0","      F2FP.F16.F32.PACK_AB R44, R45, R44","0","0","0","1024","32768","32768","32","32","0","0","-","-","-","0","0","0","0","0","0","0","0","0","0","0","0","0","0","0","0","0","0","0","0","0","0","0","0","0","0","0","0","0","0","0","0","0","0","0","0","0","0"
"0x7f11cf5bdd00","      F2FP.F16.F32.PACK_AB R45, R47, R46","0","0","0","1024","32768","32768","32","32","0","0","-","-","-","0","0","0","0","0","0","0","0","0","0","0","0","0","0","0","0","0","0","0","0","0","0","0","0","0","0","0","0","0","0","0","0","0","0","0","0","0","0"
"0x7f11cf5bdd10","      STS.128 [R58], R60","0","0","0","1024","32768","32768","32","32","0","0","Shared","Store","128","4","0","4096","4096","0","0","0","0","0","0","0","0","0","0","0","0","0","0","0","0","0","0","0","0","0","0","0","0","0","0","0","0","0","0","0","0","0","0"
"0x7f11cf5bdd20","      F2FP.F16.F32.PACK_AB R36, R37, R36","0","0","0","1024","32768","32768","32","32","0","0","-","-","-","0","0","0","0","0","0","0","0","0","0","0","0","0","0","0","0","0","0","0","0","0","0","0","0","0","0","0","0","0","0","0","0","0","0","0","0","0","0"
"0x7f11cf5bdd30","      F2FP.F16.F32.PACK_AB R46, R49, R48","0","0","0","1024","32768","32768","32","32","0","0","-","-","-","0","0","0","0","0","0","0","0","0","0","0","0","0","0","0","0","0","0","0","0","0","0","0","0","0","0","0","0","0","0","0","0","0","0","0","0","0","0"
"0x7f11cf5bdd40","      F2FP.F16.F32.PACK_AB R47, R51, R50","1","1","1","1024","32768","32768","32","32","0","0","-","-","-","0","0","0","0","0","0","0","0","0","0","0","0","0","0","0","0","0","0","0","0","1","0","0","0","0","0","0","0","0","0","0","0","0","0","0","0","0","1"
"0x7f11cf5bdd50","      F2FP.F16.F32.PACK_AB R37, R39, R38","0","0","0","1024","32768","32768","32","32","0","0","-","-","-","0","0","0","0","0","0","0","0","0","0","0","0","0","0","0","0","0","0","0","0","0","0","0","0","0","0","0","0","0","0","0","0","0","0","0","0","0","0"
"0x7f11cf5bdd60","      F2FP.F16.F32.PACK_AB R28, R29, R28","1","0","1","1024","32768","32768","32","32","0","0","-","-","-","0","0","0","0","0","0","0","0","0","0","0","0","0","0","0","0","1","0","0","0","0","0","0","0","0","0","0","0","0","0","0","0","0","0","0","0","0","0"
"0x7f11cf5bdd70","      STS.128 [R59], R44","0","0","0","1024","32768","32768","32","32","0","0","Shared","Store","128","4","0","4096","4096","0","0","0","0","0","0","0","0","0","0","0","0","0","0","0","0","0","0","0","0","0","0","0","0","0","0","0","0","0","0","0","0","0","0"
"0x7f11cf5bdd80","      F2FP.F16.F32.PACK_AB R38, R41, R40","0","0","0","1024","32768","32768","32","32","0","0","-","-","-","0","0","0","0","0","0","0","0","0","0","0","0","0","0","0","0","0","0","0","0","0","0","0","0","0","0","0","0","0","0","0","0","0","0","0","0","0","0"
"0x7f11cf5bdd90","      F2FP.F16.F32.PACK_AB R39, R43, R42","0","0","0","1024","32768","32768","32","32","0","0","-","-","-","0","0","0","0","0","0","0","0","0","0","0","0","0","0","0","0","0","0","0","0","0","0","0","0","0","0","0","0","0","0","0","0","0","0","0","0","0","0"
"0x7f11cf5bdda0","      F2FP.F16.F32.PACK_AB R29, R31, R30","0","0","0","1024","32768","32768","32","32","0","0","-","-","-","0","0","0","0","0","0","0","0","0","0","0","0","0","0","0","0","0","0","0","0","0","0","0","0","0","0","0","0","0","0","0","0","0","0","0","0","0","0"
"0x7f11cf5bddb0","      F2FP.F16.F32.PACK_AB R20, R21, R20","0","0","0","1024","32768","32768","32","32","0","0","-","-","-","0","0","0","0","0","0","0","0","0","0","0","0","0","0","0","0","0","0","0","0","0","0","0","0","0","0","0","0","0","0","0","0","0","0","0","0","0","0"
"0x7f11cf5bddc0","      STS.128 [R64], R36","0","0","0","1024","32768","32768","32","32","0","0","Shared","Store","128","4","0","4096","4096","0","0","0","0","0","0","0","0","0","0","0","0","0","0","0","0","0","0","0","0","0","0","0","0","0","0","0","0","0","0","0","0","0","0"
"0x7f11cf5bddd0","      F2FP.F16.F32.PACK_AB R30, R33, R32","0","0","0","1024","32768","32768","32","32","0","0","-","-","-","0","0","0","0","0","0","0","0","0","0","0","0","0","0","0","0","0","0","0","0","0","0","0","0","0","0","0","0","0","0","0","0","0","0","0","0","0","0"
"0x7f11cf5bdde0","      F2FP.F16.F32.PACK_AB R31, R35, R34","0","0","0","1024","32768","32768","32","32","0","0","-","-","-","0","0","0","0","0","0","0","0","0","0","0","0","0","0","0","0","0","0","0","0","0","0","0","0","0","0","0","0","0","0","0","0","0","0","0","0","0","0"
"0x7f11cf5bddf0","      F2FP.F16.F32.PACK_AB R21, R23, R22","0","0","0","1024","32768","32768","32","32","0","0","-","-","-","0","0","0","0","0","0","0","0","0","0","0","0","0","0","0","0","0","0","0","0","0","0","0","0","0","0","0","0","0","0","0","0","0","0","0","0","0","0"
"0x7f11cf5bde00","      F2FP.F16.F32.PACK_AB R12, R13, R12","0","0","0","1024","32768","32768","32","32","0","0","-","-","-","0","0","0","0","0","0","0","0","0","0","0","0","0","0","0","0","0","0","0","0","0","0","0","0","0","0","0","0","0","0","0","0","0","0","0","0","0","0"
"0x7f11cf5bde10","      STS.128 [R65], R28","0","0","0","1024","32768","32768","32","32","0","0","Shared","Store","128","4","0","4096","4096","0","0","0","0","0","0","0","0","0","0","0","0","0","0","0","0","0","0","0","0","0","0","0","0","0","0","0","0","0","0","0","0","0","0"
"0x7f11cf5bde20","      F2FP.F16.F32.PACK_AB R22, R25, R24","0","0","0","1024","32768","32768","32","32","0","0","-","-","-","0","0","0","0","0","0","0","0","0","0","0","0","0","0","0","0","0","0","0","0","0","0","0","0","0","0","0","0","0","0","0","0","0","0","0","0","0","0"
"0x7f11cf5bde30","      F2FP.F16.F32.PACK_AB R23, R27, R26","0","0","0","1024","32768","32768","32","32","0","0","-","-","-","0","0","0","0","0","0","0","0","0","0","0","0","0","0","0","0","0","0","0","0","0","0","0","0","0","0","0","0","0","0","0","0","0","0","0","0","0","0"
"0x7f11cf5bde40","      F2FP.F16.F32.PACK_AB R13, R15, R14","1","0","1","1024","32768","32768","32","32","0","0","-","-","-","0","0","0","0","0","0","0","0","0","0","0","0","0","0","0","0","1","0","0","0","0","0","0","0","0","0","0","0","0","0","0","0","0","0","0","0","0","0"
"0x7f11cf5bde50","      F2FP.F16.F32.PACK_AB R4, R5, R4","0","0","0","1024","32768","32768","32","32","0","0","-","-","-","0","0","0","0","0","0","0","0","0","0","0","0","0","0","0","0","0","0","0","0","0","0","0","0","0","0","0","0","0","0","0","0","0","0","0","0","0","0"
"0x7f11cf5bde60","      STS.128 [R66], R20","0","0","0","1024","32768","32768","32","32","0","0","Shared","Store","128","4","0","4096","4096","0","0","0","0","0","0","0","0","0","0","0","0","0","0","0","0","0","0","0","0","0","0","0","0","0","0","0","0","0","0","0","0","0","0"
"0x7f11cf5bde70","      F2FP.F16.F32.PACK_AB R14, R17, R16","0","0","0","1024","32768","32768","32","32","0","0","-","-","-","0","0","0","0","0","0","0","0","0","0","0","0","0","0","0","0","0","0","0","0","0","0","0","0","0","0","0","0","0","0","0","0","0","0","0","0","0","0"
"0x7f11cf5bde80","      F2FP.F16.F32.PACK_AB R15, R19, R18","0","0","0","1024","32768","32768","32","32","0","0","-","-","-","0","0","0","0","0","0","0","0","0","0","0","0","0","0","0","0","0","0","0","0","0","0","0","0","0","0","0","0","0","0","0","0","0","0","0","0","0","0"
"0x7f11cf5bde90","      F2FP.F16.F32.PACK_AB R5, R7, R6","0","0","0","1024","32768","32768","32","32","0","0","-","-","-","0","0","0","0","0","0","0","0","0","0","0","0","0","0","0","0","0","0","0","0","0","0","0","0","0","0","0","0","0","0","0","0","0","0","0","0","0","0"
"0x7f11cf5bdea0","      F2FP.F16.F32.PACK_AB R6, R9, R8","0","0","0","1024","32768","32768","32","32","0","0","-","-","-","0","0","0","0","0","0","0","0","0","0","0","0","0","0","0","0","0","0","0","0","0","0","0","0","0","0","0","0","0","0","0","0","0","0","0","0","0","0"
"0x7f11cf5bdeb0","      STS.128 [R56], R12","0","0","0","1024","32768","32768","32","32","0","0","Shared","Store","128","4","0","4096","4096","0","0","0","0","0","0","0","0","0","0","0","0","0","0","0","0","0","0","0","0","0","0","0","0","0","0","0","0","0","0","0","0","0","0"
"0x7f11cf5bdec0","      F2FP.F16.F32.PACK_AB R7, R11, R10","0","0","0","1024","32768","32768","32","32","0","0","-","-","-","0","0","0","0","0","0","0","0","0","0","0","0","0","0","0","0","0","0","0","0","0","0","0","0","0","0","0","0","0","0","0","0","0","0","0","0","0","0"
"0x7f11cf5bded0","      STS.128 [R69], R4","0","0","0","1024","32768","32768","32","32","0","0","Shared","Store","128","4","0","4096","4096","0","0","0","0","0","0","0","0","0","0","0","0","0","0","0","0","0","0","0","0","0","0","0","0","0","0","0","0","0","0","0","0","0","0"
"0x7f11cf5bdee0","      NOP","0","0","0","1024","32768","32768","32","32","0","0","-","-","-","0","0","0","0","0","0","0","0","0","0","0","0","0","0","0","0","0","0","0","0","0","0","0","0","0","0","0","0","0","0","0","0","0","0","0","0","0","0"
"0x7f11cf5bdef0","      MEMBAR.ALL.CTA","0","0","0","1024","32768","32768","32","32","0","0","-","-","-","0","0","0","0","0","0","0","0","0","0","0","0","0","0","0","0","0","0","0","0","0","0","0","0","0","0","0","0","0","0","0","0","0","0","0","0","0","0"
"0x7f11cf5bdf00","      FENCE.VIEW.ASYNC.S","7","7","7","1024","32768","32768","32","32","0","0","-","-","-","0","0","0","0","0","0","0","0","0","7","0","0","0","0","0","0","0","0","0","0","0","0","0","0","0","0","7","0","0","0","0","0","0","0","0","0","0","0"
"0x7f11cf5bdf10","      SYNCS.ARRIVE.TRANS64.A1T0 RZ, [R71+URZ+0x380b0], RZ","2","2","2","1024","32768","32768","32","32","0","0","-","-","-","0","0","0","0","0","0","0","0","0","2","0","0","0","0","0","0","0","0","0","0","0","0","0","0","0","0","2","0","0","0","0","0","0","0","0","0","0","0"
"0x7f11cf5bdf20","      ISETP.NE.U32.AND P0, PT, R2, 0x5, PT","1","1","1","2048","65536","65536","32","32","0","0","-","-","-","0","0","0","0","0","0","0","0","0","0","0","0","0","0","1","0","0","0","0","0","0","0","0","0","0","0","0","0","0","0","0","1","0","0","0","0","0","0"
"0x7f11cf5bdf30","@P0   BRA 0x7f11cf5be440","0","0","0","2048","65536","57344","32","28","4","0","-","-","-","0","0","0","0","0","0","0","0","0","0","0","0","0","0","0","0","0","0","0","0","0","0","0","0","0","0","0","0","0","0","0","0","0","0","0","0","0","0"
"0x7f11cf5bdf40","      NOP","0","0","0","256","8192","8192","32","32","0","0","-","-","-","0","0","0","0","0","0","0","0","0","0","0","0","0","0","0","0","0","0","0","0","0","0","0","0","0","0","0","0","0","0","0","0","0","0","0","0","0","0"
"0x7f11cf5bdf50","      USETMAXREG.DEALLOC.CTAPOOL 0x20","0","0","0","256","8192","8192","32","32","0","0","-","-","-","0","0","0","0","0","0","0","0","0","0","0","0","0","0","0","0","0","0","0","0","0","0","0","0","0","0","0","0","0","0","0","0","0","0","0","0","0","0"
"0x7f11cf5bdf60","      S2UR UR5, SR_CgaCtaId","0","0","0","256","8192","8192","32","32","0","0","-","-","-","0","0","0","0","0","0","0","0","0","0","0","0","0","0","0","0","0","0","0","0","0","0","0","0","0","0","0","0","0","0","0","0","0","0","0","0","0","0"
"0x7f11cf5bdf70","      UMOV UR4, 0x400","0","0","0","256","8192","8192","32","32","0","0","-","-","-","0","0","0","0","0","0","0","0","0","0","0","0","0","0","0","0","0","0","0","0","0","0","0","0","0","0","0","0","0","0","0","0","0","0","0","0","0","0"
"0x7f11cf5bdf80","      UPLOP3.LUT UP0, UPT, UPT, UPT, UPT, 0x40, 0x4","0","0","0","256","8192","8192","32","32","0","0","-","-","-","0","0","0","0","0","0","0","0","0","0","0","0","0","0","0","0","0","0","0","0","0","0","0","0","0","0","0","0","0","0","0","0","0","0","0","0","0","0"
"0x7f11cf5bdf90","      UMOV UR6, URZ","0","0","0","256","8192","8192","32","32","0","0","-","-","-","0","0","0","0","0","0","0","0","0","0","0","0","0","0","0","0","0","0","0","0","0","0","0","0","0","0","0","0","0","0","0","0","0","0","0","0","0","0"
"0x7f11cf5bdfa0","      UMOV UR7, URZ","0","0","0","256","8192","8192","32","32","0","0","-","-","-","0","0","0","0","0","0","0","0","0","0","0","0","0","0","0","0","0","0","0","0","0","0","0","0","0","0","0","0","0","0","0","0","0","0","0","0","0","0"
"0x7f11cf5bdfb0","      UMOV UR8, URZ","0","0","0","256","8192","8192","32","32","0","0","-","-","-","0","0","0","0","0","0","0","0","0","0","0","0","0","0","0","0","0","0","0","0","0","0","0","0","0","0","0","0","0","0","0","0","0","0","0","0","0","0"
"0x7f11cf5bdfc0","      ULEA UR38, UR5, UR4, 0x18","0","0","0","256","8192","8192","32","32","0","0","-","-","-","0","0","0","0","0","0","0","0","0","0","0","0","0","0","0","0","0","0","0","0","0","0","0","0","0","0","0","0","0","0","0","0","0","0","0","0","0","0"
"0x7f11cf5bdfd0","      UMOV UR4, URZ","0","0","0","256","8192","8192","32","32","0","0","-","-","-","0","0","0","0","0","0","0","0","0","0","0","0","0","0","0","0","0","0","0","0","0","0","0","0","0","0","0","0","0","0","0","0","0","0","0","0","0","0"
"0x7f11cf5bdfe0","      UMOV UR5, URZ","0","0","0","256","8192","8192","32","32","0","0","-","-","-","0","0","0","0","0","0","0","0","0","0","0","0","0","0","0","0","0","0","0","0","0","0","0","0","0","0","0","0","0","0","0","0","0","0","0","0","0","0"
"0x7f11cf5bdff0","      ULEA UR9, UR4, UR38, 0x3","1","1","1","16384","524288","524288","32","32","0","0","-","-","-","0","0","0","0","0","1","0","0","0","0","0","0","0","0","0","0","0","0","0","0","0","0","1","0","0","0","0","0","0","0","0","0","0","0","0","0","0","0"
"0x7f11cf5be000","      IMAD.U32 R3, RZ, RZ, UR5","0","0","0","16384","524288","524288","32","32","0","0","-","-","-","0","0","0","0","0","0","0","0","0","0","0","0","0","0","0","0","0","0","0","0","0","0","0","0","0","0","0","0","0","0","0","0","0","0","0","0","0","0"
"0x7f11cf5be010","      SHF.L.U32 R3, R3, 0x1f, RZ","0","0","0","16384","524288","524288","32","32","0","0","-","-","-","0","0","0","0","0","0","0","0","0","0","0","0","0","0","0","0","0","0","0","0","0","0","0","0","0","0","0","0","0","0","0","0","0","0","0","0","0","0"
"0x7f11cf5be020","      SYNCS.PHASECHK.TRANS64.TRYWAIT P0, [UR9+0x38060], R3","18","17","18","16384","524288","524288","32","32","0","0","-","-","-","0","0","0","0","0","0","0","0","0","0","0","0","0","0","0","0","1","15","0","0","2","0","0","0","0","0","0","0","0","0","0","0","0","0","15","0","0","2"
"0x7f11cf5be030","@!P0  BRA 0x7f11cf5bf1a0","19","19","19","16384","524288","8192","32","0","32","0","-","-","-","0","0","0","0","0","0","0","0","0","17","0","0","0","0","0","0","0","0","0","0","2","0","0","0","0","0","17","0","0","0","0","0","0","0","0","0","0","2"
"0x7f11cf5be040","      ULEA UR37, UR6, UR38, 0x3","2","1","2","16384","524288","524288","32","32","0","0","-","-","-","0","0","0","0","0","0","0","0","0","0","0","0","0","0","0","0","1","0","0","0","1","0","0","0","0","0","0","0","0","0","0","0","0","0","0","0","0","1"
"0x7f11cf5be050","      IMAD.U32 R3, RZ, RZ, UR7","4","0","4","16384","524288","524288","32","32","0","0","-","-","-","0","0","0","0","0","0","0","0","0","0","0","0","0","0","0","0","4","0","0","0","0","0","0","0","0","0","0","0","0","0","0","0","0","0","0","0","0","0"
"0x7f11cf5be060","      UIADD3 UR8, UPT, UPT, UR8, 0x1, URZ","1","0","1","16384","524288","524288","32","32","0","0","-","-","-","0","0","0","0","0","0","0","0","0","0","0","0","0","0","0","0","1","0","0","0","0","0","0","0","0","0","0","0","0","0","0","0","0","0","0","0","0","0"
"0x7f11cf5be070","      SHF.L.U32 R3, R3, 0x1f, RZ","2","2","2","16384","524288","524288","32","32","0","0","-","-","-","0","0","0","0","0","0","0","0","0","0","0","0","0","0","0","0","0","0","0","0","2","0","0","0","0","0","0","0","0","0","0","0","0","0","0","0","0","2"
"0x7f11cf5be080","      UISETP.NE.U32.AND UP1, UPT, UR8, 0x40, UPT","0","0","0","16384","524288","524288","32","32","0","0","-","-","-","0","0","0","0","0","0","0","0","0","0","0","0","0","0","0","0","0","0","0","0","0","0","0","0","0","0","0","0","0","0","0","0","0","0","0","0","0","0"
"0x7f11cf5be090","      SYNCS.PHASECHK.TRANS64.TRYWAIT P0, [UR37+0x38000], R3","4","1","4","16384","524288","524288","32","32","0","0","-","-","-","0","0","0","0","0","0","0","0","0","0","0","0","0","0","0","0","3","0","0","0","1","0","0","0","0","0","0","0","0","0","0","0","0","0","0","0","0","1"
"0x7f11cf5be0a0","@!P0  BRA 0x7f11cf5bf200","11","11","11","16384","524288","5280","32","0","32","0","-","-","-","0","0","0","0","0","0","0","0","0","11","0","0","0","0","0","0","0","0","0","0","0","0","0","0","0","0","11","0","0","0","0","0","0","0","0","0","0","0"
"0x7f11cf5be0b0","      UIADD3 UR21, UPT, UPT, UR6, 0x1, URZ","5","5","5","16384","524288","524288","32","32","0","0","-","-","-","0","0","0","0","0","0","0","0","0","0","0","0","0","0","0","0","0","0","0","0","5","0","0","0","0","0","0","0","0","0","0","0","0","0","0","0","0","5"
"0x7f11cf5be0c0","      ULEA UR6, UR6, UR38, 0xe","0","0","0","16384","524288","524288","32","32","0","0","-","-","-","0","0","0","0","0","0","0","0","0","0","0","0","0","0","0","0","0","0","0","0","0","0","0","0","0","0","0","0","0","0","0","0","0","0","0","0","0","0"
"0x7f11cf5be0d0","      UIADD3 UR36, UPT, UPT, UR4, 0x1, URZ","2","1","2","16384","524288","524288","32","32","0","0","-","-","-","0","0","0","0","0","0","0","0","0","0","0","0","0","0","0","0","1","0","0","0","1","0","0","0","0","0","0","0","0","0","0","0","0","0","0","0","0","1"
"0x7f11cf5be0e0","      ULEA UR4, UR4, UR38, 0xe","1","0","1","16384","524288","524288","32","32","0","0","-","-","-","0","0","0","0","0","0","0","0","0","0","0","0","0","0","0","0","1","0","0","0","0","0","0","0","0","0","0","0","0","0","0","0","0","0","0","0","0","0"
"0x7f11cf5be0f0","      UIADD3 UR6, UPT, UPT, UR6, 0x1c000, URZ","0","0","0","16384","524288","524288","32","32","0","0","-","-","-","0","0","0","0","0","0","0","0","0","0","0","0","0","0","0","0","0","0","0","0","0","0","0","0","0","0","0","0","0","0","0","0","0","0","0","0","0","0"
"0x7f11cf5be100","      USHF.R.U32.HI UR4, URZ, 0x4, UR4","0","0","0","16384","524288","524288","32","32","0","0","-","-","-","0","0","0","0","0","0","0","0","0","0","0","0","0","0","0","0","0","0","0","0","0","0","0","0","0","0","0","0","0","0","0","0","0","0","0","0","0","0"
"0x7f11cf5be110","      USHF.R.U32.HI UR6, URZ, 0x4, UR6","1","0","1","16384","524288","524288","32","32","0","0","-","-","-","0","0","0","0","0","0","0","0","0","0","0","0","0","0","0","0","1","0","0","0","0","0","0","0","0","0","0","0","0","0","0","0","0","0","0","0","0","0"
"0x7f11cf5be120","      ULOP3.LUT UR10, UR4, 0x3ff8, URZ, 0xc0, !UPT","1","1","1","16384","524288","524288","32","32","0","0","-","-","-","0","0","0","0","0","0","0","0","0","0","0","0","0","0","0","0","0","0","0","0","1","0","0","0","0","0","0","0","0","0","0","0","0","0","0","0","0","1"
"0x7f11cf5be130","      ULOP3.LUT UR12, UR6, 0x3ff8, URZ, 0xc0, !UPT","0","0","0","16384","524288","524288","32","32","0","0","-","-","-","0","0","0","0","0","0","0","0","0","0","0","0","0","0","0","0","0","0","0","0","0","0","0","0","0","0","0","0","0","0","0","0","0","0","0","0","0","0"
"0x7f11cf5be140","      UMOV UR14, 0x2000080","0","0","0","16384","524288","524288","32","32","0","0","-","-","-","0","0","0","0","0","0","0","0","0","0","0","0","0","0","0","0","0","0","0","0","0","0","0","0","0","0","0","0","0","0","0","0","0","0","0","0","0","0"
"0x7f11cf5be150","      UMOV UR15, 0x40004040","0","0","0","16384","524288","524288","32","32","0","0","-","-","-","0","0","0","0","0","0","0","0","0","0","0","0","0","0","0","0","0","0","0","0","0","0","0","0","0","0","0","0","0","0","0","0","0","0","0","0","0","0"
"0x7f11cf5be160","      UMOV UR16, 0x2000100","0","0","0","16384","524288","524288","32","32","0","0","-","-","-","0","0","0","0","0","0","0","0","0","0","0","0","0","0","0","0","0","0","0","0","0","0","0","0","0","0","0","0","0","0","0","0","0","0","0","0","0","0"
"0x7f11cf5be170","      UMOV UR17, 0x40004040","0","0","0","16384","524288","524288","32","32","0","0","-","-","-","0","0","0","0","0","0","0","0","0","0","0","0","0","0","0","0","0","0","0","0","0","0","0","0","0","0","0","0","0","0","0","0","0","0","0","0","0","0"
"0x7f11cf5be180","      UMOV UR22, 0x2000180","1","0","1","16384","524288","524288","32","32","0","0","-","-","-","0","0","0","0","0","0","0","0","0","0","0","0","0","0","0","0","1","0","0","0","0","0","0","0","0","0","0","0","0","0","0","0","0","0","0","0","0","0"
"0x7f11cf5be190","      UMOV UR23, 0x40004040","0","0","0","16384","524288","524288","32","32","0","0","-","-","-","0","0","0","0","0","0","0","0","0","0","0","0","0","0","0","0","0","0","0","0","0","0","0","0","0","0","0","0","0","0","0","0","0","0","0","0","0","0"
"0x7f11cf5be1a0","      UMOV UR11, URZ","1","0","1","16384","524288","524288","32","32","0","0","-","-","-","0","0","0","0","0","0","0","0","0","0","0","0","0","0","0","0","1","0","0","0","0","0","0","0","0","0","0","0","0","0","0","0","0","0","0","0","0","0"
"0x7f11cf5be1b0","      UMOV UR18, 0x10002","1","0","1","16384","524288","524288","32","32","0","0","-","-","-","0","0","0","0","0","0","1","0","0","0","0","0","0","0","0","0","0","0","0","0","0","0","0","0","0","0","0","0","0","0","0","0","0","0","0","0","0","0"
"0x7f11cf5be1c0","      UMOV UR19, 0x40004040","0","0","0","16384","524288","524288","32","32","0","0","-","-","-","0","0","0","0","0","0","0","0","0","0","0","0","0","0","0","0","0","0","0","0","0","0","0","0","0","0","0","0","0","0","0","0","0","0","0","0","0","0"
"0x7f11cf5be1d0","      UMOV UR13, URZ","0","0","0","16384","524288","524288","32","32","0","0","-","-","-","0","0","0","0","0","0","0","0","0","0","0","0","0","0","0","0","0","0","0","0","0","0","0","0","0","0","0","0","0","0","0","0","0","0","0","0","0","0"
"0x7f11cf5be1e0","      UMOV UR30, 0x10004","1","0","1","16384","524288","524288","32","32","0","0","-","-","-","0","0","0","0","0","0","0","0","0","0","0","0","0","0","0","0","1","0","0","0","0","0","0","0","0","0","0","0","0","0","0","0","0","0","0","0","0","0"
"0x7f11cf5be1f0","      UMOV UR31, 0x40004040","1","0","1","16384","524288","524288","32","32","0","0","-","-","-","0","0","0","0","0","0","0","0","0","0","0","0","0","0","0","0","1","0","0","0","0","0","0","0","0","0","0","0","0","0","0","0","0","0","0","0","0","0"
"0x7f11cf5be200","      ULOP3.LUT UR26, UR10, 0x2000000, URZ, 0xfc, !UPT","1","0","1","16384","524288","524288","32","32","0","0","-","-","-","0","0","0","0","0","0","0","0","0","0","0","0","0","0","0","0","1","0","0","0","0","0","0","0","0","0","0","0","0","0","0","0","0","0","0","0","0","0"
"0x7f11cf5be210","      ULOP3.LUT UR24, UR12, 0x10000, URZ, 0xfc, !UPT","1","1","1","16384","524288","524288","32","32","0","0","-","-","-","0","0","0","0","0","0","0","0","0","0","0","0","0","0","0","0","0","0","0","0","1","0","0","0","0","0","0","0","0","0","0","0","0","0","0","0","0","1"
"0x7f11cf5be220","      UIADD3.64 UR14, UPT, UPT, UR10, UR14, URZ","2","1","2","16384","524288","524288","32","32","0","0","-","-","-","0","0","0","0","0","0","0","0","0","0","0","0","0","0","0","0","1","0","0","0","1","0","0","0","0","0","0","0","0","0","0","0","0","0","0","0","0","1"
"0x7f11cf5be230","      UIADD3.64 UR16, UPT, UPT, UR10, UR16, URZ","0","0","0","16384","524288","524288","32","32","0","0","-","-","-","0","0","0","0","0","0","0","0","0","0","0","0","0","0","0","0","0","0","0","0","0","0","0","0","0","0","0","0","0","0","0","0","0","0","0","0","0","0"
"0x7f11cf5be240","      UIADD3.64 UR22, UPT, UPT, UR10, UR22, URZ","1","0","1","16384","524288","524288","32","32","0","0","-","-","-","0","0","0","0","0","0","0","0","0","0","0","0","0","0","0","0","1","0","0","0","0","0","0","0","0","0","0","0","0","0","0","0","0","0","0","0","0","0"
"0x7f11cf5be250","      UMOV UR34, 0x10006","0","0","0","16384","524288","524288","32","32","0","0","-","-","-","0","0","0","0","0","0","0","0","0","0","0","0","0","0","0","0","0","0","0","0","0","0","0","0","0","0","0","0","0","0","0","0","0","0","0","0","0","0"
"0x7f11cf5be260","      UMOV UR35, 0x40004040","1","0","1","16384","524288","524288","32","32","0","0","-","-","-","0","0","0","0","0","0","0","0","0","0","0","0","0","0","0","0","1","0","0","0","0","0","0","0","0","0","0","0","0","0","0","0","0","0","0","0","0","0"
"0x7f11cf5be270","      UIADD3.64 UR10, UPT, UPT, UR12, UR18, URZ","1","0","1","16384","524288","524288","32","32","0","0","-","-","-","0","0","0","0","0","0","0","0","0","0","0","0","0","0","0","0","1","0","0","0","0","0","0","0","0","0","0","0","0","0","0","0","0","0","0","0","0","0"
"0x7f11cf5be280","      UIADD3.64 UR18, UPT, UPT, UR12, UR30, URZ","0","0","0","16384","524288","524288","32","32","0","0","-","-","-","0","0","0","0","0","0","0","0","0","0","0","0","0","0","0","0","0","0","0","0","0","0","0","0","0","0","0","0","0","0","0","0","0","0","0","0","0","0"
"0x7f11cf5be290","      UIADD3.64 UR12, UPT, UPT, UR12, UR34, URZ","0","0","0","16384","524288","524288","32","32","0","0","-","-","-","0","0","0","0","0","0","0","0","0","0","0","0","0","0","0","0","0","0","0","0","0","0","0","0","0","0","0","0","0","0","0","0","0","0","0","0","0","0"
"0x7f11cf5be2a0","      UIADD3 UR37, UPT, UPT, UR37, 0x38030, URZ","0","0","0","16384","524288","524288","32","32","0","0","-","-","-","0","0","0","0","0","0","0","0","0","0","0","0","0","0","0","0","0","0","0","0","0","0","0","0","0","0","0","0","0","0","0","0","0","0","0","0","0","0"
"0x7f11cf5be2b0","      UMOV UR28, 0x0","3","0","3","16384","524288","524288","32","32","0","0","-","-","-","0","0","0","0","0","0","0","0","0","0","0","0","0","0","0","0","3","0","0","0","0","0","0","0","0","0","0","0","0","0","0","0","0","0","0","0","0","0"
"0x7f11cf5be2c0","      UMOV UR29, 0x8210010","1","0","1","16384","524288","524288","32","32","0","0","-","-","-","0","0","0","0","0","0","0","0","0","0","0","0","0","0","0","0","1","0","0","0","0","0","0","0","0","0","0","0","0","0","0","0","0","0","0","0","0","0"
"0x7f11cf5be2d0","      UMOV UR27, 0x40004040","0","0","0","16384","524288","524288","32","32","0","0","-","-","-","0","0","0","0","0","0","0","0","0","0","0","0","0","0","0","0","0","0","0","0","0","0","0","0","0","0","0","0","0","0","0","0","0","0","0","0","0","0"
"0x7f11cf5be2e0","      UMOV UR25, 0x40004040","0","0","0","16384","524288","524288","32","32","0","0","-","-","-","0","0","0","0","0","0","0","0","0","0","0","0","0","0","0","0","0","0","0","0","0","0","0","0","0","0","0","0","0","0","0","0","0","0","0","0","0","0"
"0x7f11cf5be2f0","      UIMAD.WIDE.U32 UR32, UR36, 0x24924925, URZ","1","0","1","16384","524288","524288","32","32","0","0","-","-","-","0","0","0","0","0","0","0","0","0","0","0","0","0","0","0","0","1","0","0","0","0","0","0","0","0","0","0","0","0","0","0","0","0","0","0","0","0","0"
"0x7f11cf5be300","      UTCHMMA gdesc[UR24], gdesc[UR26], tmem[UR20], tmem[UR28], idesc[UR29], UP0","2","0","2","16384","524288","524288","32","32","0","0","TmemShared","Load,Store","-","0","0","0","0","0","0","0","0","0","0","0","0","0","0","0","0","2","0","0","0","0","0","0","0","0","0","0","0","0","0","0","0","0","0","0","0","0","0"
"0x7f11cf5be310","      UTCHMMA gdesc[UR10], gdesc[UR14], tmem[UR20], tmem[UR28], idesc[UR29], UPT","0","0","0","16384","524288","524288","32","32","0","0","TmemShared","Load,Store","-","0","0","0","0","0","0","0","0","0","0","0","0","0","0","0","0","0","0","0","0","0","0","0","0","0","0","0","0","0","0","0","0","0","0","0","0","0","0"
"0x7f11cf5be320","      UTCHMMA gdesc[UR18], gdesc[UR16], tmem[UR20], tmem[UR28], idesc[UR29], UPT","1","0","1","16384","524288","524288","32","32","0","0","TmemShared","Load,Store","-","0","0","0","0","0","0","1","0","0","0","0","0","0","0","0","0","0","0","0","0","0","0","0","0","0","0","0","0","0","0","0","0","0","0","0","0","0","0"
"0x7f11cf5be330","      UTCHMMA gdesc[UR12], gdesc[UR22], tmem[UR20], tmem[UR28], idesc[UR29], UPT","1","0","1","16384","524288","524288","32","32","0","0","TmemShared","Load,Store","-","0","0","0","0","0","0","1","0","0","0","0","0","0","0","0","0","0","0","0","0","0","0","0","0","0","0","0","0","0","0","0","0","0","0","0","0","0","0"
"0x7f11cf5be340","      UTCBAR [UR37], URZ","5","5","5","16384","524288","524288","32","32","0","0","-","-","-","0","0","0","0","0","0","0","0","0","0","0","0","5","0","0","0","0","0","0","0","0","0","0","0","0","0","0","0","0","5","0","0","0","0","0","0","0","0"
"0x7f11cf5be350","      UIMAD.WIDE.U32 UR30, UR21, -0x55555555, URZ","0","0","0","16384","524288","524288","32","32","0","0","-","-","-","0","0","0","0","0","0","0","0","0","0","0","0","0","0","0","0","0","0","0","0","0","0","0","0","0","0","0","0","0","0","0","0","0","0","0","0","0","0"
"0x7f11cf5be360","      UIADD3 UR4, UPT, UPT, UR36, -UR33, URZ","1","1","1","16384","524288","524288","32","32","0","0","-","-","-","0","0","0","0","0","0","0","0","0","0","0","0","0","0","0","0","0","0","0","0","1","0","0","0","0","0","0","0","0","0","0","0","0","0","0","0","0","1"
"0x7f11cf5be370","      UPLOP3.LUT UP0, UPT, UPT, UPT, UPT, 0x80, 0x8","0","0","0","16384","524288","524288","32","32","0","0","-","-","-","0","0","0","0","0","0","0","0","0","0","0","0","0","0","0","0","0","0","0","0","0","0","0","0","0","0","0","0","0","0","0","0","0","0","0","0","0","0"
"0x7f11cf5be380","      ULEA.HI UR4, UR4, UR33, URZ, 0x1f","1","1","1","16384","524288","524288","32","32","0","0","-","-","-","0","0","0","0","0","0","0","0","0","0","0","0","0","0","0","0","0","0","0","0","1","0","0","0","0","0","0","0","0","0","0","0","0","0","0","0","0","1"
"0x7f11cf5be390","      UMOV UR9, UR31","0","0","0","16384","524288","524288","32","32","0","0","-","-","-","0","0","0","0","0","0","0","0","0","0","0","0","0","0","0","0","0","0","0","0","0","0","0","0","0","0","0","0","0","0","0","0","0","0","0","0","0","0"
"0x7f11cf5be3a0","      USHF.R.U32.HI UR4, URZ, 0x2, UR4","2","2","2","16384","524288","524288","32","32","0","0","-","-","-","0","0","0","0","0","0","0","0","0","0","0","0","0","0","0","0","0","0","0","0","2","0","0","0","0","0","0","0","0","0","0","0","0","0","0","0","0","2"
"0x7f11cf5be3b0","      USHF.R.U32.HI UR9, URZ, 0x2, UR9","1","1","1","16384","524288","524288","32","32","0","0","-","-","-","0","0","0","0","0","0","0","0","0","0","0","0","0","0","0","0","0","0","0","0","1","0","0","0","0","0","0","0","0","0","0","0","0","0","0","0","0","1"
"0x7f11cf5be3c0","      ULOP3.LUT UR5, UR5, 0x1, UR4, 0x78, !UPT","1","0","1","16384","524288","524288","32","32","0","0","-","-","-","0","0","0","0","0","0","0","0","0","0","0","0","0","0","0","0","1","0","0","0","0","0","0","0","0","0","0","0","0","0","0","0","0","0","0","0","0","0"
"0x7f11cf5be3d0","      ULOP3.LUT UR7, UR7, 0x1, UR9, 0x78, !UPT","0","0","0","16384","524288","524288","32","32","0","0","-","-","-","0","0","0","0","0","0","0","0","0","0","0","0","0","0","0","0","0","0","0","0","0","0","0","0","0","0","0","0","0","0","0","0","0","0","0","0","0","0"
"0x7f11cf5be3e0","      UIMAD UR6, UR9, -0x6, UR21","1","0","1","16384","524288","524288","32","32","0","0","-","-","-","0","0","0","0","0","0","0","0","0","0","0","0","0","0","0","0","1","0","0","0","0","0","0","0","0","0","0","0","0","0","0","0","0","0","0","0","0","0"
"0x7f11cf5be3f0","      UIMAD UR4, UR4, -0x7, UR36","1","1","1","16384","524288","524288","32","32","0","0","-","-","-","0","0","0","0","0","0","0","0","0","0","0","0","0","0","0","0","0","0","0","0","1","0","0","0","0","0","0","0","0","0","0","0","0","0","0","0","0","1"
"0x7f11cf5be400","      BRA.U UP1, 0x7f11cf5bdff0","0","0","0","16384","524288","524288","32","32","0","0","-","-","-","0","0","0","0","0","0","0","0","0","0","0","0","0","0","0","0","0","0","0","0","0","0","0","0","0","0","0","0","0","0","0","0","0","0","0","0","0","0"
"0x7f11cf5be410","      UIADD3 UR4, UPT, UPT, UR38, 0x380a0, URZ","2","0","2","256","8192","8192","32","32","0","0","-","-","-","0","0","0","0","0","0","0","0","0","0","0","0","0","0","0","0","2","0","0","0","0","0","0","0","0","0","0","0","0","0","0","0","0","0","0","0","0","0"
"0x7f11cf5be420","      UTCBAR [UR4], URZ","0","0","0","256","8192","8192","32","32","0","0","-","-","-","0","0","0","0","0","0","0","0","0","0","0","0","0","0","0","0","0","0","0","0","0","0","0","0","0","0","0","0","0","0","0","0","0","0","0","0","0","0"
"0x7f11cf5be430","      NOP","0","0","0","256","8192","8192","32","32","0","0","-","-","-","0","0","0","0","0","0","0","0","0","0","0","0","0","0","0","0","0","0","0","0","0","0","0","0","0","0","0","0","0","0","0","0","0","0","0","0","0","0"
"0x7f11cf5be440","      ISETP.GT.AND P0, PT, R2, 0x4, PT","1","1","1","2048","65536","65536","32","32","0","0","-","-","-","0","0","0","0","0","1","0","0","0","0","0","0","0","0","0","0","0","0","0","0","0","0","1","0","0","0","0","0","0","0","0","0","0","0","0","0","0","0"
"0x7f11cf5be450","@P0   BRA 0x7f11cf5be490","1","1","1","2048","65536","24576","32","12","20","0","-","-","-","0","0","0","0","0","0","0","0","0","0","0","0","0","0","0","0","0","0","0","0","1","0","0","0","0","0","0","0","0","0","0","0","0","0","0","0","0","1"
"0x7f11cf5be460","      ISETP.GE.U32.AND P0, PT, R2, 0x4, PT","0","0","0","1280","40960","40960","32","32","0","0","-","-","-","0","0","0","0","0","0","0","0","0","0","0","0","0","0","0","0","0","0","0","0","0","0","0","0","0","0","0","0","0","0","0","0","0","0","0","0","0","0"
"0x7f11cf5be470","@P0   EXIT","1","0","1","1280","40960","8192","32","6","26","0","-","-","-","0","0","0","0","0","0","0","0","0","0","0","0","0","0","0","0","0","0","0","0","1","0","0","0","0","0","0","0","0","0","0","0","0","0","0","0","0","0"
"0x7f11cf5be480","      BRA 0x7f11cf5bed50","0","0","0","1024","32768","32768","32","32","0","0","-","-","-","0","0","0","0","0","0","0","0","0","0","0","0","0","0","0","0","0","0","0","0","0","0","0","0","0","0","0","0","0","0","0","0","0","0","0","0","0","0"
"0x7f11cf5be490","      IMAD.MOV.U32 R3, RZ, RZ, -0x5","0","0","0","768","24576","24576","32","32","0","0","-","-","-","0","0","0","0","0","0","0","0","0","0","0","0","0","0","0","0","0","0","0","0","0","0","0","0","0","0","0","0","0","0","0","0","0","0","0","0","0","0"
"0x7f11cf5be4a0","      VIADDMNMX.U32 R3, R2, R3, 0x3, PT","0","0","0","768","24576","24576","32","32","0","0","-","-","-","0","0","0","0","0","0","0","0","0","0","0","0","0","0","0","0","0","0","0","0","0","0","0","0","0","0","0","0","0","0","0","0","0","0","0","0","0","0"
"0x7f11cf5be4b0","      IMAD.SHL.U32 R3, R3, 0x4, RZ","0","0","0","768","24576","24576","32","32","0","0","-","-","-","0","0","0","0","0","0","0","0","0","0","0","0","0","0","0","0","0","0","0","0","0","0","0","0","0","0","0","0","0","0","0","0","0","0","0","0","0","0"
"0x7f11cf5be4c0","      LDC R4, c[0x2][R3]","0","0","0","768","24576","24576","32","32","0","0","-","-","-","0","0","0","0","0","0","0","0","0","0","0","0","0","0","0","0","0","0","0","0","0","0","0","0","0","0","0","0","0","0","0","0","0","0","0","0","0","0"
"0x7f11cf5be4d0","      SHF.R.S32.HI R5, RZ, 0x1f, R4","0","0","0","768","24576","24576","32","32","0","0","-","-","-","0","0","0","0","0","0","0","0","0","0","0","0","0","0","0","0","0","0","0","0","0","0","0","0","0","0","0","0","0","0","0","0","0","0","0","0","0","0"
"0x7f11cf5be4e0","      BRX R4, -0x20f0","0","0","0","768","24576","24576","32","32","0","0","-","-","-","0","0","0","0","0","0","0","0","0","0","0","0","0","0","0","0","0","0","0","0","0","0","0","0","0","0","0","0","0","0","0","0","0","0","0","0","0","0"
"0x7f11cf5be4f0","      ISETP.NE.U32.AND P0, PT, R2, 0x6, PT","0","0","0","256","8192","8192","32","32","0","0","-","-","-","0","0","0","0","0","0","0","0","0","0","0","0","0","0","0","0","0","0","0","0","0","0","0","0","0","0","0","0","0","0","0","0","0","0","0","0","0","0"
"0x7f11cf5be500","@P0   EXIT","0","0","0","256","8192","0","32","0","32","0","-","-","-","0","0","0","0","0","0","0","0","0","0","0","0","0","0","0","0","0","0","0","0","0","0","0","0","0","0","0","0","0","0","0","0","0","0","0","0","0","0"
"0x7f11cf5be510","      NOP","0","0","0","256","8192","8192","32","32","0","0","-","-","-","0","0","0","0","0","0","0","0","0","0","0","0","0","0","0","0","0","0","0","0","0","0","0","0","0","0","0","0","0","0","0","0","0","0","0","0","0","0"
"0x7f11cf5be520","      USETMAXREG.DEALLOC.CTAPOOL 0x20","0","0","0","256","8192","8192","32","32","0","0","-","-","-","0","0","0","0","0","0","0","0","0","0","0","0","0","0","0","0","0","0","0","0","0","0","0","0","0","0","0","0","0","0","0","0","0","0","0","0","0","0"
"0x7f11cf5be530","      LDC.64 R4, c[0x0][0x3c8]","1","1","1","256","8192","8192","32","32","0","0","-","-","-","0","0","0","0","0","0","0","0","0","0","0","0","0","0","0","0","0","0","0","0","1","0","0","0","0","0","0","0","0","0","0","0","0","0","0","0","0","1"
"0x7f11cf5be540","      CS2R.32 R11, SR_CgaSize","0","0","0","256","8192","8192","32","32","0","0","-","-","-","0","0","0","0","0","0","0","0","0","0","0","0","0","0","0","0","0","0","0","0","0","0","0","0","0","0","0","0","0","0","0","0","0","0","0","0","0","0"
"0x7f11cf5be550","      IMAD R11, R11, -0xa0, RZ","0","0","0","256","8192","8192","32","32","0","0","-","-","-","0","0","0","0","0","0","0","0","0","0","0","0","0","0","0","0","0","0","0","0","0","0","0","0","0","0","0","0","0","0","0","0","0","0","0","0","0","0"
"0x7f11cf5be560","      R2UR UR5, R11","1","1","1","256","8192","8192","32","32","0","0","-","-","-","0","0","0","0","0","0","0","0","0","0","0","0","0","0","0","0","0","0","0","0","1","0","0","0","0","0","0","0","0","0","0","0","0","0","0","0","0","1"
"0x7f11cf5be570","      LDCU UR5, c[0x0][UR5+0x2b0]","0","0","0","256","8192","8192","32","32","0","0","-","-","-","0","0","0","0","0","0","0","0","0","0","0","0","0","0","0","0","0","0","0","0","0","0","0","0","0","0","0","0","0","0","0","0","0","0","0","0","0","0"
"0x7f11cf5be580","      LDCU.64 UR6, c[0x0][0x348]","0","0","0","256","8192","8192","32","32","0","0","-","-","-","0","0","0","0","0","0","0","0","0","0","0","0","0","0","0","0","0","0","0","0","0","0","0","0","0","0","0","0","0","0","0","0","0","0","0","0","0","0"
"0x7f11cf5be590","      S2UR UR4, SR_CTAID.X","0","0","0","256","8192","8192","32","32","0","0","-","-","-","0","0","0","0","0","0","0","0","0","0","0","0","0","0","0","0","0","0","0","0","0","0","0","0","0","0","0","0","0","0","0","0","0","0","0","0","0","0"
"0x7f11cf5be5a0","      UIADD3 UR8, UP0, UPT, UR6, 0x180, URZ","0","0","0","256","8192","8192","32","32","0","0","-","-","-","0","0","0","0","0","0","0","0","0","0","0","0","0","0","0","0","0","0","0","0","0","0","0","0","0","0","0","0","0","0","0","0","0","0","0","0","0","0"
"0x7f11cf5be5b0","      SHF.R.S32.HI R0, RZ, 0x1f, R5","0","0","0","256","8192","8192","32","32","0","0","-","-","-","0","0","0","0","0","0","0","0","0","0","0","0","0","0","0","0","0","0","0","0","0","0","0","0","0","0","0","0","0","0","0","0","0","0","0","0","0","0"
"0x7f11cf5be5c0","      UIADD3.X UR9, UPT, UPT, URZ, UR7, URZ, UP0, !UPT","0","0","0","256","8192","8192","32","32","0","0","-","-","-","0","0","0","0","0","0","0","0","0","0","0","0","0","0","0","0","0","0","0","0","0","0","0","0","0","0","0","0","0","0","0","0","0","0","0","0","0","0"
"0x7f11cf5be5d0","      LEA.HI R0, R0, R5, RZ, 0x7","0","0","0","256","8192","8192","32","32","0","0","-","-","-","0","0","0","0","0","0","0","0","0","0","0","0","0","0","0","0","0","0","0","0","0","0","0","0","0","0","0","0","0","0","0","0","0","0","0","0","0","0"
"0x7f11cf5be5e0","      LOP3.LUT R2, R0, 0xffffff80, RZ, 0xc0, !PT","0","0","0","256","8192","8192","32","32","0","0","-","-","-","0","0","0","0","0","0","0","0","0","0","0","0","0","0","0","0","0","0","0","0","0","0","0","0","0","0","0","0","0","0","0","0","0","0","0","0","0","0"
"0x7f11cf5be5f0","      LEA.HI.SX32 R6, R0, 0x1, 0x19","0","0","0","256","8192","8192","32","32","0","0","-","-","-","0","0","0","0","0","0","0","0","0","0","0","0","0","0","0","0","0","0","0","0","0","0","0","0","0","0","0","0","0","0","0","0","0","0","0","0","0","0"
"0x7f11cf5be600","      ISETP.NE.U32.AND P0, PT, R2, R5, PT","0","0","0","256","8192","8192","32","32","0","0","-","-","-","0","0","0","0","0","0","0","0","0","0","0","0","0","0","0","0","0","0","0","0","0","0","0","0","0","0","0","0","0","0","0","0","0","0","0","0","0","0"
"0x7f11cf5be610","      UTMACCTL.PF [UR8]","0","0","0","256","8192","8192","32","32","0","0","-","-","-","0","0","0","0","0","0","0","0","0","0","0","0","0","0","0","0","0","0","0","0","0","0","0","0","0","0","0","0","0","0","0","0","0","0","0","0","0","0"
"0x7f11cf5be620","      ISETP.GT.AND P0, PT, R5, -0x1, P0","1","1","1","256","8192","8192","32","32","0","0","-","-","-","0","0","0","0","0","0","0","0","0","0","0","0","0","0","0","0","0","0","0","0","1","0","0","0","0","0","0","0","0","0","0","0","0","0","0","0","0","1"
"0x7f11cf5be630","      SHF.R.S32.HI R2, RZ, 0x7, R0","0","0","0","256","8192","8192","32","32","0","0","-","-","-","0","0","0","0","0","0","0","0","0","0","0","0","0","0","0","0","0","0","0","0","0","0","0","0","0","0","0","0","0","0","0","0","0","0","0","0","0","0"
"0x7f11cf5be640","      I2FP.F32.U32 R5, UR4","0","0","0","256","8192","8192","32","32","0","0","-","-","-","0","0","0","0","0","0","0","0","0","0","0","0","0","0","0","0","0","0","0","0","0","0","0","0","0","0","0","0","0","0","0","0","0","0","0","0","0","0"
"0x7f11cf5be650","      UMOV UR4, 0x400","0","0","0","256","8192","8192","32","32","0","0","-","-","-","0","0","0","0","0","0","0","0","0","0","0","0","0","0","0","0","0","0","0","0","0","0","0","0","0","0","0","0","0","0","0","0","0","0","0","0","0","0"
"0x7f11cf5be660","      FMUL R5, R5, UR5","0","0","0","256","8192","8192","32","32","0","0","-","-","-","0","0","0","0","0","0","0","0","0","0","0","0","0","0","0","0","0","0","0","0","0","0","0","0","0","0","0","0","0","0","0","0","0","0","0","0","0","0"
"0x7f11cf5be670","      S2UR UR5, SR_CgaCtaId","0","0","0","256","8192","8192","32","32","0","0","-","-","-","0","0","0","0","0","0","0","0","0","0","0","0","0","0","0","0","0","0","0","0","0","0","0","0","0","0","0","0","0","0","0","0","0","0","0","0","0","0"
"0x7f11cf5be680","@!P0  IMAD.MOV R6, RZ, RZ, R2","0","0","0","256","8192","8192","32","32","0","0","-","-","-","0","0","0","0","0","0","0","0","0","0","0","0","0","0","0","0","0","0","0","0","0","0","0","0","0","0","0","0","0","0","0","0","0","0","0","0","0","0"
"0x7f11cf5be690","      F2I.U32.TRUNC.NTZ R5, R5","0","0","0","256","8192","8192","32","32","0","0","-","-","-","0","0","0","0","0","0","0","0","0","0","0","0","0","0","0","0","0","0","0","0","0","0","0","0","0","0","0","0","0","0","0","0","0","0","0","0","0","0"
"0x7f11cf5be6a0","      IMAD.SHL.U32 R0, R6, 0x8, RZ","0","0","0","256","8192","8192","32","32","0","0","-","-","-","0","0","0","0","0","0","0","0","0","0","0","0","0","0","0","0","0","0","0","0","0","0","0","0","0","0","0","0","0","0","0","0","0","0","0","0","0","0"
"0x7f11cf5be6b0","      IABS R9, R0","0","0","0","256","8192","8192","32","32","0","0","-","-","-","0","0","0","0","0","0","0","0","0","0","0","0","0","0","0","0","0","0","0","0","0","0","0","0","0","0","0","0","0","0","0","0","0","0","0","0","0","0"
"0x7f11cf5be6c0","      I2F.RP R7, R9","0","0","0","256","8192","8192","32","32","0","0","-","-","-","0","0","0","0","0","0","0","0","0","0","0","0","0","0","0","0","0","0","0","0","0","0","0","0","0","0","0","0","0","0","0","0","0","0","0","0","0","0"
"0x7f11cf5be6d0","      ULEA UR5, UR5, UR4, 0x18","0","0","0","256","8192","8192","32","32","0","0","-","-","-","0","0","0","0","0","0","0","0","0","0","0","0","0","0","0","0","0","0","0","0","0","0","0","0","0","0","0","0","0","0","0","0","0","0","0","0","0","0"
"0x7f11cf5be6e0","      MUFU.RCP R7, R7","0","0","0","256","8192","8192","32","32","0","0","-","-","-","0","0","0","0","0","0","0","0","0","0","0","0","0","0","0","0","0","0","0","0","0","0","0","0","0","0","0","0","0","0","0","0","0","0","0","0","0","0"
"0x7f11cf5be6f0","      VIADD R2, R7, 0xffffffe","1","1","1","256","8192","8192","32","32","0","0","-","-","-","0","0","0","0","0","0","0","0","0","0","0","0","0","0","0","0","0","1","0","0","0","0","0","0","0","0","0","0","0","0","0","0","0","0","1","0","0","0"
"0x7f11cf5be700","      IABS R7, R0","0","0","0","256","8192","8192","32","32","0","0","-","-","-","0","0","0","0","0","0","0","0","0","0","0","0","0","0","0","0","0","0","0","0","0","0","0","0","0","0","0","0","0","0","0","0","0","0","0","0","0","0"
"0x7f11cf5be710","      F2I.FTZ.U32.TRUNC.NTZ R3, R2","0","0","0","256","8192","8192","32","32","0","0","-","-","-","0","0","0","0","0","0","0","0","0","0","0","0","0","0","0","0","0","0","0","0","0","0","0","0","0","0","0","0","0","0","0","0","0","0","0","0","0","0"
"0x7f11cf5be720","      IMAD.MOV.U32 R2, RZ, RZ, RZ","1","1","1","256","8192","8192","32","32","0","0","-","-","-","0","0","0","0","0","0","0","0","0","0","0","0","0","0","0","0","0","1","0","0","0","0","0","0","0","0","0","0","0","0","0","0","0","0","1","0","0","0"
"0x7f11cf5be730","      IMAD.MOV R8, RZ, RZ, -R3","0","0","0","256","8192","8192","32","32","0","0","-","-","-","0","0","0","0","0","0","0","0","0","0","0","0","0","0","0","0","0","0","0","0","0","0","0","0","0","0","0","0","0","0","0","0","0","0","0","0","0","0"
"0x7f11cf5be740","      IMAD R11, R8, R9, RZ","0","0","0","256","8192","8192","32","32","0","0","-","-","-","0","0","0","0","0","0","0","0","0","0","0","0","0","0","0","0","0","0","0","0","0","0","0","0","0","0","0","0","0","0","0","0","0","0","0","0","0","0"
"0x7f11cf5be750","      IABS R8, R5","0","0","0","256","8192","8192","32","32","0","0","-","-","-","0","0","0","0","0","0","0","0","0","0","0","0","0","0","0","0","0","0","0","0","0","0","0","0","0","0","0","0","0","0","0","0","0","0","0","0","0","0"
"0x7f11cf5be760","      IMAD.HI.U32 R3, R3, R11, R2","0","0","0","256","8192","8192","32","32","0","0","-","-","-","0","0","0","0","0","0","0","0","0","0","0","0","0","0","0","0","0","0","0","0","0","0","0","0","0","0","0","0","0","0","0","0","0","0","0","0","0","0"
"0x7f11cf5be770","      IMAD.MOV R2, RZ, RZ, -R7","0","0","0","256","8192","8192","32","32","0","0","-","-","-","0","0","0","0","0","0","0","0","0","0","0","0","0","0","0","0","0","0","0","0","0","0","0","0","0","0","0","0","0","0","0","0","0","0","0","0","0","0"
"0x7f11cf5be780","      SHF.R.S32.HI R7, RZ, 0x1f, R4","0","0","0","256","8192","8192","32","32","0","0","-","-","-","0","0","0","0","0","0","0","0","0","0","0","0","0","0","0","0","0","0","0","0","0","0","0","0","0","0","0","0","0","0","0","0","0","0","0","0","0","0"
"0x7f11cf5be790","      IMAD.HI.U32 R3, R3, R8, RZ","0","0","0","256","8192","8192","32","32","0","0","-","-","-","0","0","0","0","0","0","0","0","0","0","0","0","0","0","0","0","0","0","0","0","0","0","0","0","0","0","0","0","0","0","0","0","0","0","0","0","0","0"
"0x7f11cf5be7a0","      LEA.HI R7, R7, R4, RZ, 0x7","0","0","0","256","8192","8192","32","32","0","0","-","-","-","0","0","0","0","0","0","0","0","0","0","0","0","0","0","0","0","0","0","0","0","0","0","0","0","0","0","0","0","0","0","0","0","0","0","0","0","0","0"
"0x7f11cf5be7b0","      IMAD R2, R3, R2, R8","0","0","0","256","8192","8192","32","32","0","0","-","-","-","0","0","0","0","0","0","0","0","0","0","0","0","0","0","0","0","0","0","0","0","0","0","0","0","0","0","0","0","0","0","0","0","0","0","0","0","0","0"
"0x7f11cf5be7c0","      ISETP.GT.U32.AND P2, PT, R9, R2, PT","0","0","0","256","8192","8192","32","32","0","0","-","-","-","0","0","0","0","0","0","0","0","0","0","0","0","0","0","0","0","0","0","0","0","0","0","0","0","0","0","0","0","0","0","0","0","0","0","0","0","0","0"
"0x7f11cf5be7d0","@!P2  IMAD.IADD R2, R2, 0x1, -R9","0","0","0","256","8192","32","32","0","32","0","-","-","-","0","0","0","0","0","0","0","0","0","0","0","0","0","0","0","0","0","0","0","0","0","0","0","0","0","0","0","0","0","0","0","0","0","0","0","0","0","0"
"0x7f11cf5be7e0","@!P2  VIADD R3, R3, 0x1","0","0","0","256","8192","32","32","0","32","0","-","-","-","0","0","0","0","0","0","0","0","0","0","0","0","0","0","0","0","0","0","0","0","0","0","0","0","0","0","0","0","0","0","0","0","0","0","0","0","0","0"
"0x7f11cf5be7f0","      ISETP.NE.AND P2, PT, R0, RZ, PT","0","0","0","256","8192","8192","32","32","0","0","-","-","-","0","0","0","0","0","0","0","0","0","0","0","0","0","0","0","0","0","0","0","0","0","0","0","0","0","0","0","0","0","0","0","0","0","0","0","0","0","0"
"0x7f11cf5be800","      ISETP.GE.U32.AND P0, PT, R2, R9, PT","0","0","0","256","8192","8192","32","32","0","0","-","-","-","0","0","0","0","0","0","0","0","0","0","0","0","0","0","0","0","0","0","0","0","0","0","0","0","0","0","0","0","0","0","0","0","0","0","0","0","0","0"
"0x7f11cf5be810","      LOP3.LUT R2, R5, R0, RZ, 0x3c, !PT","0","0","0","256","8192","8192","32","32","0","0","-","-","-","0","0","0","0","0","0","0","0","0","0","0","0","0","0","0","0","0","0","0","0","0","0","0","0","0","0","0","0","0","0","0","0","0","0","0","0","0","0"
"0x7f11cf5be820","      LOP3.LUT R9, R7, 0xffffff80, RZ, 0xc0, !PT","0","0","0","256","8192","8192","32","32","0","0","-","-","-","0","0","0","0","0","0","0","0","0","0","0","0","0","0","0","0","0","0","0","0","0","0","0","0","0","0","0","0","0","0","0","0","0","0","0","0","0","0"
"0x7f11cf5be830","      ISETP.GE.AND P1, PT, R2, RZ, PT","0","0","0","256","8192","8192","32","32","0","0","-","-","-","0","0","0","0","0","0","0","0","0","0","0","0","0","0","0","0","0","0","0","0","0","0","0","0","0","0","0","0","0","0","0","0","0","0","0","0","0","0"
"0x7f11cf5be840","@P0   VIADD R3, R3, 0x1","0","0","0","256","8192","0","32","0","32","0","-","-","-","0","0","0","0","0","0","0","0","0","0","0","0","0","0","0","0","0","0","0","0","0","0","0","0","0","0","0","0","0","0","0","0","0","0","0","0","0","0"
"0x7f11cf5be850","@!P1  IMAD.MOV R3, RZ, RZ, -R3","0","0","0","256","8192","0","32","0","32","0","-","-","-","0","0","0","0","0","0","0","0","0","0","0","0","0","0","0","0","0","0","0","0","0","0","0","0","0","0","0","0","0","0","0","0","0","0","0","0","0","0"
"0x7f11cf5be860","@!P2  LOP3.LUT R3, RZ, R0, RZ, 0x33, !PT","0","0","0","256","8192","0","32","0","32","0","-","-","-","0","0","0","0","0","0","0","0","0","0","0","0","0","0","0","0","0","0","0","0","0","0","0","0","0","0","0","0","0","0","0","0","0","0","0","0","0","0"
"0x7f11cf5be870","      ISETP.NE.U32.AND P1, PT, R9, R4, PT","0","0","0","256","8192","8192","32","32","0","0","-","-","-","0","0","0","0","0","0","0","0","0","0","0","0","0","0","0","0","0","0","0","0","0","0","0","0","0","0","0","0","0","0","0","0","0","0","0","0","0","0"
"0x7f11cf5be880","      IMAD R2, R0, R3, RZ","0","0","0","256","8192","8192","32","32","0","0","-","-","-","0","0","0","0","0","0","0","0","0","0","0","0","0","0","0","0","0","0","0","0","0","0","0","0","0","0","0","0","0","0","0","0","0","0","0","0","0","0"
"0x7f11cf5be890","      ISETP.GT.AND P1, PT, R4, -0x1, P1","0","0","0","256","8192","8192","32","32","0","0","-","-","-","0","0","0","0","0","0","0","0","0","0","0","0","0","0","0","0","0","0","0","0","0","0","0","0","0","0","0","0","0","0","0","0","0","0","0","0","0","0"
"0x7f11cf5be8a0","      VIADD R4, R3, 0xffffffff","0","0","0","256","8192","8192","32","32","0","0","-","-","-","0","0","0","0","0","0","0","0","0","0","0","0","0","0","0","0","0","0","0","0","0","0","0","0","0","0","0","0","0","0","0","0","0","0","0","0","0","0"
"0x7f11cf5be8b0","      ISETP.NE.U32.AND P0, PT, R5, R2, PT","0","0","0","256","8192","8192","32","32","0","0","-","-","-","0","0","0","0","0","0","0","0","0","0","0","0","0","0","0","0","0","0","0","0","0","0","0","0","0","0","0","0","0","0","0","0","0","0","0","0","0","0"
"0x7f11cf5be8c0","      IMAD.IADD R5, R5, 0x1, -R2","0","0","0","256","8192","8192","32","32","0","0","-","-","-","0","0","0","0","0","0","0","0","0","0","0","0","0","0","0","0","0","0","0","0","0","0","0","0","0","0","0","0","0","0","0","0","0","0","0","0","0","0"
"0x7f11cf5be8d0","      ISETP.LT.AND P0, PT, R6, RZ, P0","0","0","0","256","8192","8192","32","32","0","0","-","-","-","0","0","0","0","0","0","0","0","0","0","0","0","0","0","0","0","0","0","0","0","0","0","0","0","0","0","0","0","0","0","0","0","0","0","0","0","0","0"
"0x7f11cf5be8e0","      SHF.R.S32.HI R6, RZ, 0x7, R7","0","0","0","256","8192","8192","32","32","0","0","-","-","-","0","0","0","0","0","0","0","0","0","0","0","0","0","0","0","0","0","0","0","0","0","0","0","0","0","0","0","0","0","0","0","0","0","0","0","0","0","0"
"0x7f11cf5be8f0","      LEA.HI.SX32 R7, R7, 0x1, 0x19","0","0","0","256","8192","8192","32","32","0","0","-","-","-","0","0","0","0","0","0","0","0","0","0","0","0","0","0","0","0","0","0","0","0","0","0","0","0","0","0","0","0","0","0","0","0","0","0","0","0","0","0"
"0x7f11cf5be900","@!P1  IMAD.MOV R7, RZ, RZ, R6","0","0","0","256","8192","8192","32","32","0","0","-","-","-","0","0","0","0","0","0","0","0","0","0","0","0","0","0","0","0","0","0","0","0","0","0","0","0","0","0","0","0","0","0","0","0","0","0","0","0","0","0"
"0x7f11cf5be910","      ISETP.GE.AND P1, PT, R0, RZ, PT","0","0","0","256","8192","8192","32","32","0","0","-","-","-","0","0","0","0","0","0","0","0","0","0","0","0","0","0","0","0","0","0","0","0","0","0","0","0","0","0","0","0","0","0","0","0","0","0","0","0","0","0"
"0x7f11cf5be920","      IMAD.IADD R0, R0, 0x1, R5","0","0","0","256","8192","8192","32","32","0","0","-","-","-","0","0","0","0","0","0","0","0","0","0","0","0","0","0","0","0","0","0","0","0","0","0","0","0","0","0","0","0","0","0","0","0","0","0","0","0","0","0"
"0x7f11cf5be930","@!P0  IMAD.MOV R4, RZ, RZ, R3","0","0","0","256","8192","8192","32","32","0","0","-","-","-","0","0","0","0","0","0","0","0","0","0","0","0","0","0","0","0","0","0","0","0","0","0","0","0","0","0","0","0","0","0","0","0","0","0","0","0","0","0"
"0x7f11cf5be940","      ISETP.NE.U32.AND P0, PT, R5, RZ, PT","0","0","0","256","8192","8192","32","32","0","0","-","-","-","0","0","0","0","0","0","0","0","0","0","0","0","0","0","0","0","0","0","0","0","0","0","0","0","0","0","0","0","0","0","0","0","0","0","0","0","0","0"
"0x7f11cf5be950","      IMAD R7, R4, -0x8, R7","0","0","0","256","8192","8192","32","32","0","0","-","-","-","0","0","0","0","0","0","0","0","0","0","0","0","0","0","0","0","0","0","0","0","0","0","0","0","0","0","0","0","0","0","0","0","0","0","0","0","0","0"
"0x7f11cf5be960","@!P1  SEL R5, R0, R5, P0","0","0","0","256","8192","0","32","0","32","0","-","-","-","0","0","0","0","0","0","0","0","0","0","0","0","0","0","0","0","0","0","0","0","0","0","0","0","0","0","0","0","0","0","0","0","0","0","0","0","0","0"
"0x7f11cf5be970","      VIMNMX R6, PT, PT, R7, 0x8, PT","0","0","0","256","8192","8192","32","32","0","0","-","-","-","0","0","0","0","0","0","0","0","0","0","0","0","0","0","0","0","0","0","0","0","0","0","0","0","0","0","0","0","0","0","0","0","0","0","0","0","0","0"
"0x7f11cf5be980","      IABS R0, R5","0","0","0","256","8192","8192","32","32","0","0","-","-","-","0","0","0","0","0","0","0","0","0","0","0","0","0","0","0","0","0","0","0","0","0","0","0","0","0","0","0","0","0","0","0","0","0","0","0","0","0","0"
"0x7f11cf5be990","      IABS R9, R6","0","0","0","256","8192","8192","32","32","0","0","-","-","-","0","0","0","0","0","0","0","0","0","0","0","0","0","0","0","0","0","0","0","0","0","0","0","0","0","0","0","0","0","0","0","0","0","0","0","0","0","0"
"0x7f11cf5be9a0","      LOP3.LUT R7, R7, R5, RZ, 0x3c, !PT","0","0","0","256","8192","8192","32","32","0","0","-","-","-","0","0","0","0","0","0","0","0","0","0","0","0","0","0","0","0","0","0","0","0","0","0","0","0","0","0","0","0","0","0","0","0","0","0","0","0","0","0"
"0x7f11cf5be9b0","      I2F.RP R8, R9","0","0","0","256","8192","8192","32","32","0","0","-","-","-","0","0","0","0","0","0","0","0","0","0","0","0","0","0","0","0","0","0","0","0","0","0","0","0","0","0","0","0","0","0","0","0","0","0","0","0","0","0"
"0x7f11cf5be9c0","      MUFU.RCP R8, R8","0","0","0","256","8192","8192","32","32","0","0","-","-","-","0","0","0","0","0","0","0","0","0","0","0","0","0","0","0","0","0","0","0","0","0","0","0","0","0","0","0","0","0","0","0","0","0","0","0","0","0","0"
"0x7f11cf5be9d0","      VIADD R3, R8, 0xffffffe","0","0","0","256","8192","8192","32","32","0","0","-","-","-","0","0","0","0","0","0","0","0","0","0","0","0","0","0","0","0","0","0","0","0","0","0","0","0","0","0","0","0","0","0","0","0","0","0","0","0","0","0"
"0x7f11cf5be9e0","      IABS R8, R6","0","0","0","256","8192","8192","32","32","0","0","-","-","-","0","0","0","0","0","0","0","0","0","0","0","0","0","0","0","0","0","0","0","0","0","0","0","0","0","0","0","0","0","0","0","0","0","0","0","0","0","0"
"0x7f11cf5be9f0","      F2I.FTZ.U32.TRUNC.NTZ R3, R3","0","0","0","256","8192","8192","32","32","0","0","-","-","-","0","0","0","0","0","0","0","0","0","0","0","0","0","0","0","0","0","0","0","0","0","0","0","0","0","0","0","0","0","0","0","0","0","0","0","0","0","0"
"0x7f11cf5bea00","      IMAD.MOV R2, RZ, RZ, -R3","0","0","0","256","8192","8192","32","32","0","0","-","-","-","0","0","0","0","0","0","0","0","0","0","0","0","0","0","0","0","0","0","0","0","0","0","0","0","0","0","0","0","0","0","0","0","0","0","0","0","0","0"
"0x7f11cf5bea10","      IMAD R11, R2, R9, RZ","0","0","0","256","8192","8192","32","32","0","0","-","-","-","0","0","0","0","0","0","0","0","0","0","0","0","0","0","0","0","0","0","0","0","0","0","0","0","0","0","0","0","0","0","0","0","0","0","0","0","0","0"
"0x7f11cf5bea20","      IMAD.MOV.U32 R2, RZ, RZ, RZ","0","0","0","256","8192","8192","32","32","0","0","-","-","-","0","0","0","0","0","0","0","0","0","0","0","0","0","0","0","0","0","0","0","0","0","0","0","0","0","0","0","0","0","0","0","0","0","0","0","0","0","0"
"0x7f11cf5bea30","      IMAD.HI.U32 R2, R3, R11, R2","0","0","0","256","8192","8192","32","32","0","0","-","-","-","0","0","0","0","0","0","0","0","0","0","0","0","0","0","0","0","0","0","0","0","0","0","0","0","0","0","0","0","0","0","0","0","0","0","0","0","0","0"
"0x7f11cf5bea40","      IMAD.MOV.U32 R3, RZ, RZ, R0","0","0","0","256","8192","8192","32","32","0","0","-","-","-","0","0","0","0","0","0","0","0","0","0","0","0","0","0","0","0","0","0","0","0","0","0","0","0","0","0","0","0","0","0","0","0","0","0","0","0","0","0"
"0x7f11cf5bea50","      IMAD.MOV R0, RZ, RZ, -R8","0","0","0","256","8192","8192","32","32","0","0","-","-","-","0","0","0","0","0","0","0","0","0","0","0","0","0","0","0","0","0","0","0","0","0","0","0","0","0","0","0","0","0","0","0","0","0","0","0","0","0","0"
"0x7f11cf5bea60","      SHF.L.U32 R8, RZ, 0x1f, RZ","0","0","0","256","8192","8192","32","32","0","0","-","-","-","0","0","0","0","0","0","0","0","0","0","0","0","0","0","0","0","0","0","0","0","0","0","0","0","0","0","0","0","0","0","0","0","0","0","0","0","0","0"
"0x7f11cf5bea70","      IMAD.HI.U32 R2, R2, R3, RZ","0","0","0","256","8192","8192","32","32","0","0","-","-","-","0","0","0","0","0","0","0","0","0","0","0","0","0","0","0","0","0","0","0","0","0","0","0","0","0","0","0","0","0","0","0","0","0","0","0","0","0","0"
"0x7f11cf5bea80","      IMAD R0, R2, R0, R3","0","0","0","256","8192","8192","32","32","0","0","-","-","-","0","0","0","0","0","0","0","0","0","0","0","0","0","0","0","0","0","0","0","0","0","0","0","0","0","0","0","0","0","0","0","0","0","0","0","0","0","0"
"0x7f11cf5bea90","      ISETP.GT.U32.AND P2, PT, R9, R0, PT","0","0","0","256","8192","8192","32","32","0","0","-","-","-","0","0","0","0","0","0","0","0","0","0","0","0","0","0","0","0","0","0","0","0","0","0","0","0","0","0","0","0","0","0","0","0","0","0","0","0","0","0"
"0x7f11cf5beaa0","@!P2  IMAD.IADD R0, R0, 0x1, -R9","0","0","0","256","8192","960","32","3","29","0","-","-","-","0","0","0","0","0","0","0","0","0","0","0","0","0","0","0","0","0","0","0","0","0","0","0","0","0","0","0","0","0","0","0","0","0","0","0","0","0","0"
"0x7f11cf5beab0","@!P2  VIADD R2, R2, 0x1","0","0","0","256","8192","960","32","3","29","0","-","-","-","0","0","0","0","0","0","0","0","0","0","0","0","0","0","0","0","0","0","0","0","0","0","0","0","0","0","0","0","0","0","0","0","0","0","0","0","0","0"
"0x7f11cf5beac0","      ISETP.NE.AND P2, PT, R6, RZ, PT","0","0","0","256","8192","8192","32","32","0","0","-","-","-","0","0","0","0","0","0","0","0","0","0","0","0","0","0","0","0","0","0","0","0","0","0","0","0","0","0","0","0","0","0","0","0","0","0","0","0","0","0"
"0x7f11cf5bead0","      ISETP.GE.U32.AND P0, PT, R0, R9, PT","0","0","0","256","8192","8192","32","32","0","0","-","-","-","0","0","0","0","0","0","0","0","0","0","0","0","0","0","0","0","0","0","0","0","0","0","0","0","0","0","0","0","0","0","0","0","0","0","0","0","0","0"
"0x7f11cf5beae0","      LOP3.LUT R0, R5, R6, RZ, 0x3c, !PT","0","0","0","256","8192","8192","32","32","0","0","-","-","-","0","0","0","0","0","0","0","0","0","0","0","0","0","0","0","0","0","0","0","0","0","0","0","0","0","0","0","0","0","0","0","0","0","0","0","0","0","0"
"0x7f11cf5beaf0","      ISETP.GE.AND P1, PT, R0, RZ, PT","0","0","0","256","8192","8192","32","32","0","0","-","-","-","0","0","0","0","0","0","0","0","0","0","0","0","0","0","0","0","0","0","0","0","0","0","0","0","0","0","0","0","0","0","0","0","0","0","0","0","0","0"
"0x7f11cf5beb00","@P0   VIADD R2, R2, 0x1","0","0","0","256","8192","0","32","0","32","0","-","-","-","0","0","0","0","0","0","0","0","0","0","0","0","0","0","0","0","0","0","0","0","0","0","0","0","0","0","0","0","0","0","0","0","0","0","0","0","0","0"
"0x7f11cf5beb10","@!P1  IMAD.MOV R2, RZ, RZ, -R2","0","0","0","256","8192","0","32","0","32","0","-","-","-","0","0","0","0","0","0","0","0","0","0","0","0","0","0","0","0","0","0","0","0","0","0","0","0","0","0","0","0","0","0","0","0","0","0","0","0","0","0"
"0x7f11cf5beb20","@!P2  LOP3.LUT R2, RZ, R6, RZ, 0x33, !PT","0","0","0","256","8192","0","32","0","32","0","-","-","-","0","0","0","0","0","0","0","0","0","0","0","0","0","0","0","0","0","0","0","0","0","0","0","0","0","0","0","0","0","0","0","0","0","0","0","0","0","0"
"0x7f11cf5beb30","      SYNCS.PHASECHK.TRANS64.TRYWAIT P1, [UR5+0x380a8], R8","0","0","0","256","8192","8192","32","32","0","0","-","-","-","0","0","0","0","0","0","0","0","0","0","0","0","0","0","0","0","0","0","0","0","0","0","0","0","0","0","0","0","0","0","0","0","0","0","0","0","0","0"
"0x7f11cf5beb40","      IMAD R0, R6, R2, RZ","0","0","0","256","8192","8192","32","32","0","0","-","-","-","0","0","0","0","0","0","0","0","0","0","0","0","0","0","0","0","0","0","0","0","0","0","0","0","0","0","0","0","0","0","0","0","0","0","0","0","0","0"
"0x7f11cf5beb50","      VIADD R3, R2, 0xffffffff","0","0","0","256","8192","8192","32","32","0","0","-","-","-","0","0","0","0","0","0","0","0","0","0","0","0","0","0","0","0","0","0","0","0","0","0","0","0","0","0","0","0","0","0","0","0","0","0","0","0","0","0"
"0x7f11cf5beb60","      ISETP.NE.U32.AND P0, PT, R5, R0, PT","0","0","0","256","8192","8192","32","32","0","0","-","-","-","0","0","0","0","0","0","0","0","0","0","0","0","0","0","0","0","0","0","0","0","0","0","0","0","0","0","0","0","0","0","0","0","0","0","0","0","0","0"
"0x7f11cf5beb70","      IMAD.IADD R5, R5, 0x1, -R0","0","0","0","256","8192","8192","32","32","0","0","-","-","-","0","0","0","0","0","0","0","0","0","0","0","0","0","0","0","0","0","0","0","0","0","0","0","0","0","0","0","0","0","0","0","0","0","0","0","0","0","0"
"0x7f11cf5beb80","      ISETP.LT.AND P0, PT, R7, RZ, P0","0","0","0","256","8192","8192","32","32","0","0","-","-","-","0","0","0","0","0","0","0","0","0","0","0","0","0","0","0","0","0","0","0","0","0","0","0","0","0","0","0","0","0","0","0","0","0","0","0","0","0","0"
"0x7f11cf5beb90","      ISETP.NE.U32.AND P2, PT, R5, RZ, PT","0","0","0","256","8192","8192","32","32","0","0","-","-","-","0","0","0","0","0","0","0","0","0","0","0","0","0","0","0","0","0","0","0","0","0","0","0","0","0","0","0","0","0","0","0","0","0","0","0","0","0","0"
"0x7f11cf5beba0","      LOP3.LUT R0, R6, R5, RZ, 0x3c, !PT","0","0","0","256","8192","8192","32","32","0","0","-","-","-","0","0","0","0","0","0","0","0","0","0","0","0","0","0","0","0","0","0","0","0","0","0","0","0","0","0","0","0","0","0","0","0","0","0","0","0","0","0"
"0x7f11cf5bebb0","      IMAD.IADD R6, R6, 0x1, R5","0","0","0","256","8192","8192","32","32","0","0","-","-","-","0","0","0","0","0","0","0","0","0","0","0","0","0","0","0","0","0","0","0","0","0","0","0","0","0","0","0","0","0","0","0","0","0","0","0","0","0","0"
"0x7f11cf5bebc0","@!P0  IMAD.MOV R3, RZ, RZ, R2","0","0","0","256","8192","8192","32","32","0","0","-","-","-","0","0","0","0","0","0","0","0","0","0","0","0","0","0","0","0","0","0","0","0","0","0","0","0","0","0","0","0","0","0","0","0","0","0","0","0","0","0"
"0x7f11cf5bebd0","      ISETP.GE.AND P0, PT, R0, RZ, PT","0","0","0","256","8192","8192","32","32","0","0","-","-","-","0","0","0","0","0","0","0","0","0","0","0","0","0","0","0","0","0","0","0","0","0","0","0","0","0","0","0","0","0","0","0","0","0","0","0","0","0","0"
"0x7f11cf5bebe0","      R2UR UR4, R3","0","0","0","256","8192","8192","32","32","0","0","-","-","-","0","0","0","0","0","0","0","0","0","0","0","0","0","0","0","0","0","0","0","0","0","0","0","0","0","0","0","0","0","0","0","0","0","0","0","0","0","0"
"0x7f11cf5bebf0","@P2   SEL R5, R6, R5, !P0","0","0","0","256","8192","7168","32","28","4","0","-","-","-","0","0","0","0","0","0","0","0","0","0","0","0","0","0","0","0","0","0","0","0","0","0","0","0","0","0","0","0","0","0","0","0","0","0","0","0","0","0"
"0x7f11cf5bec00","      IMAD R4, R4, 0x8, R5","0","0","0","256","8192","8192","32","32","0","0","-","-","-","0","0","0","0","0","0","0","0","0","0","0","0","0","0","0","0","0","0","0","0","0","0","0","0","0","0","0","0","0","0","0","0","0","0","0","0","0","0"
"0x7f11cf5bec10","      USHF.L.U32 UR4, UR4, 0x7, URZ","0","0","0","256","8192","8192","32","32","0","0","-","-","-","0","0","0","0","0","0","0","0","0","0","0","0","0","0","0","0","0","0","0","0","0","0","0","0","0","0","0","0","0","0","0","0","0","0","0","0","0","0"
"0x7f11cf5bec20","@!P1  BRA 0x7f11cf5bf260","53","53","53","256","8192","8192","32","32","0","0","-","-","-","0","0","0","0","0","0","0","0","0","53","0","0","0","0","0","0","0","0","0","0","0","0","0","0","0","0","53","0","0","0","0","0","0","0","0","0","0","0"
"0x7f11cf5bec30","      R2UR UR6, R4","0","0","0","256","8192","8192","32","32","0","0","-","-","-","0","0","0","0","0","0","0","0","0","0","0","0","0","0","0","0","0","0","0","0","0","0","0","0","0","0","0","0","0","0","0","0","0","0","0","0","0","0"
"0x7f11cf5bec40","      UIADD3 UR12, UPT, UPT, UR5, 0x34000, URZ","0","0","0","256","8192","8192","32","32","0","0","-","-","-","0","0","0","0","0","0","0","0","0","0","0","0","0","0","0","0","0","0","0","0","0","0","0","0","0","0","0","0","0","0","0","0","0","0","0","0","0","0"
"0x7f11cf5bec50","      UMOV UR13, UR4","0","0","0","256","8192","8192","32","32","0","0","-","-","-","0","0","0","0","0","0","0","0","0","0","0","0","0","0","0","0","0","0","0","0","0","0","0","0","0","0","0","0","0","0","0","0","0","0","0","0","0","0"
"0x7f11cf5bec60","      USHF.L.U32 UR14, UR6, 0x7, URZ","0","0","0","256","8192","8192","32","32","0","0","-","-","-","0","0","0","0","0","0","0","0","0","0","0","0","0","0","0","0","0","0","0","0","0","0","0","0","0","0","0","0","0","0","0","0","0","0","0","0","0","0"
"0x7f11cf5bec70","      UTMASTG.2D desc[URZ], [UR12], [UR8]","0","0","0","256","8192","8192","32","32","0","0","Global,Shared","-","-","0","0","0","0","0","0","0","0","0","0","0","0","0","0","0","0","0","0","0","0","0","0","0","0","0","0","0","0","0","0","0","0","0","0","0","0","0","0"
"0x7f11cf5bec80","      UTMACMDFLUSH","0","0","0","256","8192","8192","32","32","0","0","-","-","-","0","0","0","0","0","0","0","0","0","0","0","0","0","0","0","0","0","0","0","0","0","0","0","0","0","0","0","0","0","0","0","0","0","0","0","0","0","0"
"0x7f11cf5bec90","      DEPBAR.LE SB0, 0x0","0","0","0","256","8192","8192","32","32","0","0","-","-","-","0","0","0","0","0","0","0","0","0","0","0","0","0","0","0","0","0","0","0","0","0","0","0","0","0","0","0","0","0","0","0","0","0","0","0","0","0","0"
"0x7f11cf5beca0","      SYNCS.ARRIVE.TRANS64.A1T0 RZ, [UR5+0x380b8], RZ","4","4","4","256","8192","8192","32","32","0","0","-","-","-","0","0","0","0","0","0","0","0","0","4","0","0","0","0","0","0","0","0","0","0","0","0","0","0","0","0","4","0","0","0","0","0","0","0","0","0","0","0"
"0x7f11cf5becb0","      SYNCS.PHASECHK.TRANS64.TRYWAIT P0, [UR5+0x380b0], R8","0","0","0","256","8192","8192","32","32","0","0","-","-","-","0","0","0","0","0","0","0","0","0","0","0","0","0","0","0","0","0","0","0","0","0","0","0","0","0","0","0","0","0","0","0","0","0","0","0","0","0","0"
"0x7f11cf5becc0","@!P0  BRA 0x7f11cf5bf2c0","4","4","4","256","8192","8192","32","32","0","0","-","-","-","0","0","0","0","0","0","0","0","0","4","0","0","0","0","0","0","0","0","0","0","0","0","0","0","0","0","4","0","0","0","0","0","0","0","0","0","0","0"
"0x7f11cf5becd0","      UIADD3 UR4, UPT, UPT, UR4, 0x40, URZ","0","0","0","256","8192","8192","32","32","0","0","-","-","-","0","0","0","0","0","0","0","0","0","0","0","0","0","0","0","0","0","0","0","0","0","0","0","0","0","0","0","0","0","0","0","0","0","0","0","0","0","0"
"0x7f11cf5bece0","      UMOV UR13, UR4","0","0","0","256","8192","8192","32","32","0","0","-","-","-","0","0","0","0","0","0","0","0","0","0","0","0","0","0","0","0","0","0","0","0","0","0","0","0","0","0","0","0","0","0","0","0","0","0","0","0","0","0"
"0x7f11cf5becf0","      UTMASTG.2D desc[URZ], [UR12], [UR8]","0","0","0","256","8192","8192","32","32","0","0","Global,Shared","-","-","0","0","0","0","0","0","0","0","0","0","0","0","0","0","0","0","0","0","0","0","0","0","0","0","0","0","0","0","0","0","0","0","0","0","0","0","0","0"
"0x7f11cf5bed00","      UTMACMDFLUSH","0","0","0","256","8192","8192","32","32","0","0","-","-","-","0","0","0","0","0","0","0","0","0","0","0","0","0","0","0","0","0","0","0","0","0","0","0","0","0","0","0","0","0","0","0","0","0","0","0","0","0","0"
"0x7f11cf5bed10","      EXIT","1","1","1","256","8192","8192","32","32","0","0","-","-","-","0","0","0","0","0","0","0","0","0","1","0","0","0","0","0","0","0","0","0","0","0","0","0","0","0","0","1","0","0","0","0","0","0","0","0","0","0","0"
"0x7f11cf5bed20","      NOP","0","0","0","256","8192","8192","32","32","0","0","-","-","-","0","0","0","0","0","0","0","0","0","0","0","0","0","0","0","0","0","0","0","0","0","0","0","0","0","0","0","0","0","0","0","0","0","0","0","0","0","0"
"0x7f11cf5bed30","      USETMAXREG.DEALLOC.CTAPOOL 0x20","0","0","0","256","8192","8192","32","32","0","0","-","-","-","0","0","0","0","0","0","0","0","0","0","0","0","0","0","0","0","0","0","0","0","0","0","0","0","0","0","0","0","0","0","0","0","0","0","0","0","0","0"
"0x7f11cf5bed40","      EXIT","0","0","0","256","8192","8192","32","32","0","0","-","-","-","0","0","0","0","0","0","0","0","0","0","0","0","0","0","0","0","0","0","0","0","0","0","0","0","0","0","0","0","0","0","0","0","0","0","0","0","0","0"
"0x7f11cf5bed50","      S2R R4, SR_CgaCtaId","1","1","1","1280","40960","40960","32","32","0","0","-","-","-","0","0","0","0","0","1","0","0","0","0","0","0","0","0","0","0","0","0","0","0","0","0","1","0","0","0","0","0","0","0","0","0","0","0","0","0","0","0"
"0x7f11cf5bed60","      MOV R3, 0x400","0","0","0","1280","40960","40960","32","32","0","0","-","-","-","0","0","0","0","0","0","0","0","0","0","0","0","0","0","0","0","0","0","0","0","0","0","0","0","0","0","0","0","0","0","0","0","0","0","0","0","0","0"
"0x7f11cf5bed70","      SHF.L.U32 R0, R0, 0x1f, RZ","0","0","0","1280","40960","40960","32","32","0","0","-","-","-","0","0","0","0","0","0","0","0","0","0","0","0","0","0","0","0","0","0","0","0","0","0","0","0","0","0","0","0","0","0","0","0","0","0","0","0","0","0"
"0x7f11cf5bed80","      LEA R3, R4, R3, 0x18","1","1","1","1280","40960","40960","32","32","0","0","-","-","-","0","0","0","0","0","0","0","0","0","0","0","0","0","0","0","0","0","1","0","0","0","0","0","0","0","0","0","0","0","0","0","0","0","0","1","0","0","0"
"0x7f11cf5bed90","      SYNCS.ARRIVE.TRANS64.A1T0 RZ, [R3+URZ+0x38098], RZ","1","1","1","1280","40960","40960","32","32","0","0","-","-","-","0","0","0","0","0","0","0","0","0","0","0","0","0","0","0","0","0","0","0","0","1","0","0","0","0","0","0","0","0","0","0","0","0","0","0","0","0","1"
"0x7f11cf5beda0","      SYNCS.PHASECHK.TRANS64.TRYWAIT P0, [R3+URZ+0x38098], R0","0","0","0","1280","40960","40960","32","32","0","0","-","-","-","0","0","0","0","0","0","0","0","0","0","0","0","0","0","0","0","0","0","0","0","0","0","0","0","0","0","0","0","0","0","0","0","0","0","0","0","0","0"
"0x7f11cf5bedb0","@!P0  BRA 0x7f11cf5bf320","14","13","14","1280","40960","8192","32","6","26","0","-","-","-","0","0","0","0","0","0","0","0","0","14","0","0","0","0","0","0","0","0","0","0","0","0","0","0","0","0","13","0","0","0","0","0","0","0","0","0","0","0"
"0x7f11cf5bedc0","      ISETP.NE.U32.AND P0, PT, R2, 0x5, PT","0","0","0","1280","40960","40960","32","32","0","0","-","-","-","0","0","0","0","0","0","0","0","0","0","0","0","0","0","0","0","0","0","0","0","0","0","0","0","0","0","0","0","0","0","0","0","0","0","0","0","0","0"
"0x7f11cf5bedd0","@P0   EXIT","0","0","0","1280","40960","32768","32","25","7","0","-","-","-","0","0","0","0","0","0","0","0","0","0","0","0","0","0","0","0","0","0","0","0","0","0","0","0","0","0","0","0","0","0","0","0","0","0","0","0","0","0"
"0x7f11cf5bede0","      MOV R3, 0x40","1","1","1","256","8192","8192","32","32","0","0","-","-","-","0","0","0","0","0","0","0","0","0","0","0","0","0","0","0","0","0","0","0","0","1","0","0","0","0","0","0","0","0","0","0","0","0","0","0","0","0","1"
"0x7f11cf5bedf0","      NOP","0","0","0","256","8192","8192","32","32","0","0","-","-","-","0","0","0","0","0","0","0","0","0","0","0","0","0","0","0","0","0","0","0","0","0","0","0","0","0","0","0","0","0","0","0","0","0","0","0","0","0","0"
"0x7f11cf5bee00","      LEA R4, R4, R3, 0x18","0","0","0","256","8192","8192","32","32","0","0","-","-","-","0","0","0","0","0","0","0","0","0","0","0","0","0","0","0","0","0","0","0","0","0","0","0","0","0","0","0","0","0","0","0","0","0","0","0","0","0","0"
"0x7f11cf5bee10","      ULOP3.LUT UR4, UR20, 0xffff, URZ, 0xc0, !UPT","1","0","1","256","8192","8192","32","32","0","0","-","-","-","0","0","0","0","0","0","0","0","0","0","0","0","0","0","0","0","1","0","0","0","0","0","0","0","0","0","0","0","0","0","0","0","0","0","0","0","0","0"
"0x7f11cf5bee20","      UMOV UR5, 0xf","0","0","0","256","8192","8192","32","32","0","0","-","-","-","0","0","0","0","0","0","0","0","0","0","0","0","0","0","0","0","0","0","0","0","0","0","0","0","0","0","0","0","0","0","0","0","0","0","0","0","0","0"
"0x7f11cf5bee30","      UMOV UR6, 0x1","0","0","0","256","8192","8192","32","32","0","0","-","-","-","0","0","0","0","0","0","0","0","0","0","0","0","0","0","0","0","0","0","0","0","0","0","0","0","0","0","0","0","0","0","0","0","0","0","0","0","0","0"
"0x7f11cf5bee40","      LDS R0, [R4+0x14]","0","0","0","256","8192","8192","32","32","0","0","Shared","Load","32","1","0","256","256","0","0","0","0","0","0","0","0","0","0","0","0","0","0","0","0","0","0","0","0","0","0","0","0","0","0","0","0","0","0","0","0","0","0"
"0x7f11cf5bee50","      USHF.R.U32.HI UR4, URZ, 0x5, UR4","0","0","0","256","8192","8192","32","32","0","0","-","-","-","0","0","0","0","0","0","0","0","0","0","0","0","0","0","0","0","0","0","0","0","0","0","0","0","0","0","0","0","0","0","0","0","0","0","0","0","0","0"
"0x7f11cf5bee60","      USHF.L.U32 UR5, UR5, UR4, URZ","0","0","0","256","8192","8192","32","32","0","0","-","-","-","0","0","0","0","0","0","0","0","0","0","0","0","0","0","0","0","0","0","0","0","0","0","0","0","0","0","0","0","0","0","0","0","0","0","0","0","0","0"
"0x7f11cf5bee70","      USHF.L.U32 UR4, UR6, UR4, URZ","0","0","0","256","8192","8192","32","32","0","0","-","-","-","0","0","0","0","0","0","0","0","0","0","0","0","0","0","0","0","0","0","0","0","0","0","0","0","0","0","0","0","0","0","0","0","0","0","0","0","0","0"
"0x7f11cf5bee80","      LOP3.LUT R0, R0, UR5, RZ, 0xc0, !PT","0","0","0","256","8192","8192","32","32","0","0","-","-","-","0","0","0","0","0","0","0","0","0","0","0","0","0","0","0","0","0","0","0","0","0","0","0","0","0","0","0","0","0","0","0","0","0","0","0","0","0","0"
"0x7f11cf5bee90","      ISETP.NE.AND P0, PT, R0, UR5, PT","0","0","0","256","8192","8192","32","32","0","0","-","-","-","0","0","0","0","0","0","0","0","0","0","0","0","0","0","0","0","0","0","0","0","0","0","0","0","0","0","0","0","0","0","0","0","0","0","0","0","0","0"
"0x7f11cf5beea0","@P0   BRA 0x7f11cf5bf010","1","1","1","256","8192","0","32","0","32","0","-","-","-","0","0","0","0","0","0","0","0","0","0","0","0","0","0","0","0","0","0","0","0","1","0","0","0","0","0","0","0","0","0","0","0","0","0","0","0","0","1"
"0x7f11cf5beeb0","      LDS R0, [R4+0x18]","0","0","0","256","8192","8192","32","32","0","0","Shared","Load","32","1","0","256","256","0","0","0","0","0","0","0","0","0","0","0","0","0","0","0","0","0","0","0","0","0","0","0","0","0","0","0","0","0","0","0","0","0","0"
"0x7f11cf5beec0","      LOP3.LUT R0, R0, UR4, RZ, 0xc0, !PT","0","0","0","256","8192","8192","32","32","0","0","-","-","-","0","0","0","0","0","0","0","0","0","0","0","0","0","0","0","0","0","0","0","0","0","0","0","0","0","0","0","0","0","0","0","0","0","0","0","0","0","0"
"0x7f11cf5beed0","      ISETP.NE.AND P0, PT, R0, UR4, PT","0","0","0","256","8192","8192","32","32","0","0","-","-","-","0","0","0","0","0","0","0","0","0","0","0","0","0","0","0","0","0","0","0","0","0","0","0","0","0","0","0","0","0","0","0","0","0","0","0","0","0","0"
"0x7f11cf5beee0","@P0   BRA 0x7f11cf5befe0","0","0","0","256","8192","0","32","0","32","0","-","-","-","0","0","0","0","0","0","0","0","0","0","0","0","0","0","0","0","0","0","0","0","0","0","0","0","0","0","0","0","0","0","0","0","0","0","0","0","0","0"
"0x7f11cf5beef0","      S2R R2, SR_LANEID","0","0","0","256","8192","8192","32","32","0","0","-","-","-","0","0","0","0","0","0","0","0","0","0","0","0","0","0","0","0","0","0","0","0","0","0","0","0","0","0","0","0","0","0","0","0","0","0","0","0","0","0"
"0x7f11cf5bef00","      ULOP3.LUT UR5, URZ, UR5, URZ, 0x33, !UPT","0","0","0","256","8192","8192","32","32","0","0","-","-","-","0","0","0","0","0","0","0","0","0","0","0","0","0","0","0","0","0","0","0","0","0","0","0","0","0","0","0","0","0","0","0","0","0","0","0","0","0","0"
"0x7f11cf5bef10","      LOP3.LUT R0, RZ, UR4, RZ, 0x33, !PT","0","0","0","256","8192","8192","32","32","0","0","-","-","-","0","0","0","0","0","0","0","0","0","0","0","0","0","0","0","0","0","0","0","0","0","0","0","0","0","0","0","0","0","0","0","0","0","0","0","0","0","0"
"0x7f11cf5bef20","      VOTEU.ANY UR4, UPT, PT","0","0","0","256","8192","8192","32","32","0","0","-","-","-","0","0","0","0","0","0","0","0","0","0","0","0","0","0","0","0","0","0","0","0","0","0","0","0","0","0","0","0","0","0","0","0","0","0","0","0","0","0"
"0x7f11cf5bef30","      UFLO.U32 UR4, UR4","0","0","0","256","8192","8192","32","32","0","0","-","-","-","0","0","0","0","0","0","0","0","0","0","0","0","0","0","0","0","0","0","0","0","0","0","0","0","0","0","0","0","0","0","0","0","0","0","0","0","0","0"
"0x7f11cf5bef40","      REDUX UR7, R0","0","0","0","256","8192","8192","32","32","0","0","-","-","-","0","0","0","0","0","0","0","0","0","0","0","0","0","0","0","0","0","0","0","0","0","0","0","0","0","0","0","0","0","0","0","0","0","0","0","0","0","0"
"0x7f11cf5bef50","      IMAD.U32 R5, RZ, RZ, UR5","0","0","0","256","8192","8192","32","32","0","0","-","-","-","0","0","0","0","0","0","0","0","0","0","0","0","0","0","0","0","0","0","0","0","0","0","0","0","0","0","0","0","0","0","0","0","0","0","0","0","0","0"
"0x7f11cf5bef60","      UTCATOMSWS.AND URZ, UR5","0","0","0","256","8192","8192","32","32","0","0","-","-","-","0","0","0","0","0","0","0","0","0","0","0","0","0","0","0","0","0","0","0","0","0","0","0","0","0","0","0","0","0","0","0","0","0","0","0","0","0","0"
"0x7f11cf5bef70","      REDUX UR6, R5","0","0","0","256","8192","8192","32","32","0","0","-","-","-","0","0","0","0","0","0","0","0","0","0","0","0","0","0","0","0","0","0","0","0","0","0","0","0","0","0","0","0","0","0","0","0","0","0","0","0","0","0"
"0x7f11cf5bef80","      IMAD.U32 R3, RZ, RZ, UR7","1","1","1","256","8192","8192","32","32","0","0","-","-","-","0","0","0","0","0","0","0","0","0","0","0","0","0","0","0","0","0","1","0","0","0","0","0","0","0","0","0","0","0","0","0","0","0","0","1","0","0","0"
"0x7f11cf5bef90","      ISETP.EQ.U32.AND P0, PT, R2, UR4, PT","0","0","0","256","8192","8192","32","32","0","0","-","-","-","0","0","0","0","0","0","0","0","0","0","0","0","0","0","0","0","0","0","0","0","0","0","0","0","0","0","0","0","0","0","0","0","0","0","0","0","0","0"
"0x7f11cf5befa0","      IMAD.U32 R2, RZ, RZ, UR6","0","0","0","256","8192","8192","32","32","0","0","-","-","-","0","0","0","0","0","0","0","0","0","0","0","0","0","0","0","0","0","0","0","0","0","0","0","0","0","0","0","0","0","0","0","0","0","0","0","0","0","0"
"0x7f11cf5befb0","@P0   ATOMS.AND RZ, [R4+0x14], R2","0","0","0","256","8192","256","32","1","31","0","Shared","Atomic","32","1","0","256","256","0","0","0","0","0","0","0","0","0","0","0","0","0","0","0","0","0","0","0","0","0","0","0","0","0","0","0","0","0","0","0","0","0","0"
"0x7f11cf5befc0","@P0   ATOMS.AND RZ, [R4+0x18], R3","0","0","0","256","8192","256","32","1","31","0","Shared","Atomic","32","1","0","256","256","0","0","0","0","0","0","0","0","0","0","0","0","0","0","0","0","0","0","0","0","0","0","0","0","0","0","0","0","0","0","0","0","0","0"
"0x7f11cf5befd0","      BRA 0x7f11cf5bf030","0","0","0","256","8192","8192","32","32","0","0","-","-","-","0","0","0","0","0","0","0","0","0","0","0","0","0","0","0","0","0","0","0","0","0","0","0","0","0","0","0","0","0","0","0","0","0","0","0","0","0","0"
"0x7f11cf5befe0","      MOV R2, 0x2c00","0","0","0","0","0","0","0","0","32","0","-","-","-","0","0","0","0","0","0","0","0","0","0","0","0","0","0","0","0","0","0","0","0","0","0","0","0","0","0","0","0","0","0","0","0","0","0","0","0","0","0"
"0x7f11cf5beff0","      CALL.REL.NOINC 0x7f11cf5bf370","0","0","0","0","0","0","0","0","32","0","-","-","-","0","0","0","0","0","0","0","0","0","0","0","0","0","0","0","0","0","0","0","0","0","0","0","0","0","0","0","0","0","0","0","0","0","0","0","0","0","0"
"0x7f11cf5bf000","      BRA 0x7f11cf5bf030","0","0","0","0","0","0","0","0","32","0","-","-","-","0","0","0","0","0","0","0","0","0","0","0","0","0","0","0","0","0","0","0","0","0","0","0","0","0","0","0","0","0","0","0","0","0","0","0","0","0","0"
"0x7f11cf5bf010","      MOV R2, 0x2c30","0","0","0","0","0","0","0","0","32","0","-","-","-","0","0","0","0","0","0","0","0","0","0","0","0","0","0","0","0","0","0","0","0","0","0","0","0","0","0","0","0","0","0","0","0","0","0","0","0","0","0"
"0x7f11cf5bf020","      CALL.REL.NOINC 0x7f11cf5bf3d0","0","0","0","0","0","0","0","0","32","0","-","-","-","0","0","0","0","0","0","0","0","0","0","0","0","0","0","0","0","0","0","0","0","0","0","0","0","0","0","0","0","0","0","0","0","0","0","0","0","0","0"
"0x7f11cf5bf030","      NOP","0","0","0","256","8192","8192","32","32","0","0","-","-","-","0","0","0","0","0","0","0","0","0","0","0","0","0","0","0","0","0","0","0","0","0","0","0","0","0","0","0","0","0","0","0","0","0","0","0","0","0","0"
"0x7f11cf5bf040","      EXIT","0","0","0","256","8192","8192","32","32","0","0","-","-","-","0","0","0","0","0","0","0","0","0","0","0","0","0","0","0","0","0","0","0","0","0","0","0","0","0","0","0","0","0","0","0","0","0","0","0","0","0","0"
"0x7f11cf5bf050","      SYNCS.PHASECHK.TRANS64.TRYWAIT P0, [R3+URZ+0x38098], R0","0","0","0","3356","107392","107392","32","32","0","0","-","-","-","0","0","0","0","0","0","0","0","0","0","0","0","0","0","0","0","0","0","0","0","0","0","0","0","0","0","0","0","0","0","0","0","0","0","0","0","0","0"
"0x7f11cf5bf060","@!P0  NANOSLEEP.SYNCS 0x989680","0","0","0","3356","107392","83200","32","24","8","0","-","-","-","0","0","0","0","0","0","0","0","0","0","0","0","0","0","0","0","0","0","0","0","0","0","0","0","0","0","0","0","0","0","0","0","0","0","0","0","0","0"
"0x7f11cf5bf070","@!P0  SYNCS.PHASECHK.TRANS64 P0, [R3+URZ+0x38098], R0","0","0","0","3356","107392","83200","32","24","8","0","-","-","-","0","0","0","0","0","0","0","0","0","0","0","0","0","0","0","0","0","0","0","0","0","0","0","0","0","0","0","0","0","0","0","0","0","0","0","0","0","0"
"0x7f11cf5bf080","@!P0  BRA 0x7f11cf5bf050","0","0","0","3356","107392","74624","32","22","10","0","-","-","-","0","0","0","0","0","0","0","0","0","0","0","0","0","0","0","0","0","0","0","0","0","0","0","0","0","0","0","0","0","0","0","0","0","0","0","0","0","0"
"0x7f11cf5bf090","      BRA 0x7f11cf5bcb20","0","0","0","1024","32768","32768","32","32","0","0","-","-","-","0","0","0","0","0","0","0","0","0","0","0","0","0","0","0","0","0","0","0","0","0","0","0","0","0","0","0","0","0","0","0","0","0","0","0","0","0","0"
"0x7f11cf5bf0a0","      IMAD.U32 R4, RZ, RZ, UR26","0","0","0","12266","392512","392512","32","32","0","0","-","-","-","0","0","0","0","0","0","0","0","0","0","0","0","0","0","0","0","0","0","0","0","0","0","0","0","0","0","0","0","0","0","0","0","0","0","0","0","0","0"
"0x7f11cf5bf0b0","      SYNCS.PHASECHK.TRANS64.TRYWAIT P0, [R4+URZ+0x38030], R3","0","0","0","12266","392512","392512","32","32","0","0","-","-","-","0","0","0","0","0","0","0","0","0","0","0","0","0","0","0","0","0","0","0","0","0","0","0","0","0","0","0","0","0","0","0","0","0","0","0","0","0","0"
"0x7f11cf5bf0c0","@!P0  NANOSLEEP.SYNCS 0x989680","0","0","0","12266","392512","768","32","0","32","0","-","-","-","0","0","0","0","0","0","0","0","0","0","0","0","0","0","0","0","0","0","0","0","0","0","0","0","0","0","0","0","0","0","0","0","0","0","0","0","0","0"
"0x7f11cf5bf0d0","@!P0  SYNCS.PHASECHK.TRANS64 P0, [R4+URZ+0x38030], R3","0","0","0","12266","392512","768","32","0","32","0","-","-","-","0","0","0","0","0","0","0","0","0","0","0","0","0","0","0","0","0","0","0","0","0","0","0","0","0","0","0","0","0","0","0","0","0","0","0","0","0","0"
"0x7f11cf5bf0e0","@!P0  BRA 0x7f11cf5bf0a0","0","0","0","12266","392512","32","32","0","32","0","-","-","-","0","0","0","0","0","0","0","0","0","0","0","0","0","0","0","0","0","0","0","0","0","0","0","0","0","0","0","0","0","0","0","0","0","0","0","0","0","0"
"0x7f11cf5bf0f0","      BRA 0x7f11cf5bd4b0","0","0","0","12265","392480","392480","32","32","0","0","-","-","-","0","0","0","0","0","0","0","0","0","0","0","0","0","0","0","0","0","0","0","0","0","0","0","0","0","0","0","0","0","0","0","0","0","0","0","0","0","0"
"0x7f11cf5bf100","      SYNCS.PHASECHK.TRANS64.TRYWAIT P0, [R71+URZ+0x380a0], R70","4","4","4","350725","11223200","11223200","32","32","0","0","-","-","-","0","0","0","0","0","0","0","0","0","0","0","0","0","0","4","0","0","0","0","0","0","0","0","0","0","0","0","0","0","0","0","4","0","0","0","0","0","0"
"0x7f11cf5bf110","@!P0  NANOSLEEP.SYNCS 0x989680","532","475","532","350725","11223200","11199648","32","31","1","0","-","-","-","0","0","0","0","0","0","0","0","0","532","0","0","0","0","0","0","0","0","0","0","0","0","0","0","0","0","475","0","0","0","0","0","0","0","0","0","0","0"
"0x7f11cf5bf120","@!P0  SYNCS.PHASECHK.TRANS64 P0, [R71+URZ+0x380a0], R70","0","0","0","350725","11223200","11199648","32","31","1","0","-","-","-","0","0","0","0","0","0","0","0","0","0","0","0","0","0","0","0","0","0","0","0","0","0","0","0","0","0","0","0","0","0","0","0","0","0","0","0","0","0"
"0x7f11cf5bf130","@!P0  BRA 0x7f11cf5bf100","3","3","3","350725","11223200","11190432","32","31","1","0","-","-","-","0","0","0","0","0","0","0","0","0","3","0","0","0","0","0","0","0","0","0","0","0","0","0","0","0","0","3","0","0","0","0","0","0","0","0","0","0","0"
"0x7f11cf5bf140","      BRA 0x7f11cf5bd680","1","1","1","1024","32768","32768","32","32","0","0","-","-","-","0","0","0","0","0","0","0","0","0","0","0","0","0","0","0","0","0","0","0","0","1","0","0","0","0","0","0","0","0","0","0","0","0","0","0","0","0","1"
"0x7f11cf5bf150","      SYNCS.PHASECHK.TRANS64.TRYWAIT P0, [R71+URZ+0x380b8], R70","0","0","0","1024","32768","32768","32","32","0","0","-","-","-","0","0","0","0","0","0","0","0","0","0","0","0","0","0","0","0","0","0","0","0","0","0","0","0","0","0","0","0","0","0","0","0","0","0","0","0","0","0"
"0x7f11cf5bf160","@!P0  NANOSLEEP.SYNCS 0x989680","0","0","0","1024","32768","0","32","0","32","0","-","-","-","0","0","0","0","0","0","0","0","0","0","0","0","0","0","0","0","0","0","0","0","0","0","0","0","0","0","0","0","0","0","0","0","0","0","0","0","0","0"
"0x7f11cf5bf170","@!P0  SYNCS.PHASECHK.TRANS64 P0, [R71+URZ+0x380b8], R70","0","0","0","1024","32768","0","32","0","32","0","-","-","-","0","0","0","0","0","0","0","0","0","0","0","0","0","0","0","0","0","0","0","0","0","0","0","0","0","0","0","0","0","0","0","0","0","0","0","0","0","0"
"0x7f11cf5bf180","@!P0  BRA 0x7f11cf5bf150","0","0","0","1024","32768","0","32","0","32","0","-","-","-","0","0","0","0","0","0","0","0","0","0","0","0","0","0","0","0","0","0","0","0","0","0","0","0","0","0","0","0","0","0","0","0","0","0","0","0","0","0"
"0x7f11cf5bf190","      BRA 0x7f11cf5bdba0","0","0","0","1024","32768","32768","32","32","0","0","-","-","-","0","0","0","0","0","0","0","0","0","0","0","0","0","0","0","0","0","0","0","0","0","0","0","0","0","0","0","0","0","0","0","0","0","0","0","0","0","0"
"0x7f11cf5bf1a0","      IMAD.U32 R4, RZ, RZ, UR9","0","0","0","1122","35904","35904","32","32","0","0","-","-","-","0","0","0","0","0","0","0","0","0","0","0","0","0","0","0","0","0","0","0","0","0","0","0","0","0","0","0","0","0","0","0","0","0","0","0","0","0","0"
"0x7f11cf5bf1b0","      SYNCS.PHASECHK.TRANS64.TRYWAIT P0, [R4+URZ+0x38060], R3","0","0","0","1122","35904","35904","32","32","0","0","-","-","-","0","0","0","0","0","0","0","0","0","0","0","0","0","0","0","0","0","0","0","0","0","0","0","0","0","0","0","0","0","0","0","0","0","0","0","0","0","0"
"0x7f11cf5bf1c0","@!P0  NANOSLEEP.SYNCS 0x989680","0","0","0","1122","35904","29504","32","26","6","0","-","-","-","0","0","0","0","0","0","0","0","0","0","0","0","0","0","0","0","0","0","0","0","0","0","0","0","0","0","0","0","0","0","0","0","0","0","0","0","0","0"
"0x7f11cf5bf1d0","@!P0  SYNCS.PHASECHK.TRANS64 P0, [R4+URZ+0x38060], R3","0","0","0","1122","35904","29504","32","26","6","0","-","-","-","0","0","0","0","0","0","0","0","0","0","0","0","0","0","0","0","0","0","0","0","0","0","0","0","0","0","0","0","0","0","0","0","0","0","0","0","0","0"
"0x7f11cf5bf1e0","@!P0  BRA 0x7f11cf5bf1a0","0","0","0","1122","35904","27712","32","24","8","0","-","-","-","0","0","0","0","0","0","0","0","0","0","0","0","0","0","0","0","0","0","0","0","0","0","0","0","0","0","0","0","0","0","0","0","0","0","0","0","0","0"
"0x7f11cf5bf1f0","      BRA 0x7f11cf5be040","0","0","0","256","8192","8192","32","32","0","0","-","-","-","0","0","0","0","0","0","0","0","0","0","0","0","0","0","0","0","0","0","0","0","0","0","0","0","0","0","0","0","0","0","0","0","0","0","0","0","0","0"
"0x7f11cf5bf200","      IMAD.U32 R4, RZ, RZ, UR37","0","0","0","165","5280","5280","32","32","0","0","-","-","-","0","0","0","0","0","0","0","0","0","0","0","0","0","0","0","0","0","0","0","0","0","0","0","0","0","0","0","0","0","0","0","0","0","0","0","0","0","0"
"0x7f11cf5bf210","      SYNCS.PHASECHK.TRANS64.TRYWAIT P0, [R4+URZ+0x38000], R3","0","0","0","165","5280","5280","32","32","0","0","-","-","-","0","0","0","0","0","0","0","0","0","0","0","0","0","0","0","0","0","0","0","0","0","0","0","0","0","0","0","0","0","0","0","0","0","0","0","0","0","0"
"0x7f11cf5bf220","@!P0  NANOSLEEP.SYNCS 0x989680","0","0","0","165","5280","0","32","0","32","0","-","-","-","0","0","0","0","0","0","0","0","0","0","0","0","0","0","0","0","0","0","0","0","0","0","0","0","0","0","0","0","0","0","0","0","0","0","0","0","0","0"
"0x7f11cf5bf230","@!P0  SYNCS.PHASECHK.TRANS64 P0, [R4+URZ+0x38000], R3","0","0","0","165","5280","0","32","0","32","0","-","-","-","0","0","0","0","0","0","0","0","0","0","0","0","0","0","0","0","0","0","0","0","0","0","0","0","0","0","0","0","0","0","0","0","0","0","0","0","0","0"
"0x7f11cf5bf240","@!P0  BRA 0x7f11cf5bf200","0","0","0","165","5280","0","32","0","32","0","-","-","-","0","0","0","0","0","0","0","0","0","0","0","0","0","0","0","0","0","0","0","0","0","0","0","0","0","0","0","0","0","0","0","0","0","0","0","0","0","0"
"0x7f11cf5bf250","      BRA 0x7f11cf5be0b0","0","0","0","165","5280","5280","32","32","0","0","-","-","-","0","0","0","0","0","0","0","0","0","0","0","0","0","0","0","0","0","0","0","0","0","0","0","0","0","0","0","0","0","0","0","0","0","0","0","0","0","0"
"0x7f11cf5bf260","      IMAD.U32 R3, RZ, RZ, UR5","0","0","0","83968","2686976","2686976","32","32","0","0","-","-","-","0","0","0","0","0","0","0","0","0","0","0","0","0","0","0","0","0","0","0","0","0","0","0","0","0","0","0","0","0","0","0","0","0","0","0","0","0","0"
"0x7f11cf5bf270","      SYNCS.PHASECHK.TRANS64.TRYWAIT P0, [R3+URZ+0x380a8], R8","0","0","0","83968","2686976","2686976","32","32","0","0","-","-","-","0","0","0","0","0","0","0","0","0","0","0","0","0","0","0","0","0","0","0","0","0","0","0","0","0","0","0","0","0","0","0","0","0","0","0","0","0","0"
"0x7f11cf5bf280","@!P0  NANOSLEEP.SYNCS 0x989680","104","103","104","83968","2686976","2679200","32","31","1","0","-","-","-","0","0","0","0","0","0","0","0","0","104","0","0","0","0","0","0","0","0","0","0","0","0","0","0","0","0","103","0","0","0","0","0","0","0","0","0","0","0"
"0x7f11cf5bf290","@!P0  SYNCS.PHASECHK.TRANS64 P0, [R3+URZ+0x380a8], R8","0","0","0","83968","2686976","2679200","32","31","1","0","-","-","-","0","0","0","0","0","0","0","0","0","0","0","0","0","0","0","0","0","0","0","0","0","0","0","0","0","0","0","0","0","0","0","0","0","0","0","0","0","0"
"0x7f11cf5bf2a0","@!P0  BRA 0x7f11cf5bf260","1","1","1","83968","2686976","2678784","32","31","1","0","-","-","-","0","0","0","0","0","0","0","0","0","1","0","0","0","0","0","0","0","0","0","0","0","0","0","0","0","0","1","0","0","0","0","0","0","0","0","0","0","0"
"0x7f11cf5bf2b0","      BRA 0x7f11cf5bec30","0","0","0","256","8192","8192","32","32","0","0","-","-","-","0","0","0","0","0","0","0","0","0","0","0","0","0","0","0","0","0","0","0","0","0","0","0","0","0","0","0","0","0","0","0","0","0","0","0","0","0","0"
"0x7f11cf5bf2c0","      IMAD.U32 R3, RZ, RZ, UR5","0","0","0","1537","49184","49184","32","32","0","0","-","-","-","0","0","0","0","0","0","0","0","0","0","0","0","0","0","0","0","0","0","0","0","0","0","0","0","0","0","0","0","0","0","0","0","0","0","0","0","0","0"
"0x7f11cf5bf2d0","      SYNCS.PHASECHK.TRANS64.TRYWAIT P0, [R3+URZ+0x380b0], R8","0","0","0","1537","49184","49184","32","32","0","0","-","-","-","0","0","0","0","0","0","0","0","0","0","0","0","0","0","0","0","0","0","0","0","0","0","0","0","0","0","0","0","0","0","0","0","0","0","0","0","0","0"
"0x7f11cf5bf2e0","@!P0  NANOSLEEP.SYNCS 0x989680","0","0","0","1537","49184","40992","32","26","6","0","-","-","-","0","0","0","0","0","0","0","0","0","0","0","0","0","0","0","0","0","0","0","0","0","0","0","0","0","0","0","0","0","0","0","0","0","0","0","0","0","0"
"0x7f11cf5bf2f0","@!P0  SYNCS.PHASECHK.TRANS64 P0, [R3+URZ+0x380b0], R8","0","0","0","1537","49184","40992","32","26","6","0","-","-","-","0","0","0","0","0","0","0","0","0","0","0","0","0","0","0","0","0","0","0","0","0","0","0","0","0","0","0","0","0","0","0","0","0","0","0","0","0","0"
"0x7f11cf5bf300","@!P0  BRA 0x7f11cf5bf2c0","0","0","0","1537","49184","40992","32","26","6","0","-","-","-","0","0","0","0","0","0","0","0","0","0","0","0","0","0","0","0","0","0","0","0","0","0","0","0","0","0","0","0","0","0","0","0","0","0","0","0","0","0"
"0x7f11cf5bf310","      BRA 0x7f11cf5becd0","0","0","0","256","8192","8192","32","32","0","0","-","-","-","0","0","0","0","0","0","0","0","0","0","0","0","0","0","0","0","0","0","0","0","0","0","0","0","0","0","0","0","0","0","0","0","0","0","0","0","0","0"
"0x7f11cf5bf320","      SYNCS.PHASECHK.TRANS64.TRYWAIT P0, [R3+URZ+0x38098], R0","0","0","0","4096","131072","131072","32","32","0","0","-","-","-","0","0","0","0","0","0","0","0","0","0","0","0","0","0","0","0","0","0","0","0","0","0","0","0","0","0","0","0","0","0","0","0","0","0","0","0","0","0"
"0x7f11cf5bf330","@!P0  NANOSLEEP.SYNCS 0x989680","0","0","0","4096","131072","122880","32","30","2","0","-","-","-","0","0","0","0","0","0","0","0","0","0","0","0","0","0","0","0","0","0","0","0","0","0","0","0","0","0","0","0","0","0","0","0","0","0","0","0","0","0"
"0x7f11cf5bf340","@!P0  SYNCS.PHASECHK.TRANS64 P0, [R3+URZ+0x38098], R0","0","0","0","4096","131072","122880","32","30","2","0","-","-","-","0","0","0","0","0","0","0","0","0","0","0","0","0","0","0","0","0","0","0","0","0","0","0","0","0","0","0","0","0","0","0","0","0","0","0","0","0","0"
"0x7f11cf5bf350","@!P0  BRA 0x7f11cf5bf320","0","0","0","4096","131072","122880","32","30","2","0","-","-","-","0","0","0","0","0","0","0","0","0","0","0","0","0","0","0","0","0","0","0","0","0","0","0","0","0","0","0","0","0","0","0","0","0","0","0","0","0","0"
"0x7f11cf5bf360","      BRA 0x7f11cf5bedc0","0","0","0","256","8192","8192","32","32","0","0","-","-","-","0","0","0","0","0","0","0","0","0","0","0","0","0","0","0","0","0","0","0","0","0","0","0","0","0","0","0","0","0","0","0","0","0","0","0","0","0","0"
"0x7f11cf5bf370","      BPT.TRAP 0x1","0","0","0","0","0","0","0","0","32","0","-","-","-","0","0","0","0","0","0","0","0","0","0","0","0","0","0","0","0","0","0","0","0","0","0","0","0","0","0","0","0","0","0","0","0","0","0","0","0","0","0"
"0x7f11cf5bf380","      IMAD.MOV.U32 R3, RZ, RZ, 0x0","0","0","0","0","0","0","0","0","32","0","-","-","-","0","0","0","0","0","0","0","0","0","0","0","0","0","0","0","0","0","0","0","0","0","0","0","0","0","0","0","0","0","0","0","0","0","0","0","0","0","0"
"0x7f11cf5bf390","      RET.REL.NODEC R2, 0x7f11cf5bc400","0","0","0","0","0","0","0","0","32","0","-","-","-","0","0","0","0","0","0","0","0","0","0","0","0","0","0","0","0","0","0","0","0","0","0","0","0","0","0","0","0","0","0","0","0","0","0","0","0","0","0"
"0x7f11cf5bf3a0","      BPT.TRAP 0x1","0","0","0","0","0","0","0","0","32","0","-","-","-","0","0","0","0","0","0","0","0","0","0","0","0","0","0","0","0","0","0","0","0","0","0","0","0","0","0","0","0","0","0","0","0","0","0","0","0","0","0"
"0x7f11cf5bf3b0","      IMAD.MOV.U32 R5, RZ, RZ, 0x0","0","0","0","0","0","0","0","0","32","0","-","-","-","0","0","0","0","0","0","0","0","0","0","0","0","0","0","0","0","0","0","0","0","0","0","0","0","0","0","0","0","0","0","0","0","0","0","0","0","0","0"
"0x7f11cf5bf3c0","      RET.REL.NODEC R4, 0x7f11cf5bc400","0","0","0","0","0","0","0","0","32","0","-","-","-","0","0","0","0","0","0","0","0","0","0","0","0","0","0","0","0","0","0","0","0","0","0","0","0","0","0","0","0","0","0","0","0","0","0","0","0","0","0"
"0x7f11cf5bf3d0","      BPT.TRAP 0x1","0","0","0","0","0","0","0","0","32","0","-","-","-","0","0","0","0","0","0","0","0","0","0","0","0","0","0","0","0","0","0","0","0","0","0","0","0","0","0","0","0","0","0","0","0","0","0","0","0","0","0"
"0x7f11cf5bf3e0","      IMAD.MOV.U32 R3, RZ, RZ, 0x0","0","0","0","0","0","0","0","0","32","0","-","-","-","0","0","0","0","0","0","0","0","0","0","0","0","0","0","0","0","0","0","0","0","0","0","0","0","0","0","0","0","0","0","0","0","0","0","0","0","0","0"
"0x7f11cf5bf3f0","      RET.REL.NODEC R2, 0x7f11cf5bc400","0","0","0","0","0","0","0","0","32","0","-","-","-","0","0","0","0","0","0","0","0","0","0","0","0","0","0","0","0","0","0","0","0","0","0","0","0","0","0","0","0","0","0","0","0","0","0","0","0","0","0"
"0x7f11cf5bf400","      BRA `(.L_x_0) 0x7f11cf5bf400","0","0","0","0","0","0","0","0","0","0","-","-","-","0","0","0","0","0","0","0","0","0","0","0","0","0","0","0","0","0","0","0","0","0","0","0","0","0","0","0","0","0","0","0","0","0","0","0","0","0","0"
"0x7f11cf5bf410","      NOP","0","0","0","0","0","0","0","0","32","0","-","-","-","0","0","0","0","0","0","0","0","0","0","0","0","0","0","0","0","0","0","0","0","0","0","0","0","0","0","0","0","0","0","0","0","0","0","0","0","0","0"
"0x7f11cf5bf420","      NOP","0","0","0","0","0","0","0","0","32","0","-","-","-","0","0","0","0","0","0","0","0","0","0","0","0","0","0","0","0","0","0","0","0","0","0","0","0","0","0","0","0","0","0","0","0","0","0","0","0","0","0"
"0x7f11cf5bf430","      NOP","0","0","0","0","0","0","0","0","32","0","-","-","-","0","0","0","0","0","0","0","0","0","0","0","0","0","0","0","0","0","0","0","0","0","0","0","0","0","0","0","0","0","0","0","0","0","0","0","0","0","0"
"0x7f11cf5bf440","      NOP","0","0","0","0","0","0","0","0","32","0","-","-","-","0","0","0","0","0","0","0","0","0","0","0","0","0","0","0","0","0","0","0","0","0","0","0","0","0","0","0","0","0","0","0","0","0","0","0","0","0","0"
"0x7f11cf5bf450","      NOP","0","0","0","0","0","0","0","0","32","0","-","-","-","0","0","0","0","0","0","0","0","0","0","0","0","0","0","0","0","0","0","0","0","0","0","0","0","0","0","0","0","0","0","0","0","0","0","0","0","0","0"
"0x7f11cf5bf460","      NOP","0","0","0","0","0","0","0","0","32","0","-","-","-","0","0","0","0","0","0","0","0","0","0","0","0","0","0","0","0","0","0","0","0","0","0","0","0","0","0","0","0","0","0","0","0","0","0","0","0","0","0"
"0x7f11cf5bf470","      NOP","0","0","0","0","0","0","0","0","32","0","-","-","-","0","0","0","0","0","0","0","0","0","0","0","0","0","0","0","0","0","0","0","0","0","0","0","0","0","0","0","0","0","0","0","0","0","0","0","0","0","0"
"0x7f11cf5bf480","      NOP","0","0","0","0","0","0","0","0","32","0","-","-","-","0","0","0","0","0","0","0","0","0","0","0","0","0","0","0","0","0","0","0","0","0","0","0","0","0","0","0","0","0","0","0","0","0","0","0","0","0","0"
"0x7f11cf5bf490","      NOP","0","0","0","0","0","0","0","0","32","0","-","-","-","0","0","0","0","0","0","0","0","0","0","0","0","0","0","0","0","0","0","0","0","0","0","0","0","0","0","0","0","0","0","0","0","0","0","0","0","0","0"
"0x7f11cf5bf4a0","      NOP","0","0","0","0","0","0","0","0","32","0","-","-","-","0","0","0","0","0","0","0","0","0","0","0","0","0","0","0","0","0","0","0","0","0","0","0","0","0","0","0","0","0","0","0","0","0","0","0","0","0","0"
"0x7f11cf5bf4b0","      NOP","0","0","0","0","0","0","0","0","32","0","-","-","-","0","0","0","0","0","0","0","0","0","0","0","0","0","0","0","0","0","0","0","0","0","0","0","0","0","0","0","0","0","0","0","0","0","0","0","0","0","0"
"0x7f11cf5bf4c0","      NOP","0","0","0","0","0","0","0","0","32","0","-","-","-","0","0","0","0","0","0","0","0","0","0","0","0","0","0","0","0","0","0","0","0","0","0","0","0","0","0","0","0","0","0","0","0","0","0","0","0","0","0"
"0x7f11cf5bf4d0","      NOP","0","0","0","0","0","0","0","0","32","0","-","-","-","0","0","0","0","0","0","0","0","0","0","0","0","0","0","0","0","0","0","0","0","0","0","0","0","0","0","0","0","0","0","0","0","0","0","0","0","0","0"
"0x7f11cf5bf4e0","      NOP","0","0","0","0","0","0","0","0","32","0","-","-","-","0","0","0","0","0","0","0","0","0","0","0","0","0","0","0","0","0","0","0","0","0","0","0","0","0","0","0","0","0","0","0","0","0","0","0","0","0","0"
"0x7f11cf5bf4f0","      NOP","0","0","0","0","0","0","0","0","32","0","-","-","-","0","0","0","0","0","0","0","0","0","0","0","0","0","0","0","0","0","0","0","0","0","0","0","0","0","0","0","0","0","0","0","0","0","0","0","0","0","0"
