profile_id,stage,access_path,matrix_path,buffer_location,layout_operations,atomic_path,resource_summary,evidence_path,evidence_confidence,notes
GH200/cutile/1d_conv/fp16,conv1d_kernel,LDG[16b:100%]; STG[16b:100%],wgmma[HGMMA.64x128x16.F32:3932160],shared+registers,LDSM.16.M88.4:3932160;PRMT:136314880,,launches=1;grid=40960;block=128;regs=128;smem_per_block_B=15360;theoretical_occ_pct=25.0;achieved_occ_pct=24.843909376527705,NVIDIA_GH200/1d_conv/cutile_fp16.ncu-rep: dynamic: sass__inst_executed_per_opcode_with_modifier_all (1/1 launches),high,kernel=conv1d_kernel_Kt1_A1f16_1i16t1_p16_A1f16_1i16t1_p16_A1f16_1i16t1_p16_Si32_Si32_Si32_Si32_Si32_Si32_Si32_Si32_Si32_Si32_Si32_Si32_Si32_Si32_Si32_Si32_Si32_Si32_Si32_I64_I16_I128
GH200/cutile/1d_conv/fp32,conv1d_kernel,cp.async[LDGSTS.E:94371840]; STG[32b:100%],wgmma[HGMMA.64x128x8.F32.TF32:7864320],shared+registers,,,launches=1;grid=40960;block=128;regs=128;smem_per_block_B=42000;theoretical_occ_pct=25.0;achieved_occ_pct=24.860207686313842,NVIDIA_GH200/1d_conv/cutile_fp32.ncu-rep: dynamic: sass__inst_executed_per_opcode_with_modifier_all (1/1 launches),high,kernel=conv1d_kernel_Kt1_A1f32_1i16t1_p16_A1f32_1i16t1_p16_A1f32_1i16t1_p16_Si32_Si32_Si32_Si32_Si32_Si32_Si32_Si32_Si32_Si32_Si32_Si32_Si32_Si32_Si32_Si32_Si32_Si32_Si32_I64_I32_I128
GH200/tilelang/1d_conv/fp16,conv1d_kernel_kernel,LDG[16b:100%]; STG[16b:100%],wgmma[HGMMA.64x128x16.F32:3932160],shared+registers,PRMT:260014080,,launches=1;grid=40960;block=128;regs=167;smem_per_block_B=7168;theoretical_occ_pct=18.75;achieved_occ_pct=18.71177962616911,NVIDIA_GH200/1d_conv/tilelang_fp16.ncu-rep: dynamic: sass__inst_executed_per_opcode_with_modifier_all (1/1 launches),high,
GH200/tilelang/1d_conv/fp32,conv1d_kernel_kernel,LDG[32b:100%]; STG[32b:100%],legacy_mma[HMMA.1688.F32.TF32:125829120],shared+local(LDL/STL)+registers,LDSM.16.M88.4:31457280,,launches=1;grid=81920;block=64;regs=168;smem_per_block_B=9216;theoretical_occ_pct=18.75;achieved_occ_pct=18.680747499426715,NVIDIA_GH200/1d_conv/tilelang_fp32.ncu-rep: dynamic: sass__inst_executed_per_opcode_with_modifier_all (1/1 launches),high,
GH200/triton/1d_conv/fp16,conv1d_kernel,LDG[16b:100%]; STG[128b:100%],wgmma[HGMMA.64x64x16.F32:7864320],shared+registers,PRMT:94371840;STSM.16.MT88.4:1310720,,launches=1;grid=40960;block=256;regs=114;smem_per_block_B=13312;theoretical_occ_pct=25.0;achieved_occ_pct=24.7878313032475,NVIDIA_GH200/1d_conv/triton_fp16.ncu-rep: dynamic: sass__inst_executed_per_opcode_with_modifier_all (1/1 launches),high,
GH200/triton/1d_conv/fp32,conv1d_kernel,cp.async[LDGSTS.E:68157440]; STG[128b:100%],wgmma[HGMMA.64x128x8.F32.TF32:7864320],shared+registers,,,launches=1;grid=20480;block=128;regs=253;smem_per_block_B=50176;theoretical_occ_pct=12.5;achieved_occ_pct=12.432052010284364,NVIDIA_GH200/1d_conv/triton_fp32.ncu-rep: dynamic: sass__inst_executed_per_opcode_with_modifier_all (1/1 launches),high,
GH200/cutile/2d_conv/fp16,conv2d_kernel,LDG[16b:100%]; STG[16b:100%],wgmma[HGMMA.64x128x16.F32:460800],shared+local(LDL/STL)+registers,LDSM.16.M88.4:460800;PRMT:15155200,,launches=1;grid=1600;block=128;regs=128;smem_per_block_B=15360;theoretical_occ_pct=25.0;achieved_occ_pct=22.836904254141807,NVIDIA_GH200/2d_conv/cutile_fp16.ncu-rep: dynamic: sass__inst_executed_per_opcode_with_modifier_all (1/1 launches),high,kernel=conv2d_kernel_Kt1_A1f16_1i16t1_p16_A1f16_1i16t1_p16_A1f16_1i16t1_p16_Si32_Si32_Si32_Si32_Si32_Si32_Si32_Si32_Si32_Si32_Si32_Si32_Si32_Si32_Si32_Si32_Si32_Si32_Si32_Si32_Si32_Si32_Si32_Si32_Si32_Si32_Si32_I64_I16_I128
GH200/cutile/2d_conv/fp32,conv2d_kernel,cp.async[LDGSTS.E:11059200]; STG[32b:100%],wgmma[HGMMA.64x128x8.F32.TF32:921600],shared+registers,,,launches=1;grid=1600;block=128;regs=128;smem_per_block_B=42000;theoretical_occ_pct=25.0;achieved_occ_pct=22.702166361888708,NVIDIA_GH200/2d_conv/cutile_fp32.ncu-rep: dynamic: sass__inst_executed_per_opcode_with_modifier_all (1/1 launches),high,kernel=conv2d_kernel_Kt1_A1f32_1i16t1_p16_A1f32_1i16t1_p16_A1f32_1i16t1_p16_Si32_Si32_Si32_Si32_Si32_Si32_Si32_Si32_Si32_Si32_Si32_Si32_Si32_Si32_Si32_Si32_Si32_Si32_Si32_Si32_Si32_Si32_Si32_Si32_Si32_Si32_Si32_I64_I32_I128
GH200/tilelang/2d_conv/fp16,conv2d_kernel_kernel,LDG[16b:100%]; STG[16b:100%],wgmma[HGMMA.64x128x16.F32:460800],shared+registers,PRMT:30438400,,launches=1;grid=1600;block=128;regs=168;smem_per_block_B=7168;theoretical_occ_pct=18.75;achieved_occ_pct=18.42532110654411,NVIDIA_GH200/2d_conv/tilelang_fp16.ncu-rep: dynamic: sass__inst_executed_per_opcode_with_modifier_all (1/1 launches),high,
GH200/tilelang/2d_conv/fp32,conv2d_kernel_kernel,LDG[32b:100%]; STG[32b:100%],legacy_mma[HMMA.1688.F32.TF32:14745600],shared+local(LDL/STL)+registers,LDSM.16.M88.4:1843200,,launches=1;grid=800;block=64;regs=255;smem_per_block_B=17408;theoretical_occ_pct=12.5;achieved_occ_pct=11.768964370476894,NVIDIA_GH200/2d_conv/tilelang_fp32.ncu-rep: dynamic: sass__inst_executed_per_opcode_with_modifier_all (1/1 launches),high,
GH200/triton/2d_conv/fp16,conv2d_kernel,LDG[16b:100%]; STG[128b:100%],wgmma[HGMMA.64x64x16.F32:921600],shared+local(LDL/STL)+registers,PRMT:14860800;STSM.16.MT88.4:51200,,launches=1;grid=1600;block=128;regs=255;smem_per_block_B=25600;theoretical_occ_pct=12.5;achieved_occ_pct=12.175960649177773,NVIDIA_GH200/2d_conv/triton_fp16.ncu-rep: dynamic: sass__inst_executed_per_opcode_with_modifier_all (1/1 launches),high,
GH200/triton/2d_conv/fp32,conv2d_kernel,cp.async[LDGSTS.E:11366400]; STG[128b:100%],wgmma[HGMMA.64x64x8.F32.TF32:1843200],shared+registers,,,launches=1;grid=1600;block=256;regs=120;smem_per_block_B=37888;theoretical_occ_pct=25.0;achieved_occ_pct=24.15072920744692,NVIDIA_GH200/2d_conv/triton_fp32.ncu-rep: dynamic: sass__inst_executed_per_opcode_with_modifier_all (1/1 launches),high,
GH200/cutile/2d_max_pooling/bf16,max_pool2d_kernel,LDG[16b:100%]; STG[64b:100%],none,shared+registers,PRMT:2621440,,launches=1;grid=163840;block=128;regs=54;smem_per_block_B=2048;theoretical_occ_pct=56.25;achieved_occ_pct=52.016428667761915,NVIDIA_GH200/2d_max_pooling/cutile_bf16.ncu-rep: dynamic: sass__inst_executed_per_opcode_with_modifier_all (1/1 launches),high,kernel=max_pool2d_kernel_Kt1_A3bf16_3v8l0_4t1_7i16_p16_A3bf16_3v8l0_4t1_7i16_p16_I3_I2_I1_I1_I512
GH200/cutile/2d_max_pooling/fp16,max_pool2d_kernel,LDG[16b:100%]; STG[64b:100%],none,shared+registers,PRMT:2621440,,launches=1;grid=163840;block=128;regs=54;smem_per_block_B=2048;theoretical_occ_pct=56.25;achieved_occ_pct=52.00603401059997,NVIDIA_GH200/2d_max_pooling/cutile_fp16.ncu-rep: dynamic: sass__inst_executed_per_opcode_with_modifier_all (1/1 launches),high,kernel=max_pool2d_kernel_Kt1_A3f16_3v8l0_4t1_7i16_p16_A3f16_3v8l0_4t1_7i16_p16_I3_I2_I1_I1_I512
GH200/cutile/2d_max_pooling/fp32,max_pool2d_kernel,LDG[32b:100%]; STG[128b:100%],none,shared+registers,STSM.16.M88.2:1310720,,launches=1;grid=163840;block=128;regs=53;smem_per_block_B=3072;theoretical_occ_pct=56.25;achieved_occ_pct=52.15927531205312,NVIDIA_GH200/2d_max_pooling/cutile_fp32.ncu-rep: dynamic: sass__inst_executed_per_opcode_with_modifier_all (1/1 launches),high,kernel=max_pool2d_kernel_Kt1_A3f32_3v4l0_4t1_7i16_p16_A3f32_3v4l0_4t1_7i16_p16_I3_I2_I1_I1_I512
GH200/tilelang/2d_max_pooling/bf16,max_pool2d_kernel_kernel,LDG[16b:100%]; STG[16b:100%],none,registers,PRMT:29491200,,launches=1;grid=102400;block=128;regs=16;smem_per_block_B=1024;theoretical_occ_pct=100.0;achieved_occ_pct=91.94765890221207,NVIDIA_GH200/2d_max_pooling/tilelang_bf16.ncu-rep: dynamic: sass__inst_executed_per_opcode_with_modifier_all (1/1 launches),high,
GH200/tilelang/2d_max_pooling/fp16,max_pool2d_kernel_kernel,LDG[16b:100%]; STG[16b:100%],none,registers,PRMT:29491200,,launches=1;grid=102400;block=128;regs=16;smem_per_block_B=1024;theoretical_occ_pct=100.0;achieved_occ_pct=91.99368856828049,NVIDIA_GH200/2d_max_pooling/tilelang_fp16.ncu-rep: dynamic: sass__inst_executed_per_opcode_with_modifier_all (1/1 launches),high,
GH200/tilelang/2d_max_pooling/fp32,max_pool2d_kernel_kernel,LDG[32b:100%]; STG[32b:100%],none,registers,,,launches=1;grid=163840;block=128;regs=28;smem_per_block_B=1024;theoretical_occ_pct=100.0;achieved_occ_pct=91.72814171979599,NVIDIA_GH200/2d_max_pooling/tilelang_fp32.ncu-rep: dynamic: sass__inst_executed_per_opcode_with_modifier_all (1/1 launches),high,
GH200/triton/2d_max_pooling/bf16,max_pool2d_kernel,LDG[16b:100%]; STG[64b:100%],none,shared+registers,PRMT:1966080,,launches=1;grid=163840;block=128;regs=46;smem_per_block_B=2048;theoretical_occ_pct=62.5;achieved_occ_pct=58.236003176802996,NVIDIA_GH200/2d_max_pooling/triton_bf16.ncu-rep: dynamic: sass__inst_executed_per_opcode_with_modifier_all (1/1 launches),high,
GH200/triton/2d_max_pooling/fp16,max_pool2d_kernel,LDG[16b:100%]; STG[64b:100%],none,shared+registers,PRMT:13107200,,launches=1;grid=163840;block=128;regs=44;smem_per_block_B=2048;theoretical_occ_pct=62.5;achieved_occ_pct=57.845085565349294,NVIDIA_GH200/2d_max_pooling/triton_fp16.ncu-rep: dynamic: sass__inst_executed_per_opcode_with_modifier_all (1/1 launches),high,
GH200/triton/2d_max_pooling/fp32,max_pool2d_kernel,LDG[32b:100%]; STG[128b:100%],none,shared+registers,STSM.16.M88.4:655360,,launches=1;grid=163840;block=128;regs=39;smem_per_block_B=3072;theoretical_occ_pct=75.0;achieved_occ_pct=70.60145817337566,NVIDIA_GH200/2d_max_pooling/triton_fp32.ncu-rep: dynamic: sass__inst_executed_per_opcode_with_modifier_all (1/1 launches),high,
GH200/cutile/3d_conv/fp16,conv3d_kernel,LDG[16b:100%]; STG[16b:100%],wgmma[HGMMA.64x64x16.F32:22118400],shared+local(LDL/STL)+registers,PRMT:537395200,,launches=1;grid=51200;block=128;regs=64;smem_per_block_B=17408;theoretical_occ_pct=50.0;achieved_occ_pct=49.65615865873876,NVIDIA_GH200/3d_conv/cutile_fp16.ncu-rep: dynamic: sass__inst_executed_per_opcode_with_modifier_all (1/1 launches),high,kernel=conv3d_kernel_Kt1_A1f16_1i16t1_p16_A1f16_1i16t1_p16_A1f16_1i16t1_p16_Si32_Si32_Si32_Si32_Si32_Si32_Si32_Si32_Si32_Si32_Si32_Si32_Si32_Si32_Si32_Si32_Si32_Si32_Si32_Si32_Si32_Si32_Si32_Si32_Si32_Si32_Si32_Si32_Si32_Si32_Si32_Si32_Si32_Si32_Si32_I64_I32_I64
GH200/cutile/3d_conv/fp32,conv3d_kernel,cp.async[LDGSTS.E:265420800]; STG[32b:100%],wgmma[HGMMA.64x64x8.F32.TF32:44236800],shared+local(LDL/STL)+registers,,,launches=1;grid=25600;block=128;regs=128;smem_per_block_B=42000;theoretical_occ_pct=25.0;achieved_occ_pct=24.85114910031763,NVIDIA_GH200/3d_conv/cutile_fp32.ncu-rep: dynamic: sass__inst_executed_per_opcode_with_modifier_all (1/1 launches),high,kernel=conv3d_kernel_Kt1_A1f32_1i16t1_p16_A1f32_1i16t1_p16_A1f32_1i16t1_p16_Si32_Si32_Si32_Si32_Si32_Si32_Si32_Si32_Si32_Si32_Si32_Si32_Si32_Si32_Si32_Si32_Si32_Si32_Si32_Si32_Si32_Si32_Si32_Si32_Si32_Si32_Si32_Si32_Si32_Si32_Si32_Si32_Si32_Si32_Si32_I128_I16_I64
GH200/tilelang/3d_conv/fp16,conv3d_kernel_kernel,LDG[16b:100%]; STG[16b:100%],wgmma[HGMMA.64x128x16.F32:22118400],shared+registers,PRMT:1769472000,,launches=1;grid=25600;block=128;regs=250;smem_per_block_B=9216;theoretical_occ_pct=12.5;achieved_occ_pct=12.479709820529408,NVIDIA_GH200/3d_conv/tilelang_fp16.ncu-rep: dynamic: sass__inst_executed_per_opcode_with_modifier_all (1/1 launches),high,
GH200/tilelang/3d_conv/fp32,conv3d_kernel_kernel,LDG[32b:100%]; STG[32b:100%],legacy_mma[HMMA.1688.F32.TF32:353894400],shared+local(LDL/STL)+registers,LDSM.16.M88.4:88473600,,launches=1;grid=25600;block=64;regs=255;smem_per_block_B=13312;theoretical_occ_pct=12.5;achieved_occ_pct=12.45134894815666,NVIDIA_GH200/3d_conv/tilelang_fp32.ncu-rep: dynamic: sass__inst_executed_per_opcode_with_modifier_all (1/1 launches),high,
GH200/triton/3d_conv/fp16,conv3d_kernel,LDG[16b:100%]; STG[128b:100%],wgmma[HGMMA.64x64x16.F32:22118400],shared+local(LDL/STL)+registers,PRMT:356659200;STSM.16.MT88.4:819200,,launches=1;grid=25600;block=128;regs=255;smem_per_block_B=25600;theoretical_occ_pct=12.5;achieved_occ_pct=12.463180346895907,NVIDIA_GH200/3d_conv/triton_fp16.ncu-rep: dynamic: sass__inst_executed_per_opcode_with_modifier_all (1/1 launches),high,
GH200/triton/3d_conv/fp32,conv3d_kernel,cp.async[LDGSTS.E:275251200]; STG[128b:100%],wgmma[HGMMA.64x64x8.F32.TF32:44236800],shared+local(LDL/STL)+registers,PRMT:2867200,,launches=1;grid=25600;block=128;regs=255;smem_per_block_B=99328;theoretical_occ_pct=12.5;achieved_occ_pct=12.479289101457969,NVIDIA_GH200/3d_conv/triton_fp32.ncu-rep: dynamic: sass__inst_executed_per_opcode_with_modifier_all (1/1 launches),high,
GH200/cutile/argmax/fp16,argmax_rowwise_kernel,LDG[128b:100%]; STG[64b:100%],none,shared+registers,SHFL.BFLY:1556480,ATOMS.MAX:81920,launches=1;grid=2048;block=128;regs=44;smem_per_block_B=1056;theoretical_occ_pct=62.5;achieved_occ_pct=51.12399877252973,NVIDIA_GH200/argmax/cutile_fp16.ncu-rep: dynamic: sass__inst_executed_per_opcode_with_modifier_all (1/1 launches),high,kernel=argmax_rowwise_kernel_Kt1_A2f16_1v8l0_2t1_3i16_p16_A1i64_1i16t1_p16_I10_I2048
GH200/cutile/argmax/fp32,argmax_rowwise_kernel,LDG[128b:100%]; STG[64b:100%],none,shared+registers,SHFL.BFLY:3112960,ATOMS.MAX:163840,launches=1;grid=2048;block=128;regs=32;smem_per_block_B=1056;theoretical_occ_pct=100.0;achieved_occ_pct=87.64540950116877,NVIDIA_GH200/argmax/cutile_fp32.ncu-rep: dynamic: sass__inst_executed_per_opcode_with_modifier_all (1/1 launches),high,kernel=argmax_rowwise_kernel_Kt1_A2f32_1v4l0_2t1_3i16_p16_A1i64_1i16t1_p16_I20_I1024
GH200/tilelang/argmax/fp16,argmax_rowwise_kernel_kernel,LDG[128b:100%]; STG[64b:100%],none,shared+registers,SHFL.BFLY:819200,,launches=1;grid=2048;block=128;regs=32;smem_per_block_B=2048;theoretical_occ_pct=100.0;achieved_occ_pct=89.89521449154611,NVIDIA_GH200/argmax/tilelang_fp16.ncu-rep: dynamic: sass__inst_executed_per_opcode_with_modifier_all (1/1 launches),high,
GH200/tilelang/argmax/fp32,argmax_rowwise_kernel_kernel,LDG[128b:100%]; STG[64b:100%],none,shared+registers,SHFL.BFLY:819200,,launches=1;grid=2048;block=128;regs=32;smem_per_block_B=2048;theoretical_occ_pct=100.0;achieved_occ_pct=92.23109629952614,NVIDIA_GH200/argmax/tilelang_fp32.ncu-rep: dynamic: sass__inst_executed_per_opcode_with_modifier_all (1/1 launches),high,
GH200/triton/argmax/fp16,argmax_rowwise_kernel,LDG[128b:100%]; STG[64b:100%],none,shared+registers,SHFL.BFLY:1720320,,launches=1;grid=2048;block=128;regs=30;smem_per_block_B=1056;theoretical_occ_pct=100.0;achieved_occ_pct=79.0715384572052,NVIDIA_GH200/argmax/triton_fp16.ncu-rep: dynamic: sass__inst_executed_per_opcode_with_modifier_all (1/1 launches),high,
GH200/triton/argmax/fp32,argmax_rowwise_kernel,LDG[128b:100%]; STG[64b:100%],none,shared+registers,SHFL.BFLY:3932160,,launches=1;grid=2048;block=256;regs=28;smem_per_block_B=1088;theoretical_occ_pct=100.0;achieved_occ_pct=87.36301402913256,NVIDIA_GH200/argmax/triton_fp32.ncu-rep: dynamic: sass__inst_executed_per_opcode_with_modifier_all (1/1 launches),high,
GH200/cutile/batch_normalization/bf16,compute_block_sums_kernel,"TMA[UTMACCTL.PF:939,UTMACMDFLUSH:1252,UTMALDG.2D:40064,UTMASTG.2D:2504]",none,shared+registers,PRMT:320512,,launches=1;grid=313;block=256;regs=255;smem_per_block_B=144480;theoretical_occ_pct=12.5;achieved_occ_pct=9.058334828846714,NVIDIA_GH200/batch_normalization/cutile_bf16.ncu-rep: dynamic: sass__inst_executed_per_opcode_with_modifier_all (1/1 launches),high,kernel=compute_block_sums_kernel_Kt1_A2bf16_1v8l0_2t1_3i16_p16_A2f32_1v4l0_2i16t1_p16_A2f32_1v4l0_2i16t1_p16_Si32_I1024_I1024_I64_I8
GH200/cutile/batch_normalization/bf16,compute_mean_invstd_kernel,LDG[32b:100%]; STG[32b:100%],none,shared+registers,SHFL.BFLY:57344,,launches=1;grid=1024;block=128;regs=26;smem_per_block_B=1040;theoretical_occ_pct=100.0;achieved_occ_pct=44.290330181098014,NVIDIA_GH200/batch_normalization/cutile_bf16.ncu-rep: dynamic: sass__inst_executed_per_opcode_with_modifier_all (1/1 launches),high,kernel=compute_mean_invstd_kernel_Kt1_A1f32_1i16t1_p16_A1f32_1i16t1_p16_A1f32_1i16t1_p16_A1f32_1i16t1_p16_Si32_Si32_Si32_I512_Sf32
GH200/cutile/batch_normalization/bf16,apply_batch_norm_kernel,LDG[128b:100%]; STG[128b:100%],none,shared+registers,PRMT:400000,,launches=1;grid=2500;block=128;regs=104;smem_per_block_B=17408;theoretical_occ_pct=25.0;achieved_occ_pct=21.337304716302143,NVIDIA_GH200/batch_normalization/cutile_bf16.ncu-rep: dynamic: sass__inst_executed_per_opcode_with_modifier_all (1/1 launches),high,kernel=apply_batch_norm_kernel_Kt1_A2bf16_1v8l0_2t1_3i16_p16_A1bf16_1i16t1_p16_A1bf16_1i16t1_p16_A2bf16_1v8l0_2t1_3i16_p16_A1f32_1i16t1_p16_A1f32_1i16t1_p16_Si32_I1024_I1024_I8_I8
GH200/cutile/batch_normalization/fp16,compute_block_sums_kernel,"TMA[UTMACCTL.PF:939,UTMACMDFLUSH:1252,UTMALDG.2D:40064,UTMASTG.2D:2504]",none,shared+registers,,,launches=1;grid=313;block=256;regs=255;smem_per_block_B=144480;theoretical_occ_pct=12.5;achieved_occ_pct=9.001695705990215,NVIDIA_GH200/batch_normalization/cutile_fp16.ncu-rep: dynamic: sass__inst_executed_per_opcode_with_modifier_all (1/1 launches),high,kernel=compute_block_sums_kernel_Kt1_A2f16_1v8l0_2t1_3i16_p16_A2f32_1v4l0_2i16t1_p16_A2f32_1v4l0_2i16t1_p16_Si32_I1024_I1024_I64_I8
GH200/cutile/batch_normalization/fp16,compute_mean_invstd_kernel,LDG[32b:100%]; STG[32b:100%],none,shared+registers,SHFL.BFLY:57344,,launches=1;grid=1024;block=128;regs=26;smem_per_block_B=1040;theoretical_occ_pct=100.0;achieved_occ_pct=44.367062260518225,NVIDIA_GH200/batch_normalization/cutile_fp16.ncu-rep: dynamic: sass__inst_executed_per_opcode_with_modifier_all (1/1 launches),high,kernel=compute_mean_invstd_kernel_Kt1_A1f32_1i16t1_p16_A1f32_1i16t1_p16_A1f32_1i16t1_p16_A1f32_1i16t1_p16_Si32_Si32_Si32_I512_Sf32
GH200/cutile/batch_normalization/fp16,apply_batch_norm_kernel,LDG[128b:100%]; STG[128b:100%],none,shared+registers,,,launches=1;grid=2500;block=128;regs=100;smem_per_block_B=17408;theoretical_occ_pct=25.0;achieved_occ_pct=21.57754242718328,NVIDIA_GH200/batch_normalization/cutile_fp16.ncu-rep: dynamic: sass__inst_executed_per_opcode_with_modifier_all (1/1 launches),high,kernel=apply_batch_norm_kernel_Kt1_A2f16_1v8l0_2t1_3i16_p16_A1f16_1i16t1_p16_A1f16_1i16t1_p16_A2f16_1v8l0_2t1_3i16_p16_A1f32_1i16t1_p16_A1f32_1i16t1_p16_Si32_I1024_I1024_I8_I8
GH200/cutile/batch_normalization/fp32,compute_block_sums_kernel,"TMA[UTMACCTL.PF:939,UTMACMDFLUSH:1252,UTMALDG.2D:40064,UTMASTG.2D:2504]",none,shared+registers,,,launches=1;grid=313;block=256;regs=255;smem_per_block_B=230576;theoretical_occ_pct=12.5;achieved_occ_pct=9.278657588561613,NVIDIA_GH200/batch_normalization/cutile_fp32.ncu-rep: dynamic: sass__inst_executed_per_opcode_with_modifier_all (1/1 launches),high,kernel=compute_block_sums_kernel_Kt1_A2f32_1v4l0_2t1_3i16_p16_A2f32_1v4l0_2i16t1_p16_A2f32_1v4l0_2i16t1_p16_Si32_I1024_I1024_I64_I8
GH200/cutile/batch_normalization/fp32,compute_mean_invstd_kernel,LDG[32b:100%]; STG[32b:100%],none,shared+registers,SHFL.BFLY:57344,,launches=1;grid=1024;block=128;regs=26;smem_per_block_B=1040;theoretical_occ_pct=100.0;achieved_occ_pct=43.257075515431545,NVIDIA_GH200/batch_normalization/cutile_fp32.ncu-rep: dynamic: sass__inst_executed_per_opcode_with_modifier_all (1/1 launches),high,kernel=compute_mean_invstd_kernel_Kt1_A1f32_1i16t1_p16_A1f32_1i16t1_p16_A1f32_1i16t1_p16_A1f32_1i16t1_p16_Si32_Si32_Si32_I512_Sf32
GH200/cutile/batch_normalization/fp32,apply_batch_norm_kernel,LDG[128b:100%]; STG[128b:100%],none,registers,,,launches=1;grid=2500;block=128;regs=62;smem_per_block_B=1024;theoretical_occ_pct=50.0;achieved_occ_pct=42.31525855022768,NVIDIA_GH200/batch_normalization/cutile_fp32.ncu-rep: dynamic: sass__inst_executed_per_opcode_with_modifier_all (1/1 launches),high,kernel=apply_batch_norm_kernel_Kt1_A2f32_1v4l0_2t1_3i16_p16_A1f32_1i16t1_p16_A1f32_1i16t1_p16_A2f32_1v4l0_2t1_3i16_p16_A1f32_1i16t1_p16_A1f32_1i16t1_p16_Si32_I1024_I1024_I8_I8
GH200/tilelang/batch_normalization/bf16,compute_block_sums_kernel_kernel,LDG[64b:100%]; STG[128b:100%],none,registers,PRMT:320000,,launches=1;grid=313;block=128;regs=151;smem_per_block_B=1024;theoretical_occ_pct=18.75;achieved_occ_pct=13.957465224860163,NVIDIA_GH200/batch_normalization/tilelang_bf16.ncu-rep: dynamic: sass__inst_executed_per_opcode_with_modifier_all (1/1 launches),high,
GH200/tilelang/batch_normalization/bf16,compute_mean_invstd_kernel_kernel,LDG[32b:100%]; STG[32b:100%],none,shared+registers,SHFL.BFLY:40960,,launches=1;grid=1024;block=128;regs=19;smem_per_block_B=1536;theoretical_occ_pct=100.0;achieved_occ_pct=43.28120238381415,NVIDIA_GH200/batch_normalization/tilelang_bf16.ncu-rep: dynamic: sass__inst_executed_per_opcode_with_modifier_all (1/1 launches),high,
GH200/tilelang/batch_normalization/bf16,apply_batch_norm_kernel_kernel,"LDG[64b:90%,128b:10%]; STG[64b:100%]",none,registers,PRMT:360000,,launches=1;grid=1250;block=128;regs=93;smem_per_block_B=1024;theoretical_occ_pct=31.25;achieved_occ_pct=26.166906637937508,NVIDIA_GH200/batch_normalization/tilelang_bf16.ncu-rep: dynamic: sass__inst_executed_per_opcode_with_modifier_all (1/1 launches),high,
GH200/tilelang/batch_normalization/fp16,compute_block_sums_kernel_kernel,LDG[64b:100%]; STG[128b:100%],none,registers,,,launches=1;grid=313;block=128;regs=151;smem_per_block_B=1024;theoretical_occ_pct=18.75;achieved_occ_pct=13.750063949168984,NVIDIA_GH200/batch_normalization/tilelang_fp16.ncu-rep: dynamic: sass__inst_executed_per_opcode_with_modifier_all (1/1 launches),high,
GH200/tilelang/batch_normalization/fp16,compute_mean_invstd_kernel_kernel,LDG[32b:100%]; STG[32b:100%],none,shared+registers,SHFL.BFLY:40960,,launches=1;grid=1024;block=128;regs=19;smem_per_block_B=1536;theoretical_occ_pct=100.0;achieved_occ_pct=42.622372668286836,NVIDIA_GH200/batch_normalization/tilelang_fp16.ncu-rep: dynamic: sass__inst_executed_per_opcode_with_modifier_all (1/1 launches),high,
GH200/tilelang/batch_normalization/fp16,apply_batch_norm_kernel_kernel,"LDG[64b:90%,128b:10%]; STG[64b:100%]",none,registers,,,launches=1;grid=1250;block=128;regs=96;smem_per_block_B=1024;theoretical_occ_pct=31.25;achieved_occ_pct=25.935213649624984,NVIDIA_GH200/batch_normalization/tilelang_fp16.ncu-rep: dynamic: sass__inst_executed_per_opcode_with_modifier_all (1/1 launches),high,
GH200/tilelang/batch_normalization/fp32,compute_block_sums_kernel_kernel,LDG[128b:100%]; STG[128b:100%],none,registers,,,launches=1;grid=313;block=128;regs=231;smem_per_block_B=1024;theoretical_occ_pct=12.5;achieved_occ_pct=11.470058232470626,NVIDIA_GH200/batch_normalization/tilelang_fp32.ncu-rep: dynamic: sass__inst_executed_per_opcode_with_modifier_all (1/1 launches),high,
GH200/tilelang/batch_normalization/fp32,compute_mean_invstd_kernel_kernel,LDG[32b:100%]; STG[32b:100%],none,shared+registers,SHFL.BFLY:40960,,launches=1;grid=1024;block=128;regs=19;smem_per_block_B=1536;theoretical_occ_pct=100.0;achieved_occ_pct=42.56720392339572,NVIDIA_GH200/batch_normalization/tilelang_fp32.ncu-rep: dynamic: sass__inst_executed_per_opcode_with_modifier_all (1/1 launches),high,
GH200/tilelang/batch_normalization/fp32,apply_batch_norm_kernel_kernel,LDG[128b:100%]; STG[128b:100%],none,registers,,,launches=1;grid=2500;block=128;regs=108;smem_per_block_B=1024;theoretical_occ_pct=25.0;achieved_occ_pct=20.043155144215728,NVIDIA_GH200/batch_normalization/tilelang_fp32.ncu-rep: dynamic: sass__inst_executed_per_opcode_with_modifier_all (1/1 launches),high,
GH200/triton/batch_normalization/bf16,compute_block_sums_kernel,LDG[128b:100%]; STG[128b:100%],none,shared+registers,PRMT:320512,,launches=1;grid=313;block=128;regs=96;smem_per_block_B=5120;theoretical_occ_pct=31.25;achieved_occ_pct=14.22462449830765,NVIDIA_GH200/batch_normalization/triton_bf16.ncu-rep: dynamic: sass__inst_executed_per_opcode_with_modifier_all (1/1 launches),high,
GH200/triton/batch_normalization/bf16,compute_mean_invstd_kernel,LDG[32b:100%]; STG[32b:100%],none,shared+registers,SHFL.BFLY:57344,,launches=1;grid=1024;block=128;regs=29;smem_per_block_B=1040;theoretical_occ_pct=100.0;achieved_occ_pct=44.61626230149694,NVIDIA_GH200/batch_normalization/triton_bf16.ncu-rep: dynamic: sass__inst_executed_per_opcode_with_modifier_all (1/1 launches),high,
GH200/triton/batch_normalization/bf16,apply_batch_norm_kernel,LDG[128b:100%]; STG[128b:100%],none,registers,PRMT:400000,,launches=1;grid=2500;block=128;regs=68;smem_per_block_B=1024;theoretical_occ_pct=43.75;achieved_occ_pct=33.73279476726535,NVIDIA_GH200/batch_normalization/triton_bf16.ncu-rep: dynamic: sass__inst_executed_per_opcode_with_modifier_all (1/1 launches),high,
GH200/triton/batch_normalization/fp16,compute_block_sums_kernel,LDG[128b:100%]; STG[128b:100%],none,shared+registers,,,launches=1;grid=313;block=128;regs=110;smem_per_block_B=5120;theoretical_occ_pct=25.0;achieved_occ_pct=14.40175279025008,NVIDIA_GH200/batch_normalization/triton_fp16.ncu-rep: dynamic: sass__inst_executed_per_opcode_with_modifier_all (1/1 launches),high,
GH200/triton/batch_normalization/fp16,compute_mean_invstd_kernel,LDG[32b:100%]; STG[32b:100%],none,shared+registers,SHFL.BFLY:57344,,launches=1;grid=1024;block=128;regs=29;smem_per_block_B=1040;theoretical_occ_pct=100.0;achieved_occ_pct=45.15110145934015,NVIDIA_GH200/batch_normalization/triton_fp16.ncu-rep: dynamic: sass__inst_executed_per_opcode_with_modifier_all (1/1 launches),high,
GH200/triton/batch_normalization/fp16,apply_batch_norm_kernel,LDG[128b:100%]; STG[128b:100%],none,registers,,,launches=1;grid=1250;block=128;regs=70;smem_per_block_B=1024;theoretical_occ_pct=43.75;achieved_occ_pct=31.87860087717395,NVIDIA_GH200/batch_normalization/triton_fp16.ncu-rep: dynamic: sass__inst_executed_per_opcode_with_modifier_all (1/1 launches),high,
GH200/triton/batch_normalization/fp32,compute_block_sums_kernel,LDG[128b:100%]; STG[128b:100%],none,registers,,,launches=1;grid=313;block=128;regs=96;smem_per_block_B=1024;theoretical_occ_pct=31.25;achieved_occ_pct=13.983431488206758,NVIDIA_GH200/batch_normalization/triton_fp32.ncu-rep: dynamic: sass__inst_executed_per_opcode_with_modifier_all (1/1 launches),high,
GH200/triton/batch_normalization/fp32,compute_mean_invstd_kernel,LDG[32b:100%]; STG[32b:100%],none,shared+registers,SHFL.BFLY:57344,,launches=1;grid=1024;block=128;regs=29;smem_per_block_B=1040;theoretical_occ_pct=100.0;achieved_occ_pct=44.769477969406395,NVIDIA_GH200/batch_normalization/triton_fp32.ncu-rep: dynamic: sass__inst_executed_per_opcode_with_modifier_all (1/1 launches),high,
GH200/triton/batch_normalization/fp32,apply_batch_norm_kernel,LDG[128b:100%]; STG[128b:100%],none,registers,,,launches=1;grid=2500;block=128;regs=102;smem_per_block_B=1024;theoretical_occ_pct=25.0;achieved_occ_pct=21.002157032348357,NVIDIA_GH200/batch_normalization/triton_fp32.ncu-rep: dynamic: sass__inst_executed_per_opcode_with_modifier_all (1/1 launches),high,
GH200/cutile/batched_matmul/bf16,bmm_kernel,"TMA[UTMACCTL.PF:2400,UTMACMDFLUSH:3200,UTMALDG.3D:48000,UTMASTG.3D:3200]",wgmma[HGMMA.64x128x16.F32.BF16:256000],shared+registers,STSM.16.M88.4:51200,,launches=1;grid=800;block=256;regs=128;smem_per_block_B=115976;theoretical_occ_pct=25.0;achieved_occ_pct=17.64288185015881,NVIDIA_GH200/batched_matmul/cutile_bf16.ncu-rep: dynamic: sass__inst_executed_per_opcode_with_modifier_all (1/1 launches),high,kernel=bmm_kernel_Kt1_A3bf16_3v8l0_4t1_7i16_p16_A3bf16_3v8l0_4t1_7i16_p16_A3bf16_3v8l0_4t1_7i16_p16_I20_I128_I128_I32_I5_I5_I1
GH200/cutile/batched_matmul/fp16,bmm_kernel,"TMA[UTMACCTL.PF:2400,UTMACMDFLUSH:3200,UTMALDG.3D:48000,UTMASTG.3D:3200]",wgmma[HGMMA.64x128x16.F32:256000],shared+registers,STSM.16.M88.4:51200,,launches=1;grid=800;block=256;regs=128;smem_per_block_B=115976;theoretical_occ_pct=25.0;achieved_occ_pct=17.582333876276536,NVIDIA_GH200/batched_matmul/cutile_fp16.ncu-rep: dynamic: sass__inst_executed_per_opcode_with_modifier_all (1/1 launches),high,kernel=bmm_kernel_Kt1_A3f16_3v8l0_4t1_7i16_p16_A3f16_3v8l0_4t1_7i16_p16_A3f16_3v8l0_4t1_7i16_p16_I20_I128_I128_I32_I5_I5_I1
GH200/cutile/batched_matmul/fp32,bmm_kernel,"TMA[UTMACCTL.PF:2400,UTMACMDFLUSH:6400,UTMALDG.3D:64000,UTMASTG.3D:6400]",wgmma[HGMMA.64x128x8.F32.TF32:512000],shared+registers,LDSM.16.M88.4:512000,,launches=1;grid=800;block=256;regs=128;smem_per_block_B=107768;theoretical_occ_pct=25.0;achieved_occ_pct=17.999838527845235,NVIDIA_GH200/batched_matmul/cutile_fp32.ncu-rep: dynamic: sass__inst_executed_per_opcode_with_modifier_all (1/1 launches),high,kernel=bmm_kernel_Kt1_A3f32_3v4l0_4t1_7i16_p16_A3f32_3v4l0_4t1_7i16_p16_A3f32_3v4l0_4t1_7i16_p16_I10_I128_I128_I64_I5_I5_I1
GH200/tilelang/batched_matmul/bf16,bmm_kernel_kernel,cp.async[LDGSTS.E.BYPASS.128:512000]; STG[32b:100%],wgmma[HGMMA.64x128x16.F32.BF16:256000],shared+registers,PRMT:28800,,launches=1;grid=800;block=128;regs=168;smem_per_block_B=66560;theoretical_occ_pct=18.75;achieved_occ_pct=17.164020935429157,NVIDIA_GH200/batched_matmul/tilelang_bf16.ncu-rep: dynamic: sass__inst_executed_per_opcode_with_modifier_all (1/1 launches),high,
GH200/tilelang/batched_matmul/fp16,bmm_kernel_kernel,cp.async[LDGSTS.E.BYPASS.128:512000]; STG[32b:100%],wgmma[HGMMA.64x128x16.F32:256000],shared+registers,PRMT:28800,,launches=1;grid=800;block=128;regs=168;smem_per_block_B=66560;theoretical_occ_pct=18.75;achieved_occ_pct=17.221454705338978,NVIDIA_GH200/batched_matmul/tilelang_fp16.ncu-rep: dynamic: sass__inst_executed_per_opcode_with_modifier_all (1/1 launches),high,
GH200/tilelang/batched_matmul/fp32,bmm_kernel_kernel,cp.async[LDGSTS.E.BYPASS.128:1024000]; STG[64b:100%],legacy_mma[HMMA.1688.F32.TF32:8192000],shared+registers,LDSM.16.M88.4:1024000;PRMT:230400,,launches=1;grid=800;block=128;regs=221;smem_per_block_B=99328;theoretical_occ_pct=12.5;achieved_occ_pct=12.142626407922956,NVIDIA_GH200/batched_matmul/tilelang_fp32.ncu-rep: dynamic: sass__inst_executed_per_opcode_with_modifier_all (1/1 launches),high,
GH200/triton/batched_matmul/bf16,bmm_kernel,"TMA[UTMACMDFLUSH:3200,UTMALDG.3D:147200,UTMASTG.3D:3200]",wgmma[HGMMA.64x128x16.F32.BF16:256000],shared+registers,STSM.16.M88.4:51200,,launches=1;grid=800;block=128;regs=154;smem_per_block_B=66592;theoretical_occ_pct=18.75;achieved_occ_pct=18.18008969051772,NVIDIA_GH200/batched_matmul/triton_bf16.ncu-rep: dynamic: sass__inst_executed_per_opcode_with_modifier_all (1/1 launches),high,
GH200/triton/batched_matmul/fp16,bmm_kernel,"TMA[UTMACMDFLUSH:3200,UTMALDG.3D:147200,UTMASTG.3D:3200]",wgmma[HGMMA.64x128x16.F32:256000],shared+registers,STSM.16.M88.4:51200,,launches=1;grid=800;block=128;regs=154;smem_per_block_B=66592;theoretical_occ_pct=18.75;achieved_occ_pct=18.16092956813605,NVIDIA_GH200/batched_matmul/triton_fp16.ncu-rep: dynamic: sass__inst_executed_per_opcode_with_modifier_all (1/1 launches),high,
GH200/triton/batched_matmul/fp32,bmm_kernel,"TMA[UTMACMDFLUSH:6400,UTMALDG.3D:294400,UTMASTG.3D:6400]",wgmma[HGMMA.64x128x8.F32.TF32:512000],shared+registers,,,launches=1;grid=1600;block=128;regs=90;smem_per_block_B=99360;theoretical_occ_pct=12.5;achieved_occ_pct=12.30340353256967,NVIDIA_GH200/batched_matmul/triton_fp32.ncu-rep: dynamic: sass__inst_executed_per_opcode_with_modifier_all (1/1 launches),high,
GH200/cutile/bitonic_sort/fp16,pad_kernel,LDG[64b:100%]; STG[64b:100%],none,registers,,,launches=1;grid=32768;block=128;regs=16;smem_per_block_B=1024;theoretical_occ_pct=100.0;achieved_occ_pct=54.309552814085635,NVIDIA_GH200/bitonic_sort/cutile_fp16.ncu-rep: dynamic: sass__inst_executed_per_opcode_with_modifier_all (1/1 launches),high,kernel=pad_kernel_Kt1_A1f16_1i16t1_p16_A1f16_1i16t1_p16_Si32_Si32_I512
GH200/cutile/bitonic_sort/fp16,bitonic_step_kernel,"LDG[16b:80%,64b:20%]; STG[16b:100%]",none,shared+registers,PRMT:471859200,,launches=300;grid=32768;block=128;regs=32;smem_per_block_B=4096;theoretical_occ_pct=100.0;achieved_occ_pct=91.87274440133105,NVIDIA_GH200/bitonic_sort/cutile_fp16.ncu-rep: dynamic: sass__inst_executed_per_opcode_with_modifier_all (300/300 launches),high,kernel=bitonic_step_kernel_Kt1_A1f16_1i16t1_p16_Si32_Si32_Si32_I512
GH200/cutile/bitonic_sort/fp32,pad_kernel,LDG[128b:100%]; STG[128b:100%],none,registers,,,launches=1;grid=32768;block=128;regs=16;smem_per_block_B=1024;theoretical_occ_pct=100.0;achieved_occ_pct=72.73638473957091,NVIDIA_GH200/bitonic_sort/cutile_fp32.ncu-rep: dynamic: sass__inst_executed_per_opcode_with_modifier_all (1/1 launches),high,kernel=pad_kernel_Kt1_A1f32_1i16t1_p16_A1f32_1i16t1_p16_Si32_Si32_I512
GH200/cutile/bitonic_sort/fp32,bitonic_step_kernel,"LDG[32b:80%,128b:20%]; STG[32b:100%]",none,shared+registers,LDSM.16.M88.4:78643200;STSM.16.M88.2:78643200,,launches=300;grid=32768;block=128;regs=32;smem_per_block_B=7168;theoretical_occ_pct=100.0;achieved_occ_pct=94.73809697372741,NVIDIA_GH200/bitonic_sort/cutile_fp32.ncu-rep: dynamic: sass__inst_executed_per_opcode_with_modifier_all (300/300 launches),high,kernel=bitonic_step_kernel_Kt1_A1f32_1i16t1_p16_Si32_Si32_Si32_I512
GH200/tilelang/bitonic_sort/fp16,pad_kernel_kernel,LDG[64b:100%]; STG[64b:100%],none,registers,,,launches=1;grid=32768;block=128;regs=16;smem_per_block_B=1024;theoretical_occ_pct=100.0;achieved_occ_pct=50.37961200372606,NVIDIA_GH200/bitonic_sort/tilelang_fp16.ncu-rep: dynamic: sass__inst_executed_per_opcode_with_modifier_all (1/1 launches),high,
GH200/tilelang/bitonic_sort/fp16,main_kernel,LDG[16b:100%]; STG[16b:100%],none,registers,PRMT:422051840,,launches=300;grid=32768;block=128;regs=22;smem_per_block_B=1024;theoretical_occ_pct=100.0;achieved_occ_pct=87.99419914152658,NVIDIA_GH200/bitonic_sort/tilelang_fp16.ncu-rep: dynamic: sass__inst_executed_per_opcode_with_modifier_all (300/300 launches),high,
GH200/tilelang/bitonic_sort/fp32,pad_kernel_kernel,LDG[128b:100%]; STG[128b:100%],none,registers,,,launches=1;grid=32768;block=128;regs=16;smem_per_block_B=1024;theoretical_occ_pct=100.0;achieved_occ_pct=69.63101670045569,NVIDIA_GH200/bitonic_sort/tilelang_fp32.ncu-rep: dynamic: sass__inst_executed_per_opcode_with_modifier_all (1/1 launches),high,
GH200/tilelang/bitonic_sort/fp32,main_kernel,LDG[32b:100%]; STG[32b:100%],none,registers,,,launches=300;grid=32768;block=128;regs=25;smem_per_block_B=1024;theoretical_occ_pct=100.0;achieved_occ_pct=87.39590720663891,NVIDIA_GH200/bitonic_sort/tilelang_fp32.ncu-rep: dynamic: sass__inst_executed_per_opcode_with_modifier_all (300/300 launches),high,
GH200/triton/bitonic_sort/fp16,pad_kernel,LDG[128b:100%]; STG[128b:100%],none,registers,,,launches=1;grid=16384;block=128;regs=16;smem_per_block_B=1024;theoretical_occ_pct=100.0;achieved_occ_pct=77.30536468489704,NVIDIA_GH200/bitonic_sort/triton_fp16.ncu-rep: dynamic: sass__inst_executed_per_opcode_with_modifier_all (1/1 launches),high,
GH200/triton/bitonic_sort/fp16,bitonic_step_kernel,static_sites:LDG[16b:100%]; STG[16b:100%],static_sites:none,shared+registers,PRMT:6,,launches=300;grid=16384;block=256;regs=30;smem_per_block_B=3072;theoretical_occ_pct=100.0;achieved_occ_pct=89.57303260902462,NVIDIA_GH200/bitonic_sort/triton_fp16.ncu-rep: static SASS (ncu --import --page source --print-source sass --csv); counts are static instruction sites,medium,
GH200/triton/bitonic_sort/fp32,pad_kernel,LDG[128b:100%]; STG[128b:100%],none,registers,,,launches=1;grid=16384;block=128;regs=18;smem_per_block_B=1024;theoretical_occ_pct=100.0;achieved_occ_pct=83.14735083382404,NVIDIA_GH200/bitonic_sort/triton_fp32.ncu-rep: dynamic: sass__inst_executed_per_opcode_with_modifier_all (1/1 launches),high,
GH200/triton/bitonic_sort/fp32,bitonic_step_kernel,static_sites:LDG[32b:100%]; STG[32b:100%],static_sites:none,shared+registers,,,launches=300;grid=32768;block=256;regs=22;smem_per_block_B=3072;theoretical_occ_pct=100.0;achieved_occ_pct=90.22462600528875,NVIDIA_GH200/bitonic_sort/triton_fp32.ncu-rep: static SASS (ncu --import --page source --print-source sass --csv); counts are static instruction sites,medium,
GH200/cutile/block_sparse_attention/fp16,block_sparse_attention_kernel,"TMA[UTMACCTL.PF:10240,UTMACMDFLUSH:5120,UTMALDG.4D:35648,UTMASTG.4D:5120]; LDG[32b:100%]",wgmma[HGMMA.64x64x16.F32:488448],shared+local(LDL/STL)+registers,PRMT:624640;SHFL.BFLY:244224,,launches=1;grid=2560;block=256;regs=64;smem_per_block_B=50272;theoretical_occ_pct=50.0;achieved_occ_pct=35.27501694821702,NVIDIA_GH200/block_sparse_attention/cutile_fp16.ncu-rep: dynamic: sass__inst_executed_per_opcode_with_modifier_all (1/1 launches),high,kernel=block_sparse_attention_kernel_Kt1_A4f16_7v8l0_8t1_ci16_p16_A4f16_7v8l0_8t1_ci16_p16_A4f16_7v8l0_8t1_ci16_p16_A4f16_7v8l0_8t1_ci16_p16_A1i32_1t1_p16_A1i32_1i16t1_p16_I161_I25600_I1_F3fb6a09e667f3bcc_I8_I2_I10240_I64_I64_I64_I2
GH200/tilelang/block_sparse_attention/fp16,main_kernel,"TMA[UTMACCTL.PF:2560,UTMACMDFLUSH:5120,UTMASTG.4D:5120]; LDG[32b:15%,128b:85%]",wgmma[HGMMA.64x32x16.F32:976896],shared+registers,PRMT:305280;SHFL.BFLY:488448;SHFL.IDX:61440;STSM.16.M88.4:204032,,launches=1;grid=2560;block=256;regs=113;smem_per_block_B=60416;theoretical_occ_pct=25.0;achieved_occ_pct=23.866345610250644,NVIDIA_GH200/block_sparse_attention/tilelang_fp16.ncu-rep: dynamic: sass__inst_executed_per_opcode_with_modifier_all (1/1 launches),high,
GH200/triton/block_sparse_attention/fp16,block_sparse_attention_kernel,"TMA[UTMACMDFLUSH:10240,UTMALDG.4D:91776,UTMASTG.4D:10240]; LDG[32b:100%]",legacy_mma[HMMA.16816.F32:3907584],shared+local(LDL/STL)+registers,LDSM.16.M88.4:732672;LDSM.16.MT88.4:488448;SHFL.BFLY:244224;STSM.16.M88.4:81920,,launches=1;grid=2560;block=64;regs=255;smem_per_block_B=50232;theoretical_occ_pct=12.5;achieved_occ_pct=11.802134398181414,NVIDIA_GH200/block_sparse_attention/triton_fp16.ncu-rep: dynamic: sass__inst_executed_per_opcode_with_modifier_all (1/1 launches),high,
GH200/cutile/cross_entropy/fp16,cross_entropy_kernel,"LDG[16b:33%,64b:67%]; STG[16b:100%]",none,shared+registers,SHFL.BFLY:491520,ATOMS.MAX:40960,launches=1;grid=10240;block=128;regs=20;smem_per_block_B=1040;theoretical_occ_pct=100.0;achieved_occ_pct=89.183007651455,NVIDIA_GH200/cross_entropy/cutile_fp16.ncu-rep: dynamic: sass__inst_executed_per_opcode_with_modifier_all (1/1 launches),high,kernel=cross_entropy_kernel_Kt1_A2f16_1v8l0_2t1_3i16_p16_A1i64_1i16t1_p16_A1f16_1i16t1_p16_Si32_I512
GH200/cutile/cross_entropy/fp32,cross_entropy_kernel,"LDG[32b:33%,64b:33%,128b:33%]; STG[32b:100%]",none,shared+registers,SHFL.BFLY:491520,ATOMS.MAX:40960,launches=1;grid=10240;block=128;regs=22;smem_per_block_B=1040;theoretical_occ_pct=100.0;achieved_occ_pct=87.7837401226061,NVIDIA_GH200/cross_entropy/cutile_fp32.ncu-rep: dynamic: sass__inst_executed_per_opcode_with_modifier_all (1/1 launches),high,kernel=cross_entropy_kernel_Kt1_A2f32_1v4l0_2t1_3i16_p16_A1i64_1i16t1_p16_A1f32_1i16t1_p16_Si32_I512
GH200/tilelang/cross_entropy/fp16,cross_entropy_kernel_kernel,"LDG[16b:33%,32b:33%,128b:33%]; STG[16b:100%]",none,shared+registers,PRMT:20480;SHFL.BFLY:204800,,launches=1;grid=10240;block=64;regs=32;smem_per_block_B=1280;theoretical_occ_pct=65.625;achieved_occ_pct=50.57546998177909,NVIDIA_GH200/cross_entropy/tilelang_fp16.ncu-rep: dynamic: sass__inst_executed_per_opcode_with_modifier_all (1/1 launches),high,
GH200/tilelang/cross_entropy/fp32,cross_entropy_kernel_kernel,"LDG[32b:50%,128b:50%]; STG[32b:100%]",none,shared+registers,SHFL.BFLY:204800,,launches=1;grid=10240;block=64;regs=32;smem_per_block_B=1280;theoretical_occ_pct=65.625;achieved_occ_pct=54.241837406410255,NVIDIA_GH200/cross_entropy/tilelang_fp32.ncu-rep: dynamic: sass__inst_executed_per_opcode_with_modifier_all (1/1 launches),high,
GH200/triton/cross_entropy/fp16,cross_entropy_kernel,"LDG[16b:33%,32b:33%,128b:33%]; STG[16b:100%]",none,shared+registers,SHFL.BFLY:245760,,launches=1;grid=10240;block=64;regs=22;smem_per_block_B=1032;theoretical_occ_pct=100.0;achieved_occ_pct=68.90082756547199,NVIDIA_GH200/cross_entropy/triton_fp16.ncu-rep: dynamic: sass__inst_executed_per_opcode_with_modifier_all (1/1 launches),high,
GH200/triton/cross_entropy/fp32,cross_entropy_kernel,"LDG[32b:33%,128b:67%]; STG[32b:100%]",none,registers,SHFL.BFLY:102400,,launches=1;grid=10240;block=32;regs=28;smem_per_block_B=1024;theoretical_occ_pct=50.0;achieved_occ_pct=36.34793188749557,NVIDIA_GH200/cross_entropy/triton_fp32.ncu-rep: dynamic: sass__inst_executed_per_opcode_with_modifier_all (1/1 launches),high,
GH200/cutile/dequantize_rowwise/int8,dequantize_rowwise_kernel,"LDG[32b:50%,64b:50%]; STG[128b:100%]",none,registers,PRMT:786432,,launches=1;grid=32768;block=128;regs=22;smem_per_block_B=1024;theoretical_occ_pct=100.0;achieved_occ_pct=82.16248991379899,NVIDIA_GH200/dequantize_rowwise/cutile_int8.ncu-rep: dynamic: sass__inst_executed_per_opcode_with_modifier_all (1/1 launches),high,kernel=dequantize_rowwise_kernel_Kt1_A2i8_1v16l0_2t1_3i16_p16_A1f32_1i16t1_p16_A2f16_1v8l0_2t1_3i16_p16_I8192_I1024
GH200/tilelang/dequantize_rowwise/int8,dequantize_rowwise_kernel_kernel,"LDG[32b:50%,64b:50%]; STG[32b:100%]",none,registers,PRMT:1048576,,launches=1;grid=32768;block=128;regs=22;smem_per_block_B=1024;theoretical_occ_pct=100.0;achieved_occ_pct=77.11862228597374,NVIDIA_GH200/dequantize_rowwise/tilelang_int8.ncu-rep: dynamic: sass__inst_executed_per_opcode_with_modifier_all (1/1 launches),high,
GH200/triton/dequantize_rowwise/int8,dequantize_rowwise_kernel,"LDG[32b:50%,128b:50%]; STG[128b:100%]",none,shared+registers,PRMT:786432,,launches=1;grid=32768;block=64;regs=32;smem_per_block_B=3072;theoretical_occ_pct=100.0;achieved_occ_pct=84.02459368986904,NVIDIA_GH200/dequantize_rowwise/triton_int8.ncu-rep: dynamic: sass__inst_executed_per_opcode_with_modifier_all (1/1 launches),high,
GH200/cutile/destindex/bf16,copy_by_dest_kernel,"LDG[32b:89%,128b:11%]; STG[16b:100%]",none,shared+registers,,,launches=1;grid=61440;block=128;regs=19;smem_per_block_B=3072;theoretical_occ_pct=100.0;achieved_occ_pct=95.31933989723737,NVIDIA_GH200/destindex/cutile_bf16.ncu-rep: dynamic: sass__inst_executed_per_opcode_with_modifier_all (1/1 launches),high,kernel=copy_by_dest_kernel_Kt1_A1bf16_1i16t1_p16_A1i64_1i16t1_p16_A1bf16_1i16t1_p16_I12_I128_I1024
GH200/cutile/destindex/bf16,copy_by_dest_kernel,"LDG[32b:80%,64b:20%]; STG[16b:100%]",none,shared+registers,,,launches=1;grid=5120;block=128;regs=24;smem_per_block_B=2048;theoretical_occ_pct=100.0;achieved_occ_pct=81.48121271176817,NVIDIA_GH200/destindex/cutile_bf16.ncu-rep: dynamic: sass__inst_executed_per_opcode_with_modifier_all (1/1 launches),high,kernel=copy_by_dest_kernel_Kt1_A1bf16_1i16t1_p16_A1i64_1i16t1_p16_A1bf16_1i16t1_p16_I1_I64_I512
GH200/cutile/destindex/fp16,copy_by_dest_kernel,"LDG[32b:89%,128b:11%]; STG[16b:100%]",none,shared+registers,,,launches=1;grid=61440;block=128;regs=19;smem_per_block_B=3072;theoretical_occ_pct=100.0;achieved_occ_pct=95.27986992006991,NVIDIA_GH200/destindex/cutile_fp16.ncu-rep: dynamic: sass__inst_executed_per_opcode_with_modifier_all (1/1 launches),high,kernel=copy_by_dest_kernel_Kt1_A1f16_1i16t1_p16_A1i64_1i16t1_p16_A1f16_1i16t1_p16_I12_I128_I1024
GH200/cutile/destindex/fp16,copy_by_dest_kernel,"LDG[32b:80%,64b:20%]; STG[16b:100%]",none,shared+registers,,,launches=1;grid=5120;block=128;regs=24;smem_per_block_B=2048;theoretical_occ_pct=100.0;achieved_occ_pct=81.5141541666599,NVIDIA_GH200/destindex/cutile_fp16.ncu-rep: dynamic: sass__inst_executed_per_opcode_with_modifier_all (1/1 launches),high,kernel=copy_by_dest_kernel_Kt1_A1f16_1i16t1_p16_A1i64_1i16t1_p16_A1f16_1i16t1_p16_I1_I64_I512
GH200/cutile/destindex/fp32,copy_by_dest_kernel,"LDG[32b:80%,128b:20%]; STG[32b:100%]",none,shared+registers,LDSM.16.M88.4:491520,,launches=1;grid=122880;block=128;regs=32;smem_per_block_B=3072;theoretical_occ_pct=100.0;achieved_occ_pct=93.71198350757098,NVIDIA_GH200/destindex/cutile_fp32.ncu-rep: dynamic: sass__inst_executed_per_opcode_with_modifier_all (1/1 launches),high,kernel=copy_by_dest_kernel_Kt1_A1f32_1i16t1_p16_A1i64_1i16t1_p16_A1f32_1i16t1_p16_I12_I128_I512
GH200/cutile/destindex/fp32,copy_by_dest_kernel,"LDG[32b:80%,128b:20%]; STG[32b:100%]",none,shared+registers,LDSM.16.M88.4:20480,,launches=1;grid=5120;block=128;regs=25;smem_per_block_B=3072;theoretical_occ_pct=100.0;achieved_occ_pct=79.32671173850706,NVIDIA_GH200/destindex/cutile_fp32.ncu-rep: dynamic: sass__inst_executed_per_opcode_with_modifier_all (1/1 launches),high,kernel=copy_by_dest_kernel_Kt1_A1f32_1i16t1_p16_A1i64_1i16t1_p16_A1f32_1i16t1_p16_I1_I64_I512
GH200/cutile/destindex/int8,copy_by_dest_kernel,"LDG[32b:89%,64b:11%]; STG[8b:100%]",none,shared+registers,,,launches=1;grid=61440;block=128;regs=18;smem_per_block_B=2048;theoretical_occ_pct=100.0;achieved_occ_pct=95.14867422392234,NVIDIA_GH200/destindex/cutile_int8.ncu-rep: dynamic: sass__inst_executed_per_opcode_with_modifier_all (1/1 launches),high,kernel=copy_by_dest_kernel_Kt1_A1i8_1i16t1_p16_A1i64_1i16t1_p16_A1i8_1i16t1_p16_I12_I128_I1024
GH200/cutile/destindex/int8,copy_by_dest_kernel,"LDG[32b:89%,64b:11%]; STG[8b:100%]",none,shared+registers,,,launches=1;grid=2560;block=128;regs=32;smem_per_block_B=2048;theoretical_occ_pct=100.0;achieved_occ_pct=68.9877836489098,NVIDIA_GH200/destindex/cutile_int8.ncu-rep: dynamic: sass__inst_executed_per_opcode_with_modifier_all (1/1 launches),high,kernel=copy_by_dest_kernel_Kt1_A1i8_1i16t1_p16_A1i64_1i16t1_p16_A1i8_1i16t1_p16_I1_I64_I1024
GH200/tilelang/destindex/bf16,copy_by_dest_kernel_kernel,LDG[32b:100%]; STG[32b:100%],none,registers,,,launches=2;grid=61440;block=64;regs=27;smem_per_block_B=1024;theoretical_occ_pct=100.0;achieved_occ_pct=90.96272230231229,NVIDIA_GH200/destindex/tilelang_bf16.ncu-rep: dynamic: sass__inst_executed_per_opcode_with_modifier_all (2/2 launches),high,
GH200/tilelang/destindex/fp16,copy_by_dest_kernel_kernel,LDG[32b:100%]; STG[32b:100%],none,registers,,,launches=2;grid=61440;block=64;regs=27;smem_per_block_B=1024;theoretical_occ_pct=100.0;achieved_occ_pct=91.02013112364202,NVIDIA_GH200/destindex/tilelang_fp16.ncu-rep: dynamic: sass__inst_executed_per_opcode_with_modifier_all (2/2 launches),high,
GH200/tilelang/destindex/fp32,copy_by_dest_kernel_kernel,"LDG[32b:22%,64b:78%]; STG[64b:100%]",none,registers,,,launches=2;grid=122880;block=64;regs=19;smem_per_block_B=1024;theoretical_occ_pct=100.0;achieved_occ_pct=87.0131198609649,NVIDIA_GH200/destindex/tilelang_fp32.ncu-rep: dynamic: sass__inst_executed_per_opcode_with_modifier_all (2/2 launches),high,
GH200/tilelang/destindex/int8,copy_by_dest_kernel_kernel,"LDG[16b:78%,32b:22%]; STG[16b:100%]",none,registers,,,launches=2;grid=61440;block=64;regs=24;smem_per_block_B=1024;theoretical_occ_pct=100.0;achieved_occ_pct=87.48063396301676,NVIDIA_GH200/destindex/tilelang_int8.ncu-rep: dynamic: sass__inst_executed_per_opcode_with_modifier_all (2/2 launches),high,
GH200/triton/destindex/bf16,copy_by_dest_kernel,"LDG[32b:50%,128b:50%]; STG[128b:100%]",none,registers,,,launches=2;grid=122880;block=64;regs=16;smem_per_block_B=1024;theoretical_occ_pct=100.0;achieved_occ_pct=65.01111459916693,NVIDIA_GH200/destindex/triton_bf16.ncu-rep: dynamic: sass__inst_executed_per_opcode_with_modifier_all (2/2 launches),high,
GH200/triton/destindex/fp16,copy_by_dest_kernel,"LDG[32b:50%,128b:50%]; STG[128b:100%]",none,registers,,,launches=2;grid=122880;block=64;regs=16;smem_per_block_B=1024;theoretical_occ_pct=100.0;achieved_occ_pct=62.31621994448939,NVIDIA_GH200/destindex/triton_fp16.ncu-rep: dynamic: sass__inst_executed_per_opcode_with_modifier_all (2/2 launches),high,
GH200/triton/destindex/fp32,copy_by_dest_kernel,"LDG[32b:50%,128b:50%]; STG[128b:100%]",none,registers,,,launches=2;grid=61440;block=64;regs=32;smem_per_block_B=1024;theoretical_occ_pct=100.0;achieved_occ_pct=83.77836333697297,NVIDIA_GH200/destindex/triton_fp32.ncu-rep: dynamic: sass__inst_executed_per_opcode_with_modifier_all (2/2 launches),high,
GH200/triton/destindex/int8,copy_by_dest_kernel,"LDG[32b:50%,128b:50%]; STG[128b:100%]",none,registers,,,launches=2;grid=61440;block=64;regs=16;smem_per_block_B=1024;theoretical_occ_pct=100.0;achieved_occ_pct=65.14375864251622,NVIDIA_GH200/destindex/triton_int8.ncu-rep: dynamic: sass__inst_executed_per_opcode_with_modifier_all (2/2 launches),high,
GH200/cutile/dropout/bf16,dropout_kernel,LDG[128b:100%]; STG[128b:100%],none,registers,PRMT:655360,,launches=1;grid=20480;block=128;regs=26;smem_per_block_B=1024;theoretical_occ_pct=100.0;achieved_occ_pct=85.56130085954625,NVIDIA_GH200/dropout/cutile_bf16.ncu-rep: dynamic: sass__inst_executed_per_opcode_with_modifier_all (1/1 launches),high,kernel=dropout_kernel_Kt1_A1bf16_1i16t1_p16_A1bf16_1i16t1_p16_A1bf16_1i16t1_p16_Sf32_I1024
GH200/cutile/dropout/fp16,dropout_kernel,LDG[128b:100%]; STG[128b:100%],none,registers,,,launches=1;grid=20480;block=128;regs=26;smem_per_block_B=1024;theoretical_occ_pct=100.0;achieved_occ_pct=85.07005376359182,NVIDIA_GH200/dropout/cutile_fp16.ncu-rep: dynamic: sass__inst_executed_per_opcode_with_modifier_all (1/1 launches),high,kernel=dropout_kernel_Kt1_A1f16_1i16t1_p16_A1f16_1i16t1_p16_A1f16_1i16t1_p16_Sf32_I1024
GH200/cutile/dropout/fp32,dropout_kernel,LDG[128b:100%]; STG[128b:100%],none,registers,,,launches=1;grid=40960;block=128;regs=18;smem_per_block_B=1024;theoretical_occ_pct=100.0;achieved_occ_pct=85.64542261493688,NVIDIA_GH200/dropout/cutile_fp32.ncu-rep: dynamic: sass__inst_executed_per_opcode_with_modifier_all (1/1 launches),high,kernel=dropout_kernel_Kt1_A1f32_1i16t1_p16_A1f32_1i16t1_p16_A1f32_1i16t1_p16_Sf32_I512
GH200/tilelang/dropout/bf16,dropout_kernel_kernel,LDG[128b:100%]; STG[128b:100%],none,registers,PRMT:983040,,launches=1;grid=10240;block=64;regs=39;smem_per_block_B=1024;theoretical_occ_pct=75.0;achieved_occ_pct=62.495743294093266,NVIDIA_GH200/dropout/tilelang_bf16.ncu-rep: dynamic: sass__inst_executed_per_opcode_with_modifier_all (1/1 launches),high,
GH200/tilelang/dropout/fp16,dropout_kernel_kernel,LDG[128b:100%]; STG[128b:100%],none,registers,PRMT:983040,,launches=1;grid=20480;block=64;regs=24;smem_per_block_B=1024;theoretical_occ_pct=100.0;achieved_occ_pct=82.55435636207129,NVIDIA_GH200/dropout/tilelang_fp16.ncu-rep: dynamic: sass__inst_executed_per_opcode_with_modifier_all (1/1 launches),high,
GH200/tilelang/dropout/fp32,dropout_kernel_kernel,LDG[128b:100%]; STG[128b:100%],none,registers,,,launches=1;grid=20480;block=256;regs=18;smem_per_block_B=1024;theoretical_occ_pct=100.0;achieved_occ_pct=80.51525597662294,NVIDIA_GH200/dropout/tilelang_fp32.ncu-rep: dynamic: sass__inst_executed_per_opcode_with_modifier_all (1/1 launches),high,
GH200/triton/dropout/bf16,dropout_kernel,LDG[128b:100%]; STG[128b:100%],none,registers,PRMT:1105920,,launches=1;grid=20480;block=64;regs=32;smem_per_block_B=1024;theoretical_occ_pct=100.0;achieved_occ_pct=86.18978607180343,NVIDIA_GH200/dropout/triton_bf16.ncu-rep: dynamic: sass__inst_executed_per_opcode_with_modifier_all (1/1 launches),high,
GH200/triton/dropout/fp16,dropout_kernel,LDG[128b:100%]; STG[128b:100%],none,registers,PRMT:819200,,launches=1;grid=10240;block=256;regs=20;smem_per_block_B=1024;theoretical_occ_pct=100.0;achieved_occ_pct=78.72421862068032,NVIDIA_GH200/dropout/triton_fp16.ncu-rep: dynamic: sass__inst_executed_per_opcode_with_modifier_all (1/1 launches),high,
GH200/triton/dropout/fp32,dropout_kernel,LDG[128b:100%]; STG[128b:100%],none,registers,,,launches=1;grid=40960;block=128;regs=20;smem_per_block_B=1024;theoretical_occ_pct=100.0;achieved_occ_pct=85.45556983723,NVIDIA_GH200/dropout/triton_fp32.ncu-rep: dynamic: sass__inst_executed_per_opcode_with_modifier_all (1/1 launches),high,
GH200/cutile/flash_attention/fp16,fwd_kernel,"TMA[UTMACCTL.PF:163840,UTMACMDFLUSH:81920,UTMALDG.4D:26378240,UTMASTG.4D:81920]","wgmma[HGMMA.64x128x16.F32:105185280,HGMMA.64x64x16.F32:210370560]",shared+registers,SHFL.BFLY:210370560;STSM.16.M88.4:1310720,,launches=1;grid=40960;block=256;regs=128;smem_per_block_B=115856;theoretical_occ_pct=25.0;achieved_occ_pct=18.66214072285077,NVIDIA_GH200/flash_attention/cutile_fp16.ncu-rep: dynamic: sass__inst_executed_per_opcode_with_modifier_all (1/1 launches),high,kernel=fwd_kernel_Kt1_A4f16_7v8l0_8t1_ei16_p16_A4f16_7v8l0_8t1_ei16_p16_A4f16_7v8l0_8t1_ei16_p16_A4f16_7v8l0_8t1_ei16_p16_Sf32_Si32_I128_I32_I64_I64_I1_B1_B1
GH200/tilelang/flash_attention/fp16,main_kernel,LDG[128b:100%]; STG[32b:100%],wgmma[HGMMA.64x128x16.F32:211025920],shared+registers,SHFL.BFLY:105512960;STSM.16.M88.4:105512960,,launches=1;grid=40960;block=128;regs=254;smem_per_block_B=99328;theoretical_occ_pct=12.5;achieved_occ_pct=12.474357355039437,NVIDIA_GH200/flash_attention/tilelang_fp16.ncu-rep: dynamic: sass__inst_executed_per_opcode_with_modifier_all (1/1 launches),high,
GH200/triton/flash_attention/fp16,fwd_kernel,"TMA[UTMACMDFLUSH:163840,UTMALDG.4D:53248000,UTMASTG.4D:163840]","wgmma[HGMMA.64x128x16.F32:105512960,HGMMA.64x64x16.F32:211025920]",shared+registers,LDSM.16.M88.4:211025920;SHFL.BFLY:211025920;STSM.16.M88.4:1310720,,launches=1;grid=20480;block=256;regs=128;smem_per_block_B=99360;theoretical_occ_pct=25.0;achieved_occ_pct=24.912981353071697,NVIDIA_GH200/flash_attention/triton_fp16.ncu-rep: dynamic: sass__inst_executed_per_opcode_with_modifier_all (1/1 launches),high,
GH200/cutile/flash_decode/fp32,fwd_kernel_flash_decode_stage2,LDG[32b:100%]; STG[32b:100%],none,registers,,,launches=1;grid=16;block=128;regs=55;smem_per_block_B=1024;theoretical_occ_pct=56.25;achieved_occ_pct=6.241731661122588,NVIDIA_GH200/flash_decode/cutile_fp32.ncu-rep: dynamic: sass__inst_executed_per_opcode_with_modifier_all (1/1 launches),high,kernel=fwd_kernel_flash_decode_stage2_Kt1_A4f32_7v4l0_8t1_ci16_p16_A3f32_3v4l0_4i16t1_p16_A1i32_1t1_p16_A4f32_7v4l0_8i16t1_p16_I128_I128_I320
GH200/tilelang/flash_decode/fp32,flash_decode_stage2_kernel_kernel,"LDG[32b:50%,64b:50%]; STG[64b:100%]",none,registers,,,launches=1;grid=16;block=64;regs=39;smem_per_block_B=1024;theoretical_occ_pct=75.0;achieved_occ_pct=3.1186575020347247,NVIDIA_GH200/flash_decode/tilelang_fp32.ncu-rep: dynamic: sass__inst_executed_per_opcode_with_modifier_all (1/1 launches),high,
GH200/triton/flash_decode/fp32,fwd_kernel_flash_decode_stage2,LDG[32b:100%]; STG[32b:100%],none,registers,,,launches=1;grid=16;block=128;regs=32;smem_per_block_B=1024;theoretical_occ_pct=100.0;achieved_occ_pct=6.233212627783331,NVIDIA_GH200/flash_decode/triton_fp32.ncu-rep: dynamic: sass__inst_executed_per_opcode_with_modifier_all (1/1 launches),high,
GH200/cutile/fused_activation/fp32,fused_activation_kernel,LDG[128b:100%]; STG[128b:100%],none,registers,,,launches=1;grid=20480;block=128;regs=40;smem_per_block_B=1024;theoretical_occ_pct=75.0;achieved_occ_pct=66.32337433874575,NVIDIA_GH200/fused_activation/cutile_fp32.ncu-rep: dynamic: sass__inst_executed_per_opcode_with_modifier_all (1/1 launches),high,kernel=fused_activation_kernel_Kt1_A1f32_1i16t1_p16_A1f32_1i16t1_p16_A1f32_1i16t1_p16_A1f32_1i16t1_p16_I1024
GH200/tilelang/fused_activation/fp32,fused_activation_kernel_kernel,LDG[128b:100%]; STG[128b:100%],none,registers,,,launches=1;grid=20480;block=128;regs=38;smem_per_block_B=1024;theoretical_occ_pct=75.0;achieved_occ_pct=66.01986482140661,NVIDIA_GH200/fused_activation/tilelang_fp32.ncu-rep: dynamic: sass__inst_executed_per_opcode_with_modifier_all (1/1 launches),high,
GH200/triton/fused_activation/fp32,fused_activation_kernel,LDG[128b:100%]; STG[128b:100%],none,registers,,,launches=1;grid=20480;block=64;regs=35;smem_per_block_B=1024;theoretical_occ_pct=75.0;achieved_occ_pct=68.45472239202593,NVIDIA_GH200/fused_activation/triton_fp32.ncu-rep: dynamic: sass__inst_executed_per_opcode_with_modifier_all (1/1 launches),high,
GH200/cutile/gaussian_blur/fp16,gaussian_blur_kernel,LDG[16b:100%]; STG[64b:100%],none,shared+registers,PRMT:1638400,,launches=1;grid=204800;block=128;regs=54;smem_per_block_B=2048;theoretical_occ_pct=56.25;achieved_occ_pct=55.58414517620122,NVIDIA_GH200/gaussian_blur/cutile_fp16.ncu-rep: dynamic: sass__inst_executed_per_opcode_with_modifier_all (1/1 launches),high,kernel=gaussian_blur_kernel_Kt1_A2f16_1v8l0_2t1_3i16_p16_A1f16_1t1_p16_A2f16_1v8l0_2t1_3i16_p16_I7_I7_I4_I128
GH200/cutile/gaussian_blur/fp32,gaussian_blur_kernel,LDG[32b:100%]; STG[128b:100%],none,shared+registers,STSM.16.M88.2:1638400,,launches=1;grid=204800;block=128;regs=68;smem_per_block_B=3072;theoretical_occ_pct=43.75;achieved_occ_pct=42.80596426081146,NVIDIA_GH200/gaussian_blur/cutile_fp32.ncu-rep: dynamic: sass__inst_executed_per_opcode_with_modifier_all (1/1 launches),high,kernel=gaussian_blur_kernel_Kt1_A2f32_1v4l0_2t1_3i16_p16_A1f32_1t1_p16_A2f32_1v4l0_2t1_3i16_p16_I7_I7_I4_I128
GH200/tilelang/gaussian_blur/fp16,gaussian_blur_kernel_kernel,LDG[16b:100%]; STG[16b:100%],none,registers,PRMT:1638400,,launches=1;grid=204800;block=128;regs=52;smem_per_block_B=1024;theoretical_occ_pct=56.25;achieved_occ_pct=52.51901642222207,NVIDIA_GH200/gaussian_blur/tilelang_fp16.ncu-rep: dynamic: sass__inst_executed_per_opcode_with_modifier_all (1/1 launches),high,
GH200/tilelang/gaussian_blur/fp32,gaussian_blur_kernel_kernel,LDG[32b:100%]; STG[32b:100%],none,registers,,,launches=1;grid=204800;block=128;regs=56;smem_per_block_B=1024;theoretical_occ_pct=56.25;achieved_occ_pct=49.79157017641513,NVIDIA_GH200/gaussian_blur/tilelang_fp32.ncu-rep: dynamic: sass__inst_executed_per_opcode_with_modifier_all (1/1 launches),high,
GH200/triton/gaussian_blur/fp16,gaussian_blur_kernel,"LDG[16b:83%,32b:17%]; STG[32b:100%]",none,registers,PRMT:137625600,,launches=1;grid=204800;block=256;regs=32;smem_per_block_B=1024;theoretical_occ_pct=100.0;achieved_occ_pct=93.74259000058191,NVIDIA_GH200/gaussian_blur/triton_fp16.ncu-rep: dynamic: sass__inst_executed_per_opcode_with_modifier_all (1/1 launches),high,
GH200/triton/gaussian_blur/fp32,gaussian_blur_kernel,"LDG[32b:83%,64b:17%]; STG[64b:100%]",none,registers,,,launches=1;grid=204800;block=256;regs=32;smem_per_block_B=1024;theoretical_occ_pct=100.0;achieved_occ_pct=89.45731805837934,NVIDIA_GH200/gaussian_blur/triton_fp32.ncu-rep: dynamic: sass__inst_executed_per_opcode_with_modifier_all (1/1 launches),high,
GH200/cutile/histogramming/int32,histogram_partial_kernel,"TMA[UTMACCTL.PF:256,UTMALDG.1D:262144]",none,shared+registers,LDSM.16.M88.4:131072;PRMT:3145728,ATOMG.E.ADD.STRONG.GPU:2097152,launches=1;grid=256;block=256;regs=64;smem_per_block_B=27704;theoretical_occ_pct=50.0;achieved_occ_pct=24.274794170603293,NVIDIA_GH200/histogramming/cutile_int32.ncu-rep: dynamic: sass__inst_executed_per_opcode_with_modifier_all (1/1 launches),high,kernel=histogram_partial_kernel_Kt1_A1i32_1i16t1_p16_A2i32_1v4l0_2t1_3i16_p16_Si32_Si32_Si32_I2048
GH200/cutile/histogramming/int32,histogram_reduce_kernel,"TMA[UTMACCTL.PF:128,UTMACMDFLUSH:64,UTMALDG.2D:512,UTMASTG.1D:64]",none,shared+registers,SHFL.BFLY:4096,,launches=1;grid=64;block=256;regs=255;smem_per_block_B=231912;theoretical_occ_pct=12.5;achieved_occ_pct=9.388326130213995,NVIDIA_GH200/histogramming/cutile_int32.ncu-rep: dynamic: sass__inst_executed_per_opcode_with_modifier_all (1/1 launches),high,kernel=histogram_reduce_kernel_Kt1_A2i32_1v4l0_2t1_3i16_p16_A1i32_1i16t1_p16_Si32_Si32_I128_I64
GH200/tilelang/histogramming/int32,histogram_partial_kernel_kernel,"TMA[UBLKCP.G.S:256,UTMACMDFLUSH:256]; LDG[32b:100%]",none,shared+registers,SHFL.IDX:2048,ATOMS.POPC.INC.32:2097152,launches=1;grid=256;block=256;regs=24;smem_per_block_B=17408;theoretical_occ_pct=100.0;achieved_occ_pct=23.9415641830145,NVIDIA_GH200/histogramming/tilelang_int32.ncu-rep: dynamic: sass__inst_executed_per_opcode_with_modifier_all (1/1 launches),high,
GH200/tilelang/histogramming/int32,histogram_reduce_kernel_kernel,LDG[128b:100%]; STG[128b:100%],none,shared+registers,SHFL.BFLY:2048,,launches=1;grid=64;block=128;regs=138;smem_per_block_B=1536;theoretical_occ_pct=18.75;achieved_occ_pct=6.1552045134655495,NVIDIA_GH200/histogramming/tilelang_int32.ncu-rep: dynamic: sass__inst_executed_per_opcode_with_modifier_all (1/1 launches),high,
GH200/triton/histogramming/int32,histogram_partial_kernel,LDG[128b:100%],none,shared+registers,PRMT:1048576,ATOMG.E.ADD.STRONG.GPU:2097152,launches=1;grid=256;block=256;regs=40;smem_per_block_B=17408;theoretical_occ_pct=75.0;achieved_occ_pct=24.229596031297323,NVIDIA_GH200/histogramming/triton_int32.ncu-rep: dynamic: sass__inst_executed_per_opcode_with_modifier_all (1/1 launches),high,
GH200/triton/histogramming/int32,histogram_reduce_kernel,LDG[128b:100%]; STG[32b:100%],none,shared+registers,LDSM.16.M88:512;SHFL.BFLY:10240,,launches=1;grid=64;block=256;regs=40;smem_per_block_B=3072;theoretical_occ_pct=75.0;achieved_occ_pct=12.453703920558342,NVIDIA_GH200/histogramming/triton_int32.ncu-rep: dynamic: sass__inst_executed_per_opcode_with_modifier_all (1/1 launches),high,
GH200/cutile/interleave/bf16,interleave_kernel,LDG[128b:100%]; STG[128b:100%],none,shared+registers,PRMT:1250048,,launches=1;grid=9766;block=128;regs=38;smem_per_block_B=17408;theoretical_occ_pct=75.0;achieved_occ_pct=68.50739195692395,NVIDIA_GH200/interleave/cutile_bf16.ncu-rep: dynamic: sass__inst_executed_per_opcode_with_modifier_all (1/1 launches),high,kernel=interleave_kernel_Kt1_A1bf16_1i16t1_p16_A1bf16_1i16t1_p16_A1bf16_1i16t1_p16_I2048
GH200/cutile/interleave/fp16,interleave_kernel,LDG[128b:100%]; STG[128b:100%],none,shared+registers,PRMT:625024,,launches=1;grid=19532;block=128;regs=25;smem_per_block_B=5120;theoretical_occ_pct=100.0;achieved_occ_pct=91.36363830664969,NVIDIA_GH200/interleave/cutile_fp16.ncu-rep: dynamic: sass__inst_executed_per_opcode_with_modifier_all (1/1 launches),high,kernel=interleave_kernel_Kt1_A1f16_1i16t1_p16_A1f16_1i16t1_p16_A1f16_1i16t1_p16_I1024
GH200/cutile/interleave/fp32,interleave_kernel,LDG[128b:100%]; STG[128b:100%],none,shared+registers,,,launches=1;grid=9766;block=128;regs=56;smem_per_block_B=17408;theoretical_occ_pct=56.25;achieved_occ_pct=53.025870336269456,NVIDIA_GH200/interleave/cutile_fp32.ncu-rep: dynamic: sass__inst_executed_per_opcode_with_modifier_all (1/1 launches),high,kernel=interleave_kernel_Kt1_A1f32_1i16t1_p16_A1f32_1i16t1_p16_A1f32_1i16t1_p16_I2048
GH200/cutile/interleave/int8,interleave_kernel,LDG[128b:100%]; STG[128b:100%],none,shared+registers,PRMT:1250048,,launches=1;grid=4883;block=128;regs=48;smem_per_block_B=17408;theoretical_occ_pct=62.5;achieved_occ_pct=54.74457595876784,NVIDIA_GH200/interleave/cutile_int8.ncu-rep: dynamic: sass__inst_executed_per_opcode_with_modifier_all (1/1 launches),high,kernel=interleave_kernel_Kt1_A1i8_1i16t1_p16_A1i8_1i16t1_p16_A1i8_1i16t1_p16_I4096
GH200/tilelang/interleave/bf16,interleave_kernel_kernel,LDG[64b:100%]; STG[128b:100%],none,registers,PRMT:625000,,launches=1;grid=19532;block=256;regs=18;smem_per_block_B=1024;theoretical_occ_pct=100.0;achieved_occ_pct=77.86828113446349,NVIDIA_GH200/interleave/tilelang_bf16.ncu-rep: dynamic: sass__inst_executed_per_opcode_with_modifier_all (1/1 launches),high,
GH200/tilelang/interleave/fp16,interleave_kernel_kernel,LDG[64b:100%]; STG[128b:100%],none,registers,PRMT:625000,,launches=1;grid=19532;block=256;regs=18;smem_per_block_B=1024;theoretical_occ_pct=100.0;achieved_occ_pct=77.75037688687063,NVIDIA_GH200/interleave/tilelang_fp16.ncu-rep: dynamic: sass__inst_executed_per_opcode_with_modifier_all (1/1 launches),high,
GH200/tilelang/interleave/fp32,interleave_kernel_kernel,LDG[128b:100%]; STG[128b:100%],none,registers,,,launches=1;grid=19532;block=256;regs=18;smem_per_block_B=1024;theoretical_occ_pct=100.0;achieved_occ_pct=79.43771489490169,NVIDIA_GH200/interleave/tilelang_fp32.ncu-rep: dynamic: sass__inst_executed_per_opcode_with_modifier_all (1/1 launches),high,
GH200/tilelang/interleave/int8,interleave_kernel_kernel,LDG[64b:100%]; STG[128b:100%],none,registers,PRMT:468750,,launches=1;grid=19532;block=128;regs=17;smem_per_block_B=1024;theoretical_occ_pct=100.0;achieved_occ_pct=79.58913989284231,NVIDIA_GH200/interleave/tilelang_int8.ncu-rep: dynamic: sass__inst_executed_per_opcode_with_modifier_all (1/1 launches),high,
GH200/triton/interleave/bf16,interleave_kernel,LDG[128b:100%]; STG[128b:100%],none,shared+registers,PRMT:625024,,launches=1;grid=9766;block=128;regs=32;smem_per_block_B=5120;theoretical_occ_pct=100.0;achieved_occ_pct=91.76190012725439,NVIDIA_GH200/interleave/triton_bf16.ncu-rep: dynamic: sass__inst_executed_per_opcode_with_modifier_all (1/1 launches),high,
GH200/triton/interleave/fp16,interleave_kernel,LDG[128b:100%]; STG[128b:100%],none,shared+registers,PRMT:625024,,launches=1;grid=9766;block=256;regs=25;smem_per_block_B=9216;theoretical_occ_pct=100.0;achieved_occ_pct=91.56546523365678,NVIDIA_GH200/interleave/triton_fp16.ncu-rep: dynamic: sass__inst_executed_per_opcode_with_modifier_all (1/1 launches),high,
GH200/triton/interleave/fp32,interleave_kernel,LDG[128b:100%]; STG[128b:100%],none,shared+registers,,,launches=1;grid=19532;block=256;regs=22;smem_per_block_B=9216;theoretical_occ_pct=100.0;achieved_occ_pct=93.20485514493642,NVIDIA_GH200/interleave/triton_fp32.ncu-rep: dynamic: sass__inst_executed_per_opcode_with_modifier_all (1/1 launches),high,
GH200/triton/interleave/int8,interleave_kernel,LDG[128b:100%]; STG[128b:100%],none,shared+registers,PRMT:312512,,launches=1;grid=9766;block=128;regs=23;smem_per_block_B=5120;theoretical_occ_pct=100.0;achieved_occ_pct=87.27412654673394,NVIDIA_GH200/interleave/triton_int8.ncu-rep: dynamic: sass__inst_executed_per_opcode_with_modifier_all (1/1 launches),high,
GH200/cutile/jacobi_stencil_2d/bf16,jacobi_stencil_kernel,"LDG[16b:84%,128b:16%]; STG[128b:100%]",none,shared+registers,PRMT:19046400;STSM.16.M88.4:819200,,launches=1;grid=51200;block=128;regs=57;smem_per_block_B=9216;theoretical_occ_pct=50.0;achieved_occ_pct=47.344791551420826,NVIDIA_GH200/jacobi_stencil_2d/cutile_bf16.ncu-rep: dynamic: sass__inst_executed_per_opcode_with_modifier_all (1/1 launches),high,kernel=jacobi_stencil_kernel_Kt1_A2bf16_1v8l0_2t1_3i16_p16_A2bf16_1v8l0_2t1_3i16_p16_Si32_Si32_I1_I2048
GH200/cutile/jacobi_stencil_2d/fp16,jacobi_stencil_kernel,"LDG[16b:84%,128b:16%]; STG[128b:100%]",none,shared+registers,PRMT:19046400;STSM.16.M88.4:819200,,launches=1;grid=51200;block=128;regs=60;smem_per_block_B=9216;theoretical_occ_pct=50.0;achieved_occ_pct=47.27754258049936,NVIDIA_GH200/jacobi_stencil_2d/cutile_fp16.ncu-rep: dynamic: sass__inst_executed_per_opcode_with_modifier_all (1/1 launches),high,kernel=jacobi_stencil_kernel_Kt1_A2f16_1v8l0_2t1_3i16_p16_A2f16_1v8l0_2t1_3i16_p16_Si32_Si32_I1_I2048
GH200/cutile/jacobi_stencil_2d/fp32,jacobi_stencil_kernel,"LDG[32b:73%,128b:27%]; STG[128b:100%]",none,shared+registers,,,launches=1;grid=51200;block=128;regs=94;smem_per_block_B=17408;theoretical_occ_pct=31.25;achieved_occ_pct=29.200230467128062,NVIDIA_GH200/jacobi_stencil_2d/cutile_fp32.ncu-rep: dynamic: sass__inst_executed_per_opcode_with_modifier_all (1/1 launches),high,kernel=jacobi_stencil_kernel_Kt1_A2f32_1v4l0_2t1_3i16_p16_A2f32_1v4l0_2t1_3i16_p16_Si32_Si32_I1_I2048
GH200/tilelang/jacobi_stencil_2d/bf16,jacobi_stencil_kernel_kernel,"LDG[16b:94%,64b:6%]; STG[64b:100%]",none,registers,PRMT:15564560,,launches=1;grid=102400;block=256;regs=32;smem_per_block_B=1024;theoretical_occ_pct=100.0;achieved_occ_pct=79.37313275069432,NVIDIA_GH200/jacobi_stencil_2d/tilelang_bf16.ncu-rep: dynamic: sass__inst_executed_per_opcode_with_modifier_all (1/1 launches),high,
GH200/tilelang/jacobi_stencil_2d/fp16,jacobi_stencil_kernel_kernel,"LDG[16b:94%,64b:6%]; STG[64b:100%]",none,registers,PRMT:13107200,,launches=1;grid=204800;block=128;regs=32;smem_per_block_B=1024;theoretical_occ_pct=100.0;achieved_occ_pct=83.48491478510522,NVIDIA_GH200/jacobi_stencil_2d/tilelang_fp16.ncu-rep: dynamic: sass__inst_executed_per_opcode_with_modifier_all (1/1 launches),high,
GH200/tilelang/jacobi_stencil_2d/fp32,jacobi_stencil_kernel_kernel,"LDG[32b:86%,128b:14%]; STG[128b:100%]",none,registers,,,launches=1;grid=25600;block=256;regs=59;smem_per_block_B=1024;theoretical_occ_pct=50.0;achieved_occ_pct=42.675604905442285,NVIDIA_GH200/jacobi_stencil_2d/tilelang_fp32.ncu-rep: dynamic: sass__inst_executed_per_opcode_with_modifier_all (1/1 launches),high,
GH200/triton/jacobi_stencil_2d/bf16,jacobi_stencil_kernel,"LDG[16b:94%,64b:6%]; STG[64b:100%]",none,registers,PRMT:23756800,,launches=1;grid=102400;block=256;regs=32;smem_per_block_B=1024;theoretical_occ_pct=100.0;achieved_occ_pct=83.35618737259364,NVIDIA_GH200/jacobi_stencil_2d/triton_bf16.ncu-rep: dynamic: sass__inst_executed_per_opcode_with_modifier_all (1/1 launches),high,
GH200/triton/jacobi_stencil_2d/fp16,jacobi_stencil_kernel,"LDG[16b:94%,64b:6%]; STG[64b:100%]",none,registers,PRMT:23756800,,launches=1;grid=102400;block=256;regs=32;smem_per_block_B=1024;theoretical_occ_pct=100.0;achieved_occ_pct=83.29394046302801,NVIDIA_GH200/jacobi_stencil_2d/triton_fp16.ncu-rep: dynamic: sass__inst_executed_per_opcode_with_modifier_all (1/1 launches),high,
GH200/triton/jacobi_stencil_2d/fp32,jacobi_stencil_kernel,"LDG[32b:94%,128b:6%]; STG[128b:100%]",none,registers,,,launches=1;grid=51200;block=256;regs=31;smem_per_block_B=1024;theoretical_occ_pct=100.0;achieved_occ_pct=87.02178905049735,NVIDIA_GH200/jacobi_stencil_2d/triton_fp32.ncu-rep: dynamic: sass__inst_executed_per_opcode_with_modifier_all (1/1 launches),high,
GH200/cutile/kl_divergence/fp32,kl_divergence_kernel,"TMA[UTMACCTL.PF:8192,UTMALDG.2D:524288]; STG[32b:100%]",none,shared+registers,SHFL.BFLY:114688,,launches=1;grid=4096;block=256;regs=64;smem_per_block_B=33856;theoretical_occ_pct=50.0;achieved_occ_pct=30.67967488181726,NVIDIA_GH200/kl_divergence/cutile_fp32.ncu-rep: dynamic: sass__inst_executed_per_opcode_with_modifier_all (1/1 launches),high,kernel=kl_divergence_kernel_Kt1_A2f32_1v4l0_2t1_3i16_p16_A2f32_1v4l0_2t1_3i16_p16_A1f32_1i16t1_p16_Si32_I4096
GH200/tilelang/kl_divergence/fp32,kl_divergence_kernel_kernel,LDG[128b:100%]; STG[32b:100%],none,shared+registers,SHFL.BFLY:655360,,launches=1;grid=4096;block=256;regs=53;smem_per_block_B=2048;theoretical_occ_pct=50.0;achieved_occ_pct=48.03600299469897,NVIDIA_GH200/kl_divergence/tilelang_fp32.ncu-rep: dynamic: sass__inst_executed_per_opcode_with_modifier_all (1/1 launches),high,
GH200/triton/kl_divergence/fp32,kl_divergence_kernel,LDG[128b:100%]; STG[32b:100%],none,shared+registers,SHFL.BFLY:262144,,launches=1;grid=4096;block=256;regs=57;smem_per_block_B=1056;theoretical_occ_pct=50.0;achieved_occ_pct=48.305645130465805,NVIDIA_GH200/kl_divergence/triton_fp32.ncu-rep: dynamic: sass__inst_executed_per_opcode_with_modifier_all (1/1 launches),high,
GH200/cutile/l2_norm/bf16,l2_norm_kernel,LDG[128b:100%]; STG[128b:100%],none,shared+registers,PRMT:655360;SHFL.BFLY:57344,,launches=1;grid=2048;block=128;regs=64;smem_per_block_B=1040;theoretical_occ_pct=50.0;achieved_occ_pct=42.16708594709137,NVIDIA_GH200/l2_norm/cutile_bf16.ncu-rep: dynamic: sass__inst_executed_per_opcode_with_modifier_all (1/1 launches),high,kernel=l2_norm_kernel_Kt1_A2bf16_1v8l0_2t1_3i16_p16_A2bf16_1v8l0_2t1_3i16_p16_Sf32_I10240_I2048
GH200/cutile/l2_norm/fp16,l2_norm_kernel,LDG[128b:100%]; STG[128b:100%],none,shared+registers,SHFL.BFLY:57344,,launches=1;grid=2048;block=128;regs=72;smem_per_block_B=1040;theoretical_occ_pct=43.75;achieved_occ_pct=37.65471477969318,NVIDIA_GH200/l2_norm/cutile_fp16.ncu-rep: dynamic: sass__inst_executed_per_opcode_with_modifier_all (1/1 launches),high,kernel=l2_norm_kernel_Kt1_A2f16_1v8l0_2t1_3i16_p16_A2f16_1v8l0_2t1_3i16_p16_Sf32_I10240_I2048
GH200/cutile/l2_norm/fp32,l2_norm_kernel,LDG[128b:100%]; STG[128b:100%],none,shared+registers,SHFL.BFLY:57344,,launches=1;grid=2048;block=128;regs=96;smem_per_block_B=1040;theoretical_occ_pct=31.25;achieved_occ_pct=27.144730441610278,NVIDIA_GH200/l2_norm/cutile_fp32.ncu-rep: dynamic: sass__inst_executed_per_opcode_with_modifier_all (1/1 launches),high,kernel=l2_norm_kernel_Kt1_A2f32_1v4l0_2t1_3i16_p16_A2f32_1v4l0_2t1_3i16_p16_Sf32_I10240_I512
GH200/tilelang/l2_norm/bf16,l2_norm_fwd_kernel_kernel,LDG[64b:100%]; STG[64b:100%],none,shared+registers,PRMT:327680;SHFL.BFLY:40960,,launches=1;grid=2048;block=128;regs=95;smem_per_block_B=1536;theoretical_occ_pct=31.25;achieved_occ_pct=27.7965451850279,NVIDIA_GH200/l2_norm/tilelang_bf16.ncu-rep: dynamic: sass__inst_executed_per_opcode_with_modifier_all (1/1 launches),high,
GH200/tilelang/l2_norm/fp16,l2_norm_fwd_kernel_kernel,LDG[64b:100%]; STG[64b:100%],none,shared+registers,SHFL.BFLY:81920,,launches=1;grid=2048;block=256;regs=53;smem_per_block_B=2048;theoretical_occ_pct=50.0;achieved_occ_pct=44.69962827412916,NVIDIA_GH200/l2_norm/tilelang_fp16.ncu-rep: dynamic: sass__inst_executed_per_opcode_with_modifier_all (1/1 launches),high,
GH200/tilelang/l2_norm/fp32,l2_norm_fwd_kernel_kernel,LDG[128b:100%]; STG[128b:100%],none,shared+registers,SHFL.BFLY:40960,,launches=1;grid=2048;block=128;regs=93;smem_per_block_B=1536;theoretical_occ_pct=31.25;achieved_occ_pct=28.889085655312087,NVIDIA_GH200/l2_norm/tilelang_fp32.ncu-rep: dynamic: sass__inst_executed_per_opcode_with_modifier_all (1/1 launches),high,
GH200/triton/l2_norm/bf16,_l2_norm_fwd_kernel,LDG[128b:100%]; STG[128b:100%],none,shared+registers,PRMT:655360;SHFL.BFLY:131072,,launches=1;grid=2048;block=256;regs=32;smem_per_block_B=1056;theoretical_occ_pct=100.0;achieved_occ_pct=82.27549648165306,NVIDIA_GH200/l2_norm/triton_bf16.ncu-rep: dynamic: sass__inst_executed_per_opcode_with_modifier_all (1/1 launches),high,
GH200/triton/l2_norm/fp16,_l2_norm_fwd_kernel,LDG[128b:100%]; STG[128b:100%],none,shared+registers,SHFL.BFLY:131072,,launches=1;grid=2048;block=256;regs=32;smem_per_block_B=1056;theoretical_occ_pct=100.0;achieved_occ_pct=81.91857547304242,NVIDIA_GH200/l2_norm/triton_fp16.ncu-rep: dynamic: sass__inst_executed_per_opcode_with_modifier_all (1/1 launches),high,
GH200/triton/l2_norm/fp32,_l2_norm_fwd_kernel,LDG[128b:100%]; STG[128b:100%],none,shared+registers,SHFL.BFLY:131072,,launches=1;grid=2048;block=256;regs=30;smem_per_block_B=1056;theoretical_occ_pct=100.0;achieved_occ_pct=87.0323967486612,NVIDIA_GH200/l2_norm/triton_fp32.ncu-rep: dynamic: sass__inst_executed_per_opcode_with_modifier_all (1/1 launches),high,
GH200/cutile/layernorm/bf16,layernorm_kernel,LDG[128b:100%]; STG[128b:100%],none,shared+registers,PRMT:1310720;SHFL.BFLY:114688,,launches=1;grid=2048;block=128;regs=110;smem_per_block_B=1040;theoretical_occ_pct=25.0;achieved_occ_pct=22.96659134595108,NVIDIA_GH200/layernorm/cutile_bf16.ncu-rep: dynamic: sass__inst_executed_per_opcode_with_modifier_all (1/1 launches),high,kernel=layernorm_kernel_Kt1_A2bf16_1v8l0_2t1_3i16_p16_A1bf16_1i16t1_p16_A1bf16_1i16t1_p16_A2bf16_1v8l0_2t1_3i16_p16_Sf32_I10240_I2048
GH200/cutile/layernorm/fp16,layernorm_kernel,LDG[128b:100%]; STG[128b:100%],none,shared+registers,SHFL.BFLY:114688,,launches=1;grid=2048;block=128;regs=102;smem_per_block_B=1040;theoretical_occ_pct=25.0;achieved_occ_pct=23.047600376138615,NVIDIA_GH200/layernorm/cutile_fp16.ncu-rep: dynamic: sass__inst_executed_per_opcode_with_modifier_all (1/1 launches),high,kernel=layernorm_kernel_Kt1_A2f16_1v8l0_2t1_3i16_p16_A1f16_1i16t1_p16_A1f16_1i16t1_p16_A2f16_1v8l0_2t1_3i16_p16_Sf32_I10240_I2048
GH200/cutile/layernorm/fp32,layernorm_kernel,LDG[128b:100%]; STG[128b:100%],none,shared+registers,SHFL.BFLY:114688,,launches=1;grid=2048;block=128;regs=102;smem_per_block_B=1040;theoretical_occ_pct=25.0;achieved_occ_pct=22.375676920659124,NVIDIA_GH200/layernorm/cutile_fp32.ncu-rep: dynamic: sass__inst_executed_per_opcode_with_modifier_all (1/1 launches),high,kernel=layernorm_kernel_Kt1_A2f32_1v4l0_2t1_3i16_p16_A1f32_1i16t1_p16_A1f32_1i16t1_p16_A2f32_1v4l0_2t1_3i16_p16_Sf32_I10240_I2048
GH200/tilelang/layernorm/bf16,layernorm_kernel_kernel,LDG[64b:100%]; STG[64b:100%],none,shared+registers,PRMT:1310720;SHFL.BFLY:163840,,launches=1;grid=2048;block=256;regs=54;smem_per_block_B=2048;theoretical_occ_pct=50.0;achieved_occ_pct=44.38205874991467,NVIDIA_GH200/layernorm/tilelang_bf16.ncu-rep: dynamic: sass__inst_executed_per_opcode_with_modifier_all (1/1 launches),high,
GH200/tilelang/layernorm/fp16,layernorm_kernel_kernel,LDG[64b:100%]; STG[64b:100%],none,shared+registers,SHFL.BFLY:81920,,launches=1;grid=2048;block=128;regs=71;smem_per_block_B=1536;theoretical_occ_pct=43.75;achieved_occ_pct=37.80470331207669,NVIDIA_GH200/layernorm/tilelang_fp16.ncu-rep: dynamic: sass__inst_executed_per_opcode_with_modifier_all (1/1 launches),high,
GH200/tilelang/layernorm/fp32,layernorm_kernel_kernel,LDG[64b:100%]; STG[64b:100%],none,shared+registers,SHFL.BFLY:163840,,launches=1;grid=2048;block=256;regs=128;smem_per_block_B=2048;theoretical_occ_pct=25.0;achieved_occ_pct=23.168864692011766,NVIDIA_GH200/layernorm/tilelang_fp32.ncu-rep: dynamic: sass__inst_executed_per_opcode_with_modifier_all (1/1 launches),high,
GH200/triton/layernorm/bf16,layernorm_kernel,LDG[128b:100%]; STG[128b:100%],none,shared+registers,PRMT:1310720;SHFL.BFLY:262144,,launches=1;grid=2048;block=256;regs=40;smem_per_block_B=1056;theoretical_occ_pct=75.0;achieved_occ_pct=64.39264105571915,NVIDIA_GH200/layernorm/triton_bf16.ncu-rep: dynamic: sass__inst_executed_per_opcode_with_modifier_all (1/1 launches),high,
GH200/triton/layernorm/fp16,layernorm_kernel,LDG[128b:100%]; STG[128b:100%],none,shared+registers,SHFL.BFLY:262144,,launches=1;grid=2048;block=256;regs=40;smem_per_block_B=1056;theoretical_occ_pct=75.0;achieved_occ_pct=65.06553206743084,NVIDIA_GH200/layernorm/triton_fp16.ncu-rep: dynamic: sass__inst_executed_per_opcode_with_modifier_all (1/1 launches),high,
GH200/triton/layernorm/fp32,layernorm_kernel,LDG[128b:100%]; STG[128b:100%],none,shared+registers,SHFL.BFLY:262144,,launches=1;grid=2048;block=256;regs=106;smem_per_block_B=1056;theoretical_occ_pct=25.0;achieved_occ_pct=23.602992380585963,NVIDIA_GH200/layernorm/triton_fp32.ncu-rep: dynamic: sass__inst_executed_per_opcode_with_modifier_all (1/1 launches),high,
GH200/cutile/leaky_relu/bf16,leaky_relu_kernel,LDG[128b:100%]; STG[128b:100%],none,registers,PRMT:2929728,,launches=1;grid=48829;block=128;regs=18;smem_per_block_B=1024;theoretical_occ_pct=100.0;achieved_occ_pct=82.66865900579171,NVIDIA_GH200/leaky_relu/cutile_bf16.ncu-rep: dynamic: sass__inst_executed_per_opcode_with_modifier_all (1/1 launches),high,kernel=leaky_relu_kernel_Kt1_A1bf16_1i16t1_p16_A1bf16_1i16t1_p16_I1024
GH200/cutile/leaky_relu/fp16,leaky_relu_kernel,LDG[128b:100%]; STG[128b:100%],none,registers,PRMT:2929728,,launches=1;grid=48829;block=128;regs=18;smem_per_block_B=1024;theoretical_occ_pct=100.0;achieved_occ_pct=82.35649559752072,NVIDIA_GH200/leaky_relu/cutile_fp16.ncu-rep: dynamic: sass__inst_executed_per_opcode_with_modifier_all (1/1 launches),high,kernel=leaky_relu_kernel_Kt1_A1f16_1i16t1_p16_A1f16_1i16t1_p16_I1024
GH200/cutile/leaky_relu/fp32,leaky_relu_kernel,LDG[128b:100%]; STG[128b:100%],none,registers,,,launches=1;grid=48829;block=128;regs=20;smem_per_block_B=1024;theoretical_occ_pct=100.0;achieved_occ_pct=85.20287673377032,NVIDIA_GH200/leaky_relu/cutile_fp32.ncu-rep: dynamic: sass__inst_executed_per_opcode_with_modifier_all (1/1 launches),high,kernel=leaky_relu_kernel_Kt1_A1f32_1i16t1_p16_A1f32_1i16t1_p16_I1024
GH200/tilelang/leaky_relu/bf16,leaky_relu_kernel_kernel,LDG[128b:100%]; STG[128b:100%],none,registers,PRMT:2075344,,launches=1;grid=6104;block=128;regs=54;smem_per_block_B=1024;theoretical_occ_pct=56.25;achieved_occ_pct=47.173420623255744,NVIDIA_GH200/leaky_relu/tilelang_bf16.ncu-rep: dynamic: sass__inst_executed_per_opcode_with_modifier_all (1/1 launches),high,
GH200/tilelang/leaky_relu/fp16,leaky_relu_kernel_kernel,LDG[128b:100%]; STG[128b:100%],none,registers,PRMT:1562518,,launches=1;grid=24415;block=256;regs=16;smem_per_block_B=1024;theoretical_occ_pct=100.0;achieved_occ_pct=77.47392156630288,NVIDIA_GH200/leaky_relu/tilelang_fp16.ncu-rep: dynamic: sass__inst_executed_per_opcode_with_modifier_all (1/1 launches),high,
GH200/tilelang/leaky_relu/fp32,leaky_relu_kernel_kernel,LDG[128b:100%]; STG[128b:100%],none,registers,,,launches=1;grid=48829;block=128;regs=18;smem_per_block_B=1024;theoretical_occ_pct=100.0;achieved_occ_pct=85.63699204986467,NVIDIA_GH200/leaky_relu/tilelang_fp32.ncu-rep: dynamic: sass__inst_executed_per_opcode_with_modifier_all (1/1 launches),high,
GH200/triton/leaky_relu/bf16,leaky_relu_kernel,LDG[128b:100%]; STG[128b:100%],none,registers,PRMT:1953200,,launches=1;grid=24415;block=128;regs=24;smem_per_block_B=1024;theoretical_occ_pct=100.0;achieved_occ_pct=82.8141714629501,NVIDIA_GH200/leaky_relu/triton_bf16.ncu-rep: dynamic: sass__inst_executed_per_opcode_with_modifier_all (1/1 launches),high,
GH200/triton/leaky_relu/fp16,leaky_relu_kernel,LDG[128b:100%]; STG[128b:100%],none,registers,PRMT:1953200,,launches=1;grid=24415;block=256;regs=18;smem_per_block_B=1024;theoretical_occ_pct=100.0;achieved_occ_pct=77.38647722877545,NVIDIA_GH200/leaky_relu/triton_fp16.ncu-rep: dynamic: sass__inst_executed_per_opcode_with_modifier_all (1/1 launches),high,
GH200/triton/leaky_relu/fp32,leaky_relu_kernel,LDG[128b:100%]; STG[128b:100%],none,registers,,,launches=1;grid=48829;block=256;regs=16;smem_per_block_B=1024;theoretical_occ_pct=100.0;achieved_occ_pct=78.18511299328492,NVIDIA_GH200/leaky_relu/triton_fp32.ncu-rep: dynamic: sass__inst_executed_per_opcode_with_modifier_all (1/1 launches),high,
GH200/cutile/linear_self_attention/fp32,phi_kernel,LDG[128b:100%]; STG[128b:100%],none,registers,,,launches=2;grid=2504;block=128;regs=37;smem_per_block_B=1024;theoretical_occ_pct=75.0;achieved_occ_pct=51.01856070464036,NVIDIA_GH200/linear_self_attention/cutile_fp32.ncu-rep: dynamic: sass__inst_executed_per_opcode_with_modifier_all (2/2 launches),high,kernel=phi_kernel_Kt1_A2f32_1v4l0_2t1_3i16_p16_A2f32_1v4l0_2t1_3i16_p16_I32_I32
GH200/cutile/linear_self_attention/fp32,kv_gemm_kernel,"TMA[UTMACCTL.PF:192,UTMACMDFLUSH:64,UTMALDG.2D:100480,UTMASTG.2D:64]",legacy_mma[HMMA.1688.F32.TF32:643072],shared+registers,,,launches=1;grid=64;block=256;regs=64;smem_per_block_B=29864;theoretical_occ_pct=50.0;achieved_occ_pct=9.363332921724675,NVIDIA_GH200/linear_self_attention/cutile_fp32.ncu-rep: dynamic: sass__inst_executed_per_opcode_with_modifier_all (1/1 launches),high,kernel=kv_gemm_kernel_Kt1_A2f32_1v4l0_2t1_3i16_p16_A2f32_1v4l0_2t1_3i16_p16_A2f32_1v4l0_2t1_3i16_p16_Si32_Si32_I32_I32_I64
GH200/cutile/linear_self_attention/fp32,z_kernel,"TMA[UTMACCTL.PF:16,UTMACMDFLUSH:8,UTMALDG.2D:2504,UTMASTG.1D:8]",none,shared+registers,SHFL.BFLY:130208;SHFL.IDX:20032;STSM.16.M88:32,,launches=1;grid=8;block=256;regs=255;smem_per_block_B=116808;theoretical_occ_pct=12.5;achieved_occ_pct=9.230394207431232,NVIDIA_GH200/linear_self_attention/cutile_fp32.ncu-rep: dynamic: sass__inst_executed_per_opcode_with_modifier_all (1/1 launches),high,kernel=z_kernel_Kt1_A1f32_1i16t1_p16_A2f32_1v4l0_2t1_3i16_p16_Si32_Si32_I32_I32
GH200/cutile/linear_self_attention/fp32,out_gemm_kernel,"TMA[UTMACCTL.PF:5008,UTMACMDFLUSH:2504,UTMALDG.1D:5008,UTMALDG.2D:30048,UTMASTG.2D:2504]",legacy_mma[HMMA.1688.F32.TF32:641024],shared+local(LDL/STL)+registers,LDSM.16.M88.4:400640;SHFL.BFLY:160256,,launches=1;grid=1252;block=256;regs=64;smem_per_block_B=52488;theoretical_occ_pct=50.0;achieved_occ_pct=32.26942079396287,NVIDIA_GH200/linear_self_attention/cutile_fp32.ncu-rep: dynamic: sass__inst_executed_per_opcode_with_modifier_all (1/1 launches),high,kernel=out_gemm_kernel_Kt1_A2f32_1v4l0_2t1_3i16_p16_A2f32_1v4l0_2t1_3i16_p16_A2f32_1v4l0_2t1_3i16_p16_A1f32_1i16t1_p16_Si32_Si32_F3eb0c6f7a0b5ed8d_I32_I64_I64
GH200/tilelang/linear_self_attention/fp32,phi_kernel_kernel,LDG[128b:100%]; STG[128b:100%],none,registers,,,launches=2;grid=2504;block=128;regs=16;smem_per_block_B=1024;theoretical_occ_pct=100.0;achieved_occ_pct=60.52672329364184,NVIDIA_GH200/linear_self_attention/tilelang_fp32.ncu-rep: dynamic: sass__inst_executed_per_opcode_with_modifier_all (2/2 launches),high,
GH200/tilelang/linear_self_attention/fp32,kv_kernel_kernel,LDG[32b:100%]; STG[64b:100%],legacy_mma[HMMA.1688.F32.TF32:643072],shared+registers,LDSM.16.M88.2:643072;LDSM.16.M88.4:643072,,launches=1;grid=64;block=256;regs=64;smem_per_block_B=50176;theoretical_occ_pct=50.0;achieved_occ_pct=12.498909485690232,NVIDIA_GH200/linear_self_attention/tilelang_fp32.ncu-rep: dynamic: sass__inst_executed_per_opcode_with_modifier_all (1/1 launches),high,
GH200/tilelang/linear_self_attention/fp32,z_kernel_kernel,LDG[128b:100%]; STG[128b:100%],none,shared+registers,SHFL.BFLY:80128,,launches=1;grid=8;block=128;regs=26;smem_per_block_B=1536;theoretical_occ_pct=100.0;achieved_occ_pct=6.248868747455028,NVIDIA_GH200/linear_self_attention/tilelang_fp32.ncu-rep: dynamic: sass__inst_executed_per_opcode_with_modifier_all (1/1 launches),high,
GH200/tilelang/linear_self_attention/fp32,out_kernel_kernel,LDG[32b:100%]; STG[64b:100%],wgmma[HGMMA.64x128x8.F32.TF32:40192],shared+registers,SHFL.BFLY:1607680,,launches=1;grid=314;block=128;regs=255;smem_per_block_B=83456;theoretical_occ_pct=12.5;achieved_occ_pct=11.33731668566358,NVIDIA_GH200/linear_self_attention/tilelang_fp32.ncu-rep: dynamic: sass__inst_executed_per_opcode_with_modifier_all (1/1 launches),high,
GH200/triton/linear_self_attention/fp32,phi_kernel,LDG[128b:100%]; STG[128b:100%],none,registers,,,launches=2;grid=2500;block=256;regs=18;smem_per_block_B=1024;theoretical_occ_pct=100.0;achieved_occ_pct=68.65250366732434,NVIDIA_GH200/linear_self_attention/triton_fp32.ncu-rep: dynamic: sass__inst_executed_per_opcode_with_modifier_all (2/2 launches),high,
GH200/triton/linear_self_attention/fp32,kv_gemm_kernel,"TMA[UTMACMDFLUSH:128,UTMALDG.2D:40704,UTMASTG.2D:128]",wgmma[HGMMA.64x32x8.F32.TF32:160768],shared+registers,,,launches=1;grid=32;block=128;regs=42;smem_per_block_B=82968;theoretical_occ_pct=12.5;achieved_occ_pct=6.249701518932841,NVIDIA_GH200/linear_self_attention/triton_fp32.ncu-rep: dynamic: sass__inst_executed_per_opcode_with_modifier_all (1/1 launches),high,
GH200/triton/linear_self_attention/fp32,z_kernel,LDG[128b:100%]; STG[32b:100%],none,shared+registers,LDSM.16.M88:32;SHFL.BFLY:100160,,launches=1;grid=8;block=128;regs=32;smem_per_block_B=1536;theoretical_occ_pct=100.0;achieved_occ_pct=6.2496390702668,NVIDIA_GH200/linear_self_attention/triton_fp32.ncu-rep: dynamic: sass__inst_executed_per_opcode_with_modifier_all (1/1 launches),high,
GH200/triton/linear_self_attention/fp32,out_gemm_kernel,"TMA[UTMACMDFLUSH:1256,UTMALDG.2D:25120,UTMASTG.2D:1256]; LDG[128b:100%]",wgmma[HGMMA.64x128x8.F32.TF32:40192],shared+registers,SHFL.BFLY:120576,,launches=1;grid=314;block=128;regs=105;smem_per_block_B=66608;theoretical_occ_pct=18.75;achieved_occ_pct=14.371576934790623,NVIDIA_GH200/linear_self_attention/triton_fp32.ncu-rep: dynamic: sass__inst_executed_per_opcode_with_modifier_all (1/1 launches),high,
GH200/cutile/matmul_fp32_fp16_fp8/fp16,matmul_kernel,"TMA[UTMACCTL.PF:3072,UTMACMDFLUSH:4096,UTMALDG.2D:983040,UTMASTG.2D:4096]",wgmma[HGMMA.64x128x16.F32:10485760],shared+registers,STSM.16.M88.4:65536,,launches=1;grid=1024;block=256;regs=128;smem_per_block_B=107648;theoretical_occ_pct=25.0;achieved_occ_pct=18.696405528435207,NVIDIA_GH200/matmul_fp32_fp16_fp8/cutile_fp16.ncu-rep: dynamic: sass__inst_executed_per_opcode_with_modifier_all (1/1 launches),high,kernel=matmul_kernel_Kt1_A2f16_1v8l0_2t1_3i16_p16_A2f16_1v8l0_2t1_3i16_p16_A2f16_1v8l0_2t1_3i16_p16_Si32_Si32_I20480_I128_I128_I64_I8
GH200/cutile/matmul_fp32_fp16_fp8/fp32,matmul_kernel,"TMA[UTMACCTL.PF:3072,UTMACMDFLUSH:8192,UTMALDG.2D:3276800,UTMASTG.2D:8192]",wgmma[HGMMA.64x128x8.F32.TF32:20971520],shared+registers,LDSM.16.M88.4:20971520,,launches=1;grid=1024;block=256;regs=255;smem_per_block_B=230624;theoretical_occ_pct=12.5;achieved_occ_pct=9.345777758074687,NVIDIA_GH200/matmul_fp32_fp16_fp8/cutile_fp32.ncu-rep: dynamic: sass__inst_executed_per_opcode_with_modifier_all (1/1 launches),high,kernel=matmul_kernel_Kt1_A2f32_1v4l0_2t1_3i16_p16_A2f32_1v4l0_2t1_3i16_p16_A2f32_1v4l0_2t1_3i16_p16_Si32_Si32_I20480_I128_I128_I32_I8
GH200/cutile/matmul_fp32_fp16_fp8/fp8_e4m3fn,matmul_kernel,"TMA[UTMACCTL.PF:3072,UTMACMDFLUSH:2048,UTMALDG.2D:327680,UTMASTG.2D:2048]",wgmma[QGMMA.64x128x32.F32.E4M3.E4M3:5242880],shared+local(LDL/STL)+registers,PRMT:62914560,,launches=1;grid=1024;block=256;regs=255;smem_per_block_B=181392;theoretical_occ_pct=12.5;achieved_occ_pct=9.336776893745366,NVIDIA_GH200/matmul_fp32_fp16_fp8/cutile_fp8_e4m3fn.ncu-rep: dynamic: sass__inst_executed_per_opcode_with_modifier_all (1/1 launches),high,kernel=matmul_kernel_Kt1_A2f8m3fn_1v16l0_2t1_3i16_p16_A2f8m3fn_1v16l0_2t1_3i16_p16_A2f8m3fn_1v16l0_2t1_3i16_p16_Si32_Si32_I20480_I128_I128_I128_I8
GH200/tilelang/matmul_fp32_fp16_fp8/fp16,matmul_kernel_kernel,cp.async[LDGSTS.E.BYPASS.128:20971520]; STG[32b:100%],wgmma[HGMMA.64x128x16.F32:10485760],shared+registers,PRMT:2605056,,launches=1;grid=1024;block=128;regs=168;smem_per_block_B=99328;theoretical_occ_pct=12.5;achieved_occ_pct=12.408837347098478,NVIDIA_GH200/matmul_fp32_fp16_fp8/tilelang_fp16.ncu-rep: dynamic: sass__inst_executed_per_opcode_with_modifier_all (1/1 launches),high,
GH200/tilelang/matmul_fp32_fp16_fp8/fp32,matmul_kernel_kernel,cp.async[LDGSTS.E.BYPASS.128:41943040]; STG[64b:100%],legacy_mma[HMMA.1688.F32.TF32:335544320],shared+registers,LDSM.16.M88.4:41943040;PRMT:5210112,,launches=1;grid=1024;block=128;regs=221;smem_per_block_B=197632;theoretical_occ_pct=6.25;achieved_occ_pct=6.24956200712514,NVIDIA_GH200/matmul_fp32_fp16_fp8/tilelang_fp32.ncu-rep: dynamic: sass__inst_executed_per_opcode_with_modifier_all (1/1 launches),high,
GH200/tilelang/matmul_fp32_fp16_fp8/fp8_e4m3fn,matmul_kernel_kernel,cp.async[LDGSTS.E.BYPASS.128:10485760]; STG[16b:100%],legacy_mma[HMMA.16816.F32:167772160],shared+registers,LDSM.16.M88.4:10485760;PRMT:128417792,,launches=1;grid=1024;block=128;regs=248;smem_per_block_B=99328;theoretical_occ_pct=12.5;achieved_occ_pct=12.225417407951799,NVIDIA_GH200/matmul_fp32_fp16_fp8/tilelang_fp8_e4m3fn.ncu-rep: dynamic: sass__inst_executed_per_opcode_with_modifier_all (1/1 launches),high,
GH200/triton/matmul_fp32_fp16_fp8/fp16,matmul_kernel,"TMA[UTMACMDFLUSH:4096,UTMALDG.2D:1327104,UTMASTG.2D:4096]",wgmma[HGMMA.64x128x16.F32:10485760],shared+registers,STSM.16.M88.4:65536,,launches=1;grid=1024;block=128;regs=154;smem_per_block_B=197656;theoretical_occ_pct=6.25;achieved_occ_pct=6.249781017580848,NVIDIA_GH200/matmul_fp32_fp16_fp8/triton_fp16.ncu-rep: dynamic: sass__inst_executed_per_opcode_with_modifier_all (1/1 launches),high,
GH200/triton/matmul_fp32_fp16_fp8/fp32,matmul_kernel,"TMA[UTMACMDFLUSH:4096,UTMALDG.2D:5267456,UTMASTG.2D:4096]",wgmma[HGMMA.64x128x8.F32.TF32:20971520],shared+registers,,,launches=1;grid=1024;block=128;regs=154;smem_per_block_B=197664;theoretical_occ_pct=6.25;achieved_occ_pct=6.2498884870784055,NVIDIA_GH200/matmul_fp32_fp16_fp8/triton_fp32.ncu-rep: dynamic: sass__inst_executed_per_opcode_with_modifier_all (1/1 launches),high,
GH200/triton/matmul_fp32_fp16_fp8/fp8_e4m3fn,matmul_kernel,"TMA[UTMACMDFLUSH:4096,UTMALDG.2D:1327104,UTMASTG.2D:4096]",wgmma[QGMMA.64x128x32.F32.E4M3.E4M3:5242880],shared+registers,,,launches=1;grid=512;block=256;regs=154;smem_per_block_B=148504;theoretical_occ_pct=12.5;achieved_occ_pct=12.498973057957754,NVIDIA_GH200/matmul_fp32_fp16_fp8/triton_fp8_e4m3fn.ncu-rep: dynamic: sass__inst_executed_per_opcode_with_modifier_all (1/1 launches),high,
GH200/cutile/matmul_int8/int8,matmul_kernel,"TMA[UTMACCTL.PF:1536,UTMACMDFLUSH:2048,UTMALDG.2D:409600,UTMASTG.2D:2048]",wgmma[IGMMA.64x64x32.S8.S8.SAT:2621440],shared+registers,PRMT:10485760,,launches=1;grid=512;block=256;regs=64;smem_per_block_B=33920;theoretical_occ_pct=50.0;achieved_occ_pct=36.15174567477435,NVIDIA_GH200/matmul_int8/cutile_int8.ncu-rep: dynamic: sass__inst_executed_per_opcode_with_modifier_all (1/1 launches),high,kernel=matmul_kernel_Kt1_A2i8_1v16l0_2t1_3i16_p16_A2u8_1v16l0_2t1_3i16_p16_A2i32_1v4l0_2t1_3i16_p16_Si32_Si32_I5120_I128_I64_I32_I8
GH200/tilelang/matmul_int8/int8,matmul_kernel_kernel,cp.async[LDGSTS.E.BYPASS.128:163840]; LDG[128b:100%]; STG[64b:100%],legacy_mma[IMMA.16832.S8.S8:20971520],shared+registers,LDSM.16.M88.4:5242880;PRMT:15728640,,launches=1;grid=256;block=128;regs=241;smem_per_block_B=37888;theoretical_occ_pct=12.5;achieved_occ_pct=12.157169596551173,NVIDIA_GH200/matmul_int8/tilelang_int8.ncu-rep: dynamic: sass__inst_executed_per_opcode_with_modifier_all (1/1 launches),high,
GH200/triton/matmul_int8/int8,matmul_kernel,"TMA[UTMACMDFLUSH:1024,UTMALDG.2D:655360,UTMASTG.2D:1024]",wgmma[IGMMA.64x64x32.S8.S8:2621440],shared+registers,PRMT:28835840,,launches=1;grid=256;block=128;regs=193;smem_per_block_B=70688;theoretical_occ_pct=12.5;achieved_occ_pct=11.527435445157714,NVIDIA_GH200/matmul_int8/triton_int8.ncu-rep: dynamic: sass__inst_executed_per_opcode_with_modifier_all (1/1 launches),high,
GH200/cutile/matrix_copy/bf16,matrix_copy_kernel,LDG[128b:100%]; STG[128b:100%],none,registers,,,launches=1;grid=12800;block=128;regs=24;smem_per_block_B=1024;theoretical_occ_pct=100.0;achieved_occ_pct=81.76826263173086,NVIDIA_GH200/matrix_copy/cutile_bf16.ncu-rep: dynamic: sass__inst_executed_per_opcode_with_modifier_all (1/1 launches),high,kernel=matrix_copy_kernel_Kt1_A1bf16_1i16t1_p16_A1bf16_1i16t1_p16_I2048
GH200/cutile/matrix_copy/fp16,matrix_copy_kernel,LDG[128b:100%]; STG[128b:100%],none,registers,,,launches=1;grid=25600;block=128;regs=16;smem_per_block_B=1024;theoretical_occ_pct=100.0;achieved_occ_pct=80.41974847920267,NVIDIA_GH200/matrix_copy/cutile_fp16.ncu-rep: dynamic: sass__inst_executed_per_opcode_with_modifier_all (1/1 launches),high,kernel=matrix_copy_kernel_Kt1_A1f16_1i16t1_p16_A1f16_1i16t1_p16_I1024
GH200/cutile/matrix_copy/fp32,matrix_copy_kernel,LDG[128b:100%]; STG[128b:100%],none,registers,,,launches=1;grid=25600;block=128;regs=24;smem_per_block_B=1024;theoretical_occ_pct=100.0;achieved_occ_pct=83.87819921507771,NVIDIA_GH200/matrix_copy/cutile_fp32.ncu-rep: dynamic: sass__inst_executed_per_opcode_with_modifier_all (1/1 launches),high,kernel=matrix_copy_kernel_Kt1_A1f32_1i16t1_p16_A1f32_1i16t1_p16_I1024
GH200/cutile/matrix_copy/int8,matrix_copy_kernel,LDG[128b:100%]; STG[128b:100%],none,registers,,,launches=1;grid=6400;block=128;regs=24;smem_per_block_B=1024;theoretical_occ_pct=100.0;achieved_occ_pct=76.3890522573324,NVIDIA_GH200/matrix_copy/cutile_int8.ncu-rep: dynamic: sass__inst_executed_per_opcode_with_modifier_all (1/1 launches),high,kernel=matrix_copy_kernel_Kt1_A1i8_1i16t1_p16_A1i8_1i16t1_p16_I4096
GH200/tilelang/matrix_copy/bf16,matrix_copy_kernel_kernel,LDG[128b:100%]; STG[128b:100%],none,registers,,,launches=1;grid=6400;block=128;regs=26;smem_per_block_B=1024;theoretical_occ_pct=100.0;achieved_occ_pct=85.2190385105409,NVIDIA_GH200/matrix_copy/tilelang_bf16.ncu-rep: dynamic: sass__inst_executed_per_opcode_with_modifier_all (1/1 launches),high,
GH200/tilelang/matrix_copy/fp16,matrix_copy_kernel_kernel,LDG[128b:100%]; STG[128b:100%],none,registers,,,launches=1;grid=6400;block=128;regs=26;smem_per_block_B=1024;theoretical_occ_pct=100.0;achieved_occ_pct=84.90460206325635,NVIDIA_GH200/matrix_copy/tilelang_fp16.ncu-rep: dynamic: sass__inst_executed_per_opcode_with_modifier_all (1/1 launches),high,
GH200/tilelang/matrix_copy/fp32,matrix_copy_kernel_kernel,LDG[128b:100%]; STG[128b:100%],none,registers,,,launches=1;grid=25600;block=256;regs=16;smem_per_block_B=1024;theoretical_occ_pct=100.0;achieved_occ_pct=77.51439094066635,NVIDIA_GH200/matrix_copy/tilelang_fp32.ncu-rep: dynamic: sass__inst_executed_per_opcode_with_modifier_all (1/1 launches),high,
GH200/tilelang/matrix_copy/int8,matrix_copy_kernel_kernel,LDG[128b:100%]; STG[128b:100%],none,registers,,,launches=1;grid=12800;block=128;regs=16;smem_per_block_B=1024;theoretical_occ_pct=100.0;achieved_occ_pct=76.28059812803146,NVIDIA_GH200/matrix_copy/tilelang_int8.ncu-rep: dynamic: sass__inst_executed_per_opcode_with_modifier_all (1/1 launches),high,
GH200/triton/matrix_copy/bf16,matrix_copy_kernel,LDG[128b:100%]; STG[128b:100%],none,registers,,,launches=1;grid=6400;block=128;regs=26;smem_per_block_B=1024;theoretical_occ_pct=100.0;achieved_occ_pct=83.48117085401186,NVIDIA_GH200/matrix_copy/triton_bf16.ncu-rep: dynamic: sass__inst_executed_per_opcode_with_modifier_all (1/1 launches),high,
GH200/triton/matrix_copy/fp16,matrix_copy_kernel,LDG[128b:100%]; STG[128b:100%],none,registers,,,launches=1;grid=6400;block=128;regs=26;smem_per_block_B=1024;theoretical_occ_pct=100.0;achieved_occ_pct=82.70017094806875,NVIDIA_GH200/matrix_copy/triton_fp16.ncu-rep: dynamic: sass__inst_executed_per_opcode_with_modifier_all (1/1 launches),high,
GH200/triton/matrix_copy/fp32,matrix_copy_kernel,LDG[128b:100%]; STG[128b:100%],none,registers,,,launches=1;grid=25600;block=256;regs=16;smem_per_block_B=1024;theoretical_occ_pct=100.0;achieved_occ_pct=77.52947749809401,NVIDIA_GH200/matrix_copy/triton_fp32.ncu-rep: dynamic: sass__inst_executed_per_opcode_with_modifier_all (1/1 launches),high,
GH200/triton/matrix_copy/int8,matrix_copy_kernel,LDG[128b:100%]; STG[128b:100%],none,registers,,,launches=1;grid=6400;block=128;regs=18;smem_per_block_B=1024;theoretical_occ_pct=100.0;achieved_occ_pct=75.64375542860908,NVIDIA_GH200/matrix_copy/triton_int8.ncu-rep: dynamic: sass__inst_executed_per_opcode_with_modifier_all (1/1 launches),high,
GH200/cutile/matrix_transpose/bf16,transpose_kernel,LDG[128b:100%]; STG[128b:100%],none,shared+registers,PRMT:2621440,,launches=1;grid=5120;block=128;regs=109;smem_per_block_B=33792;theoretical_occ_pct=25.0;achieved_occ_pct=23.58718978345596,NVIDIA_GH200/matrix_transpose/cutile_bf16.ncu-rep: dynamic: sass__inst_executed_per_opcode_with_modifier_all (1/1 launches),high,kernel=transpose_kernel_Kt1_A2bf16_1v8l0_2t1_3i16_p16_A2bf16_1v8l0_2t1_3i16_p16_I128
GH200/cutile/matrix_transpose/fp16,transpose_kernel,LDG[128b:100%]; STG[128b:100%],none,shared+registers,PRMT:2621440,,launches=1;grid=5120;block=128;regs=109;smem_per_block_B=33792;theoretical_occ_pct=25.0;achieved_occ_pct=23.57526614522532,NVIDIA_GH200/matrix_transpose/cutile_fp16.ncu-rep: dynamic: sass__inst_executed_per_opcode_with_modifier_all (1/1 launches),high,kernel=transpose_kernel_Kt1_A2f16_1v8l0_2t1_3i16_p16_A2f16_1v8l0_2t1_3i16_p16_I128
GH200/cutile/matrix_transpose/fp32,transpose_kernel,LDG[128b:100%]; STG[128b:100%],none,shared+registers,,,launches=1;grid=20480;block=128;regs=54;smem_per_block_B=17408;theoretical_occ_pct=56.25;achieved_occ_pct=53.162405642915445,NVIDIA_GH200/matrix_transpose/cutile_fp32.ncu-rep: dynamic: sass__inst_executed_per_opcode_with_modifier_all (1/1 launches),high,kernel=transpose_kernel_Kt1_A2f32_1v4l0_2t1_3i16_p16_A2f32_1v4l0_2t1_3i16_p16_I64
GH200/cutile/matrix_transpose/int8,transpose_kernel,LDG[128b:100%]; STG[128b:100%],none,shared+registers,PRMT:3932160,,launches=1;grid=5120;block=128;regs=64;smem_per_block_B=17408;theoretical_occ_pct=50.0;achieved_occ_pct=45.86831699354594,NVIDIA_GH200/matrix_transpose/cutile_int8.ncu-rep: dynamic: sass__inst_executed_per_opcode_with_modifier_all (1/1 launches),high,kernel=transpose_kernel_Kt1_A2i8_1v16l0_2t1_3i16_p16_A2i8_1v16l0_2t1_3i16_p16_I128
GH200/tilelang/matrix_transpose/bf16,matrix_transpose_kernel_kernel,"TMA[UTMACCTL.PF:20480,UTMACMDFLUSH:20480,UTMASTG.2D:20480]; LDG[128b:100%]",none,shared+registers,SHFL.IDX:327680,,launches=1;grid=20480;block=256;regs=22;smem_per_block_B=17408;theoretical_occ_pct=100.0;achieved_occ_pct=90.64781133167304,NVIDIA_GH200/matrix_transpose/tilelang_bf16.ncu-rep: dynamic: sass__inst_executed_per_opcode_with_modifier_all (1/1 launches),high,
GH200/tilelang/matrix_transpose/fp16,matrix_transpose_kernel_kernel,"TMA[UTMACCTL.PF:20480,UTMACMDFLUSH:20480,UTMASTG.2D:20480]; LDG[128b:100%]",none,shared+registers,SHFL.IDX:327680,,launches=1;grid=20480;block=256;regs=22;smem_per_block_B=17408;theoretical_occ_pct=100.0;achieved_occ_pct=90.585022063186,NVIDIA_GH200/matrix_transpose/tilelang_fp16.ncu-rep: dynamic: sass__inst_executed_per_opcode_with_modifier_all (1/1 launches),high,
GH200/tilelang/matrix_transpose/fp32,matrix_transpose_kernel_kernel,"TMA[UTMACCTL.PF:20480,UTMACMDFLUSH:20480,UTMASTG.2D:40960]; LDG[128b:100%]",none,shared+registers,SHFL.IDX:327680,,launches=1;grid=20480;block=256;regs=29;smem_per_block_B=33792;theoretical_occ_pct=75.0;achieved_occ_pct=66.80944720874726,NVIDIA_GH200/matrix_transpose/tilelang_fp32.ncu-rep: dynamic: sass__inst_executed_per_opcode_with_modifier_all (1/1 launches),high,
GH200/tilelang/matrix_transpose/int8,matrix_transpose_kernel_kernel,"TMA[UTMACCTL.PF:20480,UTMACMDFLUSH:20480,UTMASTG.2D:20480]; LDG[128b:100%]",none,shared+registers,SHFL.IDX:163840,,launches=1;grid=20480;block=128;regs=22;smem_per_block_B=9216;theoretical_occ_pct=100.0;achieved_occ_pct=93.44506702411849,NVIDIA_GH200/matrix_transpose/tilelang_int8.ncu-rep: dynamic: sass__inst_executed_per_opcode_with_modifier_all (1/1 launches),high,
GH200/triton/matrix_transpose/bf16,transpose_kernel,LDG[128b:100%]; STG[128b:100%],none,shared+registers,LDSM.16.MT88.4:327680;PRMT:1310720,,launches=1;grid=5120;block=64;regs=166;smem_per_block_B=9216;theoretical_occ_pct=18.75;achieved_occ_pct=17.530286761395747,NVIDIA_GH200/matrix_transpose/triton_bf16.ncu-rep: dynamic: sass__inst_executed_per_opcode_with_modifier_all (1/1 launches),high,
GH200/triton/matrix_transpose/fp16,transpose_kernel,LDG[128b:100%]; STG[128b:100%],none,shared+registers,LDSM.16.MT88.4:327680;PRMT:1310720,,launches=1;grid=5120;block=64;regs=166;smem_per_block_B=9216;theoretical_occ_pct=18.75;achieved_occ_pct=17.513975548241557,NVIDIA_GH200/matrix_transpose/triton_fp16.ncu-rep: dynamic: sass__inst_executed_per_opcode_with_modifier_all (1/1 launches),high,
GH200/triton/matrix_transpose/fp32,transpose_kernel,LDG[128b:100%]; STG[128b:100%],none,shared+registers,,,launches=1;grid=20480;block=256;regs=32;smem_per_block_B=17408;theoretical_occ_pct=100.0;achieved_occ_pct=94.93333858482579,NVIDIA_GH200/matrix_transpose/triton_fp32.ncu-rep: dynamic: sass__inst_executed_per_opcode_with_modifier_all (1/1 launches),high,
GH200/triton/matrix_transpose/int8,transpose_kernel,LDG[128b:100%]; STG[128b:100%],none,shared+registers,PRMT:3932160,,launches=1;grid=5120;block=256;regs=32;smem_per_block_B=17408;theoretical_occ_pct=100.0;achieved_occ_pct=91.37286904433446,NVIDIA_GH200/matrix_transpose/triton_int8.ncu-rep: dynamic: sass__inst_executed_per_opcode_with_modifier_all (1/1 launches),high,
GH200/cutile/mean_reduction/bf16,mean_rowwise_kernel,LDG[128b:100%]; STG[32b:100%],none,shared+registers,PRMT:655360;SHFL.BFLY:57344,,launches=1;grid=2048;block=128;regs=50;smem_per_block_B=1040;theoretical_occ_pct=56.25;achieved_occ_pct=49.15156785375212,NVIDIA_GH200/mean_reduction/cutile_bf16.ncu-rep: dynamic: sass__inst_executed_per_opcode_with_modifier_all (1/1 launches),high,kernel=mean_rowwise_kernel_Kt1_A2bf16_1v8l0_2t1_3i16_p16_A2f32_1i16_3t1_p16_I20480_I2048
GH200/cutile/mean_reduction/fp16,mean_rowwise_kernel,LDG[128b:100%]; STG[32b:100%],none,shared+registers,SHFL.BFLY:57344,,launches=1;grid=2048;block=128;regs=45;smem_per_block_B=1040;theoretical_occ_pct=62.5;achieved_occ_pct=52.24692860207747,NVIDIA_GH200/mean_reduction/cutile_fp16.ncu-rep: dynamic: sass__inst_executed_per_opcode_with_modifier_all (1/1 launches),high,kernel=mean_rowwise_kernel_Kt1_A2f16_1v8l0_2t1_3i16_p16_A2f32_1i16_3t1_p16_I20480_I1024
GH200/cutile/mean_reduction/fp32,mean_rowwise_kernel,LDG[128b:100%]; STG[32b:100%],none,shared+registers,SHFL.BFLY:57344,,launches=1;grid=2048;block=128;regs=64;smem_per_block_B=1040;theoretical_occ_pct=50.0;achieved_occ_pct=47.49301108671963,NVIDIA_GH200/mean_reduction/cutile_fp32.ncu-rep: dynamic: sass__inst_executed_per_opcode_with_modifier_all (1/1 launches),high,kernel=mean_rowwise_kernel_Kt1_A2f32_1v4l0_2t1_3i16_p16_A2f32_1i16_3t1_p16_I20480_I512
GH200/tilelang/mean_reduction/bf16,mean_reduction_kernel_kernel,LDG[128b:100%]; STG[32b:100%],none,shared+registers,PRMT:655360;SHFL.BFLY:81920,,launches=1;grid=2048;block=256;regs=54;smem_per_block_B=2048;theoretical_occ_pct=50.0;achieved_occ_pct=46.61939720229131,NVIDIA_GH200/mean_reduction/tilelang_bf16.ncu-rep: dynamic: sass__inst_executed_per_opcode_with_modifier_all (1/1 launches),high,
GH200/tilelang/mean_reduction/fp16,mean_reduction_kernel_kernel,LDG[128b:100%]; STG[32b:100%],none,shared+registers,SHFL.BFLY:81920,,launches=1;grid=2048;block=256;regs=55;smem_per_block_B=2048;theoretical_occ_pct=50.0;achieved_occ_pct=46.77027951967433,NVIDIA_GH200/mean_reduction/tilelang_fp16.ncu-rep: dynamic: sass__inst_executed_per_opcode_with_modifier_all (1/1 launches),high,
GH200/tilelang/mean_reduction/fp32,mean_reduction_kernel_kernel,LDG[128b:100%]; STG[32b:100%],none,shared+registers,SHFL.BFLY:81920,,launches=1;grid=2048;block=256;regs=88;smem_per_block_B=2048;theoretical_occ_pct=25.0;achieved_occ_pct=24.203560420873632,NVIDIA_GH200/mean_reduction/tilelang_fp32.ncu-rep: dynamic: sass__inst_executed_per_opcode_with_modifier_all (1/1 launches),high,
GH200/triton/mean_reduction/bf16,mean_rowwise_kernel,LDG[64b:100%]; STG[32b:100%],none,shared+registers,PRMT:655360;SHFL.BFLY:131072,,launches=1;grid=2048;block=256;regs=32;smem_per_block_B=1056;theoretical_occ_pct=100.0;achieved_occ_pct=93.433117890652,NVIDIA_GH200/mean_reduction/triton_bf16.ncu-rep: dynamic: sass__inst_executed_per_opcode_with_modifier_all (1/1 launches),high,
GH200/triton/mean_reduction/fp16,mean_rowwise_kernel,LDG[128b:100%]; STG[32b:100%],none,shared+registers,SHFL.BFLY:57344,,launches=1;grid=2048;block=128;regs=32;smem_per_block_B=1040;theoretical_occ_pct=100.0;achieved_occ_pct=91.35389489546513,NVIDIA_GH200/mean_reduction/triton_fp16.ncu-rep: dynamic: sass__inst_executed_per_opcode_with_modifier_all (1/1 launches),high,
GH200/triton/mean_reduction/fp32,mean_rowwise_kernel,LDG[128b:100%]; STG[32b:100%],none,shared+registers,SHFL.BFLY:131072,,launches=1;grid=2048;block=256;regs=30;smem_per_block_B=1056;theoretical_occ_pct=100.0;achieved_occ_pct=95.41602217746335,NVIDIA_GH200/mean_reduction/triton_fp32.ncu-rep: dynamic: sass__inst_executed_per_opcode_with_modifier_all (1/1 launches),high,
GH200/cutile/moe_topk_gating/bf16,moe_topk_gating_kernel,"LDG[16b:100%]; STG[16b:50%,32b:50%]",none,shared+registers,SHFL.BFLY:3276800,ATOMS.MAX:163840,launches=1;grid=20480;block=128;regs=26;smem_per_block_B=1056;theoretical_occ_pct=100.0;achieved_occ_pct=92.64167451832608,NVIDIA_GH200/moe_topk_gating/cutile_bf16.ncu-rep: dynamic: sass__inst_executed_per_opcode_with_modifier_all (1/1 launches),high,kernel=moe_topk_gating_kernel_Kt1_A2bf16_1v8l0_2t1_3i16_p16_A2bf16_1i16l0_2t1_p16_A2i32_1i16l0_2t1_p16_Si32_I2_I128_I2
GH200/cutile/moe_topk_gating/fp16,moe_topk_gating_kernel,"LDG[16b:100%]; STG[16b:50%,32b:50%]",none,shared+registers,SHFL.BFLY:3276800,ATOMS.MAX:163840,launches=1;grid=20480;block=128;regs=26;smem_per_block_B=1056;theoretical_occ_pct=100.0;achieved_occ_pct=92.57564341944901,NVIDIA_GH200/moe_topk_gating/cutile_fp16.ncu-rep: dynamic: sass__inst_executed_per_opcode_with_modifier_all (1/1 launches),high,kernel=moe_topk_gating_kernel_Kt1_A2f16_1v8l0_2t1_3i16_p16_A2f16_1i16l0_2t1_p16_A2i32_1i16l0_2t1_p16_Si32_I2_I128_I2
GH200/cutile/moe_topk_gating/fp32,moe_topk_gating_kernel,LDG[32b:100%]; STG[32b:100%],none,shared+registers,SHFL.BFLY:3276800,ATOMS.MAX:163840,launches=1;grid=20480;block=128;regs=26;smem_per_block_B=1056;theoretical_occ_pct=100.0;achieved_occ_pct=92.60938346263413,NVIDIA_GH200/moe_topk_gating/cutile_fp32.ncu-rep: dynamic: sass__inst_executed_per_opcode_with_modifier_all (1/1 launches),high,kernel=moe_topk_gating_kernel_Kt1_A2f32_1v4l0_2t1_3i16_p16_A2f32_1i16l0_2t1_p16_A2i32_1i16l0_2t1_p16_Si32_I2_I128_I2
GH200/tilelang/moe_topk_gating/bf16,moe_topk_gating_kernel_kernel,"LDG[64b:100%]; STG[16b:50%,32b:50%]",none,registers,PRMT:40960;SHFL.BFLY:450560,,launches=1;grid=20480;block=32;regs=22;smem_per_block_B=1024;theoretical_occ_pct=50.0;achieved_occ_pct=24.12956629660606,NVIDIA_GH200/moe_topk_gating/tilelang_bf16.ncu-rep: dynamic: sass__inst_executed_per_opcode_with_modifier_all (1/1 launches),high,
GH200/tilelang/moe_topk_gating/fp16,moe_topk_gating_kernel_kernel,"LDG[64b:100%]; STG[16b:50%,32b:50%]",none,registers,PRMT:20480;SHFL.BFLY:450560,,launches=1;grid=20480;block=32;regs=22;smem_per_block_B=1024;theoretical_occ_pct=50.0;achieved_occ_pct=24.453545792046313,NVIDIA_GH200/moe_topk_gating/tilelang_fp16.ncu-rep: dynamic: sass__inst_executed_per_opcode_with_modifier_all (1/1 launches),high,
GH200/tilelang/moe_topk_gating/fp32,moe_topk_gating_kernel_kernel,LDG[128b:100%]; STG[32b:100%],none,registers,SHFL.BFLY:450560,,launches=1;grid=20480;block=32;regs=22;smem_per_block_B=1024;theoretical_occ_pct=50.0;achieved_occ_pct=25.103381307263025,NVIDIA_GH200/moe_topk_gating/tilelang_fp32.ncu-rep: dynamic: sass__inst_executed_per_opcode_with_modifier_all (1/1 launches),high,
GH200/triton/moe_topk_gating/bf16,moe_topk_gating_kernel,"LDG[64b:100%]; STG[16b:50%,32b:50%]",none,registers,PRMT:40960;SHFL.BFLY:655360,,launches=1;grid=20480;block=32;regs=21;smem_per_block_B=1024;theoretical_occ_pct=50.0;achieved_occ_pct=23.405074247137996,NVIDIA_GH200/moe_topk_gating/triton_bf16.ncu-rep: dynamic: sass__inst_executed_per_opcode_with_modifier_all (1/1 launches),high,
GH200/triton/moe_topk_gating/fp16,moe_topk_gating_kernel,"LDG[32b:100%]; STG[16b:67%,32b:33%]",none,shared+registers,SHFL.BFLY:1556480,,launches=1;grid=20480;block=64;regs=25;smem_per_block_B=1040;theoretical_occ_pct=100.0;achieved_occ_pct=88.19560843055835,NVIDIA_GH200/moe_topk_gating/triton_fp16.ncu-rep: dynamic: sass__inst_executed_per_opcode_with_modifier_all (1/1 launches),high,
GH200/triton/moe_topk_gating/fp32,moe_topk_gating_kernel,LDG[128b:100%]; STG[32b:100%],none,registers,SHFL.BFLY:655360,,launches=1;grid=20480;block=32;regs=22;smem_per_block_B=1024;theoretical_occ_pct=50.0;achieved_occ_pct=24.72410119192411,NVIDIA_GH200/moe_topk_gating/triton_fp32.ncu-rep: dynamic: sass__inst_executed_per_opcode_with_modifier_all (1/1 launches),high,
GH200/cutile/mul2/bf16,mul2_kernel,LDG[128b:100%]; STG[128b:100%],none,registers,,,launches=1;grid=20480;block=128;regs=16;smem_per_block_B=1024;theoretical_occ_pct=100.0;achieved_occ_pct=79.85967566172533,NVIDIA_GH200/mul2/cutile_bf16.ncu-rep: dynamic: sass__inst_executed_per_opcode_with_modifier_all (1/1 launches),high,kernel=mul2_kernel_Kt1_A1bf16_1i16t1_p16_A1bf16_1i16t1_p16_I1024
GH200/cutile/mul2/fp16,mul2_kernel,LDG[128b:100%]; STG[128b:100%],none,registers,,,launches=1;grid=20480;block=128;regs=16;smem_per_block_B=1024;theoretical_occ_pct=100.0;achieved_occ_pct=80.26874279263717,NVIDIA_GH200/mul2/cutile_fp16.ncu-rep: dynamic: sass__inst_executed_per_opcode_with_modifier_all (1/1 launches),high,kernel=mul2_kernel_Kt1_A1f16_1i16t1_p16_A1f16_1i16t1_p16_I1024
GH200/cutile/mul2/fp32,mul2_kernel,LDG[128b:100%]; STG[128b:100%],none,registers,,,launches=1;grid=40960;block=128;regs=16;smem_per_block_B=1024;theoretical_occ_pct=100.0;achieved_occ_pct=81.02604478865234,NVIDIA_GH200/mul2/cutile_fp32.ncu-rep: dynamic: sass__inst_executed_per_opcode_with_modifier_all (1/1 launches),high,kernel=mul2_kernel_Kt1_A1f32_1i16t1_p16_A1f32_1i16t1_p16_I512
GH200/cutile/mul2/int8,mul2_kernel,LDG[128b:100%]; STG[128b:100%],none,registers,PRMT:1146880,,launches=1;grid=10240;block=128;regs=21;smem_per_block_B=1024;theoretical_occ_pct=100.0;achieved_occ_pct=76.78226065276604,NVIDIA_GH200/mul2/cutile_int8.ncu-rep: dynamic: sass__inst_executed_per_opcode_with_modifier_all (1/1 launches),high,kernel=mul2_kernel_Kt1_A1i8_1i16t1_p16_A1i8_1i16t1_p16_I2048
GH200/tilelang/mul2/bf16,mul2_kernel_kernel,LDG[128b:100%]; STG[128b:100%],none,registers,,,launches=1;grid=10240;block=256;regs=16;smem_per_block_B=1024;theoretical_occ_pct=100.0;achieved_occ_pct=75.42976182441444,NVIDIA_GH200/mul2/tilelang_bf16.ncu-rep: dynamic: sass__inst_executed_per_opcode_with_modifier_all (1/1 launches),high,
GH200/tilelang/mul2/fp16,mul2_kernel_kernel,LDG[128b:100%]; STG[128b:100%],none,registers,,,launches=1;grid=10240;block=64;regs=26;smem_per_block_B=1024;theoretical_occ_pct=100.0;achieved_occ_pct=78.46683538914385,NVIDIA_GH200/mul2/tilelang_fp16.ncu-rep: dynamic: sass__inst_executed_per_opcode_with_modifier_all (1/1 launches),high,
GH200/tilelang/mul2/fp32,mul2_kernel_kernel,LDG[128b:100%]; STG[128b:100%],none,registers,,,launches=1;grid=20480;block=256;regs=16;smem_per_block_B=1024;theoretical_occ_pct=100.0;achieved_occ_pct=77.31182307484839,NVIDIA_GH200/mul2/tilelang_fp32.ncu-rep: dynamic: sass__inst_executed_per_opcode_with_modifier_all (1/1 launches),high,
GH200/tilelang/mul2/int8,mul2_kernel_kernel,LDG[128b:100%]; STG[128b:100%],none,registers,,,launches=1;grid=10240;block=128;regs=16;smem_per_block_B=1024;theoretical_occ_pct=100.0;achieved_occ_pct=74.87730335635968,NVIDIA_GH200/mul2/tilelang_int8.ncu-rep: dynamic: sass__inst_executed_per_opcode_with_modifier_all (1/1 launches),high,
GH200/triton/mul2/bf16,mul2_kernel,LDG[128b:100%]; STG[128b:100%],none,registers,,,launches=1;grid=20480;block=64;regs=18;smem_per_block_B=1024;theoretical_occ_pct=100.0;achieved_occ_pct=80.18452710236201,NVIDIA_GH200/mul2/triton_bf16.ncu-rep: dynamic: sass__inst_executed_per_opcode_with_modifier_all (1/1 launches),high,
GH200/triton/mul2/fp16,mul2_kernel,LDG[128b:100%]; STG[128b:100%],none,registers,,,launches=1;grid=10240;block=256;regs=16;smem_per_block_B=1024;theoretical_occ_pct=100.0;achieved_occ_pct=75.61554527537282,NVIDIA_GH200/mul2/triton_fp16.ncu-rep: dynamic: sass__inst_executed_per_opcode_with_modifier_all (1/1 launches),high,
GH200/triton/mul2/fp32,mul2_kernel,LDG[128b:100%]; STG[128b:100%],none,registers,,,launches=1;grid=10240;block=64;regs=40;smem_per_block_B=1024;theoretical_occ_pct=75.0;achieved_occ_pct=65.01804520534033,NVIDIA_GH200/mul2/triton_fp32.ncu-rep: dynamic: sass__inst_executed_per_opcode_with_modifier_all (1/1 launches),high,
GH200/triton/mul2/int8,mul2_kernel,LDG[128b:100%]; STG[128b:100%],none,registers,PRMT:1146880,,launches=1;grid=10240;block=64;regs=29;smem_per_block_B=1024;theoretical_occ_pct=100.0;achieved_occ_pct=71.45029748827865,NVIDIA_GH200/mul2/triton_int8.ncu-rep: dynamic: sass__inst_executed_per_opcode_with_modifier_all (1/1 launches),high,
GH200/cutile/quantize_global/fp32,quantize_kernel,LDG[128b:100%]; STG[128b:100%],none,shared+registers,PRMT:655360,,launches=1;grid=5120;block=128;regs=44;smem_per_block_B=17408;theoretical_occ_pct=62.5;achieved_occ_pct=56.650590350107954,NVIDIA_GH200/quantize_global/cutile_fp32.ncu-rep: dynamic: sass__inst_executed_per_opcode_with_modifier_all (1/1 launches),high,kernel=quantize_kernel_Kt1_A1f32_1i16t1_p16_A1f16_1i16t1_p16_I4096
GH200/tilelang/quantize_global/fp32,quantize_global_kernel_kernel,LDG[128b:100%]; STG[64b:100%],none,registers,,,launches=1;grid=2560;block=128;regs=72;smem_per_block_B=1024;theoretical_occ_pct=43.75;achieved_occ_pct=37.29238644067422,NVIDIA_GH200/quantize_global/tilelang_fp32.ncu-rep: dynamic: sass__inst_executed_per_opcode_with_modifier_all (1/1 launches),high,
GH200/triton/quantize_global/fp32,quantize_kernel,LDG[128b:100%]; STG[128b:100%],none,registers,,,launches=1;grid=10240;block=128;regs=24;smem_per_block_B=1024;theoretical_occ_pct=100.0;achieved_occ_pct=79.24244975647558,NVIDIA_GH200/quantize_global/triton_fp32.ncu-rep: dynamic: sass__inst_executed_per_opcode_with_modifier_all (1/1 launches),high,
GH200/cutile/radix_sort/int32,radix_histogram_kernel,"TMA[UTMACCTL.PF:312512,UTMALDG.1D:1250048]; STG[32b:100%]",none,shared+registers,SHFL.BFLY:17500672,,launches=16;grid=19532;block=256;regs=22;smem_per_block_B=5160;theoretical_occ_pct=100.0;achieved_occ_pct=77.97919806146571,NVIDIA_GH200/radix_sort/cutile_int32.ncu-rep: dynamic: sass__inst_executed_per_opcode_with_modifier_all (16/16 launches),high,kernel=radix_histogram_kernel_Kt1_A1i32_1i16t1_p16_A1i32_1i16t1_p16_Si32_Si32_Si32_I1024_I4_I16_I65535
GH200/cutile/radix_sort/int32,radix_sum_chunks_kernel,"TMA[UTMACCTL.PF:1232,UTMALDG.1D:4928]; STG[32b:100%]",none,shared+registers,SHFL.BFLY:9856,,launches=16;grid=77;block=256;regs=16;smem_per_block_B=5144;theoretical_occ_pct=100.0;achieved_occ_pct=8.520396342101956,NVIDIA_GH200/radix_sort/cutile_int32.ncu-rep: dynamic: sass__inst_executed_per_opcode_with_modifier_all (16/16 launches),high,kernel=radix_sum_chunks_kernel_Kt1_A1i32_1i16t1_p16_A1i32_1t1_p16_I1024
GH200/cutile/radix_sort/int32,radix_scan_chunk_sums_kernel,LDG[32b:100%]; STG[32b:100%],none,shared+registers,SHFL.UP:2560,,launches=16;grid=1;block=128;regs=56;smem_per_block_B=5120;theoretical_occ_pct=56.25;achieved_occ_pct=6.230670103092783,NVIDIA_GH200/radix_sort/cutile_int32.ncu-rep: dynamic: sass__inst_executed_per_opcode_with_modifier_all (16/16 launches),high,kernel=radix_scan_chunk_sums_kernel_Kt1_A1i32_1t1_p16_I1024
GH200/cutile/radix_sort/int32,radix_scan_chunks_kernel,"LDG[32b:33%,128b:67%]; STG[128b:100%]",none,shared+registers,SHFL.UP:197120,,launches=16;grid=77;block=128;regs=60;smem_per_block_B=9216;theoretical_occ_pct=50.0;achieved_occ_pct=6.2262118565873585,NVIDIA_GH200/radix_sort/cutile_int32.ncu-rep: dynamic: sass__inst_executed_per_opcode_with_modifier_all (16/16 launches),high,kernel=radix_scan_chunks_kernel_Kt1_A1i32_1i16t1_p16_A1i32_1t1_p16_I1024
GH200/cutile/radix_sort/int32,radix_scatter_kernel,"LDG[32b:80%,128b:20%]; STG[32b:100%]",none,shared+registers,PRMT:35001344;SHFL.UP:100003840,,launches=16;grid=19532;block=128;regs=92;smem_per_block_B=44032;theoretical_occ_pct=31.25;achieved_occ_pct=30.07375824394399,NVIDIA_GH200/radix_sort/cutile_int32.ncu-rep: dynamic: sass__inst_executed_per_opcode_with_modifier_all (16/16 launches),high,kernel=radix_scatter_kernel_Kt1_A1i32_1i16t1_p16_A1i32_1i16t1_p16_A1i32_1i16t1_p16_Si32_Si32_Si32_I1024_I4_I16_I65535
GH200/tilelang/radix_sort/int32,main_kernel,"LDG[32b:50%,64b:50%,128b:0%]; STG[32b:100%,128b:0%]",none,shared+registers,SHFL.BFLY:12525120;SHFL.IDX:40081408;SHFL.UP:100203520,,launches=80;grid=19532;block=64;regs=72;smem_per_block_B=9216;theoretical_occ_pct=43.75;achieved_occ_pct=41.626222459728616,NVIDIA_GH200/radix_sort/tilelang_int32.ncu-rep: dynamic: sass__inst_executed_per_opcode_with_modifier_all (80/80 launches),high,
GH200/triton/radix_sort/int32,radix_histogram_kernel,static_sites:LDG[128b:100%]; STG[32b:100%],static_sites:none,shared+registers,SHFL.BFLY:14,,launches=16;grid=19532;block=128;regs=24;smem_per_block_B=1056;theoretical_occ_pct=100.0;achieved_occ_pct=91.24694045484142,NVIDIA_GH200/radix_sort/triton_int32.ncu-rep: static SASS (ncu --import --page source --print-source sass --csv); counts are static instruction sites,medium,
GH200/triton/radix_sort/int32,radix_sum_chunks_kernel,LDG[128b:100%]; STG[32b:100%],none,shared+registers,SHFL.BFLY:9856,,launches=16;grid=77;block=128;regs=16;smem_per_block_B=1040;theoretical_occ_pct=100.0;achieved_occ_pct=5.920176135269687,NVIDIA_GH200/radix_sort/triton_int32.ncu-rep: dynamic: sass__inst_executed_per_opcode_with_modifier_all (16/16 launches),high,
GH200/triton/radix_sort/int32,radix_scan_chunk_sums_kernel,LDG[32b:100%]; STG[32b:100%],none,shared+registers,SHFL.UP:768,,launches=16;grid=1;block=128;regs=28;smem_per_block_B=1056;theoretical_occ_pct=100.0;achieved_occ_pct=6.194134078212291,NVIDIA_GH200/radix_sort/triton_int32.ncu-rep: dynamic: sass__inst_executed_per_opcode_with_modifier_all (16/16 launches),high,
GH200/triton/radix_sort/int32,radix_scan_chunks_kernel,"LDG[32b:33%,128b:67%]; STG[128b:100%]",none,shared+registers,SHFL.UP:59136,,launches=16;grid=77;block=128;regs=24;smem_per_block_B=1056;theoretical_occ_pct=100.0;achieved_occ_pct=6.212336357969107,NVIDIA_GH200/radix_sort/triton_int32.ncu-rep: dynamic: sass__inst_executed_per_opcode_with_modifier_all (16/16 launches),high,
GH200/triton/radix_sort/int32,radix_scatter_kernel,"static_sites:LDG[32b:80%,128b:20%]; STG[32b:100%]",static_sites:none,shared+registers,LDSM.16.M88.4:1;SHFL.UP:12,,launches=16;grid=19532;block=256;regs=32;smem_per_block_B=9216;theoretical_occ_pct=100.0;achieved_occ_pct=93.52352006476919,NVIDIA_GH200/radix_sort/triton_int32.ncu-rep: static SASS (ncu --import --page source --print-source sass --csv); counts are static instruction sites,medium,
GH200/cutile/relu/bf16,relu_kernel,LDG[128b:100%]; STG[128b:100%],none,registers,PRMT:655360,,launches=1;grid=10240;block=128;regs=22;smem_per_block_B=1024;theoretical_occ_pct=100.0;achieved_occ_pct=80.57993976501886,NVIDIA_GH200/relu/cutile_bf16.ncu-rep: dynamic: sass__inst_executed_per_opcode_with_modifier_all (1/1 launches),high,kernel=relu_kernel_Kt1_A1bf16_1i16t1_p16_A1bf16_1i16t1_p16_I2048
GH200/cutile/relu/fp16,relu_kernel,LDG[128b:100%]; STG[128b:100%],none,registers,PRMT:655360,,launches=1;grid=10240;block=128;regs=22;smem_per_block_B=1024;theoretical_occ_pct=100.0;achieved_occ_pct=80.44363729127959,NVIDIA_GH200/relu/cutile_fp16.ncu-rep: dynamic: sass__inst_executed_per_opcode_with_modifier_all (1/1 launches),high,kernel=relu_kernel_Kt1_A1f16_1i16t1_p16_A1f16_1i16t1_p16_I2048
GH200/cutile/relu/fp32,relu_kernel,LDG[128b:100%]; STG[128b:100%],none,registers,,,launches=1;grid=40960;block=128;regs=16;smem_per_block_B=1024;theoretical_occ_pct=100.0;achieved_occ_pct=81.92812366273998,NVIDIA_GH200/relu/cutile_fp32.ncu-rep: dynamic: sass__inst_executed_per_opcode_with_modifier_all (1/1 launches),high,kernel=relu_kernel_Kt1_A1f32_1i16t1_p16_A1f32_1i16t1_p16_I512
GH200/cutile/relu/int8,relu_kernel,LDG[128b:100%]; STG[128b:100%],none,registers,PRMT:2539520,,launches=1;grid=10240;block=128;regs=26;smem_per_block_B=1024;theoretical_occ_pct=100.0;achieved_occ_pct=80.37813575885667,NVIDIA_GH200/relu/cutile_int8.ncu-rep: dynamic: sass__inst_executed_per_opcode_with_modifier_all (1/1 launches),high,kernel=relu_kernel_Kt1_A1i8_1i16t1_p16_A1i8_1i16t1_p16_I2048
GH200/tilelang/relu/bf16,relu_kernel_kernel,LDG[128b:100%]; STG[128b:100%],none,registers,PRMT:1024000,,launches=1;grid=20480;block=64;regs=18;smem_per_block_B=1024;theoretical_occ_pct=100.0;achieved_occ_pct=79.90639480685985,NVIDIA_GH200/relu/tilelang_bf16.ncu-rep: dynamic: sass__inst_executed_per_opcode_with_modifier_all (1/1 launches),high,
GH200/tilelang/relu/fp16,relu_kernel_kernel,LDG[128b:100%]; STG[128b:100%],none,registers,PRMT:1331200,,launches=1;grid=10240;block=64;regs=26;smem_per_block_B=1024;theoretical_occ_pct=100.0;achieved_occ_pct=80.91678242397774,NVIDIA_GH200/relu/tilelang_fp16.ncu-rep: dynamic: sass__inst_executed_per_opcode_with_modifier_all (1/1 launches),high,
GH200/tilelang/relu/fp32,relu_kernel_kernel,LDG[128b:100%]; STG[128b:100%],none,registers,,,launches=1;grid=10240;block=256;regs=18;smem_per_block_B=1024;theoretical_occ_pct=100.0;achieved_occ_pct=78.88474307352833,NVIDIA_GH200/relu/tilelang_fp32.ncu-rep: dynamic: sass__inst_executed_per_opcode_with_modifier_all (1/1 launches),high,
GH200/tilelang/relu/int8,relu_kernel_kernel,LDG[128b:100%]; STG[128b:100%],none,registers,PRMT:819200,,launches=1;grid=10240;block=128;regs=37;smem_per_block_B=1024;theoretical_occ_pct=75.0;achieved_occ_pct=57.20316371451999,NVIDIA_GH200/relu/tilelang_int8.ncu-rep: dynamic: sass__inst_executed_per_opcode_with_modifier_all (1/1 launches),high,
GH200/triton/relu/bf16,relu_kernel,LDG[128b:100%]; STG[128b:100%],none,registers,PRMT:655360,,launches=1;grid=20480;block=64;regs=26;smem_per_block_B=1024;theoretical_occ_pct=100.0;achieved_occ_pct=80.69340514335906,NVIDIA_GH200/relu/triton_bf16.ncu-rep: dynamic: sass__inst_executed_per_opcode_with_modifier_all (1/1 launches),high,
GH200/triton/relu/fp16,relu_kernel,LDG[128b:100%]; STG[128b:100%],none,registers,PRMT:655360,,launches=1;grid=20480;block=64;regs=26;smem_per_block_B=1024;theoretical_occ_pct=100.0;achieved_occ_pct=80.70854159308743,NVIDIA_GH200/relu/triton_fp16.ncu-rep: dynamic: sass__inst_executed_per_opcode_with_modifier_all (1/1 launches),high,
GH200/triton/relu/fp32,relu_kernel,LDG[128b:100%]; STG[128b:100%],none,registers,,,launches=1;grid=40960;block=64;regs=18;smem_per_block_B=1024;theoretical_occ_pct=100.0;achieved_occ_pct=83.31428281498624,NVIDIA_GH200/relu/triton_fp32.ncu-rep: dynamic: sass__inst_executed_per_opcode_with_modifier_all (1/1 launches),high,
GH200/triton/relu/int8,relu_kernel,LDG[128b:100%]; STG[128b:100%],none,registers,PRMT:1495040,,launches=1;grid=10240;block=64;regs=31;smem_per_block_B=1024;theoretical_occ_pct=100.0;achieved_occ_pct=70.72970126932765,NVIDIA_GH200/relu/triton_int8.ncu-rep: dynamic: sass__inst_executed_per_opcode_with_modifier_all (1/1 launches),high,
GH200/cutile/reverse_array/bf16,reverse_kernel,LDG[16b:100%]; STG[128b:100%],none,shared+registers,PRMT:1250304,,launches=1;grid=2442;block=128;regs=86;smem_per_block_B=17408;theoretical_occ_pct=31.25;achieved_occ_pct=28.862682529788508,NVIDIA_GH200/reverse_array/cutile_bf16.ncu-rep: dynamic: sass__inst_executed_per_opcode_with_modifier_all (1/1 launches),high,kernel=reverse_kernel_Kt1_A1bf16_1i16t1_p16_A1bf16_1i16t1_p16_Si32_I8192
GH200/cutile/reverse_array/fp16,reverse_kernel,LDG[16b:100%]; STG[128b:100%],none,shared+registers,PRMT:1250048,,launches=1;grid=4883;block=128;regs=44;smem_per_block_B=9216;theoretical_occ_pct=62.5;achieved_occ_pct=55.95522024223474,NVIDIA_GH200/reverse_array/cutile_fp16.ncu-rep: dynamic: sass__inst_executed_per_opcode_with_modifier_all (1/1 launches),high,kernel=reverse_kernel_Kt1_A1f16_1i16t1_p16_A1f16_1i16t1_p16_Si32_I4096
GH200/cutile/reverse_array/fp32,reverse_kernel,LDG[32b:100%]; STG[128b:100%],none,shared+registers,,,launches=1;grid=19532;block=128;regs=18;smem_per_block_B=5120;theoretical_occ_pct=100.0;achieved_occ_pct=91.92934944813979,NVIDIA_GH200/reverse_array/cutile_fp32.ncu-rep: dynamic: sass__inst_executed_per_opcode_with_modifier_all (1/1 launches),high,kernel=reverse_kernel_Kt1_A1f32_1i16t1_p16_A1f32_1i16t1_p16_Si32_I1024
GH200/cutile/reverse_array/int8,reverse_kernel,LDG[8b:100%]; STG[64b:100%],none,shared+registers,PRMT:625024,,launches=1;grid=19532;block=128;regs=28;smem_per_block_B=2048;theoretical_occ_pct=100.0;achieved_occ_pct=85.52852466363751,NVIDIA_GH200/reverse_array/cutile_int8.ncu-rep: dynamic: sass__inst_executed_per_opcode_with_modifier_all (1/1 launches),high,kernel=reverse_kernel_Kt1_A1i8_1i16t1_p16_A1i8_1i16t1_p16_Si32_I1024
GH200/tilelang/reverse_array/bf16,reverse_array_kernel_kernel,LDG[16b:100%]; STG[16b:100%],none,registers,PRMT:625000,,launches=1;grid=9766;block=128;regs=28;smem_per_block_B=1024;theoretical_occ_pct=100.0;achieved_occ_pct=88.04499749473014,NVIDIA_GH200/reverse_array/tilelang_bf16.ncu-rep: dynamic: sass__inst_executed_per_opcode_with_modifier_all (1/1 launches),high,
GH200/tilelang/reverse_array/fp16,reverse_array_kernel_kernel,LDG[16b:100%]; STG[16b:100%],none,registers,PRMT:625000,,launches=1;grid=9766;block=128;regs=28;smem_per_block_B=1024;theoretical_occ_pct=100.0;achieved_occ_pct=87.78169288738297,NVIDIA_GH200/reverse_array/tilelang_fp16.ncu-rep: dynamic: sass__inst_executed_per_opcode_with_modifier_all (1/1 launches),high,
GH200/tilelang/reverse_array/fp32,reverse_array_kernel_kernel,LDG[32b:100%]; STG[32b:100%],none,registers,,,launches=1;grid=9766;block=256;regs=20;smem_per_block_B=1024;theoretical_occ_pct=100.0;achieved_occ_pct=85.08199129519339,NVIDIA_GH200/reverse_array/tilelang_fp32.ncu-rep: dynamic: sass__inst_executed_per_opcode_with_modifier_all (1/1 launches),high,
GH200/tilelang/reverse_array/int8,reverse_array_kernel_kernel,LDG[8b:100%]; STG[8b:100%],none,registers,PRMT:625000,,launches=1;grid=19532;block=128;regs=20;smem_per_block_B=1024;theoretical_occ_pct=100.0;achieved_occ_pct=86.2443776790519,NVIDIA_GH200/reverse_array/tilelang_int8.ncu-rep: dynamic: sass__inst_executed_per_opcode_with_modifier_all (1/1 launches),high,
GH200/triton/reverse_array/bf16,reverse_kernel,LDG[16b:100%]; STG[128b:100%],none,registers,PRMT:937536,,launches=1;grid=4883;block=128;regs=32;smem_per_block_B=1024;theoretical_occ_pct=100.0;achieved_occ_pct=82.34385456659754,NVIDIA_GH200/reverse_array/triton_bf16.ncu-rep: dynamic: sass__inst_executed_per_opcode_with_modifier_all (1/1 launches),high,
GH200/triton/reverse_array/fp16,reverse_kernel,LDG[16b:100%]; STG[128b:100%],none,registers,PRMT:937728,,launches=1;grid=2442;block=256;regs=40;smem_per_block_B=1024;theoretical_occ_pct=75.0;achieved_occ_pct=62.91208214288737,NVIDIA_GH200/reverse_array/triton_fp16.ncu-rep: dynamic: sass__inst_executed_per_opcode_with_modifier_all (1/1 launches),high,
GH200/triton/reverse_array/fp32,reverse_kernel,LDG[32b:100%]; STG[128b:100%],none,registers,,,launches=1;grid=19532;block=128;regs=29;smem_per_block_B=1024;theoretical_occ_pct=100.0;achieved_occ_pct=84.90059704409221,NVIDIA_GH200/reverse_array/triton_fp32.ncu-rep: dynamic: sass__inst_executed_per_opcode_with_modifier_all (1/1 launches),high,
GH200/triton/reverse_array/int8,reverse_kernel,LDG[8b:100%]; STG[128b:100%],none,registers,PRMT:1093792,,launches=1;grid=9766;block=128;regs=29;smem_per_block_B=1024;theoretical_occ_pct=100.0;achieved_occ_pct=84.33028446568542,NVIDIA_GH200/reverse_array/triton_int8.ncu-rep: dynamic: sass__inst_executed_per_opcode_with_modifier_all (1/1 launches),high,
GH200/cutile/rmsnorm/bf16,rmsnorm_kernel,LDG[128b:100%]; STG[128b:100%],none,shared+registers,PRMT:983040;SHFL.BFLY:57344,,launches=1;grid=2048;block=128;regs=96;smem_per_block_B=1040;theoretical_occ_pct=31.25;achieved_occ_pct=28.004650452569308,NVIDIA_GH200/rmsnorm/cutile_bf16.ncu-rep: dynamic: sass__inst_executed_per_opcode_with_modifier_all (1/1 launches),high,kernel=rmsnorm_kernel_Kt1_A2bf16_1v8l0_2t1_3i16_p16_A1bf16_1i16t1_p16_A2bf16_1v8l0_2t1_3i16_p16_Sf32_I10240_I2048
GH200/cutile/rmsnorm/fp16,rmsnorm_kernel,LDG[128b:100%]; STG[128b:100%],none,shared+registers,SHFL.BFLY:57344,,launches=1;grid=2048;block=128;regs=72;smem_per_block_B=1040;theoretical_occ_pct=43.75;achieved_occ_pct=37.679786088763365,NVIDIA_GH200/rmsnorm/cutile_fp16.ncu-rep: dynamic: sass__inst_executed_per_opcode_with_modifier_all (1/1 launches),high,kernel=rmsnorm_kernel_Kt1_A2f16_1v8l0_2t1_3i16_p16_A1f16_1i16t1_p16_A2f16_1v8l0_2t1_3i16_p16_Sf32_I10240_I2048
GH200/cutile/rmsnorm/fp32,rmsnorm_kernel,LDG[128b:100%]; STG[128b:100%],none,shared+registers,SHFL.BFLY:57344,,launches=1;grid=2048;block=128;regs=94;smem_per_block_B=1040;theoretical_occ_pct=31.25;achieved_occ_pct=26.71377109947058,NVIDIA_GH200/rmsnorm/cutile_fp32.ncu-rep: dynamic: sass__inst_executed_per_opcode_with_modifier_all (1/1 launches),high,kernel=rmsnorm_kernel_Kt1_A2f32_1v4l0_2t1_3i16_p16_A1f32_1i16t1_p16_A2f32_1v4l0_2t1_3i16_p16_Sf32_I10240_I1024
GH200/tilelang/rmsnorm/bf16,rmsnorm_kernel_kernel,LDG[64b:100%]; STG[64b:100%],none,shared+registers,PRMT:655360;SHFL.BFLY:81920,,launches=1;grid=2048;block=256;regs=71;smem_per_block_B=2048;theoretical_occ_pct=37.5;achieved_occ_pct=34.055412839579674,NVIDIA_GH200/rmsnorm/tilelang_bf16.ncu-rep: dynamic: sass__inst_executed_per_opcode_with_modifier_all (1/1 launches),high,
GH200/tilelang/rmsnorm/fp16,rmsnorm_kernel_kernel,LDG[64b:100%]; STG[64b:100%],none,shared+registers,SHFL.BFLY:81920,,launches=1;grid=2048;block=256;regs=71;smem_per_block_B=2048;theoretical_occ_pct=37.5;achieved_occ_pct=34.113981335446695,NVIDIA_GH200/rmsnorm/tilelang_fp16.ncu-rep: dynamic: sass__inst_executed_per_opcode_with_modifier_all (1/1 launches),high,
GH200/tilelang/rmsnorm/fp32,rmsnorm_kernel_kernel,LDG[128b:100%]; STG[128b:100%],none,shared+registers,SHFL.BFLY:81920,,launches=1;grid=2048;block=256;regs=90;smem_per_block_B=2048;theoretical_occ_pct=25.0;achieved_occ_pct=23.071565108238225,NVIDIA_GH200/rmsnorm/tilelang_fp32.ncu-rep: dynamic: sass__inst_executed_per_opcode_with_modifier_all (1/1 launches),high,
GH200/triton/rmsnorm/bf16,rmsnorm_kernel,LDG[128b:100%]; STG[128b:100%],none,shared+registers,PRMT:983040;SHFL.BFLY:131072,,launches=1;grid=2048;block=256;regs=39;smem_per_block_B=1056;theoretical_occ_pct=75.0;achieved_occ_pct=65.37921722345068,NVIDIA_GH200/rmsnorm/triton_bf16.ncu-rep: dynamic: sass__inst_executed_per_opcode_with_modifier_all (1/1 launches),high,
GH200/triton/rmsnorm/fp16,rmsnorm_kernel,LDG[128b:100%]; STG[128b:100%],none,shared+registers,SHFL.BFLY:131072,,launches=1;grid=2048;block=256;regs=39;smem_per_block_B=1056;theoretical_occ_pct=75.0;achieved_occ_pct=65.24380515711825,NVIDIA_GH200/rmsnorm/triton_fp16.ncu-rep: dynamic: sass__inst_executed_per_opcode_with_modifier_all (1/1 launches),high,
GH200/triton/rmsnorm/fp32,rmsnorm_kernel,LDG[128b:100%]; STG[128b:100%],none,shared+registers,SHFL.BFLY:131072,,launches=1;grid=2048;block=256;regs=32;smem_per_block_B=1056;theoretical_occ_pct=100.0;achieved_occ_pct=88.50734466278229,NVIDIA_GH200/rmsnorm/triton_fp32.ncu-rep: dynamic: sass__inst_executed_per_opcode_with_modifier_all (1/1 launches),high,
GH200/cutile/rope/fp16,rope_embedding,LDG[128b:100%]; STG[128b:100%],none,registers,,,launches=1;grid=40960;block=128;regs=32;smem_per_block_B=1024;theoretical_occ_pct=100.0;achieved_occ_pct=88.13016137690313,NVIDIA_GH200/rope/cutile_fp16.ncu-rep: dynamic: sass__inst_executed_per_opcode_with_modifier_all (1/1 launches),high,kernel=rope_embedding_Kt1_A4f16_7v8l0_8t1_bi16_p16_A2f16_1v8l0_2t1_3i16_p16_A2f16_1v8l0_2t1_3i16_p16_I20480_I64_I16
GH200/cutile/rope/fp32,rope_embedding,LDG[128b:100%]; STG[128b:100%],none,registers,,,launches=1;grid=40960;block=128;regs=44;smem_per_block_B=1024;theoretical_occ_pct=62.5;achieved_occ_pct=53.85154976279567,NVIDIA_GH200/rope/cutile_fp32.ncu-rep: dynamic: sass__inst_executed_per_opcode_with_modifier_all (1/1 launches),high,kernel=rope_embedding_Kt1_A4f32_7v4l0_8t1_bi16_p16_A2f32_1v4l0_2t1_3i16_p16_A2f32_1v4l0_2t1_3i16_p16_I20480_I64_I16
GH200/tilelang/rope/fp16,rope_embedding_kernel,LDG[64b:100%]; STG[64b:100%],none,registers,,,launches=1;grid=40960;block=256;regs=16;smem_per_block_B=1024;theoretical_occ_pct=100.0;achieved_occ_pct=82.74723282531544,NVIDIA_GH200/rope/tilelang_fp16.ncu-rep: dynamic: sass__inst_executed_per_opcode_with_modifier_all (1/1 launches),high,
GH200/tilelang/rope/fp32,rope_embedding_kernel,LDG[128b:100%]; STG[128b:100%],none,registers,,,launches=1;grid=40960;block=256;regs=30;smem_per_block_B=1024;theoretical_occ_pct=100.0;achieved_occ_pct=81.87657530352588,NVIDIA_GH200/rope/tilelang_fp32.ncu-rep: dynamic: sass__inst_executed_per_opcode_with_modifier_all (1/1 launches),high,
GH200/triton/rope/fp16,rope_embedding,LDG[128b:100%]; STG[128b:100%],none,registers,,,launches=1;grid=40960;block=128;regs=27;smem_per_block_B=1024;theoretical_occ_pct=100.0;achieved_occ_pct=85.98756505738783,NVIDIA_GH200/rope/triton_fp16.ncu-rep: dynamic: sass__inst_executed_per_opcode_with_modifier_all (1/1 launches),high,
GH200/triton/rope/fp32,rope_embedding,LDG[128b:100%]; STG[128b:100%],none,registers,,,launches=1;grid=40960;block=256;regs=30;smem_per_block_B=1024;theoretical_occ_pct=100.0;achieved_occ_pct=82.81996005918167,NVIDIA_GH200/rope/triton_fp32.ncu-rep: dynamic: sass__inst_executed_per_opcode_with_modifier_all (1/1 launches),high,
GH200/cutile/sigmoid/bf16,sigmoid_kernel,LDG[128b:100%]; STG[128b:100%],none,registers,PRMT:781252,,launches=1;grid=48829;block=128;regs=28;smem_per_block_B=1024;theoretical_occ_pct=100.0;achieved_occ_pct=85.72743984510134,NVIDIA_GH200/sigmoid/cutile_bf16.ncu-rep: dynamic: sass__inst_executed_per_opcode_with_modifier_all (1/1 launches),high,kernel=sigmoid_kernel_Kt1_A1bf16_1i16t1_p16_A1bf16_1i16t1_p16_I1024
GH200/cutile/sigmoid/fp16,sigmoid_kernel,LDG[128b:100%]; STG[128b:100%],none,registers,,,launches=1;grid=6104;block=128;regs=32;smem_per_block_B=1024;theoretical_occ_pct=100.0;achieved_occ_pct=84.83720972613307,NVIDIA_GH200/sigmoid/cutile_fp16.ncu-rep: dynamic: sass__inst_executed_per_opcode_with_modifier_all (1/1 launches),high,kernel=sigmoid_kernel_Kt1_A1f16_1i16t1_p16_A1f16_1i16t1_p16_I8192
GH200/cutile/sigmoid/fp32,sigmoid_kernel,LDG[128b:100%]; STG[128b:100%],none,registers,,,launches=1;grid=48829;block=128;regs=30;smem_per_block_B=1024;theoretical_occ_pct=100.0;achieved_occ_pct=85.92221380500268,NVIDIA_GH200/sigmoid/cutile_fp32.ncu-rep: dynamic: sass__inst_executed_per_opcode_with_modifier_all (1/1 launches),high,kernel=sigmoid_kernel_Kt1_A1f32_1i16t1_p16_A1f32_1i16t1_p16_I1024
GH200/tilelang/sigmoid/bf16,sigmoid_kernel_kernel,LDG[128b:100%]; STG[128b:100%],none,registers,PRMT:781280,,launches=1;grid=24415;block=128;regs=25;smem_per_block_B=1024;theoretical_occ_pct=100.0;achieved_occ_pct=85.65348488410226,NVIDIA_GH200/sigmoid/tilelang_bf16.ncu-rep: dynamic: sass__inst_executed_per_opcode_with_modifier_all (1/1 launches),high,
GH200/tilelang/sigmoid/fp16,sigmoid_kernel_kernel,LDG[128b:100%]; STG[128b:100%],none,registers,,,launches=1;grid=48829;block=128;regs=17;smem_per_block_B=1024;theoretical_occ_pct=100.0;achieved_occ_pct=83.18116752158203,NVIDIA_GH200/sigmoid/tilelang_fp16.ncu-rep: dynamic: sass__inst_executed_per_opcode_with_modifier_all (1/1 launches),high,
GH200/tilelang/sigmoid/fp32,sigmoid_kernel_kernel,LDG[128b:100%]; STG[128b:100%],none,registers,,,launches=1;grid=48829;block=256;regs=18;smem_per_block_B=1024;theoretical_occ_pct=100.0;achieved_occ_pct=78.37731706675513,NVIDIA_GH200/sigmoid/tilelang_fp32.ncu-rep: dynamic: sass__inst_executed_per_opcode_with_modifier_all (1/1 launches),high,
GH200/triton/sigmoid/bf16,sigmoid_kernel,LDG[128b:100%]; STG[128b:100%],none,registers,PRMT:781280,,launches=1;grid=24415;block=256;regs=21;smem_per_block_B=1024;theoretical_occ_pct=100.0;achieved_occ_pct=78.64507342796199,NVIDIA_GH200/sigmoid/triton_bf16.ncu-rep: dynamic: sass__inst_executed_per_opcode_with_modifier_all (1/1 launches),high,
GH200/triton/sigmoid/fp16,sigmoid_kernel,LDG[128b:100%]; STG[128b:100%],none,registers,,,launches=1;grid=24415;block=256;regs=22;smem_per_block_B=1024;theoretical_occ_pct=100.0;achieved_occ_pct=78.85455897570789,NVIDIA_GH200/sigmoid/triton_fp16.ncu-rep: dynamic: sass__inst_executed_per_opcode_with_modifier_all (1/1 launches),high,
GH200/triton/sigmoid/fp32,sigmoid_kernel,LDG[128b:100%]; STG[128b:100%],none,registers,,,launches=1;grid=48829;block=256;regs=16;smem_per_block_B=1024;theoretical_occ_pct=100.0;achieved_occ_pct=78.42153520294085,NVIDIA_GH200/sigmoid/triton_fp32.ncu-rep: dynamic: sass__inst_executed_per_opcode_with_modifier_all (1/1 launches),high,
GH200/cutile/softmax/fp16,softmax_online_kernel,"TMA[UTMACCTL.PF:4096,UTMACMDFLUSH:20480,UTMALDG.2D:81920,UTMASTG.2D:81920]; LDG[128b:100%]",none,shared+registers,SHFL.BFLY:491520,ATOMS.MAX:40960,launches=1;grid=2048;block=256;regs=32;smem_per_block_B=27840;theoretical_occ_pct=100.0;achieved_occ_pct=57.34498159960254,NVIDIA_GH200/softmax/cutile_fp16.ncu-rep: dynamic: sass__inst_executed_per_opcode_with_modifier_all (1/1 launches),high,kernel=softmax_online_kernel_Kt1_A2f16_1v8l0_2t1_3i16_p16_A2f16_1v8l0_2t1_3i16_p16_Si32_I5_I2048
GH200/cutile/softmax/fp32,softmax_online_kernel,"TMA[UTMACCTL.PF:4096,UTMACMDFLUSH:40960,UTMALDG.2D:81920,UTMASTG.2D:81920]; LDG[128b:100%]",none,shared+registers,SHFL.BFLY:491520,ATOMS.MAX:40960,launches=1;grid=2048;block=256;regs=32;smem_per_block_B=19848;theoretical_occ_pct=100.0;achieved_occ_pct=67.3440643808783,NVIDIA_GH200/softmax/cutile_fp32.ncu-rep: dynamic: sass__inst_executed_per_opcode_with_modifier_all (1/1 launches),high,kernel=softmax_online_kernel_Kt1_A2f32_1v4l0_2t1_3i16_p16_A2f32_1v4l0_2t1_3i16_p16_Si32_I5_I2048
GH200/tilelang/softmax/fp16,softmax_online_kernel_kernel,LDG[128b:100%]; STG[128b:100%],none,shared+registers,SHFL.BFLY:819200,,launches=1;grid=2048;block=128;regs=38;smem_per_block_B=2048;theoretical_occ_pct=75.0;achieved_occ_pct=57.02274634255271,NVIDIA_GH200/softmax/tilelang_fp16.ncu-rep: dynamic: sass__inst_executed_per_opcode_with_modifier_all (1/1 launches),high,
GH200/tilelang/softmax/fp32,softmax_online_kernel_kernel,LDG[128b:100%]; STG[128b:100%],none,shared+registers,SHFL.BFLY:1638400,,launches=1;grid=2048;block=256;regs=32;smem_per_block_B=3072;theoretical_occ_pct=100.0;achieved_occ_pct=85.93246522822712,NVIDIA_GH200/softmax/tilelang_fp32.ncu-rep: dynamic: sass__inst_executed_per_opcode_with_modifier_all (1/1 launches),high,
GH200/triton/softmax/fp16,softmax_online_kernel,LDG[128b:100%]; STG[128b:100%],none,shared+registers,SHFL.BFLY:1310720,,launches=1;grid=2048;block=256;regs=31;smem_per_block_B=1056;theoretical_occ_pct=100.0;achieved_occ_pct=81.8170913358209,NVIDIA_GH200/softmax/triton_fp16.ncu-rep: dynamic: sass__inst_executed_per_opcode_with_modifier_all (1/1 launches),high,
GH200/triton/softmax/fp32,softmax_online_kernel,LDG[128b:100%]; STG[128b:100%],none,shared+registers,SHFL.BFLY:1310720,,launches=1;grid=2048;block=256;regs=25;smem_per_block_B=1056;theoretical_occ_pct=100.0;achieved_occ_pct=86.36923622110572,NVIDIA_GH200/softmax/triton_fp32.ncu-rep: dynamic: sass__inst_executed_per_opcode_with_modifier_all (1/1 launches),high,
GH200/cutile/streamk_matmul/bf16,first_wave,"TMA[UTMACCTL.PF:264,UTMALDG.2D:40704]",wgmma[HGMMA.64x128x16.F32.BF16:434176],shared+registers,PRMT:1056,ATOMG.E.ADD.F32.FTZ.RN.STRONG.GPU:175104,launches=1;grid=132;block=384;regs=168;smem_per_block_B=140496;theoretical_occ_pct=18.75;achieved_occ_pct=18.749532662079872,NVIDIA_GH200/streamk_matmul/cutile_bf16.ncu-rep: dynamic: sass__inst_executed_per_opcode_with_modifier_all (1/1 launches),high,kernel=first_wave_Kt1_A2bf16_1v8l0_2t1_3i16_p16_A2bf16_1v8l0_2t1_3i16_p16_A2f32_1v4l0_2t1_3i16_p16_I4096_I132_I128_I128_I64_I8
GH200/cutile/streamk_matmul/bf16,full_tiles,"TMA[UTMACCTL.PF:42372,UTMACMDFLUSH:112992,UTMALDG.2D:2711808,UTMASTG.2D:112992]",wgmma[HGMMA.64x128x16.F32.BF16:28925952],shared+registers,,,launches=1;grid=14124;block=256;regs=255;smem_per_block_B=230584;theoretical_occ_pct=12.5;achieved_occ_pct=8.980930685648566,NVIDIA_GH200/streamk_matmul/cutile_bf16.ncu-rep: dynamic: sass__inst_executed_per_opcode_with_modifier_all (1/1 launches),high,kernel=full_tiles_Kt1_A2bf16_1v8l0_2t1_3i16_p16_A2bf16_1v8l0_2t1_3i16_p16_A2f32_1v4l0_2t1_3i16_p16_I4096_I132_I128_I128_I64_I8
GH200/cutile/streamk_matmul/fp16,first_wave,"TMA[UTMACCTL.PF:264,UTMALDG.2D:40704]",wgmma[HGMMA.64x128x16.F32:434176],shared+registers,PRMT:1056,ATOMG.E.ADD.F32.FTZ.RN.STRONG.GPU:175104,launches=1;grid=132;block=384;regs=168;smem_per_block_B=140496;theoretical_occ_pct=18.75;achieved_occ_pct=18.74953158441953,NVIDIA_GH200/streamk_matmul/cutile_fp16.ncu-rep: dynamic: sass__inst_executed_per_opcode_with_modifier_all (1/1 launches),high,kernel=first_wave_Kt1_A2f16_1v8l0_2t1_3i16_p16_A2f16_1v8l0_2t1_3i16_p16_A2f32_1v4l0_2t1_3i16_p16_I4096_I132_I128_I128_I64_I8
GH200/cutile/streamk_matmul/fp16,full_tiles,"TMA[UTMACCTL.PF:42372,UTMACMDFLUSH:112992,UTMALDG.2D:2711808,UTMASTG.2D:112992]",wgmma[HGMMA.64x128x16.F32:28925952],shared+registers,,,launches=1;grid=14124;block=256;regs=255;smem_per_block_B=230584;theoretical_occ_pct=12.5;achieved_occ_pct=8.982225960899509,NVIDIA_GH200/streamk_matmul/cutile_fp16.ncu-rep: dynamic: sass__inst_executed_per_opcode_with_modifier_all (1/1 launches),high,kernel=full_tiles_Kt1_A2f16_1v8l0_2t1_3i16_p16_A2f16_1v8l0_2t1_3i16_p16_A2f32_1v4l0_2t1_3i16_p16_I4096_I132_I128_I128_I64_I8
GH200/cutile/streamk_matmul/fp32,first_wave,"TMA[UTMACCTL.PF:264,UTMALDG.2D:135680]",wgmma[HGMMA.64x128x8.F32.TF32:868352],shared+local(LDL/STL)+registers,LDSM.16.M88.4:868352;PRMT:1056,ATOMG.E.ADD.F32.FTZ.RN.STRONG.GPU:175104,launches=1;grid=132;block=384;regs=168;smem_per_block_B=189680;theoretical_occ_pct=18.75;achieved_occ_pct=18.749703068368778,NVIDIA_GH200/streamk_matmul/cutile_fp32.ncu-rep: dynamic: sass__inst_executed_per_opcode_with_modifier_all (1/1 launches),high,kernel=first_wave_Kt1_A2f32_1v4l0_2t1_3i16_p16_A2f32_1v4l0_2t1_3i16_p16_A2f32_1v4l0_2t1_3i16_p16_I4096_I132_I128_I128_I32_I8
GH200/cutile/streamk_matmul/fp32,full_tiles,"TMA[UTMACCTL.PF:42372,UTMACMDFLUSH:112992,UTMALDG.2D:9039360,UTMASTG.2D:112992]",wgmma[HGMMA.64x128x8.F32.TF32:57851904],shared+registers,LDSM.16.M88.4:57851904,,launches=1;grid=14124;block=256;regs=255;smem_per_block_B=230624;theoretical_occ_pct=12.5;achieved_occ_pct=9.231548732506749,NVIDIA_GH200/streamk_matmul/cutile_fp32.ncu-rep: dynamic: sass__inst_executed_per_opcode_with_modifier_all (1/1 launches),high,kernel=full_tiles_Kt1_A2f32_1v4l0_2t1_3i16_p16_A2f32_1v4l0_2t1_3i16_p16_A2f32_1v4l0_2t1_3i16_p16_I4096_I132_I128_I128_I32_I8
GH200/tilelang/streamk_matmul/bf16,first_wave_kernel_kernel,cp.async[LDGSTS.E.BYPASS.128:868352],wgmma[HGMMA.64x128x16.F32.BF16:434176],shared+registers,,REDG.E.ADD.F32x2.FTZ.RN.STRONG.GPU:87552,launches=1;grid=132;block=128;regs=162;smem_per_block_B=50176;theoretical_occ_pct=18.75;achieved_occ_pct=6.249448149053723,NVIDIA_GH200/streamk_matmul/tilelang_bf16.ncu-rep: dynamic: sass__inst_executed_per_opcode_with_modifier_all (1/1 launches),high,
GH200/tilelang/streamk_matmul/bf16,full_tiles_kernel_kernel,cp.async[LDGSTS.E.BYPASS.128:57851904]; STG[64b:100%],wgmma[HGMMA.64x128x16.F32.BF16:28925952],shared+registers,,,launches=1;grid=14124;block=128;regs=168;smem_per_block_B=50176;theoretical_occ_pct=18.75;achieved_occ_pct=18.62395027598722,NVIDIA_GH200/streamk_matmul/tilelang_bf16.ncu-rep: dynamic: sass__inst_executed_per_opcode_with_modifier_all (1/1 launches),high,
GH200/tilelang/streamk_matmul/fp16,first_wave_kernel_kernel,cp.async[LDGSTS.E.BYPASS.128:868352],wgmma[HGMMA.64x128x16.F32:434176],shared+registers,,REDG.E.ADD.F32x2.FTZ.RN.STRONG.GPU:87552,launches=1;grid=132;block=128;regs=162;smem_per_block_B=50176;theoretical_occ_pct=18.75;achieved_occ_pct=6.2494355557662296,NVIDIA_GH200/streamk_matmul/tilelang_fp16.ncu-rep: dynamic: sass__inst_executed_per_opcode_with_modifier_all (1/1 launches),high,
GH200/tilelang/streamk_matmul/fp16,full_tiles_kernel_kernel,cp.async[LDGSTS.E.BYPASS.128:57851904]; STG[64b:100%],wgmma[HGMMA.64x128x16.F32:28925952],shared+registers,,,launches=1;grid=14124;block=128;regs=168;smem_per_block_B=50176;theoretical_occ_pct=18.75;achieved_occ_pct=18.625870322484488,NVIDIA_GH200/streamk_matmul/tilelang_fp16.ncu-rep: dynamic: sass__inst_executed_per_opcode_with_modifier_all (1/1 launches),high,
GH200/tilelang/streamk_matmul/fp32,first_wave_kernel_kernel,cp.async[LDGSTS.E.BYPASS.128:1736704],legacy_mma[HMMA.1688.F32.TF32:13893632],shared+registers,LDSM.16.M88.4:1736704,REDG.E.ADD.F32x2.FTZ.RN.STRONG.GPU:87552,launches=1;grid=132;block=128;regs=196;smem_per_block_B=99328;theoretical_occ_pct=12.5;achieved_occ_pct=6.2475784358252575,NVIDIA_GH200/streamk_matmul/tilelang_fp32.ncu-rep: dynamic: sass__inst_executed_per_opcode_with_modifier_all (1/1 launches),high,
GH200/tilelang/streamk_matmul/fp32,full_tiles_kernel_kernel,cp.async[LDGSTS.E.BYPASS.128:115703808]; STG[64b:100%],legacy_mma[HMMA.1688.F32.TF32:925630464],shared+registers,LDSM.16.M88.4:115703808;PRMT:28473984,,launches=1;grid=14124;block=128;regs=220;smem_per_block_B=99328;theoretical_occ_pct=12.5;achieved_occ_pct=12.449072300627213,NVIDIA_GH200/streamk_matmul/tilelang_fp32.ncu-rep: dynamic: sass__inst_executed_per_opcode_with_modifier_all (1/1 launches),high,
GH200/triton/streamk_matmul/bf16,first_wave,TMA[UTMALDG.2D:222560],wgmma[HGMMA.64x128x16.F32.BF16:434176],shared+registers,,ATOMG.E.ADD.F32x4.FTZ.RN.STRONG.GPU:43776,launches=1;grid=132;block=128;regs=230;smem_per_block_B=50200;theoretical_occ_pct=12.5;achieved_occ_pct=6.229401221511289,NVIDIA_GH200/streamk_matmul/triton_bf16.ncu-rep: dynamic: sass__inst_executed_per_opcode_with_modifier_all (1/1 launches),high,
GH200/triton/streamk_matmul/bf16,full_tiles,"TMA[UTMACMDFLUSH:56496,UTMALDG.2D:14688960,UTMASTG.2D:56496]",wgmma[HGMMA.64x128x16.F32.BF16:28925952],shared+registers,,,launches=1;grid=14124;block=128;regs=154;smem_per_block_B=115736;theoretical_occ_pct=12.5;achieved_occ_pct=12.417257213218063,NVIDIA_GH200/streamk_matmul/triton_bf16.ncu-rep: dynamic: sass__inst_executed_per_opcode_with_modifier_all (1/1 launches),high,
GH200/triton/streamk_matmul/fp16,first_wave,TMA[UTMALDG.2D:222560],wgmma[HGMMA.64x128x16.F32:434176],shared+registers,,ATOMG.E.ADD.F32x4.FTZ.RN.STRONG.GPU:43776,launches=1;grid=132;block=128;regs=230;smem_per_block_B=50200;theoretical_occ_pct=12.5;achieved_occ_pct=6.226611069568504,NVIDIA_GH200/streamk_matmul/triton_fp16.ncu-rep: dynamic: sass__inst_executed_per_opcode_with_modifier_all (1/1 launches),high,
GH200/triton/streamk_matmul/fp16,full_tiles,"TMA[UTMACMDFLUSH:56496,UTMALDG.2D:14688960,UTMASTG.2D:56496]",wgmma[HGMMA.64x128x16.F32:28925952],shared+registers,,,launches=1;grid=14124;block=128;regs=154;smem_per_block_B=115736;theoretical_occ_pct=12.5;achieved_occ_pct=12.407309875889165,NVIDIA_GH200/streamk_matmul/triton_fp16.ncu-rep: dynamic: sass__inst_executed_per_opcode_with_modifier_all (1/1 launches),high,
GH200/triton/streamk_matmul/fp32,first_wave,TMA[UTMALDG.2D:222560],wgmma[HGMMA.64x128x8.F32.TF32:868352],shared+registers,,ATOMG.E.ADD.F32x4.FTZ.RN.STRONG.GPU:43776,launches=1;grid=132;block=128;regs=230;smem_per_block_B=99352;theoretical_occ_pct=12.5;achieved_occ_pct=6.230662573355337,NVIDIA_GH200/streamk_matmul/triton_fp32.ncu-rep: dynamic: sass__inst_executed_per_opcode_with_modifier_all (1/1 launches),high,
GH200/triton/streamk_matmul/fp32,full_tiles,"TMA[UTMACMDFLUSH:56496,UTMALDG.2D:14688960,UTMASTG.2D:56496]",wgmma[HGMMA.64x128x8.F32.TF32:57851904],shared+registers,,,launches=1;grid=14124;block=128;regs=154;smem_per_block_B=164888;theoretical_occ_pct=6.25;achieved_occ_pct=6.249594026997434,NVIDIA_GH200/streamk_matmul/triton_fp32.ncu-rep: dynamic: sass__inst_executed_per_opcode_with_modifier_all (1/1 launches),high,
GH200/cutile/swiglu/bf16,swiglu_kernel,LDG[128b:100%]; STG[128b:100%],none,registers,PRMT:2621440,,launches=1;grid=81920;block=128;regs=40;smem_per_block_B=1024;theoretical_occ_pct=75.0;achieved_occ_pct=65.14148238145302,NVIDIA_GH200/swiglu/cutile_bf16.ncu-rep: dynamic: sass__inst_executed_per_opcode_with_modifier_all (1/1 launches),high,kernel=swiglu_kernel_Kt1_A1bf16_1i16t1_p16_A1bf16_1i16t1_p16_A1bf16_1i16t1_p16_I1024
GH200/cutile/swiglu/fp16,swiglu_kernel,LDG[128b:100%]; STG[128b:100%],none,registers,,,launches=1;grid=81920;block=128;regs=40;smem_per_block_B=1024;theoretical_occ_pct=75.0;achieved_occ_pct=65.18826837061353,NVIDIA_GH200/swiglu/cutile_fp16.ncu-rep: dynamic: sass__inst_executed_per_opcode_with_modifier_all (1/1 launches),high,kernel=swiglu_kernel_Kt1_A1f16_1i16t1_p16_A1f16_1i16t1_p16_A1f16_1i16t1_p16_I1024
GH200/cutile/swiglu/fp32,swiglu_kernel,LDG[128b:100%]; STG[128b:100%],none,registers,,,launches=1;grid=81920;block=128;regs=39;smem_per_block_B=1024;theoretical_occ_pct=75.0;achieved_occ_pct=65.74316031923534,NVIDIA_GH200/swiglu/cutile_fp32.ncu-rep: dynamic: sass__inst_executed_per_opcode_with_modifier_all (1/1 launches),high,kernel=swiglu_kernel_Kt1_A1f32_1i16t1_p16_A1f32_1i16t1_p16_A1f32_1i16t1_p16_I1024
GH200/tilelang/swiglu/bf16,swiglu_kernel_kernel,LDG[64b:100%]; STG[64b:100%],none,registers,PRMT:2621440,,launches=1;grid=81920;block=64;regs=32;smem_per_block_B=1024;theoretical_occ_pct=100.0;achieved_occ_pct=90.21923305924173,NVIDIA_GH200/swiglu/tilelang_bf16.ncu-rep: dynamic: sass__inst_executed_per_opcode_with_modifier_all (1/1 launches),high,
GH200/tilelang/swiglu/fp16,swiglu_kernel_kernel,LDG[64b:100%]; STG[64b:100%],none,registers,,,launches=1;grid=81920;block=128;regs=30;smem_per_block_B=1024;theoretical_occ_pct=100.0;achieved_occ_pct=87.46677830847638,NVIDIA_GH200/swiglu/tilelang_fp16.ncu-rep: dynamic: sass__inst_executed_per_opcode_with_modifier_all (1/1 launches),high,
GH200/tilelang/swiglu/fp32,swiglu_kernel_kernel,LDG[128b:100%]; STG[128b:100%],none,registers,,,launches=1;grid=81920;block=256;regs=27;smem_per_block_B=1024;theoretical_occ_pct=100.0;achieved_occ_pct=81.50522980574155,NVIDIA_GH200/swiglu/tilelang_fp32.ncu-rep: dynamic: sass__inst_executed_per_opcode_with_modifier_all (1/1 launches),high,
GH200/triton/swiglu/bf16,swiglu_kernel,LDG[128b:100%]; STG[128b:100%],none,registers,PRMT:2621440,,launches=1;grid=163840;block=64;regs=32;smem_per_block_B=1024;theoretical_occ_pct=100.0;achieved_occ_pct=87.86160629116786,NVIDIA_GH200/swiglu/triton_bf16.ncu-rep: dynamic: sass__inst_executed_per_opcode_with_modifier_all (1/1 launches),high,
GH200/triton/swiglu/fp16,swiglu_kernel,LDG[128b:100%]; STG[128b:100%],none,registers,,,launches=1;grid=81920;block=64;regs=31;smem_per_block_B=1024;theoretical_occ_pct=100.0;achieved_occ_pct=90.51897986363224,NVIDIA_GH200/swiglu/triton_fp16.ncu-rep: dynamic: sass__inst_executed_per_opcode_with_modifier_all (1/1 launches),high,
GH200/triton/swiglu/fp32,swiglu_kernel,LDG[128b:100%]; STG[128b:100%],none,registers,,,launches=1;grid=163840;block=128;regs=22;smem_per_block_B=1024;theoretical_occ_pct=100.0;achieved_occ_pct=86.5513609102554,NVIDIA_GH200/swiglu/triton_fp32.ncu-rep: dynamic: sass__inst_executed_per_opcode_with_modifier_all (1/1 launches),high,
GH200/cutile/top_k_selection/fp32,block_topk_kernel_b2048,LDG[128b:100%]; STG[128b:100%],none,shared+registers,PRMT:8064;STSM.16.M88.4:16128,,launches=6;grid=512;block=128;regs=76;smem_per_block_B=9216;theoretical_occ_pct=37.5;achieved_occ_pct=22.264025449531186,NVIDIA_GH200/top_k_selection/cutile_fp32.ncu-rep: dynamic: sass__inst_executed_per_opcode_with_modifier_all (6/6 launches),high,kernel=block_topk_kernel_b2048_Kt1_A1f32_1i16t1_p16_A2f32_1v4l0_2t1_3i16_p16_I1024
GH200/cutile/top_k_selection/fp32,block_topk_kernel_b2048,LDG[128b:100%]; STG[128b:100%],none,shared+registers,PRMT:120;STSM.16.M88.4:240,,launches=4;grid=4;block=128;regs=76;smem_per_block_B=9216;theoretical_occ_pct=37.5;achieved_occ_pct=6.245907334057369,NVIDIA_GH200/top_k_selection/cutile_fp32.ncu-rep: dynamic: sass__inst_executed_per_opcode_with_modifier_all (4/4 launches),high,kernel=block_topk_kernel_b2048_Kt1_A1f32_1i16t1_p16_A2f32_1v4l0_2i16t1_p16_I1024
GH200/tilelang/top_k_selection/fp32,main_kernel,LDG[128b:100%]; STG[128b:100%],none,shared+registers,PRMT:2728,,launches=5;grid=256;block=256;regs=115;smem_per_block_B=17408;theoretical_occ_pct=25.0;achieved_occ_pct=20.789274248878073,NVIDIA_GH200/top_k_selection/tilelang_fp32.ncu-rep: dynamic: sass__inst_executed_per_opcode_with_modifier_all (5/5 launches),high,
GH200/triton/top_k_selection/fp32,block_topk_kernel,LDG[128b:100%]; STG[128b:100%],none,shared+registers,SHFL.BFLY:1833216,,launches=5;grid=256;block=256;regs=64;smem_per_block_B=17408;theoretical_occ_pct=50.0;achieved_occ_pct=22.010017142698906,NVIDIA_GH200/top_k_selection/triton_fp32.ncu-rep: dynamic: sass__inst_executed_per_opcode_with_modifier_all (5/5 launches),high,
GH200/cutile/vector_add/bf16,add_kernel,LDG[128b:100%]; STG[128b:100%],none,registers,,,launches=1;grid=20480;block=128;regs=18;smem_per_block_B=1024;theoretical_occ_pct=100.0;achieved_occ_pct=83.56526726454014,NVIDIA_GH200/vector_add/cutile_bf16.ncu-rep: dynamic: sass__inst_executed_per_opcode_with_modifier_all (1/1 launches),high,kernel=add_kernel_Kt1_A1bf16_1i16t1_p16_A1bf16_1i16t1_p16_A1bf16_1i16t1_p16_I1024
GH200/cutile/vector_add/fp16,add_kernel,LDG[128b:100%]; STG[128b:100%],none,registers,,,launches=1;grid=20480;block=128;regs=18;smem_per_block_B=1024;theoretical_occ_pct=100.0;achieved_occ_pct=82.73453494414834,NVIDIA_GH200/vector_add/cutile_fp16.ncu-rep: dynamic: sass__inst_executed_per_opcode_with_modifier_all (1/1 launches),high,kernel=add_kernel_Kt1_A1f16_1i16t1_p16_A1f16_1i16t1_p16_A1f16_1i16t1_p16_I1024
GH200/cutile/vector_add/fp32,add_kernel,LDG[128b:100%]; STG[128b:100%],none,registers,,,launches=1;grid=40960;block=128;regs=18;smem_per_block_B=1024;theoretical_occ_pct=100.0;achieved_occ_pct=85.87993834631553,NVIDIA_GH200/vector_add/cutile_fp32.ncu-rep: dynamic: sass__inst_executed_per_opcode_with_modifier_all (1/1 launches),high,kernel=add_kernel_Kt1_A1f32_1i16t1_p16_A1f32_1i16t1_p16_A1f32_1i16t1_p16_I512
GH200/cutile/vector_add/int8,add_kernel,LDG[128b:100%]; STG[128b:100%],none,registers,PRMT:1802240,,launches=1;grid=10240;block=128;regs=40;smem_per_block_B=1024;theoretical_occ_pct=75.0;achieved_occ_pct=59.952676553103814,NVIDIA_GH200/vector_add/cutile_int8.ncu-rep: dynamic: sass__inst_executed_per_opcode_with_modifier_all (1/1 launches),high,kernel=add_kernel_Kt1_A1i8_1i16t1_p16_A1i8_1i16t1_p16_A1i8_1i16t1_p16_I2048
GH200/tilelang/vector_add/bf16,add_kernel_kernel,LDG[128b:100%]; STG[128b:100%],none,registers,,,launches=1;grid=20480;block=64;regs=26;smem_per_block_B=1024;theoretical_occ_pct=100.0;achieved_occ_pct=82.08133279033241,NVIDIA_GH200/vector_add/tilelang_bf16.ncu-rep: dynamic: sass__inst_executed_per_opcode_with_modifier_all (1/1 launches),high,
GH200/tilelang/vector_add/fp16,add_kernel_kernel,LDG[128b:100%]; STG[128b:100%],none,registers,,,launches=1;grid=10240;block=64;regs=40;smem_per_block_B=1024;theoretical_occ_pct=75.0;achieved_occ_pct=63.12667478678221,NVIDIA_GH200/vector_add/tilelang_fp16.ncu-rep: dynamic: sass__inst_executed_per_opcode_with_modifier_all (1/1 launches),high,
GH200/tilelang/vector_add/fp32,add_kernel_kernel,LDG[128b:100%]; STG[128b:100%],none,registers,,,launches=1;grid=20480;block=64;regs=40;smem_per_block_B=1024;theoretical_occ_pct=75.0;achieved_occ_pct=61.67194163500677,NVIDIA_GH200/vector_add/tilelang_fp32.ncu-rep: dynamic: sass__inst_executed_per_opcode_with_modifier_all (1/1 launches),high,
GH200/tilelang/vector_add/int8,add_kernel_kernel,LDG[128b:100%]; STG[128b:100%],none,registers,PRMT:491520,,launches=1;grid=20480;block=64;regs=27;smem_per_block_B=1024;theoretical_occ_pct=100.0;achieved_occ_pct=77.69532037467621,NVIDIA_GH200/vector_add/tilelang_int8.ncu-rep: dynamic: sass__inst_executed_per_opcode_with_modifier_all (1/1 launches),high,
GH200/triton/vector_add/bf16,add_kernel,LDG[128b:100%]; STG[128b:100%],none,registers,,,launches=1;grid=40960;block=64;regs=20;smem_per_block_B=1024;theoretical_occ_pct=100.0;achieved_occ_pct=84.74625628445293,NVIDIA_GH200/vector_add/triton_bf16.ncu-rep: dynamic: sass__inst_executed_per_opcode_with_modifier_all (1/1 launches),high,
GH200/triton/vector_add/fp16,add_kernel,LDG[128b:100%]; STG[128b:100%],none,registers,,,launches=1;grid=40960;block=64;regs=20;smem_per_block_B=1024;theoretical_occ_pct=100.0;achieved_occ_pct=84.39513881718572,NVIDIA_GH200/vector_add/triton_fp16.ncu-rep: dynamic: sass__inst_executed_per_opcode_with_modifier_all (1/1 launches),high,
GH200/triton/vector_add/fp32,add_kernel,LDG[128b:100%]; STG[128b:100%],none,registers,,,launches=1;grid=20480;block=128;regs=26;smem_per_block_B=1024;theoretical_occ_pct=100.0;achieved_occ_pct=82.98681665518875,NVIDIA_GH200/vector_add/triton_fp32.ncu-rep: dynamic: sass__inst_executed_per_opcode_with_modifier_all (1/1 launches),high,
GH200/triton/vector_add/int8,add_kernel,LDG[128b:100%]; STG[128b:100%],none,registers,PRMT:1802240,,launches=1;grid=20480;block=64;regs=28;smem_per_block_B=1024;theoretical_occ_pct=100.0;achieved_occ_pct=80.14321018884544,NVIDIA_GH200/vector_add/triton_int8.ncu-rep: dynamic: sass__inst_executed_per_opcode_with_modifier_all (1/1 launches),high,
GH200/cutile/weight_dequant/bf16,dequant_kernel,"LDG[16b:89%,128b:11%]; STG[128b:100%]",none,shared+registers,PRMT:3276800,,launches=1;grid=102400;block=128;regs=32;smem_per_block_B=3072;theoretical_occ_pct=100.0;achieved_occ_pct=91.33369494227334,NVIDIA_GH200/weight_dequant/cutile_bf16.ncu-rep: dynamic: sass__inst_executed_per_opcode_with_modifier_all (1/1 launches),high,kernel=dequant_kernel_Kt1_A1bf16_1i16t1_p16_A2bf16_1v8l0_2t1_3i16_p16_A1bf16_1i16t1_p16_I10240_I128_I1024
GH200/cutile/weight_dequant/fp16,dequant_kernel,"LDG[16b:89%,128b:11%]; STG[128b:100%]",none,shared+registers,PRMT:3276800,,launches=1;grid=102400;block=128;regs=32;smem_per_block_B=3072;theoretical_occ_pct=100.0;achieved_occ_pct=91.28597009154187,NVIDIA_GH200/weight_dequant/cutile_fp16.ncu-rep: dynamic: sass__inst_executed_per_opcode_with_modifier_all (1/1 launches),high,kernel=dequant_kernel_Kt1_A1f16_1i16t1_p16_A2f16_1v8l0_2t1_3i16_p16_A1f16_1i16t1_p16_I10240_I128_I1024
GH200/cutile/weight_dequant/fp32,dequant_kernel,"LDG[32b:80%,128b:20%]; STG[128b:100%]",none,shared+registers,,,launches=1;grid=102400;block=128;regs=40;smem_per_block_B=5120;theoretical_occ_pct=75.0;achieved_occ_pct=67.50165325515906,NVIDIA_GH200/weight_dequant/cutile_fp32.ncu-rep: dynamic: sass__inst_executed_per_opcode_with_modifier_all (1/1 launches),high,kernel=dequant_kernel_Kt1_A1f32_1i16t1_p16_A2f32_1v4l0_2t1_3i16_p16_A1f32_1i16t1_p16_I10240_I128_I1024
GH200/tilelang/weight_dequant/bf16,weight_dequant_kernel_kernel,"LDG[16b:50%,64b:50%]; STG[64b:100%]",none,registers,PRMT:1638400,,launches=1;grid=51200;block=128;regs=26;smem_per_block_B=1024;theoretical_occ_pct=100.0;achieved_occ_pct=88.43527895131643,NVIDIA_GH200/weight_dequant/tilelang_bf16.ncu-rep: dynamic: sass__inst_executed_per_opcode_with_modifier_all (1/1 launches),high,
GH200/tilelang/weight_dequant/fp16,weight_dequant_kernel_kernel,"LDG[16b:50%,64b:50%]; STG[64b:100%]",none,registers,,,launches=1;grid=25600;block=128;regs=40;smem_per_block_B=1024;theoretical_occ_pct=75.0;achieved_occ_pct=66.3142034392245,NVIDIA_GH200/weight_dequant/tilelang_fp16.ncu-rep: dynamic: sass__inst_executed_per_opcode_with_modifier_all (1/1 launches),high,
GH200/tilelang/weight_dequant/fp32,weight_dequant_kernel_kernel,"LDG[32b:50%,128b:50%]; STG[128b:100%]",none,registers,,,launches=1;grid=102400;block=128;regs=20;smem_per_block_B=1024;theoretical_occ_pct=100.0;achieved_occ_pct=85.28700243196435,NVIDIA_GH200/weight_dequant/tilelang_fp32.ncu-rep: dynamic: sass__inst_executed_per_opcode_with_modifier_all (1/1 launches),high,
GH200/triton/weight_dequant/bf16,dequant_kernel,"LDG[16b:89%,128b:11%]; STG[128b:100%]",none,registers,PRMT:14745600,,launches=1;grid=25600;block=256;regs=32;smem_per_block_B=1024;theoretical_occ_pct=100.0;achieved_occ_pct=88.54700847045372,NVIDIA_GH200/weight_dequant/triton_bf16.ncu-rep: dynamic: sass__inst_executed_per_opcode_with_modifier_all (1/1 launches),high,
GH200/triton/weight_dequant/fp16,dequant_kernel,"LDG[16b:89%,128b:11%]; STG[128b:100%]",none,registers,PRMT:14745600,,launches=1;grid=25600;block=256;regs=32;smem_per_block_B=1024;theoretical_occ_pct=100.0;achieved_occ_pct=88.5973347824243,NVIDIA_GH200/weight_dequant/triton_fp16.ncu-rep: dynamic: sass__inst_executed_per_opcode_with_modifier_all (1/1 launches),high,
GH200/triton/weight_dequant/fp32,dequant_kernel,"LDG[32b:80%,128b:20%]; STG[128b:100%]",none,registers,PRMT:2457600,,launches=1;grid=102400;block=256;regs=18;smem_per_block_B=1024;theoretical_occ_pct=100.0;achieved_occ_pct=78.90112469945645,NVIDIA_GH200/weight_dequant/triton_fp32.ncu-rep: dynamic: sass__inst_executed_per_opcode_with_modifier_all (1/1 launches),high,
