profile_id,device,dsl,operator,dtype,case_id,params_json,collection_level,replay_mode,report_path,report_sha256,report_origin,report_revision,benchmark_case_match_status,code_match_status,launch_count,notes,extract_status,kernel_names,expected_launch_count,expected_operator_launch_count,winner_config_json,ncu_version,report_created,profiler_cuda_version,profiler_command_line,benchmark_dsl_ms,benchmark_torch_ms
GH200/cutile/1d_conv/fp16,GH200,cutile,1d_conv,fp16,4b8e7fcaf46e52aecfde43c9c64e1a856dd12cb98ad21ace0c8564d2b7471faf,"{""L"":2621440,""batch"":1,""groups"":1,""in_channels"":128,""kernel_size"":3,""out_channels"":128,""padding"":1,""stride"":1}",full,application,NVIDIA_GH200/1d_conv/cutile_fp16.ncu-rep,9cb2a48ecba9d7ca3cc26f1410cae8ee7d1d4c14ebfc0700d8d945153fad8bca,hf_download,bcui2/NCU_report@21037737b7e371d38f3d029367dc3967d5b31a23,matched,documented:profiling_infra_only,1,params+winner from NCU catalogue | profiling source 638ea849; formal CSV source c882fe50 (batched_matmul_autotune 3c5eccbf); only profiling infrastructure changed (PROVENANCE.md),ok,conv1d_kernel_Kt1_A1f16_1i16t1_p16_A1f16_1i16t1_p16_A1f16_1i16t1_p16_Si32_Si32_Si32_Si32_Si32_Si32_Si32_Si32_Si32_Si32_Si32_Si32_Si32_Si32_Si32_Si32_Si32_Si32_Si32_I64_I16_I128,1,1,"{""block_bl"": 64, ""block_in"": 16, ""block_out"": 128, ""occupancy"": 4}",2025.4.0.0 (build 36690805) (public-release),2026-Oct-03 07:02:24,13.1,/usr/local/cuda-13.1/nsight-compute-2025.4.0/target/linux-desktop-t210-a64/ncu --set full --import-source on --replay-mode application --cache-control none --app-replay-mode strict --profile-from-start off --kernel-name regex:^(?:conv1d_kernel) --launch-skip 0 --launch-count 1 --force-overwrite -o /projects/kzhou6/bcui2/research/tilebench/Tilebench-gh200/outputs/ncu/GH200/1d_conv/cutile_fp16 /projects/kzhou6/bcui2/env_software/miniconda3-aarch64/envs/tilebench++_env/bin/python /projects/kzhou6/bcui2/research/tilebench/Tilebench-gh200/scripts/profiling/ncu_generic_harness.py,4.0654,1.7006
GH200/cutile/1d_conv/fp32,GH200,cutile,1d_conv,fp32,712e3c5d9c347ede3b49657f0534bf471eca63bf61dbaf2f264416e44eca19cb,"{""L"":2621440,""batch"":1,""groups"":1,""in_channels"":128,""kernel_size"":3,""out_channels"":128,""padding"":1,""stride"":1}",full,application,NVIDIA_GH200/1d_conv/cutile_fp32.ncu-rep,5fcc363a82b175be31d638321d636deb1b8520fcb5ee79a92568059688e35385,hf_download,bcui2/NCU_report@21037737b7e371d38f3d029367dc3967d5b31a23,matched,documented:profiling_infra_only,1,params+winner from NCU catalogue | profiling source 638ea849; formal CSV source c882fe50 (batched_matmul_autotune 3c5eccbf); only profiling infrastructure changed (PROVENANCE.md),ok,conv1d_kernel_Kt1_A1f32_1i16t1_p16_A1f32_1i16t1_p16_A1f32_1i16t1_p16_Si32_Si32_Si32_Si32_Si32_Si32_Si32_Si32_Si32_Si32_Si32_Si32_Si32_Si32_Si32_Si32_Si32_Si32_Si32_I64_I32_I128,1,1,"{""block_bl"": 64, ""block_in"": 32, ""block_out"": 128, ""occupancy"": 4}",2025.4.0.0 (build 36690805) (public-release),2026-Oct-03 07:06:34,13.1,/usr/local/cuda-13.1/nsight-compute-2025.4.0/target/linux-desktop-t210-a64/ncu --set full --import-source on --replay-mode application --cache-control none --app-replay-mode strict --profile-from-start off --kernel-name regex:^(?:conv1d_kernel) --launch-skip 0 --launch-count 1 --force-overwrite -o /projects/kzhou6/bcui2/research/tilebench/Tilebench-gh200/outputs/ncu/GH200/1d_conv/cutile_fp32 /projects/kzhou6/bcui2/env_software/miniconda3-aarch64/envs/tilebench++_env/bin/python /projects/kzhou6/bcui2/research/tilebench/Tilebench-gh200/scripts/profiling/ncu_generic_harness.py,4.7927,2.3975
GH200/tilelang/1d_conv/fp16,GH200,tilelang,1d_conv,fp16,4b8e7fcaf46e52aecfde43c9c64e1a856dd12cb98ad21ace0c8564d2b7471faf,"{""L"":2621440,""batch"":1,""groups"":1,""in_channels"":128,""kernel_size"":3,""out_channels"":128,""padding"":1,""stride"":1}",full,application,NVIDIA_GH200/1d_conv/tilelang_fp16.ncu-rep,72781a4216cf341a5f8da386cb1f02bf43d81b6a37f8c3f6729bd64f6b33a2ad,hf_download,bcui2/NCU_report@21037737b7e371d38f3d029367dc3967d5b31a23,matched,documented:profiling_infra_only,1,params+winner from NCU catalogue | profiling source d6ddb622; formal CSV source c882fe50 (batched_matmul_autotune 3c5eccbf); only profiling infrastructure changed (PROVENANCE.md),ok,conv1d_kernel_kernel,1,1,"{""BLOCK_SIZE_BATCH_LENGTH"": 64, ""BLOCK_SIZE_IN_FEAT"": 16, ""BLOCK_SIZE_OUT_FEAT"": 128, ""num_stages"": 3, ""threads"": 128}",2025.4.0.0 (build 36690805) (public-release),2026-Oct-03 23:50:45,13.1,/usr/local/cuda-13.1/nsight-compute-2025.4.0/target/linux-desktop-t210-a64/ncu --set full --import-source on --replay-mode application --cache-control none --app-replay-mode strict --profile-from-start off --kernel-name regex:^(?:conv1d_kernel_kernel) --launch-skip 0 --launch-count 1 --force-overwrite -o /projects/kzhou6/bcui2/research/tilebench/Tilebench-gh200/outputs/ncu/GH200/1d_conv/tilelang_fp16 /projects/kzhou6/bcui2/env_software/miniconda3-aarch64/envs/tilebench++_env/bin/python /projects/kzhou6/bcui2/research/tilebench/Tilebench-gh200/scripts/profiling/ncu_generic_harness.py,16.4305,1.7006
GH200/tilelang/1d_conv/fp32,GH200,tilelang,1d_conv,fp32,712e3c5d9c347ede3b49657f0534bf471eca63bf61dbaf2f264416e44eca19cb,"{""L"":2621440,""batch"":1,""groups"":1,""in_channels"":128,""kernel_size"":3,""out_channels"":128,""padding"":1,""stride"":1}",full,application,NVIDIA_GH200/1d_conv/tilelang_fp32.ncu-rep,79ace133a7e1e65e1f2c5853630ab58168aa26c8b0e72d6f97fcc504003ff1a5,hf_download,bcui2/NCU_report@21037737b7e371d38f3d029367dc3967d5b31a23,matched,documented:profiling_infra_only,1,params+winner from NCU catalogue | profiling source d6ddb622; formal CSV source c882fe50 (batched_matmul_autotune 3c5eccbf); only profiling infrastructure changed (PROVENANCE.md),ok,conv1d_kernel_kernel,1,1,"{""BLOCK_SIZE_BATCH_LENGTH"": 64, ""BLOCK_SIZE_IN_FEAT"": 16, ""BLOCK_SIZE_OUT_FEAT"": 64, ""num_stages"": 2, ""threads"": 64}",2025.4.0.0 (build 36690805) (public-release),2026-Oct-03 23:53:25,13.1,/usr/local/cuda-13.1/nsight-compute-2025.4.0/target/linux-desktop-t210-a64/ncu --set full --import-source on --replay-mode application --cache-control none --app-replay-mode strict --profile-from-start off --kernel-name regex:^(?:conv1d_kernel_kernel) --launch-skip 0 --launch-count 1 --force-overwrite -o /projects/kzhou6/bcui2/research/tilebench/Tilebench-gh200/outputs/ncu/GH200/1d_conv/tilelang_fp32 /projects/kzhou6/bcui2/env_software/miniconda3-aarch64/envs/tilebench++_env/bin/python /projects/kzhou6/bcui2/research/tilebench/Tilebench-gh200/scripts/profiling/ncu_generic_harness.py,24.8374,2.3975
GH200/triton/1d_conv/fp16,GH200,triton,1d_conv,fp16,4b8e7fcaf46e52aecfde43c9c64e1a856dd12cb98ad21ace0c8564d2b7471faf,"{""L"":2621440,""batch"":1,""groups"":1,""in_channels"":128,""kernel_size"":3,""out_channels"":128,""padding"":1,""stride"":1}",full,application,NVIDIA_GH200/1d_conv/triton_fp16.ncu-rep,d9cf226dfa2c0d8310cf08db81c3aae359cca27c7f10e98e51dcbc0dc915f92c,hf_download,bcui2/NCU_report@21037737b7e371d38f3d029367dc3967d5b31a23,matched,documented:profiling_infra_only,1,params+winner from NCU catalogue | profiling source 638ea849; formal CSV source c882fe50 (batched_matmul_autotune 3c5eccbf); only profiling infrastructure changed (PROVENANCE.md),ok,conv1d_kernel,1,1,"{""BLOCK_SIZE_BATCH_LENGTH"": 64, ""BLOCK_SIZE_IN_FEAT"": 32, ""BLOCK_SIZE_OUT_FEAT"": 128, ""num_stages"": 2, ""num_warps"": 8}",2025.4.0.0 (build 36690805) (public-release),2026-Oct-03 07:00:17,13.1,/usr/local/cuda-13.1/nsight-compute-2025.4.0/target/linux-desktop-t210-a64/ncu --set full --import-source on --replay-mode application --cache-control none --app-replay-mode strict --profile-from-start off --kernel-name regex:^(?:conv1d_kernel) --launch-skip 0 --launch-count 1 --force-overwrite -o /projects/kzhou6/bcui2/research/tilebench/Tilebench-gh200/outputs/ncu/GH200/1d_conv/triton_fp16 /projects/kzhou6/bcui2/env_software/miniconda3-aarch64/envs/tilebench++_env/bin/python /projects/kzhou6/bcui2/research/tilebench/Tilebench-gh200/scripts/profiling/ncu_generic_harness.py,3.3044,1.7006
GH200/triton/1d_conv/fp32,GH200,triton,1d_conv,fp32,712e3c5d9c347ede3b49657f0534bf471eca63bf61dbaf2f264416e44eca19cb,"{""L"":2621440,""batch"":1,""groups"":1,""in_channels"":128,""kernel_size"":3,""out_channels"":128,""padding"":1,""stride"":1}",full,application,NVIDIA_GH200/1d_conv/triton_fp32.ncu-rep,afd9ace9d9c2750033ed3fb3cac47ee2337cacaec5ac225006dd71eb35677c8d,hf_download,bcui2/NCU_report@21037737b7e371d38f3d029367dc3967d5b31a23,matched,documented:profiling_infra_only,1,params+winner from NCU catalogue | profiling source 638ea849; formal CSV source c882fe50 (batched_matmul_autotune 3c5eccbf); only profiling infrastructure changed (PROVENANCE.md),ok,conv1d_kernel,1,1,"{""BLOCK_SIZE_BATCH_LENGTH"": 128, ""BLOCK_SIZE_IN_FEAT"": 16, ""BLOCK_SIZE_OUT_FEAT"": 128, ""num_stages"": 3, ""num_warps"": 4}",2025.4.0.0 (build 36690805) (public-release),2026-Oct-03 07:04:30,13.1,/usr/local/cuda-13.1/nsight-compute-2025.4.0/target/linux-desktop-t210-a64/ncu --set full --import-source on --replay-mode application --cache-control none --app-replay-mode strict --profile-from-start off --kernel-name regex:^(?:conv1d_kernel) --launch-skip 0 --launch-count 1 --force-overwrite -o /projects/kzhou6/bcui2/research/tilebench/Tilebench-gh200/outputs/ncu/GH200/1d_conv/triton_fp32 /projects/kzhou6/bcui2/env_software/miniconda3-aarch64/envs/tilebench++_env/bin/python /projects/kzhou6/bcui2/research/tilebench/Tilebench-gh200/scripts/profiling/ncu_generic_harness.py,3.8916,2.3975
GH200/cutile/2d_conv/fp16,GH200,cutile,2d_conv,fp16,3a18138bc42e2cc33718fb925d637a175c459a40bc68c628081e0f23a7824504,"{""H"":320,""batch"":1,""groups"":1,""in_channels"":128,""kernel_size"":3,""out_channels"":128,""padding"":1,""stride"":1}",full,application,NVIDIA_GH200/2d_conv/cutile_fp16.ncu-rep,ac3796dbd8586f7559662c83d2a9b4b86798c38d89b2d3623b88e34c1ee50a8a,hf_download,bcui2/NCU_report@21037737b7e371d38f3d029367dc3967d5b31a23,matched,documented:profiling_infra_only,1,params+winner from NCU catalogue | profiling source 638ea849; formal CSV source c882fe50 (batched_matmul_autotune 3c5eccbf); only profiling infrastructure changed (PROVENANCE.md),ok,conv2d_kernel_Kt1_A1f16_1i16t1_p16_A1f16_1i16t1_p16_A1f16_1i16t1_p16_Si32_Si32_Si32_Si32_Si32_Si32_Si32_Si32_Si32_Si32_Si32_Si32_Si32_Si32_Si32_Si32_Si32_Si32_Si32_Si32_Si32_Si32_Si32_Si32_Si32_Si32_Si32_I64_I16_I128,1,1,"{""block_bhw"": 64, ""block_in"": 16, ""block_out"": 128, ""occupancy"": 4}",2025.4.0.0 (build 36690805) (public-release),2026-Oct-03 07:10:40,13.1,/usr/local/cuda-13.1/nsight-compute-2025.4.0/target/linux-desktop-t210-a64/ncu --set full --import-source on --replay-mode application --cache-control none --app-replay-mode strict --profile-from-start off --kernel-name regex:^(?:conv2d_kernel) --launch-skip 0 --launch-count 1 --force-overwrite -o /projects/kzhou6/bcui2/research/tilebench/Tilebench-gh200/outputs/ncu/GH200/2d_conv/cutile_fp16 /projects/kzhou6/bcui2/env_software/miniconda3-aarch64/envs/tilebench++_env/bin/python /projects/kzhou6/bcui2/research/tilebench/Tilebench-gh200/scripts/profiling/ncu_generic_harness.py,0.7409,0.1006
GH200/cutile/2d_conv/fp32,GH200,cutile,2d_conv,fp32,4f40a0ecdcb0632c2f5c784657e624b827b20f88d64468fc84a4987c1bd90d03,"{""H"":320,""batch"":1,""groups"":1,""in_channels"":128,""kernel_size"":3,""out_channels"":128,""padding"":1,""stride"":1}",full,application,NVIDIA_GH200/2d_conv/cutile_fp32.ncu-rep,b5a68fa1ead89168b3828f391ca95d7e4462f7de3a260664e0a15f8bc26ce5c7,hf_download,bcui2/NCU_report@21037737b7e371d38f3d029367dc3967d5b31a23,matched,documented:profiling_infra_only,1,params+winner from NCU catalogue | profiling source 638ea849; formal CSV source c882fe50 (batched_matmul_autotune 3c5eccbf); only profiling infrastructure changed (PROVENANCE.md),ok,conv2d_kernel_Kt1_A1f32_1i16t1_p16_A1f32_1i16t1_p16_A1f32_1i16t1_p16_Si32_Si32_Si32_Si32_Si32_Si32_Si32_Si32_Si32_Si32_Si32_Si32_Si32_Si32_Si32_Si32_Si32_Si32_Si32_Si32_Si32_Si32_Si32_Si32_Si32_Si32_Si32_I64_I32_I128,1,1,"{""block_bhw"": 64, ""block_in"": 32, ""block_out"": 128, ""occupancy"": 4}",2025.4.0.0 (build 36690805) (public-release),2026-Oct-03 07:14:42,13.1,/usr/local/cuda-13.1/nsight-compute-2025.4.0/target/linux-desktop-t210-a64/ncu --set full --import-source on --replay-mode application --cache-control none --app-replay-mode strict --profile-from-start off --kernel-name regex:^(?:conv2d_kernel) --launch-skip 0 --launch-count 1 --force-overwrite -o /projects/kzhou6/bcui2/research/tilebench/Tilebench-gh200/outputs/ncu/GH200/2d_conv/cutile_fp32 /projects/kzhou6/bcui2/env_software/miniconda3-aarch64/envs/tilebench++_env/bin/python /projects/kzhou6/bcui2/research/tilebench/Tilebench-gh200/scripts/profiling/ncu_generic_harness.py,0.9725,0.1618
GH200/tilelang/2d_conv/fp16,GH200,tilelang,2d_conv,fp16,3a18138bc42e2cc33718fb925d637a175c459a40bc68c628081e0f23a7824504,"{""H"":320,""batch"":1,""groups"":1,""in_channels"":128,""kernel_size"":3,""out_channels"":128,""padding"":1,""stride"":1}",full,application,NVIDIA_GH200/2d_conv/tilelang_fp16.ncu-rep,085112fbab4f853cec00560360f644026437537b728ec5dc1462af2332192dc5,hf_download,bcui2/NCU_report@21037737b7e371d38f3d029367dc3967d5b31a23,matched,documented:profiling_infra_only,1,params+winner from NCU catalogue | profiling source d6ddb622; formal CSV source c882fe50 (batched_matmul_autotune 3c5eccbf); only profiling infrastructure changed (PROVENANCE.md),ok,conv2d_kernel_kernel,1,1,"{""BLOCK_SIZE_BATCH_HEIGHT_WIDTH"": 64, ""BLOCK_SIZE_IN_FEAT"": 16, ""BLOCK_SIZE_OUT_FEAT"": 128, ""num_stages"": 2, ""threads"": 128}",2025.4.0.0 (build 36690805) (public-release),2026-Oct-03 23:55:54,13.1,/usr/local/cuda-13.1/nsight-compute-2025.4.0/target/linux-desktop-t210-a64/ncu --set full --import-source on --replay-mode application --cache-control none --app-replay-mode strict --profile-from-start off --kernel-name regex:^(?:conv2d_kernel_kernel) --launch-skip 0 --launch-count 1 --force-overwrite -o /projects/kzhou6/bcui2/research/tilebench/Tilebench-gh200/outputs/ncu/GH200/2d_conv/tilelang_fp16 /projects/kzhou6/bcui2/env_software/miniconda3-aarch64/envs/tilebench++_env/bin/python /projects/kzhou6/bcui2/research/tilebench/Tilebench-gh200/scripts/profiling/ncu_generic_harness.py,2.1148,0.1006
GH200/tilelang/2d_conv/fp32,GH200,tilelang,2d_conv,fp32,4f40a0ecdcb0632c2f5c784657e624b827b20f88d64468fc84a4987c1bd90d03,"{""H"":320,""batch"":1,""groups"":1,""in_channels"":128,""kernel_size"":3,""out_channels"":128,""padding"":1,""stride"":1}",full,application,NVIDIA_GH200/2d_conv/tilelang_fp32.ncu-rep,9b907dd7be709aa7cb4e53768e2cfbb25bb6b1a26985113109cc42441c0cab3e,hf_download,bcui2/NCU_report@21037737b7e371d38f3d029367dc3967d5b31a23,matched,documented:profiling_infra_only,1,params+winner from NCU catalogue | profiling source d6ddb622; formal CSV source c882fe50 (batched_matmul_autotune 3c5eccbf); only profiling infrastructure changed (PROVENANCE.md),ok,conv2d_kernel_kernel,1,1,"{""BLOCK_SIZE_BATCH_HEIGHT_WIDTH"": 128, ""BLOCK_SIZE_IN_FEAT"": 16, ""BLOCK_SIZE_OUT_FEAT"": 128, ""num_stages"": 3, ""threads"": 64}",2025.4.0.0 (build 36690805) (public-release),2026-Oct-03 23:58:24,13.1,/usr/local/cuda-13.1/nsight-compute-2025.4.0/target/linux-desktop-t210-a64/ncu --set full --import-source on --replay-mode application --cache-control none --app-replay-mode strict --profile-from-start off --kernel-name regex:^(?:conv2d_kernel_kernel) --launch-skip 0 --launch-count 1 --force-overwrite -o /projects/kzhou6/bcui2/research/tilebench/Tilebench-gh200/outputs/ncu/GH200/2d_conv/tilelang_fp32 /projects/kzhou6/bcui2/env_software/miniconda3-aarch64/envs/tilebench++_env/bin/python /projects/kzhou6/bcui2/research/tilebench/Tilebench-gh200/scripts/profiling/ncu_generic_harness.py,3.4229,0.1618
GH200/triton/2d_conv/fp16,GH200,triton,2d_conv,fp16,3a18138bc42e2cc33718fb925d637a175c459a40bc68c628081e0f23a7824504,"{""H"":320,""batch"":1,""groups"":1,""in_channels"":128,""kernel_size"":3,""out_channels"":128,""padding"":1,""stride"":1}",full,application,NVIDIA_GH200/2d_conv/triton_fp16.ncu-rep,4bd820fb0837893aa3b9eb239b4c138f014795c03fecc88f8ba1dce5b28abb2d,hf_download,bcui2/NCU_report@21037737b7e371d38f3d029367dc3967d5b31a23,matched,documented:profiling_infra_only,1,params+winner from NCU catalogue | profiling source 638ea849; formal CSV source c882fe50 (batched_matmul_autotune 3c5eccbf); only profiling infrastructure changed (PROVENANCE.md),ok,conv2d_kernel,1,1,"{""BLOCK_SIZE_BATCH_HEIGHT_WIDTH"": 128, ""BLOCK_SIZE_IN_FEAT"": 64, ""BLOCK_SIZE_OUT_FEAT"": 64, ""num_stages"": 3, ""num_warps"": 4}",2025.4.0.0 (build 36690805) (public-release),2026-Oct-03 07:08:38,13.1,/usr/local/cuda-13.1/nsight-compute-2025.4.0/target/linux-desktop-t210-a64/ncu --set full --import-source on --replay-mode application --cache-control none --app-replay-mode strict --profile-from-start off --kernel-name regex:^(?:conv2d_kernel) --launch-skip 0 --launch-count 1 --force-overwrite -o /projects/kzhou6/bcui2/research/tilebench/Tilebench-gh200/outputs/ncu/GH200/2d_conv/triton_fp16 /projects/kzhou6/bcui2/env_software/miniconda3-aarch64/envs/tilebench++_env/bin/python /projects/kzhou6/bcui2/research/tilebench/Tilebench-gh200/scripts/profiling/ncu_generic_harness.py,0.6191,0.1006
GH200/triton/2d_conv/fp32,GH200,triton,2d_conv,fp32,4f40a0ecdcb0632c2f5c784657e624b827b20f88d64468fc84a4987c1bd90d03,"{""H"":320,""batch"":1,""groups"":1,""in_channels"":128,""kernel_size"":3,""out_channels"":128,""padding"":1,""stride"":1}",full,application,NVIDIA_GH200/2d_conv/triton_fp32.ncu-rep,ae02f7d6e342075a3e8e3e77e0b7af3ebf8280564548c3c3a8e0977333f21b57,hf_download,bcui2/NCU_report@21037737b7e371d38f3d029367dc3967d5b31a23,matched,documented:profiling_infra_only,1,params+winner from NCU catalogue | profiling source 638ea849; formal CSV source c882fe50 (batched_matmul_autotune 3c5eccbf); only profiling infrastructure changed (PROVENANCE.md),ok,conv2d_kernel,1,1,"{""BLOCK_SIZE_BATCH_HEIGHT_WIDTH"": 64, ""BLOCK_SIZE_IN_FEAT"": 16, ""BLOCK_SIZE_OUT_FEAT"": 128, ""num_stages"": 3, ""num_warps"": 8}",2025.4.0.0 (build 36690805) (public-release),2026-Oct-03 07:12:42,13.1,/usr/local/cuda-13.1/nsight-compute-2025.4.0/target/linux-desktop-t210-a64/ncu --set full --import-source on --replay-mode application --cache-control none --app-replay-mode strict --profile-from-start off --kernel-name regex:^(?:conv2d_kernel) --launch-skip 0 --launch-count 1 --force-overwrite -o /projects/kzhou6/bcui2/research/tilebench/Tilebench-gh200/outputs/ncu/GH200/2d_conv/triton_fp32 /projects/kzhou6/bcui2/env_software/miniconda3-aarch64/envs/tilebench++_env/bin/python /projects/kzhou6/bcui2/research/tilebench/Tilebench-gh200/scripts/profiling/ncu_generic_harness.py,0.8727,0.1618
GH200/cutile/2d_max_pooling/bf16,GH200,cutile,2d_max_pooling,bf16,ca5ed0d22726ffbc1dad6e5a951afd6155a6c868f2a234e32fca96997e4da21e,"{""C"":128,""H"":640,""N"":4,""kernel_size"":3,""padding"":1,""stride"":2}",full,application,NVIDIA_GH200/2d_max_pooling/cutile_bf16.ncu-rep,57dd6af9a9451a01fdf7047d39d54c9640ea6a19ad2f631edb0cd58c9b74b460,hf_download,bcui2/NCU_report@21037737b7e371d38f3d029367dc3967d5b31a23,matched,documented:profiling_infra_only,1,params+winner from NCU catalogue | profiling source 638ea849; formal CSV source c882fe50 (batched_matmul_autotune 3c5eccbf); only profiling infrastructure changed (PROVENANCE.md),ok,max_pool2d_kernel_Kt1_A3bf16_3v8l0_4t1_7i16_p16_A3bf16_3v8l0_4t1_7i16_p16_I3_I2_I1_I1_I512,1,1,"{""occupancy"": 8, ""tile_c"": 512, ""tile_r"": 1}",2025.4.0.0 (build 36690805) (public-release),2026-Oct-03 07:22:46,13.1,/usr/local/cuda-13.1/nsight-compute-2025.4.0/target/linux-desktop-t210-a64/ncu --set full --import-source on --replay-mode application --cache-control none --app-replay-mode strict --profile-from-start off --kernel-name regex:^(?:max_pool2d_kernel) --launch-skip 0 --launch-count 1 --force-overwrite -o /projects/kzhou6/bcui2/research/tilebench/Tilebench-gh200/outputs/ncu/GH200/2d_max_pooling/cutile_bf16 /projects/kzhou6/bcui2/env_software/miniconda3-aarch64/envs/tilebench++_env/bin/python /projects/kzhou6/bcui2/research/tilebench/Tilebench-gh200/scripts/profiling/ncu_generic_harness.py,0.2549,0.8510
GH200/cutile/2d_max_pooling/fp16,GH200,cutile,2d_max_pooling,fp16,a62dd33d8cf847fc0c94e233e07fda6ce09680cca78ac354a83c4541f3b8af17,"{""C"":128,""H"":640,""N"":4,""kernel_size"":3,""padding"":1,""stride"":2}",full,application,NVIDIA_GH200/2d_max_pooling/cutile_fp16.ncu-rep,3c0e239802b1d2827f5e88377a67fb37bc3dc29ce0d58f636526cad5be9fad45,hf_download,bcui2/NCU_report@21037737b7e371d38f3d029367dc3967d5b31a23,matched,documented:profiling_infra_only,1,params+winner from NCU catalogue | profiling source 638ea849; formal CSV source c882fe50 (batched_matmul_autotune 3c5eccbf); only profiling infrastructure changed (PROVENANCE.md),ok,max_pool2d_kernel_Kt1_A3f16_3v8l0_4t1_7i16_p16_A3f16_3v8l0_4t1_7i16_p16_I3_I2_I1_I1_I512,1,1,"{""occupancy"": 8, ""tile_c"": 512, ""tile_r"": 1}",2025.4.0.0 (build 36690805) (public-release),2026-Oct-03 07:18:44,13.1,/usr/local/cuda-13.1/nsight-compute-2025.4.0/target/linux-desktop-t210-a64/ncu --set full --import-source on --replay-mode application --cache-control none --app-replay-mode strict --profile-from-start off --kernel-name regex:^(?:max_pool2d_kernel) --launch-skip 0 --launch-count 1 --force-overwrite -o /projects/kzhou6/bcui2/research/tilebench/Tilebench-gh200/outputs/ncu/GH200/2d_max_pooling/cutile_fp16 /projects/kzhou6/bcui2/env_software/miniconda3-aarch64/envs/tilebench++_env/bin/python /projects/kzhou6/bcui2/research/tilebench/Tilebench-gh200/scripts/profiling/ncu_generic_harness.py,0.2537,0.8415
GH200/cutile/2d_max_pooling/fp32,GH200,cutile,2d_max_pooling,fp32,e3728773dce74b72c56e2809d872162f5f603a5da71e61fece031a965e2d2cbf,"{""C"":128,""H"":640,""N"":4,""kernel_size"":3,""padding"":1,""stride"":2}",full,application,NVIDIA_GH200/2d_max_pooling/cutile_fp32.ncu-rep,00721637f8e3b28598253327f432efab507070c2165c1e60b59e4a59a1fa4124,hf_download,bcui2/NCU_report@21037737b7e371d38f3d029367dc3967d5b31a23,matched,documented:profiling_infra_only,1,params+winner from NCU catalogue | profiling source 638ea849; formal CSV source c882fe50 (batched_matmul_autotune 3c5eccbf); only profiling infrastructure changed (PROVENANCE.md),ok,max_pool2d_kernel_Kt1_A3f32_3v4l0_4t1_7i16_p16_A3f32_3v4l0_4t1_7i16_p16_I3_I2_I1_I1_I512,1,1,"{""occupancy"": 4, ""tile_c"": 512, ""tile_r"": 1}",2025.4.0.0 (build 36690805) (public-release),2026-Oct-03 07:26:46,13.1,/usr/local/cuda-13.1/nsight-compute-2025.4.0/target/linux-desktop-t210-a64/ncu --set full --import-source on --replay-mode application --cache-control none --app-replay-mode strict --profile-from-start off --kernel-name regex:^(?:max_pool2d_kernel) --launch-skip 0 --launch-count 1 --force-overwrite -o /projects/kzhou6/bcui2/research/tilebench/Tilebench-gh200/outputs/ncu/GH200/2d_max_pooling/cutile_fp32 /projects/kzhou6/bcui2/env_software/miniconda3-aarch64/envs/tilebench++_env/bin/python /projects/kzhou6/bcui2/research/tilebench/Tilebench-gh200/scripts/profiling/ncu_generic_harness.py,0.3254,0.8253
GH200/tilelang/2d_max_pooling/bf16,GH200,tilelang,2d_max_pooling,bf16,ca5ed0d22726ffbc1dad6e5a951afd6155a6c868f2a234e32fca96997e4da21e,"{""C"":128,""H"":640,""N"":4,""kernel_size"":3,""padding"":1,""stride"":2}",full,application,NVIDIA_GH200/2d_max_pooling/tilelang_bf16.ncu-rep,3f63eecab82bc69843d56830f8fe2bd2e8c823ade1d1bbba33cc6547222a5bcb,hf_download,bcui2/NCU_report@21037737b7e371d38f3d029367dc3967d5b31a23,matched,documented:profiling_infra_only,1,params+winner from NCU catalogue | profiling source d6ddb622; formal CSV source c882fe50 (batched_matmul_autotune 3c5eccbf); only profiling infrastructure changed (PROVENANCE.md),ok,max_pool2d_kernel_kernel,1,1,"{""BLOCK_C"": 64, ""BLOCK_R"": 8, ""threads"": 128}",2025.4.0.0 (build 36690805) (public-release),2026-Oct-04 00:03:20,13.1,/usr/local/cuda-13.1/nsight-compute-2025.4.0/target/linux-desktop-t210-a64/ncu --set full --import-source on --replay-mode application --cache-control none --app-replay-mode strict --profile-from-start off --kernel-name regex:^(?:max_pool2d_kernel_kernel) --launch-skip 0 --launch-count 1 --force-overwrite -o /projects/kzhou6/bcui2/research/tilebench/Tilebench-gh200/outputs/ncu/GH200/2d_max_pooling/tilelang_bf16 /projects/kzhou6/bcui2/env_software/miniconda3-aarch64/envs/tilebench++_env/bin/python /projects/kzhou6/bcui2/research/tilebench/Tilebench-gh200/scripts/profiling/ncu_generic_harness.py,0.2984,0.8510
GH200/tilelang/2d_max_pooling/fp16,GH200,tilelang,2d_max_pooling,fp16,a62dd33d8cf847fc0c94e233e07fda6ce09680cca78ac354a83c4541f3b8af17,"{""C"":128,""H"":640,""N"":4,""kernel_size"":3,""padding"":1,""stride"":2}",full,application,NVIDIA_GH200/2d_max_pooling/tilelang_fp16.ncu-rep,c2ec8ef73f29c6f73fcc0eae71b7bb11e7e1581cfa755e0dd352b7da07090010,hf_download,bcui2/NCU_report@21037737b7e371d38f3d029367dc3967d5b31a23,matched,documented:profiling_infra_only,1,params+winner from NCU catalogue | profiling source d6ddb622; formal CSV source c882fe50 (batched_matmul_autotune 3c5eccbf); only profiling infrastructure changed (PROVENANCE.md),ok,max_pool2d_kernel_kernel,1,1,"{""BLOCK_C"": 64, ""BLOCK_R"": 8, ""threads"": 128}",2025.4.0.0 (build 36690805) (public-release),2026-Oct-04 00:00:53,13.1,/usr/local/cuda-13.1/nsight-compute-2025.4.0/target/linux-desktop-t210-a64/ncu --set full --import-source on --replay-mode application --cache-control none --app-replay-mode strict --profile-from-start off --kernel-name regex:^(?:max_pool2d_kernel_kernel) --launch-skip 0 --launch-count 1 --force-overwrite -o /projects/kzhou6/bcui2/research/tilebench/Tilebench-gh200/outputs/ncu/GH200/2d_max_pooling/tilelang_fp16 /projects/kzhou6/bcui2/env_software/miniconda3-aarch64/envs/tilebench++_env/bin/python /projects/kzhou6/bcui2/research/tilebench/Tilebench-gh200/scripts/profiling/ncu_generic_harness.py,0.2983,0.8415
GH200/tilelang/2d_max_pooling/fp32,GH200,tilelang,2d_max_pooling,fp32,e3728773dce74b72c56e2809d872162f5f603a5da71e61fece031a965e2d2cbf,"{""C"":128,""H"":640,""N"":4,""kernel_size"":3,""padding"":1,""stride"":2}",full,application,NVIDIA_GH200/2d_max_pooling/tilelang_fp32.ncu-rep,83bf65bc08fcf91ca11d369328d6c33a63d53bd9a8d62d0fe80d730974507c29,hf_download,bcui2/NCU_report@21037737b7e371d38f3d029367dc3967d5b31a23,matched,documented:profiling_infra_only,1,params+winner from NCU catalogue | profiling source d6ddb622; formal CSV source c882fe50 (batched_matmul_autotune 3c5eccbf); only profiling infrastructure changed (PROVENANCE.md),ok,max_pool2d_kernel_kernel,1,1,"{""BLOCK_C"": 512, ""BLOCK_R"": 1, ""threads"": 128}",2025.4.0.0 (build 36690805) (public-release),2026-Oct-04 00:05:46,13.1,/usr/local/cuda-13.1/nsight-compute-2025.4.0/target/linux-desktop-t210-a64/ncu --set full --import-source on --replay-mode application --cache-control none --app-replay-mode strict --profile-from-start off --kernel-name regex:^(?:max_pool2d_kernel_kernel) --launch-skip 0 --launch-count 1 --force-overwrite -o /projects/kzhou6/bcui2/research/tilebench/Tilebench-gh200/outputs/ncu/GH200/2d_max_pooling/tilelang_fp32 /projects/kzhou6/bcui2/env_software/miniconda3-aarch64/envs/tilebench++_env/bin/python /projects/kzhou6/bcui2/research/tilebench/Tilebench-gh200/scripts/profiling/ncu_generic_harness.py,0.3182,0.8253
GH200/triton/2d_max_pooling/bf16,GH200,triton,2d_max_pooling,bf16,ca5ed0d22726ffbc1dad6e5a951afd6155a6c868f2a234e32fca96997e4da21e,"{""C"":128,""H"":640,""N"":4,""kernel_size"":3,""padding"":1,""stride"":2}",full,application,NVIDIA_GH200/2d_max_pooling/triton_bf16.ncu-rep,aec23148cb9c5a98245ae27659b55eac7e3e5875115d317a079831f82c4d811e,hf_download,bcui2/NCU_report@21037737b7e371d38f3d029367dc3967d5b31a23,matched,documented:profiling_infra_only,1,params+winner from NCU catalogue | profiling source 638ea849; formal CSV source c882fe50 (batched_matmul_autotune 3c5eccbf); only profiling infrastructure changed (PROVENANCE.md),ok,max_pool2d_kernel,1,1,"{""BLOCK_C"": 512, ""BLOCK_R"": 1, ""num_warps"": 4}",2025.4.0.0 (build 36690805) (public-release),2026-Oct-03 07:20:46,13.1,/usr/local/cuda-13.1/nsight-compute-2025.4.0/target/linux-desktop-t210-a64/ncu --set full --import-source on --replay-mode application --cache-control none --app-replay-mode strict --profile-from-start off --kernel-name regex:^(?:max_pool2d_kernel) --launch-skip 0 --launch-count 1 --force-overwrite -o /projects/kzhou6/bcui2/research/tilebench/Tilebench-gh200/outputs/ncu/GH200/2d_max_pooling/triton_bf16 /projects/kzhou6/bcui2/env_software/miniconda3-aarch64/envs/tilebench++_env/bin/python /projects/kzhou6/bcui2/research/tilebench/Tilebench-gh200/scripts/profiling/ncu_generic_harness.py,0.2503,0.8510
GH200/triton/2d_max_pooling/fp16,GH200,triton,2d_max_pooling,fp16,a62dd33d8cf847fc0c94e233e07fda6ce09680cca78ac354a83c4541f3b8af17,"{""C"":128,""H"":640,""N"":4,""kernel_size"":3,""padding"":1,""stride"":2}",full,application,NVIDIA_GH200/2d_max_pooling/triton_fp16.ncu-rep,4d5602e9f018ffc069c82a251baffdf3fe8c70a8502dfaaffd130a6a47cebcad,hf_download,bcui2/NCU_report@21037737b7e371d38f3d029367dc3967d5b31a23,matched,documented:profiling_infra_only,1,params+winner from NCU catalogue | profiling source 638ea849; formal CSV source c882fe50 (batched_matmul_autotune 3c5eccbf); only profiling infrastructure changed (PROVENANCE.md),ok,max_pool2d_kernel,1,1,"{""BLOCK_C"": 512, ""BLOCK_R"": 1, ""num_warps"": 4}",2025.4.0.0 (build 36690805) (public-release),2026-Oct-03 07:16:45,13.1,/usr/local/cuda-13.1/nsight-compute-2025.4.0/target/linux-desktop-t210-a64/ncu --set full --import-source on --replay-mode application --cache-control none --app-replay-mode strict --profile-from-start off --kernel-name regex:^(?:max_pool2d_kernel) --launch-skip 0 --launch-count 1 --force-overwrite -o /projects/kzhou6/bcui2/research/tilebench/Tilebench-gh200/outputs/ncu/GH200/2d_max_pooling/triton_fp16 /projects/kzhou6/bcui2/env_software/miniconda3-aarch64/envs/tilebench++_env/bin/python /projects/kzhou6/bcui2/research/tilebench/Tilebench-gh200/scripts/profiling/ncu_generic_harness.py,0.2427,0.8415
GH200/triton/2d_max_pooling/fp32,GH200,triton,2d_max_pooling,fp32,e3728773dce74b72c56e2809d872162f5f603a5da71e61fece031a965e2d2cbf,"{""C"":128,""H"":640,""N"":4,""kernel_size"":3,""padding"":1,""stride"":2}",full,application,NVIDIA_GH200/2d_max_pooling/triton_fp32.ncu-rep,f7aeba2687b7ecbe40a97e0c8640dd4346b28fdf732e69372644989f64f28686,hf_download,bcui2/NCU_report@21037737b7e371d38f3d029367dc3967d5b31a23,matched,documented:profiling_infra_only,1,params+winner from NCU catalogue | profiling source 638ea849; formal CSV source c882fe50 (batched_matmul_autotune 3c5eccbf); only profiling infrastructure changed (PROVENANCE.md),ok,max_pool2d_kernel,1,1,"{""BLOCK_C"": 512, ""BLOCK_R"": 1, ""num_warps"": 4}",2025.4.0.0 (build 36690805) (public-release),2026-Oct-03 07:24:48,13.1,/usr/local/cuda-13.1/nsight-compute-2025.4.0/target/linux-desktop-t210-a64/ncu --set full --import-source on --replay-mode application --cache-control none --app-replay-mode strict --profile-from-start off --kernel-name regex:^(?:max_pool2d_kernel) --launch-skip 0 --launch-count 1 --force-overwrite -o /projects/kzhou6/bcui2/research/tilebench/Tilebench-gh200/outputs/ncu/GH200/2d_max_pooling/triton_fp32 /projects/kzhou6/bcui2/env_software/miniconda3-aarch64/envs/tilebench++_env/bin/python /projects/kzhou6/bcui2/research/tilebench/Tilebench-gh200/scripts/profiling/ncu_generic_harness.py,0.3228,0.8253
GH200/cutile/3d_conv/fp16,GH200,cutile,3d_conv,fp16,f68b4b9bbf6e6f6f3a7a6c89e64f4ccf6ae24a3f5f50888e1c2245c358eb3750,"{""D"":32,""H"":320,""batch"":1,""groups"":1,""in_channels"":64,""kernel_size"":3,""out_channels"":64,""padding"":1,""stride"":1}",full,application,NVIDIA_GH200/3d_conv/cutile_fp16.ncu-rep,780c8e17f658132df7d4118513c918d61fe65d1043a001f06b302982ce818ea2,hf_download,bcui2/NCU_report@21037737b7e371d38f3d029367dc3967d5b31a23,matched,documented:profiling_infra_only,1,params+winner from NCU catalogue | profiling source 638ea849; formal CSV source c882fe50 (batched_matmul_autotune 3c5eccbf); only profiling infrastructure changed (PROVENANCE.md),ok,conv3d_kernel_Kt1_A1f16_1i16t1_p16_A1f16_1i16t1_p16_A1f16_1i16t1_p16_Si32_Si32_Si32_Si32_Si32_Si32_Si32_Si32_Si32_Si32_Si32_Si32_Si32_Si32_Si32_Si32_Si32_Si32_Si32_Si32_Si32_Si32_Si32_Si32_Si32_Si32_Si32_Si32_Si32_Si32_Si32_Si32_Si32_Si32_Si32_I64_I32_I64,1,1,"{""block_bdhw"": 64, ""block_in"": 32, ""block_out"": 64, ""occupancy"": 16}",2025.4.0.0 (build 36690805) (public-release),2026-Oct-03 07:31:06,13.1,/usr/local/cuda-13.1/nsight-compute-2025.4.0/target/linux-desktop-t210-a64/ncu --set full --import-source on --replay-mode application --cache-control none --app-replay-mode strict --profile-from-start off --kernel-name regex:^(?:conv3d_kernel) --launch-skip 0 --launch-count 1 --force-overwrite -o /projects/kzhou6/bcui2/research/tilebench/Tilebench-gh200/outputs/ncu/GH200/3d_conv/cutile_fp16 /projects/kzhou6/bcui2/env_software/miniconda3-aarch64/envs/tilebench++_env/bin/python /projects/kzhou6/bcui2/research/tilebench/Tilebench-gh200/scripts/profiling/ncu_generic_harness.py,32.6973,2.1998
GH200/cutile/3d_conv/fp32,GH200,cutile,3d_conv,fp32,9f39205a7239ff2dbec060a701e3ad4838b7d4d38a8f9776ef0ea2ba88bf04ff,"{""D"":32,""H"":320,""batch"":1,""groups"":1,""in_channels"":64,""kernel_size"":3,""out_channels"":64,""padding"":1,""stride"":1}",full,application,NVIDIA_GH200/3d_conv/cutile_fp32.ncu-rep,d7d1ac1ebc0b970d158022a1647c68b799b53ff89689cd57a83d0fdcecfcb99e,hf_download,bcui2/NCU_report@21037737b7e371d38f3d029367dc3967d5b31a23,matched,documented:profiling_infra_only,1,params+winner from NCU catalogue | profiling source 638ea849; formal CSV source c882fe50 (batched_matmul_autotune 3c5eccbf); only profiling infrastructure changed (PROVENANCE.md),ok,conv3d_kernel_Kt1_A1f32_1i16t1_p16_A1f32_1i16t1_p16_A1f32_1i16t1_p16_Si32_Si32_Si32_Si32_Si32_Si32_Si32_Si32_Si32_Si32_Si32_Si32_Si32_Si32_Si32_Si32_Si32_Si32_Si32_Si32_Si32_Si32_Si32_Si32_Si32_Si32_Si32_Si32_Si32_Si32_Si32_Si32_Si32_Si32_Si32_I128_I16_I64,1,1,"{""block_bdhw"": 128, ""block_in"": 16, ""block_out"": 64, ""occupancy"": 4}",2025.4.0.0 (build 36690805) (public-release),2026-Oct-03 07:35:31,13.1,/usr/local/cuda-13.1/nsight-compute-2025.4.0/target/linux-desktop-t210-a64/ncu --set full --import-source on --replay-mode application --cache-control none --app-replay-mode strict --profile-from-start off --kernel-name regex:^(?:conv3d_kernel) --launch-skip 0 --launch-count 1 --force-overwrite -o /projects/kzhou6/bcui2/research/tilebench/Tilebench-gh200/outputs/ncu/GH200/3d_conv/cutile_fp32 /projects/kzhou6/bcui2/env_software/miniconda3-aarch64/envs/tilebench++_env/bin/python /projects/kzhou6/bcui2/research/tilebench/Tilebench-gh200/scripts/profiling/ncu_generic_harness.py,42.8197,4.6648
GH200/tilelang/3d_conv/fp16,GH200,tilelang,3d_conv,fp16,f68b4b9bbf6e6f6f3a7a6c89e64f4ccf6ae24a3f5f50888e1c2245c358eb3750,"{""D"":32,""H"":320,""batch"":1,""groups"":1,""in_channels"":64,""kernel_size"":3,""out_channels"":64,""padding"":1,""stride"":1}",full,application,NVIDIA_GH200/3d_conv/tilelang_fp16.ncu-rep,c4076234565c13af8f6cafdbd30f300380dc7babca4375955ebbc6a866937a60,hf_download,bcui2/NCU_report@21037737b7e371d38f3d029367dc3967d5b31a23,matched,documented:profiling_infra_only,1,params+winner from NCU catalogue | profiling source d6ddb622; formal CSV source c882fe50 (batched_matmul_autotune 3c5eccbf); only profiling infrastructure changed (PROVENANCE.md),ok,conv3d_kernel_kernel,1,1,"{""BLOCK_SIZE_BATCH_DHW"": 128, ""BLOCK_SIZE_IN_FEAT"": 16, ""BLOCK_SIZE_OUT_FEAT"": 128, ""num_stages"": 4, ""threads"": 128}",2025.4.0.0 (build 36690805) (public-release),2026-Oct-04 00:08:47,13.1,/usr/local/cuda-13.1/nsight-compute-2025.4.0/target/linux-desktop-t210-a64/ncu --set full --import-source on --replay-mode application --cache-control none --app-replay-mode strict --profile-from-start off --kernel-name regex:^(?:conv3d_kernel_kernel) --launch-skip 0 --launch-count 1 --force-overwrite -o /projects/kzhou6/bcui2/research/tilebench/Tilebench-gh200/outputs/ncu/GH200/3d_conv/tilelang_fp16 /projects/kzhou6/bcui2/env_software/miniconda3-aarch64/envs/tilebench++_env/bin/python /projects/kzhou6/bcui2/research/tilebench/Tilebench-gh200/scripts/profiling/ncu_generic_harness.py,91.8891,2.1998
GH200/tilelang/3d_conv/fp32,GH200,tilelang,3d_conv,fp32,9f39205a7239ff2dbec060a701e3ad4838b7d4d38a8f9776ef0ea2ba88bf04ff,"{""D"":32,""H"":320,""batch"":1,""groups"":1,""in_channels"":64,""kernel_size"":3,""out_channels"":64,""padding"":1,""stride"":1}",full,application,NVIDIA_GH200/3d_conv/tilelang_fp32.ncu-rep,83fb493fdc129eaf72c36dbb31d909cccfd03fe73f050d4c98c1d24f46a14cc9,hf_download,bcui2/NCU_report@21037737b7e371d38f3d029367dc3967d5b31a23,matched,documented:profiling_infra_only,1,params+winner from NCU catalogue | profiling source d6ddb622; formal CSV source c882fe50 (batched_matmul_autotune 3c5eccbf); only profiling infrastructure changed (PROVENANCE.md),ok,conv3d_kernel_kernel,1,1,"{""BLOCK_SIZE_BATCH_DHW"": 128, ""BLOCK_SIZE_IN_FEAT"": 16, ""BLOCK_SIZE_OUT_FEAT"": 64, ""num_stages"": 4, ""threads"": 64}",2025.4.0.0 (build 36690805) (public-release),2026-Oct-04 00:11:54,13.1,/usr/local/cuda-13.1/nsight-compute-2025.4.0/target/linux-desktop-t210-a64/ncu --set full --import-source on --replay-mode application --cache-control none --app-replay-mode strict --profile-from-start off --kernel-name regex:^(?:conv3d_kernel_kernel) --launch-skip 0 --launch-count 1 --force-overwrite -o /projects/kzhou6/bcui2/research/tilebench/Tilebench-gh200/outputs/ncu/GH200/3d_conv/tilelang_fp32 /projects/kzhou6/bcui2/env_software/miniconda3-aarch64/envs/tilebench++_env/bin/python /projects/kzhou6/bcui2/research/tilebench/Tilebench-gh200/scripts/profiling/ncu_generic_harness.py,76.0868,4.6648
GH200/triton/3d_conv/fp16,GH200,triton,3d_conv,fp16,f68b4b9bbf6e6f6f3a7a6c89e64f4ccf6ae24a3f5f50888e1c2245c358eb3750,"{""D"":32,""H"":320,""batch"":1,""groups"":1,""in_channels"":64,""kernel_size"":3,""out_channels"":64,""padding"":1,""stride"":1}",full,application,NVIDIA_GH200/3d_conv/triton_fp16.ncu-rep,49addb50c6e1141242ab9529b509d1d864a131548199ec1822d9ce627ac015aa,hf_download,bcui2/NCU_report@21037737b7e371d38f3d029367dc3967d5b31a23,matched,documented:profiling_infra_only,1,params+winner from NCU catalogue | profiling source 638ea849; formal CSV source c882fe50 (batched_matmul_autotune 3c5eccbf); only profiling infrastructure changed (PROVENANCE.md),ok,conv3d_kernel,1,1,"{""BLOCK_SIZE_BATCH_DHW"": 128, ""BLOCK_SIZE_IN_FEAT"": 64, ""BLOCK_SIZE_OUT_FEAT"": 64, ""num_stages"": 2, ""num_warps"": 4}",2025.4.0.0 (build 36690805) (public-release),2026-Oct-03 07:28:51,13.1,/usr/local/cuda-13.1/nsight-compute-2025.4.0/target/linux-desktop-t210-a64/ncu --set full --import-source on --replay-mode application --cache-control none --app-replay-mode strict --profile-from-start off --kernel-name regex:^(?:conv3d_kernel) --launch-skip 0 --launch-count 1 --force-overwrite -o /projects/kzhou6/bcui2/research/tilebench/Tilebench-gh200/outputs/ncu/GH200/3d_conv/triton_fp16 /projects/kzhou6/bcui2/env_software/miniconda3-aarch64/envs/tilebench++_env/bin/python /projects/kzhou6/bcui2/research/tilebench/Tilebench-gh200/scripts/profiling/ncu_generic_harness.py,14.4304,2.1998
GH200/triton/3d_conv/fp32,GH200,triton,3d_conv,fp32,9f39205a7239ff2dbec060a701e3ad4838b7d4d38a8f9776ef0ea2ba88bf04ff,"{""D"":32,""H"":320,""batch"":1,""groups"":1,""in_channels"":64,""kernel_size"":3,""out_channels"":64,""padding"":1,""stride"":1}",full,application,NVIDIA_GH200/3d_conv/triton_fp32.ncu-rep,6e2281ea77c218bd40900e92fea56c9599170cdc99b7abcf7192c268fe5f8a67,hf_download,bcui2/NCU_report@21037737b7e371d38f3d029367dc3967d5b31a23,matched,documented:profiling_infra_only,1,params+winner from NCU catalogue | profiling source 638ea849; formal CSV source c882fe50 (batched_matmul_autotune 3c5eccbf); only profiling infrastructure changed (PROVENANCE.md),ok,conv3d_kernel,1,1,"{""BLOCK_SIZE_BATCH_DHW"": 128, ""BLOCK_SIZE_IN_FEAT"": 64, ""BLOCK_SIZE_OUT_FEAT"": 64, ""num_stages"": 2, ""num_warps"": 4}",2025.4.0.0 (build 36690805) (public-release),2026-Oct-03 07:33:13,13.1,/usr/local/cuda-13.1/nsight-compute-2025.4.0/target/linux-desktop-t210-a64/ncu --set full --import-source on --replay-mode application --cache-control none --app-replay-mode strict --profile-from-start off --kernel-name regex:^(?:conv3d_kernel) --launch-skip 0 --launch-count 1 --force-overwrite -o /projects/kzhou6/bcui2/research/tilebench/Tilebench-gh200/outputs/ncu/GH200/3d_conv/triton_fp32 /projects/kzhou6/bcui2/env_software/miniconda3-aarch64/envs/tilebench++_env/bin/python /projects/kzhou6/bcui2/research/tilebench/Tilebench-gh200/scripts/profiling/ncu_generic_harness.py,23.7106,4.6648
GH200/cutile/argmax/fp16,GH200,cutile,argmax,fp16,9180fbc98a37a955d75622e65eef96901634ee8d8ae006560281f2f3b3558536,"{""M"":2048,""N"":20480}",full,application,NVIDIA_GH200/argmax/cutile_fp16.ncu-rep,198a9dc3b06ab152fc3b776d9039cc1e08bb6680520b2a3a4489c352eb84d1f7,hf_download,bcui2/NCU_report@21037737b7e371d38f3d029367dc3967d5b31a23,matched,documented:profiling_infra_only,1,params+winner from NCU catalogue | profiling source 638ea849; formal CSV source c882fe50 (batched_matmul_autotune 3c5eccbf); only profiling infrastructure changed (PROVENANCE.md),ok,argmax_rowwise_kernel_Kt1_A2f16_1v8l0_2t1_3i16_p16_A1i64_1i16t1_p16_I10_I2048,1,1,"{""block_n"": 2048, ""occupancy"": 8}",2025.4.0.0 (build 36690805) (public-release),2026-Oct-03 07:39:33,13.1,/usr/local/cuda-13.1/nsight-compute-2025.4.0/target/linux-desktop-t210-a64/ncu --set full --import-source on --replay-mode application --cache-control none --app-replay-mode strict --profile-from-start off --kernel-name regex:^(?:argmax_rowwise_kernel) --launch-skip 0 --launch-count 1 --force-overwrite -o /projects/kzhou6/bcui2/research/tilebench/Tilebench-gh200/outputs/ncu/GH200/argmax/cutile_fp16 /projects/kzhou6/bcui2/env_software/miniconda3-aarch64/envs/tilebench++_env/bin/python /projects/kzhou6/bcui2/research/tilebench/Tilebench-gh200/scripts/profiling/ncu_generic_harness.py,0.0392,0.0582
GH200/cutile/argmax/fp32,GH200,cutile,argmax,fp32,32e5bec55018dea2d8af92ed32e53d89d9a669bf25b1a6b71f487f300d3794bd,"{""M"":2048,""N"":20480}",full,application,NVIDIA_GH200/argmax/cutile_fp32.ncu-rep,0350726f59e62684530b9910b3e984620133f978e72ab860173f2a08c84aff3a,hf_download,bcui2/NCU_report@21037737b7e371d38f3d029367dc3967d5b31a23,matched,documented:profiling_infra_only,1,params+winner from NCU catalogue | profiling source 638ea849; formal CSV source c882fe50 (batched_matmul_autotune 3c5eccbf); only profiling infrastructure changed (PROVENANCE.md),ok,argmax_rowwise_kernel_Kt1_A2f32_1v4l0_2t1_3i16_p16_A1i64_1i16t1_p16_I20_I1024,1,1,"{""block_n"": 1024, ""occupancy"": 16}",2025.4.0.0 (build 36690805) (public-release),2026-Oct-03 07:43:34,13.1,/usr/local/cuda-13.1/nsight-compute-2025.4.0/target/linux-desktop-t210-a64/ncu --set full --import-source on --replay-mode application --cache-control none --app-replay-mode strict --profile-from-start off --kernel-name regex:^(?:argmax_rowwise_kernel) --launch-skip 0 --launch-count 1 --force-overwrite -o /projects/kzhou6/bcui2/research/tilebench/Tilebench-gh200/outputs/ncu/GH200/argmax/cutile_fp32 /projects/kzhou6/bcui2/env_software/miniconda3-aarch64/envs/tilebench++_env/bin/python /projects/kzhou6/bcui2/research/tilebench/Tilebench-gh200/scripts/profiling/ncu_generic_harness.py,0.0596,0.0694
GH200/tilelang/argmax/fp16,GH200,tilelang,argmax,fp16,9180fbc98a37a955d75622e65eef96901634ee8d8ae006560281f2f3b3558536,"{""M"":2048,""N"":20480}",full,application,NVIDIA_GH200/argmax/tilelang_fp16.ncu-rep,7e7c25b72daeba6afe1fc77729cb413b5aa9734c2a06568935137b231efc0786,hf_download,bcui2/NCU_report@21037737b7e371d38f3d029367dc3967d5b31a23,matched,documented:profiling_infra_only,1,params+winner from NCU catalogue | profiling source d6ddb622; formal CSV source c882fe50 (batched_matmul_autotune 3c5eccbf); only profiling infrastructure changed (PROVENANCE.md),ok,argmax_rowwise_kernel_kernel,1,1,"{""BLOCK_N"": 2048, ""num_stages"": 4, ""threads"": 128}",2025.4.0.0 (build 36690805) (public-release),2026-Oct-04 00:14:25,13.1,/usr/local/cuda-13.1/nsight-compute-2025.4.0/target/linux-desktop-t210-a64/ncu --set full --import-source on --replay-mode application --cache-control none --app-replay-mode strict --profile-from-start off --kernel-name regex:^(?:argmax_rowwise_kernel_kernel) --launch-skip 0 --launch-count 1 --force-overwrite -o /projects/kzhou6/bcui2/research/tilebench/Tilebench-gh200/outputs/ncu/GH200/argmax/tilelang_fp16 /projects/kzhou6/bcui2/env_software/miniconda3-aarch64/envs/tilebench++_env/bin/python /projects/kzhou6/bcui2/research/tilebench/Tilebench-gh200/scripts/profiling/ncu_generic_harness.py,0.0333,0.0582
GH200/tilelang/argmax/fp32,GH200,tilelang,argmax,fp32,32e5bec55018dea2d8af92ed32e53d89d9a669bf25b1a6b71f487f300d3794bd,"{""M"":2048,""N"":20480}",full,application,NVIDIA_GH200/argmax/tilelang_fp32.ncu-rep,ef0d4f5834625680590342d2babe49857b396e40880a21c3bd03b9259fd14ef9,hf_download,bcui2/NCU_report@21037737b7e371d38f3d029367dc3967d5b31a23,matched,documented:profiling_infra_only,1,params+winner from NCU catalogue | profiling source d6ddb622; formal CSV source c882fe50 (batched_matmul_autotune 3c5eccbf); only profiling infrastructure changed (PROVENANCE.md),ok,argmax_rowwise_kernel_kernel,1,1,"{""BLOCK_N"": 2048, ""num_stages"": 4, ""threads"": 128}",2025.4.0.0 (build 36690805) (public-release),2026-Oct-04 00:16:54,13.1,/usr/local/cuda-13.1/nsight-compute-2025.4.0/target/linux-desktop-t210-a64/ncu --set full --import-source on --replay-mode application --cache-control none --app-replay-mode strict --profile-from-start off --kernel-name regex:^(?:argmax_rowwise_kernel_kernel) --launch-skip 0 --launch-count 1 --force-overwrite -o /projects/kzhou6/bcui2/research/tilebench/Tilebench-gh200/outputs/ncu/GH200/argmax/tilelang_fp32 /projects/kzhou6/bcui2/env_software/miniconda3-aarch64/envs/tilebench++_env/bin/python /projects/kzhou6/bcui2/research/tilebench/Tilebench-gh200/scripts/profiling/ncu_generic_harness.py,0.0564,0.0694
GH200/triton/argmax/fp16,GH200,triton,argmax,fp16,9180fbc98a37a955d75622e65eef96901634ee8d8ae006560281f2f3b3558536,"{""M"":2048,""N"":20480}",full,application,NVIDIA_GH200/argmax/triton_fp16.ncu-rep,38c7bf888de462b368ab8bb2758ccb9a84882c70f79b471bbac6683583d45a24,hf_download,bcui2/NCU_report@21037737b7e371d38f3d029367dc3967d5b31a23,matched,documented:profiling_infra_only,1,params+winner from NCU catalogue | profiling source 638ea849; formal CSV source c882fe50 (batched_matmul_autotune 3c5eccbf); only profiling infrastructure changed (PROVENANCE.md),ok,argmax_rowwise_kernel,1,1,"{""BLOCK_N"": 2048, ""num_stages"": 4, ""num_warps"": 4}",2025.4.0.0 (build 36690805) (public-release),2026-Oct-03 07:37:36,13.1,/usr/local/cuda-13.1/nsight-compute-2025.4.0/target/linux-desktop-t210-a64/ncu --set full --import-source on --replay-mode application --cache-control none --app-replay-mode strict --profile-from-start off --kernel-name regex:^(?:argmax_rowwise_kernel) --launch-skip 0 --launch-count 1 --force-overwrite -o /projects/kzhou6/bcui2/research/tilebench/Tilebench-gh200/outputs/ncu/GH200/argmax/triton_fp16 /projects/kzhou6/bcui2/env_software/miniconda3-aarch64/envs/tilebench++_env/bin/python /projects/kzhou6/bcui2/research/tilebench/Tilebench-gh200/scripts/profiling/ncu_generic_harness.py,0.0367,0.0582
GH200/triton/argmax/fp32,GH200,triton,argmax,fp32,32e5bec55018dea2d8af92ed32e53d89d9a669bf25b1a6b71f487f300d3794bd,"{""M"":2048,""N"":20480}",full,application,NVIDIA_GH200/argmax/triton_fp32.ncu-rep,d27175fa13d5ae4639219f93914bea28094a12ec74cfc266129369733392a680,hf_download,bcui2/NCU_report@21037737b7e371d38f3d029367dc3967d5b31a23,matched,documented:profiling_infra_only,1,params+winner from NCU catalogue | profiling source 638ea849; formal CSV source c882fe50 (batched_matmul_autotune 3c5eccbf); only profiling infrastructure changed (PROVENANCE.md),ok,argmax_rowwise_kernel,1,1,"{""BLOCK_N"": 2048, ""num_stages"": 4, ""num_warps"": 8}",2025.4.0.0 (build 36690805) (public-release),2026-Oct-03 07:41:35,13.1,/usr/local/cuda-13.1/nsight-compute-2025.4.0/target/linux-desktop-t210-a64/ncu --set full --import-source on --replay-mode application --cache-control none --app-replay-mode strict --profile-from-start off --kernel-name regex:^(?:argmax_rowwise_kernel) --launch-skip 0 --launch-count 1 --force-overwrite -o /projects/kzhou6/bcui2/research/tilebench/Tilebench-gh200/outputs/ncu/GH200/argmax/triton_fp32 /projects/kzhou6/bcui2/env_software/miniconda3-aarch64/envs/tilebench++_env/bin/python /projects/kzhou6/bcui2/research/tilebench/Tilebench-gh200/scripts/profiling/ncu_generic_harness.py,0.0580,0.0694
GH200/cutile/batch_normalization/bf16,GH200,cutile,batch_normalization,bf16,aa78a79824c7441528d242df29e69d411a666bfeb163b75caed2f540ae59a0f1,"{""C"":1024,""N"":20000,""eps"":1e-05}",full,application,NVIDIA_GH200/batch_normalization/cutile_bf16.ncu-rep,c1d9e0f8d6475843911cecda60dd22ac84b33bf9673aaa04ffd527c6a111d846,hf_download,bcui2/NCU_report@21037737b7e371d38f3d029367dc3967d5b31a23,matched,documented:profiling_infra_only,3,params+winner from NCU catalogue | profiling source 638ea849; formal CSV source c882fe50 (batched_matmul_autotune 3c5eccbf); only profiling infrastructure changed (PROVENANCE.md),ok,apply_batch_norm_kernel_Kt1_A2bf16_1v8l0_2t1_3i16_p16_A1bf16_1i16t1_p16_A1bf16_1i16t1_p16_A2bf16_1v8l0_2t1_3i16_p16_A1f32_1i16t1_p16_A1f32_1i16t1_p16_Si32_I1024_I1024_I8_I8;compute_block_sums_kernel_Kt1_A2bf16_1v8l0_2t1_3i16_p16_A2f32_1v4l0_2i16t1_p16_A2f32_1v4l0_2i16t1_p16_Si32_I1024_I1024_I64_I8;compute_mean_invstd_kernel_Kt1_A1f32_1i16t1_p16_A1f32_1i16t1_p16_A1f32_1i16t1_p16_A1f32_1i16t1_p16_Si32_Si32_Si32_I512_Sf32,3,3,"{""occupancy"": 4, ""rows"": 8}",2025.4.0.0 (build 36690805) (public-release),2026-Oct-03 07:52:32,13.1,/usr/local/cuda-13.1/nsight-compute-2025.4.0/target/linux-desktop-t210-a64/ncu --set full --import-source on --replay-mode application --cache-control none --app-replay-mode strict --profile-from-start off --kernel-name regex:^(?:apply_batch_norm_kernel|compute_block_sums_kernel|compute_mean_invstd_kernel) --launch-skip 0 --launch-count 3 --force-overwrite -o /projects/kzhou6/bcui2/research/tilebench/Tilebench-gh200/outputs/ncu/GH200/batch_normalization/cutile_bf16 /projects/kzhou6/bcui2/env_software/miniconda3-aarch64/envs/tilebench++_env/bin/python /projects/kzhou6/bcui2/research/tilebench/Tilebench-gh200/scripts/profiling/ncu_generic_harness.py,0.0540,0.1226
GH200/cutile/batch_normalization/fp16,GH200,cutile,batch_normalization,fp16,fd4e861375d0e88291e453533a53b6ac53c622082f43acae86ad42cc0814d3ab,"{""C"":1024,""N"":20000,""eps"":1e-05}",full,application,NVIDIA_GH200/batch_normalization/cutile_fp16.ncu-rep,a17e1fbc72b7e9fab8c4b10e9b4e19021d6d3965a5e74c6b51f8bd4e053a7f4f,hf_download,bcui2/NCU_report@21037737b7e371d38f3d029367dc3967d5b31a23,matched,documented:profiling_infra_only,3,params+winner from NCU catalogue | profiling source 638ea849; formal CSV source c882fe50 (batched_matmul_autotune 3c5eccbf); only profiling infrastructure changed (PROVENANCE.md),ok,apply_batch_norm_kernel_Kt1_A2f16_1v8l0_2t1_3i16_p16_A1f16_1i16t1_p16_A1f16_1i16t1_p16_A2f16_1v8l0_2t1_3i16_p16_A1f32_1i16t1_p16_A1f32_1i16t1_p16_Si32_I1024_I1024_I8_I8;compute_block_sums_kernel_Kt1_A2f16_1v8l0_2t1_3i16_p16_A2f32_1v4l0_2i16t1_p16_A2f32_1v4l0_2i16t1_p16_Si32_I1024_I1024_I64_I8;compute_mean_invstd_kernel_Kt1_A1f32_1i16t1_p16_A1f32_1i16t1_p16_A1f32_1i16t1_p16_A1f32_1i16t1_p16_Si32_Si32_Si32_I512_Sf32,3,3,"{""occupancy"": 4, ""rows"": 8}",2025.4.0.0 (build 36690805) (public-release),2026-Oct-03 07:48:02,13.1,/usr/local/cuda-13.1/nsight-compute-2025.4.0/target/linux-desktop-t210-a64/ncu --set full --import-source on --replay-mode application --cache-control none --app-replay-mode strict --profile-from-start off --kernel-name regex:^(?:apply_batch_norm_kernel|compute_block_sums_kernel|compute_mean_invstd_kernel) --launch-skip 0 --launch-count 3 --force-overwrite -o /projects/kzhou6/bcui2/research/tilebench/Tilebench-gh200/outputs/ncu/GH200/batch_normalization/cutile_fp16 /projects/kzhou6/bcui2/env_software/miniconda3-aarch64/envs/tilebench++_env/bin/python /projects/kzhou6/bcui2/research/tilebench/Tilebench-gh200/scripts/profiling/ncu_generic_harness.py,0.0556,0.1228
GH200/cutile/batch_normalization/fp32,GH200,cutile,batch_normalization,fp32,c1cacc37ce10c27a8dbf1f7e33447c5ebf21ead1a4205edfdff6f8ee53d2eabf,"{""C"":1024,""N"":20000,""eps"":1e-05}",full,application,NVIDIA_GH200/batch_normalization/cutile_fp32.ncu-rep,b33fd0bb1a3a723b572edacb7f311aa72c82887fdf6bbf4d3c99df4f8e545392,hf_download,bcui2/NCU_report@21037737b7e371d38f3d029367dc3967d5b31a23,matched,documented:profiling_infra_only,3,params+winner from NCU catalogue | profiling source 638ea849; formal CSV source c882fe50 (batched_matmul_autotune 3c5eccbf); only profiling infrastructure changed (PROVENANCE.md),ok,apply_batch_norm_kernel_Kt1_A2f32_1v4l0_2t1_3i16_p16_A1f32_1i16t1_p16_A1f32_1i16t1_p16_A2f32_1v4l0_2t1_3i16_p16_A1f32_1i16t1_p16_A1f32_1i16t1_p16_Si32_I1024_I1024_I8_I8;compute_block_sums_kernel_Kt1_A2f32_1v4l0_2t1_3i16_p16_A2f32_1v4l0_2i16t1_p16_A2f32_1v4l0_2i16t1_p16_Si32_I1024_I1024_I64_I8;compute_mean_invstd_kernel_Kt1_A1f32_1i16t1_p16_A1f32_1i16t1_p16_A1f32_1i16t1_p16_A1f32_1i16t1_p16_Si32_Si32_Si32_I512_Sf32,3,3,"{""occupancy"": 16, ""rows"": 8}",2025.4.0.0 (build 36690805) (public-release),2026-Oct-03 07:57:01,13.1,/usr/local/cuda-13.1/nsight-compute-2025.4.0/target/linux-desktop-t210-a64/ncu --set full --import-source on --replay-mode application --cache-control none --app-replay-mode strict --profile-from-start off --kernel-name regex:^(?:apply_batch_norm_kernel|compute_block_sums_kernel|compute_mean_invstd_kernel) --launch-skip 0 --launch-count 3 --force-overwrite -o /projects/kzhou6/bcui2/research/tilebench/Tilebench-gh200/outputs/ncu/GH200/batch_normalization/cutile_fp32 /projects/kzhou6/bcui2/env_software/miniconda3-aarch64/envs/tilebench++_env/bin/python /projects/kzhou6/bcui2/research/tilebench/Tilebench-gh200/scripts/profiling/ncu_generic_harness.py,0.0844,0.1083
GH200/tilelang/batch_normalization/bf16,GH200,tilelang,batch_normalization,bf16,aa78a79824c7441528d242df29e69d411a666bfeb163b75caed2f540ae59a0f1,"{""C"":1024,""N"":20000,""eps"":1e-05}",full,application,NVIDIA_GH200/batch_normalization/tilelang_bf16.ncu-rep,6dc3fd763677716e366a9cbba37610b382c5c6443440ba3e46d411e28af4ac42,hf_download,bcui2/NCU_report@21037737b7e371d38f3d029367dc3967d5b31a23,matched,documented:profiling_infra_only,3,params+winner from NCU catalogue | profiling source d6ddb622; formal CSV source c882fe50 (batched_matmul_autotune 3c5eccbf); only profiling infrastructure changed (PROVENANCE.md),ok,apply_batch_norm_kernel_kernel;compute_block_sums_kernel_kernel;compute_mean_invstd_kernel_kernel,3,3,"{""ROWS"": 16, ""threads"": 128}",2025.4.0.0 (build 36690805) (public-release),2026-Oct-04 00:22:32,13.1,/usr/local/cuda-13.1/nsight-compute-2025.4.0/target/linux-desktop-t210-a64/ncu --set full --import-source on --replay-mode application --cache-control none --app-replay-mode strict --profile-from-start off --kernel-name regex:^(?:apply_batch_norm_kernel_kernel|compute_block_sums_kernel_kernel|compute_mean_invstd_kernel_kernel) --launch-skip 0 --launch-count3 --force-overwrite -o /projects/kzhou6/bcui2/research/tilebench/Tilebench-gh200/outputs/ncu/GH200/batch_normalization/tilelang_bf16 /projects/kzhou6/bcui2/env_software/miniconda3-aarch64/envs/tilebench++_env/bin/python /projects/kzhou6/bcui2/research/tilebench/Tilebench-gh200/scripts/profiling/ncu_generic_harness.py,0.0430,0.1226
GH200/tilelang/batch_normalization/fp16,GH200,tilelang,batch_normalization,fp16,fd4e861375d0e88291e453533a53b6ac53c622082f43acae86ad42cc0814d3ab,"{""C"":1024,""N"":20000,""eps"":1e-05}",full,application,NVIDIA_GH200/batch_normalization/tilelang_fp16.ncu-rep,aa539c81b954801a6e0c4b963f784f30b3acda87002c7d7978a26401c336cf0c,hf_download,bcui2/NCU_report@21037737b7e371d38f3d029367dc3967d5b31a23,matched,documented:profiling_infra_only,3,params+winner from NCU catalogue | profiling source d6ddb622; formal CSV source c882fe50 (batched_matmul_autotune 3c5eccbf); only profiling infrastructure changed (PROVENANCE.md),ok,apply_batch_norm_kernel_kernel;compute_block_sums_kernel_kernel;compute_mean_invstd_kernel_kernel,3,3,"{""ROWS"": 16, ""threads"": 128}",2025.4.0.0 (build 36690805) (public-release),2026-Oct-04 00:19:43,13.1,/usr/local/cuda-13.1/nsight-compute-2025.4.0/target/linux-desktop-t210-a64/ncu --set full --import-source on --replay-mode application --cache-control none --app-replay-mode strict --profile-from-start off --kernel-name regex:^(?:apply_batch_norm_kernel_kernel|compute_block_sums_kernel_kernel|compute_mean_invstd_kernel_kernel) --launch-skip 0 --launch-count3 --force-overwrite -o /projects/kzhou6/bcui2/research/tilebench/Tilebench-gh200/outputs/ncu/GH200/batch_normalization/tilelang_fp16 /projects/kzhou6/bcui2/env_software/miniconda3-aarch64/envs/tilebench++_env/bin/python /projects/kzhou6/bcui2/research/tilebench/Tilebench-gh200/scripts/profiling/ncu_generic_harness.py,0.0433,0.1228
GH200/tilelang/batch_normalization/fp32,GH200,tilelang,batch_normalization,fp32,c1cacc37ce10c27a8dbf1f7e33447c5ebf21ead1a4205edfdff6f8ee53d2eabf,"{""C"":1024,""N"":20000,""eps"":1e-05}",full,application,NVIDIA_GH200/batch_normalization/tilelang_fp32.ncu-rep,bd280f98788c93abe9aad9dbf222af19b429a7d28eaec0294c706adad18394fd,hf_download,bcui2/NCU_report@21037737b7e371d38f3d029367dc3967d5b31a23,matched,documented:profiling_infra_only,3,params+winner from NCU catalogue | profiling source d6ddb622; formal CSV source c882fe50 (batched_matmul_autotune 3c5eccbf); only profiling infrastructure changed (PROVENANCE.md),ok,apply_batch_norm_kernel_kernel;compute_block_sums_kernel_kernel;compute_mean_invstd_kernel_kernel,3,3,"{""ROWS"": 8, ""threads"": 128}",2025.4.0.0 (build 36690805) (public-release),2026-Oct-04 00:25:21,13.1,/usr/local/cuda-13.1/nsight-compute-2025.4.0/target/linux-desktop-t210-a64/ncu --set full --import-source on --replay-mode application --cache-control none --app-replay-mode strict --profile-from-start off --kernel-name regex:^(?:apply_batch_norm_kernel_kernel|compute_block_sums_kernel_kernel|compute_mean_invstd_kernel_kernel) --launch-skip 0 --launch-count3 --force-overwrite -o /projects/kzhou6/bcui2/research/tilebench/Tilebench-gh200/outputs/ncu/GH200/batch_normalization/tilelang_fp32 /projects/kzhou6/bcui2/env_software/miniconda3-aarch64/envs/tilebench++_env/bin/python /projects/kzhou6/bcui2/research/tilebench/Tilebench-gh200/scripts/profiling/ncu_generic_harness.py,0.0834,0.1083
GH200/triton/batch_normalization/bf16,GH200,triton,batch_normalization,bf16,aa78a79824c7441528d242df29e69d411a666bfeb163b75caed2f540ae59a0f1,"{""C"":1024,""N"":20000,""eps"":1e-05}",full,application,NVIDIA_GH200/batch_normalization/triton_bf16.ncu-rep,28bc0557a2756630cd473d8b8d914f9648b1e4e2b89fbde62d1daca9e6497761,hf_download,bcui2/NCU_report@21037737b7e371d38f3d029367dc3967d5b31a23,matched,documented:profiling_infra_only,3,params+winner from NCU catalogue | profiling source 638ea849; formal CSV source c882fe50 (batched_matmul_autotune 3c5eccbf); only profiling infrastructure changed (PROVENANCE.md),ok,apply_batch_norm_kernel;compute_block_sums_kernel;compute_mean_invstd_kernel,3,3,"{""ROWS"": 8, ""num_warps"": 4}",2025.4.0.0 (build 36690805) (public-release),2026-Oct-03 07:50:17,13.1,/usr/local/cuda-13.1/nsight-compute-2025.4.0/target/linux-desktop-t210-a64/ncu --set full --import-source on --replay-mode application --cache-control none --app-replay-mode strict --profile-from-start off --kernel-name regex:^(?:apply_batch_norm_kernel|compute_block_sums_kernel|compute_mean_invstd_kernel) --launch-skip 0 --launch-count 3 --force-overwrite -o /projects/kzhou6/bcui2/research/tilebench/Tilebench-gh200/outputs/ncu/GH200/batch_normalization/triton_bf16 /projects/kzhou6/bcui2/env_software/miniconda3-aarch64/envs/tilebench++_env/bin/python /projects/kzhou6/bcui2/research/tilebench/Tilebench-gh200/scripts/profiling/ncu_generic_harness.py,0.0421,0.1226
GH200/triton/batch_normalization/fp16,GH200,triton,batch_normalization,fp16,fd4e861375d0e88291e453533a53b6ac53c622082f43acae86ad42cc0814d3ab,"{""C"":1024,""N"":20000,""eps"":1e-05}",full,application,NVIDIA_GH200/batch_normalization/triton_fp16.ncu-rep,71c768bfaf420f09f276f01d49481ac908407f46f369859eb229e2b7b3c843b3,hf_download,bcui2/NCU_report@21037737b7e371d38f3d029367dc3967d5b31a23,matched,documented:profiling_infra_only,3,params+winner from NCU catalogue | profiling source 638ea849; formal CSV source c882fe50 (batched_matmul_autotune 3c5eccbf); only profiling infrastructure changed (PROVENANCE.md),ok,apply_batch_norm_kernel;compute_block_sums_kernel;compute_mean_invstd_kernel,3,3,"{""ROWS"": 16, ""num_warps"": 4}",2025.4.0.0 (build 36690805) (public-release),2026-Oct-03 07:45:49,13.1,/usr/local/cuda-13.1/nsight-compute-2025.4.0/target/linux-desktop-t210-a64/ncu --set full --import-source on --replay-mode application --cache-control none --app-replay-mode strict --profile-from-start off --kernel-name regex:^(?:apply_batch_norm_kernel|compute_block_sums_kernel|compute_mean_invstd_kernel) --launch-skip 0 --launch-count 3 --force-overwrite -o /projects/kzhou6/bcui2/research/tilebench/Tilebench-gh200/outputs/ncu/GH200/batch_normalization/triton_fp16 /projects/kzhou6/bcui2/env_software/miniconda3-aarch64/envs/tilebench++_env/bin/python /projects/kzhou6/bcui2/research/tilebench/Tilebench-gh200/scripts/profiling/ncu_generic_harness.py,0.0431,0.1228
GH200/triton/batch_normalization/fp32,GH200,triton,batch_normalization,fp32,c1cacc37ce10c27a8dbf1f7e33447c5ebf21ead1a4205edfdff6f8ee53d2eabf,"{""C"":1024,""N"":20000,""eps"":1e-05}",full,application,NVIDIA_GH200/batch_normalization/triton_fp32.ncu-rep,b4babb93027268177c04cebcc54d6daeac4e9c0a519b42b671c92dbb059862e9,hf_download,bcui2/NCU_report@21037737b7e371d38f3d029367dc3967d5b31a23,matched,documented:profiling_infra_only,3,params+winner from NCU catalogue | profiling source 638ea849; formal CSV source c882fe50 (batched_matmul_autotune 3c5eccbf); only profiling infrastructure changed (PROVENANCE.md),ok,apply_batch_norm_kernel;compute_block_sums_kernel;compute_mean_invstd_kernel,3,3,"{""ROWS"": 8, ""num_warps"": 4}",2025.4.0.0 (build 36690805) (public-release),2026-Oct-03 07:54:47,13.1,/usr/local/cuda-13.1/nsight-compute-2025.4.0/target/linux-desktop-t210-a64/ncu --set full --import-source on --replay-mode application --cache-control none --app-replay-mode strict --profile-from-start off --kernel-name regex:^(?:apply_batch_norm_kernel|compute_block_sums_kernel|compute_mean_invstd_kernel) --launch-skip 0 --launch-count 3 --force-overwrite -o /projects/kzhou6/bcui2/research/tilebench/Tilebench-gh200/outputs/ncu/GH200/batch_normalization/triton_fp32 /projects/kzhou6/bcui2/env_software/miniconda3-aarch64/envs/tilebench++_env/bin/python /projects/kzhou6/bcui2/research/tilebench/Tilebench-gh200/scripts/profiling/ncu_generic_harness.py,0.0818,0.1083
GH200/cutile/batched_matmul/bf16,GH200,cutile,batched_matmul,bf16,6e2f0aef249fcc93fdf8be5f9cecf9b7b112231742475bc5d4940ef52edb5fc6,"{""BATCH"":32,""M"":640}",full,application,NVIDIA_GH200/batched_matmul/cutile_bf16.ncu-rep,69f7721c93fb626f82f48fec141aa45f549973c24f66c9c48615a2864635b53f,hf_download,bcui2/NCU_report@21037737b7e371d38f3d029367dc3967d5b31a23,matched,documented:profiling_infra_only,1,params+winner from NCU catalogue | profiling source 638ea849; formal CSV source c882fe50 (batched_matmul_autotune 3c5eccbf); only profiling infrastructure changed (PROVENANCE.md),ok,bmm_kernel_Kt1_A3bf16_3v8l0_4t1_7i16_p16_A3bf16_3v8l0_4t1_7i16_p16_A3bf16_3v8l0_4t1_7i16_p16_I20_I128_I128_I32_I5_I5_I1,1,1,"{""group_size"": 1, ""occupancy"": 8, ""tile_k"": 32, ""tile_m"": 128, ""tile_n"": 128}",2025.4.0.0 (build 36690805) (public-release),2026-Oct-03 08:05:01,13.1,/usr/local/cuda-13.1/nsight-compute-2025.4.0/target/linux-desktop-t210-a64/ncu --set full --import-source on --replay-mode application --cache-control none --app-replay-mode strict --profile-from-start off --kernel-name regex:^(?:bmm_kernel) --launch-skip 0 --launch-count 1 --force-overwrite -o /projects/kzhou6/bcui2/research/tilebench/Tilebench-gh200/outputs/ncu/GH200/batched_matmul/cutile_bf16 /projects/kzhou6/bcui2/env_software/miniconda3-aarch64/envs/tilebench++_env/bin/python /projects/kzhou6/bcui2/research/tilebench/Tilebench-gh200/scripts/profiling/ncu_generic_harness.py,0.0433,0.0326
GH200/cutile/batched_matmul/fp16,GH200,cutile,batched_matmul,fp16,216c85218ba9bf477be38d6c7e1c2409207f3e160395003e29636f5f14e43a74,"{""BATCH"":32,""M"":640}",full,application,NVIDIA_GH200/batched_matmul/cutile_fp16.ncu-rep,04f481115775d9f77dc4262db016dd861f2ef85daf91cf241ac334963fd7a163,hf_download,bcui2/NCU_report@21037737b7e371d38f3d029367dc3967d5b31a23,matched,documented:profiling_infra_only,1,params+winner from NCU catalogue | profiling source 638ea849; formal CSV source c882fe50 (batched_matmul_autotune 3c5eccbf); only profiling infrastructure changed (PROVENANCE.md),ok,bmm_kernel_Kt1_A3f16_3v8l0_4t1_7i16_p16_A3f16_3v8l0_4t1_7i16_p16_A3f16_3v8l0_4t1_7i16_p16_I20_I128_I128_I32_I5_I5_I1,1,1,"{""group_size"": 1, ""occupancy"": 4, ""tile_k"": 32, ""tile_m"": 128, ""tile_n"": 128}",2025.4.0.0 (build 36690805) (public-release),2026-Oct-03 08:01:01,13.1,/usr/local/cuda-13.1/nsight-compute-2025.4.0/target/linux-desktop-t210-a64/ncu --set full --import-source on --replay-mode application --cache-control none --app-replay-mode strict --profile-from-start off --kernel-name regex:^(?:bmm_kernel) --launch-skip 0 --launch-count 1 --force-overwrite -o /projects/kzhou6/bcui2/research/tilebench/Tilebench-gh200/outputs/ncu/GH200/batched_matmul/cutile_fp16 /projects/kzhou6/bcui2/env_software/miniconda3-aarch64/envs/tilebench++_env/bin/python /projects/kzhou6/bcui2/research/tilebench/Tilebench-gh200/scripts/profiling/ncu_generic_harness.py,0.0421,0.0326
GH200/cutile/batched_matmul/fp32,GH200,cutile,batched_matmul,fp32,08dbf4b1b9f16395d3bf70a48b2f6f76db51398cdb2a1b189d4c28a65edcb02b,"{""BATCH"":32,""M"":640}",full,application,NVIDIA_GH200/batched_matmul/cutile_fp32.ncu-rep,c157e31751229490889cd2ecb6941cf4a29d0c0fefd5e82b97cf89233a4818ac,hf_download,bcui2/NCU_report@21037737b7e371d38f3d029367dc3967d5b31a23,matched,documented:profiling_infra_only,1,params+winner from NCU catalogue | profiling source 638ea849; formal CSV source c882fe50 (batched_matmul_autotune 3c5eccbf); only profiling infrastructure changed (PROVENANCE.md),ok,bmm_kernel_Kt1_A3f32_3v4l0_4t1_7i16_p16_A3f32_3v4l0_4t1_7i16_p16_A3f32_3v4l0_4t1_7i16_p16_I10_I128_I128_I64_I5_I5_I1,1,1,"{""group_size"": 1, ""occupancy"": 4, ""tile_k"": 64, ""tile_m"": 128, ""tile_n"": 128}",2025.4.0.0 (build 36690805) (public-release),2026-Oct-03 08:09:01,13.1,/usr/local/cuda-13.1/nsight-compute-2025.4.0/target/linux-desktop-t210-a64/ncu --set full --import-source on --replay-mode application --cache-control none --app-replay-mode strict --profile-from-start off --kernel-name regex:^(?:bmm_kernel) --launch-skip 0 --launch-count 1 --force-overwrite -o /projects/kzhou6/bcui2/research/tilebench/Tilebench-gh200/outputs/ncu/GH200/batched_matmul/cutile_fp32 /projects/kzhou6/bcui2/env_software/miniconda3-aarch64/envs/tilebench++_env/bin/python /projects/kzhou6/bcui2/research/tilebench/Tilebench-gh200/scripts/profiling/ncu_generic_harness.py,0.1339,0.0856
GH200/tilelang/batched_matmul/bf16,GH200,tilelang,batched_matmul,bf16,6e2f0aef249fcc93fdf8be5f9cecf9b7b112231742475bc5d4940ef52edb5fc6,"{""BATCH"":32,""M"":640}",full,application,NVIDIA_GH200/batched_matmul/tilelang_bf16.ncu-rep,1ec77786114fec51d22de7a36c1bfd7e527bcad7c20937cb5d9632a468769cea,hf_download,bcui2/NCU_report@21037737b7e371d38f3d029367dc3967d5b31a23,matched,documented:profiling_infra_only,1,params+winner from NCU catalogue | profiling source d6ddb622; formal CSV source c882fe50 (batched_matmul_autotune 3c5eccbf); only profiling infrastructure changed (PROVENANCE.md),ok,bmm_kernel_kernel,1,1,"{""BLOCK_SIZE_K"": 64, ""BLOCK_SIZE_M"": 128, ""BLOCK_SIZE_N"": 128, ""GROUPSIZE"": 1, ""num_stages"": 2, ""threads"": 128}",2025.4.0.0 (build 36690805) (public-release),2026-Oct-04 00:30:15,13.1,/usr/local/cuda-13.1/nsight-compute-2025.4.0/target/linux-desktop-t210-a64/ncu --set full --import-source on --replay-mode application --cache-control none --app-replay-mode strict --profile-from-start off --kernel-name regex:^(?:bmm_kernel_kernel) --launch-skip 0 --launch-count 1 --force-overwrite -o /projects/kzhou6/bcui2/research/tilebench/Tilebench-gh200/outputs/ncu/GH200/batched_matmul/tilelang_bf16 /projects/kzhou6/bcui2/env_software/miniconda3-aarch64/envs/tilebench++_env/bin/python /projects/kzhou6/bcui2/research/tilebench/Tilebench-gh200/scripts/profiling/ncu_generic_harness.py,0.0509,0.0326
GH200/tilelang/batched_matmul/fp16,GH200,tilelang,batched_matmul,fp16,216c85218ba9bf477be38d6c7e1c2409207f3e160395003e29636f5f14e43a74,"{""BATCH"":32,""M"":640}",full,application,NVIDIA_GH200/batched_matmul/tilelang_fp16.ncu-rep,c70b79c4633ad8e2c555cf8918eb49491cdfae6acf7cfbbab993c01e072ffa1a,hf_download,bcui2/NCU_report@21037737b7e371d38f3d029367dc3967d5b31a23,matched,documented:profiling_infra_only,1,params+winner from NCU catalogue | profiling source d6ddb622; formal CSV source c882fe50 (batched_matmul_autotune 3c5eccbf); only profiling infrastructure changed (PROVENANCE.md),ok,bmm_kernel_kernel,1,1,"{""BLOCK_SIZE_K"": 64, ""BLOCK_SIZE_M"": 128, ""BLOCK_SIZE_N"": 128, ""GROUPSIZE"": 8, ""num_stages"": 2, ""threads"": 128}",2025.4.0.0 (build 36690805) (public-release),2026-Oct-04 00:27:48,13.1,/usr/local/cuda-13.1/nsight-compute-2025.4.0/target/linux-desktop-t210-a64/ncu --set full --import-source on --replay-mode application --cache-control none --app-replay-mode strict --profile-from-start off --kernel-name regex:^(?:bmm_kernel_kernel) --launch-skip 0 --launch-count 1 --force-overwrite -o /projects/kzhou6/bcui2/research/tilebench/Tilebench-gh200/outputs/ncu/GH200/batched_matmul/tilelang_fp16 /projects/kzhou6/bcui2/env_software/miniconda3-aarch64/envs/tilebench++_env/bin/python /projects/kzhou6/bcui2/research/tilebench/Tilebench-gh200/scripts/profiling/ncu_generic_harness.py,0.0510,0.0326
GH200/tilelang/batched_matmul/fp32,GH200,tilelang,batched_matmul,fp32,08dbf4b1b9f16395d3bf70a48b2f6f76db51398cdb2a1b189d4c28a65edcb02b,"{""BATCH"":32,""M"":640}",full,application,NVIDIA_GH200/batched_matmul/tilelang_fp32.ncu-rep,bc956525037c53e27eeead7062413850793cf31518625379606faca46b1c79de,hf_download,bcui2/NCU_report@21037737b7e371d38f3d029367dc3967d5b31a23,matched,documented:profiling_infra_only,1,params+winner from NCU catalogue | profiling source d6ddb622; formal CSV source c882fe50 (batched_matmul_autotune 3c5eccbf); only profiling infrastructure changed (PROVENANCE.md),ok,bmm_kernel_kernel,1,1,"{""BLOCK_SIZE_K"": 32, ""BLOCK_SIZE_M"": 128, ""BLOCK_SIZE_N"": 128, ""GROUPSIZE"": 1, ""num_stages"": 3, ""threads"": 128}",2025.4.0.0 (build 36690805) (public-release),2026-Oct-04 00:32:43,13.1,/usr/local/cuda-13.1/nsight-compute-2025.4.0/target/linux-desktop-t210-a64/ncu --set full --import-source on --replay-mode application --cache-control none --app-replay-mode strict --profile-from-start off --kernel-name regex:^(?:bmm_kernel_kernel) --launch-skip 0 --launch-count 1 --force-overwrite -o /projects/kzhou6/bcui2/research/tilebench/Tilebench-gh200/outputs/ncu/GH200/batched_matmul/tilelang_fp32 /projects/kzhou6/bcui2/env_software/miniconda3-aarch64/envs/tilebench++_env/bin/python /projects/kzhou6/bcui2/research/tilebench/Tilebench-gh200/scripts/profiling/ncu_generic_harness.py,0.1086,0.0856
GH200/triton/batched_matmul/bf16,GH200,triton,batched_matmul,bf16,6e2f0aef249fcc93fdf8be5f9cecf9b7b112231742475bc5d4940ef52edb5fc6,"{""BATCH"":32,""M"":640}",full,application,NVIDIA_GH200/batched_matmul/triton_bf16.ncu-rep,e760245fd729bb4861add94d0ab0db07dac2040b7e138159e986388f0460c1df,hf_download,bcui2/NCU_report@21037737b7e371d38f3d029367dc3967d5b31a23,matched,documented:profiling_infra_only,1,params+winner from NCU catalogue | profiling source 638ea849; formal CSV source c882fe50 (batched_matmul_autotune 3c5eccbf); only profiling infrastructure changed (PROVENANCE.md),ok,bmm_kernel,1,1,"{""BLOCK_SIZE_K"": 32, ""BLOCK_SIZE_M"": 128, ""BLOCK_SIZE_N"": 128, ""GROUPSIZE"": 8, ""num_stages"": 4, ""num_warps"": 4}",2025.4.0.0 (build 36690805) (public-release),2026-Oct-03 08:03:03,13.1,/usr/local/cuda-13.1/nsight-compute-2025.4.0/target/linux-desktop-t210-a64/ncu --set full --import-source on --replay-mode application --cache-control none --app-replay-mode strict --profile-from-start off --kernel-name regex:^(?:bmm_kernel) --launch-skip 0 --launch-count 1 --force-overwrite -o /projects/kzhou6/bcui2/research/tilebench/Tilebench-gh200/outputs/ncu/GH200/batched_matmul/triton_bf16 /projects/kzhou6/bcui2/env_software/miniconda3-aarch64/envs/tilebench++_env/bin/python /projects/kzhou6/bcui2/research/tilebench/Tilebench-gh200/scripts/profiling/ncu_generic_harness.py,0.0399,0.0326
GH200/triton/batched_matmul/fp16,GH200,triton,batched_matmul,fp16,216c85218ba9bf477be38d6c7e1c2409207f3e160395003e29636f5f14e43a74,"{""BATCH"":32,""M"":640}",full,application,NVIDIA_GH200/batched_matmul/triton_fp16.ncu-rep,6d449cbc0e9b0333dbc0227fad0b6087e9e811e917de0910370b2ec182f608d2,hf_download,bcui2/NCU_report@21037737b7e371d38f3d029367dc3967d5b31a23,matched,documented:profiling_infra_only,1,params+winner from NCU catalogue | profiling source 638ea849; formal CSV source c882fe50 (batched_matmul_autotune 3c5eccbf); only profiling infrastructure changed (PROVENANCE.md),ok,bmm_kernel,1,1,"{""BLOCK_SIZE_K"": 32, ""BLOCK_SIZE_M"": 128, ""BLOCK_SIZE_N"": 128, ""GROUPSIZE"": 8, ""num_stages"": 4, ""num_warps"": 4}",2025.4.0.0 (build 36690805) (public-release),2026-Oct-03 07:59:04,13.1,/usr/local/cuda-13.1/nsight-compute-2025.4.0/target/linux-desktop-t210-a64/ncu --set full --import-source on --replay-mode application --cache-control none --app-replay-mode strict --profile-from-start off --kernel-name regex:^(?:bmm_kernel) --launch-skip 0 --launch-count 1 --force-overwrite -o /projects/kzhou6/bcui2/research/tilebench/Tilebench-gh200/outputs/ncu/GH200/batched_matmul/triton_fp16 /projects/kzhou6/bcui2/env_software/miniconda3-aarch64/envs/tilebench++_env/bin/python /projects/kzhou6/bcui2/research/tilebench/Tilebench-gh200/scripts/profiling/ncu_generic_harness.py,0.0403,0.0326
GH200/triton/batched_matmul/fp32,GH200,triton,batched_matmul,fp32,08dbf4b1b9f16395d3bf70a48b2f6f76db51398cdb2a1b189d4c28a65edcb02b,"{""BATCH"":32,""M"":640}",full,application,NVIDIA_GH200/batched_matmul/triton_fp32.ncu-rep,677efa77a6f56807489520fb9f49a2775bb247ef9530ec6c2e6a60aa803d2eb4,hf_download,bcui2/NCU_report@21037737b7e371d38f3d029367dc3967d5b31a23,matched,documented:profiling_infra_only,1,params+winner from NCU catalogue | profiling source 638ea849; formal CSV source c882fe50 (batched_matmul_autotune 3c5eccbf); only profiling infrastructure changed (PROVENANCE.md),ok,bmm_kernel,1,1,"{""BLOCK_SIZE_K"": 32, ""BLOCK_SIZE_M"": 64, ""BLOCK_SIZE_N"": 128, ""GROUPSIZE"": 8, ""num_stages"": 4, ""num_warps"": 4}",2025.4.0.0 (build 36690805) (public-release),2026-Oct-03 08:07:03,13.1,/usr/local/cuda-13.1/nsight-compute-2025.4.0/target/linux-desktop-t210-a64/ncu --set full --import-source on --replay-mode application --cache-control none --app-replay-mode strict --profile-from-start off --kernel-name regex:^(?:bmm_kernel) --launch-skip 0 --launch-count 1 --force-overwrite -o /projects/kzhou6/bcui2/research/tilebench/Tilebench-gh200/outputs/ncu/GH200/batched_matmul/triton_fp32 /projects/kzhou6/bcui2/env_software/miniconda3-aarch64/envs/tilebench++_env/bin/python /projects/kzhou6/bcui2/research/tilebench/Tilebench-gh200/scripts/profiling/ncu_generic_harness.py,0.0804,0.0856
GH200/cutile/bitonic_sort/fp16,GH200,cutile,bitonic_sort,fp16,9f06313b92385d4a521129cef2b292389c03538493d2cbcb565e2ace2e0924eb,"{""n"":10000000}",full,application,NVIDIA_GH200/bitonic_sort/cutile_fp16.ncu-rep,6fdea6b9b5409d908105ed2188b8b53d78a7f55da4022a82a42309a46027627b,hf_download,bcui2/NCU_report@21037737b7e371d38f3d029367dc3967d5b31a23,matched,documented:profiling_infra_only,301,params+winner from NCU catalogue | profiling source 638ea849; formal CSV source c882fe50 (batched_matmul_autotune 3c5eccbf); only profiling infrastructure changed (PROVENANCE.md),ok,bitonic_step_kernel_Kt1_A1f16_1i16t1_p16_Si32_Si32_Si32_I512;pad_kernel_Kt1_A1f16_1i16t1_p16_A1f16_1i16t1_p16_Si32_Si32_I512,301,301,"{""occupancy"": 4, ""tile"": 512}",2025.4.0.0 (build 36690805) (public-release),2026-Oct-03 08:58:26,13.1,/usr/local/cuda-13.1/nsight-compute-2025.4.0/target/linux-desktop-t210-a64/ncu --set full --import-source on --replay-mode application --cache-control none --app-replay-mode strict --profile-from-start off --kernel-name regex:^(?:bitonic_step_kernel|pad_kernel) --launch-skip 0 --launch-count 301 --force-overwrite -o /projects/kzhou6/bcui2/research/tilebench/Tilebench-gh200/outputs/ncu/GH200/bitonic_sort/cutile_fp16 /projects/kzhou6/bcui2/env_software/miniconda3-aarch64/envs/tilebench++_env/bin/python /projects/kzhou6/bcui2/research/tilebench/Tilebench-gh200/scripts/profiling/ncu_generic_harness.py,10.1086,286.9265
GH200/cutile/bitonic_sort/fp32,GH200,cutile,bitonic_sort,fp32,ab083a5355e8e9f204d99ef4367a250c52321b71b397fcdd09d6c290181151a4,"{""n"":10000000}",full,application,NVIDIA_GH200/bitonic_sort/cutile_fp32.ncu-rep,f5f510ea181916f8901d939c94007525310308420faec884c617ab5ece6866ff,hf_download,bcui2/NCU_report@21037737b7e371d38f3d029367dc3967d5b31a23,matched,documented:profiling_infra_only,301,params+winner from NCU catalogue | profiling source 638ea849; formal CSV source c882fe50 (batched_matmul_autotune 3c5eccbf); only profiling infrastructure changed (PROVENANCE.md),ok,bitonic_step_kernel_Kt1_A1f32_1i16t1_p16_Si32_Si32_Si32_I512;pad_kernel_Kt1_A1f32_1i16t1_p16_A1f32_1i16t1_p16_Si32_Si32_I512,301,301,"{""occupancy"": 4, ""tile"": 512}",2025.4.0.0 (build 36690805) (public-release),2026-Oct-03 09:50:03,13.1,/usr/local/cuda-13.1/nsight-compute-2025.4.0/target/linux-desktop-t210-a64/ncu --set full --import-source on --replay-mode application --cache-control none --app-replay-mode strict --profile-from-start off --kernel-name regex:^(?:bitonic_step_kernel|pad_kernel) --launch-skip 0 --launch-count 301 --force-overwrite -o /projects/kzhou6/bcui2/research/tilebench/Tilebench-gh200/outputs/ncu/GH200/bitonic_sort/cutile_fp32 /projects/kzhou6/bcui2/env_software/miniconda3-aarch64/envs/tilebench++_env/bin/python /projects/kzhou6/bcui2/research/tilebench/Tilebench-gh200/scripts/profiling/ncu_generic_harness.py,12.3675,308.8069
GH200/tilelang/bitonic_sort/fp16,GH200,tilelang,bitonic_sort,fp16,9f06313b92385d4a521129cef2b292389c03538493d2cbcb565e2ace2e0924eb,"{""n"":10000000}",full,application,NVIDIA_GH200/bitonic_sort/tilelang_fp16.ncu-rep,c0c3c644a1d1618204090895135242d848fd4081dbf43009e595f25365780734,hf_download,bcui2/NCU_report@21037737b7e371d38f3d029367dc3967d5b31a23,matched,documented:profiling_infra_only,301,params+winner from NCU catalogue | profiling source d6ddb622; formal CSV source c882fe50 (batched_matmul_autotune 3c5eccbf); only profiling infrastructure changed (PROVENANCE.md),ok,main_kernel;pad_kernel_kernel,301,301,"{""BLOCK"": 512, ""threads"": 128}",2025.4.0.0 (build 36690805) (public-release),2026-Oct-04 00:57:51,13.1,/usr/local/cuda-13.1/nsight-compute-2025.4.0/target/linux-desktop-t210-a64/ncu --set full --import-source on --replay-mode application --cache-control none --app-replay-mode strict --profile-from-start off --kernel-name regex:^(?:main_kernel|pad_kernel_kernel) --launch-skip 0 --launch-count 301 --force-overwrite -o /projects/kzhou6/bcui2/research/tilebench/Tilebench-gh200/outputs/ncu/GH200/bitonic_sort/tilelang_fp16 /projects/kzhou6/bcui2/env_software/miniconda3-aarch64/envs/tilebench++_env/bin/python /projects/kzhou6/bcui2/research/tilebench/Tilebench-gh200/scripts/profiling/ncu_generic_harness.py,8.4493,286.9265
GH200/tilelang/bitonic_sort/fp32,GH200,tilelang,bitonic_sort,fp32,ab083a5355e8e9f204d99ef4367a250c52321b71b397fcdd09d6c290181151a4,"{""n"":10000000}",full,application,NVIDIA_GH200/bitonic_sort/tilelang_fp32.ncu-rep,e3a829bdcf7b1f1050aea1cf3008b99a177089982530a6afa64298300e4eb782,hf_download,bcui2/NCU_report@21037737b7e371d38f3d029367dc3967d5b31a23,matched,documented:profiling_infra_only,301,params+winner from NCU catalogue | profiling source d6ddb622; formal CSV source c882fe50 (batched_matmul_autotune 3c5eccbf); only profiling infrastructure changed (PROVENANCE.md),ok,main_kernel;pad_kernel_kernel,301,301,"{""BLOCK"": 512, ""threads"": 128}",2025.4.0.0 (build 36690805) (public-release),2026-Oct-04 01:24:31,13.1,/usr/local/cuda-13.1/nsight-compute-2025.4.0/target/linux-desktop-t210-a64/ncu --set full --import-source on --replay-mode application --cache-control none --app-replay-mode strict --profile-from-start off --kernel-name regex:^(?:main_kernel|pad_kernel_kernel) --launch-skip 0 --launch-count 301 --force-overwrite -o /projects/kzhou6/bcui2/research/tilebench/Tilebench-gh200/outputs/ncu/GH200/bitonic_sort/tilelang_fp32 /projects/kzhou6/bcui2/env_software/miniconda3-aarch64/envs/tilebench++_env/bin/python /projects/kzhou6/bcui2/research/tilebench/Tilebench-gh200/scripts/profiling/ncu_generic_harness.py,13.6310,308.8069
GH200/triton/bitonic_sort/fp16,GH200,triton,bitonic_sort,fp16,9f06313b92385d4a521129cef2b292389c03538493d2cbcb565e2ace2e0924eb,"{""n"":10000000}",full,application,NVIDIA_GH200/bitonic_sort/triton_fp16.ncu-rep,bfd52382c6d5c3f145ff972bcce7a112135d473e4629c09a0954c6fa71b0efa7,hf_download,bcui2/NCU_report@21037737b7e371d38f3d029367dc3967d5b31a23,matched,documented:reprofiled_from_5610f18f,301,params+winner from NCU catalogue | Triton bitonic_sort re-profiled from 5610f18f (pad BLOCK fix); formal CSV from c882fe50; launch sequence equal to the formal autotune path (PROVENANCE.md),ok,bitonic_step_kernel;pad_kernel,301,301,"{""BLOCK"": 1024, ""num_warps"": 8}",2025.4.0.0 (build 36690805) (public-release),2026-Oct-04 22:56:12,13.1,/usr/local/cuda-13.1/nsight-compute-2025.4.0/target/linux-desktop-t210-a64/ncu --set full --import-source on --replay-mode application --cache-control none --app-replay-mode strict --profile-from-start off --kernel-name regex:^(?:bitonic_step_kernel|pad_kernel) --launch-skip 0 --launch-count 301 --force-overwrite -o /tmp/claude-684005380/-projects-kzhou6-bcui2-research-tilebench-Tilebench/d501e676-c879-4cd7-aa78-64167535b4d0/scratchpad/bitonic_rerun/stage/bitonic_sort/triton_fp16 /projects/kzhou6/bcui2/env_software/miniconda3-aarch64/envs/tilebench++_env/bin/python /projects/kzhou6/bcui2/research/tilebench/Tilebench-gh200/scripts/profiling/ncu_generic_harness.py,8.4616,286.9265
GH200/triton/bitonic_sort/fp32,GH200,triton,bitonic_sort,fp32,ab083a5355e8e9f204d99ef4367a250c52321b71b397fcdd09d6c290181151a4,"{""n"":10000000}",full,application,NVIDIA_GH200/bitonic_sort/triton_fp32.ncu-rep,c3aa63fdfe0e1b05a5889b10d826ab75d06b7c1800496abab7dffa1844b66eac,hf_download,bcui2/NCU_report@21037737b7e371d38f3d029367dc3967d5b31a23,matched,documented:reprofiled_from_5610f18f,301,params+winner from NCU catalogue | Triton bitonic_sort re-profiled from 5610f18f (pad BLOCK fix); formal CSV from c882fe50; launch sequence equal to the formal autotune path (PROVENANCE.md),ok,bitonic_step_kernel;pad_kernel,301,301,"{""BLOCK"": 512, ""num_warps"": 8}",2025.4.0.0 (build 36690805) (public-release),2026-Oct-04 23:21:42,13.1,/usr/local/cuda-13.1/nsight-compute-2025.4.0/target/linux-desktop-t210-a64/ncu --set full --import-source on --replay-mode application --cache-control none --app-replay-mode strict --profile-from-start off --kernel-name regex:^(?:bitonic_step_kernel|pad_kernel) --launch-skip 0 --launch-count 301 --force-overwrite -o /tmp/claude-684005380/-projects-kzhou6-bcui2-research-tilebench-Tilebench/d501e676-c879-4cd7-aa78-64167535b4d0/scratchpad/bitonic_rerun/stage/bitonic_sort/triton_fp32 /projects/kzhou6/bcui2/env_software/miniconda3-aarch64/envs/tilebench++_env/bin/python /projects/kzhou6/bcui2/research/tilebench/Tilebench-gh200/scripts/profiling/ncu_generic_harness.py,13.1292,308.8069
GH200/cutile/block_sparse_attention/fp16,GH200,cutile,block_sparse_attention,fp16,6fc43818480ae755205ec467ae446a9ca02f1bd954e93d99c88a5dca90b8e053,"{""B"":2,""BLOCK_D"":64,""BLOCK_M"":64,""BLOCK_N"":64,""D"":128,""H"":8,""H_kv"":2,""M"":10240}",full,application,NVIDIA_GH200/block_sparse_attention/cutile_fp16.ncu-rep,7de93aaea2cc54f1510df4be1e7b4cf18355494081b38428e4a02b3fc30d6cd6,hf_download,bcui2/NCU_report@21037737b7e371d38f3d029367dc3967d5b31a23,matched,documented:profiling_infra_only,1,params+winner from NCU catalogue | profiling source 638ea849; formal CSV source c882fe50 (batched_matmul_autotune 3c5eccbf); only profiling infrastructure changed (PROVENANCE.md),ok,block_sparse_attention_kernel_Kt1_A4f16_7v8l0_8t1_ci16_p16_A4f16_7v8l0_8t1_ci16_p16_A4f16_7v8l0_8t1_ci16_p16_A4f16_7v8l0_8t1_ci16_p16_A1i32_1t1_p16_A1i32_1i16t1_p16_I161_I25600_I1_F3fb6a09e667f3bcc_I8_I2_I10240_I64_I64_I64_I2,1,1,"{""occupancy"": 4}",2025.4.0.0 (build 36690805) (public-release),2026-Oct-03 09:55:00,13.1,/usr/local/cuda-13.1/nsight-compute-2025.4.0/target/linux-desktop-t210-a64/ncu --set full --import-source on --replay-mode application --cache-control none --app-replay-mode strict --profile-from-start off --kernel-name regex:^(?:block_sparse_attention_kernel) --launch-skip 0 --launch-count 1 --force-overwrite -o /projects/kzhou6/bcui2/research/tilebench/Tilebench-gh200/outputs/ncu/GH200/block_sparse_attention/cutile_fp16 /projects/kzhou6/bcui2/env_software/miniconda3-aarch64/envs/tilebench++_env/bin/python /projects/kzhou6/bcui2/research/tilebench/Tilebench-gh200/scripts/profiling/ncu_generic_harness.py,0.1790,0.1630
GH200/tilelang/block_sparse_attention/fp16,GH200,tilelang,block_sparse_attention,fp16,6fc43818480ae755205ec467ae446a9ca02f1bd954e93d99c88a5dca90b8e053,"{""B"":2,""BLOCK_D"":64,""BLOCK_M"":64,""BLOCK_N"":64,""D"":128,""H"":8,""H_kv"":2,""M"":10240}",full,application,NVIDIA_GH200/block_sparse_attention/tilelang_fp16.ncu-rep,f45ea4c766f8c92cecf54010c9acddf6df50c14dcc60f36d7cdce237dc562c29,hf_download,bcui2/NCU_report@21037737b7e371d38f3d029367dc3967d5b31a23,matched,documented:profiling_infra_only,1,params+winner from NCU catalogue | profiling source d6ddb622; formal CSV source c882fe50 (batched_matmul_autotune 3c5eccbf); only profiling infrastructure changed (PROVENANCE.md),ok,main_kernel,1,1,"{""threads"": 256}",2025.4.0.0 (build 36690805) (public-release),2026-Oct-04 01:27:54,13.1,/usr/local/cuda-13.1/nsight-compute-2025.4.0/target/linux-desktop-t210-a64/ncu --set full --import-source on --replay-mode application --cache-control none --app-replay-mode strict --profile-from-start off --kernel-name regex:^(?:main_kernel) --launch-skip 0 --launch-count 1 --force-overwrite -o /projects/kzhou6/bcui2/research/tilebench/Tilebench-gh200/outputs/ncu/GH200/block_sparse_attention/tilelang_fp16 /projects/kzhou6/bcui2/env_software/miniconda3-aarch64/envs/tilebench++_env/bin/python /projects/kzhou6/bcui2/research/tilebench/Tilebench-gh200/scripts/profiling/ncu_generic_harness.py,0.1438,0.1630
GH200/triton/block_sparse_attention/fp16,GH200,triton,block_sparse_attention,fp16,6fc43818480ae755205ec467ae446a9ca02f1bd954e93d99c88a5dca90b8e053,"{""B"":2,""BLOCK_D"":64,""BLOCK_M"":64,""BLOCK_N"":64,""D"":128,""H"":8,""H_kv"":2,""M"":10240}",full,application,NVIDIA_GH200/block_sparse_attention/triton_fp16.ncu-rep,c9e8d6066a8e5aa0c7ac56cc89b955e9eba1b23920a6f4cd726e7aa18d3343b6,hf_download,bcui2/NCU_report@21037737b7e371d38f3d029367dc3967d5b31a23,matched,documented:profiling_infra_only,1,params+winner from NCU catalogue | profiling source 638ea849; formal CSV source c882fe50 (batched_matmul_autotune 3c5eccbf); only profiling infrastructure changed (PROVENANCE.md),ok,block_sparse_attention_kernel,1,1,"{""num_stages"": 2, ""num_warps"": 2}",2025.4.0.0 (build 36690805) (public-release),2026-Oct-03 09:52:57,13.1,/usr/local/cuda-13.1/nsight-compute-2025.4.0/target/linux-desktop-t210-a64/ncu --set full --import-source on --replay-mode application --cache-control none --app-replay-mode strict --profile-from-start off --kernel-name regex:^(?:block_sparse_attention_kernel) --launch-skip 0 --launch-count 1 --force-overwrite -o /projects/kzhou6/bcui2/research/tilebench/Tilebench-gh200/outputs/ncu/GH200/block_sparse_attention/triton_fp16 /projects/kzhou6/bcui2/env_software/miniconda3-aarch64/envs/tilebench++_env/bin/python /projects/kzhou6/bcui2/research/tilebench/Tilebench-gh200/scripts/profiling/ncu_generic_harness.py,0.0808,0.1630
GH200/cutile/cross_entropy/fp16,GH200,cutile,cross_entropy,fp16,f42b60ff44be7e8a7205e53a3bd34988ac5c7524330db0a067be3f9e3b6ab639,"{""batch_size"":10240,""num_classes"":512}",full,application,NVIDIA_GH200/cross_entropy/cutile_fp16.ncu-rep,67d80d5f9670cd680b4c51200ea614529d9bf3edb267a21cbd5f0ba1ed3f1d93,hf_download,bcui2/NCU_report@21037737b7e371d38f3d029367dc3967d5b31a23,matched,documented:profiling_infra_only,1,params+winner from NCU catalogue | profiling source 638ea849; formal CSV source c882fe50 (batched_matmul_autotune 3c5eccbf); only profiling infrastructure changed (PROVENANCE.md),ok,cross_entropy_kernel_Kt1_A2f16_1v8l0_2t1_3i16_p16_A1i64_1i16t1_p16_A1f16_1i16t1_p16_Si32_I512,1,1,"{""occupancy"": 4}",2025.4.0.0 (build 36690805) (public-release),2026-Oct-03 09:59:03,13.1,/usr/local/cuda-13.1/nsight-compute-2025.4.0/target/linux-desktop-t210-a64/ncu --set full --import-source on --replay-mode application --cache-control none --app-replay-mode strict --profile-from-start off --kernel-name regex:^(?:cross_entropy_kernel) --launch-skip 0 --launch-count 1 --force-overwrite -o /projects/kzhou6/bcui2/research/tilebench/Tilebench-gh200/outputs/ncu/GH200/cross_entropy/cutile_fp16 /projects/kzhou6/bcui2/env_software/miniconda3-aarch64/envs/tilebench++_env/bin/python /projects/kzhou6/bcui2/research/tilebench/Tilebench-gh200/scripts/profiling/ncu_generic_harness.py,0.0142,0.0143
GH200/cutile/cross_entropy/fp32,GH200,cutile,cross_entropy,fp32,1a14c7a51e0e2fb7dedb3f13a20b8dd2b872efe62687f18a475df797c90122fb,"{""batch_size"":10240,""num_classes"":512}",full,application,NVIDIA_GH200/cross_entropy/cutile_fp32.ncu-rep,ef6c2627e1716418be7452208318b27e4e15557477c99f2dc412aa650fbd24f9,hf_download,bcui2/NCU_report@21037737b7e371d38f3d029367dc3967d5b31a23,matched,documented:profiling_infra_only,1,params+winner from NCU catalogue | profiling source 638ea849; formal CSV source c882fe50 (batched_matmul_autotune 3c5eccbf); only profiling infrastructure changed (PROVENANCE.md),ok,cross_entropy_kernel_Kt1_A2f32_1v4l0_2t1_3i16_p16_A1i64_1i16t1_p16_A1f32_1i16t1_p16_Si32_I512,1,1,"{""occupancy"": 16}",2025.4.0.0 (build 36690805) (public-release),2026-Oct-03 10:03:06,13.1,/usr/local/cuda-13.1/nsight-compute-2025.4.0/target/linux-desktop-t210-a64/ncu --set full --import-source on --replay-mode application --cache-control none --app-replay-mode strict --profile-from-start off --kernel-name regex:^(?:cross_entropy_kernel) --launch-skip 0 --launch-count 1 --force-overwrite -o /projects/kzhou6/bcui2/research/tilebench/Tilebench-gh200/outputs/ncu/GH200/cross_entropy/cutile_fp32 /projects/kzhou6/bcui2/env_software/miniconda3-aarch64/envs/tilebench++_env/bin/python /projects/kzhou6/bcui2/research/tilebench/Tilebench-gh200/scripts/profiling/ncu_generic_harness.py,0.0136,0.0183
GH200/tilelang/cross_entropy/fp16,GH200,tilelang,cross_entropy,fp16,f42b60ff44be7e8a7205e53a3bd34988ac5c7524330db0a067be3f9e3b6ab639,"{""batch_size"":10240,""num_classes"":512}",full,application,NVIDIA_GH200/cross_entropy/tilelang_fp16.ncu-rep,7c9e941ed47109953da727361340138a4c11781eb8e24c8e49cc0f971a773272,hf_download,bcui2/NCU_report@21037737b7e371d38f3d029367dc3967d5b31a23,matched,documented:profiling_infra_only,1,params+winner from NCU catalogue | profiling source d6ddb622; formal CSV source c882fe50 (batched_matmul_autotune 3c5eccbf); only profiling infrastructure changed (PROVENANCE.md),ok,cross_entropy_kernel_kernel,1,1,"{""threads"": 64}",2025.4.0.0 (build 36690805) (public-release),2026-Oct-04 01:30:24,13.1,/usr/local/cuda-13.1/nsight-compute-2025.4.0/target/linux-desktop-t210-a64/ncu --set full --import-source on --replay-mode application --cache-control none --app-replay-mode strict --profile-from-start off --kernel-name regex:^(?:cross_entropy_kernel_kernel) --launch-skip 0 --launch-count 1 --force-overwrite -o /projects/kzhou6/bcui2/research/tilebench/Tilebench-gh200/outputs/ncu/GH200/cross_entropy/tilelang_fp16 /projects/kzhou6/bcui2/env_software/miniconda3-aarch64/envs/tilebench++_env/bin/python /projects/kzhou6/bcui2/research/tilebench/Tilebench-gh200/scripts/profiling/ncu_generic_harness.py,0.0086,0.0143
GH200/tilelang/cross_entropy/fp32,GH200,tilelang,cross_entropy,fp32,1a14c7a51e0e2fb7dedb3f13a20b8dd2b872efe62687f18a475df797c90122fb,"{""batch_size"":10240,""num_classes"":512}",full,application,NVIDIA_GH200/cross_entropy/tilelang_fp32.ncu-rep,ac5304e2933c5f06c76ec82ec1a5a394b9930f245b62ae9674060aaf8deea9ba,hf_download,bcui2/NCU_report@21037737b7e371d38f3d029367dc3967d5b31a23,matched,documented:profiling_infra_only,1,params+winner from NCU catalogue | profiling source d6ddb622; formal CSV source c882fe50 (batched_matmul_autotune 3c5eccbf); only profiling infrastructure changed (PROVENANCE.md),ok,cross_entropy_kernel_kernel,1,1,"{""threads"": 64}",2025.4.0.0 (build 36690805) (public-release),2026-Oct-04 01:32:54,13.1,/usr/local/cuda-13.1/nsight-compute-2025.4.0/target/linux-desktop-t210-a64/ncu --set full --import-source on --replay-mode application --cache-control none --app-replay-mode strict --profile-from-start off --kernel-name regex:^(?:cross_entropy_kernel_kernel) --launch-skip 0 --launch-count 1 --force-overwrite -o /projects/kzhou6/bcui2/research/tilebench/Tilebench-gh200/outputs/ncu/GH200/cross_entropy/tilelang_fp32 /projects/kzhou6/bcui2/env_software/miniconda3-aarch64/envs/tilebench++_env/bin/python /projects/kzhou6/bcui2/research/tilebench/Tilebench-gh200/scripts/profiling/ncu_generic_harness.py,0.0099,0.0183
GH200/triton/cross_entropy/fp16,GH200,triton,cross_entropy,fp16,f42b60ff44be7e8a7205e53a3bd34988ac5c7524330db0a067be3f9e3b6ab639,"{""batch_size"":10240,""num_classes"":512}",full,application,NVIDIA_GH200/cross_entropy/triton_fp16.ncu-rep,9279697afa3c545064a2b8cad9ca4748f1085c9e4d5c28a6923532c978cbe9fe,hf_download,bcui2/NCU_report@21037737b7e371d38f3d029367dc3967d5b31a23,matched,documented:profiling_infra_only,1,params+winner from NCU catalogue | profiling source 638ea849; formal CSV source c882fe50 (batched_matmul_autotune 3c5eccbf); only profiling infrastructure changed (PROVENANCE.md),ok,cross_entropy_kernel,1,1,"{""num_warps"": 2}",2025.4.0.0 (build 36690805) (public-release),2026-Oct-03 09:57:04,13.1,/usr/local/cuda-13.1/nsight-compute-2025.4.0/target/linux-desktop-t210-a64/ncu --set full --import-source on --replay-mode application --cache-control none --app-replay-mode strict --profile-from-start off --kernel-name regex:^(?:cross_entropy_kernel) --launch-skip 0 --launch-count 1 --force-overwrite -o /projects/kzhou6/bcui2/research/tilebench/Tilebench-gh200/outputs/ncu/GH200/cross_entropy/triton_fp16 /projects/kzhou6/bcui2/env_software/miniconda3-aarch64/envs/tilebench++_env/bin/python /projects/kzhou6/bcui2/research/tilebench/Tilebench-gh200/scripts/profiling/ncu_generic_harness.py,0.0092,0.0143
GH200/triton/cross_entropy/fp32,GH200,triton,cross_entropy,fp32,1a14c7a51e0e2fb7dedb3f13a20b8dd2b872efe62687f18a475df797c90122fb,"{""batch_size"":10240,""num_classes"":512}",full,application,NVIDIA_GH200/cross_entropy/triton_fp32.ncu-rep,8d54d9cd7bd5a37d949d4c766fc33430203c5cdcec25f5d2fbb53de5e571df0d,hf_download,bcui2/NCU_report@21037737b7e371d38f3d029367dc3967d5b31a23,matched,documented:profiling_infra_only,1,params+winner from NCU catalogue | profiling source 638ea849; formal CSV source c882fe50 (batched_matmul_autotune 3c5eccbf); only profiling infrastructure changed (PROVENANCE.md),ok,cross_entropy_kernel,1,1,"{""num_warps"": 1}",2025.4.0.0 (build 36690805) (public-release),2026-Oct-03 10:01:06,13.1,/usr/local/cuda-13.1/nsight-compute-2025.4.0/target/linux-desktop-t210-a64/ncu --set full --import-source on --replay-mode application --cache-control none --app-replay-mode strict --profile-from-start off --kernel-name regex:^(?:cross_entropy_kernel) --launch-skip 0 --launch-count 1 --force-overwrite -o /projects/kzhou6/bcui2/research/tilebench/Tilebench-gh200/outputs/ncu/GH200/cross_entropy/triton_fp32 /projects/kzhou6/bcui2/env_software/miniconda3-aarch64/envs/tilebench++_env/bin/python /projects/kzhou6/bcui2/research/tilebench/Tilebench-gh200/scripts/profiling/ncu_generic_harness.py,0.0100,0.0183
GH200/cutile/dequantize_rowwise/int8,GH200,cutile,dequantize_rowwise,int8,c24d1f8f2e3a0417758447984e025cfa559e716dc9196ba415709d3447285a98,"{""cols"":8192,""rows"":4096}",full,application,NVIDIA_GH200/dequantize_rowwise/cutile_int8.ncu-rep,dab0c5eab1618dd74c43a012341b96127adb4d8b71907a7df0a15fec01e80649,hf_download,bcui2/NCU_report@21037737b7e371d38f3d029367dc3967d5b31a23,matched,documented:profiling_infra_only,1,params+winner from NCU catalogue | profiling source 638ea849; formal CSV source c882fe50 (batched_matmul_autotune 3c5eccbf); only profiling infrastructure changed (PROVENANCE.md),ok,dequantize_rowwise_kernel_Kt1_A2i8_1v16l0_2t1_3i16_p16_A1f32_1i16t1_p16_A2f16_1v8l0_2t1_3i16_p16_I8192_I1024,1,1,"{""chunk"": 1024, ""occupancy"": 16}",2025.4.0.0 (build 36690805) (public-release),2026-Oct-03 10:07:12,13.1,/usr/local/cuda-13.1/nsight-compute-2025.4.0/target/linux-desktop-t210-a64/ncu --set full --import-source on --replay-mode application --cache-control none --app-replay-mode strict --profile-from-start off --kernel-name regex:^(?:dequantize_rowwise_kernel) --launch-skip 0 --launch-count 1 --force-overwrite -o /projects/kzhou6/bcui2/research/tilebench/Tilebench-gh200/outputs/ncu/GH200/dequantize_rowwise/cutile_int8 /projects/kzhou6/bcui2/env_software/miniconda3-aarch64/envs/tilebench++_env/bin/python /projects/kzhou6/bcui2/research/tilebench/Tilebench-gh200/scripts/profiling/ncu_generic_harness.py,0.0333,0.2648
GH200/tilelang/dequantize_rowwise/int8,GH200,tilelang,dequantize_rowwise,int8,c24d1f8f2e3a0417758447984e025cfa559e716dc9196ba415709d3447285a98,"{""cols"":8192,""rows"":4096}",full,application,NVIDIA_GH200/dequantize_rowwise/tilelang_int8.ncu-rep,bc882cee520957a1c1c0dc3fad05b74afca96d4e74982d7a1b34b4e041d04a41,hf_download,bcui2/NCU_report@21037737b7e371d38f3d029367dc3967d5b31a23,matched,documented:profiling_infra_only,1,params+winner from NCU catalogue | profiling source d6ddb622; formal CSV source c882fe50 (batched_matmul_autotune 3c5eccbf); only profiling infrastructure changed (PROVENANCE.md),ok,dequantize_rowwise_kernel_kernel,1,1,"{""CHUNK"": 1024, ""threads"": 128}",2025.4.0.0 (build 36690805) (public-release),2026-Oct-04 01:35:23,13.1,/usr/local/cuda-13.1/nsight-compute-2025.4.0/target/linux-desktop-t210-a64/ncu --set full --import-source on --replay-mode application --cache-control none --app-replay-mode strict --profile-from-start off --kernel-name regex:^(?:dequantize_rowwise_kernel_kernel) --launch-skip 0 --launch-count 1 --force-overwrite -o /projects/kzhou6/bcui2/research/tilebench/Tilebench-gh200/outputs/ncu/GH200/dequantize_rowwise/tilelang_int8 /projects/kzhou6/bcui2/env_software/miniconda3-aarch64/envs/tilebench++_env/bin/python /projects/kzhou6/bcui2/research/tilebench/Tilebench-gh200/scripts/profiling/ncu_generic_harness.py,0.0323,0.2648
GH200/triton/dequantize_rowwise/int8,GH200,triton,dequantize_rowwise,int8,c24d1f8f2e3a0417758447984e025cfa559e716dc9196ba415709d3447285a98,"{""cols"":8192,""rows"":4096}",full,application,NVIDIA_GH200/dequantize_rowwise/triton_int8.ncu-rep,81079f84cae956718d60a4a2307536121bd11f1e9b5b80208db576a633f9a87b,hf_download,bcui2/NCU_report@21037737b7e371d38f3d029367dc3967d5b31a23,matched,documented:profiling_infra_only,1,params+winner from NCU catalogue | profiling source 638ea849; formal CSV source c882fe50 (batched_matmul_autotune 3c5eccbf); only profiling infrastructure changed (PROVENANCE.md),ok,dequantize_rowwise_kernel,1,1,"{""CHUNK"": 1024, ""num_warps"": 2}",2025.4.0.0 (build 36690805) (public-release),2026-Oct-03 10:05:09,13.1,/usr/local/cuda-13.1/nsight-compute-2025.4.0/target/linux-desktop-t210-a64/ncu --set full --import-source on --replay-mode application --cache-control none --app-replay-mode strict --profile-from-start off --kernel-name regex:^(?:dequantize_rowwise_kernel) --launch-skip 0 --launch-count 1 --force-overwrite -o /projects/kzhou6/bcui2/research/tilebench/Tilebench-gh200/outputs/ncu/GH200/dequantize_rowwise/triton_int8 /projects/kzhou6/bcui2/env_software/miniconda3-aarch64/envs/tilebench++_env/bin/python /projects/kzhou6/bcui2/research/tilebench/Tilebench-gh200/scripts/profiling/ncu_generic_harness.py,0.0317,0.2648
GH200/cutile/destindex/bf16,GH200,cutile,destindex,bf16,716f280f9eec7778e3d2a4b836b636473cada35def30ec0bdd4c4420a9d734b3,"{""batch_size"":1,""kv_nope_head_dim"":128,""kv_nope_head_num"":12,""kv_rope_head_dim"":64,""kv_rope_head_num"":1,""seq_len"":40960}",full,application,NVIDIA_GH200/destindex/cutile_bf16.ncu-rep,775953c9f1c2e3fb395dae649e6bcc47117983397a495b0394e5e27ab255cc4f,hf_download,bcui2/NCU_report@21037737b7e371d38f3d029367dc3967d5b31a23,matched,documented:profiling_infra_only,2,params+winner from NCU catalogue | profiling source 638ea849; formal CSV source c882fe50 (batched_matmul_autotune 3c5eccbf); only profiling infrastructure changed (PROVENANCE.md),ok,copy_by_dest_kernel_Kt1_A1bf16_1i16t1_p16_A1i64_1i16t1_p16_A1bf16_1i16t1_p16_I12_I128_I1024;copy_by_dest_kernel_Kt1_A1bf16_1i16t1_p16_A1i64_1i16t1_p16_A1bf16_1i16t1_p16_I1_I64_I512,2,2,"{""nope_block_size"": 1024, ""nope_occupancy"": 16, ""rope_block_size"": 512, ""rope_occupancy"": 16}",2025.4.0.0 (build 36690805) (public-release),2026-Oct-03 10:15:55,13.1,/usr/local/cuda-13.1/nsight-compute-2025.4.0/target/linux-desktop-t210-a64/ncu --set full --import-source on --replay-mode application --cache-control none --app-replay-mode strict --profile-from-start off --kernel-name regex:^(?:copy_by_dest_kernel) --launch-skip 0 --launch-count 2 --force-overwrite -o /projects/kzhou6/bcui2/research/tilebench/Tilebench-gh200/outputs/ncu/GH200/destindex/cutile_bf16 /projects/kzhou6/bcui2/env_software/miniconda3-aarch64/envs/tilebench++_env/bin/python /projects/kzhou6/bcui2/research/tilebench/Tilebench-gh200/scripts/profiling/ncu_generic_harness.py,0.1301,0.2103
GH200/cutile/destindex/fp16,GH200,cutile,destindex,fp16,d28e260ed7950c6a7bcdc1396c65c442a852500912fed122289c043ae9ff90e2,"{""batch_size"":1,""kv_nope_head_dim"":128,""kv_nope_head_num"":12,""kv_rope_head_dim"":64,""kv_rope_head_num"":1,""seq_len"":40960}",full,application,NVIDIA_GH200/destindex/cutile_fp16.ncu-rep,805687292c1777aac4bb2395ddb575b934b002296f63108068a829729a88627a,hf_download,bcui2/NCU_report@21037737b7e371d38f3d029367dc3967d5b31a23,matched,documented:profiling_infra_only,2,params+winner from NCU catalogue | profiling source 638ea849; formal CSV source c882fe50 (batched_matmul_autotune 3c5eccbf); only profiling infrastructure changed (PROVENANCE.md),ok,copy_by_dest_kernel_Kt1_A1f16_1i16t1_p16_A1i64_1i16t1_p16_A1f16_1i16t1_p16_I12_I128_I1024;copy_by_dest_kernel_Kt1_A1f16_1i16t1_p16_A1i64_1i16t1_p16_A1f16_1i16t1_p16_I1_I64_I512,2,2,"{""nope_block_size"": 1024, ""nope_occupancy"": 8, ""rope_block_size"": 512, ""rope_occupancy"": 8}",2025.4.0.0 (build 36690805) (public-release),2026-Oct-03 10:11:34,13.1,/usr/local/cuda-13.1/nsight-compute-2025.4.0/target/linux-desktop-t210-a64/ncu --set full --import-source on --replay-mode application --cache-control none --app-replay-mode strict --profile-from-start off --kernel-name regex:^(?:copy_by_dest_kernel) --launch-skip 0 --launch-count 2 --force-overwrite -o /projects/kzhou6/bcui2/research/tilebench/Tilebench-gh200/outputs/ncu/GH200/destindex/cutile_fp16 /projects/kzhou6/bcui2/env_software/miniconda3-aarch64/envs/tilebench++_env/bin/python /projects/kzhou6/bcui2/research/tilebench/Tilebench-gh200/scripts/profiling/ncu_generic_harness.py,0.1301,0.2101
GH200/cutile/destindex/fp32,GH200,cutile,destindex,fp32,c484542915d07a220680fe03684e307f7cad54eef432cd1e01bf698150d5ddd3,"{""batch_size"":1,""kv_nope_head_dim"":128,""kv_nope_head_num"":12,""kv_rope_head_dim"":64,""kv_rope_head_num"":1,""seq_len"":40960}",full,application,NVIDIA_GH200/destindex/cutile_fp32.ncu-rep,930164271c8112ca973fabb1773b2a1fca68091deebfb4f530b615bb8a14cd3b,hf_download,bcui2/NCU_report@21037737b7e371d38f3d029367dc3967d5b31a23,matched,documented:profiling_infra_only,2,params+winner from NCU catalogue | profiling source 638ea849; formal CSV source c882fe50 (batched_matmul_autotune 3c5eccbf); only profiling infrastructure changed (PROVENANCE.md),ok,copy_by_dest_kernel_Kt1_A1f32_1i16t1_p16_A1i64_1i16t1_p16_A1f32_1i16t1_p16_I12_I128_I512;copy_by_dest_kernel_Kt1_A1f32_1i16t1_p16_A1i64_1i16t1_p16_A1f32_1i16t1_p16_I1_I64_I512,2,2,"{""nope_block_size"": 512, ""nope_occupancy"": 4, ""rope_block_size"": 512, ""rope_occupancy"": 4}",2025.4.0.0 (build 36690805) (public-release),2026-Oct-03 10:20:17,13.1,/usr/local/cuda-13.1/nsight-compute-2025.4.0/target/linux-desktop-t210-a64/ncu --set full --import-source on --replay-mode application --cache-control none --app-replay-mode strict --profile-from-start off --kernel-name regex:^(?:copy_by_dest_kernel) --launch-skip 0 --launch-count 2 --force-overwrite -o /projects/kzhou6/bcui2/research/tilebench/Tilebench-gh200/outputs/ncu/GH200/destindex/cutile_fp32 /projects/kzhou6/bcui2/env_software/miniconda3-aarch64/envs/tilebench++_env/bin/python /projects/kzhou6/bcui2/research/tilebench/Tilebench-gh200/scripts/profiling/ncu_generic_harness.py,0.1681,0.2349
GH200/cutile/destindex/int8,GH200,cutile,destindex,int8,79fc14733cf373af4368dc39c13753983782333cb520772ad5814a04619054e5,"{""batch_size"":1,""kv_nope_head_dim"":128,""kv_nope_head_num"":12,""kv_rope_head_dim"":64,""kv_rope_head_num"":1,""seq_len"":40960}",full,application,NVIDIA_GH200/destindex/cutile_int8.ncu-rep,c5bc183866981300f89d9970af45c69e3d27c10a2c8d05da4bb2920baf5d956e,hf_download,bcui2/NCU_report@21037737b7e371d38f3d029367dc3967d5b31a23,matched,documented:profiling_infra_only,2,params+winner from NCU catalogue | profiling source 638ea849; formal CSV source c882fe50 (batched_matmul_autotune 3c5eccbf); only profiling infrastructure changed (PROVENANCE.md),ok,copy_by_dest_kernel_Kt1_A1i8_1i16t1_p16_A1i64_1i16t1_p16_A1i8_1i16t1_p16_I12_I128_I1024;copy_by_dest_kernel_Kt1_A1i8_1i16t1_p16_A1i64_1i16t1_p16_A1i8_1i16t1_p16_I1_I64_I1024,2,2,"{""nope_block_size"": 1024, ""nope_occupancy"": 8, ""rope_block_size"": 1024, ""rope_occupancy"": 4}",2025.4.0.0 (build 36690805) (public-release),2026-Oct-03 10:24:44,13.1,/usr/local/cuda-13.1/nsight-compute-2025.4.0/target/linux-desktop-t210-a64/ncu --set full --import-source on --replay-mode application --cache-control none --app-replay-mode strict --profile-from-start off --kernel-name regex:^(?:copy_by_dest_kernel) --launch-skip 0 --launch-count 2 --force-overwrite -o /projects/kzhou6/bcui2/research/tilebench/Tilebench-gh200/outputs/ncu/GH200/destindex/cutile_int8 /projects/kzhou6/bcui2/env_software/miniconda3-aarch64/envs/tilebench++_env/bin/python /projects/kzhou6/bcui2/research/tilebench/Tilebench-gh200/scripts/profiling/ncu_generic_harness.py,0.1220,0.1939
GH200/tilelang/destindex/bf16,GH200,tilelang,destindex,bf16,716f280f9eec7778e3d2a4b836b636473cada35def30ec0bdd4c4420a9d734b3,"{""batch_size"":1,""kv_nope_head_dim"":128,""kv_nope_head_num"":12,""kv_rope_head_dim"":64,""kv_rope_head_num"":1,""seq_len"":40960}",full,application,NVIDIA_GH200/destindex/tilelang_bf16.ncu-rep,cdce29497da73cb3b7e89a84a7a9adc3d0c7cb956d03d698574e7d239baa6013,hf_download,bcui2/NCU_report@21037737b7e371d38f3d029367dc3967d5b31a23,matched,documented:default_config_split,2,params+winner from NCU catalogue | profiling source d6ddb622 splits the TileLang destindex default config into nope/rope (same values); kernel and search space unchanged (PROVENANCE.md),ok,copy_by_dest_kernel_kernel,2,2,"{""nope_BLOCK_SIZE"": 1024, ""nope_threads"": 64, ""rope_BLOCK_SIZE"": 1024, ""rope_threads"": 64}",2025.4.0.0 (build 36690805) (public-release),2026-Oct-04 01:41:10,13.1,/usr/local/cuda-13.1/nsight-compute-2025.4.0/target/linux-desktop-t210-a64/ncu --set full --import-source on --replay-mode application --cache-control none --app-replay-mode strict --profile-from-start off --kernel-name regex:^(?:copy_by_dest_kernel_kernel) --launch-skip 0 --launch-count 2 --force-overwrite -o /projects/kzhou6/bcui2/research/tilebench/Tilebench-gh200/outputs/ncu/GH200/destindex/tilelang_bf16 /projects/kzhou6/bcui2/env_software/miniconda3-aarch64/envs/tilebench++_env/bin/python /projects/kzhou6/bcui2/research/tilebench/Tilebench-gh200/scripts/profiling/ncu_generic_harness.py,0.0804,0.2103
GH200/tilelang/destindex/fp16,GH200,tilelang,destindex,fp16,d28e260ed7950c6a7bcdc1396c65c442a852500912fed122289c043ae9ff90e2,"{""batch_size"":1,""kv_nope_head_dim"":128,""kv_nope_head_num"":12,""kv_rope_head_dim"":64,""kv_rope_head_num"":1,""seq_len"":40960}",full,application,NVIDIA_GH200/destindex/tilelang_fp16.ncu-rep,ddfa87e6fc42ef75398e894d0ab2b2eaa540d7c913ca396add8ba543b2b4bd74,hf_download,bcui2/NCU_report@21037737b7e371d38f3d029367dc3967d5b31a23,matched,documented:default_config_split,2,params+winner from NCU catalogue | profiling source d6ddb622 splits the TileLang destindex default config into nope/rope (same values); kernel and search space unchanged (PROVENANCE.md),ok,copy_by_dest_kernel_kernel,2,2,"{""nope_BLOCK_SIZE"": 1024, ""nope_threads"": 64, ""rope_BLOCK_SIZE"": 1024, ""rope_threads"": 64}",2025.4.0.0 (build 36690805) (public-release),2026-Oct-04 01:38:17,13.1,/usr/local/cuda-13.1/nsight-compute-2025.4.0/target/linux-desktop-t210-a64/ncu --set full --import-source on --replay-mode application --cache-control none --app-replay-mode strict --profile-from-start off --kernel-name regex:^(?:copy_by_dest_kernel_kernel) --launch-skip 0 --launch-count 2 --force-overwrite -o /projects/kzhou6/bcui2/research/tilebench/Tilebench-gh200/outputs/ncu/GH200/destindex/tilelang_fp16 /projects/kzhou6/bcui2/env_software/miniconda3-aarch64/envs/tilebench++_env/bin/python /projects/kzhou6/bcui2/research/tilebench/Tilebench-gh200/scripts/profiling/ncu_generic_harness.py,0.0805,0.2101
GH200/tilelang/destindex/fp32,GH200,tilelang,destindex,fp32,c484542915d07a220680fe03684e307f7cad54eef432cd1e01bf698150d5ddd3,"{""batch_size"":1,""kv_nope_head_dim"":128,""kv_nope_head_num"":12,""kv_rope_head_dim"":64,""kv_rope_head_num"":1,""seq_len"":40960}",full,application,NVIDIA_GH200/destindex/tilelang_fp32.ncu-rep,035dadea279591e7c104aa54595bb27347379564689a54aa96b07233b9a91e09,hf_download,bcui2/NCU_report@21037737b7e371d38f3d029367dc3967d5b31a23,matched,documented:default_config_split,2,params+winner from NCU catalogue | profiling source d6ddb622 splits the TileLang destindex default config into nope/rope (same values); kernel and search space unchanged (PROVENANCE.md),ok,copy_by_dest_kernel_kernel,2,2,"{""nope_BLOCK_SIZE"": 512, ""nope_threads"": 64, ""rope_BLOCK_SIZE"": 1024, ""rope_threads"": 64}",2025.4.0.0 (build 36690805) (public-release),2026-Oct-04 01:44:04,13.1,/usr/local/cuda-13.1/nsight-compute-2025.4.0/target/linux-desktop-t210-a64/ncu --set full --import-source on --replay-mode application --cache-control none --app-replay-mode strict --profile-from-start off --kernel-name regex:^(?:copy_by_dest_kernel_kernel) --launch-skip 0 --launch-count 2 --force-overwrite -o /projects/kzhou6/bcui2/research/tilebench/Tilebench-gh200/outputs/ncu/GH200/destindex/tilelang_fp32 /projects/kzhou6/bcui2/env_software/miniconda3-aarch64/envs/tilebench++_env/bin/python /projects/kzhou6/bcui2/research/tilebench/Tilebench-gh200/scripts/profiling/ncu_generic_harness.py,0.1537,0.2349
GH200/tilelang/destindex/int8,GH200,tilelang,destindex,int8,79fc14733cf373af4368dc39c13753983782333cb520772ad5814a04619054e5,"{""batch_size"":1,""kv_nope_head_dim"":128,""kv_nope_head_num"":12,""kv_rope_head_dim"":64,""kv_rope_head_num"":1,""seq_len"":40960}",full,application,NVIDIA_GH200/destindex/tilelang_int8.ncu-rep,8f307cc7667117bd4815155f4f60510bf34b79b50aa03ddb07188494ff8ddf97,hf_download,bcui2/NCU_report@21037737b7e371d38f3d029367dc3967d5b31a23,matched,documented:default_config_split,2,params+winner from NCU catalogue | profiling source d6ddb622 splits the TileLang destindex default config into nope/rope (same values); kernel and search space unchanged (PROVENANCE.md),ok,copy_by_dest_kernel_kernel,2,2,"{""nope_BLOCK_SIZE"": 1024, ""nope_threads"": 64, ""rope_BLOCK_SIZE"": 1024, ""rope_threads"": 64}",2025.4.0.0 (build 36690805) (public-release),2026-Oct-04 01:47:00,13.1,/usr/local/cuda-13.1/nsight-compute-2025.4.0/target/linux-desktop-t210-a64/ncu --set full --import-source on --replay-mode application --cache-control none --app-replay-mode strict --profile-from-start off --kernel-name regex:^(?:copy_by_dest_kernel_kernel) --launch-skip 0 --launch-count 2 --force-overwrite -o /projects/kzhou6/bcui2/research/tilebench/Tilebench-gh200/outputs/ncu/GH200/destindex/tilelang_int8 /projects/kzhou6/bcui2/env_software/miniconda3-aarch64/envs/tilebench++_env/bin/python /projects/kzhou6/bcui2/research/tilebench/Tilebench-gh200/scripts/profiling/ncu_generic_harness.py,0.0501,0.1939
GH200/triton/destindex/bf16,GH200,triton,destindex,bf16,716f280f9eec7778e3d2a4b836b636473cada35def30ec0bdd4c4420a9d734b3,"{""batch_size"":1,""kv_nope_head_dim"":128,""kv_nope_head_num"":12,""kv_rope_head_dim"":64,""kv_rope_head_num"":1,""seq_len"":40960}",full,application,NVIDIA_GH200/destindex/triton_bf16.ncu-rep,dc0aa2a66394dc82c4e0d94948342a1d23d58c68a5c3bea255a6b5ac2c3d48ff,hf_download,bcui2/NCU_report@21037737b7e371d38f3d029367dc3967d5b31a23,matched,documented:profiling_infra_only,2,params+winner from NCU catalogue | profiling source 638ea849; formal CSV source c882fe50 (batched_matmul_autotune 3c5eccbf); only profiling infrastructure changed (PROVENANCE.md),ok,copy_by_dest_kernel,2,2,"{""BLOCK_SIZE"": 512, ""num_warps"": 2}",2025.4.0.0 (build 36690805) (public-release),2026-Oct-03 10:13:47,13.1,/usr/local/cuda-13.1/nsight-compute-2025.4.0/target/linux-desktop-t210-a64/ncu --set full --import-source on --replay-mode application --cache-control none --app-replay-mode strict --profile-from-start off --kernel-name regex:^(?:copy_by_dest_kernel) --launch-skip 0 --launch-count 2 --force-overwrite -o /projects/kzhou6/bcui2/research/tilebench/Tilebench-gh200/outputs/ncu/GH200/destindex/triton_bf16 /projects/kzhou6/bcui2/env_software/miniconda3-aarch64/envs/tilebench++_env/bin/python /projects/kzhou6/bcui2/research/tilebench/Tilebench-gh200/scripts/profiling/ncu_generic_harness.py,0.0790,0.2103
GH200/triton/destindex/fp16,GH200,triton,destindex,fp16,d28e260ed7950c6a7bcdc1396c65c442a852500912fed122289c043ae9ff90e2,"{""batch_size"":1,""kv_nope_head_dim"":128,""kv_nope_head_num"":12,""kv_rope_head_dim"":64,""kv_rope_head_num"":1,""seq_len"":40960}",full,application,NVIDIA_GH200/destindex/triton_fp16.ncu-rep,67263a45d10b9583f7357306f83fd7b30b1aced84fe4ab3bcd4ba7342ada8206,hf_download,bcui2/NCU_report@21037737b7e371d38f3d029367dc3967d5b31a23,matched,documented:profiling_infra_only,2,params+winner from NCU catalogue | profiling source 638ea849; formal CSV source c882fe50 (batched_matmul_autotune 3c5eccbf); only profiling infrastructure changed (PROVENANCE.md),ok,copy_by_dest_kernel,2,2,"{""BLOCK_SIZE"": 512, ""num_warps"": 2}",2025.4.0.0 (build 36690805) (public-release),2026-Oct-03 10:09:26,13.1,/usr/local/cuda-13.1/nsight-compute-2025.4.0/target/linux-desktop-t210-a64/ncu --set full --import-source on --replay-mode application --cache-control none --app-replay-mode strict --profile-from-start off --kernel-name regex:^(?:copy_by_dest_kernel) --launch-skip 0 --launch-count 2 --force-overwrite -o /projects/kzhou6/bcui2/research/tilebench/Tilebench-gh200/outputs/ncu/GH200/destindex/triton_fp16 /projects/kzhou6/bcui2/env_software/miniconda3-aarch64/envs/tilebench++_env/bin/python /projects/kzhou6/bcui2/research/tilebench/Tilebench-gh200/scripts/profiling/ncu_generic_harness.py,0.0788,0.2101
GH200/triton/destindex/fp32,GH200,triton,destindex,fp32,c484542915d07a220680fe03684e307f7cad54eef432cd1e01bf698150d5ddd3,"{""batch_size"":1,""kv_nope_head_dim"":128,""kv_nope_head_num"":12,""kv_rope_head_dim"":64,""kv_rope_head_num"":1,""seq_len"":40960}",full,application,NVIDIA_GH200/destindex/triton_fp32.ncu-rep,c73fa305f9816fd76f9bf8a8e3b4888f377aae6d15521a03e0ed4229d0d840a2,hf_download,bcui2/NCU_report@21037737b7e371d38f3d029367dc3967d5b31a23,matched,documented:profiling_infra_only,2,params+winner from NCU catalogue | profiling source 638ea849; formal CSV source c882fe50 (batched_matmul_autotune 3c5eccbf); only profiling infrastructure changed (PROVENANCE.md),ok,copy_by_dest_kernel,2,2,"{""BLOCK_SIZE"": 1024, ""num_warps"": 2}",2025.4.0.0 (build 36690805) (public-release),2026-Oct-03 10:18:09,13.1,/usr/local/cuda-13.1/nsight-compute-2025.4.0/target/linux-desktop-t210-a64/ncu --set full --import-source on --replay-mode application --cache-control none --app-replay-mode strict --profile-from-start off --kernel-name regex:^(?:copy_by_dest_kernel) --launch-skip 0 --launch-count 2 --force-overwrite -o /projects/kzhou6/bcui2/research/tilebench/Tilebench-gh200/outputs/ncu/GH200/destindex/triton_fp32 /projects/kzhou6/bcui2/env_software/miniconda3-aarch64/envs/tilebench++_env/bin/python /projects/kzhou6/bcui2/research/tilebench/Tilebench-gh200/scripts/profiling/ncu_generic_harness.py,0.1525,0.2349
GH200/triton/destindex/int8,GH200,triton,destindex,int8,79fc14733cf373af4368dc39c13753983782333cb520772ad5814a04619054e5,"{""batch_size"":1,""kv_nope_head_dim"":128,""kv_nope_head_num"":12,""kv_rope_head_dim"":64,""kv_rope_head_num"":1,""seq_len"":40960}",full,application,NVIDIA_GH200/destindex/triton_int8.ncu-rep,02bc75fff5d3bdfd019ebcf3dd1970740bfd4644cc01bc3841d5d0c80e341872,hf_download,bcui2/NCU_report@21037737b7e371d38f3d029367dc3967d5b31a23,matched,documented:profiling_infra_only,2,params+winner from NCU catalogue | profiling source 638ea849; formal CSV source c882fe50 (batched_matmul_autotune 3c5eccbf); only profiling infrastructure changed (PROVENANCE.md),ok,copy_by_dest_kernel,2,2,"{""BLOCK_SIZE"": 1024, ""num_warps"": 2}",2025.4.0.0 (build 36690805) (public-release),2026-Oct-03 10:22:32,13.1,/usr/local/cuda-13.1/nsight-compute-2025.4.0/target/linux-desktop-t210-a64/ncu --set full --import-source on --replay-mode application --cache-control none --app-replay-mode strict --profile-from-start off --kernel-name regex:^(?:copy_by_dest_kernel) --launch-skip 0 --launch-count 2 --force-overwrite -o /projects/kzhou6/bcui2/research/tilebench/Tilebench-gh200/outputs/ncu/GH200/destindex/triton_int8 /projects/kzhou6/bcui2/env_software/miniconda3-aarch64/envs/tilebench++_env/bin/python /projects/kzhou6/bcui2/research/tilebench/Tilebench-gh200/scripts/profiling/ncu_generic_harness.py,0.0434,0.1939
GH200/cutile/dropout/bf16,GH200,cutile,dropout,bf16,8f99ddb807622b9d9a71f9af672b20a3ee8969c5d43ac9f937073761dd77b5f3,"{""n"":20971520,""p"":0.5}",full,application,NVIDIA_GH200/dropout/cutile_bf16.ncu-rep,ae1066d3cb79a902c2f3c8a5c7f3b51816de6e505143f85b5382fa72ad43c86c,hf_download,bcui2/NCU_report@21037737b7e371d38f3d029367dc3967d5b31a23,matched,documented:profiling_infra_only,1,params+winner from NCU catalogue | profiling source 638ea849; formal CSV source c882fe50 (batched_matmul_autotune 3c5eccbf); only profiling infrastructure changed (PROVENANCE.md),ok,dropout_kernel_Kt1_A1bf16_1i16t1_p16_A1bf16_1i16t1_p16_A1bf16_1i16t1_p16_Sf32_I1024,1,1,"{""occupancy"": 4, ""tile"": 1024}",2025.4.0.0 (build 36690805) (public-release),2026-Oct-03 10:32:54,13.1,/usr/local/cuda-13.1/nsight-compute-2025.4.0/target/linux-desktop-t210-a64/ncu --set full --import-source on --replay-mode application --cache-control none --app-replay-mode strict --profile-from-start off --kernel-name regex:^(?:dropout_kernel) --launch-skip 0 --launch-count 1 --force-overwrite -o /projects/kzhou6/bcui2/research/tilebench/Tilebench-gh200/outputs/ncu/GH200/dropout/cutile_bf16 /projects/kzhou6/bcui2/env_software/miniconda3-aarch64/envs/tilebench++_env/bin/python /projects/kzhou6/bcui2/research/tilebench/Tilebench-gh200/scripts/profiling/ncu_generic_harness.py,0.0384,0.0618
GH200/cutile/dropout/fp16,GH200,cutile,dropout,fp16,6204df932c891340acc69e96e8804818a2793cfb5573a21e8470897eedbeadbd,"{""n"":20971520,""p"":0.5}",full,application,NVIDIA_GH200/dropout/cutile_fp16.ncu-rep,ce37bdef0789a3ee029a87b5d4e1b76e9cf97d2197f7cf262b9948d09e797643,hf_download,bcui2/NCU_report@21037737b7e371d38f3d029367dc3967d5b31a23,matched,documented:profiling_infra_only,1,params+winner from NCU catalogue | profiling source 638ea849; formal CSV source c882fe50 (batched_matmul_autotune 3c5eccbf); only profiling infrastructure changed (PROVENANCE.md),ok,dropout_kernel_Kt1_A1f16_1i16t1_p16_A1f16_1i16t1_p16_A1f16_1i16t1_p16_Sf32_I1024,1,1,"{""occupancy"": 16, ""tile"": 1024}",2025.4.0.0 (build 36690805) (public-release),2026-Oct-03 10:28:50,13.1,/usr/local/cuda-13.1/nsight-compute-2025.4.0/target/linux-desktop-t210-a64/ncu --set full --import-source on --replay-mode application --cache-control none --app-replay-mode strict --profile-from-start off --kernel-name regex:^(?:dropout_kernel) --launch-skip 0 --launch-count 1 --force-overwrite -o /projects/kzhou6/bcui2/research/tilebench/Tilebench-gh200/outputs/ncu/GH200/dropout/cutile_fp16 /projects/kzhou6/bcui2/env_software/miniconda3-aarch64/envs/tilebench++_env/bin/python /projects/kzhou6/bcui2/research/tilebench/Tilebench-gh200/scripts/profiling/ncu_generic_harness.py,0.0389,0.0619
GH200/cutile/dropout/fp32,GH200,cutile,dropout,fp32,1db85f016037f35aa015a60db36459cd9cd99ef65ec4bb0b4c78f101f8719b9a,"{""n"":20971520,""p"":0.5}",full,application,NVIDIA_GH200/dropout/cutile_fp32.ncu-rep,d07dde35b0d60d2db3c5b09392b1b02f1c8c226d0c1bb5a355b5db2caba3906a,hf_download,bcui2/NCU_report@21037737b7e371d38f3d029367dc3967d5b31a23,matched,documented:profiling_infra_only,1,params+winner from NCU catalogue | profiling source 638ea849; formal CSV source c882fe50 (batched_matmul_autotune 3c5eccbf); only profiling infrastructure changed (PROVENANCE.md),ok,dropout_kernel_Kt1_A1f32_1i16t1_p16_A1f32_1i16t1_p16_A1f32_1i16t1_p16_Sf32_I512,1,1,"{""occupancy"": 4, ""tile"": 512}",2025.4.0.0 (build 36690805) (public-release),2026-Oct-03 10:36:56,13.1,/usr/local/cuda-13.1/nsight-compute-2025.4.0/target/linux-desktop-t210-a64/ncu --set full --import-source on --replay-mode application --cache-control none --app-replay-mode strict --profile-from-start off --kernel-name regex:^(?:dropout_kernel) --launch-skip 0 --launch-count 1 --force-overwrite -o /projects/kzhou6/bcui2/research/tilebench/Tilebench-gh200/outputs/ncu/GH200/dropout/cutile_fp32 /projects/kzhou6/bcui2/env_software/miniconda3-aarch64/envs/tilebench++_env/bin/python /projects/kzhou6/bcui2/research/tilebench/Tilebench-gh200/scripts/profiling/ncu_generic_harness.py,0.0727,0.1198
GH200/tilelang/dropout/bf16,GH200,tilelang,dropout,bf16,8f99ddb807622b9d9a71f9af672b20a3ee8969c5d43ac9f937073761dd77b5f3,"{""n"":20971520,""p"":0.5}",full,application,NVIDIA_GH200/dropout/tilelang_bf16.ncu-rep,bba7e96e3db84974d4f209a9be2b63419a8790d774ac932d33c02e41e24838f8,hf_download,bcui2/NCU_report@21037737b7e371d38f3d029367dc3967d5b31a23,matched,documented:profiling_infra_only,1,params+winner from NCU catalogue | profiling source d6ddb622; formal CSV source c882fe50 (batched_matmul_autotune 3c5eccbf); only profiling infrastructure changed (PROVENANCE.md),ok,dropout_kernel_kernel,1,1,"{""BLOCK_SIZE"": 2048, ""threads"": 64}",2025.4.0.0 (build 36690805) (public-release),2026-Oct-04 01:52:04,13.1,/usr/local/cuda-13.1/nsight-compute-2025.4.0/target/linux-desktop-t210-a64/ncu --set full --import-source on --replay-mode application --cache-control none --app-replay-mode strict --profile-from-start off --kernel-name regex:^(?:dropout_kernel_kernel) --launch-skip 0 --launch-count 1 --force-overwrite -o /projects/kzhou6/bcui2/research/tilebench/Tilebench-gh200/outputs/ncu/GH200/dropout/tilelang_bf16 /projects/kzhou6/bcui2/env_software/miniconda3-aarch64/envs/tilebench++_env/bin/python /projects/kzhou6/bcui2/research/tilebench/Tilebench-gh200/scripts/profiling/ncu_generic_harness.py,0.0380,0.0618
GH200/tilelang/dropout/fp16,GH200,tilelang,dropout,fp16,6204df932c891340acc69e96e8804818a2793cfb5573a21e8470897eedbeadbd,"{""n"":20971520,""p"":0.5}",full,application,NVIDIA_GH200/dropout/tilelang_fp16.ncu-rep,d002eb8947e60badd0b856b5fb27b3d4d76233057d13880142b38e40351e8e71,hf_download,bcui2/NCU_report@21037737b7e371d38f3d029367dc3967d5b31a23,matched,documented:profiling_infra_only,1,params+winner from NCU catalogue | profiling source d6ddb622; formal CSV source c882fe50 (batched_matmul_autotune 3c5eccbf); only profiling infrastructure changed (PROVENANCE.md),ok,dropout_kernel_kernel,1,1,"{""BLOCK_SIZE"": 1024, ""threads"": 64}",2025.4.0.0 (build 36690805) (public-release),2026-Oct-04 01:49:31,13.1,/usr/local/cuda-13.1/nsight-compute-2025.4.0/target/linux-desktop-t210-a64/ncu --set full --import-source on --replay-mode application --cache-control none --app-replay-mode strict --profile-from-start off --kernel-name regex:^(?:dropout_kernel_kernel) --launch-skip 0 --launch-count 1 --force-overwrite -o /projects/kzhou6/bcui2/research/tilebench/Tilebench-gh200/outputs/ncu/GH200/dropout/tilelang_fp16 /projects/kzhou6/bcui2/env_software/miniconda3-aarch64/envs/tilebench++_env/bin/python /projects/kzhou6/bcui2/research/tilebench/Tilebench-gh200/scripts/profiling/ncu_generic_harness.py,0.0384,0.0619
GH200/tilelang/dropout/fp32,GH200,tilelang,dropout,fp32,1db85f016037f35aa015a60db36459cd9cd99ef65ec4bb0b4c78f101f8719b9a,"{""n"":20971520,""p"":0.5}",full,application,NVIDIA_GH200/dropout/tilelang_fp32.ncu-rep,21d43f85c88239c85d2644f9ea018afd5db8769bcf406113a7e1d0ed1fd5e144,hf_download,bcui2/NCU_report@21037737b7e371d38f3d029367dc3967d5b31a23,matched,documented:profiling_infra_only,1,params+winner from NCU catalogue | profiling source d6ddb622; formal CSV source c882fe50 (batched_matmul_autotune 3c5eccbf); only profiling infrastructure changed (PROVENANCE.md),ok,dropout_kernel_kernel,1,1,"{""BLOCK_SIZE"": 1024, ""threads"": 256}",2025.4.0.0 (build 36690805) (public-release),2026-Oct-04 01:54:34,13.1,/usr/local/cuda-13.1/nsight-compute-2025.4.0/target/linux-desktop-t210-a64/ncu --set full --import-source on --replay-mode application --cache-control none --app-replay-mode strict --profile-from-start off --kernel-name regex:^(?:dropout_kernel_kernel) --launch-skip 0 --launch-count 1 --force-overwrite -o /projects/kzhou6/bcui2/research/tilebench/Tilebench-gh200/outputs/ncu/GH200/dropout/tilelang_fp32 /projects/kzhou6/bcui2/env_software/miniconda3-aarch64/envs/tilebench++_env/bin/python /projects/kzhou6/bcui2/research/tilebench/Tilebench-gh200/scripts/profiling/ncu_generic_harness.py,0.0729,0.1198
GH200/triton/dropout/bf16,GH200,triton,dropout,bf16,8f99ddb807622b9d9a71f9af672b20a3ee8969c5d43ac9f937073761dd77b5f3,"{""n"":20971520,""p"":0.5}",full,application,NVIDIA_GH200/dropout/triton_bf16.ncu-rep,985e2f2831b78f865ea9be7716c65de3058b1d00c21d7307fd86af04e3ad781c,hf_download,bcui2/NCU_report@21037737b7e371d38f3d029367dc3967d5b31a23,matched,documented:profiling_infra_only,1,params+winner from NCU catalogue | profiling source 638ea849; formal CSV source c882fe50 (batched_matmul_autotune 3c5eccbf); only profiling infrastructure changed (PROVENANCE.md),ok,dropout_kernel,1,1,"{""BLOCK_SIZE"": 1024, ""num_warps"": 2}",2025.4.0.0 (build 36690805) (public-release),2026-Oct-03 10:30:54,13.1,/usr/local/cuda-13.1/nsight-compute-2025.4.0/target/linux-desktop-t210-a64/ncu --set full --import-source on --replay-mode application --cache-control none --app-replay-mode strict --profile-from-start off --kernel-name regex:^(?:dropout_kernel) --launch-skip 0 --launch-count 1 --force-overwrite -o /projects/kzhou6/bcui2/research/tilebench/Tilebench-gh200/outputs/ncu/GH200/dropout/triton_bf16 /projects/kzhou6/bcui2/env_software/miniconda3-aarch64/envs/tilebench++_env/bin/python /projects/kzhou6/bcui2/research/tilebench/Tilebench-gh200/scripts/profiling/ncu_generic_harness.py,0.0389,0.0618
GH200/triton/dropout/fp16,GH200,triton,dropout,fp16,6204df932c891340acc69e96e8804818a2793cfb5573a21e8470897eedbeadbd,"{""n"":20971520,""p"":0.5}",full,application,NVIDIA_GH200/dropout/triton_fp16.ncu-rep,2b677c038a022474eb9bce8e282178e955f89dfe9dd2828010e56cbce49fa21a,hf_download,bcui2/NCU_report@21037737b7e371d38f3d029367dc3967d5b31a23,matched,documented:profiling_infra_only,1,params+winner from NCU catalogue | profiling source 638ea849; formal CSV source c882fe50 (batched_matmul_autotune 3c5eccbf); only profiling infrastructure changed (PROVENANCE.md),ok,dropout_kernel,1,1,"{""BLOCK_SIZE"": 2048, ""num_warps"": 8}",2025.4.0.0 (build 36690805) (public-release),2026-Oct-03 10:26:49,13.1,/usr/local/cuda-13.1/nsight-compute-2025.4.0/target/linux-desktop-t210-a64/ncu --set full --import-source on --replay-mode application --cache-control none --app-replay-mode strict --profile-from-start off --kernel-name regex:^(?:dropout_kernel) --launch-skip 0 --launch-count 1 --force-overwrite -o /projects/kzhou6/bcui2/research/tilebench/Tilebench-gh200/outputs/ncu/GH200/dropout/triton_fp16 /projects/kzhou6/bcui2/env_software/miniconda3-aarch64/envs/tilebench++_env/bin/python /projects/kzhou6/bcui2/research/tilebench/Tilebench-gh200/scripts/profiling/ncu_generic_harness.py,0.0380,0.0619
GH200/triton/dropout/fp32,GH200,triton,dropout,fp32,1db85f016037f35aa015a60db36459cd9cd99ef65ec4bb0b4c78f101f8719b9a,"{""n"":20971520,""p"":0.5}",full,application,NVIDIA_GH200/dropout/triton_fp32.ncu-rep,c2d16f487c64a4fbb1fec38b91a8cf6ee19380b5b08f0fffe81a83a2c57b0e79,hf_download,bcui2/NCU_report@21037737b7e371d38f3d029367dc3967d5b31a23,matched,documented:profiling_infra_only,1,params+winner from NCU catalogue | profiling source 638ea849; formal CSV source c882fe50 (batched_matmul_autotune 3c5eccbf); only profiling infrastructure changed (PROVENANCE.md),ok,dropout_kernel,1,1,"{""BLOCK_SIZE"": 512, ""num_warps"": 4}",2025.4.0.0 (build 36690805) (public-release),2026-Oct-03 10:34:57,13.1,/usr/local/cuda-13.1/nsight-compute-2025.4.0/target/linux-desktop-t210-a64/ncu --set full --import-source on --replay-mode application --cache-control none --app-replay-mode strict --profile-from-start off --kernel-name regex:^(?:dropout_kernel) --launch-skip 0 --launch-count 1 --force-overwrite -o /projects/kzhou6/bcui2/research/tilebench/Tilebench-gh200/outputs/ncu/GH200/dropout/triton_fp32 /projects/kzhou6/bcui2/env_software/miniconda3-aarch64/envs/tilebench++_env/bin/python /projects/kzhou6/bcui2/research/tilebench/Tilebench-gh200/scripts/profiling/ncu_generic_harness.py,0.0725,0.1198
GH200/cutile/flash_attention/fp16,GH200,cutile,flash_attention,fp16,3cd08aa4a9cbed1327f1799dd4aa97dfb9dc47cd967f22dc5874667205201ec9,"{""batch_size"":4,""causal"":true,""head_dim"":128,""n_heads"":32,""seq_len"":20480}",full,application,NVIDIA_GH200/flash_attention/cutile_fp16.ncu-rep,7c6014dc3f00c6ff7de63feedd7b0f6ab3a8e61a942af4a071b534313aec3d73,hf_download,bcui2/NCU_report@21037737b7e371d38f3d029367dc3967d5b31a23,matched,documented:profiling_infra_only,1,params+winner from NCU catalogue | profiling source 638ea849; formal CSV source c882fe50 (batched_matmul_autotune 3c5eccbf); only profiling infrastructure changed (PROVENANCE.md),ok,fwd_kernel_Kt1_A4f16_7v8l0_8t1_ei16_p16_A4f16_7v8l0_8t1_ei16_p16_A4f16_7v8l0_8t1_ei16_p16_A4f16_7v8l0_8t1_ei16_p16_Sf32_Si32_I128_I32_I64_I64_I1_B1_B1,1,1,"{""occupancy"": 4, ""tile_m"": 64, ""tile_n"": 64}",2025.4.0.0 (build 36690805) (public-release),2026-Oct-03 10:41:06,13.1,/usr/local/cuda-13.1/nsight-compute-2025.4.0/target/linux-desktop-t210-a64/ncu --set full --import-source on --replay-mode application --cache-control none --app-replay-mode strict --profile-from-start off --kernel-name regex:^(?:fwd_kernel) --launch-skip 0 --launch-count 1 --force-overwrite -o /projects/kzhou6/bcui2/research/tilebench/Tilebench-gh200/outputs/ncu/GH200/flash_attention/cutile_fp16 /projects/kzhou6/bcui2/env_software/miniconda3-aarch64/envs/tilebench++_env/bin/python /projects/kzhou6/bcui2/research/tilebench/Tilebench-gh200/scripts/profiling/ncu_generic_harness.py,25.2405,21.0239
GH200/tilelang/flash_attention/fp16,GH200,tilelang,flash_attention,fp16,3cd08aa4a9cbed1327f1799dd4aa97dfb9dc47cd967f22dc5874667205201ec9,"{""batch_size"":4,""causal"":true,""head_dim"":128,""n_heads"":32,""seq_len"":20480}",full,application,NVIDIA_GH200/flash_attention/tilelang_fp16.ncu-rep,97663b56082e5618903a97a5cc34f19a36a56e3f081e38e94e02be2696ca9cda,hf_download,bcui2/NCU_report@21037737b7e371d38f3d029367dc3967d5b31a23,matched,documented:profiling_infra_only,1,params+winner from NCU catalogue | profiling source d6ddb622; formal CSV source c882fe50 (batched_matmul_autotune 3c5eccbf); only profiling infrastructure changed (PROVENANCE.md),ok,main_kernel,1,1,"{""BLOCK_M"": 64, ""BLOCK_N"": 128, ""threads"": 128}",2025.4.0.0 (build 36690805) (public-release),2026-Oct-04 01:57:28,13.1,/usr/local/cuda-13.1/nsight-compute-2025.4.0/target/linux-desktop-t210-a64/ncu --set full --import-source on --replay-mode application --cache-control none --app-replay-mode strict --profile-from-start off --kernel-name regex:^(?:main_kernel) --launch-skip 0 --launch-count 1 --force-overwrite -o /projects/kzhou6/bcui2/research/tilebench/Tilebench-gh200/outputs/ncu/GH200/flash_attention/tilelang_fp16 /projects/kzhou6/bcui2/env_software/miniconda3-aarch64/envs/tilebench++_env/bin/python /projects/kzhou6/bcui2/research/tilebench/Tilebench-gh200/scripts/profiling/ncu_generic_harness.py,38.3266,21.0239
GH200/triton/flash_attention/fp16,GH200,triton,flash_attention,fp16,3cd08aa4a9cbed1327f1799dd4aa97dfb9dc47cd967f22dc5874667205201ec9,"{""batch_size"":4,""causal"":true,""head_dim"":128,""n_heads"":32,""seq_len"":20480}",full,application,NVIDIA_GH200/flash_attention/triton_fp16.ncu-rep,b8dbdcf322b550166ef73039a8f43ca7c8bfff98cd844b3a6552913bfb9a4741,hf_download,bcui2/NCU_report@21037737b7e371d38f3d029367dc3967d5b31a23,matched,documented:profiling_infra_only,1,params+winner from NCU catalogue | profiling source 638ea849; formal CSV source c882fe50 (batched_matmul_autotune 3c5eccbf); only profiling infrastructure changed (PROVENANCE.md),ok,fwd_kernel,1,1,"{""BLOCK_M"": 128, ""BLOCK_N"": 64, ""num_stages"": 2, ""num_warps"": 8}",2025.4.0.0 (build 36690805) (public-release),2026-Oct-03 10:39:01,13.1,/usr/local/cuda-13.1/nsight-compute-2025.4.0/target/linux-desktop-t210-a64/ncu --set full --import-source on --replay-mode application --cache-control none --app-replay-mode strict --profile-from-start off --kernel-name regex:^(?:fwd_kernel) --launch-skip 0 --launch-count 1 --force-overwrite -o /projects/kzhou6/bcui2/research/tilebench/Tilebench-gh200/outputs/ncu/GH200/flash_attention/triton_fp16 /projects/kzhou6/bcui2/env_software/miniconda3-aarch64/envs/tilebench++_env/bin/python /projects/kzhou6/bcui2/research/tilebench/Tilebench-gh200/scripts/profiling/ncu_generic_harness.py,27.7530,21.0239
GH200/cutile/flash_decode/fp32,GH200,cutile,flash_decode,fp32,72eb76a54ebc766e820ad1534ddb0d43a11a42355f6d42282c7f3ad9e15f5594,"{""batch"":2,""block_seq"":128,""head_dim"":128,""heads"":8,""seq_len"":40960}",full,application,NVIDIA_GH200/flash_decode/cutile_fp32.ncu-rep,9d9021481258730bbda5551afd26c0257663b065d133de5de1f81d13b379177b,hf_download,bcui2/NCU_report@21037737b7e371d38f3d029367dc3967d5b31a23,matched,documented:profiling_infra_only,1,params+winner from NCU catalogue | profiling source 638ea849; formal CSV source c882fe50 (batched_matmul_autotune 3c5eccbf); only profiling infrastructure changed (PROVENANCE.md),ok,fwd_kernel_flash_decode_stage2_Kt1_A4f32_7v4l0_8t1_ci16_p16_A3f32_3v4l0_4i16t1_p16_A1i32_1t1_p16_A4f32_7v4l0_8i16t1_p16_I128_I128_I320,1,1,"{""occupancy"": 8}",2025.4.0.0 (build 36690805) (public-release),2026-Oct-03 10:45:07,13.1,/usr/local/cuda-13.1/nsight-compute-2025.4.0/target/linux-desktop-t210-a64/ncu --set full --import-source on --replay-mode application --cache-control none --app-replay-mode strict --profile-from-start off --kernel-name regex:^(?:fwd_kernel_flash_decode_stage2) --launch-skip 0 --launch-count 1 --force-overwrite -o /projects/kzhou6/bcui2/research/tilebench/Tilebench-gh200/outputs/ncu/GH200/flash_decode/cutile_fp32 /projects/kzhou6/bcui2/env_software/miniconda3-aarch64/envs/tilebench++_env/bin/python /projects/kzhou6/bcui2/research/tilebench/Tilebench-gh200/scripts/profiling/ncu_generic_harness.py,0.1462,0.0399
GH200/tilelang/flash_decode/fp32,GH200,tilelang,flash_decode,fp32,72eb76a54ebc766e820ad1534ddb0d43a11a42355f6d42282c7f3ad9e15f5594,"{""batch"":2,""block_seq"":128,""head_dim"":128,""heads"":8,""seq_len"":40960}",full,application,NVIDIA_GH200/flash_decode/tilelang_fp32.ncu-rep,4ab298c61292c1fa22c1e23ccfdb3896874cecb2e5d29e3bda9dea8473754f06,hf_download,bcui2/NCU_report@21037737b7e371d38f3d029367dc3967d5b31a23,matched,documented:profiling_infra_only,1,params+winner from NCU catalogue | profiling source d6ddb622; formal CSV source c882fe50 (batched_matmul_autotune 3c5eccbf); only profiling infrastructure changed (PROVENANCE.md),ok,flash_decode_stage2_kernel_kernel,1,1,"{""num_stages"": 4, ""threads"": 64}",2025.4.0.0 (build 36690805) (public-release),2026-Oct-04 01:59:57,13.1,/usr/local/cuda-13.1/nsight-compute-2025.4.0/target/linux-desktop-t210-a64/ncu --set full --import-source on --replay-mode application --cache-control none --app-replay-mode strict --profile-from-start off --kernel-name regex:^(?:flash_decode_stage2_kernel_kernel) --launch-skip 0 --launch-count 1 --force-overwrite -o /projects/kzhou6/bcui2/research/tilebench/Tilebench-gh200/outputs/ncu/GH200/flash_decode/tilelang_fp32 /projects/kzhou6/bcui2/env_software/miniconda3-aarch64/envs/tilebench++_env/bin/python /projects/kzhou6/bcui2/research/tilebench/Tilebench-gh200/scripts/profiling/ncu_generic_harness.py,0.0395,0.0399
GH200/triton/flash_decode/fp32,GH200,triton,flash_decode,fp32,72eb76a54ebc766e820ad1534ddb0d43a11a42355f6d42282c7f3ad9e15f5594,"{""batch"":2,""block_seq"":128,""head_dim"":128,""heads"":8,""seq_len"":40960}",full,application,NVIDIA_GH200/flash_decode/triton_fp32.ncu-rep,844bc800a15fb98e3137ff4d032f7956f01887f4a90b8705d7f33ed4b125b49c,hf_download,bcui2/NCU_report@21037737b7e371d38f3d029367dc3967d5b31a23,matched,documented:profiling_infra_only,1,params+winner from NCU catalogue | profiling source 638ea849; formal CSV source c882fe50 (batched_matmul_autotune 3c5eccbf); only profiling infrastructure changed (PROVENANCE.md),ok,fwd_kernel_flash_decode_stage2,1,1,"{""num_stages"": 3, ""num_warps"": 4}",2025.4.0.0 (build 36690805) (public-release),2026-Oct-03 10:43:09,13.1,/usr/local/cuda-13.1/nsight-compute-2025.4.0/target/linux-desktop-t210-a64/ncu --set full --import-source on --replay-mode application --cache-control none --app-replay-mode strict --profile-from-start off --kernel-name regex:^(?:fwd_kernel_flash_decode_stage2) --launch-skip 0 --launch-count 1 --force-overwrite -o /projects/kzhou6/bcui2/research/tilebench/Tilebench-gh200/outputs/ncu/GH200/flash_decode/triton_fp32 /projects/kzhou6/bcui2/env_software/miniconda3-aarch64/envs/tilebench++_env/bin/python /projects/kzhou6/bcui2/research/tilebench/Tilebench-gh200/scripts/profiling/ncu_generic_harness.py,0.0394,0.0399
GH200/cutile/fused_activation/fp32,GH200,cutile,fused_activation,fp32,b5ff6b5cd332ae23cb3730bb3d0505bbeaf55913bd35c6503186aa84315dd338,"{""n"":20971520}",full,application,NVIDIA_GH200/fused_activation/cutile_fp32.ncu-rep,267ad9f5d3db26cc3b04cac66666e743c13f142a387604caaedbe8c8ef163b6b,hf_download,bcui2/NCU_report@21037737b7e371d38f3d029367dc3967d5b31a23,matched,documented:profiling_infra_only,1,params+winner from NCU catalogue | profiling source 638ea849; formal CSV source c882fe50 (batched_matmul_autotune 3c5eccbf); only profiling infrastructure changed (PROVENANCE.md),ok,fused_activation_kernel_Kt1_A1f32_1i16t1_p16_A1f32_1i16t1_p16_A1f32_1i16t1_p16_A1f32_1i16t1_p16_I1024,1,1,"{""occupancy"": 16, ""tile"": 1024}",2025.4.0.0 (build 36690805) (public-release),2026-Oct-03 10:49:06,13.1,/usr/local/cuda-13.1/nsight-compute-2025.4.0/target/linux-desktop-t210-a64/ncu --set full --import-source on --replay-mode application --cache-control none --app-replay-mode strict --profile-from-start off --kernel-name regex:^(?:fused_activation_kernel) --launch-skip 0 --launch-count 1 --force-overwrite -o /projects/kzhou6/bcui2/research/tilebench/Tilebench-gh200/outputs/ncu/GH200/fused_activation/cutile_fp32 /projects/kzhou6/bcui2/env_software/miniconda3-aarch64/envs/tilebench++_env/bin/python /projects/kzhou6/bcui2/research/tilebench/Tilebench-gh200/scripts/profiling/ncu_generic_harness.py,0.0956,0.1894
GH200/tilelang/fused_activation/fp32,GH200,tilelang,fused_activation,fp32,b5ff6b5cd332ae23cb3730bb3d0505bbeaf55913bd35c6503186aa84315dd338,"{""n"":20971520}",full,application,NVIDIA_GH200/fused_activation/tilelang_fp32.ncu-rep,bb1935a998c67b613c746a6c185180ebf5038fa0f71b0954e344991ca62ff7fb,hf_download,bcui2/NCU_report@21037737b7e371d38f3d029367dc3967d5b31a23,matched,documented:profiling_infra_only,1,params+winner from NCU catalogue | profiling source d6ddb622; formal CSV source c882fe50 (batched_matmul_autotune 3c5eccbf); only profiling infrastructure changed (PROVENANCE.md),ok,fused_activation_kernel_kernel,1,1,"{""BLOCK_SIZE"": 1024, ""threads"": 128}",2025.4.0.0 (build 36690805) (public-release),2026-Oct-04 02:02:24,13.1,/usr/local/cuda-13.1/nsight-compute-2025.4.0/target/linux-desktop-t210-a64/ncu --set full --import-source on --replay-mode application --cache-control none --app-replay-mode strict --profile-from-start off --kernel-name regex:^(?:fused_activation_kernel_kernel) --launch-skip 0 --launch-count 1 --force-overwrite -o /projects/kzhou6/bcui2/research/tilebench/Tilebench-gh200/outputs/ncu/GH200/fused_activation/tilelang_fp32 /projects/kzhou6/bcui2/env_software/miniconda3-aarch64/envs/tilebench++_env/bin/python /projects/kzhou6/bcui2/research/tilebench/Tilebench-gh200/scripts/profiling/ncu_generic_harness.py,0.0954,0.1894
GH200/triton/fused_activation/fp32,GH200,triton,fused_activation,fp32,b5ff6b5cd332ae23cb3730bb3d0505bbeaf55913bd35c6503186aa84315dd338,"{""n"":20971520}",full,application,NVIDIA_GH200/fused_activation/triton_fp32.ncu-rep,85c59551847f87ea69cded54a9ab2f4236119864282654043de6c8226a634a25,hf_download,bcui2/NCU_report@21037737b7e371d38f3d029367dc3967d5b31a23,matched,documented:profiling_infra_only,1,params+winner from NCU catalogue | profiling source 638ea849; formal CSV source c882fe50 (batched_matmul_autotune 3c5eccbf); only profiling infrastructure changed (PROVENANCE.md),ok,fused_activation_kernel,1,1,"{""BLOCK_SIZE"": 1024, ""num_warps"": 2}",2025.4.0.0 (build 36690805) (public-release),2026-Oct-03 10:47:09,13.1,/usr/local/cuda-13.1/nsight-compute-2025.4.0/target/linux-desktop-t210-a64/ncu --set full --import-source on --replay-mode application --cache-control none --app-replay-mode strict --profile-from-start off --kernel-name regex:^(?:fused_activation_kernel) --launch-skip 0 --launch-count 1 --force-overwrite -o /projects/kzhou6/bcui2/research/tilebench/Tilebench-gh200/outputs/ncu/GH200/fused_activation/triton_fp32 /projects/kzhou6/bcui2/env_software/miniconda3-aarch64/envs/tilebench++_env/bin/python /projects/kzhou6/bcui2/research/tilebench/Tilebench-gh200/scripts/profiling/ncu_generic_harness.py,0.0948,0.1894
GH200/cutile/gaussian_blur/fp16,GH200,cutile,gaussian_blur,fp16,eac8306ad281ddec1f9eee83d6aca7922fd91a81eb15e58f814129494fd1ec43,"{""input_rows"":10240,""kernel_cols"":7,""kernel_rows"":7}",full,application,NVIDIA_GH200/gaussian_blur/cutile_fp16.ncu-rep,9a2a5acde463807aa6ddb9ded6d2e9617558c357084c1c9a072a2d2e53429759,hf_download,bcui2/NCU_report@21037737b7e371d38f3d029367dc3967d5b31a23,matched,documented:profiling_infra_only,1,params+winner from NCU catalogue | profiling source 638ea849; formal CSV source c882fe50 (batched_matmul_autotune 3c5eccbf); only profiling infrastructure changed (PROVENANCE.md),ok,gaussian_blur_kernel_Kt1_A2f16_1v8l0_2t1_3i16_p16_A1f16_1t1_p16_A2f16_1v8l0_2t1_3i16_p16_I7_I7_I4_I128,1,1,"{""occupancy"": 8, ""tile_c"": 128, ""tile_r"": 4}",2025.4.0.0 (build 36690805) (public-release),2026-Oct-03 10:53:15,13.1,/usr/local/cuda-13.1/nsight-compute-2025.4.0/target/linux-desktop-t210-a64/ncu --set full --import-source on --replay-mode application --cache-control none --app-replay-mode strict --profile-from-start off --kernel-name regex:^(?:gaussian_blur_kernel) --launch-skip 0 --launch-count 1 --force-overwrite -o /projects/kzhou6/bcui2/research/tilebench/Tilebench-gh200/outputs/ncu/GH200/gaussian_blur/cutile_fp16 /projects/kzhou6/bcui2/env_software/miniconda3-aarch64/envs/tilebench++_env/bin/python /projects/kzhou6/bcui2/research/tilebench/Tilebench-gh200/scripts/profiling/ncu_generic_harness.py,1.9331,5.8556
GH200/cutile/gaussian_blur/fp32,GH200,cutile,gaussian_blur,fp32,1e52039bb44020eaa7ad629381e65d567485483137da4bfb54aa9e03e7c28cd8,"{""input_rows"":10240,""kernel_cols"":7,""kernel_rows"":7}",full,application,NVIDIA_GH200/gaussian_blur/cutile_fp32.ncu-rep,69d986bedcbe29dadaddda73bbaba5ff1137a01add2976f465af1ea610239945,hf_download,bcui2/NCU_report@21037737b7e371d38f3d029367dc3967d5b31a23,matched,documented:profiling_infra_only,1,params+winner from NCU catalogue | profiling source 638ea849; formal CSV source c882fe50 (batched_matmul_autotune 3c5eccbf); only profiling infrastructure changed (PROVENANCE.md),ok,gaussian_blur_kernel_Kt1_A2f32_1v4l0_2t1_3i16_p16_A1f32_1t1_p16_A2f32_1v4l0_2t1_3i16_p16_I7_I7_I4_I128,1,1,"{""occupancy"": 4, ""tile_c"": 128, ""tile_r"": 4}",2025.4.0.0 (build 36690805) (public-release),2026-Oct-03 10:57:28,13.1,/usr/local/cuda-13.1/nsight-compute-2025.4.0/target/linux-desktop-t210-a64/ncu --set full --import-source on --replay-mode application --cache-control none --app-replay-mode strict --profile-from-start off --kernel-name regex:^(?:gaussian_blur_kernel) --launch-skip 0 --launch-count 1 --force-overwrite -o /projects/kzhou6/bcui2/research/tilebench/Tilebench-gh200/outputs/ncu/GH200/gaussian_blur/cutile_fp32 /projects/kzhou6/bcui2/env_software/miniconda3-aarch64/envs/tilebench++_env/bin/python /projects/kzhou6/bcui2/research/tilebench/Tilebench-gh200/scripts/profiling/ncu_generic_harness.py,1.2965,57.2979
GH200/tilelang/gaussian_blur/fp16,GH200,tilelang,gaussian_blur,fp16,eac8306ad281ddec1f9eee83d6aca7922fd91a81eb15e58f814129494fd1ec43,"{""input_rows"":10240,""kernel_cols"":7,""kernel_rows"":7}",full,application,NVIDIA_GH200/gaussian_blur/tilelang_fp16.ncu-rep,c5ea3ffa85d8fdca5f729aab3b5a8fdfe5bc0774efa3c22c7352caa7280dc906,hf_download,bcui2/NCU_report@21037737b7e371d38f3d029367dc3967d5b31a23,matched,documented:profiling_infra_only,1,params+winner from NCU catalogue | profiling source d6ddb622; formal CSV source c882fe50 (batched_matmul_autotune 3c5eccbf); only profiling infrastructure changed (PROVENANCE.md),ok,gaussian_blur_kernel_kernel,1,1,"{""BLOCK_C"": 512, ""BLOCK_R"": 1, ""threads"": 128}",2025.4.0.0 (build 36690805) (public-release),2026-Oct-04 02:04:54,13.1,/usr/local/cuda-13.1/nsight-compute-2025.4.0/target/linux-desktop-t210-a64/ncu --set full --import-source on --replay-mode application --cache-control none --app-replay-mode strict --profile-from-start off --kernel-name regex:^(?:gaussian_blur_kernel_kernel) --launch-skip 0 --launch-count 1 --force-overwrite -o /projects/kzhou6/bcui2/research/tilebench/Tilebench-gh200/outputs/ncu/GH200/gaussian_blur/tilelang_fp16 /projects/kzhou6/bcui2/env_software/miniconda3-aarch64/envs/tilebench++_env/bin/python /projects/kzhou6/bcui2/research/tilebench/Tilebench-gh200/scripts/profiling/ncu_generic_harness.py,1.2021,5.8556
GH200/tilelang/gaussian_blur/fp32,GH200,tilelang,gaussian_blur,fp32,1e52039bb44020eaa7ad629381e65d567485483137da4bfb54aa9e03e7c28cd8,"{""input_rows"":10240,""kernel_cols"":7,""kernel_rows"":7}",full,application,NVIDIA_GH200/gaussian_blur/tilelang_fp32.ncu-rep,a32b975ca754d9800fede6be69913e8d6b847f4c8760337e12c0d01ae69b23f5,hf_download,bcui2/NCU_report@21037737b7e371d38f3d029367dc3967d5b31a23,matched,documented:profiling_infra_only,1,params+winner from NCU catalogue | profiling source d6ddb622; formal CSV source c882fe50 (batched_matmul_autotune 3c5eccbf); only profiling infrastructure changed (PROVENANCE.md),ok,gaussian_blur_kernel_kernel,1,1,"{""BLOCK_C"": 512, ""BLOCK_R"": 1, ""threads"": 128}",2025.4.0.0 (build 36690805) (public-release),2026-Oct-04 02:07:24,13.1,/usr/local/cuda-13.1/nsight-compute-2025.4.0/target/linux-desktop-t210-a64/ncu --set full --import-source on --replay-mode application --cache-control none --app-replay-mode strict --profile-from-start off --kernel-name regex:^(?:gaussian_blur_kernel_kernel) --launch-skip 0 --launch-count 1 --force-overwrite -o /projects/kzhou6/bcui2/research/tilebench/Tilebench-gh200/outputs/ncu/GH200/gaussian_blur/tilelang_fp32 /projects/kzhou6/bcui2/env_software/miniconda3-aarch64/envs/tilebench++_env/bin/python /projects/kzhou6/bcui2/research/tilebench/Tilebench-gh200/scripts/profiling/ncu_generic_harness.py,1.1481,57.2979
GH200/triton/gaussian_blur/fp16,GH200,triton,gaussian_blur,fp16,eac8306ad281ddec1f9eee83d6aca7922fd91a81eb15e58f814129494fd1ec43,"{""input_rows"":10240,""kernel_cols"":7,""kernel_rows"":7}",full,application,NVIDIA_GH200/gaussian_blur/triton_fp16.ncu-rep,0bf921b03ffb834f923c4b70a7f66dfa5690c895260cf46f5f6f80cf4b702ec8,hf_download,bcui2/NCU_report@21037737b7e371d38f3d029367dc3967d5b31a23,matched,documented:profiling_infra_only,1,params+winner from NCU catalogue | profiling source 638ea849; formal CSV source c882fe50 (batched_matmul_autotune 3c5eccbf); only profiling infrastructure changed (PROVENANCE.md),ok,gaussian_blur_kernel,1,1,"{""BLOCK_C"": 64, ""BLOCK_R"": 8, ""num_warps"": 8}",2025.4.0.0 (build 36690805) (public-release),2026-Oct-03 10:51:09,13.1,/usr/local/cuda-13.1/nsight-compute-2025.4.0/target/linux-desktop-t210-a64/ncu --set full --import-source on --replay-mode application --cache-control none --app-replay-mode strict --profile-from-start off --kernel-name regex:^(?:gaussian_blur_kernel) --launch-skip 0 --launch-count 1 --force-overwrite -o /projects/kzhou6/bcui2/research/tilebench/Tilebench-gh200/outputs/ncu/GH200/gaussian_blur/triton_fp16 /projects/kzhou6/bcui2/env_software/miniconda3-aarch64/envs/tilebench++_env/bin/python /projects/kzhou6/bcui2/research/tilebench/Tilebench-gh200/scripts/profiling/ncu_generic_harness.py,1.1665,5.8556
GH200/triton/gaussian_blur/fp32,GH200,triton,gaussian_blur,fp32,1e52039bb44020eaa7ad629381e65d567485483137da4bfb54aa9e03e7c28cd8,"{""input_rows"":10240,""kernel_cols"":7,""kernel_rows"":7}",full,application,NVIDIA_GH200/gaussian_blur/triton_fp32.ncu-rep,4ac4c73609bc1495b8a7f10b1442eb2b03031e8b731916a77a09766a9155b58a,hf_download,bcui2/NCU_report@21037737b7e371d38f3d029367dc3967d5b31a23,matched,documented:profiling_infra_only,1,params+winner from NCU catalogue | profiling source 638ea849; formal CSV source c882fe50 (batched_matmul_autotune 3c5eccbf); only profiling infrastructure changed (PROVENANCE.md),ok,gaussian_blur_kernel,1,1,"{""BLOCK_C"": 64, ""BLOCK_R"": 8, ""num_warps"": 8}",2025.4.0.0 (build 36690805) (public-release),2026-Oct-03 10:55:20,13.1,/usr/local/cuda-13.1/nsight-compute-2025.4.0/target/linux-desktop-t210-a64/ncu --set full --import-source on --replay-mode application --cache-control none --app-replay-mode strict --profile-from-start off --kernel-name regex:^(?:gaussian_blur_kernel) --launch-skip 0 --launch-count 1 --force-overwrite -o /projects/kzhou6/bcui2/research/tilebench/Tilebench-gh200/outputs/ncu/GH200/gaussian_blur/triton_fp32 /projects/kzhou6/bcui2/env_software/miniconda3-aarch64/envs/tilebench++_env/bin/python /projects/kzhou6/bcui2/research/tilebench/Tilebench-gh200/scripts/profiling/ncu_generic_harness.py,1.3967,57.2979
GH200/cutile/histogramming/int32,GH200,cutile,histogramming,int32,c48a75a3660d5948dbeb67430e440707f3b68df6629d7e95ba5704558dcac9fa,"{""N"":67108864,""num_bins"":4096}",full,application,NVIDIA_GH200/histogramming/cutile_int32.ncu-rep,30e72ab2f34f7f4dced01cd020b3a04611da3eda7838d6ca1dc058b800ededdb,hf_download,bcui2/NCU_report@21037737b7e371d38f3d029367dc3967d5b31a23,matched,documented:profiling_infra_only,2,params+winner from NCU catalogue | profiling source 638ea849; formal CSV source c882fe50 (batched_matmul_autotune 3c5eccbf); only profiling infrastructure changed (PROVENANCE.md),ok,histogram_partial_kernel_Kt1_A1i32_1i16t1_p16_A2i32_1v4l0_2t1_3i16_p16_Si32_Si32_Si32_I2048;histogram_reduce_kernel_Kt1_A2i32_1v4l0_2t1_3i16_p16_A1i32_1i16t1_p16_Si32_Si32_I128_I64,2,2,"{""partial_block_size"": 2048, ""partial_occupancy"": 4, ""reduce_block_bins"": 64, ""reduce_block_rows"": 128, ""reduce_occupancy"": 8}",2025.4.0.0 (build 36690805) (public-release),2026-Oct-03 11:01:55,13.1,/usr/local/cuda-13.1/nsight-compute-2025.4.0/target/linux-desktop-t210-a64/ncu --set full --import-source on --replay-mode application --cache-control none --app-replay-mode strict --profile-from-start off --kernel-name regex:^(?:histogram_partial_kernel|histogram_reduce_kernel) --launch-skip 0 --launch-count 2 --force-overwrite -o /projects/kzhou6/bcui2/research/tilebench/Tilebench-gh200/outputs/ncu/GH200/histogramming/cutile_int32 /projects/kzhou6/bcui2/env_software/miniconda3-aarch64/envs/tilebench++_env/bin/python /projects/kzhou6/bcui2/research/tilebench/Tilebench-gh200/scripts/profiling/ncu_generic_harness.py,1.7484,0.8476
GH200/tilelang/histogramming/int32,GH200,tilelang,histogramming,int32,c48a75a3660d5948dbeb67430e440707f3b68df6629d7e95ba5704558dcac9fa,"{""N"":67108864,""num_bins"":4096}",full,application,NVIDIA_GH200/histogramming/tilelang_int32.ncu-rep,9ef6197109e6a34be335f112c30372470ba9f35e7c49d5e377f3d13ac70e96fb,hf_download,bcui2/NCU_report@21037737b7e371d38f3d029367dc3967d5b31a23,matched,documented:profiling_infra_only,2,params+winner from NCU catalogue | profiling source d6ddb622; formal CSV source c882fe50 (batched_matmul_autotune 3c5eccbf); only profiling infrastructure changed (PROVENANCE.md),ok,histogram_partial_kernel_kernel;histogram_reduce_kernel_kernel,2,2,"{""partial_BLOCK_SIZE"": 2048, ""partial_threads"": 256, ""reduce_BLOCK_BINS"": 64, ""reduce_BLOCK_ROWS"": 128, ""reduce_threads"": 128}",2025.4.0.0 (build 36690805) (public-release),2026-Oct-04 02:10:18,13.1,/usr/local/cuda-13.1/nsight-compute-2025.4.0/target/linux-desktop-t210-a64/ncu --set full --import-source on --replay-mode application --cache-control none --app-replay-mode strict --profile-from-start off --kernel-name regex:^(?:histogram_partial_kernel_kernel|histogram_reduce_kernel_kernel) --launch-skip 0 --launch-count 2 --force-overwrite -o /projects/kzhou6/bcui2/research/tilebench/Tilebench-gh200/outputs/ncu/GH200/histogramming/tilelang_int32 /projects/kzhou6/bcui2/env_software/miniconda3-aarch64/envs/tilebench++_env/bin/python /projects/kzhou6/bcui2/research/tilebench/Tilebench-gh200/scripts/profiling/ncu_generic_harness.py,0.0946,0.8476
GH200/triton/histogramming/int32,GH200,triton,histogramming,int32,c48a75a3660d5948dbeb67430e440707f3b68df6629d7e95ba5704558dcac9fa,"{""N"":67108864,""num_bins"":4096}",full,application,NVIDIA_GH200/histogramming/triton_int32.ncu-rep,adcc1a7629dee51c698b8d6ceaf44d6d044b1216ec517bce154fd3c86a0f4f73,hf_download,bcui2/NCU_report@21037737b7e371d38f3d029367dc3967d5b31a23,matched,documented:profiling_infra_only,2,params+winner from NCU catalogue | profiling source 638ea849; formal CSV source c882fe50 (batched_matmul_autotune 3c5eccbf); only profiling infrastructure changed (PROVENANCE.md),ok,histogram_partial_kernel;histogram_reduce_kernel,2,2,"{""partial_BLOCK_SIZE"": 2048, ""partial_num_warps"": 8, ""reduce_BLOCK_BINS"": 64, ""reduce_BLOCK_ROWS"": 128, ""reduce_num_stages"": 2, ""reduce_num_warps"": 8}",2025.4.0.0 (build 36690805) (public-release),2026-Oct-03 10:59:43,13.1,/usr/local/cuda-13.1/nsight-compute-2025.4.0/target/linux-desktop-t210-a64/ncu --set full --import-source on --replay-mode application --cache-control none --app-replay-mode strict --profile-from-start off --kernel-name regex:^(?:histogram_partial_kernel|histogram_reduce_kernel) --launch-skip 0 --launch-count 2 --force-overwrite -o /projects/kzhou6/bcui2/research/tilebench/Tilebench-gh200/outputs/ncu/GH200/histogramming/triton_int32 /projects/kzhou6/bcui2/env_software/miniconda3-aarch64/envs/tilebench++_env/bin/python /projects/kzhou6/bcui2/research/tilebench/Tilebench-gh200/scripts/profiling/ncu_generic_harness.py,0.9209,0.8476
GH200/cutile/interleave/bf16,GH200,cutile,interleave,bf16,27ed54477706433d6a7a6281ad92b6c26359f3da4d9199b21a888b4770e3edd7,"{""n"":20000000}",full,application,NVIDIA_GH200/interleave/cutile_bf16.ncu-rep,08ffa7a9211bfb44859458e95cb9108f80242a41d8fafb8711cdd797ca434210,hf_download,bcui2/NCU_report@21037737b7e371d38f3d029367dc3967d5b31a23,matched,documented:profiling_infra_only,1,params+winner from NCU catalogue | profiling source 638ea849; formal CSV source c882fe50 (batched_matmul_autotune 3c5eccbf); only profiling infrastructure changed (PROVENANCE.md),ok,interleave_kernel_Kt1_A1bf16_1i16t1_p16_A1bf16_1i16t1_p16_A1bf16_1i16t1_p16_I2048,1,1,"{""occupancy"": 4, ""tile"": 2048}",2025.4.0.0 (build 36690805) (public-release),2026-Oct-03 11:09:56,13.1,/usr/local/cuda-13.1/nsight-compute-2025.4.0/target/linux-desktop-t210-a64/ncu --set full --import-source on --replay-mode application --cache-control none --app-replay-mode strict --profile-from-start off --kernel-name regex:^(?:interleave_kernel) --launch-skip 0 --launch-count 1 --force-overwrite -o /projects/kzhou6/bcui2/research/tilebench/Tilebench-gh200/outputs/ncu/GH200/interleave/cutile_bf16 /projects/kzhou6/bcui2/env_software/miniconda3-aarch64/envs/tilebench++_env/bin/python /projects/kzhou6/bcui2/research/tilebench/Tilebench-gh200/scripts/profiling/ncu_generic_harness.py,0.0471,0.1361
GH200/cutile/interleave/fp16,GH200,cutile,interleave,fp16,047fc548f0cd6eafc4472b1ed8c788e0485005a304c1522d4bb161e8394894e7,"{""n"":20000000}",full,application,NVIDIA_GH200/interleave/cutile_fp16.ncu-rep,8cf91c1fef241a66f2a2c82ac47ea4c08423f754b86756c49a15127edbf14364,hf_download,bcui2/NCU_report@21037737b7e371d38f3d029367dc3967d5b31a23,matched,documented:profiling_infra_only,1,params+winner from NCU catalogue | profiling source 638ea849; formal CSV source c882fe50 (batched_matmul_autotune 3c5eccbf); only profiling infrastructure changed (PROVENANCE.md),ok,interleave_kernel_Kt1_A1f16_1i16t1_p16_A1f16_1i16t1_p16_A1f16_1i16t1_p16_I1024,1,1,"{""occupancy"": 16, ""tile"": 1024}",2025.4.0.0 (build 36690805) (public-release),2026-Oct-03 11:05:55,13.1,/usr/local/cuda-13.1/nsight-compute-2025.4.0/target/linux-desktop-t210-a64/ncu --set full --import-source on --replay-mode application --cache-control none --app-replay-mode strict --profile-from-start off --kernel-name regex:^(?:interleave_kernel) --launch-skip 0 --launch-count 1 --force-overwrite -o /projects/kzhou6/bcui2/research/tilebench/Tilebench-gh200/outputs/ncu/GH200/interleave/cutile_fp16 /projects/kzhou6/bcui2/env_software/miniconda3-aarch64/envs/tilebench++_env/bin/python /projects/kzhou6/bcui2/research/tilebench/Tilebench-gh200/scripts/profiling/ncu_generic_harness.py,0.0480,0.1354
GH200/cutile/interleave/fp32,GH200,cutile,interleave,fp32,fb3305b4d44c9063dab6995cb25086a555015d7bf0d119d5a11aea7f15b328bf,"{""n"":20000000}",full,application,NVIDIA_GH200/interleave/cutile_fp32.ncu-rep,0442f2cd28b4d01c94e539c7dddf96a8aa5a53785e66b6378dc646202b149583,hf_download,bcui2/NCU_report@21037737b7e371d38f3d029367dc3967d5b31a23,matched,documented:profiling_infra_only,1,params+winner from NCU catalogue | profiling source 638ea849; formal CSV source c882fe50 (batched_matmul_autotune 3c5eccbf); only profiling infrastructure changed (PROVENANCE.md),ok,interleave_kernel_Kt1_A1f32_1i16t1_p16_A1f32_1i16t1_p16_A1f32_1i16t1_p16_I2048,1,1,"{""occupancy"": 4, ""tile"": 2048}",2025.4.0.0 (build 36690805) (public-release),2026-Oct-03 11:13:56,13.1,/usr/local/cuda-13.1/nsight-compute-2025.4.0/target/linux-desktop-t210-a64/ncu --set full --import-source on --replay-mode application --cache-control none --app-replay-mode strict --profile-from-start off --kernel-name regex:^(?:interleave_kernel) --launch-skip 0 --launch-count 1 --force-overwrite -o /projects/kzhou6/bcui2/research/tilebench/Tilebench-gh200/outputs/ncu/GH200/interleave/cutile_fp32 /projects/kzhou6/bcui2/env_software/miniconda3-aarch64/envs/tilebench++_env/bin/python /projects/kzhou6/bcui2/research/tilebench/Tilebench-gh200/scripts/profiling/ncu_generic_harness.py,0.0915,0.2248
GH200/cutile/interleave/int8,GH200,cutile,interleave,int8,bd979fe1d232b2650e93d232312a66ad7c049b1c7527ded5f6fee7373bbb3d8e,"{""n"":20000000}",full,application,NVIDIA_GH200/interleave/cutile_int8.ncu-rep,3531dcdb4b04fd2623b970d6c92d68a6bc1294c210392842b8ee3540f71b21b5,hf_download,bcui2/NCU_report@21037737b7e371d38f3d029367dc3967d5b31a23,matched,documented:profiling_infra_only,1,params+winner from NCU catalogue | profiling source 638ea849; formal CSV source c882fe50 (batched_matmul_autotune 3c5eccbf); only profiling infrastructure changed (PROVENANCE.md),ok,interleave_kernel_Kt1_A1i8_1i16t1_p16_A1i8_1i16t1_p16_A1i8_1i16t1_p16_I4096,1,1,"{""occupancy"": 4, ""tile"": 4096}",2025.4.0.0 (build 36690805) (public-release),2026-Oct-03 11:18:00,13.1,/usr/local/cuda-13.1/nsight-compute-2025.4.0/target/linux-desktop-t210-a64/ncu --set full --import-source on --replay-mode application --cache-control none --app-replay-mode strict --profile-from-start off --kernel-name regex:^(?:interleave_kernel) --launch-skip 0 --launch-count 1 --force-overwrite -o /projects/kzhou6/bcui2/research/tilebench/Tilebench-gh200/outputs/ncu/GH200/interleave/cutile_int8 /projects/kzhou6/bcui2/env_software/miniconda3-aarch64/envs/tilebench++_env/bin/python /projects/kzhou6/bcui2/research/tilebench/Tilebench-gh200/scripts/profiling/ncu_generic_harness.py,0.0249,0.0986
GH200/tilelang/interleave/bf16,GH200,tilelang,interleave,bf16,27ed54477706433d6a7a6281ad92b6c26359f3da4d9199b21a888b4770e3edd7,"{""n"":20000000}",full,application,NVIDIA_GH200/interleave/tilelang_bf16.ncu-rep,658d5ca37e7b7e74cfa575006a9731667b9a6ff2047552becd3dbea3713644d1,hf_download,bcui2/NCU_report@21037737b7e371d38f3d029367dc3967d5b31a23,matched,documented:profiling_infra_only,1,params+winner from NCU catalogue | profiling source d6ddb622; formal CSV source c882fe50 (batched_matmul_autotune 3c5eccbf); only profiling infrastructure changed (PROVENANCE.md),ok,interleave_kernel_kernel,1,1,"{""BLOCK_SIZE"": 1024, ""threads"": 256}",2025.4.0.0 (build 36690805) (public-release),2026-Oct-04 02:15:17,13.1,/usr/local/cuda-13.1/nsight-compute-2025.4.0/target/linux-desktop-t210-a64/ncu --set full --import-source on --replay-mode application --cache-control none --app-replay-mode strict --profile-from-start off --kernel-name regex:^(?:interleave_kernel_kernel) --launch-skip 0 --launch-count 1 --force-overwrite -o /projects/kzhou6/bcui2/research/tilebench/Tilebench-gh200/outputs/ncu/GH200/interleave/tilelang_bf16 /projects/kzhou6/bcui2/env_software/miniconda3-aarch64/envs/tilebench++_env/bin/python /projects/kzhou6/bcui2/research/tilebench/Tilebench-gh200/scripts/profiling/ncu_generic_harness.py,0.0475,0.1361
GH200/tilelang/interleave/fp16,GH200,tilelang,interleave,fp16,047fc548f0cd6eafc4472b1ed8c788e0485005a304c1522d4bb161e8394894e7,"{""n"":20000000}",full,application,NVIDIA_GH200/interleave/tilelang_fp16.ncu-rep,3602cb6945a0f81d7d7543b84eb56588925556122ddaff2bec309a6c0e29654c,hf_download,bcui2/NCU_report@21037737b7e371d38f3d029367dc3967d5b31a23,matched,documented:profiling_infra_only,1,params+winner from NCU catalogue | profiling source d6ddb622; formal CSV source c882fe50 (batched_matmul_autotune 3c5eccbf); only profiling infrastructure changed (PROVENANCE.md),ok,interleave_kernel_kernel,1,1,"{""BLOCK_SIZE"": 1024, ""threads"": 256}",2025.4.0.0 (build 36690805) (public-release),2026-Oct-04 02:12:47,13.1,/usr/local/cuda-13.1/nsight-compute-2025.4.0/target/linux-desktop-t210-a64/ncu --set full --import-source on --replay-mode application --cache-control none --app-replay-mode strict --profile-from-start off --kernel-name regex:^(?:interleave_kernel_kernel) --launch-skip 0 --launch-count 1 --force-overwrite -o /projects/kzhou6/bcui2/research/tilebench/Tilebench-gh200/outputs/ncu/GH200/interleave/tilelang_fp16 /projects/kzhou6/bcui2/env_software/miniconda3-aarch64/envs/tilebench++_env/bin/python /projects/kzhou6/bcui2/research/tilebench/Tilebench-gh200/scripts/profiling/ncu_generic_harness.py,0.0476,0.1354
GH200/tilelang/interleave/fp32,GH200,tilelang,interleave,fp32,fb3305b4d44c9063dab6995cb25086a555015d7bf0d119d5a11aea7f15b328bf,"{""n"":20000000}",full,application,NVIDIA_GH200/interleave/tilelang_fp32.ncu-rep,a23361d3e2beda2981fb3e92f2ebae9ff2e81c4e1598f0adf1d30b39ceba298b,hf_download,bcui2/NCU_report@21037737b7e371d38f3d029367dc3967d5b31a23,matched,documented:profiling_infra_only,1,params+winner from NCU catalogue | profiling source d6ddb622; formal CSV source c882fe50 (batched_matmul_autotune 3c5eccbf); only profiling infrastructure changed (PROVENANCE.md),ok,interleave_kernel_kernel,1,1,"{""BLOCK_SIZE"": 1024, ""threads"": 256}",2025.4.0.0 (build 36690805) (public-release),2026-Oct-04 02:17:46,13.1,/usr/local/cuda-13.1/nsight-compute-2025.4.0/target/linux-desktop-t210-a64/ncu --set full --import-source on --replay-mode application --cache-control none --app-replay-mode strict --profile-from-start off --kernel-name regex:^(?:interleave_kernel_kernel) --launch-skip 0 --launch-count 1 --force-overwrite -o /projects/kzhou6/bcui2/research/tilebench/Tilebench-gh200/outputs/ncu/GH200/interleave/tilelang_fp32 /projects/kzhou6/bcui2/env_software/miniconda3-aarch64/envs/tilebench++_env/bin/python /projects/kzhou6/bcui2/research/tilebench/Tilebench-gh200/scripts/profiling/ncu_generic_harness.py,0.0928,0.2248
GH200/tilelang/interleave/int8,GH200,tilelang,interleave,int8,bd979fe1d232b2650e93d232312a66ad7c049b1c7527ded5f6fee7373bbb3d8e,"{""n"":20000000}",full,application,NVIDIA_GH200/interleave/tilelang_int8.ncu-rep,6e31932a498505d77de8f7d301ef03dfc8fff2f529917b51c594ddb20abe6d1d,hf_download,bcui2/NCU_report@21037737b7e371d38f3d029367dc3967d5b31a23,matched,documented:profiling_infra_only,1,params+winner from NCU catalogue | profiling source d6ddb622; formal CSV source c882fe50 (batched_matmul_autotune 3c5eccbf); only profiling infrastructure changed (PROVENANCE.md),ok,interleave_kernel_kernel,1,1,"{""BLOCK_SIZE"": 1024, ""threads"": 128}",2025.4.0.0 (build 36690805) (public-release),2026-Oct-04 02:20:16,13.1,/usr/local/cuda-13.1/nsight-compute-2025.4.0/target/linux-desktop-t210-a64/ncu --set full --import-source on --replay-mode application --cache-control none --app-replay-mode strict --profile-from-start off --kernel-name regex:^(?:interleave_kernel_kernel) --launch-skip 0 --launch-count 1 --force-overwrite -o /projects/kzhou6/bcui2/research/tilebench/Tilebench-gh200/outputs/ncu/GH200/interleave/tilelang_int8 /projects/kzhou6/bcui2/env_software/miniconda3-aarch64/envs/tilebench++_env/bin/python /projects/kzhou6/bcui2/research/tilebench/Tilebench-gh200/scripts/profiling/ncu_generic_harness.py,0.0258,0.0986
GH200/triton/interleave/bf16,GH200,triton,interleave,bf16,27ed54477706433d6a7a6281ad92b6c26359f3da4d9199b21a888b4770e3edd7,"{""n"":20000000}",full,application,NVIDIA_GH200/interleave/triton_bf16.ncu-rep,9dd835a4b0229f7f135769deb2b5ff11d69162426d1c25c863e2e28fa1c4d2e6,hf_download,bcui2/NCU_report@21037737b7e371d38f3d029367dc3967d5b31a23,matched,documented:profiling_infra_only,1,params+winner from NCU catalogue | profiling source 638ea849; formal CSV source c882fe50 (batched_matmul_autotune 3c5eccbf); only profiling infrastructure changed (PROVENANCE.md),ok,interleave_kernel,1,1,"{""BLOCK_SIZE"": 2048, ""num_stages"": 2, ""num_warps"": 4}",2025.4.0.0 (build 36690805) (public-release),2026-Oct-03 11:07:58,13.1,/usr/local/cuda-13.1/nsight-compute-2025.4.0/target/linux-desktop-t210-a64/ncu --set full --import-source on --replay-mode application --cache-control none --app-replay-mode strict --profile-from-start off --kernel-name regex:^(?:interleave_kernel) --launch-skip 0 --launch-count 1 --force-overwrite -o /projects/kzhou6/bcui2/research/tilebench/Tilebench-gh200/outputs/ncu/GH200/interleave/triton_bf16 /projects/kzhou6/bcui2/env_software/miniconda3-aarch64/envs/tilebench++_env/bin/python /projects/kzhou6/bcui2/research/tilebench/Tilebench-gh200/scripts/profiling/ncu_generic_harness.py,0.0465,0.1361
GH200/triton/interleave/fp16,GH200,triton,interleave,fp16,047fc548f0cd6eafc4472b1ed8c788e0485005a304c1522d4bb161e8394894e7,"{""n"":20000000}",full,application,NVIDIA_GH200/interleave/triton_fp16.ncu-rep,09ddbff90f3c67aad4d48e6373bb6b6c80b07406ebdcc859998f0e037ce0922c,hf_download,bcui2/NCU_report@21037737b7e371d38f3d029367dc3967d5b31a23,matched,documented:profiling_infra_only,1,params+winner from NCU catalogue | profiling source 638ea849; formal CSV source c882fe50 (batched_matmul_autotune 3c5eccbf); only profiling infrastructure changed (PROVENANCE.md),ok,interleave_kernel,1,1,"{""BLOCK_SIZE"": 2048, ""num_stages"": 1, ""num_warps"": 8}",2025.4.0.0 (build 36690805) (public-release),2026-Oct-03 11:03:58,13.1,/usr/local/cuda-13.1/nsight-compute-2025.4.0/target/linux-desktop-t210-a64/ncu --set full --import-source on --replay-mode application --cache-control none --app-replay-mode strict --profile-from-start off --kernel-name regex:^(?:interleave_kernel) --launch-skip 0 --launch-count 1 --force-overwrite -o /projects/kzhou6/bcui2/research/tilebench/Tilebench-gh200/outputs/ncu/GH200/interleave/triton_fp16 /projects/kzhou6/bcui2/env_software/miniconda3-aarch64/envs/tilebench++_env/bin/python /projects/kzhou6/bcui2/research/tilebench/Tilebench-gh200/scripts/profiling/ncu_generic_harness.py,0.0469,0.1354
GH200/triton/interleave/fp32,GH200,triton,interleave,fp32,fb3305b4d44c9063dab6995cb25086a555015d7bf0d119d5a11aea7f15b328bf,"{""n"":20000000}",full,application,NVIDIA_GH200/interleave/triton_fp32.ncu-rep,55219f75508a23c3cca50709913e01e2bb31416d68275c566092eced235c1ad4,hf_download,bcui2/NCU_report@21037737b7e371d38f3d029367dc3967d5b31a23,matched,documented:profiling_infra_only,1,params+winner from NCU catalogue | profiling source 638ea849; formal CSV source c882fe50 (batched_matmul_autotune 3c5eccbf); only profiling infrastructure changed (PROVENANCE.md),ok,interleave_kernel,1,1,"{""BLOCK_SIZE"": 1024, ""num_stages"": 2, ""num_warps"": 8}",2025.4.0.0 (build 36690805) (public-release),2026-Oct-03 11:11:59,13.1,/usr/local/cuda-13.1/nsight-compute-2025.4.0/target/linux-desktop-t210-a64/ncu --set full --import-source on --replay-mode application --cache-control none --app-replay-mode strict --profile-from-start off --kernel-name regex:^(?:interleave_kernel) --launch-skip 0 --launch-count 1 --force-overwrite -o /projects/kzhou6/bcui2/research/tilebench/Tilebench-gh200/outputs/ncu/GH200/interleave/triton_fp32 /projects/kzhou6/bcui2/env_software/miniconda3-aarch64/envs/tilebench++_env/bin/python /projects/kzhou6/bcui2/research/tilebench/Tilebench-gh200/scripts/profiling/ncu_generic_harness.py,0.0909,0.2248
GH200/triton/interleave/int8,GH200,triton,interleave,int8,bd979fe1d232b2650e93d232312a66ad7c049b1c7527ded5f6fee7373bbb3d8e,"{""n"":20000000}",full,application,NVIDIA_GH200/interleave/triton_int8.ncu-rep,c510e55bb396d67fd3fdc19a5ab633d61aa45e010db99ccba8fa07bdefb9bb28,hf_download,bcui2/NCU_report@21037737b7e371d38f3d029367dc3967d5b31a23,matched,documented:profiling_infra_only,1,params+winner from NCU catalogue | profiling source 638ea849; formal CSV source c882fe50 (batched_matmul_autotune 3c5eccbf); only profiling infrastructure changed (PROVENANCE.md),ok,interleave_kernel,1,1,"{""BLOCK_SIZE"": 2048, ""num_stages"": 1, ""num_warps"": 4}",2025.4.0.0 (build 36690805) (public-release),2026-Oct-03 11:15:59,13.1,/usr/local/cuda-13.1/nsight-compute-2025.4.0/target/linux-desktop-t210-a64/ncu --set full --import-source on --replay-mode application --cache-control none --app-replay-mode strict --profile-from-start off --kernel-name regex:^(?:interleave_kernel) --launch-skip 0 --launch-count 1 --force-overwrite -o /projects/kzhou6/bcui2/research/tilebench/Tilebench-gh200/outputs/ncu/GH200/interleave/triton_int8 /projects/kzhou6/bcui2/env_software/miniconda3-aarch64/envs/tilebench++_env/bin/python /projects/kzhou6/bcui2/research/tilebench/Tilebench-gh200/scripts/profiling/ncu_generic_harness.py,0.0247,0.0986
GH200/cutile/jacobi_stencil_2d/bf16,GH200,cutile,jacobi_stencil_2d,bf16,c1588c75a435944039a7dad32b946eb9cdea5178c13e9124c640fddad6c53e92,"{""rows"":10240}",full,application,NVIDIA_GH200/jacobi_stencil_2d/cutile_bf16.ncu-rep,426d7c98a779478b2c17b20b4f087b5ee3ddace84942964987045f2e834bde56,hf_download,bcui2/NCU_report@21037737b7e371d38f3d029367dc3967d5b31a23,matched,documented:profiling_infra_only,1,params+winner from NCU catalogue | profiling source 638ea849; formal CSV source c882fe50 (batched_matmul_autotune 3c5eccbf); only profiling infrastructure changed (PROVENANCE.md),ok,jacobi_stencil_kernel_Kt1_A2bf16_1v8l0_2t1_3i16_p16_A2bf16_1v8l0_2t1_3i16_p16_Si32_Si32_I1_I2048,1,1,"{""occupancy"": 4, ""tile_c"": 2048, ""tile_r"": 1}",2025.4.0.0 (build 36690805) (public-release),2026-Oct-03 11:26:09,13.1,/usr/local/cuda-13.1/nsight-compute-2025.4.0/target/linux-desktop-t210-a64/ncu --set full --import-source on --replay-mode application --cache-control none --app-replay-mode strict --profile-from-start off --kernel-name regex:^(?:jacobi_stencil_kernel) --launch-skip 0 --launch-count 1 --force-overwrite -o /projects/kzhou6/bcui2/research/tilebench/Tilebench-gh200/outputs/ncu/GH200/jacobi_stencil_2d/cutile_bf16 /projects/kzhou6/bcui2/env_software/miniconda3-aarch64/envs/tilebench++_env/bin/python /projects/kzhou6/bcui2/research/tilebench/Tilebench-gh200/scripts/profiling/ncu_generic_harness.py,0.1657,1.2295
GH200/cutile/jacobi_stencil_2d/fp16,GH200,cutile,jacobi_stencil_2d,fp16,6657cb75d3c79f92250abe6f04d7003d9af20a52aaa1aaf3a6104de6188c0b55,"{""rows"":10240}",full,application,NVIDIA_GH200/jacobi_stencil_2d/cutile_fp16.ncu-rep,63625bfc0f44a923ecbce70e61f9068cc165fb9da797a5b6204fd3d3c3e65b9c,hf_download,bcui2/NCU_report@21037737b7e371d38f3d029367dc3967d5b31a23,matched,documented:profiling_infra_only,1,params+winner from NCU catalogue | profiling source 638ea849; formal CSV source c882fe50 (batched_matmul_autotune 3c5eccbf); only profiling infrastructure changed (PROVENANCE.md),ok,jacobi_stencil_kernel_Kt1_A2f16_1v8l0_2t1_3i16_p16_A2f16_1v8l0_2t1_3i16_p16_Si32_Si32_I1_I2048,1,1,"{""occupancy"": 4, ""tile_c"": 2048, ""tile_r"": 1}",2025.4.0.0 (build 36690805) (public-release),2026-Oct-03 11:22:04,13.1,/usr/local/cuda-13.1/nsight-compute-2025.4.0/target/linux-desktop-t210-a64/ncu --set full --import-source on --replay-mode application --cache-control none --app-replay-mode strict --profile-from-start off --kernel-name regex:^(?:jacobi_stencil_kernel) --launch-skip 0 --launch-count 1 --force-overwrite -o /projects/kzhou6/bcui2/research/tilebench/Tilebench-gh200/outputs/ncu/GH200/jacobi_stencil_2d/cutile_fp16 /projects/kzhou6/bcui2/env_software/miniconda3-aarch64/envs/tilebench++_env/bin/python /projects/kzhou6/bcui2/research/tilebench/Tilebench-gh200/scripts/profiling/ncu_generic_harness.py,0.1662,1.2277
GH200/cutile/jacobi_stencil_2d/fp32,GH200,cutile,jacobi_stencil_2d,fp32,cc5850acec93e2f1973bee489301a326041685edbe278e71b71970a84b22af68,"{""rows"":10240}",full,application,NVIDIA_GH200/jacobi_stencil_2d/cutile_fp32.ncu-rep,26b68416c1fa34ab320dea22d4cd6ba7e7fa975d149ca7de11fb46699f079818,hf_download,bcui2/NCU_report@21037737b7e371d38f3d029367dc3967d5b31a23,matched,documented:profiling_infra_only,1,params+winner from NCU catalogue | profiling source 638ea849; formal CSV source c882fe50 (batched_matmul_autotune 3c5eccbf); only profiling infrastructure changed (PROVENANCE.md),ok,jacobi_stencil_kernel_Kt1_A2f32_1v4l0_2t1_3i16_p16_A2f32_1v4l0_2t1_3i16_p16_Si32_Si32_I1_I2048,1,1,"{""occupancy"": 4, ""tile_c"": 2048, ""tile_r"": 1}",2025.4.0.0 (build 36690805) (public-release),2026-Oct-03 11:30:10,13.1,/usr/local/cuda-13.1/nsight-compute-2025.4.0/target/linux-desktop-t210-a64/ncu --set full --import-source on --replay-mode application --cache-control none --app-replay-mode strict --profile-from-start off --kernel-name regex:^(?:jacobi_stencil_kernel) --launch-skip 0 --launch-count 1 --force-overwrite -o /projects/kzhou6/bcui2/research/tilebench/Tilebench-gh200/outputs/ncu/GH200/jacobi_stencil_2d/cutile_fp32 /projects/kzhou6/bcui2/env_software/miniconda3-aarch64/envs/tilebench++_env/bin/python /projects/kzhou6/bcui2/research/tilebench/Tilebench-gh200/scripts/profiling/ncu_generic_harness.py,0.2749,1.7125
GH200/tilelang/jacobi_stencil_2d/bf16,GH200,tilelang,jacobi_stencil_2d,bf16,c1588c75a435944039a7dad32b946eb9cdea5178c13e9124c640fddad6c53e92,"{""rows"":10240}",full,application,NVIDIA_GH200/jacobi_stencil_2d/tilelang_bf16.ncu-rep,ecb35c1110f7727209203c4e42ed27da61473337a48650d95ab50ae432de2124,hf_download,bcui2/NCU_report@21037737b7e371d38f3d029367dc3967d5b31a23,matched,documented:profiling_infra_only,1,params+winner from NCU catalogue | profiling source d6ddb622; formal CSV source c882fe50 (batched_matmul_autotune 3c5eccbf); only profiling infrastructure changed (PROVENANCE.md),ok,jacobi_stencil_kernel_kernel,1,1,"{""BLOCK_SIZE_C"": 1024, ""BLOCK_SIZE_R"": 1, ""threads"": 256}",2025.4.0.0 (build 36690805) (public-release),2026-Oct-04 02:25:12,13.1,/usr/local/cuda-13.1/nsight-compute-2025.4.0/target/linux-desktop-t210-a64/ncu --set full --import-source on --replay-mode application --cache-control none --app-replay-mode strict --profile-from-start off --kernel-name regex:^(?:jacobi_stencil_kernel_kernel) --launch-skip 0 --launch-count 1 --force-overwrite -o /projects/kzhou6/bcui2/research/tilebench/Tilebench-gh200/outputs/ncu/GH200/jacobi_stencil_2d/tilelang_bf16 /projects/kzhou6/bcui2/env_software/miniconda3-aarch64/envs/tilebench++_env/bin/python /projects/kzhou6/bcui2/research/tilebench/Tilebench-gh200/scripts/profiling/ncu_generic_harness.py,0.1742,1.2295
GH200/tilelang/jacobi_stencil_2d/fp16,GH200,tilelang,jacobi_stencil_2d,fp16,6657cb75d3c79f92250abe6f04d7003d9af20a52aaa1aaf3a6104de6188c0b55,"{""rows"":10240}",full,application,NVIDIA_GH200/jacobi_stencil_2d/tilelang_fp16.ncu-rep,7a00b7c980171e0ff4b9e56b0986ea7e601aeb939a09dd450da26f8c6b08e7c3,hf_download,bcui2/NCU_report@21037737b7e371d38f3d029367dc3967d5b31a23,matched,documented:profiling_infra_only,1,params+winner from NCU catalogue | profiling source d6ddb622; formal CSV source c882fe50 (batched_matmul_autotune 3c5eccbf); only profiling infrastructure changed (PROVENANCE.md),ok,jacobi_stencil_kernel_kernel,1,1,"{""BLOCK_SIZE_C"": 512, ""BLOCK_SIZE_R"": 1, ""threads"": 128}",2025.4.0.0 (build 36690805) (public-release),2026-Oct-04 02:22:43,13.1,/usr/local/cuda-13.1/nsight-compute-2025.4.0/target/linux-desktop-t210-a64/ncu --set full --import-source on --replay-mode application --cache-control none --app-replay-mode strict --profile-from-start off --kernel-name regex:^(?:jacobi_stencil_kernel_kernel) --launch-skip 0 --launch-count 1 --force-overwrite -o /projects/kzhou6/bcui2/research/tilebench/Tilebench-gh200/outputs/ncu/GH200/jacobi_stencil_2d/tilelang_fp16 /projects/kzhou6/bcui2/env_software/miniconda3-aarch64/envs/tilebench++_env/bin/python /projects/kzhou6/bcui2/research/tilebench/Tilebench-gh200/scripts/profiling/ncu_generic_harness.py,0.1741,1.2277
GH200/tilelang/jacobi_stencil_2d/fp32,GH200,tilelang,jacobi_stencil_2d,fp32,cc5850acec93e2f1973bee489301a326041685edbe278e71b71970a84b22af68,"{""rows"":10240}",full,application,NVIDIA_GH200/jacobi_stencil_2d/tilelang_fp32.ncu-rep,5ed1f18045e7a29238366c83efa027712ee2eea4273d4f9400fca5882b4de5e6,hf_download,bcui2/NCU_report@21037737b7e371d38f3d029367dc3967d5b31a23,matched,documented:profiling_infra_only,1,params+winner from NCU catalogue | profiling source d6ddb622; formal CSV source c882fe50 (batched_matmul_autotune 3c5eccbf); only profiling infrastructure changed (PROVENANCE.md),ok,jacobi_stencil_kernel_kernel,1,1,"{""BLOCK_SIZE_C"": 2048, ""BLOCK_SIZE_R"": 2, ""threads"": 256}",2025.4.0.0 (build 36690805) (public-release),2026-Oct-04 02:27:39,13.1,/usr/local/cuda-13.1/nsight-compute-2025.4.0/target/linux-desktop-t210-a64/ncu --set full --import-source on --replay-mode application --cache-control none --app-replay-mode strict --profile-from-start off --kernel-name regex:^(?:jacobi_stencil_kernel_kernel) --launch-skip 0 --launch-count 1 --force-overwrite -o /projects/kzhou6/bcui2/research/tilebench/Tilebench-gh200/outputs/ncu/GH200/jacobi_stencil_2d/tilelang_fp32 /projects/kzhou6/bcui2/env_software/miniconda3-aarch64/envs/tilebench++_env/bin/python /projects/kzhou6/bcui2/research/tilebench/Tilebench-gh200/scripts/profiling/ncu_generic_harness.py,0.2463,1.7125
GH200/triton/jacobi_stencil_2d/bf16,GH200,triton,jacobi_stencil_2d,bf16,c1588c75a435944039a7dad32b946eb9cdea5178c13e9124c640fddad6c53e92,"{""rows"":10240}",full,application,NVIDIA_GH200/jacobi_stencil_2d/triton_bf16.ncu-rep,0865c6dda89fef3839c7361e93159fc167aba6032eef72fb1ddf9a7ed7c9d6b7,hf_download,bcui2/NCU_report@21037737b7e371d38f3d029367dc3967d5b31a23,matched,documented:profiling_infra_only,1,params+winner from NCU catalogue | profiling source 638ea849; formal CSV source c882fe50 (batched_matmul_autotune 3c5eccbf); only profiling infrastructure changed (PROVENANCE.md),ok,jacobi_stencil_kernel,1,1,"{""BLOCK_SIZE_C"": 512, ""BLOCK_SIZE_R"": 2, ""num_warps"": 8}",2025.4.0.0 (build 36690805) (public-release),2026-Oct-03 11:24:07,13.1,/usr/local/cuda-13.1/nsight-compute-2025.4.0/target/linux-desktop-t210-a64/ncu --set full --import-source on --replay-mode application --cache-control none --app-replay-mode strict --profile-from-start off --kernel-name regex:^(?:jacobi_stencil_kernel) --launch-skip 0 --launch-count 1 --force-overwrite -o /projects/kzhou6/bcui2/research/tilebench/Tilebench-gh200/outputs/ncu/GH200/jacobi_stencil_2d/triton_bf16 /projects/kzhou6/bcui2/env_software/miniconda3-aarch64/envs/tilebench++_env/bin/python /projects/kzhou6/bcui2/research/tilebench/Tilebench-gh200/scripts/profiling/ncu_generic_harness.py,0.1979,1.2295
GH200/triton/jacobi_stencil_2d/fp16,GH200,triton,jacobi_stencil_2d,fp16,6657cb75d3c79f92250abe6f04d7003d9af20a52aaa1aaf3a6104de6188c0b55,"{""rows"":10240}",full,application,NVIDIA_GH200/jacobi_stencil_2d/triton_fp16.ncu-rep,d52a18bd2ce9a15688131b826cddf07edf2cf0607bcad46302e08d684002464c,hf_download,bcui2/NCU_report@21037737b7e371d38f3d029367dc3967d5b31a23,matched,documented:profiling_infra_only,1,params+winner from NCU catalogue | profiling source 638ea849; formal CSV source c882fe50 (batched_matmul_autotune 3c5eccbf); only profiling infrastructure changed (PROVENANCE.md),ok,jacobi_stencil_kernel,1,1,"{""BLOCK_SIZE_C"": 512, ""BLOCK_SIZE_R"": 2, ""num_warps"": 8}",2025.4.0.0 (build 36690805) (public-release),2026-Oct-03 11:20:02,13.1,/usr/local/cuda-13.1/nsight-compute-2025.4.0/target/linux-desktop-t210-a64/ncu --set full --import-source on --replay-mode application --cache-control none --app-replay-mode strict --profile-from-start off --kernel-name regex:^(?:jacobi_stencil_kernel) --launch-skip 0 --launch-count 1 --force-overwrite -o /projects/kzhou6/bcui2/research/tilebench/Tilebench-gh200/outputs/ncu/GH200/jacobi_stencil_2d/triton_fp16 /projects/kzhou6/bcui2/env_software/miniconda3-aarch64/envs/tilebench++_env/bin/python /projects/kzhou6/bcui2/research/tilebench/Tilebench-gh200/scripts/profiling/ncu_generic_harness.py,0.1977,1.2277
GH200/triton/jacobi_stencil_2d/fp32,GH200,triton,jacobi_stencil_2d,fp32,cc5850acec93e2f1973bee489301a326041685edbe278e71b71970a84b22af68,"{""rows"":10240}",full,application,NVIDIA_GH200/jacobi_stencil_2d/triton_fp32.ncu-rep,02e870784ff8bffd72e16a1d0d22a9a125170a9f7c637e5362755020ca6a7011,hf_download,bcui2/NCU_report@21037737b7e371d38f3d029367dc3967d5b31a23,matched,documented:profiling_infra_only,1,params+winner from NCU catalogue | profiling source 638ea849; formal CSV source c882fe50 (batched_matmul_autotune 3c5eccbf); only profiling infrastructure changed (PROVENANCE.md),ok,jacobi_stencil_kernel,1,1,"{""BLOCK_SIZE_C"": 2048, ""BLOCK_SIZE_R"": 1, ""num_warps"": 8}",2025.4.0.0 (build 36690805) (public-release),2026-Oct-03 11:28:11,13.1,/usr/local/cuda-13.1/nsight-compute-2025.4.0/target/linux-desktop-t210-a64/ncu --set full --import-source on --replay-mode application --cache-control none --app-replay-mode strict --profile-from-start off --kernel-name regex:^(?:jacobi_stencil_kernel) --launch-skip 0 --launch-count 1 --force-overwrite -o /projects/kzhou6/bcui2/research/tilebench/Tilebench-gh200/outputs/ncu/GH200/jacobi_stencil_2d/triton_fp32 /projects/kzhou6/bcui2/env_software/miniconda3-aarch64/envs/tilebench++_env/bin/python /projects/kzhou6/bcui2/research/tilebench/Tilebench-gh200/scripts/profiling/ncu_generic_harness.py,0.2770,1.7125
GH200/cutile/kl_divergence/fp32,GH200,cutile,kl_divergence,fp32,a9e35b5366cf111a118e4df2579212fc2782eabc0f402b28e377af9708fd94fb,"{""cols"":16384,""rows"":4096}",full,application,NVIDIA_GH200/kl_divergence/cutile_fp32.ncu-rep,85824b224ad9c48781a9e32e848025fc8b2c90fa6492185b4fc98a068d835590,hf_download,bcui2/NCU_report@21037737b7e371d38f3d029367dc3967d5b31a23,matched,documented:profiling_infra_only,1,params+winner from NCU catalogue | profiling source 638ea849; formal CSV source c882fe50 (batched_matmul_autotune 3c5eccbf); only profiling infrastructure changed (PROVENANCE.md),ok,kl_divergence_kernel_Kt1_A2f32_1v4l0_2t1_3i16_p16_A2f32_1v4l0_2t1_3i16_p16_A1f32_1i16t1_p16_Si32_I4096,1,1,"{""occupancy"": 4, ""tile"": 4096}",2025.4.0.0 (build 36690805) (public-release),2026-Oct-03 11:34:13,13.1,/usr/local/cuda-13.1/nsight-compute-2025.4.0/target/linux-desktop-t210-a64/ncu --set full --import-source on --replay-mode application --cache-control none --app-replay-mode strict --profile-from-start off --kernel-name regex:^(?:kl_divergence_kernel) --launch-skip 0 --launch-count 1 --force-overwrite -o /projects/kzhou6/bcui2/research/tilebench/Tilebench-gh200/outputs/ncu/GH200/kl_divergence/cutile_fp32 /projects/kzhou6/bcui2/env_software/miniconda3-aarch64/envs/tilebench++_env/bin/python /projects/kzhou6/bcui2/research/tilebench/Tilebench-gh200/scripts/profiling/ncu_generic_harness.py,0.1538,0.6749
GH200/tilelang/kl_divergence/fp32,GH200,tilelang,kl_divergence,fp32,a9e35b5366cf111a118e4df2579212fc2782eabc0f402b28e377af9708fd94fb,"{""cols"":16384,""rows"":4096}",full,application,NVIDIA_GH200/kl_divergence/tilelang_fp32.ncu-rep,904455d50f468e97f7d4ef99aa81315a16b8d844f444153a414ae9696edb014f,hf_download,bcui2/NCU_report@21037737b7e371d38f3d029367dc3967d5b31a23,matched,documented:profiling_infra_only,1,params+winner from NCU catalogue | profiling source d6ddb622; formal CSV source c882fe50 (batched_matmul_autotune 3c5eccbf); only profiling infrastructure changed (PROVENANCE.md),ok,kl_divergence_kernel_kernel,1,1,"{""BLOCK_SIZE"": 4096, ""num_stages"": 2, ""threads"": 256}",2025.4.0.0 (build 36690805) (public-release),2026-Oct-04 02:30:11,13.1,/usr/local/cuda-13.1/nsight-compute-2025.4.0/target/linux-desktop-t210-a64/ncu --set full --import-source on --replay-mode application --cache-control none --app-replay-mode strict --profile-from-start off --kernel-name regex:^(?:kl_divergence_kernel_kernel) --launch-skip 0 --launch-count 1 --force-overwrite -o /projects/kzhou6/bcui2/research/tilebench/Tilebench-gh200/outputs/ncu/GH200/kl_divergence/tilelang_fp32 /projects/kzhou6/bcui2/env_software/miniconda3-aarch64/envs/tilebench++_env/bin/python /projects/kzhou6/bcui2/research/tilebench/Tilebench-gh200/scripts/profiling/ncu_generic_harness.py,0.1536,0.6749
GH200/triton/kl_divergence/fp32,GH200,triton,kl_divergence,fp32,a9e35b5366cf111a118e4df2579212fc2782eabc0f402b28e377af9708fd94fb,"{""cols"":16384,""rows"":4096}",full,application,NVIDIA_GH200/kl_divergence/triton_fp32.ncu-rep,2efabe9607ae88d8195583fdadd090421761ef63eae387f365502a2d94b220a4,hf_download,bcui2/NCU_report@21037737b7e371d38f3d029367dc3967d5b31a23,matched,documented:profiling_infra_only,1,params+winner from NCU catalogue | profiling source 638ea849; formal CSV source c882fe50 (batched_matmul_autotune 3c5eccbf); only profiling infrastructure changed (PROVENANCE.md),ok,kl_divergence_kernel,1,1,"{""BLOCK_SIZE"": 4096, ""num_stages"": 2, ""num_warps"": 8}",2025.4.0.0 (build 36690805) (public-release),2026-Oct-03 11:32:13,13.1,/usr/local/cuda-13.1/nsight-compute-2025.4.0/target/linux-desktop-t210-a64/ncu --set full --import-source on --replay-mode application --cache-control none --app-replay-mode strict --profile-from-start off --kernel-name regex:^(?:kl_divergence_kernel) --launch-skip 0 --launch-count 1 --force-overwrite -o /projects/kzhou6/bcui2/research/tilebench/Tilebench-gh200/outputs/ncu/GH200/kl_divergence/triton_fp32 /projects/kzhou6/bcui2/env_software/miniconda3-aarch64/envs/tilebench++_env/bin/python /projects/kzhou6/bcui2/research/tilebench/Tilebench-gh200/scripts/profiling/ncu_generic_harness.py,0.1555,0.6749
GH200/cutile/l2_norm/bf16,GH200,cutile,l2_norm,bf16,40d4918d934a601814f708e35a256eb808b3bd63fe9388e0c50f1bd60fb3d035,"{""K"":10240,""M"":2048,""batch"":1,""eps"":1e-06}",full,application,NVIDIA_GH200/l2_norm/cutile_bf16.ncu-rep,fda3d4c39fb2c1d99f51641a6855c1a1867c3a6edf6fcf1465392516e252a12d,hf_download,bcui2/NCU_report@21037737b7e371d38f3d029367dc3967d5b31a23,matched,documented:profiling_infra_only,1,params+winner from NCU catalogue | profiling source 638ea849; formal CSV source c882fe50 (batched_matmul_autotune 3c5eccbf); only profiling infrastructure changed (PROVENANCE.md),ok,l2_norm_kernel_Kt1_A2bf16_1v8l0_2t1_3i16_p16_A2bf16_1v8l0_2t1_3i16_p16_Sf32_I10240_I2048,1,1,"{""occupancy"": 8, ""tile_size"": 2048}",2025.4.0.0 (build 36690805) (public-release),2026-Oct-03 11:42:12,13.1,/usr/local/cuda-13.1/nsight-compute-2025.4.0/target/linux-desktop-t210-a64/ncu --set full --import-source on --replay-mode application --cache-control none --app-replay-mode strict --profile-from-start off --kernel-name regex:^(?:l2_norm_kernel) --launch-skip 0 --launch-count 1 --force-overwrite -o /projects/kzhou6/bcui2/research/tilebench/Tilebench-gh200/outputs/ncu/GH200/l2_norm/cutile_bf16 /projects/kzhou6/bcui2/env_software/miniconda3-aarch64/envs/tilebench++_env/bin/python /projects/kzhou6/bcui2/research/tilebench/Tilebench-gh200/scripts/profiling/ncu_generic_harness.py,0.0283,0.1563
GH200/cutile/l2_norm/fp16,GH200,cutile,l2_norm,fp16,42c095a11eb96fb7001e32ec97dd62febd602b150a256a14aa2f2c1dde661e5f,"{""K"":10240,""M"":2048,""batch"":1,""eps"":1e-06}",full,application,NVIDIA_GH200/l2_norm/cutile_fp16.ncu-rep,dc474480f45a4cafe52df1d63733f1bc3ba97520d5db011ff974f7229a6b1c8f,hf_download,bcui2/NCU_report@21037737b7e371d38f3d029367dc3967d5b31a23,matched,documented:profiling_infra_only,1,params+winner from NCU catalogue | profiling source 638ea849; formal CSV source c882fe50 (batched_matmul_autotune 3c5eccbf); only profiling infrastructure changed (PROVENANCE.md),ok,l2_norm_kernel_Kt1_A2f16_1v8l0_2t1_3i16_p16_A2f16_1v8l0_2t1_3i16_p16_Sf32_I10240_I2048,1,1,"{""occupancy"": 4, ""tile_size"": 2048}",2025.4.0.0 (build 36690805) (public-release),2026-Oct-03 11:38:12,13.1,/usr/local/cuda-13.1/nsight-compute-2025.4.0/target/linux-desktop-t210-a64/ncu --set full --import-source on --replay-mode application --cache-control none --app-replay-mode strict --profile-from-start off --kernel-name regex:^(?:l2_norm_kernel) --launch-skip 0 --launch-count 1 --force-overwrite -o /projects/kzhou6/bcui2/research/tilebench/Tilebench-gh200/outputs/ncu/GH200/l2_norm/cutile_fp16 /projects/kzhou6/bcui2/env_software/miniconda3-aarch64/envs/tilebench++_env/bin/python /projects/kzhou6/bcui2/research/tilebench/Tilebench-gh200/scripts/profiling/ncu_generic_harness.py,0.0284,0.1561
GH200/cutile/l2_norm/fp32,GH200,cutile,l2_norm,fp32,163281954b035ab03824b56dc260d17111824074bf66f14bc5f171d25a285d33,"{""K"":10240,""M"":2048,""batch"":1,""eps"":1e-06}",full,application,NVIDIA_GH200/l2_norm/cutile_fp32.ncu-rep,e851be3e7f38e75abcdb3e6fd12dc6e5758ba1cc2fbbe2b8a7b61f9a46f85901,hf_download,bcui2/NCU_report@21037737b7e371d38f3d029367dc3967d5b31a23,matched,documented:profiling_infra_only,1,params+winner from NCU catalogue | profiling source 638ea849; formal CSV source c882fe50 (batched_matmul_autotune 3c5eccbf); only profiling infrastructure changed (PROVENANCE.md),ok,l2_norm_kernel_Kt1_A2f32_1v4l0_2t1_3i16_p16_A2f32_1v4l0_2t1_3i16_p16_Sf32_I10240_I512,1,1,"{""occupancy"": 4, ""tile_size"": 512}",2025.4.0.0 (build 36690805) (public-release),2026-Oct-03 11:46:13,13.1,/usr/local/cuda-13.1/nsight-compute-2025.4.0/target/linux-desktop-t210-a64/ncu --set full --import-source on --replay-mode application --cache-control none --app-replay-mode strict --profile-from-start off --kernel-name regex:^(?:l2_norm_kernel) --launch-skip 0 --launch-count 1 --force-overwrite -o /projects/kzhou6/bcui2/research/tilebench/Tilebench-gh200/outputs/ncu/GH200/l2_norm/cutile_fp32 /projects/kzhou6/bcui2/env_software/miniconda3-aarch64/envs/tilebench++_env/bin/python /projects/kzhou6/bcui2/research/tilebench/Tilebench-gh200/scripts/profiling/ncu_generic_harness.py,0.0570,0.1063
GH200/tilelang/l2_norm/bf16,GH200,tilelang,l2_norm,bf16,40d4918d934a601814f708e35a256eb808b3bd63fe9388e0c50f1bd60fb3d035,"{""K"":10240,""M"":2048,""batch"":1,""eps"":1e-06}",full,application,NVIDIA_GH200/l2_norm/tilelang_bf16.ncu-rep,ba9195814a3b726c37b2d25ff7059e222901337d26640eb5f73f82841de3d879,hf_download,bcui2/NCU_report@21037737b7e371d38f3d029367dc3967d5b31a23,matched,documented:profiling_infra_only,1,params+winner from NCU catalogue | profiling source d6ddb622; formal CSV source c882fe50 (batched_matmul_autotune 3c5eccbf); only profiling infrastructure changed (PROVENANCE.md),ok,l2_norm_fwd_kernel_kernel,1,1,"{""BLOCK_N"": 512, ""num_stages"": 2, ""threads"": 128}",2025.4.0.0 (build 36690805) (public-release),2026-Oct-04 02:35:10,13.1,/usr/local/cuda-13.1/nsight-compute-2025.4.0/target/linux-desktop-t210-a64/ncu --set full --import-source on --replay-mode application --cache-control none --app-replay-mode strict --profile-from-start off --kernel-name regex:^(?:l2_norm_fwd_kernel_kernel) --launch-skip 0 --launch-count 1 --force-overwrite -o /projects/kzhou6/bcui2/research/tilebench/Tilebench-gh200/outputs/ncu/GH200/l2_norm/tilelang_bf16 /projects/kzhou6/bcui2/env_software/miniconda3-aarch64/envs/tilebench++_env/bin/python /projects/kzhou6/bcui2/research/tilebench/Tilebench-gh200/scripts/profiling/ncu_generic_harness.py,0.0262,0.1563
GH200/tilelang/l2_norm/fp16,GH200,tilelang,l2_norm,fp16,42c095a11eb96fb7001e32ec97dd62febd602b150a256a14aa2f2c1dde661e5f,"{""K"":10240,""M"":2048,""batch"":1,""eps"":1e-06}",full,application,NVIDIA_GH200/l2_norm/tilelang_fp16.ncu-rep,4bc5ed6d98bc23f51ccaa7c243513e367a8ba365dc1efe3cc41d95ce1218b07c,hf_download,bcui2/NCU_report@21037737b7e371d38f3d029367dc3967d5b31a23,matched,documented:profiling_infra_only,1,params+winner from NCU catalogue | profiling source d6ddb622; formal CSV source c882fe50 (batched_matmul_autotune 3c5eccbf); only profiling infrastructure changed (PROVENANCE.md),ok,l2_norm_fwd_kernel_kernel,1,1,"{""BLOCK_N"": 1024, ""num_stages"": 4, ""threads"": 256}",2025.4.0.0 (build 36690805) (public-release),2026-Oct-04 02:32:41,13.1,/usr/local/cuda-13.1/nsight-compute-2025.4.0/target/linux-desktop-t210-a64/ncu --set full --import-source on --replay-mode application --cache-control none --app-replay-mode strict --profile-from-start off --kernel-name regex:^(?:l2_norm_fwd_kernel_kernel) --launch-skip 0 --launch-count 1 --force-overwrite -o /projects/kzhou6/bcui2/research/tilebench/Tilebench-gh200/outputs/ncu/GH200/l2_norm/tilelang_fp16 /projects/kzhou6/bcui2/env_software/miniconda3-aarch64/envs/tilebench++_env/bin/python /projects/kzhou6/bcui2/research/tilebench/Tilebench-gh200/scripts/profiling/ncu_generic_harness.py,0.0262,0.1561
GH200/tilelang/l2_norm/fp32,GH200,tilelang,l2_norm,fp32,163281954b035ab03824b56dc260d17111824074bf66f14bc5f171d25a285d33,"{""K"":10240,""M"":2048,""batch"":1,""eps"":1e-06}",full,application,NVIDIA_GH200/l2_norm/tilelang_fp32.ncu-rep,4f2617483f8f9e96b4e53d133bd6f811e76fbb27c202531a964bc44ca54d2c0a,hf_download,bcui2/NCU_report@21037737b7e371d38f3d029367dc3967d5b31a23,matched,documented:profiling_infra_only,1,params+winner from NCU catalogue | profiling source d6ddb622; formal CSV source c882fe50 (batched_matmul_autotune 3c5eccbf); only profiling infrastructure changed (PROVENANCE.md),ok,l2_norm_fwd_kernel_kernel,1,1,"{""BLOCK_N"": 1024, ""num_stages"": 4, ""threads"": 128}",2025.4.0.0 (build 36690805) (public-release),2026-Oct-04 02:37:40,13.1,/usr/local/cuda-13.1/nsight-compute-2025.4.0/target/linux-desktop-t210-a64/ncu --set full --import-source on --replay-mode application --cache-control none --app-replay-mode strict --profile-from-start off --kernel-name regex:^(?:l2_norm_fwd_kernel_kernel) --launch-skip 0 --launch-count 1 --force-overwrite -o /projects/kzhou6/bcui2/research/tilebench/Tilebench-gh200/outputs/ncu/GH200/l2_norm/tilelang_fp32 /projects/kzhou6/bcui2/env_software/miniconda3-aarch64/envs/tilebench++_env/bin/python /projects/kzhou6/bcui2/research/tilebench/Tilebench-gh200/scripts/profiling/ncu_generic_harness.py,0.0494,0.1063
GH200/triton/l2_norm/bf16,GH200,triton,l2_norm,bf16,40d4918d934a601814f708e35a256eb808b3bd63fe9388e0c50f1bd60fb3d035,"{""K"":10240,""M"":2048,""batch"":1,""eps"":1e-06}",full,application,NVIDIA_GH200/l2_norm/triton_bf16.ncu-rep,4285bba383ff72dd20da40598976ba6f79fb5d74b5bca1e07b498459e566e236,hf_download,bcui2/NCU_report@21037737b7e371d38f3d029367dc3967d5b31a23,matched,documented:profiling_infra_only,1,params+winner from NCU catalogue | profiling source 638ea849; formal CSV source c882fe50 (batched_matmul_autotune 3c5eccbf); only profiling infrastructure changed (PROVENANCE.md),ok,_l2_norm_fwd_kernel,1,1,"{""BLOCK_N"": 2048, ""num_stages"": 2, ""num_warps"": 8}",2025.4.0.0 (build 36690805) (public-release),2026-Oct-03 11:40:15,13.1,/usr/local/cuda-13.1/nsight-compute-2025.4.0/target/linux-desktop-t210-a64/ncu --set full --import-source on --replay-mode application --cache-control none --app-replay-mode strict --profile-from-start off --kernel-name regex:^(?:_l2_norm_fwd_kernel) --launch-skip 0 --launch-count 1 --force-overwrite -o /projects/kzhou6/bcui2/research/tilebench/Tilebench-gh200/outputs/ncu/GH200/l2_norm/triton_bf16 /projects/kzhou6/bcui2/env_software/miniconda3-aarch64/envs/tilebench++_env/bin/python /projects/kzhou6/bcui2/research/tilebench/Tilebench-gh200/scripts/profiling/ncu_generic_harness.py,0.0297,0.1563
GH200/triton/l2_norm/fp16,GH200,triton,l2_norm,fp16,42c095a11eb96fb7001e32ec97dd62febd602b150a256a14aa2f2c1dde661e5f,"{""K"":10240,""M"":2048,""batch"":1,""eps"":1e-06}",full,application,NVIDIA_GH200/l2_norm/triton_fp16.ncu-rep,466e7d2bb1abdcc6ab3a9d438e393ae67c3f2f5580ac29911481f9d94e1f025f,hf_download,bcui2/NCU_report@21037737b7e371d38f3d029367dc3967d5b31a23,matched,documented:profiling_infra_only,1,params+winner from NCU catalogue | profiling source 638ea849; formal CSV source c882fe50 (batched_matmul_autotune 3c5eccbf); only profiling infrastructure changed (PROVENANCE.md),ok,_l2_norm_fwd_kernel,1,1,"{""BLOCK_N"": 2048, ""num_stages"": 3, ""num_warps"": 8}",2025.4.0.0 (build 36690805) (public-release),2026-Oct-03 11:36:15,13.1,/usr/local/cuda-13.1/nsight-compute-2025.4.0/target/linux-desktop-t210-a64/ncu --set full --import-source on --replay-mode application --cache-control none --app-replay-mode strict --profile-from-start off --kernel-name regex:^(?:_l2_norm_fwd_kernel) --launch-skip 0 --launch-count 1 --force-overwrite -o /projects/kzhou6/bcui2/research/tilebench/Tilebench-gh200/outputs/ncu/GH200/l2_norm/triton_fp16 /projects/kzhou6/bcui2/env_software/miniconda3-aarch64/envs/tilebench++_env/bin/python /projects/kzhou6/bcui2/research/tilebench/Tilebench-gh200/scripts/profiling/ncu_generic_harness.py,0.0294,0.1561
GH200/triton/l2_norm/fp32,GH200,triton,l2_norm,fp32,163281954b035ab03824b56dc260d17111824074bf66f14bc5f171d25a285d33,"{""K"":10240,""M"":2048,""batch"":1,""eps"":1e-06}",full,application,NVIDIA_GH200/l2_norm/triton_fp32.ncu-rep,aad0f65d17caee4648f5b151419ad5855e47c12ae81b7b5d6bf68465876d7b20,hf_download,bcui2/NCU_report@21037737b7e371d38f3d029367dc3967d5b31a23,matched,documented:profiling_infra_only,1,params+winner from NCU catalogue | profiling source 638ea849; formal CSV source c882fe50 (batched_matmul_autotune 3c5eccbf); only profiling infrastructure changed (PROVENANCE.md),ok,_l2_norm_fwd_kernel,1,1,"{""BLOCK_N"": 2048, ""num_stages"": 3, ""num_warps"": 8}",2025.4.0.0 (build 36690805) (public-release),2026-Oct-03 11:44:15,13.1,/usr/local/cuda-13.1/nsight-compute-2025.4.0/target/linux-desktop-t210-a64/ncu --set full --import-source on --replay-mode application --cache-control none --app-replay-mode strict --profile-from-start off --kernel-name regex:^(?:_l2_norm_fwd_kernel) --launch-skip 0 --launch-count 1 --force-overwrite -o /projects/kzhou6/bcui2/research/tilebench/Tilebench-gh200/outputs/ncu/GH200/l2_norm/triton_fp32 /projects/kzhou6/bcui2/env_software/miniconda3-aarch64/envs/tilebench++_env/bin/python /projects/kzhou6/bcui2/research/tilebench/Tilebench-gh200/scripts/profiling/ncu_generic_harness.py,0.0660,0.1063
GH200/cutile/layernorm/bf16,GH200,cutile,layernorm,bf16,5a1e2eeeaf0f8d7a75704b7f37683e50e7bdef64c522a65568a4d3b1c88111ad,"{""K"":10240,""M"":2048,""batch"":1}",full,application,NVIDIA_GH200/layernorm/cutile_bf16.ncu-rep,4cdf77053008648bdfef9094f58adad048b88632c75d72d79dfe23e8e2d1f785,hf_download,bcui2/NCU_report@21037737b7e371d38f3d029367dc3967d5b31a23,matched,documented:profiling_infra_only,1,params+winner from NCU catalogue | profiling source 638ea849; formal CSV source c882fe50 (batched_matmul_autotune 3c5eccbf); only profiling infrastructure changed (PROVENANCE.md),ok,layernorm_kernel_Kt1_A2bf16_1v8l0_2t1_3i16_p16_A1bf16_1i16t1_p16_A1bf16_1i16t1_p16_A2bf16_1v8l0_2t1_3i16_p16_Sf32_I10240_I2048,1,1,"{""occupancy"": 4, ""tile_size"": 2048}",2025.4.0.0 (build 36690805) (public-release),2026-Oct-03 11:54:17,13.1,/usr/local/cuda-13.1/nsight-compute-2025.4.0/target/linux-desktop-t210-a64/ncu --set full --import-source on --replay-mode application --cache-control none --app-replay-mode strict --profile-from-start off --kernel-name regex:^(?:layernorm_kernel) --launch-skip 0 --launch-count 1 --force-overwrite -o /projects/kzhou6/bcui2/research/tilebench/Tilebench-gh200/outputs/ncu/GH200/layernorm/cutile_bf16 /projects/kzhou6/bcui2/env_software/miniconda3-aarch64/envs/tilebench++_env/bin/python /projects/kzhou6/bcui2/research/tilebench/Tilebench-gh200/scripts/profiling/ncu_generic_harness.py,0.0368,0.0454
GH200/cutile/layernorm/fp16,GH200,cutile,layernorm,fp16,59d3fe18a8ce80e274717b260206d782a1452bc93ec69a3939dc6ba32583afe1,"{""K"":10240,""M"":2048,""batch"":1}",full,application,NVIDIA_GH200/layernorm/cutile_fp16.ncu-rep,15130c95aab99950eab1de9d59597a7a96e64428e6874a2a6aa5a221c857e53a,hf_download,bcui2/NCU_report@21037737b7e371d38f3d029367dc3967d5b31a23,matched,documented:profiling_infra_only,1,params+winner from NCU catalogue | profiling source 638ea849; formal CSV source c882fe50 (batched_matmul_autotune 3c5eccbf); only profiling infrastructure changed (PROVENANCE.md),ok,layernorm_kernel_Kt1_A2f16_1v8l0_2t1_3i16_p16_A1f16_1i16t1_p16_A1f16_1i16t1_p16_A2f16_1v8l0_2t1_3i16_p16_Sf32_I10240_I2048,1,1,"{""occupancy"": 4, ""tile_size"": 2048}",2025.4.0.0 (build 36690805) (public-release),2026-Oct-03 11:50:13,13.1,/usr/local/cuda-13.1/nsight-compute-2025.4.0/target/linux-desktop-t210-a64/ncu --set full --import-source on --replay-mode application --cache-control none --app-replay-mode strict --profile-from-start off --kernel-name regex:^(?:layernorm_kernel) --launch-skip 0 --launch-count 1 --force-overwrite -o /projects/kzhou6/bcui2/research/tilebench/Tilebench-gh200/outputs/ncu/GH200/layernorm/cutile_fp16 /projects/kzhou6/bcui2/env_software/miniconda3-aarch64/envs/tilebench++_env/bin/python /projects/kzhou6/bcui2/research/tilebench/Tilebench-gh200/scripts/profiling/ncu_generic_harness.py,0.0316,0.0444
GH200/cutile/layernorm/fp32,GH200,cutile,layernorm,fp32,f8961a216d126fddd59a506537980781faba8da8ea651681bd87e9e4dc2e9b43,"{""K"":10240,""M"":2048,""batch"":1}",full,application,NVIDIA_GH200/layernorm/cutile_fp32.ncu-rep,7e1629ea3aa7491e1cefcb8c597fbde3d8cae2e56679fa8bb00964f960be298d,hf_download,bcui2/NCU_report@21037737b7e371d38f3d029367dc3967d5b31a23,matched,documented:profiling_infra_only,1,params+winner from NCU catalogue | profiling source 638ea849; formal CSV source c882fe50 (batched_matmul_autotune 3c5eccbf); only profiling infrastructure changed (PROVENANCE.md),ok,layernorm_kernel_Kt1_A2f32_1v4l0_2t1_3i16_p16_A1f32_1i16t1_p16_A1f32_1i16t1_p16_A2f32_1v4l0_2t1_3i16_p16_Sf32_I10240_I2048,1,1,"{""occupancy"": 4, ""tile_size"": 2048}",2025.4.0.0 (build 36690805) (public-release),2026-Oct-03 11:58:20,13.1,/usr/local/cuda-13.1/nsight-compute-2025.4.0/target/linux-desktop-t210-a64/ncu --set full --import-source on --replay-mode application --cache-control none --app-replay-mode strict --profile-from-start off --kernel-name regex:^(?:layernorm_kernel) --launch-skip 0 --launch-count 1 --force-overwrite -o /projects/kzhou6/bcui2/research/tilebench/Tilebench-gh200/outputs/ncu/GH200/layernorm/cutile_fp32 /projects/kzhou6/bcui2/env_software/miniconda3-aarch64/envs/tilebench++_env/bin/python /projects/kzhou6/bcui2/research/tilebench/Tilebench-gh200/scripts/profiling/ncu_generic_harness.py,0.0560,0.0920
GH200/tilelang/layernorm/bf16,GH200,tilelang,layernorm,bf16,5a1e2eeeaf0f8d7a75704b7f37683e50e7bdef64c522a65568a4d3b1c88111ad,"{""K"":10240,""M"":2048,""batch"":1}",full,application,NVIDIA_GH200/layernorm/tilelang_bf16.ncu-rep,0b9deef478c769bcc0d8d4bed91a76175ce46911b90904db7e7cffae14d57848,hf_download,bcui2/NCU_report@21037737b7e371d38f3d029367dc3967d5b31a23,matched,documented:profiling_infra_only,1,params+winner from NCU catalogue | profiling source d6ddb622; formal CSV source c882fe50 (batched_matmul_autotune 3c5eccbf); only profiling infrastructure changed (PROVENANCE.md),ok,layernorm_kernel_kernel,1,1,"{""BLOCK_N"": 2048, ""num_stages"": 2, ""threads"": 256}",2025.4.0.0 (build 36690805) (public-release),2026-Oct-04 02:43:09,13.1,/usr/local/cuda-13.1/nsight-compute-2025.4.0/target/linux-desktop-t210-a64/ncu --set full --import-source on --replay-mode application --cache-control none --app-replay-mode strict --profile-from-start off --kernel-name regex:^(?:layernorm_kernel_kernel) --launch-skip 0 --launch-count 1 --force-overwrite -o /projects/kzhou6/bcui2/research/tilebench/Tilebench-gh200/outputs/ncu/GH200/layernorm/tilelang_bf16 /projects/kzhou6/bcui2/env_software/miniconda3-aarch64/envs/tilebench++_env/bin/python /projects/kzhou6/bcui2/research/tilebench/Tilebench-gh200/scripts/profiling/ncu_generic_harness.py,0.0295,0.0454
GH200/tilelang/layernorm/fp16,GH200,tilelang,layernorm,fp16,59d3fe18a8ce80e274717b260206d782a1452bc93ec69a3939dc6ba32583afe1,"{""K"":10240,""M"":2048,""batch"":1}",full,application,NVIDIA_GH200/layernorm/tilelang_fp16.ncu-rep,c8a16f4dfb9802cd36bd2e565184c4b3cb1e9449c505b1d05720f170751c89f2,hf_download,bcui2/NCU_report@21037737b7e371d38f3d029367dc3967d5b31a23,matched,documented:profiling_infra_only,1,params+winner from NCU catalogue | profiling source d6ddb622; formal CSV source c882fe50 (batched_matmul_autotune 3c5eccbf); only profiling infrastructure changed (PROVENANCE.md),ok,layernorm_kernel_kernel,1,1,"{""BLOCK_N"": 4096, ""num_stages"": 2, ""threads"": 128}",2025.4.0.0 (build 36690805) (public-release),2026-Oct-04 02:40:09,13.1,/usr/local/cuda-13.1/nsight-compute-2025.4.0/target/linux-desktop-t210-a64/ncu --set full --import-source on --replay-mode application --cache-control none --app-replay-mode strict --profile-from-start off --kernel-name regex:^(?:layernorm_kernel_kernel) --launch-skip 0 --launch-count 1 --force-overwrite -o /projects/kzhou6/bcui2/research/tilebench/Tilebench-gh200/outputs/ncu/GH200/layernorm/tilelang_fp16 /projects/kzhou6/bcui2/env_software/miniconda3-aarch64/envs/tilebench++_env/bin/python /projects/kzhou6/bcui2/research/tilebench/Tilebench-gh200/scripts/profiling/ncu_generic_harness.py,0.0290,0.0444
GH200/tilelang/layernorm/fp32,GH200,tilelang,layernorm,fp32,f8961a216d126fddd59a506537980781faba8da8ea651681bd87e9e4dc2e9b43,"{""K"":10240,""M"":2048,""batch"":1}",full,application,NVIDIA_GH200/layernorm/tilelang_fp32.ncu-rep,5c721b3c2c3564d52e865eeddda87a2a1076112d198a742a0fd62617a1eb479f,hf_download,bcui2/NCU_report@21037737b7e371d38f3d029367dc3967d5b31a23,matched,documented:profiling_infra_only,1,params+winner from NCU catalogue | profiling source d6ddb622; formal CSV source c882fe50 (batched_matmul_autotune 3c5eccbf); only profiling infrastructure changed (PROVENANCE.md),ok,layernorm_kernel_kernel,1,1,"{""BLOCK_N"": 512, ""num_stages"": 2, ""threads"": 256}",2025.4.0.0 (build 36690805) (public-release),2026-Oct-04 02:46:25,13.1,/usr/local/cuda-13.1/nsight-compute-2025.4.0/target/linux-desktop-t210-a64/ncu --set full --import-source on --replay-mode application --cache-control none --app-replay-mode strict --profile-from-start off --kernel-name regex:^(?:layernorm_kernel_kernel) --launch-skip 0 --launch-count 1 --force-overwrite -o /projects/kzhou6/bcui2/research/tilebench/Tilebench-gh200/outputs/ncu/GH200/layernorm/tilelang_fp32 /projects/kzhou6/bcui2/env_software/miniconda3-aarch64/envs/tilebench++_env/bin/python /projects/kzhou6/bcui2/research/tilebench/Tilebench-gh200/scripts/profiling/ncu_generic_harness.py,0.0514,0.0920
GH200/triton/layernorm/bf16,GH200,triton,layernorm,bf16,5a1e2eeeaf0f8d7a75704b7f37683e50e7bdef64c522a65568a4d3b1c88111ad,"{""K"":10240,""M"":2048,""batch"":1}",full,application,NVIDIA_GH200/layernorm/triton_bf16.ncu-rep,ef08c314b859797c1d0fe7738d2eb26f15b35738d203d3e62d266a539a93609e,hf_download,bcui2/NCU_report@21037737b7e371d38f3d029367dc3967d5b31a23,matched,documented:profiling_infra_only,1,params+winner from NCU catalogue | profiling source 638ea849; formal CSV source c882fe50 (batched_matmul_autotune 3c5eccbf); only profiling infrastructure changed (PROVENANCE.md),ok,layernorm_kernel,1,1,"{""BLOCK_N_SIZE"": 2048, ""num_stages"": 3, ""num_warps"": 8}",2025.4.0.0 (build 36690805) (public-release),2026-Oct-03 11:52:15,13.1,/usr/local/cuda-13.1/nsight-compute-2025.4.0/target/linux-desktop-t210-a64/ncu --set full --import-source on --replay-mode application --cache-control none --app-replay-mode strict --profile-from-start off --kernel-name regex:^(?:layernorm_kernel) --launch-skip 0 --launch-count 1 --force-overwrite -o /projects/kzhou6/bcui2/research/tilebench/Tilebench-gh200/outputs/ncu/GH200/layernorm/triton_bf16 /projects/kzhou6/bcui2/env_software/miniconda3-aarch64/envs/tilebench++_env/bin/python /projects/kzhou6/bcui2/research/tilebench/Tilebench-gh200/scripts/profiling/ncu_generic_harness.py,0.0313,0.0454
GH200/triton/layernorm/fp16,GH200,triton,layernorm,fp16,59d3fe18a8ce80e274717b260206d782a1452bc93ec69a3939dc6ba32583afe1,"{""K"":10240,""M"":2048,""batch"":1}",full,application,NVIDIA_GH200/layernorm/triton_fp16.ncu-rep,bd20380af998c8c0221b9725ad7e3751ddfa8445c83a197295db6329069efdb6,hf_download,bcui2/NCU_report@21037737b7e371d38f3d029367dc3967d5b31a23,matched,documented:profiling_infra_only,1,params+winner from NCU catalogue | profiling source 638ea849; formal CSV source c882fe50 (batched_matmul_autotune 3c5eccbf); only profiling infrastructure changed (PROVENANCE.md),ok,layernorm_kernel,1,1,"{""BLOCK_N_SIZE"": 2048, ""num_stages"": 3, ""num_warps"": 8}",2025.4.0.0 (build 36690805) (public-release),2026-Oct-03 11:48:15,13.1,/usr/local/cuda-13.1/nsight-compute-2025.4.0/target/linux-desktop-t210-a64/ncu --set full --import-source on --replay-mode application --cache-control none --app-replay-mode strict --profile-from-start off --kernel-name regex:^(?:layernorm_kernel) --launch-skip 0 --launch-count 1 --force-overwrite -o /projects/kzhou6/bcui2/research/tilebench/Tilebench-gh200/outputs/ncu/GH200/layernorm/triton_fp16 /projects/kzhou6/bcui2/env_software/miniconda3-aarch64/envs/tilebench++_env/bin/python /projects/kzhou6/bcui2/research/tilebench/Tilebench-gh200/scripts/profiling/ncu_generic_harness.py,0.0307,0.0444
GH200/triton/layernorm/fp32,GH200,triton,layernorm,fp32,f8961a216d126fddd59a506537980781faba8da8ea651681bd87e9e4dc2e9b43,"{""K"":10240,""M"":2048,""batch"":1}",full,application,NVIDIA_GH200/layernorm/triton_fp32.ncu-rep,d293929136d019907c62179767d6c712d8ddf9615d0ddb9e298574b52a93a436,hf_download,bcui2/NCU_report@21037737b7e371d38f3d029367dc3967d5b31a23,matched,documented:profiling_infra_only,1,params+winner from NCU catalogue | profiling source 638ea849; formal CSV source c882fe50 (batched_matmul_autotune 3c5eccbf); only profiling infrastructure changed (PROVENANCE.md),ok,layernorm_kernel,1,1,"{""BLOCK_N_SIZE"": 8192, ""num_stages"": 3, ""num_warps"": 8}",2025.4.0.0 (build 36690805) (public-release),2026-Oct-03 11:56:20,13.1,/usr/local/cuda-13.1/nsight-compute-2025.4.0/target/linux-desktop-t210-a64/ncu --set full --import-source on --replay-mode application --cache-control none --app-replay-mode strict --profile-from-start off --kernel-name regex:^(?:layernorm_kernel) --launch-skip 0 --launch-count 1 --force-overwrite -o /projects/kzhou6/bcui2/research/tilebench/Tilebench-gh200/outputs/ncu/GH200/layernorm/triton_fp32 /projects/kzhou6/bcui2/env_software/miniconda3-aarch64/envs/tilebench++_env/bin/python /projects/kzhou6/bcui2/research/tilebench/Tilebench-gh200/scripts/profiling/ncu_generic_harness.py,0.0622,0.0920
GH200/cutile/leaky_relu/bf16,GH200,cutile,leaky_relu,bf16,1569c64eec63e4afd8fc8285fff17cb0cd2420056e0a80c2126cb0626a916159,"{""n"":50000000}",full,application,NVIDIA_GH200/leaky_relu/cutile_bf16.ncu-rep,fe6991fad3cd474d1295451eb5ac74fc63496c37c175d9fa51436917558345c2,hf_download,bcui2/NCU_report@21037737b7e371d38f3d029367dc3967d5b31a23,matched,documented:profiling_infra_only,1,params+winner from NCU catalogue | profiling source 638ea849; formal CSV source c882fe50 (batched_matmul_autotune 3c5eccbf); only profiling infrastructure changed (PROVENANCE.md),ok,leaky_relu_kernel_Kt1_A1bf16_1i16t1_p16_A1bf16_1i16t1_p16_I1024,1,1,"{""occupancy"": 16, ""tile"": 1024}",2025.4.0.0 (build 36690805) (public-release),2026-Oct-03 12:06:19,13.1,/usr/local/cuda-13.1/nsight-compute-2025.4.0/target/linux-desktop-t210-a64/ncu --set full --import-source on --replay-mode application --cache-control none --app-replay-mode strict --profile-from-start off --kernel-name regex:^(?:leaky_relu_kernel) --launch-skip 0 --launch-count 1 --force-overwrite -o /projects/kzhou6/bcui2/research/tilebench/Tilebench-gh200/outputs/ncu/GH200/leaky_relu/cutile_bf16 /projects/kzhou6/bcui2/env_software/miniconda3-aarch64/envs/tilebench++_env/bin/python /projects/kzhou6/bcui2/research/tilebench/Tilebench-gh200/scripts/profiling/ncu_generic_harness.py,0.0581,0.0578
GH200/cutile/leaky_relu/fp16,GH200,cutile,leaky_relu,fp16,201acc88afa9dfea0aa96856bbacde9cc1f106d7bb6e79760bc70b3be1c86e2f,"{""n"":50000000}",full,application,NVIDIA_GH200/leaky_relu/cutile_fp16.ncu-rep,4518adfaac000f0ec55f0bcb8f068106fb491a02245c4e68367b6c55821070eb,hf_download,bcui2/NCU_report@21037737b7e371d38f3d029367dc3967d5b31a23,matched,documented:profiling_infra_only,1,params+winner from NCU catalogue | profiling source 638ea849; formal CSV source c882fe50 (batched_matmul_autotune 3c5eccbf); only profiling infrastructure changed (PROVENANCE.md),ok,leaky_relu_kernel_Kt1_A1f16_1i16t1_p16_A1f16_1i16t1_p16_I1024,1,1,"{""occupancy"": 4, ""tile"": 1024}",2025.4.0.0 (build 36690805) (public-release),2026-Oct-03 12:02:20,13.1,/usr/local/cuda-13.1/nsight-compute-2025.4.0/target/linux-desktop-t210-a64/ncu --set full --import-source on --replay-mode application --cache-control none --app-replay-mode strict --profile-from-start off --kernel-name regex:^(?:leaky_relu_kernel) --launch-skip 0 --launch-count 1 --force-overwrite -o /projects/kzhou6/bcui2/research/tilebench/Tilebench-gh200/outputs/ncu/GH200/leaky_relu/cutile_fp16 /projects/kzhou6/bcui2/env_software/miniconda3-aarch64/envs/tilebench++_env/bin/python /projects/kzhou6/bcui2/research/tilebench/Tilebench-gh200/scripts/profiling/ncu_generic_harness.py,0.0583,0.0578
GH200/cutile/leaky_relu/fp32,GH200,cutile,leaky_relu,fp32,4eaf06de1f3e884cf7de6c257804e594f483cd520162495266e6b982f72da30e,"{""n"":50000000}",full,application,NVIDIA_GH200/leaky_relu/cutile_fp32.ncu-rep,320cff904e322e3f273d469bd4164ca4c1abc03ae0d6b833402833f7d2121842,hf_download,bcui2/NCU_report@21037737b7e371d38f3d029367dc3967d5b31a23,matched,documented:profiling_infra_only,1,params+winner from NCU catalogue | profiling source 638ea849; formal CSV source c882fe50 (batched_matmul_autotune 3c5eccbf); only profiling infrastructure changed (PROVENANCE.md),ok,leaky_relu_kernel_Kt1_A1f32_1i16t1_p16_A1f32_1i16t1_p16_I1024,1,1,"{""occupancy"": 4, ""tile"": 1024}",2025.4.0.0 (build 36690805) (public-release),2026-Oct-03 12:10:18,13.1,/usr/local/cuda-13.1/nsight-compute-2025.4.0/target/linux-desktop-t210-a64/ncu --set full --import-source on --replay-mode application --cache-control none --app-replay-mode strict --profile-from-start off --kernel-name regex:^(?:leaky_relu_kernel) --launch-skip 0 --launch-count 1 --force-overwrite -o /projects/kzhou6/bcui2/research/tilebench/Tilebench-gh200/outputs/ncu/GH200/leaky_relu/cutile_fp32 /projects/kzhou6/bcui2/env_software/miniconda3-aarch64/envs/tilebench++_env/bin/python /projects/kzhou6/bcui2/research/tilebench/Tilebench-gh200/scripts/profiling/ncu_generic_harness.py,0.1132,0.1121
GH200/tilelang/leaky_relu/bf16,GH200,tilelang,leaky_relu,bf16,1569c64eec63e4afd8fc8285fff17cb0cd2420056e0a80c2126cb0626a916159,"{""n"":50000000}",full,application,NVIDIA_GH200/leaky_relu/tilelang_bf16.ncu-rep,8fd7fbed0052473e54f4a693e3de035d09552686c4a881e9e8609f7566b9ccf6,hf_download,bcui2/NCU_report@21037737b7e371d38f3d029367dc3967d5b31a23,matched,documented:profiling_infra_only,1,params+winner from NCU catalogue | profiling source d6ddb622; formal CSV source c882fe50 (batched_matmul_autotune 3c5eccbf); only profiling infrastructure changed (PROVENANCE.md),ok,leaky_relu_kernel_kernel,1,1,"{""BLOCK_SIZE"": 8192, ""threads"": 128}",2025.4.0.0 (build 36690805) (public-release),2026-Oct-04 02:51:23,13.1,/usr/local/cuda-13.1/nsight-compute-2025.4.0/target/linux-desktop-t210-a64/ncu --set full --import-source on --replay-mode application --cache-control none --app-replay-mode strict --profile-from-start off --kernel-name regex:^(?:leaky_relu_kernel_kernel) --launch-skip 0 --launch-count 1 --force-overwrite -o /projects/kzhou6/bcui2/research/tilebench/Tilebench-gh200/outputs/ncu/GH200/leaky_relu/tilelang_bf16 /projects/kzhou6/bcui2/env_software/miniconda3-aarch64/envs/tilebench++_env/bin/python /projects/kzhou6/bcui2/research/tilebench/Tilebench-gh200/scripts/profiling/ncu_generic_harness.py,0.0579,0.0578
GH200/tilelang/leaky_relu/fp16,GH200,tilelang,leaky_relu,fp16,201acc88afa9dfea0aa96856bbacde9cc1f106d7bb6e79760bc70b3be1c86e2f,"{""n"":50000000}",full,application,NVIDIA_GH200/leaky_relu/tilelang_fp16.ncu-rep,83aac7ecfab2a87f5b72f42c964f638b207805bef3b8a77dcf4e382bae9b8bd6,hf_download,bcui2/NCU_report@21037737b7e371d38f3d029367dc3967d5b31a23,matched,documented:profiling_infra_only,1,params+winner from NCU catalogue | profiling source d6ddb622; formal CSV source c882fe50 (batched_matmul_autotune 3c5eccbf); only profiling infrastructure changed (PROVENANCE.md),ok,leaky_relu_kernel_kernel,1,1,"{""BLOCK_SIZE"": 2048, ""threads"": 256}",2025.4.0.0 (build 36690805) (public-release),2026-Oct-04 02:48:57,13.1,/usr/local/cuda-13.1/nsight-compute-2025.4.0/target/linux-desktop-t210-a64/ncu --set full --import-source on --replay-mode application --cache-control none --app-replay-mode strict --profile-from-start off --kernel-name regex:^(?:leaky_relu_kernel_kernel) --launch-skip 0 --launch-count 1 --force-overwrite -o /projects/kzhou6/bcui2/research/tilebench/Tilebench-gh200/outputs/ncu/GH200/leaky_relu/tilelang_fp16 /projects/kzhou6/bcui2/env_software/miniconda3-aarch64/envs/tilebench++_env/bin/python /projects/kzhou6/bcui2/research/tilebench/Tilebench-gh200/scripts/profiling/ncu_generic_harness.py,0.0578,0.0578
GH200/tilelang/leaky_relu/fp32,GH200,tilelang,leaky_relu,fp32,4eaf06de1f3e884cf7de6c257804e594f483cd520162495266e6b982f72da30e,"{""n"":50000000}",full,application,NVIDIA_GH200/leaky_relu/tilelang_fp32.ncu-rep,cde0b2b32b2020ac21424f25417eefdc7797493545780ffc5d10cc4612aee838,hf_download,bcui2/NCU_report@21037737b7e371d38f3d029367dc3967d5b31a23,matched,documented:profiling_infra_only,1,params+winner from NCU catalogue | profiling source d6ddb622; formal CSV source c882fe50 (batched_matmul_autotune 3c5eccbf); only profiling infrastructure changed (PROVENANCE.md),ok,leaky_relu_kernel_kernel,1,1,"{""BLOCK_SIZE"": 1024, ""threads"": 128}",2025.4.0.0 (build 36690805) (public-release),2026-Oct-04 02:53:50,13.1,/usr/local/cuda-13.1/nsight-compute-2025.4.0/target/linux-desktop-t210-a64/ncu --set full --import-source on --replay-mode application --cache-control none --app-replay-mode strict --profile-from-start off --kernel-name regex:^(?:leaky_relu_kernel_kernel) --launch-skip 0 --launch-count 1 --force-overwrite -o /projects/kzhou6/bcui2/research/tilebench/Tilebench-gh200/outputs/ncu/GH200/leaky_relu/tilelang_fp32 /projects/kzhou6/bcui2/env_software/miniconda3-aarch64/envs/tilebench++_env/bin/python /projects/kzhou6/bcui2/research/tilebench/Tilebench-gh200/scripts/profiling/ncu_generic_harness.py,0.1136,0.1121
GH200/triton/leaky_relu/bf16,GH200,triton,leaky_relu,bf16,1569c64eec63e4afd8fc8285fff17cb0cd2420056e0a80c2126cb0626a916159,"{""n"":50000000}",full,application,NVIDIA_GH200/leaky_relu/triton_bf16.ncu-rep,8fae12a57db2d7b758377f2d99770063f97626e841efb243ee1f161385c0c140,hf_download,bcui2/NCU_report@21037737b7e371d38f3d029367dc3967d5b31a23,matched,documented:profiling_infra_only,1,params+winner from NCU catalogue | profiling source 638ea849; formal CSV source c882fe50 (batched_matmul_autotune 3c5eccbf); only profiling infrastructure changed (PROVENANCE.md),ok,leaky_relu_kernel,1,1,"{""BLOCK_SIZE"": 2048, ""num_stages"": 2, ""num_warps"": 4}",2025.4.0.0 (build 36690805) (public-release),2026-Oct-03 12:04:22,13.1,/usr/local/cuda-13.1/nsight-compute-2025.4.0/target/linux-desktop-t210-a64/ncu --set full --import-source on --replay-mode application --cache-control none --app-replay-mode strict --profile-from-start off --kernel-name regex:^(?:leaky_relu_kernel) --launch-skip 0 --launch-count 1 --force-overwrite -o /projects/kzhou6/bcui2/research/tilebench/Tilebench-gh200/outputs/ncu/GH200/leaky_relu/triton_bf16 /projects/kzhou6/bcui2/env_software/miniconda3-aarch64/envs/tilebench++_env/bin/python /projects/kzhou6/bcui2/research/tilebench/Tilebench-gh200/scripts/profiling/ncu_generic_harness.py,0.0584,0.0578
GH200/triton/leaky_relu/fp16,GH200,triton,leaky_relu,fp16,201acc88afa9dfea0aa96856bbacde9cc1f106d7bb6e79760bc70b3be1c86e2f,"{""n"":50000000}",full,application,NVIDIA_GH200/leaky_relu/triton_fp16.ncu-rep,9317e7cfc2382fa4e889bb663907dcd7a7e4bc4e2a43ed6e42d5001c84e51166,hf_download,bcui2/NCU_report@21037737b7e371d38f3d029367dc3967d5b31a23,matched,documented:profiling_infra_only,1,params+winner from NCU catalogue | profiling source 638ea849; formal CSV source c882fe50 (batched_matmul_autotune 3c5eccbf); only profiling infrastructure changed (PROVENANCE.md),ok,leaky_relu_kernel,1,1,"{""BLOCK_SIZE"": 2048, ""num_stages"": 1, ""num_warps"": 8}",2025.4.0.0 (build 36690805) (public-release),2026-Oct-03 12:00:22,13.1,/usr/local/cuda-13.1/nsight-compute-2025.4.0/target/linux-desktop-t210-a64/ncu --set full --import-source on --replay-mode application --cache-control none --app-replay-mode strict --profile-from-start off --kernel-name regex:^(?:leaky_relu_kernel) --launch-skip 0 --launch-count 1 --force-overwrite -o /projects/kzhou6/bcui2/research/tilebench/Tilebench-gh200/outputs/ncu/GH200/leaky_relu/triton_fp16 /projects/kzhou6/bcui2/env_software/miniconda3-aarch64/envs/tilebench++_env/bin/python /projects/kzhou6/bcui2/research/tilebench/Tilebench-gh200/scripts/profiling/ncu_generic_harness.py,0.0578,0.0578
GH200/triton/leaky_relu/fp32,GH200,triton,leaky_relu,fp32,4eaf06de1f3e884cf7de6c257804e594f483cd520162495266e6b982f72da30e,"{""n"":50000000}",full,application,NVIDIA_GH200/leaky_relu/triton_fp32.ncu-rep,a6fbd69d423bc6d985d6c406ed28fed78598cd820ea3e9ea0c938a56d1b38b49,hf_download,bcui2/NCU_report@21037737b7e371d38f3d029367dc3967d5b31a23,matched,documented:profiling_infra_only,1,params+winner from NCU catalogue | profiling source 638ea849; formal CSV source c882fe50 (batched_matmul_autotune 3c5eccbf); only profiling infrastructure changed (PROVENANCE.md),ok,leaky_relu_kernel,1,1,"{""BLOCK_SIZE"": 1024, ""num_stages"": 2, ""num_warps"": 8}",2025.4.0.0 (build 36690805) (public-release),2026-Oct-03 12:08:20,13.1,/usr/local/cuda-13.1/nsight-compute-2025.4.0/target/linux-desktop-t210-a64/ncu --set full --import-source on --replay-mode application --cache-control none --app-replay-mode strict --profile-from-start off --kernel-name regex:^(?:leaky_relu_kernel) --launch-skip 0 --launch-count 1 --force-overwrite -o /projects/kzhou6/bcui2/research/tilebench/Tilebench-gh200/outputs/ncu/GH200/leaky_relu/triton_fp32 /projects/kzhou6/bcui2/env_software/miniconda3-aarch64/envs/tilebench++_env/bin/python /projects/kzhou6/bcui2/research/tilebench/Tilebench-gh200/scripts/profiling/ncu_generic_harness.py,0.1123,0.1121
GH200/cutile/linear_self_attention/fp32,GH200,cutile,linear_self_attention,fp32,c4b4d54872a803769c9d41ab85d19c70739a0ca45afad5b23e797a6936ecc50c,"{""D"":256,""M"":10000,""eps"":1e-06}",full,application,NVIDIA_GH200/linear_self_attention/cutile_fp32.ncu-rep,721549166197465e07b63b7f382d41908e3595c6ec0466bd8b564aac8f9b8923,hf_download,bcui2/NCU_report@21037737b7e371d38f3d029367dc3967d5b31a23,matched,documented:profiling_infra_only,5,params+winner from NCU catalogue | profiling source 638ea849; formal CSV source c882fe50 (batched_matmul_autotune 3c5eccbf); only profiling infrastructure changed (PROVENANCE.md),ok,kv_gemm_kernel_Kt1_A2f32_1v4l0_2t1_3i16_p16_A2f32_1v4l0_2t1_3i16_p16_A2f32_1v4l0_2t1_3i16_p16_Si32_Si32_I32_I32_I64;out_gemm_kernel_Kt1_A2f32_1v4l0_2t1_3i16_p16_A2f32_1v4l0_2t1_3i16_p16_A2f32_1v4l0_2t1_3i16_p16_A1f32_1i16t1_p16_Si32_Si32_F3eb0c6f7a0b5ed8d_I32_I64_I64;phi_kernel_Kt1_A2f32_1v4l0_2t1_3i16_p16_A2f32_1v4l0_2t1_3i16_p16_I32_I32;z_kernel_Kt1_A1f32_1i16t1_p16_A2f32_1v4l0_2t1_3i16_p16_Si32_Si32_I32_I32,5,5,"{""kv_block_k"": 64, ""kv_block_m"": 32, ""kv_block_n"": 32, ""kv_occupancy"": 4, ""out_block_k"": 64, ""out_block_m"": 32, ""out_block_n"": 64, ""out_occupancy"": 4}",2025.4.0.0 (build 36690805) (public-release),2026-Oct-03 12:15:09,13.1,/usr/local/cuda-13.1/nsight-compute-2025.4.0/target/linux-desktop-t210-a64/ncu --set full --import-source on --replay-mode application --cache-control none --app-replay-mode strict --profile-from-start off --kernel-name regex:^(?:kv_gemm_kernel|out_gemm_kernel|phi_kernel|z_kernel) --launch-skip 0 --launch-count 5 --force-overwrite -o /projects/kzhou6/bcui2/research/tilebench/Tilebench-gh200/outputs/ncu/GH200/linear_self_attention/cutile_fp32 /projects/kzhou6/bcui2/env_software/miniconda3-aarch64/envs/tilebench++_env/bin/python /projects/kzhou6/bcui2/research/tilebench/Tilebench-gh200/scripts/profiling/ncu_generic_harness.py,0.2743,0.1066
GH200/tilelang/linear_self_attention/fp32,GH200,tilelang,linear_self_attention,fp32,c4b4d54872a803769c9d41ab85d19c70739a0ca45afad5b23e797a6936ecc50c,"{""D"":256,""M"":10000,""eps"":1e-06}",full,application,NVIDIA_GH200/linear_self_attention/tilelang_fp32.ncu-rep,00e0899a8c3e7e8f9128da9251c1c3b1d94cf7ce7dc1083fed002dd4551fa324,hf_download,bcui2/NCU_report@21037737b7e371d38f3d029367dc3967d5b31a23,matched,documented:profiling_infra_only,5,params+winner from NCU catalogue | profiling source d6ddb622; formal CSV source c882fe50 (batched_matmul_autotune 3c5eccbf); only profiling infrastructure changed (PROVENANCE.md),ok,kv_kernel_kernel;out_kernel_kernel;phi_kernel_kernel;z_kernel_kernel,5,5,"{""kv_BLOCK_K"": 64, ""kv_BLOCK_M"": 32, ""kv_BLOCK_N"": 32, ""kv_num_stages"": 3, ""kv_threads"": 256, ""out_BLOCK_K"": 64, ""out_BLOCK_M"": 64, ""out_BLOCK_N"": 128, ""out_num_stages"": 2, ""out_threads"": 128}",2025.4.0.0 (build 36690805) (public-release),2026-Oct-04 02:57:05,13.1,/usr/local/cuda-13.1/nsight-compute-2025.4.0/target/linux-desktop-t210-a64/ncu --set full --import-source on --replay-mode application --cache-control none --app-replay-mode strict --profile-from-start off --kernel-name regex:^(?:kv_kernel_kernel|out_kernel_kernel|phi_kernel_kernel|z_kernel_kernel) --launch-skip 0 --launch-count 5 --force-overwrite -o /projects/kzhou6/bcui2/research/tilebench/Tilebench-gh200/outputs/ncu/GH200/linear_self_attention/tilelang_fp32 /projects/kzhou6/bcui2/env_software/miniconda3-aarch64/envs/tilebench++_env/bin/python /projects/kzhou6/bcui2/research/tilebench/Tilebench-gh200/scripts/profiling/ncu_generic_harness.py,0.7416,0.1066
GH200/triton/linear_self_attention/fp32,GH200,triton,linear_self_attention,fp32,c4b4d54872a803769c9d41ab85d19c70739a0ca45afad5b23e797a6936ecc50c,"{""D"":256,""M"":10000,""eps"":1e-06}",full,application,NVIDIA_GH200/linear_self_attention/triton_fp32.ncu-rep,47cd2cb405d083559eae8574b6cee4638030b7f77a46b376c1fbb613176821fc,hf_download,bcui2/NCU_report@21037737b7e371d38f3d029367dc3967d5b31a23,matched,documented:profiling_infra_only,5,params+winner from NCU catalogue | profiling source 638ea849; formal CSV source c882fe50 (batched_matmul_autotune 3c5eccbf); only profiling infrastructure changed (PROVENANCE.md),ok,kv_gemm_kernel;out_gemm_kernel;phi_kernel;z_kernel,5,5,"{""kv_BLOCK_K"": 64, ""kv_BLOCK_M"": 64, ""kv_BLOCK_N"": 32, ""kv_num_stages"": 3, ""kv_num_warps"": 4, ""out_BLOCK_K"": 32, ""out_BLOCK_M"": 64, ""out_BLOCK_N"": 128, ""out_num_stages"": 3, ""out_num_warps"": 4}",2025.4.0.0 (build 36690805) (public-release),2026-Oct-03 12:12:43,13.1,/usr/local/cuda-13.1/nsight-compute-2025.4.0/target/linux-desktop-t210-a64/ncu --set full --import-source on --replay-mode application --cache-control none --app-replay-mode strict --profile-from-start off --kernel-name regex:^(?:kv_gemm_kernel|out_gemm_kernel|phi_kernel|z_kernel) --launch-skip 0 --launch-count 5 --force-overwrite -o /projects/kzhou6/bcui2/research/tilebench/Tilebench-gh200/outputs/ncu/GH200/linear_self_attention/triton_fp32 /projects/kzhou6/bcui2/env_software/miniconda3-aarch64/envs/tilebench++_env/bin/python /projects/kzhou6/bcui2/research/tilebench/Tilebench-gh200/scripts/profiling/ncu_generic_harness.py,0.3323,0.1066
GH200/cutile/matmul_fp32_fp16_fp8/fp16,GH200,cutile,matmul_fp32_fp16_fp8,fp16,08faaf3b6b1a6991ab9326dd1f21e0777b5cc77c635c0122387725c0cb92617b,"{""K"":20480,""M"":4096,""N"":4096}",full,application,NVIDIA_GH200/matmul_fp32_fp16_fp8/cutile_fp16.ncu-rep,d32827d2dd8f8e98b51b6ae020914ac6fff3a729c9315cf77a461a0589897d14,hf_download,bcui2/NCU_report@21037737b7e371d38f3d029367dc3967d5b31a23,matched,documented:profiling_infra_only,1,params+winner from NCU catalogue | profiling source 638ea849; formal CSV source c882fe50 (batched_matmul_autotune 3c5eccbf); only profiling infrastructure changed (PROVENANCE.md),ok,matmul_kernel_Kt1_A2f16_1v8l0_2t1_3i16_p16_A2f16_1v8l0_2t1_3i16_p16_A2f16_1v8l0_2t1_3i16_p16_Si32_Si32_I20480_I128_I128_I64_I8,1,1,"{""group_size_m"": 8, ""occupancy"": 4, ""tk"": 64, ""tm"": 128, ""tn"": 128}",2025.4.0.0 (build 36690805) (public-release),2026-Oct-03 12:23:19,13.1,/usr/local/cuda-13.1/nsight-compute-2025.4.0/target/linux-desktop-t210-a64/ncu --set full --import-source on --replay-mode application --cache-control none --app-replay-mode strict --profile-from-start off --kernel-name regex:^(?:matmul_kernel) --launch-skip 0 --launch-count 1 --force-overwrite -o /projects/kzhou6/bcui2/research/tilebench/Tilebench-gh200/outputs/ncu/GH200/matmul_fp32_fp16_fp8/cutile_fp16 /projects/kzhou6/bcui2/env_software/miniconda3-aarch64/envs/tilebench++_env/bin/python /projects/kzhou6/bcui2/research/tilebench/Tilebench-gh200/scripts/profiling/ncu_generic_harness.py,0.8321,0.8050
GH200/cutile/matmul_fp32_fp16_fp8/fp32,GH200,cutile,matmul_fp32_fp16_fp8,fp32,357a02eb8c422be84c0f0184cc996e44cab791e9e9da48aae2bbc1390d89189b,"{""K"":20480,""M"":4096,""N"":4096}",full,application,NVIDIA_GH200/matmul_fp32_fp16_fp8/cutile_fp32.ncu-rep,e1e66e8e6d3cd6acd73ea54efc73af807bff9beedb33ac766f623b6d8158782e,hf_download,bcui2/NCU_report@21037737b7e371d38f3d029367dc3967d5b31a23,matched,documented:profiling_infra_only,1,params+winner from NCU catalogue | profiling source 638ea849; formal CSV source c882fe50 (batched_matmul_autotune 3c5eccbf); only profiling infrastructure changed (PROVENANCE.md),ok,matmul_kernel_Kt1_A2f32_1v4l0_2t1_3i16_p16_A2f32_1v4l0_2t1_3i16_p16_A2f32_1v4l0_2t1_3i16_p16_Si32_Si32_I20480_I128_I128_I32_I8,1,1,"{""group_size_m"": 8, ""occupancy"": 4, ""tk"": 32, ""tm"": 128, ""tn"": 128}",2025.4.0.0 (build 36690805) (public-release),2026-Oct-03 12:19:14,13.1,/usr/local/cuda-13.1/nsight-compute-2025.4.0/target/linux-desktop-t210-a64/ncu --set full --import-source on --replay-mode application --cache-control none --app-replay-mode strict --profile-from-start off --kernel-name regex:^(?:matmul_kernel) --launch-skip 0 --launch-count 1 --force-overwrite -o /projects/kzhou6/bcui2/research/tilebench/Tilebench-gh200/outputs/ncu/GH200/matmul_fp32_fp16_fp8/cutile_fp32 /projects/kzhou6/bcui2/env_software/miniconda3-aarch64/envs/tilebench++_env/bin/python /projects/kzhou6/bcui2/research/tilebench/Tilebench-gh200/scripts/profiling/ncu_generic_harness.py,2.5660,1.5731
GH200/cutile/matmul_fp32_fp16_fp8/fp8_e4m3fn,GH200,cutile,matmul_fp32_fp16_fp8,fp8_e4m3fn,58462cceecda88b26cf0a977f833cd828e07b350dee27aad3efc0c528678c0b9,"{""K"":20480,""M"":4096,""N"":4096}",full,application,NVIDIA_GH200/matmul_fp32_fp16_fp8/cutile_fp8_e4m3fn.ncu-rep,2083a7bd2e1e976b1936040cc387de25cd8b3e9088febc6cc72bc82a857bd7da,hf_download,bcui2/NCU_report@21037737b7e371d38f3d029367dc3967d5b31a23,matched,documented:profiling_infra_only,1,params+winner from NCU catalogue | profiling source 638ea849; formal CSV source c882fe50 (batched_matmul_autotune 3c5eccbf); only profiling infrastructure changed (PROVENANCE.md),ok,matmul_kernel_Kt1_A2f8m3fn_1v16l0_2t1_3i16_p16_A2f8m3fn_1v16l0_2t1_3i16_p16_A2f8m3fn_1v16l0_2t1_3i16_p16_Si32_Si32_I20480_I128_I128_I128_I8,1,1,"{""group_size_m"": 8, ""occupancy"": 4, ""tk"": 128, ""tm"": 128, ""tn"": 128}",2025.4.0.0 (build 36690805) (public-release),2026-Oct-03 12:27:24,13.1,/usr/local/cuda-13.1/nsight-compute-2025.4.0/target/linux-desktop-t210-a64/ncu --set full --import-source on --replay-mode application --cache-control none --app-replay-mode strict --profile-from-start off --kernel-name regex:^(?:matmul_kernel) --launch-skip 0 --launch-count 1 --force-overwrite -o /projects/kzhou6/bcui2/research/tilebench/Tilebench-gh200/outputs/ncu/GH200/matmul_fp32_fp16_fp8/cutile_fp8_e4m3fn /projects/kzhou6/bcui2/env_software/miniconda3-aarch64/envs/tilebench++_env/bin/python /projects/kzhou6/bcui2/research/tilebench/Tilebench-gh200/scripts/profiling/ncu_generic_harness.py,1.3351,0.4657
GH200/tilelang/matmul_fp32_fp16_fp8/fp16,GH200,tilelang,matmul_fp32_fp16_fp8,fp16,08faaf3b6b1a6991ab9326dd1f21e0777b5cc77c635c0122387725c0cb92617b,"{""K"":20480,""M"":4096,""N"":4096}",full,application,NVIDIA_GH200/matmul_fp32_fp16_fp8/tilelang_fp16.ncu-rep,5d85630ca85f996e7413230482c4fbbaba41f9ea8a34ebd96fbff8ee03317d28,hf_download,bcui2/NCU_report@21037737b7e371d38f3d029367dc3967d5b31a23,matched,documented:profiling_infra_only,1,params+winner from NCU catalogue | profiling source d6ddb622; formal CSV source c882fe50 (batched_matmul_autotune 3c5eccbf); only profiling infrastructure changed (PROVENANCE.md),ok,matmul_kernel_kernel,1,1,"{""BLOCK_SIZE_K"": 64, ""BLOCK_SIZE_M"": 128, ""BLOCK_SIZE_N"": 128, ""GROUP_SIZE_M"": 8, ""num_stages"": 3, ""threads"": 128}",2025.4.0.0 (build 36690805) (public-release),2026-Oct-04 03:02:06,13.1,/usr/local/cuda-13.1/nsight-compute-2025.4.0/target/linux-desktop-t210-a64/ncu --set full --import-source on --replay-mode application --cache-control none --app-replay-mode strict --profile-from-start off --kernel-name regex:^(?:matmul_kernel_kernel) --launch-skip 0 --launch-count 1 --force-overwrite -o /projects/kzhou6/bcui2/research/tilebench/Tilebench-gh200/outputs/ncu/GH200/matmul_fp32_fp16_fp8/tilelang_fp16 /projects/kzhou6/bcui2/env_software/miniconda3-aarch64/envs/tilebench++_env/bin/python /projects/kzhou6/bcui2/research/tilebench/Tilebench-gh200/scripts/profiling/ncu_generic_harness.py,1.1934,0.8050
GH200/tilelang/matmul_fp32_fp16_fp8/fp32,GH200,tilelang,matmul_fp32_fp16_fp8,fp32,357a02eb8c422be84c0f0184cc996e44cab791e9e9da48aae2bbc1390d89189b,"{""K"":20480,""M"":4096,""N"":4096}",full,application,NVIDIA_GH200/matmul_fp32_fp16_fp8/tilelang_fp32.ncu-rep,ed9d594044998511bf9d92a7a984696bf6bd66727c45c7ff5e798f8e575e02b6,hf_download,bcui2/NCU_report@21037737b7e371d38f3d029367dc3967d5b31a23,matched,documented:profiling_infra_only,1,params+winner from NCU catalogue | profiling source d6ddb622; formal CSV source c882fe50 (batched_matmul_autotune 3c5eccbf); only profiling infrastructure changed (PROVENANCE.md),ok,matmul_kernel_kernel,1,1,"{""BLOCK_SIZE_K"": 64, ""BLOCK_SIZE_M"": 128, ""BLOCK_SIZE_N"": 128, ""GROUP_SIZE_M"": 8, ""num_stages"": 3, ""threads"": 128}",2025.4.0.0 (build 36690805) (public-release),2026-Oct-04 02:59:37,13.1,/usr/local/cuda-13.1/nsight-compute-2025.4.0/target/linux-desktop-t210-a64/ncu --set full --import-source on --replay-mode application --cache-control none --app-replay-mode strict --profile-from-start off --kernel-name regex:^(?:matmul_kernel_kernel) --launch-skip 0 --launch-count 1 --force-overwrite -o /projects/kzhou6/bcui2/research/tilebench/Tilebench-gh200/outputs/ncu/GH200/matmul_fp32_fp16_fp8/tilelang_fp32 /projects/kzhou6/bcui2/env_software/miniconda3-aarch64/envs/tilebench++_env/bin/python /projects/kzhou6/bcui2/research/tilebench/Tilebench-gh200/scripts/profiling/ncu_generic_harness.py,3.7091,1.5731
GH200/tilelang/matmul_fp32_fp16_fp8/fp8_e4m3fn,GH200,tilelang,matmul_fp32_fp16_fp8,fp8_e4m3fn,58462cceecda88b26cf0a977f833cd828e07b350dee27aad3efc0c528678c0b9,"{""K"":20480,""M"":4096,""N"":4096}",full,application,NVIDIA_GH200/matmul_fp32_fp16_fp8/tilelang_fp8_e4m3fn.ncu-rep,b300a041f76ee2ae4f849cc15b11834b9a1df5b30d702571a166abb5462abbcb,hf_download,bcui2/NCU_report@21037737b7e371d38f3d029367dc3967d5b31a23,matched,documented:profiling_infra_only,1,params+winner from NCU catalogue | profiling source d6ddb622; formal CSV source c882fe50 (batched_matmul_autotune 3c5eccbf); only profiling infrastructure changed (PROVENANCE.md),ok,matmul_kernel_kernel,1,1,"{""BLOCK_SIZE_K"": 128, ""BLOCK_SIZE_M"": 128, ""BLOCK_SIZE_N"": 128, ""GROUP_SIZE_M"": 8, ""num_stages"": 3, ""threads"": 128}",2025.4.0.0 (build 36690805) (public-release),2026-Oct-04 03:04:37,13.1,/usr/local/cuda-13.1/nsight-compute-2025.4.0/target/linux-desktop-t210-a64/ncu --set full --import-source on --replay-mode application --cache-control none --app-replay-mode strict --profile-from-start off --kernel-name regex:^(?:matmul_kernel_kernel) --launch-skip 0 --launch-count 1 --force-overwrite -o /projects/kzhou6/bcui2/research/tilebench/Tilebench-gh200/outputs/ncu/GH200/matmul_fp32_fp16_fp8/tilelang_fp8_e4m3fn /projects/kzhou6/bcui2/env_software/miniconda3-aarch64/envs/tilebench++_env/bin/python /projects/kzhou6/bcui2/research/tilebench/Tilebench-gh200/scripts/profiling/ncu_generic_harness.py,2.1294,0.4657
GH200/triton/matmul_fp32_fp16_fp8/fp16,GH200,triton,matmul_fp32_fp16_fp8,fp16,08faaf3b6b1a6991ab9326dd1f21e0777b5cc77c635c0122387725c0cb92617b,"{""K"":20480,""M"":4096,""N"":4096}",full,application,NVIDIA_GH200/matmul_fp32_fp16_fp8/triton_fp16.ncu-rep,8f7ccc1a4bbd6b89086682bb3300e9b82f9a2262f77a69249ad0b17d01c527df,hf_download,bcui2/NCU_report@21037737b7e371d38f3d029367dc3967d5b31a23,matched,documented:profiling_infra_only,1,params+winner from NCU catalogue | profiling source 638ea849; formal CSV source c882fe50 (batched_matmul_autotune 3c5eccbf); only profiling infrastructure changed (PROVENANCE.md),ok,matmul_kernel,1,1,"{""BLOCK_SIZE_K"": 128, ""BLOCK_SIZE_M"": 128, ""BLOCK_SIZE_N"": 128, ""GROUP_SIZE_M"": 8, ""num_stages"": 3, ""num_warps"": 4}",2025.4.0.0 (build 36690805) (public-release),2026-Oct-03 12:21:18,13.1,/usr/local/cuda-13.1/nsight-compute-2025.4.0/target/linux-desktop-t210-a64/ncu --set full --import-source on --replay-mode application --cache-control none --app-replay-mode strict --profile-from-start off --kernel-name regex:^(?:matmul_kernel) --launch-skip 0 --launch-count 1 --force-overwrite -o /projects/kzhou6/bcui2/research/tilebench/Tilebench-gh200/outputs/ncu/GH200/matmul_fp32_fp16_fp8/triton_fp16 /projects/kzhou6/bcui2/env_software/miniconda3-aarch64/envs/tilebench++_env/bin/python /projects/kzhou6/bcui2/research/tilebench/Tilebench-gh200/scripts/profiling/ncu_generic_harness.py,0.9422,0.8050
GH200/triton/matmul_fp32_fp16_fp8/fp32,GH200,triton,matmul_fp32_fp16_fp8,fp32,357a02eb8c422be84c0f0184cc996e44cab791e9e9da48aae2bbc1390d89189b,"{""K"":20480,""M"":4096,""N"":4096}",full,application,NVIDIA_GH200/matmul_fp32_fp16_fp8/triton_fp32.ncu-rep,13826c85da93930f2a85c7efdae8e2e227f083fa0e59245fd901e6633f1e768f,hf_download,bcui2/NCU_report@21037737b7e371d38f3d029367dc3967d5b31a23,matched,documented:profiling_infra_only,1,params+winner from NCU catalogue | profiling source 638ea849; formal CSV source c882fe50 (batched_matmul_autotune 3c5eccbf); only profiling infrastructure changed (PROVENANCE.md),ok,matmul_kernel,1,1,"{""BLOCK_SIZE_K"": 32, ""BLOCK_SIZE_M"": 128, ""BLOCK_SIZE_N"": 128, ""GROUP_SIZE_M"": 8, ""num_stages"": 4, ""num_warps"": 4}",2025.4.0.0 (build 36690805) (public-release),2026-Oct-03 12:17:13,13.1,/usr/local/cuda-13.1/nsight-compute-2025.4.0/target/linux-desktop-t210-a64/ncu --set full --import-source on --replay-mode application --cache-control none --app-replay-mode strict --profile-from-start off --kernel-name regex:^(?:matmul_kernel) --launch-skip 0 --launch-count 1 --force-overwrite -o /projects/kzhou6/bcui2/research/tilebench/Tilebench-gh200/outputs/ncu/GH200/matmul_fp32_fp16_fp8/triton_fp32 /projects/kzhou6/bcui2/env_software/miniconda3-aarch64/envs/tilebench++_env/bin/python /projects/kzhou6/bcui2/research/tilebench/Tilebench-gh200/scripts/profiling/ncu_generic_harness.py,1.7811,1.5731
GH200/triton/matmul_fp32_fp16_fp8/fp8_e4m3fn,GH200,triton,matmul_fp32_fp16_fp8,fp8_e4m3fn,58462cceecda88b26cf0a977f833cd828e07b350dee27aad3efc0c528678c0b9,"{""K"":20480,""M"":4096,""N"":4096}",full,application,NVIDIA_GH200/matmul_fp32_fp16_fp8/triton_fp8_e4m3fn.ncu-rep,b1c63d55422b290d3c7c49aaaac17fb53ae7da6e4b39121b254ba030259cddb0,hf_download,bcui2/NCU_report@21037737b7e371d38f3d029367dc3967d5b31a23,matched,documented:profiling_infra_only,1,params+winner from NCU catalogue | profiling source 638ea849; formal CSV source c882fe50 (batched_matmul_autotune 3c5eccbf); only profiling infrastructure changed (PROVENANCE.md),ok,matmul_kernel,1,1,"{""BLOCK_SIZE_K"": 128, ""BLOCK_SIZE_M"": 256, ""BLOCK_SIZE_N"": 128, ""GROUP_SIZE_M"": 8, ""num_stages"": 3, ""num_warps"": 8}",2025.4.0.0 (build 36690805) (public-release),2026-Oct-03 12:25:22,13.1,/usr/local/cuda-13.1/nsight-compute-2025.4.0/target/linux-desktop-t210-a64/ncu --set full --import-source on --replay-mode application --cache-control none --app-replay-mode strict --profile-from-start off --kernel-name regex:^(?:matmul_kernel) --launch-skip 0 --launch-count 1 --force-overwrite -o /projects/kzhou6/bcui2/research/tilebench/Tilebench-gh200/outputs/ncu/GH200/matmul_fp32_fp16_fp8/triton_fp8_e4m3fn /projects/kzhou6/bcui2/env_software/miniconda3-aarch64/envs/tilebench++_env/bin/python /projects/kzhou6/bcui2/research/tilebench/Tilebench-gh200/scripts/profiling/ncu_generic_harness.py,0.4377,0.4657
GH200/cutile/matmul_int8/int8,GH200,cutile,matmul_int8,int8,53230c8807747b1325caa527f54e23d7352fda53eb8991b86e564b697e2bd32c,"{""K"":20480,""M"":2048,""N"":2048}",full,application,NVIDIA_GH200/matmul_int8/cutile_int8.ncu-rep,5d37e9f9a7ea342a8a23fd5821688f28328ceb1d09f37abea76365ce2cf83aaf,hf_download,bcui2/NCU_report@21037737b7e371d38f3d029367dc3967d5b31a23,matched,documented:profiling_infra_only,1,params+winner from NCU catalogue | profiling source 638ea849; formal CSV source c882fe50 (batched_matmul_autotune 3c5eccbf); only profiling infrastructure changed (PROVENANCE.md),ok,matmul_kernel_Kt1_A2i8_1v16l0_2t1_3i16_p16_A2u8_1v16l0_2t1_3i16_p16_A2i32_1v4l0_2t1_3i16_p16_Si32_Si32_I5120_I128_I64_I32_I8,1,1,"{""group_size_m"": 8, ""occupancy"": 8, ""tk"": 32, ""tm"": 128, ""tn"": 64}",2025.4.0.0 (build 36690805) (public-release),2026-Oct-03 12:31:27,13.1,/usr/local/cuda-13.1/nsight-compute-2025.4.0/target/linux-desktop-t210-a64/ncu --set full --import-source on --replay-mode application --cache-control none --app-replay-mode strict --profile-from-start off --kernel-name regex:^(?:matmul_kernel) --launch-skip 0 --launch-count 1 --force-overwrite -o /projects/kzhou6/bcui2/research/tilebench/Tilebench-gh200/outputs/ncu/GH200/matmul_int8/cutile_int8 /projects/kzhou6/bcui2/env_software/miniconda3-aarch64/envs/tilebench++_env/bin/python /projects/kzhou6/bcui2/research/tilebench/Tilebench-gh200/scripts/profiling/ncu_generic_harness.py,0.5815,4.0147
GH200/tilelang/matmul_int8/int8,GH200,tilelang,matmul_int8,int8,53230c8807747b1325caa527f54e23d7352fda53eb8991b86e564b697e2bd32c,"{""K"":20480,""M"":2048,""N"":2048}",full,application,NVIDIA_GH200/matmul_int8/tilelang_int8.ncu-rep,f2b82db401fbb8634bb7450068d5ea442818075f05a4147657dcffa7ad012c39,hf_download,bcui2/NCU_report@21037737b7e371d38f3d029367dc3967d5b31a23,matched,documented:profiling_infra_only,1,params+winner from NCU catalogue | profiling source d6ddb622; formal CSV source c882fe50 (batched_matmul_autotune 3c5eccbf); only profiling infrastructure changed (PROVENANCE.md),ok,matmul_kernel_kernel,1,1,"{""BLOCK_SIZE_K"": 64, ""BLOCK_SIZE_M"": 256, ""BLOCK_SIZE_N"": 64, ""GROUP_SIZE_M"": 8, ""num_stages"": 4, ""threads"": 128}",2025.4.0.0 (build 36690805) (public-release),2026-Oct-04 03:07:06,13.1,/usr/local/cuda-13.1/nsight-compute-2025.4.0/target/linux-desktop-t210-a64/ncu --set full --import-source on --replay-mode application --cache-control none --app-replay-mode strict --profile-from-start off --kernel-name regex:^(?:matmul_kernel_kernel) --launch-skip 0 --launch-count 1 --force-overwrite -o /projects/kzhou6/bcui2/research/tilebench/Tilebench-gh200/outputs/ncu/GH200/matmul_int8/tilelang_int8 /projects/kzhou6/bcui2/env_software/miniconda3-aarch64/envs/tilebench++_env/bin/python /projects/kzhou6/bcui2/research/tilebench/Tilebench-gh200/scripts/profiling/ncu_generic_harness.py,0.5781,4.0147
GH200/triton/matmul_int8/int8,GH200,triton,matmul_int8,int8,53230c8807747b1325caa527f54e23d7352fda53eb8991b86e564b697e2bd32c,"{""K"":20480,""M"":2048,""N"":2048}",full,application,NVIDIA_GH200/matmul_int8/triton_int8.ncu-rep,a3515c045af6b701bbfbb88f72fdf3a4ab7936327b5099a1591d857ffc86cd3b,hf_download,bcui2/NCU_report@21037737b7e371d38f3d029367dc3967d5b31a23,matched,documented:profiling_infra_only,1,params+winner from NCU catalogue | profiling source 638ea849; formal CSV source c882fe50 (batched_matmul_autotune 3c5eccbf); only profiling infrastructure changed (PROVENANCE.md),ok,matmul_kernel,1,1,"{""BLOCK_SIZE_K"": 64, ""BLOCK_SIZE_M"": 256, ""BLOCK_SIZE_N"": 64, ""GROUP_SIZE_M"": 8, ""num_stages"": 4, ""num_warps"": 4}",2025.4.0.0 (build 36690805) (public-release),2026-Oct-03 12:29:27,13.1,/usr/local/cuda-13.1/nsight-compute-2025.4.0/target/linux-desktop-t210-a64/ncu --set full --import-source on --replay-mode application --cache-control none --app-replay-mode strict --profile-from-start off --kernel-name regex:^(?:matmul_kernel) --launch-skip 0 --launch-count 1 --force-overwrite -o /projects/kzhou6/bcui2/research/tilebench/Tilebench-gh200/outputs/ncu/GH200/matmul_int8/triton_int8 /projects/kzhou6/bcui2/env_software/miniconda3-aarch64/envs/tilebench++_env/bin/python /projects/kzhou6/bcui2/research/tilebench/Tilebench-gh200/scripts/profiling/ncu_generic_harness.py,0.2850,4.0147
GH200/cutile/matrix_copy/bf16,GH200,cutile,matrix_copy,bf16,e60a825c90e1f0c6bce5f17acb23ad2cafd06b98436c09a00169073e06d4997f,"{""N"":5120}",full,application,NVIDIA_GH200/matrix_copy/cutile_bf16.ncu-rep,5de98d427fa50899dca2d21ff594eee974d4548be8e95f875179b28e2c982a08,hf_download,bcui2/NCU_report@21037737b7e371d38f3d029367dc3967d5b31a23,matched,documented:profiling_infra_only,1,params+winner from NCU catalogue | profiling source 638ea849; formal CSV source c882fe50 (batched_matmul_autotune 3c5eccbf); only profiling infrastructure changed (PROVENANCE.md),ok,matrix_copy_kernel_Kt1_A1bf16_1i16t1_p16_A1bf16_1i16t1_p16_I2048,1,1,"{""occupancy"": 4, ""tile"": 2048}",2025.4.0.0 (build 36690805) (public-release),2026-Oct-03 12:39:26,13.1,/usr/local/cuda-13.1/nsight-compute-2025.4.0/target/linux-desktop-t210-a64/ncu --set full --import-source on --replay-mode application --cache-control none --app-replay-mode strict --profile-from-start off --kernel-name regex:^(?:matrix_copy_kernel) --launch-skip 0 --launch-count 1 --force-overwrite -o /projects/kzhou6/bcui2/research/tilebench/Tilebench-gh200/outputs/ncu/GH200/matrix_copy/cutile_bf16 /projects/kzhou6/bcui2/env_software/miniconda3-aarch64/envs/tilebench++_env/bin/python /projects/kzhou6/bcui2/research/tilebench/Tilebench-gh200/scripts/profiling/ncu_generic_harness.py,0.0325,0.0324
GH200/cutile/matrix_copy/fp16,GH200,cutile,matrix_copy,fp16,654bd36367e7c37db760422cde1de0789875cf704d60ce09228364acfbd5e59e,"{""N"":5120}",full,application,NVIDIA_GH200/matrix_copy/cutile_fp16.ncu-rep,5856f72f0ab13ee648914c9dd21dffc311307921164b7b0d07732a7024670c98,hf_download,bcui2/NCU_report@21037737b7e371d38f3d029367dc3967d5b31a23,matched,documented:profiling_infra_only,1,params+winner from NCU catalogue | profiling source 638ea849; formal CSV source c882fe50 (batched_matmul_autotune 3c5eccbf); only profiling infrastructure changed (PROVENANCE.md),ok,matrix_copy_kernel_Kt1_A1f16_1i16t1_p16_A1f16_1i16t1_p16_I1024,1,1,"{""occupancy"": 8, ""tile"": 1024}",2025.4.0.0 (build 36690805) (public-release),2026-Oct-03 12:35:26,13.1,/usr/local/cuda-13.1/nsight-compute-2025.4.0/target/linux-desktop-t210-a64/ncu --set full --import-source on --replay-mode application --cache-control none --app-replay-mode strict --profile-from-start off --kernel-name regex:^(?:matrix_copy_kernel) --launch-skip 0 --launch-count 1 --force-overwrite -o /projects/kzhou6/bcui2/research/tilebench/Tilebench-gh200/outputs/ncu/GH200/matrix_copy/cutile_fp16 /projects/kzhou6/bcui2/env_software/miniconda3-aarch64/envs/tilebench++_env/bin/python /projects/kzhou6/bcui2/research/tilebench/Tilebench-gh200/scripts/profiling/ncu_generic_harness.py,0.0318,0.0319
GH200/cutile/matrix_copy/fp32,GH200,cutile,matrix_copy,fp32,570d9eb8fbbe0b72e237eb53e3e2a0d6b7bcf2c23b4bf46dcf6d2dfbe409647c,"{""N"":5120}",full,application,NVIDIA_GH200/matrix_copy/cutile_fp32.ncu-rep,2bc062c41b2e5eb16daae2d691555041c0a53456db6e86dc36df01a7bf2d0934,hf_download,bcui2/NCU_report@21037737b7e371d38f3d029367dc3967d5b31a23,matched,documented:profiling_infra_only,1,params+winner from NCU catalogue | profiling source 638ea849; formal CSV source c882fe50 (batched_matmul_autotune 3c5eccbf); only profiling infrastructure changed (PROVENANCE.md),ok,matrix_copy_kernel_Kt1_A1f32_1i16t1_p16_A1f32_1i16t1_p16_I1024,1,1,"{""occupancy"": 4, ""tile"": 1024}",2025.4.0.0 (build 36690805) (public-release),2026-Oct-03 12:43:25,13.1,/usr/local/cuda-13.1/nsight-compute-2025.4.0/target/linux-desktop-t210-a64/ncu --set full --import-source on --replay-mode application --cache-control none --app-replay-mode strict --profile-from-start off --kernel-name regex:^(?:matrix_copy_kernel) --launch-skip 0 --launch-count 1 --force-overwrite -o /projects/kzhou6/bcui2/research/tilebench/Tilebench-gh200/outputs/ncu/GH200/matrix_copy/cutile_fp32 /projects/kzhou6/bcui2/env_software/miniconda3-aarch64/envs/tilebench++_env/bin/python /projects/kzhou6/bcui2/research/tilebench/Tilebench-gh200/scripts/profiling/ncu_generic_harness.py,0.0608,0.0606
GH200/cutile/matrix_copy/int8,GH200,cutile,matrix_copy,int8,a080a4296ea719dfb0bbcf89169f5e74ad7b7bda89023943ab06fabde67873bb,"{""N"":5120}",full,application,NVIDIA_GH200/matrix_copy/cutile_int8.ncu-rep,cb66469c54ea2cdf71dd5a7025825c44a77d5917aadd475b8e947579f44402a6,hf_download,bcui2/NCU_report@21037737b7e371d38f3d029367dc3967d5b31a23,matched,documented:profiling_infra_only,1,params+winner from NCU catalogue | profiling source 638ea849; formal CSV source c882fe50 (batched_matmul_autotune 3c5eccbf); only profiling infrastructure changed (PROVENANCE.md),ok,matrix_copy_kernel_Kt1_A1i8_1i16t1_p16_A1i8_1i16t1_p16_I4096,1,1,"{""occupancy"": 8, ""tile"": 4096}",2025.4.0.0 (build 36690805) (public-release),2026-Oct-03 12:47:28,13.1,/usr/local/cuda-13.1/nsight-compute-2025.4.0/target/linux-desktop-t210-a64/ncu --set full --import-source on --replay-mode application --cache-control none --app-replay-mode strict --profile-from-start off --kernel-name regex:^(?:matrix_copy_kernel) --launch-skip 0 --launch-count 1 --force-overwrite -o /projects/kzhou6/bcui2/research/tilebench/Tilebench-gh200/outputs/ncu/GH200/matrix_copy/cutile_int8 /projects/kzhou6/bcui2/env_software/miniconda3-aarch64/envs/tilebench++_env/bin/python /projects/kzhou6/bcui2/research/tilebench/Tilebench-gh200/scripts/profiling/ncu_generic_harness.py,0.0174,0.0188
GH200/tilelang/matrix_copy/bf16,GH200,tilelang,matrix_copy,bf16,e60a825c90e1f0c6bce5f17acb23ad2cafd06b98436c09a00169073e06d4997f,"{""N"":5120}",full,application,NVIDIA_GH200/matrix_copy/tilelang_bf16.ncu-rep,64a00391b407ddc1fdf93adbecb352b90d1b5b2477b794dca7411f2dad541ac9,hf_download,bcui2/NCU_report@21037737b7e371d38f3d029367dc3967d5b31a23,matched,documented:profiling_infra_only,1,params+winner from NCU catalogue | profiling source d6ddb622; formal CSV source c882fe50 (batched_matmul_autotune 3c5eccbf); only profiling infrastructure changed (PROVENANCE.md),ok,matrix_copy_kernel_kernel,1,1,"{""BLOCK_SIZE"": 4096, ""threads"": 128}",2025.4.0.0 (build 36690805) (public-release),2026-Oct-04 03:12:01,13.1,/usr/local/cuda-13.1/nsight-compute-2025.4.0/target/linux-desktop-t210-a64/ncu --set full --import-source on --replay-mode application --cache-control none --app-replay-mode strict --profile-from-start off --kernel-name regex:^(?:matrix_copy_kernel_kernel) --launch-skip 0 --launch-count 1 --force-overwrite -o /projects/kzhou6/bcui2/research/tilebench/Tilebench-gh200/outputs/ncu/GH200/matrix_copy/tilelang_bf16 /projects/kzhou6/bcui2/env_software/miniconda3-aarch64/envs/tilebench++_env/bin/python /projects/kzhou6/bcui2/research/tilebench/Tilebench-gh200/scripts/profiling/ncu_generic_harness.py,0.0315,0.0324
GH200/tilelang/matrix_copy/fp16,GH200,tilelang,matrix_copy,fp16,654bd36367e7c37db760422cde1de0789875cf704d60ce09228364acfbd5e59e,"{""N"":5120}",full,application,NVIDIA_GH200/matrix_copy/tilelang_fp16.ncu-rep,aea9bf65b04722c11cdf3bdd6836c24394e3bb818b57e7d4fe34b0652eadfd9c,hf_download,bcui2/NCU_report@21037737b7e371d38f3d029367dc3967d5b31a23,matched,documented:profiling_infra_only,1,params+winner from NCU catalogue | profiling source d6ddb622; formal CSV source c882fe50 (batched_matmul_autotune 3c5eccbf); only profiling infrastructure changed (PROVENANCE.md),ok,matrix_copy_kernel_kernel,1,1,"{""BLOCK_SIZE"": 4096, ""threads"": 128}",2025.4.0.0 (build 36690805) (public-release),2026-Oct-04 03:09:34,13.1,/usr/local/cuda-13.1/nsight-compute-2025.4.0/target/linux-desktop-t210-a64/ncu --set full --import-source on --replay-mode application --cache-control none --app-replay-mode strict --profile-from-start off --kernel-name regex:^(?:matrix_copy_kernel_kernel) --launch-skip 0 --launch-count 1 --force-overwrite -o /projects/kzhou6/bcui2/research/tilebench/Tilebench-gh200/outputs/ncu/GH200/matrix_copy/tilelang_fp16 /projects/kzhou6/bcui2/env_software/miniconda3-aarch64/envs/tilebench++_env/bin/python /projects/kzhou6/bcui2/research/tilebench/Tilebench-gh200/scripts/profiling/ncu_generic_harness.py,0.0315,0.0319
GH200/tilelang/matrix_copy/fp32,GH200,tilelang,matrix_copy,fp32,570d9eb8fbbe0b72e237eb53e3e2a0d6b7bcf2c23b4bf46dcf6d2dfbe409647c,"{""N"":5120}",full,application,NVIDIA_GH200/matrix_copy/tilelang_fp32.ncu-rep,5cc9f3bfccfd5666ab0cabecec0750531a9856e6b3364c3ef13dfe15ce57a3c7,hf_download,bcui2/NCU_report@21037737b7e371d38f3d029367dc3967d5b31a23,matched,documented:profiling_infra_only,1,params+winner from NCU catalogue | profiling source d6ddb622; formal CSV source c882fe50 (batched_matmul_autotune 3c5eccbf); only profiling infrastructure changed (PROVENANCE.md),ok,matrix_copy_kernel_kernel,1,1,"{""BLOCK_SIZE"": 1024, ""threads"": 256}",2025.4.0.0 (build 36690805) (public-release),2026-Oct-04 03:14:28,13.1,/usr/local/cuda-13.1/nsight-compute-2025.4.0/target/linux-desktop-t210-a64/ncu --set full --import-source on --replay-mode application --cache-control none --app-replay-mode strict --profile-from-start off --kernel-name regex:^(?:matrix_copy_kernel_kernel) --launch-skip 0 --launch-count 1 --force-overwrite -o /projects/kzhou6/bcui2/research/tilebench/Tilebench-gh200/outputs/ncu/GH200/matrix_copy/tilelang_fp32 /projects/kzhou6/bcui2/env_software/miniconda3-aarch64/envs/tilebench++_env/bin/python /projects/kzhou6/bcui2/research/tilebench/Tilebench-gh200/scripts/profiling/ncu_generic_harness.py,0.0610,0.0606
GH200/tilelang/matrix_copy/int8,GH200,tilelang,matrix_copy,int8,a080a4296ea719dfb0bbcf89169f5e74ad7b7bda89023943ab06fabde67873bb,"{""N"":5120}",full,application,NVIDIA_GH200/matrix_copy/tilelang_int8.ncu-rep,5248104da2ce11980c034fa21d9d4cd44a8dd15922eb4b305e6233758fefdaa2,hf_download,bcui2/NCU_report@21037737b7e371d38f3d029367dc3967d5b31a23,matched,documented:profiling_infra_only,1,params+winner from NCU catalogue | profiling source d6ddb622; formal CSV source c882fe50 (batched_matmul_autotune 3c5eccbf); only profiling infrastructure changed (PROVENANCE.md),ok,matrix_copy_kernel_kernel,1,1,"{""BLOCK_SIZE"": 2048, ""threads"": 128}",2025.4.0.0 (build 36690805) (public-release),2026-Oct-04 03:17:33,13.1,/usr/local/cuda-13.1/nsight-compute-2025.4.0/target/linux-desktop-t210-a64/ncu --set full --import-source on --replay-mode application --cache-control none --app-replay-mode strict --profile-from-start off --kernel-name regex:^(?:matrix_copy_kernel_kernel) --launch-skip 0 --launch-count 1 --force-overwrite -o /projects/kzhou6/bcui2/research/tilebench/Tilebench-gh200/outputs/ncu/GH200/matrix_copy/tilelang_int8 /projects/kzhou6/bcui2/env_software/miniconda3-aarch64/envs/tilebench++_env/bin/python /projects/kzhou6/bcui2/research/tilebench/Tilebench-gh200/scripts/profiling/ncu_generic_harness.py,0.0176,0.0188
GH200/triton/matrix_copy/bf16,GH200,triton,matrix_copy,bf16,e60a825c90e1f0c6bce5f17acb23ad2cafd06b98436c09a00169073e06d4997f,"{""N"":5120}",full,application,NVIDIA_GH200/matrix_copy/triton_bf16.ncu-rep,f1a80b4091f07f9c7103b32a1890a5b9fb7766e36a57b87785dc4ad187c56d4e,hf_download,bcui2/NCU_report@21037737b7e371d38f3d029367dc3967d5b31a23,matched,documented:profiling_infra_only,1,params+winner from NCU catalogue | profiling source 638ea849; formal CSV source c882fe50 (batched_matmul_autotune 3c5eccbf); only profiling infrastructure changed (PROVENANCE.md),ok,matrix_copy_kernel,1,1,"{""BLOCK_SIZE"": 4096, ""num_stages"": 1, ""num_warps"": 4}",2025.4.0.0 (build 36690805) (public-release),2026-Oct-03 12:37:28,13.1,/usr/local/cuda-13.1/nsight-compute-2025.4.0/target/linux-desktop-t210-a64/ncu --set full --import-source on --replay-mode application --cache-control none --app-replay-mode strict --profile-from-start off --kernel-name regex:^(?:matrix_copy_kernel) --launch-skip 0 --launch-count 1 --force-overwrite -o /projects/kzhou6/bcui2/research/tilebench/Tilebench-gh200/outputs/ncu/GH200/matrix_copy/triton_bf16 /projects/kzhou6/bcui2/env_software/miniconda3-aarch64/envs/tilebench++_env/bin/python /projects/kzhou6/bcui2/research/tilebench/Tilebench-gh200/scripts/profiling/ncu_generic_harness.py,0.0323,0.0324
GH200/triton/matrix_copy/fp16,GH200,triton,matrix_copy,fp16,654bd36367e7c37db760422cde1de0789875cf704d60ce09228364acfbd5e59e,"{""N"":5120}",full,application,NVIDIA_GH200/matrix_copy/triton_fp16.ncu-rep,e4241d03b5fd2c3f53a81ff7888e2bc40672f0f7da0a1f8c7c35a8a389400265,hf_download,bcui2/NCU_report@21037737b7e371d38f3d029367dc3967d5b31a23,matched,documented:profiling_infra_only,1,params+winner from NCU catalogue | profiling source 638ea849; formal CSV source c882fe50 (batched_matmul_autotune 3c5eccbf); only profiling infrastructure changed (PROVENANCE.md),ok,matrix_copy_kernel,1,1,"{""BLOCK_SIZE"": 4096, ""num_stages"": 1, ""num_warps"": 4}",2025.4.0.0 (build 36690805) (public-release),2026-Oct-03 12:33:29,13.1,/usr/local/cuda-13.1/nsight-compute-2025.4.0/target/linux-desktop-t210-a64/ncu --set full --import-source on --replay-mode application --cache-control none --app-replay-mode strict --profile-from-start off --kernel-name regex:^(?:matrix_copy_kernel) --launch-skip 0 --launch-count 1 --force-overwrite -o /projects/kzhou6/bcui2/research/tilebench/Tilebench-gh200/outputs/ncu/GH200/matrix_copy/triton_fp16 /projects/kzhou6/bcui2/env_software/miniconda3-aarch64/envs/tilebench++_env/bin/python /projects/kzhou6/bcui2/research/tilebench/Tilebench-gh200/scripts/profiling/ncu_generic_harness.py,0.0316,0.0319
GH200/triton/matrix_copy/fp32,GH200,triton,matrix_copy,fp32,570d9eb8fbbe0b72e237eb53e3e2a0d6b7bcf2c23b4bf46dcf6d2dfbe409647c,"{""N"":5120}",full,application,NVIDIA_GH200/matrix_copy/triton_fp32.ncu-rep,6954582f8737ac9f9b1e7a72e254a5079e54ecd36c9346aed1ce0f215735784b,hf_download,bcui2/NCU_report@21037737b7e371d38f3d029367dc3967d5b31a23,matched,documented:profiling_infra_only,1,params+winner from NCU catalogue | profiling source 638ea849; formal CSV source c882fe50 (batched_matmul_autotune 3c5eccbf); only profiling infrastructure changed (PROVENANCE.md),ok,matrix_copy_kernel,1,1,"{""BLOCK_SIZE"": 1024, ""num_stages"": 1, ""num_warps"": 8}",2025.4.0.0 (build 36690805) (public-release),2026-Oct-03 12:41:27,13.1,/usr/local/cuda-13.1/nsight-compute-2025.4.0/target/linux-desktop-t210-a64/ncu --set full --import-source on --replay-mode application --cache-control none --app-replay-mode strict --profile-from-start off --kernel-name regex:^(?:matrix_copy_kernel) --launch-skip 0 --launch-count 1 --force-overwrite -o /projects/kzhou6/bcui2/research/tilebench/Tilebench-gh200/outputs/ncu/GH200/matrix_copy/triton_fp32 /projects/kzhou6/bcui2/env_software/miniconda3-aarch64/envs/tilebench++_env/bin/python /projects/kzhou6/bcui2/research/tilebench/Tilebench-gh200/scripts/profiling/ncu_generic_harness.py,0.0609,0.0606
GH200/triton/matrix_copy/int8,GH200,triton,matrix_copy,int8,a080a4296ea719dfb0bbcf89169f5e74ad7b7bda89023943ab06fabde67873bb,"{""N"":5120}",full,application,NVIDIA_GH200/matrix_copy/triton_int8.ncu-rep,33d2f5aa421b7174217958cfecba9f970481a4b28a849c48994227db36bd9a2a,hf_download,bcui2/NCU_report@21037737b7e371d38f3d029367dc3967d5b31a23,matched,documented:profiling_infra_only,1,params+winner from NCU catalogue | profiling source 638ea849; formal CSV source c882fe50 (batched_matmul_autotune 3c5eccbf); only profiling infrastructure changed (PROVENANCE.md),ok,matrix_copy_kernel,1,1,"{""BLOCK_SIZE"": 4096, ""num_stages"": 2, ""num_warps"": 4}",2025.4.0.0 (build 36690805) (public-release),2026-Oct-03 12:45:28,13.1,/usr/local/cuda-13.1/nsight-compute-2025.4.0/target/linux-desktop-t210-a64/ncu --set full --import-source on --replay-mode application --cache-control none --app-replay-mode strict --profile-from-start off --kernel-name regex:^(?:matrix_copy_kernel) --launch-skip 0 --launch-count 1 --force-overwrite -o /projects/kzhou6/bcui2/research/tilebench/Tilebench-gh200/outputs/ncu/GH200/matrix_copy/triton_int8 /projects/kzhou6/bcui2/env_software/miniconda3-aarch64/envs/tilebench++_env/bin/python /projects/kzhou6/bcui2/research/tilebench/Tilebench-gh200/scripts/profiling/ncu_generic_harness.py,0.0171,0.0188
GH200/cutile/matrix_transpose/bf16,GH200,cutile,matrix_transpose,bf16,cfb07213f399d8eac04441a96551a1e9530dec498b7f33a7455b8c6fb1dadcac,"{""m"":4096,""n"":20480}",full,application,NVIDIA_GH200/matrix_transpose/cutile_bf16.ncu-rep,f6cbd860253a2990c04b4ac76cd43da49d8b582598bddb840fea4d46cfb1a0d3,hf_download,bcui2/NCU_report@21037737b7e371d38f3d029367dc3967d5b31a23,matched,documented:profiling_infra_only,1,params+winner from NCU catalogue | profiling source 638ea849; formal CSV source c882fe50 (batched_matmul_autotune 3c5eccbf); only profiling infrastructure changed (PROVENANCE.md),ok,transpose_kernel_Kt1_A2bf16_1v8l0_2t1_3i16_p16_A2bf16_1v8l0_2t1_3i16_p16_I128,1,1,"{""occupancy"": 4, ""tile"": 128}",2025.4.0.0 (build 36690805) (public-release),2026-Oct-03 12:55:30,13.1,/usr/local/cuda-13.1/nsight-compute-2025.4.0/target/linux-desktop-t210-a64/ncu --set full --import-source on --replay-mode application --cache-control none --app-replay-mode strict --profile-from-start off --kernel-name regex:^(?:transpose_kernel) --launch-skip 0 --launch-count 1 --force-overwrite -o /projects/kzhou6/bcui2/research/tilebench/Tilebench-gh200/outputs/ncu/GH200/matrix_transpose/cutile_bf16 /projects/kzhou6/bcui2/env_software/miniconda3-aarch64/envs/tilebench++_env/bin/python /projects/kzhou6/bcui2/research/tilebench/Tilebench-gh200/scripts/profiling/ncu_generic_harness.py,0.0977,0.5588
GH200/cutile/matrix_transpose/fp16,GH200,cutile,matrix_transpose,fp16,4b6891116f904e9ebc1a350ffcc08c0bd9bd620d4769cb792e37a3a07d972bac,"{""m"":4096,""n"":20480}",full,application,NVIDIA_GH200/matrix_transpose/cutile_fp16.ncu-rep,cc9ac85f949314dd7b6cbc11e7b05a133384dd2dd44571b8b88d0a23f0ef1c4a,hf_download,bcui2/NCU_report@21037737b7e371d38f3d029367dc3967d5b31a23,matched,documented:profiling_infra_only,1,params+winner from NCU catalogue | profiling source 638ea849; formal CSV source c882fe50 (batched_matmul_autotune 3c5eccbf); only profiling infrastructure changed (PROVENANCE.md),ok,transpose_kernel_Kt1_A2f16_1v8l0_2t1_3i16_p16_A2f16_1v8l0_2t1_3i16_p16_I128,1,1,"{""occupancy"": 4, ""tile"": 128}",2025.4.0.0 (build 36690805) (public-release),2026-Oct-03 12:51:28,13.1,/usr/local/cuda-13.1/nsight-compute-2025.4.0/target/linux-desktop-t210-a64/ncu --set full --import-source on --replay-mode application --cache-control none --app-replay-mode strict --profile-from-start off --kernel-name regex:^(?:transpose_kernel) --launch-skip 0 --launch-count 1 --force-overwrite -o /projects/kzhou6/bcui2/research/tilebench/Tilebench-gh200/outputs/ncu/GH200/matrix_transpose/cutile_fp16 /projects/kzhou6/bcui2/env_software/miniconda3-aarch64/envs/tilebench++_env/bin/python /projects/kzhou6/bcui2/research/tilebench/Tilebench-gh200/scripts/profiling/ncu_generic_harness.py,0.0981,0.5489
GH200/cutile/matrix_transpose/fp32,GH200,cutile,matrix_transpose,fp32,ef6fdd13ac674f4a711abc90bce71d455127995388f1c1b714a08411ca385739,"{""m"":4096,""n"":20480}",full,application,NVIDIA_GH200/matrix_transpose/cutile_fp32.ncu-rep,e88cc29738f6e6a1336820ae75534246ae02f54404539e55ad3214d28a05430c,hf_download,bcui2/NCU_report@21037737b7e371d38f3d029367dc3967d5b31a23,matched,documented:profiling_infra_only,1,params+winner from NCU catalogue | profiling source 638ea849; formal CSV source c882fe50 (batched_matmul_autotune 3c5eccbf); only profiling infrastructure changed (PROVENANCE.md),ok,transpose_kernel_Kt1_A2f32_1v4l0_2t1_3i16_p16_A2f32_1v4l0_2t1_3i16_p16_I64,1,1,"{""occupancy"": 4, ""tile"": 64}",2025.4.0.0 (build 36690805) (public-release),2026-Oct-03 12:59:29,13.1,/usr/local/cuda-13.1/nsight-compute-2025.4.0/target/linux-desktop-t210-a64/ncu --set full --import-source on --replay-mode application --cache-control none --app-replay-mode strict --profile-from-start off --kernel-name regex:^(?:transpose_kernel) --launch-skip 0 --launch-count 1 --force-overwrite -o /projects/kzhou6/bcui2/research/tilebench/Tilebench-gh200/outputs/ncu/GH200/matrix_transpose/cutile_fp32 /projects/kzhou6/bcui2/env_software/miniconda3-aarch64/envs/tilebench++_env/bin/python /projects/kzhou6/bcui2/research/tilebench/Tilebench-gh200/scripts/profiling/ncu_generic_harness.py,0.1920,0.5900
GH200/cutile/matrix_transpose/int8,GH200,cutile,matrix_transpose,int8,b0a9def73f520aa90a925f176923718a10e6705991b6e536172684901f2c754c,"{""m"":4096,""n"":20480}",full,application,NVIDIA_GH200/matrix_transpose/cutile_int8.ncu-rep,51b3fa83a3f0211d556b95900f703e16f7dbba3b9f500d16ed7ea9cae66da8af,hf_download,bcui2/NCU_report@21037737b7e371d38f3d029367dc3967d5b31a23,matched,documented:profiling_infra_only,1,params+winner from NCU catalogue | profiling source 638ea849; formal CSV source c882fe50 (batched_matmul_autotune 3c5eccbf); only profiling infrastructure changed (PROVENANCE.md),ok,transpose_kernel_Kt1_A2i8_1v16l0_2t1_3i16_p16_A2i8_1v16l0_2t1_3i16_p16_I128,1,1,"{""occupancy"": 8, ""tile"": 128}",2025.4.0.0 (build 36690805) (public-release),2026-Oct-03 13:03:32,13.1,/usr/local/cuda-13.1/nsight-compute-2025.4.0/target/linux-desktop-t210-a64/ncu --set full --import-source on --replay-mode application --cache-control none --app-replay-mode strict --profile-from-start off --kernel-name regex:^(?:transpose_kernel) --launch-skip 0 --launch-count 1 --force-overwrite -o /projects/kzhou6/bcui2/research/tilebench/Tilebench-gh200/outputs/ncu/GH200/matrix_transpose/cutile_int8 /projects/kzhou6/bcui2/env_software/miniconda3-aarch64/envs/tilebench++_env/bin/python /projects/kzhou6/bcui2/research/tilebench/Tilebench-gh200/scripts/profiling/ncu_generic_harness.py,0.0520,0.4783
GH200/tilelang/matrix_transpose/bf16,GH200,tilelang,matrix_transpose,bf16,cfb07213f399d8eac04441a96551a1e9530dec498b7f33a7455b8c6fb1dadcac,"{""m"":4096,""n"":20480}",full,application,NVIDIA_GH200/matrix_transpose/tilelang_bf16.ncu-rep,56a7e6e385a3aab99f9280d5e79fb967d7a0c96a6b27f2de42dd8484b28f5ccc,hf_download,bcui2/NCU_report@21037737b7e371d38f3d029367dc3967d5b31a23,matched,documented:profiling_infra_only,1,params+winner from NCU catalogue | profiling source d6ddb622; formal CSV source c882fe50 (batched_matmul_autotune 3c5eccbf); only profiling infrastructure changed (PROVENANCE.md),ok,matrix_transpose_kernel_kernel,1,1,"{""BLOCK_TILE"": 64, ""threads"": 256}",2025.4.0.0 (build 36690805) (public-release),2026-Oct-04 03:23:36,13.1,/usr/local/cuda-13.1/nsight-compute-2025.4.0/target/linux-desktop-t210-a64/ncu --set full --import-source on --replay-mode application --cache-control none --app-replay-mode strict --profile-from-start off --kernel-name regex:^(?:matrix_transpose_kernel_kernel) --launch-skip 0 --launch-count 1 --force-overwrite -o /projects/kzhou6/bcui2/research/tilebench/Tilebench-gh200/outputs/ncu/GH200/matrix_transpose/tilelang_bf16 /projects/kzhou6/bcui2/env_software/miniconda3-aarch64/envs/tilebench++_env/bin/python /projects/kzhou6/bcui2/research/tilebench/Tilebench-gh200/scripts/profiling/ncu_generic_harness.py,0.1028,0.5588
GH200/tilelang/matrix_transpose/fp16,GH200,tilelang,matrix_transpose,fp16,4b6891116f904e9ebc1a350ffcc08c0bd9bd620d4769cb792e37a3a07d972bac,"{""m"":4096,""n"":20480}",full,application,NVIDIA_GH200/matrix_transpose/tilelang_fp16.ncu-rep,7548764b51bf089917e1ff0ffa5dec15bfb3ffd1bdfc1708c1e69579e7b01358,hf_download,bcui2/NCU_report@21037737b7e371d38f3d029367dc3967d5b31a23,matched,documented:profiling_infra_only,1,params+winner from NCU catalogue | profiling source d6ddb622; formal CSV source c882fe50 (batched_matmul_autotune 3c5eccbf); only profiling infrastructure changed (PROVENANCE.md),ok,matrix_transpose_kernel_kernel,1,1,"{""BLOCK_TILE"": 64, ""threads"": 256}",2025.4.0.0 (build 36690805) (public-release),2026-Oct-04 03:20:53,13.1,/usr/local/cuda-13.1/nsight-compute-2025.4.0/target/linux-desktop-t210-a64/ncu --set full --import-source on --replay-mode application --cache-control none --app-replay-mode strict --profile-from-start off --kernel-name regex:^(?:matrix_transpose_kernel_kernel) --launch-skip 0 --launch-count 1 --force-overwrite -o /projects/kzhou6/bcui2/research/tilebench/Tilebench-gh200/outputs/ncu/GH200/matrix_transpose/tilelang_fp16 /projects/kzhou6/bcui2/env_software/miniconda3-aarch64/envs/tilebench++_env/bin/python /projects/kzhou6/bcui2/research/tilebench/Tilebench-gh200/scripts/profiling/ncu_generic_harness.py,0.1018,0.5489
GH200/tilelang/matrix_transpose/fp32,GH200,tilelang,matrix_transpose,fp32,ef6fdd13ac674f4a711abc90bce71d455127995388f1c1b714a08411ca385739,"{""m"":4096,""n"":20480}",full,application,NVIDIA_GH200/matrix_transpose/tilelang_fp32.ncu-rep,4cbb38a0ec9d9d060421168be02fc0abd8e08411fa054a0e8d49241f590bfce5,hf_download,bcui2/NCU_report@21037737b7e371d38f3d029367dc3967d5b31a23,matched,documented:profiling_infra_only,1,params+winner from NCU catalogue | profiling source d6ddb622; formal CSV source c882fe50 (batched_matmul_autotune 3c5eccbf); only profiling infrastructure changed (PROVENANCE.md),ok,matrix_transpose_kernel_kernel,1,1,"{""BLOCK_TILE"": 64, ""threads"": 256}",2025.4.0.0 (build 36690805) (public-release),2026-Oct-04 03:26:03,13.1,/usr/local/cuda-13.1/nsight-compute-2025.4.0/target/linux-desktop-t210-a64/ncu --set full --import-source on --replay-mode application --cache-control none --app-replay-mode strict --profile-from-start off --kernel-name regex:^(?:matrix_transpose_kernel_kernel) --launch-skip 0 --launch-count 1 --force-overwrite -o /projects/kzhou6/bcui2/research/tilebench/Tilebench-gh200/outputs/ncu/GH200/matrix_transpose/tilelang_fp32 /projects/kzhou6/bcui2/env_software/miniconda3-aarch64/envs/tilebench++_env/bin/python /projects/kzhou6/bcui2/research/tilebench/Tilebench-gh200/scripts/profiling/ncu_generic_harness.py,0.1966,0.5900
GH200/tilelang/matrix_transpose/int8,GH200,tilelang,matrix_transpose,int8,b0a9def73f520aa90a925f176923718a10e6705991b6e536172684901f2c754c,"{""m"":4096,""n"":20480}",full,application,NVIDIA_GH200/matrix_transpose/tilelang_int8.ncu-rep,feb9e092dafb3543742d9170e48f9c6fb05ea4fef3eb33f2785a40d2c748990e,hf_download,bcui2/NCU_report@21037737b7e371d38f3d029367dc3967d5b31a23,matched,documented:profiling_infra_only,1,params+winner from NCU catalogue | profiling source d6ddb622; formal CSV source c882fe50 (batched_matmul_autotune 3c5eccbf); only profiling infrastructure changed (PROVENANCE.md),ok,matrix_transpose_kernel_kernel,1,1,"{""BLOCK_TILE"": 64, ""threads"": 128}",2025.4.0.0 (build 36690805) (public-release),2026-Oct-04 03:28:33,13.1,/usr/local/cuda-13.1/nsight-compute-2025.4.0/target/linux-desktop-t210-a64/ncu --set full --import-source on --replay-mode application --cache-control none --app-replay-mode strict --profile-from-start off --kernel-name regex:^(?:matrix_transpose_kernel_kernel) --launch-skip 0 --launch-count 1 --force-overwrite -o /projects/kzhou6/bcui2/research/tilebench/Tilebench-gh200/outputs/ncu/GH200/matrix_transpose/tilelang_int8 /projects/kzhou6/bcui2/env_software/miniconda3-aarch64/envs/tilebench++_env/bin/python /projects/kzhou6/bcui2/research/tilebench/Tilebench-gh200/scripts/profiling/ncu_generic_harness.py,0.0705,0.4783
GH200/triton/matrix_transpose/bf16,GH200,triton,matrix_transpose,bf16,cfb07213f399d8eac04441a96551a1e9530dec498b7f33a7455b8c6fb1dadcac,"{""m"":4096,""n"":20480}",full,application,NVIDIA_GH200/matrix_transpose/triton_bf16.ncu-rep,702350d1b1e530cf7e819892b059fb57e1ec7159d340af0dcec8483cf96798bf,hf_download,bcui2/NCU_report@21037737b7e371d38f3d029367dc3967d5b31a23,matched,documented:profiling_infra_only,1,params+winner from NCU catalogue | profiling source 638ea849; formal CSV source c882fe50 (batched_matmul_autotune 3c5eccbf); only profiling infrastructure changed (PROVENANCE.md),ok,transpose_kernel,1,1,"{""BLOCK_TILE"": 128, ""num_warps"": 2}",2025.4.0.0 (build 36690805) (public-release),2026-Oct-03 12:53:30,13.1,/usr/local/cuda-13.1/nsight-compute-2025.4.0/target/linux-desktop-t210-a64/ncu --set full --import-source on --replay-mode application --cache-control none --app-replay-mode strict --profile-from-start off --kernel-name regex:^(?:transpose_kernel) --launch-skip 0 --launch-count 1 --force-overwrite -o /projects/kzhou6/bcui2/research/tilebench/Tilebench-gh200/outputs/ncu/GH200/matrix_transpose/triton_bf16 /projects/kzhou6/bcui2/env_software/miniconda3-aarch64/envs/tilebench++_env/bin/python /projects/kzhou6/bcui2/research/tilebench/Tilebench-gh200/scripts/profiling/ncu_generic_harness.py,0.0971,0.5588
GH200/triton/matrix_transpose/fp16,GH200,triton,matrix_transpose,fp16,4b6891116f904e9ebc1a350ffcc08c0bd9bd620d4769cb792e37a3a07d972bac,"{""m"":4096,""n"":20480}",full,application,NVIDIA_GH200/matrix_transpose/triton_fp16.ncu-rep,7d18d80908764503d7a7e4693a75bb422a2f402d3e2b646774d62883871b8d59,hf_download,bcui2/NCU_report@21037737b7e371d38f3d029367dc3967d5b31a23,matched,documented:profiling_infra_only,1,params+winner from NCU catalogue | profiling source 638ea849; formal CSV source c882fe50 (batched_matmul_autotune 3c5eccbf); only profiling infrastructure changed (PROVENANCE.md),ok,transpose_kernel,1,1,"{""BLOCK_TILE"": 128, ""num_warps"": 2}",2025.4.0.0 (build 36690805) (public-release),2026-Oct-03 12:49:31,13.1,/usr/local/cuda-13.1/nsight-compute-2025.4.0/target/linux-desktop-t210-a64/ncu --set full --import-source on --replay-mode application --cache-control none --app-replay-mode strict --profile-from-start off --kernel-name regex:^(?:transpose_kernel) --launch-skip 0 --launch-count 1 --force-overwrite -o /projects/kzhou6/bcui2/research/tilebench/Tilebench-gh200/outputs/ncu/GH200/matrix_transpose/triton_fp16 /projects/kzhou6/bcui2/env_software/miniconda3-aarch64/envs/tilebench++_env/bin/python /projects/kzhou6/bcui2/research/tilebench/Tilebench-gh200/scripts/profiling/ncu_generic_harness.py,0.0964,0.5489
GH200/triton/matrix_transpose/fp32,GH200,triton,matrix_transpose,fp32,ef6fdd13ac674f4a711abc90bce71d455127995388f1c1b714a08411ca385739,"{""m"":4096,""n"":20480}",full,application,NVIDIA_GH200/matrix_transpose/triton_fp32.ncu-rep,309c8f67e77c11b682df0aaec10a5fd9414debc895fa468a3ef80f9d262bf1e0,hf_download,bcui2/NCU_report@21037737b7e371d38f3d029367dc3967d5b31a23,matched,documented:profiling_infra_only,1,params+winner from NCU catalogue | profiling source 638ea849; formal CSV source c882fe50 (batched_matmul_autotune 3c5eccbf); only profiling infrastructure changed (PROVENANCE.md),ok,transpose_kernel,1,1,"{""BLOCK_TILE"": 64, ""num_warps"": 8}",2025.4.0.0 (build 36690805) (public-release),2026-Oct-03 12:57:32,13.1,/usr/local/cuda-13.1/nsight-compute-2025.4.0/target/linux-desktop-t210-a64/ncu --set full --import-source on --replay-mode application --cache-control none --app-replay-mode strict --profile-from-start off --kernel-name regex:^(?:transpose_kernel) --launch-skip 0 --launch-count 1 --force-overwrite -o /projects/kzhou6/bcui2/research/tilebench/Tilebench-gh200/outputs/ncu/GH200/matrix_transpose/triton_fp32 /projects/kzhou6/bcui2/env_software/miniconda3-aarch64/envs/tilebench++_env/bin/python /projects/kzhou6/bcui2/research/tilebench/Tilebench-gh200/scripts/profiling/ncu_generic_harness.py,0.1912,0.5900
GH200/triton/matrix_transpose/int8,GH200,triton,matrix_transpose,int8,b0a9def73f520aa90a925f176923718a10e6705991b6e536172684901f2c754c,"{""m"":4096,""n"":20480}",full,application,NVIDIA_GH200/matrix_transpose/triton_int8.ncu-rep,608c7cd411ec29219eee206d6980cda7805ccc4fb6b004bdca288c81ec6db31a,hf_download,bcui2/NCU_report@21037737b7e371d38f3d029367dc3967d5b31a23,matched,documented:profiling_infra_only,1,params+winner from NCU catalogue | profiling source 638ea849; formal CSV source c882fe50 (batched_matmul_autotune 3c5eccbf); only profiling infrastructure changed (PROVENANCE.md),ok,transpose_kernel,1,1,"{""BLOCK_TILE"": 128, ""num_warps"": 8}",2025.4.0.0 (build 36690805) (public-release),2026-Oct-03 13:01:32,13.1,/usr/local/cuda-13.1/nsight-compute-2025.4.0/target/linux-desktop-t210-a64/ncu --set full --import-source on --replay-mode application --cache-control none --app-replay-mode strict --profile-from-start off --kernel-name regex:^(?:transpose_kernel) --launch-skip 0 --launch-count 1 --force-overwrite -o /projects/kzhou6/bcui2/research/tilebench/Tilebench-gh200/outputs/ncu/GH200/matrix_transpose/triton_int8 /projects/kzhou6/bcui2/env_software/miniconda3-aarch64/envs/tilebench++_env/bin/python /projects/kzhou6/bcui2/research/tilebench/Tilebench-gh200/scripts/profiling/ncu_generic_harness.py,0.0525,0.4783
GH200/cutile/mean_reduction/bf16,GH200,cutile,mean_reduction,bf16,9f24575e61ed017395356522ca79472e82dfa19477a51e54b698538d396c4b65,"{""M"":2048,""N"":20480}",full,application,NVIDIA_GH200/mean_reduction/cutile_bf16.ncu-rep,eb8c201c1406ed3200c5c27a7b875f31ed385addd72d30285dde9101b8589d8a,hf_download,bcui2/NCU_report@21037737b7e371d38f3d029367dc3967d5b31a23,matched,documented:profiling_infra_only,1,params+winner from NCU catalogue | profiling source 638ea849; formal CSV source c882fe50 (batched_matmul_autotune 3c5eccbf); only profiling infrastructure changed (PROVENANCE.md),ok,mean_rowwise_kernel_Kt1_A2bf16_1v8l0_2t1_3i16_p16_A2f32_1i16_3t1_p16_I20480_I2048,1,1,"{""occupancy"": 16, ""tile_size"": 2048}",2025.4.0.0 (build 36690805) (public-release),2026-Oct-03 13:11:31,13.1,/usr/local/cuda-13.1/nsight-compute-2025.4.0/target/linux-desktop-t210-a64/ncu --set full --import-source on --replay-mode application --cache-control none --app-replay-mode strict --profile-from-start off --kernel-name regex:^(?:mean_rowwise_kernel) --launch-skip 0 --launch-count 1 --force-overwrite -o /projects/kzhou6/bcui2/research/tilebench/Tilebench-gh200/outputs/ncu/GH200/mean_reduction/cutile_bf16 /projects/kzhou6/bcui2/env_software/miniconda3-aarch64/envs/tilebench++_env/bin/python /projects/kzhou6/bcui2/research/tilebench/Tilebench-gh200/scripts/profiling/ncu_generic_harness.py,0.0329,0.0371
GH200/cutile/mean_reduction/fp16,GH200,cutile,mean_reduction,fp16,a6091e10b4db17d1dbbb3bd9bbc1fa977457529183eb15e270e6b2aec1f871f2,"{""M"":2048,""N"":20480}",full,application,NVIDIA_GH200/mean_reduction/cutile_fp16.ncu-rep,74d492d874fe51bb28f20043427110987bd8946375a112c280e6a108bc1ab8fc,hf_download,bcui2/NCU_report@21037737b7e371d38f3d029367dc3967d5b31a23,matched,documented:profiling_infra_only,1,params+winner from NCU catalogue | profiling source 638ea849; formal CSV source c882fe50 (batched_matmul_autotune 3c5eccbf); only profiling infrastructure changed (PROVENANCE.md),ok,mean_rowwise_kernel_Kt1_A2f16_1v8l0_2t1_3i16_p16_A2f32_1i16_3t1_p16_I20480_I1024,1,1,"{""occupancy"": 8, ""tile_size"": 1024}",2025.4.0.0 (build 36690805) (public-release),2026-Oct-03 13:07:32,13.1,/usr/local/cuda-13.1/nsight-compute-2025.4.0/target/linux-desktop-t210-a64/ncu --set full --import-source on --replay-mode application --cache-control none --app-replay-mode strict --profile-from-start off --kernel-name regex:^(?:mean_rowwise_kernel) --launch-skip 0 --launch-count 1 --force-overwrite -o /projects/kzhou6/bcui2/research/tilebench/Tilebench-gh200/outputs/ncu/GH200/mean_reduction/cutile_fp16 /projects/kzhou6/bcui2/env_software/miniconda3-aarch64/envs/tilebench++_env/bin/python /projects/kzhou6/bcui2/research/tilebench/Tilebench-gh200/scripts/profiling/ncu_generic_harness.py,0.0325,0.0369
GH200/cutile/mean_reduction/fp32,GH200,cutile,mean_reduction,fp32,d22b4722c17c29bcb4808815bc4ab0165de7e0805b5fc2c57f1d34c90dd8bb0d,"{""M"":2048,""N"":20480}",full,application,NVIDIA_GH200/mean_reduction/cutile_fp32.ncu-rep,ed42036aa220f3b9a7c23e502a3a1c7c9387e6e38b1d60cd91fc9d43e6f94f83,hf_download,bcui2/NCU_report@21037737b7e371d38f3d029367dc3967d5b31a23,matched,documented:profiling_infra_only,1,params+winner from NCU catalogue | profiling source 638ea849; formal CSV source c882fe50 (batched_matmul_autotune 3c5eccbf); only profiling infrastructure changed (PROVENANCE.md),ok,mean_rowwise_kernel_Kt1_A2f32_1v4l0_2t1_3i16_p16_A2f32_1i16_3t1_p16_I20480_I512,1,1,"{""occupancy"": 16, ""tile_size"": 512}",2025.4.0.0 (build 36690805) (public-release),2026-Oct-03 13:15:31,13.1,/usr/local/cuda-13.1/nsight-compute-2025.4.0/target/linux-desktop-t210-a64/ncu --set full --import-source on --replay-mode application --cache-control none --app-replay-mode strict --profile-from-start off --kernel-name regex:^(?:mean_rowwise_kernel) --launch-skip 0 --launch-count 1 --force-overwrite -o /projects/kzhou6/bcui2/research/tilebench/Tilebench-gh200/outputs/ncu/GH200/mean_reduction/cutile_fp32 /projects/kzhou6/bcui2/env_software/miniconda3-aarch64/envs/tilebench++_env/bin/python /projects/kzhou6/bcui2/research/tilebench/Tilebench-gh200/scripts/profiling/ncu_generic_harness.py,0.0556,0.0597
GH200/tilelang/mean_reduction/bf16,GH200,tilelang,mean_reduction,bf16,9f24575e61ed017395356522ca79472e82dfa19477a51e54b698538d396c4b65,"{""M"":2048,""N"":20480}",full,application,NVIDIA_GH200/mean_reduction/tilelang_bf16.ncu-rep,9b8e657c76318b634149bc4bb240d8cebe5fe759bd27068207a60ce02c7db96d,hf_download,bcui2/NCU_report@21037737b7e371d38f3d029367dc3967d5b31a23,matched,documented:profiling_infra_only,1,params+winner from NCU catalogue | profiling source d6ddb622; formal CSV source c882fe50 (batched_matmul_autotune 3c5eccbf); only profiling infrastructure changed (PROVENANCE.md),ok,mean_reduction_kernel_kernel,1,1,"{""BLOCK_N"": 2048, ""num_stages"": 2, ""threads"": 256}",2025.4.0.0 (build 36690805) (public-release),2026-Oct-04 03:33:32,13.1,/usr/local/cuda-13.1/nsight-compute-2025.4.0/target/linux-desktop-t210-a64/ncu --set full --import-source on --replay-mode application --cache-control none --app-replay-mode strict --profile-from-start off --kernel-name regex:^(?:mean_reduction_kernel_kernel) --launch-skip 0 --launch-count 1 --force-overwrite -o /projects/kzhou6/bcui2/research/tilebench/Tilebench-gh200/outputs/ncu/GH200/mean_reduction/tilelang_bf16 /projects/kzhou6/bcui2/env_software/miniconda3-aarch64/envs/tilebench++_env/bin/python /projects/kzhou6/bcui2/research/tilebench/Tilebench-gh200/scripts/profiling/ncu_generic_harness.py,0.0316,0.0371
GH200/tilelang/mean_reduction/fp16,GH200,tilelang,mean_reduction,fp16,a6091e10b4db17d1dbbb3bd9bbc1fa977457529183eb15e270e6b2aec1f871f2,"{""M"":2048,""N"":20480}",full,application,NVIDIA_GH200/mean_reduction/tilelang_fp16.ncu-rep,20d7572040237cb686300cb7b3c93f85735e98b3d517130ccf9fd2b847abecab,hf_download,bcui2/NCU_report@21037737b7e371d38f3d029367dc3967d5b31a23,matched,documented:profiling_infra_only,1,params+winner from NCU catalogue | profiling source d6ddb622; formal CSV source c882fe50 (batched_matmul_autotune 3c5eccbf); only profiling infrastructure changed (PROVENANCE.md),ok,mean_reduction_kernel_kernel,1,1,"{""BLOCK_N"": 2048, ""num_stages"": 4, ""threads"": 256}",2025.4.0.0 (build 36690805) (public-release),2026-Oct-04 03:31:02,13.1,/usr/local/cuda-13.1/nsight-compute-2025.4.0/target/linux-desktop-t210-a64/ncu --set full --import-source on --replay-mode application --cache-control none --app-replay-mode strict --profile-from-start off --kernel-name regex:^(?:mean_reduction_kernel_kernel) --launch-skip 0 --launch-count 1 --force-overwrite -o /projects/kzhou6/bcui2/research/tilebench/Tilebench-gh200/outputs/ncu/GH200/mean_reduction/tilelang_fp16 /projects/kzhou6/bcui2/env_software/miniconda3-aarch64/envs/tilebench++_env/bin/python /projects/kzhou6/bcui2/research/tilebench/Tilebench-gh200/scripts/profiling/ncu_generic_harness.py,0.0325,0.0369
GH200/tilelang/mean_reduction/fp32,GH200,tilelang,mean_reduction,fp32,d22b4722c17c29bcb4808815bc4ab0165de7e0805b5fc2c57f1d34c90dd8bb0d,"{""M"":2048,""N"":20480}",full,application,NVIDIA_GH200/mean_reduction/tilelang_fp32.ncu-rep,f8bf81a7a676491fdb0f91a34c4728b3058adc5dd9573b81f9534944228ff85a,hf_download,bcui2/NCU_report@21037737b7e371d38f3d029367dc3967d5b31a23,matched,documented:profiling_infra_only,1,params+winner from NCU catalogue | profiling source d6ddb622; formal CSV source c882fe50 (batched_matmul_autotune 3c5eccbf); only profiling infrastructure changed (PROVENANCE.md),ok,mean_reduction_kernel_kernel,1,1,"{""BLOCK_N"": 2048, ""num_stages"": 2, ""threads"": 256}",2025.4.0.0 (build 36690805) (public-release),2026-Oct-04 03:36:02,13.1,/usr/local/cuda-13.1/nsight-compute-2025.4.0/target/linux-desktop-t210-a64/ncu --set full --import-source on --replay-mode application --cache-control none --app-replay-mode strict --profile-from-start off --kernel-name regex:^(?:mean_reduction_kernel_kernel) --launch-skip 0 --launch-count 1 --force-overwrite -o /projects/kzhou6/bcui2/research/tilebench/Tilebench-gh200/outputs/ncu/GH200/mean_reduction/tilelang_fp32 /projects/kzhou6/bcui2/env_software/miniconda3-aarch64/envs/tilebench++_env/bin/python /projects/kzhou6/bcui2/research/tilebench/Tilebench-gh200/scripts/profiling/ncu_generic_harness.py,0.0551,0.0597
GH200/triton/mean_reduction/bf16,GH200,triton,mean_reduction,bf16,9f24575e61ed017395356522ca79472e82dfa19477a51e54b698538d396c4b65,"{""M"":2048,""N"":20480}",full,application,NVIDIA_GH200/mean_reduction/triton_bf16.ncu-rep,352dfddc5080940c6d5a976c3a4396cf99c719155820cd235e4eb7ce625be2d7,hf_download,bcui2/NCU_report@21037737b7e371d38f3d029367dc3967d5b31a23,matched,documented:profiling_infra_only,1,params+winner from NCU catalogue | profiling source 638ea849; formal CSV source c882fe50 (batched_matmul_autotune 3c5eccbf); only profiling infrastructure changed (PROVENANCE.md),ok,mean_rowwise_kernel,1,1,"{""BLOCK_M"": 1, ""BLOCK_N"": 1024, ""num_warps"": 8}",2025.4.0.0 (build 36690805) (public-release),2026-Oct-03 13:09:34,13.1,/usr/local/cuda-13.1/nsight-compute-2025.4.0/target/linux-desktop-t210-a64/ncu --set full --import-source on --replay-mode application --cache-control none --app-replay-mode strict --profile-from-start off --kernel-name regex:^(?:mean_rowwise_kernel) --launch-skip 0 --launch-count 1 --force-overwrite -o /projects/kzhou6/bcui2/research/tilebench/Tilebench-gh200/outputs/ncu/GH200/mean_reduction/triton_bf16 /projects/kzhou6/bcui2/env_software/miniconda3-aarch64/envs/tilebench++_env/bin/python /projects/kzhou6/bcui2/research/tilebench/Tilebench-gh200/scripts/profiling/ncu_generic_harness.py,0.0320,0.0371
GH200/triton/mean_reduction/fp16,GH200,triton,mean_reduction,fp16,a6091e10b4db17d1dbbb3bd9bbc1fa977457529183eb15e270e6b2aec1f871f2,"{""M"":2048,""N"":20480}",full,application,NVIDIA_GH200/mean_reduction/triton_fp16.ncu-rep,828cac19b260767d35c2313575a0c786225b508e92b9453e7497ab638888147a,hf_download,bcui2/NCU_report@21037737b7e371d38f3d029367dc3967d5b31a23,matched,documented:profiling_infra_only,1,params+winner from NCU catalogue | profiling source 638ea849; formal CSV source c882fe50 (batched_matmul_autotune 3c5eccbf); only profiling infrastructure changed (PROVENANCE.md),ok,mean_rowwise_kernel,1,1,"{""BLOCK_M"": 1, ""BLOCK_N"": 1024, ""num_warps"": 4}",2025.4.0.0 (build 36690805) (public-release),2026-Oct-03 13:05:34,13.1,/usr/local/cuda-13.1/nsight-compute-2025.4.0/target/linux-desktop-t210-a64/ncu --set full --import-source on --replay-mode application --cache-control none --app-replay-mode strict --profile-from-start off --kernel-name regex:^(?:mean_rowwise_kernel) --launch-skip 0 --launch-count 1 --force-overwrite -o /projects/kzhou6/bcui2/research/tilebench/Tilebench-gh200/outputs/ncu/GH200/mean_reduction/triton_fp16 /projects/kzhou6/bcui2/env_software/miniconda3-aarch64/envs/tilebench++_env/bin/python /projects/kzhou6/bcui2/research/tilebench/Tilebench-gh200/scripts/profiling/ncu_generic_harness.py,0.0324,0.0369
GH200/triton/mean_reduction/fp32,GH200,triton,mean_reduction,fp32,d22b4722c17c29bcb4808815bc4ab0165de7e0805b5fc2c57f1d34c90dd8bb0d,"{""M"":2048,""N"":20480}",full,application,NVIDIA_GH200/mean_reduction/triton_fp32.ncu-rep,98507b1421b92736956c8ca7e177a8a72f58b804ef45ff66b8b89265d01764b9,hf_download,bcui2/NCU_report@21037737b7e371d38f3d029367dc3967d5b31a23,matched,documented:profiling_infra_only,1,params+winner from NCU catalogue | profiling source 638ea849; formal CSV source c882fe50 (batched_matmul_autotune 3c5eccbf); only profiling infrastructure changed (PROVENANCE.md),ok,mean_rowwise_kernel,1,1,"{""BLOCK_M"": 1, ""BLOCK_N"": 1024, ""num_warps"": 8}",2025.4.0.0 (build 36690805) (public-release),2026-Oct-03 13:13:33,13.1,/usr/local/cuda-13.1/nsight-compute-2025.4.0/target/linux-desktop-t210-a64/ncu --set full --import-source on --replay-mode application --cache-control none --app-replay-mode strict --profile-from-start off --kernel-name regex:^(?:mean_rowwise_kernel) --launch-skip 0 --launch-count 1 --force-overwrite -o /projects/kzhou6/bcui2/research/tilebench/Tilebench-gh200/outputs/ncu/GH200/mean_reduction/triton_fp32 /projects/kzhou6/bcui2/env_software/miniconda3-aarch64/envs/tilebench++_env/bin/python /projects/kzhou6/bcui2/research/tilebench/Tilebench-gh200/scripts/profiling/ncu_generic_harness.py,0.0557,0.0597
GH200/cutile/moe_topk_gating/bf16,GH200,cutile,moe_topk_gating,bf16,165d5cb9a39a52bfe94409e6b4fffa10161cefdc4d6ab94214d480571a3920c2,"{""E"":128,""M"":20480,""k"":2}",full,application,NVIDIA_GH200/moe_topk_gating/cutile_bf16.ncu-rep,089425ea263914322a58ccd1417e7ecacc9ea072f5b5a63721f242155eb11495,hf_download,bcui2/NCU_report@21037737b7e371d38f3d029367dc3967d5b31a23,matched,documented:profiling_infra_only,1,params+winner from NCU catalogue | profiling source 638ea849; formal CSV source c882fe50 (batched_matmul_autotune 3c5eccbf); only profiling infrastructure changed (PROVENANCE.md),ok,moe_topk_gating_kernel_Kt1_A2bf16_1v8l0_2t1_3i16_p16_A2bf16_1i16l0_2t1_p16_A2i32_1i16l0_2t1_p16_Si32_I2_I128_I2,1,1,"{""occupancy"": 8}",2025.4.0.0 (build 36690805) (public-release),2026-Oct-03 13:23:51,13.1,/usr/local/cuda-13.1/nsight-compute-2025.4.0/target/linux-desktop-t210-a64/ncu --set full --import-source on --replay-mode application --cache-control none --app-replay-mode strict --profile-from-start off --kernel-name regex:^(?:moe_topk_gating_kernel) --launch-skip 0 --launch-count 1 --force-overwrite -o /projects/kzhou6/bcui2/research/tilebench/Tilebench-gh200/outputs/ncu/GH200/moe_topk_gating/cutile_bf16 /projects/kzhou6/bcui2/env_software/miniconda3-aarch64/envs/tilebench++_env/bin/python /projects/kzhou6/bcui2/research/tilebench/Tilebench-gh200/scripts/profiling/ncu_generic_harness.py,0.0318,0.1423
GH200/cutile/moe_topk_gating/fp16,GH200,cutile,moe_topk_gating,fp16,ceecbeb85086f5217430077c0863c87691d72a2dd2e9a14f7e3a3aa1aca1f56d,"{""E"":128,""M"":20480,""k"":2}",full,application,NVIDIA_GH200/moe_topk_gating/cutile_fp16.ncu-rep,e10f10698f8ac8ba0701b87c100d7bf072e0ace376e282852de3a4e2bfd46ede,hf_download,bcui2/NCU_report@21037737b7e371d38f3d029367dc3967d5b31a23,matched,documented:profiling_infra_only,1,params+winner from NCU catalogue | profiling source 638ea849; formal CSV source c882fe50 (batched_matmul_autotune 3c5eccbf); only profiling infrastructure changed (PROVENANCE.md),ok,moe_topk_gating_kernel_Kt1_A2f16_1v8l0_2t1_3i16_p16_A2f16_1i16l0_2t1_p16_A2i32_1i16l0_2t1_p16_Si32_I2_I128_I2,1,1,"{""occupancy"": 32}",2025.4.0.0 (build 36690805) (public-release),2026-Oct-03 13:19:39,13.1,/usr/local/cuda-13.1/nsight-compute-2025.4.0/target/linux-desktop-t210-a64/ncu --set full --import-source on --replay-mode application --cache-control none --app-replay-mode strict --profile-from-start off --kernel-name regex:^(?:moe_topk_gating_kernel) --launch-skip 0 --launch-count 1 --force-overwrite -o /projects/kzhou6/bcui2/research/tilebench/Tilebench-gh200/outputs/ncu/GH200/moe_topk_gating/cutile_fp16 /projects/kzhou6/bcui2/env_software/miniconda3-aarch64/envs/tilebench++_env/bin/python /projects/kzhou6/bcui2/research/tilebench/Tilebench-gh200/scripts/profiling/ncu_generic_harness.py,0.0317,0.1302
GH200/cutile/moe_topk_gating/fp32,GH200,cutile,moe_topk_gating,fp32,8905ae12e9d2f3a8c4b3480a4c01859e834eb3ba4dbe01895f45034bae75e606,"{""E"":128,""M"":20480,""k"":2}",full,application,NVIDIA_GH200/moe_topk_gating/cutile_fp32.ncu-rep,120a5d0cdfda349fd34cd9b6be132146df9ca347ad2d77751cad68bce867f78e,hf_download,bcui2/NCU_report@21037737b7e371d38f3d029367dc3967d5b31a23,matched,documented:profiling_infra_only,1,params+winner from NCU catalogue | profiling source 638ea849; formal CSV source c882fe50 (batched_matmul_autotune 3c5eccbf); only profiling infrastructure changed (PROVENANCE.md),ok,moe_topk_gating_kernel_Kt1_A2f32_1v4l0_2t1_3i16_p16_A2f32_1i16l0_2t1_p16_A2i32_1i16l0_2t1_p16_Si32_I2_I128_I2,1,1,"{""occupancy"": 8}",2025.4.0.0 (build 36690805) (public-release),2026-Oct-03 13:28:01,13.1,/usr/local/cuda-13.1/nsight-compute-2025.4.0/target/linux-desktop-t210-a64/ncu --set full --import-source on --replay-mode application --cache-control none --app-replay-mode strict --profile-from-start off --kernel-name regex:^(?:moe_topk_gating_kernel) --launch-skip 0 --launch-count 1 --force-overwrite -o /projects/kzhou6/bcui2/research/tilebench/Tilebench-gh200/outputs/ncu/GH200/moe_topk_gating/cutile_fp32 /projects/kzhou6/bcui2/env_software/miniconda3-aarch64/envs/tilebench++_env/bin/python /projects/kzhou6/bcui2/research/tilebench/Tilebench-gh200/scripts/profiling/ncu_generic_harness.py,0.0315,0.1355
GH200/tilelang/moe_topk_gating/bf16,GH200,tilelang,moe_topk_gating,bf16,165d5cb9a39a52bfe94409e6b4fffa10161cefdc4d6ab94214d480571a3920c2,"{""E"":128,""M"":20480,""k"":2}",full,application,NVIDIA_GH200/moe_topk_gating/tilelang_bf16.ncu-rep,0916327fc606c9eb32118ac98717bb7533c0ffc18b0b0c7900f4e25fafc883b0,hf_download,bcui2/NCU_report@21037737b7e371d38f3d029367dc3967d5b31a23,matched,documented:profiling_infra_only,1,params+winner from NCU catalogue | profiling source d6ddb622; formal CSV source c882fe50 (batched_matmul_autotune 3c5eccbf); only profiling infrastructure changed (PROVENANCE.md),ok,moe_topk_gating_kernel_kernel,1,1,"{""threads"": 32}",2025.4.0.0 (build 36690805) (public-release),2026-Oct-04 03:41:24,13.1,/usr/local/cuda-13.1/nsight-compute-2025.4.0/target/linux-desktop-t210-a64/ncu --set full --import-source on --replay-mode application --cache-control none --app-replay-mode strict --profile-from-start off --kernel-name regex:^(?:moe_topk_gating_kernel_kernel) --launch-skip 0 --launch-count 1 --force-overwrite -o /projects/kzhou6/bcui2/research/tilebench/Tilebench-gh200/outputs/ncu/GH200/moe_topk_gating/tilelang_bf16 /projects/kzhou6/bcui2/env_software/miniconda3-aarch64/envs/tilebench++_env/bin/python /projects/kzhou6/bcui2/research/tilebench/Tilebench-gh200/scripts/profiling/ncu_generic_harness.py,0.0142,0.1423
GH200/tilelang/moe_topk_gating/fp16,GH200,tilelang,moe_topk_gating,fp16,ceecbeb85086f5217430077c0863c87691d72a2dd2e9a14f7e3a3aa1aca1f56d,"{""E"":128,""M"":20480,""k"":2}",full,application,NVIDIA_GH200/moe_topk_gating/tilelang_fp16.ncu-rep,6d3d9763258702c3ce354e593fc3053db5b62e2d9078c311489a76280b35bbf6,hf_download,bcui2/NCU_report@21037737b7e371d38f3d029367dc3967d5b31a23,matched,documented:profiling_infra_only,1,params+winner from NCU catalogue | profiling source d6ddb622; formal CSV source c882fe50 (batched_matmul_autotune 3c5eccbf); only profiling infrastructure changed (PROVENANCE.md),ok,moe_topk_gating_kernel_kernel,1,1,"{""threads"": 32}",2025.4.0.0 (build 36690805) (public-release),2026-Oct-04 03:38:43,13.1,/usr/local/cuda-13.1/nsight-compute-2025.4.0/target/linux-desktop-t210-a64/ncu --set full --import-source on --replay-mode application --cache-control none --app-replay-mode strict --profile-from-start off --kernel-name regex:^(?:moe_topk_gating_kernel_kernel) --launch-skip 0 --launch-count 1 --force-overwrite -o /projects/kzhou6/bcui2/research/tilebench/Tilebench-gh200/outputs/ncu/GH200/moe_topk_gating/tilelang_fp16 /projects/kzhou6/bcui2/env_software/miniconda3-aarch64/envs/tilebench++_env/bin/python /projects/kzhou6/bcui2/research/tilebench/Tilebench-gh200/scripts/profiling/ncu_generic_harness.py,0.0142,0.1302
GH200/tilelang/moe_topk_gating/fp32,GH200,tilelang,moe_topk_gating,fp32,8905ae12e9d2f3a8c4b3480a4c01859e834eb3ba4dbe01895f45034bae75e606,"{""E"":128,""M"":20480,""k"":2}",full,application,NVIDIA_GH200/moe_topk_gating/tilelang_fp32.ncu-rep,b0841b03c0821c3b4b23a6e0657c146693c8abfde07bfd04c71e07438c74fcfb,hf_download,bcui2/NCU_report@21037737b7e371d38f3d029367dc3967d5b31a23,matched,documented:profiling_infra_only,1,params+winner from NCU catalogue | profiling source d6ddb622; formal CSV source c882fe50 (batched_matmul_autotune 3c5eccbf); only profiling infrastructure changed (PROVENANCE.md),ok,moe_topk_gating_kernel_kernel,1,1,"{""threads"": 32}",2025.4.0.0 (build 36690805) (public-release),2026-Oct-04 03:44:04,13.1,/usr/local/cuda-13.1/nsight-compute-2025.4.0/target/linux-desktop-t210-a64/ncu --set full --import-source on --replay-mode application --cache-control none --app-replay-mode strict --profile-from-start off --kernel-name regex:^(?:moe_topk_gating_kernel_kernel) --launch-skip 0 --launch-count 1 --force-overwrite -o /projects/kzhou6/bcui2/research/tilebench/Tilebench-gh200/outputs/ncu/GH200/moe_topk_gating/tilelang_fp32 /projects/kzhou6/bcui2/env_software/miniconda3-aarch64/envs/tilebench++_env/bin/python /projects/kzhou6/bcui2/research/tilebench/Tilebench-gh200/scripts/profiling/ncu_generic_harness.py,0.0143,0.1355
GH200/triton/moe_topk_gating/bf16,GH200,triton,moe_topk_gating,bf16,165d5cb9a39a52bfe94409e6b4fffa10161cefdc4d6ab94214d480571a3920c2,"{""E"":128,""M"":20480,""k"":2}",full,application,NVIDIA_GH200/moe_topk_gating/triton_bf16.ncu-rep,0e047d148b43afe8d715f6e7c317aa8d1cba8d6c16f022923e6a823fa585930f,hf_download,bcui2/NCU_report@21037737b7e371d38f3d029367dc3967d5b31a23,matched,documented:profiling_infra_only,1,params+winner from NCU catalogue | profiling source 638ea849; formal CSV source c882fe50 (batched_matmul_autotune 3c5eccbf); only profiling infrastructure changed (PROVENANCE.md),ok,moe_topk_gating_kernel,1,1,"{""num_warps"": 1}",2025.4.0.0 (build 36690805) (public-release),2026-Oct-03 13:21:46,13.1,/usr/local/cuda-13.1/nsight-compute-2025.4.0/target/linux-desktop-t210-a64/ncu --set full --import-source on --replay-mode application --cache-control none --app-replay-mode strict --profile-from-start off --kernel-name regex:^(?:moe_topk_gating_kernel) --launch-skip 0 --launch-count 1 --force-overwrite -o /projects/kzhou6/bcui2/research/tilebench/Tilebench-gh200/outputs/ncu/GH200/moe_topk_gating/triton_bf16 /projects/kzhou6/bcui2/env_software/miniconda3-aarch64/envs/tilebench++_env/bin/python /projects/kzhou6/bcui2/research/tilebench/Tilebench-gh200/scripts/profiling/ncu_generic_harness.py,0.0142,0.1423
GH200/triton/moe_topk_gating/fp16,GH200,triton,moe_topk_gating,fp16,ceecbeb85086f5217430077c0863c87691d72a2dd2e9a14f7e3a3aa1aca1f56d,"{""E"":128,""M"":20480,""k"":2}",full,application,NVIDIA_GH200/moe_topk_gating/triton_fp16.ncu-rep,102e1b8f0ca9ca4c5e228b7c8479ed9ca2cacc9fa8af8fc724bcc18fb7b42ddc,hf_download,bcui2/NCU_report@21037737b7e371d38f3d029367dc3967d5b31a23,matched,documented:profiling_infra_only,1,params+winner from NCU catalogue | profiling source 638ea849; formal CSV source c882fe50 (batched_matmul_autotune 3c5eccbf); only profiling infrastructure changed (PROVENANCE.md),ok,moe_topk_gating_kernel,1,1,"{""num_warps"": 2}",2025.4.0.0 (build 36690805) (public-release),2026-Oct-03 13:17:37,13.1,/usr/local/cuda-13.1/nsight-compute-2025.4.0/target/linux-desktop-t210-a64/ncu --set full --import-source on --replay-mode application --cache-control none --app-replay-mode strict --profile-from-start off --kernel-name regex:^(?:moe_topk_gating_kernel) --launch-skip 0 --launch-count 1 --force-overwrite -o /projects/kzhou6/bcui2/research/tilebench/Tilebench-gh200/outputs/ncu/GH200/moe_topk_gating/triton_fp16 /projects/kzhou6/bcui2/env_software/miniconda3-aarch64/envs/tilebench++_env/bin/python /projects/kzhou6/bcui2/research/tilebench/Tilebench-gh200/scripts/profiling/ncu_generic_harness.py,0.0164,0.1302
GH200/triton/moe_topk_gating/fp32,GH200,triton,moe_topk_gating,fp32,8905ae12e9d2f3a8c4b3480a4c01859e834eb3ba4dbe01895f45034bae75e606,"{""E"":128,""M"":20480,""k"":2}",full,application,NVIDIA_GH200/moe_topk_gating/triton_fp32.ncu-rep,7f2ccdd1d25323dc95c7f12efbbef90bb307a0d0eeb8868dccb15baed6af3000,hf_download,bcui2/NCU_report@21037737b7e371d38f3d029367dc3967d5b31a23,matched,documented:profiling_infra_only,1,params+winner from NCU catalogue | profiling source 638ea849; formal CSV source c882fe50 (batched_matmul_autotune 3c5eccbf); only profiling infrastructure changed (PROVENANCE.md),ok,moe_topk_gating_kernel,1,1,"{""num_warps"": 1}",2025.4.0.0 (build 36690805) (public-release),2026-Oct-03 13:25:59,13.1,/usr/local/cuda-13.1/nsight-compute-2025.4.0/target/linux-desktop-t210-a64/ncu --set full --import-source on --replay-mode application --cache-control none --app-replay-mode strict --profile-from-start off --kernel-name regex:^(?:moe_topk_gating_kernel) --launch-skip 0 --launch-count 1 --force-overwrite -o /projects/kzhou6/bcui2/research/tilebench/Tilebench-gh200/outputs/ncu/GH200/moe_topk_gating/triton_fp32 /projects/kzhou6/bcui2/env_software/miniconda3-aarch64/envs/tilebench++_env/bin/python /projects/kzhou6/bcui2/research/tilebench/Tilebench-gh200/scripts/profiling/ncu_generic_harness.py,0.0143,0.1355
GH200/cutile/mul2/bf16,GH200,cutile,mul2,bf16,e8ed81309f5789f063c315bd91c6d1dfd6e611322b193e8b75af45ff01907978,"{""n"":20971520}",full,application,NVIDIA_GH200/mul2/cutile_bf16.ncu-rep,081c6cf5347baa4b2ac492aa52bebfa146aabb628111ef318795e8743766ee1b,hf_download,bcui2/NCU_report@21037737b7e371d38f3d029367dc3967d5b31a23,matched,documented:profiling_infra_only,1,params+winner from NCU catalogue | profiling source 638ea849; formal CSV source c882fe50 (batched_matmul_autotune 3c5eccbf); only profiling infrastructure changed (PROVENANCE.md),ok,mul2_kernel_Kt1_A1bf16_1i16t1_p16_A1bf16_1i16t1_p16_I1024,1,1,"{""occupancy"": 32, ""tile"": 1024}",2025.4.0.0 (build 36690805) (public-release),2026-Oct-03 13:35:59,13.1,/usr/local/cuda-13.1/nsight-compute-2025.4.0/target/linux-desktop-t210-a64/ncu --set full --import-source on --replay-mode application --cache-control none --app-replay-mode strict --profile-from-start off --kernel-name regex:^(?:mul2_kernel) --launch-skip 0 --launch-count 1 --force-overwrite -o /projects/kzhou6/bcui2/research/tilebench/Tilebench-gh200/outputs/ncu/GH200/mul2/cutile_bf16 /projects/kzhou6/bcui2/env_software/miniconda3-aarch64/envs/tilebench++_env/bin/python /projects/kzhou6/bcui2/research/tilebench/Tilebench-gh200/scripts/profiling/ncu_generic_harness.py,0.0272,0.0261
GH200/cutile/mul2/fp16,GH200,cutile,mul2,fp16,6556d965ae6079dd7e9e4b391fe257de0c9c02b71015d5d43f97e8ecc82ffec3,"{""n"":20971520}",full,application,NVIDIA_GH200/mul2/cutile_fp16.ncu-rep,272f7b955c9841b2e678beaddab4099bf710b8c1f23f36a258691693904210da,hf_download,bcui2/NCU_report@21037737b7e371d38f3d029367dc3967d5b31a23,matched,documented:profiling_infra_only,1,params+winner from NCU catalogue | profiling source 638ea849; formal CSV source c882fe50 (batched_matmul_autotune 3c5eccbf); only profiling infrastructure changed (PROVENANCE.md),ok,mul2_kernel_Kt1_A1f16_1i16t1_p16_A1f16_1i16t1_p16_I1024,1,1,"{""occupancy"": 8, ""tile"": 1024}",2025.4.0.0 (build 36690805) (public-release),2026-Oct-03 13:32:00,13.1,/usr/local/cuda-13.1/nsight-compute-2025.4.0/target/linux-desktop-t210-a64/ncu --set full --import-source on --replay-mode application --cache-control none --app-replay-mode strict --profile-from-start off --kernel-name regex:^(?:mul2_kernel) --launch-skip 0 --launch-count 1 --force-overwrite -o /projects/kzhou6/bcui2/research/tilebench/Tilebench-gh200/outputs/ncu/GH200/mul2/cutile_fp16 /projects/kzhou6/bcui2/env_software/miniconda3-aarch64/envs/tilebench++_env/bin/python /projects/kzhou6/bcui2/research/tilebench/Tilebench-gh200/scripts/profiling/ncu_generic_harness.py,0.0271,0.0264
GH200/cutile/mul2/fp32,GH200,cutile,mul2,fp32,a4db358b5fa1763492e4a4f22423463add703c41ef1c655a1f4be9e9f09f9823,"{""n"":20971520}",full,application,NVIDIA_GH200/mul2/cutile_fp32.ncu-rep,b7faa573b132708b383686773fa4429cc62f1cfe0bbe1d75915d7082c456e9a0,hf_download,bcui2/NCU_report@21037737b7e371d38f3d029367dc3967d5b31a23,matched,documented:profiling_infra_only,1,params+winner from NCU catalogue | profiling source 638ea849; formal CSV source c882fe50 (batched_matmul_autotune 3c5eccbf); only profiling infrastructure changed (PROVENANCE.md),ok,mul2_kernel_Kt1_A1f32_1i16t1_p16_A1f32_1i16t1_p16_I512,1,1,"{""occupancy"": 4, ""tile"": 512}",2025.4.0.0 (build 36690805) (public-release),2026-Oct-03 13:39:57,13.1,/usr/local/cuda-13.1/nsight-compute-2025.4.0/target/linux-desktop-t210-a64/ncu --set full --import-source on --replay-mode application --cache-control none --app-replay-mode strict --profile-from-start off --kernel-name regex:^(?:mul2_kernel) --launch-skip 0 --launch-count 1 --force-overwrite -o /projects/kzhou6/bcui2/research/tilebench/Tilebench-gh200/outputs/ncu/GH200/mul2/cutile_fp32 /projects/kzhou6/bcui2/env_software/miniconda3-aarch64/envs/tilebench++_env/bin/python /projects/kzhou6/bcui2/research/tilebench/Tilebench-gh200/scripts/profiling/ncu_generic_harness.py,0.0487,0.0496
GH200/cutile/mul2/int8,GH200,cutile,mul2,int8,36150d0b69d4ffb9f066f5bce3e83b12ffe3a6aed368ee32ef5993851a9004e2,"{""n"":20971520}",full,application,NVIDIA_GH200/mul2/cutile_int8.ncu-rep,d483d1d0f00aa191ac3753e6763c25908cf00c67a13777e0ad42f3357a409b18,hf_download,bcui2/NCU_report@21037737b7e371d38f3d029367dc3967d5b31a23,matched,documented:profiling_infra_only,1,params+winner from NCU catalogue | profiling source 638ea849; formal CSV source c882fe50 (batched_matmul_autotune 3c5eccbf); only profiling infrastructure changed (PROVENANCE.md),ok,mul2_kernel_Kt1_A1i8_1i16t1_p16_A1i8_1i16t1_p16_I2048,1,1,"{""occupancy"": 32, ""tile"": 2048}",2025.4.0.0 (build 36690805) (public-release),2026-Oct-03 13:44:00,13.1,/usr/local/cuda-13.1/nsight-compute-2025.4.0/target/linux-desktop-t210-a64/ncu --set full --import-source on --replay-mode application --cache-control none --app-replay-mode strict --profile-from-start off --kernel-name regex:^(?:mul2_kernel) --launch-skip 0 --launch-count 1 --force-overwrite -o /projects/kzhou6/bcui2/research/tilebench/Tilebench-gh200/outputs/ncu/GH200/mul2/cutile_int8 /projects/kzhou6/bcui2/env_software/miniconda3-aarch64/envs/tilebench++_env/bin/python /projects/kzhou6/bcui2/research/tilebench/Tilebench-gh200/scripts/profiling/ncu_generic_harness.py,0.0145,0.0155
GH200/tilelang/mul2/bf16,GH200,tilelang,mul2,bf16,e8ed81309f5789f063c315bd91c6d1dfd6e611322b193e8b75af45ff01907978,"{""n"":20971520}",full,application,NVIDIA_GH200/mul2/tilelang_bf16.ncu-rep,6a494270fd34cc0788874280a9bc8b129b9442120b1963004af6ff30c5a163bd,hf_download,bcui2/NCU_report@21037737b7e371d38f3d029367dc3967d5b31a23,matched,documented:profiling_infra_only,1,params+winner from NCU catalogue | profiling source d6ddb622; formal CSV source c882fe50 (batched_matmul_autotune 3c5eccbf); only profiling infrastructure changed (PROVENANCE.md),ok,mul2_kernel_kernel,1,1,"{""BLOCK_SIZE"": 2048, ""threads"": 256}",2025.4.0.0 (build 36690805) (public-release),2026-Oct-04 03:49:08,13.1,/usr/local/cuda-13.1/nsight-compute-2025.4.0/target/linux-desktop-t210-a64/ncu --set full --import-source on --replay-mode application --cache-control none --app-replay-mode strict --profile-from-start off --kernel-name regex:^(?:mul2_kernel_kernel) --launch-skip 0 --launch-count 1 --force-overwrite -o /projects/kzhou6/bcui2/research/tilebench/Tilebench-gh200/outputs/ncu/GH200/mul2/tilelang_bf16 /projects/kzhou6/bcui2/env_software/miniconda3-aarch64/envs/tilebench++_env/bin/python /projects/kzhou6/bcui2/research/tilebench/Tilebench-gh200/scripts/profiling/ncu_generic_harness.py,0.0262,0.0261
GH200/tilelang/mul2/fp16,GH200,tilelang,mul2,fp16,6556d965ae6079dd7e9e4b391fe257de0c9c02b71015d5d43f97e8ecc82ffec3,"{""n"":20971520}",full,application,NVIDIA_GH200/mul2/tilelang_fp16.ncu-rep,91ffcc41fbec6aece2ef7f8c9a0bdef5a0bc7b42b8b9a55e76d538fdf936161c,hf_download,bcui2/NCU_report@21037737b7e371d38f3d029367dc3967d5b31a23,matched,documented:profiling_infra_only,1,params+winner from NCU catalogue | profiling source d6ddb622; formal CSV source c882fe50 (batched_matmul_autotune 3c5eccbf); only profiling infrastructure changed (PROVENANCE.md),ok,mul2_kernel_kernel,1,1,"{""BLOCK_SIZE"": 2048, ""threads"": 64}",2025.4.0.0 (build 36690805) (public-release),2026-Oct-04 03:46:32,13.1,/usr/local/cuda-13.1/nsight-compute-2025.4.0/target/linux-desktop-t210-a64/ncu --set full --import-source on --replay-mode application --cache-control none --app-replay-mode strict --profile-from-start off --kernel-name regex:^(?:mul2_kernel_kernel) --launch-skip 0 --launch-count 1 --force-overwrite -o /projects/kzhou6/bcui2/research/tilebench/Tilebench-gh200/outputs/ncu/GH200/mul2/tilelang_fp16 /projects/kzhou6/bcui2/env_software/miniconda3-aarch64/envs/tilebench++_env/bin/python /projects/kzhou6/bcui2/research/tilebench/Tilebench-gh200/scripts/profiling/ncu_generic_harness.py,0.0263,0.0264
GH200/tilelang/mul2/fp32,GH200,tilelang,mul2,fp32,a4db358b5fa1763492e4a4f22423463add703c41ef1c655a1f4be9e9f09f9823,"{""n"":20971520}",full,application,NVIDIA_GH200/mul2/tilelang_fp32.ncu-rep,b433d4827dd3bdf329fee288f83a3e33f7d43f2c02b2978dc66e46542308ee59,hf_download,bcui2/NCU_report@21037737b7e371d38f3d029367dc3967d5b31a23,matched,documented:profiling_infra_only,1,params+winner from NCU catalogue | profiling source d6ddb622; formal CSV source c882fe50 (batched_matmul_autotune 3c5eccbf); only profiling infrastructure changed (PROVENANCE.md),ok,mul2_kernel_kernel,1,1,"{""BLOCK_SIZE"": 1024, ""threads"": 256}",2025.4.0.0 (build 36690805) (public-release),2026-Oct-04 03:51:34,13.1,/usr/local/cuda-13.1/nsight-compute-2025.4.0/target/linux-desktop-t210-a64/ncu --set full --import-source on --replay-mode application --cache-control none --app-replay-mode strict --profile-from-start off --kernel-name regex:^(?:mul2_kernel_kernel) --launch-skip 0 --launch-count 1 --force-overwrite -o /projects/kzhou6/bcui2/research/tilebench/Tilebench-gh200/outputs/ncu/GH200/mul2/tilelang_fp32 /projects/kzhou6/bcui2/env_software/miniconda3-aarch64/envs/tilebench++_env/bin/python /projects/kzhou6/bcui2/research/tilebench/Tilebench-gh200/scripts/profiling/ncu_generic_harness.py,0.0493,0.0496
GH200/tilelang/mul2/int8,GH200,tilelang,mul2,int8,36150d0b69d4ffb9f066f5bce3e83b12ffe3a6aed368ee32ef5993851a9004e2,"{""n"":20971520}",full,application,NVIDIA_GH200/mul2/tilelang_int8.ncu-rep,627dbc3836a311e9eba0871373d8d0d12d71ce74574f1092528ecc946f290d38,hf_download,bcui2/NCU_report@21037737b7e371d38f3d029367dc3967d5b31a23,matched,documented:profiling_infra_only,1,params+winner from NCU catalogue | profiling source d6ddb622; formal CSV source c882fe50 (batched_matmul_autotune 3c5eccbf); only profiling infrastructure changed (PROVENANCE.md),ok,mul2_kernel_kernel,1,1,"{""BLOCK_SIZE"": 2048, ""threads"": 128}",2025.4.0.0 (build 36690805) (public-release),2026-Oct-04 03:54:04,13.1,/usr/local/cuda-13.1/nsight-compute-2025.4.0/target/linux-desktop-t210-a64/ncu --set full --import-source on --replay-mode application --cache-control none --app-replay-mode strict --profile-from-start off --kernel-name regex:^(?:mul2_kernel_kernel) --launch-skip 0 --launch-count 1 --force-overwrite -o /projects/kzhou6/bcui2/research/tilebench/Tilebench-gh200/outputs/ncu/GH200/mul2/tilelang_int8 /projects/kzhou6/bcui2/env_software/miniconda3-aarch64/envs/tilebench++_env/bin/python /projects/kzhou6/bcui2/research/tilebench/Tilebench-gh200/scripts/profiling/ncu_generic_harness.py,0.0147,0.0155
GH200/triton/mul2/bf16,GH200,triton,mul2,bf16,e8ed81309f5789f063c315bd91c6d1dfd6e611322b193e8b75af45ff01907978,"{""n"":20971520}",full,application,NVIDIA_GH200/mul2/triton_bf16.ncu-rep,51a16816c8ea2f205479dab76ea287a3f67ab934ebf5cfedf98c93ccde8e5708,hf_download,bcui2/NCU_report@21037737b7e371d38f3d029367dc3967d5b31a23,matched,documented:profiling_infra_only,1,params+winner from NCU catalogue | profiling source 638ea849; formal CSV source c882fe50 (batched_matmul_autotune 3c5eccbf); only profiling infrastructure changed (PROVENANCE.md),ok,mul2_kernel,1,1,"{""BLOCK_SIZE"": 1024, ""num_warps"": 2}",2025.4.0.0 (build 36690805) (public-release),2026-Oct-03 13:34:01,13.1,/usr/local/cuda-13.1/nsight-compute-2025.4.0/target/linux-desktop-t210-a64/ncu --set full --import-source on --replay-mode application --cache-control none --app-replay-mode strict --profile-from-start off --kernel-name regex:^(?:mul2_kernel) --launch-skip 0 --launch-count 1 --force-overwrite -o /projects/kzhou6/bcui2/research/tilebench/Tilebench-gh200/outputs/ncu/GH200/mul2/triton_bf16 /projects/kzhou6/bcui2/env_software/miniconda3-aarch64/envs/tilebench++_env/bin/python /projects/kzhou6/bcui2/research/tilebench/Tilebench-gh200/scripts/profiling/ncu_generic_harness.py,0.0262,0.0261
GH200/triton/mul2/fp16,GH200,triton,mul2,fp16,6556d965ae6079dd7e9e4b391fe257de0c9c02b71015d5d43f97e8ecc82ffec3,"{""n"":20971520}",full,application,NVIDIA_GH200/mul2/triton_fp16.ncu-rep,232df613da11cf7a9e307cb5a038c42a9f5bc2553706a2e1bf6f5d70c50000f1,hf_download,bcui2/NCU_report@21037737b7e371d38f3d029367dc3967d5b31a23,matched,documented:profiling_infra_only,1,params+winner from NCU catalogue | profiling source 638ea849; formal CSV source c882fe50 (batched_matmul_autotune 3c5eccbf); only profiling infrastructure changed (PROVENANCE.md),ok,mul2_kernel,1,1,"{""BLOCK_SIZE"": 2048, ""num_warps"": 8}",2025.4.0.0 (build 36690805) (public-release),2026-Oct-03 13:30:03,13.1,/usr/local/cuda-13.1/nsight-compute-2025.4.0/target/linux-desktop-t210-a64/ncu --set full --import-source on --replay-mode application --cache-control none --app-replay-mode strict --profile-from-start off --kernel-name regex:^(?:mul2_kernel) --launch-skip 0 --launch-count 1 --force-overwrite -o /projects/kzhou6/bcui2/research/tilebench/Tilebench-gh200/outputs/ncu/GH200/mul2/triton_fp16 /projects/kzhou6/bcui2/env_software/miniconda3-aarch64/envs/tilebench++_env/bin/python /projects/kzhou6/bcui2/research/tilebench/Tilebench-gh200/scripts/profiling/ncu_generic_harness.py,0.0262,0.0264
GH200/triton/mul2/fp32,GH200,triton,mul2,fp32,a4db358b5fa1763492e4a4f22423463add703c41ef1c655a1f4be9e9f09f9823,"{""n"":20971520}",full,application,NVIDIA_GH200/mul2/triton_fp32.ncu-rep,dd3f88a8c746dd7ce7f53ce1b6bf3d6f15255551a85c47bcd22dfd8f02d7e73e,hf_download,bcui2/NCU_report@21037737b7e371d38f3d029367dc3967d5b31a23,matched,documented:profiling_infra_only,1,params+winner from NCU catalogue | profiling source 638ea849; formal CSV source c882fe50 (batched_matmul_autotune 3c5eccbf); only profiling infrastructure changed (PROVENANCE.md),ok,mul2_kernel,1,1,"{""BLOCK_SIZE"": 2048, ""num_warps"": 2}",2025.4.0.0 (build 36690805) (public-release),2026-Oct-03 13:38:01,13.1,/usr/local/cuda-13.1/nsight-compute-2025.4.0/target/linux-desktop-t210-a64/ncu --set full --import-source on --replay-mode application --cache-control none --app-replay-mode strict --profile-from-start off --kernel-name regex:^(?:mul2_kernel) --launch-skip 0 --launch-count 1 --force-overwrite -o /projects/kzhou6/bcui2/research/tilebench/Tilebench-gh200/outputs/ncu/GH200/mul2/triton_fp32 /projects/kzhou6/bcui2/env_software/miniconda3-aarch64/envs/tilebench++_env/bin/python /projects/kzhou6/bcui2/research/tilebench/Tilebench-gh200/scripts/profiling/ncu_generic_harness.py,0.0492,0.0496
GH200/triton/mul2/int8,GH200,triton,mul2,int8,36150d0b69d4ffb9f066f5bce3e83b12ffe3a6aed368ee32ef5993851a9004e2,"{""n"":20971520}",full,application,NVIDIA_GH200/mul2/triton_int8.ncu-rep,5b838dc210708eb3cc46217de659b0f5fd93aea0f35f27ef6894520c236a0909,hf_download,bcui2/NCU_report@21037737b7e371d38f3d029367dc3967d5b31a23,matched,documented:profiling_infra_only,1,params+winner from NCU catalogue | profiling source 638ea849; formal CSV source c882fe50 (batched_matmul_autotune 3c5eccbf); only profiling infrastructure changed (PROVENANCE.md),ok,mul2_kernel,1,1,"{""BLOCK_SIZE"": 2048, ""num_warps"": 2}",2025.4.0.0 (build 36690805) (public-release),2026-Oct-03 13:42:00,13.1,/usr/local/cuda-13.1/nsight-compute-2025.4.0/target/linux-desktop-t210-a64/ncu --set full --import-source on --replay-mode application --cache-control none --app-replay-mode strict --profile-from-start off --kernel-name regex:^(?:mul2_kernel) --launch-skip 0 --launch-count 1 --force-overwrite -o /projects/kzhou6/bcui2/research/tilebench/Tilebench-gh200/outputs/ncu/GH200/mul2/triton_int8 /projects/kzhou6/bcui2/env_software/miniconda3-aarch64/envs/tilebench++_env/bin/python /projects/kzhou6/bcui2/research/tilebench/Tilebench-gh200/scripts/profiling/ncu_generic_harness.py,0.0143,0.0155
GH200/cutile/quantize_global/fp32,GH200,cutile,quantize_global,fp32,a63b18e219c3c4edeb3d6e41f5ba11c90a2f9ed4f9318e84b7cdbb8b0fd158a7,"{""n"":20971520}",full,application,NVIDIA_GH200/quantize_global/cutile_fp32.ncu-rep,183ee7d35a7c1d5b2a18a8a39bd5c0ba9376da38f0d8276c1b76f8a205a98755,hf_download,bcui2/NCU_report@21037737b7e371d38f3d029367dc3967d5b31a23,matched,documented:profiling_infra_only,1,params+winner from NCU catalogue | profiling source 638ea849; formal CSV source c882fe50 (batched_matmul_autotune 3c5eccbf); only profiling infrastructure changed (PROVENANCE.md),ok,quantize_kernel_Kt1_A1f32_1i16t1_p16_A1f16_1i16t1_p16_I4096,1,1,"{""occupancy"": 8, ""tile"": 4096}",2025.4.0.0 (build 36690805) (public-release),2026-Oct-03 13:47:59,13.1,/usr/local/cuda-13.1/nsight-compute-2025.4.0/target/linux-desktop-t210-a64/ncu --set full --import-source on --replay-mode application --cache-control none --app-replay-mode strict --profile-from-start off --kernel-name regex:^(?:quantize_kernel) --launch-skip 0 --launch-count 1 --force-overwrite -o /projects/kzhou6/bcui2/research/tilebench/Tilebench-gh200/outputs/ncu/GH200/quantize_global/cutile_fp32 /projects/kzhou6/bcui2/env_software/miniconda3-aarch64/envs/tilebench++_env/bin/python /projects/kzhou6/bcui2/research/tilebench/Tilebench-gh200/scripts/profiling/ncu_generic_harness.py,0.0383,0.0382
GH200/tilelang/quantize_global/fp32,GH200,tilelang,quantize_global,fp32,a63b18e219c3c4edeb3d6e41f5ba11c90a2f9ed4f9318e84b7cdbb8b0fd158a7,"{""n"":20971520}",full,application,NVIDIA_GH200/quantize_global/tilelang_fp32.ncu-rep,9f82026c1499bf6f419f69458d7b2dea88cdd25d2422141c35226467a4acc5d2,hf_download,bcui2/NCU_report@21037737b7e371d38f3d029367dc3967d5b31a23,matched,documented:profiling_infra_only,1,params+winner from NCU catalogue | profiling source d6ddb622; formal CSV source c882fe50 (batched_matmul_autotune 3c5eccbf); only profiling infrastructure changed (PROVENANCE.md),ok,quantize_global_kernel_kernel,1,1,"{""BLOCK_SIZE"": 8192, ""threads"": 128}",2025.4.0.0 (build 36690805) (public-release),2026-Oct-04 03:56:31,13.1,/usr/local/cuda-13.1/nsight-compute-2025.4.0/target/linux-desktop-t210-a64/ncu --set full --import-source on --replay-mode application --cache-control none --app-replay-mode strict --profile-from-start off --kernel-name regex:^(?:quantize_global_kernel_kernel) --launch-skip 0 --launch-count 1 --force-overwrite -o /projects/kzhou6/bcui2/research/tilebench/Tilebench-gh200/outputs/ncu/GH200/quantize_global/tilelang_fp32 /projects/kzhou6/bcui2/env_software/miniconda3-aarch64/envs/tilebench++_env/bin/python /projects/kzhou6/bcui2/research/tilebench/Tilebench-gh200/scripts/profiling/ncu_generic_harness.py,0.0380,0.0382
GH200/triton/quantize_global/fp32,GH200,triton,quantize_global,fp32,a63b18e219c3c4edeb3d6e41f5ba11c90a2f9ed4f9318e84b7cdbb8b0fd158a7,"{""n"":20971520}",full,application,NVIDIA_GH200/quantize_global/triton_fp32.ncu-rep,5c35d4bd5519428178cd69e6a48c6922af4d27671cb68a1d08fcaedf6936fd13,hf_download,bcui2/NCU_report@21037737b7e371d38f3d029367dc3967d5b31a23,matched,documented:profiling_infra_only,1,params+winner from NCU catalogue | profiling source 638ea849; formal CSV source c882fe50 (batched_matmul_autotune 3c5eccbf); only profiling infrastructure changed (PROVENANCE.md),ok,quantize_kernel,1,1,"{""BLOCK_SIZE"": 2048, ""num_warps"": 4}",2025.4.0.0 (build 36690805) (public-release),2026-Oct-03 13:46:02,13.1,/usr/local/cuda-13.1/nsight-compute-2025.4.0/target/linux-desktop-t210-a64/ncu --set full --import-source on --replay-mode application --cache-control none --app-replay-mode strict --profile-from-start off --kernel-name regex:^(?:quantize_kernel) --launch-skip 0 --launch-count 1 --force-overwrite -o /projects/kzhou6/bcui2/research/tilebench/Tilebench-gh200/outputs/ncu/GH200/quantize_global/triton_fp32 /projects/kzhou6/bcui2/env_software/miniconda3-aarch64/envs/tilebench++_env/bin/python /projects/kzhou6/bcui2/research/tilebench/Tilebench-gh200/scripts/profiling/ncu_generic_harness.py,0.0386,0.0382
GH200/cutile/radix_sort/int32,GH200,cutile,radix_sort,int32,0c49770544eaebb78f5fa7ea256dcd378f05dd0b876de5a97d10b315ed0d77fd,"{""n"":20000000}",full,application,NVIDIA_GH200/radix_sort/cutile_int32.ncu-rep,96b7bb0c4690291ae2917b984fe4e421f47e74ff9cda041e5cfd6bc9af5e73be,hf_download,bcui2/NCU_report@21037737b7e371d38f3d029367dc3967d5b31a23,matched,documented:profiling_infra_only,80,params+winner from NCU catalogue | profiling source 638ea849; formal CSV source c882fe50 (batched_matmul_autotune 3c5eccbf); only profiling infrastructure changed (PROVENANCE.md),ok,radix_histogram_kernel_Kt1_A1i32_1i16t1_p16_A1i32_1i16t1_p16_Si32_Si32_Si32_I1024_I4_I16_I65535;radix_scan_chunk_sums_kernel_Kt1_A1i32_1t1_p16_I1024;radix_scan_chunks_kernel_Kt1_A1i32_1i16t1_p16_A1i32_1t1_p16_I1024;radix_scatter_kernel_Kt1_A1i32_1i16t1_p16_A1i32_1i16t1_p16_A1i32_1i16t1_p16_Si32_Si32_Si32_I1024_I4_I16_I65535;radix_sum_chunks_kernel_Kt1_A1i32_1i16t1_p16_A1i32_1t1_p16_I1024,80,80,"{""occupancy"": 4}",2025.4.0.0 (build 36690805) (public-release),2026-Oct-03 14:04:15,13.1,/usr/local/cuda-13.1/nsight-compute-2025.4.0/target/linux-desktop-t210-a64/ncu --set full --import-source on --replay-mode application --cache-control none --app-replay-mode strict --profile-from-start off --kernel-name regex:^(?:radix_histogram_kernel|radix_scan_chunk_sums_kernel|radix_scan_chunks_kernel|radix_scatter_kernel|radix_sum_chunks_kernel) --launch-skip 0 --launch-count 80 --force-overwrite -o /projects/kzhou6/bcui2/research/tilebench/Tilebench-gh200/outputs/ncu/GH200/radix_sort/cutile_int32 /projects/kzhou6/bcui2/env_software/miniconda3-aarch64/envs/tilebench++_env/bin/python /projects/kzhou6/bcui2/research/tilebench/Tilebench-gh200/scripts/profiling/ncu_generic_harness.py,2.7247,0.9161
GH200/tilelang/radix_sort/int32,GH200,tilelang,radix_sort,int32,0c49770544eaebb78f5fa7ea256dcd378f05dd0b876de5a97d10b315ed0d77fd,"{""n"":20000000}",full,application,NVIDIA_GH200/radix_sort/tilelang_int32.ncu-rep,fb581daaf152c95c90e63b68a3b72562ed81faaded95be02d788ad9fbdadf4f5,hf_download,bcui2/NCU_report@21037737b7e371d38f3d029367dc3967d5b31a23,matched,documented:profiling_infra_only,80,params+winner from NCU catalogue | profiling source d6ddb622; formal CSV source c882fe50 (batched_matmul_autotune 3c5eccbf); only profiling infrastructure changed (PROVENANCE.md),ok,main_kernel,80,80,"{""threads"": 64}",2025.4.0.0 (build 36690805) (public-release),2026-Oct-04 04:05:22,13.1,/usr/local/cuda-13.1/nsight-compute-2025.4.0/target/linux-desktop-t210-a64/ncu --set full --import-source on --replay-mode application --cache-control none --app-replay-mode strict --profile-from-start off --kernel-name regex:^(?:main_kernel) --launch-skip 0 --launch-count 80 --force-overwrite -o /projects/kzhou6/bcui2/research/tilebench/Tilebench-gh200/outputs/ncu/GH200/radix_sort/tilelang_int32 /projects/kzhou6/bcui2/env_software/miniconda3-aarch64/envs/tilebench++_env/bin/python /projects/kzhou6/bcui2/research/tilebench/Tilebench-gh200/scripts/profiling/ncu_generic_harness.py,2.2977,0.9161
GH200/triton/radix_sort/int32,GH200,triton,radix_sort,int32,0c49770544eaebb78f5fa7ea256dcd378f05dd0b876de5a97d10b315ed0d77fd,"{""n"":20000000}",full,application,NVIDIA_GH200/radix_sort/triton_int32.ncu-rep,fdfbdb347608faf26729b08ed4cf40e6920897192a4c9300ebd6d8de121cfa1d,hf_download,bcui2/NCU_report@21037737b7e371d38f3d029367dc3967d5b31a23,matched,documented:profiling_infra_only,80,params+winner from NCU catalogue | profiling source 638ea849; formal CSV source c882fe50 (batched_matmul_autotune 3c5eccbf); only profiling infrastructure changed (PROVENANCE.md),ok,radix_histogram_kernel;radix_scan_chunk_sums_kernel;radix_scan_chunks_kernel;radix_scatter_kernel;radix_sum_chunks_kernel,80,80,"{""num_warps"": 8}",2025.4.0.0 (build 36690805) (public-release),2026-Oct-03 13:56:00,13.1,/usr/local/cuda-13.1/nsight-compute-2025.4.0/target/linux-desktop-t210-a64/ncu --set full --import-source on --replay-mode application --cache-control none --app-replay-mode strict --profile-from-start off --kernel-name regex:^(?:radix_histogram_kernel|radix_scan_chunk_sums_kernel|radix_scan_chunks_kernel|radix_scatter_kernel|radix_sum_chunks_kernel) --launch-skip 0 --launch-count 80 --force-overwrite -o /projects/kzhou6/bcui2/research/tilebench/Tilebench-gh200/outputs/ncu/GH200/radix_sort/triton_int32 /projects/kzhou6/bcui2/env_software/miniconda3-aarch64/envs/tilebench++_env/bin/python /projects/kzhou6/bcui2/research/tilebench/Tilebench-gh200/scripts/profiling/ncu_generic_harness.py,1.4878,0.9161
GH200/cutile/relu/bf16,GH200,cutile,relu,bf16,59a0dd09a0b907abe95a67d37453c56ae5488f682636157bf8421d031562479f,"{""n"":20971520}",full,application,NVIDIA_GH200/relu/cutile_bf16.ncu-rep,c52a5501356f3b1fc1dc0d8d9fd58e0e63870ea9d190397d7f16e53990724e10,hf_download,bcui2/NCU_report@21037737b7e371d38f3d029367dc3967d5b31a23,matched,documented:profiling_infra_only,1,params+winner from NCU catalogue | profiling source 638ea849; formal CSV source c882fe50 (batched_matmul_autotune 3c5eccbf); only profiling infrastructure changed (PROVENANCE.md),ok,relu_kernel_Kt1_A1bf16_1i16t1_p16_A1bf16_1i16t1_p16_I2048,1,1,"{""occupancy"": 32, ""tile"": 2048}",2025.4.0.0 (build 36690805) (public-release),2026-Oct-03 14:12:27,13.1,/usr/local/cuda-13.1/nsight-compute-2025.4.0/target/linux-desktop-t210-a64/ncu --set full --import-source on --replay-mode application --cache-control none --app-replay-mode strict --profile-from-start off --kernel-name regex:^(?:relu_kernel) --launch-skip 0 --launch-count 1 --force-overwrite -o /projects/kzhou6/bcui2/research/tilebench/Tilebench-gh200/outputs/ncu/GH200/relu/cutile_bf16 /projects/kzhou6/bcui2/env_software/miniconda3-aarch64/envs/tilebench++_env/bin/python /projects/kzhou6/bcui2/research/tilebench/Tilebench-gh200/scripts/profiling/ncu_generic_harness.py,0.0259,0.0268
GH200/cutile/relu/fp16,GH200,cutile,relu,fp16,4ea49cd597817337590ac3da83c69ae5c9ef33fded4db17f1875d2cc9707dad9,"{""n"":20971520}",full,application,NVIDIA_GH200/relu/cutile_fp16.ncu-rep,66b159e78d01ab36188fc2d439388354d0208ff284ba0a35e35223c9879865bd,hf_download,bcui2/NCU_report@21037737b7e371d38f3d029367dc3967d5b31a23,matched,documented:profiling_infra_only,1,params+winner from NCU catalogue | profiling source 638ea849; formal CSV source c882fe50 (batched_matmul_autotune 3c5eccbf); only profiling infrastructure changed (PROVENANCE.md),ok,relu_kernel_Kt1_A1f16_1i16t1_p16_A1f16_1i16t1_p16_I2048,1,1,"{""occupancy"": 32, ""tile"": 2048}",2025.4.0.0 (build 36690805) (public-release),2026-Oct-03 14:08:27,13.1,/usr/local/cuda-13.1/nsight-compute-2025.4.0/target/linux-desktop-t210-a64/ncu --set full --import-source on --replay-mode application --cache-control none --app-replay-mode strict --profile-from-start off --kernel-name regex:^(?:relu_kernel) --launch-skip 0 --launch-count 1 --force-overwrite -o /projects/kzhou6/bcui2/research/tilebench/Tilebench-gh200/outputs/ncu/GH200/relu/cutile_fp16 /projects/kzhou6/bcui2/env_software/miniconda3-aarch64/envs/tilebench++_env/bin/python /projects/kzhou6/bcui2/research/tilebench/Tilebench-gh200/scripts/profiling/ncu_generic_harness.py,0.0262,0.0273
GH200/cutile/relu/fp32,GH200,cutile,relu,fp32,fe65c8672056e95d9d398b21b2accdcee062ea2e0a1ba1383e64f8ec5f3c259f,"{""n"":20971520}",full,application,NVIDIA_GH200/relu/cutile_fp32.ncu-rep,f11ffcfe4637ee0ebcdd97b2bdaaeb7ed6f7735308490e02dbd77193c84ab1b5,hf_download,bcui2/NCU_report@21037737b7e371d38f3d029367dc3967d5b31a23,matched,documented:profiling_infra_only,1,params+winner from NCU catalogue | profiling source 638ea849; formal CSV source c882fe50 (batched_matmul_autotune 3c5eccbf); only profiling infrastructure changed (PROVENANCE.md),ok,relu_kernel_Kt1_A1f32_1i16t1_p16_A1f32_1i16t1_p16_I512,1,1,"{""occupancy"": 4, ""tile"": 512}",2025.4.0.0 (build 36690805) (public-release),2026-Oct-03 14:16:25,13.1,/usr/local/cuda-13.1/nsight-compute-2025.4.0/target/linux-desktop-t210-a64/ncu --set full --import-source on --replay-mode application --cache-control none --app-replay-mode strict --profile-from-start off --kernel-name regex:^(?:relu_kernel) --launch-skip 0 --launch-count 1 --force-overwrite -o /projects/kzhou6/bcui2/research/tilebench/Tilebench-gh200/outputs/ncu/GH200/relu/cutile_fp32 /projects/kzhou6/bcui2/env_software/miniconda3-aarch64/envs/tilebench++_env/bin/python /projects/kzhou6/bcui2/research/tilebench/Tilebench-gh200/scripts/profiling/ncu_generic_harness.py,0.0489,0.0488
GH200/cutile/relu/int8,GH200,cutile,relu,int8,0aaec6709e6cbe3ae35d7d0e3c73fd82e386af4b267b345e2a9dc79ba310c371,"{""n"":20971520}",full,application,NVIDIA_GH200/relu/cutile_int8.ncu-rep,282f608bcc0a791475b0c80c4d655fdaebfc7e6a4201655f1d4f95c1976b83de,hf_download,bcui2/NCU_report@21037737b7e371d38f3d029367dc3967d5b31a23,matched,documented:profiling_infra_only,1,params+winner from NCU catalogue | profiling source 638ea849; formal CSV source c882fe50 (batched_matmul_autotune 3c5eccbf); only profiling infrastructure changed (PROVENANCE.md),ok,relu_kernel_Kt1_A1i8_1i16t1_p16_A1i8_1i16t1_p16_I2048,1,1,"{""occupancy"": 16, ""tile"": 2048}",2025.4.0.0 (build 36690805) (public-release),2026-Oct-03 14:20:26,13.1,/usr/local/cuda-13.1/nsight-compute-2025.4.0/target/linux-desktop-t210-a64/ncu --set full --import-source on --replay-mode application --cache-control none --app-replay-mode strict --profile-from-start off --kernel-name regex:^(?:relu_kernel) --launch-skip 0 --launch-count 1 --force-overwrite -o /projects/kzhou6/bcui2/research/tilebench/Tilebench-gh200/outputs/ncu/GH200/relu/cutile_int8 /projects/kzhou6/bcui2/env_software/miniconda3-aarch64/envs/tilebench++_env/bin/python /projects/kzhou6/bcui2/research/tilebench/Tilebench-gh200/scripts/profiling/ncu_generic_harness.py,0.0147,0.0155
GH200/tilelang/relu/bf16,GH200,tilelang,relu,bf16,59a0dd09a0b907abe95a67d37453c56ae5488f682636157bf8421d031562479f,"{""n"":20971520}",full,application,NVIDIA_GH200/relu/tilelang_bf16.ncu-rep,75221b4805b74738f548566c8e43011f3e7c0b4ddcd8f01b3a0958855d149105,hf_download,bcui2/NCU_report@21037737b7e371d38f3d029367dc3967d5b31a23,matched,documented:profiling_infra_only,1,params+winner from NCU catalogue | profiling source d6ddb622; formal CSV source c882fe50 (batched_matmul_autotune 3c5eccbf); only profiling infrastructure changed (PROVENANCE.md),ok,relu_kernel_kernel,1,1,"{""BLOCK_SIZE"": 1024, ""threads"": 64}",2025.4.0.0 (build 36690805) (public-release),2026-Oct-04 04:10:27,13.1,/usr/local/cuda-13.1/nsight-compute-2025.4.0/target/linux-desktop-t210-a64/ncu --set full --import-source on --replay-mode application --cache-control none --app-replay-mode strict --profile-from-start off --kernel-name regex:^(?:relu_kernel_kernel) --launch-skip 0 --launch-count 1 --force-overwrite -o /projects/kzhou6/bcui2/research/tilebench/Tilebench-gh200/outputs/ncu/GH200/relu/tilelang_bf16 /projects/kzhou6/bcui2/env_software/miniconda3-aarch64/envs/tilebench++_env/bin/python /projects/kzhou6/bcui2/research/tilebench/Tilebench-gh200/scripts/profiling/ncu_generic_harness.py,0.0258,0.0268
GH200/tilelang/relu/fp16,GH200,tilelang,relu,fp16,4ea49cd597817337590ac3da83c69ae5c9ef33fded4db17f1875d2cc9707dad9,"{""n"":20971520}",full,application,NVIDIA_GH200/relu/tilelang_fp16.ncu-rep,268a61631ff9b5d1a929d3b778a3396a46e14afc913383b57375493f565e1e89,hf_download,bcui2/NCU_report@21037737b7e371d38f3d029367dc3967d5b31a23,matched,documented:profiling_infra_only,1,params+winner from NCU catalogue | profiling source d6ddb622; formal CSV source c882fe50 (batched_matmul_autotune 3c5eccbf); only profiling infrastructure changed (PROVENANCE.md),ok,relu_kernel_kernel,1,1,"{""BLOCK_SIZE"": 2048, ""threads"": 64}",2025.4.0.0 (build 36690805) (public-release),2026-Oct-04 04:08:00,13.1,/usr/local/cuda-13.1/nsight-compute-2025.4.0/target/linux-desktop-t210-a64/ncu --set full --import-source on --replay-mode application --cache-control none --app-replay-mode strict --profile-from-start off --kernel-name regex:^(?:relu_kernel_kernel) --launch-skip 0 --launch-count 1 --force-overwrite -o /projects/kzhou6/bcui2/research/tilebench/Tilebench-gh200/outputs/ncu/GH200/relu/tilelang_fp16 /projects/kzhou6/bcui2/env_software/miniconda3-aarch64/envs/tilebench++_env/bin/python /projects/kzhou6/bcui2/research/tilebench/Tilebench-gh200/scripts/profiling/ncu_generic_harness.py,0.0260,0.0273
GH200/tilelang/relu/fp32,GH200,tilelang,relu,fp32,fe65c8672056e95d9d398b21b2accdcee062ea2e0a1ba1383e64f8ec5f3c259f,"{""n"":20971520}",full,application,NVIDIA_GH200/relu/tilelang_fp32.ncu-rep,ba02038e26e82e841c6061213218e288b8ab3ad57eaaa389d956383d37851c2c,hf_download,bcui2/NCU_report@21037737b7e371d38f3d029367dc3967d5b31a23,matched,documented:profiling_infra_only,1,params+winner from NCU catalogue | profiling source d6ddb622; formal CSV source c882fe50 (batched_matmul_autotune 3c5eccbf); only profiling infrastructure changed (PROVENANCE.md),ok,relu_kernel_kernel,1,1,"{""BLOCK_SIZE"": 2048, ""threads"": 256}",2025.4.0.0 (build 36690805) (public-release),2026-Oct-04 04:12:54,13.1,/usr/local/cuda-13.1/nsight-compute-2025.4.0/target/linux-desktop-t210-a64/ncu --set full --import-source on --replay-mode application --cache-control none --app-replay-mode strict --profile-from-start off --kernel-name regex:^(?:relu_kernel_kernel) --launch-skip 0 --launch-count 1 --force-overwrite -o /projects/kzhou6/bcui2/research/tilebench/Tilebench-gh200/outputs/ncu/GH200/relu/tilelang_fp32 /projects/kzhou6/bcui2/env_software/miniconda3-aarch64/envs/tilebench++_env/bin/python /projects/kzhou6/bcui2/research/tilebench/Tilebench-gh200/scripts/profiling/ncu_generic_harness.py,0.0496,0.0488
GH200/tilelang/relu/int8,GH200,tilelang,relu,int8,0aaec6709e6cbe3ae35d7d0e3c73fd82e386af4b267b345e2a9dc79ba310c371,"{""n"":20971520}",full,application,NVIDIA_GH200/relu/tilelang_int8.ncu-rep,92654cbf54a19fa3ddfc8f820fc0317d5d2cea09377dacf32b4fa860b798d15e,hf_download,bcui2/NCU_report@21037737b7e371d38f3d029367dc3967d5b31a23,matched,documented:profiling_infra_only,1,params+winner from NCU catalogue | profiling source d6ddb622; formal CSV source c882fe50 (batched_matmul_autotune 3c5eccbf); only profiling infrastructure changed (PROVENANCE.md),ok,relu_kernel_kernel,1,1,"{""BLOCK_SIZE"": 2048, ""threads"": 128}",2025.4.0.0 (build 36690805) (public-release),2026-Oct-04 04:15:54,13.1,/usr/local/cuda-13.1/nsight-compute-2025.4.0/target/linux-desktop-t210-a64/ncu --set full --import-source on --replay-mode application --cache-control none --app-replay-mode strict --profile-from-start off --kernel-name regex:^(?:relu_kernel_kernel) --launch-skip 0 --launch-count 1 --force-overwrite -o /projects/kzhou6/bcui2/research/tilebench/Tilebench-gh200/outputs/ncu/GH200/relu/tilelang_int8 /projects/kzhou6/bcui2/env_software/miniconda3-aarch64/envs/tilebench++_env/bin/python /projects/kzhou6/bcui2/research/tilebench/Tilebench-gh200/scripts/profiling/ncu_generic_harness.py,0.0151,0.0155
GH200/triton/relu/bf16,GH200,triton,relu,bf16,59a0dd09a0b907abe95a67d37453c56ae5488f682636157bf8421d031562479f,"{""n"":20971520}",full,application,NVIDIA_GH200/relu/triton_bf16.ncu-rep,ca9e0d223e95616a60508fc9a346d3397f8734b9ad782241838f02437a25f1a5,hf_download,bcui2/NCU_report@21037737b7e371d38f3d029367dc3967d5b31a23,matched,documented:profiling_infra_only,1,params+winner from NCU catalogue | profiling source 638ea849; formal CSV source c882fe50 (batched_matmul_autotune 3c5eccbf); only profiling infrastructure changed (PROVENANCE.md),ok,relu_kernel,1,1,"{""BLOCK_SIZE"": 1024, ""num_warps"": 2}",2025.4.0.0 (build 36690805) (public-release),2026-Oct-03 14:10:29,13.1,/usr/local/cuda-13.1/nsight-compute-2025.4.0/target/linux-desktop-t210-a64/ncu --set full --import-source on --replay-mode application --cache-control none --app-replay-mode strict --profile-from-start off --kernel-name regex:^(?:relu_kernel) --launch-skip 0 --launch-count 1 --force-overwrite -o /projects/kzhou6/bcui2/research/tilebench/Tilebench-gh200/outputs/ncu/GH200/relu/triton_bf16 /projects/kzhou6/bcui2/env_software/miniconda3-aarch64/envs/tilebench++_env/bin/python /projects/kzhou6/bcui2/research/tilebench/Tilebench-gh200/scripts/profiling/ncu_generic_harness.py,0.0262,0.0268
GH200/triton/relu/fp16,GH200,triton,relu,fp16,4ea49cd597817337590ac3da83c69ae5c9ef33fded4db17f1875d2cc9707dad9,"{""n"":20971520}",full,application,NVIDIA_GH200/relu/triton_fp16.ncu-rep,9c0755c2abf232c50bb6da74aa44d2a72c93e47cc821a6fc6c767ebc7feaa4cb,hf_download,bcui2/NCU_report@21037737b7e371d38f3d029367dc3967d5b31a23,matched,documented:profiling_infra_only,1,params+winner from NCU catalogue | profiling source 638ea849; formal CSV source c882fe50 (batched_matmul_autotune 3c5eccbf); only profiling infrastructure changed (PROVENANCE.md),ok,relu_kernel,1,1,"{""BLOCK_SIZE"": 1024, ""num_warps"": 2}",2025.4.0.0 (build 36690805) (public-release),2026-Oct-03 14:06:29,13.1,/usr/local/cuda-13.1/nsight-compute-2025.4.0/target/linux-desktop-t210-a64/ncu --set full --import-source on --replay-mode application --cache-control none --app-replay-mode strict --profile-from-start off --kernel-name regex:^(?:relu_kernel) --launch-skip 0 --launch-count 1 --force-overwrite -o /projects/kzhou6/bcui2/research/tilebench/Tilebench-gh200/outputs/ncu/GH200/relu/triton_fp16 /projects/kzhou6/bcui2/env_software/miniconda3-aarch64/envs/tilebench++_env/bin/python /projects/kzhou6/bcui2/research/tilebench/Tilebench-gh200/scripts/profiling/ncu_generic_harness.py,0.0255,0.0273
GH200/triton/relu/fp32,GH200,triton,relu,fp32,fe65c8672056e95d9d398b21b2accdcee062ea2e0a1ba1383e64f8ec5f3c259f,"{""n"":20971520}",full,application,NVIDIA_GH200/relu/triton_fp32.ncu-rep,77fae1b21192b6034e4c21faf0421992303526e8aeab4e76f8e938e8160775d1,hf_download,bcui2/NCU_report@21037737b7e371d38f3d029367dc3967d5b31a23,matched,documented:profiling_infra_only,1,params+winner from NCU catalogue | profiling source 638ea849; formal CSV source c882fe50 (batched_matmul_autotune 3c5eccbf); only profiling infrastructure changed (PROVENANCE.md),ok,relu_kernel,1,1,"{""BLOCK_SIZE"": 512, ""num_warps"": 2}",2025.4.0.0 (build 36690805) (public-release),2026-Oct-03 14:14:29,13.1,/usr/local/cuda-13.1/nsight-compute-2025.4.0/target/linux-desktop-t210-a64/ncu --set full --import-source on --replay-mode application --cache-control none --app-replay-mode strict --profile-from-start off --kernel-name regex:^(?:relu_kernel) --launch-skip 0 --launch-count 1 --force-overwrite -o /projects/kzhou6/bcui2/research/tilebench/Tilebench-gh200/outputs/ncu/GH200/relu/triton_fp32 /projects/kzhou6/bcui2/env_software/miniconda3-aarch64/envs/tilebench++_env/bin/python /projects/kzhou6/bcui2/research/tilebench/Tilebench-gh200/scripts/profiling/ncu_generic_harness.py,0.0486,0.0488
GH200/triton/relu/int8,GH200,triton,relu,int8,0aaec6709e6cbe3ae35d7d0e3c73fd82e386af4b267b345e2a9dc79ba310c371,"{""n"":20971520}",full,application,NVIDIA_GH200/relu/triton_int8.ncu-rep,5339c0459b40a5dc48a49e37e09845bbef7207dec455432db63e488d409f9305,hf_download,bcui2/NCU_report@21037737b7e371d38f3d029367dc3967d5b31a23,matched,documented:profiling_infra_only,1,params+winner from NCU catalogue | profiling source 638ea849; formal CSV source c882fe50 (batched_matmul_autotune 3c5eccbf); only profiling infrastructure changed (PROVENANCE.md),ok,relu_kernel,1,1,"{""BLOCK_SIZE"": 2048, ""num_warps"": 2}",2025.4.0.0 (build 36690805) (public-release),2026-Oct-03 14:18:27,13.1,/usr/local/cuda-13.1/nsight-compute-2025.4.0/target/linux-desktop-t210-a64/ncu --set full --import-source on --replay-mode application --cache-control none --app-replay-mode strict --profile-from-start off --kernel-name regex:^(?:relu_kernel) --launch-skip 0 --launch-count 1 --force-overwrite -o /projects/kzhou6/bcui2/research/tilebench/Tilebench-gh200/outputs/ncu/GH200/relu/triton_int8 /projects/kzhou6/bcui2/env_software/miniconda3-aarch64/envs/tilebench++_env/bin/python /projects/kzhou6/bcui2/research/tilebench/Tilebench-gh200/scripts/profiling/ncu_generic_harness.py,0.0143,0.0155
GH200/cutile/reverse_array/bf16,GH200,cutile,reverse_array,bf16,ed3a42161302728d99d0d9ee14803041fc33dce9b75b7766b5018b1d5e80dc0a,"{""n"":20000000}",full,application,NVIDIA_GH200/reverse_array/cutile_bf16.ncu-rep,d8957f3931c4bf9edf22ee0d05d87a0b05b259d81e694edc94ded8c9ebc95a79,hf_download,bcui2/NCU_report@21037737b7e371d38f3d029367dc3967d5b31a23,matched,documented:profiling_infra_only,1,params+winner from NCU catalogue | profiling source 638ea849; formal CSV source c882fe50 (batched_matmul_autotune 3c5eccbf); only profiling infrastructure changed (PROVENANCE.md),ok,reverse_kernel_Kt1_A1bf16_1i16t1_p16_A1bf16_1i16t1_p16_Si32_I8192,1,1,"{""occupancy"": 4, ""tile"": 8192}",2025.4.0.0 (build 36690805) (public-release),2026-Oct-03 14:28:26,13.1,/usr/local/cuda-13.1/nsight-compute-2025.4.0/target/linux-desktop-t210-a64/ncu --set full --import-source on --replay-mode application --cache-control none --app-replay-mode strict --profile-from-start off --kernel-name regex:^(?:reverse_kernel) --launch-skip 0 --launch-count 1 --force-overwrite -o /projects/kzhou6/bcui2/research/tilebench/Tilebench-gh200/outputs/ncu/GH200/reverse_array/cutile_bf16 /projects/kzhou6/bcui2/env_software/miniconda3-aarch64/envs/tilebench++_env/bin/python /projects/kzhou6/bcui2/research/tilebench/Tilebench-gh200/scripts/profiling/ncu_generic_harness.py,0.0273,0.0509
GH200/cutile/reverse_array/fp16,GH200,cutile,reverse_array,fp16,983fef03544b35edd79027c397d75a792a88a051eb67d561e138b1badb8c3be0,"{""n"":20000000}",full,application,NVIDIA_GH200/reverse_array/cutile_fp16.ncu-rep,f50c325f5ae54654ac139498d03129c03535633f16f9aa8a6dd64ea5e01b88af,hf_download,bcui2/NCU_report@21037737b7e371d38f3d029367dc3967d5b31a23,matched,documented:profiling_infra_only,1,params+winner from NCU catalogue | profiling source 638ea849; formal CSV source c882fe50 (batched_matmul_autotune 3c5eccbf); only profiling infrastructure changed (PROVENANCE.md),ok,reverse_kernel_Kt1_A1f16_1i16t1_p16_A1f16_1i16t1_p16_Si32_I4096,1,1,"{""occupancy"": 8, ""tile"": 4096}",2025.4.0.0 (build 36690805) (public-release),2026-Oct-03 14:24:27,13.1,/usr/local/cuda-13.1/nsight-compute-2025.4.0/target/linux-desktop-t210-a64/ncu --set full --import-source on --replay-mode application --cache-control none --app-replay-mode strict --profile-from-start off --kernel-name regex:^(?:reverse_kernel) --launch-skip 0 --launch-count 1 --force-overwrite -o /projects/kzhou6/bcui2/research/tilebench/Tilebench-gh200/outputs/ncu/GH200/reverse_array/cutile_fp16 /projects/kzhou6/bcui2/env_software/miniconda3-aarch64/envs/tilebench++_env/bin/python /projects/kzhou6/bcui2/research/tilebench/Tilebench-gh200/scripts/profiling/ncu_generic_harness.py,0.0276,0.0513
GH200/cutile/reverse_array/fp32,GH200,cutile,reverse_array,fp32,810a2da2844180fc32c3ce5600f0d5ed5b1c332b7d203edfc2f2f377bfc8308e,"{""n"":20000000}",full,application,NVIDIA_GH200/reverse_array/cutile_fp32.ncu-rep,56d0382cd74d02490c9c1d44f0796d5c487eaa228a484622f873844aba9e05ac,hf_download,bcui2/NCU_report@21037737b7e371d38f3d029367dc3967d5b31a23,matched,documented:profiling_infra_only,1,params+winner from NCU catalogue | profiling source 638ea849; formal CSV source c882fe50 (batched_matmul_autotune 3c5eccbf); only profiling infrastructure changed (PROVENANCE.md),ok,reverse_kernel_Kt1_A1f32_1i16t1_p16_A1f32_1i16t1_p16_Si32_I1024,1,1,"{""occupancy"": 8, ""tile"": 1024}",2025.4.0.0 (build 36690805) (public-release),2026-Oct-03 14:32:25,13.1,/usr/local/cuda-13.1/nsight-compute-2025.4.0/target/linux-desktop-t210-a64/ncu --set full --import-source on --replay-mode application --cache-control none --app-replay-mode strict --profile-from-start off --kernel-name regex:^(?:reverse_kernel) --launch-skip 0 --launch-count 1 --force-overwrite -o /projects/kzhou6/bcui2/research/tilebench/Tilebench-gh200/outputs/ncu/GH200/reverse_array/cutile_fp32 /projects/kzhou6/bcui2/env_software/miniconda3-aarch64/envs/tilebench++_env/bin/python /projects/kzhou6/bcui2/research/tilebench/Tilebench-gh200/scripts/profiling/ncu_generic_harness.py,0.0469,0.0606
GH200/cutile/reverse_array/int8,GH200,cutile,reverse_array,int8,42f89c33d4beb189ee2a29ca4be689bb4988b9fa96c279d09df387c99beedc99,"{""n"":20000000}",full,application,NVIDIA_GH200/reverse_array/cutile_int8.ncu-rep,04acfe221adadeaf6390d4cd524412976698fae390c91a469ef95c993ad37105,hf_download,bcui2/NCU_report@21037737b7e371d38f3d029367dc3967d5b31a23,matched,documented:profiling_infra_only,1,params+winner from NCU catalogue | profiling source 638ea849; formal CSV source c882fe50 (batched_matmul_autotune 3c5eccbf); only profiling infrastructure changed (PROVENANCE.md),ok,reverse_kernel_Kt1_A1i8_1i16t1_p16_A1i8_1i16t1_p16_Si32_I1024,1,1,"{""occupancy"": 16, ""tile"": 1024}",2025.4.0.0 (build 36690805) (public-release),2026-Oct-03 14:36:28,13.1,/usr/local/cuda-13.1/nsight-compute-2025.4.0/target/linux-desktop-t210-a64/ncu --set full --import-source on --replay-mode application --cache-control none --app-replay-mode strict --profile-from-start off --kernel-name regex:^(?:reverse_kernel) --launch-skip 0 --launch-count 1 --force-overwrite -o /projects/kzhou6/bcui2/research/tilebench/Tilebench-gh200/outputs/ncu/GH200/reverse_array/cutile_int8 /projects/kzhou6/bcui2/env_software/miniconda3-aarch64/envs/tilebench++_env/bin/python /projects/kzhou6/bcui2/research/tilebench/Tilebench-gh200/scripts/profiling/ncu_generic_harness.py,0.0167,0.0459
GH200/tilelang/reverse_array/bf16,GH200,tilelang,reverse_array,bf16,ed3a42161302728d99d0d9ee14803041fc33dce9b75b7766b5018b1d5e80dc0a,"{""n"":20000000}",full,application,NVIDIA_GH200/reverse_array/tilelang_bf16.ncu-rep,43c2195439c3ed145db049b5b8b9dcdee24463ca04219c9e82c69c3f32208be0,hf_download,bcui2/NCU_report@21037737b7e371d38f3d029367dc3967d5b31a23,matched,documented:profiling_infra_only,1,params+winner from NCU catalogue | profiling source d6ddb622; formal CSV source c882fe50 (batched_matmul_autotune 3c5eccbf); only profiling infrastructure changed (PROVENANCE.md),ok,reverse_array_kernel_kernel,1,1,"{""BLOCK_SIZE"": 2048, ""threads"": 128}",2025.4.0.0 (build 36690805) (public-release),2026-Oct-04 04:21:22,13.1,/usr/local/cuda-13.1/nsight-compute-2025.4.0/target/linux-desktop-t210-a64/ncu --set full --import-source on --replay-mode application --cache-control none --app-replay-mode strict --profile-from-start off --kernel-name regex:^(?:reverse_array_kernel_kernel) --launch-skip 0 --launch-count 1 --force-overwrite -o /projects/kzhou6/bcui2/research/tilebench/Tilebench-gh200/outputs/ncu/GH200/reverse_array/tilelang_bf16 /projects/kzhou6/bcui2/env_software/miniconda3-aarch64/envs/tilebench++_env/bin/python /projects/kzhou6/bcui2/research/tilebench/Tilebench-gh200/scripts/profiling/ncu_generic_harness.py,0.0287,0.0509
GH200/tilelang/reverse_array/fp16,GH200,tilelang,reverse_array,fp16,983fef03544b35edd79027c397d75a792a88a051eb67d561e138b1badb8c3be0,"{""n"":20000000}",full,application,NVIDIA_GH200/reverse_array/tilelang_fp16.ncu-rep,79741f0015c3b18d372cc1b69e675ba813e47c365a33b1b642e120d23d768dfe,hf_download,bcui2/NCU_report@21037737b7e371d38f3d029367dc3967d5b31a23,matched,documented:profiling_infra_only,1,params+winner from NCU catalogue | profiling source d6ddb622; formal CSV source c882fe50 (batched_matmul_autotune 3c5eccbf); only profiling infrastructure changed (PROVENANCE.md),ok,reverse_array_kernel_kernel,1,1,"{""BLOCK_SIZE"": 2048, ""threads"": 128}",2025.4.0.0 (build 36690805) (public-release),2026-Oct-04 04:18:56,13.1,/usr/local/cuda-13.1/nsight-compute-2025.4.0/target/linux-desktop-t210-a64/ncu --set full --import-source on --replay-mode application --cache-control none --app-replay-mode strict --profile-from-start off --kernel-name regex:^(?:reverse_array_kernel_kernel) --launch-skip 0 --launch-count 1 --force-overwrite -o /projects/kzhou6/bcui2/research/tilebench/Tilebench-gh200/outputs/ncu/GH200/reverse_array/tilelang_fp16 /projects/kzhou6/bcui2/env_software/miniconda3-aarch64/envs/tilebench++_env/bin/python /projects/kzhou6/bcui2/research/tilebench/Tilebench-gh200/scripts/profiling/ncu_generic_harness.py,0.0284,0.0513
GH200/tilelang/reverse_array/fp32,GH200,tilelang,reverse_array,fp32,810a2da2844180fc32c3ce5600f0d5ed5b1c332b7d203edfc2f2f377bfc8308e,"{""n"":20000000}",full,application,NVIDIA_GH200/reverse_array/tilelang_fp32.ncu-rep,7aedcd8f0bd3063316d5d3617c869a8f72118ee1a7546ee31a973e0f8866f133,hf_download,bcui2/NCU_report@21037737b7e371d38f3d029367dc3967d5b31a23,matched,documented:profiling_infra_only,1,params+winner from NCU catalogue | profiling source d6ddb622; formal CSV source c882fe50 (batched_matmul_autotune 3c5eccbf); only profiling infrastructure changed (PROVENANCE.md),ok,reverse_array_kernel_kernel,1,1,"{""BLOCK_SIZE"": 2048, ""threads"": 256}",2025.4.0.0 (build 36690805) (public-release),2026-Oct-04 04:23:49,13.1,/usr/local/cuda-13.1/nsight-compute-2025.4.0/target/linux-desktop-t210-a64/ncu --set full --import-source on --replay-mode application --cache-control none --app-replay-mode strict --profile-from-start off --kernel-name regex:^(?:reverse_array_kernel_kernel) --launch-skip 0 --launch-count 1 --force-overwrite -o /projects/kzhou6/bcui2/research/tilebench/Tilebench-gh200/outputs/ncu/GH200/reverse_array/tilelang_fp32 /projects/kzhou6/bcui2/env_software/miniconda3-aarch64/envs/tilebench++_env/bin/python /projects/kzhou6/bcui2/research/tilebench/Tilebench-gh200/scripts/profiling/ncu_generic_harness.py,0.0482,0.0606
GH200/tilelang/reverse_array/int8,GH200,tilelang,reverse_array,int8,42f89c33d4beb189ee2a29ca4be689bb4988b9fa96c279d09df387c99beedc99,"{""n"":20000000}",full,application,NVIDIA_GH200/reverse_array/tilelang_int8.ncu-rep,7247d466bb865d875f96c74b52d258ec36a19b27c827be02443b12502b174e89,hf_download,bcui2/NCU_report@21037737b7e371d38f3d029367dc3967d5b31a23,matched,documented:profiling_infra_only,1,params+winner from NCU catalogue | profiling source d6ddb622; formal CSV source c882fe50 (batched_matmul_autotune 3c5eccbf); only profiling infrastructure changed (PROVENANCE.md),ok,reverse_array_kernel_kernel,1,1,"{""BLOCK_SIZE"": 1024, ""threads"": 128}",2025.4.0.0 (build 36690805) (public-release),2026-Oct-04 04:26:18,13.1,/usr/local/cuda-13.1/nsight-compute-2025.4.0/target/linux-desktop-t210-a64/ncu --set full --import-source on --replay-mode application --cache-control none --app-replay-mode strict --profile-from-start off --kernel-name regex:^(?:reverse_array_kernel_kernel) --launch-skip 0 --launch-count 1 --force-overwrite -o /projects/kzhou6/bcui2/research/tilebench/Tilebench-gh200/outputs/ncu/GH200/reverse_array/tilelang_int8 /projects/kzhou6/bcui2/env_software/miniconda3-aarch64/envs/tilebench++_env/bin/python /projects/kzhou6/bcui2/research/tilebench/Tilebench-gh200/scripts/profiling/ncu_generic_harness.py,0.0184,0.0459
GH200/triton/reverse_array/bf16,GH200,triton,reverse_array,bf16,ed3a42161302728d99d0d9ee14803041fc33dce9b75b7766b5018b1d5e80dc0a,"{""n"":20000000}",full,application,NVIDIA_GH200/reverse_array/triton_bf16.ncu-rep,3589637ff9d1fb988897555ab6a519ca564233b4449039be810f7d14cdf317c8,hf_download,bcui2/NCU_report@21037737b7e371d38f3d029367dc3967d5b31a23,matched,documented:profiling_infra_only,1,params+winner from NCU catalogue | profiling source 638ea849; formal CSV source c882fe50 (batched_matmul_autotune 3c5eccbf); only profiling infrastructure changed (PROVENANCE.md),ok,reverse_kernel,1,1,"{""BLOCK_SIZE"": 4096, ""num_stages"": 2, ""num_warps"": 4}",2025.4.0.0 (build 36690805) (public-release),2026-Oct-03 14:26:29,13.1,/usr/local/cuda-13.1/nsight-compute-2025.4.0/target/linux-desktop-t210-a64/ncu --set full --import-source on --replay-mode application --cache-control none --app-replay-mode strict --profile-from-start off --kernel-name regex:^(?:reverse_kernel) --launch-skip 0 --launch-count 1 --force-overwrite -o /projects/kzhou6/bcui2/research/tilebench/Tilebench-gh200/outputs/ncu/GH200/reverse_array/triton_bf16 /projects/kzhou6/bcui2/env_software/miniconda3-aarch64/envs/tilebench++_env/bin/python /projects/kzhou6/bcui2/research/tilebench/Tilebench-gh200/scripts/profiling/ncu_generic_harness.py,0.0250,0.0509
GH200/triton/reverse_array/fp16,GH200,triton,reverse_array,fp16,983fef03544b35edd79027c397d75a792a88a051eb67d561e138b1badb8c3be0,"{""n"":20000000}",full,application,NVIDIA_GH200/reverse_array/triton_fp16.ncu-rep,ad9bb1029839991a48594cfaf3acf60d492b0f2ec384394f1ca074745ec167ee,hf_download,bcui2/NCU_report@21037737b7e371d38f3d029367dc3967d5b31a23,matched,documented:profiling_infra_only,1,params+winner from NCU catalogue | profiling source 638ea849; formal CSV source c882fe50 (batched_matmul_autotune 3c5eccbf); only profiling infrastructure changed (PROVENANCE.md),ok,reverse_kernel,1,1,"{""BLOCK_SIZE"": 8192, ""num_stages"": 2, ""num_warps"": 8}",2025.4.0.0 (build 36690805) (public-release),2026-Oct-03 14:22:28,13.1,/usr/local/cuda-13.1/nsight-compute-2025.4.0/target/linux-desktop-t210-a64/ncu --set full --import-source on --replay-mode application --cache-control none --app-replay-mode strict --profile-from-start off --kernel-name regex:^(?:reverse_kernel) --launch-skip 0 --launch-count 1 --force-overwrite -o /projects/kzhou6/bcui2/research/tilebench/Tilebench-gh200/outputs/ncu/GH200/reverse_array/triton_fp16 /projects/kzhou6/bcui2/env_software/miniconda3-aarch64/envs/tilebench++_env/bin/python /projects/kzhou6/bcui2/research/tilebench/Tilebench-gh200/scripts/profiling/ncu_generic_harness.py,0.0253,0.0513
GH200/triton/reverse_array/fp32,GH200,triton,reverse_array,fp32,810a2da2844180fc32c3ce5600f0d5ed5b1c332b7d203edfc2f2f377bfc8308e,"{""n"":20000000}",full,application,NVIDIA_GH200/reverse_array/triton_fp32.ncu-rep,7554baee35c502f3b5cc5ba5c8e097d15d81f709a36e6fb223792cd9729a9f9e,hf_download,bcui2/NCU_report@21037737b7e371d38f3d029367dc3967d5b31a23,matched,documented:profiling_infra_only,1,params+winner from NCU catalogue | profiling source 638ea849; formal CSV source c882fe50 (batched_matmul_autotune 3c5eccbf); only profiling infrastructure changed (PROVENANCE.md),ok,reverse_kernel,1,1,"{""BLOCK_SIZE"": 1024, ""num_stages"": 1, ""num_warps"": 4}",2025.4.0.0 (build 36690805) (public-release),2026-Oct-03 14:30:28,13.1,/usr/local/cuda-13.1/nsight-compute-2025.4.0/target/linux-desktop-t210-a64/ncu --set full --import-source on --replay-mode application --cache-control none --app-replay-mode strict --profile-from-start off --kernel-name regex:^(?:reverse_kernel) --launch-skip 0 --launch-count 1 --force-overwrite -o /projects/kzhou6/bcui2/research/tilebench/Tilebench-gh200/outputs/ncu/GH200/reverse_array/triton_fp32 /projects/kzhou6/bcui2/env_software/miniconda3-aarch64/envs/tilebench++_env/bin/python /projects/kzhou6/bcui2/research/tilebench/Tilebench-gh200/scripts/profiling/ncu_generic_harness.py,0.0478,0.0606
GH200/triton/reverse_array/int8,GH200,triton,reverse_array,int8,42f89c33d4beb189ee2a29ca4be689bb4988b9fa96c279d09df387c99beedc99,"{""n"":20000000}",full,application,NVIDIA_GH200/reverse_array/triton_int8.ncu-rep,8949faaa5186af5760bc090be17fed9e9584aa3908ddbdac1919221956ed13c4,hf_download,bcui2/NCU_report@21037737b7e371d38f3d029367dc3967d5b31a23,matched,documented:profiling_infra_only,1,params+winner from NCU catalogue | profiling source 638ea849; formal CSV source c882fe50 (batched_matmul_autotune 3c5eccbf); only profiling infrastructure changed (PROVENANCE.md),ok,reverse_kernel,1,1,"{""BLOCK_SIZE"": 2048, ""num_stages"": 1, ""num_warps"": 4}",2025.4.0.0 (build 36690805) (public-release),2026-Oct-03 14:34:28,13.1,/usr/local/cuda-13.1/nsight-compute-2025.4.0/target/linux-desktop-t210-a64/ncu --set full --import-source on --replay-mode application --cache-control none --app-replay-mode strict --profile-from-start off --kernel-name regex:^(?:reverse_kernel) --launch-skip 0 --launch-count 1 --force-overwrite -o /projects/kzhou6/bcui2/research/tilebench/Tilebench-gh200/outputs/ncu/GH200/reverse_array/triton_int8 /projects/kzhou6/bcui2/env_software/miniconda3-aarch64/envs/tilebench++_env/bin/python /projects/kzhou6/bcui2/research/tilebench/Tilebench-gh200/scripts/profiling/ncu_generic_harness.py,0.0157,0.0459
GH200/cutile/rmsnorm/bf16,GH200,cutile,rmsnorm,bf16,1288e3a1abb85f3e350691afe9d8f11c3f4e9064f9fcb13ddde25a540e1add80,"{""K"":10240,""M"":2048,""batch"":1}",full,application,NVIDIA_GH200/rmsnorm/cutile_bf16.ncu-rep,41eac9a6fd9999109fef8c98741290b091d39ba71c35b5331ed38af852afd87a,hf_download,bcui2/NCU_report@21037737b7e371d38f3d029367dc3967d5b31a23,matched,documented:profiling_infra_only,1,params+winner from NCU catalogue | profiling source 638ea849; formal CSV source c882fe50 (batched_matmul_autotune 3c5eccbf); only profiling infrastructure changed (PROVENANCE.md),ok,rmsnorm_kernel_Kt1_A2bf16_1v8l0_2t1_3i16_p16_A1bf16_1i16t1_p16_A2bf16_1v8l0_2t1_3i16_p16_Sf32_I10240_I2048,1,1,"{""occupancy"": 4, ""tile_size"": 2048}",2025.4.0.0 (build 36690805) (public-release),2026-Oct-03 14:44:26,13.1,/usr/local/cuda-13.1/nsight-compute-2025.4.0/target/linux-desktop-t210-a64/ncu --set full --import-source on --replay-mode application --cache-control none --app-replay-mode strict --profile-from-start off --kernel-name regex:^(?:rmsnorm_kernel) --launch-skip 0 --launch-count 1 --force-overwrite -o /projects/kzhou6/bcui2/research/tilebench/Tilebench-gh200/outputs/ncu/GH200/rmsnorm/cutile_bf16 /projects/kzhou6/bcui2/env_software/miniconda3-aarch64/envs/tilebench++_env/bin/python /projects/kzhou6/bcui2/research/tilebench/Tilebench-gh200/scripts/profiling/ncu_generic_harness.py,0.0288,0.0414
GH200/cutile/rmsnorm/fp16,GH200,cutile,rmsnorm,fp16,a33b34a807d8cb49d19d42bc51fe557b157a6cdbcdf961c71164d39e95ee9a8d,"{""K"":10240,""M"":2048,""batch"":1}",full,application,NVIDIA_GH200/rmsnorm/cutile_fp16.ncu-rep,c34e96688dc7e6d4f9c9d98874ebed6c664485f224d360c87b604288058ab1f4,hf_download,bcui2/NCU_report@21037737b7e371d38f3d029367dc3967d5b31a23,matched,documented:profiling_infra_only,1,params+winner from NCU catalogue | profiling source 638ea849; formal CSV source c882fe50 (batched_matmul_autotune 3c5eccbf); only profiling infrastructure changed (PROVENANCE.md),ok,rmsnorm_kernel_Kt1_A2f16_1v8l0_2t1_3i16_p16_A1f16_1i16t1_p16_A2f16_1v8l0_2t1_3i16_p16_Sf32_I10240_I2048,1,1,"{""occupancy"": 4, ""tile_size"": 2048}",2025.4.0.0 (build 36690805) (public-release),2026-Oct-03 14:40:27,13.1,/usr/local/cuda-13.1/nsight-compute-2025.4.0/target/linux-desktop-t210-a64/ncu --set full --import-source on --replay-mode application --cache-control none --app-replay-mode strict --profile-from-start off --kernel-name regex:^(?:rmsnorm_kernel) --launch-skip 0 --launch-count 1 --force-overwrite -o /projects/kzhou6/bcui2/research/tilebench/Tilebench-gh200/outputs/ncu/GH200/rmsnorm/cutile_fp16 /projects/kzhou6/bcui2/env_software/miniconda3-aarch64/envs/tilebench++_env/bin/python /projects/kzhou6/bcui2/research/tilebench/Tilebench-gh200/scripts/profiling/ncu_generic_harness.py,0.0293,0.0413
GH200/cutile/rmsnorm/fp32,GH200,cutile,rmsnorm,fp32,e11fe6d3a765e370294c8b671f66fe29affdbc6adabc9d347c6b2ac81097dca6,"{""K"":10240,""M"":2048,""batch"":1}",full,application,NVIDIA_GH200/rmsnorm/cutile_fp32.ncu-rep,db177598ea6bbb828dde0d4e3ebadd544e1a39894439b69c245b8c11c9ac012d,hf_download,bcui2/NCU_report@21037737b7e371d38f3d029367dc3967d5b31a23,matched,documented:profiling_infra_only,1,params+winner from NCU catalogue | profiling source 638ea849; formal CSV source c882fe50 (batched_matmul_autotune 3c5eccbf); only profiling infrastructure changed (PROVENANCE.md),ok,rmsnorm_kernel_Kt1_A2f32_1v4l0_2t1_3i16_p16_A1f32_1i16t1_p16_A2f32_1v4l0_2t1_3i16_p16_Sf32_I10240_I1024,1,1,"{""occupancy"": 4, ""tile_size"": 1024}",2025.4.0.0 (build 36690805) (public-release),2026-Oct-03 14:48:25,13.1,/usr/local/cuda-13.1/nsight-compute-2025.4.0/target/linux-desktop-t210-a64/ncu --set full --import-source on --replay-mode application --cache-control none --app-replay-mode strict --profile-from-start off --kernel-name regex:^(?:rmsnorm_kernel) --launch-skip 0 --launch-count 1 --force-overwrite -o /projects/kzhou6/bcui2/research/tilebench/Tilebench-gh200/outputs/ncu/GH200/rmsnorm/cutile_fp32 /projects/kzhou6/bcui2/env_software/miniconda3-aarch64/envs/tilebench++_env/bin/python /projects/kzhou6/bcui2/research/tilebench/Tilebench-gh200/scripts/profiling/ncu_generic_harness.py,0.0569,0.0754
GH200/tilelang/rmsnorm/bf16,GH200,tilelang,rmsnorm,bf16,1288e3a1abb85f3e350691afe9d8f11c3f4e9064f9fcb13ddde25a540e1add80,"{""K"":10240,""M"":2048,""batch"":1}",full,application,NVIDIA_GH200/rmsnorm/tilelang_bf16.ncu-rep,0aecd3247e84c7bb62ef55921b17eae0e0288af525550a651c1d1c92e42dcb46,hf_download,bcui2/NCU_report@21037737b7e371d38f3d029367dc3967d5b31a23,matched,documented:profiling_infra_only,1,params+winner from NCU catalogue | profiling source d6ddb622; formal CSV source c882fe50 (batched_matmul_autotune 3c5eccbf); only profiling infrastructure changed (PROVENANCE.md),ok,rmsnorm_kernel_kernel,1,1,"{""BLOCK_N"": 1024, ""num_stages"": 3, ""threads"": 256}",2025.4.0.0 (build 36690805) (public-release),2026-Oct-04 04:31:17,13.1,/usr/local/cuda-13.1/nsight-compute-2025.4.0/target/linux-desktop-t210-a64/ncu --set full --import-source on --replay-mode application --cache-control none --app-replay-mode strict --profile-from-start off --kernel-name regex:^(?:rmsnorm_kernel_kernel) --launch-skip 0 --launch-count 1 --force-overwrite -o /projects/kzhou6/bcui2/research/tilebench/Tilebench-gh200/outputs/ncu/GH200/rmsnorm/tilelang_bf16 /projects/kzhou6/bcui2/env_software/miniconda3-aarch64/envs/tilebench++_env/bin/python /projects/kzhou6/bcui2/research/tilebench/Tilebench-gh200/scripts/profiling/ncu_generic_harness.py,0.0278,0.0414
GH200/tilelang/rmsnorm/fp16,GH200,tilelang,rmsnorm,fp16,a33b34a807d8cb49d19d42bc51fe557b157a6cdbcdf961c71164d39e95ee9a8d,"{""K"":10240,""M"":2048,""batch"":1}",full,application,NVIDIA_GH200/rmsnorm/tilelang_fp16.ncu-rep,0649eedf1ce3b56c7ab241691d25b565708abba1ddc350c9697f51af0f4af226,hf_download,bcui2/NCU_report@21037737b7e371d38f3d029367dc3967d5b31a23,matched,documented:profiling_infra_only,1,params+winner from NCU catalogue | profiling source d6ddb622; formal CSV source c882fe50 (batched_matmul_autotune 3c5eccbf); only profiling infrastructure changed (PROVENANCE.md),ok,rmsnorm_kernel_kernel,1,1,"{""BLOCK_N"": 1024, ""num_stages"": 3, ""threads"": 256}",2025.4.0.0 (build 36690805) (public-release),2026-Oct-04 04:28:47,13.1,/usr/local/cuda-13.1/nsight-compute-2025.4.0/target/linux-desktop-t210-a64/ncu --set full --import-source on --replay-mode application --cache-control none --app-replay-mode strict --profile-from-start off --kernel-name regex:^(?:rmsnorm_kernel_kernel) --launch-skip 0 --launch-count 1 --force-overwrite -o /projects/kzhou6/bcui2/research/tilebench/Tilebench-gh200/outputs/ncu/GH200/rmsnorm/tilelang_fp16 /projects/kzhou6/bcui2/env_software/miniconda3-aarch64/envs/tilebench++_env/bin/python /projects/kzhou6/bcui2/research/tilebench/Tilebench-gh200/scripts/profiling/ncu_generic_harness.py,0.0269,0.0413
GH200/tilelang/rmsnorm/fp32,GH200,tilelang,rmsnorm,fp32,e11fe6d3a765e370294c8b671f66fe29affdbc6adabc9d347c6b2ac81097dca6,"{""K"":10240,""M"":2048,""batch"":1}",full,application,NVIDIA_GH200/rmsnorm/tilelang_fp32.ncu-rep,7dd4a13c3967f355befffdeae38ca56de86b1ca779f1080977a3c5826280ec03,hf_download,bcui2/NCU_report@21037737b7e371d38f3d029367dc3967d5b31a23,matched,documented:profiling_infra_only,1,params+winner from NCU catalogue | profiling source d6ddb622; formal CSV source c882fe50 (batched_matmul_autotune 3c5eccbf); only profiling infrastructure changed (PROVENANCE.md),ok,rmsnorm_kernel_kernel,1,1,"{""BLOCK_N"": 2048, ""num_stages"": 3, ""threads"": 256}",2025.4.0.0 (build 36690805) (public-release),2026-Oct-04 04:33:46,13.1,/usr/local/cuda-13.1/nsight-compute-2025.4.0/target/linux-desktop-t210-a64/ncu --set full --import-source on --replay-mode application --cache-control none --app-replay-mode strict --profile-from-start off --kernel-name regex:^(?:rmsnorm_kernel_kernel) --launch-skip 0 --launch-count 1 --force-overwrite -o /projects/kzhou6/bcui2/research/tilebench/Tilebench-gh200/outputs/ncu/GH200/rmsnorm/tilelang_fp32 /projects/kzhou6/bcui2/env_software/miniconda3-aarch64/envs/tilebench++_env/bin/python /projects/kzhou6/bcui2/research/tilebench/Tilebench-gh200/scripts/profiling/ncu_generic_harness.py,0.0507,0.0754
GH200/triton/rmsnorm/bf16,GH200,triton,rmsnorm,bf16,1288e3a1abb85f3e350691afe9d8f11c3f4e9064f9fcb13ddde25a540e1add80,"{""K"":10240,""M"":2048,""batch"":1}",full,application,NVIDIA_GH200/rmsnorm/triton_bf16.ncu-rep,bae3941d95f6f39301cc5f6ba502a25b98dd39a0b755376758f4d906aef29d9e,hf_download,bcui2/NCU_report@21037737b7e371d38f3d029367dc3967d5b31a23,matched,documented:profiling_infra_only,1,params+winner from NCU catalogue | profiling source 638ea849; formal CSV source c882fe50 (batched_matmul_autotune 3c5eccbf); only profiling infrastructure changed (PROVENANCE.md),ok,rmsnorm_kernel,1,1,"{""BLOCK_N_SIZE"": 2048, ""num_stages"": 4, ""num_warps"": 8}",2025.4.0.0 (build 36690805) (public-release),2026-Oct-03 14:42:29,13.1,/usr/local/cuda-13.1/nsight-compute-2025.4.0/target/linux-desktop-t210-a64/ncu --set full --import-source on --replay-mode application --cache-control none --app-replay-mode strict --profile-from-start off --kernel-name regex:^(?:rmsnorm_kernel) --launch-skip 0 --launch-count 1 --force-overwrite -o /projects/kzhou6/bcui2/research/tilebench/Tilebench-gh200/outputs/ncu/GH200/rmsnorm/triton_bf16 /projects/kzhou6/bcui2/env_software/miniconda3-aarch64/envs/tilebench++_env/bin/python /projects/kzhou6/bcui2/research/tilebench/Tilebench-gh200/scripts/profiling/ncu_generic_harness.py,0.0298,0.0414
GH200/triton/rmsnorm/fp16,GH200,triton,rmsnorm,fp16,a33b34a807d8cb49d19d42bc51fe557b157a6cdbcdf961c71164d39e95ee9a8d,"{""K"":10240,""M"":2048,""batch"":1}",full,application,NVIDIA_GH200/rmsnorm/triton_fp16.ncu-rep,e80a33c01021c859534604504f56cfd945fe71fe465a70fca00b2a21103c500f,hf_download,bcui2/NCU_report@21037737b7e371d38f3d029367dc3967d5b31a23,matched,documented:profiling_infra_only,1,params+winner from NCU catalogue | profiling source 638ea849; formal CSV source c882fe50 (batched_matmul_autotune 3c5eccbf); only profiling infrastructure changed (PROVENANCE.md),ok,rmsnorm_kernel,1,1,"{""BLOCK_N_SIZE"": 2048, ""num_stages"": 2, ""num_warps"": 8}",2025.4.0.0 (build 36690805) (public-release),2026-Oct-03 14:38:30,13.1,/usr/local/cuda-13.1/nsight-compute-2025.4.0/target/linux-desktop-t210-a64/ncu --set full --import-source on --replay-mode application --cache-control none --app-replay-mode strict --profile-from-start off --kernel-name regex:^(?:rmsnorm_kernel) --launch-skip 0 --launch-count 1 --force-overwrite -o /projects/kzhou6/bcui2/research/tilebench/Tilebench-gh200/outputs/ncu/GH200/rmsnorm/triton_fp16 /projects/kzhou6/bcui2/env_software/miniconda3-aarch64/envs/tilebench++_env/bin/python /projects/kzhou6/bcui2/research/tilebench/Tilebench-gh200/scripts/profiling/ncu_generic_harness.py,0.0292,0.0413
GH200/triton/rmsnorm/fp32,GH200,triton,rmsnorm,fp32,e11fe6d3a765e370294c8b671f66fe29affdbc6adabc9d347c6b2ac81097dca6,"{""K"":10240,""M"":2048,""batch"":1}",full,application,NVIDIA_GH200/rmsnorm/triton_fp32.ncu-rep,d2876eaabb71353678654d0950b1b8438f46304e69aa10300375581e3fdd558d,hf_download,bcui2/NCU_report@21037737b7e371d38f3d029367dc3967d5b31a23,matched,documented:profiling_infra_only,1,params+winner from NCU catalogue | profiling source 638ea849; formal CSV source c882fe50 (batched_matmul_autotune 3c5eccbf); only profiling infrastructure changed (PROVENANCE.md),ok,rmsnorm_kernel,1,1,"{""BLOCK_N_SIZE"": 2048, ""num_stages"": 3, ""num_warps"": 8}",2025.4.0.0 (build 36690805) (public-release),2026-Oct-03 14:46:28,13.1,/usr/local/cuda-13.1/nsight-compute-2025.4.0/target/linux-desktop-t210-a64/ncu --set full --import-source on --replay-mode application --cache-control none --app-replay-mode strict --profile-from-start off --kernel-name regex:^(?:rmsnorm_kernel) --launch-skip 0 --launch-count 1 --force-overwrite -o /projects/kzhou6/bcui2/research/tilebench/Tilebench-gh200/outputs/ncu/GH200/rmsnorm/triton_fp32 /projects/kzhou6/bcui2/env_software/miniconda3-aarch64/envs/tilebench++_env/bin/python /projects/kzhou6/bcui2/research/tilebench/Tilebench-gh200/scripts/profiling/ncu_generic_harness.py,0.0700,0.0754
GH200/cutile/rope/fp16,GH200,cutile,rope,fp16,0e5044ce223bf21f1c23010169f86841a41ea3908839d07a7c430a025c6fa22c,"{""batch_size"":1,""head_dim"":128,""n_heads"":32,""seq_len"":20480}",full,application,NVIDIA_GH200/rope/cutile_fp16.ncu-rep,c3963538231050855df18de89955c9e6fad2aaafcb76c2886275e532ea3214d1,hf_download,bcui2/NCU_report@21037737b7e371d38f3d029367dc3967d5b31a23,matched,documented:profiling_infra_only,1,params+winner from NCU catalogue | profiling source 638ea849; formal CSV source c882fe50 (batched_matmul_autotune 3c5eccbf); only profiling infrastructure changed (PROVENANCE.md),ok,rope_embedding_Kt1_A4f16_7v8l0_8t1_bi16_p16_A2f16_1v8l0_2t1_3i16_p16_A2f16_1v8l0_2t1_3i16_p16_I20480_I64_I16,1,1,"{""group_size"": 16, ""occupancy"": 4}",2025.4.0.0 (build 36690805) (public-release),2026-Oct-03 14:52:25,13.1,/usr/local/cuda-13.1/nsight-compute-2025.4.0/target/linux-desktop-t210-a64/ncu --set full --import-source on --replay-mode application --cache-control none --app-replay-mode strict --profile-from-start off --kernel-name regex:^(?:rope_embedding) --launch-skip 0 --launch-count 1 --force-overwrite -o /projects/kzhou6/bcui2/research/tilebench/Tilebench-gh200/outputs/ncu/GH200/rope/cutile_fp16 /projects/kzhou6/bcui2/env_software/miniconda3-aarch64/envs/tilebench++_env/bin/python/projects/kzhou6/bcui2/research/tilebench/Tilebench-gh200/scripts/profiling/ncu_generic_harness.py,0.1016,0.7170
GH200/cutile/rope/fp32,GH200,cutile,rope,fp32,40b2d362544e99b824115b4cf74f099b11179d29fb22039bec9713e56f89d07b,"{""batch_size"":1,""head_dim"":128,""n_heads"":32,""seq_len"":20480}",full,application,NVIDIA_GH200/rope/cutile_fp32.ncu-rep,5cd307423abe5260f3e613eaf5e085a0de76308c0ddbb17d68e257586a933634,hf_download,bcui2/NCU_report@21037737b7e371d38f3d029367dc3967d5b31a23,matched,documented:profiling_infra_only,1,params+winner from NCU catalogue | profiling source 638ea849; formal CSV source c882fe50 (batched_matmul_autotune 3c5eccbf); only profiling infrastructure changed (PROVENANCE.md),ok,rope_embedding_Kt1_A4f32_7v4l0_8t1_bi16_p16_A2f32_1v4l0_2t1_3i16_p16_A2f32_1v4l0_2t1_3i16_p16_I20480_I64_I16,1,1,"{""group_size"": 16, ""occupancy"": 8}",2025.4.0.0 (build 36690805) (public-release),2026-Oct-03 14:56:25,13.1,/usr/local/cuda-13.1/nsight-compute-2025.4.0/target/linux-desktop-t210-a64/ncu --set full --import-source on --replay-mode application --cache-control none --app-replay-mode strict --profile-from-start off --kernel-name regex:^(?:rope_embedding) --launch-skip 0 --launch-count 1 --force-overwrite -o /projects/kzhou6/bcui2/research/tilebench/Tilebench-gh200/outputs/ncu/GH200/rope/cutile_fp32 /projects/kzhou6/bcui2/env_software/miniconda3-aarch64/envs/tilebench++_env/bin/python/projects/kzhou6/bcui2/research/tilebench/Tilebench-gh200/scripts/profiling/ncu_generic_harness.py,0.1958,1.0397
GH200/tilelang/rope/fp16,GH200,tilelang,rope,fp16,0e5044ce223bf21f1c23010169f86841a41ea3908839d07a7c430a025c6fa22c,"{""batch_size"":1,""head_dim"":128,""n_heads"":32,""seq_len"":20480}",full,application,NVIDIA_GH200/rope/tilelang_fp16.ncu-rep,46267df9275f2aaa7c04479b7f01d15b4ea3cd432fd43269f3f307f1447d5952,hf_download,bcui2/NCU_report@21037737b7e371d38f3d029367dc3967d5b31a23,matched,documented:profiling_infra_only,1,params+winner from NCU catalogue | profiling source d6ddb622; formal CSV source c882fe50 (batched_matmul_autotune 3c5eccbf); only profiling infrastructure changed (PROVENANCE.md),ok,rope_embedding_kernel,1,1,"{""ROPE_GROUP_SIZE"": 16, ""threads"": 256}",2025.4.0.0 (build 36690805) (public-release),2026-Oct-04 04:36:13,13.1,/usr/local/cuda-13.1/nsight-compute-2025.4.0/target/linux-desktop-t210-a64/ncu --set full --import-source on --replay-mode application --cache-control none --app-replay-mode strict --profile-from-start off --kernel-name regex:^(?:rope_embedding_kernel) --launch-skip 0 --launch-count 1 --force-overwrite -o /projects/kzhou6/bcui2/research/tilebench/Tilebench-gh200/outputs/ncu/GH200/rope/tilelang_fp16 /projects/kzhou6/bcui2/env_software/miniconda3-aarch64/envs/tilebench++_env/bin/python /projects/kzhou6/bcui2/research/tilebench/Tilebench-gh200/scripts/profiling/ncu_generic_harness.py,0.1007,0.7170
GH200/tilelang/rope/fp32,GH200,tilelang,rope,fp32,40b2d362544e99b824115b4cf74f099b11179d29fb22039bec9713e56f89d07b,"{""batch_size"":1,""head_dim"":128,""n_heads"":32,""seq_len"":20480}",full,application,NVIDIA_GH200/rope/tilelang_fp32.ncu-rep,28f8844592d62bd2291d924892a585a0b222a392bf11b3bc33c39d9712b30d96,hf_download,bcui2/NCU_report@21037737b7e371d38f3d029367dc3967d5b31a23,matched,documented:profiling_infra_only,1,params+winner from NCU catalogue | profiling source d6ddb622; formal CSV source c882fe50 (batched_matmul_autotune 3c5eccbf); only profiling infrastructure changed (PROVENANCE.md),ok,rope_embedding_kernel,1,1,"{""ROPE_GROUP_SIZE"": 16, ""threads"": 256}",2025.4.0.0 (build 36690805) (public-release),2026-Oct-04 04:38:41,13.1,/usr/local/cuda-13.1/nsight-compute-2025.4.0/target/linux-desktop-t210-a64/ncu --set full --import-source on --replay-mode application --cache-control none --app-replay-mode strict --profile-from-start off --kernel-name regex:^(?:rope_embedding_kernel) --launch-skip 0 --launch-count 1 --force-overwrite -o /projects/kzhou6/bcui2/research/tilebench/Tilebench-gh200/outputs/ncu/GH200/rope/tilelang_fp32 /projects/kzhou6/bcui2/env_software/miniconda3-aarch64/envs/tilebench++_env/bin/python /projects/kzhou6/bcui2/research/tilebench/Tilebench-gh200/scripts/profiling/ncu_generic_harness.py,0.1948,1.0397
GH200/triton/rope/fp16,GH200,triton,rope,fp16,0e5044ce223bf21f1c23010169f86841a41ea3908839d07a7c430a025c6fa22c,"{""batch_size"":1,""head_dim"":128,""n_heads"":32,""seq_len"":20480}",full,application,NVIDIA_GH200/rope/triton_fp16.ncu-rep,fc0bddad66ab0d3410b3ba70227f4b683f9d89da97d516329b12f292b98b1a2e,hf_download,bcui2/NCU_report@21037737b7e371d38f3d029367dc3967d5b31a23,matched,documented:profiling_infra_only,1,params+winner from NCU catalogue | profiling source 638ea849; formal CSV source c882fe50 (batched_matmul_autotune 3c5eccbf); only profiling infrastructure changed (PROVENANCE.md),ok,rope_embedding,1,1,"{""ROPE_GROUP_SIZE"": 16, ""num_stages"": 3, ""num_warps"": 4}",2025.4.0.0 (build 36690805) (public-release),2026-Oct-03 14:50:27,13.1,/usr/local/cuda-13.1/nsight-compute-2025.4.0/target/linux-desktop-t210-a64/ncu --set full --import-source on --replay-mode application --cache-control none --app-replay-mode strict --profile-from-start off --kernel-name regex:^(?:rope_embedding) --launch-skip 0 --launch-count 1 --force-overwrite -o /projects/kzhou6/bcui2/research/tilebench/Tilebench-gh200/outputs/ncu/GH200/rope/triton_fp16 /projects/kzhou6/bcui2/env_software/miniconda3-aarch64/envs/tilebench++_env/bin/python/projects/kzhou6/bcui2/research/tilebench/Tilebench-gh200/scripts/profiling/ncu_generic_harness.py,0.1009,0.7170
GH200/triton/rope/fp32,GH200,triton,rope,fp32,40b2d362544e99b824115b4cf74f099b11179d29fb22039bec9713e56f89d07b,"{""batch_size"":1,""head_dim"":128,""n_heads"":32,""seq_len"":20480}",full,application,NVIDIA_GH200/rope/triton_fp32.ncu-rep,b0ec1fc2fde78965f788b40a5f515e771879a3a42d33de889311faf2c2de738b,hf_download,bcui2/NCU_report@21037737b7e371d38f3d029367dc3967d5b31a23,matched,documented:profiling_infra_only,1,params+winner from NCU catalogue | profiling source 638ea849; formal CSV source c882fe50 (batched_matmul_autotune 3c5eccbf); only profiling infrastructure changed (PROVENANCE.md),ok,rope_embedding,1,1,"{""ROPE_GROUP_SIZE"": 16, ""num_stages"": 3, ""num_warps"": 8}",2025.4.0.0 (build 36690805) (public-release),2026-Oct-03 14:54:27,13.1,/usr/local/cuda-13.1/nsight-compute-2025.4.0/target/linux-desktop-t210-a64/ncu --set full --import-source on --replay-mode application --cache-control none --app-replay-mode strict --profile-from-start off --kernel-name regex:^(?:rope_embedding) --launch-skip 0 --launch-count 1 --force-overwrite -o /projects/kzhou6/bcui2/research/tilebench/Tilebench-gh200/outputs/ncu/GH200/rope/triton_fp32 /projects/kzhou6/bcui2/env_software/miniconda3-aarch64/envs/tilebench++_env/bin/python/projects/kzhou6/bcui2/research/tilebench/Tilebench-gh200/scripts/profiling/ncu_generic_harness.py,0.1959,1.0397
GH200/cutile/sigmoid/bf16,GH200,cutile,sigmoid,bf16,4aa1ec6120906e3dbaba486e10497608be20757b34ad598b38adc1c46512509d,"{""n"":50000000}",full,application,NVIDIA_GH200/sigmoid/cutile_bf16.ncu-rep,df339aaedcb3cd522d7a5a8c4e19a0c61f1a99a60a769ccc60e6dfe8cad0d1ae,hf_download,bcui2/NCU_report@21037737b7e371d38f3d029367dc3967d5b31a23,matched,documented:profiling_infra_only,1,params+winner from NCU catalogue | profiling source 638ea849; formal CSV source c882fe50 (batched_matmul_autotune 3c5eccbf); only profiling infrastructure changed (PROVENANCE.md),ok,sigmoid_kernel_Kt1_A1bf16_1i16t1_p16_A1bf16_1i16t1_p16_I1024,1,1,"{""occupancy"": 4, ""tile"": 1024}",2025.4.0.0 (build 36690805) (public-release),2026-Oct-03 15:04:23,13.1,/usr/local/cuda-13.1/nsight-compute-2025.4.0/target/linux-desktop-t210-a64/ncu --set full --import-source on --replay-mode application --cache-control none --app-replay-mode strict --profile-from-start off --kernel-name regex:^(?:sigmoid_kernel) --launch-skip 0 --launch-count 1 --force-overwrite -o /projects/kzhou6/bcui2/research/tilebench/Tilebench-gh200/outputs/ncu/GH200/sigmoid/cutile_bf16 /projects/kzhou6/bcui2/env_software/miniconda3-aarch64/envs/tilebench++_env/bin/python /projects/kzhou6/bcui2/research/tilebench/Tilebench-gh200/scripts/profiling/ncu_generic_harness.py,0.0666,0.0606
GH200/cutile/sigmoid/fp16,GH200,cutile,sigmoid,fp16,75076a495ad2a26aaf8b82e6e5988eebf5decb343d455eb3c258a97a14e2ef66,"{""n"":50000000}",full,application,NVIDIA_GH200/sigmoid/cutile_fp16.ncu-rep,40c5b1b22580cad7aed687533b356a0116e4154ed0143275c805e4b1509b82ba,hf_download,bcui2/NCU_report@21037737b7e371d38f3d029367dc3967d5b31a23,matched,documented:profiling_infra_only,1,params+winner from NCU catalogue | profiling source 638ea849; formal CSV source c882fe50 (batched_matmul_autotune 3c5eccbf); only profiling infrastructure changed (PROVENANCE.md),ok,sigmoid_kernel_Kt1_A1f16_1i16t1_p16_A1f16_1i16t1_p16_I8192,1,1,"{""occupancy"": 16, ""tile"": 8192}",2025.4.0.0 (build 36690805) (public-release),2026-Oct-03 15:00:24,13.1,/usr/local/cuda-13.1/nsight-compute-2025.4.0/target/linux-desktop-t210-a64/ncu --set full --import-source on --replay-mode application --cache-control none --app-replay-mode strict --profile-from-start off --kernel-name regex:^(?:sigmoid_kernel) --launch-skip 0 --launch-count 1 --force-overwrite -o /projects/kzhou6/bcui2/research/tilebench/Tilebench-gh200/outputs/ncu/GH200/sigmoid/cutile_fp16 /projects/kzhou6/bcui2/env_software/miniconda3-aarch64/envs/tilebench++_env/bin/python /projects/kzhou6/bcui2/research/tilebench/Tilebench-gh200/scripts/profiling/ncu_generic_harness.py,0.0614,0.0602
GH200/cutile/sigmoid/fp32,GH200,cutile,sigmoid,fp32,2e3d228dcd70af4d6b8be29058cba31c9247a8ee06d2c5d2cc7ae73cc76827f6,"{""n"":50000000}",full,application,NVIDIA_GH200/sigmoid/cutile_fp32.ncu-rep,282817c9f4812dfb258516fd22bead93fba05a3087f20f2a407b3ceca9683c52,hf_download,bcui2/NCU_report@21037737b7e371d38f3d029367dc3967d5b31a23,matched,documented:profiling_infra_only,1,params+winner from NCU catalogue | profiling source 638ea849; formal CSV source c882fe50 (batched_matmul_autotune 3c5eccbf); only profiling infrastructure changed (PROVENANCE.md),ok,sigmoid_kernel_Kt1_A1f32_1i16t1_p16_A1f32_1i16t1_p16_I1024,1,1,"{""occupancy"": 8, ""tile"": 1024}",2025.4.0.0 (build 36690805) (public-release),2026-Oct-03 15:08:23,13.1,/usr/local/cuda-13.1/nsight-compute-2025.4.0/target/linux-desktop-t210-a64/ncu --set full --import-source on --replay-mode application --cache-control none --app-replay-mode strict --profile-from-start off --kernel-name regex:^(?:sigmoid_kernel) --launch-skip 0 --launch-count 1 --force-overwrite -o /projects/kzhou6/bcui2/research/tilebench/Tilebench-gh200/outputs/ncu/GH200/sigmoid/cutile_fp32 /projects/kzhou6/bcui2/env_software/miniconda3-aarch64/envs/tilebench++_env/bin/python /projects/kzhou6/bcui2/research/tilebench/Tilebench-gh200/scripts/profiling/ncu_generic_harness.py,0.1142,0.1130
GH200/tilelang/sigmoid/bf16,GH200,tilelang,sigmoid,bf16,4aa1ec6120906e3dbaba486e10497608be20757b34ad598b38adc1c46512509d,"{""n"":50000000}",full,application,NVIDIA_GH200/sigmoid/tilelang_bf16.ncu-rep,93d79179bf3e87196b253a10309b726a38c4457c917f955d2d93f40f47ab4424,hf_download,bcui2/NCU_report@21037737b7e371d38f3d029367dc3967d5b31a23,matched,documented:profiling_infra_only,1,params+winner from NCU catalogue | profiling source d6ddb622; formal CSV source c882fe50 (batched_matmul_autotune 3c5eccbf); only profiling infrastructure changed (PROVENANCE.md),ok,sigmoid_kernel_kernel,1,1,"{""BLOCK_SIZE"": 2048, ""threads"": 128}",2025.4.0.0 (build 36690805) (public-release),2026-Oct-04 04:43:35,13.1,/usr/local/cuda-13.1/nsight-compute-2025.4.0/target/linux-desktop-t210-a64/ncu --set full --import-source on --replay-mode application --cache-control none --app-replay-mode strict --profile-from-start off --kernel-name regex:^(?:sigmoid_kernel_kernel) --launch-skip 0 --launch-count 1 --force-overwrite -o /projects/kzhou6/bcui2/research/tilebench/Tilebench-gh200/outputs/ncu/GH200/sigmoid/tilelang_bf16 /projects/kzhou6/bcui2/env_software/miniconda3-aarch64/envs/tilebench++_env/bin/python /projects/kzhou6/bcui2/research/tilebench/Tilebench-gh200/scripts/profiling/ncu_generic_harness.py,0.0584,0.0606
GH200/tilelang/sigmoid/fp16,GH200,tilelang,sigmoid,fp16,75076a495ad2a26aaf8b82e6e5988eebf5decb343d455eb3c258a97a14e2ef66,"{""n"":50000000}",full,application,NVIDIA_GH200/sigmoid/tilelang_fp16.ncu-rep,c429354aea91ca27d9ed63d1b8344f8af18cfae1603c933409ec3b5151719143,hf_download,bcui2/NCU_report@21037737b7e371d38f3d029367dc3967d5b31a23,matched,documented:profiling_infra_only,1,params+winner from NCU catalogue | profiling source d6ddb622; formal CSV source c882fe50 (batched_matmul_autotune 3c5eccbf); only profiling infrastructure changed (PROVENANCE.md),ok,sigmoid_kernel_kernel,1,1,"{""BLOCK_SIZE"": 1024, ""threads"": 128}",2025.4.0.0 (build 36690805) (public-release),2026-Oct-04 04:41:08,13.1,/usr/local/cuda-13.1/nsight-compute-2025.4.0/target/linux-desktop-t210-a64/ncu --set full --import-source on --replay-mode application --cache-control none --app-replay-mode strict --profile-from-start off --kernel-name regex:^(?:sigmoid_kernel_kernel) --launch-skip 0 --launch-count 1 --force-overwrite -o /projects/kzhou6/bcui2/research/tilebench/Tilebench-gh200/outputs/ncu/GH200/sigmoid/tilelang_fp16 /projects/kzhou6/bcui2/env_software/miniconda3-aarch64/envs/tilebench++_env/bin/python /projects/kzhou6/bcui2/research/tilebench/Tilebench-gh200/scripts/profiling/ncu_generic_harness.py,0.0585,0.0602
GH200/tilelang/sigmoid/fp32,GH200,tilelang,sigmoid,fp32,2e3d228dcd70af4d6b8be29058cba31c9247a8ee06d2c5d2cc7ae73cc76827f6,"{""n"":50000000}",full,application,NVIDIA_GH200/sigmoid/tilelang_fp32.ncu-rep,d9dac25133486413c23ee014fc98ca07487e63455078ebcd7d86384c54b2889b,hf_download,bcui2/NCU_report@21037737b7e371d38f3d029367dc3967d5b31a23,matched,documented:profiling_infra_only,1,params+winner from NCU catalogue | profiling source d6ddb622; formal CSV source c882fe50 (batched_matmul_autotune 3c5eccbf); only profiling infrastructure changed (PROVENANCE.md),ok,sigmoid_kernel_kernel,1,1,"{""BLOCK_SIZE"": 1024, ""threads"": 256}",2025.4.0.0 (build 36690805) (public-release),2026-Oct-04 04:46:01,13.1,/usr/local/cuda-13.1/nsight-compute-2025.4.0/target/linux-desktop-t210-a64/ncu --set full --import-source on --replay-mode application --cache-control none --app-replay-mode strict --profile-from-start off --kernel-name regex:^(?:sigmoid_kernel_kernel) --launch-skip 0 --launch-count 1 --force-overwrite -o /projects/kzhou6/bcui2/research/tilebench/Tilebench-gh200/outputs/ncu/GH200/sigmoid/tilelang_fp32 /projects/kzhou6/bcui2/env_software/miniconda3-aarch64/envs/tilebench++_env/bin/python /projects/kzhou6/bcui2/research/tilebench/Tilebench-gh200/scripts/profiling/ncu_generic_harness.py,0.1129,0.1130
GH200/triton/sigmoid/bf16,GH200,triton,sigmoid,bf16,4aa1ec6120906e3dbaba486e10497608be20757b34ad598b38adc1c46512509d,"{""n"":50000000}",full,application,NVIDIA_GH200/sigmoid/triton_bf16.ncu-rep,99b36d688b3415b4efd20439c3fdd3548880696ad56cf55b5d9cd5f117cd0ee7,hf_download,bcui2/NCU_report@21037737b7e371d38f3d029367dc3967d5b31a23,matched,documented:profiling_infra_only,1,params+winner from NCU catalogue | profiling source 638ea849; formal CSV source c882fe50 (batched_matmul_autotune 3c5eccbf); only profiling infrastructure changed (PROVENANCE.md),ok,sigmoid_kernel,1,1,"{""BLOCK_SIZE"": 2048, ""num_stages"": 1, ""num_warps"": 8}",2025.4.0.0 (build 36690805) (public-release),2026-Oct-03 15:02:26,13.1,/usr/local/cuda-13.1/nsight-compute-2025.4.0/target/linux-desktop-t210-a64/ncu --set full --import-source on --replay-mode application --cache-control none --app-replay-mode strict --profile-from-start off --kernel-name regex:^(?:sigmoid_kernel) --launch-skip 0 --launch-count 1 --force-overwrite -o /projects/kzhou6/bcui2/research/tilebench/Tilebench-gh200/outputs/ncu/GH200/sigmoid/triton_bf16 /projects/kzhou6/bcui2/env_software/miniconda3-aarch64/envs/tilebench++_env/bin/python /projects/kzhou6/bcui2/research/tilebench/Tilebench-gh200/scripts/profiling/ncu_generic_harness.py,0.0577,0.0606
GH200/triton/sigmoid/fp16,GH200,triton,sigmoid,fp16,75076a495ad2a26aaf8b82e6e5988eebf5decb343d455eb3c258a97a14e2ef66,"{""n"":50000000}",full,application,NVIDIA_GH200/sigmoid/triton_fp16.ncu-rep,5c2d3bcb64f7175f377ffd4cca113bda1408d36cb6335d1cc5fcf94528a471be,hf_download,bcui2/NCU_report@21037737b7e371d38f3d029367dc3967d5b31a23,matched,documented:profiling_infra_only,1,params+winner from NCU catalogue | profiling source 638ea849; formal CSV source c882fe50 (batched_matmul_autotune 3c5eccbf); only profiling infrastructure changed (PROVENANCE.md),ok,sigmoid_kernel,1,1,"{""BLOCK_SIZE"": 2048, ""num_stages"": 1, ""num_warps"": 8}",2025.4.0.0 (build 36690805) (public-release),2026-Oct-03 14:58:27,13.1,/usr/local/cuda-13.1/nsight-compute-2025.4.0/target/linux-desktop-t210-a64/ncu --set full --import-source on --replay-mode application --cache-control none --app-replay-mode strict --profile-from-start off --kernel-name regex:^(?:sigmoid_kernel) --launch-skip 0 --launch-count 1 --force-overwrite -o /projects/kzhou6/bcui2/research/tilebench/Tilebench-gh200/outputs/ncu/GH200/sigmoid/triton_fp16 /projects/kzhou6/bcui2/env_software/miniconda3-aarch64/envs/tilebench++_env/bin/python /projects/kzhou6/bcui2/research/tilebench/Tilebench-gh200/scripts/profiling/ncu_generic_harness.py,0.0582,0.0602
GH200/triton/sigmoid/fp32,GH200,triton,sigmoid,fp32,2e3d228dcd70af4d6b8be29058cba31c9247a8ee06d2c5d2cc7ae73cc76827f6,"{""n"":50000000}",full,application,NVIDIA_GH200/sigmoid/triton_fp32.ncu-rep,034bfa179f2b16c446cc9aa0be5870e27dd08c1b42a59688a584792745ea83dd,hf_download,bcui2/NCU_report@21037737b7e371d38f3d029367dc3967d5b31a23,matched,documented:profiling_infra_only,1,params+winner from NCU catalogue | profiling source 638ea849; formal CSV source c882fe50 (batched_matmul_autotune 3c5eccbf); only profiling infrastructure changed (PROVENANCE.md),ok,sigmoid_kernel,1,1,"{""BLOCK_SIZE"": 1024, ""num_stages"": 2, ""num_warps"": 8}",2025.4.0.0 (build 36690805) (public-release),2026-Oct-03 15:06:26,13.1,/usr/local/cuda-13.1/nsight-compute-2025.4.0/target/linux-desktop-t210-a64/ncu --set full --import-source on --replay-mode application --cache-control none --app-replay-mode strict --profile-from-start off --kernel-name regex:^(?:sigmoid_kernel) --launch-skip 0 --launch-count 1 --force-overwrite -o /projects/kzhou6/bcui2/research/tilebench/Tilebench-gh200/outputs/ncu/GH200/sigmoid/triton_fp32 /projects/kzhou6/bcui2/env_software/miniconda3-aarch64/envs/tilebench++_env/bin/python /projects/kzhou6/bcui2/research/tilebench/Tilebench-gh200/scripts/profiling/ncu_generic_harness.py,0.1125,0.1130
GH200/cutile/softmax/fp16,GH200,cutile,softmax,fp16,080e2a826d47202de480ba2daf0ddbedeaaaef29fa87f45cd17c1cf556734a21,"{""n_cols"":10240,""n_rows"":2048}",full,application,NVIDIA_GH200/softmax/cutile_fp16.ncu-rep,a81073754044d4161e30bc6145df8d09fae6ecbe287388b5bb1c759a05ef5080,hf_download,bcui2/NCU_report@21037737b7e371d38f3d029367dc3967d5b31a23,matched,documented:profiling_infra_only,1,params+winner from NCU catalogue | profiling source 638ea849; formal CSV source c882fe50 (batched_matmul_autotune 3c5eccbf); only profiling infrastructure changed (PROVENANCE.md),ok,softmax_online_kernel_Kt1_A2f16_1v8l0_2t1_3i16_p16_A2f16_1v8l0_2t1_3i16_p16_Si32_I5_I2048,1,1,"{""block_size"": 2048, ""occupancy"": 8}",2025.4.0.0 (build 36690805) (public-release),2026-Oct-03 15:12:23,13.1,/usr/local/cuda-13.1/nsight-compute-2025.4.0/target/linux-desktop-t210-a64/ncu --set full --import-source on --replay-mode application --cache-control none --app-replay-mode strict --profile-from-start off --kernel-name regex:^(?:softmax_online_kernel) --launch-skip 0 --launch-count 1 --force-overwrite -o /projects/kzhou6/bcui2/research/tilebench/Tilebench-gh200/outputs/ncu/GH200/softmax/cutile_fp16 /projects/kzhou6/bcui2/env_software/miniconda3-aarch64/envs/tilebench++_env/bin/python /projects/kzhou6/bcui2/research/tilebench/Tilebench-gh200/scripts/profiling/ncu_generic_harness.py,0.0455,0.0536
GH200/cutile/softmax/fp32,GH200,cutile,softmax,fp32,cf43db097908ef9c9c6e7549d1bcf076609d45e08c01f136e0594907c2f5e3fc,"{""n_cols"":10240,""n_rows"":2048}",full,application,NVIDIA_GH200/softmax/cutile_fp32.ncu-rep,3a0c6f823ac41f777999300d26b1f2e8c8f40ea63e73fb10f393ffb18b786a0e,hf_download,bcui2/NCU_report@21037737b7e371d38f3d029367dc3967d5b31a23,matched,documented:profiling_infra_only,1,params+winner from NCU catalogue | profiling source 638ea849; formal CSV source c882fe50 (batched_matmul_autotune 3c5eccbf); only profiling infrastructure changed (PROVENANCE.md),ok,softmax_online_kernel_Kt1_A2f32_1v4l0_2t1_3i16_p16_A2f32_1v4l0_2t1_3i16_p16_Si32_I5_I2048,1,1,"{""block_size"": 2048, ""occupancy"": 8}",2025.4.0.0 (build 36690805) (public-release),2026-Oct-03 15:16:23,13.1,/usr/local/cuda-13.1/nsight-compute-2025.4.0/target/linux-desktop-t210-a64/ncu --set full --import-source on --replay-mode application --cache-control none --app-replay-mode strict --profile-from-start off --kernel-name regex:^(?:softmax_online_kernel) --launch-skip 0 --launch-count 1 --force-overwrite -o /projects/kzhou6/bcui2/research/tilebench/Tilebench-gh200/outputs/ncu/GH200/softmax/cutile_fp32 /projects/kzhou6/bcui2/env_software/miniconda3-aarch64/envs/tilebench++_env/bin/python /projects/kzhou6/bcui2/research/tilebench/Tilebench-gh200/scripts/profiling/ncu_generic_harness.py,0.0605,0.0658
GH200/tilelang/softmax/fp16,GH200,tilelang,softmax,fp16,080e2a826d47202de480ba2daf0ddbedeaaaef29fa87f45cd17c1cf556734a21,"{""n_cols"":10240,""n_rows"":2048}",full,application,NVIDIA_GH200/softmax/tilelang_fp16.ncu-rep,3e965055dd8c0d71e27e19d019e8503911e6a652ede60f58cb3ef3d6a5118aa9,hf_download,bcui2/NCU_report@21037737b7e371d38f3d029367dc3967d5b31a23,matched,documented:profiling_infra_only,1,params+winner from NCU catalogue | profiling source d6ddb622; formal CSV source c882fe50 (batched_matmul_autotune 3c5eccbf); only profiling infrastructure changed (PROVENANCE.md),ok,softmax_online_kernel_kernel,1,1,"{""BLOCK_SIZE"": 2048, ""threads"": 128}",2025.4.0.0 (build 36690805) (public-release),2026-Oct-04 04:48:31,13.1,/usr/local/cuda-13.1/nsight-compute-2025.4.0/target/linux-desktop-t210-a64/ncu --set full --import-source on --replay-mode application --cache-control none --app-replay-mode strict --profile-from-start off --kernel-name regex:^(?:softmax_online_kernel_kernel) --launch-skip 0 --launch-count 1 --force-overwrite -o /projects/kzhou6/bcui2/research/tilebench/Tilebench-gh200/outputs/ncu/GH200/softmax/tilelang_fp16 /projects/kzhou6/bcui2/env_software/miniconda3-aarch64/envs/tilebench++_env/bin/python /projects/kzhou6/bcui2/research/tilebench/Tilebench-gh200/scripts/profiling/ncu_generic_harness.py,0.0343,0.0536
GH200/tilelang/softmax/fp32,GH200,tilelang,softmax,fp32,cf43db097908ef9c9c6e7549d1bcf076609d45e08c01f136e0594907c2f5e3fc,"{""n_cols"":10240,""n_rows"":2048}",full,application,NVIDIA_GH200/softmax/tilelang_fp32.ncu-rep,000cfb65d9a0388e081285b242bc5ce7814ac8fbc6452f3e41d85270e5675c76,hf_download,bcui2/NCU_report@21037737b7e371d38f3d029367dc3967d5b31a23,matched,documented:profiling_infra_only,1,params+winner from NCU catalogue | profiling source d6ddb622; formal CSV source c882fe50 (batched_matmul_autotune 3c5eccbf); only profiling infrastructure changed (PROVENANCE.md),ok,softmax_online_kernel_kernel,1,1,"{""BLOCK_SIZE"": 2048, ""threads"": 256}",2025.4.0.0 (build 36690805) (public-release),2026-Oct-04 04:51:02,13.1,/usr/local/cuda-13.1/nsight-compute-2025.4.0/target/linux-desktop-t210-a64/ncu --set full --import-source on --replay-mode application --cache-control none --app-replay-mode strict --profile-from-start off --kernel-name regex:^(?:softmax_online_kernel_kernel) --launch-skip 0 --launch-count 1 --force-overwrite -o /projects/kzhou6/bcui2/research/tilebench/Tilebench-gh200/outputs/ncu/GH200/softmax/tilelang_fp32 /projects/kzhou6/bcui2/env_software/miniconda3-aarch64/envs/tilebench++_env/bin/python /projects/kzhou6/bcui2/research/tilebench/Tilebench-gh200/scripts/profiling/ncu_generic_harness.py,0.0659,0.0658
GH200/triton/softmax/fp16,GH200,triton,softmax,fp16,080e2a826d47202de480ba2daf0ddbedeaaaef29fa87f45cd17c1cf556734a21,"{""n_cols"":10240,""n_rows"":2048}",full,application,NVIDIA_GH200/softmax/triton_fp16.ncu-rep,62585454ceb7f294128da6ce13c9a14c9eec8796ba04288400aa884b7e1ad1c1,hf_download,bcui2/NCU_report@21037737b7e371d38f3d029367dc3967d5b31a23,matched,documented:profiling_infra_only,1,params+winner from NCU catalogue | profiling source 638ea849; formal CSV source c882fe50 (batched_matmul_autotune 3c5eccbf); only profiling infrastructure changed (PROVENANCE.md),ok,softmax_online_kernel,1,1,"{""BLOCK_SIZE"": 2048, ""num_warps"": 8}",2025.4.0.0 (build 36690805) (public-release),2026-Oct-03 15:10:26,13.1,/usr/local/cuda-13.1/nsight-compute-2025.4.0/target/linux-desktop-t210-a64/ncu --set full --import-source on --replay-mode application --cache-control none --app-replay-mode strict --profile-from-start off --kernel-name regex:^(?:softmax_online_kernel) --launch-skip 0 --launch-count 1 --force-overwrite -o /projects/kzhou6/bcui2/research/tilebench/Tilebench-gh200/outputs/ncu/GH200/softmax/triton_fp16 /projects/kzhou6/bcui2/env_software/miniconda3-aarch64/envs/tilebench++_env/bin/python /projects/kzhou6/bcui2/research/tilebench/Tilebench-gh200/scripts/profiling/ncu_generic_harness.py,0.0339,0.0536
GH200/triton/softmax/fp32,GH200,triton,softmax,fp32,cf43db097908ef9c9c6e7549d1bcf076609d45e08c01f136e0594907c2f5e3fc,"{""n_cols"":10240,""n_rows"":2048}",full,application,NVIDIA_GH200/softmax/triton_fp32.ncu-rep,31adf3be959659cdc6f8ed36e2414db9e085a4d94467e979a4744c41b2081eda,hf_download,bcui2/NCU_report@21037737b7e371d38f3d029367dc3967d5b31a23,matched,documented:profiling_infra_only,1,params+winner from NCU catalogue | profiling source 638ea849; formal CSV source c882fe50 (batched_matmul_autotune 3c5eccbf); only profiling infrastructure changed (PROVENANCE.md),ok,softmax_online_kernel,1,1,"{""BLOCK_SIZE"": 2048, ""num_warps"": 8}",2025.4.0.0 (build 36690805) (public-release),2026-Oct-03 15:14:25,13.1,/usr/local/cuda-13.1/nsight-compute-2025.4.0/target/linux-desktop-t210-a64/ncu --set full --import-source on --replay-mode application --cache-control none --app-replay-mode strict --profile-from-start off --kernel-name regex:^(?:softmax_online_kernel) --launch-skip 0 --launch-count 1 --force-overwrite -o /projects/kzhou6/bcui2/research/tilebench/Tilebench-gh200/outputs/ncu/GH200/softmax/triton_fp32 /projects/kzhou6/bcui2/env_software/miniconda3-aarch64/envs/tilebench++_env/bin/python /projects/kzhou6/bcui2/research/tilebench/Tilebench-gh200/scripts/profiling/ncu_generic_harness.py,0.0700,0.0658
GH200/cutile/streamk_matmul/bf16,GH200,cutile,streamk_matmul,bf16,25bc1f9313f25d60c0b511200b9865b3fbddacc85c4c511c0d7cfcd0f0904235,"{""k"":4096,""m"":8192,""n"":28672}",full,application,NVIDIA_GH200/streamk_matmul/cutile_bf16.ncu-rep,6f20600c780a14a56c9ffffccbc998bddbf8a8e882480022e662fd1c7ce11dc3,hf_download,bcui2/NCU_report@21037737b7e371d38f3d029367dc3967d5b31a23,matched,documented:profiling_infra_only,2,params+winner from NCU catalogue | profiling source 638ea849; formal CSV source c882fe50 (batched_matmul_autotune 3c5eccbf); only profiling infrastructure changed (PROVENANCE.md),ok,first_wave_Kt1_A2bf16_1v8l0_2t1_3i16_p16_A2bf16_1v8l0_2t1_3i16_p16_A2f32_1v4l0_2t1_3i16_p16_I4096_I132_I128_I128_I64_I8;full_tiles_Kt1_A2bf16_1v8l0_2t1_3i16_p16_A2bf16_1v8l0_2t1_3i16_p16_A2f32_1v4l0_2t1_3i16_p16_I4096_I132_I128_I128_I64_I8,2,2,"{""group_m"": 8, ""occupancy"": 8, ""tk"": 64, ""tm"": 128, ""tn"": 128}",2025.4.0.0 (build 36690805) (public-release),2026-Oct-03 15:25:11,13.1,/usr/local/cuda-13.1/nsight-compute-2025.4.0/target/linux-desktop-t210-a64/ncu --set full --import-source on --replay-mode application --cache-control none --app-replay-mode strict --profile-from-start off --kernel-name regex:^(?:first_wave|full_tiles) --launch-skip 0 --launch-count 2 --force-overwrite -o /projects/kzhou6/bcui2/research/tilebench/Tilebench-gh200/outputs/ncu/GH200/streamk_matmul/cutile_bf16 /projects/kzhou6/bcui2/env_software/miniconda3-aarch64/envs/tilebench++_env/bin/python /projects/kzhou6/bcui2/research/tilebench/Tilebench-gh200/scripts/profiling/ncu_generic_harness.py,3.8500,2.2214
GH200/cutile/streamk_matmul/fp16,GH200,cutile,streamk_matmul,fp16,d7caa9fbfbd14aa8d632ab477ff01ef2acd5ff8650a12cf494d79c6b7ae05f2d,"{""k"":4096,""m"":8192,""n"":28672}",full,application,NVIDIA_GH200/streamk_matmul/cutile_fp16.ncu-rep,f7317a9502d0d1aee1bb3bf43070ef32bf7a55cb965fdc32e7185b2e69d74ab3,hf_download,bcui2/NCU_report@21037737b7e371d38f3d029367dc3967d5b31a23,matched,documented:profiling_infra_only,2,params+winner from NCU catalogue | profiling source 638ea849; formal CSV source c882fe50 (batched_matmul_autotune 3c5eccbf); only profiling infrastructure changed (PROVENANCE.md),ok,first_wave_Kt1_A2f16_1v8l0_2t1_3i16_p16_A2f16_1v8l0_2t1_3i16_p16_A2f32_1v4l0_2t1_3i16_p16_I4096_I132_I128_I128_I64_I8;full_tiles_Kt1_A2f16_1v8l0_2t1_3i16_p16_A2f16_1v8l0_2t1_3i16_p16_A2f32_1v4l0_2t1_3i16_p16_I4096_I132_I128_I128_I64_I8,2,2,"{""group_m"": 8, ""occupancy"": 16, ""tk"": 64, ""tm"": 128, ""tn"": 128}",2025.4.0.0 (build 36690805) (public-release),2026-Oct-03 15:20:47,13.1,/usr/local/cuda-13.1/nsight-compute-2025.4.0/target/linux-desktop-t210-a64/ncu --set full --import-source on --replay-mode application --cache-control none --app-replay-mode strict --profile-from-start off --kernel-name regex:^(?:first_wave|full_tiles) --launch-skip 0 --launch-count 2 --force-overwrite -o /projects/kzhou6/bcui2/research/tilebench/Tilebench-gh200/outputs/ncu/GH200/streamk_matmul/cutile_fp16 /projects/kzhou6/bcui2/env_software/miniconda3-aarch64/envs/tilebench++_env/bin/python /projects/kzhou6/bcui2/research/tilebench/Tilebench-gh200/scripts/profiling/ncu_generic_harness.py,3.8199,2.2676
GH200/cutile/streamk_matmul/fp32,GH200,cutile,streamk_matmul,fp32,62f15d6b87695f834a84aeea4568ad3f44738c31e6c21249233b6f226d735c02,"{""k"":4096,""m"":8192,""n"":28672}",full,application,NVIDIA_GH200/streamk_matmul/cutile_fp32.ncu-rep,f31cd8cf312e565baf43bc1dc67baf4b3976fef1449737ab2876c8fa31d9594e,hf_download,bcui2/NCU_report@21037737b7e371d38f3d029367dc3967d5b31a23,matched,documented:profiling_infra_only,2,params+winner from NCU catalogue | profiling source 638ea849; formal CSV source c882fe50 (batched_matmul_autotune 3c5eccbf); only profiling infrastructure changed (PROVENANCE.md),ok,first_wave_Kt1_A2f32_1v4l0_2t1_3i16_p16_A2f32_1v4l0_2t1_3i16_p16_A2f32_1v4l0_2t1_3i16_p16_I4096_I132_I128_I128_I32_I8;full_tiles_Kt1_A2f32_1v4l0_2t1_3i16_p16_A2f32_1v4l0_2t1_3i16_p16_A2f32_1v4l0_2t1_3i16_p16_I4096_I132_I128_I128_I32_I8,2,2,"{""group_m"": 8, ""occupancy"": 16, ""tk"": 32, ""tm"": 128, ""tn"": 128}",2025.4.0.0 (build 36690805) (public-release),2026-Oct-03 15:29:37,13.1,/usr/local/cuda-13.1/nsight-compute-2025.4.0/target/linux-desktop-t210-a64/ncu --set full --import-source on --replay-mode application --cache-control none --app-replay-mode strict --profile-from-start off --kernel-name regex:^(?:first_wave|full_tiles) --launch-skip 0 --launch-count 2 --force-overwrite -o /projects/kzhou6/bcui2/research/tilebench/Tilebench-gh200/outputs/ncu/GH200/streamk_matmul/cutile_fp32 /projects/kzhou6/bcui2/env_software/miniconda3-aarch64/envs/tilebench++_env/bin/python /projects/kzhou6/bcui2/research/tilebench/Tilebench-gh200/scripts/profiling/ncu_generic_harness.py,8.1288,5.2938
GH200/tilelang/streamk_matmul/bf16,GH200,tilelang,streamk_matmul,bf16,25bc1f9313f25d60c0b511200b9865b3fbddacc85c4c511c0d7cfcd0f0904235,"{""k"":4096,""m"":8192,""n"":28672}",full,application,NVIDIA_GH200/streamk_matmul/tilelang_bf16.ncu-rep,dbc82f1db0f63c4b726a7ce2cfc252ac3b4acaa190615a01d4d368776769f351,hf_download,bcui2/NCU_report@21037737b7e371d38f3d029367dc3967d5b31a23,matched,documented:profiling_infra_only,2,params+winner from NCU catalogue | profiling source d6ddb622; formal CSV source c882fe50 (batched_matmul_autotune 3c5eccbf); only profiling infrastructure changed (PROVENANCE.md),ok,first_wave_kernel_kernel;full_tiles_kernel_kernel,2,2,"{""BLOCK_K"": 32, ""BLOCK_M"": 128, ""BLOCK_N"": 128, ""GROUP_M"": 8, ""num_stages"": 3, ""threads"": 128}",2025.4.0.0 (build 36690805) (public-release),2026-Oct-04 04:56:14,13.1,/usr/local/cuda-13.1/nsight-compute-2025.4.0/target/linux-desktop-t210-a64/ncu --set full --import-source on --replay-mode application --cache-control none --app-replay-mode strict --profile-from-start off --kernel-name regex:^(?:first_wave_kernel_kernel|full_tiles_kernel_kernel) --launch-skip 0 --launch-count 2 --force-overwrite -o /projects/kzhou6/bcui2/research/tilebench/Tilebench-gh200/outputs/ncu/GH200/streamk_matmul/tilelang_bf16 /projects/kzhou6/bcui2/env_software/miniconda3-aarch64/envs/tilebench++_env/bin/python /projects/kzhou6/bcui2/research/tilebench/Tilebench-gh200/scripts/profiling/ncu_generic_harness.py,4.2452,2.2214
GH200/tilelang/streamk_matmul/fp16,GH200,tilelang,streamk_matmul,fp16,d7caa9fbfbd14aa8d632ab477ff01ef2acd5ff8650a12cf494d79c6b7ae05f2d,"{""k"":4096,""m"":8192,""n"":28672}",full,application,NVIDIA_GH200/streamk_matmul/tilelang_fp16.ncu-rep,2652ad7b9bff58cdce2980be97b4695bdc6d9add40a500a26caba5b8db230b5b,hf_download,bcui2/NCU_report@21037737b7e371d38f3d029367dc3967d5b31a23,matched,documented:profiling_infra_only,2,params+winner from NCU catalogue | profiling source d6ddb622; formal CSV source c882fe50 (batched_matmul_autotune 3c5eccbf); only profiling infrastructure changed (PROVENANCE.md),ok,first_wave_kernel_kernel;full_tiles_kernel_kernel,2,2,"{""BLOCK_K"": 32, ""BLOCK_M"": 128, ""BLOCK_N"": 128, ""GROUP_M"": 8, ""num_stages"": 3, ""threads"": 128}",2025.4.0.0 (build 36690805) (public-release),2026-Oct-04 04:53:38,13.1,/usr/local/cuda-13.1/nsight-compute-2025.4.0/target/linux-desktop-t210-a64/ncu --set full --import-source on --replay-mode application --cache-control none --app-replay-mode strict --profile-from-start off --kernel-name regex:^(?:first_wave_kernel_kernel|full_tiles_kernel_kernel) --launch-skip 0 --launch-count 2 --force-overwrite -o /projects/kzhou6/bcui2/research/tilebench/Tilebench-gh200/outputs/ncu/GH200/streamk_matmul/tilelang_fp16 /projects/kzhou6/bcui2/env_software/miniconda3-aarch64/envs/tilebench++_env/bin/python /projects/kzhou6/bcui2/research/tilebench/Tilebench-gh200/scripts/profiling/ncu_generic_harness.py,4.2547,2.2676
GH200/tilelang/streamk_matmul/fp32,GH200,tilelang,streamk_matmul,fp32,62f15d6b87695f834a84aeea4568ad3f44738c31e6c21249233b6f226d735c02,"{""k"":4096,""m"":8192,""n"":28672}",full,application,NVIDIA_GH200/streamk_matmul/tilelang_fp32.ncu-rep,778951664fddc682626b95a9ff88205836a58596043e642d890eac1d24edb044,hf_download,bcui2/NCU_report@21037737b7e371d38f3d029367dc3967d5b31a23,matched,documented:profiling_infra_only,2,params+winner from NCU catalogue | profiling source d6ddb622; formal CSV source c882fe50 (batched_matmul_autotune 3c5eccbf); only profiling infrastructure changed (PROVENANCE.md),ok,first_wave_kernel_kernel;full_tiles_kernel_kernel,2,2,"{""BLOCK_K"": 32, ""BLOCK_M"": 128, ""BLOCK_N"": 128, ""GROUP_M"": 8, ""num_stages"": 3, ""threads"": 128}",2025.4.0.0 (build 36690805) (public-release),2026-Oct-04 04:58:54,13.1,/usr/local/cuda-13.1/nsight-compute-2025.4.0/target/linux-desktop-t210-a64/ncu --set full --import-source on --replay-mode application --cache-control none --app-replay-mode strict --profile-from-start off --kernel-name regex:^(?:first_wave_kernel_kernel|full_tiles_kernel_kernel) --launch-skip 0 --launch-count 2 --force-overwrite -o /projects/kzhou6/bcui2/research/tilebench/Tilebench-gh200/outputs/ncu/GH200/streamk_matmul/tilelang_fp32 /projects/kzhou6/bcui2/env_software/miniconda3-aarch64/envs/tilebench++_env/bin/python /projects/kzhou6/bcui2/research/tilebench/Tilebench-gh200/scripts/profiling/ncu_generic_harness.py,9.4589,5.2938
GH200/triton/streamk_matmul/bf16,GH200,triton,streamk_matmul,bf16,25bc1f9313f25d60c0b511200b9865b3fbddacc85c4c511c0d7cfcd0f0904235,"{""k"":4096,""m"":8192,""n"":28672}",full,application,NVIDIA_GH200/streamk_matmul/triton_bf16.ncu-rep,f4fa688243af6098f0451769458cf48245d53bdbdbd627cf20ab99681bb3d052,hf_download,bcui2/NCU_report@21037737b7e371d38f3d029367dc3967d5b31a23,matched,documented:profiling_infra_only,2,params+winner from NCU catalogue | profiling source 638ea849; formal CSV source c882fe50 (batched_matmul_autotune 3c5eccbf); only profiling infrastructure changed (PROVENANCE.md),ok,first_wave;full_tiles,2,2,"{""BLOCK_K"": 32, ""BLOCK_M"": 128, ""BLOCK_N"": 128, ""GROUP_M"": 8, ""num_stages"": 3, ""num_warps"": 4}",2025.4.0.0 (build 36690805) (public-release),2026-Oct-03 15:23:01,13.1,/usr/local/cuda-13.1/nsight-compute-2025.4.0/target/linux-desktop-t210-a64/ncu --set full --import-source on --replay-mode application --cache-control none --app-replay-mode strict --profile-from-start off --kernel-name regex:^(?:first_wave|full_tiles) --launch-skip 0 --launch-count 2 --force-overwrite -o /projects/kzhou6/bcui2/research/tilebench/Tilebench-gh200/outputs/ncu/GH200/streamk_matmul/triton_bf16 /projects/kzhou6/bcui2/env_software/miniconda3-aarch64/envs/tilebench++_env/bin/python /projects/kzhou6/bcui2/research/tilebench/Tilebench-gh200/scripts/profiling/ncu_generic_harness.py,4.1025,2.2214
GH200/triton/streamk_matmul/fp16,GH200,triton,streamk_matmul,fp16,d7caa9fbfbd14aa8d632ab477ff01ef2acd5ff8650a12cf494d79c6b7ae05f2d,"{""k"":4096,""m"":8192,""n"":28672}",full,application,NVIDIA_GH200/streamk_matmul/triton_fp16.ncu-rep,efa93d04c842952a654379dc7a16baaef9b1ce4b3b73c1e25fc3d16fce309787,hf_download,bcui2/NCU_report@21037737b7e371d38f3d029367dc3967d5b31a23,matched,documented:profiling_infra_only,2,params+winner from NCU catalogue | profiling source 638ea849; formal CSV source c882fe50 (batched_matmul_autotune 3c5eccbf); only profiling infrastructure changed (PROVENANCE.md),ok,first_wave;full_tiles,2,2,"{""BLOCK_K"": 32, ""BLOCK_M"": 128, ""BLOCK_N"": 128, ""GROUP_M"": 8, ""num_stages"": 3, ""num_warps"": 4}",2025.4.0.0 (build 36690805) (public-release),2026-Oct-03 15:18:37,13.1,/usr/local/cuda-13.1/nsight-compute-2025.4.0/target/linux-desktop-t210-a64/ncu --set full --import-source on --replay-mode application --cache-control none --app-replay-mode strict --profile-from-start off --kernel-name regex:^(?:first_wave|full_tiles) --launch-skip 0 --launch-count 2 --force-overwrite -o /projects/kzhou6/bcui2/research/tilebench/Tilebench-gh200/outputs/ncu/GH200/streamk_matmul/triton_fp16 /projects/kzhou6/bcui2/env_software/miniconda3-aarch64/envs/tilebench++_env/bin/python /projects/kzhou6/bcui2/research/tilebench/Tilebench-gh200/scripts/profiling/ncu_generic_harness.py,4.1243,2.2676
GH200/triton/streamk_matmul/fp32,GH200,triton,streamk_matmul,fp32,62f15d6b87695f834a84aeea4568ad3f44738c31e6c21249233b6f226d735c02,"{""k"":4096,""m"":8192,""n"":28672}",full,application,NVIDIA_GH200/streamk_matmul/triton_fp32.ncu-rep,58b49064562349ad1bed0e0c89fc11bc56bdaf76aac49d7471e3148243660074,hf_download,bcui2/NCU_report@21037737b7e371d38f3d029367dc3967d5b31a23,matched,documented:profiling_infra_only,2,params+winner from NCU catalogue | profiling source 638ea849; formal CSV source c882fe50 (batched_matmul_autotune 3c5eccbf); only profiling infrastructure changed (PROVENANCE.md),ok,first_wave;full_tiles,2,2,"{""BLOCK_K"": 32, ""BLOCK_M"": 128, ""BLOCK_N"": 128, ""GROUP_M"": 8, ""num_stages"": 3, ""num_warps"": 4}",2025.4.0.0 (build 36690805) (public-release),2026-Oct-03 15:27:26,13.1,/usr/local/cuda-13.1/nsight-compute-2025.4.0/target/linux-desktop-t210-a64/ncu --set full --import-source on --replay-mode application --cache-control none --app-replay-mode strict --profile-from-start off --kernel-name regex:^(?:first_wave|full_tiles) --launch-skip 0 --launch-count 2 --force-overwrite -o /projects/kzhou6/bcui2/research/tilebench/Tilebench-gh200/outputs/ncu/GH200/streamk_matmul/triton_fp32 /projects/kzhou6/bcui2/env_software/miniconda3-aarch64/envs/tilebench++_env/bin/python /projects/kzhou6/bcui2/research/tilebench/Tilebench-gh200/scripts/profiling/ncu_generic_harness.py,7.0099,5.2938
GH200/cutile/swiglu/bf16,GH200,cutile,swiglu,bf16,7d0a4d3b0315ee2ca4a6d2b516b007cb730f901e4f240daf107aa9b53b88dbd5,"{""M"":4096,""N"":20480}",full,application,NVIDIA_GH200/swiglu/cutile_bf16.ncu-rep,3ab0bd8a9deee2a91d02d03640fa046490d75cd8ccf4981bfd2d9801178568c7,hf_download,bcui2/NCU_report@21037737b7e371d38f3d029367dc3967d5b31a23,matched,documented:profiling_infra_only,1,params+winner from NCU catalogue | profiling source 638ea849; formal CSV source c882fe50 (batched_matmul_autotune 3c5eccbf); only profiling infrastructure changed (PROVENANCE.md),ok,swiglu_kernel_Kt1_A1bf16_1i16t1_p16_A1bf16_1i16t1_p16_A1bf16_1i16t1_p16_I1024,1,1,"{""occupancy"": 8, ""tile"": 1024}",2025.4.0.0 (build 36690805) (public-release),2026-Oct-03 15:37:37,13.1,/usr/local/cuda-13.1/nsight-compute-2025.4.0/target/linux-desktop-t210-a64/ncu --set full --import-source on --replay-mode application --cache-control none --app-replay-mode strict --profile-from-start off --kernel-name regex:^(?:swiglu_kernel) --launch-skip 0 --launch-count 1 --force-overwrite -o /projects/kzhou6/bcui2/research/tilebench/Tilebench-gh200/outputs/ncu/GH200/swiglu/cutile_bf16 /projects/kzhou6/bcui2/env_software/miniconda3-aarch64/envs/tilebench++_env/bin/python /projects/kzhou6/bcui2/research/tilebench/Tilebench-gh200/scripts/profiling/ncu_generic_harness.py,0.1631,0.2361
GH200/cutile/swiglu/fp16,GH200,cutile,swiglu,fp16,e11418c11ee0f3666939d90d5186d1bdae58e5241bfbf081f9be130b135f8ec6,"{""M"":4096,""N"":20480}",full,application,NVIDIA_GH200/swiglu/cutile_fp16.ncu-rep,1da10e8239cc864e4f5bca02be007c3c70da9a577f1f963cd56c71bc3cae400b,hf_download,bcui2/NCU_report@21037737b7e371d38f3d029367dc3967d5b31a23,matched,documented:profiling_infra_only,1,params+winner from NCU catalogue | profiling source 638ea849; formal CSV source c882fe50 (batched_matmul_autotune 3c5eccbf); only profiling infrastructure changed (PROVENANCE.md),ok,swiglu_kernel_Kt1_A1f16_1i16t1_p16_A1f16_1i16t1_p16_A1f16_1i16t1_p16_I1024,1,1,"{""occupancy"": 4, ""tile"": 1024}",2025.4.0.0 (build 36690805) (public-release),2026-Oct-03 15:33:38,13.1,/usr/local/cuda-13.1/nsight-compute-2025.4.0/target/linux-desktop-t210-a64/ncu --set full --import-source on --replay-mode application --cache-control none --app-replay-mode strict --profile-from-start off --kernel-name regex:^(?:swiglu_kernel) --launch-skip 0 --launch-count 1 --force-overwrite -o /projects/kzhou6/bcui2/research/tilebench/Tilebench-gh200/outputs/ncu/GH200/swiglu/cutile_fp16 /projects/kzhou6/bcui2/env_software/miniconda3-aarch64/envs/tilebench++_env/bin/python /projects/kzhou6/bcui2/research/tilebench/Tilebench-gh200/scripts/profiling/ncu_generic_harness.py,0.1625,0.2362
GH200/cutile/swiglu/fp32,GH200,cutile,swiglu,fp32,8fdf30272037087909c79d61775eab2ba0f9eddd706936000e6227621b37376f,"{""M"":4096,""N"":20480}",full,application,NVIDIA_GH200/swiglu/cutile_fp32.ncu-rep,3343ba81536104b379fa8546e8034b3320c015362382e4fe2628eb01ea2310bd,hf_download,bcui2/NCU_report@21037737b7e371d38f3d029367dc3967d5b31a23,matched,documented:profiling_infra_only,1,params+winner from NCU catalogue | profiling source 638ea849; formal CSV source c882fe50 (batched_matmul_autotune 3c5eccbf); only profiling infrastructure changed (PROVENANCE.md),ok,swiglu_kernel_Kt1_A1f32_1i16t1_p16_A1f32_1i16t1_p16_A1f32_1i16t1_p16_I1024,1,1,"{""occupancy"": 8, ""tile"": 1024}",2025.4.0.0 (build 36690805) (public-release),2026-Oct-03 15:41:36,13.1,/usr/local/cuda-13.1/nsight-compute-2025.4.0/target/linux-desktop-t210-a64/ncu --set full --import-source on --replay-mode application --cache-control none --app-replay-mode strict --profile-from-start off --kernel-name regex:^(?:swiglu_kernel) --launch-skip 0 --launch-count 1 --force-overwrite -o /projects/kzhou6/bcui2/research/tilebench/Tilebench-gh200/outputs/ncu/GH200/swiglu/cutile_fp32 /projects/kzhou6/bcui2/env_software/miniconda3-aarch64/envs/tilebench++_env/bin/python /projects/kzhou6/bcui2/research/tilebench/Tilebench-gh200/scripts/profiling/ncu_generic_harness.py,0.2756,0.4606
GH200/tilelang/swiglu/bf16,GH200,tilelang,swiglu,bf16,7d0a4d3b0315ee2ca4a6d2b516b007cb730f901e4f240daf107aa9b53b88dbd5,"{""M"":4096,""N"":20480}",full,application,NVIDIA_GH200/swiglu/tilelang_bf16.ncu-rep,28e145a470653cfc07a45ab39829a2336ebb89c4b43c69207580019aa0b71623,hf_download,bcui2/NCU_report@21037737b7e371d38f3d029367dc3967d5b31a23,matched,documented:profiling_infra_only,1,params+winner from NCU catalogue | profiling source d6ddb622; formal CSV source c882fe50 (batched_matmul_autotune 3c5eccbf); only profiling infrastructure changed (PROVENANCE.md),ok,swiglu_kernel_kernel,1,1,"{""BLOCK_SIZE"": 1024, ""threads"": 64}",2025.4.0.0 (build 36690805) (public-release),2026-Oct-04 05:03:49,13.1,/usr/local/cuda-13.1/nsight-compute-2025.4.0/target/linux-desktop-t210-a64/ncu --set full --import-source on --replay-mode application --cache-control none --app-replay-mode strict --profile-from-start off --kernel-name regex:^(?:swiglu_kernel_kernel) --launch-skip 0 --launch-count 1 --force-overwrite -o /projects/kzhou6/bcui2/research/tilebench/Tilebench-gh200/outputs/ncu/GH200/swiglu/tilelang_bf16 /projects/kzhou6/bcui2/env_software/miniconda3-aarch64/envs/tilebench++_env/bin/python /projects/kzhou6/bcui2/research/tilebench/Tilebench-gh200/scripts/profiling/ncu_generic_harness.py,0.1405,0.2361
GH200/tilelang/swiglu/fp16,GH200,tilelang,swiglu,fp16,e11418c11ee0f3666939d90d5186d1bdae58e5241bfbf081f9be130b135f8ec6,"{""M"":4096,""N"":20480}",full,application,NVIDIA_GH200/swiglu/tilelang_fp16.ncu-rep,1fd7b8ef0a9ad3f7821e9fded25f186f3ea557f7bed62548f9f6c21c5f53e9d9,hf_download,bcui2/NCU_report@21037737b7e371d38f3d029367dc3967d5b31a23,matched,documented:profiling_infra_only,1,params+winner from NCU catalogue | profiling source d6ddb622; formal CSV source c882fe50 (batched_matmul_autotune 3c5eccbf); only profiling infrastructure changed (PROVENANCE.md),ok,swiglu_kernel_kernel,1,1,"{""BLOCK_SIZE"": 1024, ""threads"": 128}",2025.4.0.0 (build 36690805) (public-release),2026-Oct-04 05:01:22,13.1,/usr/local/cuda-13.1/nsight-compute-2025.4.0/target/linux-desktop-t210-a64/ncu --set full --import-source on --replay-mode application --cache-control none --app-replay-mode strict --profile-from-start off --kernel-name regex:^(?:swiglu_kernel_kernel) --launch-skip 0 --launch-count 1 --force-overwrite -o /projects/kzhou6/bcui2/research/tilebench/Tilebench-gh200/outputs/ncu/GH200/swiglu/tilelang_fp16 /projects/kzhou6/bcui2/env_software/miniconda3-aarch64/envs/tilebench++_env/bin/python /projects/kzhou6/bcui2/research/tilebench/Tilebench-gh200/scripts/profiling/ncu_generic_harness.py,0.1403,0.2362
GH200/tilelang/swiglu/fp32,GH200,tilelang,swiglu,fp32,8fdf30272037087909c79d61775eab2ba0f9eddd706936000e6227621b37376f,"{""M"":4096,""N"":20480}",full,application,NVIDIA_GH200/swiglu/tilelang_fp32.ncu-rep,abe286de7a94ee3f50c4c14a97313f75b4e41aaca75d1c68fc24a22d65f1a48a,hf_download,bcui2/NCU_report@21037737b7e371d38f3d029367dc3967d5b31a23,matched,documented:profiling_infra_only,1,params+winner from NCU catalogue | profiling source d6ddb622; formal CSV source c882fe50 (batched_matmul_autotune 3c5eccbf); only profiling infrastructure changed (PROVENANCE.md),ok,swiglu_kernel_kernel,1,1,"{""BLOCK_SIZE"": 1024, ""threads"": 256}",2025.4.0.0 (build 36690805) (public-release),2026-Oct-04 05:06:16,13.1,/usr/local/cuda-13.1/nsight-compute-2025.4.0/target/linux-desktop-t210-a64/ncu --set full --import-source on --replay-mode application --cache-control none --app-replay-mode strict --profile-from-start off --kernel-name regex:^(?:swiglu_kernel_kernel) --launch-skip 0 --launch-count 1 --force-overwrite -o /projects/kzhou6/bcui2/research/tilebench/Tilebench-gh200/outputs/ncu/GH200/swiglu/tilelang_fp32 /projects/kzhou6/bcui2/env_software/miniconda3-aarch64/envs/tilebench++_env/bin/python /projects/kzhou6/bcui2/research/tilebench/Tilebench-gh200/scripts/profiling/ncu_generic_harness.py,0.2752,0.4606
GH200/triton/swiglu/bf16,GH200,triton,swiglu,bf16,7d0a4d3b0315ee2ca4a6d2b516b007cb730f901e4f240daf107aa9b53b88dbd5,"{""M"":4096,""N"":20480}",full,application,NVIDIA_GH200/swiglu/triton_bf16.ncu-rep,e1211e6149ba63f8a25aeebd702b9da50b3f2ce02cc8de30ddc8f3c1ad0e12c0,hf_download,bcui2/NCU_report@21037737b7e371d38f3d029367dc3967d5b31a23,matched,documented:profiling_infra_only,1,params+winner from NCU catalogue | profiling source 638ea849; formal CSV source c882fe50 (batched_matmul_autotune 3c5eccbf); only profiling infrastructure changed (PROVENANCE.md),ok,swiglu_kernel,1,1,"{""BLOCK_SIZE"": 512, ""num_warps"": 2}",2025.4.0.0 (build 36690805) (public-release),2026-Oct-03 15:35:40,13.1,/usr/local/cuda-13.1/nsight-compute-2025.4.0/target/linux-desktop-t210-a64/ncu --set full --import-source on --replay-mode application --cache-control none --app-replay-mode strict --profile-from-start off --kernel-name regex:^(?:swiglu_kernel) --launch-skip 0 --launch-count 1 --force-overwrite -o /projects/kzhou6/bcui2/research/tilebench/Tilebench-gh200/outputs/ncu/GH200/swiglu/triton_bf16 /projects/kzhou6/bcui2/env_software/miniconda3-aarch64/envs/tilebench++_env/bin/python /projects/kzhou6/bcui2/research/tilebench/Tilebench-gh200/scripts/profiling/ncu_generic_harness.py,0.1391,0.2361
GH200/triton/swiglu/fp16,GH200,triton,swiglu,fp16,e11418c11ee0f3666939d90d5186d1bdae58e5241bfbf081f9be130b135f8ec6,"{""M"":4096,""N"":20480}",full,application,NVIDIA_GH200/swiglu/triton_fp16.ncu-rep,643670dbb11c1946fefe0a135b1418d321dc68c42d2b19063599160995b3a27d,hf_download,bcui2/NCU_report@21037737b7e371d38f3d029367dc3967d5b31a23,matched,documented:profiling_infra_only,1,params+winner from NCU catalogue | profiling source 638ea849; formal CSV source c882fe50 (batched_matmul_autotune 3c5eccbf); only profiling infrastructure changed (PROVENANCE.md),ok,swiglu_kernel,1,1,"{""BLOCK_SIZE"": 1024, ""num_warps"": 2}",2025.4.0.0 (build 36690805) (public-release),2026-Oct-03 15:31:40,13.1,/usr/local/cuda-13.1/nsight-compute-2025.4.0/target/linux-desktop-t210-a64/ncu --set full --import-source on --replay-mode application --cache-control none --app-replay-mode strict --profile-from-start off --kernel-name regex:^(?:swiglu_kernel) --launch-skip 0 --launch-count 1 --force-overwrite -o /projects/kzhou6/bcui2/research/tilebench/Tilebench-gh200/outputs/ncu/GH200/swiglu/triton_fp16 /projects/kzhou6/bcui2/env_software/miniconda3-aarch64/envs/tilebench++_env/bin/python /projects/kzhou6/bcui2/research/tilebench/Tilebench-gh200/scripts/profiling/ncu_generic_harness.py,0.1398,0.2362
GH200/triton/swiglu/fp32,GH200,triton,swiglu,fp32,8fdf30272037087909c79d61775eab2ba0f9eddd706936000e6227621b37376f,"{""M"":4096,""N"":20480}",full,application,NVIDIA_GH200/swiglu/triton_fp32.ncu-rep,07fc904e92a1eeb7f312d7b3527922974963d9764b911d25ed97665f67330995,hf_download,bcui2/NCU_report@21037737b7e371d38f3d029367dc3967d5b31a23,matched,documented:profiling_infra_only,1,params+winner from NCU catalogue | profiling source 638ea849; formal CSV source c882fe50 (batched_matmul_autotune 3c5eccbf); only profiling infrastructure changed (PROVENANCE.md),ok,swiglu_kernel,1,1,"{""BLOCK_SIZE"": 512, ""num_warps"": 4}",2025.4.0.0 (build 36690805) (public-release),2026-Oct-03 15:39:39,13.1,/usr/local/cuda-13.1/nsight-compute-2025.4.0/target/linux-desktop-t210-a64/ncu --set full --import-source on --replay-mode application --cache-control none --app-replay-mode strict --profile-from-start off --kernel-name regex:^(?:swiglu_kernel) --launch-skip 0 --launch-count 1 --force-overwrite -o /projects/kzhou6/bcui2/research/tilebench/Tilebench-gh200/outputs/ncu/GH200/swiglu/triton_fp32 /projects/kzhou6/bcui2/env_software/miniconda3-aarch64/envs/tilebench++_env/bin/python /projects/kzhou6/bcui2/research/tilebench/Tilebench-gh200/scripts/profiling/ncu_generic_harness.py,0.2749,0.4606
GH200/cutile/top_k_selection/fp32,GH200,cutile,top_k_selection,fp32,35809c3fa854730ce4e2ba168bbc36dd8b98abb21a75b7a8a21bee4c1abea2c8,"{""N"":1048576,""k"":1024}",full,application,NVIDIA_GH200/top_k_selection/cutile_fp32.ncu-rep,347f76d62ad56d96a63178d5cf21d539e2383f146bc2a337d2cf5fc9ce3f1191,hf_download,bcui2/NCU_report@21037737b7e371d38f3d029367dc3967d5b31a23,matched,documented:profiling_infra_only,10,params+winner from NCU catalogue | profiling source 638ea849; formal CSV source c882fe50 (batched_matmul_autotune 3c5eccbf); only profiling infrastructure changed (PROVENANCE.md),ok,block_topk_kernel_b2048_Kt1_A1f32_1i16t1_p16_A2f32_1v4l0_2i16t1_p16_I1024;block_topk_kernel_b2048_Kt1_A1f32_1i16t1_p16_A2f32_1v4l0_2t1_3i16_p16_I1024,10,10,"{""K2"": 1024, ""block"": 2048, ""occupancy"": 4}",2025.4.0.0 (build 36690805) (public-release),2026-Oct-03 15:47:30,13.1,/usr/local/cuda-13.1/nsight-compute-2025.4.0/target/linux-desktop-t210-a64/ncu --set full --import-source on --replay-mode application --cache-control none --app-replay-mode strict --profile-from-start off --kernel-name regex:^(?:block_topk_kernel_b2048) --launch-skip 0 --launch-count 10 --force-overwrite -o /projects/kzhou6/bcui2/research/tilebench/Tilebench-gh200/outputs/ncu/GH200/top_k_selection/cutile_fp32 /projects/kzhou6/bcui2/env_software/miniconda3-aarch64/envs/tilebench++_env/bin/python /projects/kzhou6/bcui2/research/tilebench/Tilebench-gh200/scripts/profiling/ncu_generic_harness.py,0.1009,0.1281
GH200/tilelang/top_k_selection/fp32,GH200,tilelang,top_k_selection,fp32,35809c3fa854730ce4e2ba168bbc36dd8b98abb21a75b7a8a21bee4c1abea2c8,"{""N"":1048576,""k"":1024}",full,application,NVIDIA_GH200/top_k_selection/tilelang_fp32.ncu-rep,d480eb40df8d25ac4bcaf83bbf4fd312a2f2a87a6bac6306cfcf968c0e721639,hf_download,bcui2/NCU_report@21037737b7e371d38f3d029367dc3967d5b31a23,matched,documented:profiling_infra_only,5,params+winner from NCU catalogue | profiling source d6ddb622; formal CSV source c882fe50 (batched_matmul_autotune 3c5eccbf); only profiling infrastructure changed (PROVENANCE.md),ok,main_kernel,5,5,"{""BLOCK_SIZE"": 4096, ""threads"": 256}",2025.4.0.0 (build 36690805) (public-release),2026-Oct-04 05:09:14,13.1,/usr/local/cuda-13.1/nsight-compute-2025.4.0/target/linux-desktop-t210-a64/ncu --set full --import-source on --replay-mode application --cache-control none --app-replay-mode strict --profile-from-start off --kernel-name regex:^(?:main_kernel) --launch-skip 0 --launch-count 5 --force-overwrite -o /projects/kzhou6/bcui2/research/tilebench/Tilebench-gh200/outputs/ncu/GH200/top_k_selection/tilelang_fp32 /projects/kzhou6/bcui2/env_software/miniconda3-aarch64/envs/tilebench++_env/bin/python /projects/kzhou6/bcui2/research/tilebench/Tilebench-gh200/scripts/profiling/ncu_generic_harness.py,0.1400,0.1281
GH200/triton/top_k_selection/fp32,GH200,triton,top_k_selection,fp32,35809c3fa854730ce4e2ba168bbc36dd8b98abb21a75b7a8a21bee4c1abea2c8,"{""N"":1048576,""k"":1024}",full,application,NVIDIA_GH200/top_k_selection/triton_fp32.ncu-rep,6bffe788ca354b060998b187cb974735b55708095042f1b54729c7924a81d56b,hf_download,bcui2/NCU_report@21037737b7e371d38f3d029367dc3967d5b31a23,matched,documented:profiling_infra_only,5,params+winner from NCU catalogue | profiling source 638ea849; formal CSV source c882fe50 (batched_matmul_autotune 3c5eccbf); only profiling infrastructure changed (PROVENANCE.md),ok,block_topk_kernel,5,5,"{""BLOCK_SIZE"": 4096, ""num_warps"": 8}",2025.4.0.0 (build 36690805) (public-release),2026-Oct-03 15:44:00,13.1,/usr/local/cuda-13.1/nsight-compute-2025.4.0/target/linux-desktop-t210-a64/ncu --set full --import-source on --replay-mode application --cache-control none --app-replay-mode strict --profile-from-start off --kernel-name regex:^(?:block_topk_kernel) --launch-skip 0 --launch-count 5 --force-overwrite -o /projects/kzhou6/bcui2/research/tilebench/Tilebench-gh200/outputs/ncu/GH200/top_k_selection/triton_fp32 /projects/kzhou6/bcui2/env_software/miniconda3-aarch64/envs/tilebench++_env/bin/python /projects/kzhou6/bcui2/research/tilebench/Tilebench-gh200/scripts/profiling/ncu_generic_harness.py,0.2298,0.1281
GH200/cutile/vector_add/bf16,GH200,cutile,vector_add,bf16,c920b37c03b68e9eb44be5ecf4c16fb2a18bfd0110176d86ff39a14865984991,"{""n"":20971520}",full,application,NVIDIA_GH200/vector_add/cutile_bf16.ncu-rep,6333f709d708f6645c30ae984804594f55f3c6044351251346da5ac28a6f7269,hf_download,bcui2/NCU_report@21037737b7e371d38f3d029367dc3967d5b31a23,matched,documented:profiling_infra_only,1,params+winner from NCU catalogue | profiling source 638ea849; formal CSV source c882fe50 (batched_matmul_autotune 3c5eccbf); only profiling infrastructure changed (PROVENANCE.md),ok,add_kernel_Kt1_A1bf16_1i16t1_p16_A1bf16_1i16t1_p16_A1bf16_1i16t1_p16_I1024,1,1,"{""occupancy"": 8, ""tile"": 1024}",2025.4.0.0 (build 36690805) (public-release),2026-Oct-03 15:55:29,13.1,/usr/local/cuda-13.1/nsight-compute-2025.4.0/target/linux-desktop-t210-a64/ncu --set full --import-source on --replay-mode application --cache-control none --app-replay-mode strict --profile-from-start off --kernel-name regex:^(?:add_kernel) --launch-skip 0 --launch-count 1 --force-overwrite -o /projects/kzhou6/bcui2/research/tilebench/Tilebench-gh200/outputs/ncu/GH200/vector_add/cutile_bf16 /projects/kzhou6/bcui2/env_software/miniconda3-aarch64/envs/tilebench++_env/bin/python /projects/kzhou6/bcui2/research/tilebench/Tilebench-gh200/scripts/profiling/ncu_generic_harness.py,0.0383,0.0379
GH200/cutile/vector_add/fp16,GH200,cutile,vector_add,fp16,126d98cd444880759b21ecc2b57f28a6724eb1c12f1f019030c4069eae5f562a,"{""n"":20971520}",full,application,NVIDIA_GH200/vector_add/cutile_fp16.ncu-rep,641dd85e31936d9951b4fc3e98157810b428fc13ac1323c3f82efdd842d9c9ea,hf_download,bcui2/NCU_report@21037737b7e371d38f3d029367dc3967d5b31a23,matched,documented:profiling_infra_only,1,params+winner from NCU catalogue | profiling source 638ea849; formal CSV source c882fe50 (batched_matmul_autotune 3c5eccbf); only profiling infrastructure changed (PROVENANCE.md),ok,add_kernel_Kt1_A1f16_1i16t1_p16_A1f16_1i16t1_p16_A1f16_1i16t1_p16_I1024,1,1,"{""occupancy"": 4, ""tile"": 1024}",2025.4.0.0 (build 36690805) (public-release),2026-Oct-03 15:51:31,13.1,/usr/local/cuda-13.1/nsight-compute-2025.4.0/target/linux-desktop-t210-a64/ncu --set full --import-source on --replay-mode application --cache-control none --app-replay-mode strict --profile-from-start off --kernel-name regex:^(?:add_kernel) --launch-skip 0 --launch-count 1 --force-overwrite -o /projects/kzhou6/bcui2/research/tilebench/Tilebench-gh200/outputs/ncu/GH200/vector_add/cutile_fp16 /projects/kzhou6/bcui2/env_software/miniconda3-aarch64/envs/tilebench++_env/bin/python /projects/kzhou6/bcui2/research/tilebench/Tilebench-gh200/scripts/profiling/ncu_generic_harness.py,0.0382,0.0379
GH200/cutile/vector_add/fp32,GH200,cutile,vector_add,fp32,67ec1efc98ac714e0f4c0673fcbcdb471821c9babb21dfd959b572ac818c2988,"{""n"":20971520}",full,application,NVIDIA_GH200/vector_add/cutile_fp32.ncu-rep,33df6f56db88b29810dfa9e74809b3c8fda6fb59b3ef5e239c7dc43574d391c6,hf_download,bcui2/NCU_report@21037737b7e371d38f3d029367dc3967d5b31a23,matched,documented:profiling_infra_only,1,params+winner from NCU catalogue | profiling source 638ea849; formal CSV source c882fe50 (batched_matmul_autotune 3c5eccbf); only profiling infrastructure changed (PROVENANCE.md),ok,add_kernel_Kt1_A1f32_1i16t1_p16_A1f32_1i16t1_p16_A1f32_1i16t1_p16_I512,1,1,"{""occupancy"": 32, ""tile"": 512}",2025.4.0.0 (build 36690805) (public-release),2026-Oct-03 15:59:29,13.1,/usr/local/cuda-13.1/nsight-compute-2025.4.0/target/linux-desktop-t210-a64/ncu --set full --import-source on --replay-mode application --cache-control none --app-replay-mode strict --profile-from-start off --kernel-name regex:^(?:add_kernel) --launch-skip 0 --launch-count 1 --force-overwrite -o /projects/kzhou6/bcui2/research/tilebench/Tilebench-gh200/outputs/ncu/GH200/vector_add/cutile_fp32 /projects/kzhou6/bcui2/env_software/miniconda3-aarch64/envs/tilebench++_env/bin/python /projects/kzhou6/bcui2/research/tilebench/Tilebench-gh200/scripts/profiling/ncu_generic_harness.py,0.0723,0.0725
GH200/cutile/vector_add/int8,GH200,cutile,vector_add,int8,5aa19acff5c13b9e0efe3a99bbd08398b4de09df561314ac5d8bc5c8aa3a17d2,"{""n"":20971520}",full,application,NVIDIA_GH200/vector_add/cutile_int8.ncu-rep,ac467179b59f59c91b18b6ba29bb5a8b92bf6485760978e5caaa12b89779de54,hf_download,bcui2/NCU_report@21037737b7e371d38f3d029367dc3967d5b31a23,matched,documented:profiling_infra_only,1,params+winner from NCU catalogue | profiling source 638ea849; formal CSV source c882fe50 (batched_matmul_autotune 3c5eccbf); only profiling infrastructure changed (PROVENANCE.md),ok,add_kernel_Kt1_A1i8_1i16t1_p16_A1i8_1i16t1_p16_A1i8_1i16t1_p16_I2048,1,1,"{""occupancy"": 8, ""tile"": 2048}",2025.4.0.0 (build 36690805) (public-release),2026-Oct-03 16:03:31,13.1,/usr/local/cuda-13.1/nsight-compute-2025.4.0/target/linux-desktop-t210-a64/ncu --set full --import-source on --replay-mode application --cache-control none --app-replay-mode strict --profile-from-start off --kernel-name regex:^(?:add_kernel) --launch-skip 0 --launch-count 1 --force-overwrite -o /projects/kzhou6/bcui2/research/tilebench/Tilebench-gh200/outputs/ncu/GH200/vector_add/cutile_int8 /projects/kzhou6/bcui2/env_software/miniconda3-aarch64/envs/tilebench++_env/bin/python /projects/kzhou6/bcui2/research/tilebench/Tilebench-gh200/scripts/profiling/ncu_generic_harness.py,0.0223,0.0214
GH200/tilelang/vector_add/bf16,GH200,tilelang,vector_add,bf16,c920b37c03b68e9eb44be5ecf4c16fb2a18bfd0110176d86ff39a14865984991,"{""n"":20971520}",full,application,NVIDIA_GH200/vector_add/tilelang_bf16.ncu-rep,cff212443451261c4053279163e5f4c9554101d7980921cca79208ca9a96d69f,hf_download,bcui2/NCU_report@21037737b7e371d38f3d029367dc3967d5b31a23,matched,documented:profiling_infra_only,1,params+winner from NCU catalogue | profiling source d6ddb622; formal CSV source c882fe50 (batched_matmul_autotune 3c5eccbf); only profiling infrastructure changed (PROVENANCE.md),ok,add_kernel_kernel,1,1,"{""BLOCK_SIZE"": 1024, ""threads"": 64}",2025.4.0.0 (build 36690805) (public-release),2026-Oct-04 05:14:09,13.1,/usr/local/cuda-13.1/nsight-compute-2025.4.0/target/linux-desktop-t210-a64/ncu --set full --import-source on --replay-mode application --cache-control none --app-replay-mode strict --profile-from-start off --kernel-name regex:^(?:add_kernel_kernel) --launch-skip 0 --launch-count 1 --force-overwrite -o /projects/kzhou6/bcui2/research/tilebench/Tilebench-gh200/outputs/ncu/GH200/vector_add/tilelang_bf16 /projects/kzhou6/bcui2/env_software/miniconda3-aarch64/envs/tilebench++_env/bin/python /projects/kzhou6/bcui2/research/tilebench/Tilebench-gh200/scripts/profiling/ncu_generic_harness.py,0.0391,0.0379
GH200/tilelang/vector_add/fp16,GH200,tilelang,vector_add,fp16,126d98cd444880759b21ecc2b57f28a6724eb1c12f1f019030c4069eae5f562a,"{""n"":20971520}",full,application,NVIDIA_GH200/vector_add/tilelang_fp16.ncu-rep,011a5fdfa5c44998c5625b04dd38b21d88485649076efc4a51877088c6970640,hf_download,bcui2/NCU_report@21037737b7e371d38f3d029367dc3967d5b31a23,matched,documented:profiling_infra_only,1,params+winner from NCU catalogue | profiling source d6ddb622; formal CSV source c882fe50 (batched_matmul_autotune 3c5eccbf); only profiling infrastructure changed (PROVENANCE.md),ok,add_kernel_kernel,1,1,"{""BLOCK_SIZE"": 2048, ""threads"": 64}",2025.4.0.0 (build 36690805) (public-release),2026-Oct-04 05:11:42,13.1,/usr/local/cuda-13.1/nsight-compute-2025.4.0/target/linux-desktop-t210-a64/ncu --set full --import-source on --replay-mode application --cache-control none --app-replay-mode strict --profile-from-start off --kernel-name regex:^(?:add_kernel_kernel) --launch-skip 0 --launch-count 1 --force-overwrite -o /projects/kzhou6/bcui2/research/tilebench/Tilebench-gh200/outputs/ncu/GH200/vector_add/tilelang_fp16 /projects/kzhou6/bcui2/env_software/miniconda3-aarch64/envs/tilebench++_env/bin/python /projects/kzhou6/bcui2/research/tilebench/Tilebench-gh200/scripts/profiling/ncu_generic_harness.py,0.0388,0.0379
GH200/tilelang/vector_add/fp32,GH200,tilelang,vector_add,fp32,67ec1efc98ac714e0f4c0673fcbcdb471821c9babb21dfd959b572ac818c2988,"{""n"":20971520}",full,application,NVIDIA_GH200/vector_add/tilelang_fp32.ncu-rep,f780a0c8304c3e0553c3a93af183a585813ebc28d78e7d62f7c8b6a46b1b4d72,hf_download,bcui2/NCU_report@21037737b7e371d38f3d029367dc3967d5b31a23,matched,documented:profiling_infra_only,1,params+winner from NCU catalogue | profiling source d6ddb622; formal CSV source c882fe50 (batched_matmul_autotune 3c5eccbf); only profiling infrastructure changed (PROVENANCE.md),ok,add_kernel_kernel,1,1,"{""BLOCK_SIZE"": 1024, ""threads"": 64}",2025.4.0.0 (build 36690805) (public-release),2026-Oct-04 05:16:36,13.1,/usr/local/cuda-13.1/nsight-compute-2025.4.0/target/linux-desktop-t210-a64/ncu --set full --import-source on --replay-mode application --cache-control none --app-replay-mode strict --profile-from-start off --kernel-name regex:^(?:add_kernel_kernel) --launch-skip 0 --launch-count 1 --force-overwrite -o /projects/kzhou6/bcui2/research/tilebench/Tilebench-gh200/outputs/ncu/GH200/vector_add/tilelang_fp32 /projects/kzhou6/bcui2/env_software/miniconda3-aarch64/envs/tilebench++_env/bin/python /projects/kzhou6/bcui2/research/tilebench/Tilebench-gh200/scripts/profiling/ncu_generic_harness.py,0.0722,0.0725
GH200/tilelang/vector_add/int8,GH200,tilelang,vector_add,int8,5aa19acff5c13b9e0efe3a99bbd08398b4de09df561314ac5d8bc5c8aa3a17d2,"{""n"":20971520}",full,application,NVIDIA_GH200/vector_add/tilelang_int8.ncu-rep,eea3a98946e6b3a402b6df652e66c8a5f60851974623fd2ec67fc4f68b75c029,hf_download,bcui2/NCU_report@21037737b7e371d38f3d029367dc3967d5b31a23,matched,documented:profiling_infra_only,1,params+winner from NCU catalogue | profiling source d6ddb622; formal CSV source c882fe50 (batched_matmul_autotune 3c5eccbf); only profiling infrastructure changed (PROVENANCE.md),ok,add_kernel_kernel,1,1,"{""BLOCK_SIZE"": 1024, ""threads"": 64}",2025.4.0.0 (build 36690805) (public-release),2026-Oct-04 05:19:05,13.1,/usr/local/cuda-13.1/nsight-compute-2025.4.0/target/linux-desktop-t210-a64/ncu --set full --import-source on --replay-mode application --cache-control none --app-replay-mode strict --profile-from-start off --kernel-name regex:^(?:add_kernel_kernel) --launch-skip 0 --launch-count 1 --force-overwrite -o /projects/kzhou6/bcui2/research/tilebench/Tilebench-gh200/outputs/ncu/GH200/vector_add/tilelang_int8 /projects/kzhou6/bcui2/env_software/miniconda3-aarch64/envs/tilebench++_env/bin/python /projects/kzhou6/bcui2/research/tilebench/Tilebench-gh200/scripts/profiling/ncu_generic_harness.py,0.0213,0.0214
GH200/triton/vector_add/bf16,GH200,triton,vector_add,bf16,c920b37c03b68e9eb44be5ecf4c16fb2a18bfd0110176d86ff39a14865984991,"{""n"":20971520}",full,application,NVIDIA_GH200/vector_add/triton_bf16.ncu-rep,c8f7b8232a21f9435b1b2bc551f91b66301c50cc4bdf2ea8d1cee09ed8fada11,hf_download,bcui2/NCU_report@21037737b7e371d38f3d029367dc3967d5b31a23,matched,documented:profiling_infra_only,1,params+winner from NCU catalogue | profiling source 638ea849; formal CSV source c882fe50 (batched_matmul_autotune 3c5eccbf); only profiling infrastructure changed (PROVENANCE.md),ok,add_kernel,1,1,"{""BLOCK_SIZE"": 512, ""num_warps"": 2}",2025.4.0.0 (build 36690805) (public-release),2026-Oct-03 15:53:32,13.1,/usr/local/cuda-13.1/nsight-compute-2025.4.0/target/linux-desktop-t210-a64/ncu --set full --import-source on --replay-mode application --cache-control none --app-replay-mode strict --profile-from-start off --kernel-name regex:^(?:add_kernel) --launch-skip 0 --launch-count 1 --force-overwrite -o /projects/kzhou6/bcui2/research/tilebench/Tilebench-gh200/outputs/ncu/GH200/vector_add/triton_bf16 /projects/kzhou6/bcui2/env_software/miniconda3-aarch64/envs/tilebench++_env/bin/python /projects/kzhou6/bcui2/research/tilebench/Tilebench-gh200/scripts/profiling/ncu_generic_harness.py,0.0379,0.0379
GH200/triton/vector_add/fp16,GH200,triton,vector_add,fp16,126d98cd444880759b21ecc2b57f28a6724eb1c12f1f019030c4069eae5f562a,"{""n"":20971520}",full,application,NVIDIA_GH200/vector_add/triton_fp16.ncu-rep,bc914b1ab56842bc3420b9b150f7d81afa181a58ebe0e43a1cc563507a95dfba,hf_download,bcui2/NCU_report@21037737b7e371d38f3d029367dc3967d5b31a23,matched,documented:profiling_infra_only,1,params+winner from NCU catalogue | profiling source 638ea849; formal CSV source c882fe50 (batched_matmul_autotune 3c5eccbf); only profiling infrastructure changed (PROVENANCE.md),ok,add_kernel,1,1,"{""BLOCK_SIZE"": 512, ""num_warps"": 2}",2025.4.0.0 (build 36690805) (public-release),2026-Oct-03 15:49:34,13.1,/usr/local/cuda-13.1/nsight-compute-2025.4.0/target/linux-desktop-t210-a64/ncu --set full --import-source on --replay-mode application --cache-control none --app-replay-mode strict --profile-from-start off --kernel-name regex:^(?:add_kernel) --launch-skip 0 --launch-count 1 --force-overwrite -o /projects/kzhou6/bcui2/research/tilebench/Tilebench-gh200/outputs/ncu/GH200/vector_add/triton_fp16 /projects/kzhou6/bcui2/env_software/miniconda3-aarch64/envs/tilebench++_env/bin/python /projects/kzhou6/bcui2/research/tilebench/Tilebench-gh200/scripts/profiling/ncu_generic_harness.py,0.0379,0.0379
GH200/triton/vector_add/fp32,GH200,triton,vector_add,fp32,67ec1efc98ac714e0f4c0673fcbcdb471821c9babb21dfd959b572ac818c2988,"{""n"":20971520}",full,application,NVIDIA_GH200/vector_add/triton_fp32.ncu-rep,25775ff36e5f6af69d8b7eaa84726b5edfb4271720b7d510ec83c26168bdcdea,hf_download,bcui2/NCU_report@21037737b7e371d38f3d029367dc3967d5b31a23,matched,documented:profiling_infra_only,1,params+winner from NCU catalogue | profiling source 638ea849; formal CSV source c882fe50 (batched_matmul_autotune 3c5eccbf); only profiling infrastructure changed (PROVENANCE.md),ok,add_kernel,1,1,"{""BLOCK_SIZE"": 1024, ""num_warps"": 4}",2025.4.0.0 (build 36690805) (public-release),2026-Oct-03 15:57:32,13.1,/usr/local/cuda-13.1/nsight-compute-2025.4.0/target/linux-desktop-t210-a64/ncu --set full --import-source on --replay-mode application --cache-control none --app-replay-mode strict --profile-from-start off --kernel-name regex:^(?:add_kernel) --launch-skip 0 --launch-count 1 --force-overwrite -o /projects/kzhou6/bcui2/research/tilebench/Tilebench-gh200/outputs/ncu/GH200/vector_add/triton_fp32 /projects/kzhou6/bcui2/env_software/miniconda3-aarch64/envs/tilebench++_env/bin/python /projects/kzhou6/bcui2/research/tilebench/Tilebench-gh200/scripts/profiling/ncu_generic_harness.py,0.0720,0.0725
GH200/triton/vector_add/int8,GH200,triton,vector_add,int8,5aa19acff5c13b9e0efe3a99bbd08398b4de09df561314ac5d8bc5c8aa3a17d2,"{""n"":20971520}",full,application,NVIDIA_GH200/vector_add/triton_int8.ncu-rep,3793743d2370a6b970738b1fd02fcd21751e22ee693df90deae7855ab609d3ce,hf_download,bcui2/NCU_report@21037737b7e371d38f3d029367dc3967d5b31a23,matched,documented:profiling_infra_only,1,params+winner from NCU catalogue | profiling source 638ea849; formal CSV source c882fe50 (batched_matmul_autotune 3c5eccbf); only profiling infrastructure changed (PROVENANCE.md),ok,add_kernel,1,1,"{""BLOCK_SIZE"": 1024, ""num_warps"": 2}",2025.4.0.0 (build 36690805) (public-release),2026-Oct-03 16:01:32,13.1,/usr/local/cuda-13.1/nsight-compute-2025.4.0/target/linux-desktop-t210-a64/ncu --set full --import-source on --replay-mode application --cache-control none --app-replay-mode strict --profile-from-start off --kernel-name regex:^(?:add_kernel) --launch-skip 0 --launch-count 1 --force-overwrite -o /projects/kzhou6/bcui2/research/tilebench/Tilebench-gh200/outputs/ncu/GH200/vector_add/triton_int8 /projects/kzhou6/bcui2/env_software/miniconda3-aarch64/envs/tilebench++_env/bin/python /projects/kzhou6/bcui2/research/tilebench/Tilebench-gh200/scripts/profiling/ncu_generic_harness.py,0.0208,0.0214
GH200/cutile/weight_dequant/bf16,GH200,cutile,weight_dequant,bf16,35d9c781fe004c5b000cdf3df27aaef77a08d170ed9ddfa90fad5fcd1bfe812c,"{""M"":10240,""TILE_SIZE"":128}",full,application,NVIDIA_GH200/weight_dequant/cutile_bf16.ncu-rep,64e26dd1a3a3f2bd44b6ebd0efada7d61fda24d24b87cec92b3900f90e5d042c,hf_download,bcui2/NCU_report@21037737b7e371d38f3d029367dc3967d5b31a23,matched,documented:profiling_infra_only,1,params+winner from NCU catalogue | profiling source 638ea849; formal CSV source c882fe50 (batched_matmul_autotune 3c5eccbf); only profiling infrastructure changed (PROVENANCE.md),ok,dequant_kernel_Kt1_A1bf16_1i16t1_p16_A2bf16_1v8l0_2t1_3i16_p16_A1bf16_1i16t1_p16_I10240_I128_I1024,1,1,"{""occupancy"": 16, ""tile"": 1024}",2025.4.0.0 (build 36690805) (public-release),2026-Oct-03 16:11:30,13.1,/usr/local/cuda-13.1/nsight-compute-2025.4.0/target/linux-desktop-t210-a64/ncu --set full --import-source on --replay-mode application --cache-control none --app-replay-mode strict --profile-from-start off --kernel-name regex:^(?:dequant_kernel) --launch-skip 0 --launch-count 1 --force-overwrite -o /projects/kzhou6/bcui2/research/tilebench/Tilebench-gh200/outputs/ncu/GH200/weight_dequant/cutile_bf16 /projects/kzhou6/bcui2/env_software/miniconda3-aarch64/envs/tilebench++_env/bin/python /projects/kzhou6/bcui2/research/tilebench/Tilebench-gh200/scripts/profiling/ncu_generic_harness.py,0.1719,1.4533
GH200/cutile/weight_dequant/fp16,GH200,cutile,weight_dequant,fp16,a523da7a32b620e530ab984160cfb00c2b722a3d654314a30b11a56f12570831,"{""M"":10240,""TILE_SIZE"":128}",full,application,NVIDIA_GH200/weight_dequant/cutile_fp16.ncu-rep,859b668bb905cce3cab10785e1b0b5d11b91926ac410708499b7517bbc256c42,hf_download,bcui2/NCU_report@21037737b7e371d38f3d029367dc3967d5b31a23,matched,documented:profiling_infra_only,1,params+winner from NCU catalogue | profiling source 638ea849; formal CSV source c882fe50 (batched_matmul_autotune 3c5eccbf); only profiling infrastructure changed (PROVENANCE.md),ok,dequant_kernel_Kt1_A1f16_1i16t1_p16_A2f16_1v8l0_2t1_3i16_p16_A1f16_1i16t1_p16_I10240_I128_I1024,1,1,"{""occupancy"": 4, ""tile"": 1024}",2025.4.0.0 (build 36690805) (public-release),2026-Oct-03 16:07:31,13.1,/usr/local/cuda-13.1/nsight-compute-2025.4.0/target/linux-desktop-t210-a64/ncu --set full --import-source on --replay-mode application --cache-control none --app-replay-mode strict --profile-from-start off --kernel-name regex:^(?:dequant_kernel) --launch-skip 0 --launch-count 1 --force-overwrite -o /projects/kzhou6/bcui2/research/tilebench/Tilebench-gh200/outputs/ncu/GH200/weight_dequant/cutile_fp16 /projects/kzhou6/bcui2/env_software/miniconda3-aarch64/envs/tilebench++_env/bin/python /projects/kzhou6/bcui2/research/tilebench/Tilebench-gh200/scripts/profiling/ncu_generic_harness.py,0.1717,1.4544
GH200/cutile/weight_dequant/fp32,GH200,cutile,weight_dequant,fp32,f82881d290725d7821f7e15b1fe591f9b0953a6a75c3db7ce396624f158681a9,"{""M"":10240,""TILE_SIZE"":128}",full,application,NVIDIA_GH200/weight_dequant/cutile_fp32.ncu-rep,0f421218b0f9de2520e0b174dd3ab2f101695d6d9e8179a2b578233ced870fd3,hf_download,bcui2/NCU_report@21037737b7e371d38f3d029367dc3967d5b31a23,matched,documented:profiling_infra_only,1,params+winner from NCU catalogue | profiling source 638ea849; formal CSV source c882fe50 (batched_matmul_autotune 3c5eccbf); only profiling infrastructure changed (PROVENANCE.md),ok,dequant_kernel_Kt1_A1f32_1i16t1_p16_A2f32_1v4l0_2t1_3i16_p16_A1f32_1i16t1_p16_I10240_I128_I1024,1,1,"{""occupancy"": 8, ""tile"": 1024}",2025.4.0.0 (build 36690805) (public-release),2026-Oct-03 16:15:30,13.1,/usr/local/cuda-13.1/nsight-compute-2025.4.0/target/linux-desktop-t210-a64/ncu --set full --import-source on --replay-mode application --cache-control none --app-replay-mode strict --profile-from-start off --kernel-name regex:^(?:dequant_kernel) --launch-skip 0 --launch-count 1 --force-overwrite -o /projects/kzhou6/bcui2/research/tilebench/Tilebench-gh200/outputs/ncu/GH200/weight_dequant/cutile_fp32 /projects/kzhou6/bcui2/env_software/miniconda3-aarch64/envs/tilebench++_env/bin/python /projects/kzhou6/bcui2/research/tilebench/Tilebench-gh200/scripts/profiling/ncu_generic_harness.py,0.2361,1.6541
GH200/tilelang/weight_dequant/bf16,GH200,tilelang,weight_dequant,bf16,35d9c781fe004c5b000cdf3df27aaef77a08d170ed9ddfa90fad5fcd1bfe812c,"{""M"":10240,""TILE_SIZE"":128}",full,application,NVIDIA_GH200/weight_dequant/tilelang_bf16.ncu-rep,9ee292b95528dbd2c4f22fd4a68f1d61b7ce946e66ffdc60742982d5bd00e07b,hf_download,bcui2/NCU_report@21037737b7e371d38f3d029367dc3967d5b31a23,matched,documented:profiling_infra_only,1,params+winner from NCU catalogue | profiling source d6ddb622; formal CSV source c882fe50 (batched_matmul_autotune 3c5eccbf); only profiling infrastructure changed (PROVENANCE.md),ok,weight_dequant_kernel_kernel,1,1,"{""BLOCK_SIZE"": 2048, ""threads"": 128}",2025.4.0.0 (build 36690805) (public-release),2026-Oct-04 05:23:59,13.1,/usr/local/cuda-13.1/nsight-compute-2025.4.0/target/linux-desktop-t210-a64/ncu --set full --import-source on --replay-mode application --cache-control none --app-replay-mode strict --profile-from-start off --kernel-name regex:^(?:weight_dequant_kernel_kernel) --launch-skip 0 --launch-count 1 --force-overwrite -o /projects/kzhou6/bcui2/research/tilebench/Tilebench-gh200/outputs/ncu/GH200/weight_dequant/tilelang_bf16 /projects/kzhou6/bcui2/env_software/miniconda3-aarch64/envs/tilebench++_env/bin/python /projects/kzhou6/bcui2/research/tilebench/Tilebench-gh200/scripts/profiling/ncu_generic_harness.py,0.1189,1.4533
GH200/tilelang/weight_dequant/fp16,GH200,tilelang,weight_dequant,fp16,a523da7a32b620e530ab984160cfb00c2b722a3d654314a30b11a56f12570831,"{""M"":10240,""TILE_SIZE"":128}",full,application,NVIDIA_GH200/weight_dequant/tilelang_fp16.ncu-rep,78dec39eea78b97749c816e6847f3840f088a248f2ab092856123672199ef2a3,hf_download,bcui2/NCU_report@21037737b7e371d38f3d029367dc3967d5b31a23,matched,documented:profiling_infra_only,1,params+winner from NCU catalogue | profiling source d6ddb622; formal CSV source c882fe50 (batched_matmul_autotune 3c5eccbf); only profiling infrastructure changed (PROVENANCE.md),ok,weight_dequant_kernel_kernel,1,1,"{""BLOCK_SIZE"": 4096, ""threads"": 128}",2025.4.0.0 (build 36690805) (public-release),2026-Oct-04 05:21:32,13.1,/usr/local/cuda-13.1/nsight-compute-2025.4.0/target/linux-desktop-t210-a64/ncu --set full --import-source on --replay-mode application --cache-control none --app-replay-mode strict --profile-from-start off --kernel-name regex:^(?:weight_dequant_kernel_kernel) --launch-skip 0 --launch-count 1 --force-overwrite -o /projects/kzhou6/bcui2/research/tilebench/Tilebench-gh200/outputs/ncu/GH200/weight_dequant/tilelang_fp16 /projects/kzhou6/bcui2/env_software/miniconda3-aarch64/envs/tilebench++_env/bin/python /projects/kzhou6/bcui2/research/tilebench/Tilebench-gh200/scripts/profiling/ncu_generic_harness.py,0.1185,1.4544
GH200/tilelang/weight_dequant/fp32,GH200,tilelang,weight_dequant,fp32,f82881d290725d7821f7e15b1fe591f9b0953a6a75c3db7ce396624f158681a9,"{""M"":10240,""TILE_SIZE"":128}",full,application,NVIDIA_GH200/weight_dequant/tilelang_fp32.ncu-rep,ebed5bc68fa8dfadf936ed0978e00db94c9ae0076d8c01947db3cadeeabb9cd3,hf_download,bcui2/NCU_report@21037737b7e371d38f3d029367dc3967d5b31a23,matched,documented:profiling_infra_only,1,params+winner from NCU catalogue | profiling source d6ddb622; formal CSV source c882fe50 (batched_matmul_autotune 3c5eccbf); only profiling infrastructure changed (PROVENANCE.md),ok,weight_dequant_kernel_kernel,1,1,"{""BLOCK_SIZE"": 1024, ""threads"": 128}",2025.4.0.0 (build 36690805) (public-release),2026-Oct-04 05:26:26,13.1,/usr/local/cuda-13.1/nsight-compute-2025.4.0/target/linux-desktop-t210-a64/ncu --set full --import-source on --replay-mode application --cache-control none --app-replay-mode strict --profile-from-start off --kernel-name regex:^(?:weight_dequant_kernel_kernel) --launch-skip 0 --launch-count 1 --force-overwrite -o /projects/kzhou6/bcui2/research/tilebench/Tilebench-gh200/outputs/ncu/GH200/weight_dequant/tilelang_fp32 /projects/kzhou6/bcui2/env_software/miniconda3-aarch64/envs/tilebench++_env/bin/python /projects/kzhou6/bcui2/research/tilebench/Tilebench-gh200/scripts/profiling/ncu_generic_harness.py,0.2350,1.6541
GH200/triton/weight_dequant/bf16,GH200,triton,weight_dequant,bf16,35d9c781fe004c5b000cdf3df27aaef77a08d170ed9ddfa90fad5fcd1bfe812c,"{""M"":10240,""TILE_SIZE"":128}",full,application,NVIDIA_GH200/weight_dequant/triton_bf16.ncu-rep,c2284c547ce74370974956e0df87dd5a5c0fa98c9f45c6d211d93fe628703f1e,hf_download,bcui2/NCU_report@21037737b7e371d38f3d029367dc3967d5b31a23,matched,documented:profiling_infra_only,1,params+winner from NCU catalogue | profiling source 638ea849; formal CSV source c882fe50 (batched_matmul_autotune 3c5eccbf); only profiling infrastructure changed (PROVENANCE.md),ok,dequant_kernel,1,1,"{""BLOCK_SIZE"": 4096, ""num_warps"": 8}",2025.4.0.0 (build 36690805) (public-release),2026-Oct-03 16:09:33,13.1,/usr/local/cuda-13.1/nsight-compute-2025.4.0/target/linux-desktop-t210-a64/ncu --set full --import-source on --replay-mode application --cache-control none --app-replay-mode strict --profile-from-start off --kernel-name regex:^(?:dequant_kernel) --launch-skip 0 --launch-count 1 --force-overwrite -o /projects/kzhou6/bcui2/research/tilebench/Tilebench-gh200/outputs/ncu/GH200/weight_dequant/triton_bf16 /projects/kzhou6/bcui2/env_software/miniconda3-aarch64/envs/tilebench++_env/bin/python /projects/kzhou6/bcui2/research/tilebench/Tilebench-gh200/scripts/profiling/ncu_generic_harness.py,0.1199,1.4533
GH200/triton/weight_dequant/fp16,GH200,triton,weight_dequant,fp16,a523da7a32b620e530ab984160cfb00c2b722a3d654314a30b11a56f12570831,"{""M"":10240,""TILE_SIZE"":128}",full,application,NVIDIA_GH200/weight_dequant/triton_fp16.ncu-rep,287ed2d78105f03f089ae6ec0018b3c973bed49240209eef6bbfe709072afd5f,hf_download,bcui2/NCU_report@21037737b7e371d38f3d029367dc3967d5b31a23,matched,documented:profiling_infra_only,1,params+winner from NCU catalogue | profiling source 638ea849; formal CSV source c882fe50 (batched_matmul_autotune 3c5eccbf); only profiling infrastructure changed (PROVENANCE.md),ok,dequant_kernel,1,1,"{""BLOCK_SIZE"": 4096, ""num_warps"": 8}",2025.4.0.0 (build 36690805) (public-release),2026-Oct-03 16:05:34,13.1,/usr/local/cuda-13.1/nsight-compute-2025.4.0/target/linux-desktop-t210-a64/ncu --set full --import-source on --replay-mode application --cache-control none --app-replay-mode strict --profile-from-start off --kernel-name regex:^(?:dequant_kernel) --launch-skip 0 --launch-count 1 --force-overwrite -o /projects/kzhou6/bcui2/research/tilebench/Tilebench-gh200/outputs/ncu/GH200/weight_dequant/triton_fp16 /projects/kzhou6/bcui2/env_software/miniconda3-aarch64/envs/tilebench++_env/bin/python /projects/kzhou6/bcui2/research/tilebench/Tilebench-gh200/scripts/profiling/ncu_generic_harness.py,0.1201,1.4544
GH200/triton/weight_dequant/fp32,GH200,triton,weight_dequant,fp32,f82881d290725d7821f7e15b1fe591f9b0953a6a75c3db7ce396624f158681a9,"{""M"":10240,""TILE_SIZE"":128}",full,application,NVIDIA_GH200/weight_dequant/triton_fp32.ncu-rep,d262fe7977385aad439e810cfdf984a6b1c06b65791659ea70ff6e29703d211e,hf_download,bcui2/NCU_report@21037737b7e371d38f3d029367dc3967d5b31a23,matched,documented:profiling_infra_only,1,params+winner from NCU catalogue | profiling source 638ea849; formal CSV source c882fe50 (batched_matmul_autotune 3c5eccbf); only profiling infrastructure changed (PROVENANCE.md),ok,dequant_kernel,1,1,"{""BLOCK_SIZE"": 1024, ""num_warps"": 8}",2025.4.0.0 (build 36690805) (public-release),2026-Oct-03 16:13:33,13.1,/usr/local/cuda-13.1/nsight-compute-2025.4.0/target/linux-desktop-t210-a64/ncu --set full --import-source on --replay-mode application --cache-control none --app-replay-mode strict --profile-from-start off --kernel-name regex:^(?:dequant_kernel) --launch-skip 0 --launch-count 1 --force-overwrite -o /projects/kzhou6/bcui2/research/tilebench/Tilebench-gh200/outputs/ncu/GH200/weight_dequant/triton_fp32 /projects/kzhou6/bcui2/env_software/miniconda3-aarch64/envs/tilebench++_env/bin/python /projects/kzhou6/bcui2/research/tilebench/Tilebench-gh200/scripts/profiling/ncu_generic_harness.py,0.2338,1.6541
