------------------ -------------------------------------------------------- ------ ------ ------ ------ ------ ------ ------ ------ ------ ------ ------------- ------ ------ ------ ------ ------ ------ ------ ------ ------ ------ ------ ------ ------ ------ ------ ------ ------ ------ ------ ------ ------ ------ ------ ------ ------ ------ ------ ------ ------ ------ ------ ------ ------ ------ ------ ------ ------ ------ ------ ------ ------ ------ ------ ------ ------ ------ ------ ------ ------ ------ ------
Kernel Name        matrix_transpose_kernel_kernel                                                                                                                                                                                                                                                                                                                                                                                                                                                                                   
------------------ -------------------------------------------------------- ------ ------ ------ ------ ------ ------ ------ ------ ------ ------ ------------- ------ ------ ------ ------ ------ ------ ------ ------ ------ ------ ------ ------ ------ ------ ------ ------ ------ ------ ------ ------ ------ ------ ------ ------ ------ ------ ------ ------ ------ ------ ------ ------ ------ ------ ------ ------ ------ ------ ------ ------ ------ ------ ------ ------ ------ ------ ------ ------ ------ ------ ------
Address            Source                                                   Warp S Warp S # Samp Instru Thread Predic Avg. T Avg. P Avg. P Diverg Addres        Access Access L1 Tag L1 Con L1 Wav L1 Wav L1 Wav L2 The L2 The L2 The L2 Exp L2 Exp L2 Exp L2 Exp L2 Exp L2 Exp L2 Exp stall_ stall_ stall_ stall_ stall_ stall_ stall_ stall_ stall_ stall_ stall_ stall_ stall_ stall_ stall_ stall_ stall_ stall_ stall_ stall_ stall_ stall_ stall_ stall_ stall_ stall_ stall_ stall_ stall_ stall_ stall_ stall_ stall_ stall_
                                                                            tall S tall S les    ctions  Instr ated-O hreads redica redica ent Br s Spac         Opera  Size   Reque flicts efront efront efront oretic oretic oretic licit  licit  licit  licit  licit  licit  licit  barrie branch dispat drain  lg     long_s math   membar mio    misc   no_ins not_se select short_ sleep  tex    wait   barrie branch dispat drain  lg (No long_s math ( membar mio (N misc ( no_ins not_se select short_ sleepi tex (N wait (
                                                                            amplin amplin         Execu uction n Thre  Execu ted-On ted-On anches e             tion          sts Gl  Share s Shar s Shar s Shar al Sec al Sec al Sec Evict  Hit Po Hit Po Hit Po Hit Po Miss P Miss P r      _resol ch                   b                                  t      lected ed     sb                          r (Not _resol ch (No (Not I t Issu b (Not Not Is  (Not  ot Iss Not Is t (Not lected ed (No sb (No ng (No ot Iss Not Is
                                                                            g (All g (Not        ted    s Exec ad Ins ted     Threa  Threa                                    obal   d N-Wa ed Exc ed     ed Ide tors G tors G tors G Polici licy E licy E licy E licy E olicy  olicy         ving                                                                                                             Issue ving ( t Issu ssued) ed)     Issue sued)  Issued ued)   sued)   Issue  (Not  t Issu t Issu t Issu ued)   sued) 
                                                                             Sampl -issue               uted   tructi        ds Exe ds Une                                           y      essive        al     lobal  lobal  lobal  es     vict F vict L vict N vict N Evict  Evict                                                                                                                         d)     Not Is ed)                  d)            )                    d)     Issued ed)    ed)    ed)                 
                                                                            es)    d Samp                      ons Ex        cuted  xecute                                                                       Excess        Ideal         irst   ast    ormal  ormal  First  Normal                                                                                                                               sued)                                                                 )                                        
                                                                                   les)                        ecuted               d                                                                            ive                                              Demote                                                                                                                                                                                                                                                            
0x7f9c075bae00           LDC R1, c[0x0][0x37c]                              18     17     18     20480  655360 655360 32     32     0      0      -             -      -      0      0      0      0      0      0      0      0      -      0      0      0      0      0      0      0      0      0      0      0      0      0      0      0      0      18     0      0      0      0      0      0      0      0      0      0      0      0      0      0      0      0      17     0      0      0      0      0      0     
0x7f9c075bae10           S2R R3, SR_TID.X                                   0      0      0      20480  655360 655360 32     32     0      0      -             -      -      0      0      0      0      0      0      0      0      -      0      0      0      0      0      0      0      0      0      0      0      0      0      0      0      0      0      0      0      0      0      0      0      0      0      0      0      0      0      0      0      0      0      0      0      0      0      0      0      0     
0x7f9c075bae20           LDCU.64 UR6, c[0x0][0x358]                         1      0      1      20480  655360 655360 32     32     0      0      -             -      -      0      0      0      0      0      0      0      0      -      0      0      0      0      0      0      0      0      0      0      0      0      0      0      0      0      0      0      1      0      0      0      0      0      0      0      0      0      0      0      0      0      0      0      0      0      0      0      0      0     
0x7f9c075bae30           SHF.R.U32.HI R0, RZ, 0x5, R3                       30     29     30     20480  655360 655360 32     32     0      0      -             -      -      0      0      0      0      0      0      0      0      -      0      0      0      0      0      0      0      0      0      0      0      0      0      0      0      0      0      0      1      29     0      0      0      0      0      0      0      0      0      0      0      0      0      0      0      0      29     0      0      0     
0x7f9c075bae40           SHFL.IDX PT, R2, R0, RZ, 0x1f                      0      0      0      20480  655360 655360 32     32     0      0      -             -      -      0      0      0      0      0      0      0      0      -      0      0      0      0      0      0      0      0      0      0      0      0      0      0      0      0      0      0      0      0      0      0      0      0      0      0      0      0      0      0      0      0      0      0      0      0      0      0      0      0     
0x7f9c075bae50           ISETP.NE.U32.AND P0, PT, R2, RZ, PT                12     12     12     20480  655360 655360 32     32     0      0      -             -      -      0      0      0      0      0      0      0      0      -      0      0      0      0      0      0      0      0      0      0      0      0      0      0      0      0      0      0      0      11     0      0      1      0      0      0      0      0      0      0      0      0      0      0      0      0      11     0      0      1     
0x7f9c075bae60     @P0   BRA 0x7f9c075baea0                                 2      2      2      20480  655360 491520 32     24     8      0      -             -      -      0      0      0      0      0      0      0      0      -      0      0      0      0      0      0      0      0      0      0      0      0      0      0      0      0      0      0      0      0      0      0      2      0      0      0      0      0      0      0      0      0      0      0      0      0      0      0      0      2     
0x7f9c075bae70           LDCU.64 UR4, c[0x0][0x348]                         2      1      2      5120   163840 163840 32     32     0      0      -             -      -      0      0      0      0      0      0      0      0      -      0      0      0      0      0      0      0      0      0      0      0      0      0      0      0      0      0      0      1      0      0      0      1      0      0      0      0      0      0      0      0      0      0      0      0      0      0      0      0      1     
0x7f9c075bae80           UTMACCTL.PF [UR4]                                  1      1      1      5120   163840 163840 32     32     0      0      -             -      -      0      0      0      0      0      0      0      0      -      0      0      0      0      0      0      0      0      0      0      0      0      0      0      0      0      0      0      0      1      0      0      0      0      0      0      0      0      0      0      0      0      0      0      0      0      1      0      0      0     
0x7f9c075bae90           NOP                                                1      0      1      5120   163840 163840 32     32     0      0      -             -      -      0      0      0      0      0      0      0      0      -      0      0      0      0      0      0      0      0      0      0      0      0      0      0      0      0      0      0      1      0      0      0      0      0      0      0      0      0      0      0      0      0      0      0      0      0      0      0      0      0     
0x7f9c075baea0           S2UR UR4, SR_CTAID.Y                               2      2      2      20480  655360 655360 32     32     0      0      -             -      -      0      0      0      0      0      0      0      0      -      0      0      0      0      0      0      0      1      0      0      0      0      0      0      0      0      1      0      0      0      0      0      0      0      1      0      0      0      0      0      0      0      0      1      0      0      0      0      0      0     
0x7f9c075baeb0           SHF.R.U32.HI R4, RZ, 0x4, R3                       2      0      2      20480  655360 655360 32     32     0      0      -             -      -      0      0      0      0      0      0      0      0      -      0      0      0      0      0      0      0      0      0      0      0      0      0      0      0      0      0      0      2      0      0      0      0      0      0      0      0      0      0      0      0      0      0      0      0      0      0      0      0      0     
0x7f9c075baec0           IMAD.SHL.U32 R2, R3, 0x8, RZ                       0      0      0      20480  655360 655360 32     32     0      0      -             -      -      0      0      0      0      0      0      0      0      -      0      0      0      0      0      0      0      0      0      0      0      0      0      0      0      0      0      0      0      0      0      0      0      0      0      0      0      0      0      0      0      0      0      0      0      0      0      0      0      0     
0x7f9c075baed0           S2UR UR8, SR_CTAID.X                               4      2      4      20480  655360 655360 32     32     0      0      -             -      -      0      0      0      0      0      0      0      0      -      0      0      0      0      0      0      0      0      0      0      0      0      0      0      0      0      0      0      2      0      0      0      2      0      0      0      0      0      0      0      0      0      0      0      0      0      0      0      0      2     
0x7f9c075baee0           LDC.64 R68, c[0x0][0x400]                          3      2      3      20480  655360 655360 32     32     0      0      -             -      -      0      0      0      0      0      0      0      0      -      0      0      0      0      0      0      0      0      0      0      0      0      0      0      0      0      0      0      1      0      0      0      2      0      0      0      0      0      0      0      0      0      0      0      0      0      0      0      0      2     
0x7f9c075baef0           USHF.L.U32 UR14, UR4, 0x7, URZ                     15     13     15     20480  655360 655360 32     32     0      0      -             -      -      0      0      0      0      0      0      0      0      -      0      0      0      0      0      0      0      0      0      0      0      0      0      0      0      0      0      0      1      14     0      0      0      0      0      0      0      0      0      0      0      0      0      0      0      0      13     0      0      0     
0x7f9c075baf00           UIMAD UR4, UR8, 0x280000, UR14                     14     14     14     20480  655360 655360 32     32     0      0      -             -      -      0      0      0      0      0      0      0      0      -      0      0      0      0      0      0      0      0      0      0      0      0      0      0      0      0      13     0      0      0      0      0      1      0      0      0      0      0      0      0      0      0      0      13     0      0      0      0      0      1     
0x7f9c075baf10           IMAD.U32 R5, RZ, RZ, UR4                           2      1      2      20480  655360 655360 32     32     0      0      -             -      -      0      0      0      0      0      0      0      0      -      0      0      0      0      0      0      0      0      0      0      0      0      0      0      0      0      0      0      0      0      0      0      2      0      0      0      0      0      0      0      0      0      0      0      0      0      0      0      0      1     
0x7f9c075baf20           IMAD R5, R4, 0x5000, R5                            2      2      2      20480  655360 655360 32     32     0      0      -             -      -      0      0      0      0      0      0      0      0      -      0      0      0      0      0      0      0      0      0      0      0      0      0      0      0      0      0      0      0      0      0      0      2      0      0      0      0      0      0      0      0      0      0      0      0      0      0      0      0      2     
0x7f9c075baf30           LOP3.LUT R4, R2, 0x78, RZ, 0xc0, !PT               0      0      0      20480  655360 655360 32     32     0      0      -             -      -      0      0      0      0      0      0      0      0      -      0      0      0      0      0      0      0      0      0      0      0      0      0      0      0      0      0      0      0      0      0      0      0      0      0      0      0      0      0      0      0      0      0      0      0      0      0      0      0      0     
0x7f9c075baf40           IMAD.IADD R5, R4, 0x1, R5                          0      0      0      20480  655360 655360 32     32     0      0      -             -      -      0      0      0      0      0      0      0      0      -      0      0      0      0      0      0      0      0      0      0      0      0      0      0      0      0      0      0      0      0      0      0      0      0      0      0      0      0      0      0      0      0      0      0      0      0      0      0      0      0     
0x7f9c075baf50           IMAD.WIDE.U32 R68, R5, 0x2, R68                    2      2      2      20480  655360 655360 32     32     0      0      -             -      -      0      0      0      0      0      0      0      0      -      0      0      0      0      0      0      0      0      0      0      0      0      0      0      0      0      0      0      0      0      0      0      2      0      0      0      0      0      0      0      0      0      0      0      0      0      0      0      0      2     
0x7f9c075baf60           LDG.E.128.CONSTANT R4, desc[UR6][R68.64]           9      7      9      20480  655360 655360 32     32     0      0      Global        Load   128    81920  0      0      0      0      0      327680 327680        0      0      0      0      0      0      0      0      3      0      0      0      0      0      1      0      0      0      1      0      0      0      4      0      0      3      0      0      0      0      0      1      0      0      0      0      0      0      0      3     
0x7f9c075baf70           LDG.E.128.CONSTANT R8, desc[UR6][R68.64+0x50000]   4      1      4      20480  655360 655360 32     32     0      0      Global        Load   128    81920  0      0      0      0      0      327680 327680        0      0      0      0      0      0      0      0      0      0      0      0      0      0      0      0      0      0      2      0      0      0      2      0      0      0      0      0      0      0      0      0      0      0      0      0      0      0      0      1     
0x7f9c075baf80           LDG.E.128.CONSTANT R12, desc[UR6][R68.64+0xa0000]  1      1      1      20480  655360 655360 32     32     0      0      Global        Load   128    81920  0      0      0      0      0      327680 327680        0      0      0      0      0      0      0      0      0      0      0      0      0      0      0      0      0      0      0      0      0      0      1      0      0      0      0      0      0      0      0      0      0      0      0      0      0      0      0      1     
0x7f9c075baf90           LDG.E.128.CONSTANT R16, desc[UR6][R68.64+0xf0000]  1      0      1      20480  655360 655360 32     32     0      0      Global        Load   128    81920  0      0      0      0      0      327680 327680        0      0      0      0      0      0      0      0      0      0      0      0      0      0      0      0      0      0      1      0      0      0      0      0      0      0      0      0      0      0      0      0      0      0      0      0      0      0      0      0     
0x7f9c075bafa0           LDG.E.128.CONSTANT R20, desc[UR6][R68.64+0x140000] 2      2      2      20480  655360 655360 32     32     0      0      Global        Load   128    81920  0      0      0      0      0      327680 327680        0      0      0      0      0      0      0      0      0      0      0      0      0      0      0      0      0      0      0      0      0      0      2      0      0      0      0      0      0      0      0      0      0      0      0      0      0      0      0      2     
0x7f9c075bafb0           LDG.E.128.CONSTANT R24, desc[UR6][R68.64+0x190000] 0      0      0      20480  655360 655360 32     32     0      0      Global        Load   128    81920  0      0      0      0      0      327680 327680        0      0      0      0      0      0      0      0      0      0      0      0      0      0      0      0      0      0      0      0      0      0      0      0      0      0      0      0      0      0      0      0      0      0      0      0      0      0      0      0     
0x7f9c075bafc0           LDG.E.128.CONSTANT R28, desc[UR6][R68.64+0x1e0000] 3      2      3      20480  655360 655360 32     32     0      0      Global        Load   128    81920  0      0      0      0      0      327680 327680        0      0      0      0      0      0      0      0      0      0      0      0      0      0      0      0      0      0      1      0      0      0      2      0      0      0      0      0      0      0      0      0      0      0      0      0      0      0      0      2     
0x7f9c075bafd0           LDG.E.128.CONSTANT R32, desc[UR6][R68.64+0x230000] 2      2      2      20480  655360 655360 32     32     0      0      Global        Load   128    81920  0      0      0      0      0      327680 327680        0      0      0      0      0      0      0      0      0      0      0      0      0      0      0      0      0      0      0      0      0      0      2      0      0      0      0      0      0      0      0      0      0      0      0      0      0      0      0      2     
0x7f9c075bafe0           LDG.E.128.CONSTANT R36, desc[UR6][R68.64+0x280000] 1      1      1      20480  655360 655360 32     32     0      0      Global        Load   128    81920  0      0      0      0      0      327680 327680        0      0      0      0      0      0      0      0      0      0      0      0      0      0      0      0      0      0      0      0      0      0      1      0      0      0      0      0      0      0      0      0      0      0      0      0      0      0      0      1     
0x7f9c075baff0           LDG.E.128.CONSTANT R40, desc[UR6][R68.64+0x2d0000] 2      1      2      20480  655360 655360 32     32     0      0      Global        Load   128    81920  0      0      0      0      0      327680 327680        0      0      0      0      0      0      0      0      0      0      0      0      0      0      1      0      0      0      0      0      0      0      1      0      0      0      0      0      0      0      0      1      0      0      0      0      0      0      0      0     
0x7f9c075bb000           LDG.E.128.CONSTANT R44, desc[UR6][R68.64+0x320000] 4      2      4      20480  655360 655360 32     32     0      0      Global        Load   128    81920  0      0      0      0      0      327680 327680        0      0      0      0      0      0      0      0      0      0      0      0      0      0      0      0      3      1      0      0      0      0      0      0      0      0      0      0      0      0      0      0      0      2      0      0      0      0      0      0     
0x7f9c075bb010           LDG.E.128.CONSTANT R48, desc[UR6][R68.64+0x370000] 6      5      6      20480  655360 655360 32     32     0      0      Global        Load   128    81920  0      0      0      0      0      327680 327680        0      0      0      0      0      0      0      0      0      0      2      0      0      0      2      0      0      0      1      0      0      0      1      0      0      0      0      2      0      0      0      2      0      0      0      0      0      0      0      1     
0x7f9c075bb020           LDG.E.128.CONSTANT R52, desc[UR6][R68.64+0x3c0000] 10     8      10     20480  655360 655360 32     32     0      0      Global        Load   128    81920  0      0      0      0      0      327680 327680        0      0      0      0      0      0      0      0      0      0      3      0      0      0      5      0      0      0      1      0      0      0      1      0      0      0      0      3      0      0      0      4      0      0      0      0      0      0      0      1     
0x7f9c075bb030           LDG.E.128.CONSTANT R56, desc[UR6][R68.64+0x410000] 10     10     10     20480  655360 655360 32     32     0      0      Global        Load   128    81920  0      0      0      0      0      327680 327680        0      0      0      0      0      0      0      0      0      0      2      0      0      0      4      0      0      0      0      0      0      0      4      0      0      0      0      2      0      0      0      4      0      0      0      0      0      0      0      4     
0x7f9c075bb040           LDG.E.128.CONSTANT R60, desc[UR6][R68.64+0x460000] 14     14     14     20480  655360 655360 32     32     0      0      Global        Load   128    81920  0      0      0      0      0      327680 327680        0      0      0      0      0      0      0      0      0      0      3      0      0      0      8      0      0      0      0      0      0      0      3      0      0      0      0      3      0      0      0      8      0      0      0      0      0      0      0      3     
0x7f9c075bb050           LDG.E.128.CONSTANT R64, desc[UR6][R68.64+0x4b0000] 17     14     17     20480  655360 655360 32     32     0      0      Global        Load   128    81920  0      0      0      0      0      327680 327680        0      0      0      0      0      0      0      0      0      0      7      0      0      0      7      0      0      0      3      0      0      0      0      0      0      0      0      7      0      0      0      7      0      0      0      0      0      0      0      0     
0x7f9c075bb060           S2UR UR5, SR_CgaCtaId                              0      0      0      20480  655360 655360 32     32     0      0      -             -      -      0      0      0      0      0      0      0      0      -      0      0      0      0      0      0      0      0      0      0      0      0      0      0      0      0      0      0      0      0      0      0      0      0      0      0      0      0      0      0      0      0      0      0      0      0      0      0      0      0     
0x7f9c075bb070           UMOV UR4, 0x400                                    2      0      2      20480  655360 655360 32     32     0      0      -             -      -      0      0      0      0      0      0      0      0      -      0      0      0      0      0      0      0      0      0      0      0      0      0      0      0      0      0      0      2      0      0      0      0      0      0      0      0      0      0      0      0      0      0      0      0      0      0      0      0      0     
0x7f9c075bb080           LOP3.LUT R0, R0, 0x3, RZ, 0xc0, !PT                1      0      1      20480  655360 655360 32     32     0      0      -             -      -      0      0      0      0      0      0      0      0      -      0      0      0      0      0      0      0      0      0      0      0      0      0      0      0      0      0      0      1      0      0      0      0      0      0      0      0      0      0      0      0      0      0      0      0      0      0      0      0      0     
0x7f9c075bb090           SHFL.IDX PT, R0, R0, RZ, 0x1f                      24     22     24     20480  655360 655360 32     32     0      0      -             -      -      0      0      0      0      0      0      0      0      -      0      0      0      0      0      0      0      0      0      0      0      0      0      0      21     0      0      1      1      0      0      0      1      0      0      0      0      0      0      0      0      21     0      0      0      0      0      0      0      1     
0x7f9c075bb0a0           ULEA UR4, UR5, UR4, 0x18                           291    288    291    20480  655360 655360 32     32     0      0      -             -      -      0      0      0      0      0      0      0      0      -      0      0      0      0      0      0      0      0      0      0      0      287    0      0      0      0      0      0      1      2      0      0      1      0      0      0      0      0      287    0      0      0      0      0      0      0      1      0      0      0     
0x7f9c075bb0b0           LEA R68, R3, UR4, 0x4                              5      3      5      20480  655360 655360 32     32     0      0      -             -      -      0      0      0      0      0      0      0      0      -      0      0      0      0      0      0      0      0      0      0      0      0      0      0      0      0      0      0      1      0      0      0      4      0      0      0      0      0      0      0      0      0      0      0      0      0      0      0      0      3     
0x7f9c075bb0c0           ISETP.NE.U32.AND P0, PT, R0, RZ, PT                0      0      0      20480  655360 655360 32     32     0      0      -             -      -      0      0      0      0      0      0      0      0      -      0      0      0      0      0      0      0      0      0      0      0      0      0      0      0      0      0      0      0      0      0      0      0      0      0      0      0      0      0      0      0      0      0      0      0      0      0      0      0      0     
0x7f9c075bb0d0           STS.128 [R68], R4                                  539    505    539    20480  655360 655360 32     32     0      0      Shared        Store  128    0      4      0      81920  81920  0      0      0      -      0      0      0      0      0      0      0      0      0      0      0      517    0      0      21     0      0      0      0      0      0      0      1      0      0      0      0      0      483    0      0      21     0      0      0      0      0      0      0      1     
0x7f9c075bb0e0           STS.128 [R68+0x800], R8                            176    161    176    20480  655360 655360 32     32     0      0      Shared        Store  128    0      4      0      81920  81920  0      0      0      -      0      0      0      0      0      0      0      0      0      0      0      160    0      0      15     0      0      0      0      0      0      0      1      0      0      0      0      0      145    0      0      15     0      0      0      0      0      0      0      1     
0x7f9c075bb0f0           STS.128 [R68+0x1000], R12                          88     85     88     20480  655360 655360 32     32     0      0      Shared        Store  128    0      4      0      81920  81920  0      0      0      -      0      0      0      0      0      0      0      0      0      0      0      83     0      0      4      0      0      0      1      0      0      0      0      0      0      0      0      0      81     0      0      4      0      0      0      0      0      0      0      0     
0x7f9c075bb100           STS.128 [R68+0x1800], R16                          592    544    592    20480  655360 655360 32     32     0      0      Shared        Store  128    0      4      0      81920  81920  0      0      0      -      0      0      0      0      0      0      0      0      0      0      0      591    0      0      1      0      0      0      0      0      0      0      0      0      0      0      0      0      543    0      0      1      0      0      0      0      0      0      0      0     
0x7f9c075bb110           STS.128 [R68+0x2000], R20                          2      2      2      20480  655360 655360 32     32     0      0      Shared        Store  128    0      4      0      81920  81920  0      0      0      -      0      0      0      0      0      0      0      0      0      0      0      0      0      0      0      0      0      0      0      0      0      0      2      0      0      0      0      0      0      0      0      0      0      0      0      0      0      0      0      2     
0x7f9c075bb120           LEA R4, R3, UR4, 0x1                               1      1      1      20480  655360 655360 32     32     0      0      -             -      -      0      0      0      0      0      0      0      0      -      0      0      0      0      0      0      0      0      0      0      0      0      0      0      0      0      0      0      0      1      0      0      0      0      0      0      0      0      0      0      0      0      0      0      0      0      1      0      0      0     
0x7f9c075bb130           IMAD.SHL.U32 R7, R3, 0x40, RZ                      0      0      0      20480  655360 655360 32     32     0      0      -             -      -      0      0      0      0      0      0      0      0      -      0      0      0      0      0      0      0      0      0      0      0      0      0      0      0      0      0      0      0      0      0      0      0      0      0      0      0      0      0      0      0      0      0      0      0      0      0      0      0      0     
0x7f9c075bb140           STS.128 [R68+0x2800], R24                          4      4      4      20480  655360 655360 32     32     0      0      Shared        Store  128    0      4      0      81920  81920  0      0      0      -      0      0      0      0      0      0      0      0      0      0      0      0      0      0      4      0      0      0      0      0      0      0      0      0      0      0      0      0      0      0      0      4      0      0      0      0      0      0      0      0     
0x7f9c075bb150           LOP3.LUT R9, R7, 0x20, R2, 0xf8, !PT               4      2      4      20480  655360 655360 32     32     0      0      -             -      -      0      0      0      0      0      0      0      0      -      0      0      0      0      0      0      0      0      0      0      0      0      0      0      0      0      0      0      2      2      0      0      0      0      0      0      0      0      0      0      0      0      0      0      0      0      2      0      0      0     
0x7f9c075bb160           STS.128 [R68+0x3000], R28                          1      1      1      20480  655360 655360 32     32     0      0      Shared        Store  128    0      4      0      81920  81920  0      0      0      -      0      0      0      0      0      0      0      0      0      0      0      0      0      0      1      0      0      0      0      0      0      0      0      0      0      0      0      0      0      0      0      1      0      0      0      0      0      0      0      0     
0x7f9c075bb170           LOP3.LUT R5, R9, 0x10, R2, 0xf8, !PT               1      1      1      20480  655360 655360 32     32     0      0      -             -      -      0      0      0      0      0      0      0      0      -      0      0      0      0      0      0      0      0      0      0      0      0      0      0      0      0      0      0      0      0      0      0      1      0      0      0      0      0      0      0      0      0      0      0      0      0      0      0      0      1     
0x7f9c075bb180           STS.128 [R68+0x3800], R32                          6      4      6      20480  655360 655360 32     32     0      0      Shared        Store  128    0      4      0      81920  81920  0      0      0      -      0      0      0      0      0      0      0      0      0      0      0      0      0      0      4      0      0      0      2      0      0      0      0      0      0      0      0      0      0      0      0      4      0      0      0      0      0      0      0      0     
0x7f9c075bb190           LOP3.LUT R9, R9, 0x10, R2, 0xf4, !PT               0      0      0      20480  655360 655360 32     32     0      0      -             -      -      0      0      0      0      0      0      0      0      -      0      0      0      0      0      0      0      0      0      0      0      0      0      0      0      0      0      0      0      0      0      0      0      0      0      0      0      0      0      0      0      0      0      0      0      0      0      0      0      0     
0x7f9c075bb1a0           LOP3.LUT R3, R5, 0x8, R2, 0xf8, !PT                1      0      1      20480  655360 655360 32     32     0      0      -             -      -      0      0      0      0      0      0      0      0      -      0      0      0      0      0      0      0      0      0      0      0      0      0      0      0      0      0      0      1      0      0      0      0      0      0      0      0      0      0      0      0      0      0      0      0      0      0      0      0      0     
0x7f9c075bb1b0           STS.128 [R68+0x4000], R36                          2      2      2      20480  655360 655360 32     32     0      0      Shared        Store  128    0      4      0      81920  81920  0      0      0      -      0      0      0      0      0      0      0      0      0      0      0      0      0      0      2      0      0      0      0      0      0      0      0      0      0      0      0      0      0      0      0      2      0      0      0      0      0      0      0      0     
0x7f9c075bb1c0           LOP3.LUT R5, R5, 0x8, R2, 0xf4, !PT                0      0      0      20480  655360 655360 32     32     0      0      -             -      -      0      0      0      0      0      0      0      0      -      0      0      0      0      0      0      0      0      0      0      0      0      0      0      0      0      0      0      0      0      0      0      0      0      0      0      0      0      0      0      0      0      0      0      0      0      0      0      0      0     
0x7f9c075bb1d0           LEA R3, R3, UR4, 0x1                               1      0      1      20480  655360 655360 32     32     0      0      -             -      -      0      0      0      0      0      0      0      0      -      0      0      0      0      0      0      0      0      0      0      0      0      0      0      0      0      0      0      1      0      0      0      0      0      0      0      0      0      0      0      0      0      0      0      0      0      0      0      0      0     
0x7f9c075bb1e0           STS.128 [R68+0x4800], R40                          4      4      4      20480  655360 655360 32     32     0      0      Shared        Store  128    0      4      0      81920  81920  0      0      0      -      0      0      0      0      0      0      0      0      0      0      0      0      0      0      4      0      0      0      0      0      0      0      0      0      0      0      0      0      0      0      0      4      0      0      0      0      0      0      0      0     
0x7f9c075bb1f0           LEA R5, R5, UR4, 0x1                               0      0      0      20480  655360 655360 32     32     0      0      -             -      -      0      0      0      0      0      0      0      0      -      0      0      0      0      0      0      0      0      0      0      0      0      0      0      0      0      0      0      0      0      0      0      0      0      0      0      0      0      0      0      0      0      0      0      0      0      0      0      0      0     
0x7f9c075bb200           STS.128 [R68+0x5000], R44                          10     9      10     20480  655360 655360 32     32     0      0      Shared        Store  128    0      4      0      81920  81920  0      0      0      -      0      0      0      0      0      0      0      0      0      0      0      0      0      0      8      0      0      0      0      0      0      0      2      0      0      0      0      0      0      0      0      8      0      0      0      0      0      0      0      1     
0x7f9c075bb210           STS.128 [R68+0x5800], R48                          4      3      4      20480  655360 655360 32     32     0      0      Shared        Store  128    0      4      0      81920  81920  0      0      0      -      0      0      0      0      0      0      0      0      0      0      0      0      0      0      3      0      0      1      0      0      0      0      0      0      0      0      0      0      0      0      0      3      0      0      0      0      0      0      0      0     
0x7f9c075bb220           STS.128 [R68+0x6000], R52                          5      5      5      20480  655360 655360 32     32     0      0      Shared        Store  128    0      4      0      81920  81920  0      0      0      -      0      0      0      0      0      0      0      0      0      0      0      0      0      0      5      0      0      0      0      0      0      0      0      0      0      0      0      0      0      0      0      5      0      0      0      0      0      0      0      0     
0x7f9c075bb230           STS.128 [R68+0x6800], R56                          12     12     12     20480  655360 655360 32     32     0      0      Shared        Store  128    0      4      0      81920  81920  0      0      0      -      0      0      0      0      0      0      0      0      0      0      0      0      0      0      11     0      0      0      0      0      0      0      1      0      0      0      0      0      0      0      0      11     0      0      0      0      0      0      0      1     
0x7f9c075bb240           STS.128 [R68+0x7000], R60                          10     7      10     20480  655360 655360 32     32     0      0      Shared        Store  128    0      4      0      81920  81920  0      0      0      -      0      0      0      0      0      0      0      0      0      0      0      0      0      0      5      0      0      2      1      0      0      0      2      0      0      0      0      0      0      0      0      5      0      0      0      0      0      0      0      2     
0x7f9c075bb250           STS.128 [R68+0x7800], R64                          7      6      7      20480  655360 655360 32     32     0      0      Shared        Store  128    0      4      0      81920  81920  0      0      0      -      0      0      0      0      0      0      0      0      0      0      0      0      0      0      5      0      0      1      0      0      0      0      1      0      0      0      0      0      0      0      0      5      0      0      0      0      0      0      0      1     
0x7f9c075bb260           BAR.SYNC.DEFER_BLOCKING 0x0                        0      0      0      20480  655360 655360 32     32     0      0      -             -      -      0      0      0      0      0      0      0      0      -      0      0      0      0      0      0      0      0      0      0      0      0      0      0      0      0      0      0      0      0      0      0      0      0      0      0      0      0      0      0      0      0      0      0      0      0      0      0      0      0     
0x7f9c075bb270           LDS.U16 R6, [R4]                                   264    249    264    20480  655360 655360 32     32     0      0      Shared        Load   16     0      1      0      20480  20480  0      0      0      -      0      0      0      0      0      0      263    0      0      0      0      0      0      0      1      0      0      0      0      0      0      0      0      248    0      0      0      0      0      0      0      1      0      0      0      0      0      0      0      0     
0x7f9c075bb280           LDS.U16 R11, [R4+0x100]                            3      2      3      20480  655360 655360 32     32     0      0      Shared        Load   16     0      1      0      20480  20480  0      0      0      -      0      0      0      0      0      0      0      0      0      0      0      0      0      0      0      0      0      0      1      0      0      0      2      0      0      0      0      0      0      0      0      0      0      0      0      0      0      0      0      2     
0x7f9c075bb290           LDS.U16 R8, [R4+0x200]                             2      2      2      20480  655360 655360 32     32     0      0      Shared        Load   16     0      1      0      20480  20480  0      0      0      -      0      0      0      0      0      0      0      0      0      0      0      0      0      0      0      0      0      0      0      0      0      0      2      0      0      0      0      0      0      0      0      0      0      0      0      0      0      0      0      2     
0x7f9c075bb2a0           LDS.U16 R13, [R4+0x300]                            4      2      4      20480  655360 655360 32     32     0      0      Shared        Load   16     0      1      0      20480  20480  0      0      0      -      0      0      0      0      0      0      0      0      0      0      0      0      0      0      2      0      0      0      2      0      0      0      0      0      0      0      0      0      0      0      0      2      0      0      0      0      0      0      0      0     
0x7f9c075bb2b0           LDS.U16 R10, [R4+0x400]                            6      5      6      20480  655360 655360 32     32     0      0      Shared        Load   16     0      1      0      20480  20480  0      0      0      -      0      0      0      0      0      0      0      0      0      0      0      0      0      0      3      0      0      0      1      0      0      0      2      0      0      0      0      0      0      0      0      3      0      0      0      0      0      0      0      2     
0x7f9c075bb2c0           LDS.U16 R15, [R4+0x500]                            4      4      4      20480  655360 655360 32     32     0      0      Shared        Load   16     0      1      0      20480  20480  0      0      0      -      0      0      0      0      0      0      0      0      0      0      0      0      0      0      3      0      0      0      0      0      0      0      1      0      0      0      0      0      0      0      0      3      0      0      0      0      0      0      0      1     
0x7f9c075bb2d0           LDS.U16 R12, [R4+0x600]                            4      4      4      20480  655360 655360 32     32     0      0      Shared        Load   16     0      1      0      20480  20480  0      0      0      -      0      0      0      0      0      0      0      0      0      0      0      0      0      0      3      0      0      0      0      0      0      0      1      0      0      0      0      0      0      0      0      3      0      0      0      0      0      0      0      1     
0x7f9c075bb2e0           LDS.U16 R17, [R4+0x700]                            9      8      9      20480  655360 655360 32     32     0      0      Shared        Load   16     0      1      0      20480  20480  0      0      0      -      0      0      0      0      0      0      0      0      0      0      0      0      0      0      5      0      0      0      1      0      0      0      3      0      0      0      0      0      0      0      0      5      0      0      0      0      0      0      0      3     
0x7f9c075bb2f0           PRMT R20, R6, 0x5410, R11                          38     34     38     20480  655360 655360 32     32     0      0      -             -      -      0      0      0      0      0      0      0      0      -      0      0      0      0      0      0      0      0      0      0      0      0      0      0      0      0      0      0      3      35     0      0      0      0      0      0      0      0      0      0      0      0      0      0      0      0      34     0      0      0     
0x7f9c075bb300           PRMT R21, R8, 0x5410, R13                          2      1      2      20480  655360 655360 32     32     0      0      -             -      -      0      0      0      0      0      0      0      0      -      0      0      0      0      0      0      0      0      0      0      0      0      0      0      0      0      0      0      1      0      0      0      1      0      0      0      0      0      0      0      0      0      0      0      0      0      0      0      0      1     
0x7f9c075bb310           PRMT R22, R10, 0x5410, R15                         6      3      6      20480  655360 655360 32     32     0      0      -             -      -      0      0      0      0      0      0      0      0      -      0      0      0      0      0      0      0      0      0      0      0      0      0      0      0      0      0      0      3      3      0      0      0      0      0      0      0      0      0      0      0      0      0      0      0      0      3      0      0      0     
0x7f9c075bb320           PRMT R23, R12, 0x5410, R17                         7      6      7      20480  655360 655360 32     32     0      0      -             -      -      0      0      0      0      0      0      0      0      -      0      0      0      0      0      0      0      0      0      0      0      0      0      0      0      0      0      0      1      6      0      0      0      0      0      0      0      0      0      0      0      0      0      0      0      0      6      0      0      0     
0x7f9c075bb330           STS.128 [R3+0x8000], R20                           2      1      2      20480  655360 655360 32     32     0      0      Shared        Store  128    0      4      0      81920  81920  0      0      0      -      0      0      0      0      0      0      0      0      0      0      0      0      0      0      0      0      0      0      1      0      0      0      1      0      0      0      0      0      0      0      0      0      0      0      0      0      0      0      0      1     
0x7f9c075bb340           LDS.U16 R6, [R4+0x800]                             2      2      2      20480  655360 655360 32     32     0      0      Shared        Load   16     0      1      0      20480  20480  0      0      0      -      0      0      0      0      0      0      0      0      0      0      0      0      0      0      1      0      0      0      0      0      0      0      1      0      0      0      0      0      0      0      0      1      0      0      0      0      0      0      0      1     
0x7f9c075bb350           LDS.U16 R11, [R4+0x900]                            1      1      1      20480  655360 655360 32     32     0      0      Shared        Load   16     0      1      0      20480  20480  0      0      0      -      0      0      0      0      0      0      0      0      0      0      0      0      0      0      0      0      0      0      0      0      0      0      1      0      0      0      0      0      0      0      0      0      0      0      0      0      0      0      0      1     
0x7f9c075bb360           LDS.U16 R8, [R4+0xa00]                             4      3      4      20480  655360 655360 32     32     0      0      Shared        Load   16     0      1      0      20480  20480  0      0      0      -      0      0      0      0      0      0      0      0      0      0      0      0      0      0      0      0      0      0      1      0      0      0      3      0      0      0      0      0      0      0      0      0      0      0      0      0      0      0      0      3     
0x7f9c075bb370           LDS.U16 R13, [R4+0xb00]                            1      1      1      20480  655360 655360 32     32     0      0      Shared        Load   16     0      1      0      20480  20480  0      0      0      -      0      0      0      0      0      0      0      0      0      0      0      0      0      0      1      0      0      0      0      0      0      0      0      0      0      0      0      0      0      0      0      1      0      0      0      0      0      0      0      0     
0x7f9c075bb380           LDS.U16 R10, [R4+0xc00]                            5      2      5      20480  655360 655360 32     32     0      0      Shared        Load   16     0      1      0      20480  20480  0      0      0      -      0      0      0      0      0      0      0      0      0      0      0      0      0      0      1      0      0      0      3      0      0      0      1      0      0      0      0      0      0      0      0      1      0      0      0      0      0      0      0      1     
0x7f9c075bb390           LDS.U16 R15, [R4+0xd00]                            3      2      3      20480  655360 655360 32     32     0      0      Shared        Load   16     0      1      0      20480  20480  0      0      0      -      0      0      0      0      0      0      0      0      0      0      0      0      0      0      2      0      0      0      1      0      0      0      0      0      0      0      0      0      0      0      0      2      0      0      0      0      0      0      0      0     
0x7f9c075bb3a0           LDS.U16 R12, [R4+0xe00]                            2      2      2      20480  655360 655360 32     32     0      0      Shared        Load   16     0      1      0      20480  20480  0      0      0      -      0      0      0      0      0      0      0      0      0      0      0      0      0      0      1      0      0      0      0      0      0      0      1      0      0      0      0      0      0      0      0      1      0      0      0      0      0      0      0      1     
0x7f9c075bb3b0           LDS.U16 R17, [R4+0xf00]                            2      2      2      20480  655360 655360 32     32     0      0      Shared        Load   16     0      1      0      20480  20480  0      0      0      -      0      0      0      0      0      0      0      0      0      0      0      0      0      0      1      0      0      0      0      0      0      0      1      0      0      0      0      0      0      0      0      1      0      0      0      0      0      0      0      1     
0x7f9c075bb3c0           PRMT R20, R6, 0x5410, R11                          27     26     27     20480  655360 655360 32     32     0      0      -             -      -      0      0      0      0      0      0      0      0      -      0      0      0      0      0      0      0      0      0      0      0      0      0      0      0      0      0      0      0      27     0      0      0      0      0      0      0      0      0      0      0      0      0      0      0      0      26     0      0      0     
0x7f9c075bb3d0           LOP3.LUT R6, R9, 0x8, R2, 0xf8, !PT                1      0      1      20480  655360 655360 32     32     0      0      -             -      -      0      0      0      0      0      0      0      0      -      0      0      0      0      0      0      0      0      0      0      0      0      0      0      0      0      0      0      1      0      0      0      0      0      0      0      0      0      0      0      0      0      0      0      0      0      0      0      0      0     
0x7f9c075bb3e0           LEA R6, R6, UR4, 0x1                               0      0      0      20480  655360 655360 32     32     0      0      -             -      -      0      0      0      0      0      0      0      0      -      0      0      0      0      0      0      0      0      0      0      0      0      0      0      0      0      0      0      0      0      0      0      0      0      0      0      0      0      0      0      0      0      0      0      0      0      0      0      0      0     
0x7f9c075bb3f0           PRMT R21, R8, 0x5410, R13                          5      4      5      20480  655360 655360 32     32     0      0      -             -      -      0      0      0      0      0      0      0      0      -      0      0      0      0      0      0      0      0      0      0      0      0      0      0      0      0      0      0      0      5      0      0      0      0      0      0      0      0      0      0      0      0      0      0      0      0      4      0      0      0     
0x7f9c075bb400           PRMT R22, R10, 0x5410, R15                         6      6      6      20480  655360 655360 32     32     0      0      -             -      -      0      0      0      0      0      0      0      0      -      0      0      0      0      0      0      0      0      0      0      0      0      0      0      0      0      0      0      0      6      0      0      0      0      0      0      0      0      0      0      0      0      0      0      0      0      6      0      0      0     
0x7f9c075bb410           PRMT R23, R12, 0x5410, R17                         8      5      8      20480  655360 655360 32     32     0      0      -             -      -      0      0      0      0      0      0      0      0      -      0      0      0      0      0      0      0      0      0      0      0      0      1      0      0      0      0      0      2      4      0      0      1      0      0      0      0      0      0      1      0      0      0      0      0      0      3      0      0      1     
0x7f9c075bb420           STS.128 [R5+0x8000], R20                           2      2      2      20480  655360 655360 32     32     0      0      Shared        Store  128    0      4      0      81920  81920  0      0      0      -      0      0      0      0      0      0      0      0      0      0      0      0      0      0      0      0      0      0      0      0      0      0      2      0      0      0      0      0      0      0      0      0      0      0      0      0      0      0      0      2     
0x7f9c075bb430           LDS.U16 R8, [R4+0x1000]                            1      1      1      20480  655360 655360 32     32     0      0      Shared        Load   16     0      1      0      20480  20480  0      0      0      -      0      0      0      0      0      0      0      0      0      0      0      0      0      0      0      0      0      0      0      0      0      0      1      0      0      0      0      0      0      0      0      0      0      0      0      0      0      0      0      1     
0x7f9c075bb440           LDS.U16 R11, [R4+0x1100]                           2      2      2      20480  655360 655360 32     32     0      0      Shared        Load   16     0      1      0      20480  20480  0      0      0      -      0      0      0      0      0      0      0      0      0      0      0      0      0      0      0      0      0      0      0      0      0      0      2      0      0      0      0      0      0      0      0      0      0      0      0      0      0      0      0      2     
0x7f9c075bb450           LDS.U16 R10, [R4+0x1200]                           1      1      1      20480  655360 655360 32     32     0      0      Shared        Load   16     0      1      0      20480  20480  0      0      0      -      0      0      0      0      0      0      0      0      0      0      0      0      0      0      0      0      0      0      0      0      0      0      1      0      0      0      0      0      0      0      0      0      0      0      0      0      0      0      0      1     
0x7f9c075bb460           LDS.U16 R13, [R4+0x1300]                           2      1      2      20480  655360 655360 32     32     0      0      Shared        Load   16     0      1      0      20480  20480  0      0      0      -      0      0      0      0      0      0      0      0      0      0      0      0      0      0      0      0      0      0      0      0      0      0      2      0      0      0      0      0      0      0      0      0      0      0      0      0      0      0      0      1     
0x7f9c075bb470           LDS.U16 R12, [R4+0x1400]                           1      0      1      20480  655360 655360 32     32     0      0      Shared        Load   16     0      1      0      20480  20480  0      0      0      -      0      0      0      0      0      0      0      0      0      0      0      0      0      0      0      0      0      0      1      0      0      0      0      0      0      0      0      0      0      0      0      0      0      0      0      0      0      0      0      0     
0x7f9c075bb480           LDS.U16 R15, [R4+0x1500]                           4      4      4      20480  655360 655360 32     32     0      0      Shared        Load   16     0      1      0      20480  20480  0      0      0      -      0      0      0      0      0      0      0      0      0      0      0      0      0      0      0      0      0      0      0      0      0      0      4      0      0      0      0      0      0      0      0      0      0      0      0      0      0      0      0      4     
0x7f9c075bb490           LDS.U16 R14, [R4+0x1600]                           0      0      0      20480  655360 655360 32     32     0      0      Shared        Load   16     0      1      0      20480  20480  0      0      0      -      0      0      0      0      0      0      0      0      0      0      0      0      0      0      0      0      0      0      0      0      0      0      0      0      0      0      0      0      0      0      0      0      0      0      0      0      0      0      0      0     
0x7f9c075bb4a0           LDS.U16 R17, [R4+0x1700]                           0      0      0      20480  655360 655360 32     32     0      0      Shared        Load   16     0      1      0      20480  20480  0      0      0      -      0      0      0      0      0      0      0      0      0      0      0      0      0      0      0      0      0      0      0      0      0      0      0      0      0      0      0      0      0      0      0      0      0      0      0      0      0      0      0      0     
0x7f9c075bb4b0           PRMT R20, R8, 0x5410, R11                          12     10     12     20480  655360 655360 32     32     0      0      -             -      -      0      0      0      0      0      0      0      0      -      0      0      0      0      0      0      0      0      0      0      0      0      0      0      0      0      0      0      0      12     0      0      0      0      0      0      0      0      0      0      0      0      0      0      0      0      10     0      0      0     
0x7f9c075bb4c0           PRMT R21, R10, 0x5410, R13                         7      5      7      20480  655360 655360 32     32     0      0      -             -      -      0      0      0      0      0      0      0      0      -      0      0      0      0      0      0      0      0      0      0      0      0      0      0      0      0      0      0      0      7      0      0      0      0      0      0      0      0      0      0      0      0      0      0      0      0      5      0      0      0     
0x7f9c075bb4d0           PRMT R22, R12, 0x5410, R15                         6      3      6      20480  655360 655360 32     32     0      0      -             -      -      0      0      0      0      0      0      0      0      -      0      0      0      0      0      0      0      0      0      0      0      0      0      0      0      0      0      0      2      4      0      0      0      0      0      0      0      0      0      0      0      0      0      0      0      0      3      0      0      0     
0x7f9c075bb4e0           LOP3.LUT R12, R9, 0x8, R2, 0xf4, !PT               1      0      1      20480  655360 655360 32     32     0      0      -             -      -      0      0      0      0      0      0      0      0      -      0      0      0      0      0      0      0      0      0      0      0      0      0      0      0      0      0      0      1      0      0      0      0      0      0      0      0      0      0      0      0      0      0      0      0      0      0      0      0      0     
0x7f9c075bb4f0           LEA R12, R12, UR4, 0x1                             1      1      1      20480  655360 655360 32     32     0      0      -             -      -      0      0      0      0      0      0      0      0      -      0      0      0      0      0      0      0      0      0      0      0      0      0      0      0      0      0      0      0      0      0      0      1      0      0      0      0      0      0      0      0      0      0      0      0      0      0      0      0      1     
0x7f9c075bb500           PRMT R23, R14, 0x5410, R17                         0      0      0      20480  655360 655360 32     32     0      0      -             -      -      0      0      0      0      0      0      0      0      -      0      0      0      0      0      0      0      0      0      0      0      0      0      0      0      0      0      0      0      0      0      0      0      0      0      0      0      0      0      0      0      0      0      0      0      0      0      0      0      0     
0x7f9c075bb510           STS.128 [R6+0x8000], R20                           2      2      2      20480  655360 655360 32     32     0      0      Shared        Store  128    0      4      0      81920  81920  0      0      0      -      0      0      0      0      0      0      0      0      0      0      0      0      0      0      0      0      0      0      0      0      0      0      2      0      0      0      0      0      0      0      0      0      0      0      0      0      0      0      0      2     
0x7f9c075bb520           LDS.U16 R8, [R4+0x1800]                            3      2      3      20480  655360 655360 32     32     0      0      Shared        Load   16     0      1      0      20480  20480  0      0      0      -      0      0      0      0      0      0      0      0      0      0      0      0      0      0      0      0      0      0      0      0      0      0      3      0      0      0      0      0      0      0      0      0      0      0      0      0      0      0      0      2     
0x7f9c075bb530           LDS.U16 R11, [R4+0x1900]                           4      4      4      20480  655360 655360 32     32     0      0      Shared        Load   16     0      1      0      20480  20480  0      0      0      -      0      0      0      0      0      0      0      0      0      0      0      0      0      0      1      0      0      0      0      0      0      0      3      0      0      0      0      0      0      0      0      1      0      0      0      0      0      0      0      3     
0x7f9c075bb540           LDS.U16 R10, [R4+0x1a00]                           1      0      1      20480  655360 655360 32     32     0      0      Shared        Load   16     0      1      0      20480  20480  0      0      0      -      0      0      0      0      0      0      0      0      0      0      0      0      0      0      0      0      0      0      1      0      0      0      0      0      0      0      0      0      0      0      0      0      0      0      0      0      0      0      0      0     
0x7f9c075bb550           LDS.U16 R13, [R4+0x1b00]                           2      2      2      20480  655360 655360 32     32     0      0      Shared        Load   16     0      1      0      20480  20480  0      0      0      -      0      0      0      0      0      0      0      0      0      0      0      0      0      0      0      0      0      0      0      0      0      0      2      0      0      0      0      0      0      0      0      0      0      0      0      0      0      0      0      2     
0x7f9c075bb560           LDS.U16 R14, [R4+0x1c00]                           4      3      4      20480  655360 655360 32     32     0      0      Shared        Load   16     0      1      0      20480  20480  0      0      0      -      0      0      0      0      0      0      0      0      0      0      0      0      0      0      1      0      0      0      1      0      0      0      2      0      0      0      0      0      0      0      0      1      0      0      0      0      0      0      0      2     
0x7f9c075bb570           LDS.U16 R15, [R4+0x1d00]                           1      1      1      20480  655360 655360 32     32     0      0      Shared        Load   16     0      1      0      20480  20480  0      0      0      -      0      0      0      0      0      0      0      0      0      0      0      0      0      0      0      0      0      0      0      0      0      0      1      0      0      0      0      0      0      0      0      0      0      0      0      0      0      0      0      1     
0x7f9c075bb580           LDS.U16 R16, [R4+0x1e00]                           6      6      6      20480  655360 655360 32     32     0      0      Shared        Load   16     0      1      0      20480  20480  0      0      0      -      0      0      0      0      0      0      0      0      0      0      0      0      0      0      2      0      0      0      0      0      0      0      4      0      0      0      0      0      0      0      0      2      0      0      0      0      0      0      0      4     
0x7f9c075bb590           LDS.U16 R17, [R4+0x1f00]                           4      4      4      20480  655360 655360 32     32     0      0      Shared        Load   16     0      1      0      20480  20480  0      0      0      -      0      0      0      0      0      0      0      0      0      0      0      0      0      0      3      0      0      0      0      0      0      0      1      0      0      0      0      0      0      0      0      3      0      0      0      0      0      0      0      1     
0x7f9c075bb5a0           PRMT R8, R8, 0x5410, R11                           18     17     18     20480  655360 655360 32     32     0      0      -             -      -      0      0      0      0      0      0      0      0      -      0      0      0      0      0      0      0      0      0      0      0      0      0      0      0      0      0      0      1      17     0      0      0      0      0      0      0      0      0      0      0      0      0      0      0      0      17     0      0      0     
0x7f9c075bb5b0           PRMT R9, R10, 0x5410, R13                          7      6      7      20480  655360 655360 32     32     0      0      -             -      -      0      0      0      0      0      0      0      0      -      0      0      0      0      0      0      0      0      0      0      0      0      0      0      0      0      0      0      1      5      0      0      1      0      0      0      0      0      0      0      0      0      0      0      0      0      5      0      0      1     
0x7f9c075bb5c0           PRMT R10, R14, 0x5410, R15                         13     12     13     20480  655360 655360 32     32     0      0      -             -      -      0      0      0      0      0      0      0      0      -      0      0      0      0      0      0      0      0      0      0      0      0      0      0      0      0      0      0      0      11     0      0      2      0      0      0      0      0      0      0      0      0      0      0      0      0      10     0      0      2     
0x7f9c075bb5d0           LOP3.LUT R15, R7, 0x20, R2, 0xf4, !PT              1      0      1      20480  655360 655360 32     32     0      0      -             -      -      0      0      0      0      0      0      0      0      -      0      0      0      0      0      0      0      0      0      0      0      0      0      0      0      0      0      0      1      0      0      0      0      0      0      0      0      0      0      0      0      0      0      0      0      0      0      0      0      0     
0x7f9c075bb5e0           LOP3.LUT R13, R15, 0x10, R2, 0xf8, !PT             3      2      3      20480  655360 655360 32     32     0      0      -             -      -      0      0      0      0      0      0      0      0      -      0      0      0      0      0      0      0      0      0      0      0      0      0      0      0      0      0      0      0      0      0      0      3      0      0      0      0      0      0      0      0      0      0      0      0      0      0      0      0      2     
0x7f9c075bb5f0           PRMT R11, R16, 0x5410, R17                         4      3      4      20480  655360 655360 32     32     0      0      -             -      -      0      0      0      0      0      0      0      0      -      0      0      0      0      0      0      0      0      0      0      0      0      0      0      0      0      0      0      1      2      0      0      1      0      0      0      0      0      0      0      0      0      0      0      0      0      2      0      0      1     
0x7f9c075bb600           LOP3.LUT R7, R13, 0x8, R2, 0xf8, !PT               1      0      1      20480  655360 655360 32     32     0      0      -             -      -      0      0      0      0      0      0      0      0      -      0      0      0      0      0      0      0      0      0      0      0      0      0      0      0      0      0      0      1      0      0      0      0      0      0      0      0      0      0      0      0      0      0      0      0      0      0      0      0      0     
0x7f9c075bb610           LOP3.LUT R13, R13, 0x8, R2, 0xf4, !PT              2      1      2      20480  655360 655360 32     32     0      0      -             -      -      0      0      0      0      0      0      0      0      -      0      0      0      0      0      0      0      0      0      0      0      0      0      0      0      0      0      0      1      0      0      0      1      0      0      0      0      0      0      0      0      0      0      0      0      0      0      0      0      1     
0x7f9c075bb620           STS.128 [R12+0x8000], R8                           1      0      1      20480  655360 655360 32     32     0      0      Shared        Store  128    0      4      0      81920  81920  0      0      0      -      0      0      0      0      0      0      0      0      0      0      0      0      0      0      0      0      0      0      1      0      0      0      0      0      0      0      0      0      0      0      0      0      0      0      0      0      0      0      0      0     
0x7f9c075bb630           LEA R7, R7, UR4, 0x1                               1      0      1      20480  655360 655360 32     32     0      0      -             -      -      0      0      0      0      0      0      0      0      -      0      0      0      0      0      0      0      0      0      0      0      0      0      0      0      0      0      0      1      0      0      0      0      0      0      0      0      0      0      0      0      0      0      0      0      0      0      0      0      0     
0x7f9c075bb640           LEA R13, R13, UR4, 0x1                             0      0      0      20480  655360 655360 32     32     0      0      -             -      -      0      0      0      0      0      0      0      0      -      0      0      0      0      0      0      0      0      0      0      0      0      0      0      0      0      0      0      0      0      0      0      0      0      0      0      0      0      0      0      0      0      0      0      0      0      0      0      0      0     
0x7f9c075bb650           LDS.U16 R14, [R4+0x2000]                           0      0      0      20480  655360 655360 32     32     0      0      Shared        Load   16     0      1      0      20480  20480  0      0      0      -      0      0      0      0      0      0      0      0      0      0      0      0      0      0      0      0      0      0      0      0      0      0      0      0      0      0      0      0      0      0      0      0      0      0      0      0      0      0      0      0     
0x7f9c075bb660           LOP3.LUT R15, R15, 0x10, R2, 0xf4, !PT             1      0      1      20480  655360 655360 32     32     0      0      -             -      -      0      0      0      0      0      0      0      0      -      0      0      0      0      0      0      0      0      0      0      0      0      0      0      0      0      0      0      1      0      0      0      0      0      0      0      0      0      0      0      0      0      0      0      0      0      0      0      0      0     
0x7f9c075bb670           LDS.U16 R17, [R4+0x2100]                           3      2      3      20480  655360 655360 32     32     0      0      Shared        Load   16     0      1      0      20480  20480  0      0      0      -      0      0      0      0      0      0      0      0      0      0      0      0      0      0      1      0      0      0      1      0      0      0      1      0      0      0      0      0      0      0      0      1      0      0      0      0      0      0      0      1     
0x7f9c075bb680           LDS.U16 R16, [R4+0x2200]                           4      3      4      20480  655360 655360 32     32     0      0      Shared        Load   16     0      1      0      20480  20480  0      0      0      -      0      0      0      0      0      0      0      0      0      0      0      0      0      0      1      0      0      0      1      0      0      0      2      0      0      0      0      0      0      0      0      1      0      0      0      0      0      0      0      2     
0x7f9c075bb690           LDS.U16 R19, [R4+0x2300]                           1      1      1      20480  655360 655360 32     32     0      0      Shared        Load   16     0      1      0      20480  20480  0      0      0      -      0      0      0      0      0      0      0      0      0      0      0      0      0      0      0      0      0      0      0      0      0      0      1      0      0      0      0      0      0      0      0      0      0      0      0      0      0      0      0      1     
0x7f9c075bb6a0           LDS.U16 R18, [R4+0x2400]                           2      2      2      20480  655360 655360 32     32     0      0      Shared        Load   16     0      1      0      20480  20480  0      0      0      -      0      0      0      0      0      0      0      0      0      0      0      0      0      0      1      0      0      0      0      0      0      0      1      0      0      0      0      0      0      0      0      1      0      0      0      0      0      0      0      1     
0x7f9c075bb6b0           LDS.U16 R21, [R4+0x2500]                           2      2      2      20480  655360 655360 32     32     0      0      Shared        Load   16     0      1      0      20480  20480  0      0      0      -      0      0      0      0      0      0      0      0      0      0      0      0      0      0      0      0      0      0      0      0      0      0      2      0      0      0      0      0      0      0      0      0      0      0      0      0      0      0      0      2     
0x7f9c075bb6c0           LDS.U16 R20, [R4+0x2600]                           2      0      2      20480  655360 655360 32     32     0      0      Shared        Load   16     0      1      0      20480  20480  0      0      0      -      0      0      0      0      0      0      0      0      0      0      0      0      0      0      0      0      0      0      2      0      0      0      0      0      0      0      0      0      0      0      0      0      0      0      0      0      0      0      0      0     
0x7f9c075bb6d0           LDS.U16 R23, [R4+0x2700]                           3      3      3      20480  655360 655360 32     32     0      0      Shared        Load   16     0      1      0      20480  20480  0      0      0      -      0      0      0      0      0      0      0      0      0      0      0      0      0      0      1      0      0      0      0      0      0      0      2      0      0      0      0      0      0      0      0      1      0      0      0      0      0      0      0      2     
0x7f9c075bb6e0           PRMT R8, R14, 0x5410, R17                          22     19     22     20480  655360 655360 32     32     0      0      -             -      -      0      0      0      0      0      0      0      0      -      0      0      0      0      0      0      0      0      0      0      0      0      0      0      0      0      0      0      1      21     0      0      0      0      0      0      0      0      0      0      0      0      0      0      0      0      19     0      0      0     
0x7f9c075bb6f0           PRMT R9, R16, 0x5410, R19                          3      3      3      20480  655360 655360 32     32     0      0      -             -      -      0      0      0      0      0      0      0      0      -      0      0      0      0      0      0      0      0      0      0      0      0      0      0      0      0      0      0      0      3      0      0      0      0      0      0      0      0      0      0      0      0      0      0      0      0      3      0      0      0     
0x7f9c075bb700           PRMT R10, R18, 0x5410, R21                         5      3      5      20480  655360 655360 32     32     0      0      -             -      -      0      0      0      0      0      0      0      0      -      0      0      0      0      0      0      0      0      0      0      0      0      0      0      0      0      0      1      1      2      0      0      1      0      0      0      0      0      0      0      0      0      0      0      0      0      2      0      0      1     
0x7f9c075bb710           PRMT R11, R20, 0x5410, R23                         4      3      4      20480  655360 655360 32     32     0      0      -             -      -      0      0      0      0      0      0      0      0      -      0      0      0      0      0      0      0      0      0      0      0      0      0      0      0      0      0      0      1      2      0      0      1      0      0      0      0      0      0      0      0      0      0      0      0      0      2      0      0      1     
0x7f9c075bb720           STS.128 [R7+0x8000], R8                            3      3      3      20480  655360 655360 32     32     0      0      Shared        Store  128    0      4      0      81920  81920  0      0      0      -      0      0      0      0      0      0      0      0      0      0      0      0      0      0      1      0      0      0      0      0      0      0      2      0      0      0      0      0      0      0      0      1      0      0      0      0      0      0      0      2     
0x7f9c075bb730           LDS.U16 R14, [R4+0x2800]                           1      1      1      20480  655360 655360 32     32     0      0      Shared        Load   16     0      1      0      20480  20480  0      0      0      -      0      0      0      0      0      0      0      0      0      0      0      0      0      0      0      0      0      0      0      0      0      0      1      0      0      0      0      0      0      0      0      0      0      0      0      0      0      0      0      1     
0x7f9c075bb740           LDS.U16 R17, [R4+0x2900]                           3      3      3      20480  655360 655360 32     32     0      0      Shared        Load   16     0      1      0      20480  20480  0      0      0      -      0      0      0      0      0      0      0      0      0      0      0      0      0      0      0      0      0      0      0      0      0      0      3      0      0      0      0      0      0      0      0      0      0      0      0      0      0      0      0      3     
0x7f9c075bb750           LDS.U16 R16, [R4+0x2a00]                           1      1      1      20480  655360 655360 32     32     0      0      Shared        Load   16     0      1      0      20480  20480  0      0      0      -      0      0      0      0      0      0      0      0      0      0      0      0      0      0      1      0      0      0      0      0      0      0      0      0      0      0      0      0      0      0      0      1      0      0      0      0      0      0      0      0     
0x7f9c075bb760           LDS.U16 R19, [R4+0x2b00]                           2      2      2      20480  655360 655360 32     32     0      0      Shared        Load   16     0      1      0      20480  20480  0      0      0      -      0      0      0      0      0      0      0      0      0      0      0      0      0      0      0      0      0      0      0      0      0      0      2      0      0      0      0      0      0      0      0      0      0      0      0      0      0      0      0      2     
0x7f9c075bb770           LDS.U16 R18, [R4+0x2c00]                           4      3      4      20480  655360 655360 32     32     0      0      Shared        Load   16     0      1      0      20480  20480  0      0      0      -      0      0      0      0      0      0      0      0      0      0      0      0      0      0      1      0      0      0      1      0      0      0      2      0      0      0      0      0      0      0      0      1      0      0      0      0      0      0      0      2     
0x7f9c075bb780           LDS.U16 R21, [R4+0x2d00]                           6      3      6      20480  655360 655360 32     32     0      0      Shared        Load   16     0      1      0      20480  20480  0      0      0      -      0      0      0      0      0      0      0      0      0      0      0      0      0      0      2      0      0      0      2      0      0      0      2      0      0      0      0      0      0      0      0      2      0      0      0      0      0      0      0      1     
0x7f9c075bb790           LDS.U16 R20, [R4+0x2e00]                           3      3      3      20480  655360 655360 32     32     0      0      Shared        Load   16     0      1      0      20480  20480  0      0      0      -      0      0      0      0      0      0      0      0      0      0      0      0      0      0      2      0      0      0      0      0      0      0      1      0      0      0      0      0      0      0      0      2      0      0      0      0      0      0      0      1     
0x7f9c075bb7a0           LDS.U16 R23, [R4+0x2f00]                           1      1      1      20480  655360 655360 32     32     0      0      Shared        Load   16     0      1      0      20480  20480  0      0      0      -      0      0      0      0      0      0      0      0      0      0      0      0      0      0      1      0      0      0      0      0      0      0      0      0      0      0      0      0      0      0      0      1      0      0      0      0      0      0      0      0     
0x7f9c075bb7b0           PRMT R8, R14, 0x5410, R17                          20     19     20     20480  655360 655360 32     32     0      0      -             -      -      0      0      0      0      0      0      0      0      -      0      0      0      0      0      0      0      0      0      0      0      0      0      0      0      0      0      0      1      19     0      0      0      0      0      0      0      0      0      0      0      0      0      0      0      0      19     0      0      0     
0x7f9c075bb7c0           LOP3.LUT R14, R15, 0x8, R2, 0xf8, !PT              0      0      0      20480  655360 655360 32     32     0      0      -             -      -      0      0      0      0      0      0      0      0      -      0      0      0      0      0      0      0      0      0      0      0      0      0      0      0      0      0      0      0      0      0      0      0      0      0      0      0      0      0      0      0      0      0      0      0      0      0      0      0      0     
0x7f9c075bb7d0           LOP3.LUT R2, R15, 0x8, R2, 0xf4, !PT               1      1      1      20480  655360 655360 32     32     0      0      -             -      -      0      0      0      0      0      0      0      0      -      0      0      0      0      0      0      0      0      0      0      0      0      0      0      0      0      0      0      0      0      0      0      1      0      0      0      0      0      0      0      0      0      0      0      0      0      0      0      0      1     
0x7f9c075bb7e0           LEA R14, R14, UR4, 0x1                             1      0      1      20480  655360 655360 32     32     0      0      -             -      -      0      0      0      0      0      0      0      0      -      0      0      0      0      0      0      0      0      0      0      0      0      0      0      0      0      0      0      1      0      0      0      0      0      0      0      0      0      0      0      0      0      0      0      0      0      0      0      0      0     
0x7f9c075bb7f0           PRMT R9, R16, 0x5410, R19                          4      4      4      20480  655360 655360 32     32     0      0      -             -      -      0      0      0      0      0      0      0      0      -      0      0      0      0      0      0      0      0      0      0      0      0      0      0      0      0      0      0      0      2      0      0      2      0      0      0      0      0      0      0      0      0      0      0      0      0      2      0      0      2     
0x7f9c075bb800           LEA R2, R2, UR4, 0x1                               1      1      1      20480  655360 655360 32     32     0      0      -             -      -      0      0      0      0      0      0      0      0      -      0      0      0      0      0      0      0      0      0      0      0      0      0      0      0      0      0      0      0      0      0      0      1      0      0      0      0      0      0      0      0      0      0      0      0      0      0      0      0      1     
0x7f9c075bb810           PRMT R10, R18, 0x5410, R21                         4      4      4      20480  655360 655360 32     32     0      0      -             -      -      0      0      0      0      0      0      0      0      -      0      0      0      0      0      0      0      0      0      0      0      0      0      0      0      0      0      0      0      3      0      0      1      0      0      0      0      0      0      0      0      0      0      0      0      0      3      0      0      1     
0x7f9c075bb820           PRMT R11, R20, 0x5410, R23                         4      4      4      20480  655360 655360 32     32     0      0      -             -      -      0      0      0      0      0      0      0      0      -      0      0      0      0      0      0      0      0      0      0      0      0      0      0      0      0      0      0      0      4      0      0      0      0      0      0      0      0      0      0      0      0      0      0      0      0      4      0      0      0     
0x7f9c075bb830           STS.128 [R13+0x8000], R8                           3      2      3      20480  655360 655360 32     32     0      0      Shared        Store  128    0      4      0      81920  81920  0      0      0      -      0      0      0      0      0      0      0      0      0      0      0      0      0      0      0      0      0      0      1      0      0      0      2      0      0      0      0      0      0      0      0      0      0      0      0      0      0      0      0      2     
0x7f9c075bb840           LDS.U16 R16, [R4+0x3000]                           0      0      0      20480  655360 655360 32     32     0      0      Shared        Load   16     0      1      0      20480  20480  0      0      0      -      0      0      0      0      0      0      0      0      0      0      0      0      0      0      0      0      0      0      0      0      0      0      0      0      0      0      0      0      0      0      0      0      0      0      0      0      0      0      0      0     
0x7f9c075bb850           LDS.U16 R17, [R4+0x3100]                           3      0      3      20480  655360 655360 32     32     0      0      Shared        Load   16     0      1      0      20480  20480  0      0      0      -      0      0      0      0      0      0      0      0      0      0      0      0      0      0      0      0      0      0      1      0      0      0      2      0      0      0      0      0      0      0      0      0      0      0      0      0      0      0      0      0     
0x7f9c075bb860           LDS.U16 R18, [R4+0x3200]                           4      3      4      20480  655360 655360 32     32     0      0      Shared        Load   16     0      1      0      20480  20480  0      0      0      -      0      0      0      0      0      0      0      0      0      0      0      0      0      0      1      0      0      0      1      0      0      0      2      0      0      0      0      0      0      0      0      1      0      0      0      0      0      0      0      2     
0x7f9c075bb870           LDS.U16 R19, [R4+0x3300]                           4      3      4      20480  655360 655360 32     32     0      0      Shared        Load   16     0      1      0      20480  20480  0      0      0      -      0      0      0      0      0      0      0      0      0      0      0      0      0      0      1      0      0      0      1      0      0      0      2      0      0      0      0      0      0      0      0      1      0      0      0      0      0      0      0      2     
0x7f9c075bb880           LDS.U16 R20, [R4+0x3400]                           3      2      3      20480  655360 655360 32     32     0      0      Shared        Load   16     0      1      0      20480  20480  0      0      0      -      0      0      0      0      0      0      0      0      0      0      0      0      0      0      1      0      0      0      1      0      0      0      1      0      0      0      0      0      0      0      0      1      0      0      0      0      0      0      0      1     
0x7f9c075bb890           LDS.U16 R21, [R4+0x3500]                           2      2      2      20480  655360 655360 32     32     0      0      Shared        Load   16     0      1      0      20480  20480  0      0      0      -      0      0      0      0      0      0      0      0      0      0      0      0      0      0      2      0      0      0      0      0      0      0      0      0      0      0      0      0      0      0      0      2      0      0      0      0      0      0      0      0     
0x7f9c075bb8a0           LDS.U16 R22, [R4+0x3600]                           4      4      4      20480  655360 655360 32     32     0      0      Shared        Load   16     0      1      0      20480  20480  0      0      0      -      0      0      0      0      0      0      0      0      0      0      0      0      0      0      1      0      0      0      0      0      0      0      3      0      0      0      0      0      0      0      0      1      0      0      0      0      0      0      0      3     
0x7f9c075bb8b0           LDS.U16 R23, [R4+0x3700]                           2      2      2      20480  655360 655360 32     32     0      0      Shared        Load   16     0      1      0      20480  20480  0      0      0      -      0      0      0      0      0      0      0      0      0      0      0      0      0      0      1      0      0      0      0      0      0      0      1      0      0      0      0      0      0      0      0      1      0      0      0      0      0      0      0      1     
0x7f9c075bb8c0           PRMT R8, R16, 0x5410, R17                          21     19     21     20480  655360 655360 32     32     0      0      -             -      -      0      0      0      0      0      0      0      0      -      0      0      0      0      0      0      0      0      0      0      0      0      0      0      0      0      0      0      1      20     0      0      0      0      0      0      0      0      0      0      0      0      0      0      0      0      19     0      0      0     
0x7f9c075bb8d0           PRMT R9, R18, 0x5410, R19                          10     10     10     20480  655360 655360 32     32     0      0      -             -      -      0      0      0      0      0      0      0      0      -      0      0      0      0      0      0      0      0      0      0      0      0      0      0      0      0      0      0      0      10     0      0      0      0      0      0      0      0      0      0      0      0      0      0      0      0      10     0      0      0     
0x7f9c075bb8e0           PRMT R10, R20, 0x5410, R21                         8      8      8      20480  655360 655360 32     32     0      0      -             -      -      0      0      0      0      0      0      0      0      -      0      0      0      0      0      0      0      0      0      0      0      0      0      0      0      0      0      0      0      6      0      0      2      0      0      0      0      0      0      0      0      0      0      0      0      0      6      0      0      2     
0x7f9c075bb8f0           PRMT R11, R22, 0x5410, R23                         6      4      6      20480  655360 655360 32     32     0      0      -             -      -      0      0      0      0      0      0      0      0      -      0      0      0      0      0      0      0      0      0      0      0      0      0      0      0      0      0      0      1      5      0      0      0      0      0      0      0      0      0      0      0      0      0      0      0      0      4      0      0      0     
0x7f9c075bb900           STS.128 [R14+0x8000], R8                           0      0      0      20480  655360 655360 32     32     0      0      Shared        Store  128    0      4      0      81920  81920  0      0      0      -      0      0      0      0      0      0      0      0      0      0      0      0      0      0      0      0      0      0      0      0      0      0      0      0      0      0      0      0      0      0      0      0      0      0      0      0      0      0      0      0     
0x7f9c075bb910           LDS.U16 R16, [R4+0x3800]                           1      0      1      20480  655360 655360 32     32     0      0      Shared        Load   16     0      1      0      20480  20480  0      0      0      -      0      0      0      0      0      0      0      0      0      0      0      0      0      0      0      0      0      0      1      0      0      0      0      0      0      0      0      0      0      0      0      0      0      0      0      0      0      0      0      0     
0x7f9c075bb920           LDS.U16 R17, [R4+0x3900]                           3      3      3      20480  655360 655360 32     32     0      0      Shared        Load   16     0      1      0      20480  20480  0      0      0      -      0      0      0      0      0      0      0      0      0      0      0      0      0      0      0      0      0      0      0      0      0      0      3      0      0      0      0      0      0      0      0      0      0      0      0      0      0      0      0      3     
0x7f9c075bb930           LDS.U16 R18, [R4+0x3a00]                           5      3      5      20480  655360 655360 32     32     0      0      Shared        Load   16     0      1      0      20480  20480  0      0      0      -      0      0      0      0      0      0      0      0      0      0      0      0      0      0      0      0      0      0      2      0      0      0      3      0      0      0      0      0      0      0      0      0      0      0      0      0      0      0      0      3     
0x7f9c075bb940           LDS.U16 R19, [R4+0x3b00]                           0      0      0      20480  655360 655360 32     32     0      0      Shared        Load   16     0      1      0      20480  20480  0      0      0      -      0      0      0      0      0      0      0      0      0      0      0      0      0      0      0      0      0      0      0      0      0      0      0      0      0      0      0      0      0      0      0      0      0      0      0      0      0      0      0      0     
0x7f9c075bb950           LDS.U16 R20, [R4+0x3c00]                           2      1      2      20480  655360 655360 32     32     0      0      Shared        Load   16     0      1      0      20480  20480  0      0      0      -      0      0      0      0      0      0      0      0      0      0      0      0      0      0      0      0      0      0      1      0      0      0      1      0      0      0      0      0      0      0      0      0      0      0      0      0      0      0      0      1     
0x7f9c075bb960           LDS.U16 R21, [R4+0x3d00]                           4      3      4      20480  655360 655360 32     32     0      0      Shared        Load   16     0      1      0      20480  20480  0      0      0      -      0      0      0      0      0      0      0      0      0      0      0      0      0      0      2      0      0      0      1      0      0      0      1      0      0      0      0      0      0      0      0      2      0      0      0      0      0      0      0      1     
0x7f9c075bb970           LDS.U16 R22, [R4+0x3e00]                           3      2      3      20480  655360 655360 32     32     0      0      Shared        Load   16     0      1      0      20480  20480  0      0      0      -      0      0      0      0      0      0      0      0      0      0      0      0      0      0      0      0      0      0      1      0      0      0      2      0      0      0      0      0      0      0      0      0      0      0      0      0      0      0      0      2     
0x7f9c075bb980           LDS.U16 R23, [R4+0x3f00]                           1      1      1      20480  655360 655360 32     32     0      0      Shared        Load   16     0      1      0      20480  20480  0      0      0      -      0      0      0      0      0      0      0      0      0      0      0      0      0      0      0      0      0      0      0      0      0      0      1      0      0      0      0      0      0      0      0      0      0      0      0      0      0      0      0      1     
0x7f9c075bb990           PRMT R8, R16, 0x5410, R17                          16     15     16     20480  655360 655360 32     32     0      0      -             -      -      0      0      0      0      0      0      0      0      -      0      0      0      0      0      0      0      0      0      0      0      0      0      0      0      0      0      0      0      16     0      0      0      0      0      0      0      0      0      0      0      0      0      0      0      0      15     0      0      0     
0x7f9c075bb9a0           PRMT R9, R18, 0x5410, R19                          5      3      5      20480  655360 655360 32     32     0      0      -             -      -      0      0      0      0      0      0      0      0      -      0      0      0      0      0      0      0      0      0      0      0      0      0      0      0      0      0      0      2      2      0      0      1      0      0      0      0      0      0      0      0      0      0      0      0      0      2      0      0      1     
0x7f9c075bb9b0           PRMT R10, R20, 0x5410, R21                         4      3      4      20480  655360 655360 32     32     0      0      -             -      -      0      0      0      0      0      0      0      0      -      0      0      0      0      0      0      0      0      0      0      0      0      0      0      0      0      0      0      1      3      0      0      0      0      0      0      0      0      0      0      0      0      0      0      0      0      3      0      0      0     
0x7f9c075bb9c0           PRMT R11, R22, 0x5410, R23                         4      4      4      20480  655360 655360 32     32     0      0      -             -      -      0      0      0      0      0      0      0      0      -      0      0      0      0      0      0      0      0      0      0      0      0      0      0      0      0      0      0      0      4      0      0      0      0      0      0      0      0      0      0      0      0      0      0      0      0      4      0      0      0     
0x7f9c075bb9d0           STS.128 [R2+0x8000], R8                            6      4      6      20480  655360 655360 32     32     0      0      Shared        Store  128    0      4      0      81920  81920  0      0      0      -      0      0      0      0      0      0      0      0      0      0      0      0      0      0      0      0      0      0      1      0      0      0      5      0      0      0      0      0      0      0      0      0      0      0      0      0      0      0      0      4     
0x7f9c075bb9e0           LDS.U16 R15, [R4+0x4000]                           3      3      3      20480  655360 655360 32     32     0      0      Shared        Load   16     0      1      0      20480  20480  0      0      0      -      0      0      0      0      0      0      0      0      0      0      0      0      0      0      1      0      0      0      0      0      0      0      2      0      0      0      0      0      0      0      0      1      0      0      0      0      0      0      0      2     
0x7f9c075bb9f0           LDS.U16 R16, [R4+0x4100]                           3      3      3      20480  655360 655360 32     32     0      0      Shared        Load   16     0      1      0      20480  20480  0      0      0      -      0      0      0      0      0      0      0      0      0      0      0      0      0      0      0      0      0      0      0      0      0      0      3      0      0      0      0      0      0      0      0      0      0      0      0      0      0      0      0      3     
0x7f9c075bba00           LDS.U16 R17, [R4+0x4200]                           5      4      5      20480  655360 655360 32     32     0      0      Shared        Load   16     0      1      0      20480  20480  0      0      0      -      0      0      0      0      0      0      0      0      0      0      0      0      0      0      1      0      0      0      1      0      0      0      3      0      0      0      0      0      0      0      0      1      0      0      0      0      0      0      0      3     
0x7f9c075bba10           LDS.U16 R18, [R4+0x4300]                           2      0      2      20480  655360 655360 32     32     0      0      Shared        Load   16     0      1      0      20480  20480  0      0      0      -      0      0      0      0      0      0      0      0      0      0      0      0      0      0      0      0      0      0      2      0      0      0      0      0      0      0      0      0      0      0      0      0      0      0      0      0      0      0      0      0     
0x7f9c075bba20           LDS.U16 R19, [R4+0x4400]                           5      4      5      20480  655360 655360 32     32     0      0      Shared        Load   16     0      1      0      20480  20480  0      0      0      -      0      0      0      0      0      0      0      0      0      0      0      0      0      0      2      0      0      0      1      0      0      0      2      0      0      0      0      0      0      0      0      2      0      0      0      0      0      0      0      2     
0x7f9c075bba30           LDS.U16 R20, [R4+0x4500]                           2      0      2      20480  655360 655360 32     32     0      0      Shared        Load   16     0      1      0      20480  20480  0      0      0      -      0      0      0      0      0      0      0      0      0      0      0      0      0      0      0      0      0      0      2      0      0      0      0      0      0      0      0      0      0      0      0      0      0      0      0      0      0      0      0      0     
0x7f9c075bba40           LDS.U16 R21, [R4+0x4600]                           5      4      5      20480  655360 655360 32     32     0      0      Shared        Load   16     0      1      0      20480  20480  0      0      0      -      0      0      0      0      0      0      0      0      0      0      0      0      0      0      3      0      0      0      0      0      0      0      2      0      0      0      0      0      0      0      0      3      0      0      0      0      0      0      0      1     
0x7f9c075bba50           LDS.U16 R22, [R4+0x4700]                           3      3      3      20480  655360 655360 32     32     0      0      Shared        Load   16     0      1      0      20480  20480  0      0      0      -      0      0      0      0      0      0      0      0      0      0      0      0      0      0      0      0      0      0      0      0      0      0      3      0      0      0      0      0      0      0      0      0      0      0      0      0      0      0      0      3     
0x7f9c075bba60           PRMT R8, R15, 0x5410, R16                          14     11     14     20480  655360 655360 32     32     0      0      -             -      -      0      0      0      0      0      0      0      0      -      0      0      0      0      0      0      0      0      0      0      0      0      0      0      0      0      0      0      0      14     0      0      0      0      0      0      0      0      0      0      0      0      0      0      0      0      11     0      0      0     
0x7f9c075bba70           PRMT R9, R17, 0x5410, R18                          6      6      6      20480  655360 655360 32     32     0      0      -             -      -      0      0      0      0      0      0      0      0      -      0      0      0      0      0      0      0      0      0      0      0      0      0      0      0      0      0      0      0      5      0      0      1      0      0      0      0      0      0      0      0      0      0      0      0      0      5      0      0      1     
0x7f9c075bba80           PRMT R10, R19, 0x5410, R20                         7      6      7      20480  655360 655360 32     32     0      0      -             -      -      0      0      0      0      0      0      0      0      -      0      0      0      0      0      0      0      0      0      0      0      0      0      0      0      0      0      0      1      4      0      0      2      0      0      0      0      0      0      0      0      0      0      0      0      0      4      0      0      2     
0x7f9c075bba90           PRMT R11, R21, 0x5410, R22                         4      3      4      20480  655360 655360 32     32     0      0      -             -      -      0      0      0      0      0      0      0      0      -      0      0      0      0      0      0      0      0      0      0      0      0      0      0      0      0      0      0      1      2      0      0      1      0      0      0      0      0      0      0      0      0      0      0      0      0      2      0      0      1     
0x7f9c075bbaa0           STS.128 [R3+0xc000], R8                            1      1      1      20480  655360 655360 32     32     0      0      Shared        Store  128    0      4      0      81920  81920  0      0      0      -      0      0      0      0      0      0      0      0      0      0      0      0      0      0      0      0      0      0      0      0      0      0      1      0      0      0      0      0      0      0      0      0      0      0      0      0      0      0      0      1     
0x7f9c075bbab0           LDS.U16 R17, [R4+0x4a00]                           2      2      2      20480  655360 655360 32     32     0      0      Shared        Load   16     0      1      0      20480  20480  0      0      0      -      0      0      0      0      0      0      0      0      0      0      0      0      0      0      1      0      0      0      0      0      0      0      1      0      0      0      0      0      0      0      0      1      0      0      0      0      0      0      0      1     
0x7f9c075bbac0           LDS.U16 R18, [R4+0x4b00]                           2      2      2      20480  655360 655360 32     32     0      0      Shared        Load   16     0      1      0      20480  20480  0      0      0      -      0      0      0      0      0      0      0      0      0      0      0      0      0      0      0      0      0      0      0      0      0      0      2      0      0      0      0      0      0      0      0      0      0      0      0      0      0      0      0      2     
0x7f9c075bbad0           LDS.U16 R19, [R4+0x4c00]                           0      0      0      20480  655360 655360 32     32     0      0      Shared        Load   16     0      1      0      20480  20480  0      0      0      -      0      0      0      0      0      0      0      0      0      0      0      0      0      0      0      0      0      0      0      0      0      0      0      0      0      0      0      0      0      0      0      0      0      0      0      0      0      0      0      0     
0x7f9c075bbae0           LDS.U16 R20, [R4+0x4d00]                           3      3      3      20480  655360 655360 32     32     0      0      Shared        Load   16     0      1      0      20480  20480  0      0      0      -      0      0      0      0      0      0      0      0      0      0      0      0      0      0      1      0      0      0      0      0      0      0      2      0      0      0      0      0      0      0      0      1      0      0      0      0      0      0      0      2     
0x7f9c075bbaf0           LDS.U16 R15, [R4+0x4800]                           3      3      3      20480  655360 655360 32     32     0      0      Shared        Load   16     0      1      0      20480  20480  0      0      0      -      0      0      0      0      0      0      0      0      0      0      0      0      0      0      0      0      0      0      0      0      0      0      3      0      0      0      0      0      0      0      0      0      0      0      0      0      0      0      0      3     
0x7f9c075bbb00           LDS.U16 R16, [R4+0x4900]                           6      4      6      20480  655360 655360 32     32     0      0      Shared        Load   16     0      1      0      20480  20480  0      0      0      -      0      0      0      0      0      0      0      0      0      0      0      0      0      0      1      0      0      0      2      0      0      0      3      0      0      0      0      0      0      0      0      1      0      0      0      0      0      0      0      3     
0x7f9c075bbb10           LDS.U16 R21, [R4+0x4e00]                           4      4      4      20480  655360 655360 32     32     0      0      Shared        Load   16     0      1      0      20480  20480  0      0      0      -      0      0      0      0      0      0      0      0      0      0      0      0      0      0      1      0      0      0      0      0      0      0      3      0      0      0      0      0      0      0      0      1      0      0      0      0      0      0      0      3     
0x7f9c075bbb20           LDS.U16 R22, [R4+0x4f00]                           1      1      1      20480  655360 655360 32     32     0      0      Shared        Load   16     0      1      0      20480  20480  0      0      0      -      0      0      0      0      0      0      0      0      0      0      0      0      0      0      1      0      0      0      0      0      0      0      0      0      0      0      0      0      0      0      0      1      0      0      0      0      0      0      0      0     
0x7f9c075bbb30           PRMT R17, R17, 0x5410, R18                         11     10     11     20480  655360 655360 32     32     0      0      -             -      -      0      0      0      0      0      0      0      0      -      0      0      0      0      0      0      0      0      0      0      0      0      0      0      0      0      0      0      0      11     0      0      0      0      0      0      0      0      0      0      0      0      0      0      0      0      10     0      0      0     
0x7f9c075bbb40           PRMT R18, R19, 0x5410, R20                         4      4      4      20480  655360 655360 32     32     0      0      -             -      -      0      0      0      0      0      0      0      0      -      0      0      0      0      0      0      0      0      0      0      0      0      0      0      0      0      0      0      0      4      0      0      0      0      0      0      0      0      0      0      0      0      0      0      0      0      4      0      0      0     
0x7f9c075bbb50           PRMT R16, R15, 0x5410, R16                         3      3      3      20480  655360 655360 32     32     0      0      -             -      -      0      0      0      0      0      0      0      0      -      0      0      0      0      0      0      0      0      0      0      0      0      0      0      0      0      0      0      0      3      0      0      0      0      0      0      0      0      0      0      0      0      0      0      0      0      3      0      0      0     
0x7f9c075bbb60           PRMT R19, R21, 0x5410, R22                         3      3      3      20480  655360 655360 32     32     0      0      -             -      -      0      0      0      0      0      0      0      0      -      0      0      0      0      0      0      0      0      0      0      0      0      0      0      0      0      0      0      0      2      0      0      1      0      0      0      0      0      0      0      0      0      0      0      0      0      2      0      0      1     
0x7f9c075bbb70           STS.128 [R5+0xc000], R16                           4      4      4      20480  655360 655360 32     32     0      0      Shared        Store  128    0      4      0      81920  81920  0      0      0      -      0      0      0      0      0      0      0      0      0      0      0      0      0      0      0      0      0      0      0      0      0      0      4      0      0      0      0      0      0      0      0      0      0      0      0      0      0      0      0      4     
0x7f9c075bbb80           LDS.U16 R9, [R4+0x5200]                            2      1      2      20480  655360 655360 32     32     0      0      Shared        Load   16     0      1      0      20480  20480  0      0      0      -      0      0      0      0      0      0      0      0      0      0      0      0      0      0      0      0      0      0      1      0      0      0      1      0      0      0      0      0      0      0      0      0      0      0      0      0      0      0      0      1     
0x7f9c075bbb90           LDS.U16 R10, [R4+0x5300]                           1      1      1      20480  655360 655360 32     32     0      0      Shared        Load   16     0      1      0      20480  20480  0      0      0      -      0      0      0      0      0      0      0      0      0      0      0      0      0      0      0      0      0      0      0      0      0      0      1      0      0      0      0      0      0      0      0      0      0      0      0      0      0      0      0      1     
0x7f9c075bbba0           LDS.U16 R11, [R4+0x5400]                           2      1      2      20480  655360 655360 32     32     0      0      Shared        Load   16     0      1      0      20480  20480  0      0      0      -      0      0      0      0      0      0      0      0      0      0      0      0      0      0      0      0      0      0      1      0      0      0      1      0      0      0      0      0      0      0      0      0      0      0      0      0      0      0      0      1     
0x7f9c075bbbb0           LDS.U16 R20, [R4+0x5500]                           1      1      1      20480  655360 655360 32     32     0      0      Shared        Load   16     0      1      0      20480  20480  0      0      0      -      0      0      0      0      0      0      0      0      0      0      0      0      0      0      0      0      0      0      0      0      0      0      1      0      0      0      0      0      0      0      0      0      0      0      0      0      0      0      0      1     
0x7f9c075bbbc0           LDS.U16 R3, [R4+0x5000]                            4      2      4      20480  655360 655360 32     32     0      0      Shared        Load   16     0      1      0      20480  20480  0      0      0      -      0      0      0      0      0      0      0      0      0      0      0      0      0      0      0      0      0      0      1      0      0      0      3      0      0      0      0      0      0      0      0      0      0      0      0      0      0      0      0      2     
0x7f9c075bbbd0           LDS.U16 R8, [R4+0x5100]                            1      1      1      20480  655360 655360 32     32     0      0      Shared        Load   16     0      1      0      20480  20480  0      0      0      -      0      0      0      0      0      0      0      0      0      0      0      0      0      0      0      0      0      0      0      0      0      0      1      0      0      0      0      0      0      0      0      0      0      0      0      0      0      0      0      1     
0x7f9c075bbbe0           LDS.U16 R15, [R4+0x5600]                           5      3      5      20480  655360 655360 32     32     0      0      Shared        Load   16     0      1      0      20480  20480  0      0      0      -      0      0      0      0      0      0      0      0      0      0      0      0      0      0      0      0      0      0      0      0      0      0      5      0      0      0      0      0      0      0      0      0      0      0      0      0      0      0      0      3     
0x7f9c075bbbf0           LDS.U16 R22, [R4+0x5700]                           3      2      3      20480  655360 655360 32     32     0      0      Shared        Load   16     0      1      0      20480  20480  0      0      0      -      0      0      0      0      0      0      0      0      0      0      0      0      0      0      0      0      0      0      1      0      0      0      2      0      0      0      0      0      0      0      0      0      0      0      0      0      0      0      0      2     
0x7f9c075bbc00           PRMT R9, R9, 0x5410, R10                           14     10     14     20480  655360 655360 32     32     0      0      -             -      -      0      0      0      0      0      0      0      0      -      0      0      0      0      0      0      0      0      0      0      0      0      0      0      0      0      0      0      3      11     0      0      0      0      0      0      0      0      0      0      0      0      0      0      0      0      10     0      0      0     
0x7f9c075bbc10           PRMT R10, R11, 0x5410, R20                         2      2      2      20480  655360 655360 32     32     0      0      -             -      -      0      0      0      0      0      0      0      0      -      0      0      0      0      0      0      0      0      0      0      0      0      0      0      0      0      0      0      0      2      0      0      0      0      0      0      0      0      0      0      0      0      0      0      0      0      2      0      0      0     
0x7f9c075bbc20           PRMT R8, R3, 0x5410, R8                            6      6      6      20480  655360 655360 32     32     0      0      -             -      -      0      0      0      0      0      0      0      0      -      0      0      0      0      0      0      0      0      0      0      0      0      0      0      0      0      0      0      0      6      0      0      0      0      0      0      0      0      0      0      0      0      0      0      0      0      6      0      0      0     
0x7f9c075bbc30           PRMT R11, R15, 0x5410, R22                         3      2      3      20480  655360 655360 32     32     0      0      -             -      -      0      0      0      0      0      0      0      0      -      0      0      0      0      0      0      0      0      0      0      0      0      0      0      0      0      0      0      1      2      0      0      0      0      0      0      0      0      0      0      0      0      0      0      0      0      2      0      0      0     
0x7f9c075bbc40           STS.128 [R6+0xc000], R8                            4      4      4      20480  655360 655360 32     32     0      0      Shared        Store  128    0      4      0      81920  81920  0      0      0      -      0      0      0      0      0      0      0      0      0      0      0      0      0      0      0      0      0      0      0      0      0      0      4      0      0      0      0      0      0      0      0      0      0      0      0      0      0      0      0      4     
0x7f9c075bbc50           LDS.U16 R3, [R4+0x5800]                            5      4      5      20480  655360 655360 32     32     0      0      Shared        Load   16     0      1      0      20480  20480  0      0      0      -      0      0      0      0      0      0      0      0      0      0      0      0      0      0      0      0      0      0      1      0      0      0      4      0      0      0      0      0      0      0      0      0      0      0      0      0      0      0      0      4     
0x7f9c075bbc60           LDS.U16 R16, [R4+0x5900]                           1      1      1      20480  655360 655360 32     32     0      0      Shared        Load   16     0      1      0      20480  20480  0      0      0      -      0      0      0      0      0      0      0      0      0      0      0      0      0      0      0      0      0      0      0      0      0      0      1      0      0      0      0      0      0      0      0      0      0      0      0      0      0      0      0      1     
0x7f9c075bbc70           LDS.U16 R5, [R4+0x5a00]                            3      2      3      20480  655360 655360 32     32     0      0      Shared        Load   16     0      1      0      20480  20480  0      0      0      -      0      0      0      0      0      0      0      0      0      0      0      0      0      0      0      0      0      0      1      0      0      0      2      0      0      0      0      0      0      0      0      0      0      0      0      0      0      0      0      2     
0x7f9c075bbc80           LDS.U16 R18, [R4+0x5b00]                           3      2      3      20480  655360 655360 32     32     0      0      Shared        Load   16     0      1      0      20480  20480  0      0      0      -      0      0      0      0      0      0      0      0      0      0      0      0      0      0      1      0      0      0      1      0      0      0      1      0      0      0      0      0      0      0      0      1      0      0      0      0      0      0      0      1     
0x7f9c075bbc90           LDS.U16 R15, [R4+0x5c00]                           4      3      4      20480  655360 655360 32     32     0      0      Shared        Load   16     0      1      0      20480  20480  0      0      0      -      0      0      0      0      0      0      0      0      0      0      0      0      0      0      1      0      0      0      1      0      0      0      2      0      0      0      0      0      0      0      0      1      0      0      0      0      0      0      0      2     
0x7f9c075bbca0           LDS.U16 R20, [R4+0x5d00]                           2      2      2      20480  655360 655360 32     32     0      0      Shared        Load   16     0      1      0      20480  20480  0      0      0      -      0      0      0      0      0      0      0      0      0      0      0      0      0      0      0      0      0      0      0      0      0      0      2      0      0      0      0      0      0      0      0      0      0      0      0      0      0      0      0      2     
0x7f9c075bbcb0           LDS.U16 R17, [R4+0x5e00]                           4      3      4      20480  655360 655360 32     32     0      0      Shared        Load   16     0      1      0      20480  20480  0      0      0      -      0      0      0      0      0      0      0      0      0      0      0      0      0      0      0      0      0      0      0      0      0      0      4      0      0      0      0      0      0      0      0      0      0      0      0      0      0      0      0      3     
0x7f9c075bbcc0           LDS.U16 R22, [R4+0x5f00]                           2      2      2      20480  655360 655360 32     32     0      0      Shared        Load   16     0      1      0      20480  20480  0      0      0      -      0      0      0      0      0      0      0      0      0      0      0      0      0      0      0      0      0      0      0      0      0      0      2      0      0      0      0      0      0      0      0      0      0      0      0      0      0      0      0      2     
0x7f9c075bbcd0           PRMT R8, R3, 0x5410, R16                           17     15     17     20480  655360 655360 32     32     0      0      -             -      -      0      0      0      0      0      0      0      0      -      0      0      0      0      0      0      0      0      0      0      0      0      0      0      0      0      0      0      0      17     0      0      0      0      0      0      0      0      0      0      0      0      0      0      0      0      15     0      0      0     
0x7f9c075bbce0           PRMT R9, R5, 0x5410, R18                           3      2      3      20480  655360 655360 32     32     0      0      -             -      -      0      0      0      0      0      0      0      0      -      0      0      0      0      0      0      0      0      0      0      0      0      0      0      0      0      0      0      0      3      0      0      0      0      0      0      0      0      0      0      0      0      0      0      0      0      2      0      0      0     
0x7f9c075bbcf0           PRMT R10, R15, 0x5410, R20                         2      1      2      20480  655360 655360 32     32     0      0      -             -      -      0      0      0      0      0      0      0      0      -      0      0      0      0      0      0      0      0      0      0      0      0      0      0      0      0      0      0      1      1      0      0      0      0      0      0      0      0      0      0      0      0      0      0      0      0      1      0      0      0     
0x7f9c075bbd00           PRMT R11, R17, 0x5410, R22                         2      1      2      20480  655360 655360 32     32     0      0      -             -      -      0      0      0      0      0      0      0      0      -      0      0      0      0      0      0      0      0      0      0      0      0      0      0      0      0      0      0      1      1      0      0      0      0      0      0      0      0      0      0      0      0      0      0      0      0      1      0      0      0     
0x7f9c075bbd10           STS.128 [R12+0xc000], R8                           4      3      4      20480  655360 655360 32     32     0      0      Shared        Store  128    0      4      0      81920  81920  0      0      0      -      0      0      0      0      0      0      0      0      0      0      0      0      0      0      0      0      0      0      1      0      0      0      3      0      0      0      0      0      0      0      0      0      0      0      0      0      0      0      0      3     
0x7f9c075bbd20           LDS.U16 R3, [R4+0x6000]                            7      7      7      20480  655360 655360 32     32     0      0      Shared        Load   16     0      1      0      20480  20480  0      0      0      -      0      0      0      0      0      0      0      0      0      0      0      0      0      0      2      0      0      0      0      0      0      0      5      0      0      0      0      0      0      0      0      2      0      0      0      0      0      0      0      5     
0x7f9c075bbd30           LDS.U16 R6, [R4+0x6100]                            3      3      3      20480  655360 655360 32     32     0      0      Shared        Load   16     0      1      0      20480  20480  0      0      0      -      0      0      0      0      0      0      0      0      0      0      0      0      0      0      1      0      0      0      0      0      0      0      2      0      0      0      0      0      0      0      0      1      0      0      0      0      0      0      0      2     
0x7f9c075bbd40           LDS.U16 R5, [R4+0x6200]                            3      3      3      20480  655360 655360 32     32     0      0      Shared        Load   16     0      1      0      20480  20480  0      0      0      -      0      0      0      0      0      0      0      0      0      0      0      0      0      0      0      0      0      0      0      0      0      0      3      0      0      0      0      0      0      0      0      0      0      0      0      0      0      0      0      3     
0x7f9c075bbd50           LDS.U16 R16, [R4+0x6300]                           2      2      2      20480  655360 655360 32     32     0      0      Shared        Load   16     0      1      0      20480  20480  0      0      0      -      0      0      0      0      0      0      0      0      0      0      0      0      0      0      0      0      0      0      0      0      0      0      2      0      0      0      0      0      0      0      0      0      0      0      0      0      0      0      0      2     
0x7f9c075bbd60           LDS.U16 R15, [R4+0x6400]                           3      3      3      20480  655360 655360 32     32     0      0      Shared        Load   16     0      1      0      20480  20480  0      0      0      -      0      0      0      0      0      0      0      0      0      0      0      0      0      0      2      0      0      0      0      0      0      0      1      0      0      0      0      0      0      0      0      2      0      0      0      0      0      0      0      1     
0x7f9c075bbd70           LDS.U16 R18, [R4+0x6500]                           5      4      5      20480  655360 655360 32     32     0      0      Shared        Load   16     0      1      0      20480  20480  0      0      0      -      0      0      0      0      0      0      0      0      0      0      0      0      0      0      0      0      0      0      1      0      0      0      4      0      0      0      0      0      0      0      0      0      0      0      0      0      0      0      0      4     
0x7f9c075bbd80           LDS.U16 R17, [R4+0x6600]                           3      3      3      20480  655360 655360 32     32     0      0      Shared        Load   16     0      1      0      20480  20480  0      0      0      -      0      0      0      0      0      0      0      0      0      0      0      0      0      0      0      0      0      0      0      0      0      0      3      0      0      0      0      0      0      0      0      0      0      0      0      0      0      0      0      3     
0x7f9c075bbd90           LDS.U16 R20, [R4+0x6700]                           3      3      3      20480  655360 655360 32     32     0      0      Shared        Load   16     0      1      0      20480  20480  0      0      0      -      0      0      0      0      0      0      0      0      0      0      0      0      0      0      1      0      0      0      0      0      0      0      2      0      0      0      0      0      0      0      0      1      0      0      0      0      0      0      0      2     
0x7f9c075bbda0           PRMT R8, R3, 0x5410, R6                            13     13     13     20480  655360 655360 32     32     0      0      -             -      -      0      0      0      0      0      0      0      0      -      0      0      0      0      0      0      0      0      0      0      0      0      0      0      0      0      0      0      0      13     0      0      0      0      0      0      0      0      0      0      0      0      0      0      0      0      13     0      0      0     
0x7f9c075bbdb0           PRMT R9, R5, 0x5410, R16                           6      5      6      20480  655360 655360 32     32     0      0      -             -      -      0      0      0      0      0      0      0      0      -      0      0      0      0      0      0      0      0      0      0      0      0      0      0      0      0      0      0      1      3      0      0      2      0      0      0      0      0      0      0      0      0      0      0      0      0      3      0      0      2     
0x7f9c075bbdc0           PRMT R10, R15, 0x5410, R18                         6      5      6      20480  655360 655360 32     32     0      0      -             -      -      0      0      0      0      0      0      0      0      -      0      0      0      0      0      0      0      0      0      0      0      0      0      0      0      0      0      0      0      6      0      0      0      0      0      0      0      0      0      0      0      0      0      0      0      0      5      0      0      0     
0x7f9c075bbdd0           PRMT R11, R17, 0x5410, R20                         7      6      7      20480  655360 655360 32     32     0      0      -             -      -      0      0      0      0      0      0      0      0      -      0      0      0      0      0      0      0      0      0      0      0      0      0      0      0      0      0      0      1      6      0      0      0      0      0      0      0      0      0      0      0      0      0      0      0      0      6      0      0      0     
0x7f9c075bbde0           STS.128 [R7+0xc000], R8                            3      3      3      20480  655360 655360 32     32     0      0      Shared        Store  128    0      4      0      81920  81920  0      0      0      -      0      0      0      0      0      0      0      0      0      0      0      0      0      0      0      0      0      0      0      0      0      0      3      0      0      0      0      0      0      0      0      0      0      0      0      0      0      0      0      3     
0x7f9c075bbdf0           LDS.U16 R3, [R4+0x6800]                            3      1      3      20480  655360 655360 32     32     0      0      Shared        Load   16     0      1      0      20480  20480  0      0      0      -      0      0      0      0      0      0      0      0      0      0      0      0      0      0      0      0      0      0      2      0      0      0      1      0      0      0      0      0      0      0      0      0      0      0      0      0      0      0      0      1     
0x7f9c075bbe00           LDS.U16 R6, [R4+0x6900]                            2      2      2      20480  655360 655360 32     32     0      0      Shared        Load   16     0      1      0      20480  20480  0      0      0      -      0      0      0      0      0      0      0      0      0      0      0      0      0      0      1      0      0      0      0      0      0      0      1      0      0      0      0      0      0      0      0      1      0      0      0      0      0      0      0      1     
0x7f9c075bbe10           LDS.U16 R5, [R4+0x6a00]                            2      1      2      20480  655360 655360 32     32     0      0      Shared        Load   16     0      1      0      20480  20480  0      0      0      -      0      0      0      0      0      0      0      0      0      0      0      0      0      0      0      0      0      0      1      0      0      0      1      0      0      0      0      0      0      0      0      0      0      0      0      0      0      0      0      1     
0x7f9c075bbe20           LDS.U16 R12, [R4+0x6b00]                           3      2      3      20480  655360 655360 32     32     0      0      Shared        Load   16     0      1      0      20480  20480  0      0      0      -      0      0      0      0      0      0      0      0      0      0      0      0      0      0      1      0      0      0      1      0      0      0      1      0      0      0      0      0      0      0      0      1      0      0      0      0      0      0      0      1     
0x7f9c075bbe30           LDS.U16 R15, [R4+0x6c00]                           5      4      5      20480  655360 655360 32     32     0      0      Shared        Load   16     0      1      0      20480  20480  0      0      0      -      0      0      0      0      0      0      0      0      0      0      0      0      0      0      0      0      0      0      1      0      0      0      4      0      0      0      0      0      0      0      0      0      0      0      0      0      0      0      0      4     
0x7f9c075bbe40           LDS.U16 R16, [R4+0x6d00]                           1      1      1      20480  655360 655360 32     32     0      0      Shared        Load   16     0      1      0      20480  20480  0      0      0      -      0      0      0      0      0      0      0      0      0      0      0      0      0      0      1      0      0      0      0      0      0      0      0      0      0      0      0      0      0      0      0      1      0      0      0      0      0      0      0      0     
0x7f9c075bbe50           LDS.U16 R17, [R4+0x6e00]                           3      2      3      20480  655360 655360 32     32     0      0      Shared        Load   16     0      1      0      20480  20480  0      0      0      -      0      0      0      0      0      0      0      0      0      0      0      0      0      0      1      0      0      0      1      0      0      0      1      0      0      0      0      0      0      0      0      1      0      0      0      0      0      0      0      1     
0x7f9c075bbe60           LDS.U16 R18, [R4+0x6f00]                           2      1      2      20480  655360 655360 32     32     0      0      Shared        Load   16     0      1      0      20480  20480  0      0      0      -      0      0      0      0      0      0      0      0      0      0      0      0      0      0      0      0      0      0      1      0      0      0      1      0      0      0      0      0      0      0      0      0      0      0      0      0      0      0      0      1     
0x7f9c075bbe70           PRMT R8, R3, 0x5410, R6                            18     15     18     20480  655360 655360 32     32     0      0      -             -      -      0      0      0      0      0      0      0      0      -      0      0      0      0      0      0      0      0      0      0      0      0      0      0      0      0      0      0      1      17     0      0      0      0      0      0      0      0      0      0      0      0      0      0      0      0      15     0      0      0     
0x7f9c075bbe80           PRMT R9, R5, 0x5410, R12                           10     9      10     20480  655360 655360 32     32     0      0      -             -      -      0      0      0      0      0      0      0      0      -      0      0      0      0      0      0      0      0      0      0      0      0      0      0      0      0      0      0      1      9      0      0      0      0      0      0      0      0      0      0      0      0      0      0      0      0      9      0      0      0     
0x7f9c075bbe90           PRMT R10, R15, 0x5410, R16                         5      5      5      20480  655360 655360 32     32     0      0      -             -      -      0      0      0      0      0      0      0      0      -      0      0      0      0      0      0      0      0      0      0      0      0      0      0      0      0      0      0      0      5      0      0      0      0      0      0      0      0      0      0      0      0      0      0      0      0      5      0      0      0     
0x7f9c075bbea0           PRMT R11, R17, 0x5410, R18                         8      7      8      20480  655360 655360 32     32     0      0      -             -      -      0      0      0      0      0      0      0      0      -      0      0      0      0      0      0      0      0      0      0      0      0      0      0      0      0      0      0      1      6      0      0      1      0      0      0      0      0      0      0      0      0      0      0      0      0      6      0      0      1     
0x7f9c075bbeb0           STS.128 [R13+0xc000], R8                           5      2      5      20480  655360 655360 32     32     0      0      Shared        Store  128    0      4      0      81920  81920  0      0      0      -      0      0      0      0      0      0      0      0      0      0      0      0      0      0      0      0      0      0      2      0      0      0      3      0      0      0      0      0      0      0      0      0      0      0      0      0      0      0      0      2     
0x7f9c075bbec0           LDS.U16 R3, [R4+0x7000]                            2      2      2      20480  655360 655360 32     32     0      0      Shared        Load   16     0      1      0      20480  20480  0      0      0      -      0      0      0      0      0      0      0      0      0      0      0      0      0      0      0      0      0      0      0      0      0      0      2      0      0      0      0      0      0      0      0      0      0      0      0      0      0      0      0      2     
0x7f9c075bbed0           LDS.U16 R6, [R4+0x7100]                            0      0      0      20480  655360 655360 32     32     0      0      Shared        Load   16     0      1      0      20480  20480  0      0      0      -      0      0      0      0      0      0      0      0      0      0      0      0      0      0      0      0      0      0      0      0      0      0      0      0      0      0      0      0      0      0      0      0      0      0      0      0      0      0      0      0     
0x7f9c075bbee0           LDS.U16 R5, [R4+0x7200]                            2      1      2      20480  655360 655360 32     32     0      0      Shared        Load   16     0      1      0      20480  20480  0      0      0      -      0      0      0      0      0      0      0      0      0      0      0      0      0      0      0      0      0      0      1      0      0      0      1      0      0      0      0      0      0      0      0      0      0      0      0      0      0      0      0      1     
0x7f9c075bbef0           LDS.U16 R12, [R4+0x7300]                           4      2      4      20480  655360 655360 32     32     0      0      Shared        Load   16     0      1      0      20480  20480  0      0      0      -      0      0      0      0      0      0      0      0      0      0      0      0      0      0      0      0      0      0      2      0      0      0      2      0      0      0      0      0      0      0      0      0      0      0      0      0      0      0      0      2     
0x7f9c075bbf00           LDS.U16 R7, [R4+0x7400]                            4      4      4      20480  655360 655360 32     32     0      0      Shared        Load   16     0      1      0      20480  20480  0      0      0      -      0      0      0      0      0      0      0      0      0      0      0      0      0      0      1      0      0      0      0      0      0      0      3      0      0      0      0      0      0      0      0      1      0      0      0      0      0      0      0      3     
0x7f9c075bbf10           LDS.U16 R16, [R4+0x7500]                           2      1      2      20480  655360 655360 32     32     0      0      Shared        Load   16     0      1      0      20480  20480  0      0      0      -      0      0      0      0      0      0      0      0      0      0      0      0      0      0      0      0      0      0      1      0      0      0      1      0      0      0      0      0      0      0      0      0      0      0      0      0      0      0      0      1     
0x7f9c075bbf20           LDS.U16 R15, [R4+0x7600]                           2      0      2      20480  655360 655360 32     32     0      0      Shared        Load   16     0      1      0      20480  20480  0      0      0      -      0      0      0      0      0      0      0      0      0      0      0      0      0      0      0      0      0      0      2      0      0      0      0      0      0      0      0      0      0      0      0      0      0      0      0      0      0      0      0      0     
0x7f9c075bbf30           LDS.U16 R18, [R4+0x7700]                           3      2      3      20480  655360 655360 32     32     0      0      Shared        Load   16     0      1      0      20480  20480  0      0      0      -      0      0      0      0      0      0      0      0      0      0      0      0      0      0      1      0      0      0      1      0      0      0      1      0      0      0      0      0      0      0      0      1      0      0      0      0      0      0      0      1     
0x7f9c075bbf40           PRMT R8, R3, 0x5410, R6                            25     23     25     20480  655360 655360 32     32     0      0      -             -      -      0      0      0      0      0      0      0      0      -      0      0      0      0      0      0      0      0      0      0      0      0      0      0      0      0      0      0      2      23     0      0      0      0      0      0      0      0      0      0      0      0      0      0      0      0      23     0      0      0     
0x7f9c075bbf50           PRMT R9, R5, 0x5410, R12                           6      3      6      20480  655360 655360 32     32     0      0      -             -      -      0      0      0      0      0      0      0      0      -      0      0      0      0      0      0      0      0      0      0      0      0      1      0      0      0      0      0      2      2      0      0      1      0      0      0      0      0      0      0      0      0      0      0      0      0      2      0      0      1     
0x7f9c075bbf60           PRMT R10, R7, 0x5410, R16                          8      7      8      20480  655360 655360 32     32     0      0      -             -      -      0      0      0      0      0      0      0      0      -      0      0      0      0      0      0      0      0      0      0      0      0      0      0      0      0      0      0      0      8      0      0      0      0      0      0      0      0      0      0      0      0      0      0      0      0      7      0      0      0     
0x7f9c075bbf70           PRMT R11, R15, 0x5410, R18                         7      7      7      20480  655360 655360 32     32     0      0      -             -      -      0      0      0      0      0      0      0      0      -      0      0      0      0      0      0      0      0      0      0      0      0      0      0      0      0      0      0      0      6      0      0      1      0      0      0      0      0      0      0      0      0      0      0      0      0      6      0      0      1     
0x7f9c075bbf80           STS.128 [R14+0xc000], R8                           3      2      3      20480  655360 655360 32     32     0      0      Shared        Store  128    0      4      0      81920  81920  0      0      0      -      0      0      0      0      0      0      0      0      0      0      0      0      0      0      0      0      0      0      1      0      0      0      2      0      0      0      0      0      0      0      0      0      0      0      0      0      0      0      0      2     
0x7f9c075bbf90           LDS.U16 R3, [R4+0x7800]                            2      1      2      20480  655360 655360 32     32     0      0      Shared        Load   16     0      1      0      20480  20480  0      0      0      -      0      0      0      0      0      0      0      0      0      0      0      0      0      0      1      0      0      0      1      0      0      0      0      0      0      0      0      0      0      0      0      1      0      0      0      0      0      0      0      0     
0x7f9c075bbfa0           STS.U16 [R2+0xc000], R3                            35     34     35     20480  655360 655360 32     32     0      0      Shared        Store  16     0      4      61440  81920  20480  0      0      0      -      0      0      0      0      0      0      0      0      0      0      0      0      0      0      0      0      0      0      0      33     0      0      2      0      0      0      0      0      0      0      0      0      0      0      0      0      32     0      0      2     
0x7f9c075bbfb0           LDS.U16 R5, [R4+0x7900]                            2      2      2      20480  655360 655360 32     32     0      0      Shared        Load   16     0      1      0      20480  20480  0      0      0      -      0      0      0      0      0      0      0      0      0      0      0      0      0      0      0      0      0      0      0      0      0      0      2      0      0      0      0      0      0      0      0      0      0      0      0      0      0      0      0      2     
0x7f9c075bbfc0           STS.U16 [R2+0xc002], R5                            28     27     28     20480  655360 655360 32     32     0      0      Shared        Store  16     0      4      61440  81920  20480  0      0      0      -      0      0      0      0      0      0      0      0      0      0      0      0      0      0      0      0      0      0      0      27     0      0      1      0      0      0      0      0      0      0      0      0      0      0      0      0      26     0      0      1     
0x7f9c075bbfd0           LDS.U16 R7, [R4+0x7a00]                            4      1      4      20480  655360 655360 32     32     0      0      Shared        Load   16     0      1      0      20480  20480  0      0      0      -      0      0      0      0      0      0      0      0      0      0      0      0      0      0      0      0      0      0      2      0      0      0      2      0      0      0      0      0      0      0      0      0      0      0      0      0      0      0      0      1     
0x7f9c075bbfe0           STS.U16 [R2+0xc004], R7                            32     30     32     20480  655360 655360 32     32     0      0      Shared        Store  16     0      4      61440  81920  20480  0      0      0      -      0      0      0      0      0      0      0      0      0      0      0      0      0      0      0      0      0      0      1      28     0      0      3      0      0      0      0      0      0      0      0      0      0      0      0      0      27     0      0      3     
0x7f9c075bbff0           LDS.U16 R13, [R4+0x7b00]                           3      2      3      20480  655360 655360 32     32     0      0      Shared        Load   16     0      1      0      20480  20480  0      0      0      -      0      0      0      0      0      0      0      0      0      0      0      0      0      0      0      0      0      0      1      0      0      0      2      0      0      0      0      0      0      0      0      0      0      0      0      0      0      0      0      2     
0x7f9c075bc000           STS.U16 [R2+0xc006], R13                           22     18     22     20480  655360 655360 32     32     0      0      Shared        Store  16     0      4      61440  81920  20480  0      0      0      -      0      0      0      0      0      0      0      0      0      0      0      0      0      0      0      0      0      0      0      20     0      0      2      0      0      0      0      0      0      0      0      0      0      0      0      0      16     0      0      2     
0x7f9c075bc010           LDS.U16 R15, [R4+0x7c00]                           3      3      3      20480  655360 655360 32     32     0      0      Shared        Load   16     0      1      0      20480  20480  0      0      0      -      0      0      0      0      0      0      0      0      0      0      0      0      0      0      0      0      0      0      0      0      0      0      3      0      0      0      0      0      0      0      0      0      0      0      0      0      0      0      0      3     
0x7f9c075bc020           STS.U16 [R2+0xc008], R15                           28     25     28     20480  655360 655360 32     32     0      0      Shared        Store  16     0      4      61440  81920  20480  0      0      0      -      0      0      0      0      0      0      0      0      0      0      0      0      0      0      0      0      0      0      0      27     0      0      1      0      0      0      0      0      0      0      0      0      0      0      0      0      24     0      0      1     
0x7f9c075bc030           LDS.U16 R9, [R4+0x7d00]                            5      4      5      20480  655360 655360 32     32     0      0      Shared        Load   16     0      1      0      20480  20480  0      0      0      -      0      0      0      0      0      0      0      0      0      0      0      0      0      0      0      0      0      0      1      0      0      0      4      0      0      0      0      0      0      0      0      0      0      0      0      0      0      0      0      4     
0x7f9c075bc040           STS.U16 [R2+0xc00a], R9                            22     21     22     20480  655360 655360 32     32     0      0      Shared        Store  16     0      4      61440  81920  20480  0      0      0      -      0      0      0      0      0      0      0      0      0      0      0      0      0      0      0      0      0      0      0      20     0      0      2      0      0      0      0      0      0      0      0      0      0      0      0      0      19     0      0      2     
0x7f9c075bc050           LDS.U16 R3, [R4+0x7e00]                            2      1      2      20480  655360 655360 32     32     0      0      Shared        Load   16     0      1      0      20480  20480  0      0      0      -      0      0      0      0      0      0      0      0      0      0      0      0      0      0      0      0      0      0      0      0      0      0      2      0      0      0      0      0      0      0      0      0      0      0      0      0      0      0      0      1     
0x7f9c075bc060           STS.U16 [R2+0xc00c], R3                            35     32     35     20480  655360 655360 32     32     0      0      Shared        Store  16     0      4      61440  81920  20480  0      0      0      -      0      0      0      0      0      0      0      0      0      0      0      0      0      0      0      0      0      0      0      34     0      0      1      0      0      0      0      0      0      0      0      0      0      0      0      0      31     0      0      1     
0x7f9c075bc070           LDS.U16 R5, [R4+0x7f00]                            1      1      1      20480  655360 655360 32     32     0      0      Shared        Load   16     0      1      0      20480  20480  0      0      0      -      0      0      0      0      0      0      0      0      0      0      0      0      0      0      0      0      0      0      0      0      0      0      1      0      0      0      0      0      0      0      0      0      0      0      0      0      0      0      0      1     
0x7f9c075bc080           STS.U16 [R2+0xc00e], R5                            22     20     22     20480  655360 655360 32     32     0      0      Shared        Store  16     0      4      61440  81920  20480  0      0      0      -      0      0      0      0      0      0      0      0      0      0      0      0      0      0      0      0      0      0      0      21     0      0      1      0      0      0      0      0      0      0      0      0      0      0      0      0      20     0      0      0     
0x7f9c075bc090           BAR.SYNC.DEFER_BLOCKING 0x0                        1      0      1      20480  655360 655360 32     32     0      0      -             -      -      0      0      0      0      0      0      0      0      -      0      0      0      0      0      0      0      0      0      0      0      0      0      0      0      0      0      0      1      0      0      0      0      0      0      0      0      0      0      0      0      0      0      0      0      0      0      0      0      0     
0x7f9c075bc0a0     @P0   EXIT                                               53     49     53     20480  655360 491520 32     24     8      0      -             -      -      0      0      0      0      0      0      0      0      -      0      0      0      0      0      0      47     0      0      0      0      0      0      0      0      0      0      0      0      0      0      0      6      43     0      0      0      0      0      0      0      0      0      0      0      0      0      0      0      6     
0x7f9c075bc0b0           ELECT P0, URZ, PT                                  9      8      9      5120   163840 163840 32     32     0      0      -             -      -      0      0      0      0      0      0      0      0      -      0      0      0      0      0      0      0      5      0      3      0      0      0      0      0      0      0      0      1      0      0      0      0      0      5      0      3      0      0      0      0      0      0      0      0      0      0      0      0      0     
0x7f9c075bc0c0     @!P0  EXIT                                               1      1      1      5120   163840 158720 32     31     1      0      -             -      -      0      0      0      0      0      0      0      0      -      0      0      0      0      0      0      0      0      0      0      0      0      0      0      0      0      0      0      0      0      0      0      1      0      0      0      0      0      0      0      0      0      0      0      0      0      0      0      0      1     
0x7f9c075bc0d0           MEMBAR.ALL.CTA                                     6      6      6      5120   5120   5120   1      1      31     0      -             -      -      0      0      0      0      0      0      0      0      -      0      0      0      0      0      0      0      4      0      0      0      0      0      0      0      0      0      0      0      0      0      0      2      0      4      0      0      0      0      0      0      0      0      0      0      0      0      0      0      2     
0x7f9c075bc0e0           FENCE.VIEW.ASYNC.S                                 3      3      3      5120   5120   5120   1      1      31     0      -             -      -      0      0      0      0      0      0      0      0      -      0      0      0      0      0      0      0      0      0      0      0      2      0      0      0      0      0      0      0      0      0      0      1      0      0      0      0      0      2      0      0      0      0      0      0      0      0      0      0      1     
0x7f9c075bc0f0           LDCU.64 UR6, c[0x0][0x348]                         0      0      0      5120   5120   5120   1      1      31     0      -             -      -      0      0      0      0      0      0      0      0      -      0      0      0      0      0      0      0      0      0      0      0      0      0      0      0      0      0      0      0      0      0      0      0      0      0      0      0      0      0      0      0      0      0      0      0      0      0      0      0      0     
0x7f9c075bc100           USHF.L.U32 UR13, UR8, 0x7, URZ                     0      0      0      5120   5120   5120   1      1      31     0      -             -      -      0      0      0      0      0      0      0      0      -      0      0      0      0      0      0      0      0      0      0      0      0      0      0      0      0      0      0      0      0      0      0      0      0      0      0      0      0      0      0      0      0      0      0      0      0      0      0      0      0     
0x7f9c075bc110           UIADD3 UR12, UPT, UPT, UR4, 0x8000, URZ            0      0      0      5120   5120   5120   1      1      31     0      -             -      -      0      0      0      0      0      0      0      0      -      0      0      0      0      0      0      0      0      0      0      0      0      0      0      0      0      0      0      0      0      0      0      0      0      0      0      0      0      0      0      0      0      0      0      0      0      0      0      0      0     
0x7f9c075bc120           UIADD3 UR16, UPT, UPT, UR4, 0xc000, URZ            0      0      0      5120   5120   5120   1      1      31     0      -             -      -      0      0      0      0      0      0      0      0      -      0      0      0      0      0      0      0      0      0      0      0      0      0      0      0      0      0      0      0      0      0      0      0      0      0      0      0      0      0      0      0      0      0      0      0      0      0      0      0      0     
0x7f9c075bc130           UIADD3 UR17, UPT, UPT, UR13, 0x40, URZ             0      0      0      5120   5120   5120   1      1      31     0      -             -      -      0      0      0      0      0      0      0      0      -      0      0      0      0      0      0      0      0      0      0      0      0      0      0      0      0      0      0      0      0      0      0      0      0      0      0      0      0      0      0      0      0      0      0      0      0      0      0      0      0     
0x7f9c075bc140           UMOV UR10, 0x0                                     1      0      1      5120   5120   5120   1      1      31     0      -             -      -      0      0      0      0      0      0      0      0      -      0      0      0      0      0      0      0      0      0      0      0      0      0      0      0      0      0      0      1      0      0      0      0      0      0      0      0      0      0      0      0      0      0      0      0      0      0      0      0      0     
0x7f9c075bc150           UMOV UR11, 0x10000000                              0      0      0      5120   5120   5120   1      1      31     0      -             -      -      0      0      0      0      0      0      0      0      -      0      0      0      0      0      0      0      0      0      0      0      0      0      0      0      0      0      0      0      0      0      0      0      0      0      0      0      0      0      0      0      0      0      0      0      0      0      0      0      0     
0x7f9c075bc160           UMOV UR18, UR14                                    0      0      0      5120   5120   5120   1      1      31     0      -             -      -      0      0      0      0      0      0      0      0      -      0      0      0      0      0      0      0      0      0      0      0      0      0      0      0      0      0      0      0      0      0      0      0      0      0      0      0      0      0      0      0      0      0      0      0      0      0      0      0      0     
0x7f9c075bc170           UTMASTG.2D desc[UR10], [UR12], [UR6]               4      4      4      5120   5120   5120   1      1      31     0      Global,Shared -      -      0      0      0      0      0      0      0      0      -      0      0      0      0      0      0      0      0      0      0      0      4      0      0      0      0      0      0      0      0      0      0      0      0      0      0      0      0      4      0      0      0      0      0      0      0      0      0      0      0     
0x7f9c075bc180           UTMASTG.2D desc[UR10], [UR16], [UR6]               0      0      0      5120   5120   5120   1      1      31     0      Global,Shared -      -      0      0      0      0      0      0      0      0      -      0      0      0      0      0      0      0      0      0      0      0      0      0      0      0      0      0      0      0      0      0      0      0      0      0      0      0      0      0      0      0      0      0      0      0      0      0      0      0      0     
0x7f9c075bc190           UTMACMDFLUSH                                       0      0      0      5120   5120   5120   1      1      31     0      -             -      -      0      0      0      0      0      0      0      0      -      0      0      0      0      0      0      0      0      0      0      0      0      0      0      0      0      0      0      0      0      0      0      0      0      0      0      0      0      0      0      0      0      0      0      0      0      0      0      0      0     
0x7f9c075bc1a0           DEPBAR.LE SB0, 0x0                                 0      0      0      5120   5120   5120   1      1      31     0      -             -      -      0      0      0      0      0      0      0      0      -      0      0      0      0      0      0      0      0      0      0      0      0      0      0      0      0      0      0      0      0      0      0      0      0      0      0      0      0      0      0      0      0      0      0      0      0      0      0      0      0     
0x7f9c075bc1b0           EXIT                                               266    252    266    5120   5120   5120   1      1      31     0      -             -      -      0      0      0      0      0      0      0      0      -      0      0      0      0      0      0      0      0      0      0      0      265    0      0      0      0      0      0      1      0      0      0      0      0      0      0      0      0      252    0      0      0      0      0      0      0      0      0      0      0     
0x7f9c075bc1c0           BRA `(.L_x_0) 0x7f9c075bc1c0                       2      2      2      0      0      0      0      0      0      0      -             -      -      0      0      0      0      0      0      0      0      -      0      0      0      0      0      0      0      1      0      0      0      0      0      0      0      0      0      0      0      0      0      0      1      0      1      0      0      0      0      0      0      0      0      0      0      0      0      0      0      1     
0x7f9c075bc1d0           NOP                                                0      0      0      0      0      0      0      0      32     0      -             -      -      0      0      0      0      0      0      0      0      -      0      0      0      0      0      0      0      0      0      0      0      0      0      0      0      0      0      0      0      0      0      0      0      0      0      0      0      0      0      0      0      0      0      0      0      0      0      0      0      0     
0x7f9c075bc1e0           NOP                                                0      0      0      0      0      0      0      0      32     0      -             -      -      0      0      0      0      0      0      0      0      -      0      0      0      0      0      0      0      0      0      0      0      0      0      0      0      0      0      0      0      0      0      0      0      0      0      0      0      0      0      0      0      0      0      0      0      0      0      0      0      0     
0x7f9c075bc1f0           NOP                                                0      0      0      0      0      0      0      0      32     0      -             -      -      0      0      0      0      0      0      0      0      -      0      0      0      0      0      0      0      0      0      0      0      0      0      0      0      0      0      0      0      0      0      0      0      0      0      0      0      0      0      0      0      0      0      0      0      0      0      0      0      0     
0x7f9c075bc200           NOP                                                0      0      0      0      0      0      0      0      32     0      -             -      -      0      0      0      0      0      0      0      0      -      0      0      0      0      0      0      0      0      0      0      0      0      0      0      0      0      0      0      0      0      0      0      0      0      0      0      0      0      0      0      0      0      0      0      0      0      0      0      0      0     
0x7f9c075bc210           NOP                                                0      0      0      0      0      0      0      0      32     0      -             -      -      0      0      0      0      0      0      0      0      -      0      0      0      0      0      0      0      0      0      0      0      0      0      0      0      0      0      0      0      0      0      0      0      0      0      0      0      0      0      0      0      0      0      0      0      0      0      0      0      0     
0x7f9c075bc220           NOP                                                0      0      0      0      0      0      0      0      32     0      -             -      -      0      0      0      0      0      0      0      0      -      0      0      0      0      0      0      0      0      0      0      0      0      0      0      0      0      0      0      0      0      0      0      0      0      0      0      0      0      0      0      0      0      0      0      0      0      0      0      0      0     
0x7f9c075bc230           NOP                                                0      0      0      0      0      0      0      0      32     0      -             -      -      0      0      0      0      0      0      0      0      -      0      0      0      0      0      0      0      0      0      0      0      0      0      0      0      0      0      0      0      0      0      0      0      0      0      0      0      0      0      0      0      0      0      0      0      0      0      0      0      0     
0x7f9c075bc240           NOP                                                0      0      0      0      0      0      0      0      32     0      -             -      -      0      0      0      0      0      0      0      0      -      0      0      0      0      0      0      0      0      0      0      0      0      0      0      0      0      0      0      0      0      0      0      0      0      0      0      0      0      0      0      0      0      0      0      0      0      0      0      0      0     
0x7f9c075bc250           NOP                                                0      0      0      0      0      0      0      0      32     0      -             -      -      0      0      0      0      0      0      0      0      -      0      0      0      0      0      0      0      0      0      0      0      0      0      0      0      0      0      0      0      0      0      0      0      0      0      0      0      0      0      0      0      0      0      0      0      0      0      0      0      0     
0x7f9c075bc260           NOP                                                0      0      0      0      0      0      0      0      32     0      -             -      -      0      0      0      0      0      0      0      0      -      0      0      0      0      0      0      0      0      0      0      0      0      0      0      0      0      0      0      0      0      0      0      0      0      0      0      0      0      0      0      0      0      0      0      0      0      0      0      0      0     
0x7f9c075bc270           NOP                                                0      0      0      0      0      0      0      0      32     0      -             -      -      0      0      0      0      0      0      0      0      -      0      0      0      0      0      0      0      0      0      0      0      0      0      0      0      0      0      0      0      0      0      0      0      0      0      0      0      0      0      0      0      0      0      0      0      0      0      0      0      0     
