------------------ ------------------------------------------------------------ ------ ------ ------ ------ ------ ------ ------ ------ ------ ------ ------ ------ ------ ------ ------ ------ ------ ------ ------ ------ ------ ------ ------ ------ ------ ------ ------ ------ ------ ------ ------ ------ ------ ------ ------ ------ ------ ------ ------ ------ ------ ------ ------ ------ ------ ------ ------ ------ ------ ------ ------ ------ ------ ------ ------ ------ ------ ------ ------ ------ ------ ------
Kernel Name        _transpose_kernel_Kt1_A2f16_1v8l0_2t1_3i16_p16_A2f16_1v8l0_2                                                                                                                                                                                                                                                                                                                                                                                                                                                  
                   t1_3i16_p16_I128                                                                                                                                                                                                                                                                                                                                                                                                                                                                                              
------------------ ------------------------------------------------------------ ------ ------ ------ ------ ------ ------ ------ ------ ------ ------ ------ ------ ------ ------ ------ ------ ------ ------ ------ ------ ------ ------ ------ ------ ------ ------ ------ ------ ------ ------ ------ ------ ------ ------ ------ ------ ------ ------ ------ ------ ------ ------ ------ ------ ------ ------ ------ ------ ------ ------ ------ ------ ------ ------ ------ ------ ------ ------ ------ ------ ------ ------
Address            Source                                                       Warp S Warp S # Samp Instru Thread Predic Avg. T Avg. P Avg. P Diverg Addres Access Access L1 Tag L1 Con L1 Wav L1 Wav L1 Wav L2 The L2 The L2 The L2 Exp L2 Exp L2 Exp L2 Exp L2 Exp L2 Exp L2 Exp stall_ stall_ stall_ stall_ stall_ stall_ stall_ stall_ stall_ stall_ stall_ stall_ stall_ stall_ stall_ stall_ stall_ stall_ stall_ stall_ stall_ stall_ stall_ stall_ stall_ stall_ stall_ stall_ stall_ stall_ stall_ stall_ stall_ stall_
                                                                                tall S tall S les    ctions  Instr ated-O hreads redica redica ent Br s Spac  Opera  Size   Reque flicts efront efront efront oretic oretic oretic licit  licit  licit  licit  licit  licit  licit  barrie branch dispat drain  lg     long_s math   membar mio    misc   no_ins not_se select short_ sleep  tex    wait   barrie branch dispat drain  lg (No long_s math ( membar mio (N misc ( no_ins not_se select short_ sleepi tex (N wait (
                                                                                amplin amplin         Execu uction n Thre  Execu ted-On ted-On anches e      tion          sts Gl  Share s Shar s Shar s Shar al Sec al Sec al Sec Evict  Hit Po Hit Po Hit Po Hit Po Miss P Miss P r      _resol ch                   b                                  t      lected ed     sb                          r (Not _resol ch (No (Not I t Issu b (Not Not Is  (Not  ot Iss Not Is t (Not lected ed (No sb (No ng (No ot Iss Not Is
                                                                                g (All g (Not        ted    s Exec ad Ins ted     Threa  Threa                             obal   d N-Wa ed Exc ed     ed Ide tors G tors G tors G Polici licy E licy E licy E licy E olicy  olicy         ving                                                                                                             Issue ving ( t Issu ssued) ed)     Issue sued)  Issued ued)   sued)   Issue  (Not  t Issu t Issu t Issu ued)   sued) 
                                                                                 Sampl -issue               uted   tructi        ds Exe ds Une                                    y      essive        al     lobal  lobal  lobal  es     vict F vict L vict N vict N Evict  Evict                                                                                                                         d)     Not Is ed)                  d)            )                    d)     Issued ed)    ed)    ed)                 
                                                                                es)    d Samp                      ons Ex        cuted  xecute                                                                Excess        Ideal         irst   ast    ormal  ormal  First  Normal                                                                                                                               sued)                                                                 )                                        
                                                                                       les)                        ecuted               d                                                                     ive                                              Demote                                                                                                                                                                                                                                                            
0x7f89ef5bae00           LDC R1, c[0x0][0x37c]                                  20     15     20     20480  655360 655360 32     32     0      0      -      -      -      0      0      0      0      0      0      0      0      -      0      0      0      0      0      0      0      0      0      0      0      0      0      0      0      0      20     0      0      0      0      0      0      0      0      0      0      0      0      0      0      0      0      15     0      0      0      0      0      0     
0x7f89ef5bae10           LDC.64 R4, c[0x0][0x388]                               2      2      2      20480  655360 655360 32     32     0      0      -      -      -      0      0      0      0      0      0      0      0      -      0      0      0      0      0      0      0      0      0      0      0      0      0      0      0      0      0      0      0      0      0      0      2      0      0      0      0      0      0      0      0      0      0      0      0      0      0      0      0      2     
0x7f89ef5bae20           CS2R.32 R69, SR_CgaSize                                0      0      0      20480  655360 655360 32     32     0      0      -      -      -      0      0      0      0      0      0      0      0      -      0      0      0      0      0      0      0      0      0      0      0      0      0      0      0      0      0      0      0      0      0      0      0      0      0      0      0      0      0      0      0      0      0      0      0      0      0      0      0      0     
0x7f89ef5bae30           IMAD R69, R69, -0xa0, RZ                               1      1      1      20480  655360 655360 32     32     0      0      -      -      -      0      0      0      0      0      0      0      0      -      0      0      0      0      0      0      0      0      0      0      0      0      0      0      0      0      0      0      0      0      0      0      1      0      0      0      0      0      0      0      0      0      0      0      0      0      0      0      0      1     
0x7f89ef5bae40           R2UR UR7, R69                                          7      2      7      20480  655360 655360 32     32     0      0      -      -      -      0      0      0      0      0      0      0      0      -      0      0      0      0      0      0      0      0      0      0      0      0      2      0      0      0      0      3      1      0      0      0      1      0      0      0      0      0      0      2      0      0      0      0      0      0      0      0      0      0     
0x7f89ef5bae50           LDCU UR7, c[0x0][UR7+0x2b4]                            5      3      5      20480  655360 655360 32     32     0      0      -      -      -      0      0      0      0      0      0      0      0      -      0      0      0      0      0      0      0      0      0      0      0      0      0      0      0      0      0      1      0      0      0      0      4      0      0      0      0      0      0      0      0      0      0      0      0      0      0      0      0      3     
0x7f89ef5bae60           CS2R.32 R69, SR_CgaSize                                1      0      1      20480  655360 655360 32     32     0      0      -      -      -      0      0      0      0      0      0      0      0      -      0      0      0      0      0      0      0      0      0      0      0      0      0      0      0      0      0      0      1      0      0      0      0      0      0      0      0      0      0      0      0      0      0      0      0      0      0      0      0      0     
0x7f89ef5bae70           IMAD R69, R69, -0xa0, RZ                               1      0      1      20480  655360 655360 32     32     0      0      -      -      -      0      0      0      0      0      0      0      0      -      0      0      0      0      0      0      0      0      0      0      0      0      0      0      0      0      0      0      0      0      0      0      1      0      0      0      0      0      0      0      0      0      0      0      0      0      0      0      0      0     
0x7f89ef5bae80           R2UR UR5, R69                                          3      1      3      20480  655360 655360 32     32     0      0      -      -      -      0      0      0      0      0      0      0      0      -      0      0      0      0      0      0      0      0      0      0      0      0      0      0      0      0      0      0      2      0      0      0      1      0      0      0      0      0      0      0      0      0      0      0      0      0      0      0      0      1     
0x7f89ef5bae90           LDCU UR5, c[0x0][UR5+0x2b0]                            4      3      4      20480  655360 655360 32     32     0      0      -      -      -      0      0      0      0      0      0      0      0      -      0      0      0      0      0      0      0      0      0      0      0      0      0      0      0      0      0      0      0      0      0      0      4      0      0      0      0      0      0      0      0      0      0      0      0      0      0      0      0      3     
0x7f89ef5baea0           S2UR UR6, SR_CTAID.Y                                   1      0      1      20480  655360 655360 32     32     0      0      -      -      -      0      0      0      0      0      0      0      0      -      0      0      0      0      0      0      0      0      0      0      0      0      0      0      0      0      0      0      1      0      0      0      0      0      0      0      0      0      0      0      0      0      0      0      0      0      0      0      0      0     
0x7f89ef5baeb0           S2UR UR4, SR_CTAID.X                                   3      2      3      20480  655360 655360 32     32     0      0      -      -      -      0      0      0      0      0      0      0      0      -      0      0      0      0      0      0      0      0      0      0      0      0      0      0      0      0      0      0      0      0      0      0      3      0      0      0      0      0      0      0      0      0      0      0      0      0      0      0      0      2     
0x7f89ef5baec0           SHF.R.S32.HI R0, RZ, 0x1f, R5                          5      4      5      20480  655360 655360 32     32     0      0      -      -      -      0      0      0      0      0      0      0      0      -      0      0      0      0      0      0      0      0      0      0      0      0      1      0      0      0      0      0      0      4      0      0      0      0      0      0      0      0      0      1      0      0      0      0      0      0      3      0      0      0     
0x7f89ef5baed0           SHF.R.S32.HI R3, RZ, 0x1f, R4                          2      1      2      20480  655360 655360 32     32     0      0      -      -      -      0      0      0      0      0      0      0      0      -      0      0      0      0      0      0      0      0      0      0      0      0      1      0      0      0      0      0      0      0      0      0      1      0      0      0      0      0      0      0      0      0      0      0      0      0      0      0      0      1     
0x7f89ef5baee0           LEA.HI R6, R0, R5, RZ, 0x7                             0      0      0      20480  655360 655360 32     32     0      0      -      -      -      0      0      0      0      0      0      0      0      -      0      0      0      0      0      0      0      0      0      0      0      0      0      0      0      0      0      0      0      0      0      0      0      0      0      0      0      0      0      0      0      0      0      0      0      0      0      0      0      0     
0x7f89ef5baef0           LEA.HI R3, R3, R4, RZ, 0x7                             2      1      2      20480  655360 655360 32     32     0      0      -      -      -      0      0      0      0      0      0      0      0      -      0      0      0      0      0      0      0      0      0      0      0      0      0      0      0      0      0      0      1      0      0      0      1      0      0      0      0      0      0      0      0      0      0      0      0      0      0      0      0      1     
0x7f89ef5baf00           I2FP.F32.U32 R2, UR6                                   4      3      4      20480  655360 655360 32     32     0      0      -      -      -      0      0      0      0      0      0      0      0      -      0      0      0      0      0      0      0      0      0      0      0      0      0      0      0      0      0      0      0      3      0      0      1      0      0      0      0      0      0      0      0      0      0      0      0      0      2      0      0      1     
0x7f89ef5baf10           LOP3.LUT R0, R6, 0xffffff80, RZ, 0xc0, !PT             1      0      1      20480  655360 655360 32     32     0      0      -      -      -      0      0      0      0      0      0      0      0      -      0      0      0      0      0      0      0      0      0      0      0      0      0      0      0      0      0      0      0      0      0      0      1      0      0      0      0      0      0      0      0      0      0      0      0      0      0      0      0      0     
0x7f89ef5baf20           LOP3.LUT R7, R3, 0xffffff80, RZ, 0xc0, !PT             3      3      3      20480  655360 655360 32     32     0      0      -      -      -      0      0      0      0      0      0      0      0      -      0      0      0      0      0      0      0      0      0      0      0      0      1      0      0      0      0      0      0      0      0      0      2      0      0      0      0      0      0      1      0      0      0      0      0      0      0      0      0      2     
0x7f89ef5baf30           FMUL R69, R2, UR7                                      5      5      5      20480  655360 655360 32     32     0      0      -      -      -      0      0      0      0      0      0      0      0      -      0      0      0      0      0      0      0      0      0      0      0      0      0      0      0      0      0      0      0      5      0      0      0      0      0      0      0      0      0      0      0      0      0      0      0      0      5      0      0      0     
0x7f89ef5baf40           ISETP.NE.U32.AND P1, PT, R0, R5, PT                    0      0      0      20480  655360 655360 32     32     0      0      -      -      -      0      0      0      0      0      0      0      0      -      0      0      0      0      0      0      0      0      0      0      0      0      0      0      0      0      0      0      0      0      0      0      0      0      0      0      0      0      0      0      0      0      0      0      0      0      0      0      0      0     
0x7f89ef5baf50           LDCU.64 UR6, c[0x0][0x358]                             0      0      0      20480  655360 655360 32     32     0      0      -      -      -      0      0      0      0      0      0      0      0      -      0      0      0      0      0      0      0      0      0      0      0      0      0      0      0      0      0      0      0      0      0      0      0      0      0      0      0      0      0      0      0      0      0      0      0      0      0      0      0      0     
0x7f89ef5baf60           I2FP.F32.U32 R2, UR4                                   0      0      0      20480  655360 655360 32     32     0      0      -      -      -      0      0      0      0      0      0      0      0      -      0      0      0      0      0      0      0      0      0      0      0      0      0      0      0      0      0      0      0      0      0      0      0      0      0      0      0      0      0      0      0      0      0      0      0      0      0      0      0      0     
0x7f89ef5baf70           S2R R0, SR_TID.X                                       0      0      0      20480  655360 655360 32     32     0      0      -      -      -      0      0      0      0      0      0      0      0      -      0      0      0      0      0      0      0      0      0      0      0      0      0      0      0      0      0      0      0      0      0      0      0      0      0      0      0      0      0      0      0      0      0      0      0      0      0      0      0      0     
0x7f89ef5baf80           ISETP.NE.U32.AND P0, PT, R7, R4, PT                    0      0      0      20480  655360 655360 32     32     0      0      -      -      -      0      0      0      0      0      0      0      0      -      0      0      0      0      0      0      0      0      0      0      0      0      0      0      0      0      0      0      0      0      0      0      0      0      0      0      0      0      0      0      0      0      0      0      0      0      0      0      0      0     
0x7f89ef5baf90           F2I.U32.TRUNC.NTZ R69, R69                             0      0      0      20480  655360 655360 32     32     0      0      -      -      -      0      0      0      0      0      0      0      0      -      0      0      0      0      0      0      0      0      0      0      0      0      0      0      0      0      0      0      0      0      0      0      0      0      0      0      0      0      0      0      0      0      0      0      0      0      0      0      0      0     
0x7f89ef5bafa0           ISETP.GT.AND P1, PT, R5, -0x1, P1                      1      0      1      20480  655360 655360 32     32     0      0      -      -      -      0      0      0      0      0      0      0      0      -      0      0      0      0      0      0      0      0      0      0      0      0      0      0      0      0      0      0      1      0      0      0      0      0      0      0      0      0      0      0      0      0      0      0      0      0      0      0      0      0     
0x7f89ef5bafb0           FMUL R2, R2, UR5                                       0      0      0      20480  655360 655360 32     32     0      0      -      -      -      0      0      0      0      0      0      0      0      -      0      0      0      0      0      0      0      0      0      0      0      0      0      0      0      0      0      0      0      0      0      0      0      0      0      0      0      0      0      0      0      0      0      0      0      0      0      0      0      0     
0x7f89ef5bafc0           ISETP.GT.AND P0, PT, R4, -0x1, P0                      0      0      0      20480  655360 655360 32     32     0      0      -      -      -      0      0      0      0      0      0      0      0      -      0      0      0      0      0      0      0      0      0      0      0      0      0      0      0      0      0      0      0      0      0      0      0      0      0      0      0      0      0      0      0      0      0      0      0      0      0      0      0      0     
0x7f89ef5bafd0           SHF.R.S32.HI R7, RZ, 0x7, R6                           3      0      3      20480  655360 655360 32     32     0      0      -      -      -      0      0      0      0      0      0      0      0      -      0      0      0      0      0      0      0      0      0      0      0      0      0      0      0      0      0      3      0      0      0      0      0      0      0      0      0      0      0      0      0      0      0      0      0      0      0      0      0      0     
0x7f89ef5bafe0           LEA.HI.SX32 R8, R6, 0x1, 0x19                          0      0      0      20480  655360 655360 32     32     0      0      -      -      -      0      0      0      0      0      0      0      0      -      0      0      0      0      0      0      0      0      0      0      0      0      0      0      0      0      0      0      0      0      0      0      0      0      0      0      0      0      0      0      0      0      0      0      0      0      0      0      0      0     
0x7f89ef5baff0           F2I.U32.TRUNC.NTZ R2, R2                               0      0      0      20480  655360 655360 32     32     0      0      -      -      -      0      0      0      0      0      0      0      0      -      0      0      0      0      0      0      0      0      0      0      0      0      0      0      0      0      0      0      0      0      0      0      0      0      0      0      0      0      0      0      0      0      0      0      0      0      0      0      0      0     
0x7f89ef5bb000           SHF.R.S32.HI R6, RZ, 0x7, R3                           0      0      0      20480  655360 655360 32     32     0      0      -      -      -      0      0      0      0      0      0      0      0      -      0      0      0      0      0      0      0      0      0      0      0      0      0      0      0      0      0      0      0      0      0      0      0      0      0      0      0      0      0      0      0      0      0      0      0      0      0      0      0      0     
0x7f89ef5bb010           LEA.HI.SX32 R3, R3, 0x1, 0x19                          0      0      0      20480  655360 655360 32     32     0      0      -      -      -      0      0      0      0      0      0      0      0      -      0      0      0      0      0      0      0      0      0      0      0      0      0      0      0      0      0      0      0      0      0      0      0      0      0      0      0      0      0      0      0      0      0      0      0      0      0      0      0      0     
0x7f89ef5bb020     @!P1  IMAD.MOV R8, RZ, RZ, R7                                0      0      0      20480  655360 655360 32     32     0      0      -      -      -      0      0      0      0      0      0      0      0      -      0      0      0      0      0      0      0      0      0      0      0      0      0      0      0      0      0      0      0      0      0      0      0      0      0      0      0      0      0      0      0      0      0      0      0      0      0      0      0      0     
0x7f89ef5bb030     @!P0  IMAD.MOV R3, RZ, RZ, R6                                1      0      1      20480  655360 655360 32     32     0      0      -      -      -      0      0      0      0      0      0      0      0      -      0      0      0      0      0      0      0      0      0      0      0      0      0      0      0      0      0      0      0      0      0      0      1      0      0      0      0      0      0      0      0      0      0      0      0      0      0      0      0      0     
0x7f89ef5bb040           ISETP.GE.U32.AND P0, PT, R69, R8, PT                   4      1      4      20480  655360 655360 32     32     0      0      -      -      -      0      0      0      0      0      0      0      0      -      0      0      0      0      0      0      0      0      0      0      0      0      2      0      0      0      0      2      0      0      0      0      0      0      0      0      0      0      0      1      0      0      0      0      0      0      0      0      0      0     
0x7f89ef5bb050           ISETP.GE.U32.OR P0, PT, R2, R3, P0                     5      0      5      20480  655360 655360 32     32     0      0      -      -      -      0      0      0      0      0      0      0      0      -      0      0      0      0      0      0      0      0      0      0      0      0      1      0      0      0      0      1      0      1      0      0      2      0      0      0      0      0      0      0      0      0      0      0      0      0      0      0      0      0     
0x7f89ef5bb060     @P0   BRA 0x7f89ef5bb700                                     2      0      2      20480  655360 0      32     0      32     0      -      -      -      0      0      0      0      0      0      0      0      -      0      0      0      0      0      0      0      0      0      0      0      0      0      0      0      0      0      1      0      0      0      0      1      0      0      0      0      0      0      0      0      0      0      0      0      0      0      0      0      0     
0x7f89ef5bb070           S2R R3, SR_TID.X                                       2      1      2      20480  655360 655360 32     32     0      0      -      -      -      0      0      0      0      0      0      0      0      -      0      0      0      0      0      0      0      0      0      0      0      0      0      0      1      0      0      0      0      0      0      0      1      0      0      0      0      0      0      0      0      1      0      0      0      0      0      0      0      0     
0x7f89ef5bb080           LDC R87, c[0x0][0x390]                                 0      0      0      20480  655360 655360 32     32     0      0      -      -      -      0      0      0      0      0      0      0      0      -      0      0      0      0      0      0      0      0      0      0      0      0      0      0      0      0      0      0      0      0      0      0      0      0      0      0      0      0      0      0      0      0      0      0      0      0      0      0      0      0     
0x7f89ef5bb090           IMAD.WIDE.U32 R70, R2, 0x80, RZ                        0      0      0      20480  655360 655360 32     32     0      0      -      -      -      0      0      0      0      0      0      0      0      -      0      0      0      0      0      0      0      0      0      0      0      0      0      0      0      0      0      0      0      0      0      0      0      0      0      0      0      0      0      0      0      0      0      0      0      0      0      0      0      0     
0x7f89ef5bb0a0           LDCU.64 UR4, c[0x0][0x380]                             1      0      1      20480  655360 655360 32     32     0      0      -      -      -      0      0      0      0      0      0      0      0      -      0      0      0      0      0      0      0      0      0      0      0      0      0      0      0      0      0      0      1      0      0      0      0      0      0      0      0      0      0      0      0      0      0      0      0      0      0      0      0      0     
0x7f89ef5bb0b0           SHF.R.U32.HI R73, RZ, 0x4, R3                          21     15     21     20480  655360 655360 32     32     0      0      -      -      -      0      0      0      0      0      0      0      0      -      0      0      0      0      0      0      0      0      0      0      0      0      0      0      0      0      0      1      1      19     0      0      0      0      0      0      0      0      0      0      0      0      0      0      0      0      15     0      0      0     
0x7f89ef5bb0c0           IMAD.SHL.U32 R3, R3, 0x8, RZ                           1      0      1      20480  655360 655360 32     32     0      0      -      -      -      0      0      0      0      0      0      0      0      -      0      0      0      0      0      0      0      0      0      0      0      0      0      0      0      0      0      0      1      0      0      0      0      0      0      0      0      0      0      0      0      0      0      0      0      0      0      0      0      0     
0x7f89ef5bb0d0           LOP3.LUT R85, R70, R73, RZ, 0xfc, !PT                  2      0      2      20480  655360 655360 32     32     0      0      -      -      -      0      0      0      0      0      0      0      0      -      0      0      0      0      0      0      0      0      0      0      0      0      0      0      0      0      0      0      0      0      0      0      2      0      0      0      0      0      0      0      0      0      0      0      0      0      0      0      0      0     
0x7f89ef5bb0e0           IMAD.SHL.U32 R70, R69, 0x80, RZ                        0      0      0      20480  655360 655360 32     32     0      0      -      -      -      0      0      0      0      0      0      0      0      -      0      0      0      0      0      0      0      0      0      0      0      0      0      0      0      0      0      0      0      0      0      0      0      0      0      0      0      0      0      0      0      0      0      0      0      0      0      0      0      0     
0x7f89ef5bb0f0           LOP3.LUT R68, R3, 0x78, RZ, 0xc0, !PT                  2      1      2      20480  655360 655360 32     32     0      0      -      -      -      0      0      0      0      0      0      0      0      -      0      0      0      0      0      0      0      0      0      0      0      0      0      0      0      0      0      1      0      0      0      0      1      0      0      0      0      0      0      0      0      0      0      0      0      0      0      0      0      1     
0x7f89ef5bb100           IMAD.SHL.U32 R3, R87, 0x80, RZ                         0      0      0      20480  655360 655360 32     32     0      0      -      -      -      0      0      0      0      0      0      0      0      -      0      0      0      0      0      0      0      0      0      0      0      0      0      0      0      0      0      0      0      0      0      0      0      0      0      0      0      0      0      0      0      0      0      0      0      0      0      0      0      0     
0x7f89ef5bb110           IADD3 R85, P0, PT, -R85, R4, RZ                        0      0      0      20480  655360 655360 32     32     0      0      -      -      -      0      0      0      0      0      0      0      0      -      0      0      0      0      0      0      0      0      0      0      0      0      0      0      0      0      0      0      0      0      0      0      0      0      0      0      0      0      0      0      0      0      0      0      0      0      0      0      0      0     
0x7f89ef5bb120           LOP3.LUT R84, R70, R68, RZ, 0xfc, !PT                  3      1      3      20480  655360 655360 32     32     0      0      -      -      -      0      0      0      0      0      0      0      0      -      0      0      0      0      0      0      0      0      0      0      0      0      0      0      0      0      0      1      0      0      0      0      2      0      0      0      0      0      0      0      0      0      0      0      0      0      0      0      0      1     
0x7f89ef5bb130           IMAD R73, R73, R87, R68                                1      0      1      20480  655360 655360 32     32     0      0      -      -      -      0      0      0      0      0      0      0      0      -      0      0      0      0      0      0      0      0      0      0      0      0      0      0      0      0      0      0      1      0      0      0      0      0      0      0      0      0      0      0      0      0      0      0      0      0      0      0      0      0     
0x7f89ef5bb140           LEA.HI.X.SX32 R86, R4, ~R71, 0x1, P0                   0      0      0      20480  655360 655360 32     32     0      0      -      -      -      0      0      0      0      0      0      0      0      -      0      0      0      0      0      0      0      0      0      0      0      0      0      0      0      0      0      0      0      0      0      0      0      0      0      0      0      0      0      0      0      0      0      0      0      0      0      0      0      0     
0x7f89ef5bb150           IMAD.MOV.U32 R71, RZ, RZ, RZ                           1      0      1      20480  655360 655360 32     32     0      0      -      -      -      0      0      0      0      0      0      0      0      -      0      0      0      0      0      0      0      0      0      0      0      0      0      0      0      0      0      0      1      0      0      0      0      0      0      0      0      0      0      0      0      0      0      0      0      0      0      0      0      0     
0x7f89ef5bb160           ISETP.GE.AND P0, PT, R84, R5, PT                       1      0      1      20480  655360 655360 32     32     0      0      -      -      -      0      0      0      0      0      0      0      0      -      0      0      0      0      0      0      0      0      0      0      0      0      0      0      0      0      0      0      1      0      0      0      0      0      0      0      0      0      0      0      0      0      0      0      0      0      0      0      0      0     
0x7f89ef5bb170           ISETP.GT.U32.AND P2, PT, R85, 0x8, PT                  3      2      3      20480  655360 655360 32     32     0      0      -      -      -      0      0      0      0      0      0      0      0      -      0      0      0      0      0      0      0      0      0      0      0      0      0      0      0      0      0      0      1      0      0      0      2      0      0      0      0      0      0      0      0      0      0      0      0      0      0      0      0      2     
0x7f89ef5bb180           IMAD.WIDE.U32 R70, R3, R2, R70                         0      0      0      20480  655360 655360 32     32     0      0      -      -      -      0      0      0      0      0      0      0      0      -      0      0      0      0      0      0      0      0      0      0      0      0      0      0      0      0      0      0      0      0      0      0      0      0      0      0      0      0      0      0      0      0      0      0      0      0      0      0      0      0     
0x7f89ef5bb190           ISETP.GT.U32.AND P3, PT, R85, 0x10, PT                 0      0      0      20480  655360 655360 32     32     0      0      -      -      -      0      0      0      0      0      0      0      0      -      0      0      0      0      0      0      0      0      0      0      0      0      0      0      0      0      0      0      0      0      0      0      0      0      0      0      0      0      0      0      0      0      0      0      0      0      0      0      0      0     
0x7f89ef5bb1a0           SHF.R.S32.HI R75, RZ, 0x1f, R3                         0      0      0      20480  655360 655360 32     32     0      0      -      -      -      0      0      0      0      0      0      0      0      -      0      0      0      0      0      0      0      0      0      0      0      0      0      0      0      0      0      0      0      0      0      0      0      0      0      0      0      0      0      0      0      0      0      0      0      0      0      0      0      0     
0x7f89ef5bb1b0           ISETP.GT.AND.EX P2, PT, R86, RZ, !P0, P2               7      2      7      20480  655360 655360 32     32     0      0      -      -      -      0      0      0      0      0      0      0      0      -      0      0      0      0      0      0      0      0      1      0      0      0      1      0      0      0      0      3      2      0      0      0      0      0      0      1      0      0      0      1      0      0      0      0      0      0      0      0      0      0     
0x7f89ef5bb1c0           ISETP.GT.AND.EX P3, PT, R86, RZ, !P0, P3               2      0      2      20480  655360 655360 32     32     0      0      -      -      -      0      0      0      0      0      0      0      0      -      0      0      0      0      0      0      0      0      0      0      0      0      0      0      0      0      0      0      1      0      0      0      1      0      0      0      0      0      0      0      0      0      0      0      0      0      0      0      0      0     
0x7f89ef5bb1d0           IMAD R68, R75, R2, RZ                                  0      0      0      20480  655360 655360 32     32     0      0      -      -      -      0      0      0      0      0      0      0      0      -      0      0      0      0      0      0      0      0      0      0      0      0      0      0      0      0      0      0      0      0      0      0      0      0      0      0      0      0      0      0      0      0      0      0      0      0      0      0      0      0     
0x7f89ef5bb1e0           SHF.R.S32.HI R3, RZ, 0x1f, R73                         0      0      0      20480  655360 655360 32     32     0      0      -      -      -      0      0      0      0      0      0      0      0      -      0      0      0      0      0      0      0      0      0      0      0      0      0      0      0      0      0      0      0      0      0      0      0      0      0      0      0      0      0      0      0      0      0      0      0      0      0      0      0      0     
0x7f89ef5bb1f0           IADD3 R73, P1, PT, R73, R70, RZ                        1      0      1      20480  655360 655360 32     32     0      0      -      -      -      0      0      0      0      0      0      0      0      -      0      0      0      0      0      0      0      0      0      0      0      0      0      0      0      0      0      0      1      0      0      0      0      0      0      0      0      0      0      0      0      0      0      0      0      0      0      0      0      0     
0x7f89ef5bb200           IADD3.X R68, PT, PT, R3, R71, R68, P1, !PT             1      0      1      20480  655360 655360 32     32     0      0      -      -      -      0      0      0      0      0      0      0      0      -      0      0      0      0      0      0      0      0      0      0      0      0      0      0      0      0      0      0      0      0      0      0      1      0      0      0      0      0      0      0      0      0      0      0      0      0      0      0      0      0     
0x7f89ef5bb210           LEA R70, P1, R73, UR4, 0x1                             2      2      2      20480  655360 655360 32     32     0      0      -      -      -      0      0      0      0      0      0      0      0      -      0      0      0      0      0      0      0      0      0      0      0      0      0      0      0      0      0      0      0      1      0      0      1      0      0      0      0      0      0      0      0      0      0      0      0      0      1      0      0      1     
0x7f89ef5bb220     @P3   IMAD.SHL.U32 R75, R87, 0x10, RZ                        2      1      2      20480  655360 655360 32     32     0      0      -      -      -      0      0      0      0      0      0      0      0      -      0      0      0      0      0      0      0      0      0      0      0      0      0      0      0      0      0      0      1      0      0      0      1      0      0      0      0      0      0      0      0      0      0      0      0      0      0      0      0      1     
0x7f89ef5bb230           LEA.HI.X R71, R73, UR5, R68, 0x1, P1                   0      0      0      20480  655360 655360 32     32     0      0      -      -      -      0      0      0      0      0      0      0      0      -      0      0      0      0      0      0      0      0      0      0      0      0      0      0      0      0      0      0      0      0      0      0      0      0      0      0      0      0      0      0      0      0      0      0      0      0      0      0      0      0     
0x7f89ef5bb240     @P2   IMAD.SHL.U32 R73, R87, 0x8, RZ                         0      0      0      20480  655360 655360 32     32     0      0      -      -      -      0      0      0      0      0      0      0      0      -      0      0      0      0      0      0      0      0      0      0      0      0      0      0      0      0      0      0      0      0      0      0      0      0      0      0      0      0      0      0      0      0      0      0      0      0      0      0      0      0     
0x7f89ef5bb250           ISETP.GT.U32.AND P6, PT, R85, 0x30, PT                 0      0      0      20480  655360 655360 32     32     0      0      -      -      -      0      0      0      0      0      0      0      0      -      0      0      0      0      0      0      0      0      0      0      0      0      0      0      0      0      0      0      0      0      0      0      0      0      0      0      0      0      0      0      0      0      0      0      0      0      0      0      0      0     
0x7f89ef5bb260           ISETP.GT.U32.AND P1, PT, R85, 0x18, PT                 3      2      3      20480  655360 655360 32     32     0      0      -      -      -      0      0      0      0      0      0      0      0      -      0      0      0      0      0      0      0      0      0      0      0      0      0      0      0      0      0      0      1      0      0      0      2      0      0      0      0      0      0      0      0      0      0      0      0      0      0      0      0      2     
0x7f89ef5bb270     @P2   IMAD.WIDE R72, R73, 0x2, R70                           0      0      0      20480  655360 655360 32     32     0      0      -      -      -      0      0      0      0      0      0      0      0      -      0      0      0      0      0      0      0      0      0      0      0      0      0      0      0      0      0      0      0      0      0      0      0      0      0      0      0      0      0      0      0      0      0      0      0      0      0      0      0      0     
0x7f89ef5bb280           ISETP.GT.AND.EX P6, PT, R86, RZ, !P0, P6               0      0      0      20480  655360 655360 32     32     0      0      -      -      -      0      0      0      0      0      0      0      0      -      0      0      0      0      0      0      0      0      0      0      0      0      0      0      0      0      0      0      0      0      0      0      0      0      0      0      0      0      0      0      0      0      0      0      0      0      0      0      0      0     
0x7f89ef5bb290           ISETP.GT.U32.AND P4, PT, R85, 0x20, PT                 2      1      2      20480  655360 655360 32     32     0      0      -      -      -      0      0      0      0      0      0      0      0      -      0      0      0      0      0      0      0      0      0      0      0      0      0      0      0      0      0      0      0      0      0      0      2      0      0      0      0      0      0      0      0      0      0      0      0      0      0      0      0      1     
0x7f89ef5bb2a0     @P3   IMAD.WIDE R74, R75, 0x2, R70                           1      0      1      20480  655360 655360 32     32     0      0      -      -      -      0      0      0      0      0      0      0      0      -      0      0      0      0      0      0      0      0      0      0      0      0      0      0      0      0      0      0      1      0      0      0      0      0      0      0      0      0      0      0      0      0      0      0      0      0      0      0      0      0     
0x7f89ef5bb2b0     @P2   LDG.E.128 R28, desc[UR6][R72.64]                       2      0      2      20480  655360 655360 32     32     0      0      Global Load   128    81920  0      0      0      0      0      327680 327680        0      0      0      0      0      0      0      0      2      0      0      0      0      0      0      0      0      0      0      0      0      0      0      0      0      0      0      0      0      0      0      0      0      0      0      0      0      0      0      0     
0x7f89ef5bb2c0           ISETP.GT.U32.AND P5, PT, R85, 0x28, PT                 0      0      0      20480  655360 655360 32     32     0      0      -      -      -      0      0      0      0      0      0      0      0      -      0      0      0      0      0      0      0      0      0      0      0      0      0      0      0      0      0      0      0      0      0      0      0      0      0      0      0      0      0      0      0      0      0      0      0      0      0      0      0      0     
0x7f89ef5bb2d0           ISETP.GT.U32.AND P2, PT, R85, 0x38, PT                 9      4      9      20480  655360 655360 32     32     0      0      -      -      -      0      0      0      0      0      0      0      0      -      0      0      0      0      0      0      0      0      0      0      0      0      4      0      0      0      0      3      0      0      0      0      2      0      0      0      0      0      0      2      0      0      0      0      0      0      0      0      0      2     
0x7f89ef5bb2e0     @P3   LDG.E.128 R44, desc[UR6][R74.64]                       1      1      1      20480  655360 655360 32     32     0      0      Global Load   128    81920  0      0      0      0      0      327680 327680        0      0      0      0      0      0      0      0      0      0      0      0      0      0      1      0      0      0      0      0      0      0      0      0      0      0      0      0      0      0      0      1      0      0      0      0      0      0      0      0     
0x7f89ef5bb2f0           ISETP.GT.U32.AND P3, PT, R85, 0x40, PT                 0      0      0      20480  655360 655360 32     32     0      0      -      -      -      0      0      0      0      0      0      0      0      -      0      0      0      0      0      0      0      0      0      0      0      0      0      0      0      0      0      0      0      0      0      0      0      0      0      0      0      0      0      0      0      0      0      0      0      0      0      0      0      0     
0x7f89ef5bb300           ISETP.GT.AND.EX P1, PT, R86, RZ, !P0, P1               1      0      1      20480  655360 655360 32     32     0      0      -      -      -      0      0      0      0      0      0      0      0      -      0      0      0      0      0      0      0      0      0      0      0      0      0      0      0      0      0      0      1      0      0      0      0      0      0      0      0      0      0      0      0      0      0      0      0      0      0      0      0      0     
0x7f89ef5bb310           ISETP.GT.AND.EX P4, PT, R86, RZ, !P0, P4               0      0      0      20480  655360 655360 32     32     0      0      -      -      -      0      0      0      0      0      0      0      0      -      0      0      0      0      0      0      0      0      0      0      0      0      0      0      0      0      0      0      0      0      0      0      0      0      0      0      0      0      0      0      0      0      0      0      0      0      0      0      0      0     
0x7f89ef5bb320           ISETP.GT.AND.EX P5, PT, R86, RZ, !P0, P5               0      0      0      20480  655360 655360 32     32     0      0      -      -      -      0      0      0      0      0      0      0      0      -      0      0      0      0      0      0      0      0      0      0      0      0      0      0      0      0      0      0      0      0      0      0      0      0      0      0      0      0      0      0      0      0      0      0      0      0      0      0      0      0     
0x7f89ef5bb330           ISETP.GT.AND.EX P2, PT, R86, RZ, !P0, P2               2      0      2      20480  655360 655360 32     32     0      0      -      -      -      0      0      0      0      0      0      0      0      -      0      0      0      0      0      0      0      0      0      0      0      0      0      0      0      0      0      0      2      0      0      0      0      0      0      0      0      0      0      0      0      0      0      0      0      0      0      0      0      0     
0x7f89ef5bb340           ISETP.GT.AND.EX P3, PT, R86, RZ, !P0, P3               3      1      3      20480  655360 655360 32     32     0      0      -      -      -      0      0      0      0      0      0      0      0      -      0      0      0      0      0      0      0      0      1      0      0      0      0      0      0      0      0      1      1      0      0      0      0      0      0      1      0      0      0      0      0      0      0      0      0      0      0      0      0      0     
0x7f89ef5bb350     @P6   IMAD R79, R87, 0x30, RZ                                0      0      0      20480  655360 655360 32     32     0      0      -      -      -      0      0      0      0      0      0      0      0      -      0      0      0      0      0      0      0      0      0      0      0      0      0      0      0      0      0      0      0      0      0      0      0      0      0      0      0      0      0      0      0      0      0      0      0      0      0      0      0      0     
0x7f89ef5bb360     @P6   IMAD.WIDE R78, R79, 0x2, R70                           2      2      2      20480  655360 655360 32     32     0      0      -      -      -      0      0      0      0      0      0      0      0      -      0      0      0      0      0      0      0      0      0      0      0      0      1      0      0      0      0      0      0      0      0      0      1      0      0      0      0      0      0      1      0      0      0      0      0      0      0      0      0      1     
0x7f89ef5bb370     @P1   IMAD R73, R87, 0x18, RZ                                9      9      9      20480  655360 655360 32     32     0      0      -      -      -      0      0      0      0      0      0      0      0      -      0      0      0      0      0      0      0      0      0      0      0      9      0      0      0      0      0      0      0      0      0      0      0      0      0      0      0      0      9      0      0      0      0      0      0      0      0      0      0      0     
0x7f89ef5bb380     @P6   LDG.E.128 R52, desc[UR6][R78.64]                       0      0      0      20480  655360 655360 32     32     0      0      Global Load   128    81920  0      0      0      0      0      327680 327680        0      0      0      0      0      0      0      0      0      0      0      0      0      0      0      0      0      0      0      0      0      0      0      0      0      0      0      0      0      0      0      0      0      0      0      0      0      0      0      0     
0x7f89ef5bb390     @P4   IMAD.SHL.U32 R75, R87, 0x20, RZ                        3      1      3      20480  655360 655360 32     32     0      0      -      -      -      0      0      0      0      0      0      0      0      -      0      0      0      0      0      0      0      0      1      0      0      2      0      0      0      0      0      0      0      0      0      0      0      0      0      0      0      0      1      0      0      0      0      0      0      0      0      0      0      0     
0x7f89ef5bb3a0     @P5   IMAD R77, R87, 0x28, RZ                                1      1      1      20480  655360 655360 32     32     0      0      -      -      -      0      0      0      0      0      0      0      0      -      0      0      0      0      0      0      0      0      0      0      0      0      0      0      0      0      0      0      0      0      0      0      1      0      0      0      0      0      0      0      0      0      0      0      0      0      0      0      0      1     
0x7f89ef5bb3b0     @P2   IMAD R81, R87, 0x38, RZ                                0      0      0      20480  655360 655360 32     32     0      0      -      -      -      0      0      0      0      0      0      0      0      -      0      0      0      0      0      0      0      0      0      0      0      0      0      0      0      0      0      0      0      0      0      0      0      0      0      0      0      0      0      0      0      0      0      0      0      0      0      0      0      0     
0x7f89ef5bb3c0     @P3   IMAD.SHL.U32 R83, R87, 0x40, RZ                        0      0      0      20480  655360 655360 32     32     0      0      -      -      -      0      0      0      0      0      0      0      0      -      0      0      0      0      0      0      0      0      0      0      0      0      0      0      0      0      0      0      0      0      0      0      0      0      0      0      0      0      0      0      0      0      0      0      0      0      0      0      0      0     
0x7f89ef5bb3d0           ISETP.GT.U32.AND P6, PT, R85, 0x48, PT                 0      0      0      20480  655360 655360 32     32     0      0      -      -      -      0      0      0      0      0      0      0      0      -      0      0      0      0      0      0      0      0      0      0      0      0      0      0      0      0      0      0      0      0      0      0      0      0      0      0      0      0      0      0      0      0      0      0      0      0      0      0      0      0     
0x7f89ef5bb3e0     @P1   IMAD.WIDE R72, R73, 0x2, R70                           0      0      0      20480  655360 655360 32     32     0      0      -      -      -      0      0      0      0      0      0      0      0      -      0      0      0      0      0      0      0      0      0      0      0      0      0      0      0      0      0      0      0      0      0      0      0      0      0      0      0      0      0      0      0      0      0      0      0      0      0      0      0      0     
0x7f89ef5bb3f0     @P4   IMAD.WIDE R74, R75, 0x2, R70                           2      0      2      20480  655360 655360 32     32     0      0      -      -      -      0      0      0      0      0      0      0      0      -      0      0      0      0      0      0      0      0      0      0      0      0      0      0      0      0      0      0      2      0      0      0      0      0      0      0      0      0      0      0      0      0      0      0      0      0      0      0      0      0     
0x7f89ef5bb400           ISETP.GT.AND.EX P6, PT, R86, RZ, !P0, P6               2      0      2      20480  655360 655360 32     32     0      0      -      -      -      0      0      0      0      0      0      0      0      -      0      0      0      0      0      0      0      0      1      0      0      0      0      0      0      0      0      0      1      0      0      0      0      0      0      0      0      0      0      0      0      0      0      0      0      0      0      0      0      0     
0x7f89ef5bb410     @P1   LDG.E.128 R60, desc[UR6][R72.64]                       0      0      0      20480  655360 655360 32     32     0      0      Global Load   128    81920  0      0      0      0      0      327680 327680        0      0      0      0      0      0      0      0      0      0      0      0      0      0      0      0      0      0      0      0      0      0      0      0      0      0      0      0      0      0      0      0      0      0      0      0      0      0      0      0     
0x7f89ef5bb420     @P5   IMAD.WIDE R76, R77, 0x2, R70                           0      0      0      20480  655360 655360 32     32     0      0      -      -      -      0      0      0      0      0      0      0      0      -      0      0      0      0      0      0      0      0      0      0      0      0      0      0      0      0      0      0      0      0      0      0      0      0      0      0      0      0      0      0      0      0      0      0      0      0      0      0      0      0     
0x7f89ef5bb430     @P2   IMAD.WIDE R80, R81, 0x2, R70                           5      1      5      20480  655360 655360 32     32     0      0      -      -      -      0      0      0      0      0      0      0      0      -      0      0      0      0      0      0      0      0      0      0      0      0      0      0      0      0      0      0      1      0      0      0      4      0      0      0      0      0      0      0      0      0      0      0      0      0      0      0      0      1     
0x7f89ef5bb440     @P4   LDG.E.128 R64, desc[UR6][R74.64]                       1      0      1      20480  655360 655360 32     32     0      0      Global Load   128    81920  0      0      0      0      0      327680 327680        0      0      0      0      0      0      0      0      1      0      0      0      0      0      0      0      0      0      0      0      0      0      0      0      0      0      0      0      0      0      0      0      0      0      0      0      0      0      0      0     
0x7f89ef5bb450     @P3   IMAD.WIDE R82, R83, 0x2, R70                           1      1      1      20480  655360 655360 32     32     0      0      -      -      -      0      0      0      0      0      0      0      0      -      0      0      0      0      0      0      0      0      0      0      0      0      0      0      0      0      0      0      0      0      0      0      1      0      0      0      0      0      0      0      0      0      0      0      0      0      0      0      0      1     
0x7f89ef5bb460     @P5   LDG.E.128 R56, desc[UR6][R76.64]                       1      0      1      20480  655360 655360 32     32     0      0      Global Load   128    81920  0      0      0      0      0      327680 327680        0      0      0      0      0      0      0      0      1      0      0      0      0      0      0      0      0      0      0      0      0      0      0      0      0      0      0      0      0      0      0      0      0      0      0      0      0      0      0      0     
0x7f89ef5bb470           ISETP.GT.U32.AND P5, PT, R85, 0x50, PT                 0      0      0      20480  655360 655360 32     32     0      0      -      -      -      0      0      0      0      0      0      0      0      -      0      0      0      0      0      0      0      0      0      0      0      0      0      0      0      0      0      0      0      0      0      0      0      0      0      0      0      0      0      0      0      0      0      0      0      0      0      0      0      0     
0x7f89ef5bb480           ISETP.GT.U32.AND P4, PT, R85, 0x58, PT                 2      0      2      20480  655360 655360 32     32     0      0      -      -      -      0      0      0      0      0      0      0      0      -      0      0      0      0      0      0      0      0      0      0      0      0      1      0      0      0      0      1      0      0      0      0      0      0      0      0      0      0      0      0      0      0      0      0      0      0      0      0      0      0     
0x7f89ef5bb490     @P2   LDG.E.128 R48, desc[UR6][R80.64]                       6      2      6      20480  655360 655360 32     32     0      0      Global Load   128    81920  0      0      0      0      0      327680 327680        0      0      0      0      0      0      0      0      4      0      0      0      0      0      2      0      0      0      0      0      0      0      0      0      0      0      0      0      0      0      0      2      0      0      0      0      0      0      0      0     
0x7f89ef5bb4a0           ISETP.GT.U32.AND P2, PT, R85, 0x68, PT                 1      0      1      20480  655360 655360 32     32     0      0      -      -      -      0      0      0      0      0      0      0      0      -      0      0      0      0      0      0      0      0      0      0      0      0      0      0      0      0      0      0      1      0      0      0      0      0      0      0      0      0      0      0      0      0      0      0      0      0      0      0      0      0     
0x7f89ef5bb4b0           ISETP.GT.U32.AND P1, PT, R85, 0x70, PT                 3      2      3      20480  655360 655360 32     32     0      0      -      -      -      0      0      0      0      0      0      0      0      -      0      0      0      0      0      0      0      0      0      0      0      0      1      0      0      0      0      1      0      0      0      0      1      0      0      0      0      0      0      1      0      0      0      0      0      0      0      0      0      1     
0x7f89ef5bb4c0     @P3   LDG.E.128 R40, desc[UR6][R82.64]                       2      2      2      20480  655360 655360 32     32     0      0      Global Load   128    81920  0      0      0      0      0      327680 327680        0      0      0      0      0      0      0      0      0      0      0      0      0      0      2      0      0      0      0      0      0      0      0      0      0      0      0      0      0      0      0      2      0      0      0      0      0      0      0      0     
0x7f89ef5bb4d0           ISETP.GT.U32.AND P3, PT, R85, 0x60, PT                 0      0      0      20480  655360 655360 32     32     0      0      -      -      -      0      0      0      0      0      0      0      0      -      0      0      0      0      0      0      0      0      0      0      0      0      0      0      0      0      0      0      0      0      0      0      0      0      0      0      0      0      0      0      0      0      0      0      0      0      0      0      0      0     
0x7f89ef5bb4e0           P2R R3, PR, RZ, 0x40                                   1      0      1      20480  655360 655360 32     32     0      0      -      -      -      0      0      0      0      0      0      0      0      -      0      0      0      0      0      0      0      0      0      0      0      0      0      0      0      0      0      0      1      0      0      0      0      0      0      0      0      0      0      0      0      0      0      0      0      0      0      0      0      0     
0x7f89ef5bb4f0           ISETP.GT.U32.AND P6, PT, R85, 0x78, PT                 0      0      0      20480  655360 655360 32     32     0      0      -      -      -      0      0      0      0      0      0      0      0      -      0      0      0      0      0      0      0      0      0      0      0      0      0      0      0      0      0      0      0      0      0      0      0      0      0      0      0      0      0      0      0      0      0      0      0      0      0      0      0      0     
0x7f89ef5bb500           ISETP.GT.AND.EX P5, PT, R86, RZ, !P0, P5               1      0      1      20480  655360 655360 32     32     0      0      -      -      -      0      0      0      0      0      0      0      0      -      0      0      0      0      0      0      0      0      0      0      0      0      0      0      0      0      0      0      1      0      0      0      0      0      0      0      0      0      0      0      0      0      0      0      0      0      0      0      0      0     
0x7f89ef5bb510           ISETP.GT.AND.EX P4, PT, R86, RZ, !P0, P4               0      0      0      20480  655360 655360 32     32     0      0      -      -      -      0      0      0      0      0      0      0      0      -      0      0      0      0      0      0      0      0      0      0      0      0      0      0      0      0      0      0      0      0      0      0      0      0      0      0      0      0      0      0      0      0      0      0      0      0      0      0      0      0     
0x7f89ef5bb520           ISETP.GT.AND.EX P3, PT, R86, RZ, !P0, P3               2      1      2      20480  655360 655360 32     32     0      0      -      -      -      0      0      0      0      0      0      0      0      -      0      0      0      0      0      0      0      0      0      0      0      0      0      0      0      0      0      1      0      0      0      0      1      0      0      0      0      0      0      0      0      0      0      0      0      0      0      0      0      1     
0x7f89ef5bb530           ISETP.GT.AND.EX P2, PT, R86, RZ, !P0, P2               0      0      0      20480  655360 655360 32     32     0      0      -      -      -      0      0      0      0      0      0      0      0      -      0      0      0      0      0      0      0      0      0      0      0      0      0      0      0      0      0      0      0      0      0      0      0      0      0      0      0      0      0      0      0      0      0      0      0      0      0      0      0      0     
0x7f89ef5bb540           ISETP.GT.AND.EX P1, PT, R86, RZ, !P0, P1               1      0      1      20480  655360 655360 32     32     0      0      -      -      -      0      0      0      0      0      0      0      0      -      0      0      0      0      0      0      0      0      0      0      0      0      0      0      0      0      0      0      1      0      0      0      0      0      0      0      0      0      0      0      0      0      0      0      0      0      0      0      0      0     
0x7f89ef5bb550           ISETP.GT.AND.EX P0, PT, R86, RZ, !P0, P6               2      1      2      20480  655360 655360 32     32     0      0      -      -      -      0      0      0      0      0      0      0      0      -      0      0      0      0      0      0      0      0      0      0      0      0      0      0      0      0      0      0      1      0      0      0      1      0      0      0      0      0      0      0      0      0      0      0      0      0      0      0      0      1     
0x7f89ef5bb560           ISETP.GE.U32.AND P6, PT, R85, 0x1, PT                  0      0      0      20480  655360 655360 32     32     0      0      -      -      -      0      0      0      0      0      0      0      0      -      0      0      0      0      0      0      0      0      0      0      0      0      0      0      0      0      0      0      0      0      0      0      0      0      0      0      0      0      0      0      0      0      0      0      0      0      0      0      0      0     
0x7f89ef5bb570           ISETP.GE.AND.EX P6, PT, R86, RZ, PT, P6                1      1      1      20480  655360 655360 32     32     0      0      -      -      -      0      0      0      0      0      0      0      0      -      0      0      0      0      0      0      0      0      0      0      0      0      1      0      0      0      0      0      0      0      0      0      0      0      0      0      0      0      0      1      0      0      0      0      0      0      0      0      0      0     
0x7f89ef5bb580           ISETP.GE.OR P6, PT, R84, R5, !P6                       0      0      0      20480  655360 655360 32     32     0      0      -      -      -      0      0      0      0      0      0      0      0      -      0      0      0      0      0      0      0      0      0      0      0      0      0      0      0      0      0      0      0      0      0      0      0      0      0      0      0      0      0      0      0      0      0      0      0      0      0      0      0      0     
0x7f89ef5bb590     @!P6  LDG.E.128 R12, desc[UR6][R70.64]                       4      2      4      20480  655360 655360 32     32     0      0      Global Load   128    81920  0      0      0      0      0      327680 327680        0      0      0      0      0      0      0      0      0      0      0      0      0      0      1      0      0      0      1      0      0      0      2      0      0      0      0      0      0      0      0      1      0      0      0      0      0      0      0      1     
0x7f89ef5bb5a0           ISETP.NE.AND P6, PT, R3, RZ, PT                        1      0      1      20480  655360 655360 32     32     0      0      -      -      -      0      0      0      0      0      0      0      0      -      0      0      0      0      0      0      0      0      1      0      0      0      0      0      0      0      0      0      0      0      0      0      0      0      0      0      0      0      0      0      0      0      0      0      0      0      0      0      0      0     
0x7f89ef5bb5b0     @P5   IMAD R75, R87, 0x50, RZ                                3      3      3      20480  655360 655360 32     32     0      0      -      -      -      0      0      0      0      0      0      0      0      -      0      0      0      0      0      0      0      0      0      0      0      3      0      0      0      0      0      0      0      0      0      0      0      0      0      0      0      0      3      0      0      0      0      0      0      0      0      0      0      0     
0x7f89ef5bb5c0     @P4   IMAD R77, R87, 0x58, RZ                                4      3      4      20480  655360 655360 32     32     0      0      -      -      -      0      0      0      0      0      0      0      0      -      0      0      0      0      0      0      0      0      0      0      0      3      0      0      0      0      0      0      0      0      0      0      1      0      0      0      0      0      3      0      0      0      0      0      0      0      0      0      0      0     
0x7f89ef5bb5d0     @P3   IMAD R79, R87, 0x60, RZ                                0      0      0      20480  655360 655360 32     32     0      0      -      -      -      0      0      0      0      0      0      0      0      -      0      0      0      0      0      0      0      0      0      0      0      0      0      0      0      0      0      0      0      0      0      0      0      0      0      0      0      0      0      0      0      0      0      0      0      0      0      0      0      0     
0x7f89ef5bb5e0     @P2   IMAD R81, R87, 0x68, RZ                                2      1      2      20480  655360 655360 32     32     0      0      -      -      -      0      0      0      0      0      0      0      0      -      0      0      0      0      0      0      0      0      0      0      0      1      0      0      0      0      0      0      1      0      0      0      0      0      0      0      0      0      1      0      0      0      0      0      0      0      0      0      0      0     
0x7f89ef5bb5f0     @P1   IMAD R83, R87, 0x70, RZ                                2      2      2      20480  655360 655360 32     32     0      0      -      -      -      0      0      0      0      0      0      0      0      -      0      0      0      0      0      0      0      0      0      0      0      2      0      0      0      0      0      0      0      0      0      0      0      0      0      0      0      0      2      0      0      0      0      0      0      0      0      0      0      0     
0x7f89ef5bb600     @P0   IMAD R3, R87, 0x78, RZ                                 1      0      1      20480  655360 655360 32     32     0      0      -      -      -      0      0      0      0      0      0      0      0      -      0      0      0      0      0      0      0      0      1      0      0      0      0      0      0      0      0      0      0      0      0      0      0      0      0      0      0      0      0      0      0      0      0      0      0      0      0      0      0      0     
0x7f89ef5bb610     @P6   IMAD R73, R87, 0x48, RZ                                0      0      0      20480  655360 655360 32     32     0      0      -      -      -      0      0      0      0      0      0      0      0      -      0      0      0      0      0      0      0      0      0      0      0      0      0      0      0      0      0      0      0      0      0      0      0      0      0      0      0      0      0      0      0      0      0      0      0      0      0      0      0      0     
0x7f89ef5bb620     @P5   IMAD.WIDE R74, R75, 0x2, R70                           0      0      0      20480  655360 655360 32     32     0      0      -      -      -      0      0      0      0      0      0      0      0      -      0      0      0      0      0      0      0      0      0      0      0      0      0      0      0      0      0      0      0      0      0      0      0      0      0      0      0      0      0      0      0      0      0      0      0      0      0      0      0      0     
0x7f89ef5bb630     @P6   IMAD.WIDE R72, R73, 0x2, R70                           3      1      3      20480  655360 655360 32     32     0      0      -      -      -      0      0      0      0      0      0      0      0      -      0      0      0      0      0      0      0      0      0      0      0      0      0      0      0      0      0      0      0      0      0      0      3      0      0      0      0      0      0      0      0      0      0      0      0      0      0      0      0      1     
0x7f89ef5bb640     @P5   LDG.E.128 R32, desc[UR6][R74.64]                       0      0      0      20480  655360 655360 32     32     0      0      Global Load   128    81920  0      0      0      0      0      327680 327680        0      0      0      0      0      0      0      0      0      0      0      0      0      0      0      0      0      0      0      0      0      0      0      0      0      0      0      0      0      0      0      0      0      0      0      0      0      0      0      0     
0x7f89ef5bb650     @P4   IMAD.WIDE R76, R77, 0x2, R70                           1      0      1      20480  655360 655360 32     32     0      0      -      -      -      0      0      0      0      0      0      0      0      -      0      0      0      0      0      0      0      0      0      0      0      0      0      0      0      0      0      0      0      0      0      0      1      0      0      0      0      0      0      0      0      0      0      0      0      0      0      0      0      0     
0x7f89ef5bb660     @P6   LDG.E.128 R36, desc[UR6][R72.64]                       2      1      2      20480  655360 655360 32     32     0      0      Global Load   128    81920  0      0      0      0      0      327680 327680        0      0      0      0      0      0      0      0      0      0      0      0      0      0      1      0      0      0      1      0      0      0      0      0      0      0      0      0      0      0      0      1      0      0      0      0      0      0      0      0     
0x7f89ef5bb670     @P3   IMAD.WIDE R78, R79, 0x2, R70                           2      1      2      20480  655360 655360 32     32     0      0      -      -      -      0      0      0      0      0      0      0      0      -      0      0      0      0      0      0      0      0      0      0      0      0      0      0      0      0      0      0      1      0      0      0      1      0      0      0      0      0      0      0      0      0      0      0      0      0      0      0      0      1     
0x7f89ef5bb680     @P4   LDG.E.128 R24, desc[UR6][R76.64]                       3      1      3      20480  655360 655360 32     32     0      0      Global Load   128    81920  0      0      0      0      0      327680 327680        0      0      0      0      0      0      0      0      1      0      0      0      0      0      1      0      0      0      1      0      0      0      0      0      0      0      0      0      0      0      0      1      0      0      0      0      0      0      0      0     
0x7f89ef5bb690     @P2   IMAD.WIDE R80, R81, 0x2, R70                           5      3      5      20480  655360 655360 32     32     0      0      -      -      -      0      0      0      0      0      0      0      0      -      0      0      0      0      0      0      0      0      0      0      0      0      0      0      0      0      0      0      1      0      0      0      4      0      0      0      0      0      0      0      0      0      0      0      0      0      0      0      0      3     
0x7f89ef5bb6a0     @P3   LDG.E.128 R20, desc[UR6][R78.64]                       0      0      0      20480  655360 655360 32     32     0      0      Global Load   128    81920  0      0      0      0      0      327680 327680        0      0      0      0      0      0      0      0      0      0      0      0      0      0      0      0      0      0      0      0      0      0      0      0      0      0      0      0      0      0      0      0      0      0      0      0      0      0      0      0     
0x7f89ef5bb6b0     @P1   IMAD.WIDE R82, R83, 0x2, R70                           0      0      0      20480  655360 655360 32     32     0      0      -      -      -      0      0      0      0      0      0      0      0      -      0      0      0      0      0      0      0      0      0      0      0      0      0      0      0      0      0      0      0      0      0      0      0      0      0      0      0      0      0      0      0      0      0      0      0      0      0      0      0      0     
0x7f89ef5bb6c0     @P2   LDG.E.128 R16, desc[UR6][R80.64]                       3      2      3      20480  655360 655360 32     32     0      0      Global Load   128    81920  0      0      0      0      0      327680 327680        0      0      0      0      0      0      0      0      0      0      0      0      0      0      2      0      0      0      1      0      0      0      0      0      0      0      0      0      0      0      0      2      0      0      0      0      0      0      0      0     
0x7f89ef5bb6d0     @P0   IMAD.WIDE R70, R3, 0x2, R70                            13     8      13     20480  655360 655360 32     32     0      0      -      -      -      0      0      0      0      0      0      0      0      -      0      0      0      0      0      0      0      0      0      0      0      7      0      0      0      0      0      0      2      0      0      0      4      0      0      0      0      0      6      0      0      0      0      0      0      0      0      0      0      2     
0x7f89ef5bb6e0     @P1   LDG.E.128 R8, desc[UR6][R82.64]                        1      1      1      20480  655360 655360 32     32     0      0      Global Load   128    81920  0      0      0      0      0      327680 327680        0      0      0      0      0      0      0      0      0      0      0      0      0      0      1      0      0      0      0      0      0      0      0      0      0      0      0      0      0      0      0      1      0      0      0      0      0      0      0      0     
0x7f89ef5bb6f0     @P0   LDG.E.128 R4, desc[UR6][R70.64]                        7      7      7      20480  655360 655360 32     32     0      0      Global Load   128    81920  0      0      0      0      0      327680 327680        0      0      0      0      0      0      0      0      3      0      2      0      0      0      1      0      0      0      0      0      0      0      1      0      0      3      0      2      0      0      0      1      0      0      0      0      0      0      0      1     
0x7f89ef5bb700           S2UR UR5, SR_CgaCtaId                                  1      0      1      20480  655360 655360 32     32     0      0      -      -      -      0      0      0      0      0      0      0      0      -      0      0      0      0      0      0      0      0      0      0      0      0      0      0      0      0      0      0      1      0      0      0      0      0      0      0      0      0      0      0      0      0      0      0      0      0      0      0      0      0     
0x7f89ef5bb710           IMAD.SHL.U32 R68, R0, 0x8, RZ                          26     22     26     20480  655360 655360 32     32     0      0      -      -      -      0      0      0      0      0      0      0      0      -      0      0      0      0      0      0      0      0      0      0      0      26     0      0      0      0      0      0      0      0      0      0      0      0      0      0      0      0      22     0      0      0      0      0      0      0      0      0      0      0     
0x7f89ef5bb720           SHF.R.U32.HI R70, RZ, 0x4, R0                          11     4      11     20480  655360 655360 32     32     0      0      -      -      -      0      0      0      0      0      0      0      0      -      0      0      0      0      0      0      0      0      1      0      0      7      0      0      0      0      0      2      1      0      0      0      0      0      0      0      0      0      4      0      0      0      0      0      0      0      0      0      0      0     
0x7f89ef5bb730           UMOV UR4, 0x400                                        0      0      0      20480  655360 655360 32     32     0      0      -      -      -      0      0      0      0      0      0      0      0      -      0      0      0      0      0      0      0      0      0      0      0      0      0      0      0      0      0      0      0      0      0      0      0      0      0      0      0      0      0      0      0      0      0      0      0      0      0      0      0      0     
0x7f89ef5bb740           PRMT R105, R12, 0x7632, R105                           1602   1250   1602   20480  655360 655360 32     32     0      0      -      -      -      0      0      0      0      0      0      0      0      -      0      0      0      0      0      0      0      0      0      0      0      1600   0      0      0      0      0      2      0      0      0      0      0      0      0      0      0      0      1250   0      0      0      0      0      0      0      0      0      0      0     
0x7f89ef5bb750           LDCU UR8, c[0x0][0x3a0]                                1      0      1      20480  655360 655360 32     32     0      0      -      -      -      0      0      0      0      0      0      0      0      -      0      0      0      0      0      0      0      0      0      0      0      0      0      0      0      0      0      0      1      0      0      0      0      0      0      0      0      0      0      0      0      0      0      0      0      0      0      0      0      0     
0x7f89ef5bb760           LOP3.LUT R3, R68, 0x40, RZ, 0xc0, !PT                  0      0      0      20480  655360 655360 32     32     0      0      -      -      -      0      0      0      0      0      0      0      0      -      0      0      0      0      0      0      0      0      0      0      0      0      0      0      0      0      0      0      0      0      0      0      0      0      0      0      0      0      0      0      0      0      0      0      0      0      0      0      0      0     
0x7f89ef5bb770           IMAD.SHL.U32 R69, R69, 0x2, RZ                         0      0      0      20480  655360 655360 32     32     0      0      -      -      -      0      0      0      0      0      0      0      0      -      0      0      0      0      0      0      0      0      0      0      0      0      0      0      0      0      0      0      0      0      0      0      0      0      0      0      0      0      0      0      0      0      0      0      0      0      0      0      0      0     
0x7f89ef5bb780           LOP3.LUT R71, R70, 0x1, RZ, 0xc0, !PT                  0      0      0      20480  655360 655360 32     32     0      0      -      -      -      0      0      0      0      0      0      0      0      -      0      0      0      0      0      0      0      0      0      0      0      0      0      0      0      0      0      0      0      0      0      0      0      0      0      0      0      0      0      0      0      0      0      0      0      0      0      0      0      0     
0x7f89ef5bb790           LOP3.LUT R3, R3, 0x7, R0, 0xf8, !PT                    0      0      0      20480  655360 655360 32     32     0      0      -      -      -      0      0      0      0      0      0      0      0      -      0      0      0      0      0      0      0      0      0      0      0      0      0      0      0      0      0      0      0      0      0      0      0      0      0      0      0      0      0      0      0      0      0      0      0      0      0      0      0      0     
0x7f89ef5bb7a0           LOP3.LUT R72, R71, 0x60, R0, 0xf8, !PT                 0      0      0      20480  655360 655360 32     32     0      0      -      -      -      0      0      0      0      0      0      0      0      -      0      0      0      0      0      0      0      0      0      0      0      0      0      0      0      0      0      0      0      0      0      0      0      0      0      0      0      0      0      0      0      0      0      0      0      0      0      0      0      0     
0x7f89ef5bb7b0           IMAD.SHL.U32 R71, R0, 0x10, RZ                         0      0      0      20480  655360 655360 32     32     0      0      -      -      -      0      0      0      0      0      0      0      0      -      0      0      0      0      0      0      0      0      0      0      0      0      0      0      0      0      0      0      0      0      0      0      0      0      0      0      0      0      0      0      0      0      0      0      0      0      0      0      0      0     
0x7f89ef5bb7c0           PRMT R107, R29, 0x7632, R107                           0      0      0      20480  655360 655360 32     32     0      0      -      -      -      0      0      0      0      0      0      0      0      -      0      0      0      0      0      0      0      0      0      0      0      0      0      0      0      0      0      0      0      0      0      0      0      0      0      0      0      0      0      0      0      0      0      0      0      0      0      0      0      0     
0x7f89ef5bb7d0           IMAD.SHL.U32 R0, R0, 0x40, RZ                          0      0      0      20480  655360 655360 32     32     0      0      -      -      -      0      0      0      0      0      0      0      0      -      0      0      0      0      0      0      0      0      0      0      0      0      0      0      0      0      0      0      0      0      0      0      0      0      0      0      0      0      0      0      0      0      0      0      0      0      0      0      0      0     
0x7f89ef5bb7e0           IMAD R3, R72, 0x80, R3                                 0      0      0      20480  655360 655360 32     32     0      0      -      -      -      0      0      0      0      0      0      0      0      -      0      0      0      0      0      0      0      0      0      0      0      0      0      0      0      0      0      0      0      0      0      0      0      0      0      0      0      0      0      0      0      0      0      0      0      0      0      0      0      0     
0x7f89ef5bb7f0           LOP3.LUT R73, R71, 0x70, RZ, 0xc0, !PT                 0      0      0      20480  655360 655360 32     32     0      0      -      -      -      0      0      0      0      0      0      0      0      -      0      0      0      0      0      0      0      0      0      0      0      0      0      0      0      0      0      0      0      0      0      0      0      0      0      0      0      0      0      0      0      0      0      0      0      0      0      0      0      0     
0x7f89ef5bb800           LOP3.LUT R0, R73, 0x1e00, R0, 0xf8, !PT                0      0      0      20480  655360 655360 32     32     0      0      -      -      -      0      0      0      0      0      0      0      0      -      0      0      0      0      0      0      0      0      0      0      0      0      0      0      0      0      0      0      0      0      0      0      0      0      0      0      0      0      0      0      0      0      0      0      0      0      0      0      0      0     
0x7f89ef5bb810           ULEA UR4, UR5, UR4, 0x18                               0      0      0      20480  655360 655360 32     32     0      0      -      -      -      0      0      0      0      0      0      0      0      -      0      0      0      0      0      0      0      0      0      0      0      0      0      0      0      0      0      0      0      0      0      0      0      0      0      0      0      0      0      0      0      0      0      0      0      0      0      0      0      0     
0x7f89ef5bb820           LEA R3, R3, UR4, 0x1                                   1      1      1      20480  655360 655360 32     32     0      0      -      -      -      0      0      0      0      0      0      0      0      -      0      0      0      0      0      0      0      0      0      0      0      0      0      0      0      0      0      0      0      0      0      0      1      0      0      0      0      0      0      0      0      0      0      0      0      0      0      0      0      1     
0x7f89ef5bb830           VIADD R0, R0, UR4                                      0      0      0      20480  655360 655360 32     32     0      0      -      -      -      0      0      0      0      0      0      0      0      -      0      0      0      0      0      0      0      0      0      0      0      0      0      0      0      0      0      0      0      0      0      0      0      0      0      0      0      0      0      0      0      0      0      0      0      0      0      0      0      0     
0x7f89ef5bb840           VIADD R71, R3, 0x400                                   3      1      3      20480  655360 655360 32     32     0      0      -      -      -      0      0      0      0      0      0      0      0      -      0      0      0      0      0      0      0      0      0      0      0      0      0      0      0      0      0      0      1      0      0      0      2      0      0      0      0      0      0      0      0      0      0      0      0      0      0      0      0      1     
0x7f89ef5bb850           LDCU.64 UR4, c[0x0][0x398]                             0      0      0      20480  655360 655360 32     32     0      0      -      -      -      0      0      0      0      0      0      0      0      -      0      0      0      0      0      0      0      0      0      0      0      0      0      0      0      0      0      0      0      0      0      0      0      0      0      0      0      0      0      0      0      0      0      0      0      0      0      0      0      0     
0x7f89ef5bb860           VIADD R73, R3, 0x10                                    0      0      0      20480  655360 655360 32     32     0      0      -      -      -      0      0      0      0      0      0      0      0      -      0      0      0      0      0      0      0      0      0      0      0      0      0      0      0      0      0      0      0      0      0      0      0      0      0      0      0      0      0      0      0      0      0      0      0      0      0      0      0      0     
0x7f89ef5bb870           VIADD R75, R3, 0x410                                   2      1      2      20480  655360 655360 32     32     0      0      -      -      -      0      0      0      0      0      0      0      0      -      0      0      0      0      0      0      0      0      0      0      0      0      0      0      0      0      0      1      0      0      0      0      1      0      0      0      0      0      0      0      0      0      0      0      0      0      0      0      0      1     
0x7f89ef5bb880           SHF.R.U32.HI R72, RZ, 0x3, R71                         2      0      2      20480  655360 655360 32     32     0      0      -      -      -      0      0      0      0      0      0      0      0      -      0      0      0      0      0      0      0      0      0      0      0      0      0      0      0      0      0      0      2      0      0      0      0      0      0      0      0      0      0      0      0      0      0      0      0      0      0      0      0      0     
0x7f89ef5bb890           VIADD R77, R3, 0x20                                    0      0      0      20480  655360 655360 32     32     0      0      -      -      -      0      0      0      0      0      0      0      0      -      0      0      0      0      0      0      0      0      0      0      0      0      0      0      0      0      0      0      0      0      0      0      0      0      0      0      0      0      0      0      0      0      0      0      0      0      0      0      0      0     
0x7f89ef5bb8a0           SHF.R.U32.HI R74, RZ, 0x3, R73                         1      0      1      20480  655360 655360 32     32     0      0      -      -      -      0      0      0      0      0      0      0      0      -      0      0      0      0      0      0      0      0      0      0      0      0      0      0      0      0      0      0      1      0      0      0      0      0      0      0      0      0      0      0      0      0      0      0      0      0      0      0      0      0     
0x7f89ef5bb8b0           VIADD R79, R3, 0x430                                   1      0      1      20480  655360 655360 32     32     0      0      -      -      -      0      0      0      0      0      0      0      0      -      0      0      0      0      0      0      0      0      0      0      0      0      0      0      0      0      0      0      1      0      0      0      0      0      0      0      0      0      0      0      0      0      0      0      0      0      0      0      0      0     
0x7f89ef5bb8c0           SHF.R.U32.HI R76, RZ, 0x3, R75                         0      0      0      20480  655360 655360 32     32     0      0      -      -      -      0      0      0      0      0      0      0      0      -      0      0      0      0      0      0      0      0      0      0      0      0      0      0      0      0      0      0      0      0      0      0      0      0      0      0      0      0      0      0      0      0      0      0      0      0      0      0      0      0     
0x7f89ef5bb8d0           VIADD R81, R3, 0x40                                    0      0      0      20480  655360 655360 32     32     0      0      -      -      -      0      0      0      0      0      0      0      0      -      0      0      0      0      0      0      0      0      0      0      0      0      0      0      0      0      0      0      0      0      0      0      0      0      0      0      0      0      0      0      0      0      0      0      0      0      0      0      0      0     
0x7f89ef5bb8e0           SHF.R.U32.HI R78, RZ, 0x3, R77                         0      0      0      20480  655360 655360 32     32     0      0      -      -      -      0      0      0      0      0      0      0      0      -      0      0      0      0      0      0      0      0      0      0      0      0      0      0      0      0      0      0      0      0      0      0      0      0      0      0      0      0      0      0      0      0      0      0      0      0      0      0      0      0     
0x7f89ef5bb8f0           VIADD R83, R3, 0x450                                   0      0      0      20480  655360 655360 32     32     0      0      -      -      -      0      0      0      0      0      0      0      0      -      0      0      0      0      0      0      0      0      0      0      0      0      0      0      0      0      0      0      0      0      0      0      0      0      0      0      0      0      0      0      0      0      0      0      0      0      0      0      0      0     
0x7f89ef5bb900           LOP3.LUT R71, R71, 0x70, R72, 0x78, !PT                0      0      0      20480  655360 655360 32     32     0      0      -      -      -      0      0      0      0      0      0      0      0      -      0      0      0      0      0      0      0      0      0      0      0      0      0      0      0      0      0      0      0      0      0      0      0      0      0      0      0      0      0      0      0      0      0      0      0      0      0      0      0      0     
0x7f89ef5bb910           VIADD R85, R3, 0x60                                    0      0      0      20480  655360 655360 32     32     0      0      -      -      -      0      0      0      0      0      0      0      0      -      0      0      0      0      0      0      0      0      0      0      0      0      0      0      0      0      0      0      0      0      0      0      0      0      0      0      0      0      0      0      0      0      0      0      0      0      0      0      0      0     
0x7f89ef5bb920           LOP3.LUT R72, R73, 0x70, R74, 0x78, !PT                0      0      0      20480  655360 655360 32     32     0      0      -      -      -      0      0      0      0      0      0      0      0      -      0      0      0      0      0      0      0      0      0      0      0      0      0      0      0      0      0      0      0      0      0      0      0      0      0      0      0      0      0      0      0      0      0      0      0      0      0      0      0      0     
0x7f89ef5bb930           VIADD R87, R3, 0x470                                   0      0      0      20480  655360 655360 32     32     0      0      -      -      -      0      0      0      0      0      0      0      0      -      0      0      0      0      0      0      0      0      0      0      0      0      0      0      0      0      0      0      0      0      0      0      0      0      0      0      0      0      0      0      0      0      0      0      0      0      0      0      0      0     
0x7f89ef5bb940           LOP3.LUT R73, R75, 0x70, R76, 0x78, !PT                1      0      1      20480  655360 655360 32     32     0      0      -      -      -      0      0      0      0      0      0      0      0      -      0      0      0      0      0      0      0      0      0      0      0      0      0      0      0      0      0      0      1      0      0      0      0      0      0      0      0      0      0      0      0      0      0      0      0      0      0      0      0      0     
0x7f89ef5bb950           VIADD R75, R3, 0x420                                   0      0      0      20480  655360 655360 32     32     0      0      -      -      -      0      0      0      0      0      0      0      0      -      0      0      0      0      0      0      0      0      0      0      0      0      0      0      0      0      0      0      0      0      0      0      0      0      0      0      0      0      0      0      0      0      0      0      0      0      0      0      0      0     
0x7f89ef5bb960           LOP3.LUT R74, R77, 0x70, R78, 0x78, !PT                0      0      0      20480  655360 655360 32     32     0      0      -      -      -      0      0      0      0      0      0      0      0      -      0      0      0      0      0      0      0      0      0      0      0      0      0      0      0      0      0      0      0      0      0      0      0      0      0      0      0      0      0      0      0      0      0      0      0      0      0      0      0      0     
0x7f89ef5bb970           VIADD R77, R3, 0x30                                    0      0      0      20480  655360 655360 32     32     0      0      -      -      -      0      0      0      0      0      0      0      0      -      0      0      0      0      0      0      0      0      0      0      0      0      0      0      0      0      0      0      0      0      0      0      0      0      0      0      0      0      0      0      0      0      0      0      0      0      0      0      0      0     
0x7f89ef5bb980           SHF.R.U32.HI R80, RZ, 0x3, R79                         2      0      2      20480  655360 655360 32     32     0      0      -      -      -      0      0      0      0      0      0      0      0      -      0      0      0      0      0      0      0      0      1      0      0      0      0      0      0      0      0      1      0      0      0      0      0      0      0      0      0      0      0      0      0      0      0      0      0      0      0      0      0      0     
0x7f89ef5bb990           VIADD R89, R3, 0x200                                   1      0      1      20480  655360 655360 32     32     0      0      -      -      -      0      0      0      0      0      0      0      0      -      0      0      0      0      0      0      0      0      0      0      0      0      0      0      0      0      0      0      1      0      0      0      0      0      0      0      0      0      0      0      0      0      0      0      0      0      0      0      0      0     
0x7f89ef5bb9a0           SHF.R.U32.HI R76, RZ, 0x3, R75                         1      0      1      20480  655360 655360 32     32     0      0      -      -      -      0      0      0      0      0      0      0      0      -      0      0      0      0      0      0      0      0      0      0      0      0      0      0      0      0      0      0      1      0      0      0      0      0      0      0      0      0      0      0      0      0      0      0      0      0      0      0      0      0     
0x7f89ef5bb9b0           VIADD R91, R3, 0x610                                   0      0      0      20480  655360 655360 32     32     0      0      -      -      -      0      0      0      0      0      0      0      0      -      0      0      0      0      0      0      0      0      0      0      0      0      0      0      0      0      0      0      0      0      0      0      0      0      0      0      0      0      0      0      0      0      0      0      0      0      0      0      0      0     
0x7f89ef5bb9c0           SHF.R.U32.HI R78, RZ, 0x3, R77                         0      0      0      20480  655360 655360 32     32     0      0      -      -      -      0      0      0      0      0      0      0      0      -      0      0      0      0      0      0      0      0      0      0      0      0      0      0      0      0      0      0      0      0      0      0      0      0      0      0      0      0      0      0      0      0      0      0      0      0      0      0      0      0     
0x7f89ef5bb9d0           VIADD R93, R3, 0x220                                   0      0      0      20480  655360 655360 32     32     0      0      -      -      -      0      0      0      0      0      0      0      0      -      0      0      0      0      0      0      0      0      0      0      0      0      0      0      0      0      0      0      0      0      0      0      0      0      0      0      0      0      0      0      0      0      0      0      0      0      0      0      0      0     
0x7f89ef5bb9e0           SHF.R.U32.HI R82, RZ, 0x3, R81                         0      0      0      20480  655360 655360 32     32     0      0      -      -      -      0      0      0      0      0      0      0      0      -      0      0      0      0      0      0      0      0      0      0      0      0      0      0      0      0      0      0      0      0      0      0      0      0      0      0      0      0      0      0      0      0      0      0      0      0      0      0      0      0     
0x7f89ef5bb9f0           VIADD R95, R3, 0x630                                   0      0      0      20480  655360 655360 32     32     0      0      -      -      -      0      0      0      0      0      0      0      0      -      0      0      0      0      0      0      0      0      0      0      0      0      0      0      0      0      0      0      0      0      0      0      0      0      0      0      0      0      0      0      0      0      0      0      0      0      0      0      0      0     
0x7f89ef5bba00           LOP3.LUT R75, R75, 0x70, R76, 0x78, !PT                0      0      0      20480  655360 655360 32     32     0      0      -      -      -      0      0      0      0      0      0      0      0      -      0      0      0      0      0      0      0      0      0      0      0      0      0      0      0      0      0      0      0      0      0      0      0      0      0      0      0      0      0      0      0      0      0      0      0      0      0      0      0      0     
0x7f89ef5bba10           VIADD R97, R3, 0x240                                   1      0      1      20480  655360 655360 32     32     0      0      -      -      -      0      0      0      0      0      0      0      0      -      0      0      0      0      0      0      0      0      0      0      0      0      0      0      0      0      0      0      1      0      0      0      0      0      0      0      0      0      0      0      0      0      0      0      0      0      0      0      0      0     
0x7f89ef5bba20           LOP3.LUT R76, R77, 0x70, R78, 0x78, !PT                0      0      0      20480  655360 655360 32     32     0      0      -      -      -      0      0      0      0      0      0      0      0      -      0      0      0      0      0      0      0      0      0      0      0      0      0      0      0      0      0      0      0      0      0      0      0      0      0      0      0      0      0      0      0      0      0      0      0      0      0      0      0      0     
0x7f89ef5bba30           VIADD R99, R3, 0x650                                   0      0      0      20480  655360 655360 32     32     0      0      -      -      -      0      0      0      0      0      0      0      0      -      0      0      0      0      0      0      0      0      0      0      0      0      0      0      0      0      0      0      0      0      0      0      0      0      0      0      0      0      0      0      0      0      0      0      0      0      0      0      0      0     
0x7f89ef5bba40           LOP3.LUT R77, R79, 0x70, R80, 0x78, !PT                1      0      1      20480  655360 655360 32     32     0      0      -      -      -      0      0      0      0      0      0      0      0      -      0      0      0      0      0      0      0      0      0      0      0      0      0      0      0      0      0      0      1      0      0      0      0      0      0      0      0      0      0      0      0      0      0      0      0      0      0      0      0      0     
0x7f89ef5bba50           VIADD R79, R3, 0x440                                   1      0      1      20480  655360 655360 32     32     0      0      -      -      -      0      0      0      0      0      0      0      0      -      0      0      0      0      0      0      0      0      0      0      0      0      0      0      0      0      0      0      1      0      0      0      0      0      0      0      0      0      0      0      0      0      0      0      0      0      0      0      0      0     
0x7f89ef5bba60           LOP3.LUT R78, R81, 0x70, R82, 0x78, !PT                0      0      0      20480  655360 655360 32     32     0      0      -      -      -      0      0      0      0      0      0      0      0      -      0      0      0      0      0      0      0      0      0      0      0      0      0      0      0      0      0      0      0      0      0      0      0      0      0      0      0      0      0      0      0      0      0      0      0      0      0      0      0      0     
0x7f89ef5bba70           VIADD R81, R3, 0x50                                    0      0      0      20480  655360 655360 32     32     0      0      -      -      -      0      0      0      0      0      0      0      0      -      0      0      0      0      0      0      0      0      0      0      0      0      0      0      0      0      0      0      0      0      0      0      0      0      0      0      0      0      0      0      0      0      0      0      0      0      0      0      0      0     
0x7f89ef5bba80           SHF.R.U32.HI R84, RZ, 0x3, R83                         1      0      1      20480  655360 655360 32     32     0      0      -      -      -      0      0      0      0      0      0      0      0      -      0      0      0      0      0      0      0      0      0      0      0      0      0      0      0      0      0      0      1      0      0      0      0      0      0      0      0      0      0      0      0      0      0      0      0      0      0      0      0      0     
0x7f89ef5bba90           VIADD R101, R3, 0x260                                  1      0      1      20480  655360 655360 32     32     0      0      -      -      -      0      0      0      0      0      0      0      0      -      0      0      0      0      0      0      0      0      0      0      0      0      0      0      0      0      0      0      1      0      0      0      0      0      0      0      0      0      0      0      0      0      0      0      0      0      0      0      0      0     
0x7f89ef5bbaa0           SHF.R.U32.HI R80, RZ, 0x3, R79                         1      0      1      20480  655360 655360 32     32     0      0      -      -      -      0      0      0      0      0      0      0      0      -      0      0      0      0      0      0      0      0      0      0      0      0      0      0      0      0      0      0      1      0      0      0      0      0      0      0      0      0      0      0      0      0      0      0      0      0      0      0      0      0     
0x7f89ef5bbab0           VIADD R103, R0, 0x100                                  1      0      1      20480  655360 655360 32     32     0      0      -      -      -      0      0      0      0      0      0      0      0      -      0      0      0      0      0      0      0      0      0      0      0      0      0      0      0      0      0      0      1      0      0      0      0      0      0      0      0      0      0      0      0      0      0      0      0      0      0      0      0      0     
0x7f89ef5bbac0           SHF.R.U32.HI R82, RZ, 0x3, R81                         0      0      0      20480  655360 655360 32     32     0      0      -      -      -      0      0      0      0      0      0      0      0      -      0      0      0      0      0      0      0      0      0      0      0      0      0      0      0      0      0      0      0      0      0      0      0      0      0      0      0      0      0      0      0      0      0      0      0      0      0      0      0      0     
0x7f89ef5bbad0           SHF.R.U32.HI R86, RZ, 0x3, R85                         0      0      0      20480  655360 655360 32     32     0      0      -      -      -      0      0      0      0      0      0      0      0      -      0      0      0      0      0      0      0      0      0      0      0      0      0      0      0      0      0      0      0      0      0      0      0      0      0      0      0      0      0      0      0      0      0      0      0      0      0      0      0      0     
0x7f89ef5bbae0           LOP3.LUT R79, R79, 0x70, R80, 0x78, !PT                0      0      0      20480  655360 655360 32     32     0      0      -      -      -      0      0      0      0      0      0      0      0      -      0      0      0      0      0      0      0      0      0      0      0      0      0      0      0      0      0      0      0      0      0      0      0      0      0      0      0      0      0      0      0      0      0      0      0      0      0      0      0      0     
0x7f89ef5bbaf0           LOP3.LUT R80, R81, 0x70, R82, 0x78, !PT                1      0      1      20480  655360 655360 32     32     0      0      -      -      -      0      0      0      0      0      0      0      0      -      0      0      0      0      0      0      0      0      0      0      0      0      0      0      0      0      0      0      1      0      0      0      0      0      0      0      0      0      0      0      0      0      0      0      0      0      0      0      0      0     
0x7f89ef5bbb00           LOP3.LUT R81, R83, 0x70, R84, 0x78, !PT                2      1      2      20480  655360 655360 32     32     0      0      -      -      -      0      0      0      0      0      0      0      0      -      0      0      0      0      0      0      0      0      0      0      0      0      0      0      0      0      0      0      1      0      0      0      1      0      0      0      0      0      0      0      0      0      0      0      0      0      0      0      0      1     
0x7f89ef5bbb10           VIADD R83, R3, 0x460                                   0      0      0      20480  655360 655360 32     32     0      0      -      -      -      0      0      0      0      0      0      0      0      -      0      0      0      0      0      0      0      0      0      0      0      0      0      0      0      0      0      0      0      0      0      0      0      0      0      0      0      0      0      0      0      0      0      0      0      0      0      0      0      0     
0x7f89ef5bbb20           LOP3.LUT R82, R85, 0x70, R86, 0x78, !PT                1      0      1      20480  655360 655360 32     32     0      0      -      -      -      0      0      0      0      0      0      0      0      -      0      0      0      0      0      0      0      0      0      0      0      0      0      0      0      0      0      0      1      0      0      0      0      0      0      0      0      0      0      0      0      0      0      0      0      0      0      0      0      0     
0x7f89ef5bbb30           VIADD R85, R3, 0x70                                    0      0      0      20480  655360 655360 32     32     0      0      -      -      -      0      0      0      0      0      0      0      0      -      0      0      0      0      0      0      0      0      0      0      0      0      0      0      0      0      0      0      0      0      0      0      0      0      0      0      0      0      0      0      0      0      0      0      0      0      0      0      0      0     
0x7f89ef5bbb40           SHF.R.U32.HI R88, RZ, 0x3, R87                         0      0      0      20480  655360 655360 32     32     0      0      -      -      -      0      0      0      0      0      0      0      0      -      0      0      0      0      0      0      0      0      0      0      0      0      0      0      0      0      0      0      0      0      0      0      0      0      0      0      0      0      0      0      0      0      0      0      0      0      0      0      0      0     
0x7f89ef5bbb50           SHF.R.U32.HI R84, RZ, 0x3, R83                         1      0      1      20480  655360 655360 32     32     0      0      -      -      -      0      0      0      0      0      0      0      0      -      0      0      0      0      0      0      0      0      0      0      0      0      0      0      0      0      0      1      0      0      0      0      0      0      0      0      0      0      0      0      0      0      0      0      0      0      0      0      0      0     
0x7f89ef5bbb60           SHF.R.U32.HI R86, RZ, 0x3, R85                         1      0      1      20480  655360 655360 32     32     0      0      -      -      -      0      0      0      0      0      0      0      0      -      0      0      0      0      0      0      0      0      0      0      0      0      0      0      0      0      0      0      1      0      0      0      0      0      0      0      0      0      0      0      0      0      0      0      0      0      0      0      0      0     
0x7f89ef5bbb70           SHF.R.U32.HI R90, RZ, 0x3, R89                         2      1      2      20480  655360 655360 32     32     0      0      -      -      -      0      0      0      0      0      0      0      0      -      0      0      0      0      0      0      0      0      0      0      0      0      0      0      0      0      0      0      1      0      0      0      1      0      0      0      0      0      0      0      0      0      0      0      0      0      0      0      0      1     
0x7f89ef5bbb80           LOP3.LUT R83, R83, 0x70, R84, 0x78, !PT                1      0      1      20480  655360 655360 32     32     0      0      -      -      -      0      0      0      0      0      0      0      0      -      0      0      0      0      0      0      0      0      0      0      0      0      0      0      0      0      0      0      1      0      0      0      0      0      0      0      0      0      0      0      0      0      0      0      0      0      0      0      0      0     
0x7f89ef5bbb90           LOP3.LUT R84, R85, 0x70, R86, 0x78, !PT                1      0      1      20480  655360 655360 32     32     0      0      -      -      -      0      0      0      0      0      0      0      0      -      0      0      0      0      0      0      0      0      0      0      0      0      0      0      0      0      0      0      1      0      0      0      0      0      0      0      0      0      0      0      0      0      0      0      0      0      0      0      0      0     
0x7f89ef5bbba0           LOP3.LUT R85, R87, 0x70, R88, 0x78, !PT                1      0      1      20480  655360 655360 32     32     0      0      -      -      -      0      0      0      0      0      0      0      0      -      0      0      0      0      0      0      0      0      0      0      0      0      0      0      0      0      0      0      1      0      0      0      0      0      0      0      0      0      0      0      0      0      0      0      0      0      0      0      0      0     
0x7f89ef5bbbb0           VIADD R87, R3, 0x600                                   1      0      1      20480  655360 655360 32     32     0      0      -      -      -      0      0      0      0      0      0      0      0      -      0      0      0      0      0      0      0      0      0      0      0      0      0      0      0      0      0      0      1      0      0      0      0      0      0      0      0      0      0      0      0      0      0      0      0      0      0      0      0      0     
0x7f89ef5bbbc0           LOP3.LUT R86, R89, 0x70, R90, 0x78, !PT                1      0      1      20480  655360 655360 32     32     0      0      -      -      -      0      0      0      0      0      0      0      0      -      0      0      0      0      0      0      0      0      0      0      0      0      0      0      0      0      0      0      1      0      0      0      0      0      0      0      0      0      0      0      0      0      0      0      0      0      0      0      0      0     
0x7f89ef5bbbd0           VIADD R89, R3, 0x210                                   1      0      1      20480  655360 655360 32     32     0      0      -      -      -      0      0      0      0      0      0      0      0      -      0      0      0      0      0      0      0      0      0      0      0      0      0      0      0      0      0      0      1      0      0      0      0      0      0      0      0      0      0      0      0      0      0      0      0      0      0      0      0      0     
0x7f89ef5bbbe0           SHF.R.U32.HI R92, RZ, 0x3, R91                         0      0      0      20480  655360 655360 32     32     0      0      -      -      -      0      0      0      0      0      0      0      0      -      0      0      0      0      0      0      0      0      0      0      0      0      0      0      0      0      0      0      0      0      0      0      0      0      0      0      0      0      0      0      0      0      0      0      0      0      0      0      0      0     
0x7f89ef5bbbf0           SHF.R.U32.HI R88, RZ, 0x3, R87                         0      0      0      20480  655360 655360 32     32     0      0      -      -      -      0      0      0      0      0      0      0      0      -      0      0      0      0      0      0      0      0      0      0      0      0      0      0      0      0      0      0      0      0      0      0      0      0      0      0      0      0      0      0      0      0      0      0      0      0      0      0      0      0     
0x7f89ef5bbc00           SHF.R.U32.HI R90, RZ, 0x3, R89                         0      0      0      20480  655360 655360 32     32     0      0      -      -      -      0      0      0      0      0      0      0      0      -      0      0      0      0      0      0      0      0      0      0      0      0      0      0      0      0      0      0      0      0      0      0      0      0      0      0      0      0      0      0      0      0      0      0      0      0      0      0      0      0     
0x7f89ef5bbc10           SHF.R.U32.HI R94, RZ, 0x3, R93                         1      1      1      20480  655360 655360 32     32     0      0      -      -      -      0      0      0      0      0      0      0      0      -      0      0      0      0      0      0      0      0      0      0      0      0      0      0      0      0      0      0      0      0      0      0      1      0      0      0      0      0      0      0      0      0      0      0      0      0      0      0      0      1     
0x7f89ef5bbc20           LOP3.LUT R87, R87, 0x70, R88, 0x78, !PT                0      0      0      20480  655360 655360 32     32     0      0      -      -      -      0      0      0      0      0      0      0      0      -      0      0      0      0      0      0      0      0      0      0      0      0      0      0      0      0      0      0      0      0      0      0      0      0      0      0      0      0      0      0      0      0      0      0      0      0      0      0      0      0     
0x7f89ef5bbc30           LOP3.LUT R88, R89, 0x70, R90, 0x78, !PT                1      0      1      20480  655360 655360 32     32     0      0      -      -      -      0      0      0      0      0      0      0      0      -      0      0      0      0      0      0      0      0      0      0      0      0      0      0      0      0      0      0      1      0      0      0      0      0      0      0      0      0      0      0      0      0      0      0      0      0      0      0      0      0     
0x7f89ef5bbc40           LOP3.LUT R89, R91, 0x70, R92, 0x78, !PT                1      0      1      20480  655360 655360 32     32     0      0      -      -      -      0      0      0      0      0      0      0      0      -      0      0      0      0      0      0      0      0      0      0      0      0      0      0      0      0      0      0      1      0      0      0      0      0      0      0      0      0      0      0      0      0      0      0      0      0      0      0      0      0     
0x7f89ef5bbc50           VIADD R91, R3, 0x620                                   0      0      0      20480  655360 655360 32     32     0      0      -      -      -      0      0      0      0      0      0      0      0      -      0      0      0      0      0      0      0      0      0      0      0      0      0      0      0      0      0      0      0      0      0      0      0      0      0      0      0      0      0      0      0      0      0      0      0      0      0      0      0      0     
0x7f89ef5bbc60           LOP3.LUT R90, R93, 0x70, R94, 0x78, !PT                0      0      0      20480  655360 655360 32     32     0      0      -      -      -      0      0      0      0      0      0      0      0      -      0      0      0      0      0      0      0      0      0      0      0      0      0      0      0      0      0      0      0      0      0      0      0      0      0      0      0      0      0      0      0      0      0      0      0      0      0      0      0      0     
0x7f89ef5bbc70           VIADD R93, R3, 0x230                                   0      0      0      20480  655360 655360 32     32     0      0      -      -      -      0      0      0      0      0      0      0      0      -      0      0      0      0      0      0      0      0      0      0      0      0      0      0      0      0      0      0      0      0      0      0      0      0      0      0      0      0      0      0      0      0      0      0      0      0      0      0      0      0     
0x7f89ef5bbc80           SHF.R.U32.HI R96, RZ, 0x3, R95                         1      0      1      20480  655360 655360 32     32     0      0      -      -      -      0      0      0      0      0      0      0      0      -      0      0      0      0      0      0      0      0      0      0      0      0      0      0      0      0      0      0      1      0      0      0      0      0      0      0      0      0      0      0      0      0      0      0      0      0      0      0      0      0     
0x7f89ef5bbc90           SHF.R.U32.HI R92, RZ, 0x3, R91                         1      0      1      20480  655360 655360 32     32     0      0      -      -      -      0      0      0      0      0      0      0      0      -      0      0      0      0      0      0      0      0      0      0      0      0      0      0      0      0      0      0      1      0      0      0      0      0      0      0      0      0      0      0      0      0      0      0      0      0      0      0      0      0     
0x7f89ef5bbca0           SHF.R.U32.HI R94, RZ, 0x3, R93                         1      1      1      20480  655360 655360 32     32     0      0      -      -      -      0      0      0      0      0      0      0      0      -      0      0      0      0      0      0      0      0      0      0      0      0      1      0      0      0      0      0      0      0      0      0      0      0      0      0      0      0      0      1      0      0      0      0      0      0      0      0      0      0     
0x7f89ef5bbcb0           SHF.R.U32.HI R98, RZ, 0x3, R97                         0      0      0      20480  655360 655360 32     32     0      0      -      -      -      0      0      0      0      0      0      0      0      -      0      0      0      0      0      0      0      0      0      0      0      0      0      0      0      0      0      0      0      0      0      0      0      0      0      0      0      0      0      0      0      0      0      0      0      0      0      0      0      0     
0x7f89ef5bbcc0           LOP3.LUT R91, R91, 0x70, R92, 0x78, !PT                1      0      1      20480  655360 655360 32     32     0      0      -      -      -      0      0      0      0      0      0      0      0      -      0      0      0      0      0      0      0      0      0      0      0      0      0      0      0      0      0      0      1      0      0      0      0      0      0      0      0      0      0      0      0      0      0      0      0      0      0      0      0      0     
0x7f89ef5bbcd0           LOP3.LUT R92, R93, 0x70, R94, 0x78, !PT                1      0      1      20480  655360 655360 32     32     0      0      -      -      -      0      0      0      0      0      0      0      0      -      0      0      0      0      0      0      0      0      0      0      0      0      0      0      0      0      0      1      0      0      0      0      0      0      0      0      0      0      0      0      0      0      0      0      0      0      0      0      0      0     
0x7f89ef5bbce0           LOP3.LUT R93, R95, 0x70, R96, 0x78, !PT                1      1      1      20480  655360 655360 32     32     0      0      -      -      -      0      0      0      0      0      0      0      0      -      0      0      0      0      0      0      0      0      0      0      0      0      1      0      0      0      0      0      0      0      0      0      0      0      0      0      0      0      0      1      0      0      0      0      0      0      0      0      0      0     
0x7f89ef5bbcf0           VIADD R96, R3, 0x640                                   0      0      0      20480  655360 655360 32     32     0      0      -      -      -      0      0      0      0      0      0      0      0      -      0      0      0      0      0      0      0      0      0      0      0      0      0      0      0      0      0      0      0      0      0      0      0      0      0      0      0      0      0      0      0      0      0      0      0      0      0      0      0      0     
0x7f89ef5bbd00           LOP3.LUT R94, R97, 0x70, R98, 0x78, !PT                1      0      1      20480  655360 655360 32     32     0      0      -      -      -      0      0      0      0      0      0      0      0      -      0      0      0      0      0      0      0      0      0      0      0      0      0      0      0      0      0      0      1      0      0      0      0      0      0      0      0      0      0      0      0      0      0      0      0      0      0      0      0      0     
0x7f89ef5bbd10           VIADD R97, R3, 0x250                                   1      0      1      20480  655360 655360 32     32     0      0      -      -      -      0      0      0      0      0      0      0      0      -      0      0      0      0      0      0      0      0      0      0      0      0      0      0      0      0      0      0      1      0      0      0      0      0      0      0      0      0      0      0      0      0      0      0      0      0      0      0      0      0     
0x7f89ef5bbd20           SHF.R.U32.HI R100, RZ, 0x3, R99                        0      0      0      20480  655360 655360 32     32     0      0      -      -      -      0      0      0      0      0      0      0      0      -      0      0      0      0      0      0      0      0      0      0      0      0      0      0      0      0      0      0      0      0      0      0      0      0      0      0      0      0      0      0      0      0      0      0      0      0      0      0      0      0     
0x7f89ef5bbd30           SHF.R.U32.HI R95, RZ, 0x3, R96                         3      2      3      20480  655360 655360 32     32     0      0      -      -      -      0      0      0      0      0      0      0      0      -      0      0      0      0      0      0      0      0      0      0      0      0      1      0      0      0      0      0      1      0      0      0      1      0      0      0      0      0      0      1      0      0      0      0      0      0      0      0      0      1     
0x7f89ef5bbd40           SHF.R.U32.HI R98, RZ, 0x3, R97                         0      0      0      20480  655360 655360 32     32     0      0      -      -      -      0      0      0      0      0      0      0      0      -      0      0      0      0      0      0      0      0      0      0      0      0      0      0      0      0      0      0      0      0      0      0      0      0      0      0      0      0      0      0      0      0      0      0      0      0      0      0      0      0     
0x7f89ef5bbd50           LOP3.LUT R96, R96, 0x70, R95, 0x78, !PT                0      0      0      20480  655360 655360 32     32     0      0      -      -      -      0      0      0      0      0      0      0      0      -      0      0      0      0      0      0      0      0      0      0      0      0      0      0      0      0      0      0      0      0      0      0      0      0      0      0      0      0      0      0      0      0      0      0      0      0      0      0      0      0     
0x7f89ef5bbd60           LOP3.LUT R95, R97, 0x70, R98, 0x78, !PT                0      0      0      20480  655360 655360 32     32     0      0      -      -      -      0      0      0      0      0      0      0      0      -      0      0      0      0      0      0      0      0      0      0      0      0      0      0      0      0      0      0      0      0      0      0      0      0      0      0      0      0      0      0      0      0      0      0      0      0      0      0      0      0     
0x7f89ef5bbd70           LOP3.LUT R97, R99, 0x70, R100, 0x78, !PT               2      1      2      20480  655360 655360 32     32     0      0      -      -      -      0      0      0      0      0      0      0      0      -      0      0      0      0      0      0      0      0      0      0      0      0      0      0      0      0      0      0      1      0      0      0      1      0      0      0      0      0      0      0      0      0      0      0      0      0      0      0      0      1     
0x7f89ef5bbd80           VIADD R99, R3, 0x660                                   0      0      0      20480  655360 655360 32     32     0      0      -      -      -      0      0      0      0      0      0      0      0      -      0      0      0      0      0      0      0      0      0      0      0      0      0      0      0      0      0      0      0      0      0      0      0      0      0      0      0      0      0      0      0      0      0      0      0      0      0      0      0      0     
0x7f89ef5bbd90           SHF.R.U32.HI R102, RZ, 0x3, R101                       0      0      0      20480  655360 655360 32     32     0      0      -      -      -      0      0      0      0      0      0      0      0      -      0      0      0      0      0      0      0      0      0      0      0      0      0      0      0      0      0      0      0      0      0      0      0      0      0      0      0      0      0      0      0      0      0      0      0      0      0      0      0      0     
0x7f89ef5bbda0           SHF.R.U32.HI R100, RZ, 0x3, R3                         0      0      0      20480  655360 655360 32     32     0      0      -      -      -      0      0      0      0      0      0      0      0      -      0      0      0      0      0      0      0      0      0      0      0      0      0      0      0      0      0      0      0      0      0      0      0      0      0      0      0      0      0      0      0      0      0      0      0      0      0      0      0      0     
0x7f89ef5bbdb0           LOP3.LUT R98, R101, 0x70, R102, 0x78, !PT              0      0      0      20480  655360 655360 32     32     0      0      -      -      -      0      0      0      0      0      0      0      0      -      0      0      0      0      0      0      0      0      0      0      0      0      0      0      0      0      0      0      0      0      0      0      0      0      0      0      0      0      0      0      0      0      0      0      0      0      0      0      0      0     
0x7f89ef5bbdc0           VIADD R101, R3, 0x270                                  0      0      0      20480  655360 655360 32     32     0      0      -      -      -      0      0      0      0      0      0      0      0      -      0      0      0      0      0      0      0      0      0      0      0      0      0      0      0      0      0      0      0      0      0      0      0      0      0      0      0      0      0      0      0      0      0      0      0      0      0      0      0      0     
0x7f89ef5bbdd0           SHF.R.U32.HI R104, RZ, 0x3, R99                        0      0      0      20480  655360 655360 32     32     0      0      -      -      -      0      0      0      0      0      0      0      0      -      0      0      0      0      0      0      0      0      0      0      0      0      0      0      0      0      0      0      0      0      0      0      0      0      0      0      0      0      0      0      0      0      0      0      0      0      0      0      0      0     
0x7f89ef5bbde0           LOP3.LUT R102, R3, 0x70, R100, 0x78, !PT               0      0      0      20480  655360 655360 32     32     0      0      -      -      -      0      0      0      0      0      0      0      0      -      0      0      0      0      0      0      0      0      0      0      0      0      0      0      0      0      0      0      0      0      0      0      0      0      0      0      0      0      0      0      0      0      0      0      0      0      0      0      0      0     
0x7f89ef5bbdf0           VIADD R3, R3, 0x670                                    1      0      1      20480  655360 655360 32     32     0      0      -      -      -      0      0      0      0      0      0      0      0      -      0      0      0      0      0      0      0      0      0      0      0      0      0      0      0      0      0      0      1      0      0      0      0      0      0      0      0      0      0      0      0      0      0      0      0      0      0      0      0      0     
0x7f89ef5bbe00           LOP3.LUT R100, R99, 0x70, R104, 0x78, !PT              1      0      1      20480  655360 655360 32     32     0      0      -      -      -      0      0      0      0      0      0      0      0      -      0      0      0      0      0      0      0      0      0      0      0      0      0      0      0      0      0      0      1      0      0      0      0      0      0      0      0      0      0      0      0      0      0      0      0      0      0      0      0      0     
0x7f89ef5bbe10           SHF.R.U32.HI R104, RZ, 0x3, R101                       0      0      0      20480  655360 655360 32     32     0      0      -      -      -      0      0      0      0      0      0      0      0      -      0      0      0      0      0      0      0      0      0      0      0      0      0      0      0      0      0      0      0      0      0      0      0      0      0      0      0      0      0      0      0      0      0      0      0      0      0      0      0      0     
0x7f89ef5bbe20           STS.U16 [R102], R12                                    0      0      0      20480  655360 655360 32     32     0      0      Shared Store  16     0      1      0      20480  20480  0      0      0      -      0      0      0      0      0      0      0      0      0      0      0      0      0      0      0      0      0      0      0      0      0      0      0      0      0      0      0      0      0      0      0      0      0      0      0      0      0      0      0      0     
0x7f89ef5bbe30           SHF.R.U32.HI R106, RZ, 0x3, R3                         1      0      1      20480  655360 655360 32     32     0      0      -      -      -      0      0      0      0      0      0      0      0      -      0      0      0      0      0      0      0      0      0      0      0      0      0      0      0      0      0      0      1      0      0      0      0      0      0      0      0      0      0      0      0      0      0      0      0      0      0      0      0      0     
0x7f89ef5bbe40           SHF.R.U32.HI R108, RZ, 0x3, R103                       1      0      1      20480  655360 655360 32     32     0      0      -      -      -      0      0      0      0      0      0      0      0      -      0      0      0      0      0      0      0      0      0      0      0      0      0      0      0      0      0      1      0      0      0      0      0      0      0      0      0      0      0      0      0      0      0      0      0      0      0      0      0      0     
0x7f89ef5bbe50           STS.U16 [R71], R105                                    1      0      1      20480  655360 655360 32     32     0      0      Shared Store  16     0      1      0      20480  20480  0      0      0      -      0      0      0      0      0      0      0      0      0      0      0      0      0      0      0      0      0      0      1      0      0      0      0      0      0      0      0      0      0      0      0      0      0      0      0      0      0      0      0      0     
0x7f89ef5bbe60           LOP3.LUT R101, R101, 0x70, R104, 0x78, !PT             0      0      0      20480  655360 655360 32     32     0      0      -      -      -      0      0      0      0      0      0      0      0      -      0      0      0      0      0      0      0      0      0      0      0      0      0      0      0      0      0      0      0      0      0      0      0      0      0      0      0      0      0      0      0      0      0      0      0      0      0      0      0      0     
0x7f89ef5bbe70           LOP3.LUT R99, R3, 0x70, R106, 0x78, !PT                2      1      2      20480  655360 655360 32     32     0      0      -      -      -      0      0      0      0      0      0      0      0      -      0      0      0      0      0      0      0      0      0      0      0      0      0      0      0      0      0      0      1      0      0      0      1      0      0      0      0      0      0      0      0      0      0      0      0      0      0      0      0      1     
0x7f89ef5bbe80           STS.U16 [R102+0x800], R13                              1      1      1      20480  655360 655360 32     32     0      0      Shared Store  16     0      1      0      20480  20480  0      0      0      -      0      0      0      0      0      0      0      0      0      0      0      0      0      0      1      0      0      0      0      0      0      0      0      0      0      0      0      0      0      0      0      1      0      0      0      0      0      0      0      0     
0x7f89ef5bbe90           PRMT R104, R13, 0x7632, R104                           0      0      0      20480  655360 655360 32     32     0      0      -      -      -      0      0      0      0      0      0      0      0      -      0      0      0      0      0      0      0      0      0      0      0      0      0      0      0      0      0      0      0      0      0      0      0      0      0      0      0      0      0      0      0      0      0      0      0      0      0      0      0      0     
0x7f89ef5bbea0           LOP3.LUT R3, R103, 0x70, R108, 0x78, !PT               0      0      0      20480  655360 655360 32     32     0      0      -      -      -      0      0      0      0      0      0      0      0      -      0      0      0      0      0      0      0      0      0      0      0      0      0      0      0      0      0      0      0      0      0      0      0      0      0      0      0      0      0      0      0      0      0      0      0      0      0      0      0      0     
0x7f89ef5bbeb0           PRMT R103, R14, 0x7632, R103                           1      1      1      20480  655360 655360 32     32     0      0      -      -      -      0      0      0      0      0      0      0      0      -      0      0      0      0      0      0      0      0      0      0      0      0      0      0      0      0      0      0      0      0      0      0      1      0      0      0      0      0      0      0      0      0      0      0      0      0      0      0      0      1     
0x7f89ef5bbec0           STS.U16 [R71+0x800], R104                              1      1      1      20480  655360 655360 32     32     0      0      Shared Store  16     0      1      0      20480  20480  0      0      0      -      0      0      0      0      0      0      0      0      0      0      0      0      0      0      1      0      0      0      0      0      0      0      0      0      0      0      0      0      0      0      0      1      0      0      0      0      0      0      0      0     
0x7f89ef5bbed0           PRMT R12, R15, 0x7632, R12                             16     14     16     20480  655360 655360 32     32     0      0      -      -      -      0      0      0      0      0      0      0      0      -      0      0      0      0      0      0      0      0      1      0      0      0      0      0      0      0      0      0      0      15     0      0      0      0      0      1      0      0      0      0      0      0      0      0      0      0      13     0      0      0     
0x7f89ef5bbee0           PRMT R106, R28, 0x7632, R106                           2      0      2      20480  655360 655360 32     32     0      0      -      -      -      0      0      0      0      0      0      0      0      -      0      0      0      0      0      0      0      0      0      0      0      0      0      0      0      0      0      1      1      0      0      0      0      0      0      0      0      0      0      0      0      0      0      0      0      0      0      0      0      0     
0x7f89ef5bbef0           STS.U16 [R102+0x1000], R14                             0      0      0      20480  655360 655360 32     32     0      0      Shared Store  16     0      1      0      20480  20480  0      0      0      -      0      0      0      0      0      0      0      0      0      0      0      0      0      0      0      0      0      0      0      0      0      0      0      0      0      0      0      0      0      0      0      0      0      0      0      0      0      0      0      0     
0x7f89ef5bbf00           PRMT R13, R30, 0x7632, R13                             10     8      10     20480  655360 655360 32     32     0      0      -      -      -      0      0      0      0      0      0      0      0      -      0      0      0      0      0      0      0      0      0      0      0      0      1      0      0      0      0      1      0      8      0      0      0      0      0      0      0      0      0      0      0      0      0      0      0      0      8      0      0      0     
0x7f89ef5bbf10           STS.U16 [R71+0x1000], R103                             1      1      1      20480  655360 655360 32     32     0      0      Shared Store  16     0      1      0      20480  20480  0      0      0      -      0      0      0      0      0      0      0      0      0      0      0      0      0      0      0      0      0      0      0      0      0      0      1      0      0      0      0      0      0      0      0      0      0      0      0      0      0      0      0      1     
0x7f89ef5bbf20           STS.U16 [R102+0x1800], R15                             0      0      0      20480  655360 655360 32     32     0      0      Shared Store  16     0      1      0      20480  20480  0      0      0      -      0      0      0      0      0      0      0      0      0      0      0      0      0      0      0      0      0      0      0      0      0      0      0      0      0      0      0      0      0      0      0      0      0      0      0      0      0      0      0      0     
0x7f89ef5bbf30           PRMT R14, R31, 0x7632, R14                             9      8      9      20480  655360 655360 32     32     0      0      -      -      -      0      0      0      0      0      0      0      0      -      0      0      0      0      0      0      0      0      0      0      0      0      0      0      0      0      0      1      0      8      0      0      0      0      0      0      0      0      0      0      0      0      0      0      0      0      8      0      0      0     
0x7f89ef5bbf40           STS.U16 [R71+0x1800], R12                              1      1      1      20480  655360 655360 32     32     0      0      Shared Store  16     0      1      0      20480  20480  0      0      0      -      0      0      0      0      0      0      0      0      0      0      0      0      0      0      0      0      0      0      0      0      0      0      1      0      0      0      0      0      0      0      0      0      0      0      0      0      0      0      0      1     
0x7f89ef5bbf50           STS.U16 [R72], R28                                     2      1      2      20480  655360 655360 32     32     0      0      Shared Store  16     0      1      0      20480  20480  0      0      0      -      0      0      0      0      0      0      0      0      0      0      0      0      0      0      0      0      0      0      1      0      0      0      1      0      0      0      0      0      0      0      0      0      0      0      0      0      0      0      0      1     
0x7f89ef5bbf60           PRMT R15, R44, 0x7632, R15                             5      4      5      20480  655360 655360 32     32     0      0      -      -      -      0      0      0      0      0      0      0      0      -      0      0      0      0      0      0      0      0      0      0      0      0      0      0      0      0      0      0      0      5      0      0      0      0      0      0      0      0      0      0      0      0      0      0      0      0      4      0      0      0     
0x7f89ef5bbf70           STS.U16 [R73], R106                                    4      2      4      20480  655360 655360 32     32     0      0      Shared Store  16     0      1      0      20480  20480  0      0      0      -      0      0      0      0      0      0      0      0      0      0      0      0      0      0      1      0      0      0      2      0      0      0      1      0      0      0      0      0      0      0      0      1      0      0      0      0      0      0      0      1     
0x7f89ef5bbf80           PRMT R12, R45, 0x7632, R12                             12     9      12     20480  655360 655360 32     32     0      0      -      -      -      0      0      0      0      0      0      0      0      -      0      0      0      0      0      0      0      0      0      0      0      0      1      0      0      0      0      0      1      10     0      0      0      0      0      0      0      0      0      0      0      0      0      0      0      0      9      0      0      0     
0x7f89ef5bbf90           STS.U16 [R72+0x800], R29                               2      0      2      20480  655360 655360 32     32     0      0      Shared Store  16     0      1      0      20480  20480  0      0      0      -      0      0      0      0      0      0      0      0      0      0      0      0      0      0      0      0      0      0      1      0      0      0      1      0      0      0      0      0      0      0      0      0      0      0      0      0      0      0      0      0     
0x7f89ef5bbfa0           PRMT R28, R46, 0x7632, R28                             3      2      3      20480  655360 655360 32     32     0      0      -      -      -      0      0      0      0      0      0      0      0      -      0      0      0      0      0      0      0      0      0      0      0      0      0      0      0      0      0      0      1      2      0      0      0      0      0      0      0      0      0      0      0      0      0      0      0      0      2      0      0      0     
0x7f89ef5bbfb0           STS.U16 [R73+0x800], R107                              1      0      1      20480  655360 655360 32     32     0      0      Shared Store  16     0      1      0      20480  20480  0      0      0      -      0      0      0      0      0      0      0      0      0      0      0      0      0      0      0      0      0      1      0      0      0      0      0      0      0      0      0      0      0      0      0      0      0      0      0      0      0      0      0      0     
0x7f89ef5bbfc0           STS.U16 [R72+0x1000], R30                              2      0      2      20480  655360 655360 32     32     0      0      Shared Store  16     0      1      0      20480  20480  0      0      0      -      0      0      0      0      0      0      0      0      0      0      0      0      0      0      0      0      0      0      2      0      0      0      0      0      0      0      0      0      0      0      0      0      0      0      0      0      0      0      0      0     
0x7f89ef5bbfd0           PRMT R29, R47, 0x7632, R29                             10     9      10     20480  655360 655360 32     32     0      0      -      -      -      0      0      0      0      0      0      0      0      -      0      0      0      0      0      0      0      0      0      0      0      0      0      0      0      0      0      0      0      10     0      0      0      0      0      0      0      0      0      0      0      0      0      0      0      0      9      0      0      0     
0x7f89ef5bbfe0           STS.U16 [R73+0x1000], R13                              1      0      1      20480  655360 655360 32     32     0      0      Shared Store  16     0      1      0      20480  20480  0      0      0      -      0      0      0      0      0      0      0      0      0      0      0      0      0      0      0      0      0      0      0      0      0      0      1      0      0      0      0      0      0      0      0      0      0      0      0      0      0      0      0      0     
0x7f89ef5bbff0           STS.U16 [R72+0x1800], R31                              0      0      0      20480  655360 655360 32     32     0      0      Shared Store  16     0      1      0      20480  20480  0      0      0      -      0      0      0      0      0      0      0      0      0      0      0      0      0      0      0      0      0      0      0      0      0      0      0      0      0      0      0      0      0      0      0      0      0      0      0      0      0      0      0      0     
0x7f89ef5bc000           STS.U16 [R73+0x1800], R14                              2      1      2      20480  655360 655360 32     32     0      0      Shared Store  16     0      1      0      20480  20480  0      0      0      -      0      0      0      0      0      0      0      0      0      0      0      0      0      0      0      0      0      0      1      0      0      0      1      0      0      0      0      0      0      0      0      0      0      0      0      0      0      0      0      1     
0x7f89ef5bc010           PRMT R13, R60, 0x7632, R13                             14     13     14     20480  655360 655360 32     32     0      0      -      -      -      0      0      0      0      0      0      0      0      -      0      0      0      0      0      0      0      0      0      0      0      0      1      0      0      0      0      0      0      13     0      0      0      0      0      0      0      0      0      1      0      0      0      0      0      0      12     0      0      0     
0x7f89ef5bc020           STS.U16 [R74], R44                                     1      0      1      20480  655360 655360 32     32     0      0      Shared Store  16     0      1      0      20480  20480  0      0      0      -      0      0      0      0      0      0      0      0      0      0      0      0      0      0      0      0      0      0      1      0      0      0      0      0      0      0      0      0      0      0      0      0      0      0      0      0      0      0      0      0     
0x7f89ef5bc030           STS.U16 [R75], R15                                     2      0      2      20480  655360 655360 32     32     0      0      Shared Store  16     0      1      0      20480  20480  0      0      0      -      0      0      0      0      0      0      0      0      0      0      0      0      0      0      0      0      0      0      2      0      0      0      0      0      0      0      0      0      0      0      0      0      0      0      0      0      0      0      0      0     
0x7f89ef5bc040           PRMT R14, R61, 0x7632, R14                             5      4      5      20480  655360 655360 32     32     0      0      -      -      -      0      0      0      0      0      0      0      0      -      0      0      0      0      0      0      0      0      0      0      0      0      0      0      0      0      0      0      1      4      0      0      0      0      0      0      0      0      0      0      0      0      0      0      0      0      4      0      0      0     
0x7f89ef5bc050           STS.U16 [R74+0x800], R45                               1      0      1      20480  655360 655360 32     32     0      0      Shared Store  16     0      1      0      20480  20480  0      0      0      -      0      0      0      0      0      0      0      0      0      0      0      0      0      0      0      0      0      0      0      0      0      0      1      0      0      0      0      0      0      0      0      0      0      0      0      0      0      0      0      0     
0x7f89ef5bc060           STS.U16 [R75+0x800], R12                               1      1      1      20480  655360 655360 32     32     0      0      Shared Store  16     0      1      0      20480  20480  0      0      0      -      0      0      0      0      0      0      0      0      0      0      0      0      0      0      0      0      0      0      0      0      0      0      1      0      0      0      0      0      0      0      0      0      0      0      0      0      0      0      0      1     
0x7f89ef5bc070           PRMT R15, R62, 0x7632, R15                             10     8      10     20480  655360 655360 32     32     0      0      -      -      -      0      0      0      0      0      0      0      0      -      0      0      0      0      0      0      0      0      0      0      0      0      0      0      0      0      0      0      2      8      0      0      0      0      0      0      0      0      0      0      0      0      0      0      0      0      8      0      0      0     
0x7f89ef5bc080           STS.U16 [R74+0x1000], R46                              2      0      2      20480  655360 655360 32     32     0      0      Shared Store  16     0      1      0      20480  20480  0      0      0      -      0      0      0      0      0      0      0      0      0      0      0      0      0      0      0      0      0      0      2      0      0      0      0      0      0      0      0      0      0      0      0      0      0      0      0      0      0      0      0      0     
0x7f89ef5bc090           STS.U16 [R75+0x1000], R28                              0      0      0      20480  655360 655360 32     32     0      0      Shared Store  16     0      1      0      20480  20480  0      0      0      -      0      0      0      0      0      0      0      0      0      0      0      0      0      0      0      0      0      0      0      0      0      0      0      0      0      0      0      0      0      0      0      0      0      0      0      0      0      0      0      0     
0x7f89ef5bc0a0           PRMT R12, R63, 0x7632, R12                             5      4      5      20480  655360 655360 32     32     0      0      -      -      -      0      0      0      0      0      0      0      0      -      0      0      0      0      0      0      0      0      0      0      0      0      0      0      0      0      0      0      0      5      0      0      0      0      0      0      0      0      0      0      0      0      0      0      0      0      4      0      0      0     
0x7f89ef5bc0b0           STS.U16 [R74+0x1800], R47                              2      2      2      20480  655360 655360 32     32     0      0      Shared Store  16     0      1      0      20480  20480  0      0      0      -      0      0      0      0      0      0      0      0      0      0      0      0      0      0      0      0      0      0      0      0      0      0      2      0      0      0      0      0      0      0      0      0      0      0      0      0      0      0      0      2     
0x7f89ef5bc0c0           STS.U16 [R75+0x1800], R29                              1      1      1      20480  655360 655360 32     32     0      0      Shared Store  16     0      1      0      20480  20480  0      0      0      -      0      0      0      0      0      0      0      0      0      0      0      0      0      0      0      0      0      0      0      0      0      0      1      0      0      0      0      0      0      0      0      0      0      0      0      0      0      0      0      1     
0x7f89ef5bc0d0           PRMT R28, R64, 0x7632, R28                             7      5      7      20480  655360 655360 32     32     0      0      -      -      -      0      0      0      0      0      0      0      0      -      0      0      0      0      0      0      0      0      0      0      0      0      0      0      0      0      0      0      1      6      0      0      0      0      0      0      0      0      0      0      0      0      0      0      0      0      5      0      0      0     
0x7f89ef5bc0e0           STS.U16 [R76], R60                                     2      0      2      20480  655360 655360 32     32     0      0      Shared Store  16     0      1      0      20480  20480  0      0      0      -      0      0      0      0      0      0      0      0      0      0      0      0      0      0      0      0      0      1      1      0      0      0      0      0      0      0      0      0      0      0      0      0      0      0      0      0      0      0      0      0     
0x7f89ef5bc0f0           LDC R47, c[0x0][0x3a8]                                 1      1      1      20480  655360 655360 32     32     0      0      -      -      -      0      0      0      0      0      0      0      0      -      0      0      0      0      0      0      0      0      0      0      0      0      0      0      0      0      0      0      0      1      0      0      0      0      0      0      0      0      0      0      0      0      0      0      0      0      1      0      0      0     
0x7f89ef5bc100           STS.U16 [R77], R13                                     0      0      0      20480  655360 655360 32     32     0      0      Shared Store  16     0      1      0      20480  20480  0      0      0      -      0      0      0      0      0      0      0      0      0      0      0      0      0      0      0      0      0      0      0      0      0      0      0      0      0      0      0      0      0      0      0      0      0      0      0      0      0      0      0      0     
0x7f89ef5bc110           PRMT R29, R65, 0x7632, R29                             4      3      4      20480  655360 655360 32     32     0      0      -      -      -      0      0      0      0      0      0      0      0      -      0      0      0      0      0      0      0      0      0      0      0      0      0      0      0      0      0      0      1      3      0      0      0      0      0      0      0      0      0      0      0      0      0      0      0      0      3      0      0      0     
0x7f89ef5bc120           STS.U16 [R76+0x800], R61                               2      2      2      20480  655360 655360 32     32     0      0      Shared Store  16     0      1      0      20480  20480  0      0      0      -      0      0      0      0      0      0      0      0      0      0      0      0      0      0      0      0      0      0      0      0      0      0      2      0      0      0      0      0      0      0      0      0      0      0      0      0      0      0      0      2     
0x7f89ef5bc130           STS.U16 [R77+0x800], R14                               1      1      1      20480  655360 655360 32     32     0      0      Shared Store  16     0      1      0      20480  20480  0      0      0      -      0      0      0      0      0      0      0      0      0      0      0      0      0      0      0      0      0      0      0      0      0      0      1      0      0      0      0      0      0      0      0      0      0      0      0      0      0      0      0      1     
0x7f89ef5bc140           PRMT R13, R66, 0x7632, R13                             5      5      5      20480  655360 655360 32     32     0      0      -      -      -      0      0      0      0      0      0      0      0      -      0      0      0      0      0      0      0      0      0      0      0      0      0      0      0      0      0      0      0      5      0      0      0      0      0      0      0      0      0      0      0      0      0      0      0      0      5      0      0      0     
0x7f89ef5bc150           STS.U16 [R76+0x1000], R62                              0      0      0      20480  655360 655360 32     32     0      0      Shared Store  16     0      1      0      20480  20480  0      0      0      -      0      0      0      0      0      0      0      0      0      0      0      0      0      0      0      0      0      0      0      0      0      0      0      0      0      0      0      0      0      0      0      0      0      0      0      0      0      0      0      0     
0x7f89ef5bc160           STS.U16 [R77+0x1000], R15                              4      4      4      20480  655360 655360 32     32     0      0      Shared Store  16     0      1      0      20480  20480  0      0      0      -      0      0      0      0      0      0      0      0      0      0      0      0      0      0      0      0      0      0      0      0      0      0      4      0      0      0      0      0      0      0      0      0      0      0      0      0      0      0      0      4     
0x7f89ef5bc170           PRMT R14, R67, 0x7632, R14                             3      2      3      20480  655360 655360 32     32     0      0      -      -      -      0      0      0      0      0      0      0      0      -      0      0      0      0      0      0      0      0      0      0      0      0      0      0      0      0      0      0      1      2      0      0      0      0      0      0      0      0      0      0      0      0      0      0      0      0      2      0      0      0     
0x7f89ef5bc180           STS.U16 [R76+0x1800], R63                              0      0      0      20480  655360 655360 32     32     0      0      Shared Store  16     0      1      0      20480  20480  0      0      0      -      0      0      0      0      0      0      0      0      0      0      0      0      0      0      0      0      0      0      0      0      0      0      0      0      0      0      0      0      0      0      0      0      0      0      0      0      0      0      0      0     
0x7f89ef5bc190           STS.U16 [R77+0x1800], R12                              1      1      1      20480  655360 655360 32     32     0      0      Shared Store  16     0      1      0      20480  20480  0      0      0      -      0      0      0      0      0      0      0      0      0      0      0      0      0      0      0      0      0      0      0      0      0      0      1      0      0      0      0      0      0      0      0      0      0      0      0      0      0      0      0      1     
0x7f89ef5bc1a0           PRMT R15, R56, 0x7632, R15                             3      2      3      20480  655360 655360 32     32     0      0      -      -      -      0      0      0      0      0      0      0      0      -      0      0      0      0      0      0      0      0      0      0      0      0      0      0      0      0      0      0      0      3      0      0      0      0      0      0      0      0      0      0      0      0      0      0      0      0      2      0      0      0     
0x7f89ef5bc1b0           STS.U16 [R78], R64                                     1      0      1      20480  655360 655360 32     32     0      0      Shared Store  16     0      1      0      20480  20480  0      0      0      -      0      0      0      0      0      0      0      0      0      0      0      0      0      0      0      0      0      0      1      0      0      0      0      0      0      0      0      0      0      0      0      0      0      0      0      0      0      0      0      0     
0x7f89ef5bc1c0           STS.U16 [R79], R28                                     1      1      1      20480  655360 655360 32     32     0      0      Shared Store  16     0      1      0      20480  20480  0      0      0      -      0      0      0      0      0      0      0      0      0      0      0      0      0      0      0      0      0      0      0      0      0      0      1      0      0      0      0      0      0      0      0      0      0      0      0      0      0      0      0      1     
0x7f89ef5bc1d0           PRMT R12, R57, 0x7632, R12                             4      3      4      20480  655360 655360 32     32     0      0      -      -      -      0      0      0      0      0      0      0      0      -      0      0      0      0      0      0      0      0      0      0      0      0      0      0      0      0      0      0      0      4      0      0      0      0      0      0      0      0      0      0      0      0      0      0      0      0      3      0      0      0     
0x7f89ef5bc1e0           STS.U16 [R78+0x800], R65                               2      1      2      20480  655360 655360 32     32     0      0      Shared Store  16     0      1      0      20480  20480  0      0      0      -      0      0      0      0      0      0      0      0      0      0      0      0      0      0      0      0      0      0      1      0      0      0      1      0      0      0      0      0      0      0      0      0      0      0      0      0      0      0      0      1     
0x7f89ef5bc1f0           STS.U16 [R79+0x800], R29                               4      3      4      20480  655360 655360 32     32     0      0      Shared Store  16     0      1      0      20480  20480  0      0      0      -      0      0      0      0      0      0      0      0      0      0      0      0      0      0      0      0      0      0      1      0      0      0      3      0      0      0      0      0      0      0      0      0      0      0      0      0      0      0      0      3     
0x7f89ef5bc200           PRMT R28, R58, 0x7632, R28                             4      2      4      20480  655360 655360 32     32     0      0      -      -      -      0      0      0      0      0      0      0      0      -      0      0      0      0      0      0      0      0      0      0      0      0      0      0      0      0      0      0      1      3      0      0      0      0      0      0      0      0      0      0      0      0      0      0      0      0      2      0      0      0     
0x7f89ef5bc210           STS.U16 [R78+0x1000], R66                              1      0      1      20480  655360 655360 32     32     0      0      Shared Store  16     0      1      0      20480  20480  0      0      0      -      0      0      0      0      0      0      0      0      1      0      0      0      0      0      0      0      0      0      0      0      0      0      0      0      0      0      0      0      0      0      0      0      0      0      0      0      0      0      0      0     
0x7f89ef5bc220           STS.U16 [R79+0x1000], R13                              2      2      2      20480  655360 655360 32     32     0      0      Shared Store  16     0      1      0      20480  20480  0      0      0      -      0      0      0      0      0      0      0      0      0      0      0      0      0      0      0      0      0      0      0      0      0      0      2      0      0      0      0      0      0      0      0      0      0      0      0      0      0      0      0      2     
0x7f89ef5bc230           PRMT R29, R59, 0x7632, R29                             3      2      3      20480  655360 655360 32     32     0      0      -      -      -      0      0      0      0      0      0      0      0      -      0      0      0      0      0      0      0      0      0      0      0      0      0      0      0      0      0      0      1      2      0      0      0      0      0      0      0      0      0      0      0      0      0      0      0      0      2      0      0      0     
0x7f89ef5bc240           STS.U16 [R78+0x1800], R67                              3      3      3      20480  655360 655360 32     32     0      0      Shared Store  16     0      1      0      20480  20480  0      0      0      -      0      0      0      0      0      0      0      0      0      0      0      0      0      0      0      0      0      0      0      0      0      0      3      0      0      0      0      0      0      0      0      0      0      0      0      0      0      0      0      3     
0x7f89ef5bc250           STS.U16 [R79+0x1800], R14                              6      6      6      20480  655360 655360 32     32     0      0      Shared Store  16     0      1      0      20480  20480  0      0      0      -      0      0      0      0      0      0      0      0      0      0      0      0      0      0      0      0      0      0      0      0      0      0      6      0      0      0      0      0      0      0      0      0      0      0      0      0      0      0      0      6     
0x7f89ef5bc260           PRMT R13, R52, 0x7632, R13                             5      4      5      20480  655360 655360 32     32     0      0      -      -      -      0      0      0      0      0      0      0      0      -      0      0      0      0      0      0      0      0      0      0      0      0      0      0      0      0      0      0      0      5      0      0      0      0      0      0      0      0      0      0      0      0      0      0      0      0      4      0      0      0     
0x7f89ef5bc270           STS.U16 [R80], R56                                     2      1      2      20480  655360 655360 32     32     0      0      Shared Store  16     0      1      0      20480  20480  0      0      0      -      0      0      0      0      0      0      0      0      0      0      0      0      0      0      0      0      0      0      1      0      0      0      1      0      0      0      0      0      0      0      0      0      0      0      0      0      0      0      0      1     
0x7f89ef5bc280           STS.U16 [R81], R15                                     0      0      0      20480  655360 655360 32     32     0      0      Shared Store  16     0      1      0      20480  20480  0      0      0      -      0      0      0      0      0      0      0      0      0      0      0      0      0      0      0      0      0      0      0      0      0      0      0      0      0      0      0      0      0      0      0      0      0      0      0      0      0      0      0      0     
0x7f89ef5bc290           PRMT R14, R53, 0x7632, R14                             2      2      2      20480  655360 655360 32     32     0      0      -      -      -      0      0      0      0      0      0      0      0      -      0      0      0      0      0      0      0      0      0      0      0      0      0      0      0      0      0      0      0      2      0      0      0      0      0      0      0      0      0      0      0      0      0      0      0      0      2      0      0      0     
0x7f89ef5bc2a0           STS.U16 [R80+0x800], R57                               4      3      4      20480  655360 655360 32     32     0      0      Shared Store  16     0      1      0      20480  20480  0      0      0      -      0      0      0      0      0      0      0      0      0      0      0      0      0      0      0      0      0      0      1      0      0      0      3      0      0      0      0      0      0      0      0      0      0      0      0      0      0      0      0      3     
0x7f89ef5bc2b0           STS.U16 [R81+0x800], R12                               7      4      7      20480  655360 655360 32     32     0      0      Shared Store  16     0      1      0      20480  20480  0      0      0      -      0      0      0      0      0      0      0      0      0      0      0      0      0      0      0      0      0      0      2      0      0      0      5      0      0      0      0      0      0      0      0      0      0      0      0      0      0      0      0      4     
0x7f89ef5bc2c0           PRMT R15, R54, 0x7632, R15                             4      3      4      20480  655360 655360 32     32     0      0      -      -      -      0      0      0      0      0      0      0      0      -      0      0      0      0      0      0      0      0      0      0      0      0      0      0      0      0      0      0      0      4      0      0      0      0      0      0      0      0      0      0      0      0      0      0      0      0      3      0      0      0     
0x7f89ef5bc2d0           STS.U16 [R80+0x1000], R58                              1      0      1      20480  655360 655360 32     32     0      0      Shared Store  16     0      1      0      20480  20480  0      0      0      -      0      0      0      0      0      0      0      0      0      0      0      0      0      0      0      0      0      0      0      0      0      0      1      0      0      0      0      0      0      0      0      0      0      0      0      0      0      0      0      0     
0x7f89ef5bc2e0           STS.U16 [R81+0x1000], R28                              3      3      3      20480  655360 655360 32     32     0      0      Shared Store  16     0      1      0      20480  20480  0      0      0      -      0      0      0      0      0      0      0      0      0      0      0      0      0      0      0      0      0      0      0      0      0      0      3      0      0      0      0      0      0      0      0      0      0      0      0      0      0      0      0      3     
0x7f89ef5bc2f0           PRMT R12, R55, 0x7632, R12                             8      4      8      20480  655360 655360 32     32     0      0      -      -      -      0      0      0      0      0      0      0      0      -      0      0      0      0      0      0      0      0      0      0      0      0      0      0      0      0      0      1      1      6      0      0      0      0      0      0      0      0      0      0      0      0      0      0      0      0      4      0      0      0     
0x7f89ef5bc300           STS.U16 [R80+0x1800], R59                              0      0      0      20480  655360 655360 32     32     0      0      Shared Store  16     0      1      0      20480  20480  0      0      0      -      0      0      0      0      0      0      0      0      0      0      0      0      0      0      0      0      0      0      0      0      0      0      0      0      0      0      0      0      0      0      0      0      0      0      0      0      0      0      0      0     
0x7f89ef5bc310           STS.U16 [R81+0x1800], R29                              4      1      4      20480  655360 655360 32     32     0      0      Shared Store  16     0      1      0      20480  20480  0      0      0      -      0      0      0      0      0      0      0      0      0      0      0      0      0      0      0      0      0      0      2      0      0      0      2      0      0      0      0      0      0      0      0      0      0      0      0      0      0      0      0      1     
0x7f89ef5bc320           PRMT R28, R48, 0x7632, R28                             5      2      5      20480  655360 655360 32     32     0      0      -      -      -      0      0      0      0      0      0      0      0      -      0      0      0      0      0      0      0      0      0      0      0      0      0      0      0      0      0      1      0      4      0      0      0      0      0      0      0      0      0      0      0      0      0      0      0      0      2      0      0      0     
0x7f89ef5bc330           STS.U16 [R82], R52                                     0      0      0      20480  655360 655360 32     32     0      0      Shared Store  16     0      1      0      20480  20480  0      0      0      -      0      0      0      0      0      0      0      0      0      0      0      0      0      0      0      0      0      0      0      0      0      0      0      0      0      0      0      0      0      0      0      0      0      0      0      0      0      0      0      0     
0x7f89ef5bc340           STS.U16 [R83], R13                                     1      1      1      20480  655360 655360 32     32     0      0      Shared Store  16     0      1      0      20480  20480  0      0      0      -      0      0      0      0      0      0      0      0      0      0      0      0      0      0      0      0      0      0      0      0      0      0      1      0      0      0      0      0      0      0      0      0      0      0      0      0      0      0      0      1     
0x7f89ef5bc350           PRMT R29, R49, 0x7632, R29                             4      3      4      20480  655360 655360 32     32     0      0      -      -      -      0      0      0      0      0      0      0      0      -      0      0      0      0      0      0      0      0      0      0      0      0      0      0      0      0      0      0      0      4      0      0      0      0      0      0      0      0      0      0      0      0      0      0      0      0      3      0      0      0     
0x7f89ef5bc360           STS.U16 [R82+0x800], R53                               2      1      2      20480  655360 655360 32     32     0      0      Shared Store  16     0      1      0      20480  20480  0      0      0      -      0      0      0      0      0      0      0      0      0      0      0      0      0      0      0      0      0      0      1      0      0      0      1      0      0      0      0      0      0      0      0      0      0      0      0      0      0      0      0      1     
0x7f89ef5bc370           STS.U16 [R83+0x800], R14                               1      1      1      20480  655360 655360 32     32     0      0      Shared Store  16     0      1      0      20480  20480  0      0      0      -      0      0      0      0      0      0      0      0      0      0      0      0      0      0      0      0      0      0      0      0      0      0      1      0      0      0      0      0      0      0      0      0      0      0      0      0      0      0      0      1     
0x7f89ef5bc380           PRMT R13, R50, 0x7632, R13                             3      2      3      20480  655360 655360 32     32     0      0      -      -      -      0      0      0      0      0      0      0      0      -      0      0      0      0      0      0      0      0      0      0      0      0      0      0      0      0      0      0      1      2      0      0      0      0      0      0      0      0      0      0      0      0      0      0      0      0      2      0      0      0     
0x7f89ef5bc390           STS.U16 [R82+0x1000], R54                              1      0      1      20480  655360 655360 32     32     0      0      Shared Store  16     0      1      0      20480  20480  0      0      0      -      0      0      0      0      0      0      0      0      0      0      0      0      0      0      0      0      0      0      1      0      0      0      0      0      0      0      0      0      0      0      0      0      0      0      0      0      0      0      0      0     
0x7f89ef5bc3a0           IMAD.SHL.U32 R53, R47, 0x10, RZ                        2      2      2      20480  655360 655360 32     32     0      0      -      -      -      0      0      0      0      0      0      0      0      -      0      0      0      0      0      0      0      0      0      0      0      0      0      0      0      0      0      0      0      2      0      0      0      0      0      0      0      0      0      0      0      0      0      0      0      0      2      0      0      0     
0x7f89ef5bc3b0           STS.U16 [R83+0x1000], R15                              2      0      2      20480  655360 655360 32     32     0      0      Shared Store  16     0      1      0      20480  20480  0      0      0      -      0      0      0      0      0      0      0      0      0      0      0      0      0      0      0      0      0      0      1      0      0      0      1      0      0      0      0      0      0      0      0      0      0      0      0      0      0      0      0      0     
0x7f89ef5bc3c0           PRMT R14, R51, 0x7632, R14                             0      0      0      20480  655360 655360 32     32     0      0      -      -      -      0      0      0      0      0      0      0      0      -      0      0      0      0      0      0      0      0      0      0      0      0      0      0      0      0      0      0      0      0      0      0      0      0      0      0      0      0      0      0      0      0      0      0      0      0      0      0      0      0     
0x7f89ef5bc3d0           STS.U16 [R82+0x1800], R55                              3      1      3      20480  655360 655360 32     32     0      0      Shared Store  16     0      1      0      20480  20480  0      0      0      -      0      0      0      0      0      0      0      0      0      0      0      0      0      0      0      0      0      1      1      0      0      0      1      0      0      0      0      0      0      0      0      0      0      0      0      0      0      0      0      1     
0x7f89ef5bc3e0           STS.U16 [R83+0x1800], R12                              0      0      0      20480  655360 655360 32     32     0      0      Shared Store  16     0      1      0      20480  20480  0      0      0      -      0      0      0      0      0      0      0      0      0      0      0      0      0      0      0      0      0      0      0      0      0      0      0      0      0      0      0      0      0      0      0      0      0      0      0      0      0      0      0      0     
0x7f89ef5bc3f0           PRMT R15, R40, 0x7632, R15                             5      4      5      20480  655360 655360 32     32     0      0      -      -      -      0      0      0      0      0      0      0      0      -      0      0      0      0      0      0      0      0      0      0      0      0      1      0      0      0      0      1      0      3      0      0      0      0      0      0      0      0      0      1      0      0      0      0      0      0      3      0      0      0     
0x7f89ef5bc400           STS.U16 [R84], R48                                     1      0      1      20480  655360 655360 32     32     0      0      Shared Store  16     0      1      0      20480  20480  0      0      0      -      0      0      0      0      0      0      0      0      0      0      0      0      0      0      0      0      0      0      0      0      0      0      1      0      0      0      0      0      0      0      0      0      0      0      0      0      0      0      0      0     
0x7f89ef5bc410           IMAD.SHL.U32 R55, R47, 0x8, RZ                         1      1      1      20480  655360 655360 32     32     0      0      -      -      -      0      0      0      0      0      0      0      0      -      0      0      0      0      0      0      0      0      0      0      0      0      0      0      0      0      0      0      0      1      0      0      0      0      0      0      0      0      0      0      0      0      0      0      0      0      1      0      0      0     
0x7f89ef5bc420           STS.U16 [R85], R28                                     3      3      3      20480  655360 655360 32     32     0      0      Shared Store  16     0      1      0      20480  20480  0      0      0      -      0      0      0      0      0      0      0      0      0      0      0      0      0      0      0      0      0      0      0      0      0      0      3      0      0      0      0      0      0      0      0      0      0      0      0      0      0      0      0      3     
0x7f89ef5bc430           PRMT R12, R41, 0x7632, R12                             4      3      4      20480  655360 655360 32     32     0      0      -      -      -      0      0      0      0      0      0      0      0      -      0      0      0      0      0      0      0      0      0      0      0      0      0      0      0      0      0      0      1      3      0      0      0      0      0      0      0      0      0      0      0      0      0      0      0      0      3      0      0      0     
0x7f89ef5bc440           STS.U16 [R84+0x800], R49                               1      1      1      20480  655360 655360 32     32     0      0      Shared Store  16     0      1      0      20480  20480  0      0      0      -      0      0      0      0      0      0      0      0      0      0      0      0      0      0      0      0      0      0      0      0      0      0      1      0      0      0      0      0      0      0      0      0      0      0      0      0      0      0      0      1     
0x7f89ef5bc450           PRMT R48, R20, 0x7632, R48                             3      2      3      20480  655360 655360 32     32     0      0      -      -      -      0      0      0      0      0      0      0      0      -      0      0      0      0      0      0      0      0      0      0      0      0      1      0      0      0      0      0      0      2      0      0      0      0      0      0      0      0      0      1      0      0      0      0      0      0      1      0      0      0     
0x7f89ef5bc460           STS.U16 [R85+0x800], R29                               1      1      1      20480  655360 655360 32     32     0      0      Shared Store  16     0      1      0      20480  20480  0      0      0      -      0      0      0      0      0      0      0      0      0      0      0      0      0      0      0      0      0      0      0      0      0      0      1      0      0      0      0      0      0      0      0      0      0      0      0      0      0      0      0      1     
0x7f89ef5bc470           PRMT R28, R42, 0x7632, R28                             2      2      2      20480  655360 655360 32     32     0      0      -      -      -      0      0      0      0      0      0      0      0      -      0      0      0      0      0      0      0      0      0      0      0      0      0      0      0      0      0      0      0      2      0      0      0      0      0      0      0      0      0      0      0      0      0      0      0      0      2      0      0      0     
0x7f89ef5bc480           STS.U16 [R84+0x1000], R50                              3      1      3      20480  655360 655360 32     32     0      0      Shared Store  16     0      1      0      20480  20480  0      0      0      -      0      0      0      0      0      0      0      0      0      0      0      0      0      0      0      0      0      0      1      0      0      0      2      0      0      0      0      0      0      0      0      0      0      0      0      0      0      0      0      1     
0x7f89ef5bc490           STS.U16 [R85+0x1000], R13                              1      1      1      20480  655360 655360 32     32     0      0      Shared Store  16     0      1      0      20480  20480  0      0      0      -      0      0      0      0      0      0      0      0      0      0      0      0      0      0      0      0      0      0      0      0      0      0      1      0      0      0      0      0      0      0      0      0      0      0      0      0      0      0      0      1     
0x7f89ef5bc4a0           PRMT R29, R43, 0x7632, R29                             3      3      3      20480  655360 655360 32     32     0      0      -      -      -      0      0      0      0      0      0      0      0      -      0      0      0      0      0      0      0      0      0      0      0      0      0      0      0      0      0      0      0      3      0      0      0      0      0      0      0      0      0      0      0      0      0      0      0      0      3      0      0      0     
0x7f89ef5bc4b0           STS.U16 [R84+0x1800], R51                              1      1      1      20480  655360 655360 32     32     0      0      Shared Store  16     0      1      0      20480  20480  0      0      0      -      0      0      0      0      0      0      0      0      0      0      0      0      0      0      0      0      0      0      0      0      0      0      1      0      0      0      0      0      0      0      0      0      0      0      0      0      0      0      0      1     
0x7f89ef5bc4c0           PRMT R50, R8, 0x7632, R50                              1      0      1      20480  655360 655360 32     32     0      0      -      -      -      0      0      0      0      0      0      0      0      -      0      0      0      0      0      0      0      0      0      0      0      0      0      0      0      0      0      0      0      1      0      0      0      0      0      0      0      0      0      0      0      0      0      0      0      0      0      0      0      0     
0x7f89ef5bc4d0           STS.U16 [R85+0x1800], R14                              0      0      0      20480  655360 655360 32     32     0      0      Shared Store  16     0      1      0      20480  20480  0      0      0      -      0      0      0      0      0      0      0      0      0      0      0      0      0      0      0      0      0      0      0      0      0      0      0      0      0      0      0      0      0      0      0      0      0      0      0      0      0      0      0      0     
0x7f89ef5bc4e0           PRMT R13, R36, 0x7632, R13                             0      0      0      20480  655360 655360 32     32     0      0      -      -      -      0      0      0      0      0      0      0      0      -      0      0      0      0      0      0      0      0      0      0      0      0      0      0      0      0      0      0      0      0      0      0      0      0      0      0      0      0      0      0      0      0      0      0      0      0      0      0      0      0     
0x7f89ef5bc4f0           STS.U16 [R86], R40                                     0      0      0      20480  655360 655360 32     32     0      0      Shared Store  16     0      1      0      20480  20480  0      0      0      -      0      0      0      0      0      0      0      0      0      0      0      0      0      0      0      0      0      0      0      0      0      0      0      0      0      0      0      0      0      0      0      0      0      0      0      0      0      0      0      0     
0x7f89ef5bc500           STS.U16 [R87], R15                                     1      1      1      20480  655360 655360 32     32     0      0      Shared Store  16     0      1      0      20480  20480  0      0      0      -      0      0      0      0      0      0      0      0      0      0      0      0      0      0      0      0      0      0      0      0      0      0      1      0      0      0      0      0      0      0      0      0      0      0      0      0      0      0      0      1     
0x7f89ef5bc510           PRMT R14, R37, 0x7632, R14                             7      5      7      20480  655360 655360 32     32     0      0      -      -      -      0      0      0      0      0      0      0      0      -      0      0      0      0      0      0      0      0      0      0      0      0      0      0      0      0      0      0      0      7      0      0      0      0      0      0      0      0      0      0      0      0      0      0      0      0      5      0      0      0     
0x7f89ef5bc520           STS.U16 [R86+0x800], R41                               2      1      2      20480  655360 655360 32     32     0      0      Shared Store  16     0      1      0      20480  20480  0      0      0      -      0      0      0      0      0      0      0      0      0      0      0      0      0      0      0      0      0      0      1      0      0      0      1      0      0      0      0      0      0      0      0      0      0      0      0      0      0      0      0      1     
0x7f89ef5bc530           STS.U16 [R87+0x800], R12                               1      1      1      20480  655360 655360 32     32     0      0      Shared Store  16     0      1      0      20480  20480  0      0      0      -      0      0      0      0      0      0      0      0      0      0      0      0      0      0      0      0      0      0      0      0      0      0      1      0      0      0      0      0      0      0      0      0      0      0      0      0      0      0      0      1     
0x7f89ef5bc540           PRMT R15, R38, 0x7632, R15                             5      4      5      20480  655360 655360 32     32     0      0      -      -      -      0      0      0      0      0      0      0      0      -      0      0      0      0      0      0      0      0      0      0      0      0      0      0      0      0      0      0      0      5      0      0      0      0      0      0      0      0      0      0      0      0      0      0      0      0      4      0      0      0     
0x7f89ef5bc550           STS.U16 [R86+0x1000], R42                              3      2      3      20480  655360 655360 32     32     0      0      Shared Store  16     0      1      0      20480  20480  0      0      0      -      0      0      0      0      0      0      0      0      0      0      0      0      0      0      0      0      0      0      1      0      0      0      2      0      0      0      0      0      0      0      0      0      0      0      0      0      0      0      0      2     
0x7f89ef5bc560           LDC.64 R40, c[0x0][0x3a0]                              3      2      3      20480  655360 655360 32     32     0      0      -      -      -      0      0      0      0      0      0      0      0      -      0      0      0      0      0      0      0      0      0      0      0      0      0      0      0      0      0      0      0      3      0      0      0      0      0      0      0      0      0      0      0      0      0      0      0      0      2      0      0      0     
0x7f89ef5bc570           STS.U16 [R87+0x1000], R28                              1      0      1      20480  655360 655360 32     32     0      0      Shared Store  16     0      1      0      20480  20480  0      0      0      -      0      0      0      0      0      0      0      0      0      0      0      0      0      0      0      0      0      1      0      0      0      0      0      0      0      0      0      0      0      0      0      0      0      0      0      0      0      0      0      0     
0x7f89ef5bc580           PRMT R12, R39, 0x7632, R12                             2      0      2      20480  655360 655360 32     32     0      0      -      -      -      0      0      0      0      0      0      0      0      -      0      0      0      0      0      0      0      0      1      0      0      0      0      0      0      0      0      0      0      1      0      0      0      0      0      0      0      0      0      0      0      0      0      0      0      0      0      0      0      0     
0x7f89ef5bc590           STS.U16 [R86+0x1800], R43                              3      1      3      20480  655360 655360 32     32     0      0      Shared Store  16     0      1      0      20480  20480  0      0      0      -      0      0      0      0      0      0      0      0      0      0      0      0      0      0      0      0      0      0      1      0      0      0      2      0      0      0      0      0      0      0      0      0      0      0      0      0      0      0      0      1     
0x7f89ef5bc5a0           STS.U16 [R87+0x1800], R29                              1      1      1      20480  655360 655360 32     32     0      0      Shared Store  16     0      1      0      20480  20480  0      0      0      -      0      0      0      0      0      0      0      0      0      0      0      0      0      0      1      0      0      0      0      0      0      0      0      0      0      0      0      0      0      0      0      1      0      0      0      0      0      0      0      0     
0x7f89ef5bc5b0           PRMT R28, R32, 0x7632, R28                             4      3      4      20480  655360 655360 32     32     0      0      -      -      -      0      0      0      0      0      0      0      0      -      0      0      0      0      0      0      0      0      0      0      0      0      0      0      0      0      0      0      0      4      0      0      0      0      0      0      0      0      0      0      0      0      0      0      0      0      3      0      0      0     
0x7f89ef5bc5c0           STS.U16 [R88], R36                                     3      0      3      20480  655360 655360 32     32     0      0      Shared Store  16     0      1      0      20480  20480  0      0      0      -      0      0      0      0      0      0      0      0      0      0      0      0      0      0      0      0      0      0      3      0      0      0      0      0      0      0      0      0      0      0      0      0      0      0      0      0      0      0      0      0     
0x7f89ef5bc5d0           IMAD.WIDE.U32 R42, R2, 0x80, RZ                        4      3      4      20480  655360 655360 32     32     0      0      -      -      -      0      0      0      0      0      0      0      0      -      0      0      0      0      0      0      0      0      0      0      0      0      0      0      0      0      0      0      1      3      0      0      0      0      0      0      0      0      0      0      0      0      0      0      0      0      3      0      0      0     
0x7f89ef5bc5e0           STS.U16 [R89], R13                                     3      1      3      20480  655360 655360 32     32     0      0      Shared Store  16     0      1      0      20480  20480  0      0      0      -      0      0      0      0      0      0      0      0      0      0      0      0      0      0      0      0      0      1      1      0      0      0      1      0      0      0      0      0      0      0      0      0      0      0      0      0      0      0      0      1     
0x7f89ef5bc5f0           PRMT R29, R33, 0x7632, R29                             3      2      3      20480  655360 655360 32     32     0      0      -      -      -      0      0      0      0      0      0      0      0      -      0      0      0      0      0      0      0      0      1      0      0      0      0      0      0      0      0      1      0      1      0      0      0      0      0      1      0      0      0      0      0      0      0      0      0      0      1      0      0      0     
0x7f89ef5bc600           STS.U16 [R88+0x800], R37                               2      2      2      20480  655360 655360 32     32     0      0      Shared Store  16     0      1      0      20480  20480  0      0      0      -      0      0      0      0      0      0      0      0      0      0      0      0      0      0      0      0      0      0      0      0      0      0      2      0      0      0      0      0      0      0      0      0      0      0      0      0      0      0      0      2     
0x7f89ef5bc610           SHF.R.S32.HI R45, RZ, 0x1f, R41                        0      0      0      20480  655360 655360 32     32     0      0      -      -      -      0      0      0      0      0      0      0      0      -      0      0      0      0      0      0      0      0      0      0      0      0      0      0      0      0      0      0      0      0      0      0      0      0      0      0      0      0      0      0      0      0      0      0      0      0      0      0      0      0     
0x7f89ef5bc620           STS.U16 [R89+0x800], R14                               1      1      1      20480  655360 655360 32     32     0      0      Shared Store  16     0      1      0      20480  20480  0      0      0      -      0      0      0      0      0      0      0      0      0      0      0      0      0      0      0      0      0      0      0      0      0      0      1      0      0      0      0      0      0      0      0      0      0      0      0      0      0      0      0      1     
0x7f89ef5bc630           PRMT R13, R34, 0x7632, R13                             4      3      4      20480  655360 655360 32     32     0      0      -      -      -      0      0      0      0      0      0      0      0      -      0      0      0      0      0      0      0      0      0      0      0      0      0      0      0      0      0      0      0      4      0      0      0      0      0      0      0      0      0      0      0      0      0      0      0      0      3      0      0      0     
0x7f89ef5bc640           STS.U16 [R88+0x1000], R38                              1      0      1      20480  655360 655360 32     32     0      0      Shared Store  16     0      1      0      20480  20480  0      0      0      -      0      0      0      0      0      0      0      0      0      0      0      0      0      0      0      0      0      0      1      0      0      0      0      0      0      0      0      0      0      0      0      0      0      0      0      0      0      0      0      0     
0x7f89ef5bc650           STS.U16 [R89+0x1000], R15                              1      1      1      20480  655360 655360 32     32     0      0      Shared Store  16     0      1      0      20480  20480  0      0      0      -      0      0      0      0      0      0      0      0      0      0      0      0      0      0      0      0      0      0      0      0      0      0      1      0      0      0      0      0      0      0      0      0      0      0      0      0      0      0      0      1     
0x7f89ef5bc660           PRMT R14, R35, 0x7632, R14                             3      2      3      20480  655360 655360 32     32     0      0      -      -      -      0      0      0      0      0      0      0      0      -      0      0      0      0      0      0      0      0      0      0      0      0      0      0      0      0      0      0      1      2      0      0      0      0      0      0      0      0      0      0      0      0      0      0      0      0      2      0      0      0     
0x7f89ef5bc670           STS.U16 [R88+0x1800], R39                              3      2      3      20480  655360 655360 32     32     0      0      Shared Store  16     0      1      0      20480  20480  0      0      0      -      0      0      0      0      0      0      0      0      0      0      0      0      0      0      0      0      0      0      1      0      0      0      2      0      0      0      0      0      0      0      0      0      0      0      0      0      0      0      0      2     
0x7f89ef5bc680           LOP3.LUT R38, R38, 0xffffffef, RZ, 0xc0, !PT           4      3      4      20480  655360 655360 32     32     0      0      -      -      -      0      0      0      0      0      0      0      0      -      0      0      0      0      0      0      0      0      0      0      0      0      1      0      0      0      0      0      0      3      0      0      0      0      0      0      0      0      0      1      0      0      0      0      0      0      2      0      0      0     
0x7f89ef5bc690           STS.U16 [R89+0x1800], R12                              3      1      3      20480  655360 655360 32     32     0      0      Shared Store  16     0      1      0      20480  20480  0      0      0      -      0      0      0      0      0      0      0      0      0      0      0      0      0      0      0      0      0      0      2      0      0      0      1      0      0      0      0      0      0      0      0      0      0      0      0      0      0      0      0      1     
0x7f89ef5bc6a0           PRMT R15, R24, 0x7632, R15                             1      1      1      20480  655360 655360 32     32     0      0      -      -      -      0      0      0      0      0      0      0      0      -      0      0      0      0      0      0      0      0      0      0      0      0      0      0      0      0      0      0      0      1      0      0      0      0      0      0      0      0      0      0      0      0      0      0      0      0      1      0      0      0     
0x7f89ef5bc6b0           STS.U16 [R90], R32                                     1      1      1      20480  655360 655360 32     32     0      0      Shared Store  16     0      1      0      20480  20480  0      0      0      -      0      0      0      0      0      0      0      0      0      0      0      0      0      0      0      0      0      0      0      0      0      0      1      0      0      0      0      0      0      0      0      0      0      0      0      0      0      0      0      1     
0x7f89ef5bc6c0           IMAD R39, R47, 0x18, RZ                                1      1      1      20480  655360 655360 32     32     0      0      -      -      -      0      0      0      0      0      0      0      0      -      0      0      0      0      0      0      0      0      0      0      0      0      0      0      0      0      0      0      0      1      0      0      0      0      0      0      0      0      0      0      0      0      0      0      0      0      1      0      0      0     
0x7f89ef5bc6d0           STS.U16 [R91], R28                                     2      0      2      20480  655360 655360 32     32     0      0      Shared Store  16     0      1      0      20480  20480  0      0      0      -      0      0      0      0      0      0      0      0      0      0      0      0      0      0      0      0      0      0      2      0      0      0      0      0      0      0      0      0      0      0      0      0      0      0      0      0      0      0      0      0     
0x7f89ef5bc6e0           PRMT R12, R25, 0x7632, R12                             3      3      3      20480  655360 655360 32     32     0      0      -      -      -      0      0      0      0      0      0      0      0      -      0      0      0      0      0      0      0      0      0      0      0      0      0      0      0      0      0      0      0      3      0      0      0      0      0      0      0      0      0      0      0      0      0      0      0      0      3      0      0      0     
0x7f89ef5bc6f0           STS.U16 [R90+0x800], R33                               0      0      0      20480  655360 655360 32     32     0      0      Shared Store  16     0      1      0      20480  20480  0      0      0      -      0      0      0      0      0      0      0      0      0      0      0      0      0      0      0      0      0      0      0      0      0      0      0      0      0      0      0      0      0      0      0      0      0      0      0      0      0      0      0      0     
0x7f89ef5bc700           STS.U16 [R91+0x800], R29                               2      2      2      20480  655360 655360 32     32     0      0      Shared Store  16     0      1      0      20480  20480  0      0      0      -      0      0      0      0      0      0      0      0      0      0      0      0      0      0      0      0      0      0      0      0      0      0      2      0      0      0      0      0      0      0      0      0      0      0      0      0      0      0      0      2     
0x7f89ef5bc710           PRMT R28, R26, 0x7632, R28                             4      3      4      20480  655360 655360 32     32     0      0      -      -      -      0      0      0      0      0      0      0      0      -      0      0      0      0      0      0      0      0      0      0      0      0      0      0      0      0      0      0      0      4      0      0      0      0      0      0      0      0      0      0      0      0      0      0      0      0      3      0      0      0     
0x7f89ef5bc720           STS.U16 [R90+0x1000], R34                              0      0      0      20480  655360 655360 32     32     0      0      Shared Store  16     0      1      0      20480  20480  0      0      0      -      0      0      0      0      0      0      0      0      0      0      0      0      0      0      0      0      0      0      0      0      0      0      0      0      0      0      0      0      0      0      0      0      0      0      0      0      0      0      0      0     
0x7f89ef5bc730           IMAD.SHL.U32 R33, R47, 0x40, RZ                        1      1      1      20480  655360 655360 32     32     0      0      -      -      -      0      0      0      0      0      0      0      0      -      0      0      0      0      0      0      0      0      0      0      0      0      0      0      0      0      0      0      0      1      0      0      0      0      0      0      0      0      0      0      0      0      0      0      0      0      1      0      0      0     
0x7f89ef5bc740           STS.U16 [R91+0x1000], R13                              2      1      2      20480  655360 655360 32     32     0      0      Shared Store  16     0      1      0      20480  20480  0      0      0      -      0      0      0      0      0      0      0      0      0      0      0      0      0      0      0      0      0      0      0      0      0      0      2      0      0      0      0      0      0      0      0      0      0      0      0      0      0      0      0      1     
0x7f89ef5bc750           PRMT R29, R27, 0x7632, R29                             1      1      1      20480  655360 655360 32     32     0      0      -      -      -      0      0      0      0      0      0      0      0      -      0      0      0      0      0      0      0      0      0      0      0      0      0      0      0      0      0      0      0      1      0      0      0      0      0      0      0      0      0      0      0      0      0      0      0      0      1      0      0      0     
0x7f89ef5bc760           STS.U16 [R90+0x1800], R35                              1      1      1      20480  655360 655360 32     32     0      0      Shared Store  16     0      1      0      20480  20480  0      0      0      -      0      0      0      0      0      0      0      0      0      0      0      0      0      0      0      0      0      0      0      0      0      0      1      0      0      0      0      0      0      0      0      0      0      0      0      0      0      0      0      1     
0x7f89ef5bc770           SHF.R.S32.HI R34, RZ, 0x1f, R33                        3      2      3      20480  655360 655360 32     32     0      0      -      -      -      0      0      0      0      0      0      0      0      -      0      0      0      0      0      0      0      0      0      0      0      0      1      0      0      0      0      1      0      1      0      0      0      0      0      0      0      0      0      1      0      0      0      0      0      0      1      0      0      0     
0x7f89ef5bc780           STS.U16 [R91+0x1800], R14                              0      0      0      20480  655360 655360 32     32     0      0      Shared Store  16     0      1      0      20480  20480  0      0      0      -      0      0      0      0      0      0      0      0      0      0      0      0      0      0      0      0      0      0      0      0      0      0      0      0      0      0      0      0      0      0      0      0      0      0      0      0      0      0      0      0     
0x7f89ef5bc790           PRMT R13, R21, 0x7632, R13                             2      0      2      20480  655360 655360 32     32     0      0      -      -      -      0      0      0      0      0      0      0      0      -      0      0      0      0      0      0      0      0      0      0      0      0      0      0      0      0      0      0      1      1      0      0      0      0      0      0      0      0      0      0      0      0      0      0      0      0      0      0      0      0     
0x7f89ef5bc7a0           STS.U16 [R92], R24                                     0      0      0      20480  655360 655360 32     32     0      0      Shared Store  16     0      1      0      20480  20480  0      0      0      -      0      0      0      0      0      0      0      0      0      0      0      0      0      0      0      0      0      0      0      0      0      0      0      0      0      0      0      0      0      0      0      0      0      0      0      0      0      0      0      0     
0x7f89ef5bc7b0           STS.U16 [R93], R15                                     4      2      4      20480  655360 655360 32     32     0      0      Shared Store  16     0      1      0      20480  20480  0      0      0      -      0      0      0      0      0      0      0      0      0      0      0      0      0      0      0      0      0      0      1      0      0      0      3      0      0      0      0      0      0      0      0      0      0      0      0      0      0      0      0      2     
0x7f89ef5bc7c0           PRMT R14, R22, 0x7632, R14                             1      0      1      20480  655360 655360 32     32     0      0      -      -      -      0      0      0      0      0      0      0      0      -      0      0      0      0      0      0      0      0      0      0      0      0      0      0      0      0      0      0      1      0      0      0      0      0      0      0      0      0      0      0      0      0      0      0      0      0      0      0      0      0     
0x7f89ef5bc7d0           STS.U16 [R92+0x800], R25                               2      1      2      20480  655360 655360 32     32     0      0      Shared Store  16     0      1      0      20480  20480  0      0      0      -      0      0      0      0      0      0      0      0      0      0      0      0      0      0      0      0      0      0      1      0      0      0      1      0      0      0      0      0      0      0      0      0      0      0      0      0      0      0      0      1     
0x7f89ef5bc7e0           STS.U16 [R93+0x800], R12                               1      0      1      20480  655360 655360 32     32     0      0      Shared Store  16     0      1      0      20480  20480  0      0      0      -      0      0      0      0      0      0      0      0      0      0      0      0      0      0      0      0      0      0      1      0      0      0      0      0      0      0      0      0      0      0      0      0      0      0      0      0      0      0      0      0     
0x7f89ef5bc7f0           PRMT R15, R16, 0x7632, R15                             6      3      6      20480  655360 655360 32     32     0      0      -      -      -      0      0      0      0      0      0      0      0      -      0      0      0      0      0      0      0      0      0      0      0      0      0      0      0      0      0      0      0      6      0      0      0      0      0      0      0      0      0      0      0      0      0      0      0      0      3      0      0      0     
0x7f89ef5bc800           STS.U16 [R92+0x1000], R26                              3      2      3      20480  655360 655360 32     32     0      0      Shared Store  16     0      1      0      20480  20480  0      0      0      -      0      0      0      0      0      0      0      0      0      0      0      0      0      0      0      0      0      0      1      0      0      0      2      0      0      0      0      0      0      0      0      0      0      0      0      0      0      0      0      2     
0x7f89ef5bc810           STS.U16 [R93+0x1000], R28                              1      1      1      20480  655360 655360 32     32     0      0      Shared Store  16     0      1      0      20480  20480  0      0      0      -      0      0      0      0      0      0      0      0      0      0      0      0      0      0      0      0      0      0      0      0      0      0      1      0      0      0      0      0      0      0      0      0      0      0      0      0      0      0      0      1     
0x7f89ef5bc820           PRMT R12, R23, 0x7632, R12                             2      2      2      20480  655360 655360 32     32     0      0      -      -      -      0      0      0      0      0      0      0      0      -      0      0      0      0      0      0      0      0      0      0      0      0      0      0      0      0      0      0      0      2      0      0      0      0      0      0      0      0      0      0      0      0      0      0      0      0      2      0      0      0     
0x7f89ef5bc830           STS.U16 [R92+0x1800], R27                              1      1      1      20480  655360 655360 32     32     0      0      Shared Store  16     0      1      0      20480  20480  0      0      0      -      0      0      0      0      0      0      0      0      0      0      0      0      0      0      0      0      0      0      0      0      0      0      1      0      0      0      0      0      0      0      0      0      0      0      0      0      0      0      0      1     
0x7f89ef5bc840           STS.U16 [R93+0x1800], R29                              1      1      1      20480  655360 655360 32     32     0      0      Shared Store  16     0      1      0      20480  20480  0      0      0      -      0      0      0      0      0      0      0      0      0      0      0      0      0      0      0      0      0      0      0      0      0      0      1      0      0      0      0      0      0      0      0      0      0      0      0      0      0      0      0      1     
0x7f89ef5bc850           STS.U16 [R94], R20                                     1      0      1      20480  655360 655360 32     32     0      0      Shared Store  16     0      1      0      20480  20480  0      0      0      -      0      0      0      0      0      0      0      0      0      0      0      0      0      0      0      0      0      1      0      0      0      0      0      0      0      0      0      0      0      0      0      0      0      0      0      0      0      0      0      0     
0x7f89ef5bc860           STS.U16 [R96], R48                                     1      1      1      20480  655360 655360 32     32     0      0      Shared Store  16     0      1      0      20480  20480  0      0      0      -      0      0      0      0      0      0      0      0      0      0      0      0      0      0      0      0      0      0      0      0      0      0      1      0      0      0      0      0      0      0      0      0      0      0      0      0      0      0      0      1     
0x7f89ef5bc870           LOP3.LUT R29, R68, 0x78, RZ, 0xc0, !PT                 9      7      9      20480  655360 655360 32     32     0      0      -      -      -      0      0      0      0      0      0      0      0      -      0      0      0      0      0      0      0      0      0      0      0      0      0      0      0      0      0      1      0      8      0      0      0      0      0      0      0      0      0      0      0      0      0      0      0      0      7      0      0      0     
0x7f89ef5bc880           STS.U16 [R94+0x800], R21                               2      2      2      20480  655360 655360 32     32     0      0      Shared Store  16     0      1      0      20480  20480  0      0      0      -      0      0      0      0      0      0      0      0      0      0      0      0      0      0      0      0      0      0      0      0      0      0      2      0      0      0      0      0      0      0      0      0      0      0      0      0      0      0      0      2     
0x7f89ef5bc890           LOP3.LUT R68, R42, 0x78, R68, 0xf8, !PT                2      0      2      20480  655360 655360 32     32     0      0      -      -      -      0      0      0      0      0      0      0      0      -      0      0      0      0      0      0      0      0      0      0      0      0      0      0      0      0      0      0      2      0      0      0      0      0      0      0      0      0      0      0      0      0      0      0      0      0      0      0      0      0     
0x7f89ef5bc8a0           PRMT R20, R17, 0x7632, R20                             1      1      1      20480  655360 655360 32     32     0      0      -      -      -      0      0      0      0      0      0      0      0      -      0      0      0      0      0      0      0      0      0      0      0      0      0      0      0      0      0      0      0      0      0      0      1      0      0      0      0      0      0      0      0      0      0      0      0      0      0      0      0      1     
0x7f89ef5bc8b0           STS.U16 [R96+0x800], R13                               0      0      0      20480  655360 655360 32     32     0      0      Shared Store  16     0      1      0      20480  20480  0      0      0      -      0      0      0      0      0      0      0      0      0      0      0      0      0      0      0      0      0      0      0      0      0      0      0      0      0      0      0      0      0      0      0      0      0      0      0      0      0      0      0      0     
0x7f89ef5bc8c0           IMAD R29, R70, R47, R29                                0      0      0      20480  655360 655360 32     32     0      0      -      -      -      0      0      0      0      0      0      0      0      -      0      0      0      0      0      0      0      0      0      0      0      0      0      0      0      0      0      0      0      0      0      0      0      0      0      0      0      0      0      0      0      0      0      0      0      0      0      0      0      0     
0x7f89ef5bc8d0           STS.U16 [R94+0x1000], R22                              1      1      1      20480  655360 655360 32     32     0      0      Shared Store  16     0      1      0      20480  20480  0      0      0      -      0      0      0      0      0      0      0      0      0      0      0      0      0      0      0      0      0      0      0      0      0      0      1      0      0      0      0      0      0      0      0      0      0      0      0      0      0      0      0      1     
0x7f89ef5bc8e0           IADD3 R30, P2, PT, R42, R29, RZ                        1      0      1      20480  655360 655360 32     32     0      0      -      -      -      0      0      0      0      0      0      0      0      -      0      0      0      0      0      0      0      0      0      0      0      0      1      0      0      0      0      0      0      0      0      0      0      0      0      0      0      0      0      0      0      0      0      0      0      0      0      0      0      0     
0x7f89ef5bc8f0           STS.U16 [R96+0x1000], R14                              0      0      0      20480  655360 655360 32     32     0      0      Shared Store  16     0      1      0      20480  20480  0      0      0      -      0      0      0      0      0      0      0      0      0      0      0      0      0      0      0      0      0      0      0      0      0      0      0      0      0      0      0      0      0      0      0      0      0      0      0      0      0      0      0      0     
0x7f89ef5bc900           PRMT R13, R18, 0x7632, R13                             6      2      6      20480  655360 655360 32     32     0      0      -      -      -      0      0      0      0      0      0      0      0      -      0      0      0      0      0      0      0      0      0      0      0      0      0      0      0      0      0      0      1      5      0      0      0      0      0      0      0      0      0      0      0      0      0      0      0      0      2      0      0      0     
0x7f89ef5bc910           STS.U16 [R94+0x1800], R23                              2      1      2      20480  655360 655360 32     32     0      0      Shared Store  16     0      1      0      20480  20480  0      0      0      -      0      0      0      0      0      0      0      0      0      0      0      0      0      0      0      0      0      0      1      0      0      0      1      0      0      0      0      0      0      0      0      0      0      0      0      0      0      0      0      1     
0x7f89ef5bc920           LEA.HI.X.SX32 R31, R29, R43, 0x1, P2                   0      0      0      20480  655360 655360 32     32     0      0      -      -      -      0      0      0      0      0      0      0      0      -      0      0      0      0      0      0      0      0      0      0      0      0      0      0      0      0      0      0      0      0      0      0      0      0      0      0      0      0      0      0      0      0      0      0      0      0      0      0      0      0     
0x7f89ef5bc930           STS.U16 [R96+0x1800], R12                              3      2      3      20480  655360 655360 32     32     0      0      Shared Store  16     0      1      0      20480  20480  0      0      0      -      0      0      0      0      0      0      0      0      0      0      0      0      0      0      0      0      0      1      0      0      0      0      2      0      0      0      0      0      0      0      0      0      0      0      0      0      0      0      0      2     
0x7f89ef5bc940           PRMT R14, R19, 0x7632, R14                             3      2      3      20480  655360 655360 32     32     0      0      -      -      -      0      0      0      0      0      0      0      0      -      0      0      0      0      0      0      0      0      1      0      0      0      0      0      0      0      0      0      1      1      0      0      0      0      0      1      0      0      0      0      0      0      0      0      0      0      1      0      0      0     
0x7f89ef5bc950           IMAD.WIDE.U32 R30, R69, R33, R30                       0      0      0      20480  655360 655360 32     32     0      0      -      -      -      0      0      0      0      0      0      0      0      -      0      0      0      0      0      0      0      0      0      0      0      0      0      0      0      0      0      0      0      0      0      0      0      0      0      0      0      0      0      0      0      0      0      0      0      0      0      0      0      0     
0x7f89ef5bc960           STS.U16 [R95], R16                                     5      3      5      20480  655360 655360 32     32     0      0      Shared Store  16     0      1      0      20480  20480  0      0      0      -      0      0      0      0      0      0      0      0      0      0      0      0      0      0      0      0      0      0      2      0      0      0      3      0      0      0      0      0      0      0      0      0      0      0      0      0      0      0      0      3     
0x7f89ef5bc970           IMAD R31, R69, R34, R31                                0      0      0      20480  655360 655360 32     32     0      0      -      -      -      0      0      0      0      0      0      0      0      -      0      0      0      0      0      0      0      0      0      0      0      0      0      0      0      0      0      0      0      0      0      0      0      0      0      0      0      0      0      0      0      0      0      0      0      0      0      0      0      0     
0x7f89ef5bc980           STS.U16 [R97], R15                                     3      0      3      20480  655360 655360 32     32     0      0      Shared Store  16     0      1      0      20480  20480  0      0      0      -      0      0      0      0      0      0      0      0      0      0      0      0      0      0      0      0      0      0      0      0      0      0      3      0      0      0      0      0      0      0      0      0      0      0      0      0      0      0      0      0     
0x7f89ef5bc990           PRMT R12, R9, 0x7632, R12                              2      1      2      20480  655360 655360 32     32     0      0      -      -      -      0      0      0      0      0      0      0      0      -      0      0      0      0      0      0      0      0      0      0      0      0      0      0      0      0      0      0      0      2      0      0      0      0      0      0      0      0      0      0      0      0      0      0      0      0      1      0      0      0     
0x7f89ef5bc9a0           STS.U16 [R95+0x800], R17                               2      2      2      20480  655360 655360 32     32     0      0      Shared Store  16     0      1      0      20480  20480  0      0      0      -      0      0      0      0      0      0      0      0      0      0      0      0      0      0      0      0      0      0      0      0      0      0      2      0      0      0      0      0      0      0      0      0      0      0      0      0      0      0      0      2     
0x7f89ef5bc9b0           STS.U16 [R97+0x800], R20                               2      2      2      20480  655360 655360 32     32     0      0      Shared Store  16     0      1      0      20480  20480  0      0      0      -      0      0      0      0      0      0      0      0      0      0      0      0      0      0      0      0      0      0      0      0      0      0      2      0      0      0      0      0      0      0      0      0      0      0      0      0      0      0      0      2     
0x7f89ef5bc9c0           PRMT R15, R10, 0x7632, R15                             3      2      3      20480  655360 655360 32     32     0      0      -      -      -      0      0      0      0      0      0      0      0      -      0      0      0      0      0      0      0      0      0      0      0      0      0      0      0      0      0      0      1      2      0      0      0      0      0      0      0      0      0      0      0      0      0      0      0      0      2      0      0      0     
0x7f89ef5bc9d0           STS.U16 [R95+0x1000], R18                              1      0      1      20480  655360 655360 32     32     0      0      Shared Store  16     0      1      0      20480  20480  0      0      0      -      0      0      0      0      0      0      0      0      0      0      0      0      0      0      0      0      0      0      0      0      0      0      1      0      0      0      0      0      0      0      0      0      0      0      0      0      0      0      0      0     
0x7f89ef5bc9e0           STS.U16 [R97+0x1000], R13                              4      1      4      20480  655360 655360 32     32     0      0      Shared Store  16     0      1      0      20480  20480  0      0      0      -      0      0      0      0      0      0      0      0      0      0      0      0      0      0      0      0      0      0      1      0      0      0      3      0      0      0      0      0      0      0      0      0      0      0      0      0      0      0      0      1     
0x7f89ef5bc9f0           STS.U16 [R95+0x1800], R19                              0      0      0      20480  655360 655360 32     32     0      0      Shared Store  16     0      1      0      20480  20480  0      0      0      -      0      0      0      0      0      0      0      0      0      0      0      0      0      0      0      0      0      0      0      0      0      0      0      0      0      0      0      0      0      0      0      0      0      0      0      0      0      0      0      0     
0x7f89ef5bca00           STS.U16 [R97+0x1800], R14                              2      2      2      20480  655360 655360 32     32     0      0      Shared Store  16     0      1      0      20480  20480  0      0      0      -      0      0      0      0      0      0      0      0      0      0      0      0      0      0      0      0      0      0      0      0      0      0      2      0      0      0      0      0      0      0      0      0      0      0      0      0      0      0      0      2     
0x7f89ef5bca10           PRMT R13, R11, 0x7632, R13                             7      6      7      20480  655360 655360 32     32     0      0      -      -      -      0      0      0      0      0      0      0      0      -      0      0      0      0      0      0      0      0      1      0      0      0      1      0      0      0      0      0      0      5      0      0      0      0      0      1      0      0      0      0      0      0      0      0      0      0      5      0      0      0     
0x7f89ef5bca20           STS.U16 [R98], R8                                      0      0      0      20480  655360 655360 32     32     0      0      Shared Store  16     0      1      0      20480  20480  0      0      0      -      0      0      0      0      0      0      0      0      0      0      0      0      0      0      0      0      0      0      0      0      0      0      0      0      0      0      0      0      0      0      0      0      0      0      0      0      0      0      0      0     
0x7f89ef5bca30           STS.U16 [R100], R50                                    3      2      3      20480  655360 655360 32     32     0      0      Shared Store  16     0      1      0      20480  20480  0      0      0      -      0      0      0      0      0      0      0      0      0      0      0      0      0      0      0      0      0      0      1      0      0      0      2      0      0      0      0      0      0      0      0      0      0      0      0      0      0      0      0      2     
0x7f89ef5bca40           PRMT R14, R4, 0x7632, R14                              4      3      4      20480  655360 655360 32     32     0      0      -      -      -      0      0      0      0      0      0      0      0      -      0      0      0      0      0      0      0      0      0      0      0      0      1      0      0      0      0      0      1      2      0      0      0      0      0      0      0      0      0      1      0      0      0      0      0      0      2      0      0      0     
0x7f89ef5bca50           STS.U16 [R98+0x800], R9                                2      2      2      20480  655360 655360 32     32     0      0      Shared Store  16     0      1      0      20480  20480  0      0      0      -      0      0      0      0      0      0      0      0      0      0      0      0      0      0      0      0      0      0      0      0      0      0      2      0      0      0      0      0      0      0      0      0      0      0      0      0      0      0      0      2     
0x7f89ef5bca60           PRMT R8, R5, 0x7632, R8                                7      2      7      20480  655360 655360 32     32     0      0      -      -      -      0      0      0      0      0      0      0      0      -      0      0      0      0      0      0      0      0      0      0      0      0      0      0      0      0      0      0      4      3      0      0      0      0      0      0      0      0      0      0      0      0      0      0      0      0      2      0      0      0     
0x7f89ef5bca70           STS.U16 [R100+0x800], R12                              4      1      4      20480  655360 655360 32     32     0      0      Shared Store  16     0      1      0      20480  20480  0      0      0      -      0      0      0      0      0      0      0      0      0      0      0      0      0      0      1      0      0      1      2      0      0      0      0      0      0      0      0      0      0      0      0      1      0      0      0      0      0      0      0      0     
0x7f89ef5bca80           STS.U16 [R98+0x1000], R10                              3      1      3      20480  655360 655360 32     32     0      0      Shared Store  16     0      1      0      20480  20480  0      0      0      -      0      0      0      0      0      0      0      0      0      0      0      0      0      0      0      0      0      0      1      0      0      0      2      0      0      0      0      0      0      0      0      0      0      0      0      0      0      0      0      1     
0x7f89ef5bca90           SHF.R.S32.HI R9, RZ, 0x1f, R40                         6      3      6      20480  655360 655360 32     32     0      0      -      -      -      0      0      0      0      0      0      0      0      -      0      0      0      0      0      0      0      0      0      0      0      0      1      0      0      0      0      1      1      3      0      0      0      0      0      0      0      0      0      0      0      0      0      0      0      0      3      0      0      0     
0x7f89ef5bcaa0           STS.U16 [R100+0x1000], R15                             2      0      2      20480  655360 655360 32     32     0      0      Shared Store  16     0      1      0      20480  20480  0      0      0      -      0      0      0      0      0      0      0      0      0      0      0      0      0      0      0      0      0      0      1      0      0      0      1      0      0      0      0      0      0      0      0      0      0      0      0      0      0      0      0      0     
0x7f89ef5bcab0           PRMT R12, R6, 0x7632, R12                              2      2      2      20480  655360 655360 32     32     0      0      -      -      -      0      0      0      0      0      0      0      0      -      0      0      0      0      0      0      0      0      0      0      0      0      0      0      0      0      0      0      0      2      0      0      0      0      0      0      0      0      0      0      0      0      0      0      0      0      2      0      0      0     
0x7f89ef5bcac0           STS.U16 [R98+0x1800], R11                              1      0      1      20480  655360 655360 32     32     0      0      Shared Store  16     0      1      0      20480  20480  0      0      0      -      0      0      0      0      0      0      0      0      0      0      0      0      0      0      0      0      0      0      1      0      0      0      0      0      0      0      0      0      0      0      0      0      0      0      0      0      0      0      0      0     
0x7f89ef5bcad0           LEA.HI R52, R9, R40, RZ, 0x6                           1      0      1      20480  655360 655360 32     32     0      0      -      -      -      0      0      0      0      0      0      0      0      -      0      0      0      0      0      0      0      0      0      0      0      0      0      0      0      0      0      0      1      0      0      0      0      0      0      0      0      0      0      0      0      0      0      0      0      0      0      0      0      0     
0x7f89ef5bcae0           PRMT R10, R7, 0x7632, R10                              1      1      1      20480  655360 655360 32     32     0      0      -      -      -      0      0      0      0      0      0      0      0      -      0      0      0      0      0      0      0      0      0      0      0      0      0      0      0      0      0      0      0      0      0      0      1      0      0      0      0      0      0      0      0      0      0      0      0      0      0      0      0      1     
0x7f89ef5bcaf0           STS.U16 [R100+0x1800], R13                             0      0      0      20480  655360 655360 32     32     0      0      Shared Store  16     0      1      0      20480  20480  0      0      0      -      0      0      0      0      0      0      0      0      0      0      0      0      0      0      0      0      0      0      0      0      0      0      0      0      0      0      0      0      0      0      0      0      0      0      0      0      0      0      0      0     
0x7f89ef5bcb00           LOP3.LUT R9, R52, 0xffffffc0, RZ, 0xc0, !PT            0      0      0      20480  655360 655360 32     32     0      0      -      -      -      0      0      0      0      0      0      0      0      -      0      0      0      0      0      0      0      0      0      0      0      0      0      0      0      0      0      0      0      0      0      0      0      0      0      0      0      0      0      0      0      0      0      0      0      0      0      0      0      0     
0x7f89ef5bcb10           STS.U16 [R101], R4                                     4      2      4      20480  655360 655360 32     32     0      0      Shared Store  16     0      1      0      20480  20480  0      0      0      -      0      0      0      0      0      0      0      0      0      0      0      0      0      0      0      0      0      0      1      0      0      0      3      0      0      0      0      0      0      0      0      0      0      0      0      0      0      0      0      2     
0x7f89ef5bcb20           ISETP.NE.U32.AND P0, PT, R9, R40, PT                   0      0      0      20480  655360 655360 32     32     0      0      -      -      -      0      0      0      0      0      0      0      0      -      0      0      0      0      0      0      0      0      0      0      0      0      0      0      0      0      0      0      0      0      0      0      0      0      0      0      0      0      0      0      0      0      0      0      0      0      0      0      0      0     
0x7f89ef5bcb30           SHF.R.U32.HI R11, RZ, 0x3, R0                          5      2      5      20480  655360 655360 32     32     0      0      -      -      -      0      0      0      0      0      0      0      0      -      0      0      0      0      0      0      0      0      0      0      0      0      0      0      0      0      0      2      0      3      0      0      0      0      0      0      0      0      0      0      0      0      0      0      0      0      2      0      0      0     
0x7f89ef5bcb40           STS.U16 [R99], R14                                     0      0      0      20480  655360 655360 32     32     0      0      Shared Store  16     0      1      0      20480  20480  0      0      0      -      0      0      0      0      0      0      0      0      0      0      0      0      0      0      0      0      0      0      0      0      0      0      0      0      0      0      0      0      0      0      0      0      0      0      0      0      0      0      0      0     
0x7f89ef5bcb50           ISETP.GT.AND P0, PT, R40, -0x1, P0                     0      0      0      20480  655360 655360 32     32     0      0      -      -      -      0      0      0      0      0      0      0      0      -      0      0      0      0      0      0      0      0      0      0      0      0      0      0      0      0      0      0      0      0      0      0      0      0      0      0      0      0      0      0      0      0      0      0      0      0      0      0      0      0     
0x7f89ef5bcb60           LOP3.LUT R32, R0, 0x70, R11, 0x78, !PT                 1      1      1      20480  655360 655360 32     32     0      0      -      -      -      0      0      0      0      0      0      0      0      -      0      0      0      0      0      0      0      0      0      0      0      0      0      0      0      0      0      0      0      0      0      0      1      0      0      0      0      0      0      0      0      0      0      0      0      0      0      0      0      1     
0x7f89ef5bcb70           STS.U16 [R101+0x800], R5                               2      0      2      20480  655360 655360 32     32     0      0      Shared Store  16     0      1      0      20480  20480  0      0      0      -      0      0      0      0      0      0      0      0      0      0      0      0      0      0      0      0      0      0      2      0      0      0      0      0      0      0      0      0      0      0      0      0      0      0      0      0      0      0      0      0     
0x7f89ef5bcb80           SHF.R.S32.HI R4, RZ, 0x1f, R41                         5      3      5      20480  655360 655360 32     32     0      0      -      -      -      0      0      0      0      0      0      0      0      -      0      0      0      0      0      0      0      0      1      0      0      0      0      0      0      0      0      0      0      4      0      0      0      0      0      1      0      0      0      0      0      0      0      0      0      0      2      0      0      0     
0x7f89ef5bcb90           STS.U16 [R99+0x800], R8                                1      1      1      20480  655360 655360 32     32     0      0      Shared Store  16     0      1      0      20480  20480  0      0      0      -      0      0      0      0      0      0      0      0      0      0      0      0      0      0      0      0      0      0      0      0      0      0      1      0      0      0      0      0      0      0      0      0      0      0      0      0      0      0      0      1     
0x7f89ef5bcba0           LEA.HI R59, R4, R41, RZ, 0x7                           0      0      0      20480  655360 655360 32     32     0      0      -      -      -      0      0      0      0      0      0      0      0      -      0      0      0      0      0      0      0      0      0      0      0      0      0      0      0      0      0      0      0      0      0      0      0      0      0      0      0      0      0      0      0      0      0      0      0      0      0      0      0      0     
0x7f89ef5bcbb0           STS.U16 [R101+0x1000], R6                              4      2      4      20480  655360 655360 32     32     0      0      Shared Store  16     0      1      0      20480  20480  0      0      0      -      0      0      0      0      0      0      0      0      0      0      0      0      0      0      0      0      0      2      0      0      0      0      2      0      0      0      0      0      0      0      0      0      0      0      0      0      0      0      0      2     
0x7f89ef5bcbc0           LOP3.LUT R28, R59, 0xffffff80, RZ, 0xc0, !PT           0      0      0      20480  655360 655360 32     32     0      0      -      -      -      0      0      0      0      0      0      0      0      -      0      0      0      0      0      0      0      0      0      0      0      0      0      0      0      0      0      0      0      0      0      0      0      0      0      0      0      0      0      0      0      0      0      0      0      0      0      0      0      0     
0x7f89ef5bcbd0           STS.U16 [R99+0x1000], R12                              1      0      1      20480  655360 655360 32     32     0      0      Shared Store  16     0      1      0      20480  20480  0      0      0      -      0      0      0      0      0      0      0      0      0      0      0      0      0      0      0      0      0      0      1      0      0      0      0      0      0      0      0      0      0      0      0      0      0      0      0      0      0      0      0      0     
0x7f89ef5bcbe0           SHF.R.S32.HI R35, RZ, 0x7, R59                         1      0      1      20480  655360 655360 32     32     0      0      -      -      -      0      0      0      0      0      0      0      0      -      0      0      0      0      0      0      0      0      0      0      0      0      0      0      0      0      0      0      1      0      0      0      0      0      0      0      0      0      0      0      0      0      0      0      0      0      0      0      0      0     
0x7f89ef5bcbf0           ISETP.NE.U32.AND P1, PT, R28, R41, PT                  0      0      0      20480  655360 655360 32     32     0      0      -      -      -      0      0      0      0      0      0      0      0      -      0      0      0      0      0      0      0      0      0      0      0      0      0      0      0      0      0      0      0      0      0      0      0      0      0      0      0      0      0      0      0      0      0      0      0      0      0      0      0      0     
0x7f89ef5bcc00           STS.U16 [R101+0x1800], R7                              1      1      1      20480  655360 655360 32     32     0      0      Shared Store  16     0      1      0      20480  20480  0      0      0      -      0      0      0      0      0      0      0      0      0      0      0      0      0      0      1      0      0      0      0      0      0      0      0      0      0      0      0      0      0      0      0      1      0      0      0      0      0      0      0      0     
0x7f89ef5bcc10           SHF.R.S32.HI R28, RZ, 0x6, R52                         1      0      1      20480  655360 655360 32     32     0      0      -      -      -      0      0      0      0      0      0      0      0      -      0      0      0      0      0      0      0      0      0      0      0      0      0      0      0      0      0      0      1      0      0      0      0      0      0      0      0      0      0      0      0      0      0      0      0      0      0      0      0      0     
0x7f89ef5bcc20           LEA.HI.SX32 R52, R52, 0x1, 0x1a                        2      2      2      20480  655360 655360 32     32     0      0      -      -      -      0      0      0      0      0      0      0      0      -      0      0      0      0      0      0      0      0      0      0      0      0      0      0      0      0      0      0      0      0      0      0      2      0      0      0      0      0      0      0      0      0      0      0      0      0      0      0      0      2     
0x7f89ef5bcc30           STS.U16 [R99+0x1800], R10                              1      0      1      20480  655360 655360 32     32     0      0      Shared Store  16     0      1      0      20480  20480  0      0      0      -      0      0      0      0      0      0      0      0      1      0      0      0      0      0      0      0      0      0      0      0      0      0      0      0      0      0      0      0      0      0      0      0      0      0      0      0      0      0      0      0     
0x7f89ef5bcc40           BAR.SYNC.DEFER_BLOCKING 0x0                            0      0      0      20480  655360 655360 32     32     0      0      -      -      -      0      0      0      0      0      0      0      0      -      0      0      0      0      0      0      0      0      0      0      0      0      0      0      0      0      0      0      0      0      0      0      0      0      0      0      0      0      0      0      0      0      0      0      0      0      0      0      0      0     
0x7f89ef5bcc50     @!P0  IMAD.MOV R52, RZ, RZ, R28                              1      0      1      20480  655360 655360 32     32     0      0      -      -      -      0      0      0      0      0      0      0      0      -      0      0      0      0      0      0      0      0      0      0      0      0      0      0      0      0      0      0      1      0      0      0      0      0      0      0      0      0      0      0      0      0      0      0      0      0      0      0      0      0     
0x7f89ef5bcc60           ISETP.GT.AND P1, PT, R41, -0x1, P1                     0      0      0      20480  655360 655360 32     32     0      0      -      -      -      0      0      0      0      0      0      0      0      -      0      0      0      0      0      0      0      0      0      0      0      0      0      0      0      0      0      0      0      0      0      0      0      0      0      0      0      0      0      0      0      0      0      0      0      0      0      0      0      0     
0x7f89ef5bcc70           IMAD.WIDE.U32 R28, R69, 0x40, RZ                       0      0      0      20480  655360 655360 32     32     0      0      -      -      -      0      0      0      0      0      0      0      0      -      0      0      0      0      0      0      0      0      0      0      0      0      0      0      0      0      0      0      0      0      0      0      0      0      0      0      0      0      0      0      0      0      0      0      0      0      0      0      0      0     
0x7f89ef5bcc80           LEA R56, P0, R30, UR4, 0x1                             0      0      0      20480  655360 655360 32     32     0      0      -      -      -      0      0      0      0      0      0      0      0      -      0      0      0      0      0      0      0      0      0      0      0      0      0      0      0      0      0      0      0      0      0      0      0      0      0      0      0      0      0      0      0      0      0      0      0      0      0      0      0      0     
0x7f89ef5bcc90           LEA.HI.SX32 R59, R59, 0x1, 0x19                        2      1      2      20480  655360 655360 32     32     0      0      -      -      -      0      0      0      0      0      0      0      0      -      0      0      0      0      0      0      0      0      0      0      0      0      0      0      0      0      0      1      0      0      0      0      1      0      0      0      0      0      0      0      0      0      0      0      0      0      0      0      0      1     
0x7f89ef5bcca0           LOP3.LUT R28, R28, R70, RZ, 0xfc, !PT                  1      1      1      20480  655360 655360 32     32     0      0      -      -      -      0      0      0      0      0      0      0      0      -      0      0      0      0      0      0      0      0      1      0      0      0      0      0      0      0      0      0      0      0      0      0      0      0      0      1      0      0      0      0      0      0      0      0      0      0      0      0      0      0     
0x7f89ef5bccb0           LEA.HI.X R57, R30, UR5, R31, 0x1, P0                   0      0      0      20480  655360 655360 32     32     0      0      -      -      -      0      0      0      0      0      0      0      0      -      0      0      0      0      0      0      0      0      0      0      0      0      0      0      0      0      0      0      0      0      0      0      0      0      0      0      0      0      0      0      0      0      0      0      0      0      0      0      0      0     
0x7f89ef5bccc0           LEA R36, P2, R33, R56, 0x1                             2      0      2      20480  655360 655360 32     32     0      0      -      -      -      0      0      0      0      0      0      0      0      -      0      0      0      0      0      0      0      0      0      0      0      0      0      0      0      0      0      1      0      0      0      0      1      0      0      0      0      0      0      0      0      0      0      0      0      0      0      0      0      0     
0x7f89ef5bccd0           IADD3 R28, P0, PT, -R28, UR8, RZ                       1      0      1      20480  655360 655360 32     32     0      0      -      -      -      0      0      0      0      0      0      0      0      -      0      0      0      0      0      0      0      0      0      0      0      0      0      0      0      0      0      0      1      0      0      0      0      0      0      0      0      0      0      0      0      0      0      0      0      0      0      0      0      0     
0x7f89ef5bcce0     @!P1  IMAD.MOV R59, RZ, RZ, R35                              1      0      1      20480  655360 655360 32     32     0      0      -      -      -      0      0      0      0      0      0      0      0      -      0      0      0      0      0      0      0      0      0      0      0      0      0      0      0      0      0      0      1      0      0      0      0      0      0      0      0      0      0      0      0      0      0      0      0      0      0      0      0      0     
0x7f89ef5bccf0           LEA.HI.X R37, R33, R57, R34, 0x1, P2                   0      0      0      20480  655360 655360 32     32     0      0      -      -      -      0      0      0      0      0      0      0      0      -      0      0      0      0      0      0      0      0      0      0      0      0      0      0      0      0      0      0      0      0      0      0      0      0      0      0      0      0      0      0      0      0      0      0      0      0      0      0      0      0     
0x7f89ef5bcd00           LEA.HI.X.SX32 R54, R40, ~R29, 0x1, P0                  1      1      1      20480  655360 655360 32     32     0      0      -      -      -      0      0      0      0      0      0      0      0      -      0      0      0      0      0      0      0      0      0      0      0      0      0      0      0      0      0      0      0      0      0      0      1      0      0      0      0      0      0      0      0      0      0      0      0      0      0      0      0      1     
0x7f89ef5bcd10           ISETP.GE.U32.AND P0, PT, R68, R41, PT                  2      0      2      20480  655360 655360 32     32     0      0      -      -      -      0      0      0      0      0      0      0      0      -      0      0      0      0      0      0      0      0      0      0      0      0      0      0      0      0      0      0      2      0      0      0      0      0      0      0      0      0      0      0      0      0      0      0      0      0      0      0      0      0     
0x7f89ef5bcd20           IADD3 R58, P2, PT, R28, -0x40, RZ                      0      0      0      20480  655360 655360 32     32     0      0      -      -      -      0      0      0      0      0      0      0      0      -      0      0      0      0      0      0      0      0      0      0      0      0      0      0      0      0      0      0      0      0      0      0      0      0      0      0      0      0      0      0      0      0      0      0      0      0      0      0      0      0     
0x7f89ef5bcd30           LDS.128 R20, [R32+0x6000]                              327    267    327    20480  655360 655360 32     32     0      0      Shared Load   128    0      4      0      81920  81920  0      0      0      -      0      0      0      0      0      0      327    0      0      0      0      0      0      0      0      0      0      0      0      0      0      0      0      267    0      0      0      0      0      0      0      0      0      0      0      0      0      0      0      0     
0x7f89ef5bcd40           ISETP.GE.U32.AND P1, PT, R69, R52, PT                  0      0      0      20480  655360 655360 32     32     0      0      -      -      -      0      0      0      0      0      0      0      0      -      0      0      0      0      0      0      0      0      0      0      0      0      0      0      0      0      0      0      0      0      0      0      0      0      0      0      0      0      0      0      0      0      0      0      0      0      0      0      0      0     
0x7f89ef5bcd50           ISETP.GE.AND.EX P0, PT, R43, R45, PT, P0               0      0      0      20480  655360 655360 32     32     0      0      -      -      -      0      0      0      0      0      0      0      0      -      0      0      0      0      0      0      0      0      0      0      0      0      0      0      0      0      0      0      0      0      0      0      0      0      0      0      0      0      0      0      0      0      0      0      0      0      0      0      0      0     
0x7f89ef5bcd60           LDS.128 R24, [R3+0x6000]                               0      0      0      20480  655360 655360 32     32     0      0      Shared Load   128    0      4      0      81920  81920  0      0      0      -      0      0      0      0      0      0      0      0      0      0      0      0      0      0      0      0      0      0      0      0      0      0      0      0      0      0      0      0      0      0      0      0      0      0      0      0      0      0      0      0     
0x7f89ef5bcd70           ISETP.GT.U32.AND P3, PT, R28, 0x10, PT                 0      0      0      20480  655360 655360 32     32     0      0      -      -      -      0      0      0      0      0      0      0      0      -      0      0      0      0      0      0      0      0      0      0      0      0      0      0      0      0      0      0      0      0      0      0      0      0      0      0      0      0      0      0      0      0      0      0      0      0      0      0      0      0     
0x7f89ef5bcd80           ISETP.GE.U32.OR P1, PT, R2, R59, P1                    1      1      1      20480  655360 655360 32     32     0      0      -      -      -      0      0      0      0      0      0      0      0      -      0      0      0      0      0      0      0      0      0      0      0      0      1      0      0      0      0      0      0      0      0      0      0      0      0      0      0      0      0      1      0      0      0      0      0      0      0      0      0      0     
0x7f89ef5bcd90           LDS.128 R4, [R32+0x4000]                               1      0      1      20480  655360 655360 32     32     0      0      Shared Load   128    0      4      0      81920  81920  0      0      0      -      0      0      0      0      0      0      0      0      0      0      0      0      0      0      0      0      0      0      1      0      0      0      0      0      0      0      0      0      0      0      0      0      0      0      0      0      0      0      0      0     
0x7f89ef5bcda0           ISETP.GT.AND.EX P3, PT, R54, RZ, !P0, P3               1      0      1      20480  655360 655360 32     32     0      0      -      -      -      0      0      0      0      0      0      0      0      -      0      0      0      0      0      0      0      0      0      0      0      0      0      0      0      0      0      0      1      0      0      0      0      0      0      0      0      0      0      0      0      0      0      0      0      0      0      0      0      0     
0x7f89ef5bcdb0     @P2   LOP3.LUT R38, R38, 0x10, RZ, 0xfc, !PT                 4      2      4      20480  655360 655360 32     32     0      0      -      -      -      0      0      0      0      0      0      0      0      -      0      0      0      0      0      0      0      0      0      0      0      0      1      0      0      0      0      1      0      0      0      0      2      0      0      0      0      0      0      1      0      0      0      0      0      0      0      0      0      1     
0x7f89ef5bcdc0           LDS.128 R8, [R3+0x4000]                                0      0      0      20480  655360 655360 32     32     0      0      Shared Load   128    0      4      0      81920  81920  0      0      0      -      0      0      0      0      0      0      0      0      0      0      0      0      0      0      0      0      0      0      0      0      0      0      0      0      0      0      0      0      0      0      0      0      0      0      0      0      0      0      0      0     
0x7f89ef5bcdd0           ISETP.GT.U32.AND P4, PT, R28, 0x18, PT                 0      0      0      20480  655360 655360 32     32     0      0      -      -      -      0      0      0      0      0      0      0      0      -      0      0      0      0      0      0      0      0      0      0      0      0      0      0      0      0      0      0      0      0      0      0      0      0      0      0      0      0      0      0      0      0      0      0      0      0      0      0      0      0     
0x7f89ef5bcde0           ISETP.GT.U32.AND P2, PT, R28, 0x28, PT                 0      0      0      20480  655360 655360 32     32     0      0      -      -      -      0      0      0      0      0      0      0      0      -      0      0      0      0      0      0      0      0      0      0      0      0      0      0      0      0      0      0      0      0      0      0      0      0      0      0      0      0      0      0      0      0      0      0      0      0      0      0      0      0     
0x7f89ef5bcdf0           LDS.128 R12, [R32+0x2000]                              1      0      1      20480  655360 655360 32     32     0      0      Shared Load   128    0      4      0      81920  81920  0      0      0      -      0      0      0      0      0      0      0      0      0      0      0      0      0      0      0      0      0      0      1      0      0      0      0      0      0      0      0      0      0      0      0      0      0      0      0      0      0      0      0      0     
0x7f89ef5bce00           LOP3.LUT R38, R38, 0xfffffffe, RZ, 0xc0, !PT           0      0      0      20480  655360 655360 32     32     0      0      -      -      -      0      0      0      0      0      0      0      0      -      0      0      0      0      0      0      0      0      0      0      0      0      0      0      0      0      0      0      0      0      0      0      0      0      0      0      0      0      0      0      0      0      0      0      0      0      0      0      0      0     
0x7f89ef5bce10           ISETP.GT.AND.EX P4, PT, R54, RZ, !P0, P4               0      0      0      20480  655360 655360 32     32     0      0      -      -      -      0      0      0      0      0      0      0      0      -      0      0      0      0      0      0      0      0      0      0      0      0      0      0      0      0      0      0      0      0      0      0      0      0      0      0      0      0      0      0      0      0      0      0      0      0      0      0      0      0     
0x7f89ef5bce20           LDS.128 R16, [R3+0x2000]                               0      0      0      20480  655360 655360 32     32     0      0      Shared Load   128    0      4      0      81920  81920  0      0      0      -      0      0      0      0      0      0      0      0      0      0      0      0      0      0      0      0      0      0      0      0      0      0      0      0      0      0      0      0      0      0      0      0      0      0      0      0      0      0      0      0     
0x7f89ef5bce30           ISETP.GT.AND.EX P2, PT, R54, RZ, !P0, P2               1      0      1      20480  655360 655360 32     32     0      0      -      -      -      0      0      0      0      0      0      0      0      -      0      0      0      0      0      0      0      0      0      0      0      0      0      0      0      0      0      0      1      0      0      0      0      0      0      0      0      0      0      0      0      0      0      0      0      0      0      0      0      0     
0x7f89ef5bce40     @P3   LOP3.LUT R38, R38, 0x1, RZ, 0xfc, !PT                  0      0      0      20480  655360 655360 32     32     0      0      -      -      -      0      0      0      0      0      0      0      0      -      0      0      0      0      0      0      0      0      0      0      0      0      0      0      0      0      0      0      0      0      0      0      0      0      0      0      0      0      0      0      0      0      0      0      0      0      0      0      0      0     
0x7f89ef5bce50           PRMT R35, R23, 0x7632, R27                             22     21     22     20480  655360 655360 32     32     0      0      -      -      -      0      0      0      0      0      0      0      0      -      0      0      0      0      0      0      0      0      0      0      0      0      0      0      0      0      0      0      0      21     0      0      1      0      0      0      0      0      0      0      0      0      0      0      0      0      20     0      0      1     
0x7f89ef5bce60           PRMT R31, R23, 0x5410, R27                             0      0      0      20480  655360 655360 32     32     0      0      -      -      -      0      0      0      0      0      0      0      0      -      0      0      0      0      0      0      0      0      0      0      0      0      0      0      0      0      0      0      0      0      0      0      0      0      0      0      0      0      0      0      0      0      0      0      0      0      0      0      0      0     
0x7f89ef5bce70           PRMT R23, R22, 0x7632, R26                             2      0      2      20480  655360 655360 32     32     0      0      -      -      -      0      0      0      0      0      0      0      0      -      0      0      0      0      0      0      0      0      0      0      0      0      0      0      0      0      0      0      2      0      0      0      0      0      0      0      0      0      0      0      0      0      0      0      0      0      0      0      0      0     
0x7f89ef5bce80           PRMT R27, R22, 0x5410, R26                             1      1      1      20480  655360 655360 32     32     0      0      -      -      -      0      0      0      0      0      0      0      0      -      0      0      0      0      0      0      0      0      0      0      0      0      0      0      0      0      0      0      0      0      0      0      1      0      0      0      0      0      0      0      0      0      0      0      0      0      0      0      0      1     
0x7f89ef5bce90           PRMT R34, R7, 0x7632, R11                              11     10     11     20480  655360 655360 32     32     0      0      -      -      -      0      0      0      0      0      0      0      0      -      0      0      0      0      0      0      0      0      0      0      0      0      0      0      0      0      0      0      1      10     0      0      0      0      0      0      0      0      0      0      0      0      0      0      0      0      10     0      0      0     
0x7f89ef5bcea0           PRMT R30, R7, 0x5410, R11                              1      0      1      20480  655360 655360 32     32     0      0      -      -      -      0      0      0      0      0      0      0      0      -      0      0      0      0      0      0      0      0      0      0      0      0      0      0      0      0      0      0      1      0      0      0      0      0      0      0      0      0      0      0      0      0      0      0      0      0      0      0      0      0     
0x7f89ef5bceb0           IMAD R11, R47, 0x30, RZ                                0      0      0      20480  655360 655360 32     32     0      0      -      -      -      0      0      0      0      0      0      0      0      -      0      0      0      0      0      0      0      0      0      0      0      0      0      0      0      0      0      0      0      0      0      0      0      0      0      0      0      0      0      0      0      0      0      0      0      0      0      0      0      0     
0x7f89ef5bcec0           IMAD R7, R47, 0x38, RZ                                 1      0      1      20480  655360 655360 32     32     0      0      -      -      -      0      0      0      0      0      0      0      0      -      0      0      0      0      0      0      0      0      0      0      0      0      0      0      0      0      0      0      1      0      0      0      0      0      0      0      0      0      0      0      0      0      0      0      0      0      0      0      0      0     
0x7f89ef5bced0           PRMT R33, R15, 0x7632, R19                             12     11     12     20480  655360 655360 32     32     0      0      -      -      -      0      0      0      0      0      0      0      0      -      0      0      0      0      0      0      0      0      0      0      0      0      0      0      0      0      0      0      1      11     0      0      0      0      0      0      0      0      0      0      0      0      0      0      0      0      11     0      0      0     
0x7f89ef5bcee0           PRMT R29, R15, 0x5410, R19                             0      0      0      20480  655360 655360 32     32     0      0      -      -      -      0      0      0      0      0      0      0      0      -      0      0      0      0      0      0      0      0      0      0      0      0      0      0      0      0      0      0      0      0      0      0      0      0      0      0      0      0      0      0      0      0      0      0      0      0      0      0      0      0     
0x7f89ef5bcef0           IMAD.SHL.U32 R19, R47, 0x20, RZ                        0      0      0      20480  655360 655360 32     32     0      0      -      -      -      0      0      0      0      0      0      0      0      -      0      0      0      0      0      0      0      0      0      0      0      0      0      0      0      0      0      0      0      0      0      0      0      0      0      0      0      0      0      0      0      0      0      0      0      0      0      0      0      0     
0x7f89ef5bcf00           IMAD R15, R47, 0x28, RZ                                0      0      0      20480  655360 655360 32     32     0      0      -      -      -      0      0      0      0      0      0      0      0      -      0      0      0      0      0      0      0      0      0      0      0      0      0      0      0      0      0      0      0      0      0      0      0      0      0      0      0      0      0      0      0      0      0      0      0      0      0      0      0      0     
0x7f89ef5bcf10     @P1   BRA 0x7f89ef5bd330                                     1      0      1      20480  655360 0      32     0      32     0      -      -      -      0      0      0      0      0      0      0      0      -      0      0      0      0      0      0      0      0      0      0      0      0      0      0      0      0      0      0      1      0      0      0      0      0      0      0      0      0      0      0      0      0      0      0      0      0      0      0      0      0     
0x7f89ef5bcf20           ISETP.GE.U32.AND P6, PT, R28, 0x31, PT                 2      1      2      20480  655360 655360 32     32     0      0      -      -      -      0      0      0      0      0      0      0      0      -      0      0      0      0      0      0      0      0      0      0      0      0      0      0      0      0      0      0      1      0      0      0      1      0      0      0      0      0      0      0      0      0      0      0      0      0      0      0      0      1     
0x7f89ef5bcf30           P2R R26, PR, RZ, 0x1                                   1      0      1      20480  655360 655360 32     32     0      0      -      -      -      0      0      0      0      0      0      0      0      -      0      0      0      0      0      0      0      0      0      0      0      0      0      0      0      0      0      0      1      0      0      0      0      0      0      0      0      0      0      0      0      0      0      0      0      0      0      0      0      0     
0x7f89ef5bcf40           ISETP.GE.AND.EX P0, PT, R54, RZ, PT, P6                0      0      0      20480  655360 655360 32     32     0      0      -      -      -      0      0      0      0      0      0      0      0      -      0      0      0      0      0      0      0      0      0      0      0      0      0      0      0      0      0      0      0      0      0      0      0      0      0      0      0      0      0      0      0      0      0      0      0      0      0      0      0      0     
0x7f89ef5bcf50           ISETP.GE.U32.AND P6, PT, R28, 0x39, PT                 0      0      0      20480  655360 655360 32     32     0      0      -      -      -      0      0      0      0      0      0      0      0      -      0      0      0      0      0      0      0      0      0      0      0      0      0      0      0      0      0      0      0      0      0      0      0      0      0      0      0      0      0      0      0      0      0      0      0      0      0      0      0      0     
0x7f89ef5bcf60           ISETP.GE.U32.AND P1, PT, R28, 0x1, PT                  1      0      1      20480  655360 655360 32     32     0      0      -      -      -      0      0      0      0      0      0      0      0      -      0      0      0      0      0      0      0      0      0      0      0      0      0      0      0      0      0      0      0      0      0      0      1      0      0      0      0      0      0      0      0      0      0      0      0      0      0      0      0      0     
0x7f89ef5bcf70           LOP3.LUT R38, R38, 0xfffffffd, RZ, 0xc0, !PT           0      0      0      20480  655360 655360 32     32     0      0      -      -      -      0      0      0      0      0      0      0      0      -      0      0      0      0      0      0      0      0      0      0      0      0      0      0      0      0      0      0      0      0      0      0      0      0      0      0      0      0      0      0      0      0      0      0      0      0      0      0      0      0     
0x7f89ef5bcf80           P2R R22, PR, RZ, 0x4                                   1      0      1      20480  655360 655360 32     32     0      0      -      -      -      0      0      0      0      0      0      0      0      -      0      0      0      0      0      0      0      0      0      0      0      0      0      0      0      0      0      0      1      0      0      0      0      0      0      0      0      0      0      0      0      0      0      0      0      0      0      0      0      0     
0x7f89ef5bcf90           ISETP.GE.AND.EX P2, PT, R54, RZ, PT, P6                1      1      1      20480  655360 655360 32     32     0      0      -      -      -      0      0      0      0      0      0      0      0      -      0      0      0      0      0      0      0      0      0      0      0      0      0      0      0      0      0      0      0      0      0      0      1      0      0      0      0      0      0      0      0      0      0      0      0      0      0      0      0      1     
0x7f89ef5bcfa0           ISETP.GE.AND.EX P1, PT, R54, RZ, PT, P1                0      0      0      20480  655360 655360 32     32     0      0      -      -      -      0      0      0      0      0      0      0      0      -      0      0      0      0      0      0      0      0      0      0      0      0      0      0      0      0      0      0      0      0      0      0      0      0      0      0      0      0      0      0      0      0      0      0      0      0      0      0      0      0     
0x7f89ef5bcfb0           ISETP.GE.U32.AND P6, PT, R68, R41, PT                  3      2      3      20480  655360 655360 32     32     0      0      -      -      -      0      0      0      0      0      0      0      0      -      0      0      0      0      0      0      0      0      0      0      0      0      0      0      0      0      0      0      1      0      0      0      2      0      0      0      0      0      0      0      0      0      0      0      0      0      0      0      0      2     
0x7f89ef5bcfc0           ISETP.GE.U32.AND P5, PT, R28, 0x9, PT                  3      1      3      20480  655360 655360 32     32     0      0      -      -      -      0      0      0      0      0      0      0      0      -      0      0      0      0      0      0      0      0      0      0      0      0      0      0      0      0      0      0      2      0      0      0      1      0      0      0      0      0      0      0      0      0      0      0      0      0      0      0      0      1     
0x7f89ef5bcfd0           ISETP.GE.U32.AND P3, PT, R28, 0x21, PT                 2      2      2      20480  655360 655360 32     32     0      0      -      -      -      0      0      0      0      0      0      0      0      -      0      0      0      0      0      0      0      0      0      0      0      0      0      0      0      0      0      0      0      0      0      0      2      0      0      0      0      0      0      0      0      0      0      0      0      0      0      0      0      2     
0x7f89ef5bcfe0     @P0   LOP3.LUT R38, R38, 0x2, RZ, 0xfc, !PT                  0      0      0      20480  655360 655360 32     32     0      0      -      -      -      0      0      0      0      0      0      0      0      -      0      0      0      0      0      0      0      0      0      0      0      0      0      0      0      0      0      0      0      0      0      0      0      0      0      0      0      0      0      0      0      0      0      0      0      0      0      0      0      0     
0x7f89ef5bcff0           ISETP.GE.OR.EX P0, PT, R43, R45, !P1, P6               0      0      0      20480  655360 655360 32     32     0      0      -      -      -      0      0      0      0      0      0      0      0      -      0      0      0      0      0      0      0      0      0      0      0      0      0      0      0      0      0      0      0      0      0      0      0      0      0      0      0      0      0      0      0      0      0      0      0      0      0      0      0      0     
0x7f89ef5bd000           ISETP.GE.AND.EX P5, PT, R54, RZ, PT, P5                1      1      1      20480  655360 655360 32     32     0      0      -      -      -      0      0      0      0      0      0      0      0      -      0      0      0      0      0      0      0      0      0      0      0      0      0      0      0      0      0      0      0      0      0      0      1      0      0      0      0      0      0      0      0      0      0      0      0      0      0      0      0      1     
0x7f89ef5bd010           ISETP.GE.AND.EX P3, PT, R54, RZ, PT, P3                1      1      1      20480  655360 655360 32     32     0      0      -      -      -      0      0      0      0      0      0      0      0      -      0      0      0      0      0      0      0      0      0      0      0      0      0      0      0      0      0      0      0      0      0      0      1      0      0      0      0      0      0      0      0      0      0      0      0      0      0      0      0      1     
0x7f89ef5bd020           LOP3.LUT P1, RZ, R38, 0x2, RZ, 0xc0, !PT               0      0      0      20480  655360 655360 32     32     0      0      -      -      -      0      0      0      0      0      0      0      0      -      0      0      0      0      0      0      0      0      0      0      0      0      0      0      0      0      0      0      0      0      0      0      0      0      0      0      0      0      0      0      0      0      0      0      0      0      0      0      0      0     
0x7f89ef5bd030           ISETP.GE.OR.EX P5, PT, R43, R45, !P5, P6               0      0      0      20480  655360 655360 32     32     0      0      -      -      -      0      0      0      0      0      0      0      0      -      0      0      0      0      0      0      0      0      0      0      0      0      0      0      0      0      0      0      0      0      0      0      0      0      0      0      0      0      0      0      0      0      0      0      0      0      0      0      0      0     
0x7f89ef5bd040           ISETP.GE.OR.EX P3, PT, R43, R45, !P3, P6               0      0      0      20480  655360 655360 32     32     0      0      -      -      -      0      0      0      0      0      0      0      0      -      0      0      0      0      0      0      0      0      0      0      0      0      0      0      0      0      0      0      0      0      0      0      0      0      0      0      0      0      0      0      0      0      0      0      0      0      0      0      0      0     
0x7f89ef5bd050           ISETP.GE.OR.EX P1, PT, R43, R45, !P1, P6               1      0      1      20480  655360 655360 32     32     0      0      -      -      -      0      0      0      0      0      0      0      0      -      0      0      0      0      0      0      0      0      0      0      0      0      0      0      0      0      0      0      1      0      0      0      0      0      0      0      0      0      0      0      0      0      0      0      0      0      0      0      0      0     
0x7f89ef5bd060           ISETP.GE.OR.EX P6, PT, R43, R45, !P2, P6               1      0      1      20480  655360 655360 32     32     0      0      -      -      -      0      0      0      0      0      0      0      0      -      0      0      0      0      0      0      0      0      0      0      0      0      0      0      0      0      0      0      1      0      0      0      0      0      0      0      0      0      0      0      0      0      0      0      0      0      0      0      0      0     
0x7f89ef5bd070           LDS.128 R40, [R32]                                     2      1      2      20480  655360 655360 32     32     0      0      Shared Load   128    0      4      0      81920  81920  0      0      0      -      0      0      0      0      0      0      0      0      1      0      0      0      0      0      0      0      0      0      0      0      0      0      1      0      0      0      0      0      0      0      0      0      0      0      0      0      0      0      0      1     
0x7f89ef5bd080           PRMT R51, R20, 0x5410, R24                             0      0      0      20480  655360 655360 32     32     0      0      -      -      -      0      0      0      0      0      0      0      0      -      0      0      0      0      0      0      0      0      0      0      0      0      0      0      0      0      0      0      0      0      0      0      0      0      0      0      0      0      0      0      0      0      0      0      0      0      0      0      0      0     
0x7f89ef5bd090           PRMT R50, R4, 0x5410, R8                               1      1      1      20480  655360 655360 32     32     0      0      -      -      -      0      0      0      0      0      0      0      0      -      0      0      0      0      0      0      0      0      0      0      0      0      0      0      0      0      0      0      0      0      0      0      1      0      0      0      0      0      0      0      0      0      0      0      0      0      0      0      0      1     
0x7f89ef5bd0a0           LDS.128 R44, [R3]                                      0      0      0      20480  655360 655360 32     32     0      0      Shared Load   128    0      4      0      81920  81920  0      0      0      -      0      0      0      0      0      0      0      0      0      0      0      0      0      0      0      0      0      0      0      0      0      0      0      0      0      0      0      0      0      0      0      0      0      0      0      0      0      0      0      0     
0x7f89ef5bd0b0           PRMT R49, R12, 0x5410, R16                             2      0      2      20480  655360 655360 32     32     0      0      -      -      -      0      0      0      0      0      0      0      0      -      0      0      0      0      0      0      0      0      0      0      0      0      0      0      0      0      0      0      2      0      0      0      0      0      0      0      0      0      0      0      0      0      0      0      0      0      0      0      0      0     
0x7f89ef5bd0c0     @!P5  IMAD.WIDE R60, R55, 0x2, R56                           0      0      0      20480  655360 655360 32     32     0      0      -      -      -      0      0      0      0      0      0      0      0      -      0      0      0      0      0      0      0      0      0      0      0      0      0      0      0      0      0      0      0      0      0      0      0      0      0      0      0      0      0      0      0      0      0      0      0      0      0      0      0      0     
0x7f89ef5bd0d0           ISETP.NE.AND P2, PT, R22, RZ, PT                       3      0      3      20480  655360 655360 32     32     0      0      -      -      -      0      0      0      0      0      0      0      0      -      0      0      0      0      0      0      0      0      0      0      0      0      0      0      0      0      0      0      3      0      0      0      0      0      0      0      0      0      0      0      0      0      0      0      0      0      0      0      0      0     
0x7f89ef5bd0e0           PRMT R22, R6, 0x7632, R10                              2      0      2      20480  655360 655360 32     32     0      0      -      -      -      0      0      0      0      0      0      0      0      -      0      0      0      0      0      0      0      0      0      0      0      0      0      0      0      0      0      0      2      0      0      0      0      0      0      0      0      0      0      0      0      0      0      0      0      0      0      0      0      0     
0x7f89ef5bd0f0           PRMT R48, R40, 0x5410, R44                             30     25     30     20480  655360 655360 32     32     0      0      -      -      -      0      0      0      0      0      0      0      0      -      0      0      0      0      0      0      0      0      1      0      0      0      1      0      0      0      0      0      0      28     0      0      0      0      0      1      0      0      0      0      0      0      0      0      0      0      24     0      0      0     
0x7f89ef5bd100           PRMT R28, R43, 0x5410, R47                             1      0      1      20480  655360 655360 32     32     0      0      -      -      -      0      0      0      0      0      0      0      0      -      0      0      0      0      0      0      0      0      0      0      0      0      0      0      0      0      0      1      0      0      0      0      0      0      0      0      0      0      0      0      0      0      0      0      0      0      0      0      0      0     
0x7f89ef5bd110           PRMT R32, R43, 0x7632, R47                             1      1      1      20480  655360 655360 32     32     0      0      -      -      -      0      0      0      0      0      0      0      0      -      0      0      0      0      0      0      0      0      0      0      0      0      0      0      0      0      0      0      0      0      0      0      1      0      0      0      0      0      0      0      0      0      0      0      0      0      0      0      0      1     
0x7f89ef5bd120     @!P0  STG.E.128 desc[UR6][R56.64], R48                       1      0      1      20480  655360 655360 32     32     0      0      Global Store  128    81920  0      0      0      0      0      327680 327680        0      0      0      0      0      0      0      0      0      0      0      0      0      0      0      0      0      0      1      0      0      0      0      0      0      0      0      0      0      0      0      0      0      0      0      0      0      0      0      0     
0x7f89ef5bd130           ISETP.NE.AND P0, PT, R26, RZ, PT                       0      0      0      20480  655360 655360 32     32     0      0      -      -      -      0      0      0      0      0      0      0      0      -      0      0      0      0      0      0      0      0      0      0      0      0      0      0      0      0      0      0      0      0      0      0      0      0      0      0      0      0      0      0      0      0      0      0      0      0      0      0      0      0     
0x7f89ef5bd140           PRMT R26, R6, 0x5410, R10                              0      0      0      20480  655360 655360 32     32     0      0      -      -      -      0      0      0      0      0      0      0      0      -      0      0      0      0      0      0      0      0      0      0      0      0      0      0      0      0      0      0      0      0      0      0      0      0      0      0      0      0      0      0      0      0      0      0      0      0      0      0      0      0     
0x7f89ef5bd150           PRMT R51, R20, 0x7632, R24                             16     12     16     20480  655360 655360 32     32     0      0      -      -      -      0      0      0      0      0      0      0      0      -      0      0      0      0      0      0      0      0      0      0      0      15     0      0      0      0      0      0      1      0      0      0      0      0      0      0      0      0      12     0      0      0      0      0      0      0      0      0      0      0     
0x7f89ef5bd160           PRMT R50, R4, 0x7632, R8                               1      0      1      20480  655360 655360 32     32     0      0      -      -      -      0      0      0      0      0      0      0      0      -      0      0      0      0      0      0      0      0      0      0      0      0      0      0      0      0      0      0      1      0      0      0      0      0      0      0      0      0      0      0      0      0      0      0      0      0      0      0      0      0     
0x7f89ef5bd170           PRMT R49, R12, 0x7632, R16                             0      0      0      20480  655360 655360 32     32     0      0      -      -      -      0      0      0      0      0      0      0      0      -      0      0      0      0      0      0      0      0      0      0      0      0      0      0      0      0      0      0      0      0      0      0      0      0      0      0      0      0      0      0      0      0      0      0      0      0      0      0      0      0     
0x7f89ef5bd180           PRMT R48, R40, 0x7632, R44                             1      0      1      20480  655360 655360 32     32     0      0      -      -      -      0      0      0      0      0      0      0      0      -      0      0      0      0      0      0      0      0      0      0      0      0      0      0      0      0      0      0      1      0      0      0      0      0      0      0      0      0      0      0      0      0      0      0      0      0      0      0      0      0     
0x7f89ef5bd190           PRMT R24, R42, 0x5410, R46                             1      0      1      20480  655360 655360 32     32     0      0      -      -      -      0      0      0      0      0      0      0      0      -      0      0      0      0      0      0      0      0      0      0      0      0      0      0      0      0      0      0      0      0      0      0      1      0      0      0      0      0      0      0      0      0      0      0      0      0      0      0      0      0     
0x7f89ef5bd1a0           PRMT R20, R42, 0x7632, R46                             1      1      1      20480  655360 655360 32     32     0      0      -      -      -      0      0      0      0      0      0      0      0      -      0      0      0      0      0      0      0      0      0      0      0      0      0      0      0      0      0      0      0      0      0      0      1      0      0      0      0      0      0      0      0      0      0      0      0      0      0      0      0      1     
0x7f89ef5bd1b0     @!P5  STG.E.128 desc[UR6][R60.64], R48                       1      0      1      20480  655360 655360 32     32     0      0      Global Store  128    81920  0      0      0      0      0      327680 327680        0      0      0      0      0      0      0      0      0      0      0      0      0      0      0      0      0      0      1      0      0      0      0      0      0      0      0      0      0      0      0      0      0      0      0      0      0      0      0      0     
0x7f89ef5bd1c0           LOP3.LUT P5, RZ, R38, 0x1, RZ, 0xc0, !PT               0      0      0      20480  655360 655360 32     32     0      0      -      -      -      0      0      0      0      0      0      0      0      -      0      0      0      0      0      0      0      0      0      0      0      0      0      0      0      0      0      0      0      0      0      0      0      0      0      0      0      0      0      0      0      0      0      0      0      0      0      0      0      0     
0x7f89ef5bd1d0     @P5   IMAD.WIDE R62, R53, 0x2, R56                           7      5      7      20480  655360 655360 32     32     0      0      -      -      -      0      0      0      0      0      0      0      0      -      0      0      0      0      0      0      0      0      0      0      0      0      0      0      0      0      0      0      0      0      0      0      7      0      0      0      0      0      0      0      0      0      0      0      0      0      0      0      0      5     
0x7f89ef5bd1e0           PRMT R50, R5, 0x5410, R9                               11     7      11     20480  655360 655360 32     32     0      0      -      -      -      0      0      0      0      0      0      0      0      -      0      0      0      0      0      0      0      0      0      0      0      10     0      0      0      0      0      0      1      0      0      0      0      0      0      0      0      0      7      0      0      0      0      0      0      0      0      0      0      0     
0x7f89ef5bd1f0           PRMT R49, R13, 0x5410, R17                             1      1      1      20480  655360 655360 32     32     0      0      -      -      -      0      0      0      0      0      0      0      0      -      0      0      0      0      0      0      0      0      0      0      0      0      0      0      0      0      0      0      0      0      0      0      1      0      0      0      0      0      0      0      0      0      0      0      0      0      0      0      0      1     
0x7f89ef5bd200           PRMT R51, R21, 0x5410, R25                             1      0      1      20480  655360 655360 32     32     0      0      -      -      -      0      0      0      0      0      0      0      0      -      0      0      0      0      0      0      0      0      0      0      0      0      0      0      0      0      0      0      1      0      0      0      0      0      0      0      0      0      0      0      0      0      0      0      0      0      0      0      0      0     
0x7f89ef5bd210           PRMT R48, R41, 0x5410, R45                             1      1      1      20480  655360 655360 32     32     0      0      -      -      -      0      0      0      0      0      0      0      0      -      0      0      0      0      0      0      0      0      0      0      0      0      0      0      0      0      0      0      0      0      0      0      1      0      0      0      0      0      0      0      0      0      0      0      0      0      0      0      0      1     
0x7f89ef5bd220     @P5   STG.E.128 desc[UR6][R62.64], R48                       1      1      1      20480  655360 655360 32     32     0      0      Global Store  128    81920  0      0      0      0      0      327680 327680        0      0      0      0      0      0      0      0      0      0      0      0      0      0      0      0      0      0      0      0      0      0      1      0      0      0      0      0      0      0      0      0      0      0      0      0      0      0      0      1     
0x7f89ef5bd230           PRMT R50, R5, 0x7632, R9                               17     14     17     20480  655360 655360 32     32     0      0      -      -      -      0      0      0      0      0      0      0      0      -      0      0      0      0      0      0      0      0      0      0      0      15     1      0      0      0      0      0      0      0      0      0      1      0      0      0      0      0      13     0      0      0      0      0      0      0      0      0      0      1     
0x7f89ef5bd240     @P4   IMAD.WIDE R4, R39, 0x2, R56                            0      0      0      20480  655360 655360 32     32     0      0      -      -      -      0      0      0      0      0      0      0      0      -      0      0      0      0      0      0      0      0      0      0      0      0      0      0      0      0      0      0      0      0      0      0      0      0      0      0      0      0      0      0      0      0      0      0      0      0      0      0      0      0     
0x7f89ef5bd250           PRMT R49, R13, 0x7632, R17                             0      0      0      20480  655360 655360 32     32     0      0      -      -      -      0      0      0      0      0      0      0      0      -      0      0      0      0      0      0      0      0      0      0      0      0      0      0      0      0      0      0      0      0      0      0      0      0      0      0      0      0      0      0      0      0      0      0      0      0      0      0      0      0     
0x7f89ef5bd260           PRMT R51, R21, 0x7632, R25                             0      0      0      20480  655360 655360 32     32     0      0      -      -      -      0      0      0      0      0      0      0      0      -      0      0      0      0      0      0      0      0      0      0      0      0      0      0      0      0      0      0      0      0      0      0      0      0      0      0      0      0      0      0      0      0      0      0      0      0      0      0      0      0     
0x7f89ef5bd270     @!P3  IMAD.WIDE R8, R19, 0x2, R56                            0      0      0      20480  655360 655360 32     32     0      0      -      -      -      0      0      0      0      0      0      0      0      -      0      0      0      0      0      0      0      0      0      0      0      0      0      0      0      0      0      0      0      0      0      0      0      0      0      0      0      0      0      0      0      0      0      0      0      0      0      0      0      0     
0x7f89ef5bd280           PRMT R48, R41, 0x7632, R45                             0      0      0      20480  655360 655360 32     32     0      0      -      -      -      0      0      0      0      0      0      0      0      -      0      0      0      0      0      0      0      0      0      0      0      0      0      0      0      0      0      0      0      0      0      0      0      0      0      0      0      0      0      0      0      0      0      0      0      0      0      0      0      0     
0x7f89ef5bd290           PRMT R25, R14, 0x5410, R18                             1      1      1      20480  655360 655360 32     32     0      0      -      -      -      0      0      0      0      0      0      0      0      -      0      0      0      0      0      0      0      0      0      0      0      0      0      0      0      0      0      0      0      0      0      0      1      0      0      0      0      0      0      0      0      0      0      0      0      0      0      0      0      1     
0x7f89ef5bd2a0     @P2   IMAD.WIDE R12, R15, 0x2, R56                           1      0      1      20480  655360 655360 32     32     0      0      -      -      -      0      0      0      0      0      0      0      0      -      0      0      0      0      0      0      0      0      0      0      0      0      0      0      0      0      0      0      1      0      0      0      0      0      0      0      0      0      0      0      0      0      0      0      0      0      0      0      0      0     
0x7f89ef5bd2b0           PRMT R21, R14, 0x7632, R18                             4      0      4      20480  655360 655360 32     32     0      0      -      -      -      0      0      0      0      0      0      0      0      -      0      0      0      0      0      0      0      0      3      0      0      0      0      0      0      0      0      0      1      0      0      0      0      0      0      0      0      0      0      0      0      0      0      0      0      0      0      0      0      0     
0x7f89ef5bd2c0     @P4   STG.E.128 desc[UR6][R4.64], R48                        1      0      1      20480  655360 655360 32     32     0      0      Global Store  128    81920  0      0      0      0      0      327680 327680        0      0      0      0      0      0      0      0      0      0      0      0      0      0      0      0      0      0      1      0      0      0      0      0      0      0      0      0      0      0      0      0      0      0      0      0      0      0      0      0     
0x7f89ef5bd2d0     @!P1  IMAD.WIDE R16, R11, 0x2, R56                           1      0      1      20480  655360 655360 32     32     0      0      -      -      -      0      0      0      0      0      0      0      0      -      0      0      0      0      0      0      0      0      0      0      0      0      0      0      0      0      0      0      0      0      0      0      1      0      0      0      0      0      0      0      0      0      0      0      0      0      0      0      0      0     
0x7f89ef5bd2e0     @!P3  STG.E.128 desc[UR6][R8.64], R24                        2      1      2      20480  655360 655360 32     32     0      0      Global Store  128    81920  0      0      0      0      0      327680 327680        0      0      0      0      0      0      0      0      0      0      0      0      0      0      0      0      0      0      0      0      0      0      2      0      0      0      0      0      0      0      0      0      0      0      0      0      0      0      0      1     
0x7f89ef5bd2f0     @!P6  IMAD.WIDE R56, R7, 0x2, R56                            0      0      0      20480  655360 655360 32     32     0      0      -      -      -      0      0      0      0      0      0      0      0      -      0      0      0      0      0      0      0      0      0      0      0      0      0      0      0      0      0      0      0      0      0      0      0      0      0      0      0      0      0      0      0      0      0      0      0      0      0      0      0      0     
0x7f89ef5bd300     @P2   STG.E.128 desc[UR6][R12.64], R20                       2      1      2      20480  655360 655360 32     32     0      0      Global Store  128    81920  0      0      0      0      0      327680 327680        0      0      0      0      0      0      0      0      0      0      0      0      0      0      0      0      0      0      0      0      0      0      2      0      0      0      0      0      0      0      0      0      0      0      0      0      0      0      0      1     
0x7f89ef5bd310     @!P1  STG.E.128 desc[UR6][R16.64], R28                       5      3      5      20480  655360 655360 32     32     0      0      Global Store  128    81920  0      0      0      0      0      327680 327680        0      0      0      0      0      0      0      0      0      0      0      0      0      0      0      0      0      0      1      0      0      0      4      0      0      0      0      0      0      0      0      0      0      0      0      0      0      0      0      3     
0x7f89ef5bd320     @!P6  STG.E.128 desc[UR6][R56.64], R32                       1      1      1      20480  655360 655360 32     32     0      0      Global Store  128    81920  0      0      0      0      0      327680 327680        0      0      0      0      0      0      0      0      0      0      0      0      0      0      0      0      0      0      0      0      0      0      1      0      0      0      0      0      0      0      0      0      0      0      0      0      0      0      0      1     
0x7f89ef5bd330           LOP3.LUT P3, RZ, R38, 0x10, RZ, 0xc0, !PT              0      0      0      20480  655360 655360 32     32     0      0      -      -      -      0      0      0      0      0      0      0      0      -      0      0      0      0      0      0      0      0      0      0      0      0      0      0      0      0      0      0      0      0      0      0      0      0      0      0      0      0      0      0      0      0      0      0      0      0      0      0      0      0     
0x7f89ef5bd340           VIADD R69, R69, 0x1                                    0      0      0      20480  655360 655360 32     32     0      0      -      -      -      0      0      0      0      0      0      0      0      -      0      0      0      0      0      0      0      0      0      0      0      0      0      0      0      0      0      0      0      0      0      0      0      0      0      0      0      0      0      0      0      0      0      0      0      0      0      0      0      0     
0x7f89ef5bd350           ISETP.GT.U32.AND P6, PT, R58, RZ, PT                   1      0      1      20480  655360 655360 32     32     0      0      -      -      -      0      0      0      0      0      0      0      0      -      0      0      0      0      0      0      0      0      0      0      0      0      0      0      0      0      0      0      1      0      0      0      0      0      0      0      0      0      0      0      0      0      0      0      0      0      0      0      0      0     
0x7f89ef5bd360           IADD3.X R3, PT, PT, R54, -0x1, RZ, P3, !PT             0      0      0      20480  655360 655360 32     32     0      0      -      -      -      0      0      0      0      0      0      0      0      -      0      0      0      0      0      0      0      0      0      0      0      0      0      0      0      0      0      0      0      0      0      0      0      0      0      0      0      0      0      0      0      0      0      0      0      0      0      0      0      0     
0x7f89ef5bd370           ISETP.GT.U32.AND P1, PT, R58, 0x8, PT                  0      0      0      20480  655360 655360 32     32     0      0      -      -      -      0      0      0      0      0      0      0      0      -      0      0      0      0      0      0      0      0      0      0      0      0      0      0      0      0      0      0      0      0      0      0      0      0      0      0      0      0      0      0      0      0      0      0      0      0      0      0      0      0     
0x7f89ef5bd380           ISETP.GT.AND.EX P6, PT, R3, RZ, !P0, P6                0      0      0      20480  655360 655360 32     32     0      0      -      -      -      0      0      0      0      0      0      0      0      -      0      0      0      0      0      0      0      0      0      0      0      0      0      0      0      0      0      0      0      0      0      0      0      0      0      0      0      0      0      0      0      0      0      0      0      0      0      0      0      0     
0x7f89ef5bd390           LOP3.LUT R38, R38, 0xfffffffd, RZ, 0xc0, !PT           2      0      2      20480  655360 655360 32     32     0      0      -      -      -      0      0      0      0      0      0      0      0      -      0      0      0      0      0      0      0      0      0      0      0      0      0      0      0      0      0      0      2      0      0      0      0      0      0      0      0      0      0      0      0      0      0      0      0      0      0      0      0      0     
0x7f89ef5bd3a0           ISETP.GT.AND.EX P1, PT, R3, RZ, !P0, P1                1      0      1      20480  655360 655360 32     32     0      0      -      -      -      0      0      0      0      0      0      0      0      -      0      0      0      0      0      0      0      0      0      0      0      0      0      0      0      0      0      0      1      0      0      0      0      0      0      0      0      0      0      0      0      0      0      0      0      0      0      0      0      0     
0x7f89ef5bd3b0           ISETP.GT.U32.AND P2, PT, R58, 0x10, PT                 1      1      1      20480  655360 655360 32     32     0      0      -      -      -      0      0      0      0      0      0      0      0      -      0      0      0      0      0      0      0      0      0      0      0      0      0      0      0      0      0      0      0      0      0      0      1      0      0      0      0      0      0      0      0      0      0      0      0      0      0      0      0      1     
0x7f89ef5bd3c0           ISETP.GT.U32.AND P3, PT, R58, 0x18, PT                 0      0      0      20480  655360 655360 32     32     0      0      -      -      -      0      0      0      0      0      0      0      0      -      0      0      0      0      0      0      0      0      0      0      0      0      0      0      0      0      0      0      0      0      0      0      0      0      0      0      0      0      0      0      0      0      0      0      0      0      0      0      0      0     
0x7f89ef5bd3d0           ISETP.GT.U32.AND P4, PT, R58, 0x20, PT                 1      0      1      20480  655360 655360 32     32     0      0      -      -      -      0      0      0      0      0      0      0      0      -      0      0      0      0      0      0      0      0      0      0      0      0      0      0      0      0      0      0      1      0      0      0      0      0      0      0      0      0      0      0      0      0      0      0      0      0      0      0      0      0     
0x7f89ef5bd3e0           ISETP.GT.U32.AND P5, PT, R58, 0x28, PT                 1      1      1      20480  655360 655360 32     32     0      0      -      -      -      0      0      0      0      0      0      0      0      -      0      0      0      0      0      0      0      0      0      0      0      0      0      0      0      0      0      0      0      0      0      0      1      0      0      0      0      0      0      0      0      0      0      0      0      0      0      0      0      1     
0x7f89ef5bd3f0     @P6   LOP3.LUT R38, R38, 0x2, RZ, 0xfc, !PT                  0      0      0      20480  655360 655360 32     32     0      0      -      -      -      0      0      0      0      0      0      0      0      -      0      0      0      0      0      0      0      0      0      0      0      0      0      0      0      0      0      0      0      0      0      0      0      0      0      0      0      0      0      0      0      0      0      0      0      0      0      0      0      0     
0x7f89ef5bd400           P2R R4, PR, RZ, 0x2                                    10     8      10     20480  655360 655360 32     32     0      0      -      -      -      0      0      0      0      0      0      0      0      -      0      0      0      0      0      0      0      0      0      0      0      8      0      0      0      0      0      0      1      0      0      0      1      0      0      0      0      0      7      0      0      0      0      0      0      0      0      0      0      1     
0x7f89ef5bd410           ISETP.GT.U32.AND P6, PT, R58, 0x30, PT                 1      0      1      20480  655360 655360 32     32     0      0      -      -      -      0      0      0      0      0      0      0      0      -      0      0      0      0      0      0      0      0      0      0      0      0      0      0      0      0      0      0      1      0      0      0      0      0      0      0      0      0      0      0      0      0      0      0      0      0      0      0      0      0     
0x7f89ef5bd420           ISETP.GT.U32.AND P1, PT, R58, 0x38, PT                 0      0      0      20480  655360 655360 32     32     0      0      -      -      -      0      0      0      0      0      0      0      0      -      0      0      0      0      0      0      0      0      0      0      0      0      0      0      0      0      0      0      0      0      0      0      0      0      0      0      0      0      0      0      0      0      0      0      0      0      0      0      0      0     
0x7f89ef5bd430           ISETP.GT.AND.EX P2, PT, R3, RZ, !P0, P2                1      1      1      20480  655360 655360 32     32     0      0      -      -      -      0      0      0      0      0      0      0      0      -      0      0      0      0      0      0      0      0      0      0      0      0      0      0      0      0      0      0      0      0      0      0      1      0      0      0      0      0      0      0      0      0      0      0      0      0      0      0      0      1     
0x7f89ef5bd440           ISETP.GT.AND.EX P3, PT, R3, RZ, !P0, P3                0      0      0      20480  655360 655360 32     32     0      0      -      -      -      0      0      0      0      0      0      0      0      -      0      0      0      0      0      0      0      0      0      0      0      0      0      0      0      0      0      0      0      0      0      0      0      0      0      0      0      0      0      0      0      0      0      0      0      0      0      0      0      0     
0x7f89ef5bd450           ISETP.GT.AND.EX P4, PT, R3, RZ, !P0, P4                4      1      4      20480  655360 655360 32     32     0      0      -      -      -      0      0      0      0      0      0      0      0      -      0      0      0      0      0      0      0      0      0      0      0      0      0      0      0      0      0      0      3      0      0      0      1      0      0      0      0      0      0      0      0      0      0      0      0      0      0      0      0      1     
0x7f89ef5bd460           ISETP.GT.AND.EX P5, PT, R3, RZ, !P0, P5                1      1      1      20480  655360 655360 32     32     0      0      -      -      -      0      0      0      0      0      0      0      0      -      0      0      0      0      0      0      0      0      0      0      0      0      0      0      0      0      0      0      0      0      0      0      1      0      0      0      0      0      0      0      0      0      0      0      0      0      0      0      0      1     
0x7f89ef5bd470           ISETP.GT.AND.EX P6, PT, R3, RZ, !P0, P6                1      1      1      20480  655360 655360 32     32     0      0      -      -      -      0      0      0      0      0      0      0      0      -      0      0      0      0      0      0      0      0      0      0      0      0      0      0      0      0      0      0      0      0      0      0      1      0      0      0      0      0      0      0      0      0      0      0      0      0      0      0      0      1     
0x7f89ef5bd480           ISETP.GT.AND.EX P0, PT, R3, RZ, !P0, P1                3      2      3      20480  655360 655360 32     32     0      0      -      -      -      0      0      0      0      0      0      0      0      -      0      0      0      0      0      0      0      0      0      0      0      0      0      0      0      0      0      0      1      0      0      0      2      0      0      0      0      0      0      0      0      0      0      0      0      0      0      0      0      2     
0x7f89ef5bd490           VIADD R3, R0, 0x80                                     0      0      0      20480  655360 655360 32     32     0      0      -      -      -      0      0      0      0      0      0      0      0      -      0      0      0      0      0      0      0      0      0      0      0      0      0      0      0      0      0      0      0      0      0      0      0      0      0      0      0      0      0      0      0      0      0      0      0      0      0      0      0      0     
0x7f89ef5bd4a0           ISETP.NE.AND P1, PT, R4, RZ, PT                        1      0      1      20480  655360 655360 32     32     0      0      -      -      -      0      0      0      0      0      0      0      0      -      0      0      0      0      0      0      0      0      0      0      0      0      0      0      0      0      0      0      1      0      0      0      0      0      0      0      0      0      0      0      0      0      0      0      0      0      0      0      0      0     
0x7f89ef5bd4b0           VIADD R0, R0, 0x180                                    0      0      0      20480  655360 655360 32     32     0      0      -      -      -      0      0      0      0      0      0      0      0      -      0      0      0      0      0      0      0      0      0      0      0      0      0      0      0      0      0      0      0      0      0      0      0      0      0      0      0      0      0      0      0      0      0      0      0      0      0      0      0      0     
0x7f89ef5bd4c0           LOP3.LUT R38, R38, 0xfffffffe, RZ, 0xc0, !PT           0      0      0      20480  655360 655360 32     32     0      0      -      -      -      0      0      0      0      0      0      0      0      -      0      0      0      0      0      0      0      0      0      0      0      0      0      0      0      0      0      0      0      0      0      0      0      0      0      0      0      0      0      0      0      0      0      0      0      0      0      0      0      0     
0x7f89ef5bd4d0           SHF.R.U32.HI R4, RZ, 0x3, R3                           1      0      1      20480  655360 655360 32     32     0      0      -      -      -      0      0      0      0      0      0      0      0      -      0      0      0      0      0      0      0      0      0      0      0      0      0      0      0      0      0      0      1      0      0      0      0      0      0      0      0      0      0      0      0      0      0      0      0      0      0      0      0      0     
0x7f89ef5bd4e0           LOP3.LUT R4, R3, 0x70, R4, 0x78, !PT                   2      0      2      20480  655360 655360 32     32     0      0      -      -      -      0      0      0      0      0      0      0      0      -      0      0      0      0      0      0      0      0      0      0      0      0      0      0      0      0      0      0      2      0      0      0      0      0      0      0      0      0      0      0      0      0      0      0      0      0      0      0      0      0     
0x7f89ef5bd4f0           SHF.R.U32.HI R3, RZ, 0x3, R0                           1      0      1      20480  655360 655360 32     32     0      0      -      -      -      0      0      0      0      0      0      0      0      -      0      0      0      0      0      0      0      0      0      0      0      0      0      0      0      0      0      0      1      0      0      0      0      0      0      0      0      0      0      0      0      0      0      0      0      0      0      0      0      0     
0x7f89ef5bd500     @P0   LOP3.LUT R38, R38, 0x1, RZ, 0xfc, !PT                  0      0      0      20480  655360 655360 32     32     0      0      -      -      -      0      0      0      0      0      0      0      0      -      0      0      0      0      0      0      0      0      0      0      0      0      0      0      0      0      0      0      0      0      0      0      0      0      0      0      0      0      0      0      0      0      0      0      0      0      0      0      0      0     
0x7f89ef5bd510           LDS.128 R40, [R4+0x6000]                               3      2      3      20480  655360 655360 32     32     0      0      Shared Load   128    0      4      0      81920  81920  0      0      0      -      0      0      0      0      0      0      0      0      0      0      0      0      0      0      2      0      0      0      1      0      0      0      0      0      0      0      0      0      0      0      0      2      0      0      0      0      0      0      0      0     
0x7f89ef5bd520           LOP3.LUT R0, R0, 0x70, R3, 0x78, !PT                   0      0      0      20480  655360 655360 32     32     0      0      -      -      -      0      0      0      0      0      0      0      0      -      0      0      0      0      0      0      0      0      0      0      0      0      0      0      0      0      0      0      0      0      0      0      0      0      0      0      0      0      0      0      0      0      0      0      0      0      0      0      0      0     
0x7f89ef5bd530           ISETP.GE.U32.AND P0, PT, R69, R52, PT                  0      0      0      20480  655360 655360 32     32     0      0      -      -      -      0      0      0      0      0      0      0      0      -      0      0      0      0      0      0      0      0      0      0      0      0      0      0      0      0      0      0      0      0      0      0      0      0      0      0      0      0      0      0      0      0      0      0      0      0      0      0      0      0     
0x7f89ef5bd540           LDS.128 R32, [R4+0x4000]                               62     58     62     20480  655360 655360 32     32     0      0      Shared Load   128    0      4      0      81920  81920  0      0      0      -      0      0      0      0      0      0      0      0      0      0      0      62     0      0      0      0      0      0      0      0      0      0      0      0      0      0      0      0      58     0      0      0      0      0      0      0      0      0      0      0     
0x7f89ef5bd550           ISETP.GE.U32.OR P0, PT, R2, R59, P0                    2      1      2      20480  655360 655360 32     32     0      0      -      -      -      0      0      0      0      0      0      0      0      -      0      0      0      0      0      0      0      0      0      0      0      0      0      0      0      0      0      0      1      0      0      0      1      0      0      0      0      0      0      0      0      0      0      0      0      0      0      0      0      1     
0x7f89ef5bd560           LDS.128 R20, [R0+0x6000]                               0      0      0      20480  655360 655360 32     32     0      0      Shared Load   128    0      4      0      81920  81920  0      0      0      -      0      0      0      0      0      0      0      0      0      0      0      0      0      0      0      0      0      0      0      0      0      0      0      0      0      0      0      0      0      0      0      0      0      0      0      0      0      0      0      0     
0x7f89ef5bd570           LDS.128 R24, [R0+0x4000]                               1      1      1      20480  655360 655360 32     32     0      0      Shared Load   128    0      4      0      81920  81920  0      0      0      -      0      0      0      0      0      0      0      0      0      0      0      0      0      0      0      0      0      0      0      0      0      0      1      0      0      0      0      0      0      0      0      0      0      0      0      0      0      0      0      1     
0x7f89ef5bd580     @P0   EXIT                                                   4      2      4      20480  655360 0      32     0      32     0      -      -      -      0      0      0      0      0      0      0      0      -      0      0      0      0      0      0      0      0      0      0      0      0      0      0      0      0      0      1      1      0      0      0      2      0      0      0      0      0      0      0      0      0      0      0      0      0      0      0      0      2     
0x7f89ef5bd590           LDS.128 R28, [R4]                                      3      2      3      20480  655360 655360 32     32     0      0      Shared Load   128    0      4      0      81920  81920  0      0      0      -      0      0      0      0      0      0      0      0      0      0      0      0      0      0      0      0      0      0      1      0      0      0      2      0      0      0      0      0      0      0      0      0      0      0      0      0      0      0      0      2     
0x7f89ef5bd5a0           LOP3.LUT P0, RZ, R38, 0x2, RZ, 0xc0, !PT               1      0      1      20480  655360 655360 32     32     0      0      -      -      -      0      0      0      0      0      0      0      0      -      0      0      0      0      0      0      0      0      0      0      0      0      0      0      0      0      0      0      1      0      0      0      0      0      0      0      0      0      0      0      0      0      0      0      0      0      0      0      0      0     
0x7f89ef5bd5b0     @P1   IMAD.WIDE R2, R55, 0x2, R36                            0      0      0      20480  655360 655360 32     32     0      0      -      -      -      0      0      0      0      0      0      0      0      -      0      0      0      0      0      0      0      0      0      0      0      0      0      0      0      0      0      0      0      0      0      0      0      0      0      0      0      0      0      0      0      0      0      0      0      0      0      0      0      0     
0x7f89ef5bd5c0           PRMT R63, R40, 0x5410, R20                             34     29     34     20480  655360 655360 32     32     0      0      -      -      -      0      0      0      0      0      0      0      0      -      0      0      0      0      0      0      0      0      0      0      0      0      0      0      0      0      0      0      0      34     0      0      0      0      0      0      0      0      0      0      0      0      0      0      0      0      29     0      0      0     
0x7f89ef5bd5d0           LDS.128 R44, [R4+0x2000]                               1      0      1      20480  655360 655360 32     32     0      0      Shared Load   128    0      4      0      81920  81920  0      0      0      -      0      0      0      0      0      0      0      0      0      0      0      0      0      0      0      0      0      0      1      0      0      0      0      0      0      0      0      0      0      0      0      0      0      0      0      0      0      0      0      0     
0x7f89ef5bd5e0           PRMT R62, R32, 0x5410, R24                             6      3      6      20480  655360 655360 32     32     0      0      -      -      -      0      0      0      0      0      0      0      0      -      0      0      0      0      0      0      0      0      0      0      0      0      0      0      0      0      0      0      0      6      0      0      0      0      0      0      0      0      0      0      0      0      0      0      0      0      3      0      0      0     
0x7f89ef5bd5f0     @P3   IMAD.WIDE R8, R39, 0x2, R36                            1      0      1      20480  655360 655360 32     32     0      0      -      -      -      0      0      0      0      0      0      0      0      -      0      0      0      0      0      0      0      0      0      0      0      0      0      0      0      0      0      0      1      0      0      0      0      0      0      0      0      0      0      0      0      0      0      0      0      0      0      0      0      0     
0x7f89ef5bd600           PRMT R55, R41, 0x5410, R21                             0      0      0      20480  655360 655360 32     32     0      0      -      -      -      0      0      0      0      0      0      0      0      -      0      0      0      0      0      0      0      0      0      0      0      0      0      0      0      0      0      0      0      0      0      0      0      0      0      0      0      0      0      0      0      0      0      0      0      0      0      0      0      0     
0x7f89ef5bd610           LDS.128 R48, [R0]                                      0      0      0      20480  655360 655360 32     32     0      0      Shared Load   128    0      4      0      81920  81920  0      0      0      -      0      0      0      0      0      0      0      0      0      0      0      0      0      0      0      0      0      0      0      0      0      0      0      0      0      0      0      0      0      0      0      0      0      0      0      0      0      0      0      0     
0x7f89ef5bd620           PRMT R54, R33, 0x5410, R25                             1      0      1      20480  655360 655360 32     32     0      0      -      -      -      0      0      0      0      0      0      0      0      -      0      0      0      0      0      0      0      0      0      0      0      0      0      0      0      0      0      0      1      0      0      0      0      0      0      0      0      0      0      0      0      0      0      0      0      0      0      0      0      0     
0x7f89ef5bd630           PRMT R18, R34, 0x5410, R26                             2      1      2      20480  655360 655360 32     32     0      0      -      -      -      0      0      0      0      0      0      0      0      -      0      0      0      0      0      0      0      0      1      0      0      0      0      0      0      0      0      0      1      0      0      0      0      0      0      1      0      0      0      0      0      0      0      0      0      0      0      0      0      0     
0x7f89ef5bd640           LDS.128 R56, [R0+0x2000]                               3      0      3      20480  655360 655360 32     32     0      0      Shared Load   128    0      4      0      81920  81920  0      0      0      -      0      0      0      0      0      0      0      0      1      0      0      0      0      0      0      0      0      0      2      0      0      0      0      0      0      0      0      0      0      0      0      0      0      0      0      0      0      0      0      0     
0x7f89ef5bd650     @P2   IMAD.WIDE R4, R53, 0x2, R36                            11     9      11     20480  655360 655360 32     32     0      0      -      -      -      0      0      0      0      0      0      0      0      -      0      0      0      0      0      0      0      0      0      0      0      0      0      0      0      0      0      1      0      10     0      0      0      0      0      0      0      0      0      0      0      0      0      0      0      0      9      0      0      0     
0x7f89ef5bd660           PRMT R14, R34, 0x7632, R26                             0      0      0      20480  655360 655360 32     32     0      0      -      -      -      0      0      0      0      0      0      0      0      -      0      0      0      0      0      0      0      0      0      0      0      0      0      0      0      0      0      0      0      0      0      0      0      0      0      0      0      0      0      0      0      0      0      0      0      0      0      0      0      0     
0x7f89ef5bd670           PRMT R60, R28, 0x5410, R48                             27     25     27     20480  655360 655360 32     32     0      0      -      -      -      0      0      0      0      0      0      0      0      -      0      0      0      0      0      0      0      0      0      0      0      0      0      0      0      0      0      0      1      26     0      0      0      0      0      0      0      0      0      0      0      0      0      0      0      0      25     0      0      0     
0x7f89ef5bd680           PRMT R52, R29, 0x5410, R49                             0      0      0      20480  655360 655360 32     32     0      0      -      -      -      0      0      0      0      0      0      0      0      -      0      0      0      0      0      0      0      0      0      0      0      0      0      0      0      0      0      0      0      0      0      0      0      0      0      0      0      0      0      0      0      0      0      0      0      0      0      0      0      0     
0x7f89ef5bd690           PRMT R61, R44, 0x5410, R56                             3      0      3      20480  655360 655360 32     32     0      0      -      -      -      0      0      0      0      0      0      0      0      -      0      0      0      0      0      0      0      0      0      0      0      0      0      0      0      0      0      0      0      3      0      0      0      0      0      0      0      0      0      0      0      0      0      0      0      0      0      0      0      0     
0x7f89ef5bd6a0           PRMT R53, R45, 0x5410, R57                             0      0      0      20480  655360 655360 32     32     0      0      -      -      -      0      0      0      0      0      0      0      0      -      0      0      0      0      0      0      0      0      0      0      0      0      0      0      0      0      0      0      0      0      0      0      0      0      0      0      0      0      0      0      0      0      0      0      0      0      0      0      0      0     
0x7f89ef5bd6b0           PRMT R16, R30, 0x5410, R50                             1      0      1      20480  655360 655360 32     32     0      0      -      -      -      0      0      0      0      0      0      0      0      -      0      0      0      0      0      0      0      0      0      0      0      0      0      0      0      0      0      0      1      0      0      0      0      0      0      0      0      0      0      0      0      0      0      0      0      0      0      0      0      0     
0x7f89ef5bd6c0     @P0   STG.E.128 desc[UR6][R36.64], R60                       0      0      0      20480  655360 655360 32     32     0      0      Global Store  128    81920  0      0      0      0      0      327680 327680        0      0      0      0      0      0      0      0      0      0      0      0      0      0      0      0      0      0      0      0      0      0      0      0      0      0      0      0      0      0      0      0      0      0      0      0      0      0      0      0     
0x7f89ef5bd6d0           LOP3.LUT P0, RZ, R38, 0x1, RZ, 0xc0, !PT               1      0      1      20480  655360 655360 32     32     0      0      -      -      -      0      0      0      0      0      0      0      0      -      0      0      0      0      0      0      0      0      0      0      0      0      0      0      0      0      0      0      1      0      0      0      0      0      0      0      0      0      0      0      0      0      0      0      0      0      0      0      0      0     
0x7f89ef5bd6e0           PRMT R17, R46, 0x5410, R58                             0      0      0      20480  655360 655360 32     32     0      0      -      -      -      0      0      0      0      0      0      0      0      -      0      0      0      0      0      0      0      0      0      0      0      0      0      0      0      0      0      0      0      0      0      0      0      0      0      0      0      0      0      0      0      0      0      0      0      0      0      0      0      0     
0x7f89ef5bd6f0           PRMT R12, R30, 0x7632, R50                             0      0      0      20480  655360 655360 32     32     0      0      -      -      -      0      0      0      0      0      0      0      0      -      0      0      0      0      0      0      0      0      0      0      0      0      0      0      0      0      0      0      0      0      0      0      0      0      0      0      0      0      0      0      0      0      0      0      0      0      0      0      0      0     
0x7f89ef5bd700           PRMT R13, R46, 0x7632, R58                             0      0      0      20480  655360 655360 32     32     0      0      -      -      -      0      0      0      0      0      0      0      0      -      0      0      0      0      0      0      0      0      0      0      0      0      0      0      0      0      0      0      0      0      0      0      0      0      0      0      0      0      0      0      0      0      0      0      0      0      0      0      0      0     
0x7f89ef5bd710           PRMT R63, R40, 0x7632, R20                             24     21     24     20480  655360 655360 32     32     0      0      -      -      -      0      0      0      0      0      0      0      0      -      0      0      0      0      0      0      0      0      0      0      0      24     0      0      0      0      0      0      0      0      0      0      0      0      0      0      0      0      21     0      0      0      0      0      0      0      0      0      0      0     
0x7f89ef5bd720           PRMT R62, R32, 0x7632, R24                             1      1      1      20480  655360 655360 32     32     0      0      -      -      -      0      0      0      0      0      0      0      0      -      0      0      0      0      0      0      0      0      0      0      0      0      0      0      0      0      0      0      0      0      0      0      1      0      0      0      0      0      0      0      0      0      0      0      0      0      0      0      0      1     
0x7f89ef5bd730           PRMT R60, R28, 0x7632, R48                             3      2      3      20480  655360 655360 32     32     0      0      -      -      -      0      0      0      0      0      0      0      0      -      0      0      0      0      0      0      0      0      0      0      0      0      0      0      0      0      0      0      1      0      0      0      2      0      0      0      0      0      0      0      0      0      0      0      0      0      0      0      0      2     
0x7f89ef5bd740           PRMT R61, R44, 0x7632, R56                             2      1      2      20480  655360 655360 32     32     0      0      -      -      -      0      0      0      0      0      0      0      0      -      0      0      0      0      0      0      0      0      0      0      0      0      0      0      0      0      0      0      1      0      0      0      1      0      0      0      0      0      0      0      0      0      0      0      0      0      0      0      0      1     
0x7f89ef5bd750     @P1   STG.E.128 desc[UR6][R2.64], R60                        6      4      6      20480  655360 655360 32     32     0      0      Global Store  128    81920  0      0      0      0      0      327680 327680        0      0      0      0      0      0      0      0      0      0      0      0      0      0      0      0      0      0      1      0      0      0      5      0      0      0      0      0      0      0      0      0      0      0      0      0      0      0      0      4     
0x7f89ef5bd760     @P2   STG.E.128 desc[UR6][R4.64], R52                        0      0      0      20480  655360 655360 32     32     0      0      Global Store  128    81920  0      0      0      0      0      327680 327680        0      0      0      0      0      0      0      0      0      0      0      0      0      0      0      0      0      0      0      0      0      0      0      0      0      0      0      0      0      0      0      0      0      0      0      0      0      0      0      0     
0x7f89ef5bd770     @P4   IMAD.WIDE R2, R19, 0x2, R36                            20     16     20     20480  655360 655360 32     32     0      0      -      -      -      0      0      0      0      0      0      0      0      -      0      0      0      0      0      0      0      0      0      0      0      19     0      0      0      0      0      1      0      0      0      0      0      0      0      0      0      0      16     0      0      0      0      0      0      0      0      0      0      0     
0x7f89ef5bd780           PRMT R19, R42, 0x5410, R22                             0      0      0      20480  655360 655360 32     32     0      0      -      -      -      0      0      0      0      0      0      0      0      -      0      0      0      0      0      0      0      0      0      0      0      0      0      0      0      0      0      0      0      0      0      0      0      0      0      0      0      0      0      0      0      0      0      0      0      0      0      0      0      0     
0x7f89ef5bd790           PRMT R55, R41, 0x7632, R21                             13     11     13     20480  655360 655360 32     32     0      0      -      -      -      0      0      0      0      0      0      0      0      -      0      0      0      0      0      0      0      0      0      0      0      13     0      0      0      0      0      0      0      0      0      0      0      0      0      0      0      0      11     0      0      0      0      0      0      0      0      0      0      0     
0x7f89ef5bd7a0     @P5   IMAD.WIDE R4, R15, 0x2, R36                            0      0      0      20480  655360 655360 32     32     0      0      -      -      -      0      0      0      0      0      0      0      0      -      0      0      0      0      0      0      0      0      0      0      0      0      0      0      0      0      0      0      0      0      0      0      0      0      0      0      0      0      0      0      0      0      0      0      0      0      0      0      0      0     
0x7f89ef5bd7b0           PRMT R54, R33, 0x7632, R25                             0      0      0      20480  655360 655360 32     32     0      0      -      -      -      0      0      0      0      0      0      0      0      -      0      0      0      0      0      0      0      0      0      0      0      0      0      0      0      0      0      0      0      0      0      0      0      0      0      0      0      0      0      0      0      0      0      0      0      0      0      0      0      0     
0x7f89ef5bd7c0           PRMT R52, R29, 0x7632, R49                             1      1      1      20480  655360 655360 32     32     0      0      -      -      -      0      0      0      0      0      0      0      0      -      0      0      0      0      0      0      0      0      0      0      0      0      1      0      0      0      0      0      0      0      0      0      0      0      0      0      0      0      0      1      0      0      0      0      0      0      0      0      0      0     
0x7f89ef5bd7d0           PRMT R53, R45, 0x7632, R57                             2      2      2      20480  655360 655360 32     32     0      0      -      -      -      0      0      0      0      0      0      0      0      -      0      0      0      0      0      0      0      0      1      0      0      0      0      0      0      0      0      0      0      0      0      0      1      0      0      1      0      0      0      0      0      0      0      0      0      0      0      0      0      1     
0x7f89ef5bd7e0           PRMT R15, R42, 0x7632, R22                             1      1      1      20480  655360 655360 32     32     0      0      -      -      -      0      0      0      0      0      0      0      0      -      0      0      0      0      0      0      0      0      0      0      0      0      0      0      0      0      0      0      0      0      0      0      1      0      0      0      0      0      0      0      0      0      0      0      0      0      0      0      0      1     
0x7f89ef5bd7f0     @P3   STG.E.128 desc[UR6][R8.64], R52                        0      0      0      20480  655360 655360 32     32     0      0      Global Store  128    81920  0      0      0      0      0      327680 327680        0      0      0      0      0      0      0      0      0      0      0      0      0      0      0      0      0      0      0      0      0      0      0      0      0      0      0      0      0      0      0      0      0      0      0      0      0      0      0      0     
0x7f89ef5bd800     @P4   STG.E.128 desc[UR6][R2.64], R16                        1      0      1      20480  655360 655360 32     32     0      0      Global Store  128    81920  0      0      0      0      0      327680 327680        0      0      0      0      0      0      0      0      0      0      0      0      0      0      0      0      0      0      0      0      0      0      1      0      0      0      0      0      0      0      0      0      0      0      0      0      0      0      0      0     
0x7f89ef5bd810     @P5   STG.E.128 desc[UR6][R4.64], R12                        3      2      3      20480  655360 655360 32     32     0      0      Global Store  128    81920  0      0      0      0      0      327680 327680        0      0      0      0      0      0      0      0      0      0      0      0      0      0      2      0      0      0      1      0      0      0      0      0      0      0      0      0      0      0      0      2      0      0      0      0      0      0      0      0     
0x7f89ef5bd820     @P6   IMAD.WIDE R8, R11, 0x2, R36                            14     11     14     20480  655360 655360 32     32     0      0      -      -      -      0      0      0      0      0      0      0      0      -      0      0      0      0      0      0      0      0      0      0      0      14     0      0      0      0      0      0      0      0      0      0      0      0      0      0      0      0      11     0      0      0      0      0      0      0      0      0      0      0     
0x7f89ef5bd830           PRMT R15, R43, 0x5410, R23                             37     35     37     20480  655360 655360 32     32     0      0      -      -      -      0      0      0      0      0      0      0      0      -      0      0      0      0      0      0      0      0      0      0      0      36     0      0      0      0      0      1      0      0      0      0      0      0      0      0      0      0      35     0      0      0      0      0      0      0      0      0      0      0     
0x7f89ef5bd840           PRMT R14, R35, 0x5410, R27                             1      1      1      20480  655360 655360 32     32     0      0      -      -      -      0      0      0      0      0      0      0      0      -      0      0      0      0      0      0      0      0      0      0      0      0      0      0      0      0      0      0      0      0      0      0      1      0      0      0      0      0      0      0      0      0      0      0      0      0      0      0      0      1     
0x7f89ef5bd850           PRMT R12, R31, 0x5410, R51                             0      0      0      20480  655360 655360 32     32     0      0      -      -      -      0      0      0      0      0      0      0      0      -      0      0      0      0      0      0      0      0      0      0      0      0      0      0      0      0      0      0      0      0      0      0      0      0      0      0      0      0      0      0      0      0      0      0      0      0      0      0      0      0     
0x7f89ef5bd860           PRMT R13, R47, 0x5410, R59                             2      1      2      20480  655360 655360 32     32     0      0      -      -      -      0      0      0      0      0      0      0      0      -      0      0      0      0      0      0      0      0      0      0      0      0      0      0      0      0      0      0      1      0      0      0      1      0      0      0      0      0      0      0      0      0      0      0      0      0      0      0      0      1     
0x7f89ef5bd870     @P6   STG.E.128 desc[UR6][R8.64], R12                        1      1      1      20480  655360 655360 32     32     0      0      Global Store  128    81920  0      0      0      0      0      327680 327680        0      0      0      0      0      0      0      0      0      0      0      0      0      0      0      0      0      0      0      0      0      0      1      0      0      0      0      0      0      0      0      0      0      0      0      0      0      0      0      1     
0x7f89ef5bd880     @!P0  EXIT                                                   1      0      1      20480  655360 0      32     0      32     0      -      -      -      0      0      0      0      0      0      0      0      -      0      0      0      0      0      0      0      0      0      0      0      0      0      0      0      0      0      0      1      0      0      0      0      0      0      0      0      0      0      0      0      0      0      0      0      0      0      0      0      0     
0x7f89ef5bd890           IMAD.WIDE R36, R7, 0x2, R36                            2      2      2      20480  655360 655360 32     32     0      0      -      -      -      0      0      0      0      0      0      0      0      -      0      0      0      0      0      0      0      0      0      0      0      0      0      0      0      0      0      0      0      0      0      0      2      0      0      0      0      0      0      0      0      0      0      0      0      0      0      0      0      2     
0x7f89ef5bd8a0           PRMT R23, R43, 0x7632, R23                             0      0      0      20480  655360 655360 32     32     0      0      -      -      -      0      0      0      0      0      0      0      0      -      0      0      0      0      0      0      0      0      0      0      0      0      0      0      0      0      0      0      0      0      0      0      0      0      0      0      0      0      0      0      0      0      0      0      0      0      0      0      0      0     
0x7f89ef5bd8b0           PRMT R22, R35, 0x7632, R27                             0      0      0      20480  655360 655360 32     32     0      0      -      -      -      0      0      0      0      0      0      0      0      -      0      0      0      0      0      0      0      0      0      0      0      0      0      0      0      0      0      0      0      0      0      0      0      0      0      0      0      0      0      0      0      0      0      0      0      0      0      0      0      0     
0x7f89ef5bd8c0           PRMT R20, R31, 0x7632, R51                             2      1      2      20480  655360 655360 32     32     0      0      -      -      -      0      0      0      0      0      0      0      0      -      0      0      0      0      0      0      0      0      0      0      0      0      1      0      0      0      0      0      0      0      0      0      1      0      0      0      0      0      0      0      0      0      0      0      0      0      0      0      0      1     
0x7f89ef5bd8d0           PRMT R21, R47, 0x7632, R59                             2      0      2      20480  655360 655360 32     32     0      0      -      -      -      0      0      0      0      0      0      0      0      -      0      0      0      0      0      0      0      0      0      0      0      0      0      0      0      0      0      0      1      0      0      0      1      0      0      0      0      0      0      0      0      0      0      0      0      0      0      0      0      0     
0x7f89ef5bd8e0           STG.E.128 desc[UR6][R36.64], R20                       3      2      3      20480  655360 655360 32     32     0      0      Global Store  128    81920  0      0      0      0      0      327680 327680        0      0      0      0      0      0      0      0      0      0      0      0      0      0      0      0      0      0      1      0      0      0      2      0      0      0      0      0      0      0      0      0      0      0      0      0      0      0      0      2     
0x7f89ef5bd8f0           EXIT                                                   0      0      0      20480  655360 655360 32     32     0      0      -      -      -      0      0      0      0      0      0      0      0      -      0      0      0      0      0      0      0      0      0      0      0      0      0      0      0      0      0      0      0      0      0      0      0      0      0      0      0      0      0      0      0      0      0      0      0      0      0      0      0      0     
0x7f89ef5bd900           BRA `(.L_x_0) 0x7f89ef5bd900                           80     72     80     0      0      0      0      0      0      0      -      -      -      0      0      0      0      0      0      0      0      -      0      0      0      0      0      0      0      3      0      75     0      0      0      0      0      0      0      0      0      0      0      0      2      0      3      0      67     0      0      0      0      0      0      0      0      0      0      0      0      2     
0x7f89ef5bd910           NOP                                                    0      0      0      0      0      0      0      0      32     0      -      -      -      0      0      0      0      0      0      0      0      -      0      0      0      0      0      0      0      0      0      0      0      0      0      0      0      0      0      0      0      0      0      0      0      0      0      0      0      0      0      0      0      0      0      0      0      0      0      0      0      0     
0x7f89ef5bd920           NOP                                                    0      0      0      0      0      0      0      0      32     0      -      -      -      0      0      0      0      0      0      0      0      -      0      0      0      0      0      0      0      0      0      0      0      0      0      0      0      0      0      0      0      0      0      0      0      0      0      0      0      0      0      0      0      0      0      0      0      0      0      0      0      0     
0x7f89ef5bd930           NOP                                                    0      0      0      0      0      0      0      0      32     0      -      -      -      0      0      0      0      0      0      0      0      -      0      0      0      0      0      0      0      0      0      0      0      0      0      0      0      0      0      0      0      0      0      0      0      0      0      0      0      0      0      0      0      0      0      0      0      0      0      0      0      0     
0x7f89ef5bd940           NOP                                                    0      0      0      0      0      0      0      0      32     0      -      -      -      0      0      0      0      0      0      0      0      -      0      0      0      0      0      0      0      0      0      0      0      0      0      0      0      0      0      0      0      0      0      0      0      0      0      0      0      0      0      0      0      0      0      0      0      0      0      0      0      0     
0x7f89ef5bd950           NOP                                                    0      0      0      0      0      0      0      0      32     0      -      -      -      0      0      0      0      0      0      0      0      -      0      0      0      0      0      0      0      0      0      0      0      0      0      0      0      0      0      0      0      0      0      0      0      0      0      0      0      0      0      0      0      0      0      0      0      0      0      0      0      0     
0x7f89ef5bd960           NOP                                                    0      0      0      0      0      0      0      0      32     0      -      -      -      0      0      0      0      0      0      0      0      -      0      0      0      0      0      0      0      0      0      0      0      0      0      0      0      0      0      0      0      0      0      0      0      0      0      0      0      0      0      0      0      0      0      0      0      0      0      0      0      0     
0x7f89ef5bd970           NOP                                                    0      0      0      0      0      0      0      0      32     0      -      -      -      0      0      0      0      0      0      0      0      -      0      0      0      0      0      0      0      0      0      0      0      0      0      0      0      0      0      0      0      0      0      0      0      0      0      0      0      0      0      0      0      0      0      0      0      0      0      0      0      0     
0x7f89ef5bd980           NOP                                                    0      0      0      0      0      0      0      0      32     0      -      -      -      0      0      0      0      0      0      0      0      -      0      0      0      0      0      0      0      0      0      0      0      0      0      0      0      0      0      0      0      0      0      0      0      0      0      0      0      0      0      0      0      0      0      0      0      0      0      0      0      0     
0x7f89ef5bd990           NOP                                                    0      0      0      0      0      0      0      0      32     0      -      -      -      0      0      0      0      0      0      0      0      -      0      0      0      0      0      0      0      0      0      0      0      0      0      0      0      0      0      0      0      0      0      0      0      0      0      0      0      0      0      0      0      0      0      0      0      0      0      0      0      0     
0x7f89ef5bd9a0           NOP                                                    0      0      0      0      0      0      0      0      32     0      -      -      -      0      0      0      0      0      0      0      0      -      0      0      0      0      0      0      0      0      0      0      0      0      0      0      0      0      0      0      0      0      0      0      0      0      0      0      0      0      0      0      0      0      0      0      0      0      0      0      0      0     
0x7f89ef5bd9b0           NOP                                                    0      0      0      0      0      0      0      0      32     0      -      -      -      0      0      0      0      0      0      0      0      -      0      0      0      0      0      0      0      0      0      0      0      0      0      0      0      0      0      0      0      0      0      0      0      0      0      0      0      0      0      0      0      0      0      0      0      0      0      0      0      0     
0x7f89ef5bd9c0           NOP                                                    0      0      0      0      0      0      0      0      32     0      -      -      -      0      0      0      0      0      0      0      0      -      0      0      0      0      0      0      0      0      0      0      0      0      0      0      0      0      0      0      0      0      0      0      0      0      0      0      0      0      0      0      0      0      0      0      0      0      0      0      0      0     
0x7f89ef5bd9d0           NOP                                                    0      0      0      0      0      0      0      0      32     0      -      -      -      0      0      0      0      0      0      0      0      -      0      0      0      0      0      0      0      0      0      0      0      0      0      0      0      0      0      0      0      0      0      0      0      0      0      0      0      0      0      0      0      0      0      0      0      0      0      0      0      0     
0x7f89ef5bd9e0           NOP                                                    0      0      0      0      0      0      0      0      32     0      -      -      -      0      0      0      0      0      0      0      0      -      0      0      0      0      0      0      0      0      0      0      0      0      0      0      0      0      0      0      0      0      0      0      0      0      0      0      0      0      0      0      0      0      0      0      0      0      0      0      0      0     
0x7f89ef5bd9f0           NOP                                                    0      0      0      0      0      0      0      0      32     0      -      -      -      0      0      0      0      0      0      0      0      -      0      0      0      0      0      0      0      0      0      0      0      0      0      0      0      0      0      0      0      0      0      0      0      0      0      0      0      0      0      0      0      0      0      0      0      0      0      0      0      0     
