------------------ ------------------------------------------------------------ ------ ------ ------ ------ ------ ------ ------ ------ ------ ------ ------ ------ ------ ------ ------ ------ ------ ------ ------ ------ ------ ------ ------ ------ ------ ------ ------ ------ ------ ------ ------ ------ ------ ------ ------ ------ ------ ------ ------ ------ ------ ------ ------ ------ ------ ------ ------ ------ ------ ------ ------ ------ ------ ------ ------ ------ ------ ------ ------ ------ ------ ------
Kernel Name        _transpose_kernel_Kt1_A2i8_1v16l0_2t1_3i16_p16_A2i8_1v16l0_2                                                                                                                                                                                                                                                                                                                                                                                                                                                  
                   t1_3i16_p16_I128                                                                                                                                                                                                                                                                                                                                                                                                                                                                                              
------------------ ------------------------------------------------------------ ------ ------ ------ ------ ------ ------ ------ ------ ------ ------ ------ ------ ------ ------ ------ ------ ------ ------ ------ ------ ------ ------ ------ ------ ------ ------ ------ ------ ------ ------ ------ ------ ------ ------ ------ ------ ------ ------ ------ ------ ------ ------ ------ ------ ------ ------ ------ ------ ------ ------ ------ ------ ------ ------ ------ ------ ------ ------ ------ ------ ------ ------
Address            Source                                                       Warp S Warp S # Samp Instru Thread Predic Avg. T Avg. P Avg. P Diverg Addres Access Access L1 Tag L1 Con L1 Wav L1 Wav L1 Wav L2 The L2 The L2 The L2 Exp L2 Exp L2 Exp L2 Exp L2 Exp L2 Exp L2 Exp stall_ stall_ stall_ stall_ stall_ stall_ stall_ stall_ stall_ stall_ stall_ stall_ stall_ stall_ stall_ stall_ stall_ stall_ stall_ stall_ stall_ stall_ stall_ stall_ stall_ stall_ stall_ stall_ stall_ stall_ stall_ stall_ stall_ stall_
                                                                                tall S tall S les    ctions  Instr ated-O hreads redica redica ent Br s Spac  Opera  Size   Reque flicts efront efront efront oretic oretic oretic licit  licit  licit  licit  licit  licit  licit  barrie branch dispat drain  lg     long_s math   membar mio    misc   no_ins not_se select short_ sleep  tex    wait   barrie branch dispat drain  lg (No long_s math ( membar mio (N misc ( no_ins not_se select short_ sleepi tex (N wait (
                                                                                amplin amplin         Execu uction n Thre  Execu ted-On ted-On anches e      tion          sts Gl  Share s Shar s Shar s Shar al Sec al Sec al Sec Evict  Hit Po Hit Po Hit Po Hit Po Miss P Miss P r      _resol ch                   b                                  t      lected ed     sb                          r (Not _resol ch (No (Not I t Issu b (Not Not Is  (Not  ot Iss Not Is t (Not lected ed (No sb (No ng (No ot Iss Not Is
                                                                                g (All g (Not        ted    s Exec ad Ins ted     Threa  Threa                             obal   d N-Wa ed Exc ed     ed Ide tors G tors G tors G Polici licy E licy E licy E licy E olicy  olicy         ving                                                                                                             Issue ving ( t Issu ssued) ed)     Issue sued)  Issued ued)   sued)   Issue  (Not  t Issu t Issu t Issu ued)   sued) 
                                                                                 Sampl -issue               uted   tructi        ds Exe ds Une                                    y      essive        al     lobal  lobal  lobal  es     vict F vict L vict N vict N Evict  Evict                                                                                                                         d)     Not Is ed)                  d)            )                    d)     Issued ed)    ed)    ed)                 
                                                                                es)    d Samp                      ons Ex        cuted  xecute                                                                Excess        Ideal         irst   ast    ormal  ormal  First  Normal                                                                                                                               sued)                                                                 )                                        
                                                                                       les)                        ecuted               d                                                                     ive                                              Demote                                                                                                                                                                                                                                                            
0x7f70df5bb000           LDC R1, c[0x0][0x37c]                                  47     46     47     20480  655360 655360 32     32     0      0      -      -      -      0      0      0      0      0      0      0      0      -      0      0      0      0      0      0      0      0      0      0      0      0      0      0      0      0      47     0      0      0      0      0      0      0      0      0      0      0      0      0      0      0      0      46     0      0      0      0      0      0     
0x7f70df5bb010           LDC.64 R44, c[0x0][0x388]                              5      3      5      20480  655360 655360 32     32     0      0      -      -      -      0      0      0      0      0      0      0      0      -      0      0      0      0      0      0      0      0      0      0      0      0      0      0      0      0      0      1      0      0      0      0      4      0      0      0      0      0      0      0      0      0      0      0      0      0      0      0      0      3     
0x7f70df5bb020           CS2R.32 R53, SR_CgaSize                                0      0      0      20480  655360 655360 32     32     0      0      -      -      -      0      0      0      0      0      0      0      0      -      0      0      0      0      0      0      0      0      0      0      0      0      0      0      0      0      0      0      0      0      0      0      0      0      0      0      0      0      0      0      0      0      0      0      0      0      0      0      0      0     
0x7f70df5bb030           IMAD R53, R53, -0xa0, RZ                               2      2      2      20480  655360 655360 32     32     0      0      -      -      -      0      0      0      0      0      0      0      0      -      0      0      0      0      0      0      0      0      0      0      0      0      0      0      0      0      0      0      0      0      0      0      2      0      0      0      0      0      0      0      0      0      0      0      0      0      0      0      0      2     
0x7f70df5bb040           R2UR UR7, R53                                          14     6      14     20480  655360 655360 32     32     0      0      -      -      -      0      0      0      0      0      0      0      0      -      0      0      0      0      0      0      0      0      0      0      0      0      6      0      0      0      0      6      1      0      0      0      1      0      0      0      0      0      0      5      0      0      0      0      0      0      0      0      0      1     
0x7f70df5bb050           LDCU UR7, c[0x0][UR7+0x2b4]                            7      4      7      20480  655360 655360 32     32     0      0      -      -      -      0      0      0      0      0      0      0      0      -      0      0      0      0      0      0      0      0      0      0      0      0      0      0      0      0      0      0      0      0      0      0      7      0      0      0      0      0      0      0      0      0      0      0      0      0      0      0      0      4     
0x7f70df5bb060           S2R R53, SR_TID.X                                      0      0      0      20480  655360 655360 32     32     0      0      -      -      -      0      0      0      0      0      0      0      0      -      0      0      0      0      0      0      0      0      0      0      0      0      0      0      0      0      0      0      0      0      0      0      0      0      0      0      0      0      0      0      0      0      0      0      0      0      0      0      0      0     
0x7f70df5bb070           CS2R.32 R39, SR_CgaSize                                0      0      0      20480  655360 655360 32     32     0      0      -      -      -      0      0      0      0      0      0      0      0      -      0      0      0      0      0      0      0      0      0      0      0      0      0      0      0      0      0      0      0      0      0      0      0      0      0      0      0      0      0      0      0      0      0      0      0      0      0      0      0      0     
0x7f70df5bb080           IMAD R39, R39, -0xa0, RZ                               1      1      1      20480  655360 655360 32     32     0      0      -      -      -      0      0      0      0      0      0      0      0      -      0      0      0      0      0      0      0      0      0      0      0      0      0      0      0      0      0      0      0      0      0      0      1      0      0      0      0      0      0      0      0      0      0      0      0      0      0      0      0      1     
0x7f70df5bb090           R2UR UR5, R39                                          10     5      10     20480  655360 655360 32     32     0      0      -      -      -      0      0      0      0      0      0      0      0      -      0      0      0      0      0      0      0      0      0      0      0      0      4      0      0      0      0      5      0      0      0      0      1      0      0      0      0      0      0      4      0      0      0      0      0      0      0      0      0      1     
0x7f70df5bb0a0           LDCU UR5, c[0x0][UR5+0x2b0]                            4      0      4      20480  655360 655360 32     32     0      0      -      -      -      0      0      0      0      0      0      0      0      -      0      0      0      0      0      0      0      0      0      0      0      0      0      0      0      0      0      1      1      0      0      0      2      0      0      0      0      0      0      0      0      0      0      0      0      0      0      0      0      0     
0x7f70df5bb0b0           S2UR UR6, SR_CTAID.Y                                   1      0      1      20480  655360 655360 32     32     0      0      -      -      -      0      0      0      0      0      0      0      0      -      0      0      0      0      0      0      0      0      0      0      0      0      0      0      0      0      0      0      1      0      0      0      0      0      0      0      0      0      0      0      0      0      0      0      0      0      0      0      0      0     
0x7f70df5bb0c0           LDCU.64 UR10, c[0x0][0x358]                            0      0      0      20480  655360 655360 32     32     0      0      -      -      -      0      0      0      0      0      0      0      0      -      0      0      0      0      0      0      0      0      0      0      0      0      0      0      0      0      0      0      0      0      0      0      0      0      0      0      0      0      0      0      0      0      0      0      0      0      0      0      0      0     
0x7f70df5bb0d0           S2UR UR4, SR_CTAID.X                                   0      0      0      20480  655360 655360 32     32     0      0      -      -      -      0      0      0      0      0      0      0      0      -      0      0      0      0      0      0      0      0      0      0      0      0      0      0      0      0      0      0      0      0      0      0      0      0      0      0      0      0      0      0      0      0      0      0      0      0      0      0      0      0     
0x7f70df5bb0e0           SHF.R.S32.HI R0, RZ, 0x1f, R45                         6      5      6      20480  655360 655360 32     32     0      0      -      -      -      0      0      0      0      0      0      0      0      -      0      0      0      0      0      0      0      0      0      0      0      0      0      0      0      0      0      0      1      5      0      0      0      0      0      0      0      0      0      0      0      0      0      0      0      0      5      0      0      0     
0x7f70df5bb0f0           SHF.R.S32.HI R3, RZ, 0x1f, R44                         7      3      7      20480  655360 655360 32     32     0      0      -      -      -      0      0      0      0      0      0      0      0      -      0      0      0      0      0      0      0      0      0      0      0      0      4      0      0      0      0      2      1      0      0      0      0      0      0      0      0      0      0      3      0      0      0      0      0      0      0      0      0      0     
0x7f70df5bb100           LEA.HI R0, R0, R45, RZ, 0x7                            2      0      2      20480  655360 655360 32     32     0      0      -      -      -      0      0      0      0      0      0      0      0      -      0      0      0      0      0      0      0      0      0      0      0      0      0      0      0      0      0      0      2      0      0      0      0      0      0      0      0      0      0      0      0      0      0      0      0      0      0      0      0      0     
0x7f70df5bb110           LEA.HI R3, R3, R44, RZ, 0x7                            0      0      0      20480  655360 655360 32     32     0      0      -      -      -      0      0      0      0      0      0      0      0      -      0      0      0      0      0      0      0      0      0      0      0      0      0      0      0      0      0      0      0      0      0      0      0      0      0      0      0      0      0      0      0      0      0      0      0      0      0      0      0      0     
0x7f70df5bb120           LOP3.LUT R2, R0, 0xffffff80, RZ, 0xc0, !PT             0      0      0      20480  655360 655360 32     32     0      0      -      -      -      0      0      0      0      0      0      0      0      -      0      0      0      0      0      0      0      0      0      0      0      0      0      0      0      0      0      0      0      0      0      0      0      0      0      0      0      0      0      0      0      0      0      0      0      0      0      0      0      0     
0x7f70df5bb130           I2FP.F32.U32 R4, UR6                                   5      2      5      20480  655360 655360 32     32     0      0      -      -      -      0      0      0      0      0      0      0      0      -      0      0      0      0      0      0      0      0      0      0      0      0      0      0      0      0      0      0      0      5      0      0      0      0      0      0      0      0      0      0      0      0      0      0      0      0      2      0      0      0     
0x7f70df5bb140           ISETP.NE.U32.AND P1, PT, R2, R45, PT                   2      0      2      20480  655360 655360 32     32     0      0      -      -      -      0      0      0      0      0      0      0      0      -      0      0      0      0      0      0      0      0      0      0      0      0      0      0      0      0      0      0      2      0      0      0      0      0      0      0      0      0      0      0      0      0      0      0      0      0      0      0      0      0     
0x7f70df5bb150           LOP3.LUT R5, R3, 0xffffff80, RZ, 0xc0, !PT             5      3      5      20480  655360 655360 32     32     0      0      -      -      -      0      0      0      0      0      0      0      0      -      0      0      0      0      0      0      0      0      0      0      0      0      3      0      0      0      0      2      0      0      0      0      0      0      0      0      0      0      0      3      0      0      0      0      0      0      0      0      0      0     
0x7f70df5bb160           FMUL R4, R4, UR7                                       15     13     15     20480  655360 655360 32     32     0      0      -      -      -      0      0      0      0      0      0      0      0      -      0      0      0      0      0      0      0      0      0      0      0      0      0      0      0      0      0      0      2      13     0      0      0      0      0      0      0      0      0      0      0      0      0      0      0      0      13     0      0      0     
0x7f70df5bb170           I2FP.F32.U32 R2, UR4                                   2      1      2      20480  655360 655360 32     32     0      0      -      -      -      0      0      0      0      0      0      0      0      -      0      0      0      0      0      0      0      0      0      0      0      0      1      0      0      0      0      0      1      0      0      0      0      0      0      0      0      0      0      1      0      0      0      0      0      0      0      0      0      0     
0x7f70df5bb180           ISETP.NE.U32.AND P0, PT, R5, R44, PT                   2      0      2      20480  655360 655360 32     32     0      0      -      -      -      0      0      0      0      0      0      0      0      -      0      0      0      0      0      0      0      0      0      0      0      0      0      0      0      0      0      1      1      0      0      0      0      0      0      0      0      0      0      0      0      0      0      0      0      0      0      0      0      0     
0x7f70df5bb190           F2I.U32.TRUNC.NTZ R38, R4                              0      0      0      20480  655360 655360 32     32     0      0      -      -      -      0      0      0      0      0      0      0      0      -      0      0      0      0      0      0      0      0      0      0      0      0      0      0      0      0      0      0      0      0      0      0      0      0      0      0      0      0      0      0      0      0      0      0      0      0      0      0      0      0     
0x7f70df5bb1a0           ISETP.GT.AND P1, PT, R45, -0x1, P1                     0      0      0      20480  655360 655360 32     32     0      0      -      -      -      0      0      0      0      0      0      0      0      -      0      0      0      0      0      0      0      0      0      0      0      0      0      0      0      0      0      0      0      0      0      0      0      0      0      0      0      0      0      0      0      0      0      0      0      0      0      0      0      0     
0x7f70df5bb1b0           FMUL R39, R2, UR5                                      2      0      2      20480  655360 655360 32     32     0      0      -      -      -      0      0      0      0      0      0      0      0      -      0      0      0      0      0      0      0      0      0      0      0      0      0      0      0      0      0      0      2      0      0      0      0      0      0      0      0      0      0      0      0      0      0      0      0      0      0      0      0      0     
0x7f70df5bb1c0           ISETP.GT.AND P0, PT, R44, -0x1, P0                     0      0      0      20480  655360 655360 32     32     0      0      -      -      -      0      0      0      0      0      0      0      0      -      0      0      0      0      0      0      0      0      0      0      0      0      0      0      0      0      0      0      0      0      0      0      0      0      0      0      0      0      0      0      0      0      0      0      0      0      0      0      0      0     
0x7f70df5bb1d0           SHF.R.S32.HI R2, RZ, 0x7, R0                           3      0      3      20480  655360 655360 32     32     0      0      -      -      -      0      0      0      0      0      0      0      0      -      0      0      0      0      0      0      0      0      0      0      0      0      0      0      0      0      0      1      2      0      0      0      0      0      0      0      0      0      0      0      0      0      0      0      0      0      0      0      0      0     
0x7f70df5bb1e0           LEA.HI.SX32 R5, R0, 0x1, 0x19                          1      0      1      20480  655360 655360 32     32     0      0      -      -      -      0      0      0      0      0      0      0      0      -      0      0      0      0      0      0      0      0      0      0      0      0      0      0      0      0      0      1      0      0      0      0      0      0      0      0      0      0      0      0      0      0      0      0      0      0      0      0      0      0     
0x7f70df5bb1f0           F2I.U32.TRUNC.NTZ R39, R39                             0      0      0      20480  655360 655360 32     32     0      0      -      -      -      0      0      0      0      0      0      0      0      -      0      0      0      0      0      0      0      0      0      0      0      0      0      0      0      0      0      0      0      0      0      0      0      0      0      0      0      0      0      0      0      0      0      0      0      0      0      0      0      0     
0x7f70df5bb200           SHF.R.S32.HI R0, RZ, 0x7, R3                           0      0      0      20480  655360 655360 32     32     0      0      -      -      -      0      0      0      0      0      0      0      0      -      0      0      0      0      0      0      0      0      0      0      0      0      0      0      0      0      0      0      0      0      0      0      0      0      0      0      0      0      0      0      0      0      0      0      0      0      0      0      0      0     
0x7f70df5bb210           LEA.HI.SX32 R6, R3, 0x1, 0x19                          0      0      0      20480  655360 655360 32     32     0      0      -      -      -      0      0      0      0      0      0      0      0      -      0      0      0      0      0      0      0      0      0      0      0      0      0      0      0      0      0      0      0      0      0      0      0      0      0      0      0      0      0      0      0      0      0      0      0      0      0      0      0      0     
0x7f70df5bb220     @!P1  IMAD.MOV R5, RZ, RZ, R2                                0      0      0      20480  655360 655360 32     32     0      0      -      -      -      0      0      0      0      0      0      0      0      -      0      0      0      0      0      0      0      0      0      0      0      0      0      0      0      0      0      0      0      0      0      0      0      0      0      0      0      0      0      0      0      0      0      0      0      0      0      0      0      0     
0x7f70df5bb230     @!P0  IMAD.MOV R6, RZ, RZ, R0                                0      0      0      20480  655360 655360 32     32     0      0      -      -      -      0      0      0      0      0      0      0      0      -      0      0      0      0      0      0      0      0      0      0      0      0      0      0      0      0      0      0      0      0      0      0      0      0      0      0      0      0      0      0      0      0      0      0      0      0      0      0      0      0     
0x7f70df5bb240           ISETP.GE.U32.AND P0, PT, R38, R5, PT                   6      0      6      20480  655360 655360 32     32     0      0      -      -      -      0      0      0      0      0      0      0      0      -      0      0      0      0      0      0      0      0      0      0      0      0      1      0      0      0      0      3      1      0      0      0      1      0      0      0      0      0      0      0      0      0      0      0      0      0      0      0      0      0     
0x7f70df5bb250           ISETP.GE.U32.OR P0, PT, R39, R6, P0                    5      3      5      20480  655360 655360 32     32     0      0      -      -      -      0      0      0      0      0      0      0      0      -      0      0      0      0      0      0      0      0      0      0      0      0      1      0      0      0      0      0      0      2      0      0      2      0      0      0      0      0      0      1      0      0      0      0      0      0      2      0      0      0     
0x7f70df5bb260     @P0   BRA 0x7f70df5bb6c0                                     5      3      5      20480  655360 0      32     0      32     0      -      -      -      0      0      0      0      0      0      0      0      -      0      0      0      0      0      0      0      0      0      0      0      0      0      0      0      0      0      0      0      0      0      0      5      0      0      0      0      0      0      0      0      0      0      0      0      0      0      0      0      3     
0x7f70df5bb270           S2R R0, SR_TID.X                                       0      0      0      20480  655360 655360 32     32     0      0      -      -      -      0      0      0      0      0      0      0      0      -      0      0      0      0      0      0      0      0      0      0      0      0      0      0      0      0      0      0      0      0      0      0      0      0      0      0      0      0      0      0      0      0      0      0      0      0      0      0      0      0     
0x7f70df5bb280           LDC R51, c[0x0][0x390]                                 0      0      0      20480  655360 655360 32     32     0      0      -      -      -      0      0      0      0      0      0      0      0      -      0      0      0      0      0      0      0      0      0      0      0      0      0      0      0      0      0      0      0      0      0      0      0      0      0      0      0      0      0      0      0      0      0      0      0      0      0      0      0      0     
0x7f70df5bb290           IMAD.WIDE.U32 R2, R39, 0x80, RZ                        0      0      0      20480  655360 655360 32     32     0      0      -      -      -      0      0      0      0      0      0      0      0      -      0      0      0      0      0      0      0      0      0      0      0      0      0      0      0      0      0      0      0      0      0      0      0      0      0      0      0      0      0      0      0      0      0      0      0      0      0      0      0      0     
0x7f70df5bb2a0           LDCU.64 UR4, c[0x0][0x380]                             0      0      0      20480  655360 655360 32     32     0      0      -      -      -      0      0      0      0      0      0      0      0      -      0      0      0      0      0      0      0      0      0      0      0      0      0      0      0      0      0      0      0      0      0      0      0      0      0      0      0      0      0      0      0      0      0      0      0      0      0      0      0      0     
0x7f70df5bb2b0           SHF.R.U32.HI R37, RZ, 0x3, R0                          25     16     25     20480  655360 655360 32     32     0      0      -      -      -      0      0      0      0      0      0      0      0      -      0      0      0      0      0      0      0      0      0      0      0      0      0      0      0      0      0      4      0      21     0      0      0      0      0      0      0      0      0      0      0      0      0      0      0      0      16     0      0      0     
0x7f70df5bb2c0           IMAD.SHL.U32 R0, R0, 0x10, RZ                          1      0      1      20480  655360 655360 32     32     0      0      -      -      -      0      0      0      0      0      0      0      0      -      0      0      0      0      0      0      0      0      0      0      0      0      0      0      0      0      0      0      1      0      0      0      0      0      0      0      0      0      0      0      0      0      0      0      0      0      0      0      0      0     
0x7f70df5bb2d0           LOP3.LUT R43, R2, R37, RZ, 0xfc, !PT                   2      0      2      20480  655360 655360 32     32     0      0      -      -      -      0      0      0      0      0      0      0      0      -      0      0      0      0      0      0      0      0      0      0      0      0      0      0      0      0      0      0      0      0      0      0      2      0      0      0      0      0      0      0      0      0      0      0      0      0      0      0      0      0     
0x7f70df5bb2e0           IMAD.SHL.U32 R2, R38, 0x80, RZ                         0      0      0      20480  655360 655360 32     32     0      0      -      -      -      0      0      0      0      0      0      0      0      -      0      0      0      0      0      0      0      0      0      0      0      0      0      0      0      0      0      0      0      0      0      0      0      0      0      0      0      0      0      0      0      0      0      0      0      0      0      0      0      0     
0x7f70df5bb2f0           LOP3.LUT R36, R0, 0x70, RZ, 0xc0, !PT                  0      0      0      20480  655360 655360 32     32     0      0      -      -      -      0      0      0      0      0      0      0      0      -      0      0      0      0      0      0      0      0      0      0      0      0      0      0      0      0      0      0      0      0      0      0      0      0      0      0      0      0      0      0      0      0      0      0      0      0      0      0      0      0     
0x7f70df5bb300           IMAD.SHL.U32 R0, R51, 0x80, RZ                         1      0      1      20480  655360 655360 32     32     0      0      -      -      -      0      0      0      0      0      0      0      0      -      0      0      0      0      0      0      0      0      0      0      0      0      0      0      0      0      0      0      1      0      0      0      0      0      0      0      0      0      0      0      0      0      0      0      0      0      0      0      0      0     
0x7f70df5bb310           IADD3 R43, P0, PT, -R43, R44, RZ                       0      0      0      20480  655360 655360 32     32     0      0      -      -      -      0      0      0      0      0      0      0      0      -      0      0      0      0      0      0      0      0      0      0      0      0      0      0      0      0      0      0      0      0      0      0      0      0      0      0      0      0      0      0      0      0      0      0      0      0      0      0      0      0     
0x7f70df5bb320           LOP3.LUT R40, R2, R36, RZ, 0xfc, !PT                   1      0      1      20480  655360 655360 32     32     0      0      -      -      -      0      0      0      0      0      0      0      0      -      0      0      0      0      0      0      0      0      0      0      0      0      0      0      0      0      0      0      0      0      0      0      1      0      0      0      0      0      0      0      0      0      0      0      0      0      0      0      0      0     
0x7f70df5bb330           IMAD R37, R37, R51, R36                                0      0      0      20480  655360 655360 32     32     0      0      -      -      -      0      0      0      0      0      0      0      0      -      0      0      0      0      0      0      0      0      0      0      0      0      0      0      0      0      0      0      0      0      0      0      0      0      0      0      0      0      0      0      0      0      0      0      0      0      0      0      0      0     
0x7f70df5bb340           LEA.HI.X.SX32 R44, R44, ~R3, 0x1, P0                   1      0      1      20480  655360 655360 32     32     0      0      -      -      -      0      0      0      0      0      0      0      0      -      0      0      0      0      0      0      0      0      0      0      0      0      0      0      0      0      0      0      1      0      0      0      0      0      0      0      0      0      0      0      0      0      0      0      0      0      0      0      0      0     
0x7f70df5bb350           IMAD.MOV.U32 R3, RZ, RZ, RZ                            1      0      1      20480  655360 655360 32     32     0      0      -      -      -      0      0      0      0      0      0      0      0      -      0      0      0      0      0      0      0      0      0      0      0      0      0      0      0      0      0      0      1      0      0      0      0      0      0      0      0      0      0      0      0      0      0      0      0      0      0      0      0      0     
0x7f70df5bb360           ISETP.GE.AND P4, PT, R40, R45, PT                      1      0      1      20480  655360 655360 32     32     0      0      -      -      -      0      0      0      0      0      0      0      0      -      0      0      0      0      0      0      0      0      0      0      0      0      0      0      0      0      0      0      1      0      0      0      0      0      0      0      0      0      0      0      0      0      0      0      0      0      0      0      0      0     
0x7f70df5bb370           ISETP.GT.U32.AND P1, PT, R43, 0x10, PT                 2      0      2      20480  655360 655360 32     32     0      0      -      -      -      0      0      0      0      0      0      0      0      -      0      0      0      0      0      0      0      0      0      0      0      0      0      0      0      0      0      0      2      0      0      0      0      0      0      0      0      0      0      0      0      0      0      0      0      0      0      0      0      0     
0x7f70df5bb380           IMAD.WIDE.U32 R2, R0, R39, R2                          0      0      0      20480  655360 655360 32     32     0      0      -      -      -      0      0      0      0      0      0      0      0      -      0      0      0      0      0      0      0      0      0      0      0      0      0      0      0      0      0      0      0      0      0      0      0      0      0      0      0      0      0      0      0      0      0      0      0      0      0      0      0      0     
0x7f70df5bb390           ISETP.GE.U32.AND P2, PT, R43, 0x1, PT                  0      0      0      20480  655360 655360 32     32     0      0      -      -      -      0      0      0      0      0      0      0      0      -      0      0      0      0      0      0      0      0      0      0      0      0      0      0      0      0      0      0      0      0      0      0      0      0      0      0      0      0      0      0      0      0      0      0      0      0      0      0      0      0     
0x7f70df5bb3a0           ISETP.GT.AND.EX P1, PT, R44, RZ, !P4, P1               0      0      0      20480  655360 655360 32     32     0      0      -      -      -      0      0      0      0      0      0      0      0      -      0      0      0      0      0      0      0      0      0      0      0      0      0      0      0      0      0      0      0      0      0      0      0      0      0      0      0      0      0      0      0      0      0      0      0      0      0      0      0      0     
0x7f70df5bb3b0           SHF.R.S32.HI R42, RZ, 0x1f, R0                         3      2      3      20480  655360 655360 32     32     0      0      -      -      -      0      0      0      0      0      0      0      0      -      0      0      0      0      0      0      0      0      1      0      0      0      0      0      0      0      0      0      1      0      0      0      1      0      0      1      0      0      0      0      0      0      0      0      0      0      0      0      0      1     
0x7f70df5bb3c0           ISETP.GE.AND.EX P2, PT, R44, RZ, PT, P2                2      1      2      20480  655360 655360 32     32     0      0      -      -      -      0      0      0      0      0      0      0      0      -      0      0      0      0      0      0      0      0      0      0      0      0      0      0      0      0      0      0      1      0      0      0      1      0      0      0      0      0      0      0      0      0      0      0      0      0      0      0      0      1     
0x7f70df5bb3d0           ISETP.GT.U32.AND P0, PT, R43, 0x20, PT                 1      0      1      20480  655360 655360 32     32     0      0      -      -      -      0      0      0      0      0      0      0      0      -      0      0      0      0      0      0      0      0      0      0      0      0      0      0      0      0      0      0      1      0      0      0      0      0      0      0      0      0      0      0      0      0      0      0      0      0      0      0      0      0     
0x7f70df5bb3e0           IMAD R41, R42, R39, RZ                                 1      0      1      20480  655360 655360 32     32     0      0      -      -      -      0      0      0      0      0      0      0      0      -      0      0      0      0      0      0      0      0      0      0      0      0      0      0      0      0      0      0      1      0      0      0      0      0      0      0      0      0      0      0      0      0      0      0      0      0      0      0      0      0     
0x7f70df5bb3f0           ISETP.GE.OR P2, PT, R40, R45, !P2                      0      0      0      20480  655360 655360 32     32     0      0      -      -      -      0      0      0      0      0      0      0      0      -      0      0      0      0      0      0      0      0      0      0      0      0      0      0      0      0      0      0      0      0      0      0      0      0      0      0      0      0      0      0      0      0      0      0      0      0      0      0      0      0     
0x7f70df5bb400           ISETP.GT.AND.EX P0, PT, R44, RZ, !P4, P0               0      0      0      20480  655360 655360 32     32     0      0      -      -      -      0      0      0      0      0      0      0      0      -      0      0      0      0      0      0      0      0      0      0      0      0      0      0      0      0      0      0      0      0      0      0      0      0      0      0      0      0      0      0      0      0      0      0      0      0      0      0      0      0     
0x7f70df5bb410           IMAD.IADD R3, R3, 0x1, R41                             1      0      1      20480  655360 655360 32     32     0      0      -      -      -      0      0      0      0      0      0      0      0      -      0      0      0      0      0      0      0      0      0      0      0      0      0      0      0      0      0      0      1      0      0      0      0      0      0      0      0      0      0      0      0      0      0      0      0      0      0      0      0      0     
0x7f70df5bb420           IADD3 R2, P3, P5, R2, UR4, R37                         1      0      1      20480  655360 655360 32     32     0      0      -      -      -      0      0      0      0      0      0      0      0      -      0      0      0      0      0      0      0      0      0      0      0      0      0      0      0      0      0      0      1      0      0      0      0      0      0      0      0      0      0      0      0      0      0      0      0      0      0      0      0      0     
0x7f70df5bb430           SHF.R.S32.HI R0, RZ, 0x1f, R37                         4      1      4      20480  655360 655360 32     32     0      0      -      -      -      0      0      0      0      0      0      0      0      -      0      0      0      0      0      0      0      0      0      0      0      0      4      0      0      0      0      0      0      0      0      0      0      0      0      0      0      0      0      1      0      0      0      0      0      0      0      0      0      0     
0x7f70df5bb440     @P1   IMAD.SHL.U32 R37, R51, 0x10, RZ                        1      0      1      20480  655360 655360 32     32     0      0      -      -      -      0      0      0      0      0      0      0      0      -      0      0      0      0      0      0      0      0      0      0      0      0      0      0      0      0      0      0      1      0      0      0      0      0      0      0      0      0      0      0      0      0      0      0      0      0      0      0      0      0     
0x7f70df5bb450           IADD3.X R3, PT, PT, R3, UR5, R0, P3, P5                3      1      3      20480  655360 655360 32     32     0      0      -      -      -      0      0      0      0      0      0      0      0      -      0      0      0      0      0      0      0      0      0      0      0      0      1      0      0      0      0      1      1      0      0      0      0      0      0      0      0      0      0      1      0      0      0      0      0      0      0      0      0      0     
0x7f70df5bb460     @P1   IADD3 R36, P5, PT, R37, R2, RZ                         1      1      1      20480  655360 655360 32     32     0      0      -      -      -      0      0      0      0      0      0      0      0      -      0      0      0      0      0      0      0      0      0      0      0      0      0      0      0      0      0      0      0      0      0      0      1      0      0      0      0      0      0      0      0      0      0      0      0      0      0      0      0      1     
0x7f70df5bb470           ISETP.GT.U32.AND P3, PT, R43, 0x30, PT                 0      0      0      20480  655360 655360 32     32     0      0      -      -      -      0      0      0      0      0      0      0      0      -      0      0      0      0      0      0      0      0      0      0      0      0      0      0      0      0      0      0      0      0      0      0      0      0      0      0      0      0      0      0      0      0      0      0      0      0      0      0      0      0     
0x7f70df5bb480     @!P2  LDG.E.128 R32, desc[UR10][R2.64]                       1      0      1      20480  655360 655360 32     32     0      0      Global Load   128    81920  0      0      0      0      0      327680 327680        0      0      0      0      0      0      0      0      0      0      0      0      0      0      0      0      0      0      1      0      0      0      0      0      0      0      0      0      0      0      0      0      0      0      0      0      0      0      0      0     
0x7f70df5bb490     @P1   LEA.HI.X.SX32 R37, R37, R3, 0x1, P5                    0      0      0      20480  655360 655360 32     32     0      0      -      -      -      0      0      0      0      0      0      0      0      -      0      0      0      0      0      0      0      0      0      0      0      0      0      0      0      0      0      0      0      0      0      0      0      0      0      0      0      0      0      0      0      0      0      0      0      0      0      0      0      0     
0x7f70df5bb4a0           ISETP.GT.AND.EX P3, PT, R44, RZ, !P4, P3               2      2      2      20480  655360 655360 32     32     0      0      -      -      -      0      0      0      0      0      0      0      0      -      0      0      0      0      0      0      0      0      0      0      0      0      1      0      0      0      0      0      0      0      0      0      1      0      0      0      0      0      0      1      0      0      0      0      0      0      0      0      0      1     
0x7f70df5bb4b0     @P0   IMAD.SHL.U32 R41, R51, 0x20, RZ                        0      0      0      20480  655360 655360 32     32     0      0      -      -      -      0      0      0      0      0      0      0      0      -      0      0      0      0      0      0      0      0      0      0      0      0      0      0      0      0      0      0      0      0      0      0      0      0      0      0      0      0      0      0      0      0      0      0      0      0      0      0      0      0     
0x7f70df5bb4c0           ISETP.GT.U32.AND P2, PT, R43, 0x40, PT                 0      0      0      20480  655360 655360 32     32     0      0      -      -      -      0      0      0      0      0      0      0      0      -      0      0      0      0      0      0      0      0      0      0      0      0      0      0      0      0      0      0      0      0      0      0      0      0      0      0      0      0      0      0      0      0      0      0      0      0      0      0      0      0     
0x7f70df5bb4d0     @P1   LDG.E.128 R28, desc[UR10][R36.64]                      0      0      0      20480  655360 655360 32     32     0      0      Global Load   128    81920  0      0      0      0      0      327680 327680        0      0      0      0      0      0      0      0      0      0      0      0      0      0      0      0      0      0      0      0      0      0      0      0      0      0      0      0      0      0      0      0      0      0      0      0      0      0      0      0     
0x7f70df5bb4e0           ISETP.GT.U32.AND P1, PT, R43, 0x50, PT                 1      0      1      20480  655360 655360 32     32     0      0      -      -      -      0      0      0      0      0      0      0      0      -      0      0      0      0      0      0      0      0      0      0      0      0      0      0      0      0      0      0      1      0      0      0      0      0      0      0      0      0      0      0      0      0      0      0      0      0      0      0      0      0     
0x7f70df5bb4f0           ISETP.GT.AND.EX P2, PT, R44, RZ, !P4, P2               2      0      2      20480  655360 655360 32     32     0      0      -      -      -      0      0      0      0      0      0      0      0      -      0      0      0      0      0      0      0      0      0      0      0      0      1      0      0      0      0      0      0      0      0      0      1      0      0      0      0      0      0      0      0      0      0      0      0      0      0      0      0      0     
0x7f70df5bb500     @P0   IADD3 R40, P5, PT, R41, R2, RZ                         0      0      0      20480  655360 655360 32     32     0      0      -      -      -      0      0      0      0      0      0      0      0      -      0      0      0      0      0      0      0      0      0      0      0      0      0      0      0      0      0      0      0      0      0      0      0      0      0      0      0      0      0      0      0      0      0      0      0      0      0      0      0      0     
0x7f70df5bb510           ISETP.GT.AND.EX P1, PT, R44, RZ, !P4, P1               1      0      1      20480  655360 655360 32     32     0      0      -      -      -      0      0      0      0      0      0      0      0      -      0      0      0      0      0      0      0      0      0      0      0      0      0      0      0      0      0      0      1      0      0      0      0      0      0      0      0      0      0      0      0      0      0      0      0      0      0      0      0      0     
0x7f70df5bb520           ISETP.GT.U32.AND P6, PT, R43, 0x60, PT                 0      0      0      20480  655360 655360 32     32     0      0      -      -      -      0      0      0      0      0      0      0      0      -      0      0      0      0      0      0      0      0      0      0      0      0      0      0      0      0      0      0      0      0      0      0      0      0      0      0      0      0      0      0      0      0      0      0      0      0      0      0      0      0     
0x7f70df5bb530     @P0   LEA.HI.X.SX32 R41, R41, R3, 0x1, P5                    1      1      1      20480  655360 655360 32     32     0      0      -      -      -      0      0      0      0      0      0      0      0      -      0      0      0      0      0      0      0      0      0      0      0      0      1      0      0      0      0      0      0      0      0      0      0      0      0      0      0      0      0      1      0      0      0      0      0      0      0      0      0      0     
0x7f70df5bb540           ISETP.GT.U32.AND P5, PT, R43, 0x70, PT                 2      1      2      20480  655360 655360 32     32     0      0      -      -      -      0      0      0      0      0      0      0      0      -      0      0      0      0      0      0      0      0      0      0      0      0      0      0      0      0      0      0      1      0      0      0      1      0      0      0      0      0      0      0      0      0      0      0      0      0      0      0      0      1     
0x7f70df5bb550     @P3   IMAD R43, R51, 0x30, RZ                                0      0      0      20480  655360 655360 32     32     0      0      -      -      -      0      0      0      0      0      0      0      0      -      0      0      0      0      0      0      0      0      0      0      0      0      0      0      0      0      0      0      0      0      0      0      0      0      0      0      0      0      0      0      0      0      0      0      0      0      0      0      0      0     
0x7f70df5bb560           ISETP.GT.AND.EX P6, PT, R44, RZ, !P4, P6               1      0      1      20480  655360 655360 32     32     0      0      -      -      -      0      0      0      0      0      0      0      0      -      0      0      0      0      0      0      0      0      0      0      0      0      0      0      0      0      0      0      1      0      0      0      0      0      0      0      0      0      0      0      0      0      0      0      0      0      0      0      0      0     
0x7f70df5bb570     @P2   IMAD.SHL.U32 R45, R51, 0x40, RZ                        0      0      0      20480  655360 655360 32     32     0      0      -      -      -      0      0      0      0      0      0      0      0      -      0      0      0      0      0      0      0      0      0      0      0      0      0      0      0      0      0      0      0      0      0      0      0      0      0      0      0      0      0      0      0      0      0      0      0      0      0      0      0      0     
0x7f70df5bb580           ISETP.GT.AND.EX P5, PT, R44, RZ, !P4, P5               0      0      0      20480  655360 655360 32     32     0      0      -      -      -      0      0      0      0      0      0      0      0      -      0      0      0      0      0      0      0      0      0      0      0      0      0      0      0      0      0      0      0      0      0      0      0      0      0      0      0      0      0      0      0      0      0      0      0      0      0      0      0      0     
0x7f70df5bb590     @P0   LDG.E.128 R24, desc[UR10][R40.64]                      0      0      0      20480  655360 655360 32     32     0      0      Global Load   128    81920  0      0      0      0      0      327680 327680        0      0      0      0      0      0      0      0      0      0      0      0      0      0      0      0      0      0      0      0      0      0      0      0      0      0      0      0      0      0      0      0      0      0      0      0      0      0      0      0     
0x7f70df5bb5a0     @P3   IADD3 R36, P4, PT, R43, R2, RZ                         3      3      3      20480  655360 655360 32     32     0      0      -      -      -      0      0      0      0      0      0      0      0      -      0      0      0      0      0      0      0      0      0      0      0      2      1      0      0      0      0      0      0      0      0      0      0      0      0      0      0      0      2      1      0      0      0      0      0      0      0      0      0      0     
0x7f70df5bb5b0     @P1   IMAD R47, R51, 0x50, RZ                                0      0      0      20480  655360 655360 32     32     0      0      -      -      -      0      0      0      0      0      0      0      0      -      0      0      0      0      0      0      0      0      0      0      0      0      0      0      0      0      0      0      0      0      0      0      0      0      0      0      0      0      0      0      0      0      0      0      0      0      0      0      0      0     
0x7f70df5bb5c0     @P3   LEA.HI.X.SX32 R37, R43, R3, 0x1, P4                    4      2      4      20480  655360 655360 32     32     0      0      -      -      -      0      0      0      0      0      0      0      0      -      0      0      0      0      0      0      0      0      0      0      0      0      3      0      0      0      0      0      0      0      0      0      1      0      0      0      0      0      0      1      0      0      0      0      0      0      0      0      0      1     
0x7f70df5bb5d0     @P2   IADD3 R42, P4, PT, R45, R2, RZ                         2      1      2      20480  655360 655360 32     32     0      0      -      -      -      0      0      0      0      0      0      0      0      -      0      0      0      0      0      0      0      0      0      0      0      0      0      0      0      0      0      1      0      0      0      0      1      0      0      0      0      0      0      0      0      0      0      0      0      0      0      0      0      1     
0x7f70df5bb5e0     @P6   IMAD R49, R51, 0x60, RZ                                0      0      0      20480  655360 655360 32     32     0      0      -      -      -      0      0      0      0      0      0      0      0      -      0      0      0      0      0      0      0      0      0      0      0      0      0      0      0      0      0      0      0      0      0      0      0      0      0      0      0      0      0      0      0      0      0      0      0      0      0      0      0      0     
0x7f70df5bb5f0     @P2   LEA.HI.X.SX32 R43, R45, R3, 0x1, P4                    0      0      0      20480  655360 655360 32     32     0      0      -      -      -      0      0      0      0      0      0      0      0      -      0      0      0      0      0      0      0      0      0      0      0      0      0      0      0      0      0      0      0      0      0      0      0      0      0      0      0      0      0      0      0      0      0      0      0      0      0      0      0      0     
0x7f70df5bb600     @P3   LDG.E.128 R20, desc[UR10][R36.64]                      0      0      0      20480  655360 655360 32     32     0      0      Global Load   128    81920  0      0      0      0      0      327680 327680        0      0      0      0      0      0      0      0      0      0      0      0      0      0      0      0      0      0      0      0      0      0      0      0      0      0      0      0      0      0      0      0      0      0      0      0      0      0      0      0     
0x7f70df5bb610     @P1   IADD3 R44, P4, PT, R47, R2, RZ                         0      0      0      20480  655360 655360 32     32     0      0      -      -      -      0      0      0      0      0      0      0      0      -      0      0      0      0      0      0      0      0      0      0      0      0      0      0      0      0      0      0      0      0      0      0      0      0      0      0      0      0      0      0      0      0      0      0      0      0      0      0      0      0     
0x7f70df5bb620     @P5   IMAD R51, R51, 0x70, RZ                                1      0      1      20480  655360 655360 32     32     0      0      -      -      -      0      0      0      0      0      0      0      0      -      0      0      0      0      0      0      0      0      0      0      0      0      0      0      0      0      0      0      1      0      0      0      0      0      0      0      0      0      0      0      0      0      0      0      0      0      0      0      0      0     
0x7f70df5bb630     @P2   LDG.E.128 R16, desc[UR10][R42.64]                      2      1      2      20480  655360 655360 32     32     0      0      Global Load   128    81920  0      0      0      0      0      327680 327680        0      0      0      0      0      0      0      0      0      0      0      0      0      0      1      0      0      1      0      0      0      0      0      0      0      0      0      0      0      0      0      1      0      0      0      0      0      0      0      0     
0x7f70df5bb640     @P1   LEA.HI.X.SX32 R45, R47, R3, 0x1, P4                    0      0      0      20480  655360 655360 32     32     0      0      -      -      -      0      0      0      0      0      0      0      0      -      0      0      0      0      0      0      0      0      0      0      0      0      0      0      0      0      0      0      0      0      0      0      0      0      0      0      0      0      0      0      0      0      0      0      0      0      0      0      0      0     
0x7f70df5bb650     @P6   IADD3 R46, P4, PT, R49, R2, RZ                         0      0      0      20480  655360 655360 32     32     0      0      -      -      -      0      0      0      0      0      0      0      0      -      0      0      0      0      0      0      0      0      0      0      0      0      0      0      0      0      0      0      0      0      0      0      0      0      0      0      0      0      0      0      0      0      0      0      0      0      0      0      0      0     
0x7f70df5bb660     @P1   LDG.E.128 R12, desc[UR10][R44.64]                      2      1      2      20480  655360 655360 32     32     0      0      Global Load   128    81920  0      0      0      0      0      327680 327680        0      0      0      0      0      0      0      0      0      0      0      0      0      0      0      0      0      0      1      0      0      0      1      0      0      0      0      0      0      0      0      0      0      0      0      0      0      0      0      1     
0x7f70df5bb670     @P6   LEA.HI.X.SX32 R47, R49, R3, 0x1, P4                    0      0      0      20480  655360 655360 32     32     0      0      -      -      -      0      0      0      0      0      0      0      0      -      0      0      0      0      0      0      0      0      0      0      0      0      0      0      0      0      0      0      0      0      0      0      0      0      0      0      0      0      0      0      0      0      0      0      0      0      0      0      0      0     
0x7f70df5bb680     @P5   IADD3 R2, P4, PT, R51, R2, RZ                          1      0      1      20480  655360 655360 32     32     0      0      -      -      -      0      0      0      0      0      0      0      0      -      0      0      0      0      0      0      0      0      0      0      0      0      0      0      0      0      0      0      1      0      0      0      0      0      0      0      0      0      0      0      0      0      0      0      0      0      0      0      0      0     
0x7f70df5bb690     @P6   LDG.E.128 R8, desc[UR10][R46.64]                       0      0      0      20480  655360 655360 32     32     0      0      Global Load   128    81920  0      0      0      0      0      327680 327680        0      0      0      0      0      0      0      0      0      0      0      0      0      0      0      0      0      0      0      0      0      0      0      0      0      0      0      0      0      0      0      0      0      0      0      0      0      0      0      0     
0x7f70df5bb6a0     @P5   LEA.HI.X.SX32 R3, R51, R3, 0x1, P4                     0      0      0      20480  655360 655360 32     32     0      0      -      -      -      0      0      0      0      0      0      0      0      -      0      0      0      0      0      0      0      0      0      0      0      0      0      0      0      0      0      0      0      0      0      0      0      0      0      0      0      0      0      0      0      0      0      0      0      0      0      0      0      0     
0x7f70df5bb6b0     @P5   LDG.E.128 R4, desc[UR10][R2.64]                        3      0      3      20480  655360 655360 32     32     0      0      Global Load   128    81920  0      0      0      0      0      327680 327680        0      0      0      0      0      0      0      0      0      0      0      0      0      0      0      0      0      2      1      0      0      0      0      0      0      0      0      0      0      0      0      0      0      0      0      0      0      0      0      0     
0x7f70df5bb6c0           LDCU UR4, c[0x0][0x3a8]                                1      0      1      20480  655360 655360 32     32     0      0      -      -      -      0      0      0      0      0      0      0      0      -      0      0      0      0      0      0      0      0      0      0      0      0      0      0      0      0      0      1      0      0      0      0      0      0      0      0      0      0      0      0      0      0      0      0      0      0      0      0      0      0     
0x7f70df5bb6d0           LDC R0, c[0x0][0x3a8]                                  0      0      0      20480  655360 655360 32     32     0      0      -      -      -      0      0      0      0      0      0      0      0      -      0      0      0      0      0      0      0      0      0      0      0      0      0      0      0      0      0      0      0      0      0      0      0      0      0      0      0      0      0      0      0      0      0      0      0      0      0      0      0      0     
0x7f70df5bb6e0           IMAD.SHL.U32 R2, R53, 0x10, RZ                         14     12     14     20480  655360 655360 32     32     0      0      -      -      -      0      0      0      0      0      0      0      0      -      0      0      0      0      0      0      0      0      0      0      0      14     0      0      0      0      0      0      0      0      0      0      0      0      0      0      0      0      12     0      0      0      0      0      0      0      0      0      0      0     
0x7f70df5bb6f0           SHF.R.U32.HI R47, RZ, 0x3, R53                         0      0      0      20480  655360 655360 32     32     0      0      -      -      -      0      0      0      0      0      0      0      0      -      0      0      0      0      0      0      0      0      0      0      0      0      0      0      0      0      0      0      0      0      0      0      0      0      0      0      0      0      0      0      0      0      0      0      0      0      0      0      0      0     
0x7f70df5bb700           LDCU.64 UR8, c[0x0][0x3a0]                             0      0      0      20480  655360 655360 32     32     0      0      -      -      -      0      0      0      0      0      0      0      0      -      0      0      0      0      0      0      0      0      0      0      0      0      0      0      0      0      0      0      0      0      0      0      0      0      0      0      0      0      0      0      0      0      0      0      0      0      0      0      0      0     
0x7f70df5bb710           IMAD.WIDE.U32 R40, R39, 0x80, RZ                       0      0      0      20480  655360 655360 32     32     0      0      -      -      -      0      0      0      0      0      0      0      0      -      0      0      0      0      0      0      0      0      0      0      0      0      0      0      0      0      0      0      0      0      0      0      0      0      0      0      0      0      0      0      0      0      0      0      0      0      0      0      0      0     
0x7f70df5bb720           PRMT R108, R33, 0x7771, RZ                             937    663    937    20480  655360 655360 32     32     0      0      -      -      -      0      0      0      0      0      0      0      0      -      0      0      0      0      0      0      0      0      0      0      0      931    2      0      0      0      0      4      0      0      0      0      0      0      0      0      0      0      661    2      0      0      0      0      0      0      0      0      0      0     
0x7f70df5bb730           LDCU.64 UR6, c[0x0][0x398]                             0      0      0      20480  655360 655360 32     32     0      0      -      -      -      0      0      0      0      0      0      0      0      -      0      0      0      0      0      0      0      0      0      0      0      0      0      0      0      0      0      0      0      0      0      0      0      0      0      0      0      0      0      0      0      0      0      0      0      0      0      0      0      0     
0x7f70df5bb740           LDC.64 R48, c[0x0][0x3a0]                              0      0      0      20480  655360 655360 32     32     0      0      -      -      -      0      0      0      0      0      0      0      0      -      0      0      0      0      0      0      0      0      0      0      0      0      0      0      0      0      0      0      0      0      0      0      0      0      0      0      0      0      0      0      0      0      0      0      0      0      0      0      0      0     
0x7f70df5bb750           LOP3.LUT R46, R2, 0x70, RZ, 0xc0, !PT                  1      0      1      20480  655360 655360 32     32     0      0      -      -      -      0      0      0      0      0      0      0      0      -      0      0      0      0      0      0      0      0      0      0      0      0      0      0      0      0      0      0      1      0      0      0      0      0      0      0      0      0      0      0      0      0      0      0      0      0      0      0      0      0     
0x7f70df5bb760           IMAD.WIDE.U32 R2, R38, 0x80, RZ                        1      0      1      20480  655360 655360 32     32     0      0      -      -      -      0      0      0      0      0      0      0      0      -      0      0      0      0      0      0      0      0      0      0      0      0      0      0      0      0      0      0      1      0      0      0      0      0      0      0      0      0      0      0      0      0      0      0      0      0      0      0      0      0     
0x7f70df5bb770           LDCU.64 UR12, c[0x0][0x3a0]                            0      0      0      20480  655360 655360 32     32     0      0      -      -      -      0      0      0      0      0      0      0      0      -      0      0      0      0      0      0      0      0      0      0      0      0      0      0      0      0      0      0      0      0      0      0      0      0      0      0      0      0      0      0      0      0      0      0      0      0      0      0      0      0     
0x7f70df5bb780           PRMT R110, R33, 0x7772, RZ                             0      0      0      20480  655360 655360 32     32     0      0      -      -      -      0      0      0      0      0      0      0      0      -      0      0      0      0      0      0      0      0      0      0      0      0      0      0      0      0      0      0      0      0      0      0      0      0      0      0      0      0      0      0      0      0      0      0      0      0      0      0      0      0     
0x7f70df5bb790           LOP3.LUT R42, R40, R46, RZ, 0xfc, !PT                  4      0      4      20480  655360 655360 32     32     0      0      -      -      -      0      0      0      0      0      0      0      0      -      0      0      0      0      0      0      0      0      0      0      0      0      2      0      0      0      0      1      1      0      0      0      0      0      0      0      0      0      0      0      0      0      0      0      0      0      0      0      0      0     
0x7f70df5bb7a0           LDCU.64 UR14, c[0x0][0x3a0]                            0      0      0      20480  655360 655360 32     32     0      0      -      -      -      0      0      0      0      0      0      0      0      -      0      0      0      0      0      0      0      0      0      0      0      0      0      0      0      0      0      0      0      0      0      0      0      0      0      0      0      0      0      0      0      0      0      0      0      0      0      0      0      0     
0x7f70df5bb7b0           USHF.L.U32 UR4, UR4, 0x7, URZ                          0      0      0      20480  655360 655360 32     32     0      0      -      -      -      0      0      0      0      0      0      0      0      -      0      0      0      0      0      0      0      0      0      0      0      0      0      0      0      0      0      0      0      0      0      0      0      0      0      0      0      0      0      0      0      0      0      0      0      0      0      0      0      0     
0x7f70df5bb7c0           ISETP.GE.U32.AND P6, PT, R42, UR9, PT                  2      1      2      20480  655360 655360 32     32     0      0      -      -      -      0      0      0      0      0      0      0      0      -      0      0      0      0      0      0      0      0      0      0      0      0      1      0      0      0      0      0      1      0      0      0      0      0      0      0      0      0      0      1      0      0      0      0      0      0      0      0      0      0     
0x7f70df5bb7d0           USHF.R.S32.HI UR5, URZ, 0x1f, UR4                      1      1      1      20480  655360 655360 32     32     0      0      -      -      -      0      0      0      0      0      0      0      0      -      0      0      0      0      0      0      0      0      0      0      0      0      0      0      0      0      0      0      0      0      0      0      1      0      0      0      0      0      0      0      0      0      0      0      0      0      0      0      0      1     
0x7f70df5bb7e0           IMAD R43, R47, R0, R46                                 0      0      0      20480  655360 655360 32     32     0      0      -      -      -      0      0      0      0      0      0      0      0      -      0      0      0      0      0      0      0      0      0      0      0      0      0      0      0      0      0      0      0      0      0      0      0      0      0      0      0      0      0      0      0      0      0      0      0      0      0      0      0      0     
0x7f70df5bb7f0           IMAD.WIDE.U32 R36, R38, UR4, R40                       1      0      1      20480  655360 655360 32     32     0      0      -      -      -      0      0      0      0      0      0      0      0      -      0      0      0      0      0      0      0      0      0      0      0      0      0      0      0      0      0      1      0      0      0      0      0      0      0      0      0      0      0      0      0      0      0      0      0      0      0      0      0      0     
0x7f70df5bb800           LOP3.LUT R40, R2, R47, RZ, 0xfc, !PT                   0      0      0      20480  655360 655360 32     32     0      0      -      -      -      0      0      0      0      0      0      0      0      -      0      0      0      0      0      0      0      0      0      0      0      0      0      0      0      0      0      0      0      0      0      0      0      0      0      0      0      0      0      0      0      0      0      0      0      0      0      0      0      0     
0x7f70df5bb810           UMOV UR4, 0x400                                        0      0      0      20480  655360 655360 32     32     0      0      -      -      -      0      0      0      0      0      0      0      0      -      0      0      0      0      0      0      0      0      0      0      0      0      0      0      0      0      0      0      0      0      0      0      0      0      0      0      0      0      0      0      0      0      0      0      0      0      0      0      0      0     
0x7f70df5bb820           IMAD R45, R38, UR5, RZ                                 0      0      0      20480  655360 655360 32     32     0      0      -      -      -      0      0      0      0      0      0      0      0      -      0      0      0      0      0      0      0      0      0      0      0      0      0      0      0      0      0      0      0      0      0      0      0      0      0      0      0      0      0      0      0      0      0      0      0      0      0      0      0      0     
0x7f70df5bb830           IADD3 R2, P0, P1, R36, UR6, R43                        2      1      2      20480  655360 655360 32     32     0      0      -      -      -      0      0      0      0      0      0      0      0      -      0      0      0      0      0      0      0      0      0      0      0      0      0      0      0      0      0      0      0      2      0      0      0      0      0      0      0      0      0      0      0      0      0      0      0      0      1      0      0      0     
0x7f70df5bb840           IADD3 R36, P2, PT, -R40, UR8, RZ                       0      0      0      20480  655360 655360 32     32     0      0      -      -      -      0      0      0      0      0      0      0      0      -      0      0      0      0      0      0      0      0      0      0      0      0      0      0      0      0      0      0      0      0      0      0      0      0      0      0      0      0      0      0      0      0      0      0      0      0      0      0      0      0     
0x7f70df5bb850           IMAD.IADD R42, R37, 0x1, R45                           1      0      1      20480  655360 655360 32     32     0      0      -      -      -      0      0      0      0      0      0      0      0      -      0      0      0      0      0      0      0      0      0      0      0      0      0      0      0      0      0      0      1      0      0      0      0      0      0      0      0      0      0      0      0      0      0      0      0      0      0      0      0      0     
0x7f70df5bb860           SHF.R.S32.HI R37, RZ, 0x1f, R49                        0      0      0      20480  655360 655360 32     32     0      0      -      -      -      0      0      0      0      0      0      0      0      -      0      0      0      0      0      0      0      0      0      0      0      0      0      0      0      0      0      0      0      0      0      0      0      0      0      0      0      0      0      0      0      0      0      0      0      0      0      0      0      0     
0x7f70df5bb870           S2UR UR5, SR_CgaCtaId                                  1      0      1      20480  655360 655360 32     32     0      0      -      -      -      0      0      0      0      0      0      0      0      -      0      0      0      0      0      0      0      0      0      0      0      0      0      0      0      0      0      0      1      0      0      0      0      0      0      0      0      0      0      0      0      0      0      0      0      0      0      0      0      0     
0x7f70df5bb880           SHF.R.S32.HI R43, RZ, 0x1f, R43                        0      0      0      20480  655360 655360 32     32     0      0      -      -      -      0      0      0      0      0      0      0      0      -      0      0      0      0      0      0      0      0      0      0      0      0      0      0      0      0      0      0      0      0      0      0      0      0      0      0      0      0      0      0      0      0      0      0      0      0      0      0      0      0     
0x7f70df5bb890           LDCU.64 UR8, c[0x0][0x3a0]                             0      0      0      20480  655360 655360 32     32     0      0      -      -      -      0      0      0      0      0      0      0      0      -      0      0      0      0      0      0      0      0      0      0      0      0      0      0      0      0      0      0      0      0      0      0      0      0      0      0      0      0      0      0      0      0      0      0      0      0      0      0      0      0     
0x7f70df5bb8a0           ISETP.GE.AND.EX P6, PT, R41, R37, PT, P6               0      0      0      20480  655360 655360 32     32     0      0      -      -      -      0      0      0      0      0      0      0      0      -      0      0      0      0      0      0      0      0      0      0      0      0      0      0      0      0      0      0      0      0      0      0      0      0      0      0      0      0      0      0      0      0      0      0      0      0      0      0      0      0     
0x7f70df5bb8b0           LEA.HI.X.SX32 R37, R48, ~R3, 0x1, P2                   0      0      0      20480  655360 655360 32     32     0      0      -      -      -      0      0      0      0      0      0      0      0      -      0      0      0      0      0      0      0      0      0      0      0      0      0      0      0      0      0      0      0      0      0      0      0      0      0      0      0      0      0      0      0      0      0      0      0      0      0      0      0      0     
0x7f70df5bb8c0           IADD3.X R3, PT, PT, R42, UR7, R43, P0, P1              2      2      2      20480  655360 655360 32     32     0      0      -      -      -      0      0      0      0      0      0      0      0      -      0      0      0      0      0      0      0      0      0      0      0      0      2      0      0      0      0      0      0      0      0      0      0      0      0      0      0      0      0      2      0      0      0      0      0      0      0      0      0      0     
0x7f70df5bb8d0           LDCU.64 UR6, c[0x0][0x3a0]                             1      0      1      20480  655360 655360 32     32     0      0      -      -      -      0      0      0      0      0      0      0      0      -      0      0      0      0      0      0      0      0      0      0      0      0      0      0      0      0      0      0      1      0      0      0      0      0      0      0      0      0      0      0      0      0      0      0      0      0      0      0      0      0     
0x7f70df5bb8e0           ISETP.GT.U32.AND P5, PT, R36, RZ, PT                   1      0      1      20480  655360 655360 32     32     0      0      -      -      -      0      0      0      0      0      0      0      0      -      0      0      0      0      0      0      0      0      0      0      0      0      0      0      0      0      0      0      1      0      0      0      0      0      0      0      0      0      0      0      0      0      0      0      0      0      0      0      0      0     
0x7f70df5bb8f0           ISETP.GT.U32.AND P0, PT, R36, 0x10, PT                 0      0      0      20480  655360 655360 32     32     0      0      -      -      -      0      0      0      0      0      0      0      0      -      0      0      0      0      0      0      0      0      0      0      0      0      0      0      0      0      0      0      0      0      0      0      0      0      0      0      0      0      0      0      0      0      0      0      0      0      0      0      0      0     
0x7f70df5bb900           ISETP.GT.AND.EX P5, PT, R37, RZ, !P6, P5               1      0      1      20480  655360 655360 32     32     0      0      -      -      -      0      0      0      0      0      0      0      0      -      0      0      0      0      0      0      0      0      0      0      0      0      0      0      0      0      0      0      1      0      0      0      0      0      0      0      0      0      0      0      0      0      0      0      0      0      0      0      0      0     
0x7f70df5bb910           ISETP.GT.AND.EX P0, PT, R37, RZ, !P6, P0               1      0      1      20480  655360 655360 32     32     0      0      -      -      -      0      0      0      0      0      0      0      0      -      0      0      0      0      0      0      0      0      0      0      0      0      0      0      0      0      0      0      1      0      0      0      0      0      0      0      0      0      0      0      0      0      0      0      0      0      0      0      0      0     
0x7f70df5bb920           P2R R106, PR, RZ, 0x20                                 0      0      0      20480  655360 655360 32     32     0      0      -      -      -      0      0      0      0      0      0      0      0      -      0      0      0      0      0      0      0      0      0      0      0      0      0      0      0      0      0      0      0      0      0      0      0      0      0      0      0      0      0      0      0      0      0      0      0      0      0      0      0      0     
0x7f70df5bb930           ISETP.GT.U32.AND P1, PT, R36, 0x20, PT                 0      0      0      20480  655360 655360 32     32     0      0      -      -      -      0      0      0      0      0      0      0      0      -      0      0      0      0      0      0      0      0      0      0      0      0      0      0      0      0      0      0      0      0      0      0      0      0      0      0      0      0      0      0      0      0      0      0      0      0      0      0      0      0     
0x7f70df5bb940           ISETP.GT.U32.AND P2, PT, R36, 0x30, PT                 0      0      0      20480  655360 655360 32     32     0      0      -      -      -      0      0      0      0      0      0      0      0      -      0      0      0      0      0      0      0      0      0      0      0      0      0      0      0      0      0      0      0      0      0      0      0      0      0      0      0      0      0      0      0      0      0      0      0      0      0      0      0      0     
0x7f70df5bb950           ISETP.GT.U32.AND P3, PT, R36, 0x40, PT                 1      1      1      20480  655360 655360 32     32     0      0      -      -      -      0      0      0      0      0      0      0      0      -      0      0      0      0      0      0      0      0      0      0      0      0      0      0      0      0      0      0      0      0      0      0      1      0      0      0      0      0      0      0      0      0      0      0      0      0      0      0      0      1     
0x7f70df5bb960           ULEA UR4, UR5, UR4, 0x18                               3      3      3      20480  655360 655360 32     32     0      0      -      -      -      0      0      0      0      0      0      0      0      -      0      0      0      0      0      0      0      0      0      0      0      0      0      0      0      0      0      0      0      3      0      0      0      0      0      0      0      0      0      0      0      0      0      0      0      0      3      0      0      0     
0x7f70df5bb970           ISETP.GT.U32.AND P4, PT, R36, 0x50, PT                 0      0      0      20480  655360 655360 32     32     0      0      -      -      -      0      0      0      0      0      0      0      0      -      0      0      0      0      0      0      0      0      0      0      0      0      0      0      0      0      0      0      0      0      0      0      0      0      0      0      0      0      0      0      0      0      0      0      0      0      0      0      0      0     
0x7f70df5bb980           USHF.R.S32.HI UR5, URZ, 0x1f, UR6                      0      0      0      20480  655360 655360 32     32     0      0      -      -      -      0      0      0      0      0      0      0      0      -      0      0      0      0      0      0      0      0      0      0      0      0      0      0      0      0      0      0      0      0      0      0      0      0      0      0      0      0      0      0      0      0      0      0      0      0      0      0      0      0     
0x7f70df5bb990           P2R R40, PR, RZ, 0x1                                   0      0      0      20480  655360 655360 32     32     0      0      -      -      -      0      0      0      0      0      0      0      0      -      0      0      0      0      0      0      0      0      0      0      0      0      0      0      0      0      0      0      0      0      0      0      0      0      0      0      0      0      0      0      0      0      0      0      0      0      0      0      0      0     
0x7f70df5bb9a0           USHF.R.S32.HI UR6, URZ, 0x1f, UR7                      0      0      0      20480  655360 655360 32     32     0      0      -      -      -      0      0      0      0      0      0      0      0      -      0      0      0      0      0      0      0      0      0      0      0      0      0      0      0      0      0      0      0      0      0      0      0      0      0      0      0      0      0      0      0      0      0      0      0      0      0      0      0      0     
0x7f70df5bb9b0           ISETP.GT.U32.AND P5, PT, R36, 0x60, PT                 0      0      0      20480  655360 655360 32     32     0      0      -      -      -      0      0      0      0      0      0      0      0      -      0      0      0      0      0      0      0      0      0      0      0      0      0      0      0      0      0      0      0      0      0      0      0      0      0      0      0      0      0      0      0      0      0      0      0      0      0      0      0      0     
0x7f70df5bb9c0           ULEA.HI UR5, UR5, UR8, URZ, 0x7                        1      0      1      20480  655360 655360 32     32     0      0      -      -      -      0      0      0      0      0      0      0      0      -      0      0      0      0      0      0      0      0      0      0      0      0      0      0      0      0      0      0      1      0      0      0      0      0      0      0      0      0      0      0      0      0      0      0      0      0      0      0      0      0     
0x7f70df5bb9d0           ISETP.GT.U32.AND P0, PT, R36, 0x70, PT                 0      0      0      20480  655360 655360 32     32     0      0      -      -      -      0      0      0      0      0      0      0      0      -      0      0      0      0      0      0      0      0      0      0      0      0      0      0      0      0      0      0      0      0      0      0      0      0      0      0      0      0      0      0      0      0      0      0      0      0      0      0      0      0     
0x7f70df5bb9e0           IMAD.SHL.U32 R36, R53, 0x8, RZ                         0      0      0      20480  655360 655360 32     32     0      0      -      -      -      0      0      0      0      0      0      0      0      -      0      0      0      0      0      0      0      0      0      0      0      0      0      0      0      0      0      0      0      0      0      0      0      0      0      0      0      0      0      0      0      0      0      0      0      0      0      0      0      0     
0x7f70df5bb9f0           ISETP.GT.AND.EX P1, PT, R37, RZ, !P6, P1               0      0      0      20480  655360 655360 32     32     0      0      -      -      -      0      0      0      0      0      0      0      0      -      0      0      0      0      0      0      0      0      0      0      0      0      0      0      0      0      0      0      0      0      0      0      0      0      0      0      0      0      0      0      0      0      0      0      0      0      0      0      0      0     
0x7f70df5bba00           ULEA.HI UR6, UR6, UR9, URZ, 0x7                        1      0      1      20480  655360 655360 32     32     0      0      -      -      -      0      0      0      0      0      0      0      0      -      0      0      0      0      0      0      0      0      0      0      0      0      0      0      0      0      0      0      1      0      0      0      0      0      0      0      0      0      0      0      0      0      0      0      0      0      0      0      0      0     
0x7f70df5bba10           ISETP.GT.AND.EX P2, PT, R37, RZ, !P6, P2               0      0      0      20480  655360 655360 32     32     0      0      -      -      -      0      0      0      0      0      0      0      0      -      0      0      0      0      0      0      0      0      0      0      0      0      0      0      0      0      0      0      0      0      0      0      0      0      0      0      0      0      0      0      0      0      0      0      0      0      0      0      0      0     
0x7f70df5bba20           ISETP.GT.AND.EX P3, PT, R37, RZ, !P6, P3               1      0      1      20480  655360 655360 32     32     0      0      -      -      -      0      0      0      0      0      0      0      0      -      0      0      0      0      0      0      0      0      0      0      0      0      0      0      0      0      0      1      0      0      0      0      0      0      0      0      0      0      0      0      0      0      0      0      0      0      0      0      0      0     
0x7f70df5bba30           ULOP3.LUT UR7, UR6, 0xffffff80, URZ, 0xc0, !UPT        0      0      0      20480  655360 655360 32     32     0      0      -      -      -      0      0      0      0      0      0      0      0      -      0      0      0      0      0      0      0      0      0      0      0      0      0      0      0      0      0      0      0      0      0      0      0      0      0      0      0      0      0      0      0      0      0      0      0      0      0      0      0      0     
0x7f70df5bba40           ISETP.GT.AND.EX P4, PT, R37, RZ, !P6, P4               0      0      0      20480  655360 655360 32     32     0      0      -      -      -      0      0      0      0      0      0      0      0      -      0      0      0      0      0      0      0      0      0      0      0      0      0      0      0      0      0      0      0      0      0      0      0      0      0      0      0      0      0      0      0      0      0      0      0      0      0      0      0      0     
0x7f70df5bba50           ISETP.GT.AND.EX P5, PT, R37, RZ, !P6, P5               2      1      2      20480  655360 655360 32     32     0      0      -      -      -      0      0      0      0      0      0      0      0      -      0      0      0      0      0      0      0      0      0      0      0      0      0      0      0      0      0      0      1      0      0      0      1      0      0      0      0      0      0      0      0      0      0      0      0      0      0      0      0      1     
0x7f70df5bba60           UISETP.NE.U32.AND UP0, UPT, UR7, UR13, UPT             0      0      0      20480  655360 655360 32     32     0      0      -      -      -      0      0      0      0      0      0      0      0      -      0      0      0      0      0      0      0      0      0      0      0      0      0      0      0      0      0      0      0      0      0      0      0      0      0      0      0      0      0      0      0      0      0      0      0      0      0      0      0      0     
0x7f70df5bba70           ISETP.GT.AND.EX P6, PT, R37, RZ, !P6, P0               0      0      0      20480  655360 655360 32     32     0      0      -      -      -      0      0      0      0      0      0      0      0      -      0      0      0      0      0      0      0      0      0      0      0      0      0      0      0      0      0      0      0      0      0      0      0      0      0      0      0      0      0      0      0      0      0      0      0      0      0      0      0      0     
0x7f70df5bba80           IMAD R37, R53, 0x80, R53                               0      0      0      20480  655360 655360 32     32     0      0      -      -      -      0      0      0      0      0      0      0      0      -      0      0      0      0      0      0      0      0      0      0      0      0      0      0      0      0      0      0      0      0      0      0      0      0      0      0      0      0      0      0      0      0      0      0      0      0      0      0      0      0     
0x7f70df5bba90           ISETP.NE.AND P0, PT, R40, RZ, PT                       1      0      1      20480  655360 655360 32     32     0      0      -      -      -      0      0      0      0      0      0      0      0      -      0      0      0      0      0      0      0      0      0      0      0      0      0      0      0      0      0      0      1      0      0      0      0      0      0      0      0      0      0      0      0      0      0      0      0      0      0      0      0      0     
0x7f70df5bbaa0           UISETP.GT.AND UP0, UPT, UR15, -0x1, UP0                1      0      1      20480  655360 655360 32     32     0      0      -      -      -      0      0      0      0      0      0      0      0      -      0      0      0      0      0      0      0      0      0      0      0      0      0      0      0      0      0      0      1      0      0      0      0      0      0      0      0      0      0      0      0      0      0      0      0      0      0      0      0      0     
0x7f70df5bbab0           P2R R103, PR, RZ, 0x40                                 0      0      0      20480  655360 655360 32     32     0      0      -      -      -      0      0      0      0      0      0      0      0      -      0      0      0      0      0      0      0      0      0      0      0      0      0      0      0      0      0      0      0      0      0      0      0      0      0      0      0      0      0      0      0      0      0      0      0      0      0      0      0      0     
0x7f70df5bbac0           USHF.R.S32.HI UR7, URZ, 0x7, UR6                       0      0      0      20480  655360 655360 32     32     0      0      -      -      -      0      0      0      0      0      0      0      0      -      0      0      0      0      0      0      0      0      0      0      0      0      0      0      0      0      0      0      0      0      0      0      0      0      0      0      0      0      0      0      0      0      0      0      0      0      0      0      0      0     
0x7f70df5bbad0           LOP3.LUT R37, R37, 0x3007, RZ, 0xc0, !PT               0      0      0      20480  655360 655360 32     32     0      0      -      -      -      0      0      0      0      0      0      0      0      -      0      0      0      0      0      0      0      0      0      0      0      0      0      0      0      0      0      0      0      0      0      0      0      0      0      0      0      0      0      0      0      0      0      0      0      0      0      0      0      0     
0x7f70df5bbae0           ULEA.HI.SX32 UR6, UR6, 0x1, 0x19                       0      0      0      20480  655360 655360 32     32     0      0      -      -      -      0      0      0      0      0      0      0      0      -      0      0      0      0      0      0      0      0      0      0      0      0      0      0      0      0      0      0      0      0      0      0      0      0      0      0      0      0      0      0      0      0      0      0      0      0      0      0      0      0     
0x7f70df5bbaf0           LOP3.LUT R36, R37, 0x80, R36, 0xf8, !PT                3      1      3      20480  655360 655360 32     32     0      0      -      -      -      0      0      0      0      0      0      0      0      -      0      0      0      0      0      0      0      0      0      0      0      0      1      0      0      0      0      1      1      0      0      0      0      0      0      0      0      0      0      1      0      0      0      0      0      0      0      0      0      0     
0x7f70df5bbb00           IMAD R37, R47, 0x100, R46                              0      0      0      20480  655360 655360 32     32     0      0      -      -      -      0      0      0      0      0      0      0      0      -      0      0      0      0      0      0      0      0      0      0      0      0      0      0      0      0      0      0      0      0      0      0      0      0      0      0      0      0      0      0      0      0      0      0      0      0      0      0      0      0     
0x7f70df5bbb10           LOP3.LUT R36, R36, 0x8, R53, 0xf8, !PT                 1      1      1      20480  655360 655360 32     32     0      0      -      -      -      0      0      0      0      0      0      0      0      -      0      0      0      0      0      0      0      0      0      0      0      0      0      0      0      0      0      0      0      0      0      0      1      0      0      0      0      0      0      0      0      0      0      0      0      0      0      0      0      1     
0x7f70df5bbb20           VIADD R104, R37, UR4                                   0      0      0      20480  655360 655360 32     32     0      0      -      -      -      0      0      0      0      0      0      0      0      -      0      0      0      0      0      0      0      0      0      0      0      0      0      0      0      0      0      0      0      0      0      0      0      0      0      0      0      0      0      0      0      0      0      0      0      0      0      0      0      0     
0x7f70df5bbb30     @!UP0 UIADD3 UR6, UPT, UPT, UR7, URZ, URZ                    1      0      1      20480  655360 655360 32     32     0      0      -      -      -      0      0      0      0      0      0      0      0      -      0      0      0      0      0      0      0      0      0      0      0      0      0      0      0      0      0      0      1      0      0      0      0      0      0      0      0      0      0      0      0      0      0      0      0      0      0      0      0      0     
0x7f70df5bbb40           VIADD R36, R36, UR4                                    0      0      0      20480  655360 655360 32     32     0      0      -      -      -      0      0      0      0      0      0      0      0      -      0      0      0      0      0      0      0      0      0      0      0      0      0      0      0      0      0      0      0      0      0      0      0      0      0      0      0      0      0      0      0      0      0      0      0      0      0      0      0      0     
0x7f70df5bbb50           ULOP3.LUT UR4, UR5, 0xffffff80, URZ, 0xc0, !UPT        0      0      0      20480  655360 655360 32     32     0      0      -      -      -      0      0      0      0      0      0      0      0      -      0      0      0      0      0      0      0      0      0      0      0      0      0      0      0      0      0      0      0      0      0      0      0      0      0      0      0      0      0      0      0      0      0      0      0      0      0      0      0      0     
0x7f70df5bbb60           SHF.R.U32.HI R107, RZ, 0x3, R104                       1      0      1      20480  655360 655360 32     32     0      0      -      -      -      0      0      0      0      0      0      0      0      -      0      0      0      0      0      0      0      0      0      0      0      0      0      0      0      0      0      0      1      0      0      0      0      0      0      0      0      0      0      0      0      0      0      0      0      0      0      0      0      0     
0x7f70df5bbb70           VIADD R40, R36, 0x100                                  1      0      1      20480  655360 655360 32     32     0      0      -      -      -      0      0      0      0      0      0      0      0      -      0      0      0      0      0      0      0      0      0      0      0      0      0      0      0      0      0      0      0      0      0      0      1      0      0      0      0      0      0      0      0      0      0      0      0      0      0      0      0      0     
0x7f70df5bbb80           SHF.R.U32.HI R37, RZ, 0x3, R36                         1      0      1      20480  655360 655360 32     32     0      0      -      -      -      0      0      0      0      0      0      0      0      -      0      0      0      0      0      0      0      0      0      0      0      0      0      0      0      0      0      0      1      0      0      0      0      0      0      0      0      0      0      0      0      0      0      0      0      0      0      0      0      0     
0x7f70df5bbb90           VIADD R42, R36, 0x200                                  0      0      0      20480  655360 655360 32     32     0      0      -      -      -      0      0      0      0      0      0      0      0      -      0      0      0      0      0      0      0      0      0      0      0      0      0      0      0      0      0      0      0      0      0      0      0      0      0      0      0      0      0      0      0      0      0      0      0      0      0      0      0      0     
0x7f70df5bbba0           UISETP.NE.U32.AND UP1, UPT, UR4, UR12, UPT             0      0      0      20480  655360 655360 32     32     0      0      -      -      -      0      0      0      0      0      0      0      0      -      0      0      0      0      0      0      0      0      0      0      0      0      0      0      0      0      0      0      0      0      0      0      0      0      0      0      0      0      0      0      0      0      0      0      0      0      0      0      0      0     
0x7f70df5bbbb0           VIADD R44, R36, 0x300                                  0      0      0      20480  655360 655360 32     32     0      0      -      -      -      0      0      0      0      0      0      0      0      -      0      0      0      0      0      0      0      0      0      0      0      0      0      0      0      0      0      0      0      0      0      0      0      0      0      0      0      0      0      0      0      0      0      0      0      0      0      0      0      0     
0x7f70df5bbbc0           SHF.R.U32.HI R41, RZ, 0x3, R40                         2      0      2      20480  655360 655360 32     32     0      0      -      -      -      0      0      0      0      0      0      0      0      -      0      0      0      0      0      0      0      0      1      0      0      0      0      0      0      0      0      0      1      0      0      0      0      0      0      0      0      0      0      0      0      0      0      0      0      0      0      0      0      0     
0x7f70df5bbbd0           VIADD R47, R36, 0x600                                  0      0      0      20480  655360 655360 32     32     0      0      -      -      -      0      0      0      0      0      0      0      0      -      0      0      0      0      0      0      0      0      0      0      0      0      0      0      0      0      0      0      0      0      0      0      0      0      0      0      0      0      0      0      0      0      0      0      0      0      0      0      0      0     
0x7f70df5bbbe0           SHF.R.U32.HI R43, RZ, 0x3, R42                         0      0      0      20480  655360 655360 32     32     0      0      -      -      -      0      0      0      0      0      0      0      0      -      0      0      0      0      0      0      0      0      0      0      0      0      0      0      0      0      0      0      0      0      0      0      0      0      0      0      0      0      0      0      0      0      0      0      0      0      0      0      0      0     
0x7f70df5bbbf0           VIADD R49, R36, 0x700                                  0      0      0      20480  655360 655360 32     32     0      0      -      -      -      0      0      0      0      0      0      0      0      -      0      0      0      0      0      0      0      0      0      0      0      0      0      0      0      0      0      0      0      0      0      0      0      0      0      0      0      0      0      0      0      0      0      0      0      0      0      0      0      0     
0x7f70df5bbc00           SHF.R.U32.HI R45, RZ, 0x3, R44                         0      0      0      20480  655360 655360 32     32     0      0      -      -      -      0      0      0      0      0      0      0      0      -      0      0      0      0      0      0      0      0      0      0      0      0      0      0      0      0      0      0      0      0      0      0      0      0      0      0      0      0      0      0      0      0      0      0      0      0      0      0      0      0     
0x7f70df5bbc10           VIADD R51, R36, 0x210                                  0      0      0      20480  655360 655360 32     32     0      0      -      -      -      0      0      0      0      0      0      0      0      -      0      0      0      0      0      0      0      0      0      0      0      0      0      0      0      0      0      0      0      0      0      0      0      0      0      0      0      0      0      0      0      0      0      0      0      0      0      0      0      0     
0x7f70df5bbc20           LOP3.LUT R40, R40, 0x70, R41, 0x78, !PT                1      0      1      20480  655360 655360 32     32     0      0      -      -      -      0      0      0      0      0      0      0      0      -      0      0      0      0      0      0      0      0      0      0      0      0      0      0      0      0      0      0      1      0      0      0      0      0      0      0      0      0      0      0      0      0      0      0      0      0      0      0      0      0     
0x7f70df5bbc30           VIADD R53, R36, 0x310                                  0      0      0      20480  655360 655360 32     32     0      0      -      -      -      0      0      0      0      0      0      0      0      -      0      0      0      0      0      0      0      0      0      0      0      0      0      0      0      0      0      0      0      0      0      0      0      0      0      0      0      0      0      0      0      0      0      0      0      0      0      0      0      0     
0x7f70df5bbc40           LOP3.LUT R41, R42, 0x70, R43, 0x78, !PT                0      0      0      20480  655360 655360 32     32     0      0      -      -      -      0      0      0      0      0      0      0      0      -      0      0      0      0      0      0      0      0      0      0      0      0      0      0      0      0      0      0      0      0      0      0      0      0      0      0      0      0      0      0      0      0      0      0      0      0      0      0      0      0     
0x7f70df5bbc50           VIADD R55, R36, 0x610                                  0      0      0      20480  655360 655360 32     32     0      0      -      -      -      0      0      0      0      0      0      0      0      -      0      0      0      0      0      0      0      0      0      0      0      0      0      0      0      0      0      0      0      0      0      0      0      0      0      0      0      0      0      0      0      0      0      0      0      0      0      0      0      0     
0x7f70df5bbc60           LOP3.LUT R42, R44, 0x70, R45, 0x78, !PT                1      0      1      20480  655360 655360 32     32     0      0      -      -      -      0      0      0      0      0      0      0      0      -      0      0      0      0      0      0      0      0      0      0      0      0      0      0      0      0      0      0      1      0      0      0      0      0      0      0      0      0      0      0      0      0      0      0      0      0      0      0      0      0     
0x7f70df5bbc70           VIADD R44, R36, 0x400                                  0      0      0      20480  655360 655360 32     32     0      0      -      -      -      0      0      0      0      0      0      0      0      -      0      0      0      0      0      0      0      0      0      0      0      0      0      0      0      0      0      0      0      0      0      0      0      0      0      0      0      0      0      0      0      0      0      0      0      0      0      0      0      0     
0x7f70df5bbc80           SHF.R.U32.HI R48, RZ, 0x3, R47                         1      0      1      20480  655360 655360 32     32     0      0      -      -      -      0      0      0      0      0      0      0      0      -      0      0      0      0      0      0      0      0      0      0      0      0      0      0      0      0      0      0      1      0      0      0      0      0      0      0      0      0      0      0      0      0      0      0      0      0      0      0      0      0     
0x7f70df5bbc90           VIADD R45, R36, 0x500                                  0      0      0      20480  655360 655360 32     32     0      0      -      -      -      0      0      0      0      0      0      0      0      -      0      0      0      0      0      0      0      0      0      0      0      0      0      0      0      0      0      0      0      0      0      0      0      0      0      0      0      0      0      0      0      0      0      0      0      0      0      0      0      0     
0x7f70df5bbca0           SHF.R.U32.HI R50, RZ, 0x3, R49                         0      0      0      20480  655360 655360 32     32     0      0      -      -      -      0      0      0      0      0      0      0      0      -      0      0      0      0      0      0      0      0      0      0      0      0      0      0      0      0      0      0      0      0      0      0      0      0      0      0      0      0      0      0      0      0      0      0      0      0      0      0      0      0     
0x7f70df5bbcb0           VIADD R96, R36, 0x120                                  1      0      1      20480  655360 655360 32     32     0      0      -      -      -      0      0      0      0      0      0      0      0      -      0      0      0      0      0      0      0      0      0      0      0      0      0      0      0      0      0      0      1      0      0      0      0      0      0      0      0      0      0      0      0      0      0      0      0      0      0      0      0      0     
0x7f70df5bbcc0           SHF.R.U32.HI R43, RZ, 0x3, R44                         1      0      1      20480  655360 655360 32     32     0      0      -      -      -      0      0      0      0      0      0      0      0      -      0      0      0      0      0      0      0      0      0      0      0      0      0      0      0      0      0      0      1      0      0      0      0      0      0      0      0      0      0      0      0      0      0      0      0      0      0      0      0      0     
0x7f70df5bbcd0           VIADD R92, R36, 0x420                                  0      0      0      20480  655360 655360 32     32     0      0      -      -      -      0      0      0      0      0      0      0      0      -      0      0      0      0      0      0      0      0      0      0      0      0      0      0      0      0      0      0      0      0      0      0      0      0      0      0      0      0      0      0      0      0      0      0      0      0      0      0      0      0     
0x7f70df5bbce0           SHF.R.U32.HI R46, RZ, 0x3, R45                         1      0      1      20480  655360 655360 32     32     0      0      -      -      -      0      0      0      0      0      0      0      0      -      0      0      0      0      0      0      0      0      0      0      0      0      0      0      0      0      0      0      1      0      0      0      0      0      0      0      0      0      0      0      0      0      0      0      0      0      0      0      0      0     
0x7f70df5bbcf0           VIADD R99, R36, 0x20                                   0      0      0      20480  655360 655360 32     32     0      0      -      -      -      0      0      0      0      0      0      0      0      -      0      0      0      0      0      0      0      0      0      0      0      0      0      0      0      0      0      0      0      0      0      0      0      0      0      0      0      0      0      0      0      0      0      0      0      0      0      0      0      0     
0x7f70df5bbd00           LOP3.LUT R44, R44, 0x70, R43, 0x78, !PT                2      1      2      20480  655360 655360 32     32     0      0      -      -      -      0      0      0      0      0      0      0      0      -      0      0      0      0      0      0      0      0      0      0      0      0      0      0      0      0      1      0      1      0      0      0      0      0      0      0      0      0      0      0      0      0      0      1      0      0      0      0      0      0     
0x7f70df5bbd10           VIADD R88, R36, 0x130                                  0      0      0      20480  655360 655360 32     32     0      0      -      -      -      0      0      0      0      0      0      0      0      -      0      0      0      0      0      0      0      0      0      0      0      0      0      0      0      0      0      0      0      0      0      0      0      0      0      0      0      0      0      0      0      0      0      0      0      0      0      0      0      0     
0x7f70df5bbd20           LOP3.LUT R43, R45, 0x70, R46, 0x78, !PT                1      0      1      20480  655360 655360 32     32     0      0      -      -      -      0      0      0      0      0      0      0      0      -      0      0      0      0      0      0      0      0      0      0      0      0      0      0      0      0      0      0      1      0      0      0      0      0      0      0      0      0      0      0      0      0      0      0      0      0      0      0      0      0     
0x7f70df5bbd30           VIADD R97, R36, 0x520                                  1      0      1      20480  655360 655360 32     32     0      0      -      -      -      0      0      0      0      0      0      0      0      -      0      0      0      0      0      0      0      0      0      0      0      0      0      0      0      0      0      0      1      0      0      0      0      0      0      0      0      0      0      0      0      0      0      0      0      0      0      0      0      0     
0x7f70df5bbd40           LOP3.LUT R45, R47, 0x70, R48, 0x78, !PT                0      0      0      20480  655360 655360 32     32     0      0      -      -      -      0      0      0      0      0      0      0      0      -      0      0      0      0      0      0      0      0      0      0      0      0      0      0      0      0      0      0      0      0      0      0      0      0      0      0      0      0      0      0      0      0      0      0      0      0      0      0      0      0     
0x7f70df5bbd50           VIADD R47, R36, 0x10                                   0      0      0      20480  655360 655360 32     32     0      0      -      -      -      0      0      0      0      0      0      0      0      -      0      0      0      0      0      0      0      0      0      0      0      0      0      0      0      0      0      0      0      0      0      0      0      0      0      0      0      0      0      0      0      0      0      0      0      0      0      0      0      0     
0x7f70df5bbd60           LOP3.LUT R46, R49, 0x70, R50, 0x78, !PT                0      0      0      20480  655360 655360 32     32     0      0      -      -      -      0      0      0      0      0      0      0      0      -      0      0      0      0      0      0      0      0      0      0      0      0      0      0      0      0      0      0      0      0      0      0      0      0      0      0      0      0      0      0      0      0      0      0      0      0      0      0      0      0     
0x7f70df5bbd70           VIADD R49, R36, 0x110                                  1      0      1      20480  655360 655360 32     32     0      0      -      -      -      0      0      0      0      0      0      0      0      -      0      0      0      0      0      0      0      0      0      0      0      0      0      0      0      0      0      0      1      0      0      0      0      0      0      0      0      0      0      0      0      0      0      0      0      0      0      0      0      0     
0x7f70df5bbd80           SHF.R.U32.HI R52, RZ, 0x3, R51                         1      0      1      20480  655360 655360 32     32     0      0      -      -      -      0      0      0      0      0      0      0      0      -      0      0      0      0      0      0      0      0      0      0      0      0      0      0      0      0      0      1      0      0      0      0      0      0      0      0      0      0      0      0      0      0      0      0      0      0      0      0      0      0     
0x7f70df5bbd90           VIADD R84, R36, 0x430                                  0      0      0      20480  655360 655360 32     32     0      0      -      -      -      0      0      0      0      0      0      0      0      -      0      0      0      0      0      0      0      0      0      0      0      0      0      0      0      0      0      0      0      0      0      0      0      0      0      0      0      0      0      0      0      0      0      0      0      0      0      0      0      0     
0x7f70df5bbda0           SHF.R.U32.HI R48, RZ, 0x3, R47                         1      0      1      20480  655360 655360 32     32     0      0      -      -      -      0      0      0      0      0      0      0      0      -      0      0      0      0      0      0      0      0      0      0      0      0      0      0      0      0      0      0      1      0      0      0      0      0      0      0      0      0      0      0      0      0      0      0      0      0      0      0      0      0     
0x7f70df5bbdb0           VIADD R91, R36, 0x30                                   1      0      1      20480  655360 655360 32     32     0      0      -      -      -      0      0      0      0      0      0      0      0      -      0      0      0      0      0      0      0      0      0      0      0      0      0      0      0      0      0      0      1      0      0      0      0      0      0      0      0      0      0      0      0      0      0      0      0      0      0      0      0      0     
0x7f70df5bbdc0           SHF.R.U32.HI R50, RZ, 0x3, R49                         2      0      2      20480  655360 655360 32     32     0      0      -      -      -      0      0      0      0      0      0      0      0      -      0      0      0      0      0      0      0      0      0      0      0      0      0      0      0      0      0      0      2      0      0      0      0      0      0      0      0      0      0      0      0      0      0      0      0      0      0      0      0      0     
0x7f70df5bbdd0           VIADD R80, R36, 0x140                                  0      0      0      20480  655360 655360 32     32     0      0      -      -      -      0      0      0      0      0      0      0      0      -      0      0      0      0      0      0      0      0      0      0      0      0      0      0      0      0      0      0      0      0      0      0      0      0      0      0      0      0      0      0      0      0      0      0      0      0      0      0      0      0     
0x7f70df5bbde0           SHF.R.U32.HI R54, RZ, 0x3, R53                         1      0      1      20480  655360 655360 32     32     0      0      -      -      -      0      0      0      0      0      0      0      0      -      0      0      0      0      0      0      0      0      0      0      0      0      0      0      0      0      0      0      1      0      0      0      0      0      0      0      0      0      0      0      0      0      0      0      0      0      0      0      0      0     
0x7f70df5bbdf0           VIADD R95, R36, 0x620                                  0      0      0      20480  655360 655360 32     32     0      0      -      -      -      0      0      0      0      0      0      0      0      -      0      0      0      0      0      0      0      0      0      0      0      0      0      0      0      0      0      0      0      0      0      0      0      0      0      0      0      0      0      0      0      0      0      0      0      0      0      0      0      0     
0x7f70df5bbe00           LOP3.LUT R47, R47, 0x70, R48, 0x78, !PT                0      0      0      20480  655360 655360 32     32     0      0      -      -      -      0      0      0      0      0      0      0      0      -      0      0      0      0      0      0      0      0      0      0      0      0      0      0      0      0      0      0      0      0      0      0      0      0      0      0      0      0      0      0      0      0      0      0      0      0      0      0      0      0     
0x7f70df5bbe10           VIADD R89, R36, 0x530                                  0      0      0      20480  655360 655360 32     32     0      0      -      -      -      0      0      0      0      0      0      0      0      -      0      0      0      0      0      0      0      0      0      0      0      0      0      0      0      0      0      0      0      0      0      0      0      0      0      0      0      0      0      0      0      0      0      0      0      0      0      0      0      0     
0x7f70df5bbe20           LOP3.LUT R48, R49, 0x70, R50, 0x78, !PT                1      0      1      20480  655360 655360 32     32     0      0      -      -      -      0      0      0      0      0      0      0      0      -      0      0      0      0      0      0      0      0      0      0      0      0      0      0      0      0      0      0      1      0      0      0      0      0      0      0      0      0      0      0      0      0      0      0      0      0      0      0      0      0     
0x7f70df5bbe30           VIADD R76, R36, 0x440                                  0      0      0      20480  655360 655360 32     32     0      0      -      -      -      0      0      0      0      0      0      0      0      -      0      0      0      0      0      0      0      0      0      0      0      0      0      0      0      0      0      0      0      0      0      0      0      0      0      0      0      0      0      0      0      0      0      0      0      0      0      0      0      0     
0x7f70df5bbe40           LOP3.LUT R49, R51, 0x70, R52, 0x78, !PT                0      0      0      20480  655360 655360 32     32     0      0      -      -      -      0      0      0      0      0      0      0      0      -      0      0      0      0      0      0      0      0      0      0      0      0      0      0      0      0      0      0      0      0      0      0      0      0      0      0      0      0      0      0      0      0      0      0      0      0      0      0      0      0     
0x7f70df5bbe50           VIADD R52, R36, 0x410                                  0      0      0      20480  655360 655360 32     32     0      0      -      -      -      0      0      0      0      0      0      0      0      -      0      0      0      0      0      0      0      0      0      0      0      0      0      0      0      0      0      0      0      0      0      0      0      0      0      0      0      0      0      0      0      0      0      0      0      0      0      0      0      0     
0x7f70df5bbe60           LOP3.LUT R50, R53, 0x70, R54, 0x78, !PT                0      0      0      20480  655360 655360 32     32     0      0      -      -      -      0      0      0      0      0      0      0      0      -      0      0      0      0      0      0      0      0      0      0      0      0      0      0      0      0      0      0      0      0      0      0      0      0      0      0      0      0      0      0      0      0      0      0      0      0      0      0      0      0     
0x7f70df5bbe70           VIADD R53, R36, 0x510                                  1      0      1      20480  655360 655360 32     32     0      0      -      -      -      0      0      0      0      0      0      0      0      -      0      0      0      0      0      0      0      0      0      0      0      0      0      0      0      0      0      0      1      0      0      0      0      0      0      0      0      0      0      0      0      0      0      0      0      0      0      0      0      0     
0x7f70df5bbe80           SHF.R.U32.HI R56, RZ, 0x3, R55                         1      1      1      20480  655360 655360 32     32     0      0      -      -      -      0      0      0      0      0      0      0      0      -      0      0      0      0      0      0      0      0      0      0      0      0      0      0      0      0      1      0      0      0      0      0      0      0      0      0      0      0      0      0      0      0      0      1      0      0      0      0      0      0     
0x7f70df5bbe90           VIADD R100, R36, 0x710                                 0      0      0      20480  655360 655360 32     32     0      0      -      -      -      0      0      0      0      0      0      0      0      -      0      0      0      0      0      0      0      0      0      0      0      0      0      0      0      0      0      0      0      0      0      0      0      0      0      0      0      0      0      0      0      0      0      0      0      0      0      0      0      0     
0x7f70df5bbea0           SHF.R.U32.HI R51, RZ, 0x3, R52                         0      0      0      20480  655360 655360 32     32     0      0      -      -      -      0      0      0      0      0      0      0      0      -      0      0      0      0      0      0      0      0      0      0      0      0      0      0      0      0      0      0      0      0      0      0      0      0      0      0      0      0      0      0      0      0      0      0      0      0      0      0      0      0     
0x7f70df5bbeb0           VIADD R87, R36, 0x630                                  0      0      0      20480  655360 655360 32     32     0      0      -      -      -      0      0      0      0      0      0      0      0      -      0      0      0      0      0      0      0      0      0      0      0      0      0      0      0      0      0      0      0      0      0      0      0      0      0      0      0      0      0      0      0      0      0      0      0      0      0      0      0      0     
0x7f70df5bbec0           SHF.R.U32.HI R54, RZ, 0x3, R53                         0      0      0      20480  655360 655360 32     32     0      0      -      -      -      0      0      0      0      0      0      0      0      -      0      0      0      0      0      0      0      0      0      0      0      0      0      0      0      0      0      0      0      0      0      0      0      0      0      0      0      0      0      0      0      0      0      0      0      0      0      0      0      0     
0x7f70df5bbed0           VIADD R83, R36, 0x40                                   0      0      0      20480  655360 655360 32     32     0      0      -      -      -      0      0      0      0      0      0      0      0      -      0      0      0      0      0      0      0      0      0      0      0      0      0      0      0      0      0      0      0      0      0      0      0      0      0      0      0      0      0      0      0      0      0      0      0      0      0      0      0      0     
0x7f70df5bbee0           LOP3.LUT R52, R52, 0x70, R51, 0x78, !PT                0      0      0      20480  655360 655360 32     32     0      0      -      -      -      0      0      0      0      0      0      0      0      -      0      0      0      0      0      0      0      0      0      0      0      0      0      0      0      0      0      0      0      0      0      0      0      0      0      0      0      0      0      0      0      0      0      0      0      0      0      0      0      0     
0x7f70df5bbef0           VIADD R93, R36, 0x720                                  0      0      0      20480  655360 655360 32     32     0      0      -      -      -      0      0      0      0      0      0      0      0      -      0      0      0      0      0      0      0      0      0      0      0      0      0      0      0      0      0      0      0      0      0      0      0      0      0      0      0      0      0      0      0      0      0      0      0      0      0      0      0      0     
0x7f70df5bbf00           LOP3.LUT R51, R53, 0x70, R54, 0x78, !PT                0      0      0      20480  655360 655360 32     32     0      0      -      -      -      0      0      0      0      0      0      0      0      -      0      0      0      0      0      0      0      0      0      0      0      0      0      0      0      0      0      0      0      0      0      0      0      0      0      0      0      0      0      0      0      0      0      0      0      0      0      0      0      0     
0x7f70df5bbf10           VIADD R72, R36, 0x150                                  1      0      1      20480  655360 655360 32     32     0      0      -      -      -      0      0      0      0      0      0      0      0      -      0      0      0      0      0      0      0      0      0      0      0      0      0      0      0      0      0      0      1      0      0      0      0      0      0      0      0      0      0      0      0      0      0      0      0      0      0      0      0      0     
0x7f70df5bbf20           LOP3.LUT R53, R55, 0x70, R56, 0x78, !PT                1      0      1      20480  655360 655360 32     32     0      0      -      -      -      0      0      0      0      0      0      0      0      -      0      0      0      0      0      0      0      0      0      0      0      0      0      0      0      0      0      0      1      0      0      0      0      0      0      0      0      0      0      0      0      0      0      0      0      0      0      0      0      0     
0x7f70df5bbf30           VIADD R98, R36, 0x220                                  0      0      0      20480  655360 655360 32     32     0      0      -      -      -      0      0      0      0      0      0      0      0      -      0      0      0      0      0      0      0      0      0      0      0      0      0      0      0      0      0      0      0      0      0      0      0      0      0      0      0      0      0      0      0      0      0      0      0      0      0      0      0      0     
0x7f70df5bbf40           SHF.R.U32.HI R55, RZ, 0x3, R96                         0      0      0      20480  655360 655360 32     32     0      0      -      -      -      0      0      0      0      0      0      0      0      -      0      0      0      0      0      0      0      0      0      0      0      0      0      0      0      0      0      0      0      0      0      0      0      0      0      0      0      0      0      0      0      0      0      0      0      0      0      0      0      0     
0x7f70df5bbf50           VIADD R94, R36, 0x320                                  0      0      0      20480  655360 655360 32     32     0      0      -      -      -      0      0      0      0      0      0      0      0      -      0      0      0      0      0      0      0      0      0      0      0      0      0      0      0      0      0      0      0      0      0      0      0      0      0      0      0      0      0      0      0      0      0      0      0      0      0      0      0      0     
0x7f70df5bbf60           SHF.R.U32.HI R54, RZ, 0x3, R99                         1      0      1      20480  655360 655360 32     32     0      0      -      -      -      0      0      0      0      0      0      0      0      -      0      0      0      0      0      0      0      0      0      0      0      0      0      0      0      0      0      0      1      0      0      0      0      0      0      0      0      0      0      0      0      0      0      0      0      0      0      0      0      0     
0x7f70df5bbf70           VIADD R81, R36, 0x540                                  0      0      0      20480  655360 655360 32     32     0      0      -      -      -      0      0      0      0      0      0      0      0      -      0      0      0      0      0      0      0      0      0      0      0      0      0      0      0      0      0      0      0      0      0      0      0      0      0      0      0      0      0      0      0      0      0      0      0      0      0      0      0      0     
0x7f70df5bbf80           LOP3.LUT R96, R96, 0x70, R55, 0x78, !PT                0      0      0      20480  655360 655360 32     32     0      0      -      -      -      0      0      0      0      0      0      0      0      -      0      0      0      0      0      0      0      0      0      0      0      0      0      0      0      0      0      0      0      0      0      0      0      0      0      0      0      0      0      0      0      0      0      0      0      0      0      0      0      0     
0x7f70df5bbf90           VIADD R79, R36, 0x640                                  0      0      0      20480  655360 655360 32     32     0      0      -      -      -      0      0      0      0      0      0      0      0      -      0      0      0      0      0      0      0      0      0      0      0      0      0      0      0      0      0      0      0      0      0      0      0      0      0      0      0      0      0      0      0      0      0      0      0      0      0      0      0      0     
0x7f70df5bbfa0           SHF.R.U32.HI R55, RZ, 0x3, R92                         0      0      0      20480  655360 655360 32     32     0      0      -      -      -      0      0      0      0      0      0      0      0      -      0      0      0      0      0      0      0      0      0      0      0      0      0      0      0      0      0      0      0      0      0      0      0      0      0      0      0      0      0      0      0      0      0      0      0      0      0      0      0      0     
0x7f70df5bbfb0           VIADD R85, R36, 0x730                                  0      0      0      20480  655360 655360 32     32     0      0      -      -      -      0      0      0      0      0      0      0      0      -      0      0      0      0      0      0      0      0      0      0      0      0      0      0      0      0      0      0      0      0      0      0      0      0      0      0      0      0      0      0      0      0      0      0      0      0      0      0      0      0     
0x7f70df5bbfc0           LOP3.LUT R99, R99, 0x70, R54, 0x78, !PT                1      0      1      20480  655360 655360 32     32     0      0      -      -      -      0      0      0      0      0      0      0      0      -      0      0      0      0      0      0      0      0      0      0      0      0      0      0      0      0      0      0      1      0      0      0      0      0      0      0      0      0      0      0      0      0      0      0      0      0      0      0      0      0     
0x7f70df5bbfd0           VIADD R68, R36, 0x450                                  1      0      1      20480  655360 655360 32     32     0      0      -      -      -      0      0      0      0      0      0      0      0      -      0      0      0      0      0      0      0      0      0      0      0      0      0      0      0      0      0      0      1      0      0      0      0      0      0      0      0      0      0      0      0      0      0      0      0      0      0      0      0      0     
0x7f70df5bbfe0           LOP3.LUT R92, R92, 0x70, R55, 0x78, !PT                0      0      0      20480  655360 655360 32     32     0      0      -      -      -      0      0      0      0      0      0      0      0      -      0      0      0      0      0      0      0      0      0      0      0      0      0      0      0      0      0      0      0      0      0      0      0      0      0      0      0      0      0      0      0      0      0      0      0      0      0      0      0      0     
0x7f70df5bbff0           VIADD R90, R36, 0x230                                  0      0      0      20480  655360 655360 32     32     0      0      -      -      -      0      0      0      0      0      0      0      0      -      0      0      0      0      0      0      0      0      0      0      0      0      0      0      0      0      0      0      0      0      0      0      0      0      0      0      0      0      0      0      0      0      0      0      0      0      0      0      0      0     
0x7f70df5bc000           SHF.R.U32.HI R55, RZ, 0x3, R88                         3      1      3      20480  655360 655360 32     32     0      0      -      -      -      0      0      0      0      0      0      0      0      -      0      0      0      0      0      0      0      0      0      0      0      0      0      0      0      0      1      0      2      0      0      0      0      0      0      0      0      0      0      0      0      0      0      1      0      0      0      0      0      0     
0x7f70df5bc010           VIADD R86, R36, 0x330                                  1      0      1      20480  655360 655360 32     32     0      0      -      -      -      0      0      0      0      0      0      0      0      -      0      0      0      0      0      0      0      0      0      0      0      0      0      0      0      0      0      0      1      0      0      0      0      0      0      0      0      0      0      0      0      0      0      0      0      0      0      0      0      0     
0x7f70df5bc020           SHF.R.U32.HI R54, RZ, 0x3, R97                         0      0      0      20480  655360 655360 32     32     0      0      -      -      -      0      0      0      0      0      0      0      0      -      0      0      0      0      0      0      0      0      0      0      0      0      0      0      0      0      0      0      0      0      0      0      0      0      0      0      0      0      0      0      0      0      0      0      0      0      0      0      0      0     
0x7f70df5bc030           VIADD R75, R36, 0x50                                   0      0      0      20480  655360 655360 32     32     0      0      -      -      -      0      0      0      0      0      0      0      0      -      0      0      0      0      0      0      0      0      0      0      0      0      0      0      0      0      0      0      0      0      0      0      0      0      0      0      0      0      0      0      0      0      0      0      0      0      0      0      0      0     
0x7f70df5bc040           LOP3.LUT R88, R88, 0x70, R55, 0x78, !PT                1      0      1      20480  655360 655360 32     32     0      0      -      -      -      0      0      0      0      0      0      0      0      -      0      0      0      0      0      0      0      0      0      0      0      0      0      0      0      0      0      0      1      0      0      0      0      0      0      0      0      0      0      0      0      0      0      0      0      0      0      0      0      0     
0x7f70df5bc050           VIADD R71, R36, 0x650                                  1      0      1      20480  655360 655360 32     32     0      0      -      -      -      0      0      0      0      0      0      0      0      -      0      0      0      0      0      0      0      0      0      0      0      0      0      0      0      0      0      0      1      0      0      0      0      0      0      0      0      0      0      0      0      0      0      0      0      0      0      0      0      0     
0x7f70df5bc060           LOP3.LUT R97, R97, 0x70, R54, 0x78, !PT                0      0      0      20480  655360 655360 32     32     0      0      -      -      -      0      0      0      0      0      0      0      0      -      0      0      0      0      0      0      0      0      0      0      0      0      0      0      0      0      0      0      0      0      0      0      0      0      0      0      0      0      0      0      0      0      0      0      0      0      0      0      0      0     
0x7f70df5bc070           VIADD R77, R36, 0x740                                  0      0      0      20480  655360 655360 32     32     0      0      -      -      -      0      0      0      0      0      0      0      0      -      0      0      0      0      0      0      0      0      0      0      0      0      0      0      0      0      0      0      0      0      0      0      0      0      0      0      0      0      0      0      0      0      0      0      0      0      0      0      0      0     
0x7f70df5bc080           SHF.R.U32.HI R55, RZ, 0x3, R84                         0      0      0      20480  655360 655360 32     32     0      0      -      -      -      0      0      0      0      0      0      0      0      -      0      0      0      0      0      0      0      0      0      0      0      0      0      0      0      0      0      0      0      0      0      0      0      0      0      0      0      0      0      0      0      0      0      0      0      0      0      0      0      0     
0x7f70df5bc090           VIADD R64, R36, 0x160                                  0      0      0      20480  655360 655360 32     32     0      0      -      -      -      0      0      0      0      0      0      0      0      -      0      0      0      0      0      0      0      0      0      0      0      0      0      0      0      0      0      0      0      0      0      0      0      0      0      0      0      0      0      0      0      0      0      0      0      0      0      0      0      0     
0x7f70df5bc0a0           SHF.R.U32.HI R54, RZ, 0x3, R91                         1      0      1      20480  655360 655360 32     32     0      0      -      -      -      0      0      0      0      0      0      0      0      -      0      0      0      0      0      0      0      0      0      0      0      0      0      0      0      0      0      0      1      0      0      0      0      0      0      0      0      0      0      0      0      0      0      0      0      0      0      0      0      0     
0x7f70df5bc0b0           VIADD R82, R36, 0x240                                  1      0      1      20480  655360 655360 32     32     0      0      -      -      -      0      0      0      0      0      0      0      0      -      0      0      0      0      0      0      0      0      0      0      0      0      0      0      0      0      0      0      1      0      0      0      0      0      0      0      0      0      0      0      0      0      0      0      0      0      0      0      0      0     
0x7f70df5bc0c0           LOP3.LUT R84, R84, 0x70, R55, 0x78, !PT                1      0      1      20480  655360 655360 32     32     0      0      -      -      -      0      0      0      0      0      0      0      0      -      0      0      0      0      0      0      0      0      0      0      0      0      0      0      0      0      0      0      1      0      0      0      0      0      0      0      0      0      0      0      0      0      0      0      0      0      0      0      0      0     
0x7f70df5bc0d0           VIADD R78, R36, 0x340                                  0      0      0      20480  655360 655360 32     32     0      0      -      -      -      0      0      0      0      0      0      0      0      -      0      0      0      0      0      0      0      0      0      0      0      0      0      0      0      0      0      0      0      0      0      0      0      0      0      0      0      0      0      0      0      0      0      0      0      0      0      0      0      0     
0x7f70df5bc0e0           LOP3.LUT R91, R91, 0x70, R54, 0x78, !PT                1      0      1      20480  655360 655360 32     32     0      0      -      -      -      0      0      0      0      0      0      0      0      -      0      0      0      0      0      0      0      0      0      0      0      0      0      0      0      0      0      0      1      0      0      0      0      0      0      0      0      0      0      0      0      0      0      0      0      0      0      0      0      0     
0x7f70df5bc0f0           VIADD R73, R36, 0x550                                  1      0      1      20480  655360 655360 32     32     0      0      -      -      -      0      0      0      0      0      0      0      0      -      0      0      0      0      0      0      0      0      0      0      0      0      0      0      0      0      0      0      1      0      0      0      0      0      0      0      0      0      0      0      0      0      0      0      0      0      0      0      0      0     
0x7f70df5bc100           SHF.R.U32.HI R55, RZ, 0x3, R80                         0      0      0      20480  655360 655360 32     32     0      0      -      -      -      0      0      0      0      0      0      0      0      -      0      0      0      0      0      0      0      0      0      0      0      0      0      0      0      0      0      0      0      0      0      0      0      0      0      0      0      0      0      0      0      0      0      0      0      0      0      0      0      0     
0x7f70df5bc110           VIADD R61, R36, 0x360                                  1      0      1      20480  655360 655360 32     32     0      0      -      -      -      0      0      0      0      0      0      0      0      -      0      0      0      0      0      0      0      0      0      0      0      0      0      0      0      0      0      0      1      0      0      0      0      0      0      0      0      0      0      0      0      0      0      0      0      0      0      0      0      0     
0x7f70df5bc120           SHF.R.U32.HI R56, RZ, 0x3, R95                         2      0      2      20480  655360 655360 32     32     0      0      -      -      -      0      0      0      0      0      0      0      0      -      0      0      0      0      0      0      0      0      0      0      0      0      0      0      0      0      0      0      2      0      0      0      0      0      0      0      0      0      0      0      0      0      0      0      0      0      0      0      0      0     
0x7f70df5bc130           VIADD R69, R36, 0x750                                  1      0      1      20480  655360 655360 32     32     0      0      -      -      -      0      0      0      0      0      0      0      0      -      0      0      0      0      0      0      0      0      0      0      0      0      0      0      0      0      0      0      1      0      0      0      0      0      0      0      0      0      0      0      0      0      0      0      0      0      0      0      0      0     
0x7f70df5bc140           SHF.R.U32.HI R54, RZ, 0x3, R89                         0      0      0      20480  655360 655360 32     32     0      0      -      -      -      0      0      0      0      0      0      0      0      -      0      0      0      0      0      0      0      0      0      0      0      0      0      0      0      0      0      0      0      0      0      0      0      0      0      0      0      0      0      0      0      0      0      0      0      0      0      0      0      0     
0x7f70df5bc150           VIADD R62, R36, 0x460                                  0      0      0      20480  655360 655360 32     32     0      0      -      -      -      0      0      0      0      0      0      0      0      -      0      0      0      0      0      0      0      0      0      0      0      0      0      0      0      0      0      0      0      0      0      0      0      0      0      0      0      0      0      0      0      0      0      0      0      0      0      0      0      0     
0x7f70df5bc160           LOP3.LUT R80, R80, 0x70, R55, 0x78, !PT                1      0      1      20480  655360 655360 32     32     0      0      -      -      -      0      0      0      0      0      0      0      0      -      0      0      0      0      0      0      0      0      0      0      0      0      0      0      0      0      0      0      1      0      0      0      0      0      0      0      0      0      0      0      0      0      0      0      0      0      0      0      0      0     
0x7f70df5bc170           VIADD R74, R36, 0x250                                  0      0      0      20480  655360 655360 32     32     0      0      -      -      -      0      0      0      0      0      0      0      0      -      0      0      0      0      0      0      0      0      0      0      0      0      0      0      0      0      0      0      0      0      0      0      0      0      0      0      0      0      0      0      0      0      0      0      0      0      0      0      0      0     
0x7f70df5bc180           LOP3.LUT R95, R95, 0x70, R56, 0x78, !PT                1      0      1      20480  655360 655360 32     32     0      0      -      -      -      0      0      0      0      0      0      0      0      -      0      0      0      0      0      0      0      0      0      0      0      0      0      0      0      0      0      1      0      0      0      0      0      0      0      0      0      0      0      0      0      0      0      0      0      0      0      0      0      0     
0x7f70df5bc190           VIADD R70, R36, 0x350                                  0      0      0      20480  655360 655360 32     32     0      0      -      -      -      0      0      0      0      0      0      0      0      -      0      0      0      0      0      0      0      0      0      0      0      0      0      0      0      0      0      0      0      0      0      0      0      0      0      0      0      0      0      0      0      0      0      0      0      0      0      0      0      0     
0x7f70df5bc1a0           LOP3.LUT R89, R89, 0x70, R54, 0x78, !PT                0      0      0      20480  655360 655360 32     32     0      0      -      -      -      0      0      0      0      0      0      0      0      -      0      0      0      0      0      0      0      0      0      0      0      0      0      0      0      0      0      0      0      0      0      0      0      0      0      0      0      0      0      0      0      0      0      0      0      0      0      0      0      0     
0x7f70df5bc1b0           VIADD R67, R36, 0x60                                   0      0      0      20480  655360 655360 32     32     0      0      -      -      -      0      0      0      0      0      0      0      0      -      0      0      0      0      0      0      0      0      0      0      0      0      0      0      0      0      0      0      0      0      0      0      0      0      0      0      0      0      0      0      0      0      0      0      0      0      0      0      0      0     
0x7f70df5bc1c0           SHF.R.U32.HI R55, RZ, 0x3, R76                         0      0      0      20480  655360 655360 32     32     0      0      -      -      -      0      0      0      0      0      0      0      0      -      0      0      0      0      0      0      0      0      0      0      0      0      0      0      0      0      0      0      0      0      0      0      0      0      0      0      0      0      0      0      0      0      0      0      0      0      0      0      0      0     
0x7f70df5bc1d0           VIADD R63, R36, 0x660                                  0      0      0      20480  655360 655360 32     32     0      0      -      -      -      0      0      0      0      0      0      0      0      -      0      0      0      0      0      0      0      0      0      0      0      0      0      0      0      0      0      0      0      0      0      0      0      0      0      0      0      0      0      0      0      0      0      0      0      0      0      0      0      0     
0x7f70df5bc1e0           SHF.R.U32.HI R57, RZ, 0x3, R100                        0      0      0      20480  655360 655360 32     32     0      0      -      -      -      0      0      0      0      0      0      0      0      -      0      0      0      0      0      0      0      0      0      0      0      0      0      0      0      0      0      0      0      0      0      0      0      0      0      0      0      0      0      0      0      0      0      0      0      0      0      0      0      0     
0x7f70df5bc1f0           VIADD R60, R36, 0x760                                  0      0      0      20480  655360 655360 32     32     0      0      -      -      -      0      0      0      0      0      0      0      0      -      0      0      0      0      0      0      0      0      0      0      0      0      0      0      0      0      0      0      0      0      0      0      0      0      0      0      0      0      0      0      0      0      0      0      0      0      0      0      0      0     
0x7f70df5bc200           SHF.R.U32.HI R56, RZ, 0x3, R87                         2      1      2      20480  655360 655360 32     32     0      0      -      -      -      0      0      0      0      0      0      0      0      -      0      0      0      0      0      0      0      0      0      0      0      0      0      0      0      0      1      0      1      0      0      0      0      0      0      0      0      0      0      0      0      0      0      1      0      0      0      0      0      0     
0x7f70df5bc210           VIADD R66, R36, 0x260                                  1      0      1      20480  655360 655360 32     32     0      0      -      -      -      0      0      0      0      0      0      0      0      -      0      0      0      0      0      0      0      0      0      0      0      0      0      0      0      0      0      0      1      0      0      0      0      0      0      0      0      0      0      0      0      0      0      0      0      0      0      0      0      0     
0x7f70df5bc220           SHF.R.U32.HI R54, RZ, 0x3, R83                         1      0      1      20480  655360 655360 32     32     0      0      -      -      -      0      0      0      0      0      0      0      0      -      0      0      0      0      0      0      0      0      0      0      0      0      0      0      0      0      0      0      1      0      0      0      0      0      0      0      0      0      0      0      0      0      0      0      0      0      0      0      0      0     
0x7f70df5bc230           VIADD R65, R36, 0x560                                  0      0      0      20480  655360 655360 32     32     0      0      -      -      -      0      0      0      0      0      0      0      0      -      0      0      0      0      0      0      0      0      0      0      0      0      0      0      0      0      0      0      0      0      0      0      0      0      0      0      0      0      0      0      0      0      0      0      0      0      0      0      0      0     
0x7f70df5bc240           LOP3.LUT R76, R76, 0x70, R55, 0x78, !PT                0      0      0      20480  655360 655360 32     32     0      0      -      -      -      0      0      0      0      0      0      0      0      -      0      0      0      0      0      0      0      0      0      0      0      0      0      0      0      0      0      0      0      0      0      0      0      0      0      0      0      0      0      0      0      0      0      0      0      0      0      0      0      0     
0x7f70df5bc250           VIADD R102, R36, 0x570                                 0      0      0      20480  655360 655360 32     32     0      0      -      -      -      0      0      0      0      0      0      0      0      -      0      0      0      0      0      0      0      0      0      0      0      0      0      0      0      0      0      0      0      0      0      0      0      0      0      0      0      0      0      0      0      0      0      0      0      0      0      0      0      0     
0x7f70df5bc260           LOP3.LUT R100, R100, 0x70, R57, 0x78, !PT              1      0      1      20480  655360 655360 32     32     0      0      -      -      -      0      0      0      0      0      0      0      0      -      0      0      0      0      0      0      0      0      0      0      0      0      0      0      0      0      0      0      1      0      0      0      0      0      0      0      0      0      0      0      0      0      0      0      0      0      0      0      0      0     
0x7f70df5bc270           UISETP.GT.AND UP1, UPT, UR14, -0x1, UP1                0      0      0      20480  655360 655360 32     32     0      0      -      -      -      0      0      0      0      0      0      0      0      -      0      0      0      0      0      0      0      0      0      0      0      0      0      0      0      0      0      0      0      0      0      0      0      0      0      0      0      0      0      0      0      0      0      0      0      0      0      0      0      0     
0x7f70df5bc280           SHF.R.U32.HI R58, RZ, 0x3, R93                         1      1      1      20480  655360 655360 32     32     0      0      -      -      -      0      0      0      0      0      0      0      0      -      0      0      0      0      0      0      0      0      0      0      0      0      0      0      0      0      1      0      0      0      0      0      0      0      0      0      0      0      0      0      0      0      0      1      0      0      0      0      0      0     
0x7f70df5bc290           USHF.R.S32.HI UR4, URZ, 0x7, UR5                       0      0      0      20480  655360 655360 32     32     0      0      -      -      -      0      0      0      0      0      0      0      0      -      0      0      0      0      0      0      0      0      0      0      0      0      0      0      0      0      0      0      0      0      0      0      0      0      0      0      0      0      0      0      0      0      0      0      0      0      0      0      0      0     
0x7f70df5bc2a0           LOP3.LUT R87, R87, 0x70, R56, 0x78, !PT                1      0      1      20480  655360 655360 32     32     0      0      -      -      -      0      0      0      0      0      0      0      0      -      0      0      0      0      0      0      0      0      0      0      0      0      0      0      0      0      0      0      1      0      0      0      0      0      0      0      0      0      0      0      0      0      0      0      0      0      0      0      0      0     
0x7f70df5bc2b0           ULEA.HI.SX32 UR5, UR5, 0x1, 0x19                       1      0      1      20480  655360 655360 32     32     0      0      -      -      -      0      0      0      0      0      0      0      0      -      0      0      0      0      0      0      0      0      0      0      0      0      0      0      0      0      0      0      1      0      0      0      0      0      0      0      0      0      0      0      0      0      0      0      0      0      0      0      0      0     
0x7f70df5bc2c0           LOP3.LUT R83, R83, 0x70, R54, 0x78, !PT                0      0      0      20480  655360 655360 32     32     0      0      -      -      -      0      0      0      0      0      0      0      0      -      0      0      0      0      0      0      0      0      0      0      0      0      0      0      0      0      0      0      0      0      0      0      0      0      0      0      0      0      0      0      0      0      0      0      0      0      0      0      0      0     
0x7f70df5bc2d0           SHF.R.U32.HI R55, RZ, 0x3, R72                         4      0      4      20480  655360 655360 32     32     0      0      -      -      -      0      0      0      0      0      0      0      0      -      0      0      0      0      0      0      0      0      0      0      0      0      0      0      0      0      0      2      2      0      0      0      0      0      0      0      0      0      0      0      0      0      0      0      0      0      0      0      0      0     
0x7f70df5bc2e0           SHF.R.U32.HI R57, RZ, 0x3, R98                         1      1      1      20480  655360 655360 32     32     0      0      -      -      -      0      0      0      0      0      0      0      0      -      0      0      0      0      0      0      0      0      0      0      0      0      0      0      0      0      0      0      0      0      0      0      1      0      0      0      0      0      0      0      0      0      0      0      0      0      0      0      0      1     
0x7f70df5bc2f0           SHF.R.U32.HI R59, RZ, 0x3, R94                         4      1      4      20480  655360 655360 32     32     0      0      -      -      -      0      0      0      0      0      0      0      0      -      0      0      0      0      0      0      0      0      0      0      0      0      0      0      0      0      0      1      2      0      0      0      1      0      0      0      0      0      0      0      0      0      0      0      0      0      0      0      0      1     
0x7f70df5bc300     @!UP1 UIADD3 UR5, UPT, UPT, UR4, URZ, URZ                    0      0      0      20480  655360 655360 32     32     0      0      -      -      -      0      0      0      0      0      0      0      0      -      0      0      0      0      0      0      0      0      0      0      0      0      0      0      0      0      0      0      0      0      0      0      0      0      0      0      0      0      0      0      0      0      0      0      0      0      0      0      0      0     
0x7f70df5bc310           SHF.R.U32.HI R54, RZ, 0x3, R81                         0      0      0      20480  655360 655360 32     32     0      0      -      -      -      0      0      0      0      0      0      0      0      -      0      0      0      0      0      0      0      0      0      0      0      0      0      0      0      0      0      0      0      0      0      0      0      0      0      0      0      0      0      0      0      0      0      0      0      0      0      0      0      0     
0x7f70df5bc320           SHF.R.U32.HI R56, RZ, 0x3, R79                         0      0      0      20480  655360 655360 32     32     0      0      -      -      -      0      0      0      0      0      0      0      0      -      0      0      0      0      0      0      0      0      0      0      0      0      0      0      0      0      0      0      0      0      0      0      0      0      0      0      0      0      0      0      0      0      0      0      0      0      0      0      0      0     
0x7f70df5bc330           LOP3.LUT R93, R93, 0x70, R58, 0x78, !PT                1      1      1      20480  655360 655360 32     32     0      0      -      -      -      0      0      0      0      0      0      0      0      -      0      0      0      0      0      0      0      0      0      0      0      0      0      0      0      0      0      0      0      0      0      0      1      0      0      0      0      0      0      0      0      0      0      0      0      0      0      0      0      1     
0x7f70df5bc340           LOP3.LUT R72, R72, 0x70, R55, 0x78, !PT                2      0      2      20480  655360 655360 32     32     0      0      -      -      -      0      0      0      0      0      0      0      0      -      0      0      0      0      0      0      0      0      0      0      0      0      0      0      0      0      0      2      0      0      0      0      0      0      0      0      0      0      0      0      0      0      0      0      0      0      0      0      0      0     
0x7f70df5bc350           LOP3.LUT R98, R98, 0x70, R57, 0x78, !PT                1      0      1      20480  655360 655360 32     32     0      0      -      -      -      0      0      0      0      0      0      0      0      -      0      0      0      0      0      0      0      0      0      0      0      0      0      0      0      0      0      0      0      0      0      0      1      0      0      0      0      0      0      0      0      0      0      0      0      0      0      0      0      0     
0x7f70df5bc360           LOP3.LUT R94, R94, 0x70, R59, 0x78, !PT                0      0      0      20480  655360 655360 32     32     0      0      -      -      -      0      0      0      0      0      0      0      0      -      0      0      0      0      0      0      0      0      0      0      0      0      0      0      0      0      0      0      0      0      0      0      0      0      0      0      0      0      0      0      0      0      0      0      0      0      0      0      0      0     
0x7f70df5bc370           SHF.R.U32.HI R58, RZ, 0x3, R85                         1      0      1      20480  655360 655360 32     32     0      0      -      -      -      0      0      0      0      0      0      0      0      -      0      0      0      0      0      0      0      0      0      0      0      0      0      0      0      0      0      0      1      0      0      0      0      0      0      0      0      0      0      0      0      0      0      0      0      0      0      0      0      0     
0x7f70df5bc380           LOP3.LUT R81, R81, 0x70, R54, 0x78, !PT                0      0      0      20480  655360 655360 32     32     0      0      -      -      -      0      0      0      0      0      0      0      0      -      0      0      0      0      0      0      0      0      0      0      0      0      0      0      0      0      0      0      0      0      0      0      0      0      0      0      0      0      0      0      0      0      0      0      0      0      0      0      0      0     
0x7f70df5bc390           LOP3.LUT R79, R79, 0x70, R56, 0x78, !PT                2      1      2      20480  655360 655360 32     32     0      0      -      -      -      0      0      0      0      0      0      0      0      -      0      0      0      0      0      0      0      0      0      0      0      0      0      0      0      0      0      0      1      0      0      0      1      0      0      0      0      0      0      0      0      0      0      0      0      0      0      0      0      1     
0x7f70df5bc3a0           SHF.R.U32.HI R55, RZ, 0x3, R68                         2      1      2      20480  655360 655360 32     32     0      0      -      -      -      0      0      0      0      0      0      0      0      -      0      0      0      0      0      0      0      0      0      0      0      0      1      0      0      0      0      1      0      0      0      0      0      0      0      0      0      0      0      1      0      0      0      0      0      0      0      0      0      0     
0x7f70df5bc3b0           SHF.R.U32.HI R57, RZ, 0x3, R90                         1      0      1      20480  655360 655360 32     32     0      0      -      -      -      0      0      0      0      0      0      0      0      -      0      0      0      0      0      0      0      0      0      0      0      0      0      0      0      0      0      1      0      0      0      0      0      0      0      0      0      0      0      0      0      0      0      0      0      0      0      0      0      0     
0x7f70df5bc3c0           SHF.R.U32.HI R59, RZ, 0x3, R86                         0      0      0      20480  655360 655360 32     32     0      0      -      -      -      0      0      0      0      0      0      0      0      -      0      0      0      0      0      0      0      0      0      0      0      0      0      0      0      0      0      0      0      0      0      0      0      0      0      0      0      0      0      0      0      0      0      0      0      0      0      0      0      0     
0x7f70df5bc3d0           SHF.R.U32.HI R54, RZ, 0x3, R75                         0      0      0      20480  655360 655360 32     32     0      0      -      -      -      0      0      0      0      0      0      0      0      -      0      0      0      0      0      0      0      0      0      0      0      0      0      0      0      0      0      0      0      0      0      0      0      0      0      0      0      0      0      0      0      0      0      0      0      0      0      0      0      0     
0x7f70df5bc3e0           SHF.R.U32.HI R56, RZ, 0x3, R71                         0      0      0      20480  655360 655360 32     32     0      0      -      -      -      0      0      0      0      0      0      0      0      -      0      0      0      0      0      0      0      0      0      0      0      0      0      0      0      0      0      0      0      0      0      0      0      0      0      0      0      0      0      0      0      0      0      0      0      0      0      0      0      0     
0x7f70df5bc3f0           LOP3.LUT R85, R85, 0x70, R58, 0x78, !PT                0      0      0      20480  655360 655360 32     32     0      0      -      -      -      0      0      0      0      0      0      0      0      -      0      0      0      0      0      0      0      0      0      0      0      0      0      0      0      0      0      0      0      0      0      0      0      0      0      0      0      0      0      0      0      0      0      0      0      0      0      0      0      0     
0x7f70df5bc400           LOP3.LUT R68, R68, 0x70, R55, 0x78, !PT                1      0      1      20480  655360 655360 32     32     0      0      -      -      -      0      0      0      0      0      0      0      0      -      0      0      0      0      0      0      0      0      0      0      0      0      0      0      0      0      0      0      1      0      0      0      0      0      0      0      0      0      0      0      0      0      0      0      0      0      0      0      0      0     
0x7f70df5bc410           LOP3.LUT R90, R90, 0x70, R57, 0x78, !PT                1      1      1      20480  655360 655360 32     32     0      0      -      -      -      0      0      0      0      0      0      0      0      -      0      0      0      0      0      0      0      0      0      0      0      0      0      0      0      0      0      0      0      0      0      0      1      0      0      0      0      0      0      0      0      0      0      0      0      0      0      0      0      1     
0x7f70df5bc420           LOP3.LUT R86, R86, 0x70, R59, 0x78, !PT                0      0      0      20480  655360 655360 32     32     0      0      -      -      -      0      0      0      0      0      0      0      0      -      0      0      0      0      0      0      0      0      0      0      0      0      0      0      0      0      0      0      0      0      0      0      0      0      0      0      0      0      0      0      0      0      0      0      0      0      0      0      0      0     
0x7f70df5bc430           SHF.R.U32.HI R58, RZ, 0x3, R77                         0      0      0      20480  655360 655360 32     32     0      0      -      -      -      0      0      0      0      0      0      0      0      -      0      0      0      0      0      0      0      0      0      0      0      0      0      0      0      0      0      0      0      0      0      0      0      0      0      0      0      0      0      0      0      0      0      0      0      0      0      0      0      0     
0x7f70df5bc440           LOP3.LUT R75, R75, 0x70, R54, 0x78, !PT                0      0      0      20480  655360 655360 32     32     0      0      -      -      -      0      0      0      0      0      0      0      0      -      0      0      0      0      0      0      0      0      0      0      0      0      0      0      0      0      0      0      0      0      0      0      0      0      0      0      0      0      0      0      0      0      0      0      0      0      0      0      0      0     
0x7f70df5bc450           LOP3.LUT R71, R71, 0x70, R56, 0x78, !PT                0      0      0      20480  655360 655360 32     32     0      0      -      -      -      0      0      0      0      0      0      0      0      -      0      0      0      0      0      0      0      0      0      0      0      0      0      0      0      0      0      0      0      0      0      0      0      0      0      0      0      0      0      0      0      0      0      0      0      0      0      0      0      0     
0x7f70df5bc460           SHF.R.U32.HI R55, RZ, 0x3, R64                         3      1      3      20480  655360 655360 32     32     0      0      -      -      -      0      0      0      0      0      0      0      0      -      0      0      0      0      0      0      0      0      0      0      0      0      1      0      0      0      0      2      0      0      0      0      0      0      0      0      0      0      0      1      0      0      0      0      0      0      0      0      0      0     
0x7f70df5bc470           SHF.R.U32.HI R57, RZ, 0x3, R82                         2      1      2      20480  655360 655360 32     32     0      0      -      -      -      0      0      0      0      0      0      0      0      -      0      0      0      0      0      0      0      0      0      0      0      0      0      0      0      0      0      0      1      0      0      0      1      0      0      0      0      0      0      0      0      0      0      0      0      0      0      0      0      1     
0x7f70df5bc480           SHF.R.U32.HI R59, RZ, 0x3, R78                         3      1      3      20480  655360 655360 32     32     0      0      -      -      -      0      0      0      0      0      0      0      0      -      0      0      0      0      0      0      0      0      0      0      0      0      0      0      0      0      0      0      1      0      0      0      2      0      0      0      0      0      0      0      0      0      0      0      0      0      0      0      0      1     
0x7f70df5bc490           SHF.R.U32.HI R54, RZ, 0x3, R73                         0      0      0      20480  655360 655360 32     32     0      0      -      -      -      0      0      0      0      0      0      0      0      -      0      0      0      0      0      0      0      0      0      0      0      0      0      0      0      0      0      0      0      0      0      0      0      0      0      0      0      0      0      0      0      0      0      0      0      0      0      0      0      0     
0x7f70df5bc4a0           SHF.R.U32.HI R56, RZ, 0x3, R61                         1      0      1      20480  655360 655360 32     32     0      0      -      -      -      0      0      0      0      0      0      0      0      -      0      0      0      0      0      0      0      0      0      0      0      0      0      0      0      0      0      0      1      0      0      0      0      0      0      0      0      0      0      0      0      0      0      0      0      0      0      0      0      0     
0x7f70df5bc4b0           LOP3.LUT R77, R77, 0x70, R58, 0x78, !PT                0      0      0      20480  655360 655360 32     32     0      0      -      -      -      0      0      0      0      0      0      0      0      -      0      0      0      0      0      0      0      0      0      0      0      0      0      0      0      0      0      0      0      0      0      0      0      0      0      0      0      0      0      0      0      0      0      0      0      0      0      0      0      0     
0x7f70df5bc4c0           LOP3.LUT R64, R64, 0x70, R55, 0x78, !PT                0      0      0      20480  655360 655360 32     32     0      0      -      -      -      0      0      0      0      0      0      0      0      -      0      0      0      0      0      0      0      0      0      0      0      0      0      0      0      0      0      0      0      0      0      0      0      0      0      0      0      0      0      0      0      0      0      0      0      0      0      0      0      0     
0x7f70df5bc4d0           LOP3.LUT R82, R82, 0x70, R57, 0x78, !PT                1      0      1      20480  655360 655360 32     32     0      0      -      -      -      0      0      0      0      0      0      0      0      -      0      0      0      0      0      0      0      0      0      0      0      0      0      0      0      0      0      0      1      0      0      0      0      0      0      0      0      0      0      0      0      0      0      0      0      0      0      0      0      0     
0x7f70df5bc4e0           LOP3.LUT R78, R78, 0x70, R59, 0x78, !PT                3      1      3      20480  655360 655360 32     32     0      0      -      -      -      0      0      0      0      0      0      0      0      -      0      0      0      0      0      0      0      0      0      0      0      0      1      0      0      0      0      1      0      0      0      0      1      0      0      0      0      0      0      0      0      0      0      0      0      0      0      0      0      1     
0x7f70df5bc4f0           SHF.R.U32.HI R58, RZ, 0x3, R69                         1      0      1      20480  655360 655360 32     32     0      0      -      -      -      0      0      0      0      0      0      0      0      -      0      0      0      0      0      0      0      0      0      0      0      0      0      0      0      0      0      0      1      0      0      0      0      0      0      0      0      0      0      0      0      0      0      0      0      0      0      0      0      0     
0x7f70df5bc500           LOP3.LUT R73, R73, 0x70, R54, 0x78, !PT                0      0      0      20480  655360 655360 32     32     0      0      -      -      -      0      0      0      0      0      0      0      0      -      0      0      0      0      0      0      0      0      0      0      0      0      0      0      0      0      0      0      0      0      0      0      0      0      0      0      0      0      0      0      0      0      0      0      0      0      0      0      0      0     
0x7f70df5bc510           LOP3.LUT R61, R61, 0x70, R56, 0x78, !PT                0      0      0      20480  655360 655360 32     32     0      0      -      -      -      0      0      0      0      0      0      0      0      -      0      0      0      0      0      0      0      0      0      0      0      0      0      0      0      0      0      0      0      0      0      0      0      0      0      0      0      0      0      0      0      0      0      0      0      0      0      0      0      0     
0x7f70df5bc520           SHF.R.U32.HI R55, RZ, 0x3, R62                         0      0      0      20480  655360 655360 32     32     0      0      -      -      -      0      0      0      0      0      0      0      0      -      0      0      0      0      0      0      0      0      0      0      0      0      0      0      0      0      0      0      0      0      0      0      0      0      0      0      0      0      0      0      0      0      0      0      0      0      0      0      0      0     
0x7f70df5bc530           SHF.R.U32.HI R57, RZ, 0x3, R74                         3      1      3      20480  655360 655360 32     32     0      0      -      -      -      0      0      0      0      0      0      0      0      -      0      0      0      0      0      0      0      0      0      0      0      0      0      0      0      0      0      1      1      0      0      0      1      0      0      0      0      0      0      0      0      0      0      0      0      0      0      0      0      1     
0x7f70df5bc540           SHF.R.U32.HI R59, RZ, 0x3, R70                         0      0      0      20480  655360 655360 32     32     0      0      -      -      -      0      0      0      0      0      0      0      0      -      0      0      0      0      0      0      0      0      0      0      0      0      0      0      0      0      0      0      0      0      0      0      0      0      0      0      0      0      0      0      0      0      0      0      0      0      0      0      0      0     
0x7f70df5bc550           SHF.R.U32.HI R54, RZ, 0x3, R67                         0      0      0      20480  655360 655360 32     32     0      0      -      -      -      0      0      0      0      0      0      0      0      -      0      0      0      0      0      0      0      0      0      0      0      0      0      0      0      0      0      0      0      0      0      0      0      0      0      0      0      0      0      0      0      0      0      0      0      0      0      0      0      0     
0x7f70df5bc560           SHF.R.U32.HI R56, RZ, 0x3, R63                         0      0      0      20480  655360 655360 32     32     0      0      -      -      -      0      0      0      0      0      0      0      0      -      0      0      0      0      0      0      0      0      0      0      0      0      0      0      0      0      0      0      0      0      0      0      0      0      0      0      0      0      0      0      0      0      0      0      0      0      0      0      0      0     
0x7f70df5bc570           LOP3.LUT R69, R69, 0x70, R58, 0x78, !PT                0      0      0      20480  655360 655360 32     32     0      0      -      -      -      0      0      0      0      0      0      0      0      -      0      0      0      0      0      0      0      0      0      0      0      0      0      0      0      0      0      0      0      0      0      0      0      0      0      0      0      0      0      0      0      0      0      0      0      0      0      0      0      0     
0x7f70df5bc580           VIADD R58, R36, 0x170                                  1      0      1      20480  655360 655360 32     32     0      0      -      -      -      0      0      0      0      0      0      0      0      -      0      0      0      0      0      0      0      0      0      0      0      0      0      0      0      0      0      0      1      0      0      0      0      0      0      0      0      0      0      0      0      0      0      0      0      0      0      0      0      0     
0x7f70df5bc590           LOP3.LUT R62, R62, 0x70, R55, 0x78, !PT                0      0      0      20480  655360 655360 32     32     0      0      -      -      -      0      0      0      0      0      0      0      0      -      0      0      0      0      0      0      0      0      0      0      0      0      0      0      0      0      0      0      0      0      0      0      0      0      0      0      0      0      0      0      0      0      0      0      0      0      0      0      0      0     
0x7f70df5bc5a0           LOP3.LUT R74, R74, 0x70, R57, 0x78, !PT                3      2      3      20480  655360 655360 32     32     0      0      -      -      -      0      0      0      0      0      0      0      0      -      0      0      0      0      0      0      0      0      0      0      0      0      0      0      0      0      0      1      0      0      0      0      2      0      0      0      0      0      0      0      0      0      0      0      0      0      0      0      0      2     
0x7f70df5bc5b0           LOP3.LUT R70, R70, 0x70, R59, 0x78, !PT                1      1      1      20480  655360 655360 32     32     0      0      -      -      -      0      0      0      0      0      0      0      0      -      0      0      0      0      0      0      0      0      0      0      0      0      1      0      0      0      0      0      0      0      0      0      0      0      0      0      0      0      0      1      0      0      0      0      0      0      0      0      0      0     
0x7f70df5bc5c0           VIADD R59, R36, 0x70                                   0      0      0      20480  655360 655360 32     32     0      0      -      -      -      0      0      0      0      0      0      0      0      -      0      0      0      0      0      0      0      0      0      0      0      0      0      0      0      0      0      0      0      0      0      0      0      0      0      0      0      0      0      0      0      0      0      0      0      0      0      0      0      0     
0x7f70df5bc5d0           LOP3.LUT R67, R67, 0x70, R54, 0x78, !PT                0      0      0      20480  655360 655360 32     32     0      0      -      -      -      0      0      0      0      0      0      0      0      -      0      0      0      0      0      0      0      0      0      0      0      0      0      0      0      0      0      0      0      0      0      0      0      0      0      0      0      0      0      0      0      0      0      0      0      0      0      0      0      0     
0x7f70df5bc5e0           SHF.R.U32.HI R55, RZ, 0x3, R60                         0      0      0      20480  655360 655360 32     32     0      0      -      -      -      0      0      0      0      0      0      0      0      -      0      0      0      0      0      0      0      0      0      0      0      0      0      0      0      0      0      0      0      0      0      0      0      0      0      0      0      0      0      0      0      0      0      0      0      0      0      0      0      0     
0x7f70df5bc5f0           LOP3.LUT R63, R63, 0x70, R56, 0x78, !PT                0      0      0      20480  655360 655360 32     32     0      0      -      -      -      0      0      0      0      0      0      0      0      -      0      0      0      0      0      0      0      0      0      0      0      0      0      0      0      0      0      0      0      0      0      0      0      0      0      0      0      0      0      0      0      0      0      0      0      0      0      0      0      0     
0x7f70df5bc600           VIADD R56, R36, 0x270                                  1      1      1      20480  655360 655360 32     32     0      0      -      -      -      0      0      0      0      0      0      0      0      -      0      0      0      0      0      0      0      0      0      0      0      0      0      0      0      0      1      0      0      0      0      0      0      0      0      0      0      0      0      0      0      0      0      1      0      0      0      0      0      0     
0x7f70df5bc610           SHF.R.U32.HI R57, RZ, 0x3, R66                         0      0      0      20480  655360 655360 32     32     0      0      -      -      -      0      0      0      0      0      0      0      0      -      0      0      0      0      0      0      0      0      0      0      0      0      0      0      0      0      0      0      0      0      0      0      0      0      0      0      0      0      0      0      0      0      0      0      0      0      0      0      0      0     
0x7f70df5bc620           SHF.R.U32.HI R54, RZ, 0x3, R65                         0      0      0      20480  655360 655360 32     32     0      0      -      -      -      0      0      0      0      0      0      0      0      -      0      0      0      0      0      0      0      0      0      0      0      0      0      0      0      0      0      0      0      0      0      0      0      0      0      0      0      0      0      0      0      0      0      0      0      0      0      0      0      0     
0x7f70df5bc630           LOP3.LUT R60, R60, 0x70, R55, 0x78, !PT                2      2      2      20480  655360 655360 32     32     0      0      -      -      -      0      0      0      0      0      0      0      0      -      0      0      0      0      0      0      0      0      0      0      0      0      0      0      0      0      0      0      0      0      0      0      2      0      0      0      0      0      0      0      0      0      0      0      0      0      0      0      0      2     
0x7f70df5bc640           LOP3.LUT R66, R66, 0x70, R57, 0x78, !PT                2      1      2      20480  655360 655360 32     32     0      0      -      -      -      0      0      0      0      0      0      0      0      -      0      0      0      0      0      0      0      0      0      0      0      0      0      0      0      0      0      1      0      0      0      0      1      0      0      0      0      0      0      0      0      0      0      0      0      0      0      0      0      1     
0x7f70df5bc650           LOP3.LUT R65, R65, 0x70, R54, 0x78, !PT                0      0      0      20480  655360 655360 32     32     0      0      -      -      -      0      0      0      0      0      0      0      0      -      0      0      0      0      0      0      0      0      0      0      0      0      0      0      0      0      0      0      0      0      0      0      0      0      0      0      0      0      0      0      0      0      0      0      0      0      0      0      0      0     
0x7f70df5bc660           SHF.R.U32.HI R55, RZ, 0x3, R58                         3      0      3      20480  655360 655360 32     32     0      0      -      -      -      0      0      0      0      0      0      0      0      -      0      0      0      0      0      0      0      0      0      0      0      0      0      0      0      0      0      0      3      0      0      0      0      0      0      0      0      0      0      0      0      0      0      0      0      0      0      0      0      0     
0x7f70df5bc670           SHF.R.U32.HI R54, RZ, 0x3, R59                         1      1      1      20480  655360 655360 32     32     0      0      -      -      -      0      0      0      0      0      0      0      0      -      0      0      0      0      0      0      0      0      0      0      0      0      0      0      0      0      0      0      0      0      0      0      1      0      0      0      0      0      0      0      0      0      0      0      0      0      0      0      0      1     
0x7f70df5bc680           SHF.R.U32.HI R57, RZ, 0x3, R56                         1      0      1      20480  655360 655360 32     32     0      0      -      -      -      0      0      0      0      0      0      0      0      -      0      0      0      0      0      0      0      0      0      0      0      0      0      0      0      0      0      1      0      0      0      0      0      0      0      0      0      0      0      0      0      0      0      0      0      0      0      0      0      0     
0x7f70df5bc690           LOP3.LUT R58, R58, 0x70, R55, 0x78, !PT                2      0      2      20480  655360 655360 32     32     0      0      -      -      -      0      0      0      0      0      0      0      0      -      0      0      0      0      0      0      0      0      0      0      0      0      0      0      0      0      0      1      1      0      0      0      0      0      0      0      0      0      0      0      0      0      0      0      0      0      0      0      0      0     
0x7f70df5bc6a0           LOP3.LUT R59, R59, 0x70, R54, 0x78, !PT                1      0      1      20480  655360 655360 32     32     0      0      -      -      -      0      0      0      0      0      0      0      0      -      0      0      0      0      0      0      0      0      0      0      0      0      0      0      0      0      0      0      1      0      0      0      0      0      0      0      0      0      0      0      0      0      0      0      0      0      0      0      0      0     
0x7f70df5bc6b0           VIADD R54, R36, 0x370                                  0      0      0      20480  655360 655360 32     32     0      0      -      -      -      0      0      0      0      0      0      0      0      -      0      0      0      0      0      0      0      0      0      0      0      0      0      0      0      0      0      0      0      0      0      0      0      0      0      0      0      0      0      0      0      0      0      0      0      0      0      0      0      0     
0x7f70df5bc6c0           LOP3.LUT R55, R56, 0x70, R57, 0x78, !PT                0      0      0      20480  655360 655360 32     32     0      0      -      -      -      0      0      0      0      0      0      0      0      -      0      0      0      0      0      0      0      0      0      0      0      0      0      0      0      0      0      0      0      0      0      0      0      0      0      0      0      0      0      0      0      0      0      0      0      0      0      0      0      0     
0x7f70df5bc6d0           VIADD R56, R36, 0x470                                  2      0      2      20480  655360 655360 32     32     0      0      -      -      -      0      0      0      0      0      0      0      0      -      0      0      0      0      0      0      0      0      0      0      0      0      0      0      0      0      0      0      2      0      0      0      0      0      0      0      0      0      0      0      0      0      0      0      0      0      0      0      0      0     
0x7f70df5bc6e0           LOP3.LUT R105, R36, 0x70, R37, 0x78, !PT               2      0      2      20480  655360 655360 32     32     0      0      -      -      -      0      0      0      0      0      0      0      0      -      0      0      0      0      0      0      0      0      0      0      0      0      0      0      0      0      0      0      2      0      0      0      0      0      0      0      0      0      0      0      0      0      0      0      0      0      0      0      0      0     
0x7f70df5bc6f0           SHF.R.U32.HI R57, RZ, 0x3, R54                         0      0      0      20480  655360 655360 32     32     0      0      -      -      -      0      0      0      0      0      0      0      0      -      0      0      0      0      0      0      0      0      0      0      0      0      0      0      0      0      0      0      0      0      0      0      0      0      0      0      0      0      0      0      0      0      0      0      0      0      0      0      0      0     
0x7f70df5bc700           SHF.R.U32.HI R101, RZ, 0x3, R56                        4      1      4      20480  655360 655360 32     32     0      0      -      -      -      0      0      0      0      0      0      0      0      -      0      0      0      0      0      0      0      0      0      0      0      0      1      0      0      0      0      1      1      0      0      0      1      0      0      0      0      0      0      0      0      0      0      0      0      0      0      0      0      1     
0x7f70df5bc710           STS.U8 [R105], R32                                     1      0      1      20480  655360 655360 32     32     0      0      Shared Store  8      0      1      0      20480  20480  0      0      0      -      0      0      0      0      0      0      0      0      0      0      0      0      0      0      0      0      0      0      1      0      0      0      0      0      0      0      0      0      0      0      0      0      0      0      0      0      0      0      0      0     
0x7f70df5bc720           LOP3.LUT R54, R54, 0x70, R57, 0x78, !PT                0      0      0      20480  655360 655360 32     32     0      0      -      -      -      0      0      0      0      0      0      0      0      -      0      0      0      0      0      0      0      0      0      0      0      0      0      0      0      0      0      0      0      0      0      0      0      0      0      0      0      0      0      0      0      0      0      0      0      0      0      0      0      0     
0x7f70df5bc730           LOP3.LUT R56, R56, 0x70, R101, 0x78, !PT               0      0      0      20480  655360 655360 32     32     0      0      -      -      -      0      0      0      0      0      0      0      0      -      0      0      0      0      0      0      0      0      0      0      0      0      0      0      0      0      0      0      0      0      0      0      0      0      0      0      0      0      0      0      0      0      0      0      0      0      0      0      0      0     
0x7f70df5bc740           VIADD R101, R36, 0x670                                 0      0      0      20480  655360 655360 32     32     0      0      -      -      -      0      0      0      0      0      0      0      0      -      0      0      0      0      0      0      0      0      0      0      0      0      0      0      0      0      0      0      0      0      0      0      0      0      0      0      0      0      0      0      0      0      0      0      0      0      0      0      0      0     
0x7f70df5bc750           SHF.R.U32.HI R57, RZ, 0x3, R102                        0      0      0      20480  655360 655360 32     32     0      0      -      -      -      0      0      0      0      0      0      0      0      -      0      0      0      0      0      0      0      0      0      0      0      0      0      0      0      0      0      0      0      0      0      0      0      0      0      0      0      0      0      0      0      0      0      0      0      0      0      0      0      0     
0x7f70df5bc760           VIADD R36, R36, 0x770                                  0      0      0      20480  655360 655360 32     32     0      0      -      -      -      0      0      0      0      0      0      0      0      -      0      0      0      0      0      0      0      0      0      0      0      0      0      0      0      0      0      0      0      0      0      0      0      0      0      0      0      0      0      0      0      0      0      0      0      0      0      0      0      0     
0x7f70df5bc770           LOP3.LUT R37, R104, 0x70, R107, 0x78, !PT              1      0      1      20480  655360 655360 32     32     0      0      -      -      -      0      0      0      0      0      0      0      0      -      0      0      0      0      0      0      0      0      0      0      0      0      0      0      0      0      0      0      1      0      0      0      0      0      0      0      0      0      0      0      0      0      0      0      0      0      0      0      0      0     
0x7f70df5bc780           VIADD R104, R104, 0x80                                 1      0      1      20480  655360 655360 32     32     0      0      -      -      -      0      0      0      0      0      0      0      0      -      0      0      0      0      0      0      0      0      0      0      0      0      0      0      0      0      0      0      1      0      0      0      0      0      0      0      0      0      0      0      0      0      0      0      0      0      0      0      0      0     
0x7f70df5bc790           LOP3.LUT R57, R102, 0x70, R57, 0x78, !PT               0      0      0      20480  655360 655360 32     32     0      0      -      -      -      0      0      0      0      0      0      0      0      -      0      0      0      0      0      0      0      0      0      0      0      0      0      0      0      0      0      0      0      0      0      0      0      0      0      0      0      0      0      0      0      0      0      0      0      0      0      0      0      0     
0x7f70df5bc7a0           SHF.R.U32.HI R102, RZ, 0x3, R101                       1      0      1      20480  655360 655360 32     32     0      0      -      -      -      0      0      0      0      0      0      0      0      -      0      0      0      0      0      0      0      0      0      0      0      0      0      0      0      0      0      0      1      0      0      0      0      0      0      0      0      0      0      0      0      0      0      0      0      0      0      0      0      0     
0x7f70df5bc7b0           SHF.R.U32.HI R107, RZ, 0x3, R36                        1      0      1      20480  655360 655360 32     32     0      0      -      -      -      0      0      0      0      0      0      0      0      -      0      0      0      0      0      0      0      0      0      0      0      0      0      0      0      0      0      0      1      0      0      0      0      0      0      0      0      0      0      0      0      0      0      0      0      0      0      0      0      0     
0x7f70df5bc7c0           SHF.R.U32.HI R109, RZ, 0x3, R104                       4      1      4      20480  655360 655360 32     32     0      0      -      -      -      0      0      0      0      0      0      0      0      -      0      0      0      0      0      0      0      0      0      0      0      0      0      0      0      0      0      0      2      0      0      0      2      0      0      0      0      0      0      0      0      0      0      0      0      0      0      0      0      1     
0x7f70df5bc7d0           LOP3.LUT R101, R101, 0x70, R102, 0x78, !PT             2      0      2      20480  655360 655360 32     32     0      0      -      -      -      0      0      0      0      0      0      0      0      -      0      0      0      0      0      0      0      0      0      0      0      0      0      0      0      0      0      0      1      0      0      0      1      0      0      0      0      0      0      0      0      0      0      0      0      0      0      0      0      0     
0x7f70df5bc7e0           LOP3.LUT R102, R36, 0x70, R107, 0x78, !PT              2      2      2      20480  655360 655360 32     32     0      0      -      -      -      0      0      0      0      0      0      0      0      -      0      0      0      0      0      0      0      0      0      0      0      0      0      0      0      0      0      0      0      0      0      0      2      0      0      0      0      0      0      0      0      0      0      0      0      0      0      0      0      2     
0x7f70df5bc7f0           LOP3.LUT R36, R104, 0x70, R109, 0x78, !PT              1      1      1      20480  655360 655360 32     32     0      0      -      -      -      0      0      0      0      0      0      0      0      -      0      0      0      0      0      0      0      0      0      0      0      0      0      0      0      0      0      0      0      0      0      0      1      0      0      0      0      0      0      0      0      0      0      0      0      0      0      0      0      1     
0x7f70df5bc800           PRMT R107, R32, 0x7771, RZ                             0      0      0      20480  655360 655360 32     32     0      0      -      -      -      0      0      0      0      0      0      0      0      -      0      0      0      0      0      0      0      0      0      0      0      0      0      0      0      0      0      0      0      0      0      0      0      0      0      0      0      0      0      0      0      0      0      0      0      0      0      0      0      0     
0x7f70df5bc810           PRMT R104, R32, 0x7772, RZ                             0      0      0      20480  655360 655360 32     32     0      0      -      -      -      0      0      0      0      0      0      0      0      -      0      0      0      0      0      0      0      0      0      0      0      0      0      0      0      0      0      0      0      0      0      0      0      0      0      0      0      0      0      0      0      0      0      0      0      0      0      0      0      0     
0x7f70df5bc820           PRMT R109, R32, 0x7773, RZ                             0      0      0      20480  655360 655360 32     32     0      0      -      -      -      0      0      0      0      0      0      0      0      -      0      0      0      0      0      0      0      0      0      0      0      0      0      0      0      0      0      0      0      0      0      0      0      0      0      0      0      0      0      0      0      0      0      0      0      0      0      0      0      0     
0x7f70df5bc830           STS.U8 [R40], R107                                     0      0      0      20480  655360 655360 32     32     0      0      Shared Store  8      0      1      0      20480  20480  0      0      0      -      0      0      0      0      0      0      0      0      0      0      0      0      0      0      0      0      0      0      0      0      0      0      0      0      0      0      0      0      0      0      0      0      0      0      0      0      0      0      0      0     
0x7f70df5bc840           ISETP.GE.U32.AND P6, PT, R39, UR6, PT                  1      0      1      20480  655360 655360 32     32     0      0      -      -      -      0      0      0      0      0      0      0      0      -      0      0      0      0      0      0      0      0      0      0      0      0      0      0      0      0      0      0      1      0      0      0      0      0      0      0      0      0      0      0      0      0      0      0      0      0      0      0      0      0     
0x7f70df5bc850           PRMT R39, R33, 0x7773, RZ                              1      0      1      20480  655360 655360 32     32     0      0      -      -      -      0      0      0      0      0      0      0      0      -      0      0      0      0      0      0      0      0      0      0      0      0      0      0      0      0      0      1      0      0      0      0      0      0      0      0      0      0      0      0      0      0      0      0      0      0      0      0      0      0     
0x7f70df5bc860           STS.U8 [R41], R104                                     0      0      0      20480  655360 655360 32     32     0      0      Shared Store  8      0      1      0      20480  20480  0      0      0      -      0      0      0      0      0      0      0      0      0      0      0      0      0      0      0      0      0      0      0      0      0      0      0      0      0      0      0      0      0      0      0      0      0      0      0      0      0      0      0      0     
0x7f70df5bc870           PRMT R32, R34, 0x7772, RZ                              0      0      0      20480  655360 655360 32     32     0      0      -      -      -      0      0      0      0      0      0      0      0      -      0      0      0      0      0      0      0      0      0      0      0      0      0      0      0      0      0      0      0      0      0      0      0      0      0      0      0      0      0      0      0      0      0      0      0      0      0      0      0      0     
0x7f70df5bc880           ISETP.GE.U32.OR P6, PT, R38, UR5, P6                   1      0      1      20480  655360 655360 32     32     0      0      -      -      -      0      0      0      0      0      0      0      0      -      0      0      0      0      0      0      0      0      0      0      0      0      0      0      0      0      0      1      0      0      0      0      0      0      0      0      0      0      0      0      0      0      0      0      0      0      0      0      0      0     
0x7f70df5bc890           STS.U8 [R42], R109                                     0      0      0      20480  655360 655360 32     32     0      0      Shared Store  8      0      1      0      20480  20480  0      0      0      -      0      0      0      0      0      0      0      0      0      0      0      0      0      0      0      0      0      0      0      0      0      0      0      0      0      0      0      0      0      0      0      0      0      0      0      0      0      0      0      0     
0x7f70df5bc8a0           PRMT R38, R35, 0x7771, RZ                              1      0      1      20480  655360 655360 32     32     0      0      -      -      -      0      0      0      0      0      0      0      0      -      0      0      0      0      0      0      0      0      0      0      0      0      0      0      0      0      0      0      1      0      0      0      0      0      0      0      0      0      0      0      0      0      0      0      0      0      0      0      0      0     
0x7f70df5bc8b0           PRMT R107, R34, 0x7771, RZ                             2      1      2      20480  655360 655360 32     32     0      0      -      -      -      0      0      0      0      0      0      0      0      -      0      0      0      0      0      0      0      0      0      0      0      0      2      0      0      0      0      0      0      0      0      0      0      0      0      0      0      0      0      1      0      0      0      0      0      0      0      0      0      0     
0x7f70df5bc8c0           STS.U8 [R44], R33                                      1      0      1      20480  655360 655360 32     32     0      0      Shared Store  8      0      1      0      20480  20480  0      0      0      -      0      0      0      0      0      0      0      0      0      0      0      0      0      0      0      0      0      0      1      0      0      0      0      0      0      0      0      0      0      0      0      0      0      0      0      0      0      0      0      0     
0x7f70df5bc8d0           PRMT R104, R35, 0x7772, RZ                             4      0      4      20480  655360 655360 32     32     0      0      -      -      -      0      0      0      0      0      0      0      0      -      0      0      0      0      0      0      0      0      0      0      0      0      0      0      0      0      0      1      1      2      0      0      0      0      0      0      0      0      0      0      0      0      0      0      0      0      0      0      0      0     
0x7f70df5bc8e0           STS.U8 [R43], R108                                     3      0      3      20480  655360 655360 32     32     0      0      Shared Store  8      0      1      0      20480  20480  0      0      0      -      0      0      0      0      0      0      0      0      0      0      0      0      0      0      0      0      0      2      0      0      0      0      1      0      0      0      0      0      0      0      0      0      0      0      0      0      0      0      0      0     
0x7f70df5bc8f0           PRMT R109, R34, 0x7773, RZ                             0      0      0      20480  655360 655360 32     32     0      0      -      -      -      0      0      0      0      0      0      0      0      -      0      0      0      0      0      0      0      0      0      0      0      0      0      0      0      0      0      0      0      0      0      0      0      0      0      0      0      0      0      0      0      0      0      0      0      0      0      0      0      0     
0x7f70df5bc900           STS.U8 [R45], R110                                     1      0      1      20480  655360 655360 32     32     0      0      Shared Store  8      0      1      0      20480  20480  0      0      0      -      0      0      0      0      0      0      0      0      0      0      0      0      0      0      0      0      0      1      0      0      0      0      0      0      0      0      0      0      0      0      0      0      0      0      0      0      0      0      0      0     
0x7f70df5bc910           PRMT R33, R35, 0x7773, RZ                              4      1      4      20480  655360 655360 32     32     0      0      -      -      -      0      0      0      0      0      0      0      0      -      0      0      0      0      0      0      0      0      0      0      0      0      1      0      0      0      0      0      1      2      0      0      0      0      0      0      0      0      0      0      0      0      0      0      0      0      1      0      0      0     
0x7f70df5bc920           STS.U8 [R46], R39                                      1      0      1      20480  655360 655360 32     32     0      0      Shared Store  8      0      1      0      20480  20480  0      0      0      -      0      0      0      0      0      0      0      0      0      0      0      0      0      0      0      0      0      1      0      0      0      0      0      0      0      0      0      0      0      0      0      0      0      0      0      0      0      0      0      0     
0x7f70df5bc930           STS.U8 [R105+0x800], R34                               2      1      2      20480  655360 655360 32     32     0      0      Shared Store  8      0      1      0      20480  20480  0      0      0      -      0      0      0      0      0      0      0      0      0      0      0      0      0      0      0      0      0      1      0      0      0      0      1      0      0      0      0      0      0      0      0      0      0      0      0      0      0      0      0      1     
0x7f70df5bc940           STS.U8 [R40+0x800], R107                               1      0      1      20480  655360 655360 32     32     0      0      Shared Store  8      0      1      0      20480  20480  0      0      0      -      0      0      0      0      0      0      0      0      0      0      0      0      0      0      0      0      0      0      1      0      0      0      0      0      0      0      0      0      0      0      0      0      0      0      0      0      0      0      0      0     
0x7f70df5bc950           PRMT R39, R28, 0x7771, RZ                              3      2      3      20480  655360 655360 32     32     0      0      -      -      -      0      0      0      0      0      0      0      0      -      0      0      0      0      0      0      0      0      0      0      0      0      0      0      0      0      0      0      0      3      0      0      0      0      0      0      0      0      0      0      0      0      0      0      0      0      2      0      0      0     
0x7f70df5bc960           STS.U8 [R41+0x800], R32                                4      3      4      20480  655360 655360 32     32     0      0      Shared Store  8      0      1      0      20480  20480  0      0      0      -      0      0      0      0      0      0      0      0      0      0      0      0      0      0      0      0      0      0      1      0      0      0      3      0      0      0      0      0      0      0      0      0      0      0      0      0      0      0      0      3     
0x7f70df5bc970           PRMT R34, R28, 0x7772, RZ                              1      0      1      20480  655360 655360 32     32     0      0      -      -      -      0      0      0      0      0      0      0      0      -      0      0      0      0      0      0      0      0      0      0      0      0      0      0      0      0      0      1      0      0      0      0      0      0      0      0      0      0      0      0      0      0      0      0      0      0      0      0      0      0     
0x7f70df5bc980           STS.U8 [R42+0x800], R109                               2      2      2      20480  655360 655360 32     32     0      0      Shared Store  8      0      1      0      20480  20480  0      0      0      -      0      0      0      0      0      0      0      0      0      0      0      0      0      0      0      0      0      0      0      0      0      0      2      0      0      0      0      0      0      0      0      0      0      0      0      0      0      0      0      2     
0x7f70df5bc990           PRMT R40, R29, 0x7772, RZ                              0      0      0      20480  655360 655360 32     32     0      0      -      -      -      0      0      0      0      0      0      0      0      -      0      0      0      0      0      0      0      0      0      0      0      0      0      0      0      0      0      0      0      0      0      0      0      0      0      0      0      0      0      0      0      0      0      0      0      0      0      0      0      0     
0x7f70df5bc9a0           STS.U8 [R44+0x800], R35                                3      1      3      20480  655360 655360 32     32     0      0      Shared Store  8      0      1      0      20480  20480  0      0      0      -      0      0      0      0      0      0      0      0      0      0      0      0      0      0      0      0      0      0      0      0      0      0      3      0      0      0      0      0      0      0      0      0      0      0      0      0      0      0      0      1     
0x7f70df5bc9b0           PRMT R41, R28, 0x7773, RZ                              1      0      1      20480  655360 655360 32     32     0      0      -      -      -      0      0      0      0      0      0      0      0      -      0      0      0      0      0      0      0      0      0      0      0      0      0      0      0      0      0      0      0      1      0      0      0      0      0      0      0      0      0      0      0      0      0      0      0      0      0      0      0      0     
0x7f70df5bc9c0           STS.U8 [R43+0x800], R38                                1      0      1      20480  655360 655360 32     32     0      0      Shared Store  8      0      1      0      20480  20480  0      0      0      -      0      0      0      0      0      0      0      0      0      0      0      0      0      0      0      0      0      0      0      0      0      0      1      0      0      0      0      0      0      0      0      0      0      0      0      0      0      0      0      0     
0x7f70df5bc9d0           PRMT R32, R29, 0x7771, RZ                              0      0      0      20480  655360 655360 32     32     0      0      -      -      -      0      0      0      0      0      0      0      0      -      0      0      0      0      0      0      0      0      0      0      0      0      0      0      0      0      0      0      0      0      0      0      0      0      0      0      0      0      0      0      0      0      0      0      0      0      0      0      0      0     
0x7f70df5bc9e0           STS.U8 [R45+0x800], R104                               1      0      1      20480  655360 655360 32     32     0      0      Shared Store  8      0      1      0      20480  20480  0      0      0      -      0      0      0      0      0      0      0      0      0      0      0      0      0      0      0      0      0      1      0      0      0      0      0      0      0      0      0      0      0      0      0      0      0      0      0      0      0      0      0      0     
0x7f70df5bc9f0           PRMT R35, R29, 0x7773, RZ                              5      1      5      20480  655360 655360 32     32     0      0      -      -      -      0      0      0      0      0      0      0      0      -      0      0      0      0      0      0      0      0      0      0      0      0      3      0      0      0      0      0      1      1      0      0      0      0      0      0      0      0      0      1      0      0      0      0      0      0      0      0      0      0     
0x7f70df5bca00           STS.U8 [R46+0x800], R33                                2      1      2      20480  655360 655360 32     32     0      0      Shared Store  8      0      1      0      20480  20480  0      0      0      -      0      0      0      0      0      0      0      0      0      0      0      0      0      0      0      0      0      0      0      0      0      0      2      0      0      0      0      0      0      0      0      0      0      0      0      0      0      0      0      1     
0x7f70df5bca10           PRMT R38, R31, 0x7772, RZ                              2      0      2      20480  655360 655360 32     32     0      0      -      -      -      0      0      0      0      0      0      0      0      -      0      0      0      0      0      0      0      0      0      0      0      0      1      0      0      0      0      0      0      1      0      0      0      0      0      0      0      0      0      0      0      0      0      0      0      0      0      0      0      0     
0x7f70df5bca20           STS.U8 [R47], R28                                      2      2      2      20480  655360 655360 32     32     0      0      Shared Store  8      0      1      0      20480  20480  0      0      0      -      0      0      0      0      0      0      0      0      0      0      0      0      0      0      0      0      0      0      0      0      0      0      2      0      0      0      0      0      0      0      0      0      0      0      0      0      0      0      0      2     
0x7f70df5bca30           STS.U8 [R48], R39                                      0      0      0      20480  655360 655360 32     32     0      0      Shared Store  8      0      1      0      20480  20480  0      0      0      -      0      0      0      0      0      0      0      0      0      0      0      0      0      0      0      0      0      0      0      0      0      0      0      0      0      0      0      0      0      0      0      0      0      0      0      0      0      0      0      0     
0x7f70df5bca40           PRMT R33, R30, 0x7771, RZ                              1      0      1      20480  655360 655360 32     32     0      0      -      -      -      0      0      0      0      0      0      0      0      -      0      0      0      0      0      0      0      0      0      0      0      0      0      0      0      0      0      0      1      0      0      0      0      0      0      0      0      0      0      0      0      0      0      0      0      0      0      0      0      0     
0x7f70df5bca50           STS.U8 [R49], R34                                      0      0      0      20480  655360 655360 32     32     0      0      Shared Store  8      0      1      0      20480  20480  0      0      0      -      0      0      0      0      0      0      0      0      0      0      0      0      0      0      0      0      0      0      0      0      0      0      0      0      0      0      0      0      0      0      0      0      0      0      0      0      0      0      0      0     
0x7f70df5bca60           PRMT R28, R30, 0x7772, RZ                              1      1      1      20480  655360 655360 32     32     0      0      -      -      -      0      0      0      0      0      0      0      0      -      0      0      0      0      0      0      0      0      0      0      0      0      0      0      0      0      0      0      0      1      0      0      0      0      0      0      0      0      0      0      0      0      0      0      0      0      1      0      0      0     
0x7f70df5bca70           STS.U8 [R50], R41                                      2      1      2      20480  655360 655360 32     32     0      0      Shared Store  8      0      1      0      20480  20480  0      0      0      -      0      0      0      0      0      0      0      0      0      0      0      0      0      0      0      0      0      1      0      0      0      0      1      0      0      0      0      0      0      0      0      0      0      0      0      0      0      0      0      1     
0x7f70df5bca80           PRMT R39, R30, 0x7773, RZ                              2      1      2      20480  655360 655360 32     32     0      0      -      -      -      0      0      0      0      0      0      0      0      -      0      0      0      0      0      0      0      0      0      0      0      0      0      0      0      0      0      0      1      1      0      0      0      0      0      0      0      0      0      0      0      0      0      0      0      0      1      0      0      0     
0x7f70df5bca90           STS.U8 [R52], R29                                      7      2      7      20480  655360 655360 32     32     0      0      Shared Store  8      0      1      0      20480  20480  0      0      0      -      0      0      0      0      0      0      0      0      0      0      0      0      0      0      0      0      0      4      1      0      0      0      2      0      0      0      0      0      0      0      0      0      0      0      0      0      0      0      0      2     
0x7f70df5bcaa0           PRMT R34, R31, 0x7771, RZ                              1      1      1      20480  655360 655360 32     32     0      0      -      -      -      0      0      0      0      0      0      0      0      -      0      0      0      0      0      0      0      0      0      0      0      0      0      0      0      0      0      0      0      1      0      0      0      0      0      0      0      0      0      0      0      0      0      0      0      0      1      0      0      0     
0x7f70df5bcab0           STS.U8 [R51], R32                                      1      0      1      20480  655360 655360 32     32     0      0      Shared Store  8      0      1      0      20480  20480  0      0      0      -      0      0      0      0      0      0      0      0      0      0      0      0      0      0      0      0      0      1      0      0      0      0      0      0      0      0      0      0      0      0      0      0      0      0      0      0      0      0      0      0     
0x7f70df5bcac0           PRMT R41, R24, 0x7772, RZ                              0      0      0      20480  655360 655360 32     32     0      0      -      -      -      0      0      0      0      0      0      0      0      -      0      0      0      0      0      0      0      0      0      0      0      0      0      0      0      0      0      0      0      0      0      0      0      0      0      0      0      0      0      0      0      0      0      0      0      0      0      0      0      0     
0x7f70df5bcad0           STS.U8 [R53], R40                                      3      0      3      20480  655360 655360 32     32     0      0      Shared Store  8      0      1      0      20480  20480  0      0      0      -      0      0      0      0      0      0      0      0      0      0      0      0      0      0      0      0      0      2      1      0      0      0      0      0      0      0      0      0      0      0      0      0      0      0      0      0      0      0      0      0     
0x7f70df5bcae0           PRMT R29, R31, 0x7773, RZ                              1      0      1      20480  655360 655360 32     32     0      0      -      -      -      0      0      0      0      0      0      0      0      -      0      0      0      0      0      0      0      0      0      0      0      0      0      0      0      0      0      1      0      0      0      0      0      0      0      0      0      0      0      0      0      0      0      0      0      0      0      0      0      0     
0x7f70df5bcaf0           STS.U8 [R100], R35                                     0      0      0      20480  655360 655360 32     32     0      0      Shared Store  8      0      1      0      20480  20480  0      0      0      -      0      0      0      0      0      0      0      0      0      0      0      0      0      0      0      0      0      0      0      0      0      0      0      0      0      0      0      0      0      0      0      0      0      0      0      0      0      0      0      0     
0x7f70df5bcb00           PRMT R32, R25, 0x7773, RZ                              4      1      4      20480  655360 655360 32     32     0      0      -      -      -      0      0      0      0      0      0      0      0      -      0      0      0      0      0      0      0      0      0      0      0      0      2      0      0      0      0      0      0      2      0      0      0      0      0      0      0      0      0      0      0      0      0      0      0      0      1      0      0      0     
0x7f70df5bcb10           STS.U8 [R47+0x800], R30                                3      0      3      20480  655360 655360 32     32     0      0      Shared Store  8      0      1      0      20480  20480  0      0      0      -      0      0      0      0      0      0      0      0      0      0      0      0      0      0      0      0      0      1      1      0      0      0      1      0      0      0      0      0      0      0      0      0      0      0      0      0      0      0      0      0     
0x7f70df5bcb20           STS.U8 [R48+0x800], R33                                0      0      0      20480  655360 655360 32     32     0      0      Shared Store  8      0      1      0      20480  20480  0      0      0      -      0      0      0      0      0      0      0      0      0      0      0      0      0      0      0      0      0      0      0      0      0      0      0      0      0      0      0      0      0      0      0      0      0      0      0      0      0      0      0      0     
0x7f70df5bcb30           PRMT R35, R24, 0x7771, RZ                              4      2      4      20480  655360 655360 32     32     0      0      -      -      -      0      0      0      0      0      0      0      0      -      0      0      0      0      0      0      0      0      0      0      0      0      1      0      0      0      0      1      1      1      0      0      0      0      0      0      0      0      0      1      0      0      0      0      0      0      1      0      0      0     
0x7f70df5bcb40           STS.U8 [R49+0x800], R28                                0      0      0      20480  655360 655360 32     32     0      0      Shared Store  8      0      1      0      20480  20480  0      0      0      -      0      0      0      0      0      0      0      0      0      0      0      0      0      0      0      0      0      0      0      0      0      0      0      0      0      0      0      0      0      0      0      0      0      0      0      0      0      0      0      0     
0x7f70df5bcb50           PRMT R30, R25, 0x7772, RZ                              1      0      1      20480  655360 655360 32     32     0      0      -      -      -      0      0      0      0      0      0      0      0      -      0      0      0      0      0      0      0      0      0      0      0      0      0      0      0      0      0      0      0      1      0      0      0      0      0      0      0      0      0      0      0      0      0      0      0      0      0      0      0      0     
0x7f70df5bcb60           STS.U8 [R50+0x800], R39                                1      1      1      20480  655360 655360 32     32     0      0      Shared Store  8      0      1      0      20480  20480  0      0      0      -      0      0      0      0      0      0      0      0      0      0      0      0      0      0      0      0      0      0      0      0      0      0      1      0      0      0      0      0      0      0      0      0      0      0      0      0      0      0      0      1     
0x7f70df5bcb70           PRMT R33, R24, 0x7773, RZ                              0      0      0      20480  655360 655360 32     32     0      0      -      -      -      0      0      0      0      0      0      0      0      -      0      0      0      0      0      0      0      0      0      0      0      0      0      0      0      0      0      0      0      0      0      0      0      0      0      0      0      0      0      0      0      0      0      0      0      0      0      0      0      0     
0x7f70df5bcb80           STS.U8 [R52+0x800], R31                                1      1      1      20480  655360 655360 32     32     0      0      Shared Store  8      0      1      0      20480  20480  0      0      0      -      0      0      0      0      0      0      0      0      0      0      0      0      0      0      0      0      0      0      0      0      0      0      1      0      0      0      0      0      0      0      0      0      0      0      0      0      0      0      0      1     
0x7f70df5bcb90           PRMT R28, R25, 0x7771, RZ                              5      3      5      20480  655360 655360 32     32     0      0      -      -      -      0      0      0      0      0      0      0      0      -      0      0      0      0      0      0      0      0      0      0      0      0      0      0      0      0      0      1      0      4      0      0      0      0      0      0      0      0      0      0      0      0      0      0      0      0      3      0      0      0     
0x7f70df5bcba0           STS.U8 [R51+0x800], R34                                1      1      1      20480  655360 655360 32     32     0      0      Shared Store  8      0      1      0      20480  20480  0      0      0      -      0      0      0      0      0      0      0      0      0      0      0      0      0      0      0      0      0      0      0      0      0      0      1      0      0      0      0      0      0      0      0      0      0      0      0      0      0      0      0      1     
0x7f70df5bcbb0           STS.U8 [R53+0x800], R38                                3      1      3      20480  655360 655360 32     32     0      0      Shared Store  8      0      1      0      20480  20480  0      0      0      -      0      0      0      0      0      0      0      0      0      0      0      0      0      0      0      0      0      0      1      0      0      0      2      0      0      0      0      0      0      0      0      0      0      0      0      0      0      0      0      1     
0x7f70df5bcbc0           PRMT R31, R26, 0x7772, RZ                              0      0      0      20480  655360 655360 32     32     0      0      -      -      -      0      0      0      0      0      0      0      0      -      0      0      0      0      0      0      0      0      0      0      0      0      0      0      0      0      0      0      0      0      0      0      0      0      0      0      0      0      0      0      0      0      0      0      0      0      0      0      0      0     
0x7f70df5bcbd0           STS.U8 [R100+0x800], R29                               1      1      1      20480  655360 655360 32     32     0      0      Shared Store  8      0      1      0      20480  20480  0      0      0      -      0      0      0      0      0      0      0      0      0      0      0      0      0      0      0      0      0      0      0      0      0      0      1      0      0      0      0      0      0      0      0      0      0      0      0      0      0      0      0      1     
0x7f70df5bcbe0           PRMT R34, R27, 0x7772, RZ                              1      1      1      20480  655360 655360 32     32     0      0      -      -      -      0      0      0      0      0      0      0      0      -      0      0      0      0      0      0      0      0      0      0      0      0      0      0      0      0      0      0      0      1      0      0      0      0      0      0      0      0      0      0      0      0      0      0      0      0      1      0      0      0     
0x7f70df5bcbf0           STS.U8 [R99], R24                                      1      1      1      20480  655360 655360 32     32     0      0      Shared Store  8      0      1      0      20480  20480  0      0      0      -      0      0      0      0      0      0      0      0      0      0      0      0      0      0      0      0      0      0      0      0      0      0      1      0      0      0      0      0      0      0      0      0      0      0      0      0      0      0      0      1     
0x7f70df5bcc00           STS.U8 [R96], R35                                      3      2      3      20480  655360 655360 32     32     0      0      Shared Store  8      0      1      0      20480  20480  0      0      0      -      0      0      0      0      0      0      0      0      0      0      0      0      0      0      0      0      0      0      0      0      0      0      3      0      0      0      0      0      0      0      0      0      0      0      0      0      0      0      0      2     
0x7f70df5bcc10           PRMT R29, R26, 0x7771, RZ                              1      1      1      20480  655360 655360 32     32     0      0      -      -      -      0      0      0      0      0      0      0      0      -      0      0      0      0      0      0      0      0      0      0      0      0      0      0      0      0      0      0      0      1      0      0      0      0      0      0      0      0      0      0      0      0      0      0      0      0      1      0      0      0     
0x7f70df5bcc20           STS.U8 [R98], R41                                      2      0      2      20480  655360 655360 32     32     0      0      Shared Store  8      0      1      0      20480  20480  0      0      0      -      0      0      0      0      0      0      0      0      0      0      0      0      0      0      0      0      0      2      0      0      0      0      0      0      0      0      0      0      0      0      0      0      0      0      0      0      0      0      0      0     
0x7f70df5bcc30           PRMT R24, R27, 0x7771, RZ                              4      3      4      20480  655360 655360 32     32     0      0      -      -      -      0      0      0      0      0      0      0      0      -      0      0      0      0      0      0      0      0      0      0      0      0      0      0      0      0      0      0      1      3      0      0      0      0      0      0      0      0      0      0      0      0      0      0      0      0      3      0      0      0     
0x7f70df5bcc40           STS.U8 [R94], R33                                      3      1      3      20480  655360 655360 32     32     0      0      Shared Store  8      0      1      0      20480  20480  0      0      0      -      0      0      0      0      0      0      0      0      1      0      0      0      0      0      0      0      0      0      0      0      0      0      2      0      0      0      0      0      0      0      0      0      0      0      0      0      0      0      0      1     
0x7f70df5bcc50           PRMT R35, R26, 0x7773, RZ                              0      0      0      20480  655360 655360 32     32     0      0      -      -      -      0      0      0      0      0      0      0      0      -      0      0      0      0      0      0      0      0      0      0      0      0      0      0      0      0      0      0      0      0      0      0      0      0      0      0      0      0      0      0      0      0      0      0      0      0      0      0      0      0     
0x7f70df5bcc60           STS.U8 [R92], R25                                      0      0      0      20480  655360 655360 32     32     0      0      Shared Store  8      0      1      0      20480  20480  0      0      0      -      0      0      0      0      0      0      0      0      0      0      0      0      0      0      0      0      0      0      0      0      0      0      0      0      0      0      0      0      0      0      0      0      0      0      0      0      0      0      0      0     
0x7f70df5bcc70           STS.U8 [R97], R28                                      1      1      1      20480  655360 655360 32     32     0      0      Shared Store  8      0      1      0      20480  20480  0      0      0      -      0      0      0      0      0      0      0      0      0      0      0      0      0      0      0      0      0      0      0      0      0      0      1      0      0      0      0      0      0      0      0      0      0      0      0      0      0      0      0      1     
0x7f70df5bcc80           PRMT R33, R20, 0x7772, RZ                              4      1      4      20480  655360 655360 32     32     0      0      -      -      -      0      0      0      0      0      0      0      0      -      0      0      0      0      0      0      0      0      0      0      0      0      0      0      0      0      0      0      1      3      0      0      0      0      0      0      0      0      0      0      0      0      0      0      0      0      1      0      0      0     
0x7f70df5bcc90           STS.U8 [R95], R30                                      1      1      1      20480  655360 655360 32     32     0      0      Shared Store  8      0      1      0      20480  20480  0      0      0      -      0      0      0      0      0      0      0      0      0      0      0      0      0      0      0      0      0      0      0      0      0      0      1      0      0      0      0      0      0      0      0      0      0      0      0      0      0      0      0      1     
0x7f70df5bcca0           PRMT R25, R20, 0x7771, RZ                              0      0      0      20480  655360 655360 32     32     0      0      -      -      -      0      0      0      0      0      0      0      0      -      0      0      0      0      0      0      0      0      0      0      0      0      0      0      0      0      0      0      0      0      0      0      0      0      0      0      0      0      0      0      0      0      0      0      0      0      0      0      0      0     
0x7f70df5bccb0           STS.U8 [R93], R32                                      1      0      1      20480  655360 655360 32     32     0      0      Shared Store  8      0      1      0      20480  20480  0      0      0      -      0      0      0      0      0      0      0      0      0      0      0      0      0      0      0      0      0      0      1      0      0      0      0      0      0      0      0      0      0      0      0      0      0      0      0      0      0      0      0      0     
0x7f70df5bccc0           PRMT R28, R27, 0x7773, RZ                              1      0      1      20480  655360 655360 32     32     0      0      -      -      -      0      0      0      0      0      0      0      0      -      0      0      0      0      0      0      0      0      0      0      0      0      0      0      0      0      0      1      0      0      0      0      0      0      0      0      0      0      0      0      0      0      0      0      0      0      0      0      0      0     
0x7f70df5bccd0           STS.U8 [R99+0x800], R26                                1      0      1      20480  655360 655360 32     32     0      0      Shared Store  8      0      1      0      20480  20480  0      0      0      -      0      0      0      0      0      0      0      0      0      0      0      0      0      0      0      0      0      1      0      0      0      0      0      0      0      0      0      0      0      0      0      0      0      0      0      0      0      0      0      0     
0x7f70df5bcce0           PRMT R30, R21, 0x7772, RZ                              7      4      7      20480  655360 655360 32     32     0      0      -      -      -      0      0      0      0      0      0      0      0      -      0      0      0      0      0      0      0      0      1      0      0      0      2      0      0      0      0      0      1      3      0      0      0      0      0      1      0      0      0      1      0      0      0      0      0      0      2      0      0      0     
0x7f70df5bccf0           STS.U8 [R96+0x800], R29                                0      0      0      20480  655360 655360 32     32     0      0      Shared Store  8      0      1      0      20480  20480  0      0      0      -      0      0      0      0      0      0      0      0      0      0      0      0      0      0      0      0      0      0      0      0      0      0      0      0      0      0      0      0      0      0      0      0      0      0      0      0      0      0      0      0     
0x7f70df5bcd00           STS.U8 [R98+0x800], R31                                0      0      0      20480  655360 655360 32     32     0      0      Shared Store  8      0      1      0      20480  20480  0      0      0      -      0      0      0      0      0      0      0      0      0      0      0      0      0      0      0      0      0      0      0      0      0      0      0      0      0      0      0      0      0      0      0      0      0      0      0      0      0      0      0      0     
0x7f70df5bcd10           PRMT R26, R21, 0x7771, RZ                              1      1      1      20480  655360 655360 32     32     0      0      -      -      -      0      0      0      0      0      0      0      0      -      0      0      0      0      0      0      0      0      0      0      0      0      0      0      0      0      0      0      0      1      0      0      0      0      0      0      0      0      0      0      0      0      0      0      0      0      1      0      0      0     
0x7f70df5bcd20           STS.U8 [R94+0x800], R35                                1      1      1      20480  655360 655360 32     32     0      0      Shared Store  8      0      1      0      20480  20480  0      0      0      -      0      0      0      0      0      0      0      0      0      0      0      0      0      0      0      0      0      0      0      0      0      0      1      0      0      0      0      0      0      0      0      0      0      0      0      0      0      0      0      1     
0x7f70df5bcd30           PRMT R29, R20, 0x7773, RZ                              4      3      4      20480  655360 655360 32     32     0      0      -      -      -      0      0      0      0      0      0      0      0      -      0      0      0      0      0      0      0      0      0      0      0      0      0      0      0      0      0      0      0      4      0      0      0      0      0      0      0      0      0      0      0      0      0      0      0      0      3      0      0      0     
0x7f70df5bcd40           STS.U8 [R92+0x800], R27                                2      0      2      20480  655360 655360 32     32     0      0      Shared Store  8      0      1      0      20480  20480  0      0      0      -      0      0      0      0      0      0      0      0      0      0      0      0      0      0      0      0      0      2      0      0      0      0      0      0      0      0      0      0      0      0      0      0      0      0      0      0      0      0      0      0     
0x7f70df5bcd50           PRMT R31, R22, 0x7772, RZ                              1      0      1      20480  655360 655360 32     32     0      0      -      -      -      0      0      0      0      0      0      0      0      -      0      0      0      0      0      0      0      0      0      0      0      0      0      0      0      0      0      1      0      0      0      0      0      0      0      0      0      0      0      0      0      0      0      0      0      0      0      0      0      0     
0x7f70df5bcd60           STS.U8 [R97+0x800], R24                                1      0      1      20480  655360 655360 32     32     0      0      Shared Store  8      0      1      0      20480  20480  0      0      0      -      0      0      0      0      0      0      0      0      0      0      0      0      0      0      0      0      0      0      0      0      0      0      1      0      0      0      0      0      0      0      0      0      0      0      0      0      0      0      0      0     
0x7f70df5bcd70           STS.U8 [R95+0x800], R34                                3      3      3      20480  655360 655360 32     32     0      0      Shared Store  8      0      1      0      20480  20480  0      0      0      -      0      0      0      0      0      0      0      0      0      0      0      0      0      0      0      0      0      0      0      0      0      0      3      0      0      0      0      0      0      0      0      0      0      0      0      0      0      0      0      3     
0x7f70df5bcd80           PRMT R27, R22, 0x7771, RZ                              5      2      5      20480  655360 655360 32     32     0      0      -      -      -      0      0      0      0      0      0      0      0      -      0      0      0      0      0      0      0      0      0      0      0      0      0      0      0      0      0      1      1      3      0      0      0      0      0      0      0      0      0      0      0      0      0      0      0      0      2      0      0      0     
0x7f70df5bcd90           STS.U8 [R93+0x800], R28                                3      2      3      20480  655360 655360 32     32     0      0      Shared Store  8      0      1      0      20480  20480  0      0      0      -      0      0      0      0      0      0      0      0      0      0      0      0      0      0      0      0      0      0      1      0      0      0      2      0      0      0      0      0      0      0      0      0      0      0      0      0      0      0      0      2     
0x7f70df5bcda0           PRMT R24, R21, 0x7773, RZ                              1      0      1      20480  655360 655360 32     32     0      0      -      -      -      0      0      0      0      0      0      0      0      -      0      0      0      0      0      0      0      0      0      0      0      0      0      0      0      0      0      0      1      0      0      0      0      0      0      0      0      0      0      0      0      0      0      0      0      0      0      0      0      0     
0x7f70df5bcdb0           STS.U8 [R91], R20                                      4      4      4      20480  655360 655360 32     32     0      0      Shared Store  8      0      1      0      20480  20480  0      0      0      -      0      0      0      0      0      0      0      0      0      0      0      0      0      0      0      0      0      0      0      0      0      0      4      0      0      0      0      0      0      0      0      0      0      0      0      0      0      0      0      4     
0x7f70df5bcdc0           STS.U8 [R88], R25                                      1      0      1      20480  655360 655360 32     32     0      0      Shared Store  8      0      1      0      20480  20480  0      0      0      -      0      0      0      0      0      0      0      0      0      0      0      0      0      0      0      0      0      1      0      0      0      0      0      0      0      0      0      0      0      0      0      0      0      0      0      0      0      0      0      0     
0x7f70df5bcdd0           PRMT R28, R23, 0x7772, RZ                              2      0      2      20480  655360 655360 32     32     0      0      -      -      -      0      0      0      0      0      0      0      0      -      0      0      0      0      0      0      0      0      0      0      0      0      0      0      0      0      0      0      0      2      0      0      0      0      0      0      0      0      0      0      0      0      0      0      0      0      0      0      0      0     
0x7f70df5bcde0           STS.U8 [R90], R33                                      4      1      4      20480  655360 655360 32     32     0      0      Shared Store  8      0      1      0      20480  20480  0      0      0      -      0      0      0      0      0      0      0      0      0      0      0      0      0      0      0      0      0      0      2      0      0      0      2      0      0      0      0      0      0      0      0      0      0      0      0      0      0      0      0      1     
0x7f70df5bcdf0           PRMT R20, R23, 0x7771, RZ                              1      0      1      20480  655360 655360 32     32     0      0      -      -      -      0      0      0      0      0      0      0      0      -      0      0      0      0      0      0      0      0      0      0      0      0      0      0      0      0      0      0      1      0      0      0      0      0      0      0      0      0      0      0      0      0      0      0      0      0      0      0      0      0     
0x7f70df5bce00           STS.U8 [R86], R29                                      3      2      3      20480  655360 655360 32     32     0      0      Shared Store  8      0      1      0      20480  20480  0      0      0      -      0      0      0      0      0      0      0      0      0      0      0      0      0      0      0      0      0      0      0      0      0      0      3      0      0      0      0      0      0      0      0      0      0      0      0      0      0      0      0      2     
0x7f70df5bce10           PRMT R25, R22, 0x7773, RZ                              0      0      0      20480  655360 655360 32     32     0      0      -      -      -      0      0      0      0      0      0      0      0      -      0      0      0      0      0      0      0      0      0      0      0      0      0      0      0      0      0      0      0      0      0      0      0      0      0      0      0      0      0      0      0      0      0      0      0      0      0      0      0      0     
0x7f70df5bce20           STS.U8 [R84], R21                                      3      2      3      20480  655360 655360 32     32     0      0      Shared Store  8      0      1      0      20480  20480  0      0      0      -      0      0      0      0      0      0      0      0      0      0      0      0      0      0      0      0      0      0      0      0      0      0      3      0      0      0      0      0      0      0      0      0      0      0      0      0      0      0      0      2     
0x7f70df5bce30           STS.U8 [R89], R26                                      2      0      2      20480  655360 655360 32     32     0      0      Shared Store  8      0      1      0      20480  20480  0      0      0      -      0      0      0      0      0      0      0      0      0      0      0      0      0      0      0      0      0      0      0      0      0      0      2      0      0      0      0      0      0      0      0      0      0      0      0      0      0      0      0      0     
0x7f70df5bce40           PRMT R29, R16, 0x7772, RZ                              3      0      3      20480  655360 655360 32     32     0      0      -      -      -      0      0      0      0      0      0      0      0      -      0      0      0      0      0      0      0      0      0      0      0      0      0      0      0      0      0      1      1      1      0      0      0      0      0      0      0      0      0      0      0      0      0      0      0      0      0      0      0      0     
0x7f70df5bce50           STS.U8 [R87], R30                                      1      0      1      20480  655360 655360 32     32     0      0      Shared Store  8      0      1      0      20480  20480  0      0      0      -      0      0      0      0      0      0      0      0      0      0      0      0      0      0      0      0      0      0      0      0      0      0      1      0      0      0      0      0      0      0      0      0      0      0      0      0      0      0      0      0     
0x7f70df5bce60           PRMT R21, R16, 0x7771, RZ                              2      1      2      20480  655360 655360 32     32     0      0      -      -      -      0      0      0      0      0      0      0      0      -      0      0      0      0      0      0      0      0      0      0      0      0      0      0      0      0      0      0      1      1      0      0      0      0      0      0      0      0      0      0      0      0      0      0      0      0      1      0      0      0     
0x7f70df5bce70           STS.U8 [R85], R24                                      1      0      1      20480  655360 655360 32     32     0      0      Shared Store  8      0      1      0      20480  20480  0      0      0      -      0      0      0      0      0      0      0      0      0      0      0      0      0      0      0      0      0      0      1      0      0      0      0      0      0      0      0      0      0      0      0      0      0      0      0      0      0      0      0      0     
0x7f70df5bce80           PRMT R26, R23, 0x7773, RZ                              1      1      1      20480  655360 655360 32     32     0      0      -      -      -      0      0      0      0      0      0      0      0      -      0      0      0      0      0      0      0      0      0      0      0      0      1      0      0      0      0      0      0      0      0      0      0      0      0      0      0      0      0      1      0      0      0      0      0      0      0      0      0      0     
0x7f70df5bce90           STS.U8 [R91+0x800], R22                                0      0      0      20480  655360 655360 32     32     0      0      Shared Store  8      0      1      0      20480  20480  0      0      0      -      0      0      0      0      0      0      0      0      0      0      0      0      0      0      0      0      0      0      0      0      0      0      0      0      0      0      0      0      0      0      0      0      0      0      0      0      0      0      0      0     
0x7f70df5bcea0           STS.U8 [R88+0x800], R27                                0      0      0      20480  655360 655360 32     32     0      0      Shared Store  8      0      1      0      20480  20480  0      0      0      -      0      0      0      0      0      0      0      0      0      0      0      0      0      0      0      0      0      0      0      0      0      0      0      0      0      0      0      0      0      0      0      0      0      0      0      0      0      0      0      0     
0x7f70df5bceb0           PRMT R24, R17, 0x7772, RZ                              3      2      3      20480  655360 655360 32     32     0      0      -      -      -      0      0      0      0      0      0      0      0      -      0      0      0      0      0      0      0      0      0      0      0      0      0      0      0      0      0      0      0      3      0      0      0      0      0      0      0      0      0      0      0      0      0      0      0      0      2      0      0      0     
0x7f70df5bcec0           STS.U8 [R90+0x800], R31                                2      1      2      20480  655360 655360 32     32     0      0      Shared Store  8      0      1      0      20480  20480  0      0      0      -      0      0      0      0      0      0      0      0      0      0      0      0      0      0      0      0      0      0      1      0      0      0      1      0      0      0      0      0      0      0      0      0      0      0      0      0      0      0      0      1     
0x7f70df5bced0           PRMT R22, R17, 0x7771, RZ                              2      0      2      20480  655360 655360 32     32     0      0      -      -      -      0      0      0      0      0      0      0      0      -      0      0      0      0      0      0      0      0      0      0      0      0      0      0      0      0      0      0      2      0      0      0      0      0      0      0      0      0      0      0      0      0      0      0      0      0      0      0      0      0     
0x7f70df5bcee0           STS.U8 [R86+0x800], R25                                2      1      2      20480  655360 655360 32     32     0      0      Shared Store  8      0      1      0      20480  20480  0      0      0      -      0      0      0      0      0      0      0      0      0      0      0      0      0      0      0      0      0      0      1      0      0      0      1      0      0      0      0      0      0      0      0      0      0      0      0      0      0      0      0      1     
0x7f70df5bcef0           PRMT R27, R16, 0x7773, RZ                              0      0      0      20480  655360 655360 32     32     0      0      -      -      -      0      0      0      0      0      0      0      0      -      0      0      0      0      0      0      0      0      0      0      0      0      0      0      0      0      0      0      0      0      0      0      0      0      0      0      0      0      0      0      0      0      0      0      0      0      0      0      0      0     
0x7f70df5bcf00           STS.U8 [R84+0x800], R23                                4      2      4      20480  655360 655360 32     32     0      0      Shared Store  8      0      1      0      20480  20480  0      0      0      -      0      0      0      0      0      0      0      0      0      0      0      0      0      0      0      0      0      0      2      0      0      0      2      0      0      0      0      0      0      0      0      0      0      0      0      0      0      0      0      2     
0x7f70df5bcf10           STS.U8 [R89+0x800], R20                                2      1      2      20480  655360 655360 32     32     0      0      Shared Store  8      0      1      0      20480  20480  0      0      0      -      0      0      0      0      0      0      0      0      0      0      0      0      0      0      0      0      0      0      1      0      0      0      1      0      0      0      0      0      0      0      0      0      0      0      0      0      0      0      0      1     
0x7f70df5bcf20           PRMT R25, R18, 0x7772, RZ                              3      1      3      20480  655360 655360 32     32     0      0      -      -      -      0      0      0      0      0      0      0      0      -      0      0      0      0      0      0      0      0      0      0      0      0      2      0      0      0      0      0      1      0      0      0      0      0      0      0      0      0      0      1      0      0      0      0      0      0      0      0      0      0     
0x7f70df5bcf30           STS.U8 [R87+0x800], R28                                4      1      4      20480  655360 655360 32     32     0      0      Shared Store  8      0      1      0      20480  20480  0      0      0      -      0      0      0      0      0      0      0      0      0      0      0      0      0      0      0      0      0      1      2      0      0      0      1      0      0      0      0      0      0      0      0      0      0      0      0      0      0      0      0      1     
0x7f70df5bcf40           PRMT R23, R18, 0x7771, RZ                              0      0      0      20480  655360 655360 32     32     0      0      -      -      -      0      0      0      0      0      0      0      0      -      0      0      0      0      0      0      0      0      0      0      0      0      0      0      0      0      0      0      0      0      0      0      0      0      0      0      0      0      0      0      0      0      0      0      0      0      0      0      0      0     
0x7f70df5bcf50           STS.U8 [R85+0x800], R26                                1      1      1      20480  655360 655360 32     32     0      0      Shared Store  8      0      1      0      20480  20480  0      0      0      -      0      0      0      0      0      0      0      0      0      0      0      0      0      0      0      0      0      0      0      0      0      0      1      0      0      0      0      0      0      0      0      0      0      0      0      0      0      0      0      1     
0x7f70df5bcf60           PRMT R20, R17, 0x7773, RZ                              1      0      1      20480  655360 655360 32     32     0      0      -      -      -      0      0      0      0      0      0      0      0      -      0      0      0      0      0      0      0      0      0      0      0      0      0      0      0      0      0      1      0      0      0      0      0      0      0      0      0      0      0      0      0      0      0      0      0      0      0      0      0      0     
0x7f70df5bcf70           STS.U8 [R83], R16                                      5      1      5      20480  655360 655360 32     32     0      0      Shared Store  8      0      1      0      20480  20480  0      0      0      -      0      0      0      0      0      0      0      0      0      0      0      0      0      0      0      0      0      3      1      0      0      0      1      0      0      0      0      0      0      0      0      0      0      0      0      0      0      0      0      1     
0x7f70df5bcf80           STS.U8 [R80], R21                                      2      0      2      20480  655360 655360 32     32     0      0      Shared Store  8      0      1      0      20480  20480  0      0      0      -      0      0      0      0      0      0      0      0      0      0      0      0      0      0      0      0      0      1      0      0      0      0      1      0      0      0      0      0      0      0      0      0      0      0      0      0      0      0      0      0     
0x7f70df5bcf90           PRMT R26, R19, 0x7772, RZ                              3      1      3      20480  655360 655360 32     32     0      0      -      -      -      0      0      0      0      0      0      0      0      -      0      0      0      0      0      0      0      0      0      0      0      0      3      0      0      0      0      0      0      0      0      0      0      0      0      0      0      0      0      1      0      0      0      0      0      0      0      0      0      0     
0x7f70df5bcfa0           STS.U8 [R82], R29                                      2      2      2      20480  655360 655360 32     32     0      0      Shared Store  8      0      1      0      20480  20480  0      0      0      -      0      0      0      0      0      0      0      0      0      0      0      0      0      0      0      0      0      0      0      0      0      0      2      0      0      0      0      0      0      0      0      0      0      0      0      0      0      0      0      2     
0x7f70df5bcfb0           PRMT R16, R19, 0x7771, RZ                              0      0      0      20480  655360 655360 32     32     0      0      -      -      -      0      0      0      0      0      0      0      0      -      0      0      0      0      0      0      0      0      0      0      0      0      0      0      0      0      0      0      0      0      0      0      0      0      0      0      0      0      0      0      0      0      0      0      0      0      0      0      0      0     
0x7f70df5bcfc0           STS.U8 [R78], R27                                      3      2      3      20480  655360 655360 32     32     0      0      Shared Store  8      0      1      0      20480  20480  0      0      0      -      0      0      0      0      0      0      0      0      0      0      0      0      0      0      0      0      0      0      1      0      0      0      2      0      0      0      0      0      0      0      0      0      0      0      0      0      0      0      0      2     
0x7f70df5bcfd0           PRMT R21, R18, 0x7773, RZ                              1      0      1      20480  655360 655360 32     32     0      0      -      -      -      0      0      0      0      0      0      0      0      -      0      0      0      0      0      0      0      0      0      0      0      0      0      0      0      0      0      0      1      0      0      0      0      0      0      0      0      0      0      0      0      0      0      0      0      0      0      0      0      0     
0x7f70df5bcfe0           STS.U8 [R76], R17                                      1      0      1      20480  655360 655360 32     32     0      0      Shared Store  8      0      1      0      20480  20480  0      0      0      -      0      0      0      0      0      0      0      0      0      0      0      0      0      0      0      0      0      1      0      0      0      0      0      0      0      0      0      0      0      0      0      0      0      0      0      0      0      0      0      0     
0x7f70df5bcff0           STS.U8 [R81], R22                                      0      0      0      20480  655360 655360 32     32     0      0      Shared Store  8      0      1      0      20480  20480  0      0      0      -      0      0      0      0      0      0      0      0      0      0      0      0      0      0      0      0      0      0      0      0      0      0      0      0      0      0      0      0      0      0      0      0      0      0      0      0      0      0      0      0     
0x7f70df5bd000           PRMT R27, R12, 0x7772, RZ                              1      1      1      20480  655360 655360 32     32     0      0      -      -      -      0      0      0      0      0      0      0      0      -      0      0      0      0      0      0      0      0      0      0      0      0      1      0      0      0      0      0      0      0      0      0      0      0      0      0      0      0      0      1      0      0      0      0      0      0      0      0      0      0     
0x7f70df5bd010           STS.U8 [R79], R24                                      3      1      3      20480  655360 655360 32     32     0      0      Shared Store  8      0      1      0      20480  20480  0      0      0      -      0      0      0      0      0      0      0      0      0      0      0      0      0      0      0      0      0      0      2      0      0      0      1      0      0      0      0      0      0      0      0      0      0      0      0      0      0      0      0      1     
0x7f70df5bd020           PRMT R17, R12, 0x7771, RZ                              0      0      0      20480  655360 655360 32     32     0      0      -      -      -      0      0      0      0      0      0      0      0      -      0      0      0      0      0      0      0      0      0      0      0      0      0      0      0      0      0      0      0      0      0      0      0      0      0      0      0      0      0      0      0      0      0      0      0      0      0      0      0      0     
0x7f70df5bd030           STS.U8 [R77], R20                                      1      0      1      20480  655360 655360 32     32     0      0      Shared Store  8      0      1      0      20480  20480  0      0      0      -      0      0      0      0      0      0      0      0      0      0      0      0      0      0      0      0      0      0      1      0      0      0      0      0      0      0      0      0      0      0      0      0      0      0      0      0      0      0      0      0     
0x7f70df5bd040           PRMT R22, R19, 0x7773, RZ                              0      0      0      20480  655360 655360 32     32     0      0      -      -      -      0      0      0      0      0      0      0      0      -      0      0      0      0      0      0      0      0      0      0      0      0      0      0      0      0      0      0      0      0      0      0      0      0      0      0      0      0      0      0      0      0      0      0      0      0      0      0      0      0     
0x7f70df5bd050           STS.U8 [R83+0x800], R18                                1      1      1      20480  655360 655360 32     32     0      0      Shared Store  8      0      1      0      20480  20480  0      0      0      -      0      0      0      0      0      0      0      0      0      0      0      0      0      0      0      0      0      0      0      0      0      0      1      0      0      0      0      0      0      0      0      0      0      0      0      0      0      0      0      1     
0x7f70df5bd060           STS.U8 [R80+0x800], R23                                4      2      4      20480  655360 655360 32     32     0      0      Shared Store  8      0      1      0      20480  20480  0      0      0      -      0      0      0      0      0      0      0      0      0      0      0      0      0      0      0      0      0      0      0      0      0      0      4      0      0      0      0      0      0      0      0      0      0      0      0      0      0      0      0      2     
0x7f70df5bd070           PRMT R20, R13, 0x7772, RZ                              3      2      3      20480  655360 655360 32     32     0      0      -      -      -      0      0      0      0      0      0      0      0      -      0      0      0      0      0      0      0      0      0      0      0      0      1      0      0      0      0      0      0      2      0      0      0      0      0      0      0      0      0      1      0      0      0      0      0      0      1      0      0      0     
0x7f70df5bd080           STS.U8 [R82+0x800], R25                                2      0      2      20480  655360 655360 32     32     0      0      Shared Store  8      0      1      0      20480  20480  0      0      0      -      0      0      0      0      0      0      0      0      0      0      0      0      0      0      0      0      0      1      0      0      0      0      1      0      0      0      0      0      0      0      0      0      0      0      0      0      0      0      0      0     
0x7f70df5bd090           PRMT R18, R13, 0x7771, RZ                              2      0      2      20480  655360 655360 32     32     0      0      -      -      -      0      0      0      0      0      0      0      0      -      0      0      0      0      0      0      0      0      0      0      0      0      0      0      0      0      0      0      2      0      0      0      0      0      0      0      0      0      0      0      0      0      0      0      0      0      0      0      0      0     
0x7f70df5bd0a0           STS.U8 [R78+0x800], R21                                2      0      2      20480  655360 655360 32     32     0      0      Shared Store  8      0      1      0      20480  20480  0      0      0      -      0      0      0      0      0      0      0      0      0      0      0      0      0      0      0      0      0      1      1      0      0      0      0      0      0      0      0      0      0      0      0      0      0      0      0      0      0      0      0      0     
0x7f70df5bd0b0           PRMT R23, R12, 0x7773, RZ                              4      2      4      20480  655360 655360 32     32     0      0      -      -      -      0      0      0      0      0      0      0      0      -      0      0      0      0      0      0      0      0      0      0      0      0      2      0      0      0      0      0      1      1      0      0      0      0      0      0      0      0      0      1      0      0      0      0      0      0      1      0      0      0     
0x7f70df5bd0c0           STS.U8 [R76+0x800], R19                                0      0      0      20480  655360 655360 32     32     0      0      Shared Store  8      0      1      0      20480  20480  0      0      0      -      0      0      0      0      0      0      0      0      0      0      0      0      0      0      0      0      0      0      0      0      0      0      0      0      0      0      0      0      0      0      0      0      0      0      0      0      0      0      0      0     
0x7f70df5bd0d0           STS.U8 [R81+0x800], R16                                0      0      0      20480  655360 655360 32     32     0      0      Shared Store  8      0      1      0      20480  20480  0      0      0      -      0      0      0      0      0      0      0      0      0      0      0      0      0      0      0      0      0      0      0      0      0      0      0      0      0      0      0      0      0      0      0      0      0      0      0      0      0      0      0      0     
0x7f70df5bd0e0           PRMT R21, R14, 0x7772, RZ                              5      1      5      20480  655360 655360 32     32     0      0      -      -      -      0      0      0      0      0      0      0      0      -      0      0      0      0      0      0      0      0      0      0      0      0      0      0      0      0      0      0      1      4      0      0      0      0      0      0      0      0      0      0      0      0      0      0      0      0      1      0      0      0     
0x7f70df5bd0f0           STS.U8 [R79+0x800], R26                                0      0      0      20480  655360 655360 32     32     0      0      Shared Store  8      0      1      0      20480  20480  0      0      0      -      0      0      0      0      0      0      0      0      0      0      0      0      0      0      0      0      0      0      0      0      0      0      0      0      0      0      0      0      0      0      0      0      0      0      0      0      0      0      0      0     
0x7f70df5bd100           PRMT R19, R14, 0x7771, RZ                              3      1      3      20480  655360 655360 32     32     0      0      -      -      -      0      0      0      0      0      0      0      0      -      0      0      0      0      0      0      0      0      0      0      0      0      0      0      0      0      0      0      2      1      0      0      0      0      0      0      0      0      0      0      0      0      0      0      0      0      1      0      0      0     
0x7f70df5bd110           STS.U8 [R77+0x800], R22                                3      0      3      20480  655360 655360 32     32     0      0      Shared Store  8      0      1      0      20480  20480  0      0      0      -      0      0      0      0      0      0      0      0      0      0      0      0      0      0      0      0      0      1      1      0      0      0      1      0      0      0      0      0      0      0      0      0      0      0      0      0      0      0      0      0     
0x7f70df5bd120           PRMT R16, R13, 0x7773, RZ                              4      1      4      20480  655360 655360 32     32     0      0      -      -      -      0      0      0      0      0      0      0      0      -      0      0      0      0      0      0      0      0      0      0      0      0      1      0      0      0      0      0      2      1      0      0      0      0      0      0      0      0      0      0      0      0      0      0      0      0      1      0      0      0     
0x7f70df5bd130           STS.U8 [R75], R12                                      1      0      1      20480  655360 655360 32     32     0      0      Shared Store  8      0      1      0      20480  20480  0      0      0      -      0      0      0      0      0      0      0      0      0      0      0      0      0      0      0      0      0      1      0      0      0      0      0      0      0      0      0      0      0      0      0      0      0      0      0      0      0      0      0      0     
0x7f70df5bd140           STS.U8 [R72], R17                                      5      2      5      20480  655360 655360 32     32     0      0      Shared Store  8      0      1      0      20480  20480  0      0      0      -      0      0      0      0      0      0      0      0      0      0      0      0      0      0      0      0      0      1      0      0      0      0      4      0      0      0      0      0      0      0      0      0      0      0      0      0      0      0      0      2     
0x7f70df5bd150           PRMT R22, R15, 0x7772, RZ                              5      1      5      20480  655360 655360 32     32     0      0      -      -      -      0      0      0      0      0      0      0      0      -      0      0      0      0      0      0      0      0      0      0      0      0      0      0      0      0      0      0      0      5      0      0      0      0      0      0      0      0      0      0      0      0      0      0      0      0      1      0      0      0     
0x7f70df5bd160           STS.U8 [R74], R27                                      3      1      3      20480  655360 655360 32     32     0      0      Shared Store  8      0      1      0      20480  20480  0      0      0      -      0      0      0      0      0      0      0      0      0      0      0      0      0      0      0      0      0      0      1      0      0      0      2      0      0      0      0      0      0      0      0      0      0      0      0      0      0      0      0      1     
0x7f70df5bd170           PRMT R12, R15, 0x7771, RZ                              1      1      1      20480  655360 655360 32     32     0      0      -      -      -      0      0      0      0      0      0      0      0      -      0      0      0      0      0      0      0      0      0      0      0      0      1      0      0      0      0      0      0      0      0      0      0      0      0      0      0      0      0      1      0      0      0      0      0      0      0      0      0      0     
0x7f70df5bd180           STS.U8 [R70], R23                                      1      1      1      20480  655360 655360 32     32     0      0      Shared Store  8      0      1      0      20480  20480  0      0      0      -      0      0      0      0      0      0      0      0      0      0      0      0      0      0      0      0      0      0      0      0      0      0      1      0      0      0      0      0      0      0      0      0      0      0      0      0      0      0      0      1     
0x7f70df5bd190           PRMT R17, R14, 0x7773, RZ                              2      1      2      20480  655360 655360 32     32     0      0      -      -      -      0      0      0      0      0      0      0      0      -      0      0      0      0      0      0      0      0      0      0      0      0      1      0      0      0      0      0      1      0      0      0      0      0      0      0      0      0      0      1      0      0      0      0      0      0      0      0      0      0     
0x7f70df5bd1a0           STS.U8 [R68], R13                                      2      1      2      20480  655360 655360 32     32     0      0      Shared Store  8      0      1      0      20480  20480  0      0      0      -      0      0      0      0      0      0      0      0      0      0      0      0      0      0      0      0      0      1      0      0      0      0      1      0      0      0      0      0      0      0      0      0      0      0      0      0      0      0      0      1     
0x7f70df5bd1b0           STS.U8 [R73], R18                                      0      0      0      20480  655360 655360 32     32     0      0      Shared Store  8      0      1      0      20480  20480  0      0      0      -      0      0      0      0      0      0      0      0      0      0      0      0      0      0      0      0      0      0      0      0      0      0      0      0      0      0      0      0      0      0      0      0      0      0      0      0      0      0      0      0     
0x7f70df5bd1c0           PRMT R23, R8, 0x7772, RZ                               5      2      5      20480  655360 655360 32     32     0      0      -      -      -      0      0      0      0      0      0      0      0      -      0      0      0      0      0      0      0      0      0      0      0      0      0      0      0      0      0      0      0      5      0      0      0      0      0      0      0      0      0      0      0      0      0      0      0      0      2      0      0      0     
0x7f70df5bd1d0           STS.U8 [R71], R20                                      2      1      2      20480  655360 655360 32     32     0      0      Shared Store  8      0      1      0      20480  20480  0      0      0      -      0      0      0      0      0      0      0      0      0      0      0      0      0      0      0      0      0      1      0      0      0      0      1      0      0      0      0      0      0      0      0      0      0      0      0      0      0      0      0      1     
0x7f70df5bd1e0           PRMT R13, R8, 0x7771, RZ                               0      0      0      20480  655360 655360 32     32     0      0      -      -      -      0      0      0      0      0      0      0      0      -      0      0      0      0      0      0      0      0      0      0      0      0      0      0      0      0      0      0      0      0      0      0      0      0      0      0      0      0      0      0      0      0      0      0      0      0      0      0      0      0     
0x7f70df5bd1f0           STS.U8 [R69], R16                                      2      1      2      20480  655360 655360 32     32     0      0      Shared Store  8      0      1      0      20480  20480  0      0      0      -      0      0      0      0      0      0      0      0      0      0      0      0      0      0      0      0      0      0      1      0      0      0      1      0      0      0      0      0      0      0      0      0      0      0      0      0      0      0      0      1     
0x7f70df5bd200           PRMT R18, R15, 0x7773, RZ                              1      0      1      20480  655360 655360 32     32     0      0      -      -      -      0      0      0      0      0      0      0      0      -      0      0      0      0      0      0      0      0      0      0      0      0      0      0      0      0      0      0      1      0      0      0      0      0      0      0      0      0      0      0      0      0      0      0      0      0      0      0      0      0     
0x7f70df5bd210           STS.U8 [R75+0x800], R14                                1      1      1      20480  655360 655360 32     32     0      0      Shared Store  8      0      1      0      20480  20480  0      0      0      -      0      0      0      0      0      0      0      0      0      0      0      0      0      0      0      0      0      0      0      0      0      0      1      0      0      0      0      0      0      0      0      0      0      0      0      0      0      0      0      1     
0x7f70df5bd220           PRMT R20, R9, 0x7772, RZ                               6      4      6      20480  655360 655360 32     32     0      0      -      -      -      0      0      0      0      0      0      0      0      -      0      0      0      0      0      0      0      0      0      0      0      0      1      0      0      0      0      0      0      5      0      0      0      0      0      0      0      0      0      1      0      0      0      0      0      0      3      0      0      0     
0x7f70df5bd230           STS.U8 [R72+0x800], R19                                1      1      1      20480  655360 655360 32     32     0      0      Shared Store  8      0      1      0      20480  20480  0      0      0      -      0      0      0      0      0      0      0      0      0      0      0      0      0      0      0      0      0      0      0      0      0      0      1      0      0      0      0      0      0      0      0      0      0      0      0      0      0      0      0      1     
0x7f70df5bd240           PRMT R16, R9, 0x7771, RZ                               0      0      0      20480  655360 655360 32     32     0      0      -      -      -      0      0      0      0      0      0      0      0      -      0      0      0      0      0      0      0      0      0      0      0      0      0      0      0      0      0      0      0      0      0      0      0      0      0      0      0      0      0      0      0      0      0      0      0      0      0      0      0      0     
0x7f70df5bd250           STS.U8 [R74+0x800], R21                                2      0      2      20480  655360 655360 32     32     0      0      Shared Store  8      0      1      0      20480  20480  0      0      0      -      0      0      0      0      0      0      0      0      0      0      0      0      0      0      0      0      0      1      1      0      0      0      0      0      0      0      0      0      0      0      0      0      0      0      0      0      0      0      0      0     
0x7f70df5bd260           PRMT R14, R8, 0x7773, RZ                               1      1      1      20480  655360 655360 32     32     0      0      -      -      -      0      0      0      0      0      0      0      0      -      0      0      0      0      0      0      0      0      0      0      0      0      0      0      0      0      0      0      0      1      0      0      0      0      0      0      0      0      0      0      0      0      0      0      0      0      1      0      0      0     
0x7f70df5bd270           STS.U8 [R70+0x800], R17                                0      0      0      20480  655360 655360 32     32     0      0      Shared Store  8      0      1      0      20480  20480  0      0      0      -      0      0      0      0      0      0      0      0      0      0      0      0      0      0      0      0      0      0      0      0      0      0      0      0      0      0      0      0      0      0      0      0      0      0      0      0      0      0      0      0     
0x7f70df5bd280           PRMT R19, R10, 0x7772, RZ                              6      4      6      20480  655360 655360 32     32     0      0      -      -      -      0      0      0      0      0      0      0      0      -      0      0      0      0      0      0      0      0      0      0      0      0      0      0      0      0      0      0      0      6      0      0      0      0      0      0      0      0      0      0      0      0      0      0      0      0      4      0      0      0     
0x7f70df5bd290           STS.U8 [R68+0x800], R15                                1      0      1      20480  655360 655360 32     32     0      0      Shared Store  8      0      1      0      20480  20480  0      0      0      -      0      0      0      0      0      0      0      0      0      0      0      0      0      0      0      0      0      0      1      0      0      0      0      0      0      0      0      0      0      0      0      0      0      0      0      0      0      0      0      0     
0x7f70df5bd2a0           STS.U8 [R73+0x800], R12                                4      2      4      20480  655360 655360 32     32     0      0      Shared Store  8      0      1      0      20480  20480  0      0      0      -      0      0      0      0      0      0      0      0      0      0      0      0      0      0      0      0      0      0      1      0      0      0      3      0      0      0      0      0      0      0      0      0      0      0      0      0      0      0      0      2     
0x7f70df5bd2b0           PRMT R17, R10, 0x7771, RZ                              4      2      4      20480  655360 655360 32     32     0      0      -      -      -      0      0      0      0      0      0      0      0      -      0      0      0      0      0      0      0      0      0      0      0      0      1      0      0      0      0      1      1      1      0      0      0      0      0      0      0      0      0      1      0      0      0      0      0      0      1      0      0      0     
0x7f70df5bd2c0           STS.U8 [R71+0x800], R22                                2      0      2      20480  655360 655360 32     32     0      0      Shared Store  8      0      1      0      20480  20480  0      0      0      -      0      0      0      0      0      0      0      0      0      0      0      0      0      0      0      0      0      1      1      0      0      0      0      0      0      0      0      0      0      0      0      0      0      0      0      0      0      0      0      0     
0x7f70df5bd2d0           PRMT R15, R9, 0x7773, RZ                               2      2      2      20480  655360 655360 32     32     0      0      -      -      -      0      0      0      0      0      0      0      0      -      0      0      0      0      0      0      0      0      0      0      0      0      0      0      0      0      0      0      0      2      0      0      0      0      0      0      0      0      0      0      0      0      0      0      0      0      2      0      0      0     
0x7f70df5bd2e0           STS.U8 [R69+0x800], R18                                4      2      4      20480  655360 655360 32     32     0      0      Shared Store  8      0      1      0      20480  20480  0      0      0      -      0      0      0      0      0      0      0      0      0      0      0      0      0      0      0      0      0      1      1      0      0      0      2      0      0      0      0      0      0      0      0      0      0      0      0      0      0      0      0      2     
0x7f70df5bd2f0           PRMT R12, R11, 0x7771, RZ                              0      0      0      20480  655360 655360 32     32     0      0      -      -      -      0      0      0      0      0      0      0      0      -      0      0      0      0      0      0      0      0      0      0      0      0      0      0      0      0      0      0      0      0      0      0      0      0      0      0      0      0      0      0      0      0      0      0      0      0      0      0      0      0     
0x7f70df5bd300           STS.U8 [R67], R8                                       1      1      1      20480  655360 655360 32     32     0      0      Shared Store  8      0      1      0      20480  20480  0      0      0      -      0      0      0      0      0      0      0      0      0      0      0      0      0      0      0      0      0      0      0      0      0      0      1      0      0      0      0      0      0      0      0      0      0      0      0      0      0      0      0      1     
0x7f70df5bd310           STS.U8 [R64], R13                                      2      1      2      20480  655360 655360 32     32     0      0      Shared Store  8      0      1      0      20480  20480  0      0      0      -      0      0      0      0      0      0      0      0      0      0      0      0      0      0      0      0      0      0      1      0      0      0      1      0      0      0      0      0      0      0      0      0      0      0      0      0      0      0      0      1     
0x7f70df5bd320           STS.U8 [R66], R23                                      2      0      2      20480  655360 655360 32     32     0      0      Shared Store  8      0      1      0      20480  20480  0      0      0      -      0      0      0      0      0      0      0      0      0      0      0      0      0      0      0      0      0      1      0      0      0      0      1      0      0      0      0      0      0      0      0      0      0      0      0      0      0      0      0      0     
0x7f70df5bd330           PRMT R8, R10, 0x7773, RZ                               5      3      5      20480  655360 655360 32     32     0      0      -      -      -      0      0      0      0      0      0      0      0      -      0      0      0      0      0      0      0      0      0      0      0      0      0      0      0      0      0      1      0      4      0      0      0      0      0      0      0      0      0      0      0      0      0      0      0      0      3      0      0      0     
0x7f70df5bd340           STS.U8 [R61], R14                                      3      3      3      20480  655360 655360 32     32     0      0      Shared Store  8      0      1      0      20480  20480  0      0      0      -      0      0      0      0      0      0      0      0      0      0      0      0      0      0      0      0      0      0      0      0      0      0      3      0      0      0      0      0      0      0      0      0      0      0      0      0      0      0      0      3     
0x7f70df5bd350           PRMT R13, R4, 0x7771, RZ                               0      0      0      20480  655360 655360 32     32     0      0      -      -      -      0      0      0      0      0      0      0      0      -      0      0      0      0      0      0      0      0      0      0      0      0      0      0      0      0      0      0      0      0      0      0      0      0      0      0      0      0      0      0      0      0      0      0      0      0      0      0      0      0     
0x7f70df5bd360           STS.U8 [R62], R9                                       0      0      0      20480  655360 655360 32     32     0      0      Shared Store  8      0      1      0      20480  20480  0      0      0      -      0      0      0      0      0      0      0      0      0      0      0      0      0      0      0      0      0      0      0      0      0      0      0      0      0      0      0      0      0      0      0      0      0      0      0      0      0      0      0      0     
0x7f70df5bd370           STS.U8 [R65], R16                                      2      1      2      20480  655360 655360 32     32     0      0      Shared Store  8      0      1      0      20480  20480  0      0      0      -      0      0      0      0      0      0      0      0      0      0      0      0      0      0      0      0      0      0      1      0      0      0      1      0      0      0      0      0      0      0      0      0      0      0      0      0      0      0      0      1     
0x7f70df5bd380           PRMT R14, R11, 0x7772, RZ                              10     4      10     20480  655360 655360 32     32     0      0      -      -      -      0      0      0      0      0      0      0      0      -      0      0      0      0      0      0      0      0      0      0      0      0      0      0      0      0      0      1      1      8      0      0      0      0      0      0      0      0      0      0      0      0      0      0      0      0      4      0      0      0     
0x7f70df5bd390           STS.U8 [R63], R20                                      1      0      1      20480  655360 655360 32     32     0      0      Shared Store  8      0      1      0      20480  20480  0      0      0      -      0      0      0      0      0      0      0      0      0      0      0      0      0      0      0      0      0      0      1      0      0      0      0      0      0      0      0      0      0      0      0      0      0      0      0      0      0      0      0      0     
0x7f70df5bd3a0           PRMT R9, R11, 0x7773, RZ                               6      3      6      20480  655360 655360 32     32     0      0      -      -      -      0      0      0      0      0      0      0      0      -      0      0      0      0      0      0      0      0      0      0      0      0      1      0      0      0      0      1      1      3      0      0      0      0      0      0      0      0      0      0      0      0      0      0      0      0      3      0      0      0     
0x7f70df5bd3b0           STS.U8 [R60], R15                                      0      0      0      20480  655360 655360 32     32     0      0      Shared Store  8      0      1      0      20480  20480  0      0      0      -      0      0      0      0      0      0      0      0      0      0      0      0      0      0      0      0      0      0      0      0      0      0      0      0      0      0      0      0      0      0      0      0      0      0      0      0      0      0      0      0     
0x7f70df5bd3c0           STS.U8 [R67+0x800], R10                                2      2      2      20480  655360 655360 32     32     0      0      Shared Store  8      0      1      0      20480  20480  0      0      0      -      0      0      0      0      0      0      0      0      0      0      0      0      0      0      0      0      0      0      0      0      0      0      2      0      0      0      0      0      0      0      0      0      0      0      0      0      0      0      0      2     
0x7f70df5bd3d0           STS.U8 [R64+0x800], R17                                2      0      2      20480  655360 655360 32     32     0      0      Shared Store  8      0      1      0      20480  20480  0      0      0      -      0      0      0      0      0      0      0      0      0      0      0      0      0      0      0      0      0      0      2      0      0      0      0      0      0      0      0      0      0      0      0      0      0      0      0      0      0      0      0      0     
0x7f70df5bd3e0           PRMT R15, R4, 0x7773, RZ                               4      4      4      20480  655360 655360 32     32     0      0      -      -      -      0      0      0      0      0      0      0      0      -      0      0      0      0      0      0      0      0      0      0      0      0      0      0      0      0      0      0      0      4      0      0      0      0      0      0      0      0      0      0      0      0      0      0      0      0      4      0      0      0     
0x7f70df5bd3f0           STS.U8 [R66+0x800], R19                                1      1      1      20480  655360 655360 32     32     0      0      Shared Store  8      0      1      0      20480  20480  0      0      0      -      0      0      0      0      0      0      0      0      0      0      0      0      0      0      0      0      0      0      0      0      0      0      1      0      0      0      0      0      0      0      0      0      0      0      0      0      0      0      0      1     
0x7f70df5bd400           PRMT R10, R4, 0x7772, RZ                               1      1      1      20480  655360 655360 32     32     0      0      -      -      -      0      0      0      0      0      0      0      0      -      0      0      0      0      0      0      0      0      0      0      0      0      1      0      0      0      0      0      0      0      0      0      0      0      0      0      0      0      0      1      0      0      0      0      0      0      0      0      0      0     
0x7f70df5bd410           STS.U8 [R61+0x800], R8                                 0      0      0      20480  655360 655360 32     32     0      0      Shared Store  8      0      1      0      20480  20480  0      0      0      -      0      0      0      0      0      0      0      0      0      0      0      0      0      0      0      0      0      0      0      0      0      0      0      0      0      0      0      0      0      0      0      0      0      0      0      0      0      0      0      0     
0x7f70df5bd420           STS.U8 [R62+0x800], R11                                1      1      1      20480  655360 655360 32     32     0      0      Shared Store  8      0      1      0      20480  20480  0      0      0      -      0      0      0      0      0      0      0      0      0      0      0      0      0      0      0      0      0      0      0      0      0      0      1      0      0      0      0      0      0      0      0      0      0      0      0      0      0      0      0      1     
0x7f70df5bd430           STS.U8 [R65+0x800], R12                                0      0      0      20480  655360 655360 32     32     0      0      Shared Store  8      0      1      0      20480  20480  0      0      0      -      0      0      0      0      0      0      0      0      0      0      0      0      0      0      0      0      0      0      0      0      0      0      0      0      0      0      0      0      0      0      0      0      0      0      0      0      0      0      0      0     
0x7f70df5bd440           PRMT R8, R5, 0x7771, RZ                                6      3      6      20480  655360 655360 32     32     0      0      -      -      -      0      0      0      0      0      0      0      0      -      0      0      0      0      0      0      0      0      0      0      0      0      0      0      0      0      0      0      1      5      0      0      0      0      0      0      0      0      0      0      0      0      0      0      0      0      3      0      0      0     
0x7f70df5bd450           STS.U8 [R63+0x800], R14                                0      0      0      20480  655360 655360 32     32     0      0      Shared Store  8      0      1      0      20480  20480  0      0      0      -      0      0      0      0      0      0      0      0      0      0      0      0      0      0      0      0      0      0      0      0      0      0      0      0      0      0      0      0      0      0      0      0      0      0      0      0      0      0      0      0     
0x7f70df5bd460           PRMT R11, R5, 0x7773, RZ                               0      0      0      20480  655360 655360 32     32     0      0      -      -      -      0      0      0      0      0      0      0      0      -      0      0      0      0      0      0      0      0      0      0      0      0      0      0      0      0      0      0      0      0      0      0      0      0      0      0      0      0      0      0      0      0      0      0      0      0      0      0      0      0     
0x7f70df5bd470           STS.U8 [R60+0x800], R9                                 0      0      0      20480  655360 655360 32     32     0      0      Shared Store  8      0      1      0      20480  20480  0      0      0      -      0      0      0      0      0      0      0      0      0      0      0      0      0      0      0      0      0      0      0      0      0      0      0      0      0      0      0      0      0      0      0      0      0      0      0      0      0      0      0      0     
0x7f70df5bd480           PRMT R12, R5, 0x7772, RZ                               1      1      1      20480  655360 655360 32     32     0      0      -      -      -      0      0      0      0      0      0      0      0      -      0      0      0      0      0      0      0      0      0      0      0      0      0      0      0      0      0      0      0      1      0      0      0      0      0      0      0      0      0      0      0      0      0      0      0      0      1      0      0      0     
0x7f70df5bd490           STS.U8 [R59], R4                                       1      0      1      20480  655360 655360 32     32     0      0      Shared Store  8      0      1      0      20480  20480  0      0      0      -      0      0      0      0      0      0      0      0      0      0      0      0      0      0      0      0      0      0      1      0      0      0      0      0      0      0      0      0      0      0      0      0      0      0      0      0      0      0      0      0     
0x7f70df5bd4a0           PRMT R14, R7, 0x7772, RZ                               3      2      3      20480  655360 655360 32     32     0      0      -      -      -      0      0      0      0      0      0      0      0      -      0      0      0      0      0      0      0      0      0      0      0      0      0      0      0      0      0      0      0      3      0      0      0      0      0      0      0      0      0      0      0      0      0      0      0      0      2      0      0      0     
0x7f70df5bd4b0           STS.U8 [R58], R13                                      5      2      5      20480  655360 655360 32     32     0      0      Shared Store  8      0      1      0      20480  20480  0      0      0      -      0      0      0      0      0      0      0      0      0      0      0      0      0      0      1      0      0      2      1      0      0      0      1      0      0      0      0      0      0      0      0      1      0      0      0      0      0      0      0      1     
0x7f70df5bd4c0           PRMT R9, R6, 0x7771, RZ                                1      1      1      20480  655360 655360 32     32     0      0      -      -      -      0      0      0      0      0      0      0      0      -      0      0      0      0      0      0      0      0      0      0      0      0      1      0      0      0      0      0      0      0      0      0      0      0      0      0      0      0      0      1      0      0      0      0      0      0      0      0      0      0     
0x7f70df5bd4d0           STS.U8 [R55], R10                                      1      1      1      20480  655360 655360 32     32     0      0      Shared Store  8      0      1      0      20480  20480  0      0      0      -      0      0      0      0      0      0      0      0      0      0      0      0      0      0      0      0      0      0      0      0      0      0      1      0      0      0      0      0      0      0      0      0      0      0      0      0      0      0      0      1     
0x7f70df5bd4e0           PRMT R4, R6, 0x7772, RZ                                2      1      2      20480  655360 655360 32     32     0      0      -      -      -      0      0      0      0      0      0      0      0      -      0      0      0      0      0      0      0      0      0      0      0      0      0      0      0      0      0      1      0      1      0      0      0      0      0      0      0      0      0      0      0      0      0      0      0      0      1      0      0      0     
0x7f70df5bd4f0           STS.U8 [R54], R15                                      5      2      5      20480  655360 655360 32     32     0      0      Shared Store  8      0      1      0      20480  20480  0      0      0      -      0      0      0      0      0      0      0      0      0      0      0      0      0      0      0      0      0      1      2      0      0      0      2      0      0      0      0      0      0      0      0      0      0      0      0      0      0      0      0      2     
0x7f70df5bd500           PRMT R13, R6, 0x7773, RZ                               4      1      4      20480  655360 655360 32     32     0      0      -      -      -      0      0      0      0      0      0      0      0      -      0      0      0      0      0      0      0      0      0      0      0      0      0      0      0      0      0      2      0      2      0      0      0      0      0      0      0      0      0      0      0      0      0      0      0      0      1      0      0      0     
0x7f70df5bd510           STS.U8 [R56], R5                                       0      0      0      20480  655360 655360 32     32     0      0      Shared Store  8      0      1      0      20480  20480  0      0      0      -      0      0      0      0      0      0      0      0      0      0      0      0      0      0      0      0      0      0      0      0      0      0      0      0      0      0      0      0      0      0      0      0      0      0      0      0      0      0      0      0     
0x7f70df5bd520           PRMT R10, R7, 0x7771, RZ                               1      0      1      20480  655360 655360 32     32     0      0      -      -      -      0      0      0      0      0      0      0      0      -      0      0      0      0      0      0      0      0      0      0      0      0      0      0      0      0      0      0      1      0      0      0      0      0      0      0      0      0      0      0      0      0      0      0      0      0      0      0      0      0     
0x7f70df5bd530           STS.U8 [R57], R8                                       2      0      2      20480  655360 655360 32     32     0      0      Shared Store  8      0      1      0      20480  20480  0      0      0      -      0      0      0      0      0      0      0      0      0      0      0      0      0      0      0      0      0      1      1      0      0      0      0      0      0      0      0      0      0      0      0      0      0      0      0      0      0      0      0      0     
0x7f70df5bd540           STS.U8 [R101], R12                                     5      4      5      20480  655360 655360 32     32     0      0      Shared Store  8      0      1      0      20480  20480  0      0      0      -      0      0      0      0      0      0      0      0      0      0      0      0      0      0      1      0      0      0      1      0      0      0      3      0      0      0      0      0      0      0      0      1      0      0      0      0      0      0      0      3     
0x7f70df5bd550           PRMT R5, R7, 0x7773, RZ                                6      4      6      20480  655360 655360 32     32     0      0      -      -      -      0      0      0      0      0      0      0      0      -      0      0      0      0      0      0      0      0      0      0      0      0      0      0      0      0      0      0      1      5      0      0      0      0      0      0      0      0      0      0      0      0      0      0      0      0      4      0      0      0     
0x7f70df5bd560           STS.U8 [R102], R11                                     0      0      0      20480  655360 655360 32     32     0      0      Shared Store  8      0      1      0      20480  20480  0      0      0      -      0      0      0      0      0      0      0      0      0      0      0      0      0      0      0      0      0      0      0      0      0      0      0      0      0      0      0      0      0      0      0      0      0      0      0      0      0      0      0      0     
0x7f70df5bd570           STS.U8 [R59+0x800], R6                                 1      0      1      20480  655360 655360 32     32     0      0      Shared Store  8      0      1      0      20480  20480  0      0      0      -      0      0      0      0      0      0      0      0      0      0      0      0      0      0      0      0      0      1      0      0      0      0      0      0      0      0      0      0      0      0      0      0      0      0      0      0      0      0      0      0     
0x7f70df5bd580           STS.U8 [R58+0x800], R9                                 1      0      1      20480  655360 655360 32     32     0      0      Shared Store  8      0      1      0      20480  20480  0      0      0      -      0      0      0      0      0      0      0      0      0      0      0      0      0      0      0      0      0      0      0      0      0      0      1      0      0      0      0      0      0      0      0      0      0      0      0      0      0      0      0      0     
0x7f70df5bd590           STS.U8 [R55+0x800], R4                                 4      2      4      20480  655360 655360 32     32     0      0      Shared Store  8      0      1      0      20480  20480  0      0      0      -      0      0      0      0      0      0      0      0      0      0      0      0      0      0      0      0      0      1      0      0      0      0      3      0      0      0      0      0      0      0      0      0      0      0      0      0      0      0      0      2     
0x7f70df5bd5a0           STS.U8 [R54+0x800], R13                                3      0      3      20480  655360 655360 32     32     0      0      Shared Store  8      0      1      0      20480  20480  0      0      0      -      0      0      0      0      0      0      0      0      0      0      0      0      0      0      0      0      0      1      1      0      0      0      1      0      0      0      0      0      0      0      0      0      0      0      0      0      0      0      0      0     
0x7f70df5bd5b0           STS.U8 [R56+0x800], R7                                 2      1      2      20480  655360 655360 32     32     0      0      Shared Store  8      0      1      0      20480  20480  0      0      0      -      0      0      0      0      0      0      0      0      0      0      0      0      0      0      0      0      0      0      1      0      0      0      1      0      0      0      0      0      0      0      0      0      0      0      0      0      0      0      0      1     
0x7f70df5bd5c0           STS.U8 [R57+0x800], R10                                1      0      1      20480  655360 655360 32     32     0      0      Shared Store  8      0      1      0      20480  20480  0      0      0      -      0      0      0      0      0      0      0      0      0      0      0      0      0      0      0      0      0      0      1      0      0      0      0      0      0      0      0      0      0      0      0      0      0      0      0      0      0      0      0      0     
0x7f70df5bd5d0           STS.U8 [R101+0x800], R14                               6      3      6      20480  655360 655360 32     32     0      0      Shared Store  8      0      1      0      20480  20480  0      0      0      -      0      0      0      0      0      0      0      0      0      0      0      0      0      0      0      0      0      1      0      0      0      0      5      0      0      0      0      0      0      0      0      0      0      0      0      0      0      0      0      3     
0x7f70df5bd5e0           STS.U8 [R102+0x800], R5                                1      0      1      20480  655360 655360 32     32     0      0      Shared Store  8      0      1      0      20480  20480  0      0      0      -      0      0      0      0      0      0      0      0      0      0      0      0      0      0      0      0      0      0      1      0      0      0      0      0      0      0      0      0      0      0      0      0      0      0      0      0      0      0      0      0     
0x7f70df5bd5f0           BAR.SYNC.DEFER_BLOCKING 0x0                            0      0      0      20480  655360 655360 32     32     0      0      -      -      -      0      0      0      0      0      0      0      0      -      0      0      0      0      0      0      0      0      0      0      0      0      0      0      0      0      0      0      0      0      0      0      0      0      0      0      0      0      0      0      0      0      0      0      0      0      0      0      0      0     
0x7f70df5bd600     @P6   EXIT                                                   259    161    259    20480  655360 0      32     0      32     0      -      -      -      0      0      0      0      0      0      0      0      -      0      0      0      0      0      0      259    0      0      0      0      0      0      0      0      0      0      0      0      0      0      0      0      161    0      0      0      0      0      0      0      0      0      0      0      0      0      0      0      0     
0x7f70df5bd610           LDS.128 R32, [R37]                                     8      6      8      20480  655360 655360 32     32     0      0      Shared Load   128    0      4      0      81920  81920  0      0      0      -      0      0      0      0      0      0      0      0      0      0      0      0      0      0      0      0      0      0      2      0      0      0      6      0      0      0      0      0      0      0      0      0      0      0      0      0      0      0      0      6     
0x7f70df5bd620           ISETP.NE.AND P6, PT, R106, RZ, PT                      0      0      0      20480  655360 655360 32     32     0      0      -      -      -      0      0      0      0      0      0      0      0      -      0      0      0      0      0      0      0      0      0      0      0      0      0      0      0      0      0      0      0      0      0      0      0      0      0      0      0      0      0      0      0      0      0      0      0      0      0      0      0      0     
0x7f70df5bd630           LDS.128 R24, [R36]                                     2      1      2      20480  655360 655360 32     32     0      0      Shared Load   128    0      4      0      81920  81920  0      0      0      -      0      0      0      0      0      0      0      0      0      0      0      0      0      0      0      0      0      0      1      0      0      0      1      0      0      0      0      0      0      0      0      0      0      0      0      0      0      0      0      1     
0x7f70df5bd640           LDS.128 R20, [R37+0x1000]                              1      0      1      20480  655360 655360 32     32     0      0      Shared Load   128    0      4      0      81920  81920  0      0      0      -      0      0      0      0      0      0      0      0      0      0      0      0      0      0      0      0      0      0      1      0      0      0      0      0      0      0      0      0      0      0      0      0      0      0      0      0      0      0      0      0     
0x7f70df5bd650           LDS.128 R16, [R36+0x1000]                              3      1      3      20480  655360 655360 32     32     0      0      Shared Load   128    0      4      0      81920  81920  0      0      0      -      0      0      0      0      0      0      0      0      0      0      0      0      0      0      0      0      0      0      0      0      0      0      3      0      0      0      0      0      0      0      0      0      0      0      0      0      0      0      0      1     
0x7f70df5bd660           LDS.128 R12, [R37+0x2000]                              4      2      4      20480  655360 655360 32     32     0      0      Shared Load   128    0      4      0      81920  81920  0      0      0      -      0      0      0      0      0      0      0      0      0      0      0      0      0      0      1      0      0      1      1      0      0      0      1      0      0      0      0      0      0      0      0      1      0      0      0      0      0      0      0      1     
0x7f70df5bd670           LDS.128 R4, [R36+0x2000]                               3      1      3      20480  655360 655360 32     32     0      0      Shared Load   128    0      4      0      81920  81920  0      0      0      -      0      0      0      0      0      0      0      0      0      0      0      0      0      0      0      0      0      0      2      0      0      0      1      0      0      0      0      0      0      0      0      0      0      0      0      0      0      0      0      1     
0x7f70df5bd680           LDS.128 R8, [R37+0x3000]                               1      1      1      20480  655360 655360 32     32     0      0      Shared Load   128    0      4      0      81920  81920  0      0      0      -      0      0      0      0      0      0      0      0      0      0      0      0      0      0      0      0      0      0      0      0      0      0      1      0      0      0      0      0      0      0      0      0      0      0      0      0      0      0      0      1     
0x7f70df5bd690           LDS.128 R28, [R36+0x3000]                              1      0      1      20480  655360 655360 32     32     0      0      Shared Load   128    0      4      0      81920  81920  0      0      0      -      0      0      0      0      0      0      0      0      0      0      0      0      0      0      0      0      0      0      0      0      0      0      1      0      0      0      0      0      0      0      0      0      0      0      0      0      0      0      0      0     
0x7f70df5bd6a0           IMAD.SHL.U32 R37, R0, 0x10, RZ                         15     12     15     20480  655360 655360 32     32     0      0      -      -      -      0      0      0      0      0      0      0      0      -      0      0      0      0      0      0      0      0      0      0      0      0      1      0      0      0      0      0      0      14     0      0      0      0      0      0      0      0      0      0      0      0      0      0      0      0      12     0      0      0     
0x7f70df5bd6b0           PRMT R39, R32, 0x40, R34                               15     10     15     20480  655360 655360 32     32     0      0      -      -      -      0      0      0      0      0      0      0      0      -      0      0      0      0      0      0      0      0      0      0      0      0      0      0      0      0      0      1      0      14     0      0      0      0      0      0      0      0      0      0      0      0      0      0      0      0      10     0      0      0     
0x7f70df5bd6c0           PRMT R47, R32, 0x62, R34                               1      1      1      20480  655360 655360 32     32     0      0      -      -      -      0      0      0      0      0      0      0      0      -      0      0      0      0      0      0      0      0      0      0      0      0      1      0      0      0      0      0      0      0      0      0      0      0      0      0      0      0      0      1      0      0      0      0      0      0      0      0      0      0     
0x7f70df5bd6d0           PRMT R38, R24, 0x4000, R26                             0      0      0      20480  655360 655360 32     32     0      0      -      -      -      0      0      0      0      0      0      0      0      -      0      0      0      0      0      0      0      0      0      0      0      0      0      0      0      0      0      0      0      0      0      0      0      0      0      0      0      0      0      0      0      0      0      0      0      0      0      0      0      0     
0x7f70df5bd6e0           PRMT R61, R32, 0x73, R34                               3      2      3      20480  655360 655360 32     32     0      0      -      -      -      0      0      0      0      0      0      0      0      -      0      0      0      0      0      0      0      0      0      0      0      0      0      0      0      0      0      0      1      0      0      0      2      0      0      0      0      0      0      0      0      0      0      0      0      0      0      0      0      2     
0x7f70df5bd6f0           PRMT R46, R20, 0x40, R22                               0      0      0      20480  655360 655360 32     32     0      0      -      -      -      0      0      0      0      0      0      0      0      -      0      0      0      0      0      0      0      0      0      0      0      0      0      0      0      0      0      0      0      0      0      0      0      0      0      0      0      0      0      0      0      0      0      0      0      0      0      0      0      0     
0x7f70df5bd700           PRMT R40, R39, 0x7610, R38                             1      1      1      20480  655360 655360 32     32     0      0      -      -      -      0      0      0      0      0      0      0      0      -      0      0      0      0      0      0      0      0      0      0      0      0      0      0      0      0      0      0      0      0      0      0      1      0      0      0      0      0      0      0      0      0      0      0      0      0      0      0      0      1     
0x7f70df5bd710           PRMT R41, R16, 0x4000, R18                             2      2      2      20480  655360 655360 32     32     0      0      -      -      -      0      0      0      0      0      0      0      0      -      0      0      0      0      0      0      0      0      0      0      0      0      0      0      0      0      0      0      0      0      0      0      2      0      0      0      0      0      0      0      0      0      0      0      0      0      0      0      0      2     
0x7f70df5bd720           PRMT R36, R24, 0x5100, R26                             3      1      3      20480  655360 655360 32     32     0      0      -      -      -      0      0      0      0      0      0      0      0      -      0      0      0      0      0      0      0      0      0      0      0      0      1      0      0      0      0      0      1      0      0      0      1      0      0      0      0      0      0      1      0      0      0      0      0      0      0      0      0      0     
0x7f70df5bd730           PRMT R45, R12, 0x40, R14                               4      2      4      20480  655360 655360 32     32     0      0      -      -      -      0      0      0      0      0      0      0      0      -      0      0      0      0      0      0      0      0      0      0      0      0      0      0      0      0      0      0      0      2      0      0      2      0      0      0      0      0      0      0      0      0      0      0      0      0      1      0      0      1     
0x7f70df5bd740           PRMT R41, R46, 0x7610, R41                             2      1      2      20480  655360 655360 32     32     0      0      -      -      -      0      0      0      0      0      0      0      0      -      0      0      0      0      0      0      0      0      0      0      0      0      0      0      0      0      0      0      1      0      0      0      1      0      0      0      0      0      0      0      0      0      0      0      0      0      0      0      0      1     
0x7f70df5bd750           PRMT R42, R4, 0x4000, R6                               1      1      1      20480  655360 655360 32     32     0      0      -      -      -      0      0      0      0      0      0      0      0      -      0      0      0      0      0      0      0      0      0      0      0      0      0      0      0      0      0      0      0      1      0      0      0      0      0      0      0      0      0      0      0      0      0      0      0      0      1      0      0      0     
0x7f70df5bd760           PRMT R53, R20, 0x62, R22                               1      1      1      20480  655360 655360 32     32     0      0      -      -      -      0      0      0      0      0      0      0      0      -      0      0      0      0      0      0      0      0      0      0      0      0      0      0      0      0      0      0      0      0      0      0      1      0      0      0      0      0      0      0      0      0      0      0      0      0      0      0      0      1     
0x7f70df5bd770           PRMT R44, R8, 0x40, R10                                12     8      12     20480  655360 655360 32     32     0      0      -      -      -      0      0      0      0      0      0      0      0      -      0      0      0      0      0      0      0      0      0      0      0      0      1      0      0      0      0      0      0      10     0      0      1      0      0      0      0      0      0      0      0      0      0      0      0      0      7      0      0      1     
0x7f70df5bd780           PRMT R42, R45, 0x7610, R42                             1      0      1      20480  655360 655360 32     32     0      0      -      -      -      0      0      0      0      0      0      0      0      -      0      0      0      0      0      0      0      0      0      0      0      0      1      0      0      0      0      0      0      0      0      0      0      0      0      0      0      0      0      0      0      0      0      0      0      0      0      0      0      0     
0x7f70df5bd790           PRMT R43, R28, 0x4000, R30                             0      0      0      20480  655360 655360 32     32     0      0      -      -      -      0      0      0      0      0      0      0      0      -      0      0      0      0      0      0      0      0      0      0      0      0      0      0      0      0      0      0      0      0      0      0      0      0      0      0      0      0      0      0      0      0      0      0      0      0      0      0      0      0     
0x7f70df5bd7a0           PRMT R45, R20, 0x51, R22                               2      1      2      20480  655360 655360 32     32     0      0      -      -      -      0      0      0      0      0      0      0      0      -      0      0      0      0      0      0      0      0      0      0      0      0      0      0      0      0      0      0      1      0      0      0      1      0      0      0      0      0      0      0      0      0      0      0      0      0      0      0      0      1     
0x7f70df5bd7b0           PRMT R43, R44, 0x7610, R43                             0      0      0      20480  655360 655360 32     32     0      0      -      -      -      0      0      0      0      0      0      0      0      -      0      0      0      0      0      0      0      0      0      0      0      0      0      0      0      0      0      0      0      0      0      0      0      0      0      0      0      0      0      0      0      0      0      0      0      0      0      0      0      0     
0x7f70df5bd7c0           PRMT R59, R20, 0x73, R22                               0      0      0      20480  655360 655360 32     32     0      0      -      -      -      0      0      0      0      0      0      0      0      -      0      0      0      0      0      0      0      0      0      0      0      0      0      0      0      0      0      0      0      0      0      0      0      0      0      0      0      0      0      0      0      0      0      0      0      0      0      0      0      0     
0x7f70df5bd7d0           PRMT R38, R4, 0x5100, R6                               0      0      0      20480  655360 655360 32     32     0      0      -      -      -      0      0      0      0      0      0      0      0      -      0      0      0      0      0      0      0      0      0      0      0      0      0      0      0      0      0      0      0      0      0      0      0      0      0      0      0      0      0      0      0      0      0      0      0      0      0      0      0      0     
0x7f70df5bd7e0     @P6   STG.E.128 desc[UR10][R2.64], R40                       0      0      0      20480  655360 655360 32     32     0      0      Global Store  128    81920  0      0      0      0      0      327680 327680        0      0      0      0      0      0      0      0      0      0      0      0      0      0      0      0      0      0      0      0      0      0      0      0      0      0      0      0      0      0      0      0      0      0      0      0      0      0      0      0     
0x7f70df5bd7f0     @P0   IADD3 R48, P6, PT, R37, R2, RZ                         0      0      0      20480  655360 655360 32     32     0      0      -      -      -      0      0      0      0      0      0      0      0      -      0      0      0      0      0      0      0      0      0      0      0      0      0      0      0      0      0      0      0      0      0      0      0      0      0      0      0      0      0      0      0      0      0      0      0      0      0      0      0      0     
0x7f70df5bd800           PRMT R46, R4, 0x7300, R6                               1      0      1      20480  655360 655360 32     32     0      0      -      -      -      0      0      0      0      0      0      0      0      -      0      0      0      0      0      0      0      0      0      0      0      0      0      0      0      0      0      1      0      0      0      0      0      0      0      0      0      0      0      0      0      0      0      0      0      0      0      0      0      0     
0x7f70df5bd810     @P0   LEA.HI.X.SX32 R49, R37, R3, 0x1, P6                    1      0      1      20480  655360 655360 32     32     0      0      -      -      -      0      0      0      0      0      0      0      0      -      0      0      0      0      0      0      0      0      0      0      0      0      0      0      0      0      0      0      0      0      0      0      1      0      0      0      0      0      0      0      0      0      0      0      0      0      0      0      0      0     
0x7f70df5bd820           PRMT R37, R32, 0x51, R34                               1      1      1      20480  655360 655360 32     32     0      0      -      -      -      0      0      0      0      0      0      0      0      -      0      0      0      0      0      0      0      0      0      0      0      0      0      0      0      0      0      0      0      0      0      0      1      0      0      0      0      0      0      0      0      0      0      0      0      0      0      0      0      1     
0x7f70df5bd830           PRMT R32, R24, 0x6200, R26                             1      0      1      20480  655360 655360 32     32     0      0      -      -      -      0      0      0      0      0      0      0      0      -      0      0      0      0      0      0      0      0      0      0      0      0      0      0      0      0      0      0      1      0      0      0      0      0      0      0      0      0      0      0      0      0      0      0      0      0      0      0      0      0     
0x7f70df5bd840           PRMT R20, R16, 0x5100, R18                             1      1      1      20480  655360 655360 32     32     0      0      -      -      -      0      0      0      0      0      0      0      0      -      0      0      0      0      0      0      0      0      0      0      0      0      0      0      0      0      0      0      0      0      0      0      1      0      0      0      0      0      0      0      0      0      0      0      0      0      0      0      0      1     
0x7f70df5bd850           PRMT R39, R28, 0x5100, R30                             1      0      1      20480  655360 655360 32     32     0      0      -      -      -      0      0      0      0      0      0      0      0      -      0      0      0      0      0      0      0      0      0      0      0      0      0      0      0      0      0      0      1      0      0      0      0      0      0      0      0      0      0      0      0      0      0      0      0      0      0      0      0      0     
0x7f70df5bd860           PRMT R36, R37, 0x7610, R36                             1      1      1      20480  655360 655360 32     32     0      0      -      -      -      0      0      0      0      0      0      0      0      -      0      0      0      0      0      0      0      0      0      0      0      0      0      0      0      0      0      0      0      0      0      0      1      0      0      0      0      0      0      0      0      0      0      0      0      0      0      0      0      1     
0x7f70df5bd870           PRMT R37, R45, 0x7610, R20                             3      1      3      20480  655360 655360 32     32     0      0      -      -      -      0      0      0      0      0      0      0      0      -      0      0      0      0      0      0      0      0      0      0      0      0      0      0      0      0      0      0      2      0      0      0      1      0      0      0      0      0      0      0      0      0      0      0      0      0      0      0      0      1     
0x7f70df5bd880           PRMT R42, R4, 0x6200, R6                               5      3      5      20480  655360 655360 32     32     0      0      -      -      -      0      0      0      0      0      0      0      0      -      0      0      0      0      0      0      0      0      0      0      0      4      0      0      0      0      0      0      0      0      0      0      1      0      0      0      0      0      2      0      0      0      0      0      0      0      0      0      0      1     
0x7f70df5bd890           PRMT R41, R12, 0x51, R14                               0      0      0      20480  655360 655360 32     32     0      0      -      -      -      0      0      0      0      0      0      0      0      -      0      0      0      0      0      0      0      0      0      0      0      0      0      0      0      0      0      0      0      0      0      0      0      0      0      0      0      0      0      0      0      0      0      0      0      0      0      0      0      0     
0x7f70df5bd8a0           PRMT R4, R8, 0x51, R10                                 1      1      1      20480  655360 655360 32     32     0      0      -      -      -      0      0      0      0      0      0      0      0      -      0      0      0      0      0      0      0      0      0      0      0      0      0      0      0      0      0      0      0      0      0      0      1      0      0      0      0      0      0      0      0      0      0      0      0      0      0      0      0      1     
0x7f70df5bd8b0           PRMT R38, R41, 0x7610, R38                             0      0      0      20480  655360 655360 32     32     0      0      -      -      -      0      0      0      0      0      0      0      0      -      0      0      0      0      0      0      0      0      0      0      0      0      0      0      0      0      0      0      0      0      0      0      0      0      0      0      0      0      0      0      0      0      0      0      0      0      0      0      0      0     
0x7f70df5bd8c0           PRMT R39, R4, 0x7610, R39                              0      0      0      20480  655360 655360 32     32     0      0      -      -      -      0      0      0      0      0      0      0      0      -      0      0      0      0      0      0      0      0      0      0      0      0      0      0      0      0      0      0      0      0      0      0      0      0      0      0      0      0      0      0      0      0      0      0      0      0      0      0      0      0     
0x7f70df5bd8d0           PRMT R40, R47, 0x7610, R32                             1      1      1      20480  655360 655360 32     32     0      0      -      -      -      0      0      0      0      0      0      0      0      -      0      0      0      0      0      0      0      0      0      0      0      0      0      0      0      0      0      0      0      0      0      0      1      0      0      0      0      0      0      0      0      0      0      0      0      0      0      0      0      1     
0x7f70df5bd8e0     @P1   IMAD.SHL.U32 R47, R0, 0x20, RZ                         1      0      1      20480  655360 655360 32     32     0      0      -      -      -      0      0      0      0      0      0      0      0      -      0      0      0      0      0      0      0      0      0      0      0      0      0      0      0      0      0      0      1      0      0      0      0      0      0      0      0      0      0      0      0      0      0      0      0      0      0      0      0      0     
0x7f70df5bd8f0           PRMT R22, R16, 0x6200, R18                             0      0      0      20480  655360 655360 32     32     0      0      -      -      -      0      0      0      0      0      0      0      0      -      0      0      0      0      0      0      0      0      0      0      0      0      0      0      0      0      0      0      0      0      0      0      0      0      0      0      0      0      0      0      0      0      0      0      0      0      0      0      0      0     
0x7f70df5bd900     @P0   STG.E.128 desc[UR10][R48.64], R36                      0      0      0      20480  655360 655360 32     32     0      0      Global Store  128    81920  0      0      0      0      0      327680 327680        0      0      0      0      0      0      0      0      0      0      0      0      0      0      0      0      0      0      0      0      0      0      0      0      0      0      0      0      0      0      0      0      0      0      0      0      0      0      0      0     
0x7f70df5bd910           PRMT R51, R12, 0x62, R14                               0      0      0      20480  655360 655360 32     32     0      0      -      -      -      0      0      0      0      0      0      0      0      -      0      0      0      0      0      0      0      0      0      0      0      0      0      0      0      0      0      0      0      0      0      0      0      0      0      0      0      0      0      0      0      0      0      0      0      0      0      0      0      0     
0x7f70df5bd920           PRMT R41, R53, 0x7610, R22                             0      0      0      20480  655360 655360 32     32     0      0      -      -      -      0      0      0      0      0      0      0      0      -      0      0      0      0      0      0      0      0      0      0      0      0      0      0      0      0      0      0      0      0      0      0      0      0      0      0      0      0      0      0      0      0      0      0      0      0      0      0      0      0     
0x7f70df5bd930     @P2   IMAD R53, R0, 0x30, RZ                                 2      0      2      20480  655360 655360 32     32     0      0      -      -      -      0      0      0      0      0      0      0      0      -      0      0      0      0      0      0      0      0      0      0      0      0      0      0      0      0      0      0      2      0      0      0      0      0      0      0      0      0      0      0      0      0      0      0      0      0      0      0      0      0     
0x7f70df5bd940     @P1   IADD3 R50, P0, PT, R47, R2, RZ                         1      0      1      20480  655360 655360 32     32     0      0      -      -      -      0      0      0      0      0      0      0      0      -      0      0      0      0      0      0      0      0      0      0      0      0      0      0      0      0      0      0      1      0      0      0      0      0      0      0      0      0      0      0      0      0      0      0      0      0      0      0      0      0     
0x7f70df5bd950           PRMT R42, R51, 0x7610, R42                             1      1      1      20480  655360 655360 32     32     0      0      -      -      -      0      0      0      0      0      0      0      0      -      0      0      0      0      0      0      0      0      0      0      0      0      0      0      0      0      0      0      0      0      0      0      1      0      0      0      0      0      0      0      0      0      0      0      0      0      0      0      0      1     
0x7f70df5bd960           PRMT R4, R8, 0x62, R10                                 1      0      1      20480  655360 655360 32     32     0      0      -      -      -      0      0      0      0      0      0      0      0      -      0      0      0      0      0      0      0      0      0      0      0      0      0      0      0      0      0      0      1      0      0      0      0      0      0      0      0      0      0      0      0      0      0      0      0      0      0      0      0      0     
0x7f70df5bd970           PRMT R43, R28, 0x6200, R30                             2      1      2      20480  655360 655360 32     32     0      0      -      -      -      0      0      0      0      0      0      0      0      -      0      0      0      0      0      0      0      0      0      0      0      0      0      0      0      0      0      0      1      0      0      0      1      0      0      0      0      0      0      0      0      0      0      0      0      0      0      0      0      1     
0x7f70df5bd980     @P1   LEA.HI.X.SX32 R51, R47, R3, 0x1, P0                    1      1      1      20480  655360 655360 32     32     0      0      -      -      -      0      0      0      0      0      0      0      0      -      0      0      0      0      0      0      0      0      0      0      0      0      0      0      0      0      0      0      0      0      0      0      1      0      0      0      0      0      0      0      0      0      0      0      0      0      0      0      0      1     
0x7f70df5bd990           PRMT R44, R24, 0x7300, R26                             1      0      1      20480  655360 655360 32     32     0      0      -      -      -      0      0      0      0      0      0      0      0      -      0      0      0      0      0      0      0      0      0      0      0      0      0      0      0      0      0      0      1      0      0      0      0      0      0      0      0      0      0      0      0      0      0      0      0      0      0      0      0      0     
0x7f70df5bd9a0           PRMT R16, R16, 0x7300, R18                             2      0      2      20480  655360 655360 32     32     0      0      -      -      -      0      0      0      0      0      0      0      0      -      0      0      0      0      0      0      0      0      0      0      0      0      0      0      0      0      0      0      2      0      0      0      0      0      0      0      0      0      0      0      0      0      0      0      0      0      0      0      0      0     
0x7f70df5bd9b0           PRMT R55, R12, 0x73, R14                               3      1      3      20480  655360 655360 32     32     0      0      -      -      -      0      0      0      0      0      0      0      0      -      0      0      0      0      0      0      0      0      0      0      0      0      0      0      0      0      0      1      1      0      0      0      1      0      0      0      0      0      0      0      0      0      0      0      0      0      0      0      0      1     
0x7f70df5bd9c0           PRMT R57, R8, 0x73, R10                                0      0      0      20480  655360 655360 32     32     0      0      -      -      -      0      0      0      0      0      0      0      0      -      0      0      0      0      0      0      0      0      0      0      0      0      0      0      0      0      0      0      0      0      0      0      0      0      0      0      0      0      0      0      0      0      0      0      0      0      0      0      0      0     
0x7f70df5bd9d0           PRMT R28, R28, 0x7300, R30                             0      0      0      20480  655360 655360 32     32     0      0      -      -      -      0      0      0      0      0      0      0      0      -      0      0      0      0      0      0      0      0      0      0      0      0      0      0      0      0      0      0      0      0      0      0      0      0      0      0      0      0      0      0      0      0      0      0      0      0      0      0      0      0     
0x7f70df5bd9e0     @P2   IADD3 R38, P0, PT, R53, R2, RZ                         4      2      4      20480  655360 655360 32     32     0      0      -      -      -      0      0      0      0      0      0      0      0      -      0      0      0      0      0      0      0      0      0      0      0      3      0      0      0      0      0      0      1      0      0      0      0      0      0      0      0      0      2      0      0      0      0      0      0      0      0      0      0      0     
0x7f70df5bd9f0           PRMT R43, R4, 0x7610, R43                              0      0      0      20480  655360 655360 32     32     0      0      -      -      -      0      0      0      0      0      0      0      0      -      0      0      0      0      0      0      0      0      0      0      0      0      0      0      0      0      0      0      0      0      0      0      0      0      0      0      0      0      0      0      0      0      0      0      0      0      0      0      0      0     
0x7f70df5bda00           PRMT R44, R61, 0x7610, R44                             2      1      2      20480  655360 655360 32     32     0      0      -      -      -      0      0      0      0      0      0      0      0      -      0      0      0      0      0      0      0      0      0      0      0      0      0      0      0      0      0      0      1      0      0      0      1      0      0      0      0      0      0      0      0      0      0      0      0      0      0      0      0      1     
0x7f70df5bda10           PRMT R45, R59, 0x7610, R16                             0      0      0      20480  655360 655360 32     32     0      0      -      -      -      0      0      0      0      0      0      0      0      -      0      0      0      0      0      0      0      0      0      0      0      0      0      0      0      0      0      0      0      0      0      0      0      0      0      0      0      0      0      0      0      0      0      0      0      0      0      0      0      0     
0x7f70df5bda20     @P1   STG.E.128 desc[UR10][R50.64], R40                      1      0      1      20480  655360 655360 32     32     0      0      Global Store  128    81920  0      0      0      0      0      327680 327680        0      0      0      0      0      0      0      0      0      0      0      0      0      0      0      0      0      0      1      0      0      0      0      0      0      0      0      0      0      0      0      0      0      0      0      0      0      0      0      0     
0x7f70df5bda30           PRMT R46, R55, 0x7610, R46                             0      0      0      20480  655360 655360 32     32     0      0      -      -      -      0      0      0      0      0      0      0      0      -      0      0      0      0      0      0      0      0      0      0      0      0      0      0      0      0      0      0      0      0      0      0      0      0      0      0      0      0      0      0      0      0      0      0      0      0      0      0      0      0     
0x7f70df5bda40           PRMT R47, R57, 0x7610, R28                             0      0      0      20480  655360 655360 32     32     0      0      -      -      -      0      0      0      0      0      0      0      0      -      0      0      0      0      0      0      0      0      0      0      0      0      0      0      0      0      0      0      0      0      0      0      0      0      0      0      0      0      0      0      0      0      0      0      0      0      0      0      0      0     
0x7f70df5bda50     @P2   LEA.HI.X.SX32 R39, R53, R3, 0x1, P0                    1      0      1      20480  655360 655360 32     32     0      0      -      -      -      0      0      0      0      0      0      0      0      -      0      0      0      0      0      0      0      0      0      0      0      0      0      0      0      0      0      0      1      0      0      0      0      0      0      0      0      0      0      0      0      0      0      0      0      0      0      0      0      0     
0x7f70df5bda60           PRMT R37, R33, 0x40, R35                               0      0      0      20480  655360 655360 32     32     0      0      -      -      -      0      0      0      0      0      0      0      0      -      0      0      0      0      0      0      0      0      0      0      0      0      0      0      0      0      0      0      0      0      0      0      0      0      0      0      0      0      0      0      0      0      0      0      0      0      0      0      0      0     
0x7f70df5bda70           PRMT R49, R33, 0x51, R35                               2      2      2      20480  655360 655360 32     32     0      0      -      -      -      0      0      0      0      0      0      0      0      -      0      0      0      0      0      0      0      0      0      0      0      0      0      0      0      0      0      0      0      0      0      0      2      0      0      0      0      0      0      0      0      0      0      0      0      0      0      0      0      2     
0x7f70df5bda80     @P2   STG.E.128 desc[UR10][R38.64], R44                      0      0      0      20480  655360 655360 32     32     0      0      Global Store  128    81920  0      0      0      0      0      327680 327680        0      0      0      0      0      0      0      0      0      0      0      0      0      0      0      0      0      0      0      0      0      0      0      0      0      0      0      0      0      0      0      0      0      0      0      0      0      0      0      0     
0x7f70df5bda90           PRMT R53, R33, 0x62, R35                               0      0      0      20480  655360 655360 32     32     0      0      -      -      -      0      0      0      0      0      0      0      0      -      0      0      0      0      0      0      0      0      0      0      0      0      0      0      0      0      0      0      0      0      0      0      0      0      0      0      0      0      0      0      0      0      0      0      0      0      0      0      0      0     
0x7f70df5bdaa0           PRMT R8, R33, 0x73, R35                                0      0      0      20480  655360 655360 32     32     0      0      -      -      -      0      0      0      0      0      0      0      0      -      0      0      0      0      0      0      0      0      0      0      0      0      0      0      0      0      0      0      0      0      0      0      0      0      0      0      0      0      0      0      0      0      0      0      0      0      0      0      0      0     
0x7f70df5bdab0           PRMT R32, R25, 0x4000, R27                             0      0      0      20480  655360 655360 32     32     0      0      -      -      -      0      0      0      0      0      0      0      0      -      0      0      0      0      0      0      0      0      0      0      0      0      0      0      0      0      0      0      0      0      0      0      0      0      0      0      0      0      0      0      0      0      0      0      0      0      0      0      0      0     
0x7f70df5bdac0           PRMT R4, R21, 0x40, R23                                1      0      1      20480  655360 655360 32     32     0      0      -      -      -      0      0      0      0      0      0      0      0      -      0      0      0      0      0      0      0      0      0      0      0      0      0      0      0      0      0      0      1      0      0      0      0      0      0      0      0      0      0      0      0      0      0      0      0      0      0      0      0      0     
0x7f70df5bdad0     @P4   IMAD R43, R0, 0x50, RZ                                 8      7      8      20480  655360 655360 32     32     0      0      -      -      -      0      0      0      0      0      0      0      0      -      0      0      0      0      0      0      0      0      0      0      0      8      0      0      0      0      0      0      0      0      0      0      0      0      0      0      0      0      7      0      0      0      0      0      0      0      0      0      0      0     
0x7f70df5bdae0           PRMT R33, R17, 0x4000, R19                             0      0      0      20480  655360 655360 32     32     0      0      -      -      -      0      0      0      0      0      0      0      0      -      0      0      0      0      0      0      0      0      0      0      0      0      0      0      0      0      0      0      0      0      0      0      0      0      0      0      0      0      0      0      0      0      0      0      0      0      0      0      0      0     
0x7f70df5bdaf0           PRMT R32, R37, 0x7610, R32                             0      0      0      20480  655360 655360 32     32     0      0      -      -      -      0      0      0      0      0      0      0      0      -      0      0      0      0      0      0      0      0      0      0      0      0      0      0      0      0      0      0      0      0      0      0      0      0      0      0      0      0      0      0      0      0      0      0      0      0      0      0      0      0     
0x7f70df5bdb00           PRMT R33, R4, 0x7610, R33                              2      0      2      20480  655360 655360 32     32     0      0      -      -      -      0      0      0      0      0      0      0      0      -      0      0      0      0      0      0      0      0      0      0      0      0      0      0      0      0      0      0      2      0      0      0      0      0      0      0      0      0      0      0      0      0      0      0      0      0      0      0      0      0     
0x7f70df5bdb10           PRMT R4, R21, 0x51, R23                                1      0      1      20480  655360 655360 32     32     0      0      -      -      -      0      0      0      0      0      0      0      0      -      0      0      0      0      0      0      0      0      0      0      0      0      0      0      0      0      0      0      1      0      0      0      0      0      0      0      0      0      0      0      0      0      0      0      0      0      0      0      0      0     
0x7f70df5bdb20           PRMT R37, R17, 0x5100, R19                             0      0      0      20480  655360 655360 32     32     0      0      -      -      -      0      0      0      0      0      0      0      0      -      0      0      0      0      0      0      0      0      0      0      0      0      0      0      0      0      0      0      0      0      0      0      0      0      0      0      0      0      0      0      0      0      0      0      0      0      0      0      0      0     
0x7f70df5bdb30     @P5   IMAD R45, R0, 0x60, RZ                                 3      2      3      20480  655360 655360 32     32     0      0      -      -      -      0      0      0      0      0      0      0      0      -      0      0      0      0      0      0      0      0      0      0      0      3      0      0      0      0      0      0      0      0      0      0      0      0      0      0      0      0      2      0      0      0      0      0      0      0      0      0      0      0     
0x7f70df5bdb40           PRMT R39, R13, 0x51, R15                               2      0      2      20480  655360 655360 32     32     0      0      -      -      -      0      0      0      0      0      0      0      0      -      0      0      0      0      0      0      0      0      0      0      0      0      0      0      0      0      0      0      2      0      0      0      0      0      0      0      0      0      0      0      0      0      0      0      0      0      0      0      0      0     
0x7f70df5bdb50           PRMT R38, R5, 0x5100, R7                               1      0      1      20480  655360 655360 32     32     0      0      -      -      -      0      0      0      0      0      0      0      0      -      0      0      0      0      0      0      0      0      0      0      0      0      0      0      0      0      0      0      1      0      0      0      0      0      0      0      0      0      0      0      0      0      0      0      0      0      0      0      0      0     
0x7f70df5bdb60           PRMT R35, R13, 0x40, R15                               1      0      1      20480  655360 655360 32     32     0      0      -      -      -      0      0      0      0      0      0      0      0      -      0      0      0      0      0      0      0      0      0      0      0      0      0      0      0      0      0      0      1      0      0      0      0      0      0      0      0      0      0      0      0      0      0      0      0      0      0      0      0      0     
0x7f70df5bdb70           PRMT R34, R5, 0x4000, R7                               0      0      0      20480  655360 655360 32     32     0      0      -      -      -      0      0      0      0      0      0      0      0      -      0      0      0      0      0      0      0      0      0      0      0      0      0      0      0      0      0      0      0      0      0      0      0      0      0      0      0      0      0      0      0      0      0      0      0      0      0      0      0      0     
0x7f70df5bdb80           PRMT R36, R25, 0x5100, R27                             2      2      2      20480  655360 655360 32     32     0      0      -      -      -      0      0      0      0      0      0      0      0      -      0      0      0      0      0      0      0      0      0      0      0      0      1      0      0      0      0      0      0      0      0      0      1      0      0      0      0      0      0      1      0      0      0      0      0      0      0      0      0      1     
0x7f70df5bdb90           PRMT R38, R39, 0x7610, R38                             0      0      0      20480  655360 655360 32     32     0      0      -      -      -      0      0      0      0      0      0      0      0      -      0      0      0      0      0      0      0      0      0      0      0      0      0      0      0      0      0      0      0      0      0      0      0      0      0      0      0      0      0      0      0      0      0      0      0      0      0      0      0      0     
0x7f70df5bdba0     @P3   IMAD.SHL.U32 R39, R0, 0x40, RZ                         1      0      1      20480  655360 655360 32     32     0      0      -      -      -      0      0      0      0      0      0      0      0      -      0      0      0      0      0      0      0      0      0      0      0      0      0      0      0      0      0      0      1      0      0      0      0      0      0      0      0      0      0      0      0      0      0      0      0      0      0      0      0      0     
0x7f70df5bdbb0           PRMT R37, R4, 0x7610, R37                              0      0      0      20480  655360 655360 32     32     0      0      -      -      -      0      0      0      0      0      0      0      0      -      0      0      0      0      0      0      0      0      0      0      0      0      0      0      0      0      0      0      0      0      0      0      0      0      0      0      0      0      0      0      0      0      0      0      0      0      0      0      0      0     
0x7f70df5bdbc0           PRMT R34, R35, 0x7610, R34                             0      0      0      20480  655360 655360 32     32     0      0      -      -      -      0      0      0      0      0      0      0      0      -      0      0      0      0      0      0      0      0      0      0      0      0      0      0      0      0      0      0      0      0      0      0      0      0      0      0      0      0      0      0      0      0      0      0      0      0      0      0      0      0     
0x7f70df5bdbd0           PRMT R36, R49, 0x7610, R36                             0      0      0      20480  655360 655360 32     32     0      0      -      -      -      0      0      0      0      0      0      0      0      -      0      0      0      0      0      0      0      0      0      0      0      0      0      0      0      0      0      0      0      0      0      0      0      0      0      0      0      0      0      0      0      0      0      0      0      0      0      0      0      0     
0x7f70df5bdbe0           PRMT R4, R9, 0x40, R11                                 1      0      1      20480  655360 655360 32     32     0      0      -      -      -      0      0      0      0      0      0      0      0      -      0      0      0      0      0      0      0      0      0      0      0      0      0      0      0      0      0      0      1      0      0      0      0      0      0      0      0      0      0      0      0      0      0      0      0      0      0      0      0      0     
0x7f70df5bdbf0           PRMT R35, R29, 0x4000, R31                             0      0      0      20480  655360 655360 32     32     0      0      -      -      -      0      0      0      0      0      0      0      0      -      0      0      0      0      0      0      0      0      0      0      0      0      0      0      0      0      0      0      0      0      0      0      0      0      0      0      0      0      0      0      0      0      0      0      0      0      0      0      0      0     
0x7f70df5bdc00           PRMT R6, R21, 0x62, R23                                0      0      0      20480  655360 655360 32     32     0      0      -      -      -      0      0      0      0      0      0      0      0      -      0      0      0      0      0      0      0      0      0      0      0      0      0      0      0      0      0      0      0      0      0      0      0      0      0      0      0      0      0      0      0      0      0      0      0      0      0      0      0      0     
0x7f70df5bdc10           PRMT R49, R17, 0x6200, R19                             0      0      0      20480  655360 655360 32     32     0      0      -      -      -      0      0      0      0      0      0      0      0      -      0      0      0      0      0      0      0      0      0      0      0      0      0      0      0      0      0      0      0      0      0      0      0      0      0      0      0      0      0      0      0      0      0      0      0      0      0      0      0      0     
0x7f70df5bdc20           ISETP.NE.AND P6, PT, R103, RZ, PT                      0      0      0      20480  655360 655360 32     32     0      0      -      -      -      0      0      0      0      0      0      0      0      -      0      0      0      0      0      0      0      0      0      0      0      0      0      0      0      0      0      0      0      0      0      0      0      0      0      0      0      0      0      0      0      0      0      0      0      0      0      0      0      0     
0x7f70df5bdc30           PRMT R41, R13, 0x62, R15                               0      0      0      20480  655360 655360 32     32     0      0      -      -      -      0      0      0      0      0      0      0      0      -      0      0      0      0      0      0      0      0      0      0      0      0      0      0      0      0      0      0      0      0      0      0      0      0      0      0      0      0      0      0      0      0      0      0      0      0      0      0      0      0     
0x7f70df5bdc40           PRMT R50, R5, 0x6200, R7                               0      0      0      20480  655360 655360 32     32     0      0      -      -      -      0      0      0      0      0      0      0      0      -      0      0      0      0      0      0      0      0      0      0      0      0      0      0      0      0      0      0      0      0      0      0      0      0      0      0      0      0      0      0      0      0      0      0      0      0      0      0      0      0     
0x7f70df5bdc50           PRMT R35, R4, 0x7610, R35                              1      0      1      20480  655360 655360 32     32     0      0      -      -      -      0      0      0      0      0      0      0      0      -      0      0      0      0      0      0      0      0      0      0      0      0      0      0      0      0      0      0      1      0      0      0      0      0      0      0      0      0      0      0      0      0      0      0      0      0      0      0      0      0     
0x7f70df5bdc60     @P3   IADD3 R40, P0, PT, R39, R2, RZ                         1      1      1      20480  655360 655360 32     32     0      0      -      -      -      0      0      0      0      0      0      0      0      -      0      0      0      0      0      0      0      0      0      0      0      0      0      0      0      0      0      0      0      0      0      0      1      0      0      0      0      0      0      0      0      0      0      0      0      0      0      0      0      1     
0x7f70df5bdc70           PRMT R49, R6, 0x7610, R49                              1      1      1      20480  655360 655360 32     32     0      0      -      -      -      0      0      0      0      0      0      0      0      -      0      0      0      0      0      0      0      0      0      0      0      0      0      0      0      0      0      0      0      0      0      0      1      0      0      0      0      0      0      0      0      0      0      0      0      0      0      0      0      1     
0x7f70df5bdc80     @P4   IADD3 R42, P1, PT, R43, R2, RZ                         0      0      0      20480  655360 655360 32     32     0      0      -      -      -      0      0      0      0      0      0      0      0      -      0      0      0      0      0      0      0      0      0      0      0      0      0      0      0      0      0      0      0      0      0      0      0      0      0      0      0      0      0      0      0      0      0      0      0      0      0      0      0      0     
0x7f70df5bdc90           PRMT R47, R9, 0x51, R11                                0      0      0      20480  655360 655360 32     32     0      0      -      -      -      0      0      0      0      0      0      0      0      -      0      0      0      0      0      0      0      0      0      0      0      0      0      0      0      0      0      0      0      0      0      0      0      0      0      0      0      0      0      0      0      0      0      0      0      0      0      0      0      0     
0x7f70df5bdca0           PRMT R4, R29, 0x5100, R31                              1      1      1      20480  655360 655360 32     32     0      0      -      -      -      0      0      0      0      0      0      0      0      -      0      0      0      0      0      0      0      0      0      0      0      0      0      0      0      0      0      0      0      0      0      0      1      0      0      0      0      0      0      0      0      0      0      0      0      0      0      0      0      1     
0x7f70df5bdcb0           PRMT R48, R25, 0x6200, R27                             1      1      1      20480  655360 655360 32     32     0      0      -      -      -      0      0      0      0      0      0      0      0      -      0      0      0      0      0      0      0      0      0      0      0      0      0      0      0      0      0      0      0      0      0      0      1      0      0      0      0      0      0      0      0      0      0      0      0      0      0      0      0      1     
0x7f70df5bdcc0     @P5   IADD3 R44, P2, PT, R45, R2, RZ                         1      0      1      20480  655360 655360 32     32     0      0      -      -      -      0      0      0      0      0      0      0      0      -      0      0      0      0      0      0      0      0      0      0      0      0      0      0      0      0      0      0      1      0      0      0      0      0      0      0      0      0      0      0      0      0      0      0      0      0      0      0      0      0     
0x7f70df5bdcd0           PRMT R6, R9, 0x62, R11                                 0      0      0      20480  655360 655360 32     32     0      0      -      -      -      0      0      0      0      0      0      0      0      -      0      0      0      0      0      0      0      0      0      0      0      0      0      0      0      0      0      0      0      0      0      0      0      0      0      0      0      0      0      0      0      0      0      0      0      0      0      0      0      0     
0x7f70df5bdce0           PRMT R51, R29, 0x6200, R31                             0      0      0      20480  655360 655360 32     32     0      0      -      -      -      0      0      0      0      0      0      0      0      -      0      0      0      0      0      0      0      0      0      0      0      0      0      0      0      0      0      0      0      0      0      0      0      0      0      0      0      0      0      0      0      0      0      0      0      0      0      0      0      0     
0x7f70df5bdcf0           PRMT R50, R41, 0x7610, R50                             1      1      1      20480  655360 655360 32     32     0      0      -      -      -      0      0      0      0      0      0      0      0      -      0      0      0      0      0      0      0      0      0      0      0      0      0      0      0      0      0      0      0      0      0      0      1      0      0      0      0      0      0      0      0      0      0      0      0      0      0      0      0      1     
0x7f70df5bdd00     @P3   LEA.HI.X.SX32 R41, R39, R3, 0x1, P0                    1      0      1      20480  655360 655360 32     32     0      0      -      -      -      0      0      0      0      0      0      0      0      -      0      0      0      0      0      0      0      0      0      0      0      0      0      0      0      0      0      0      1      0      0      0      0      0      0      0      0      0      0      0      0      0      0      0      0      0      0      0      0      0     
0x7f70df5bdd10           PRMT R39, R47, 0x7610, R4                              1      1      1      20480  655360 655360 32     32     0      0      -      -      -      0      0      0      0      0      0      0      0      -      0      0      0      0      0      0      0      0      0      0      0      0      0      0      0      0      0      0      0      0      0      0      1      0      0      0      0      0      0      0      0      0      0      0      0      0      0      0      0      1     
0x7f70df5bdd20     @P4   LEA.HI.X.SX32 R43, R43, R3, 0x1, P1                    1      1      1      20480  655360 655360 32     32     0      0      -      -      -      0      0      0      0      0      0      0      0      -      0      0      0      0      0      0      0      0      0      0      0      0      0      0      0      0      0      0      0      0      0      0      1      0      0      0      0      0      0      0      0      0      0      0      0      0      0      0      0      1     
0x7f70df5bdd30     @P3   STG.E.128 desc[UR10][R40.64], R32                      0      0      0      20480  655360 655360 32     32     0      0      Global Store  128    81920  0      0      0      0      0      327680 327680        0      0      0      0      0      0      0      0      0      0      0      0      0      0      0      0      0      0      0      0      0      0      0      0      0      0      0      0      0      0      0      0      0      0      0      0      0      0      0      0     
0x7f70df5bdd40           PRMT R48, R53, 0x7610, R48                             0      0      0      20480  655360 655360 32     32     0      0      -      -      -      0      0      0      0      0      0      0      0      -      0      0      0      0      0      0      0      0      0      0      0      0      0      0      0      0      0      0      0      0      0      0      0      0      0      0      0      0      0      0      0      0      0      0      0      0      0      0      0      0     
0x7f70df5bdd50           PRMT R51, R6, 0x7610, R51                              0      0      0      20480  655360 655360 32     32     0      0      -      -      -      0      0      0      0      0      0      0      0      -      0      0      0      0      0      0      0      0      0      0      0      0      0      0      0      0      0      0      0      0      0      0      0      0      0      0      0      0      0      0      0      0      0      0      0      0      0      0      0      0     
0x7f70df5bdd60     @P4   STG.E.128 desc[UR10][R42.64], R36                      0      0      0      20480  655360 655360 32     32     0      0      Global Store  128    81920  0      0      0      0      0      327680 327680        0      0      0      0      0      0      0      0      0      0      0      0      0      0      0      0      0      0      0      0      0      0      0      0      0      0      0      0      0      0      0      0      0      0      0      0      0      0      0      0     
0x7f70df5bdd70     @P5   LEA.HI.X.SX32 R45, R45, R3, 0x1, P2                    0      0      0      20480  655360 655360 32     32     0      0      -      -      -      0      0      0      0      0      0      0      0      -      0      0      0      0      0      0      0      0      0      0      0      0      0      0      0      0      0      0      0      0      0      0      0      0      0      0      0      0      0      0      0      0      0      0      0      0      0      0      0      0     
0x7f70df5bdd80     @P5   STG.E.128 desc[UR10][R44.64], R48                      2      2      2      20480  655360 655360 32     32     0      0      Global Store  128    81920  0      0      0      0      0      327680 327680        0      0      0      0      0      0      0      0      0      0      0      0      0      0      0      0      0      0      0      0      0      0      2      0      0      0      0      0      0      0      0      0      0      0      0      0      0      0      0      2     
0x7f70df5bdd90     @!P6  EXIT                                                   1      0      1      20480  655360 0      32     0      32     0      -      -      -      0      0      0      0      0      0      0      0      -      0      0      0      0      0      0      0      0      0      0      0      0      0      0      0      0      0      0      1      0      0      0      0      0      0      0      0      0      0      0      0      0      0      0      0      0      0      0      0      0     
0x7f70df5bdda0           IMAD R33, R0, 0x70, RZ                                 7      3      7      20480  655360 655360 32     32     0      0      -      -      -      0      0      0      0      0      0      0      0      -      0      0      0      0      0      0      0      0      0      0      0      7      0      0      0      0      0      0      0      0      0      0      0      0      0      0      0      0      3      0      0      0      0      0      0      0      0      0      0      0     
0x7f70df5bddb0           PRMT R25, R25, 0x7300, R27                             0      0      0      20480  655360 655360 32     32     0      0      -      -      -      0      0      0      0      0      0      0      0      -      0      0      0      0      0      0      0      0      0      0      0      0      0      0      0      0      0      0      0      0      0      0      0      0      0      0      0      0      0      0      0      0      0      0      0      0      0      0      0      0     
0x7f70df5bddc0           PRMT R6, R21, 0x73, R23                                1      1      1      20480  655360 655360 32     32     0      0      -      -      -      0      0      0      0      0      0      0      0      -      0      0      0      0      0      0      0      0      0      0      0      0      0      0      0      0      0      0      0      0      0      0      1      0      0      0      0      0      0      0      0      0      0      0      0      0      0      0      0      1     
0x7f70df5bddd0           PRMT R17, R17, 0x7300, R19                             1      1      1      20480  655360 655360 32     32     0      0      -      -      -      0      0      0      0      0      0      0      0      -      0      0      0      0      0      0      0      0      0      0      0      0      0      0      0      0      0      0      0      0      0      0      1      0      0      0      0      0      0      0      0      0      0      0      0      0      0      0      0      1     
0x7f70df5bdde0           PRMT R4, R13, 0x73, R15                                2      1      2      20480  655360 655360 32     32     0      0      -      -      -      0      0      0      0      0      0      0      0      -      0      0      0      0      0      0      0      0      0      0      0      0      0      0      0      0      0      0      1      0      0      0      1      0      0      0      0      0      0      0      0      0      0      0      0      0      0      0      0      1     
0x7f70df5bddf0           IADD3 R2, P0, PT, R33, R2, RZ                          0      0      0      20480  655360 655360 32     32     0      0      -      -      -      0      0      0      0      0      0      0      0      -      0      0      0      0      0      0      0      0      0      0      0      0      0      0      0      0      0      0      0      0      0      0      0      0      0      0      0      0      0      0      0      0      0      0      0      0      0      0      0      0     
0x7f70df5bde00           PRMT R5, R5, 0x7300, R7                                1      0      1      20480  655360 655360 32     32     0      0      -      -      -      0      0      0      0      0      0      0      0      -      0      0      0      0      0      0      0      0      0      0      0      0      0      0      0      0      0      0      0      0      0      0      1      0      0      0      0      0      0      0      0      0      0      0      0      0      0      0      0      0     
0x7f70df5bde10           PRMT R0, R9, 0x73, R11                                 3      2      3      20480  655360 655360 32     32     0      0      -      -      -      0      0      0      0      0      0      0      0      -      0      0      0      0      0      0      0      0      0      0      0      0      2      0      0      0      0      0      0      0      0      0      1      0      0      0      0      0      0      1      0      0      0      0      0      0      0      0      0      1     
0x7f70df5bde20           PRMT R29, R29, 0x7300, R31                             0      0      0      20480  655360 655360 32     32     0      0      -      -      -      0      0      0      0      0      0      0      0      -      0      0      0      0      0      0      0      0      0      0      0      0      0      0      0      0      0      0      0      0      0      0      0      0      0      0      0      0      0      0      0      0      0      0      0      0      0      0      0      0     
0x7f70df5bde30           LEA.HI.X.SX32 R3, R33, R3, 0x1, P0                     0      0      0      20480  655360 655360 32     32     0      0      -      -      -      0      0      0      0      0      0      0      0      -      0      0      0      0      0      0      0      0      0      0      0      0      0      0      0      0      0      0      0      0      0      0      0      0      0      0      0      0      0      0      0      0      0      0      0      0      0      0      0      0     
0x7f70df5bde40           PRMT R8, R8, 0x7610, R25                               0      0      0      20480  655360 655360 32     32     0      0      -      -      -      0      0      0      0      0      0      0      0      -      0      0      0      0      0      0      0      0      0      0      0      0      0      0      0      0      0      0      0      0      0      0      0      0      0      0      0      0      0      0      0      0      0      0      0      0      0      0      0      0     
0x7f70df5bde50           PRMT R9, R6, 0x7610, R17                               3      0      3      20480  655360 655360 32     32     0      0      -      -      -      0      0      0      0      0      0      0      0      -      0      0      0      0      0      0      0      0      0      0      0      0      0      0      0      0      0      0      3      0      0      0      0      0      0      0      0      0      0      0      0      0      0      0      0      0      0      0      0      0     
0x7f70df5bde60           PRMT R10, R4, 0x7610, R5                               0      0      0      20480  655360 655360 32     32     0      0      -      -      -      0      0      0      0      0      0      0      0      -      0      0      0      0      0      0      0      0      0      0      0      0      0      0      0      0      0      0      0      0      0      0      0      0      0      0      0      0      0      0      0      0      0      0      0      0      0      0      0      0     
0x7f70df5bde70           PRMT R11, R0, 0x7610, R29                              0      0      0      20480  655360 655360 32     32     0      0      -      -      -      0      0      0      0      0      0      0      0      -      0      0      0      0      0      0      0      0      0      0      0      0      0      0      0      0      0      0      0      0      0      0      0      0      0      0      0      0      0      0      0      0      0      0      0      0      0      0      0      0     
0x7f70df5bde80           STG.E.128 desc[UR10][R2.64], R8                        3      1      3      20480  655360 655360 32     32     0      0      Global Store  128    81920  0      0      0      0      0      327680 327680        0      0      0      0      0      0      0      0      0      0      0      0      0      0      0      0      0      1      0      0      0      0      2      0      0      0      0      0      0      0      0      0      0      0      0      0      0      0      0      1     
0x7f70df5bde90           EXIT                                                   2      0      2      20480  655360 655360 32     32     0      0      -      -      -      0      0      0      0      0      0      0      0      -      0      0      0      0      0      0      0      0      0      0      0      0      0      0      0      0      0      0      2      0      0      0      0      0      0      0      0      0      0      0      0      0      0      0      0      0      0      0      0      0     
0x7f70df5bdea0           BRA `(.L_x_0) 0x7f70df5bdea0                           61     45     61     0      0      0      0      0      0      0      -      -      -      0      0      0      0      0      0      0      0      -      0      0      0      0      0      0      0      3      0      55     0      0      0      0      0      0      0      0      2      0      0      0      1      0      2      0      42     0      0      0      0      0      0      0      0      0      0      0      0      1     
0x7f70df5bdeb0           NOP                                                    0      0      0      0      0      0      0      0      32     0      -      -      -      0      0      0      0      0      0      0      0      -      0      0      0      0      0      0      0      0      0      0      0      0      0      0      0      0      0      0      0      0      0      0      0      0      0      0      0      0      0      0      0      0      0      0      0      0      0      0      0      0     
0x7f70df5bdec0           NOP                                                    0      0      0      0      0      0      0      0      32     0      -      -      -      0      0      0      0      0      0      0      0      -      0      0      0      0      0      0      0      0      0      0      0      0      0      0      0      0      0      0      0      0      0      0      0      0      0      0      0      0      0      0      0      0      0      0      0      0      0      0      0      0     
0x7f70df5bded0           NOP                                                    0      0      0      0      0      0      0      0      32     0      -      -      -      0      0      0      0      0      0      0      0      -      0      0      0      0      0      0      0      0      0      0      0      0      0      0      0      0      0      0      0      0      0      0      0      0      0      0      0      0      0      0      0      0      0      0      0      0      0      0      0      0     
0x7f70df5bdee0           NOP                                                    0      0      0      0      0      0      0      0      32     0      -      -      -      0      0      0      0      0      0      0      0      -      0      0      0      0      0      0      0      0      0      0      0      0      0      0      0      0      0      0      0      0      0      0      0      0      0      0      0      0      0      0      0      0      0      0      0      0      0      0      0      0     
0x7f70df5bdef0           NOP                                                    0      0      0      0      0      0      0      0      32     0      -      -      -      0      0      0      0      0      0      0      0      -      0      0      0      0      0      0      0      0      0      0      0      0      0      0      0      0      0      0      0      0      0      0      0      0      0      0      0      0      0      0      0      0      0      0      0      0      0      0      0      0     
0x7f70df5bdf00           NOP                                                    0      0      0      0      0      0      0      0      32     0      -      -      -      0      0      0      0      0      0      0      0      -      0      0      0      0      0      0      0      0      0      0      0      0      0      0      0      0      0      0      0      0      0      0      0      0      0      0      0      0      0      0      0      0      0      0      0      0      0      0      0      0     
0x7f70df5bdf10           NOP                                                    0      0      0      0      0      0      0      0      32     0      -      -      -      0      0      0      0      0      0      0      0      -      0      0      0      0      0      0      0      0      0      0      0      0      0      0      0      0      0      0      0      0      0      0      0      0      0      0      0      0      0      0      0      0      0      0      0      0      0      0      0      0     
0x7f70df5bdf20           NOP                                                    0      0      0      0      0      0      0      0      32     0      -      -      -      0      0      0      0      0      0      0      0      -      0      0      0      0      0      0      0      0      0      0      0      0      0      0      0      0      0      0      0      0      0      0      0      0      0      0      0      0      0      0      0      0      0      0      0      0      0      0      0      0     
0x7f70df5bdf30           NOP                                                    0      0      0      0      0      0      0      0      32     0      -      -      -      0      0      0      0      0      0      0      0      -      0      0      0      0      0      0      0      0      0      0      0      0      0      0      0      0      0      0      0      0      0      0      0      0      0      0      0      0      0      0      0      0      0      0      0      0      0      0      0      0     
0x7f70df5bdf40           NOP                                                    0      0      0      0      0      0      0      0      32     0      -      -      -      0      0      0      0      0      0      0      0      -      0      0      0      0      0      0      0      0      0      0      0      0      0      0      0      0      0      0      0      0      0      0      0      0      0      0      0      0      0      0      0      0      0      0      0      0      0      0      0      0     
0x7f70df5bdf50           NOP                                                    0      0      0      0      0      0      0      0      32     0      -      -      -      0      0      0      0      0      0      0      0      -      0      0      0      0      0      0      0      0      0      0      0      0      0      0      0      0      0      0      0      0      0      0      0      0      0      0      0      0      0      0      0      0      0      0      0      0      0      0      0      0     
0x7f70df5bdf60           NOP                                                    0      0      0      0      0      0      0      0      32     0      -      -      -      0      0      0      0      0      0      0      0      -      0      0      0      0      0      0      0      0      0      0      0      0      0      0      0      0      0      0      0      0      0      0      0      0      0      0      0      0      0      0      0      0      0      0      0      0      0      0      0      0     
0x7f70df5bdf70           NOP                                                    0      0      0      0      0      0      0      0      32     0      -      -      -      0      0      0      0      0      0      0      0      -      0      0      0      0      0      0      0      0      0      0      0      0      0      0      0      0      0      0      0      0      0      0      0      0      0      0      0      0      0      0      0      0      0      0      0      0      0      0      0      0     
