------------------ ------------------------------------------------ ------ ------ ------ ------ ------- ------- ------ ------ ------ ------ ------ ------ ------ ------ ------ ------ ------ ------ ------ ------ ------ ------ ------ ------ ------ ------ ------ ------ ------ ------ ------ ------ ------ ------ ------ ------ ------ ------ ------ ------ ------ ------ ------ ------ ------ ------ ------ ------ ------ ------ ------ ------ ------ ------ ------ ------ ------ ------ ------ ------ ------
Kernel Name        _transpose_kernel                                                                                                                                                                                                                                                                                                                                                                                                                                                                            
------------------ ------------------------------------------------ ------ ------ ------ ------ ------- ------- ------ ------ ------ ------ ------ ------ ------ ------ ------ ------ ------ ------ ------ ------ ------ ------ ------ ------ ------ ------ ------ ------ ------ ------ ------ ------ ------ ------ ------ ------ ------ ------ ------ ------ ------ ------ ------ ------ ------ ------ ------ ------ ------ ------ ------ ------ ------ ------ ------ ------ ------ ------ ------ ------ ------
Address            Source                                           Warp S Warp S # Samp Instru Thread  Predic  Avg. T Avg. P Avg. P Addres Access Access L1 Tag L1 Con L1 Wav L1 Wav L1 Wav L2 The L2 The L2 The L2 Exp L2 Exp L2 Exp L2 Exp L2 Exp L2 Exp L2 Exp stall_ stall_ stall_ stall_ stall_ stall_ stall_ stall_ stall_ stall_ stall_ stall_ stall_ stall_ stall_ stall_ stall_ stall_ stall_ stall_ stall_ stall_ stall_ stall_ stall_ stall_ stall_ stall_ stall_ stall_ stall_ stall_ stall_ stall_
                                                                    tall S tall S les    ctions  Instr  ated-O  hreads redica redica s Spac  Opera  Size   Reque flicts efront efront efront oretic oretic oretic licit  licit  licit  licit  licit  licit  licit  barrie branch dispat drain  lg     long_s math   membar mio    misc   no_ins not_se select short_ sleep  tex    wait   barrie branch dispat drain  lg (No long_s math ( membar mio (N misc ( no_ins not_se select short_ sleepi tex (N wait (
                                                                    amplin amplin         Execu uction  n Thre   Execu ted-On ted-On e      tion          sts Gl  Share s Shar s Shar s Shar al Sec al Sec al Sec Evict  Hit Po Hit Po Hit Po Hit Po Miss P Miss P r      _resol ch                   b                                  t      lected ed     sb                          r (Not _resol ch (No (Not I t Issu b (Not Not Is  (Not  ot Iss Not Is t (Not lected ed (No sb (No ng (No ot Iss Not Is
                                                                    g (All g (Not        ted    s Exec  ad Ins  ted     Threa  Threa                      obal   d N-Wa ed Exc ed     ed Ide tors G tors G tors G Polici licy E licy E licy E licy E olicy  olicy         ving                                                                                                             Issue ving ( t Issu ssued) ed)     Issue sued)  Issued ued)   sued)   Issue  (Not  t Issu t Issu t Issu ued)   sued) 
                                                                     Sampl -issue               uted    tructi         ds Exe ds Une                             y      essive        al     lobal  lobal  lobal  es     vict F vict L vict N vict N Evict  Evict                                                                                                                         d)     Not Is ed)                  d)            )                    d)     Issued ed)    ed)    ed)                 
                                                                    es)    d Samp                       ons Ex         cuted  xecute                                                         Excess        Ideal         irst   ast    ormal  ormal  First  Normal                                                                                                                               sued)                                                                 )                                        
                                                                           les)                         ecuted                d                                                              ive                                              Demote                                                                                                                                                                                                                                                            
0x7f8d0b5bb000           LDC R1, c[0x0][0x37c]                      23     23     23     40960  1310720 1310720 32     32     0      -      -      -      0      0      0      0      0      0      0      0      -      0      0      0      0      0      0      0      0      0      0      0      0      0      0      0      0      23     0      0      0      0      0      0      0      0      0      0      0      0      0      0      0      0      23     0      0      0      0      0      0     
0x7f8d0b5bb010           S2R R24, SR_TID.X                          30     15     30     40960  1310720 1310720 32     32     0      -      -      -      0      0      0      0      0      0      0      0      -      0      0      0      0      0      0      0      0      0      0      0      0      0      0      21     0      0      9      0      0      0      0      0      0      0      0      0      0      0      0      0      15     0      0      0      0      0      0      0      0     
0x7f8d0b5bb020           LDCU.64 UR8, c[0x0][0x390]                 0      0      0      40960  1310720 1310720 32     32     0      -      -      -      0      0      0      0      0      0      0      0      -      0      0      0      0      0      0      0      0      0      0      0      0      0      0      0      0      0      0      0      0      0      0      0      0      0      0      0      0      0      0      0      0      0      0      0      0      0      0      0      0     
0x7f8d0b5bb030           CS2R R8, SRZ                               0      0      0      40960  1310720 1310720 32     32     0      -      -      -      0      0      0      0      0      0      0      0      -      0      0      0      0      0      0      0      0      0      0      0      0      0      0      0      0      0      0      0      0      0      0      0      0      0      0      0      0      0      0      0      0      0      0      0      0      0      0      0      0     
0x7f8d0b5bb040           CS2R R10, SRZ                              1      0      1      40960  1310720 1310720 32     32     0      -      -      -      0      0      0      0      0      0      0      0      -      0      0      0      0      0      0      0      0      0      0      0      0      0      0      0      0      0      1      0      0      0      0      0      0      0      0      0      0      0      0      0      0      0      0      0      0      0      0      0      0     
0x7f8d0b5bb050           S2R R0, SR_CTAID.Y                         1      0      1      40960  1310720 1310720 32     32     0      -      -      -      0      0      0      0      0      0      0      0      -      0      0      0      0      0      0      0      0      0      0      0      0      0      0      1      0      0      0      0      0      0      0      0      0      0      0      0      0      0      0      0      0      0      0      0      0      0      0      0      0     
0x7f8d0b5bb060           LDCU UR10, c[0x0][0x398]                   0      0      0      40960  1310720 1310720 32     32     0      -      -      -      0      0      0      0      0      0      0      0      -      0      0      0      0      0      0      0      0      0      0      0      0      0      0      0      0      0      0      0      0      0      0      0      0      0      0      0      0      0      0      0      0      0      0      0      0      0      0      0      0     
0x7f8d0b5bb070           S2R R20, SR_CTAID.X                        1      0      1      40960  1310720 1310720 32     32     0      -      -      -      0      0      0      0      0      0      0      0      -      0      0      0      0      0      0      0      0      0      0      0      0      0      0      1      0      0      0      0      0      0      0      0      0      0      0      0      0      0      0      0      0      0      0      0      0      0      0      0      0     
0x7f8d0b5bb080           LDCU.64 UR12, c[0x0][0x380]                0      0      0      40960  1310720 1310720 32     32     0      -      -      -      0      0      0      0      0      0      0      0      -      0      0      0      0      0      0      0      0      0      0      0      0      0      0      0      0      0      0      0      0      0      0      0      0      0      0      0      0      0      0      0      0      0      0      0      0      0      0      0      0     
0x7f8d0b5bb090           LDCU.64 UR6, c[0x0][0x358]                 0      0      0      40960  1310720 1310720 32     32     0      -      -      -      0      0      0      0      0      0      0      0      -      0      0      0      0      0      0      0      0      0      0      0      0      0      0      0      0      0      0      0      0      0      0      0      0      0      0      0      0      0      0      0      0      0      0      0      0      0      0      0      0     
0x7f8d0b5bb0a0           IMAD.SHL.U32 R25, R24, 0x10, RZ            11     2      11     40960  1310720 1310720 32     32     0      -      -      -      0      0      0      0      0      0      0      0      -      0      0      0      0      0      0      0      0      0      0      0      0      0      0      0      0      0      1      0      10     0      0      0      0      0      0      0      0      0      0      0      0      0      0      0      0      2      0      0      0     
0x7f8d0b5bb0b0           SHF.R.U32.HI R21, RZ, 0x3, R24             1      0      1      40960  1310720 1310720 32     32     0      -      -      -      0      0      0      0      0      0      0      0      -      0      0      0      0      0      0      0      0      0      0      0      0      0      0      0      0      0      0      1      0      0      0      0      0      0      0      0      0      0      0      0      0      0      0      0      0      0      0      0      0     
0x7f8d0b5bb0c0           IMAD.SHL.U32 R0, R0, 0x80, RZ              4      2      4      40960  1310720 1310720 32     32     0      -      -      -      0      0      0      0      0      0      0      0      -      0      0      0      0      0      0      0      0      0      0      0      0      0      0      0      0      0      0      0      4      0      0      0      0      0      0      0      0      0      0      0      0      0      0      0      0      2      0      0      0     
0x7f8d0b5bb0d0           LOP3.LUT R25, R25, 0x70, RZ, 0xc0, !PT     32     12     32     40960  1310720 1310720 32     32     0      -      -      -      0      0      0      0      0      0      0      0      -      0      0      0      0      0      0      0      0      0      0      0      0      16     0      0      0      0      16     0      0      0      0      0      0      0      0      0      0      0      12     0      0      0      0      0      0      0      0      0      0     
0x7f8d0b5bb0e0           SGXT.U32 R21, R21, 0x5                     0      0      0      40960  1310720 1310720 32     32     0      -      -      -      0      0      0      0      0      0      0      0      -      0      0      0      0      0      0      0      0      0      0      0      0      0      0      0      0      0      0      0      0      0      0      0      0      0      0      0      0      0      0      0      0      0      0      0      0      0      0      0      0     
0x7f8d0b5bb0f0           IMAD.SHL.U32 R20, R20, 0x80, RZ            0      0      0      40960  1310720 1310720 32     32     0      -      -      -      0      0      0      0      0      0      0      0      -      0      0      0      0      0      0      0      0      0      0      0      0      0      0      0      0      0      0      0      0      0      0      0      0      0      0      0      0      0      0      0      0      0      0      0      0      0      0      0      0     
0x7f8d0b5bb100           LOP3.LUT R16, R25, R0, RZ, 0xfc, !PT       0      0      0      40960  1310720 1310720 32     32     0      -      -      -      0      0      0      0      0      0      0      0      -      0      0      0      0      0      0      0      0      0      0      0      0      0      0      0      0      0      0      0      0      0      0      0      0      0      0      0      0      0      0      0      0      0      0      0      0      0      0      0      0     
0x7f8d0b5bb110           LOP3.LUT R2, R21, R20, RZ, 0xfc, !PT       5      1      5      40960  1310720 1310720 32     32     0      -      -      -      0      0      0      0      0      0      0      0      -      0      0      0      0      0      0      0      0      0      0      0      0      1      0      0      0      0      4      0      0      0      0      0      0      0      0      0      0      0      1      0      0      0      0      0      0      0      0      0      0     
0x7f8d0b5bb120           ISETP.GE.AND P0, PT, R16, UR9, PT          0      0      0      40960  1310720 1310720 32     32     0      -      -      -      0      0      0      0      0      0      0      0      -      0      0      0      0      0      0      0      0      0      0      0      0      0      0      0      0      0      0      0      0      0      0      0      0      0      0      0      0      0      0      0      0      0      0      0      0      0      0      0      0     
0x7f8d0b5bb130           IMAD R3, R2, UR10, RZ                      0      0      0      40960  1310720 1310720 32     32     0      -      -      -      0      0      0      0      0      0      0      0      -      0      0      0      0      0      0      0      0      0      0      0      0      0      0      0      0      0      0      0      0      0      0      0      0      0      0      0      0      0      0      0      0      0      0      0      0      0      0      0      0     
0x7f8d0b5bb140           ISETP.LT.AND P1, PT, R2, UR8, !P0          0      0      0      40960  1310720 1310720 32     32     0      -      -      -      0      0      0      0      0      0      0      0      -      0      0      0      0      0      0      0      0      0      0      0      0      0      0      0      0      0      0      0      0      0      0      0      0      0      0      0      0      0      0      0      0      0      0      0      0      0      0      0      0     
0x7f8d0b5bb150           SHF.R.S32.HI R4, RZ, 0x1f, R3              2      1      2      40960  1310720 1310720 32     32     0      -      -      -      0      0      0      0      0      0      0      0      -      0      0      0      0      0      0      0      0      0      0      0      0      0      0      0      0      0      1      0      0      0      0      1      0      0      0      0      0      0      0      0      0      0      0      0      0      0      0      0      1     
0x7f8d0b5bb160           IADD3 R2, P2, P3, R16, UR12, R3            2      2      2      40960  1310720 1310720 32     32     0      -      -      -      0      0      0      0      0      0      0      0      -      0      0      0      0      0      0      0      0      0      0      0      0      1      0      0      0      0      0      0      0      0      0      1      0      0      0      0      0      0      1      0      0      0      0      0      0      0      0      0      1     
0x7f8d0b5bb170           IADD3.X R3, PT, PT, RZ, UR13, R4, P2, P3   3      3      3      40960  1310720 1310720 32     32     0      -      -      -      0      0      0      0      0      0      0      0      -      0      0      0      0      0      0      0      0      0      0      0      0      2      0      0      0      0      0      0      0      0      0      1      0      0      0      0      0      0      2      0      0      0      0      0      0      0      0      0      1     
0x7f8d0b5bb180     @P1   LDG.E.128 R8, desc[UR6][R2.64]             56     29     56     40960  1310720 1310720 32     32     0      Global Load   128    163840 0      0      0      0      0      655360 655360        0      0      0      0      0      0      0      0      0      0      1      0      0      0      48     0      0      6      1      0      0      0      0      0      0      0      0      1      0      0      0      28     0      0      0      0      0      0      0      0     
0x7f8d0b5bb190           LOP3.LUT R4, R20, 0x20, R21, 0xfe, !PT     0      0      0      40960  1310720 1310720 32     32     0      -      -      -      0      0      0      0      0      0      0      0      -      0      0      0      0      0      0      0      0      0      0      0      0      0      0      0      0      0      0      0      0      0      0      0      0      0      0      0      0      0      0      0      0      0      0      0      0      0      0      0      0     
0x7f8d0b5bb1a0           S2UR UR5, SR_CgaCtaId                      0      0      0      40960  1310720 1310720 32     32     0      -      -      -      0      0      0      0      0      0      0      0      -      0      0      0      0      0      0      0      0      0      0      0      0      0      0      0      0      0      0      0      0      0      0      0      0      0      0      0      0      0      0      0      0      0      0      0      0      0      0      0      0     
0x7f8d0b5bb1b0           ISETP.LT.AND P1, PT, R4, UR8, !P0          0      0      0      40960  1310720 1310720 32     32     0      -      -      -      0      0      0      0      0      0      0      0      -      0      0      0      0      0      0      0      0      0      0      0      0      0      0      0      0      0      0      0      0      0      0      0      0      0      0      0      0      0      0      0      0      0      0      0      0      0      0      0      0     
0x7f8d0b5bb1c0           IMAD R13, R4, UR10, RZ                     0      0      0      40960  1310720 1310720 32     32     0      -      -      -      0      0      0      0      0      0      0      0      -      0      0      0      0      0      0      0      0      0      0      0      0      0      0      0      0      0      0      0      0      0      0      0      0      0      0      0      0      0      0      0      0      0      0      0      0      0      0      0      0     
0x7f8d0b5bb1d0           SHF.R.U32.HI R22, RZ, 0x5, R24             1      0      1      40960  1310720 1310720 32     32     0      -      -      -      0      0      0      0      0      0      0      0      -      0      0      0      0      0      0      0      0      0      0      0      0      0      0      0      0      0      0      1      0      0      0      0      0      0      0      0      0      0      0      0      0      0      0      0      0      0      0      0      0     
0x7f8d0b5bb1e0           CS2R R4, SRZ                               0      0      0      40960  1310720 1310720 32     32     0      -      -      -      0      0      0      0      0      0      0      0      -      0      0      0      0      0      0      0      0      0      0      0      0      0      0      0      0      0      0      0      0      0      0      0      0      0      0      0      0      0      0      0      0      0      0      0      0      0      0      0      0     
0x7f8d0b5bb1f0           IMAD.SHL.U32 R2, R24, 0x40, RZ             7      3      7      40960  1310720 1310720 32     32     0      -      -      -      0      0      0      0      0      0      0      0      -      0      0      0      0      0      0      0      0      0      0      0      6      0      0      0      0      0      1      0      0      0      0      0      0      0      0      0      0      3      0      0      0      0      0      0      0      0      0      0      0     
0x7f8d0b5bb200           SHF.R.S32.HI R7, RZ, 0x1f, R13             0      0      0      40960  1310720 1310720 32     32     0      -      -      -      0      0      0      0      0      0      0      0      -      0      0      0      0      0      0      0      0      0      0      0      0      0      0      0      0      0      0      0      0      0      0      0      0      0      0      0      0      0      0      0      0      0      0      0      0      0      0      0      0     
0x7f8d0b5bb210           IMAD.SHL.U32 R3, R24, 0x2, RZ              0      0      0      40960  1310720 1310720 32     32     0      -      -      -      0      0      0      0      0      0      0      0      -      0      0      0      0      0      0      0      0      0      0      0      0      0      0      0      0      0      0      0      0      0      0      0      0      0      0      0      0      0      0      0      0      0      0      0      0      0      0      0      0     
0x7f8d0b5bb220           IADD3 R12, P2, P3, R16, UR12, R13          1      0      1      40960  1310720 1310720 32     32     0      -      -      -      0      0      0      0      0      0      0      0      -      0      0      0      0      0      0      0      0      0      0      0      0      0      0      0      0      0      0      1      0      0      0      0      0      0      0      0      0      0      0      0      0      0      0      0      0      0      0      0      0     
0x7f8d0b5bb230           LOP3.LUT R2, R2, 0x640, RZ, 0xc0, !PT      23     10     23     40960  1310720 1310720 32     32     0      -      -      -      0      0      0      0      0      0      0      0      -      0      0      0      0      0      0      0      0      1      0      0      0      13     0      0      0      0      9      0      0      0      0      0      0      0      1      0      0      0      9      0      0      0      0      0      0      0      0      0      0     
0x7f8d0b5bb240           IADD3.X R13, PT, PT, RZ, UR13, R7, P2, P3  0      0      0      40960  1310720 1310720 32     32     0      -      -      -      0      0      0      0      0      0      0      0      -      0      0      0      0      0      0      0      0      0      0      0      0      0      0      0      0      0      0      0      0      0      0      0      0      0      0      0      0      0      0      0      0      0      0      0      0      0      0      0      0     
0x7f8d0b5bb250           CS2R R6, SRZ                               0      0      0      40960  1310720 1310720 32     32     0      -      -      -      0      0      0      0      0      0      0      0      -      0      0      0      0      0      0      0      0      0      0      0      0      0      0      0      0      0      0      0      0      0      0      0      0      0      0      0      0      0      0      0      0      0      0      0      0      0      0      0      0     
0x7f8d0b5bb260           LOP3.LUT R2, R2, 0x3c, R3, 0xf8, !PT       0      0      0      40960  1310720 1310720 32     32     0      -      -      -      0      0      0      0      0      0      0      0      -      0      0      0      0      0      0      0      0      0      0      0      0      0      0      0      0      0      0      0      0      0      0      0      0      0      0      0      0      0      0      0      0      0      0      0      0      0      0      0      0     
0x7f8d0b5bb270           SHF.R.U32.HI R3, RZ, 0x3, R24              1      1      1      40960  1310720 1310720 32     32     0      -      -      -      0      0      0      0      0      0      0      0      -      0      0      0      0      0      0      0      0      0      0      0      0      0      0      0      0      0      0      0      0      0      0      1      0      0      0      0      0      0      0      0      0      0      0      0      0      0      0      0      1     
0x7f8d0b5bb280           SGXT.U32 R22, R22, 0x2                     0      0      0      40960  1310720 1310720 32     32     0      -      -      -      0      0      0      0      0      0      0      0      -      0      0      0      0      0      0      0      0      0      0      0      0      0      0      0      0      0      0      0      0      0      0      0      0      0      0      0      0      0      0      0      0      0      0      0      0      0      0      0      0     
0x7f8d0b5bb290     @P1   LDG.E.128 R4, desc[UR6][R12.64]            24     15     24     40960  1310720 1310720 32     32     0      Global Load   128    163840 0      0      0      0      0      655360 655360        0      0      0      0      0      0      0      0      0      0      0      0      0      0      21     0      0      3      0      0      0      0      0      0      0      0      0      0      0      0      0      15     0      0      0      0      0      0      0      0     
0x7f8d0b5bb2a0           LOP3.LUT R3, R2, 0x10, R3, 0x78, !PT       0      0      0      40960  1310720 1310720 32     32     0      -      -      -      0      0      0      0      0      0      0      0      -      0      0      0      0      0      0      0      0      0      0      0      0      0      0      0      0      0      0      0      0      0      0      0      0      0      0      0      0      0      0      0      0      0      0      0      0      0      0      0      0     
0x7f8d0b5bb2b0           UMOV UR4, 0x400                            0      0      0      40960  1310720 1310720 32     32     0      -      -      -      0      0      0      0      0      0      0      0      -      0      0      0      0      0      0      0      0      0      0      0      0      0      0      0      0      0      0      0      0      0      0      0      0      0      0      0      0      0      0      0      0      0      0      0      0      0      0      0      0     
0x7f8d0b5bb2c0           LOP3.LUT R2, R20, 0x40, R21, 0xfe, !PT     0      0      0      40960  1310720 1310720 32     32     0      -      -      -      0      0      0      0      0      0      0      0      -      0      0      0      0      0      0      0      0      0      0      0      0      0      0      0      0      0      0      0      0      0      0      0      0      0      0      0      0      0      0      0      0      0      0      0      0      0      0      0      0     
0x7f8d0b5bb2d0           ULEA UR4, UR5, UR4, 0x18                   0      0      0      40960  1310720 1310720 32     32     0      -      -      -      0      0      0      0      0      0      0      0      -      0      0      0      0      0      0      0      0      0      0      0      0      0      0      0      0      0      0      0      0      0      0      0      0      0      0      0      0      0      0      0      0      0      0      0      0      0      0      0      0     
0x7f8d0b5bb2e0           LOP3.LUT R22, R3, R22, RZ, 0xfc, !PT       0      0      0      40960  1310720 1310720 32     32     0      -      -      -      0      0      0      0      0      0      0      0      -      0      0      0      0      0      0      0      0      0      0      0      0      0      0      0      0      0      0      0      0      0      0      0      0      0      0      0      0      0      0      0      0      0      0      0      0      0      0      0      0     
0x7f8d0b5bb2f0           CS2R R14, SRZ                              12     1      12     40960  1310720 1310720 32     32     0      -      -      -      0      0      0      0      0      0      0      0      -      0      0      0      0      0      0      0      0      0      0      0      0      2      0      0      0      0      9      1      0      0      0      0      0      0      0      0      0      0      1      0      0      0      0      0      0      0      0      0      0     
0x7f8d0b5bb300           ISETP.LT.AND P1, PT, R2, UR8, !P0          0      0      0      40960  1310720 1310720 32     32     0      -      -      -      0      0      0      0      0      0      0      0      -      0      0      0      0      0      0      0      0      0      0      0      0      0      0      0      0      0      0      0      0      0      0      0      0      0      0      0      0      0      0      0      0      0      0      0      0      0      0      0      0     
0x7f8d0b5bb310           IMAD R3, R2, UR10, RZ                      1      0      1      40960  1310720 1310720 32     32     0      -      -      -      0      0      0      0      0      0      0      0      -      0      0      0      0      0      0      0      0      0      0      0      0      0      0      0      0      0      0      1      0      0      0      0      0      0      0      0      0      0      0      0      0      0      0      0      0      0      0      0      0     
0x7f8d0b5bb320           SHF.R.U32.HI R23, RZ, 0x3, R24             0      0      0      40960  1310720 1310720 32     32     0      -      -      -      0      0      0      0      0      0      0      0      -      0      0      0      0      0      0      0      0      0      0      0      0      0      0      0      0      0      0      0      0      0      0      0      0      0      0      0      0      0      0      0      0      0      0      0      0      0      0      0      0     
0x7f8d0b5bb330           CS2R R12, SRZ                              5      3      5      40960  1310720 1310720 32     32     0      -      -      -      0      0      0      0      0      0      0      0      -      0      0      0      0      0      0      0      0      0      0      0      2      2      0      0      0      0      1      0      0      0      0      0      0      0      0      0      0      2      1      0      0      0      0      0      0      0      0      0      0     
0x7f8d0b5bb340           LDCU UR5, c[0x0][0x39c]                    0      0      0      40960  1310720 1310720 32     32     0      -      -      -      0      0      0      0      0      0      0      0      -      0      0      0      0      0      0      0      0      0      0      0      0      0      0      0      0      0      0      0      0      0      0      0      0      0      0      0      0      0      0      0      0      0      0      0      0      0      0      0      0     
0x7f8d0b5bb350           SHF.R.S32.HI R18, RZ, 0x1f, R3             2      0      2      40960  1310720 1310720 32     32     0      -      -      -      0      0      0      0      0      0      0      0      -      0      0      0      0      0      0      0      0      0      0      0      0      0      0      0      0      0      0      2      0      0      0      0      0      0      0      0      0      0      0      0      0      0      0      0      0      0      0      0      0     
0x7f8d0b5bb360           IADD3 R2, P2, P3, R16, UR12, R3            0      0      0      40960  1310720 1310720 32     32     0      -      -      -      0      0      0      0      0      0      0      0      -      0      0      0      0      0      0      0      0      0      0      0      0      0      0      0      0      0      0      0      0      0      0      0      0      0      0      0      0      0      0      0      0      0      0      0      0      0      0      0      0     
0x7f8d0b5bb370           VIADD R23, R23, 0x60                       0      0      0      40960  1310720 1310720 32     32     0      -      -      -      0      0      0      0      0      0      0      0      -      0      0      0      0      0      0      0      0      0      0      0      0      0      0      0      0      0      0      0      0      0      0      0      0      0      0      0      0      0      0      0      0      0      0      0      0      0      0      0      0     
0x7f8d0b5bb380           IADD3.X R3, PT, PT, RZ, UR13, R18, P2, P3  5      2      5      40960  1310720 1310720 32     32     0      -      -      -      0      0      0      0      0      0      0      0      -      0      0      0      0      0      0      0      0      0      0      0      0      2      0      0      0      0      3      0      0      0      0      0      0      0      0      0      0      0      2      0      0      0      0      0      0      0      0      0      0     
0x7f8d0b5bb390           IMAD.IADD R18, R20, 0x1, R23               0      0      0      40960  1310720 1310720 32     32     0      -      -      -      0      0      0      0      0      0      0      0      -      0      0      0      0      0      0      0      0      0      0      0      0      0      0      0      0      0      0      0      0      0      0      0      0      0      0      0      0      0      0      0      0      0      0      0      0      0      0      0      0     
0x7f8d0b5bb3a0     @P1   LDG.E.128 R12, desc[UR6][R2.64]            22     11     22     40960  1310720 1310720 32     32     0      Global Load   128    163840 0      0      0      0      0      655360 655360        0      0      0      0      0      0      0      0      0      0      0      0      0      0      18     0      0      2      0      0      0      0      2      0      0      0      0      0      0      0      0      11     0      0      0      0      0      0      0      0     
0x7f8d0b5bb3b0           ISETP.LT.AND P0, PT, R18, UR8, !P0         0      0      0      40960  1310720 1310720 32     32     0      -      -      -      0      0      0      0      0      0      0      0      -      0      0      0      0      0      0      0      0      0      0      0      0      0      0      0      0      0      0      0      0      0      0      0      0      0      0      0      0      0      0      0      0      0      0      0      0      0      0      0      0     
0x7f8d0b5bb3c0           IMAD R3, R18, UR10, RZ                     12     4      12     40960  1310720 1310720 32     32     0      -      -      -      0      0      0      0      0      0      0      0      -      0      0      0      0      0      0      0      0      0      0      0      11     0      0      0      0      0      1      0      0      0      0      0      0      0      0      0      0      4      0      0      0      0      0      0      0      0      0      0      0     
0x7f8d0b5bb3d0           LDCU.64 UR10, c[0x0][0x388]                0      0      0      40960  1310720 1310720 32     32     0      -      -      -      0      0      0      0      0      0      0      0      -      0      0      0      0      0      0      0      0      0      0      0      0      0      0      0      0      0      0      0      0      0      0      0      0      0      0      0      0      0      0      0      0      0      0      0      0      0      0      0      0     
0x7f8d0b5bb3e0           PRMT R17, R8, 0x7770, RZ                   312    172    312    40960  1310720 1310720 32     32     0      -      -      -      0      0      0      0      0      0      0      0      -      0      0      0      0      0      0      0      0      0      0      0      306    2      0      0      0      0      4      0      0      0      0      0      0      0      0      0      0      172    0      0      0      0      0      0      0      0      0      0      0     
0x7f8d0b5bb3f0           PRMT R19, R9, 0x7770, RZ                   0      0      0      40960  1310720 1310720 32     32     0      -      -      -      0      0      0      0      0      0      0      0      -      0      0      0      0      0      0      0      0      0      0      0      0      0      0      0      0      0      0      0      0      0      0      0      0      0      0      0      0      0      0      0      0      0      0      0      0      0      0      0      0     
0x7f8d0b5bb400           PRMT R27, R10, 0x7770, RZ                  0      0      0      40960  1310720 1310720 32     32     0      -      -      -      0      0      0      0      0      0      0      0      -      0      0      0      0      0      0      0      0      0      0      0      0      0      0      0      0      0      0      0      0      0      0      0      0      0      0      0      0      0      0      0      0      0      0      0      0      0      0      0      0     
0x7f8d0b5bb410           STS.U8 [R22+UR4], R17                      7      4      7      40960  1310720 1310720 32     32     0      Shared Store  8      0      1      0      40960  40960  0      0      0      -      0      0      0      0      0      0      0      0      0      0      0      0      0      0      6      0      0      1      0      0      0      0      0      0      0      0      0      0      0      0      0      4      0      0      0      0      0      0      0      0     
0x7f8d0b5bb420           PRMT R29, R11, 0x7770, RZ                  0      0      0      40960  1310720 1310720 32     32     0      -      -      -      0      0      0      0      0      0      0      0      -      0      0      0      0      0      0      0      0      0      0      0      0      0      0      0      0      0      0      0      0      0      0      0      0      0      0      0      0      0      0      0      0      0      0      0      0      0      0      0      0     
0x7f8d0b5bb430           PRMT R2, R11, 0x7771, RZ                   5      3      5      40960  1310720 1310720 32     32     0      -      -      -      0      0      0      0      0      0      0      0      -      0      0      0      0      0      0      0      0      0      0      0      0      4      0      0      0      0      1      0      0      0      0      0      0      0      0      0      0      0      3      0      0      0      0      0      0      0      0      0      0     
0x7f8d0b5bb440           STS.U8 [R22+UR4+0x80], R19                 7      5      7      40960  1310720 1310720 32     32     0      Shared Store  8      0      1      0      40960  40960  0      0      0      -      0      0      0      0      0      0      0      0      0      0      0      0      0      0      6      0      0      1      0      0      0      0      0      0      0      0      0      0      0      0      0      5      0      0      0      0      0      0      0      0     
0x7f8d0b5bb450           PRMT R26, R8, 0x7771, RZ                   0      0      0      40960  1310720 1310720 32     32     0      -      -      -      0      0      0      0      0      0      0      0      -      0      0      0      0      0      0      0      0      0      0      0      0      0      0      0      0      0      0      0      0      0      0      0      0      0      0      0      0      0      0      0      0      0      0      0      0      0      0      0      0     
0x7f8d0b5bb460           PRMT R28, R9, 0x7771, RZ                   2      1      2      40960  1310720 1310720 32     32     0      -      -      -      0      0      0      0      0      0      0      0      -      0      0      0      0      0      0      0      0      0      0      0      0      0      0      0      0      0      0      1      0      0      0      1      0      0      0      0      0      0      0      0      0      0      0      0      0      0      0      0      1     
0x7f8d0b5bb470           STS.U8 [R22+UR4+0x100], R27                0      0      0      40960  1310720 1310720 32     32     0      Shared Store  8      0      1      0      40960  40960  0      0      0      -      0      0      0      0      0      0      0      0      0      0      0      0      0      0      0      0      0      0      0      0      0      0      0      0      0      0      0      0      0      0      0      0      0      0      0      0      0      0      0      0     
0x7f8d0b5bb480           LOP3.LUT R17, R22, 0x4, RZ, 0x3c, !PT      18     17     18     40960  1310720 1310720 32     32     0      -      -      -      0      0      0      0      0      0      0      0      -      0      0      0      0      0      0      0      0      0      0      0      0      0      0      0      0      0      0      0      18     0      0      0      0      0      0      0      0      0      0      0      0      0      0      0      0      17     0      0      0     
0x7f8d0b5bb490           STS.U8 [R22+UR4+0x180], R29                10     7      10     40960  1310720 1310720 32     32     0      Shared Store  8      0      1      0      40960  40960  0      0      0      -      0      0      0      0      0      0      0      0      0      0      0      0      0      0      7      0      0      0      1      0      0      0      2      0      0      0      0      0      0      0      0      6      0      0      0      0      0      0      0      1     
0x7f8d0b5bb4a0           PRMT R19, R10, 0x7771, RZ                  5      4      5      40960  1310720 1310720 32     32     0      -      -      -      0      0      0      0      0      0      0      0      -      0      0      0      0      0      0      0      0      0      0      0      0      1      0      0      0      0      0      0      4      0      0      0      0      0      0      0      0      0      1      0      0      0      0      0      0      3      0      0      0     
0x7f8d0b5bb4b0           STS.U8 [R17+UR4+0x1180], R2                5      5      5      40960  1310720 1310720 32     32     0      Shared Store  8      0      1      0      40960  40960  0      0      0      -      0      0      0      0      0      0      0      0      0      0      0      0      0      0      5      0      0      0      0      0      0      0      0      0      0      0      0      0      0      0      0      5      0      0      0      0      0      0      0      0     
0x7f8d0b5bb4c0           STS.U8 [R17+UR4+0x1000], R26               3      2      3      40960  1310720 1310720 32     32     0      Shared Store  8      0      1      0      40960  40960  0      0      0      -      0      0      0      0      0      0      0      0      0      0      0      0      0      0      1      0      0      0      0      0      0      0      2      0      0      0      0      0      0      0      0      1      0      0      0      0      0      0      0      1     
0x7f8d0b5bb4d0           IADD3 R2, P1, P2, R16, UR12, R3            16     13     16     40960  1310720 1310720 32     32     0      -      -      -      0      0      0      0      0      0      0      0      -      0      0      0      0      0      0      0      0      0      0      0      0      1      0      0      0      0      1      0      14     0      0      0      0      0      0      0      0      0      1      0      0      0      0      0      0      12     0      0      0     
0x7f8d0b5bb4e0           SHF.R.S32.HI R3, RZ, 0x1f, R3              0      0      0      40960  1310720 1310720 32     32     0      -      -      -      0      0      0      0      0      0      0      0      -      0      0      0      0      0      0      0      0      0      0      0      0      0      0      0      0      0      0      0      0      0      0      0      0      0      0      0      0      0      0      0      0      0      0      0      0      0      0      0      0     
0x7f8d0b5bb4f0           STS.U8 [R17+UR4+0x1080], R28               2      2      2      40960  1310720 1310720 32     32     0      Shared Store  8      0      1      0      40960  40960  0      0      0      -      0      0      0      0      0      0      0      0      0      0      0      0      0      0      2      0      0      0      0      0      0      0      0      0      0      0      0      0      0      0      0      2      0      0      0      0      0      0      0      0     
0x7f8d0b5bb500           STS.U8 [R17+UR4+0x1100], R19               5      3      5      40960  1310720 1310720 32     32     0      Shared Store  8      0      1      0      40960  40960  0      0      0      -      0      0      0      0      0      0      0      0      0      0      0      0      0      0      3      0      0      1      0      0      0      0      1      0      0      0      0      0      0      0      0      2      0      0      0      0      0      0      0      1     
0x7f8d0b5bb510           IADD3.X R3, PT, PT, RZ, UR13, R3, P1, P2   0      0      0      40960  1310720 1310720 32     32     0      -      -      -      0      0      0      0      0      0      0      0      -      0      0      0      0      0      0      0      0      0      0      0      0      0      0      0      0      0      0      0      0      0      0      0      0      0      0      0      0      0      0      0      0      0      0      0      0      0      0      0      0     
0x7f8d0b5bb520           CS2R R16, SRZ                              18     11     18     40960  1310720 1310720 32     32     0      -      -      -      0      0      0      0      0      0      0      0      -      0      0      0      0      0      0      0      0      0      0      0      0      3      0      0      0      0      0      0      15     0      0      0      0      0      0      0      0      0      1      0      0      0      0      0      0      10     0      0      0     
0x7f8d0b5bb530           CS2R R18, SRZ                              0      0      0      40960  1310720 1310720 32     32     0      -      -      -      0      0      0      0      0      0      0      0      -      0      0      0      0      0      0      0      0      0      0      0      0      0      0      0      0      0      0      0      0      0      0      0      0      0      0      0      0      0      0      0      0      0      0      0      0      0      0      0      0     
0x7f8d0b5bb540     @P0   LDG.E.128 R16, desc[UR6][R2.64]            5      3      5      40960  1310720 1310720 32     32     0      Global Load   128    163840 0      0      0      0      0      655360 655360        0      0      0      0      0      0      0      0      0      0      0      0      0      0      4      0      0      0      0      0      0      0      1      0      0      0      0      0      0      0      0      3      0      0      0      0      0      0      0      0     
0x7f8d0b5bb550           LOP3.LUT R27, R22, 0x8, RZ, 0x3c, !PT      0      0      0      40960  1310720 1310720 32     32     0      -      -      -      0      0      0      0      0      0      0      0      -      0      0      0      0      0      0      0      0      0      0      0      0      0      0      0      0      0      0      0      0      0      0      0      0      0      0      0      0      0      0      0      0      0      0      0      0      0      0      0      0     
0x7f8d0b5bb560           PRMT R26, R8, 0x7772, RZ                   1      0      1      40960  1310720 1310720 32     32     0      -      -      -      0      0      0      0      0      0      0      0      -      0      0      0      0      0      0      0      0      0      0      0      0      0      0      0      0      0      0      0      0      0      0      1      0      0      0      0      0      0      0      0      0      0      0      0      0      0      0      0      0     
0x7f8d0b5bb570           STS.U8 [R27+UR4+0x2000], R26               2      2      2      40960  1310720 1310720 32     32     0      Shared Store  8      0      1      0      40960  40960  0      0      0      -      0      0      0      0      0      0      0      0      0      0      0      0      0      0      1      0      0      0      0      0      0      0      1      0      0      0      0      0      0      0      0      1      0      0      0      0      0      0      0      1     
0x7f8d0b5bb580           S2R R26, SR_TID.X                          18     10     18     40960  1310720 1310720 32     32     0      -      -      -      0      0      0      0      0      0      0      0      -      0      0      0      0      0      0      0      0      0      0      0      0      0      0      2      0      0      2      0      14     0      0      0      0      0      0      0      0      0      0      0      1      0      0      0      0      9      0      0      0     
0x7f8d0b5bb590           PRMT R29, R9, 0x7772, RZ                   0      0      0      40960  1310720 1310720 32     32     0      -      -      -      0      0      0      0      0      0      0      0      -      0      0      0      0      0      0      0      0      0      0      0      0      0      0      0      0      0      0      0      0      0      0      0      0      0      0      0      0      0      0      0      0      0      0      0      0      0      0      0      0     
0x7f8d0b5bb5a0           PRMT R28, R10, 0x7772, RZ                  0      0      0      40960  1310720 1310720 32     32     0      -      -      -      0      0      0      0      0      0      0      0      -      0      0      0      0      0      0      0      0      0      0      0      0      0      0      0      0      0      0      0      0      0      0      0      0      0      0      0      0      0      0      0      0      0      0      0      0      0      0      0      0     
0x7f8d0b5bb5b0           STS.U8 [R27+UR4+0x2080], R29               1      0      1      40960  1310720 1310720 32     32     0      Shared Store  8      0      1      0      40960  40960  0      0      0      -      0      0      0      0      0      0      0      0      0      0      0      0      0      0      0      0      0      1      0      0      0      0      0      0      0      0      0      0      0      0      0      0      0      0      0      0      0      0      0      0     
0x7f8d0b5bb5c0           PRMT R3, R8, 0x7773, RZ                    0      0      0      40960  1310720 1310720 32     32     0      -      -      -      0      0      0      0      0      0      0      0      -      0      0      0      0      0      0      0      0      0      0      0      0      0      0      0      0      0      0      0      0      0      0      0      0      0      0      0      0      0      0      0      0      0      0      0      0      0      0      0      0     
0x7f8d0b5bb5d0           LOP3.LUT R8, R22, 0xc, RZ, 0x3c, !PT       0      0      0      40960  1310720 1310720 32     32     0      -      -      -      0      0      0      0      0      0      0      0      -      0      0      0      0      0      0      0      0      0      0      0      0      0      0      0      0      0      0      0      0      0      0      0      0      0      0      0      0      0      0      0      0      0      0      0      0      0      0      0      0     
0x7f8d0b5bb5e0           PRMT R9, R9, 0x7773, RZ                    0      0      0      40960  1310720 1310720 32     32     0      -      -      -      0      0      0      0      0      0      0      0      -      0      0      0      0      0      0      0      0      0      0      0      0      0      0      0      0      0      0      0      0      0      0      0      0      0      0      0      0      0      0      0      0      0      0      0      0      0      0      0      0     
0x7f8d0b5bb5f0           PRMT R29, R11, 0x7772, RZ                  12     4      12     40960  1310720 1310720 32     32     0      -      -      -      0      0      0      0      0      0      0      0      -      0      0      0      0      0      0      0      0      0      0      0      0      1      0      0      0      0      5      0      6      0      0      0      0      0      0      0      0      0      1      0      0      0      0      0      0      3      0      0      0     
0x7f8d0b5bb600           STS.U8 [R27+UR4+0x2100], R28               5      3      5      40960  1310720 1310720 32     32     0      Shared Store  8      0      1      0      40960  40960  0      0      0      -      0      0      0      0      0      0      0      0      0      0      0      0      0      0      3      0      0      1      1      0      0      0      0      0      0      0      0      0      0      0      0      3      0      0      0      0      0      0      0      0     
0x7f8d0b5bb610           PRMT R11, R11, 0x7773, RZ                  0      0      0      40960  1310720 1310720 32     32     0      -      -      -      0      0      0      0      0      0      0      0      -      0      0      0      0      0      0      0      0      0      0      0      0      0      0      0      0      0      0      0      0      0      0      0      0      0      0      0      0      0      0      0      0      0      0      0      0      0      0      0      0     
0x7f8d0b5bb620           STS.U8 [R27+UR4+0x2180], R29               2      1      2      40960  1310720 1310720 32     32     0      Shared Store  8      0      1      0      40960  40960  0      0      0      -      0      0      0      0      0      0      0      0      0      0      0      0      0      0      2      0      0      0      0      0      0      0      0      0      0      0      0      0      0      0      0      1      0      0      0      0      0      0      0      0     
0x7f8d0b5bb630           STS.U8 [R8+UR4+0x3000], R3                 0      0      0      40960  1310720 1310720 32     32     0      Shared Store  8      0      1      0      40960  40960  0      0      0      -      0      0      0      0      0      0      0      0      0      0      0      0      0      0      0      0      0      0      0      0      0      0      0      0      0      0      0      0      0      0      0      0      0      0      0      0      0      0      0      0     
0x7f8d0b5bb640           STS.U8 [R8+UR4+0x3080], R9                 2      1      2      40960  1310720 1310720 32     32     0      Shared Store  8      0      1      0      40960  40960  0      0      0      -      0      0      0      0      0      0      0      0      0      0      0      0      0      0      2      0      0      0      0      0      0      0      0      0      0      0      0      0      0      0      0      1      0      0      0      0      0      0      0      0     
0x7f8d0b5bb650           PRMT R27, R10, 0x7773, RZ                  12     8      12     40960  1310720 1310720 32     32     0      -      -      -      0      0      0      0      0      0      0      0      -      0      0      0      0      0      0      0      0      0      0      0      0      4      0      0      0      0      2      0      6      0      0      0      0      0      0      0      0      0      3      0      0      0      0      0      0      5      0      0      0     
0x7f8d0b5bb660           IMAD.SHL.U32 R26, R26, 0x10, RZ            0      0      0      40960  1310720 1310720 32     32     0      -      -      -      0      0      0      0      0      0      0      0      -      0      0      0      0      0      0      0      0      0      0      0      0      0      0      0      0      0      0      0      0      0      0      0      0      0      0      0      0      0      0      0      0      0      0      0      0      0      0      0      0     
0x7f8d0b5bb670           LOP3.LUT R10, R22, 0x20, RZ, 0x3c, !PT     0      0      0      40960  1310720 1310720 32     32     0      -      -      -      0      0      0      0      0      0      0      0      -      0      0      0      0      0      0      0      0      0      0      0      0      0      0      0      0      0      0      0      0      0      0      0      0      0      0      0      0      0      0      0      0      0      0      0      0      0      0      0      0     
0x7f8d0b5bb680           PRMT R3, R6, 0x7770, RZ                    54     36     54     40960  1310720 1310720 32     32     0      -      -      -      0      0      0      0      0      0      0      0      -      0      0      0      0      0      0      0      0      0      0      0      51     1      0      0      0      0      0      0      2      0      0      0      0      0      0      0      0      33     1      0      0      0      0      0      0      2      0      0      0     
0x7f8d0b5bb690           STS.U8 [R8+UR4+0x3100], R27                4      4      4      40960  1310720 1310720 32     32     0      Shared Store  8      0      1      0      40960  40960  0      0      0      -      0      0      0      0      0      0      0      0      0      0      0      0      0      0      4      0      0      0      0      0      0      0      0      0      0      0      0      0      0      0      0      4      0      0      0      0      0      0      0      0     
0x7f8d0b5bb6a0           SHF.R.U32.HI R9, RZ, 0x1, R24              2      2      2      40960  1310720 1310720 32     32     0      -      -      -      0      0      0      0      0      0      0      0      -      0      0      0      0      0      0      0      0      0      0      0      0      0      0      0      0      0      0      0      2      0      0      0      0      0      0      0      0      0      0      0      0      0      0      0      0      2      0      0      0     
0x7f8d0b5bb6b0           STS.U8 [R8+UR4+0x3180], R11                4      3      4      40960  1310720 1310720 32     32     0      Shared Store  8      0      1      0      40960  40960  0      0      0      -      0      0      0      0      0      0      0      0      0      0      0      0      0      0      3      0      0      0      0      0      0      0      1      0      0      0      0      0      0      0      0      3      0      0      0      0      0      0      0      0     
0x7f8d0b5bb6c0           LOP3.LUT R2, R24, 0x60, RZ, 0xc0, !PT      0      0      0      40960  1310720 1310720 32     32     0      -      -      -      0      0      0      0      0      0      0      0      -      0      0      0      0      0      0      0      0      0      0      0      0      0      0      0      0      0      0      0      0      0      0      0      0      0      0      0      0      0      0      0      0      0      0      0      0      0      0      0      0     
0x7f8d0b5bb6d0           PRMT R29, R4, 0x7770, RZ                   0      0      0      40960  1310720 1310720 32     32     0      -      -      -      0      0      0      0      0      0      0      0      -      0      0      0      0      0      0      0      0      0      0      0      0      0      0      0      0      0      0      0      0      0      0      0      0      0      0      0      0      0      0      0      0      0      0      0      0      0      0      0      0     
0x7f8d0b5bb6e0           STS.U8 [R10+UR4+0x100], R3                 1      1      1      40960  1310720 1310720 32     32     0      Shared Store  8      0      1      0      40960  40960  0      0      0      -      0      0      0      0      0      0      0      0      0      0      0      0      0      0      1      0      0      0      0      0      0      0      0      0      0      0      0      0      0      0      0      1      0      0      0      0      0      0      0      0     
0x7f8d0b5bb6f0           PRMT R28, R5, 0x7770, RZ                   0      0      0      40960  1310720 1310720 32     32     0      -      -      -      0      0      0      0      0      0      0      0      -      0      0      0      0      0      0      0      0      0      0      0      0      0      0      0      0      0      0      0      0      0      0      0      0      0      0      0      0      0      0      0      0      0      0      0      0      0      0      0      0     
0x7f8d0b5bb700           LOP3.LUT R27, R9, 0x4c, RZ, 0xc0, !PT      13     6      13     40960  1310720 1310720 32     32     0      -      -      -      0      0      0      0      0      0      0      0      -      0      0      0      0      0      0      0      0      0      0      0      0      4      0      0      0      0      2      0      7      0      0      0      0      0      0      0      0      0      2      0      0      0      0      0      0      4      0      0      0     
0x7f8d0b5bb710           PRMT R11, R7, 0x7770, RZ                   4      2      4      40960  1310720 1310720 32     32     0      -      -      -      0      0      0      0      0      0      0      0      -      0      0      0      0      0      0      0      0      0      0      0      0      0      0      0      0      0      0      0      3      0      0      1      0      0      0      0      0      0      0      0      0      0      0      0      0      1      0      0      1     
0x7f8d0b5bb720           IMAD.SHL.U32 R8, R24, 0x200, RZ            0      0      0      40960  1310720 1310720 32     32     0      -      -      -      0      0      0      0      0      0      0      0      -      0      0      0      0      0      0      0      0      0      0      0      0      0      0      0      0      0      0      0      0      0      0      0      0      0      0      0      0      0      0      0      0      0      0      0      0      0      0      0      0     
0x7f8d0b5bb730           LOP3.LUT R3, R26, 0x70, RZ, 0xc0, !PT      1      1      1      40960  1310720 1310720 32     32     0      -      -      -      0      0      0      0      0      0      0      0      -      0      0      0      0      0      0      0      0      0      0      0      0      0      0      0      0      0      0      0      1      0      0      0      0      0      0      0      0      0      0      0      0      0      0      0      0      1      0      0      0     
0x7f8d0b5bb740           IMAD R27, R2, 0x4, R27                     0      0      0      40960  1310720 1310720 32     32     0      -      -      -      0      0      0      0      0      0      0      0      -      0      0      0      0      0      0      0      0      0      0      0      0      0      0      0      0      0      0      0      0      0      0      0      0      0      0      0      0      0      0      0      0      0      0      0      0      0      0      0      0     
0x7f8d0b5bb750           LOP3.LUT R9, R22, 0x24, RZ, 0x3c, !PT      0      0      0      40960  1310720 1310720 32     32     0      -      -      -      0      0      0      0      0      0      0      0      -      0      0      0      0      0      0      0      0      0      0      0      0      0      0      0      0      0      0      0      0      0      0      0      0      0      0      0      0      0      0      0      0      0      0      0      0      0      0      0      0     
0x7f8d0b5bb760           STS.U8 [R10+UR4], R29                      1      1      1      40960  1310720 1310720 32     32     0      Shared Store  8      0      1      0      40960  40960  0      0      0      -      0      0      0      0      0      0      0      0      0      0      0      0      0      0      1      0      0      0      0      0      0      0      0      0      0      0      0      0      0      0      0      1      0      0      0      0      0      0      0      0     
0x7f8d0b5bb770           PRMT R24, R4, 0x7771, RZ                   0      0      0      40960  1310720 1310720 32     32     0      -      -      -      0      0      0      0      0      0      0      0      -      0      0      0      0      0      0      0      0      0      0      0      0      0      0      0      0      0      0      0      0      0      0      0      0      0      0      0      0      0      0      0      0      0      0      0      0      0      0      0      0     
0x7f8d0b5bb780           LOP3.LUT R8, R3, 0x3800, R8, 0xf8, !PT     5      4      5      40960  1310720 1310720 32     32     0      -      -      -      0      0      0      0      0      0      0      0      -      0      0      0      0      0      0      0      0      0      0      0      0      2      0      0      0      0      0      0      0      0      0      3      0      0      0      0      0      0      2      0      0      0      0      0      0      0      0      0      2     
0x7f8d0b5bb790           STS.U8 [R10+UR4+0x80], R28                 4      3      4      40960  1310720 1310720 32     32     0      Shared Store  8      0      1      0      40960  40960  0      0      0      -      0      0      0      0      0      0      0      0      0      0      0      0      0      0      3      0      0      1      0      0      0      0      0      0      0      0      0      0      0      0      0      3      0      0      0      0      0      0      0      0     
0x7f8d0b5bb7a0           PRMT R26, R5, 0x7771, RZ                   0      0      0      40960  1310720 1310720 32     32     0      -      -      -      0      0      0      0      0      0      0      0      -      0      0      0      0      0      0      0      0      0      0      0      0      0      0      0      0      0      0      0      0      0      0      0      0      0      0      0      0      0      0      0      0      0      0      0      0      0      0      0      0     
0x7f8d0b5bb7b0           STS.U8 [R10+UR4+0x180], R11                2      2      2      40960  1310720 1310720 32     32     0      Shared Store  8      0      1      0      40960  40960  0      0      0      -      0      0      0      0      0      0      0      0      0      0      0      0      0      0      2      0      0      0      0      0      0      0      0      0      0      0      0      0      0      0      0      2      0      0      0      0      0      0      0      0     
0x7f8d0b5bb7c0           LOP3.LUT R2, R22, 0x28, RZ, 0x3c, !PT      1      0      1      40960  1310720 1310720 32     32     0      -      -      -      0      0      0      0      0      0      0      0      -      0      0      0      0      0      0      0      0      0      0      0      0      0      0      0      0      0      0      1      0      0      0      0      0      0      0      0      0      0      0      0      0      0      0      0      0      0      0      0      0     
0x7f8d0b5bb7d0           LOP3.LUT R8, R8, R27, RZ, 0x3c, !PT        0      0      0      40960  1310720 1310720 32     32     0      -      -      -      0      0      0      0      0      0      0      0      -      0      0      0      0      0      0      0      0      0      0      0      0      0      0      0      0      0      0      0      0      0      0      0      0      0      0      0      0      0      0      0      0      0      0      0      0      0      0      0      0     
0x7f8d0b5bb7e0           PRMT R28, R7, 0x7771, RZ                   10     7      10     40960  1310720 1310720 32     32     0      -      -      -      0      0      0      0      0      0      0      0      -      0      0      0      0      0      0      0      0      0      0      0      0      0      0      0      0      0      0      0      10     0      0      0      0      0      0      0      0      0      0      0      0      0      0      0      0      7      0      0      0     
0x7f8d0b5bb7f0           STS.U8 [R9+UR4+0x1000], R24                0      0      0      40960  1310720 1310720 32     32     0      Shared Store  8      0      1      0      40960  40960  0      0      0      -      0      0      0      0      0      0      0      0      0      0      0      0      0      0      0      0      0      0      0      0      0      0      0      0      0      0      0      0      0      0      0      0      0      0      0      0      0      0      0      0     
0x7f8d0b5bb800           PRMT R10, R6, 0x7771, RZ                   1      0      1      40960  1310720 1310720 32     32     0      -      -      -      0      0      0      0      0      0      0      0      -      0      0      0      0      0      0      0      0      0      0      0      0      1      0      0      0      0      0      0      0      0      0      0      0      0      0      0      0      0      0      0      0      0      0      0      0      0      0      0      0     
0x7f8d0b5bb810           PRMT R11, R4, 0x7772, RZ                   0      0      0      40960  1310720 1310720 32     32     0      -      -      -      0      0      0      0      0      0      0      0      -      0      0      0      0      0      0      0      0      0      0      0      0      0      0      0      0      0      0      0      0      0      0      0      0      0      0      0      0      0      0      0      0      0      0      0      0      0      0      0      0     
0x7f8d0b5bb820           STS.U8 [R9+UR4+0x1080], R26                1      1      1      40960  1310720 1310720 32     32     0      Shared Store  8      0      1      0      40960  40960  0      0      0      -      0      0      0      0      0      0      0      0      0      0      0      0      0      0      1      0      0      0      0      0      0      0      0      0      0      0      0      0      0      0      0      1      0      0      0      0      0      0      0      0     
0x7f8d0b5bb830           PRMT R27, R5, 0x7772, RZ                   0      0      0      40960  1310720 1310720 32     32     0      -      -      -      0      0      0      0      0      0      0      0      -      0      0      0      0      0      0      0      0      0      0      0      0      0      0      0      0      0      0      0      0      0      0      0      0      0      0      0      0      0      0      0      0      0      0      0      0      0      0      0      0     
0x7f8d0b5bb840           PRMT R29, R7, 0x7772, RZ                   4      2      4      40960  1310720 1310720 32     32     0      -      -      -      0      0      0      0      0      0      0      0      -      0      0      0      0      0      0      0      0      0      0      0      0      3      0      0      0      0      1      0      0      0      0      0      0      0      0      0      0      0      2      0      0      0      0      0      0      0      0      0      0     
0x7f8d0b5bb850           STS.U8 [R9+UR4+0x1100], R10                1      0      1      40960  1310720 1310720 32     32     0      Shared Store  8      0      1      0      40960  40960  0      0      0      -      0      0      0      0      0      0      0      0      0      0      0      0      0      0      1      0      0      0      0      0      0      0      0      0      0      0      0      0      0      0      0      0      0      0      0      0      0      0      0      0     
0x7f8d0b5bb860           PRMT R24, R5, 0x7773, RZ                   5      2      5      40960  1310720 1310720 32     32     0      -      -      -      0      0      0      0      0      0      0      0      -      0      0      0      0      0      0      0      0      0      0      0      0      1      0      0      0      0      1      0      3      0      0      0      0      0      0      0      0      0      0      0      0      0      0      0      0      2      0      0      0     
0x7f8d0b5bb870           PRMT R5, R6, 0x7772, RZ                    0      0      0      40960  1310720 1310720 32     32     0      -      -      -      0      0      0      0      0      0      0      0      -      0      0      0      0      0      0      0      0      0      0      0      0      0      0      0      0      0      0      0      0      0      0      0      0      0      0      0      0      0      0      0      0      0      0      0      0      0      0      0      0     
0x7f8d0b5bb880           STS.U8 [R9+UR4+0x1180], R28                2      0      2      40960  1310720 1310720 32     32     0      Shared Store  8      0      1      0      40960  40960  0      0      0      -      0      0      0      0      0      0      0      0      0      0      0      0      0      0      1      0      0      0      1      0      0      0      0      0      0      0      0      0      0      0      0      0      0      0      0      0      0      0      0      0     
0x7f8d0b5bb890           LOP3.LUT R3, R22, 0x2c, RZ, 0x3c, !PT      0      0      0      40960  1310720 1310720 32     32     0      -      -      -      0      0      0      0      0      0      0      0      -      0      0      0      0      0      0      0      0      0      0      0      0      0      0      0      0      0      0      0      0      0      0      0      0      0      0      0      0      0      0      0      0      0      0      0      0      0      0      0      0     
0x7f8d0b5bb8a0           PRMT R4, R4, 0x7773, RZ                    0      0      0      40960  1310720 1310720 32     32     0      -      -      -      0      0      0      0      0      0      0      0      -      0      0      0      0      0      0      0      0      0      0      0      0      0      0      0      0      0      0      0      0      0      0      0      0      0      0      0      0      0      0      0      0      0      0      0      0      0      0      0      0     
0x7f8d0b5bb8b0           STS.U8 [R2+UR4+0x2000], R11                1      1      1      40960  1310720 1310720 32     32     0      Shared Store  8      0      1      0      40960  40960  0      0      0      -      0      0      0      0      0      0      0      0      0      0      0      0      0      0      1      0      0      0      0      0      0      0      0      0      0      0      0      0      0      0      0      1      0      0      0      0      0      0      0      0     
0x7f8d0b5bb8c0           PRMT R6, R6, 0x7773, RZ                    1      0      1      40960  1310720 1310720 32     32     0      -      -      -      0      0      0      0      0      0      0      0      -      0      0      0      0      0      0      0      0      0      0      0      0      0      0      0      0      0      0      1      0      0      0      0      0      0      0      0      0      0      0      0      0      0      0      0      0      0      0      0      0     
0x7f8d0b5bb8d0           PRMT R26, R7, 0x7773, RZ                   0      0      0      40960  1310720 1310720 32     32     0      -      -      -      0      0      0      0      0      0      0      0      -      0      0      0      0      0      0      0      0      0      0      0      0      0      0      0      0      0      0      0      0      0      0      0      0      0      0      0      0      0      0      0      0      0      0      0      0      0      0      0      0     
0x7f8d0b5bb8e0           LOP3.LUT R7, R22, 0x40, RZ, 0x3c, !PT      1      0      1      40960  1310720 1310720 32     32     0      -      -      -      0      0      0      0      0      0      0      0      -      0      0      0      0      0      0      0      0      0      0      0      0      0      0      0      0      0      0      1      0      0      0      0      0      0      0      0      0      0      0      0      0      0      0      0      0      0      0      0      0     
0x7f8d0b5bb8f0           PRMT R10, R12, 0x7770, RZ                  20     14     20     40960  1310720 1310720 32     32     0      -      -      -      0      0      0      0      0      0      0      0      -      0      0      0      0      0      0      0      0      0      0      0      20     0      0      0      0      0      0      0      0      0      0      0      0      0      0      0      0      14     0      0      0      0      0      0      0      0      0      0      0     
0x7f8d0b5bb900           PRMT R28, R13, 0x7770, RZ                  9      5      9      40960  1310720 1310720 32     32     0      -      -      -      0      0      0      0      0      0      0      0      -      0      0      0      0      0      0      0      0      0      0      0      0      0      0      0      0      0      0      1      8      0      0      0      0      0      0      0      0      0      0      0      0      0      0      0      0      5      0      0      0     
0x7f8d0b5bb910           PRMT R9, R14, 0x7770, RZ                   1      1      1      40960  1310720 1310720 32     32     0      -      -      -      0      0      0      0      0      0      0      0      -      0      0      0      0      0      0      0      0      0      0      0      0      1      0      0      0      0      0      0      0      0      0      0      0      0      0      0      0      0      1      0      0      0      0      0      0      0      0      0      0     
0x7f8d0b5bb920           PRMT R11, R15, 0x7770, RZ                  0      0      0      40960  1310720 1310720 32     32     0      -      -      -      0      0      0      0      0      0      0      0      -      0      0      0      0      0      0      0      0      0      0      0      0      0      0      0      0      0      0      0      0      0      0      0      0      0      0      0      0      0      0      0      0      0      0      0      0      0      0      0      0     
0x7f8d0b5bb930           STS.U8 [R2+UR4+0x2080], R27                2      1      2      40960  1310720 1310720 32     32     0      Shared Store  8      0      1      0      40960  40960  0      0      0      -      0      0      0      0      0      0      0      0      0      0      0      0      0      0      2      0      0      0      0      0      0      0      0      0      0      0      0      0      0      0      0      1      0      0      0      0      0      0      0      0     
0x7f8d0b5bb940           STS.U8 [R2+UR4+0x2100], R5                 2      1      2      40960  1310720 1310720 32     32     0      Shared Store  8      0      1      0      40960  40960  0      0      0      -      0      0      0      0      0      0      0      0      0      0      0      0      0      0      1      0      0      0      1      0      0      0      0      0      0      0      0      0      0      0      0      1      0      0      0      0      0      0      0      0     
0x7f8d0b5bb950           STS.U8 [R2+UR4+0x2180], R29                3      3      3      40960  1310720 1310720 32     32     0      Shared Store  8      0      1      0      40960  40960  0      0      0      -      0      0      0      0      0      0      0      0      0      0      0      0      0      0      2      0      0      0      0      0      0      0      1      0      0      0      0      0      0      0      0      2      0      0      0      0      0      0      0      1     
0x7f8d0b5bb960           PRMT R27, R13, 0x7771, RZ                  7      1      7      40960  1310720 1310720 32     32     0      -      -      -      0      0      0      0      0      0      0      0      -      0      0      0      0      0      0      0      0      0      0      0      0      1      0      0      0      0      0      0      6      0      0      0      0      0      0      0      0      0      0      0      0      0      0      0      0      1      0      0      0     
0x7f8d0b5bb970           STS.U8 [R3+UR4+0x3000], R4                 0      0      0      40960  1310720 1310720 32     32     0      Shared Store  8      0      1      0      40960  40960  0      0      0      -      0      0      0      0      0      0      0      0      0      0      0      0      0      0      0      0      0      0      0      0      0      0      0      0      0      0      0      0      0      0      0      0      0      0      0      0      0      0      0      0     
0x7f8d0b5bb980           PRMT R5, R12, 0x7771, RZ                   1      1      1      40960  1310720 1310720 32     32     0      -      -      -      0      0      0      0      0      0      0      0      -      0      0      0      0      0      0      0      0      0      0      0      0      0      0      0      0      0      0      0      1      0      0      0      0      0      0      0      0      0      0      0      0      0      0      0      0      1      0      0      0     
0x7f8d0b5bb990           STS.U8 [R3+UR4+0x3080], R24                3      2      3      40960  1310720 1310720 32     32     0      Shared Store  8      0      1      0      40960  40960  0      0      0      -      0      0      0      0      0      0      0      0      0      0      0      0      0      0      2      0      0      0      1      0      0      0      0      0      0      0      0      0      0      0      0      2      0      0      0      0      0      0      0      0     
0x7f8d0b5bb9a0           PRMT R2, R12, 0x7772, RZ                   0      0      0      40960  1310720 1310720 32     32     0      -      -      -      0      0      0      0      0      0      0      0      -      0      0      0      0      0      0      0      0      0      0      0      0      0      0      0      0      0      0      0      0      0      0      0      0      0      0      0      0      0      0      0      0      0      0      0      0      0      0      0      0     
0x7f8d0b5bb9b0           STS.U8 [R3+UR4+0x3100], R6                 2      1      2      40960  1310720 1310720 32     32     0      Shared Store  8      0      1      0      40960  40960  0      0      0      -      0      0      0      0      0      0      0      0      0      0      0      0      0      0      1      0      0      1      0      0      0      0      0      0      0      0      0      0      0      0      0      1      0      0      0      0      0      0      0      0     
0x7f8d0b5bb9c0           PRMT R29, R14, 0x7771, RZ                  0      0      0      40960  1310720 1310720 32     32     0      -      -      -      0      0      0      0      0      0      0      0      -      0      0      0      0      0      0      0      0      0      0      0      0      0      0      0      0      0      0      0      0      0      0      0      0      0      0      0      0      0      0      0      0      0      0      0      0      0      0      0      0     
0x7f8d0b5bb9d0           STS.U8 [R3+UR4+0x3180], R26                0      0      0      40960  1310720 1310720 32     32     0      Shared Store  8      0      1      0      40960  40960  0      0      0      -      0      0      0      0      0      0      0      0      0      0      0      0      0      0      0      0      0      0      0      0      0      0      0      0      0      0      0      0      0      0      0      0      0      0      0      0      0      0      0      0     
0x7f8d0b5bb9e0           LOP3.LUT R4, R22, 0x44, RZ, 0x3c, !PT      2      0      2      40960  1310720 1310720 32     32     0      -      -      -      0      0      0      0      0      0      0      0      -      0      0      0      0      0      0      0      0      0      0      0      0      0      0      0      0      0      1      1      0      0      0      0      0      0      0      0      0      0      0      0      0      0      0      0      0      0      0      0      0     
0x7f8d0b5bb9f0           PRMT R24, R12, 0x7773, RZ                  1      0      1      40960  1310720 1310720 32     32     0      -      -      -      0      0      0      0      0      0      0      0      -      0      0      0      0      0      0      0      0      0      0      0      0      0      0      0      0      0      0      0      1      0      0      0      0      0      0      0      0      0      0      0      0      0      0      0      0      0      0      0      0     
0x7f8d0b5bba00           STS.U8 [R7+UR4+0x800], R10                 0      0      0      40960  1310720 1310720 32     32     0      Shared Store  8      0      1      0      40960  40960  0      0      0      -      0      0      0      0      0      0      0      0      0      0      0      0      0      0      0      0      0      0      0      0      0      0      0      0      0      0      0      0      0      0      0      0      0      0      0      0      0      0      0      0     
0x7f8d0b5bba10           PRMT R12, R15, 0x7772, RZ                  0      0      0      40960  1310720 1310720 32     32     0      -      -      -      0      0      0      0      0      0      0      0      -      0      0      0      0      0      0      0      0      0      0      0      0      0      0      0      0      0      0      0      0      0      0      0      0      0      0      0      0      0      0      0      0      0      0      0      0      0      0      0      0     
0x7f8d0b5bba20           STS.U8 [R7+UR4+0x880], R28                 3      2      3      40960  1310720 1310720 32     32     0      Shared Store  8      0      1      0      40960  40960  0      0      0      -      0      0      0      0      0      0      0      0      0      0      0      0      0      0      1      0      0      1      0      0      0      0      1      0      0      0      0      0      0      0      0      1      0      0      0      0      0      0      0      1     
0x7f8d0b5bba30           PRMT R6, R13, 0x7772, RZ                   0      0      0      40960  1310720 1310720 32     32     0      -      -      -      0      0      0      0      0      0      0      0      -      0      0      0      0      0      0      0      0      0      0      0      0      0      0      0      0      0      0      0      0      0      0      0      0      0      0      0      0      0      0      0      0      0      0      0      0      0      0      0      0     
0x7f8d0b5bba40           STS.U8 [R7+UR4+0x900], R9                  2      2      2      40960  1310720 1310720 32     32     0      Shared Store  8      0      1      0      40960  40960  0      0      0      -      0      0      0      0      0      0      0      0      0      0      0      0      0      0      2      0      0      0      0      0      0      0      0      0      0      0      0      0      0      0      0      2      0      0      0      0      0      0      0      0     
0x7f8d0b5bba50           PRMT R26, R14, 0x7773, RZ                  2      0      2      40960  1310720 1310720 32     32     0      -      -      -      0      0      0      0      0      0      0      0      -      0      0      0      0      0      0      0      0      0      0      0      0      0      0      0      0      0      1      1      0      0      0      0      0      0      0      0      0      0      0      0      0      0      0      0      0      0      0      0      0     
0x7f8d0b5bba60           STS.U8 [R7+UR4+0x980], R11                 5      2      5      40960  1310720 1310720 32     32     0      Shared Store  8      0      1      0      40960  40960  0      0      0      -      0      0      0      0      0      0      0      0      0      0      0      0      0      0      1      0      0      2      1      0      0      0      1      0      0      0      0      0      0      0      0      1      0      0      0      0      0      0      0      1     
0x7f8d0b5bba70           PRMT R10, R14, 0x7772, RZ                  5      2      5      40960  1310720 1310720 32     32     0      -      -      -      0      0      0      0      0      0      0      0      -      0      0      0      0      0      0      0      0      0      0      0      0      2      0      0      0      0      0      1      2      0      0      0      0      0      0      0      0      0      0      0      0      0      0      0      0      2      0      0      0     
0x7f8d0b5bba80           PRMT R13, R13, 0x7773, RZ                  0      0      0      40960  1310720 1310720 32     32     0      -      -      -      0      0      0      0      0      0      0      0      -      0      0      0      0      0      0      0      0      0      0      0      0      0      0      0      0      0      0      0      0      0      0      0      0      0      0      0      0      0      0      0      0      0      0      0      0      0      0      0      0     
0x7f8d0b5bba90           LOP3.LUT R14, R22, 0x4c, RZ, 0x3c, !PT     0      0      0      40960  1310720 1310720 32     32     0      -      -      -      0      0      0      0      0      0      0      0      -      0      0      0      0      0      0      0      0      0      0      0      0      0      0      0      0      0      0      0      0      0      0      0      0      0      0      0      0      0      0      0      0      0      0      0      0      0      0      0      0     
0x7f8d0b5bbaa0           LOP3.LUT R9, R22, 0x48, RZ, 0x3c, !PT      0      0      0      40960  1310720 1310720 32     32     0      -      -      -      0      0      0      0      0      0      0      0      -      0      0      0      0      0      0      0      0      0      0      0      0      0      0      0      0      0      0      0      0      0      0      0      0      0      0      0      0      0      0      0      0      0      0      0      0      0      0      0      0     
0x7f8d0b5bbab0           PRMT R7, R15, 0x7771, RZ                   3      1      3      40960  1310720 1310720 32     32     0      -      -      -      0      0      0      0      0      0      0      0      -      0      0      0      0      0      0      0      0      0      0      0      0      0      0      0      0      0      1      1      1      0      0      0      0      0      0      0      0      0      0      0      0      0      0      0      0      1      0      0      0     
0x7f8d0b5bbac0           PRMT R15, R15, 0x7773, RZ                  1      1      1      40960  1310720 1310720 32     32     0      -      -      -      0      0      0      0      0      0      0      0      -      0      0      0      0      0      0      0      0      0      0      0      0      0      0      0      0      0      0      0      0      0      0      1      0      0      0      0      0      0      0      0      0      0      0      0      0      0      0      0      1     
0x7f8d0b5bbad0           STS.U8 [R4+UR4+0x1800], R5                 2      2      2      40960  1310720 1310720 32     32     0      Shared Store  8      0      1      0      40960  40960  0      0      0      -      0      0      0      0      0      0      0      0      0      0      0      0      0      0      2      0      0      0      0      0      0      0      0      0      0      0      0      0      0      0      0      2      0      0      0      0      0      0      0      0     
0x7f8d0b5bbae0           LOP3.LUT R3, R22, 0x60, RZ, 0x3c, !PT      0      0      0      40960  1310720 1310720 32     32     0      -      -      -      0      0      0      0      0      0      0      0      -      0      0      0      0      0      0      0      0      0      0      0      0      0      0      0      0      0      0      0      0      0      0      0      0      0      0      0      0      0      0      0      0      0      0      0      0      0      0      0      0     
0x7f8d0b5bbaf0           STS.U8 [R4+UR4+0x1880], R27                2      2      2      40960  1310720 1310720 32     32     0      Shared Store  8      0      1      0      40960  40960  0      0      0      -      0      0      0      0      0      0      0      0      0      0      0      0      0      0      1      0      0      0      0      0      0      0      1      0      0      0      0      0      0      0      0      1      0      0      0      0      0      0      0      1     
0x7f8d0b5bbb00           STS.U8 [R4+UR4+0x1900], R29                2      1      2      40960  1310720 1310720 32     32     0      Shared Store  8      0      1      0      40960  40960  0      0      0      -      0      0      0      0      0      0      0      0      0      0      0      0      0      0      1      0      0      0      0      0      0      0      1      0      0      0      0      0      0      0      0      0      0      0      0      0      0      0      0      1     
0x7f8d0b5bbb10           STS.U8 [R4+UR4+0x1980], R7                 0      0      0      40960  1310720 1310720 32     32     0      Shared Store  8      0      1      0      40960  40960  0      0      0      -      0      0      0      0      0      0      0      0      0      0      0      0      0      0      0      0      0      0      0      0      0      0      0      0      0      0      0      0      0      0      0      0      0      0      0      0      0      0      0      0     
0x7f8d0b5bbb20           STS.U8 [R9+UR4+0x2800], R2                 0      0      0      40960  1310720 1310720 32     32     0      Shared Store  8      0      1      0      40960  40960  0      0      0      -      0      0      0      0      0      0      0      0      0      0      0      0      0      0      0      0      0      0      0      0      0      0      0      0      0      0      0      0      0      0      0      0      0      0      0      0      0      0      0      0     
0x7f8d0b5bbb30           STS.U8 [R9+UR4+0x2880], R6                 3      3      3      40960  1310720 1310720 32     32     0      Shared Store  8      0      1      0      40960  40960  0      0      0      -      0      0      0      0      0      0      0      0      0      0      0      0      0      0      3      0      0      0      0      0      0      0      0      0      0      0      0      0      0      0      0      3      0      0      0      0      0      0      0      0     
0x7f8d0b5bbb40           LOP3.LUT R4, R22, 0x64, RZ, 0x3c, !PT      10     7      10     40960  1310720 1310720 32     32     0      -      -      -      0      0      0      0      0      0      0      0      -      0      0      0      0      0      0      0      0      0      0      0      0      1      0      0      0      0      2      0      7      0      0      0      0      0      0      0      0      0      1      0      0      0      0      0      0      6      0      0      0     
0x7f8d0b5bbb50           STS.U8 [R9+UR4+0x2900], R10                2      1      2      40960  1310720 1310720 32     32     0      Shared Store  8      0      1      0      40960  40960  0      0      0      -      0      0      0      0      0      0      0      0      0      0      0      0      0      0      0      0      0      0      0      0      0      0      2      0      0      0      0      0      0      0      0      0      0      0      0      0      0      0      0      1     
0x7f8d0b5bbb60           STS.U8 [R9+UR4+0x2980], R12                1      1      1      40960  1310720 1310720 32     32     0      Shared Store  8      0      1      0      40960  40960  0      0      0      -      0      0      0      0      0      0      0      0      0      0      0      0      0      0      0      0      0      0      0      0      0      0      1      0      0      0      0      0      0      0      0      0      0      0      0      0      0      0      0      1     
0x7f8d0b5bbb70           STS.U8 [R14+UR4+0x3800], R24               1      0      1      40960  1310720 1310720 32     32     0      Shared Store  8      0      1      0      40960  40960  0      0      0      -      0      0      0      0      0      0      0      0      0      0      0      0      0      0      0      0      0      1      0      0      0      0      0      0      0      0      0      0      0      0      0      0      0      0      0      0      0      0      0      0     
0x7f8d0b5bbb80           STS.U8 [R14+UR4+0x3880], R13               4      4      4      40960  1310720 1310720 32     32     0      Shared Store  8      0      1      0      40960  40960  0      0      0      -      0      0      0      0      0      0      0      0      0      0      0      0      0      0      3      0      0      0      0      0      0      0      1      0      0      0      0      0      0      0      0      3      0      0      0      0      0      0      0      1     
0x7f8d0b5bbb90           STS.U8 [R14+UR4+0x3900], R26               2      1      2      40960  1310720 1310720 32     32     0      Shared Store  8      0      1      0      40960  40960  0      0      0      -      0      0      0      0      0      0      0      0      0      0      0      0      0      0      0      0      0      0      0      0      0      0      2      0      0      0      0      0      0      0      0      0      0      0      0      0      0      0      0      1     
0x7f8d0b5bbba0           STS.U8 [R14+UR4+0x3980], R15               2      2      2      40960  1310720 1310720 32     32     0      Shared Store  8      0      1      0      40960  40960  0      0      0      -      0      0      0      0      0      0      0      0      0      0      0      0      0      0      2      0      0      0      0      0      0      0      0      0      0      0      0      0      0      0      0      2      0      0      0      0      0      0      0      0     
0x7f8d0b5bbbb0           LOP3.LUT R13, R22, 0x68, RZ, 0x3c, !PT     6      3      6      40960  1310720 1310720 32     32     0      -      -      -      0      0      0      0      0      0      0      0      -      0      0      0      0      0      0      0      0      0      0      0      0      1      0      0      0      0      0      0      5      0      0      0      0      0      0      0      0      0      1      0      0      0      0      0      0      2      0      0      0     
0x7f8d0b5bbbc0           LOP3.LUT R22, R22, 0x6c, RZ, 0x3c, !PT     0      0      0      40960  1310720 1310720 32     32     0      -      -      -      0      0      0      0      0      0      0      0      -      0      0      0      0      0      0      0      0      0      0      0      0      0      0      0      0      0      0      0      0      0      0      0      0      0      0      0      0      0      0      0      0      0      0      0      0      0      0      0      0     
0x7f8d0b5bbbd0           LOP3.LUT R24, R8, 0x8, RZ, 0x3c, !PT       1      0      1      40960  1310720 1310720 32     32     0      -      -      -      0      0      0      0      0      0      0      0      -      0      0      0      0      0      0      0      0      0      0      0      0      0      0      0      0      0      0      0      0      0      0      1      0      0      0      0      0      0      0      0      0      0      0      0      0      0      0      0      0     
0x7f8d0b5bbbe0           PRMT R28, R16, 0x7770, RZ                  312    181    312    40960  1310720 1310720 32     32     0      -      -      -      0      0      0      0      0      0      0      0      -      0      0      0      0      0      0      0      0      0      0      0      312    0      0      0      0      0      0      0      0      0      0      0      0      0      0      0      0      181    0      0      0      0      0      0      0      0      0      0      0     
0x7f8d0b5bbbf0           PRMT R6, R17, 0x7770, RZ                   2      1      2      40960  1310720 1310720 32     32     0      -      -      -      0      0      0      0      0      0      0      0      -      0      0      0      0      0      0      0      0      0      0      0      0      1      0      0      0      0      1      0      0      0      0      0      0      0      0      0      0      0      1      0      0      0      0      0      0      0      0      0      0     
0x7f8d0b5bbc00           PRMT R10, R18, 0x7770, RZ                  0      0      0      40960  1310720 1310720 32     32     0      -      -      -      0      0      0      0      0      0      0      0      -      0      0      0      0      0      0      0      0      0      0      0      0      0      0      0      0      0      0      0      0      0      0      0      0      0      0      0      0      0      0      0      0      0      0      0      0      0      0      0      0     
0x7f8d0b5bbc10           PRMT R12, R19, 0x7770, RZ                  0      0      0      40960  1310720 1310720 32     32     0      -      -      -      0      0      0      0      0      0      0      0      -      0      0      0      0      0      0      0      0      0      0      0      0      0      0      0      0      0      0      0      0      0      0      0      0      0      0      0      0      0      0      0      0      0      0      0      0      0      0      0      0     
0x7f8d0b5bbc20           PRMT R5, R16, 0x7771, RZ                   0      0      0      40960  1310720 1310720 32     32     0      -      -      -      0      0      0      0      0      0      0      0      -      0      0      0      0      0      0      0      0      0      0      0      0      0      0      0      0      0      0      0      0      0      0      0      0      0      0      0      0      0      0      0      0      0      0      0      0      0      0      0      0     
0x7f8d0b5bbc30           PRMT R2, R16, 0x7772, RZ                   1      1      1      40960  1310720 1310720 32     32     0      -      -      -      0      0      0      0      0      0      0      0      -      0      0      0      0      0      0      0      0      0      0      0      0      0      0      0      0      0      0      0      0      0      0      1      0      0      0      0      0      0      0      0      0      0      0      0      0      0      0      0      1     
0x7f8d0b5bbc40           PRMT R27, R16, 0x7773, RZ                  1      1      1      40960  1310720 1310720 32     32     0      -      -      -      0      0      0      0      0      0      0      0      -      0      0      0      0      0      0      0      0      0      0      0      0      0      0      0      0      0      0      0      0      0      0      1      0      0      0      0      0      0      0      0      0      0      0      0      0      0      0      0      1     
0x7f8d0b5bbc50           PRMT R7, R17, 0x7771, RZ                   1      0      1      40960  1310720 1310720 32     32     0      -      -      -      0      0      0      0      0      0      0      0      -      0      0      0      0      0      0      0      0      0      0      0      0      0      0      0      0      0      0      1      0      0      0      0      0      0      0      0      0      0      0      0      0      0      0      0      0      0      0      0      0     
0x7f8d0b5bbc60           PRMT R9, R18, 0x7771, RZ                   0      0      0      40960  1310720 1310720 32     32     0      -      -      -      0      0      0      0      0      0      0      0      -      0      0      0      0      0      0      0      0      0      0      0      0      0      0      0      0      0      0      0      0      0      0      0      0      0      0      0      0      0      0      0      0      0      0      0      0      0      0      0      0     
0x7f8d0b5bbc70           PRMT R14, R18, 0x7772, RZ                  0      0      0      40960  1310720 1310720 32     32     0      -      -      -      0      0      0      0      0      0      0      0      -      0      0      0      0      0      0      0      0      0      0      0      0      0      0      0      0      0      0      0      0      0      0      0      0      0      0      0      0      0      0      0      0      0      0      0      0      0      0      0      0     
0x7f8d0b5bbc80           PRMT R15, R18, 0x7773, RZ                  1      1      1      40960  1310720 1310720 32     32     0      -      -      -      0      0      0      0      0      0      0      0      -      0      0      0      0      0      0      0      0      0      0      0      0      1      0      0      0      0      0      0      0      0      0      0      0      0      0      0      0      0      1      0      0      0      0      0      0      0      0      0      0     
0x7f8d0b5bbc90           PRMT R11, R19, 0x7771, RZ                  0      0      0      40960  1310720 1310720 32     32     0      -      -      -      0      0      0      0      0      0      0      0      -      0      0      0      0      0      0      0      0      0      0      0      0      0      0      0      0      0      0      0      0      0      0      0      0      0      0      0      0      0      0      0      0      0      0      0      0      0      0      0      0     
0x7f8d0b5bbca0           PRMT R16, R17, 0x7772, RZ                  0      0      0      40960  1310720 1310720 32     32     0      -      -      -      0      0      0      0      0      0      0      0      -      0      0      0      0      0      0      0      0      0      0      0      0      0      0      0      0      0      0      0      0      0      0      0      0      0      0      0      0      0      0      0      0      0      0      0      0      0      0      0      0     
0x7f8d0b5bbcb0           PRMT R18, R19, 0x7772, RZ                  1      0      1      40960  1310720 1310720 32     32     0      -      -      -      0      0      0      0      0      0      0      0      -      0      0      0      0      0      0      0      0      0      0      0      0      0      0      0      0      0      0      1      0      0      0      0      0      0      0      0      0      0      0      0      0      0      0      0      0      0      0      0      0     
0x7f8d0b5bbcc0           PRMT R29, R17, 0x7773, RZ                  1      1      1      40960  1310720 1310720 32     32     0      -      -      -      0      0      0      0      0      0      0      0      -      0      0      0      0      0      0      0      0      0      0      0      0      0      0      0      0      0      0      0      0      0      0      1      0      0      0      0      0      0      0      0      0      0      0      0      0      0      0      0      1     
0x7f8d0b5bbcd0           PRMT R19, R19, 0x7773, RZ                  0      0      0      40960  1310720 1310720 32     32     0      -      -      -      0      0      0      0      0      0      0      0      -      0      0      0      0      0      0      0      0      0      0      0      0      0      0      0      0      0      0      0      0      0      0      0      0      0      0      0      0      0      0      0      0      0      0      0      0      0      0      0      0     
0x7f8d0b5bbce0           STS.U8 [R3+UR4+0x800], R28                 2      1      2      40960  1310720 1310720 32     32     0      Shared Store  8      0      1      0      40960  40960  0      0      0      -      0      0      0      0      0      0      0      0      0      0      0      0      0      0      1      0      0      1      0      0      0      0      0      0      0      0      0      0      0      0      0      1      0      0      0      0      0      0      0      0     
0x7f8d0b5bbcf0           STS.U8 [R3+UR4+0x880], R6                  0      0      0      40960  1310720 1310720 32     32     0      Shared Store  8      0      1      0      40960  40960  0      0      0      -      0      0      0      0      0      0      0      0      0      0      0      0      0      0      0      0      0      0      0      0      0      0      0      0      0      0      0      0      0      0      0      0      0      0      0      0      0      0      0      0     
0x7f8d0b5bbd00           STS.U8 [R3+UR4+0x900], R10                 1      1      1      40960  1310720 1310720 32     32     0      Shared Store  8      0      1      0      40960  40960  0      0      0      -      0      0      0      0      0      0      0      0      0      0      0      0      0      0      1      0      0      0      0      0      0      0      0      0      0      0      0      0      0      0      0      1      0      0      0      0      0      0      0      0     
0x7f8d0b5bbd10           STS.U8 [R3+UR4+0x980], R12                 1      0      1      40960  1310720 1310720 32     32     0      Shared Store  8      0      1      0      40960  40960  0      0      0      -      0      0      0      0      0      0      0      0      0      0      0      0      0      0      0      0      0      0      0      0      0      0      1      0      0      0      0      0      0      0      0      0      0      0      0      0      0      0      0      0     
0x7f8d0b5bbd20           STS.U8 [R4+UR4+0x1800], R5                 1      0      1      40960  1310720 1310720 32     32     0      Shared Store  8      0      1      0      40960  40960  0      0      0      -      0      0      0      0      0      0      0      0      0      0      0      0      0      0      0      0      0      0      1      0      0      0      0      0      0      0      0      0      0      0      0      0      0      0      0      0      0      0      0      0     
0x7f8d0b5bbd30           STS.U8 [R4+UR4+0x1880], R7                 1      1      1      40960  1310720 1310720 32     32     0      Shared Store  8      0      1      0      40960  40960  0      0      0      -      0      0      0      0      0      0      0      0      0      0      0      0      0      0      1      0      0      0      0      0      0      0      0      0      0      0      0      0      0      0      0      1      0      0      0      0      0      0      0      0     
0x7f8d0b5bbd40           STS.U8 [R4+UR4+0x1900], R9                 0      0      0      40960  1310720 1310720 32     32     0      Shared Store  8      0      1      0      40960  40960  0      0      0      -      0      0      0      0      0      0      0      0      0      0      0      0      0      0      0      0      0      0      0      0      0      0      0      0      0      0      0      0      0      0      0      0      0      0      0      0      0      0      0      0     
0x7f8d0b5bbd50           STS.U8 [R4+UR4+0x1980], R11                1      0      1      40960  1310720 1310720 32     32     0      Shared Store  8      0      1      0      40960  40960  0      0      0      -      0      0      0      0      0      0      0      0      0      0      0      0      0      0      1      0      0      0      0      0      0      0      0      0      0      0      0      0      0      0      0      0      0      0      0      0      0      0      0      0     
0x7f8d0b5bbd60           STS.U8 [R13+UR4+0x2800], R2                0      0      0      40960  1310720 1310720 32     32     0      Shared Store  8      0      1      0      40960  40960  0      0      0      -      0      0      0      0      0      0      0      0      0      0      0      0      0      0      0      0      0      0      0      0      0      0      0      0      0      0      0      0      0      0      0      0      0      0      0      0      0      0      0      0     
0x7f8d0b5bbd70           STS.U8 [R13+UR4+0x2880], R16               2      2      2      40960  1310720 1310720 32     32     0      Shared Store  8      0      1      0      40960  40960  0      0      0      -      0      0      0      0      0      0      0      0      0      0      0      0      0      0      2      0      0      0      0      0      0      0      0      0      0      0      0      0      0      0      0      2      0      0      0      0      0      0      0      0     
0x7f8d0b5bbd80           STS.U8 [R13+UR4+0x2900], R14               0      0      0      40960  1310720 1310720 32     32     0      Shared Store  8      0      1      0      40960  40960  0      0      0      -      0      0      0      0      0      0      0      0      0      0      0      0      0      0      0      0      0      0      0      0      0      0      0      0      0      0      0      0      0      0      0      0      0      0      0      0      0      0      0      0     
0x7f8d0b5bbd90           STS.U8 [R13+UR4+0x2980], R18               4      4      4      40960  1310720 1310720 32     32     0      Shared Store  8      0      1      0      40960  40960  0      0      0      -      0      0      0      0      0      0      0      0      0      0      0      0      0      0      1      0      0      0      0      0      0      0      3      0      0      0      0      0      0      0      0      1      0      0      0      0      0      0      0      3     
0x7f8d0b5bbda0           STS.U8 [R22+UR4+0x3800], R27               1      0      1      40960  1310720 1310720 32     32     0      Shared Store  8      0      1      0      40960  40960  0      0      0      -      0      0      0      0      0      0      0      0      0      0      0      0      0      0      0      0      0      0      1      0      0      0      0      0      0      0      0      0      0      0      0      0      0      0      0      0      0      0      0      0     
0x7f8d0b5bbdb0           STS.U8 [R22+UR4+0x3880], R29               2      2      2      40960  1310720 1310720 32     32     0      Shared Store  8      0      1      0      40960  40960  0      0      0      -      0      0      0      0      0      0      0      0      0      0      0      0      0      0      1      0      0      0      0      0      0      0      1      0      0      0      0      0      0      0      0      1      0      0      0      0      0      0      0      1     
0x7f8d0b5bbdc0           STS.U8 [R22+UR4+0x3900], R15               2      2      2      40960  1310720 1310720 32     32     0      Shared Store  8      0      1      0      40960  40960  0      0      0      -      0      0      0      0      0      0      0      0      0      0      0      0      0      0      1      0      0      0      0      0      0      0      1      0      0      0      0      0      0      0      0      1      0      0      0      0      0      0      0      1     
0x7f8d0b5bbdd0           STS.U8 [R22+UR4+0x3980], R19               1      1      1      40960  1310720 1310720 32     32     0      Shared Store  8      0      1      0      40960  40960  0      0      0      -      0      0      0      0      0      0      0      0      0      0      0      0      0      0      1      0      0      0      0      0      0      0      0      0      0      0      0      0      0      0      0      1      0      0      0      0      0      0      0      0     
0x7f8d0b5bbde0           BAR.SYNC.DEFER_BLOCKING 0x0                1      0      1      40960  1310720 1310720 32     32     0      -      -      -      0      0      0      0      0      0      0      0      -      0      0      0      0      0      0      0      0      0      0      0      0      0      0      0      0      0      0      1      0      0      0      0      0      0      0      0      0      0      0      0      0      0      0      0      0      0      0      0      0     
0x7f8d0b5bbdf0           LOP3.LUT R17, R8, 0x10, RZ, 0x3c, !PT      0      0      0      40960  1310720 1310720 32     32     0      -      -      -      0      0      0      0      0      0      0      0      -      0      0      0      0      0      0      0      0      0      0      0      0      0      0      0      0      0      0      0      0      0      0      0      0      0      0      0      0      0      0      0      0      0      0      0      0      0      0      0      0     
0x7f8d0b5bbe00           LOP3.LUT R9, R8, 0x20, RZ, 0x3c, !PT       3      2      3      40960  1310720 1310720 32     32     0      -      -      -      0      0      0      0      0      0      0      0      -      0      0      0      0      0      0      0      0      0      0      0      0      1      0      0      0      0      1      0      1      0      0      0      0      0      0      0      0      0      1      0      0      0      0      0      0      1      0      0      0     
0x7f8d0b5bbe10           LOP3.LUT R7, R8, 0x4, RZ, 0x3c, !PT        2      0      2      40960  1310720 1310720 32     32     0      -      -      -      0      0      0      0      0      0      0      0      -      0      0      0      0      0      0      0      0      0      0      0      0      0      0      0      0      0      0      0      0      0      0      2      0      0      0      0      0      0      0      0      0      0      0      0      0      0      0      0      0     
0x7f8d0b5bbe20           LOP3.LUT R10, R8, 0x14, RZ, 0x3c, !PT      0      0      0      40960  1310720 1310720 32     32     0      -      -      -      0      0      0      0      0      0      0      0      -      0      0      0      0      0      0      0      0      0      0      0      0      0      0      0      0      0      0      0      0      0      0      0      0      0      0      0      0      0      0      0      0      0      0      0      0      0      0      0      0     
0x7f8d0b5bbe30           LDS R17, [R17+UR4+0x200]                   277    154    277    40960  1310720 1310720 32     32     0      Shared Load   32     0      1      0      40960  40960  0      0      0      -      0      0      0      0      0      0      274    0      0      0      0      0      0      0      3      0      0      0      0      0      0      0      0      151    0      0      0      0      0      0      0      3      0      0      0      0      0      0      0      0     
0x7f8d0b5bbe40           LDS R4, [R8+UR4]                           0      0      0      40960  1310720 1310720 32     32     0      Shared Load   32     0      1      0      40960  40960  0      0      0      -      0      0      0      0      0      0      0      0      0      0      0      0      0      0      0      0      0      0      0      0      0      0      0      0      0      0      0      0      0      0      0      0      0      0      0      0      0      0      0      0     
0x7f8d0b5bbe50           LDS R9, [R9+UR4+0x400]                     0      0      0      40960  1310720 1310720 32     32     0      Shared Load   32     0      1      0      40960  40960  0      0      0      -      0      0      0      0      0      0      0      0      0      0      0      0      0      0      0      0      0      0      0      0      0      0      0      0      0      0      0      0      0      0      0      0      0      0      0      0      0      0      0      0     
0x7f8d0b5bbe60           LDS R7, [R7+UR4]                           2      2      2      40960  1310720 1310720 32     32     0      Shared Load   32     0      1      0      40960  40960  0      0      0      -      0      0      0      0      0      0      0      0      0      0      0      0      0      0      1      0      0      0      0      0      0      0      1      0      0      0      0      0      0      0      0      1      0      0      0      0      0      0      0      1     
0x7f8d0b5bbe70           LDS R10, [R10+UR4+0x200]                   4      3      4      40960  1310720 1310720 32     32     0      Shared Load   32     0      1      0      40960  40960  0      0      0      -      0      0      0      0      0      0      0      0      0      0      0      0      0      0      4      0      0      0      0      0      0      0      0      0      0      0      0      0      0      0      0      3      0      0      0      0      0      0      0      0     
0x7f8d0b5bbe80           LOP3.LUT R11, R8, 0x24, RZ, 0x3c, !PT      0      0      0      40960  1310720 1310720 32     32     0      -      -      -      0      0      0      0      0      0      0      0      -      0      0      0      0      0      0      0      0      0      0      0      0      0      0      0      0      0      0      0      0      0      0      0      0      0      0      0      0      0      0      0      0      0      0      0      0      0      0      0      0     
0x7f8d0b5bbe90           LOP3.LUT R3, R8, 0x18, RZ, 0x3c, !PT       3      0      3      40960  1310720 1310720 32     32     0      -      -      -      0      0      0      0      0      0      0      0      -      0      0      0      0      0      0      0      0      0      0      0      0      0      0      0      0      0      3      0      0      0      0      0      0      0      0      0      0      0      0      0      0      0      0      0      0      0      0      0      0     
0x7f8d0b5bbea0           LDS R24, [R24+UR4]                         1      1      1      40960  1310720 1310720 32     32     0      Shared Load   32     0      1      0      40960  40960  0      0      0      -      0      0      0      0      0      0      0      0      0      0      0      0      0      0      1      0      0      0      0      0      0      0      0      0      0      0      0      0      0      0      0      1      0      0      0      0      0      0      0      0     
0x7f8d0b5bbeb0           LDS R11, [R11+UR4+0x400]                   2      1      2      40960  1310720 1310720 32     32     0      Shared Load   32     0      1      0      40960  40960  0      0      0      -      0      0      0      0      0      0      0      0      0      0      0      0      0      0      1      0      0      0      0      0      0      0      1      0      0      0      0      0      0      0      0      1      0      0      0      0      0      0      0      0     
0x7f8d0b5bbec0           LDS R3, [R3+UR4+0x200]                     0      0      0      40960  1310720 1310720 32     32     0      Shared Load   32     0      1      0      40960  40960  0      0      0      -      0      0      0      0      0      0      0      0      0      0      0      0      0      0      0      0      0      0      0      0      0      0      0      0      0      0      0      0      0      0      0      0      0      0      0      0      0      0      0      0     
0x7f8d0b5bbed0           LOP3.LUT R12, R21, R0, RZ, 0xfc, !PT       0      0      0      40960  1310720 1310720 32     32     0      -      -      -      0      0      0      0      0      0      0      0      -      0      0      0      0      0      0      0      0      0      0      0      0      0      0      0      0      0      0      0      0      0      0      0      0      0      0      0      0      0      0      0      0      0      0      0      0      0      0      0      0     
0x7f8d0b5bbee0           IMAD.IADD R5, R23, 0x1, R0                 0      0      0      40960  1310720 1310720 32     32     0      -      -      -      0      0      0      0      0      0      0      0      -      0      0      0      0      0      0      0      0      0      0      0      0      0      0      0      0      0      0      0      0      0      0      0      0      0      0      0      0      0      0      0      0      0      0      0      0      0      0      0      0     
0x7f8d0b5bbef0           LOP3.LUT R13, R0, 0x20, R21, 0xfe, !PT     0      0      0      40960  1310720 1310720 32     32     0      -      -      -      0      0      0      0      0      0      0      0      -      0      0      0      0      0      0      0      0      0      0      0      0      0      0      0      0      0      0      0      0      0      0      0      0      0      0      0      0      0      0      0      0      0      0      0      0      0      0      0      0     
0x7f8d0b5bbf00           LOP3.LUT R21, R0, 0x40, R21, 0xfe, !PT     5      0      5      40960  1310720 1310720 32     32     0      -      -      -      0      0      0      0      0      0      0      0      -      0      0      0      0      0      0      0      0      0      0      0      0      0      0      0      0      0      3      1      0      0      0      1      0      0      0      0      0      0      0      0      0      0      0      0      0      0      0      0      0     
0x7f8d0b5bbf10           LOP3.LUT R15, R8, 0x28, RZ, 0x3c, !PT      1      0      1      40960  1310720 1310720 32     32     0      -      -      -      0      0      0      0      0      0      0      0      -      0      0      0      0      0      0      0      0      0      0      0      0      0      0      0      0      0      0      1      0      0      0      0      0      0      0      0      0      0      0      0      0      0      0      0      0      0      0      0      0     
0x7f8d0b5bbf20           LOP3.LUT R2, R25, R20, RZ, 0xfc, !PT       0      0      0      40960  1310720 1310720 32     32     0      -      -      -      0      0      0      0      0      0      0      0      -      0      0      0      0      0      0      0      0      0      0      0      0      0      0      0      0      0      0      0      0      0      0      0      0      0      0      0      0      0      0      0      0      0      0      0      0      0      0      0      0     
0x7f8d0b5bbf30           LDS R15, [R15+UR4+0x400]                   5      3      5      40960  1310720 1310720 32     32     0      Shared Load   32     0      1      0      40960  40960  0      0      0      -      0      0      0      0      0      0      0      0      0      0      0      0      0      0      4      0      0      0      0      0      0      0      1      0      0      0      0      0      0      0      0      2      0      0      0      0      0      0      0      1     
0x7f8d0b5bbf40           PRMT R0, R4, 0x40, R17                     4      0      4      40960  1310720 1310720 32     32     0      -      -      -      0      0      0      0      0      0      0      0      -      0      0      0      0      0      0      0      0      0      0      0      0      1      0      0      0      0      0      0      3      0      0      0      0      0      0      0      0      0      0      0      0      0      0      0      0      0      0      0      0     
0x7f8d0b5bbf50           PRMT R16, R4, 0x73, R17                    2      1      2      40960  1310720 1310720 32     32     0      -      -      -      0      0      0      0      0      0      0      0      -      0      0      0      0      0      0      0      0      0      0      0      0      0      0      0      0      0      0      0      0      0      0      2      0      0      0      0      0      0      0      0      0      0      0      0      0      0      0      0      1     
0x7f8d0b5bbf60           PRMT R14, R4, 0x51, R17                    1      1      1      40960  1310720 1310720 32     32     0      -      -      -      0      0      0      0      0      0      0      0      -      0      0      0      0      0      0      0      0      0      0      0      0      1      0      0      0      0      0      0      0      0      0      0      0      0      0      0      0      0      1      0      0      0      0      0      0      0      0      0      0     
0x7f8d0b5bbf70           PRMT R6, R4, 0x62, R17                     1      0      1      40960  1310720 1310720 32     32     0      -      -      -      0      0      0      0      0      0      0      0      -      0      0      0      0      0      0      0      0      0      0      0      0      0      0      0      0      0      0      1      0      0      0      0      0      0      0      0      0      0      0      0      0      0      0      0      0      0      0      0      0     
0x7f8d0b5bbf80           PRMT R4, R0, 0x410, R9                     0      0      0      40960  1310720 1310720 32     32     0      -      -      -      0      0      0      0      0      0      0      0      -      0      0      0      0      0      0      0      0      0      0      0      0      0      0      0      0      0      0      0      0      0      0      0      0      0      0      0      0      0      0      0      0      0      0      0      0      0      0      0      0     
0x7f8d0b5bbf90           PRMT R0, R16, 0x710, R9                    0      0      0      40960  1310720 1310720 32     32     0      -      -      -      0      0      0      0      0      0      0      0      -      0      0      0      0      0      0      0      0      0      0      0      0      0      0      0      0      0      0      0      0      0      0      0      0      0      0      0      0      0      0      0      0      0      0      0      0      0      0      0      0     
0x7f8d0b5bbfa0           LOP3.LUT R16, R8, 0x30, RZ, 0x3c, !PT      1      0      1      40960  1310720 1310720 32     32     0      -      -      -      0      0      0      0      0      0      0      0      -      0      0      0      0      0      0      0      0      0      0      0      0      0      0      0      0      0      0      1      0      0      0      0      0      0      0      0      0      0      0      0      0      0      0      0      0      0      0      0      0     
0x7f8d0b5bbfb0           PRMT R18, R7, 0x40, R10                    0      0      0      40960  1310720 1310720 32     32     0      -      -      -      0      0      0      0      0      0      0      0      -      0      0      0      0      0      0      0      0      0      0      0      0      0      0      0      0      0      0      0      0      0      0      0      0      0      0      0      0      0      0      0      0      0      0      0      0      0      0      0      0     
0x7f8d0b5bbfc0           PRMT R20, R7, 0x51, R10                    0      0      0      40960  1310720 1310720 32     32     0      -      -      -      0      0      0      0      0      0      0      0      -      0      0      0      0      0      0      0      0      0      0      0      0      0      0      0      0      0      0      0      0      0      0      0      0      0      0      0      0      0      0      0      0      0      0      0      0      0      0      0      0     
0x7f8d0b5bbfd0           PRMT R22, R7, 0x62, R10                    1      0      1      40960  1310720 1310720 32     32     0      -      -      -      0      0      0      0      0      0      0      0      -      0      0      0      0      0      0      0      0      0      0      0      0      0      0      0      0      0      0      0      0      0      0      1      0      0      0      0      0      0      0      0      0      0      0      0      0      0      0      0      0     
0x7f8d0b5bbfe0           PRMT R26, R7, 0x73, R10                    0      0      0      40960  1310720 1310720 32     32     0      -      -      -      0      0      0      0      0      0      0      0      -      0      0      0      0      0      0      0      0      0      0      0      0      0      0      0      0      0      0      0      0      0      0      0      0      0      0      0      0      0      0      0      0      0      0      0      0      0      0      0      0     
0x7f8d0b5bbff0           LDS R7, [R16+UR4+0x600]                    0      0      0      40960  1310720 1310720 32     32     0      Shared Load   32     0      1      0      40960  40960  0      0      0      -      0      0      0      0      0      0      0      0      0      0      0      0      0      0      0      0      0      0      0      0      0      0      0      0      0      0      0      0      0      0      0      0      0      0      0      0      0      0      0      0     
0x7f8d0b5bc000           ISETP.GE.AND P0, PT, R2, UR8, PT           0      0      0      40960  1310720 1310720 32     32     0      -      -      -      0      0      0      0      0      0      0      0      -      0      0      0      0      0      0      0      0      0      0      0      0      0      0      0      0      0      0      0      0      0      0      0      0      0      0      0      0      0      0      0      0      0      0      0      0      0      0      0      0     
0x7f8d0b5bc010           IMAD R19, R12, UR5, RZ                     0      0      0      40960  1310720 1310720 32     32     0      -      -      -      0      0      0      0      0      0      0      0      -      0      0      0      0      0      0      0      0      0      0      0      0      0      0      0      0      0      0      0      0      0      0      0      0      0      0      0      0      0      0      0      0      0      0      0      0      0      0      0      0     
0x7f8d0b5bc020           PRMT R14, R14, 0x510, R9                   2      0      2      40960  1310720 1310720 32     32     0      -      -      -      0      0      0      0      0      0      0      0      -      0      0      0      0      0      0      0      0      0      0      0      0      0      0      0      0      0      0      2      0      0      0      0      0      0      0      0      0      0      0      0      0      0      0      0      0      0      0      0      0     
0x7f8d0b5bc030           PRMT R6, R6, 0x610, R9                     3      2      3      40960  1310720 1310720 32     32     0      -      -      -      0      0      0      0      0      0      0      0      -      0      0      0      0      0      0      0      0      0      0      0      0      2      0      0      0      0      1      0      0      0      0      0      0      0      0      0      0      0      2      0      0      0      0      0      0      0      0      0      0     
0x7f8d0b5bc040           PRMT R10, R18, 0x410, R11                  2      1      2      40960  1310720 1310720 32     32     0      -      -      -      0      0      0      0      0      0      0      0      -      0      0      0      0      0      0      0      0      0      0      0      0      0      0      0      0      0      0      1      0      0      0      1      0      0      0      0      0      0      0      0      0      0      0      0      0      0      0      0      1     
0x7f8d0b5bc050           PRMT R9, R20, 0x510, R11                   0      0      0      40960  1310720 1310720 32     32     0      -      -      -      0      0      0      0      0      0      0      0      -      0      0      0      0      0      0      0      0      0      0      0      0      0      0      0      0      0      0      0      0      0      0      0      0      0      0      0      0      0      0      0      0      0      0      0      0      0      0      0      0     
0x7f8d0b5bc060           PRMT R29, R22, 0x610, R11                  0      0      0      40960  1310720 1310720 32     32     0      -      -      -      0      0      0      0      0      0      0      0      -      0      0      0      0      0      0      0      0      0      0      0      0      0      0      0      0      0      0      0      0      0      0      0      0      0      0      0      0      0      0      0      0      0      0      0      0      0      0      0      0     
0x7f8d0b5bc070           PRMT R11, R26, 0x710, R11                  1      1      1      40960  1310720 1310720 32     32     0      -      -      -      0      0      0      0      0      0      0      0      -      0      0      0      0      0      0      0      0      0      0      0      0      0      0      0      0      0      0      0      0      0      0      1      0      0      0      0      0      0      0      0      0      0      0      0      0      0      0      0      1     
0x7f8d0b5bc080           ISETP.LT.AND P3, PT, R12, UR9, !P0         0      0      0      40960  1310720 1310720 32     32     0      -      -      -      0      0      0      0      0      0      0      0      -      0      0      0      0      0      0      0      0      0      0      0      0      0      0      0      0      0      0      0      0      0      0      0      0      0      0      0      0      0      0      0      0      0      0      0      0      0      0      0      0     
0x7f8d0b5bc090           PRMT R26, R24, 0x40, R3                    5      1      5      40960  1310720 1310720 32     32     0      -      -      -      0      0      0      0      0      0      0      0      -      0      0      0      0      0      0      0      0      0      0      0      0      1      0      0      0      0      2      1      0      0      0      1      0      0      0      0      0      0      1      0      0      0      0      0      0      0      0      0      0     
0x7f8d0b5bc0a0           PRMT R22, R24, 0x51, R3                    0      0      0      40960  1310720 1310720 32     32     0      -      -      -      0      0      0      0      0      0      0      0      -      0      0      0      0      0      0      0      0      0      0      0      0      0      0      0      0      0      0      0      0      0      0      0      0      0      0      0      0      0      0      0      0      0      0      0      0      0      0      0      0     
0x7f8d0b5bc0b0           PRMT R12, R24, 0x62, R3                    0      0      0      40960  1310720 1310720 32     32     0      -      -      -      0      0      0      0      0      0      0      0      -      0      0      0      0      0      0      0      0      0      0      0      0      0      0      0      0      0      0      0      0      0      0      0      0      0      0      0      0      0      0      0      0      0      0      0      0      0      0      0      0     
0x7f8d0b5bc0c0           PRMT R24, R24, 0x73, R3                    0      0      0      40960  1310720 1310720 32     32     0      -      -      -      0      0      0      0      0      0      0      0      -      0      0      0      0      0      0      0      0      0      0      0      0      0      0      0      0      0      0      0      0      0      0      0      0      0      0      0      0      0      0      0      0      0      0      0      0      0      0      0      0     
0x7f8d0b5bc0d0           ISETP.LT.AND P2, PT, R13, UR9, !P0         0      0      0      40960  1310720 1310720 32     32     0      -      -      -      0      0      0      0      0      0      0      0      -      0      0      0      0      0      0      0      0      0      0      0      0      0      0      0      0      0      0      0      0      0      0      0      0      0      0      0      0      0      0      0      0      0      0      0      0      0      0      0      0     
0x7f8d0b5bc0e0           IMAD R13, R13, UR5, RZ                     0      0      0      40960  1310720 1310720 32     32     0      -      -      -      0      0      0      0      0      0      0      0      -      0      0      0      0      0      0      0      0      0      0      0      0      0      0      0      0      0      0      0      0      0      0      0      0      0      0      0      0      0      0      0      0      0      0      0      0      0      0      0      0     
0x7f8d0b5bc0f0           SHF.R.S32.HI R3, RZ, 0x1f, R2              0      0      0      40960  1310720 1310720 32     32     0      -      -      -      0      0      0      0      0      0      0      0      -      0      0      0      0      0      0      0      0      0      0      0      0      0      0      0      0      0      0      0      0      0      0      0      0      0      0      0      0      0      0      0      0      0      0      0      0      0      0      0      0     
0x7f8d0b5bc100           SHF.R.S32.HI R16, RZ, 0x1f, R19            0      0      0      40960  1310720 1310720 32     32     0      -      -      -      0      0      0      0      0      0      0      0      -      0      0      0      0      0      0      0      0      0      0      0      0      0      0      0      0      0      0      0      0      0      0      0      0      0      0      0      0      0      0      0      0      0      0      0      0      0      0      0      0     
0x7f8d0b5bc110           IADD3 R18, P4, P5, R2, UR10, R19           0      0      0      40960  1310720 1310720 32     32     0      -      -      -      0      0      0      0      0      0      0      0      -      0      0      0      0      0      0      0      0      0      0      0      0      0      0      0      0      0      0      0      0      0      0      0      0      0      0      0      0      0      0      0      0      0      0      0      0      0      0      0      0     
0x7f8d0b5bc120           IMAD R17, R21, UR5, RZ                     0      0      0      40960  1310720 1310720 32     32     0      -      -      -      0      0      0      0      0      0      0      0      -      0      0      0      0      0      0      0      0      0      0      0      0      0      0      0      0      0      0      0      0      0      0      0      0      0      0      0      0      0      0      0      0      0      0      0      0      0      0      0      0     
0x7f8d0b5bc130           ISETP.LT.AND P1, PT, R21, UR9, !P0         0      0      0      40960  1310720 1310720 32     32     0      -      -      -      0      0      0      0      0      0      0      0      -      0      0      0      0      0      0      0      0      0      0      0      0      0      0      0      0      0      0      0      0      0      0      0      0      0      0      0      0      0      0      0      0      0      0      0      0      0      0      0      0     
0x7f8d0b5bc140           IADD3.X R19, PT, PT, R3, UR11, R16, P4, P5 0      0      0      40960  1310720 1310720 32     32     0      -      -      -      0      0      0      0      0      0      0      0      -      0      0      0      0      0      0      0      0      0      0      0      0      0      0      0      0      0      0      0      0      0      0      0      0      0      0      0      0      0      0      0      0      0      0      0      0      0      0      0      0     
0x7f8d0b5bc150           SHF.R.S32.HI R21, RZ, 0x1f, R13            0      0      0      40960  1310720 1310720 32     32     0      -      -      -      0      0      0      0      0      0      0      0      -      0      0      0      0      0      0      0      0      0      0      0      0      0      0      0      0      0      0      0      0      0      0      0      0      0      0      0      0      0      0      0      0      0      0      0      0      0      0      0      0     
0x7f8d0b5bc160           IADD3 R20, P4, P5, R2, UR10, R13           0      0      0      40960  1310720 1310720 32     32     0      -      -      -      0      0      0      0      0      0      0      0      -      0      0      0      0      0      0      0      0      0      0      0      0      0      0      0      0      0      0      0      0      0      0      0      0      0      0      0      0      0      0      0      0      0      0      0      0      0      0      0      0     
0x7f8d0b5bc170           ISETP.LT.AND P0, PT, R5, UR9, !P0          3      2      3      40960  1310720 1310720 32     32     0      -      -      -      0      0      0      0      0      0      0      0      -      0      0      0      0      0      0      0      0      0      0      0      0      2      0      0      0      0      1      0      0      0      0      0      0      0      0      0      0      0      2      0      0      0      0      0      0      0      0      0      0     
0x7f8d0b5bc180           IMAD R5, R5, UR5, RZ                       1      0      1      40960  1310720 1310720 32     32     0      -      -      -      0      0      0      0      0      0      0      0      -      0      0      0      0      0      0      0      0      0      0      0      0      0      0      0      0      0      0      1      0      0      0      0      0      0      0      0      0      0      0      0      0      0      0      0      0      0      0      0      0     
0x7f8d0b5bc190           IADD3.X R21, PT, PT, R3, UR11, R21, P4, P5 0      0      0      40960  1310720 1310720 32     32     0      -      -      -      0      0      0      0      0      0      0      0      -      0      0      0      0      0      0      0      0      0      0      0      0      0      0      0      0      0      0      0      0      0      0      0      0      0      0      0      0      0      0      0      0      0      0      0      0      0      0      0      0     
0x7f8d0b5bc1a0           SHF.R.S32.HI R28, RZ, 0x1f, R17            1      0      1      40960  1310720 1310720 32     32     0      -      -      -      0      0      0      0      0      0      0      0      -      0      0      0      0      0      0      0      0      0      0      0      0      0      0      0      0      0      1      0      0      0      0      0      0      0      0      0      0      0      0      0      0      0      0      0      0      0      0      0      0     
0x7f8d0b5bc1b0           IADD3 R16, P4, P5, R2, UR10, R17           2      1      2      40960  1310720 1310720 32     32     0      -      -      -      0      0      0      0      0      0      0      0      -      0      0      0      0      0      0      0      0      0      0      0      0      0      0      0      0      0      0      1      0      0      0      1      0      0      0      0      0      0      0      0      0      0      0      0      0      0      0      0      1     
0x7f8d0b5bc1c0           PRMT R13, R22, 0x510, R15                  0      0      0      40960  1310720 1310720 32     32     0      -      -      -      0      0      0      0      0      0      0      0      -      0      0      0      0      0      0      0      0      0      0      0      0      0      0      0      0      0      0      0      0      0      0      0      0      0      0      0      0      0      0      0      0      0      0      0      0      0      0      0      0     
0x7f8d0b5bc1d0           PRMT R25, R12, 0x610, R15                  0      0      0      40960  1310720 1310720 32     32     0      -      -      -      0      0      0      0      0      0      0      0      -      0      0      0      0      0      0      0      0      0      0      0      0      0      0      0      0      0      0      0      0      0      0      0      0      0      0      0      0      0      0      0      0      0      0      0      0      0      0      0      0     
0x7f8d0b5bc1e0           IADD3.X R17, PT, PT, R3, UR11, R28, P4, P5 4      2      4      40960  1310720 1310720 32     32     0      -      -      -      0      0      0      0      0      0      0      0      -      0      0      0      0      0      0      0      0      0      0      0      0      2      0      0      0      0      2      0      0      0      0      0      0      0      0      0      0      0      2      0      0      0      0      0      0      0      0      0      0     
0x7f8d0b5bc1f0           IADD3 R2, P4, P5, R2, UR10, R5             0      0      0      40960  1310720 1310720 32     32     0      -      -      -      0      0      0      0      0      0      0      0      -      0      0      0      0      0      0      0      0      0      0      0      0      0      0      0      0      0      0      0      0      0      0      0      0      0      0      0      0      0      0      0      0      0      0      0      0      0      0      0      0     
0x7f8d0b5bc200           SHF.R.S32.HI R22, RZ, 0x1f, R5             0      0      0      40960  1310720 1310720 32     32     0      -      -      -      0      0      0      0      0      0      0      0      -      0      0      0      0      0      0      0      0      0      0      0      0      0      0      0      0      0      0      0      0      0      0      0      0      0      0      0      0      0      0      0      0      0      0      0      0      0      0      0      0     
0x7f8d0b5bc210           LOP3.LUT R12, R8, 0x34, RZ, 0x3c, !PT      0      0      0      40960  1310720 1310720 32     32     0      -      -      -      0      0      0      0      0      0      0      0      -      0      0      0      0      0      0      0      0      0      0      0      0      0      0      0      0      0      0      0      0      0      0      0      0      0      0      0      0      0      0      0      0      0      0      0      0      0      0      0      0     
0x7f8d0b5bc220           PRMT R27, R26, 0x410, R15                  0      0      0      40960  1310720 1310720 32     32     0      -      -      -      0      0      0      0      0      0      0      0      -      0      0      0      0      0      0      0      0      0      0      0      0      0      0      0      0      0      0      0      0      0      0      0      0      0      0      0      0      0      0      0      0      0      0      0      0      0      0      0      0     
0x7f8d0b5bc230           PRMT R4, R4, 0x4210, R7                    1      0      1      40960  1310720 1310720 32     32     0      -      -      -      0      0      0      0      0      0      0      0      -      0      0      0      0      0      0      0      0      0      0      0      0      0      0      0      0      0      0      1      0      0      0      0      0      0      0      0      0      0      0      0      0      0      0      0      0      0      0      0      0     
0x7f8d0b5bc240           PRMT R5, R14, 0x5210, R7                   2      0      2      40960  1310720 1310720 32     32     0      -      -      -      0      0      0      0      0      0      0      0      -      0      0      0      0      0      0      0      0      0      0      0      0      0      0      0      0      0      2      0      0      0      0      0      0      0      0      0      0      0      0      0      0      0      0      0      0      0      0      0      0     
0x7f8d0b5bc250           LDS R12, [R12+UR4+0x600]                   1      0      1      40960  1310720 1310720 32     32     0      Shared Load   32     0      1      0      40960  40960  0      0      0      -      0      0      0      0      0      0      0      0      0      0      0      0      0      0      0      0      0      0      1      0      0      0      0      0      0      0      0      0      0      0      0      0      0      0      0      0      0      0      0      0     
0x7f8d0b5bc260           PRMT R6, R6, 0x6210, R7                    0      0      0      40960  1310720 1310720 32     32     0      -      -      -      0      0      0      0      0      0      0      0      -      0      0      0      0      0      0      0      0      0      0      0      0      0      0      0      0      0      0      0      0      0      0      0      0      0      0      0      0      0      0      0      0      0      0      0      0      0      0      0      0     
0x7f8d0b5bc270           LOP3.LUT R26, R8, 0x38, RZ, 0x3c, !PT      0      0      0      40960  1310720 1310720 32     32     0      -      -      -      0      0      0      0      0      0      0      0      -      0      0      0      0      0      0      0      0      0      0      0      0      0      0      0      0      0      0      0      0      0      0      0      0      0      0      0      0      0      0      0      0      0      0      0      0      0      0      0      0     
0x7f8d0b5bc280           PRMT R7, R0, 0x7210, R7                    0      0      0      40960  1310720 1310720 32     32     0      -      -      -      0      0      0      0      0      0      0      0      -      0      0      0      0      0      0      0      0      0      0      0      0      0      0      0      0      0      0      0      0      0      0      0      0      0      0      0      0      0      0      0      0      0      0      0      0      0      0      0      0     
0x7f8d0b5bc290           LOP3.LUT R0, R8, 0xc, RZ, 0x3c, !PT        0      0      0      40960  1310720 1310720 32     32     0      -      -      -      0      0      0      0      0      0      0      0      -      0      0      0      0      0      0      0      0      0      0      0      0      0      0      0      0      0      0      0      0      0      0      0      0      0      0      0      0      0      0      0      0      0      0      0      0      0      0      0      0     
0x7f8d0b5bc2a0           LOP3.LUT R23, R8, 0x1c, RZ, 0x3c, !PT      0      0      0      40960  1310720 1310720 32     32     0      -      -      -      0      0      0      0      0      0      0      0      -      0      0      0      0      0      0      0      0      0      0      0      0      0      0      0      0      0      0      0      0      0      0      0      0      0      0      0      0      0      0      0      0      0      0      0      0      0      0      0      0     
0x7f8d0b5bc2b0           LDS R26, [R26+UR4+0x600]                   1      0      1      40960  1310720 1310720 32     32     0      Shared Load   32     0      1      0      40960  40960  0      0      0      -      0      0      0      0      0      0      0      0      0      0      0      0      0      0      0      0      0      0      1      0      0      0      0      0      0      0      0      0      0      0      0      0      0      0      0      0      0      0      0      0     
0x7f8d0b5bc2c0           IADD3.X R3, PT, PT, R3, UR11, R22, P4, P5  0      0      0      40960  1310720 1310720 32     32     0      -      -      -      0      0      0      0      0      0      0      0      -      0      0      0      0      0      0      0      0      0      0      0      0      0      0      0      0      0      0      0      0      0      0      0      0      0      0      0      0      0      0      0      0      0      0      0      0      0      0      0      0     
0x7f8d0b5bc2d0           LOP3.LUT R22, R8, 0x2c, RZ, 0x3c, !PT      4      1      4      40960  1310720 1310720 32     32     0      -      -      -      0      0      0      0      0      0      0      0      -      0      0      0      0      0      0      0      0      0      0      0      0      1      0      0      0      0      3      0      0      0      0      0      0      0      0      0      0      0      1      0      0      0      0      0      0      0      0      0      0     
0x7f8d0b5bc2e0           LDS R0, [R0+UR4]                           1      0      1      40960  1310720 1310720 32     32     0      Shared Load   32     0      1      0      40960  40960  0      0      0      -      0      0      0      0      0      0      0      0      0      0      0      0      0      0      0      0      0      0      1      0      0      0      0      0      0      0      0      0      0      0      0      0      0      0      0      0      0      0      0      0     
0x7f8d0b5bc2f0           PRMT R15, R24, 0x710, R15                  0      0      0      40960  1310720 1310720 32     32     0      -      -      -      0      0      0      0      0      0      0      0      -      0      0      0      0      0      0      0      0      0      0      0      0      0      0      0      0      0      0      0      0      0      0      0      0      0      0      0      0      0      0      0      0      0      0      0      0      0      0      0      0     
0x7f8d0b5bc300           LDS R23, [R23+UR4+0x200]                   2      1      2      40960  1310720 1310720 32     32     0      Shared Load   32     0      1      0      40960  40960  0      0      0      -      0      0      0      0      0      0      0      0      0      0      0      0      0      0      1      0      0      1      0      0      0      0      0      0      0      0      0      0      0      0      0      1      0      0      0      0      0      0      0      0     
0x7f8d0b5bc310           LOP3.LUT R24, R8, 0x3c, RZ, 0x3c, !PT      0      0      0      40960  1310720 1310720 32     32     0      -      -      -      0      0      0      0      0      0      0      0      -      0      0      0      0      0      0      0      0      0      0      0      0      0      0      0      0      0      0      0      0      0      0      0      0      0      0      0      0      0      0      0      0      0      0      0      0      0      0      0      0     
0x7f8d0b5bc320           LDS R22, [R22+UR4+0x400]                   1      0      1      40960  1310720 1310720 32     32     0      Shared Load   32     0      1      0      40960  40960  0      0      0      -      0      0      0      0      0      0      0      0      0      0      0      0      0      0      0      0      0      0      0      0      0      0      1      0      0      0      0      0      0      0      0      0      0      0      0      0      0      0      0      0     
0x7f8d0b5bc330           LDS R24, [R24+UR4+0x600]                   6      2      6      40960  1310720 1310720 32     32     0      Shared Load   32     0      1      0      40960  40960  0      0      0      -      0      0      0      0      0      0      0      0      0      0      0      0      0      0      2      0      0      0      0      0      0      0      4      0      0      0      0      0      0      0      0      2      0      0      0      0      0      0      0      0     
0x7f8d0b5bc340     @P3   STG.E.128 desc[UR6][R18.64], R4            1      1      1      40960  1310720 1310720 32     32     0      Global Store  128    163840 0      0      0      0      0      655360 655360        0      0      0      0      0      0      0      0      0      0      0      0      0      0      0      0      0      0      0      0      0      0      1      0      0      0      0      0      0      0      0      0      0      0      0      0      0      0      0      1     
0x7f8d0b5bc350           PRMT R8, R10, 0x4210, R12                  0      0      0      40960  1310720 1310720 32     32     0      -      -      -      0      0      0      0      0      0      0      0      -      0      0      0      0      0      0      0      0      0      0      0      0      0      0      0      0      0      0      0      0      0      0      0      0      0      0      0      0      0      0      0      0      0      0      0      0      0      0      0      0     
0x7f8d0b5bc360           PRMT R9, R9, 0x5210, R12                   0      0      0      40960  1310720 1310720 32     32     0      -      -      -      0      0      0      0      0      0      0      0      -      0      0      0      0      0      0      0      0      0      0      0      0      0      0      0      0      0      0      0      0      0      0      0      0      0      0      0      0      0      0      0      0      0      0      0      0      0      0      0      0     
0x7f8d0b5bc370           PRMT R10, R29, 0x6210, R12                 2      0      2      40960  1310720 1310720 32     32     0      -      -      -      0      0      0      0      0      0      0      0      -      0      0      0      0      0      0      0      0      0      0      0      0      0      0      0      0      0      1      1      0      0      0      0      0      0      0      0      0      0      0      0      0      0      0      0      0      0      0      0      0     
0x7f8d0b5bc380           PRMT R11, R11, 0x7210, R12                 1      1      1      40960  1310720 1310720 32     32     0      -      -      -      0      0      0      0      0      0      0      0      -      0      0      0      0      0      0      0      0      0      0      0      0      0      0      0      0      0      0      0      0      0      0      1      0      0      0      0      0      0      0      0      0      0      0      0      0      0      0      0      1     
0x7f8d0b5bc390           PRMT R12, R27, 0x4210, R26                 0      0      0      40960  1310720 1310720 32     32     0      -      -      -      0      0      0      0      0      0      0      0      -      0      0      0      0      0      0      0      0      0      0      0      0      0      0      0      0      0      0      0      0      0      0      0      0      0      0      0      0      0      0      0      0      0      0      0      0      0      0      0      0     
0x7f8d0b5bc3a0           PRMT R14, R25, 0x6210, R26                 0      0      0      40960  1310720 1310720 32     32     0      -      -      -      0      0      0      0      0      0      0      0      -      0      0      0      0      0      0      0      0      0      0      0      0      0      0      0      0      0      0      0      0      0      0      0      0      0      0      0      0      0      0      0      0      0      0      0      0      0      0      0      0     
0x7f8d0b5bc3b0           PRMT R13, R13, 0x5210, R26                 0      0      0      40960  1310720 1310720 32     32     0      -      -      -      0      0      0      0      0      0      0      0      -      0      0      0      0      0      0      0      0      0      0      0      0      0      0      0      0      0      0      0      0      0      0      0      0      0      0      0      0      0      0      0      0      0      0      0      0      0      0      0      0     
0x7f8d0b5bc3c0           PRMT R15, R15, 0x7210, R26                 1      0      1      40960  1310720 1310720 32     32     0      -      -      -      0      0      0      0      0      0      0      0      -      0      0      0      0      0      0      0      0      0      0      0      0      0      0      0      0      0      0      1      0      0      0      0      0      0      0      0      0      0      0      0      0      0      0      0      0      0      0      0      0     
0x7f8d0b5bc3d0           PRMT R25, R0, 0x40, R23                    2      0      2      40960  1310720 1310720 32     32     0      -      -      -      0      0      0      0      0      0      0      0      -      0      0      0      0      0      0      0      0      0      0      0      0      0      0      0      0      0      1      0      1      0      0      0      0      0      0      0      0      0      0      0      0      0      0      0      0      0      0      0      0     
0x7f8d0b5bc3e0           PRMT R27, R0, 0x51, R23                    0      0      0      40960  1310720 1310720 32     32     0      -      -      -      0      0      0      0      0      0      0      0      -      0      0      0      0      0      0      0      0      0      0      0      0      0      0      0      0      0      0      0      0      0      0      0      0      0      0      0      0      0      0      0      0      0      0      0      0      0      0      0      0     
0x7f8d0b5bc3f0           PRMT R29, R0, 0x62, R23                    0      0      0      40960  1310720 1310720 32     32     0      -      -      -      0      0      0      0      0      0      0      0      -      0      0      0      0      0      0      0      0      0      0      0      0      0      0      0      0      0      0      0      0      0      0      0      0      0      0      0      0      0      0      0      0      0      0      0      0      0      0      0      0     
0x7f8d0b5bc400           PRMT R23, R0, 0x73, R23                    0      0      0      40960  1310720 1310720 32     32     0      -      -      -      0      0      0      0      0      0      0      0      -      0      0      0      0      0      0      0      0      0      0      0      0      0      0      0      0      0      0      0      0      0      0      0      0      0      0      0      0      0      0      0      0      0      0      0      0      0      0      0      0     
0x7f8d0b5bc410     @P2   STG.E.128 desc[UR6][R20.64], R8            2      1      2      40960  1310720 1310720 32     32     0      Global Store  128    163840 0      0      0      0      0      655360 655360        0      0      0      0      0      0      0      0      0      0      0      0      0      0      1      0      0      0      1      0      0      0      0      0      0      0      0      0      0      0      0      1      0      0      0      0      0      0      0      0     
0x7f8d0b5bc420           PRMT R25, R25, 0x410, R22                  0      0      0      40960  1310720 1310720 32     32     0      -      -      -      0      0      0      0      0      0      0      0      -      0      0      0      0      0      0      0      0      0      0      0      0      0      0      0      0      0      0      0      0      0      0      0      0      0      0      0      0      0      0      0      0      0      0      0      0      0      0      0      0     
0x7f8d0b5bc430           PRMT R27, R27, 0x510, R22                  0      0      0      40960  1310720 1310720 32     32     0      -      -      -      0      0      0      0      0      0      0      0      -      0      0      0      0      0      0      0      0      0      0      0      0      0      0      0      0      0      0      0      0      0      0      0      0      0      0      0      0      0      0      0      0      0      0      0      0      0      0      0      0     
0x7f8d0b5bc440     @P1   STG.E.128 desc[UR6][R16.64], R12           0      0      0      40960  1310720 1310720 32     32     0      Global Store  128    163840 0      0      0      0      0      655360 655360        0      0      0      0      0      0      0      0      0      0      0      0      0      0      0      0      0      0      0      0      0      0      0      0      0      0      0      0      0      0      0      0      0      0      0      0      0      0      0      0     
0x7f8d0b5bc450           PRMT R29, R29, 0x610, R22                  0      0      0      40960  1310720 1310720 32     32     0      -      -      -      0      0      0      0      0      0      0      0      -      0      0      0      0      0      0      0      0      0      0      0      0      0      0      0      0      0      0      0      0      0      0      0      0      0      0      0      0      0      0      0      0      0      0      0      0      0      0      0      0     
0x7f8d0b5bc460           PRMT R23, R23, 0x710, R22                  1      0      1      40960  1310720 1310720 32     32     0      -      -      -      0      0      0      0      0      0      0      0      -      0      0      0      0      0      0      0      0      0      0      0      0      0      0      0      0      0      0      0      0      0      0      1      0      0      0      0      0      0      0      0      0      0      0      0      0      0      0      0      0     
0x7f8d0b5bc470           PRMT R4, R25, 0x4210, R24                  1      0      1      40960  1310720 1310720 32     32     0      -      -      -      0      0      0      0      0      0      0      0      -      0      0      0      0      0      0      0      0      0      0      0      0      0      0      0      0      0      0      1      0      0      0      0      0      0      0      0      0      0      0      0      0      0      0      0      0      0      0      0      0     
0x7f8d0b5bc480           PRMT R5, R27, 0x5210, R24                  0      0      0      40960  1310720 1310720 32     32     0      -      -      -      0      0      0      0      0      0      0      0      -      0      0      0      0      0      0      0      0      0      0      0      0      0      0      0      0      0      0      0      0      0      0      0      0      0      0      0      0      0      0      0      0      0      0      0      0      0      0      0      0     
0x7f8d0b5bc490           PRMT R6, R29, 0x6210, R24                  1      0      1      40960  1310720 1310720 32     32     0      -      -      -      0      0      0      0      0      0      0      0      -      0      0      0      0      0      0      0      0      0      0      0      0      0      0      0      0      0      0      1      0      0      0      0      0      0      0      0      0      0      0      0      0      0      0      0      0      0      0      0      0     
0x7f8d0b5bc4a0           PRMT R7, R23, 0x7210, R24                  0      0      0      40960  1310720 1310720 32     32     0      -      -      -      0      0      0      0      0      0      0      0      -      0      0      0      0      0      0      0      0      0      0      0      0      0      0      0      0      0      0      0      0      0      0      0      0      0      0      0      0      0      0      0      0      0      0      0      0      0      0      0      0     
0x7f8d0b5bc4b0     @!P0  EXIT                                       0      0      0      40960  1310720 0       32     0      32     -      -      -      0      0      0      0      0      0      0      0      -      0      0      0      0      0      0      0      0      0      0      0      0      0      0      0      0      0      0      0      0      0      0      0      0      0      0      0      0      0      0      0      0      0      0      0      0      0      0      0      0     
0x7f8d0b5bc4c0           STG.E.128 desc[UR6][R2.64], R4             3      1      3      40960  1310720 1310720 32     32     0      Global Store  128    163840 0      0      0      0      0      655360 655360        0      0      0      0      0      0      0      0      0      0      0      0      0      0      3      0      0      0      0      0      0      0      0      0      0      0      0      0      0      0      0      1      0      0      0      0      0      0      0      0     
0x7f8d0b5bc4d0           EXIT                                       1      0      1      40960  1310720 1310720 32     32     0      -      -      -      0      0      0      0      0      0      0      0      -      0      0      0      0      0      0      0      0      0      0      0      0      0      0      0      0      0      0      1      0      0      0      0      0      0      0      0      0      0      0      0      0      0      0      0      0      0      0      0      0     
0x7f8d0b5bc4e0           BRA `(.L_x_0) 0x7f8d0b5bc4e0               43     26     43     0      0       0       0      0      0      -      -      -      0      0      0      0      0      0      0      0      -      0      0      0      0      0      0      0      2      0      41     0      0      0      0      0      0      0      0      0      0      0      0      0      0      1      0      25     0      0      0      0      0      0      0      0      0      0      0      0      0     
0x7f8d0b5bc4f0           NOP                                        0      0      0      0      0       0       0      0      32     -      -      -      0      0      0      0      0      0      0      0      -      0      0      0      0      0      0      0      0      0      0      0      0      0      0      0      0      0      0      0      0      0      0      0      0      0      0      0      0      0      0      0      0      0      0      0      0      0      0      0      0     
0x7f8d0b5bc500           NOP                                        0      0      0      0      0       0       0      0      32     -      -      -      0      0      0      0      0      0      0      0      -      0      0      0      0      0      0      0      0      0      0      0      0      0      0      0      0      0      0      0      0      0      0      0      0      0      0      0      0      0      0      0      0      0      0      0      0      0      0      0      0     
0x7f8d0b5bc510           NOP                                        0      0      0      0      0       0       0      0      32     -      -      -      0      0      0      0      0      0      0      0      -      0      0      0      0      0      0      0      0      0      0      0      0      0      0      0      0      0      0      0      0      0      0      0      0      0      0      0      0      0      0      0      0      0      0      0      0      0      0      0      0     
0x7f8d0b5bc520           NOP                                        0      0      0      0      0       0       0      0      32     -      -      -      0      0      0      0      0      0      0      0      -      0      0      0      0      0      0      0      0      0      0      0      0      0      0      0      0      0      0      0      0      0      0      0      0      0      0      0      0      0      0      0      0      0      0      0      0      0      0      0      0     
0x7f8d0b5bc530           NOP                                        0      0      0      0      0       0       0      0      32     -      -      -      0      0      0      0      0      0      0      0      -      0      0      0      0      0      0      0      0      0      0      0      0      0      0      0      0      0      0      0      0      0      0      0      0      0      0      0      0      0      0      0      0      0      0      0      0      0      0      0      0     
0x7f8d0b5bc540           NOP                                        0      0      0      0      0       0       0      0      32     -      -      -      0      0      0      0      0      0      0      0      -      0      0      0      0      0      0      0      0      0      0      0      0      0      0      0      0      0      0      0      0      0      0      0      0      0      0      0      0      0      0      0      0      0      0      0      0      0      0      0      0     
0x7f8d0b5bc550           NOP                                        0      0      0      0      0       0       0      0      32     -      -      -      0      0      0      0      0      0      0      0      -      0      0      0      0      0      0      0      0      0      0      0      0      0      0      0      0      0      0      0      0      0      0      0      0      0      0      0      0      0      0      0      0      0      0      0      0      0      0      0      0     
0x7f8d0b5bc560           NOP                                        0      0      0      0      0       0       0      0      32     -      -      -      0      0      0      0      0      0      0      0      -      0      0      0      0      0      0      0      0      0      0      0      0      0      0      0      0      0      0      0      0      0      0      0      0      0      0      0      0      0      0      0      0      0      0      0      0      0      0      0      0     
0x7f8d0b5bc570           NOP                                        0      0      0      0      0       0       0      0      32     -      -      -      0      0      0      0      0      0      0      0      -      0      0      0      0      0      0      0      0      0      0      0      0      0      0      0      0      0      0      0      0      0      0      0      0      0      0      0      0      0      0      0      0      0      0      0      0      0      0      0      0     
