operator,category,dtype,dsl,case_id_B200,case_id_GH200,case_match,params_json,winner_B200,winner_GH200,winner_equal,ncu_version_B200,ncu_version_GH200,collection_B200,collection_GH200,launch_count_B200,launch_count_GH200,kernel_names_B200,kernel_names_GH200,matrix_path_B200,matrix_path_GH200,access_path_B200,access_path_GH200,dsl_ms_B200,dsl_ms_GH200,latency_ratio_GH200_over_B200,inst_executed_B200,inst_executed_GH200,integer_address_B200,integer_address_GH200,predicate_select_B200,predicate_select_GH200,floating_point_B200,floating_point_GH200,conversion_packing_B200,conversion_packing_GH200,global_load_store_B200,global_load_store_GH200,async_copy_ldgsts_B200,async_copy_ldgsts_GH200,shared_memory_B200,shared_memory_GH200,local_memory_B200,local_memory_GH200,tma_B200,tma_GH200,legacy_mma_B200,legacy_mma_GH200,wgmma_B200,wgmma_GH200,tcgen05_B200,tcgen05_GH200,synchronization_B200,synchronization_GH200,atomic_B200,atomic_GH200,control_flow_B200,control_flow_GH200,dram_bytes_read_B200,dram_bytes_read_GH200,regs_dominant_B200,regs_dominant_GH200,smem_per_block_dominant_B200,smem_per_block_dominant_GH200,achieved_occ_dominant_B200,achieved_occ_dominant_GH200,missing_metrics,confounders
1d_conv,Stencil/Convolution,fp16,cutile,4b8e7fcaf46e52aecfde43c9c64e1a856dd12cb98ad21ace0c8564d2b7471faf,4b8e7fcaf46e52aecfde43c9c64e1a856dd12cb98ad21ace0c8564d2b7471faf,True,"{""L"":2621440,""batch"":1,""groups"":1,""in_channels"":128,""kernel_size"":3,""out_channels"":128,""padding"":1,""stride"":1}","{""block_bl"": 32, ""block_in"": 32, ""block_out"": 128, ""occupancy"": 8}","{""block_bl"": 64, ""block_in"": 16, ""block_out"": 128, ""occupancy"": 4}",False,2026.1.1.0 (build 37634170) (public-release),2025.4.0.0 (build 36690805) (public-release),full/application,full/application,1,1,conv1d_kernel_Kt1_A1f16_1i16t1_p16_A1f16_1i16t1_p16_A1f16_1i16t1_p16_Si32_Si32_Si32_Si32_Si32_Si32_Si32_Si32_Si32_Si32_Si32_Si32_Si32_Si32_Si32_Si32_Si32_Si32_Si32_I32_I32_I128,conv1d_kernel_Kt1_A1f16_1i16t1_p16_A1f16_1i16t1_p16_A1f16_1i16t1_p16_Si32_Si32_Si32_Si32_Si32_Si32_Si32_Si32_Si32_Si32_Si32_Si32_Si32_Si32_Si32_Si32_Si32_Si32_Si32_I64_I16_I128,conv1d_kernel:legacy_mma[HMMA.16816.F32:62914560],conv1d_kernel:wgmma[HGMMA.64x128x16.F32:3932160],conv1d_kernel:LDG[16b:100%]; STG[16b:100%],conv1d_kernel:LDG[16b:100%]; STG[16b:100%],4.4961,4.0654,0.904206,3797483520,2511994880,1420165120,1197670400,1441136640,906199040,983040,655360,388628480,151224320,167772160,104857600,0,0,74711040,73400320,87818240,0,0,0,62914560,0,0,3932160,0,0,8192000,24248320,0,0,4915200,4423680,671589632,671651328,64.0,128.0,19468.0,15360.0,49.56769841592697,24.843909376527705,,"architecture sm_100 vs sm_90 | benchmark protocol: B200 frozen columns (20/100 config, 64 MB eviction for 41 ops) vs GH200 1/3 with 120 MiB eviction | NCU 2026.1.1 (B200) vs 2025.4.0 (GH200) | cuda-tile: B200 paper campaign 1.3.0 per developer_guide, B200 profile capture version unrecorded; GH200 1.5.0 + tileiras 13.4.92 | autotuned winner differs | kernel set/names differ"
1d_conv,Stencil/Convolution,fp32,cutile,712e3c5d9c347ede3b49657f0534bf471eca63bf61dbaf2f264416e44eca19cb,712e3c5d9c347ede3b49657f0534bf471eca63bf61dbaf2f264416e44eca19cb,True,"{""L"":2621440,""batch"":1,""groups"":1,""in_channels"":128,""kernel_size"":3,""out_channels"":128,""padding"":1,""stride"":1}","{""block_bl"": 128, ""block_in"": 32, ""block_out"": 64, ""occupancy"": 4}","{""block_bl"": 64, ""block_in"": 32, ""block_out"": 128, ""occupancy"": 4}",False,2026.1.1.0 (build 37634170) (public-release),2025.4.0.0 (build 36690805) (public-release),full/application,full/application,1,1,conv1d_kernel_Kt1_A1f32_1i16t1_p16_A1f32_1i16t1_p16_A1f32_1i16t1_p16_Si32_Si32_Si32_Si32_Si32_Si32_Si32_Si32_Si32_Si32_Si32_Si32_Si32_Si32_Si32_Si32_Si32_Si32_Si32_I128_I32_I64,conv1d_kernel_Kt1_A1f32_1i16t1_p16_A1f32_1i16t1_p16_A1f32_1i16t1_p16_Si32_Si32_Si32_Si32_Si32_Si32_Si32_Si32_Si32_Si32_Si32_Si32_Si32_Si32_Si32_Si32_Si32_Si32_Si32_I64_I32_I128,conv1d_kernel:tcgen05[UTCHMMA:1966080],conv1d_kernel:wgmma[HGMMA.64x128x8.F32.TF32:7864320],conv1d_kernel:LDG[32b:100%]; STG[32b:100%],conv1d_kernel:cp.async[LDGSTS.E:94371840]; STG[32b:100%],5.3006,4.7927,0.904181,3862475057,3226992640,1956237642,1875148810,1582202880,961576960,491520,655360,99942400,100106240,104857600,10485760,0,94371840,8273920,81920000,0,0,0,0,0,0,0,7864320,11755520,0,426296574,29655060,163840,0,418540332,14254110,2685059328,1342532352,64.0,128.0,9260.0,42000.0,31.141043052449575,24.860207686313842,,"architecture sm_100 vs sm_90 | benchmark protocol: B200 frozen columns (20/100 config, 64 MB eviction for 41 ops) vs GH200 1/3 with 120 MiB eviction | NCU 2026.1.1 (B200) vs 2025.4.0 (GH200) | cuda-tile: B200 paper campaign 1.3.0 per developer_guide, B200 profile capture version unrecorded; GH200 1.5.0 + tileiras 13.4.92 | autotuned winner differs | kernel set/names differ"
2d_conv,Stencil/Convolution,fp16,cutile,3a18138bc42e2cc33718fb925d637a175c459a40bc68c628081e0f23a7824504,3a18138bc42e2cc33718fb925d637a175c459a40bc68c628081e0f23a7824504,True,"{""H"":320,""batch"":1,""groups"":1,""in_channels"":128,""kernel_size"":3,""out_channels"":128,""padding"":1,""stride"":1}","{""block_bhw"": 32, ""block_in"": 32, ""block_out"": 128, ""occupancy"": 4}","{""block_bhw"": 64, ""block_in"": 16, ""block_out"": 128, ""occupancy"": 4}",False,2026.1.1.0 (build 37634170) (public-release),2025.4.0.0 (build 36690805) (public-release),full/application,full/application,1,1,conv2d_kernel_Kt1_A1f16_1i16t1_p16_A1f16_1i16t1_p16_A1f16_1i16t1_p16_Si32_Si32_Si32_Si32_Si32_Si32_Si32_Si32_Si32_Si32_Si32_Si32_Si32_Si32_Si32_Si32_Si32_Si32_Si32_Si32_Si32_Si32_Si32_Si32_Si32_Si32_Si32_I32_I32_I128,conv2d_kernel_Kt1_A1f16_1i16t1_p16_A1f16_1i16t1_p16_A1f16_1i16t1_p16_Si32_Si32_Si32_Si32_Si32_Si32_Si32_Si32_Si32_Si32_Si32_Si32_Si32_Si32_Si32_Si32_Si32_Si32_Si32_Si32_Si32_Si32_Si32_Si32_Si32_Si32_Si32_I64_I16_I128,conv2d_kernel:legacy_mma[HMMA.16816.F32:7372800],conv2d_kernel:wgmma[HGMMA.64x128x16.F32:460800],conv2d_kernel:LDG[16b:100%]; STG[16b:100%],conv2d_kernel:LDG[16b:100%]; STG[16b:100%],0.7815,0.7409,0.948049,620019200,471046400,277926400,256396800,230886400,163091200,38400,25600,45004800,17286400,18841600,11468800,0,0,8448000,8396800,0,38400,0,0,7372800,0,0,460800,0,0,934400,2796800,0,0,499200,473600,26924800,26651136,114.0,128.0,19468.0,15360.0,23.70035519128593,22.836904254141807,,"architecture sm_100 vs sm_90 | benchmark protocol: B200 frozen columns (20/100 config, 64 MB eviction for 41 ops) vs GH200 1/3 with 120 MiB eviction | NCU 2026.1.1 (B200) vs 2025.4.0 (GH200) | cuda-tile: B200 paper campaign 1.3.0 per developer_guide, B200 profile capture version unrecorded; GH200 1.5.0 + tileiras 13.4.92 | autotuned winner differs | kernel set/names differ"
2d_conv,Stencil/Convolution,fp32,cutile,4f40a0ecdcb0632c2f5c784657e624b827b20f88d64468fc84a4987c1bd90d03,4f40a0ecdcb0632c2f5c784657e624b827b20f88d64468fc84a4987c1bd90d03,True,"{""H"":320,""batch"":1,""groups"":1,""in_channels"":128,""kernel_size"":3,""out_channels"":128,""padding"":1,""stride"":1}","{""block_bhw"": 32, ""block_in"": 32, ""block_out"": 128, ""occupancy"": 4}","{""block_bhw"": 64, ""block_in"": 32, ""block_out"": 128, ""occupancy"": 4}",False,2026.1.1.0 (build 37634170) (public-release),2025.4.0.0 (build 36690805) (public-release),full/application,full/application,1,1,conv2d_kernel_Kt1_A1f32_1i16t1_p16_A1f32_1i16t1_p16_A1f32_1i16t1_p16_Si32_Si32_Si32_Si32_Si32_Si32_Si32_Si32_Si32_Si32_Si32_Si32_Si32_Si32_Si32_Si32_Si32_Si32_Si32_Si32_Si32_Si32_Si32_Si32_Si32_Si32_Si32_I32_I32_I128,conv2d_kernel_Kt1_A1f32_1i16t1_p16_A1f32_1i16t1_p16_A1f32_1i16t1_p16_Si32_Si32_Si32_Si32_Si32_Si32_Si32_Si32_Si32_Si32_Si32_Si32_Si32_Si32_Si32_Si32_Si32_Si32_Si32_Si32_Si32_Si32_Si32_Si32_Si32_Si32_Si32_I64_I32_I128,conv2d_kernel:legacy_mma[HMMA.1688.F32.TF32:14745600],conv2d_kernel:wgmma[HGMMA.64x128x8.F32.TF32:921600],conv2d_kernel:LDG[32b:100%]; STG[32b:100%],conv2d_kernel:cp.async[LDGSTS.E:11059200]; STG[32b:100%],0.9153,0.9725,1.06249,662643200,600320000,351424000,351014405,230860800,206022400,38400,25600,20428800,12064000,18841600,409600,0,11059200,12185600,9190400,0,0,0,0,14745600,0,0,921600,0,0,1856000,3308810,0,0,499200,1632013,53227008,53339136,128.0,128.0,35852.0,42000.0,23.68187655995035,22.702166361888708,,"architecture sm_100 vs sm_90 | benchmark protocol: B200 frozen columns (20/100 config, 64 MB eviction for 41 ops) vs GH200 1/3 with 120 MiB eviction | NCU 2026.1.1 (B200) vs 2025.4.0 (GH200) | cuda-tile: B200 paper campaign 1.3.0 per developer_guide, B200 profile capture version unrecorded; GH200 1.5.0 + tileiras 13.4.92 | autotuned winner differs | kernel set/names differ"
2d_max_pooling,Stencil/Convolution,bf16,cutile,ca5ed0d22726ffbc1dad6e5a951afd6155a6c868f2a234e32fca96997e4da21e,ca5ed0d22726ffbc1dad6e5a951afd6155a6c868f2a234e32fca96997e4da21e,True,"{""C"":128,""H"":640,""N"":4,""kernel_size"":3,""padding"":1,""stride"":2}","{""occupancy"": 8, ""tile_c"": 128, ""tile_r"": 4}","{""occupancy"": 8, ""tile_c"": 512, ""tile_r"": 1}",False,2026.1.1.0 (build 37634170) (public-release),2025.4.0.0 (build 36690805) (public-release),full/application,full/application,1,1,max_pool2d_kernel_Kt1_A3bf16_3v8l0_4t1_7i16_p16_A3bf16_3v8l0_4t1_7i16_p16_I3_I2_I1_I4_I128,max_pool2d_kernel_Kt1_A3bf16_3v8l0_4t1_7i16_p16_A3bf16_3v8l0_4t1_7i16_p16_I3_I2_I1_I1_I512,max_pool2d_kernel:none,max_pool2d_kernel:none,max_pool2d_kernel:LDG[16b:100%]; STG[64b:100%],max_pool2d_kernel:LDG[16b:100%]; STG[64b:100%],0.2805,0.2549,0.908734,236421120,186777600,148439040,77824000,33423360,34078720,17203200,23592960,4915200,8519680,18186240,24084480,0,0,1474560,3112960,0,0,0,0,0,0,0,0,0,0,491520,655360,0,0,983040,1146880,502989568,419502592,64.0,54.0,2060.0,2048.0,45.78097472501621,52.016428667761915,,"architecture sm_100 vs sm_90 | benchmark protocol: B200 frozen columns (20/100 config, 64 MB eviction for 41 ops) vs GH200 1/3 with 120 MiB eviction | NCU 2026.1.1 (B200) vs 2025.4.0 (GH200) | cuda-tile: B200 paper campaign 1.3.0 per developer_guide, B200 profile capture version unrecorded; GH200 1.5.0 + tileiras 13.4.92 | autotuned winner differs | kernel set/names differ"
2d_max_pooling,Stencil/Convolution,fp16,cutile,a62dd33d8cf847fc0c94e233e07fda6ce09680cca78ac354a83c4541f3b8af17,a62dd33d8cf847fc0c94e233e07fda6ce09680cca78ac354a83c4541f3b8af17,True,"{""C"":128,""H"":640,""N"":4,""kernel_size"":3,""padding"":1,""stride"":2}","{""occupancy"": 8, ""tile_c"": 128, ""tile_r"": 4}","{""occupancy"": 8, ""tile_c"": 512, ""tile_r"": 1}",False,2026.1.1.0 (build 37634170) (public-release),2025.4.0.0 (build 36690805) (public-release),full/application,full/application,1,1,max_pool2d_kernel_Kt1_A3f16_3v8l0_4t1_7i16_p16_A3f16_3v8l0_4t1_7i16_p16_I3_I2_I1_I4_I128,max_pool2d_kernel_Kt1_A3f16_3v8l0_4t1_7i16_p16_A3f16_3v8l0_4t1_7i16_p16_I3_I2_I1_I1_I512,max_pool2d_kernel:none,max_pool2d_kernel:none,max_pool2d_kernel:LDG[16b:100%]; STG[64b:100%],max_pool2d_kernel:LDG[16b:100%]; STG[64b:100%],0.2805,0.2537,0.904456,236421120,186777600,148439040,77824000,33423360,34078720,17203200,23592960,4915200,8519680,18186240,24084480,0,0,1474560,3112960,0,0,0,0,0,0,0,0,0,0,491520,655360,0,0,983040,1146880,503036416,419475200,64.0,54.0,2060.0,2048.0,45.737147688027704,52.00603401059997,,"architecture sm_100 vs sm_90 | benchmark protocol: B200 frozen columns (20/100 config, 64 MB eviction for 41 ops) vs GH200 1/3 with 120 MiB eviction | NCU 2026.1.1 (B200) vs 2025.4.0 (GH200) | cuda-tile: B200 paper campaign 1.3.0 per developer_guide, B200 profile capture version unrecorded; GH200 1.5.0 + tileiras 13.4.92 | autotuned winner differs | kernel set/names differ"
2d_max_pooling,Stencil/Convolution,fp32,cutile,e3728773dce74b72c56e2809d872162f5f603a5da71e61fece031a965e2d2cbf,e3728773dce74b72c56e2809d872162f5f603a5da71e61fece031a965e2d2cbf,True,"{""C"":128,""H"":640,""N"":4,""kernel_size"":3,""padding"":1,""stride"":2}","{""occupancy"": 8, ""tile_c"": 128, ""tile_r"": 4}","{""occupancy"": 4, ""tile_c"": 512, ""tile_r"": 1}",False,2026.1.1.0 (build 37634170) (public-release),2025.4.0.0 (build 36690805) (public-release),full/application,full/application,1,1,max_pool2d_kernel_Kt1_A3f32_3v4l0_4t1_7i16_p16_A3f32_3v4l0_4t1_7i16_p16_I3_I2_I1_I4_I128,max_pool2d_kernel_Kt1_A3f32_3v4l0_4t1_7i16_p16_A3f32_3v4l0_4t1_7i16_p16_I3_I2_I1_I1_I512,max_pool2d_kernel:none,max_pool2d_kernel:none,max_pool2d_kernel:LDG[32b:100%]; STG[128b:100%],max_pool2d_kernel:LDG[32b:100%]; STG[128b:100%],0.2995,0.3254,1.08648,234946560,191365120,147947520,83066880,33423360,34734080,17203200,26214400,2949120,5898240,18186240,24084480,0,0,2457600,1802240,0,0,0,0,0,0,0,0,0,0,491520,655360,0,0,983040,1146880,922841088,838915584,64.0,53.0,3084.0,3072.0,46.01499814274721,52.15927531205312,,"architecture sm_100 vs sm_90 | benchmark protocol: B200 frozen columns (20/100 config, 64 MB eviction for 41 ops) vs GH200 1/3 with 120 MiB eviction | NCU 2026.1.1 (B200) vs 2025.4.0 (GH200) | cuda-tile: B200 paper campaign 1.3.0 per developer_guide, B200 profile capture version unrecorded; GH200 1.5.0 + tileiras 13.4.92 | autotuned winner differs | kernel set/names differ"
3d_conv,Stencil/Convolution,fp16,cutile,f68b4b9bbf6e6f6f3a7a6c89e64f4ccf6ae24a3f5f50888e1c2245c358eb3750,f68b4b9bbf6e6f6f3a7a6c89e64f4ccf6ae24a3f5f50888e1c2245c358eb3750,True,"{""D"":32,""H"":320,""batch"":1,""groups"":1,""in_channels"":64,""kernel_size"":3,""out_channels"":64,""padding"":1,""stride"":1}","{""block_bdhw"": 128, ""block_in"": 16, ""block_out"": 64, ""occupancy"": 4}","{""block_bdhw"": 64, ""block_in"": 32, ""block_out"": 64, ""occupancy"": 16}",False,2026.1.1.0 (build 37634170) (public-release),2025.4.0.0 (build 36690805) (public-release),full/application,full/application,1,1,conv3d_kernel_Kt1_A1f16_1i16t1_p16_A1f16_1i16t1_p16_A1f16_1i16t1_p16_Si32_Si32_Si32_Si32_Si32_Si32_Si32_Si32_Si32_Si32_Si32_Si32_Si32_Si32_Si32_Si32_Si32_Si32_Si32_Si32_Si32_Si32_Si32_Si32_Si32_Si32_Si32_Si32_Si32_Si32_Si32_Si32_Si32_Si32_Si32_I128_I16_I64,conv3d_kernel_Kt1_A1f16_1i16t1_p16_A1f16_1i16t1_p16_A1f16_1i16t1_p16_Si32_Si32_Si32_Si32_Si32_Si32_Si32_Si32_Si32_Si32_Si32_Si32_Si32_Si32_Si32_Si32_Si32_Si32_Si32_Si32_Si32_Si32_Si32_Si32_Si32_Si32_Si32_Si32_Si32_Si32_Si32_Si32_Si32_Si32_Si32_I64_I32_I64,conv3d_kernel:tcgen05[UTCHMMA:2764800],conv3d_kernel:wgmma[HGMMA.64x64x16.F32:22118400],conv3d_kernel:LDG[16b:100%]; STG[16b:100%],conv3d_kernel:LDG[16b:100%]; STG[16b:100%],35.8263,32.6973,0.912662,27782566958,23584768000,14027382735,13002342400,11320934400,7962828800,307200,819200,430489600,610099200,271974400,360448000,0,0,88729600,244940800,0,1149542400,0,0,0,0,0,22118400,17484800,0,1795464306,88678400,102400,0,1761246441,11673600,595825920,5823453440,64.0,64.0,3116.0,17408.0,31.023719675499688,49.65615865873876,,"architecture sm_100 vs sm_90 | benchmark protocol: B200 frozen columns (20/100 config, 64 MB eviction for 41 ops) vs GH200 1/3 with 120 MiB eviction | NCU 2026.1.1 (B200) vs 2025.4.0 (GH200) | cuda-tile: B200 paper campaign 1.3.0 per developer_guide, B200 profile capture version unrecorded; GH200 1.5.0 + tileiras 13.4.92 | autotuned winner differs | kernel set/names differ"
3d_conv,Stencil/Convolution,fp32,cutile,9f39205a7239ff2dbec060a701e3ad4838b7d4d38a8f9776ef0ea2ba88bf04ff,9f39205a7239ff2dbec060a701e3ad4838b7d4d38a8f9776ef0ea2ba88bf04ff,True,"{""D"":32,""H"":320,""batch"":1,""groups"":1,""in_channels"":64,""kernel_size"":3,""out_channels"":64,""padding"":1,""stride"":1}","{""block_bdhw"": 128, ""block_in"": 16, ""block_out"": 64, ""occupancy"": 4}","{""block_bdhw"": 128, ""block_in"": 16, ""block_out"": 64, ""occupancy"": 4}",True,2026.1.1.0 (build 37634170) (public-release),2025.4.0.0 (build 36690805) (public-release),full/application,full/application,1,1,conv3d_kernel_Kt1_A1f32_1i16t1_p16_A1f32_1i16t1_p16_A1f32_1i16t1_p16_Si32_Si32_Si32_Si32_Si32_Si32_Si32_Si32_Si32_Si32_Si32_Si32_Si32_Si32_Si32_Si32_Si32_Si32_Si32_Si32_Si32_Si32_Si32_Si32_Si32_Si32_Si32_Si32_Si32_Si32_Si32_Si32_Si32_Si32_Si32_I128_I16_I64,conv3d_kernel_Kt1_A1f32_1i16t1_p16_A1f32_1i16t1_p16_A1f32_1i16t1_p16_Si32_Si32_Si32_Si32_Si32_Si32_Si32_Si32_Si32_Si32_Si32_Si32_Si32_Si32_Si32_Si32_Si32_Si32_Si32_Si32_Si32_Si32_Si32_Si32_Si32_Si32_Si32_Si32_Si32_Si32_Si32_Si32_Si32_Si32_Si32_I128_I16_I64,conv3d_kernel:tcgen05[UTCHMMA:5529600],conv3d_kernel:wgmma[HGMMA.64x64x8.F32.TF32:44236800],conv3d_kernel:LDG[32b:100%]; STG[32b:100%],conv3d_kernel:cp.async[LDGSTS.E:265420800]; STG[32b:100%],33.1650,42.8197,1.29111,27550649548,29372006400,14294369154,16460607511,11102310400,10766233600,307200,409600,333004800,333312000,271974400,6553600,0,265420800,22374400,301875200,0,556953600,0,0,0,0,0,44236800,31308800,0,1812352470,144613422,102400,0,1788426972,77752463,2319869696,2540711680,64.0,128.0,5164.0,42000.0,31.070992690078334,24.85114910031763,,"architecture sm_100 vs sm_90 | benchmark protocol: B200 frozen columns (20/100 config, 64 MB eviction for 41 ops) vs GH200 1/3 with 120 MiB eviction | NCU 2026.1.1 (B200) vs 2025.4.0 (GH200) | cuda-tile: B200 paper campaign 1.3.0 per developer_guide, B200 profile capture version unrecorded; GH200 1.5.0 + tileiras 13.4.92"
argmax,Reduction/Normalization,fp16,cutile,9180fbc98a37a955d75622e65eef96901634ee8d8ae006560281f2f3b3558536,9180fbc98a37a955d75622e65eef96901634ee8d8ae006560281f2f3b3558536,True,"{""M"":2048,""N"":20480}","{""block_n"": 2048, ""occupancy"": 16}","{""block_n"": 2048, ""occupancy"": 8}",False,2026.1.1.0 (build 37634170) (public-release),2025.4.0.0 (build 36690805) (public-release),full/application,full/application,1,1,argmax_rowwise_kernel_Kt1_A2f16_1v8l0_2t1_3i16_p16_A1i64_1i16t1_p16_I10_I2048,argmax_rowwise_kernel_Kt1_A2f16_1v8l0_2t1_3i16_p16_A1i64_1i16t1_p16_I10_I2048,argmax_rowwise_kernel:none,argmax_rowwise_kernel:none,argmax_rowwise_kernel:LDG[128b:100%]; STG[64b:100%],argmax_rowwise_kernel:LDG[128b:100%]; STG[64b:100%],0.0301,0.0392,1.30233,19791872,18669568,6332416,4308992,7659520,7593984,2138112,2965504,16384,40960,172032,172032,0,0,901120,737280,0,0,0,0,0,0,0,0,0,0,491520,737280,0,81920,262144,180224,83924736,83915008,31.0,44.0,1068.0,1056.0,72.26786778416559,51.12399877252973,,"architecture sm_100 vs sm_90 | benchmark protocol: B200 frozen columns (20/100 config, 64 MB eviction for 41 ops) vs GH200 1/3 with 120 MiB eviction | NCU 2026.1.1 (B200) vs 2025.4.0 (GH200) | cuda-tile: B200 paper campaign 1.3.0 per developer_guide, B200 profile capture version unrecorded; GH200 1.5.0 + tileiras 13.4.92 | autotuned winner differs"
argmax,Reduction/Normalization,fp32,cutile,32e5bec55018dea2d8af92ed32e53d89d9a669bf25b1a6b71f487f300d3794bd,32e5bec55018dea2d8af92ed32e53d89d9a669bf25b1a6b71f487f300d3794bd,True,"{""M"":2048,""N"":20480}","{""block_n"": 2048, ""occupancy"": 32}","{""block_n"": 1024, ""occupancy"": 16}",False,2026.1.1.0 (build 37634170) (public-release),2025.4.0.0 (build 36690805) (public-release),full/application,full/application,1,1,argmax_rowwise_kernel_Kt1_A2f32_1v4l0_2t1_3i16_p16_A1i64_1i16t1_p16_I10_I2048,argmax_rowwise_kernel_Kt1_A2f32_1v4l0_2t1_3i16_p16_A1i64_1i16t1_p16_I20_I1024,argmax_rowwise_kernel:none,argmax_rowwise_kernel:none,argmax_rowwise_kernel:LDG[128b:100%]; STG[64b:100%],argmax_rowwise_kernel:LDG[128b:100%]; STG[64b:100%],0.0358,0.0596,1.6648,18128896,28999680,5496832,7749632,7741440,11681792,827392,1982464,16384,40960,335872,335872,0,0,901120,1474560,0,0,0,0,0,0,0,0,0,0,491520,1474560,0,163840,180224,507904,167787008,167787264,24.0,32.0,1068.0,1056.0,79.72961055564129,87.64540950116877,,"architecture sm_100 vs sm_90 | benchmark protocol: B200 frozen columns (20/100 config, 64 MB eviction for 41 ops) vs GH200 1/3 with 120 MiB eviction | NCU 2026.1.1 (B200) vs 2025.4.0 (GH200) | cuda-tile: B200 paper campaign 1.3.0 per developer_guide, B200 profile capture version unrecorded; GH200 1.5.0 + tileiras 13.4.92 | autotuned winner differs | kernel set/names differ"
batch_normalization,Reduction/Normalization,bf16,cutile,aa78a79824c7441528d242df29e69d411a666bfeb163b75caed2f540ae59a0f1,aa78a79824c7441528d242df29e69d411a666bfeb163b75caed2f540ae59a0f1,True,"{""C"":1024,""N"":20000,""eps"":1e-05}","{""occupancy"": 8, ""rows"": 16}","{""occupancy"": 4, ""rows"": 8}",False,2026.1.1.0 (build 37634170) (public-release),2025.4.0.0 (build 36690805) (public-release),full/application,full/application,3,3,apply_batch_norm_kernel_Kt1_A2bf16_1v8l0_2t1_3i16_p16_A1bf16_1i16t1_p16_A1bf16_1i16t1_p16_A2bf16_1v8l0_2t1_3i16_p16_A1f32_1i16t1_p16_A1f32_1i16t1_p16_Si32_I1024_I1024_I16_I8;compute_block_sums_kernel_Kt1_A2bf16_1v8l0_2t1_3i16_p16_A2f32_1v4l0_2i16t1_p16_A2f32_1v4l0_2i16t1_p16_Si32_I1024_I1024_I64_I8;compute_mean_invstd_kernel_Kt1_A1f32_1i16t1_p16_A1f32_1i16t1_p16_A1f32_1i16t1_p16_A1f32_1i16t1_p16_Si32_Si32_Si32_I512_Sf32,apply_batch_norm_kernel_Kt1_A2bf16_1v8l0_2t1_3i16_p16_A1bf16_1i16t1_p16_A1bf16_1i16t1_p16_A2bf16_1v8l0_2t1_3i16_p16_A1f32_1i16t1_p16_A1f32_1i16t1_p16_Si32_I1024_I1024_I8_I8;compute_block_sums_kernel_Kt1_A2bf16_1v8l0_2t1_3i16_p16_A2f32_1v4l0_2i16t1_p16_A2f32_1v4l0_2i16t1_p16_Si32_I1024_I1024_I64_I8;compute_mean_invstd_kernel_Kt1_A1f32_1i16t1_p16_A1f32_1i16t1_p16_A1f32_1i16t1_p16_A1f32_1i16t1_p16_Si32_Si32_Si32_I512_Sf32,compute_block_sums_kernel:none / compute_mean_invstd_kernel:none / apply_batch_norm_kernel:none,compute_block_sums_kernel:none / compute_mean_invstd_kernel:none / apply_batch_norm_kernel:none,"compute_block_sums_kernel:TMA[UTMACCTL.PF:939,UTMACMDFLUSH:1252,UTMALDG.2D:40064,UTMASTG.2D:2504] / compute_mean_invstd_kernel:LDG[32b:100%]; STG[32b:100%] / apply_batch_norm_kernel:LDG[128b:100%]; STG[128b:100%]","compute_block_sums_kernel:TMA[UTMACCTL.PF:939,UTMACMDFLUSH:1252,UTMALDG.2D:40064,UTMASTG.2D:2504] / compute_mean_invstd_kernel:LDG[32b:100%]; STG[32b:100%] / apply_batch_norm_kernel:LDG[128b:100%]; STG[128b:100%]",0.0416,0.0540,1.29808,10162389,11326725,3688963,3786356,959008,793808,1727603,3068733,1024052,1118218,230960,260960,0,0,598544,678544,0,0,44759,44759,0,0,0,0,0,0,404140,314987,0,0,401144,212609,46437888,77874176,62.0,255.0,17420.0,144480.0,40.07031844056809,9.058334828846714,,"architecture sm_100 vs sm_90 | benchmark protocol: B200 frozen columns (20/100 config, 64 MB eviction for 41 ops) vs GH200 1/3 with 120 MiB eviction | NCU 2026.1.1 (B200) vs 2025.4.0 (GH200) | cuda-tile: B200 paper campaign 1.3.0 per developer_guide, B200 profile capture version unrecorded; GH200 1.5.0 + tileiras 13.4.92 | autotuned winner differs | kernel set/names differ"
batch_normalization,Reduction/Normalization,fp16,cutile,fd4e861375d0e88291e453533a53b6ac53c622082f43acae86ad42cc0814d3ab,fd4e861375d0e88291e453533a53b6ac53c622082f43acae86ad42cc0814d3ab,True,"{""C"":1024,""N"":20000,""eps"":1e-05}","{""occupancy"": 8, ""rows"": 16}","{""occupancy"": 4, ""rows"": 8}",False,2026.1.1.0 (build 37634170) (public-release),2025.4.0.0 (build 36690805) (public-release),full/application,full/application,3,3,apply_batch_norm_kernel_Kt1_A2f16_1v8l0_2t1_3i16_p16_A1f16_1i16t1_p16_A1f16_1i16t1_p16_A2f16_1v8l0_2t1_3i16_p16_A1f32_1i16t1_p16_A1f32_1i16t1_p16_Si32_I1024_I1024_I16_I8;compute_block_sums_kernel_Kt1_A2f16_1v8l0_2t1_3i16_p16_A2f32_1v4l0_2i16t1_p16_A2f32_1v4l0_2i16t1_p16_Si32_I1024_I1024_I64_I8;compute_mean_invstd_kernel_Kt1_A1f32_1i16t1_p16_A1f32_1i16t1_p16_A1f32_1i16t1_p16_A1f32_1i16t1_p16_Si32_Si32_Si32_I512_Sf32,apply_batch_norm_kernel_Kt1_A2f16_1v8l0_2t1_3i16_p16_A1f16_1i16t1_p16_A1f16_1i16t1_p16_A2f16_1v8l0_2t1_3i16_p16_A1f32_1i16t1_p16_A1f32_1i16t1_p16_Si32_I1024_I1024_I8_I8;compute_block_sums_kernel_Kt1_A2f16_1v8l0_2t1_3i16_p16_A2f32_1v4l0_2i16t1_p16_A2f32_1v4l0_2i16t1_p16_Si32_I1024_I1024_I64_I8;compute_mean_invstd_kernel_Kt1_A1f32_1i16t1_p16_A1f32_1i16t1_p16_A1f32_1i16t1_p16_A1f32_1i16t1_p16_Si32_Si32_Si32_I512_Sf32,compute_block_sums_kernel:none / compute_mean_invstd_kernel:none / apply_batch_norm_kernel:none,compute_block_sums_kernel:none / compute_mean_invstd_kernel:none / apply_batch_norm_kernel:none,"compute_block_sums_kernel:TMA[UTMACCTL.PF:939,UTMACMDFLUSH:1252,UTMALDG.2D:40064,UTMASTG.2D:2504] / compute_mean_invstd_kernel:LDG[32b:100%]; STG[32b:100%] / apply_batch_norm_kernel:LDG[128b:100%]; STG[128b:100%]","compute_block_sums_kernel:TMA[UTMACCTL.PF:939,UTMACMDFLUSH:1252,UTMALDG.2D:40064,UTMASTG.2D:2504] / compute_mean_invstd_kernel:LDG[32b:100%]; STG[32b:100%] / apply_batch_norm_kernel:LDG[128b:100%]; STG[128b:100%]",0.0419,0.0556,1.32697,9771907,10396189,2337626,2145332,959008,743808,3093627,4529757,343540,397706,230960,260960,0,0,598544,678544,0,0,44759,44759,0,0,0,0,0,0,392680,314755,0,0,389684,212377,46565632,78771456,62.0,255.0,17420.0,144480.0,39.78006112207568,9.001695705990215,,"architecture sm_100 vs sm_90 | benchmark protocol: B200 frozen columns (20/100 config, 64 MB eviction for 41 ops) vs GH200 1/3 with 120 MiB eviction | NCU 2026.1.1 (B200) vs 2025.4.0 (GH200) | cuda-tile: B200 paper campaign 1.3.0 per developer_guide, B200 profile capture version unrecorded; GH200 1.5.0 + tileiras 13.4.92 | autotuned winner differs | kernel set/names differ"
batch_normalization,Reduction/Normalization,fp32,cutile,c1cacc37ce10c27a8dbf1f7e33447c5ebf21ead1a4205edfdff6f8ee53d2eabf,c1cacc37ce10c27a8dbf1f7e33447c5ebf21ead1a4205edfdff6f8ee53d2eabf,True,"{""C"":1024,""N"":20000,""eps"":1e-05}","{""occupancy"": 4, ""rows"": 8}","{""occupancy"": 16, ""rows"": 8}",False,2026.1.1.0 (build 37634170) (public-release),2025.4.0.0 (build 36690805) (public-release),full/application,full/application,3,3,apply_batch_norm_kernel_Kt1_A2f32_1v4l0_2t1_3i16_p16_A1f32_1i16t1_p16_A1f32_1i16t1_p16_A2f32_1v4l0_2t1_3i16_p16_A1f32_1i16t1_p16_A1f32_1i16t1_p16_Si32_I1024_I1024_I8_I8;compute_block_sums_kernel_Kt1_A2f32_1v4l0_2t1_3i16_p16_A2f32_1v4l0_2i16t1_p16_A2f32_1v4l0_2i16t1_p16_Si32_I1024_I1024_I64_I8;compute_mean_invstd_kernel_Kt1_A1f32_1i16t1_p16_A1f32_1i16t1_p16_A1f32_1i16t1_p16_A1f32_1i16t1_p16_Si32_Si32_Si32_I512_Sf32,apply_batch_norm_kernel_Kt1_A2f32_1v4l0_2t1_3i16_p16_A1f32_1i16t1_p16_A1f32_1i16t1_p16_A2f32_1v4l0_2t1_3i16_p16_A1f32_1i16t1_p16_A1f32_1i16t1_p16_Si32_I1024_I1024_I8_I8;compute_block_sums_kernel_Kt1_A2f32_1v4l0_2t1_3i16_p16_A2f32_1v4l0_2i16t1_p16_A2f32_1v4l0_2i16t1_p16_Si32_I1024_I1024_I64_I8;compute_mean_invstd_kernel_Kt1_A1f32_1i16t1_p16_A1f32_1i16t1_p16_A1f32_1i16t1_p16_A1f32_1i16t1_p16_Si32_Si32_Si32_I512_Sf32,compute_block_sums_kernel:none / compute_mean_invstd_kernel:none / apply_batch_norm_kernel:none,compute_block_sums_kernel:none / compute_mean_invstd_kernel:none / apply_batch_norm_kernel:none,"compute_block_sums_kernel:TMA[UTMACCTL.PF:939,UTMACMDFLUSH:1252,UTMALDG.2D:40064,UTMASTG.2D:2504] / compute_mean_invstd_kernel:LDG[32b:100%]; STG[32b:100%] / apply_batch_norm_kernel:LDG[128b:100%]; STG[128b:100%]","compute_block_sums_kernel:TMA[UTMACCTL.PF:939,UTMACMDFLUSH:1252,UTMALDG.2D:40064,UTMASTG.2D:2504] / compute_mean_invstd_kernel:LDG[32b:100%]; STG[32b:100%] / apply_batch_norm_kernel:LDG[128b:100%]; STG[128b:100%]",0.0482,0.0844,1.75104,9234231,10743563,2482931,2159698,1524008,2363808,1772603,3068733,33540,77706,440960,440960,0,0,198032,198032,0,0,44759,44759,0,0,0,0,0,0,721245,648873,0,0,670793,603413,154841344,164325632,92.0,62.0,1024.0,1024.0,26.630567302044124,42.31525855022768,,"architecture sm_100 vs sm_90 | benchmark protocol: B200 frozen columns (20/100 config, 64 MB eviction for 41 ops) vs GH200 1/3 with 120 MiB eviction | NCU 2026.1.1 (B200) vs 2025.4.0 (GH200) | cuda-tile: B200 paper campaign 1.3.0 per developer_guide, B200 profile capture version unrecorded; GH200 1.5.0 + tileiras 13.4.92 | autotuned winner differs"
batched_matmul,Matrix Multiplication/Attention,bf16,cutile,6e2f0aef249fcc93fdf8be5f9cecf9b7b112231742475bc5d4940ef52edb5fc6,6e2f0aef249fcc93fdf8be5f9cecf9b7b112231742475bc5d4940ef52edb5fc6,True,"{""BATCH"":32,""M"":640}","{""group_size"": 1, ""occupancy"": 4, ""tile_k"": 64, ""tile_m"": 128, ""tile_n"": 128}","{""group_size"": 1, ""occupancy"": 8, ""tile_k"": 32, ""tile_m"": 128, ""tile_n"": 128}",False,2026.1.1.0 (build 37634170) (public-release),2025.4.0.0 (build 36690805) (public-release),full/application,full/application,1,1,bmm_kernel_Kt1_A3bf16_3v8l0_4t1_7i16_p16_A3bf16_3v8l0_4t1_7i16_p16_A3bf16_3v8l0_4t1_7i16_p16_I10_I128_I128_I64_I5_I5_I1,bmm_kernel_Kt1_A3bf16_3v8l0_4t1_7i16_p16_A3bf16_3v8l0_4t1_7i16_p16_A3bf16_3v8l0_4t1_7i16_p16_I20_I128_I128_I32_I5_I5_I1,bmm_kernel:tcgen05[UTCHMMA:32000],bmm_kernel:wgmma[HGMMA.64x128x16.F32.BF16:256000],"bmm_kernel:TMA[UTMACCTL.PF:2400,UTMACMDFLUSH:1600,UTMALDG.3D:24000,UTMASTG.3D:1600]","bmm_kernel:TMA[UTMACCTL.PF:2400,UTMACMDFLUSH:3200,UTMALDG.3D:48000,UTMASTG.3D:3200]",0.0318,0.0433,1.36164,1536462,5601247,378431,2920144,59200,221301,3200,4800,214400,219200,0,0,0,0,59200,51200,0,0,29600,56800,0,0,0,256000,92800,0,799062,762756,3200,0,792846,482014,52471296,52708096,64.0,128.0,50452.0,115976.0,28.15436888203514,17.64288185015881,,"architecture sm_100 vs sm_90 | benchmark protocol: B200 frozen columns (20/100 config, 64 MB eviction for 41 ops) vs GH200 1/3 with 120 MiB eviction | NCU 2026.1.1 (B200) vs 2025.4.0 (GH200) | cuda-tile: B200 paper campaign 1.3.0 per developer_guide, B200 profile capture version unrecorded; GH200 1.5.0 + tileiras 13.4.92 | autotuned winner differs | kernel set/names differ"
batched_matmul,Matrix Multiplication/Attention,fp16,cutile,216c85218ba9bf477be38d6c7e1c2409207f3e160395003e29636f5f14e43a74,216c85218ba9bf477be38d6c7e1c2409207f3e160395003e29636f5f14e43a74,True,"{""BATCH"":32,""M"":640}","{""group_size"": 1, ""occupancy"": 4, ""tile_k"": 64, ""tile_m"": 128, ""tile_n"": 128}","{""group_size"": 1, ""occupancy"": 4, ""tile_k"": 32, ""tile_m"": 128, ""tile_n"": 128}",False,2026.1.1.0 (build 37634170) (public-release),2025.4.0.0 (build 36690805) (public-release),full/application,full/application,1,1,bmm_kernel_Kt1_A3f16_3v8l0_4t1_7i16_p16_A3f16_3v8l0_4t1_7i16_p16_A3f16_3v8l0_4t1_7i16_p16_I10_I128_I128_I64_I5_I5_I1,bmm_kernel_Kt1_A3f16_3v8l0_4t1_7i16_p16_A3f16_3v8l0_4t1_7i16_p16_A3f16_3v8l0_4t1_7i16_p16_I20_I128_I128_I32_I5_I5_I1,bmm_kernel:tcgen05[UTCHMMA:32000],bmm_kernel:wgmma[HGMMA.64x128x16.F32:256000],"bmm_kernel:TMA[UTMACCTL.PF:2400,UTMACMDFLUSH:1600,UTMALDG.3D:24000,UTMASTG.3D:1600]","bmm_kernel:TMA[UTMACCTL.PF:2400,UTMACMDFLUSH:3200,UTMALDG.3D:48000,UTMASTG.3D:3200]",0.0318,0.0421,1.3239,1538634,5600277,378738,2912202,59200,221257,3200,4800,214400,219200,0,0,0,0,59200,51200,0,0,29600,56800,0,0,0,256000,92800,0,801950,756008,3200,0,795710,474829,52470784,52649728,64.0,128.0,50452.0,115976.0,27.888664017516096,17.582333876276536,,"architecture sm_100 vs sm_90 | benchmark protocol: B200 frozen columns (20/100 config, 64 MB eviction for 41 ops) vs GH200 1/3 with 120 MiB eviction | NCU 2026.1.1 (B200) vs 2025.4.0 (GH200) | cuda-tile: B200 paper campaign 1.3.0 per developer_guide, B200 profile capture version unrecorded; GH200 1.5.0 + tileiras 13.4.92 | autotuned winner differs | kernel set/names differ"
batched_matmul,Matrix Multiplication/Attention,fp32,cutile,08dbf4b1b9f16395d3bf70a48b2f6f76db51398cdb2a1b189d4c28a65edcb02b,08dbf4b1b9f16395d3bf70a48b2f6f76db51398cdb2a1b189d4c28a65edcb02b,True,"{""BATCH"":32,""M"":640}","{""group_size"": 1, ""occupancy"": 4, ""tile_k"": 64, ""tile_m"": 128, ""tile_n"": 128}","{""group_size"": 1, ""occupancy"": 4, ""tile_k"": 64, ""tile_m"": 128, ""tile_n"": 128}",True,2026.1.1.0 (build 37634170) (public-release),2025.4.0.0 (build 36690805) (public-release),full/application,full/application,1,1,bmm_kernel_Kt1_A3f32_3v4l0_4t1_7i16_p16_A3f32_3v4l0_4t1_7i16_p16_A3f32_3v4l0_4t1_7i16_p16_I10_I128_I128_I64_I5_I5_I1,bmm_kernel_Kt1_A3f32_3v4l0_4t1_7i16_p16_A3f32_3v4l0_4t1_7i16_p16_A3f32_3v4l0_4t1_7i16_p16_I10_I128_I128_I64_I5_I5_I1,bmm_kernel:tcgen05[UTCHMMA:64000],bmm_kernel:wgmma[HGMMA.64x128x8.F32.TF32:512000],"bmm_kernel:TMA[UTMACCTL.PF:2400,UTMACMDFLUSH:3200,UTMALDG.3D:48000,UTMASTG.3D:3200]","bmm_kernel:TMA[UTMACCTL.PF:2400,UTMACMDFLUSH:6400,UTMALDG.3D:64000,UTMASTG.3D:6400]",0.0963,0.1339,1.39045,13403320,21869163,4591981,11182755,128000,200998,3200,4800,4105600,4110400,0,0,0,0,3182400,3276800,0,0,56800,79200,0,0,0,512000,389600,0,2749664,2629832,3200,0,2369743,1480451,104917504,108105216,255.0,128.0,181452.0,107768.0,10.566872975289737,17.999838527845235,,"architecture sm_100 vs sm_90 | benchmark protocol: B200 frozen columns (20/100 config, 64 MB eviction for 41 ops) vs GH200 1/3 with 120 MiB eviction | NCU 2026.1.1 (B200) vs 2025.4.0 (GH200) | cuda-tile: B200 paper campaign 1.3.0 per developer_guide, B200 profile capture version unrecorded; GH200 1.5.0 + tileiras 13.4.92"
bitonic_sort,Data Layout,fp16,cutile,9f06313b92385d4a521129cef2b292389c03538493d2cbcb565e2ace2e0924eb,9f06313b92385d4a521129cef2b292389c03538493d2cbcb565e2ace2e0924eb,True,"{""n"":10000000}","{""occupancy"": 8, ""tile"": 1024}","{""occupancy"": 4, ""tile"": 512}",False,2026.1.1.0 (build 37634170) (public-release),2025.4.0.0 (build 36690805) (public-release),full/application,full/application,301,301,bitonic_step_kernel_Kt1_A1f16_1i16t1_p16_Si32_Si32_Si32_I1024;pad_kernel_Kt1_A1f16_1i16t1_p16_A1f16_1i16t1_p16_Si32_Si32_I1024,bitonic_step_kernel_Kt1_A1f16_1i16t1_p16_Si32_Si32_Si32_I512;pad_kernel_Kt1_A1f16_1i16t1_p16_A1f16_1i16t1_p16_Si32_Si32_I512,pad_kernel:none / bitonic_step_kernel:none,pad_kernel:none / bitonic_step_kernel:none,"pad_kernel:LDG[128b:100%]; STG[128b:100%] / bitonic_step_kernel:LDG[16b:89%,128b:11%]; STG[16b:100%]","pad_kernel:LDG[64b:100%]; STG[64b:100%] / bitonic_step_kernel:LDG[16b:80%,64b:20%]; STG[16b:100%]",7.1421,10.1086,1.41535,4816957672,7042556365,1429285928,2073385040,1986343216,2203476576,19726336,78905344,196739072,669122560,483825815,496775469,0,0,176947200,589824000,0,0,0,0,0,0,0,0,0,0,118042929,196764256,0,0,71080088,143143216,20046848,3285140224,40.0,32.0,3084.0,4096.0,65.37697871472224,91.87274440133105,,"architecture sm_100 vs sm_90 | benchmark protocol: B200 frozen columns (20/100 config, 64 MB eviction for 41 ops) vs GH200 1/3 with 120 MiB eviction | NCU 2026.1.1 (B200) vs 2025.4.0 (GH200) | cuda-tile: B200 paper campaign 1.3.0 per developer_guide, B200 profile capture version unrecorded; GH200 1.5.0 + tileiras 13.4.92 | autotuned winner differs | kernel set/names differ"
bitonic_sort,Data Layout,fp32,cutile,ab083a5355e8e9f204d99ef4367a250c52321b71b397fcdd09d6c290181151a4,ab083a5355e8e9f204d99ef4367a250c52321b71b397fcdd09d6c290181151a4,True,"{""n"":10000000}","{""occupancy"": 4, ""tile"": 512}","{""occupancy"": 4, ""tile"": 512}",True,2026.1.1.0 (build 37634170) (public-release),2025.4.0.0 (build 36690805) (public-release),full/application,full/application,301,301,bitonic_step_kernel_Kt1_A1f32_1i16t1_p16_Si32_Si32_Si32_I512;pad_kernel_Kt1_A1f32_1i16t1_p16_A1f32_1i16t1_p16_Si32_Si32_I512,bitonic_step_kernel_Kt1_A1f32_1i16t1_p16_Si32_Si32_Si32_I512;pad_kernel_Kt1_A1f32_1i16t1_p16_A1f32_1i16t1_p16_Si32_Si32_I512,pad_kernel:none / bitonic_step_kernel:none,pad_kernel:none / bitonic_step_kernel:none,"pad_kernel:LDG[128b:100%]; STG[128b:100%] / bitonic_step_kernel:LDG[32b:80%,128b:20%]; STG[32b:100%]","pad_kernel:LDG[128b:100%]; STG[128b:100%] / bitonic_step_kernel:LDG[32b:80%,128b:20%]; STG[32b:100%]",8.2327,12.3675,1.50224,5915926989,6610280909,2087737424,2309576784,2085249632,2203476576,39452672,78905344,78905344,197263360,496775469,496775469,0,0,78643200,275251200,0,0,0,0,0,0,0,0,0,0,236085856,196764256,0,0,143143216,143143216,278114304,20152220416,32.0,32.0,3084.0,7168.0,84.86648192581748,94.73809697372741,,"architecture sm_100 vs sm_90 | benchmark protocol: B200 frozen columns (20/100 config, 64 MB eviction for 41 ops) vs GH200 1/3 with 120 MiB eviction | NCU 2026.1.1 (B200) vs 2025.4.0 (GH200) | cuda-tile: B200 paper campaign 1.3.0 per developer_guide, B200 profile capture version unrecorded; GH200 1.5.0 + tileiras 13.4.92"
block_sparse_attention,Matrix Multiplication/Attention,fp16,cutile,6fc43818480ae755205ec467ae446a9ca02f1bd954e93d99c88a5dca90b8e053,6fc43818480ae755205ec467ae446a9ca02f1bd954e93d99c88a5dca90b8e053,True,"{""B"":2,""BLOCK_D"":64,""BLOCK_M"":64,""BLOCK_N"":64,""D"":128,""H"":8,""H_kv"":2,""M"":10240}","{""occupancy"": 32}","{""occupancy"": 4}",False,2026.1.1.0 (build 37634170) (public-release),2025.4.0.0 (build 36690805) (public-release),full/application,full/application,1,1,block_sparse_attention_kernel_Kt1_A4f16_7v8l0_8t1_ci16_p16_A4f16_7v8l0_8t1_ci16_p16_A4f16_7v8l0_8t1_ci16_p16_A4f16_7v8l0_8t1_ci16_p16_A1i32_1t1_p16_A1i32_1i16t1_p16_I161_I25600_I1_F3fb6a09e667f3bcc_I8_I2_I10240_I64_I64_I64_I2,block_sparse_attention_kernel_Kt1_A4f16_7v8l0_8t1_ci16_p16_A4f16_7v8l0_8t1_ci16_p16_A4f16_7v8l0_8t1_ci16_p16_A4f16_7v8l0_8t1_ci16_p16_A1i32_1t1_p16_A1i32_1i16t1_p16_I161_I25600_I1_F3fb6a09e667f3bcc_I8_I2_I10240_I64_I64_I64_I2,block_sparse_attention_kernel:tcgen05[UTCHMMA:122112],block_sparse_attention_kernel:wgmma[HGMMA.64x64x16.F32:488448],"block_sparse_attention_kernel:TMA[UTMACCTL.IV:10144,UTMACCTL.PF:17920,UTMACMDFLUSH:40768,UTMALDG.4D:35648,UTMASTG.4D:5120]; LDG[32b:100%]","block_sparse_attention_kernel:TMA[UTMACCTL.PF:10240,UTMACMDFLUSH:5120,UTMALDG.4D:35648,UTMASTG.4D:5120]; LDG[32b:100%]",0.2170,0.1790,0.824885,56298437,54308193,14535788,13322486,3487440,5820003,12540016,15890176,1517568,1527808,99504,63760,0,0,4043936,2853376,0,4642442,109600,56128,0,0,0,488448,602880,0,15757208,5542804,20384,0,13861653,4159812,63294208,70896384,168.0,64.0,222244.0,50272.0,14.974247915324874,35.27501694821702,,"architecture sm_100 vs sm_90 | benchmark protocol: B200 frozen columns (20/100 config, 64 MB eviction for 41 ops) vs GH200 1/3 with 120 MiB eviction | NCU 2026.1.1 (B200) vs 2025.4.0 (GH200) | cuda-tile: B200 paper campaign 1.3.0 per developer_guide, B200 profile capture version unrecorded; GH200 1.5.0 + tileiras 13.4.92 | autotuned winner differs"
cross_entropy,Reduction/Normalization,fp16,cutile,f42b60ff44be7e8a7205e53a3bd34988ac5c7524330db0a067be3f9e3b6ab639,f42b60ff44be7e8a7205e53a3bd34988ac5c7524330db0a067be3f9e3b6ab639,True,"{""batch_size"":10240,""num_classes"":512}","{""occupancy"": 32}","{""occupancy"": 4}",False,2026.1.1.0 (build 37634170) (public-release),2025.4.0.0 (build 36690805) (public-release),full/application,full/application,1,1,cross_entropy_kernel_Kt1_A2f16_1v8l0_2t1_3i16_p16_A1i64_1i16t1_p16_A1f16_1i16t1_p16_Si32_I512,cross_entropy_kernel_Kt1_A2f16_1v8l0_2t1_3i16_p16_A1i64_1i16t1_p16_A1f16_1i16t1_p16_Si32_I512,cross_entropy_kernel:none,cross_entropy_kernel:none,"cross_entropy_kernel:LDG[16b:33%,64b:67%]; STG[16b:100%]","cross_entropy_kernel:LDG[16b:33%,64b:67%]; STG[16b:100%]",0.0117,0.0142,1.21368,7987200,9502720,1433600,2007040,1064960,1105920,2662400,2990080,163840,286720,163840,163840,0,0,327680,245760,0,0,0,0,0,0,0,0,0,0,286720,409600,0,40960,163840,286720,10576640,10575616,24.0,20.0,1052.0,1040.0,82.10425532895252,89.183007651455,,"architecture sm_100 vs sm_90 | benchmark protocol: B200 frozen columns (20/100 config, 64 MB eviction for 41 ops) vs GH200 1/3 with 120 MiB eviction | NCU 2026.1.1 (B200) vs 2025.4.0 (GH200) | cuda-tile: B200 paper campaign 1.3.0 per developer_guide, B200 profile capture version unrecorded; GH200 1.5.0 + tileiras 13.4.92 | autotuned winner differs"
cross_entropy,Reduction/Normalization,fp32,cutile,1a14c7a51e0e2fb7dedb3f13a20b8dd2b872efe62687f18a475df797c90122fb,1a14c7a51e0e2fb7dedb3f13a20b8dd2b872efe62687f18a475df797c90122fb,True,"{""batch_size"":10240,""num_classes"":512}","{""occupancy"": 8}","{""occupancy"": 16}",False,2026.1.1.0 (build 37634170) (public-release),2025.4.0.0 (build 36690805) (public-release),full/application,full/application,1,1,cross_entropy_kernel_Kt1_A2f32_1v4l0_2t1_3i16_p16_A1i64_1i16t1_p16_A1f32_1i16t1_p16_Si32_I512,cross_entropy_kernel_Kt1_A2f32_1v4l0_2t1_3i16_p16_A1i64_1i16t1_p16_A1f32_1i16t1_p16_Si32_I512,cross_entropy_kernel:none,cross_entropy_kernel:none,"cross_entropy_kernel:LDG[32b:33%,64b:33%,128b:33%]; STG[32b:100%]","cross_entropy_kernel:LDG[32b:33%,64b:33%,128b:33%]; STG[32b:100%]",0.0121,0.0136,1.12397,7741440,9297920,1433600,1966080,1064960,1105920,2498560,2785280,122880,245760,163840,163840,0,0,327680,245760,0,0,0,0,0,0,0,0,0,0,286720,409600,0,40960,163840,327680,21062656,21061888,21.0,22.0,1052.0,1040.0,84.05647620886512,87.7837401226061,,"architecture sm_100 vs sm_90 | benchmark protocol: B200 frozen columns (20/100 config, 64 MB eviction for 41 ops) vs GH200 1/3 with 120 MiB eviction | NCU 2026.1.1 (B200) vs 2025.4.0 (GH200) | cuda-tile: B200 paper campaign 1.3.0 per developer_guide, B200 profile capture version unrecorded; GH200 1.5.0 + tileiras 13.4.92 | autotuned winner differs"
dequantize_rowwise,Point-wise,int8,cutile,c24d1f8f2e3a0417758447984e025cfa559e716dc9196ba415709d3447285a98,c24d1f8f2e3a0417758447984e025cfa559e716dc9196ba415709d3447285a98,True,"{""cols"":8192,""rows"":4096}","{""chunk"": 1024, ""occupancy"": 4}","{""chunk"": 1024, ""occupancy"": 16}",False,2026.1.1.0 (build 37634170) (public-release),2025.4.0.0 (build 36690805) (public-release),full/application,full/application,1,1,dequantize_rowwise_kernel_Kt1_A2i8_1v16l0_2t1_3i16_p16_A1f32_1i16t1_p16_A2f16_1v8l0_2t1_3i16_p16_I8192_I1024,dequantize_rowwise_kernel_Kt1_A2i8_1v16l0_2t1_3i16_p16_A1f32_1i16t1_p16_A2f16_1v8l0_2t1_3i16_p16_I8192_I1024,dequantize_rowwise_kernel:none,dequantize_rowwise_kernel:none,"dequantize_rowwise_kernel:LDG[32b:50%,64b:50%]; STG[128b:100%]","dequantize_rowwise_kernel:LDG[32b:50%,64b:50%]; STG[128b:100%]",0.0233,0.0333,1.42918,14680064,17825792,4194304,5505024,1966080,2228224,1310720,2490368,2883584,3276800,393216,393216,0,0,0,0,0,0,0,0,0,0,0,0,0,0,262144,262144,0,0,524288,786432,33583104,33584128,18.0,22.0,1024.0,1024.0,75.71814344560089,82.16248991379899,,"architecture sm_100 vs sm_90 | benchmark protocol: B200 frozen columns (20/100 config, 64 MB eviction for 41 ops) vs GH200 1/3 with 120 MiB eviction | NCU 2026.1.1 (B200) vs 2025.4.0 (GH200) | cuda-tile: B200 paper campaign 1.3.0 per developer_guide, B200 profile capture version unrecorded; GH200 1.5.0 + tileiras 13.4.92 | autotuned winner differs"
destindex,Data Layout,bf16,cutile,716f280f9eec7778e3d2a4b836b636473cada35def30ec0bdd4c4420a9d734b3,716f280f9eec7778e3d2a4b836b636473cada35def30ec0bdd4c4420a9d734b3,True,"{""batch_size"":1,""kv_nope_head_dim"":128,""kv_nope_head_num"":12,""kv_rope_head_dim"":64,""kv_rope_head_num"":1,""seq_len"":40960}","{""nope_block_size"": 1024, ""nope_occupancy"": 4, ""rope_block_size"": 512, ""rope_occupancy"": 4}","{""nope_block_size"": 1024, ""nope_occupancy"": 16, ""rope_block_size"": 512, ""rope_occupancy"": 16}",False,2026.1.1.0 (build 37634170) (public-release),2025.4.0.0 (build 36690805) (public-release),full/application,full/application,2,2,copy_by_dest_kernel_Kt1_A1bf16_1i16t1_p16_A1i64_1i16t1_p16_A1bf16_1i16t1_p16_I12_I128_I1024;copy_by_dest_kernel_Kt1_A1bf16_1i16t1_p16_A1i64_1i16t1_p16_A1bf16_1i16t1_p16_I1_I64_I512,copy_by_dest_kernel_Kt1_A1bf16_1i16t1_p16_A1i64_1i16t1_p16_A1bf16_1i16t1_p16_I12_I128_I1024;copy_by_dest_kernel_Kt1_A1bf16_1i16t1_p16_A1i64_1i16t1_p16_A1bf16_1i16t1_p16_I1_I64_I512,copy_by_dest_kernel:none / copy_by_dest_kernel:none,copy_by_dest_kernel:none / copy_by_dest_kernel:none,"copy_by_dest_kernel:LDG[32b:89%,128b:11%]; STG[16b:100%] / copy_by_dest_kernel:LDG[32b:80%,64b:20%]; STG[16b:100%]","copy_by_dest_kernel:LDG[32b:89%,128b:11%]; STG[16b:100%] / copy_by_dest_kernel:LDG[32b:80%,64b:20%]; STG[16b:100%]",0.1110,0.1301,1.17207,88965120,93982720,53739520,55459840,19517440,20316160,266240,532480,532480,1331200,4362240,4362240,0,0,2314240,2314240,0,0,0,0,0,0,0,0,0,0,798720,798720,0,0,1064960,1064960,131702016,131724032,40.0,19.0,3084.0,3072.0,68.27690250844553,95.31933989723737,,"architecture sm_100 vs sm_90 | benchmark protocol: B200 frozen columns (20/100 config, 64 MB eviction for 41 ops) vs GH200 1/3 with 120 MiB eviction | NCU 2026.1.1 (B200) vs 2025.4.0 (GH200) | cuda-tile: B200 paper campaign 1.3.0 per developer_guide, B200 profile capture version unrecorded; GH200 1.5.0 + tileiras 13.4.92 | autotuned winner differs"
destindex,Data Layout,fp16,cutile,d28e260ed7950c6a7bcdc1396c65c442a852500912fed122289c043ae9ff90e2,d28e260ed7950c6a7bcdc1396c65c442a852500912fed122289c043ae9ff90e2,True,"{""batch_size"":1,""kv_nope_head_dim"":128,""kv_nope_head_num"":12,""kv_rope_head_dim"":64,""kv_rope_head_num"":1,""seq_len"":40960}","{""nope_block_size"": 1024, ""nope_occupancy"": 4, ""rope_block_size"": 512, ""rope_occupancy"": 8}","{""nope_block_size"": 1024, ""nope_occupancy"": 8, ""rope_block_size"": 512, ""rope_occupancy"": 8}",False,2026.1.1.0 (build 37634170) (public-release),2025.4.0.0 (build 36690805) (public-release),full/application,full/application,2,2,copy_by_dest_kernel_Kt1_A1f16_1i16t1_p16_A1i64_1i16t1_p16_A1f16_1i16t1_p16_I12_I128_I1024;copy_by_dest_kernel_Kt1_A1f16_1i16t1_p16_A1i64_1i16t1_p16_A1f16_1i16t1_p16_I1_I64_I512,copy_by_dest_kernel_Kt1_A1f16_1i16t1_p16_A1i64_1i16t1_p16_A1f16_1i16t1_p16_I12_I128_I1024;copy_by_dest_kernel_Kt1_A1f16_1i16t1_p16_A1i64_1i16t1_p16_A1f16_1i16t1_p16_I1_I64_I512,copy_by_dest_kernel:none / copy_by_dest_kernel:none,copy_by_dest_kernel:none / copy_by_dest_kernel:none,"copy_by_dest_kernel:LDG[32b:89%,128b:11%]; STG[16b:100%] / copy_by_dest_kernel:LDG[32b:80%,64b:20%]; STG[16b:100%]","copy_by_dest_kernel:LDG[32b:89%,128b:11%]; STG[16b:100%] / copy_by_dest_kernel:LDG[32b:80%,64b:20%]; STG[16b:100%]",0.1112,0.1301,1.16996,88965120,93982720,53739520,55459840,19517440,20316160,266240,532480,532480,1331200,4362240,4362240,0,0,2314240,2314240,0,0,0,0,0,0,0,0,0,0,798720,798720,0,0,1064960,1064960,131644160,131724800,40.0,19.0,3084.0,3072.0,68.48085609893303,95.27986992006991,,"architecture sm_100 vs sm_90 | benchmark protocol: B200 frozen columns (20/100 config, 64 MB eviction for 41 ops) vs GH200 1/3 with 120 MiB eviction | NCU 2026.1.1 (B200) vs 2025.4.0 (GH200) | cuda-tile: B200 paper campaign 1.3.0 per developer_guide, B200 profile capture version unrecorded; GH200 1.5.0 + tileiras 13.4.92 | autotuned winner differs"
destindex,Data Layout,fp32,cutile,c484542915d07a220680fe03684e307f7cad54eef432cd1e01bf698150d5ddd3,c484542915d07a220680fe03684e307f7cad54eef432cd1e01bf698150d5ddd3,True,"{""batch_size"":1,""kv_nope_head_dim"":128,""kv_nope_head_num"":12,""kv_rope_head_dim"":64,""kv_rope_head_num"":1,""seq_len"":40960}","{""nope_block_size"": 512, ""nope_occupancy"": 4, ""rope_block_size"": 512, ""rope_occupancy"": 16}","{""nope_block_size"": 512, ""nope_occupancy"": 4, ""rope_block_size"": 512, ""rope_occupancy"": 4}",False,2026.1.1.0 (build 37634170) (public-release),2025.4.0.0 (build 36690805) (public-release),full/application,full/application,2,2,copy_by_dest_kernel_Kt1_A1f32_1i16t1_p16_A1i64_1i16t1_p16_A1f32_1i16t1_p16_I12_I128_I512;copy_by_dest_kernel_Kt1_A1f32_1i16t1_p16_A1i64_1i16t1_p16_A1f32_1i16t1_p16_I1_I64_I512,copy_by_dest_kernel_Kt1_A1f32_1i16t1_p16_A1i64_1i16t1_p16_A1f32_1i16t1_p16_I12_I128_I512;copy_by_dest_kernel_Kt1_A1f32_1i16t1_p16_A1i64_1i16t1_p16_A1f32_1i16t1_p16_I1_I64_I512,copy_by_dest_kernel:none / copy_by_dest_kernel:none,copy_by_dest_kernel:none / copy_by_dest_kernel:none,"copy_by_dest_kernel:LDG[32b:80%,128b:20%]; STG[32b:100%] / copy_by_dest_kernel:LDG[32b:80%,128b:20%]; STG[32b:100%]","copy_by_dest_kernel:LDG[32b:80%,128b:20%]; STG[32b:100%] / copy_by_dest_kernel:LDG[32b:80%,128b:20%]; STG[32b:100%]",0.1254,0.1681,1.34051,102543360,106147840,60620800,61276160,20746240,22282240,512000,1024000,1024000,2560000,4608000,4608000,0,0,1024000,1024000,0,0,0,0,0,0,0,0,0,0,1658880,1536000,0,0,2109440,2048000,262787840,262825728,32.0,32.0,3084.0,3072.0,88.31284527948347,93.71198350757098,,"architecture sm_100 vs sm_90 | benchmark protocol: B200 frozen columns (20/100 config, 64 MB eviction for 41 ops) vs GH200 1/3 with 120 MiB eviction | NCU 2026.1.1 (B200) vs 2025.4.0 (GH200) | cuda-tile: B200 paper campaign 1.3.0 per developer_guide, B200 profile capture version unrecorded; GH200 1.5.0 + tileiras 13.4.92 | autotuned winner differs"
destindex,Data Layout,int8,cutile,79fc14733cf373af4368dc39c13753983782333cb520772ad5814a04619054e5,79fc14733cf373af4368dc39c13753983782333cb520772ad5814a04619054e5,True,"{""batch_size"":1,""kv_nope_head_dim"":128,""kv_nope_head_num"":12,""kv_rope_head_dim"":64,""kv_rope_head_num"":1,""seq_len"":40960}","{""nope_block_size"": 1024, ""nope_occupancy"": 4, ""rope_block_size"": 512, ""rope_occupancy"": 4}","{""nope_block_size"": 1024, ""nope_occupancy"": 8, ""rope_block_size"": 1024, ""rope_occupancy"": 4}",False,2026.1.1.0 (build 37634170) (public-release),2025.4.0.0 (build 36690805) (public-release),full/application,full/application,2,2,copy_by_dest_kernel_Kt1_A1i8_1i16t1_p16_A1i64_1i16t1_p16_A1i8_1i16t1_p16_I12_I128_I1024;copy_by_dest_kernel_Kt1_A1i8_1i16t1_p16_A1i64_1i16t1_p16_A1i8_1i16t1_p16_I1_I64_I512,copy_by_dest_kernel_Kt1_A1i8_1i16t1_p16_A1i64_1i16t1_p16_A1i8_1i16t1_p16_I12_I128_I1024;copy_by_dest_kernel_Kt1_A1i8_1i16t1_p16_A1i64_1i16t1_p16_A1i8_1i16t1_p16_I1_I64_I1024,copy_by_dest_kernel:none / copy_by_dest_kernel:none,copy_by_dest_kernel:none / copy_by_dest_kernel:none,"copy_by_dest_kernel:LDG[32b:89%,64b:11%]; STG[8b:100%] / copy_by_dest_kernel:LDG[32b:100%]; STG[8b:100%]","copy_by_dest_kernel:LDG[32b:89%,64b:11%]; STG[8b:100%] / copy_by_dest_kernel:LDG[32b:89%,64b:11%]; STG[8b:100%]",0.1071,0.1220,1.13912,90275840,92928000,55357440,55275520,19517440,20234240,266240,512000,532480,1280000,4362240,4352000,0,0,2314240,2304000,0,0,0,0,0,0,0,0,0,0,798720,768000,0,0,1064960,1024000,66090496,66150656,40.0,18.0,2060.0,2048.0,68.28748124804125,95.14867422392234,,"architecture sm_100 vs sm_90 | benchmark protocol: B200 frozen columns (20/100 config, 64 MB eviction for 41 ops) vs GH200 1/3 with 120 MiB eviction | NCU 2026.1.1 (B200) vs 2025.4.0 (GH200) | cuda-tile: B200 paper campaign 1.3.0 per developer_guide, B200 profile capture version unrecorded; GH200 1.5.0 + tileiras 13.4.92 | autotuned winner differs | kernel set/names differ"
dropout,Point-wise,bf16,cutile,8f99ddb807622b9d9a71f9af672b20a3ee8969c5d43ac9f937073761dd77b5f3,8f99ddb807622b9d9a71f9af672b20a3ee8969c5d43ac9f937073761dd77b5f3,True,"{""n"":20971520,""p"":0.5}","{""occupancy"": 16, ""tile"": 2048}","{""occupancy"": 4, ""tile"": 1024}",False,2026.1.1.0 (build 37634170) (public-release),2025.4.0.0 (build 36690805) (public-release),full/application,full/application,1,1,dropout_kernel_Kt1_A1bf16_1i16t1_p16_A1bf16_1i16t1_p16_A1bf16_1i16t1_p16_Sf32_I2048,dropout_kernel_Kt1_A1bf16_1i16t1_p16_A1bf16_1i16t1_p16_A1bf16_1i16t1_p16_Sf32_I1024,dropout_kernel:none,dropout_kernel:none,dropout_kernel:LDG[128b:100%]; STG[128b:100%],dropout_kernel:LDG[128b:100%]; STG[128b:100%],0.0219,0.0384,1.75342,7495680,11960320,3112960,5242880,983040,1310720,696320,1474560,1064960,1392640,245760,245760,0,0,0,0,0,0,0,0,0,0,0,0,0,0,327680,327680,0,0,409600,491520,83897856,83904256,27.0,26.0,1024.0,1024.0,81.10463739412276,85.56130085954625,,"architecture sm_100 vs sm_90 | benchmark protocol: B200 frozen columns (20/100 config, 64 MB eviction for 41 ops) vs GH200 1/3 with 120 MiB eviction | NCU 2026.1.1 (B200) vs 2025.4.0 (GH200) | cuda-tile: B200 paper campaign 1.3.0 per developer_guide, B200 profile capture version unrecorded; GH200 1.5.0 + tileiras 13.4.92 | autotuned winner differs | kernel set/names differ"
dropout,Point-wise,fp16,cutile,6204df932c891340acc69e96e8804818a2793cfb5573a21e8470897eedbeadbd,6204df932c891340acc69e96e8804818a2793cfb5573a21e8470897eedbeadbd,True,"{""n"":20971520,""p"":0.5}","{""occupancy"": 16, ""tile"": 2048}","{""occupancy"": 16, ""tile"": 1024}",False,2026.1.1.0 (build 37634170) (public-release),2025.4.0.0 (build 36690805) (public-release),full/application,full/application,1,1,dropout_kernel_Kt1_A1f16_1i16t1_p16_A1f16_1i16t1_p16_A1f16_1i16t1_p16_Sf32_I2048,dropout_kernel_Kt1_A1f16_1i16t1_p16_A1f16_1i16t1_p16_A1f16_1i16t1_p16_Sf32_I1024,dropout_kernel:none,dropout_kernel:none,dropout_kernel:LDG[128b:100%]; STG[128b:100%],dropout_kernel:LDG[128b:100%]; STG[128b:100%],0.0220,0.0389,1.76818,6922240,11304960,1843200,3686400,983040,1310720,2007040,2785280,409600,737280,245760,245760,0,0,0,0,0,0,0,0,0,0,0,0,0,0,327680,327680,0,0,409600,491520,83898112,83897344,26.0,26.0,1024.0,1024.0,81.1020795466233,85.07005376359182,,"architecture sm_100 vs sm_90 | benchmark protocol: B200 frozen columns (20/100 config, 64 MB eviction for 41 ops) vs GH200 1/3 with 120 MiB eviction | NCU 2026.1.1 (B200) vs 2025.4.0 (GH200) | cuda-tile: B200 paper campaign 1.3.0 per developer_guide, B200 profile capture version unrecorded; GH200 1.5.0 + tileiras 13.4.92 | autotuned winner differs | kernel set/names differ"
dropout,Point-wise,fp32,cutile,1db85f016037f35aa015a60db36459cd9cd99ef65ec4bb0b4c78f101f8719b9a,1db85f016037f35aa015a60db36459cd9cd99ef65ec4bb0b4c78f101f8719b9a,True,"{""n"":20971520,""p"":0.5}","{""occupancy"": 32, ""tile"": 512}","{""occupancy"": 4, ""tile"": 512}",False,2026.1.1.0 (build 37634170) (public-release),2025.4.0.0 (build 36690805) (public-release),full/application,full/application,1,1,dropout_kernel_Kt1_A1f32_1i16t1_p16_A1f32_1i16t1_p16_A1f32_1i16t1_p16_Sf32_I512,dropout_kernel_Kt1_A1f32_1i16t1_p16_A1f32_1i16t1_p16_A1f32_1i16t1_p16_Sf32_I512,dropout_kernel:none,dropout_kernel:none,dropout_kernel:LDG[128b:100%]; STG[128b:100%],dropout_kernel:LDG[128b:100%]; STG[128b:100%],0.0402,0.0727,1.80846,14909440,17367040,6553600,7700480,2457600,2621440,819200,1638400,327680,819200,491520,491520,0,0,0,0,0,0,0,0,0,0,0,0,0,0,655360,655360,0,0,983040,983040,167791360,167793664,16.0,18.0,1024.0,1024.0,80.10073730690013,85.64542261493688,,"architecture sm_100 vs sm_90 | benchmark protocol: B200 frozen columns (20/100 config, 64 MB eviction for 41 ops) vs GH200 1/3 with 120 MiB eviction | NCU 2026.1.1 (B200) vs 2025.4.0 (GH200) | cuda-tile: B200 paper campaign 1.3.0 per developer_guide, B200 profile capture version unrecorded; GH200 1.5.0 + tileiras 13.4.92 | autotuned winner differs"
flash_attention,Matrix Multiplication/Attention,fp16,cutile,3cd08aa4a9cbed1327f1799dd4aa97dfb9dc47cd967f22dc5874667205201ec9,3cd08aa4a9cbed1327f1799dd4aa97dfb9dc47cd967f22dc5874667205201ec9,True,"{""batch_size"":4,""causal"":true,""head_dim"":128,""n_heads"":32,""seq_len"":20480}","{""occupancy"": 16, ""tile_m"": 128, ""tile_n"": 128}","{""occupancy"": 4, ""tile_m"": 64, ""tile_n"": 64}",False,2026.1.1.0 (build 37634170) (public-release),2025.4.0.0 (build 36690805) (public-release),full/application,full/application,1,1,fwd_kernel_Kt1_A4f16_7v8l0_8t1_ei16_p16_A4f16_7v8l0_8t1_ei16_p16_A4f16_7v8l0_8t1_ei16_p16_A4f16_7v8l0_8t1_ei16_p16_Sf32_Si32_I128_I32_I128_I128_I1_B1_B1,fwd_kernel_Kt1_A4f16_7v8l0_8t1_ei16_p16_A4f16_7v8l0_8t1_ei16_p16_A4f16_7v8l0_8t1_ei16_p16_A4f16_7v8l0_8t1_ei16_p16_Sf32_Si32_I128_I32_I64_I64_I1_B1_B1,fwd_kernel:tcgen05[UTCHMMA:26378240],"fwd_kernel:wgmma[HGMMA.64x128x16.F32:105185280,HGMMA.64x64x16.F32:210370560]","fwd_kernel:TMA[UTMACCTL.PF:81920,UTMACMDFLUSH:40960,UTMALDG.4D:9932800,UTMASTG.4D:40960]","fwd_kernel:TMA[UTMACCTL.PF:163840,UTMACMDFLUSH:81920,UTMALDG.4D:26378240,UTMASTG.4D:81920]",18.6327,25.2405,1.35463,4453137003,7617805046,593290656,337446948,44380160,48584274,1908919808,4644618240,430120960,427376640,0,0,0,0,1597440,1310720,0,0,10096640,26705920,0,0,0,315555840,408289280,0,1584276632,367612020,81920,0,1675662797,196925212,2016452864,2014318080,168.0,128.0,230764.0,115856.0,17.105348544203807,18.66214072285077,,"architecture sm_100 vs sm_90 | benchmark protocol: B200 frozen columns (20/100 config, 64 MB eviction for 41 ops) vs GH200 1/3 with 120 MiB eviction | NCU 2026.1.1 (B200) vs 2025.4.0 (GH200) | cuda-tile: B200 paper campaign 1.3.0 per developer_guide, B200 profile capture version unrecorded; GH200 1.5.0 + tileiras 13.4.92 | autotuned winner differs | kernel set/names differ"
flash_decode,Matrix Multiplication/Attention,fp32,cutile,72eb76a54ebc766e820ad1534ddb0d43a11a42355f6d42282c7f3ad9e15f5594,72eb76a54ebc766e820ad1534ddb0d43a11a42355f6d42282c7f3ad9e15f5594,True,"{""batch"":2,""block_seq"":128,""head_dim"":128,""heads"":8,""seq_len"":40960}","{""occupancy"": 32}","{""occupancy"": 8}",False,2026.1.1.0 (build 37634170) (public-release),2025.4.0.0 (build 36690805) (public-release),full/application,full/application,1,1,fwd_kernel_flash_decode_stage2_Kt1_A4f32_7v4l0_8t1_ci16_p16_A3f32_3v4l0_4i16t1_p16_A1i32_1t1_p16_A4f32_7v4l0_8i16t1_p16_I128_I128_I320,fwd_kernel_flash_decode_stage2_Kt1_A4f32_7v4l0_8t1_ci16_p16_A3f32_3v4l0_4i16t1_p16_A1i32_1t1_p16_A4f32_7v4l0_8i16t1_p16_I128_I128_I320,fwd_kernel_flash_decode_stage2:none,fwd_kernel_flash_decode_stage2:none,fwd_kernel_flash_decode_stage2:LDG[32b:100%]; STG[32b:100%],fwd_kernel_flash_decode_stage2:LDG[32b:100%]; STG[32b:100%],0.1676,0.1462,0.872315,1012224,1921024,269568,847872,176000,324224,369152,379392,384,448,41088,41088,0,0,0,0,0,0,0,0,0,0,0,0,0,0,41088,41088,0,0,51392,51776,2653440,2690304,24.0,55.0,1024.0,1024.0,6.268862675894728,6.241731661122588,,"architecture sm_100 vs sm_90 | benchmark protocol: B200 frozen columns (20/100 config, 64 MB eviction for 41 ops) vs GH200 1/3 with 120 MiB eviction | NCU 2026.1.1 (B200) vs 2025.4.0 (GH200) | cuda-tile: B200 paper campaign 1.3.0 per developer_guide, B200 profile capture version unrecorded; GH200 1.5.0 + tileiras 13.4.92 | autotuned winner differs"
fused_activation,Point-wise,fp32,cutile,b5ff6b5cd332ae23cb3730bb3d0505bbeaf55913bd35c6503186aa84315dd338,b5ff6b5cd332ae23cb3730bb3d0505bbeaf55913bd35c6503186aa84315dd338,True,"{""n"":20971520}","{""occupancy"": 8, ""tile"": 1024}","{""occupancy"": 16, ""tile"": 1024}",False,2026.1.1.0 (build 37634170) (public-release),2025.4.0.0 (build 36690805) (public-release),full/application,full/application,1,1,fused_activation_kernel_Kt1_A1f32_1i16t1_p16_A1f32_1i16t1_p16_A1f32_1i16t1_p16_A1f32_1i16t1_p16_I1024,fused_activation_kernel_Kt1_A1f32_1i16t1_p16_A1f32_1i16t1_p16_A1f32_1i16t1_p16_A1f32_1i16t1_p16_I1024,fused_activation_kernel:none,fused_activation_kernel:none,fused_activation_kernel:LDG[128b:100%]; STG[128b:100%],fused_activation_kernel:LDG[128b:100%]; STG[128b:100%],0.0520,0.0956,1.83846,28672000,26132480,7127040,3686400,3276800,3686400,8028160,8847360,163840,409600,655360,655360,0,0,0,0,0,0,0,0,0,0,0,0,0,0,2293760,2457600,0,0,1802240,1966080,251681024,251678464,32.0,40.0,1024.0,1024.0,86.79529624369944,66.32337433874575,,"architecture sm_100 vs sm_90 | benchmark protocol: B200 frozen columns (20/100 config, 64 MB eviction for 41 ops) vs GH200 1/3 with 120 MiB eviction | NCU 2026.1.1 (B200) vs 2025.4.0 (GH200) | cuda-tile: B200 paper campaign 1.3.0 per developer_guide, B200 profile capture version unrecorded; GH200 1.5.0 + tileiras 13.4.92 | autotuned winner differs"
gaussian_blur,Stencil/Convolution,fp16,cutile,eac8306ad281ddec1f9eee83d6aca7922fd91a81eb15e58f814129494fd1ec43,eac8306ad281ddec1f9eee83d6aca7922fd91a81eb15e58f814129494fd1ec43,True,"{""input_rows"":10240,""kernel_cols"":7,""kernel_rows"":7}","{""occupancy"": 4, ""tile_c"": 128, ""tile_r"": 2}","{""occupancy"": 8, ""tile_c"": 128, ""tile_r"": 4}",False,2026.1.1.0 (build 37634170) (public-release),2025.4.0.0 (build 36690805) (public-release),full/application,full/application,1,1,gaussian_blur_kernel_Kt1_A2f16_1v8l0_2t1_3i16_p16_A1f16_1t1_p16_A2f16_1v8l0_2t1_3i16_p16_I7_I7_I2_I128,gaussian_blur_kernel_Kt1_A2f16_1v8l0_2t1_3i16_p16_A1f16_1t1_p16_A2f16_1v8l0_2t1_3i16_p16_I7_I7_I4_I128,gaussian_blur_kernel:none,gaussian_blur_kernel:none,gaussian_blur_kernel:LDG[16b:100%]; STG[32b:100%],gaussian_blur_kernel:LDG[16b:100%]; STG[64b:100%],1.4889,1.9331,1.29834,1448345600,1604812800,281804800,563609600,371916800,298188800,324403200,381747200,170393600,9011200,242483200,201523200,0,0,4915200,4096000,0,0,0,0,0,0,0,0,0,0,1638400,819200,0,0,14745600,87654400,209731584,209815040,48.0,54.0,1548.0,2048.0,59.78426668518134,55.58414517620122,,"architecture sm_100 vs sm_90 | benchmark protocol: B200 frozen columns (20/100 config, 64 MB eviction for 41 ops) vs GH200 1/3 with 120 MiB eviction | NCU 2026.1.1 (B200) vs 2025.4.0 (GH200) | cuda-tile: B200 paper campaign 1.3.0 per developer_guide, B200 profile capture version unrecorded; GH200 1.5.0 + tileiras 13.4.92 | autotuned winner differs | kernel set/names differ"
gaussian_blur,Stencil/Convolution,fp32,cutile,1e52039bb44020eaa7ad629381e65d567485483137da4bfb54aa9e03e7c28cd8,1e52039bb44020eaa7ad629381e65d567485483137da4bfb54aa9e03e7c28cd8,True,"{""input_rows"":10240,""kernel_cols"":7,""kernel_rows"":7}","{""occupancy"": 4, ""tile_c"": 128, ""tile_r"": 2}","{""occupancy"": 4, ""tile_c"": 128, ""tile_r"": 4}",False,2026.1.1.0 (build 37634170) (public-release),2025.4.0.0 (build 36690805) (public-release),full/application,full/application,1,1,gaussian_blur_kernel_Kt1_A2f32_1v4l0_2t1_3i16_p16_A1f32_1t1_p16_A2f32_1v4l0_2t1_3i16_p16_I7_I7_I2_I128,gaussian_blur_kernel_Kt1_A2f32_1v4l0_2t1_3i16_p16_A1f32_1t1_p16_A2f32_1v4l0_2t1_3i16_p16_I7_I7_I4_I128,gaussian_blur_kernel:none,gaussian_blur_kernel:none,gaussian_blur_kernel:LDG[32b:100%]; STG[64b:100%],gaussian_blur_kernel:LDG[32b:100%]; STG[128b:100%],1.2713,1.2965,1.01982,1125580800,1072332800,285081600,313753600,371916800,314572800,83558400,168755200,6553600,5734400,242483200,201523200,0,0,4915200,2457600,0,0,0,0,0,0,0,0,0,0,1638400,819200,0,0,14745600,7372800,420601856,419528960,48.0,68.0,2060.0,3072.0,59.136704187025266,42.80596426081146,,"architecture sm_100 vs sm_90 | benchmark protocol: B200 frozen columns (20/100 config, 64 MB eviction for 41 ops) vs GH200 1/3 with 120 MiB eviction | NCU 2026.1.1 (B200) vs 2025.4.0 (GH200) | cuda-tile: B200 paper campaign 1.3.0 per developer_guide, B200 profile capture version unrecorded; GH200 1.5.0 + tileiras 13.4.92 | autotuned winner differs | kernel set/names differ"
histogramming,Reduction/Normalization,int32,cutile,c48a75a3660d5948dbeb67430e440707f3b68df6629d7e95ba5704558dcac9fa,c48a75a3660d5948dbeb67430e440707f3b68df6629d7e95ba5704558dcac9fa,True,"{""N"":67108864,""num_bins"":4096}","{""partial_block_size"": 2048, ""partial_occupancy"": 4, ""reduce_block_bins"": 64, ""reduce_block_rows"": 128, ""reduce_occupancy"": 8}","{""partial_block_size"": 2048, ""partial_occupancy"": 4, ""reduce_block_bins"": 64, ""reduce_block_rows"": 128, ""reduce_occupancy"": 8}",True,2026.1.1.0 (build 37634170) (public-release),2025.4.0.0 (build 36690805) (public-release),full/application,full/application,2,2,histogram_partial_kernel_Kt1_A1i32_1i16t1_p16_A2i32_1v4l0_2t1_3i16_p16_Si32_Si32_Si32_I2048;histogram_reduce_kernel_Kt1_A2i32_1v4l0_2t1_3i16_p16_A1i32_1i16t1_p16_Si32_Si32_I128_I64,histogram_partial_kernel_Kt1_A1i32_1i16t1_p16_A2i32_1v4l0_2t1_3i16_p16_Si32_Si32_Si32_I2048;histogram_reduce_kernel_Kt1_A2i32_1v4l0_2t1_3i16_p16_A1i32_1i16t1_p16_Si32_Si32_I128_I64,histogram_partial_kernel:none / histogram_reduce_kernel:none,histogram_partial_kernel:none / histogram_reduce_kernel:none,"histogram_partial_kernel:LDG[128b:100%] / histogram_reduce_kernel:TMA[UTMACCTL.PF:128,UTMACMDFLUSH:64,UTMALDG.2D:512,UTMASTG.1D:64]","histogram_partial_kernel:TMA[UTMACCTL.PF:256,UTMALDG.1D:262144] / histogram_reduce_kernel:TMA[UTMACCTL.PF:128,UTMACMDFLUSH:64,UTMALDG.2D:512,UTMASTG.1D:64]",1.4265,1.7484,1.22566,73089152,86512260,25033949,32475598,20984000,25527306,1152,2816,3148032,3152768,2621440,2097152,0,0,3422464,3946752,0,0,768,263168,0,0,0,0,0,0,11290170,17324606,2097152,2097152,2374266,5435410,275040768,270596608,128.0,64.0,27660.0,27704.0,10.81458754884459,24.274794170603293,,"architecture sm_100 vs sm_90 | benchmark protocol: B200 frozen columns (20/100 config, 64 MB eviction for 41 ops) vs GH200 1/3 with 120 MiB eviction | NCU 2026.1.1 (B200) vs 2025.4.0 (GH200) | cuda-tile: B200 paper campaign 1.3.0 per developer_guide, B200 profile capture version unrecorded; GH200 1.5.0 + tileiras 13.4.92"
interleave,Data Layout,bf16,cutile,27ed54477706433d6a7a6281ad92b6c26359f3da4d9199b21a888b4770e3edd7,27ed54477706433d6a7a6281ad92b6c26359f3da4d9199b21a888b4770e3edd7,True,"{""n"":20000000}","{""occupancy"": 4, ""tile"": 1024}","{""occupancy"": 4, ""tile"": 2048}",False,2026.1.1.0 (build 37634170) (public-release),2025.4.0.0 (build 36690805) (public-release),full/application,full/application,1,1,interleave_kernel_Kt1_A1bf16_1i16t1_p16_A1bf16_1i16t1_p16_A1bf16_1i16t1_p16_I1024,interleave_kernel_Kt1_A1bf16_1i16t1_p16_A1bf16_1i16t1_p16_A1bf16_1i16t1_p16_I2048,interleave_kernel:none,interleave_kernel:none,interleave_kernel:LDG[128b:100%]; STG[128b:100%],interleave_kernel:LDG[128b:100%]; STG[128b:100%],0.0263,0.0471,1.79087,10390994,7070576,5000180,2734480,1406304,1015664,78128,78128,781280,1445368,312502,312508,0,0,312508,312512,0,0,0,0,0,0,0,0,0,0,390640,39064,0,0,468764,195316,80014336,80013568,25.0,38.0,5132.0,17408.0,85.9394089931268,68.50739195692395,,"architecture sm_100 vs sm_90 | benchmark protocol: B200 frozen columns (20/100 config, 64 MB eviction for 41 ops) vs GH200 1/3 with 120 MiB eviction | NCU 2026.1.1 (B200) vs 2025.4.0 (GH200) | cuda-tile: B200 paper campaign 1.3.0 per developer_guide, B200 profile capture version unrecorded; GH200 1.5.0 + tileiras 13.4.92 | autotuned winner differs | kernel set/names differ"
interleave,Data Layout,fp16,cutile,047fc548f0cd6eafc4472b1ed8c788e0485005a304c1522d4bb161e8394894e7,047fc548f0cd6eafc4472b1ed8c788e0485005a304c1522d4bb161e8394894e7,True,"{""n"":20000000}","{""occupancy"": 8, ""tile"": 4096}","{""occupancy"": 16, ""tile"": 1024}",False,2026.1.1.0 (build 37634170) (public-release),2025.4.0.0 (build 36690805) (public-release),full/application,full/application,1,1,interleave_kernel_Kt1_A1f16_1i16t1_p16_A1f16_1i16t1_p16_A1f16_1i16t1_p16_I4096,interleave_kernel_Kt1_A1f16_1i16t1_p16_A1f16_1i16t1_p16_A1f16_1i16t1_p16_I1024,interleave_kernel:none,interleave_kernel:none,interleave_kernel:LDG[128b:100%]; STG[128b:100%],interleave_kernel:LDG[128b:100%]; STG[128b:100%],0.0264,0.0480,1.81818,4765800,10625390,1171920,4609552,800812,1796944,19532,156256,1289112,1015664,312508,312502,0,0,312512,312508,0,0,0,0,0,0,0,0,0,0,117192,390640,0,0,97656,468764,80013056,80011264,62.0,25.0,17420.0,5120.0,44.93951758775031,91.36363830664969,,"architecture sm_100 vs sm_90 | benchmark protocol: B200 frozen columns (20/100 config, 64 MB eviction for 41 ops) vs GH200 1/3 with 120 MiB eviction | NCU 2026.1.1 (B200) vs 2025.4.0 (GH200) | cuda-tile: B200 paper campaign 1.3.0 per developer_guide, B200 profile capture version unrecorded; GH200 1.5.0 + tileiras 13.4.92 | autotuned winner differs | kernel set/names differ"
interleave,Data Layout,fp32,cutile,fb3305b4d44c9063dab6995cb25086a555015d7bf0d119d5a11aea7f15b328bf,fb3305b4d44c9063dab6995cb25086a555015d7bf0d119d5a11aea7f15b328bf,True,"{""n"":20000000}","{""occupancy"": 8, ""tile"": 2048}","{""occupancy"": 4, ""tile"": 2048}",False,2026.1.1.0 (build 37634170) (public-release),2025.4.0.0 (build 36690805) (public-release),full/application,full/application,1,1,interleave_kernel_Kt1_A1f32_1i16t1_p16_A1f32_1i16t1_p16_A1f32_1i16t1_p16_I2048,interleave_kernel_Kt1_A1f32_1i16t1_p16_A1f32_1i16t1_p16_A1f32_1i16t1_p16_I2048,interleave_kernel:none,interleave_kernel:none,interleave_kernel:LDG[128b:100%]; STG[128b:100%],interleave_kernel:LDG[128b:100%]; STG[128b:100%],0.0495,0.0915,1.84848,9492544,10625388,4804872,5781460,1601624,1640688,39064,78128,78128,195320,625020,625020,0,0,625024,625024,0,0,0,0,0,0,0,0,0,0,234384,234384,0,0,195316,195316,160037888,160041984,52.0,56.0,17420.0,17408.0,50.256950857324576,53.025870336269456,,"architecture sm_100 vs sm_90 | benchmark protocol: B200 frozen columns (20/100 config, 64 MB eviction for 41 ops) vs GH200 1/3 with 120 MiB eviction | NCU 2026.1.1 (B200) vs 2025.4.0 (GH200) | cuda-tile: B200 paper campaign 1.3.0 per developer_guide, B200 profile capture version unrecorded; GH200 1.5.0 + tileiras 13.4.92 | autotuned winner differs"
interleave,Data Layout,int8,cutile,bd979fe1d232b2650e93d232312a66ad7c049b1c7527ded5f6fee7373bbb3d8e,bd979fe1d232b2650e93d232312a66ad7c049b1c7527ded5f6fee7373bbb3d8e,True,"{""n"":20000000}","{""occupancy"": 16, ""tile"": 2048}","{""occupancy"": 4, ""tile"": 4096}",False,2026.1.1.0 (build 37634170) (public-release),2025.4.0.0 (build 36690805) (public-release),full/application,full/application,1,1,interleave_kernel_Kt1_A1i8_1i16t1_p16_A1i8_1i16t1_p16_A1i8_1i16t1_p16_I2048,interleave_kernel_Kt1_A1i8_1i16t1_p16_A1i8_1i16t1_p16_A1i8_1i16t1_p16_I4096,interleave_kernel:none,interleave_kernel:none,interleave_kernel:LDG[128b:100%]; STG[128b:100%],interleave_kernel:LDG[128b:100%]; STG[128b:100%],0.0148,0.0249,1.68243,5195494,4160310,2500087,1367240,703152,507832,39064,39064,390640,1347708,156251,156253,0,0,156253,156256,0,0,0,0,0,0,0,0,0,0,195322,19532,0,0,234381,97657,40009216,40010240,23.0,48.0,5132.0,17408.0,78.65326034530844,54.74457595876784,,"architecture sm_100 vs sm_90 | benchmark protocol: B200 frozen columns (20/100 config, 64 MB eviction for 41 ops) vs GH200 1/3 with 120 MiB eviction | NCU 2026.1.1 (B200) vs 2025.4.0 (GH200) | cuda-tile: B200 paper campaign 1.3.0 per developer_guide, B200 profile capture version unrecorded; GH200 1.5.0 + tileiras 13.4.92 | autotuned winner differs | kernel set/names differ"
jacobi_stencil_2d,Stencil/Convolution,bf16,cutile,c1588c75a435944039a7dad32b946eb9cdea5178c13e9124c640fddad6c53e92,c1588c75a435944039a7dad32b946eb9cdea5178c13e9124c640fddad6c53e92,True,"{""rows"":10240}","{""occupancy"": 4, ""tile_c"": 512, ""tile_r"": 4}","{""occupancy"": 4, ""tile_c"": 2048, ""tile_r"": 1}",False,2026.1.1.0 (build 37634170) (public-release),2025.4.0.0 (build 36690805) (public-release),full/application,full/application,1,1,jacobi_stencil_kernel_Kt1_A2bf16_1v8l0_2t1_3i16_p16_A2bf16_1v8l0_2t1_3i16_p16_Si32_Si32_I4_I512,jacobi_stencil_kernel_Kt1_A2bf16_1v8l0_2t1_3i16_p16_A2bf16_1v8l0_2t1_3i16_p16_Si32_Si32_I1_I2048,jacobi_stencil_kernel:none,jacobi_stencil_kernel:none,"jacobi_stencil_kernel:LDG[16b:84%,128b:16%]; STG[128b:100%]","jacobi_stencil_kernel:LDG[16b:84%,128b:16%]; STG[128b:100%]",0.1313,0.1657,1.262,99737600,110387200,30515200,41369600,24985600,24166400,6963200,7168000,20070400,20480000,8192000,8192000,0,0,1638400,1638400,0,0,0,0,0,0,0,0,0,0,409600,409600,0,0,409600,614400,209745664,215001600,62.0,57.0,9228.0,9216.0,44.87256863117914,47.344791551420826,,"architecture sm_100 vs sm_90 | benchmark protocol: B200 frozen columns (20/100 config, 64 MB eviction for 41 ops) vs GH200 1/3 with 120 MiB eviction | NCU 2026.1.1 (B200) vs 2025.4.0 (GH200) | cuda-tile: B200 paper campaign 1.3.0 per developer_guide, B200 profile capture version unrecorded; GH200 1.5.0 + tileiras 13.4.92 | autotuned winner differs | kernel set/names differ"
jacobi_stencil_2d,Stencil/Convolution,fp16,cutile,6657cb75d3c79f92250abe6f04d7003d9af20a52aaa1aaf3a6104de6188c0b55,6657cb75d3c79f92250abe6f04d7003d9af20a52aaa1aaf3a6104de6188c0b55,True,"{""rows"":10240}","{""occupancy"": 4, ""tile_c"": 512, ""tile_r"": 4}","{""occupancy"": 4, ""tile_c"": 2048, ""tile_r"": 1}",False,2026.1.1.0 (build 37634170) (public-release),2025.4.0.0 (build 36690805) (public-release),full/application,full/application,1,1,jacobi_stencil_kernel_Kt1_A2f16_1v8l0_2t1_3i16_p16_A2f16_1v8l0_2t1_3i16_p16_Si32_Si32_I4_I512,jacobi_stencil_kernel_Kt1_A2f16_1v8l0_2t1_3i16_p16_A2f16_1v8l0_2t1_3i16_p16_Si32_Si32_I1_I2048,jacobi_stencil_kernel:none,jacobi_stencil_kernel:none,"jacobi_stencil_kernel:LDG[16b:84%,128b:16%]; STG[128b:100%]","jacobi_stencil_kernel:LDG[16b:84%,128b:16%]; STG[128b:100%]",0.1314,0.1662,1.26484,99737600,110387200,30515200,41369600,24985600,24166400,6963200,7168000,20070400,20480000,8192000,8192000,0,0,1638400,1638400,0,0,0,0,0,0,0,0,0,0,409600,409600,0,0,409600,614400,209821184,215021568,62.0,60.0,9228.0,9216.0,45.03100157210241,47.27754258049936,,"architecture sm_100 vs sm_90 | benchmark protocol: B200 frozen columns (20/100 config, 64 MB eviction for 41 ops) vs GH200 1/3 with 120 MiB eviction | NCU 2026.1.1 (B200) vs 2025.4.0 (GH200) | cuda-tile: B200 paper campaign 1.3.0 per developer_guide, B200 profile capture version unrecorded; GH200 1.5.0 + tileiras 13.4.92 | autotuned winner differs | kernel set/names differ"
jacobi_stencil_2d,Stencil/Convolution,fp32,cutile,cc5850acec93e2f1973bee489301a326041685edbe278e71b71970a84b22af68,cc5850acec93e2f1973bee489301a326041685edbe278e71b71970a84b22af68,True,"{""rows"":10240}","{""occupancy"": 8, ""tile_c"": 512, ""tile_r"": 4}","{""occupancy"": 4, ""tile_c"": 2048, ""tile_r"": 1}",False,2026.1.1.0 (build 37634170) (public-release),2025.4.0.0 (build 36690805) (public-release),full/application,full/application,1,1,jacobi_stencil_kernel_Kt1_A2f32_1v4l0_2t1_3i16_p16_A2f32_1v4l0_2t1_3i16_p16_Si32_Si32_I4_I512,jacobi_stencil_kernel_Kt1_A2f32_1v4l0_2t1_3i16_p16_A2f32_1v4l0_2t1_3i16_p16_Si32_Si32_I1_I2048,jacobi_stencil_kernel:none,jacobi_stencil_kernel:none,"jacobi_stencil_kernel:LDG[32b:73%,128b:27%]; STG[128b:100%]","jacobi_stencil_kernel:LDG[32b:73%,128b:27%]; STG[128b:100%]",0.1800,0.2749,1.52722,144588800,112435200,75161600,44851200,36454400,26419200,6963200,13721600,819200,1433600,9830400,9830400,0,0,3276800,3276800,0,0,0,0,0,0,0,0,0,0,204800,409600,0,0,409600,614400,420812800,424755712,60.0,94.0,17420.0,17408.0,45.277677391909464,29.200230467128062,,"architecture sm_100 vs sm_90 | benchmark protocol: B200 frozen columns (20/100 config, 64 MB eviction for 41 ops) vs GH200 1/3 with 120 MiB eviction | NCU 2026.1.1 (B200) vs 2025.4.0 (GH200) | cuda-tile: B200 paper campaign 1.3.0 per developer_guide, B200 profile capture version unrecorded; GH200 1.5.0 + tileiras 13.4.92 | autotuned winner differs | kernel set/names differ"
kl_divergence,Reduction/Normalization,fp32,cutile,a9e35b5366cf111a118e4df2579212fc2782eabc0f402b28e377af9708fd94fb,a9e35b5366cf111a118e4df2579212fc2782eabc0f402b28e377af9708fd94fb,True,"{""cols"":16384,""rows"":4096}","{""occupancy"": 4, ""tile"": 2048}","{""occupancy"": 4, ""tile"": 4096}",False,2026.1.1.0 (build 37634170) (public-release),2025.4.0.0 (build 36690805) (public-release),full/application,full/application,1,1,kl_divergence_kernel_Kt1_A2f32_1v4l0_2t1_3i16_p16_A2f32_1v4l0_2t1_3i16_p16_A1f32_1i16t1_p16_Si32_I2048,kl_divergence_kernel_Kt1_A2f32_1v4l0_2t1_3i16_p16_A2f32_1v4l0_2t1_3i16_p16_A1f32_1i16t1_p16_Si32_I4096,kl_divergence_kernel:none,kl_divergence_kernel:none,"kl_divergence_kernel:TMA[UTMACCTL.PF:8192,UTMALDG.2D:524288]; STG[32b:100%]","kl_divergence_kernel:TMA[UTMACCTL.PF:8192,UTMALDG.2D:524288]; STG[32b:100%]",0.0932,0.1538,1.65021,70970089,71667985,12120064,9830083,17190912,17449818,33972224,36413440,2138112,2199552,16384,16384,0,0,1114112,1114112,0,0,532480,532480,0,0,0,0,0,0,3185838,1497694,0,0,3007954,1249887,536901120,536920832,64.0,64.0,50276.0,33856.0,30.16946525607213,30.67967488181726,,"architecture sm_100 vs sm_90 | benchmark protocol: B200 frozen columns (20/100 config, 64 MB eviction for 41 ops) vs GH200 1/3 with 120 MiB eviction | NCU 2026.1.1 (B200) vs 2025.4.0 (GH200) | cuda-tile: B200 paper campaign 1.3.0 per developer_guide, B200 profile capture version unrecorded; GH200 1.5.0 + tileiras 13.4.92 | autotuned winner differs | kernel set/names differ"
l2_norm,Reduction/Normalization,bf16,cutile,40d4918d934a601814f708e35a256eb808b3bd63fe9388e0c50f1bd60fb3d035,40d4918d934a601814f708e35a256eb808b3bd63fe9388e0c50f1bd60fb3d035,True,"{""K"":10240,""M"":2048,""batch"":1,""eps"":1e-06}","{""occupancy"": 16, ""tile_size"": 1024}","{""occupancy"": 8, ""tile_size"": 2048}",False,2026.1.1.0 (build 37634170) (public-release),2025.4.0.0 (build 36690805) (public-release),full/application,full/application,1,1,l2_norm_kernel_Kt1_A2bf16_1v8l0_2t1_3i16_p16_A2bf16_1v8l0_2t1_3i16_p16_Sf32_I10240_I1024,l2_norm_kernel_Kt1_A2bf16_1v8l0_2t1_3i16_p16_A2bf16_1v8l0_2t1_3i16_p16_Sf32_I10240_I2048,l2_norm_kernel:none,l2_norm_kernel:none,l2_norm_kernel:LDG[128b:100%]; STG[128b:100%],l2_norm_kernel:LDG[128b:100%]; STG[128b:100%],0.0206,0.0283,1.37379,7970816,6627328,2842624,2154496,1163264,851968,778240,1646592,999424,1024000,245760,245760,0,0,32768,32768,0,0,0,0,0,0,0,0,0,0,16384,16384,0,0,221184,16384,45449984,48274688,30.0,64.0,1052.0,1040.0,65.59707836453472,42.16708594709137,,"architecture sm_100 vs sm_90 | benchmark protocol: B200 frozen columns (20/100 config, 64 MB eviction for 41 ops) vs GH200 1/3 with 120 MiB eviction | NCU 2026.1.1 (B200) vs 2025.4.0 (GH200) | cuda-tile: B200 paper campaign 1.3.0 per developer_guide, B200 profile capture version unrecorded; GH200 1.5.0 + tileiras 13.4.92 | autotuned winner differs | kernel set/names differ"
l2_norm,Reduction/Normalization,fp16,cutile,42c095a11eb96fb7001e32ec97dd62febd602b150a256a14aa2f2c1dde661e5f,42c095a11eb96fb7001e32ec97dd62febd602b150a256a14aa2f2c1dde661e5f,True,"{""K"":10240,""M"":2048,""batch"":1,""eps"":1e-06}","{""occupancy"": 16, ""tile_size"": 1024}","{""occupancy"": 4, ""tile_size"": 2048}",False,2026.1.1.0 (build 37634170) (public-release),2025.4.0.0 (build 36690805) (public-release),full/application,full/application,1,1,l2_norm_kernel_Kt1_A2f16_1v8l0_2t1_3i16_p16_A2f16_1v8l0_2t1_3i16_p16_Sf32_I10240_I1024,l2_norm_kernel_Kt1_A2f16_1v8l0_2t1_3i16_p16_A2f16_1v8l0_2t1_3i16_p16_Sf32_I10240_I2048,l2_norm_kernel:none,l2_norm_kernel:none,l2_norm_kernel:LDG[128b:100%]; STG[128b:100%],l2_norm_kernel:LDG[128b:100%]; STG[128b:100%],0.0203,0.0284,1.39901,7725056,6029312,1843200,401408,1163264,860160,2088960,3235840,344064,368640,245760,245760,0,0,32768,32768,0,0,0,0,0,0,0,0,0,0,16384,16384,0,0,221184,16384,47799552,46358528,29.0,72.0,1052.0,1040.0,65.08131624707929,37.65471477969318,,"architecture sm_100 vs sm_90 | benchmark protocol: B200 frozen columns (20/100 config, 64 MB eviction for 41 ops) vs GH200 1/3 with 120 MiB eviction | NCU 2026.1.1 (B200) vs 2025.4.0 (GH200) | cuda-tile: B200 paper campaign 1.3.0 per developer_guide, B200 profile capture version unrecorded; GH200 1.5.0 + tileiras 13.4.92 | autotuned winner differs | kernel set/names differ"
l2_norm,Reduction/Normalization,fp32,cutile,163281954b035ab03824b56dc260d17111824074bf66f14bc5f171d25a285d33,163281954b035ab03824b56dc260d17111824074bf66f14bc5f171d25a285d33,True,"{""K"":10240,""M"":2048,""batch"":1,""eps"":1e-06}","{""occupancy"": 4, ""tile_size"": 512}","{""occupancy"": 4, ""tile_size"": 512}",True,2026.1.1.0 (build 37634170) (public-release),2025.4.0.0 (build 36690805) (public-release),full/application,full/application,1,1,l2_norm_kernel_Kt1_A2f32_1v4l0_2t1_3i16_p16_A2f32_1v4l0_2t1_3i16_p16_Sf32_I10240_I512,l2_norm_kernel_Kt1_A2f32_1v4l0_2t1_3i16_p16_A2f32_1v4l0_2t1_3i16_p16_Sf32_I10240_I512,l2_norm_kernel:none,l2_norm_kernel:none,l2_norm_kernel:LDG[128b:100%]; STG[128b:100%],l2_norm_kernel:LDG[128b:100%]; STG[128b:100%],0.0312,0.0570,1.82692,8937472,8634368,2514944,2670592,2154496,2146304,761856,1433600,16384,40960,466944,466944,0,0,32768,32768,0,0,0,0,0,0,0,0,0,0,704512,311296,0,0,729088,385024,84251904,101255424,90.0,96.0,1052.0,1040.0,28.834806402943926,27.144730441610278,,"architecture sm_100 vs sm_90 | benchmark protocol: B200 frozen columns (20/100 config, 64 MB eviction for 41 ops) vs GH200 1/3 with 120 MiB eviction | NCU 2026.1.1 (B200) vs 2025.4.0 (GH200) | cuda-tile: B200 paper campaign 1.3.0 per developer_guide, B200 profile capture version unrecorded; GH200 1.5.0 + tileiras 13.4.92"
layernorm,Reduction/Normalization,bf16,cutile,5a1e2eeeaf0f8d7a75704b7f37683e50e7bdef64c522a65568a4d3b1c88111ad,5a1e2eeeaf0f8d7a75704b7f37683e50e7bdef64c522a65568a4d3b1c88111ad,True,"{""K"":10240,""M"":2048,""batch"":1}","{""occupancy"": 16, ""tile_size"": 2048}","{""occupancy"": 4, ""tile_size"": 2048}",False,2026.1.1.0 (build 37634170) (public-release),2025.4.0.0 (build 36690805) (public-release),full/application,full/application,1,1,layernorm_kernel_Kt1_A2bf16_1v8l0_2t1_3i16_p16_A1bf16_1i16t1_p16_A1bf16_1i16t1_p16_A2bf16_1v8l0_2t1_3i16_p16_Sf32_I10240_I2048,layernorm_kernel_Kt1_A2bf16_1v8l0_2t1_3i16_p16_A1bf16_1i16t1_p16_A1bf16_1i16t1_p16_A2bf16_1v8l0_2t1_3i16_p16_Sf32_I10240_I2048,layernorm_kernel:none,layernorm_kernel:none,layernorm_kernel:LDG[128b:100%]; STG[128b:100%],layernorm_kernel:LDG[128b:100%]; STG[128b:100%],0.0352,0.0368,1.04545,17465344,16220160,6266880,5390336,1548288,1515520,2015232,3899392,1654784,1679360,409600,409600,0,0,65536,65536,1097728,0,0,0,0,0,0,0,0,0,40960,434176,0,0,401408,475136,49329920,42031872,32.0,110.0,1052.0,1040.0,82.95547349579134,22.96659134595108,,"architecture sm_100 vs sm_90 | benchmark protocol: B200 frozen columns (20/100 config, 64 MB eviction for 41 ops) vs GH200 1/3 with 120 MiB eviction | NCU 2026.1.1 (B200) vs 2025.4.0 (GH200) | cuda-tile: B200 paper campaign 1.3.0 per developer_guide, B200 profile capture version unrecorded; GH200 1.5.0 + tileiras 13.4.92 | autotuned winner differs"
layernorm,Reduction/Normalization,fp16,cutile,59d3fe18a8ce80e274717b260206d782a1452bc93ec69a3939dc6ba32583afe1,59d3fe18a8ce80e274717b260206d782a1452bc93ec69a3939dc6ba32583afe1,True,"{""K"":10240,""M"":2048,""batch"":1}","{""occupancy"": 16, ""tile_size"": 2048}","{""occupancy"": 4, ""tile_size"": 2048}",False,2026.1.1.0 (build 37634170) (public-release),2025.4.0.0 (build 36690805) (public-release),full/application,full/application,1,1,layernorm_kernel_Kt1_A2f16_1v8l0_2t1_3i16_p16_A1f16_1i16t1_p16_A1f16_1i16t1_p16_A2f16_1v8l0_2t1_3i16_p16_Sf32_I10240_I2048,layernorm_kernel_Kt1_A2f16_1v8l0_2t1_3i16_p16_A1f16_1i16t1_p16_A1f16_1i16t1_p16_A2f16_1v8l0_2t1_3i16_p16_Sf32_I10240_I2048,layernorm_kernel:none,layernorm_kernel:none,layernorm_kernel:LDG[128b:100%]; STG[128b:100%],layernorm_kernel:LDG[128b:100%]; STG[128b:100%],0.0345,0.0316,0.915942,16596992,12107776,2932736,868352,1548288,1400832,4636672,6627328,344064,368640,409600,409600,0,0,65536,65536,1097728,0,0,0,0,0,0,0,0,0,40960,499712,0,0,401408,491520,49215744,42084864,32.0,102.0,1052.0,1040.0,83.25071661922594,23.047600376138615,,"architecture sm_100 vs sm_90 | benchmark protocol: B200 frozen columns (20/100 config, 64 MB eviction for 41 ops) vs GH200 1/3 with 120 MiB eviction | NCU 2026.1.1 (B200) vs 2025.4.0 (GH200) | cuda-tile: B200 paper campaign 1.3.0 per developer_guide, B200 profile capture version unrecorded; GH200 1.5.0 + tileiras 13.4.92 | autotuned winner differs"
layernorm,Reduction/Normalization,fp32,cutile,f8961a216d126fddd59a506537980781faba8da8ea651681bd87e9e4dc2e9b43,f8961a216d126fddd59a506537980781faba8da8ea651681bd87e9e4dc2e9b43,True,"{""K"":10240,""M"":2048,""batch"":1}","{""occupancy"": 8, ""tile_size"": 2048}","{""occupancy"": 4, ""tile_size"": 2048}",False,2026.1.1.0 (build 37634170) (public-release),2025.4.0.0 (build 36690805) (public-release),full/application,full/application,1,1,layernorm_kernel_Kt1_A2f32_1v4l0_2t1_3i16_p16_A1f32_1i16t1_p16_A1f32_1i16t1_p16_A2f32_1v4l0_2t1_3i16_p16_Sf32_I10240_I2048,layernorm_kernel_Kt1_A2f32_1v4l0_2t1_3i16_p16_A1f32_1i16t1_p16_A1f32_1i16t1_p16_A2f32_1v4l0_2t1_3i16_p16_Sf32_I10240_I2048,layernorm_kernel:none,layernorm_kernel:none,layernorm_kernel:LDG[128b:100%]; STG[128b:100%],layernorm_kernel:LDG[128b:100%]; STG[128b:100%],0.0366,0.0560,1.53005,14704640,11780096,2457600,1761280,3342336,3497984,2007040,3768320,16384,40960,819200,819200,0,0,65536,65536,0,0,0,0,0,0,0,0,0,0,1351680,40960,0,0,1343488,40960,89499648,94840576,64.0,102.0,1052.0,1040.0,41.878476936640276,22.375676920659124,,"architecture sm_100 vs sm_90 | benchmark protocol: B200 frozen columns (20/100 config, 64 MB eviction for 41 ops) vs GH200 1/3 with 120 MiB eviction | NCU 2026.1.1 (B200) vs 2025.4.0 (GH200) | cuda-tile: B200 paper campaign 1.3.0 per developer_guide, B200 profile capture version unrecorded; GH200 1.5.0 + tileiras 13.4.92 | autotuned winner differs"
leaky_relu,Point-wise,bf16,cutile,1569c64eec63e4afd8fc8285fff17cb0cd2420056e0a80c2126cb0626a916159,1569c64eec63e4afd8fc8285fff17cb0cd2420056e0a80c2126cb0626a916159,True,"{""n"":50000000}","{""occupancy"": 8, ""tile"": 4096}","{""occupancy"": 16, ""tile"": 1024}",False,2026.1.1.0 (build 37634170) (public-release),2025.4.0.0 (build 36690805) (public-release),full/application,full/application,1,1,leaky_relu_kernel_Kt1_A1bf16_1i16t1_p16_A1bf16_1i16t1_p16_I4096,leaky_relu_kernel_Kt1_A1bf16_1i16t1_p16_A1bf16_1i16t1_p16_I1024,leaky_relu_kernel:none,leaky_relu_kernel:none,leaky_relu_kernel:LDG[128b:100%]; STG[128b:100%],leaky_relu_kernel:LDG[128b:100%]; STG[128b:100%],0.0323,0.0581,1.79876,12939892,20117528,2832172,6054796,3711028,4687584,830084,1171896,2587948,3906308,390626,390626,0,0,0,0,0,0,0,0,0,0,0,0,0,0,683626,390633,0,0,634800,976577,100016128,100013312,30.0,18.0,1024.0,1024.0,80.96517532965113,82.66865900579171,,"architecture sm_100 vs sm_90 | benchmark protocol: B200 frozen columns (20/100 config, 64 MB eviction for 41 ops) vs GH200 1/3 with 120 MiB eviction | NCU 2026.1.1 (B200) vs 2025.4.0 (GH200) | cuda-tile: B200 paper campaign 1.3.0 per developer_guide, B200 profile capture version unrecorded; GH200 1.5.0 + tileiras 13.4.92 | autotuned winner differs | kernel set/names differ"
leaky_relu,Point-wise,fp16,cutile,201acc88afa9dfea0aa96856bbacde9cc1f106d7bb6e79760bc70b3be1c86e2f,201acc88afa9dfea0aa96856bbacde9cc1f106d7bb6e79760bc70b3be1c86e2f,True,"{""n"":50000000}","{""occupancy"": 16, ""tile"": 4096}","{""occupancy"": 4, ""tile"": 1024}",False,2026.1.1.0 (build 37634170) (public-release),2025.4.0.0 (build 36690805) (public-release),full/application,full/application,1,1,leaky_relu_kernel_Kt1_A1f16_1i16t1_p16_A1f16_1i16t1_p16_I4096,leaky_relu_kernel_Kt1_A1f16_1i16t1_p16_A1f16_1i16t1_p16_I1024,leaky_relu_kernel:none,leaky_relu_kernel:none,leaky_relu_kernel:LDG[128b:100%]; STG[128b:100%],leaky_relu_kernel:LDG[128b:100%]; STG[128b:100%],0.0324,0.0583,1.79938,12891049,20117528,2832172,6054796,3711028,4687584,830084,1171896,2539105,3906308,390626,390626,0,0,0,0,0,0,0,0,0,0,0,0,0,0,683626,390633,0,0,634800,976577,100016128,100012800,28.0,18.0,1024.0,1024.0,80.56604365950605,82.35649559752072,,"architecture sm_100 vs sm_90 | benchmark protocol: B200 frozen columns (20/100 config, 64 MB eviction for 41 ops) vs GH200 1/3 with 120 MiB eviction | NCU 2026.1.1 (B200) vs 2025.4.0 (GH200) | cuda-tile: B200 paper campaign 1.3.0 per developer_guide, B200 profile capture version unrecorded; GH200 1.5.0 + tileiras 13.4.92 | autotuned winner differs | kernel set/names differ"
leaky_relu,Point-wise,fp32,cutile,4eaf06de1f3e884cf7de6c257804e594f483cd520162495266e6b982f72da30e,4eaf06de1f3e884cf7de6c257804e594f483cd520162495266e6b982f72da30e,True,"{""n"":50000000}","{""occupancy"": 8, ""tile"": 4096}","{""occupancy"": 4, ""tile"": 1024}",False,2026.1.1.0 (build 37634170) (public-release),2025.4.0.0 (build 36690805) (public-release),full/application,full/application,1,1,leaky_relu_kernel_Kt1_A1f32_1i16t1_p16_A1f32_1i16t1_p16_I4096,leaky_relu_kernel_Kt1_A1f32_1i16t1_p16_A1f32_1i16t1_p16_I1024,leaky_relu_kernel:none,leaky_relu_kernel:none,leaky_relu_kernel:LDG[128b:100%]; STG[128b:100%],leaky_relu_kernel:LDG[128b:100%]; STG[128b:100%],0.0617,0.1132,1.83468,15869969,19531466,4785340,4101616,5664456,5664120,830144,1953132,97664,976580,781277,781250,0,0,0,0,0,0,0,0,0,0,0,0,0,0,781256,1171888,0,0,878944,1562516,200039680,200018432,51.0,20.0,1024.0,1024.0,46.480683602216374,85.20287673377032,,"architecture sm_100 vs sm_90 | benchmark protocol: B200 frozen columns (20/100 config, 64 MB eviction for 41 ops) vs GH200 1/3 with 120 MiB eviction | NCU 2026.1.1 (B200) vs 2025.4.0 (GH200) | cuda-tile: B200 paper campaign 1.3.0 per developer_guide, B200 profile capture version unrecorded; GH200 1.5.0 + tileiras 13.4.92 | autotuned winner differs | kernel set/names differ"
linear_self_attention,Matrix Multiplication/Attention,fp32,cutile,c4b4d54872a803769c9d41ab85d19c70739a0ca45afad5b23e797a6936ecc50c,c4b4d54872a803769c9d41ab85d19c70739a0ca45afad5b23e797a6936ecc50c,True,"{""D"":256,""M"":10000,""eps"":1e-06}","{""kv_block_k"": 64, ""kv_block_m"": 128, ""kv_block_n"": 32, ""kv_occupancy"": 16, ""out_block_k"": 64, ""out_block_m"": 64, ""out_block_n"": 32, ""out_occupancy"": 4}","{""kv_block_k"": 64, ""kv_block_m"": 32, ""kv_block_n"": 32, ""kv_occupancy"": 4, ""out_block_k"": 64, ""out_block_m"": 32, ""out_block_n"": 64, ""out_occupancy"": 4}",False,2026.1.1.0 (build 37634170) (public-release),2025.4.0.0 (build 36690805) (public-release),full/application,full/application,5,5,kv_gemm_kernel_Kt1_A2f32_1v4l0_2t1_3i16_p16_A2f32_1v4l0_2t1_3i16_p16_A2f32_1v4l0_2t1_3i16_p16_Si32_Si32_I128_I32_I64;out_gemm_kernel_Kt1_A2f32_1v4l0_2t1_3i16_p16_A2f32_1v4l0_2t1_3i16_p16_A2f32_1v4l0_2t1_3i16_p16_A1f32_1i16t1_p16_Si32_Si32_F3eb0c6f7a0b5ed8d_I64_I32_I64;phi_kernel_Kt1_A2f32_1v4l0_2t1_3i16_p16_A2f32_1v4l0_2t1_3i16_p16_I32_I32;z_kernel_Kt1_A1f32_1i16t1_p16_A2f32_1v4l0_2t1_3i16_p16_Si32_Si32_I32_I32,kv_gemm_kernel_Kt1_A2f32_1v4l0_2t1_3i16_p16_A2f32_1v4l0_2t1_3i16_p16_A2f32_1v4l0_2t1_3i16_p16_Si32_Si32_I32_I32_I64;out_gemm_kernel_Kt1_A2f32_1v4l0_2t1_3i16_p16_A2f32_1v4l0_2t1_3i16_p16_A2f32_1v4l0_2t1_3i16_p16_A1f32_1i16t1_p16_Si32_Si32_F3eb0c6f7a0b5ed8d_I32_I64_I64;phi_kernel_Kt1_A2f32_1v4l0_2t1_3i16_p16_A2f32_1v4l0_2t1_3i16_p16_I32_I32;z_kernel_Kt1_A1f32_1i16t1_p16_A2f32_1v4l0_2t1_3i16_p16_Si32_Si32_I32_I32,phi_kernel:none / kv_gemm_kernel:tcgen05[UTCHMMA:20096] / z_kernel:none / out_gemm_kernel:tcgen05[UTCHMMA:40192],phi_kernel:none / kv_gemm_kernel:legacy_mma[HMMA.1688.F32.TF32:643072] / z_kernel:none / out_gemm_kernel:legacy_mma[HMMA.1688.F32.TF32:641024],"phi_kernel:LDG[128b:100%]; STG[128b:100%] / kv_gemm_kernel:TMA[UTMACCTL.PF:48,UTMACMDFLUSH:16,UTMALDG.2D:22608,UTMASTG.2D:16] / z_kernel:TMA[UTMACCTL.IV:2496,UTMACCTL.PF:16,UTMACMDFLUSH:5000,UTMALDG.2D:2504,UTMASTG.1D:8] / out_gemm_kernel:TMA[UTMACCTL.IV:11304,UTMACCTL.PF:5024,UTMACMDFLUSH:23864,UTMALDG.1D:5024,UTMALDG.2D:15072,UTMASTG.2D:1256]","phi_kernel:LDG[128b:100%]; STG[128b:100%] / kv_gemm_kernel:TMA[UTMACCTL.PF:192,UTMACMDFLUSH:64,UTMALDG.2D:100480,UTMASTG.2D:64] / z_kernel:TMA[UTMACCTL.PF:16,UTMACMDFLUSH:8,UTMALDG.2D:2504,UTMASTG.1D:8] / out_gemm_kernel:TMA[UTMACCTL.PF:5008,UTMACMDFLUSH:2504,UTMALDG.1D:5008,UTMALDG.2D:30048,UTMASTG.2D:2504]",0.4748,0.2743,0.577717,17231050,37187579,7034817,17646382,1235752,1284617,2458984,4709544,733408,1440776,93800,80000,0,0,1453368,5059872,422016,180288,94256,148408,0,1284096,0,0,288912,0,3840834,4160256,18888,0,3642118,2400370,31100416,38987008,255.0,64.0,10028.0,29864.0,9.320426153330969,9.363332921724675,,"architecture sm_100 vs sm_90 | benchmark protocol: B200 frozen columns (20/100 config, 64 MB eviction for 41 ops) vs GH200 1/3 with 120 MiB eviction | NCU 2026.1.1 (B200) vs 2025.4.0 (GH200) | cuda-tile: B200 paper campaign 1.3.0 per developer_guide, B200 profile capture version unrecorded; GH200 1.5.0 + tileiras 13.4.92 | autotuned winner differs | kernel set/names differ"
matmul_fp32_fp16_fp8,Matrix Multiplication/Attention,fp16,cutile,08faaf3b6b1a6991ab9326dd1f21e0777b5cc77c635c0122387725c0cb92617b,08faaf3b6b1a6991ab9326dd1f21e0777b5cc77c635c0122387725c0cb92617b,True,"{""K"":20480,""M"":4096,""N"":4096}","{""group_size_m"": 8, ""occupancy"": 8, ""tk"": 64, ""tm"": 256, ""tn"": 256}","{""group_size_m"": 8, ""occupancy"": 4, ""tk"": 64, ""tm"": 128, ""tn"": 128}",False,2026.1.1.0 (build 37634170) (public-release),2025.4.0.0 (build 36690805) (public-release),full/application,full/application,1,1,matmul_kernel_Kt1_A2f16_1v8l0_2t1_3i16_p16_A2f16_1v8l0_2t1_3i16_p16_A2f16_1v8l0_2t1_3i16_p16_Si32_Si32_I20480_I256_I256_I64_I8,matmul_kernel_Kt1_A2f16_1v8l0_2t1_3i16_p16_A2f16_1v8l0_2t1_3i16_p16_A2f16_1v8l0_2t1_3i16_p16_Si32_Si32_I20480_I128_I128_I64_I8,matmul_kernel:tcgen05[UTCHMMA:655360],matmul_kernel:wgmma[HGMMA.64x128x16.F32:10485760],"matmul_kernel:TMA[UTMACCTL.PF:768,UTMACMDFLUSH:2048,UTMALDG.2D:491520,UTMASTG.2D:2048]","matmul_kernel:TMA[UTMACCTL.PF:3072,UTMACMDFLUSH:4096,UTMALDG.2D:983040,UTMASTG.2D:4096]",0.4834,0.8321,1.72135,13310340,107407738,7826830,57612825,274432,3381057,512,4096,265216,280576,0,0,0,0,68096,65536,0,0,496384,994304,0,0,0,10485760,803584,0,7074780,10852786,1024,0,6977466,7556386,566266880,954945280,255.0,128.0,230628.0,107648.0,10.903476079680084,18.696405528435207,,"architecture sm_100 vs sm_90 | benchmark protocol: B200 frozen columns (20/100 config, 64 MB eviction for 41 ops) vs GH200 1/3 with 120 MiB eviction | NCU 2026.1.1 (B200) vs 2025.4.0 (GH200) | cuda-tile: B200 paper campaign 1.3.0 per developer_guide, B200 profile capture version unrecorded; GH200 1.5.0 + tileiras 13.4.92 | autotuned winner differs | kernel set/names differ"
matmul_fp32_fp16_fp8,Matrix Multiplication/Attention,fp32,cutile,357a02eb8c422be84c0f0184cc996e44cab791e9e9da48aae2bbc1390d89189b,357a02eb8c422be84c0f0184cc996e44cab791e9e9da48aae2bbc1390d89189b,True,"{""K"":20480,""M"":4096,""N"":4096}","{""group_size_m"": 8, ""occupancy"": 8, ""tk"": 64, ""tm"": 256, ""tn"": 256}","{""group_size_m"": 8, ""occupancy"": 4, ""tk"": 32, ""tm"": 128, ""tn"": 128}",False,2026.1.1.0 (build 37634170) (public-release),2025.4.0.0 (build 36690805) (public-release),full/application,full/application,1,1,matmul_kernel_Kt1_A2f32_1v4l0_2t1_3i16_p16_A2f32_1v4l0_2t1_3i16_p16_A2f32_1v4l0_2t1_3i16_p16_Si32_Si32_I20480_I256_I256_I64_I8,matmul_kernel_Kt1_A2f32_1v4l0_2t1_3i16_p16_A2f32_1v4l0_2t1_3i16_p16_A2f32_1v4l0_2t1_3i16_p16_Si32_Si32_I20480_I128_I128_I32_I8,matmul_kernel:tcgen05[UTCHMMA:1310720],matmul_kernel:wgmma[HGMMA.64x128x8.F32.TF32:20971520],"matmul_kernel:TMA[UTMACCTL.PF:768,UTMACMDFLUSH:4096,UTMALDG.2D:983040,UTMASTG.2D:4096]","matmul_kernel:TMA[UTMACCTL.PF:3072,UTMACMDFLUSH:8192,UTMALDG.2D:3276800,UTMASTG.2D:8192]",0.9145,2.5660,2.8059,20882281,325085062,11370962,176868647,274432,4017152,512,4096,3072,18432,0,0,0,0,133632,42205184,0,0,992000,3296256,0,0,0,20971520,1704704,0,11060630,41445966,1024,0,10537706,22338126,1132562432,2307974144,255.0,255.0,230764.0,230624.0,10.887409233663426,9.345777758074687,,"architecture sm_100 vs sm_90 | benchmark protocol: B200 frozen columns (20/100 config, 64 MB eviction for 41 ops) vs GH200 1/3 with 120 MiB eviction | NCU 2026.1.1 (B200) vs 2025.4.0 (GH200) | cuda-tile: B200 paper campaign 1.3.0 per developer_guide, B200 profile capture version unrecorded; GH200 1.5.0 + tileiras 13.4.92 | autotuned winner differs | kernel set/names differ"
matmul_fp32_fp16_fp8,Matrix Multiplication/Attention,fp8_e4m3fn,cutile,58462cceecda88b26cf0a977f833cd828e07b350dee27aad3efc0c528678c0b9,58462cceecda88b26cf0a977f833cd828e07b350dee27aad3efc0c528678c0b9,True,"{""K"":20480,""M"":4096,""N"":4096}","{""group_size_m"": 8, ""occupancy"": 4, ""tk"": 128, ""tm"": 256, ""tn"": 256}","{""group_size_m"": 8, ""occupancy"": 4, ""tk"": 128, ""tm"": 128, ""tn"": 128}",False,2026.1.1.0 (build 37634170) (public-release),2025.4.0.0 (build 36690805) (public-release),full/application,full/application,1,1,matmul_kernel_Kt1_A2f8m3fn_1v16l0_2t1_3i16_p16_A2f8m3fn_1v16l0_2t1_3i16_p16_A2f8m3fn_1v16l0_2t1_3i16_p16_Si32_Si32_I20480_I256_I256_I128_I8,matmul_kernel_Kt1_A2f8m3fn_1v16l0_2t1_3i16_p16_A2f8m3fn_1v16l0_2t1_3i16_p16_A2f8m3fn_1v16l0_2t1_3i16_p16_Si32_Si32_I20480_I128_I128_I128_I8,matmul_kernel:tcgen05[UTCQMMA:327680],matmul_kernel:wgmma[QGMMA.64x128x32.F32.E4M3.E4M3:5242880],"matmul_kernel:TMA[UTMACCTL.PF:768,UTMACMDFLUSH:1024,UTMALDG.2D:163840,UTMASTG.2D:1024]","matmul_kernel:TMA[UTMACCTL.PF:3072,UTMACMDFLUSH:2048,UTMALDG.2D:327680,UTMASTG.2D:2048]",0.2037,1.3351,6.55425,6651259,383584489,3926862,114465042,151552,1711104,512,83890176,265216,63195136,0,0,0,0,35328,89391104,0,10477568,166656,334848,0,0,0,5242880,434944,0,3626848,24605220,1024,0,3585888,19843620,281430016,576312576,255.0,255.0,230564.0,181392.0,10.875523657468682,9.336776893745366,,"architecture sm_100 vs sm_90 | benchmark protocol: B200 frozen columns (20/100 config, 64 MB eviction for 41 ops) vs GH200 1/3 with 120 MiB eviction | NCU 2026.1.1 (B200) vs 2025.4.0 (GH200) | cuda-tile: B200 paper campaign 1.3.0 per developer_guide, B200 profile capture version unrecorded; GH200 1.5.0 + tileiras 13.4.92 | autotuned winner differs | kernel set/names differ"
matmul_int8,Matrix Multiplication/Attention,int8,cutile,53230c8807747b1325caa527f54e23d7352fda53eb8991b86e564b697e2bd32c,53230c8807747b1325caa527f54e23d7352fda53eb8991b86e564b697e2bd32c,True,"{""K"":20480,""M"":2048,""N"":2048}","{""group_size_m"": 8, ""occupancy"": 16, ""tk"": 32, ""tm"": 256, ""tn"": 64}","{""group_size_m"": 8, ""occupancy"": 8, ""tk"": 32, ""tm"": 128, ""tn"": 64}",False,2026.1.1.0 (build 37634170) (public-release),2025.4.0.0 (build 36690805) (public-release),full/application,full/application,1,1,matmul_kernel_Kt1_A2i8_1v16l0_2t1_3i16_p16_A2u8_1v16l0_2t1_3i16_p16_A2i32_1v4l0_2t1_3i16_p16_Si32_Si32_I5120_I256_I64_I32_I8,matmul_kernel_Kt1_A2i8_1v16l0_2t1_3i16_p16_A2u8_1v16l0_2t1_3i16_p16_A2i32_1v4l0_2t1_3i16_p16_Si32_Si32_I5120_I128_I64_I32_I8,matmul_kernel:tcgen05[UTCIMMA:327680],matmul_kernel:wgmma[IGMMA.64x64x32.S8.S8.SAT:2621440],"matmul_kernel:TMA[UTMACCTL.PF:768,UTMACMDFLUSH:1024,UTMALDG.2D:368640,UTMASTG.2D:1024]","matmul_kernel:TMA[UTMACCTL.PF:1536,UTMACMDFLUSH:2048,UTMALDG.2D:409600,UTMASTG.2D:2048]",0.3289,0.5815,1.76801,78772268,178896133,43828630,123229873,275200,886261,512,2048,16387072,10494976,0,0,0,0,10684928,21364736,0,0,371456,415232,0,0,0,2621440,852736,0,11605986,16041054,1024,0,9062353,7756716,54571520,52497408,255.0,64.0,142732.0,33920.0,10.88790389489472,36.15174567477435,,"architecture sm_100 vs sm_90 | benchmark protocol: B200 frozen columns (20/100 config, 64 MB eviction for 41 ops) vs GH200 1/3 with 120 MiB eviction | NCU 2026.1.1 (B200) vs 2025.4.0 (GH200) | cuda-tile: B200 paper campaign 1.3.0 per developer_guide, B200 profile capture version unrecorded; GH200 1.5.0 + tileiras 13.4.92 | autotuned winner differs | kernel set/names differ"
matrix_copy,Data Layout,bf16,cutile,e60a825c90e1f0c6bce5f17acb23ad2cafd06b98436c09a00169073e06d4997f,e60a825c90e1f0c6bce5f17acb23ad2cafd06b98436c09a00169073e06d4997f,True,"{""N"":5120}","{""occupancy"": 16, ""tile"": 1024}","{""occupancy"": 4, ""tile"": 2048}",False,2026.1.1.0 (build 37634170) (public-release),2025.4.0.0 (build 36690805) (public-release),full/application,full/application,1,1,matrix_copy_kernel_Kt1_A1bf16_1i16t1_p16_A1bf16_1i16t1_p16_I1024,matrix_copy_kernel_Kt1_A1bf16_1i16t1_p16_A1bf16_1i16t1_p16_I2048,matrix_copy_kernel:none,matrix_copy_kernel:none,matrix_copy_kernel:LDG[128b:100%]; STG[128b:100%],matrix_copy_kernel:LDG[128b:100%]; STG[128b:100%],0.0191,0.0325,1.70157,6144000,4096000,2764800,1126400,1024000,1228800,102400,102400,204800,256000,204800,204800,0,0,0,0,0,0,0,0,0,0,0,0,0,0,204800,204800,0,0,409600,307200,52437760,52438272,16.0,24.0,1024.0,1024.0,74.9731076659508,81.76826263173086,,"architecture sm_100 vs sm_90 | benchmark protocol: B200 frozen columns (20/100 config, 64 MB eviction for 41 ops) vs GH200 1/3 with 120 MiB eviction | NCU 2026.1.1 (B200) vs 2025.4.0 (GH200) | cuda-tile: B200 paper campaign 1.3.0 per developer_guide, B200 profile capture version unrecorded; GH200 1.5.0 + tileiras 13.4.92 | autotuned winner differs | kernel set/names differ"
matrix_copy,Data Layout,fp16,cutile,654bd36367e7c37db760422cde1de0789875cf704d60ce09228364acfbd5e59e,654bd36367e7c37db760422cde1de0789875cf704d60ce09228364acfbd5e59e,True,"{""N"":5120}","{""occupancy"": 8, ""tile"": 1024}","{""occupancy"": 8, ""tile"": 1024}",True,2026.1.1.0 (build 37634170) (public-release),2025.4.0.0 (build 36690805) (public-release),full/application,full/application,1,1,matrix_copy_kernel_Kt1_A1f16_1i16t1_p16_A1f16_1i16t1_p16_I1024,matrix_copy_kernel_Kt1_A1f16_1i16t1_p16_A1f16_1i16t1_p16_I1024,matrix_copy_kernel:none,matrix_copy_kernel:none,matrix_copy_kernel:LDG[128b:100%]; STG[128b:100%],matrix_copy_kernel:LDG[128b:100%]; STG[128b:100%],0.0193,0.0318,1.64767,6144000,7065600,2764800,3174400,1024000,1228800,102400,204800,204800,512000,204800,204800,0,0,0,0,0,0,0,0,0,0,0,0,0,0,204800,204800,0,0,409600,409600,52438016,52437760,16.0,16.0,1024.0,1024.0,75.41381784967443,80.41974847920267,,"architecture sm_100 vs sm_90 | benchmark protocol: B200 frozen columns (20/100 config, 64 MB eviction for 41 ops) vs GH200 1/3 with 120 MiB eviction | NCU 2026.1.1 (B200) vs 2025.4.0 (GH200) | cuda-tile: B200 paper campaign 1.3.0 per developer_guide, B200 profile capture version unrecorded; GH200 1.5.0 + tileiras 13.4.92"
matrix_copy,Data Layout,fp32,cutile,570d9eb8fbbe0b72e237eb53e3e2a0d6b7bcf2c23b4bf46dcf6d2dfbe409647c,570d9eb8fbbe0b72e237eb53e3e2a0d6b7bcf2c23b4bf46dcf6d2dfbe409647c,True,"{""N"":5120}","{""occupancy"": 16, ""tile"": 1024}","{""occupancy"": 4, ""tile"": 1024}",False,2026.1.1.0 (build 37634170) (public-release),2025.4.0.0 (build 36690805) (public-release),full/application,full/application,1,1,matrix_copy_kernel_Kt1_A1f32_1i16t1_p16_A1f32_1i16t1_p16_I1024,matrix_copy_kernel_Kt1_A1f32_1i16t1_p16_A1f32_1i16t1_p16_I1024,matrix_copy_kernel:none,matrix_copy_kernel:none,matrix_copy_kernel:LDG[128b:100%]; STG[128b:100%],matrix_copy_kernel:LDG[128b:100%]; STG[128b:100%],0.0336,0.0608,1.80952,8704000,8192000,3891200,2252800,1638400,2457600,102400,204800,204800,512000,409600,409600,0,0,0,0,0,0,0,0,0,0,0,0,0,0,409600,409600,0,0,614400,614400,104872704,104869376,18.0,24.0,1024.0,1024.0,79.94303154559232,83.87819921507771,,"architecture sm_100 vs sm_90 | benchmark protocol: B200 frozen columns (20/100 config, 64 MB eviction for 41 ops) vs GH200 1/3 with 120 MiB eviction | NCU 2026.1.1 (B200) vs 2025.4.0 (GH200) | cuda-tile: B200 paper campaign 1.3.0 per developer_guide, B200 profile capture version unrecorded; GH200 1.5.0 + tileiras 13.4.92 | autotuned winner differs"
matrix_copy,Data Layout,int8,cutile,a080a4296ea719dfb0bbcf89169f5e74ad7b7bda89023943ab06fabde67873bb,a080a4296ea719dfb0bbcf89169f5e74ad7b7bda89023943ab06fabde67873bb,True,"{""N"":5120}","{""occupancy"": 8, ""tile"": 2048}","{""occupancy"": 8, ""tile"": 4096}",False,2026.1.1.0 (build 37634170) (public-release),2025.4.0.0 (build 36690805) (public-release),full/application,full/application,1,1,matrix_copy_kernel_Kt1_A1i8_1i16t1_p16_A1i8_1i16t1_p16_I2048,matrix_copy_kernel_Kt1_A1i8_1i16t1_p16_A1i8_1i16t1_p16_I4096,matrix_copy_kernel:none,matrix_copy_kernel:none,matrix_copy_kernel:LDG[128b:100%]; STG[128b:100%],matrix_copy_kernel:LDG[128b:100%]; STG[128b:100%],0.0108,0.0174,1.61111,3072000,2048000,1382400,563200,512000,614400,51200,51200,102400,128000,102400,102400,0,0,0,0,0,0,0,0,0,0,0,0,0,0,102400,102400,0,0,204800,153600,26222080,26221824,16.0,24.0,1024.0,1024.0,70.36239397318779,76.3890522573324,,"architecture sm_100 vs sm_90 | benchmark protocol: B200 frozen columns (20/100 config, 64 MB eviction for 41 ops) vs GH200 1/3 with 120 MiB eviction | NCU 2026.1.1 (B200) vs 2025.4.0 (GH200) | cuda-tile: B200 paper campaign 1.3.0 per developer_guide, B200 profile capture version unrecorded; GH200 1.5.0 + tileiras 13.4.92 | autotuned winner differs | kernel set/names differ"
matrix_transpose,Data Layout,bf16,cutile,cfb07213f399d8eac04441a96551a1e9530dec498b7f33a7455b8c6fb1dadcac,cfb07213f399d8eac04441a96551a1e9530dec498b7f33a7455b8c6fb1dadcac,True,"{""m"":4096,""n"":20480}","{""occupancy"": 32, ""tile"": 128}","{""occupancy"": 4, ""tile"": 128}",False,2026.1.1.0 (build 37634170) (public-release),2025.4.0.0 (build 36690805) (public-release),full/application,full/application,1,1,transpose_kernel_Kt1_A2bf16_1v8l0_2t1_3i16_p16_A2bf16_1v8l0_2t1_3i16_p16_I128,transpose_kernel_Kt1_A2bf16_1v8l0_2t1_3i16_p16_A2bf16_1v8l0_2t1_3i16_p16_I128,transpose_kernel:none,transpose_kernel:none,transpose_kernel:LDG[128b:100%]; STG[128b:100%],transpose_kernel:LDG[128b:100%]; STG[128b:100%],0.0544,0.0977,1.79596,13987840,14479360,4915200,5488640,2170880,2088960,40960,61440,2703360,2764800,655360,655360,0,0,2949120,2949120,0,0,0,0,0,0,0,0,0,0,20480,20480,0,0,102400,102400,167799040,167825152,111.0,109.0,33804.0,33792.0,23.104417306615954,23.58718978345596,,"architecture sm_100 vs sm_90 | benchmark protocol: B200 frozen columns (20/100 config, 64 MB eviction for 41 ops) vs GH200 1/3 with 120 MiB eviction | NCU 2026.1.1 (B200) vs 2025.4.0 (GH200) | cuda-tile: B200 paper campaign 1.3.0 per developer_guide, B200 profile capture version unrecorded; GH200 1.5.0 + tileiras 13.4.92 | autotuned winner differs"
matrix_transpose,Data Layout,fp16,cutile,4b6891116f904e9ebc1a350ffcc08c0bd9bd620d4769cb792e37a3a07d972bac,4b6891116f904e9ebc1a350ffcc08c0bd9bd620d4769cb792e37a3a07d972bac,True,"{""m"":4096,""n"":20480}","{""occupancy"": 4, ""tile"": 128}","{""occupancy"": 4, ""tile"": 128}",True,2026.1.1.0 (build 37634170) (public-release),2025.4.0.0 (build 36690805) (public-release),full/application,full/application,1,1,transpose_kernel_Kt1_A2f16_1v8l0_2t1_3i16_p16_A2f16_1v8l0_2t1_3i16_p16_I128,transpose_kernel_Kt1_A2f16_1v8l0_2t1_3i16_p16_A2f16_1v8l0_2t1_3i16_p16_I128,transpose_kernel:none,transpose_kernel:none,transpose_kernel:LDG[128b:100%]; STG[128b:100%],transpose_kernel:LDG[128b:100%]; STG[128b:100%],0.0541,0.0981,1.81331,14090240,14479360,5222400,5488640,1966080,2088960,40960,61440,2703360,2764800,655360,655360,0,0,2949120,2949120,0,0,0,0,0,0,0,0,0,0,20480,20480,0,0,102400,102400,167800832,167798272,111.0,109.0,33804.0,33792.0,22.87169967369277,23.57526614522532,,"architecture sm_100 vs sm_90 | benchmark protocol: B200 frozen columns (20/100 config, 64 MB eviction for 41 ops) vs GH200 1/3 with 120 MiB eviction | NCU 2026.1.1 (B200) vs 2025.4.0 (GH200) | cuda-tile: B200 paper campaign 1.3.0 per developer_guide, B200 profile capture version unrecorded; GH200 1.5.0 + tileiras 13.4.92"
matrix_transpose,Data Layout,fp32,cutile,ef6fdd13ac674f4a711abc90bce71d455127995388f1c1b714a08411ca385739,ef6fdd13ac674f4a711abc90bce71d455127995388f1c1b714a08411ca385739,True,"{""m"":4096,""n"":20480}","{""occupancy"": 32, ""tile"": 64}","{""occupancy"": 4, ""tile"": 64}",False,2026.1.1.0 (build 37634170) (public-release),2025.4.0.0 (build 36690805) (public-release),full/application,full/application,1,1,transpose_kernel_Kt1_A2f32_1v4l0_2t1_3i16_p16_A2f32_1v4l0_2t1_3i16_p16_I64,transpose_kernel_Kt1_A2f32_1v4l0_2t1_3i16_p16_A2f32_1v4l0_2t1_3i16_p16_I64,transpose_kernel:none,transpose_kernel:none,transpose_kernel:LDG[128b:100%]; STG[128b:100%],transpose_kernel:LDG[128b:100%]; STG[128b:100%],0.1040,0.1920,1.84615,26050560,25313280,14417920,13434880,4423680,4587520,163840,245760,327680,573440,1310720,1310720,0,0,3276800,3276800,0,0,0,0,0,0,0,0,0,0,81920,81920,0,0,409600,409600,335603200,335574784,55.0,54.0,17420.0,17408.0,51.79831638232396,53.162405642915445,,"architecture sm_100 vs sm_90 | benchmark protocol: B200 frozen columns (20/100 config, 64 MB eviction for 41 ops) vs GH200 1/3 with 120 MiB eviction | NCU 2026.1.1 (B200) vs 2025.4.0 (GH200) | cuda-tile: B200 paper campaign 1.3.0 per developer_guide, B200 profile capture version unrecorded; GH200 1.5.0 + tileiras 13.4.92 | autotuned winner differs"
matrix_transpose,Data Layout,int8,cutile,b0a9def73f520aa90a925f176923718a10e6705991b6e536172684901f2c754c,b0a9def73f520aa90a925f176923718a10e6705991b6e536172684901f2c754c,True,"{""m"":4096,""n"":20480}","{""occupancy"": 8, ""tile"": 128}","{""occupancy"": 8, ""tile"": 128}",True,2026.1.1.0 (build 37634170) (public-release),2025.4.0.0 (build 36690805) (public-release),full/application,full/application,1,1,transpose_kernel_Kt1_A2i8_1v16l0_2t1_3i16_p16_A2i8_1v16l0_2t1_3i16_p16_I128,transpose_kernel_Kt1_A2i8_1v16l0_2t1_3i16_p16_A2i8_1v16l0_2t1_3i16_p16_I128,transpose_kernel:none,transpose_kernel:none,transpose_kernel:LDG[128b:100%]; STG[128b:100%],transpose_kernel:LDG[128b:100%]; STG[128b:100%],0.0301,0.0520,1.72757,15278080,15728640,6369280,6758400,1105920,1064960,40960,61440,4014080,4075520,327680,327680,0,0,2785280,2785280,0,0,0,0,0,0,0,0,0,0,20480,20480,0,0,81920,81920,83910144,83908864,64.0,64.0,17420.0,17408.0,44.92638335004131,45.86831699354594,,"architecture sm_100 vs sm_90 | benchmark protocol: B200 frozen columns (20/100 config, 64 MB eviction for 41 ops) vs GH200 1/3 with 120 MiB eviction | NCU 2026.1.1 (B200) vs 2025.4.0 (GH200) | cuda-tile: B200 paper campaign 1.3.0 per developer_guide, B200 profile capture version unrecorded; GH200 1.5.0 + tileiras 13.4.92"
mean_reduction,Reduction/Normalization,bf16,cutile,9f24575e61ed017395356522ca79472e82dfa19477a51e54b698538d396c4b65,9f24575e61ed017395356522ca79472e82dfa19477a51e54b698538d396c4b65,True,"{""M"":2048,""N"":20480}","{""occupancy"": 16, ""tile_size"": 1024}","{""occupancy"": 16, ""tile_size"": 2048}",False,2026.1.1.0 (build 37634170) (public-release),2025.4.0.0 (build 36690805) (public-release),full/application,full/application,1,1,mean_rowwise_kernel_Kt1_A2bf16_1v8l0_2t1_3i16_p16_A2f32_1i16_3t1_p16_I20480_I1024,mean_rowwise_kernel_Kt1_A2bf16_1v8l0_2t1_3i16_p16_A2f32_1i16_3t1_p16_I20480_I2048,mean_rowwise_kernel:none,mean_rowwise_kernel:none,mean_rowwise_kernel:LDG[128b:100%]; STG[32b:100%],mean_rowwise_kernel:LDG[128b:100%]; STG[32b:100%],0.0225,0.0329,1.46222,6832128,6414336,2523136,2318336,802816,696320,802816,1564672,671744,696320,172032,172032,0,0,32768,32768,0,0,0,0,0,0,0,0,0,0,16384,16384,0,0,270336,65536,83898368,83897344,28.0,50.0,1052.0,1040.0,81.40052119091563,49.15156785375212,,"architecture sm_100 vs sm_90 | benchmark protocol: B200 frozen columns (20/100 config, 64 MB eviction for 41 ops) vs GH200 1/3 with 120 MiB eviction | NCU 2026.1.1 (B200) vs 2025.4.0 (GH200) | cuda-tile: B200 paper campaign 1.3.0 per developer_guide, B200 profile capture version unrecorded; GH200 1.5.0 + tileiras 13.4.92 | autotuned winner differs | kernel set/names differ"
mean_reduction,Reduction/Normalization,fp16,cutile,a6091e10b4db17d1dbbb3bd9bbc1fa977457529183eb15e270e6b2aec1f871f2,a6091e10b4db17d1dbbb3bd9bbc1fa977457529183eb15e270e6b2aec1f871f2,True,"{""M"":2048,""N"":20480}","{""occupancy"": 4, ""tile_size"": 512}","{""occupancy"": 8, ""tile_size"": 1024}",False,2026.1.1.0 (build 37634170) (public-release),2025.4.0.0 (build 36690805) (public-release),full/application,full/application,1,1,mean_rowwise_kernel_Kt1_A2f16_1v8l0_2t1_3i16_p16_A2f32_1i16_3t1_p16_I20480_I512,mean_rowwise_kernel_Kt1_A2f16_1v8l0_2t1_3i16_p16_A2f32_1i16_3t1_p16_I20480_I1024,mean_rowwise_kernel:none,mean_rowwise_kernel:none,mean_rowwise_kernel:LDG[64b:100%]; STG[32b:100%],mean_rowwise_kernel:LDG[128b:100%]; STG[32b:100%],0.0207,0.0325,1.57005,8937472,6750208,2260992,1662976,1376256,942080,2260992,2826240,16384,40960,335872,172032,0,0,32768,32768,0,0,0,0,0,0,0,0,0,0,671744,16384,0,0,679936,65536,83914752,83897344,74.0,45.0,1052.0,1040.0,32.72840220067274,52.24692860207747,,"architecture sm_100 vs sm_90 | benchmark protocol: B200 frozen columns (20/100 config, 64 MB eviction for 41 ops) vs GH200 1/3 with 120 MiB eviction | NCU 2026.1.1 (B200) vs 2025.4.0 (GH200) | cuda-tile: B200 paper campaign 1.3.0 per developer_guide, B200 profile capture version unrecorded; GH200 1.5.0 + tileiras 13.4.92 | autotuned winner differs | kernel set/names differ"
mean_reduction,Reduction/Normalization,fp32,cutile,d22b4722c17c29bcb4808815bc4ab0165de7e0805b5fc2c57f1d34c90dd8bb0d,d22b4722c17c29bcb4808815bc4ab0165de7e0805b5fc2c57f1d34c90dd8bb0d,True,"{""M"":2048,""N"":20480}","{""occupancy"": 16, ""tile_size"": 1024}","{""occupancy"": 16, ""tile_size"": 512}",False,2026.1.1.0 (build 37634170) (public-release),2025.4.0.0 (build 36690805) (public-release),full/application,full/application,1,1,mean_rowwise_kernel_Kt1_A2f32_1v4l0_2t1_3i16_p16_A2f32_1i16_3t1_p16_I20480_I1024,mean_rowwise_kernel_Kt1_A2f32_1v4l0_2t1_3i16_p16_A2f32_1i16_3t1_p16_I20480_I512,mean_rowwise_kernel:none,mean_rowwise_kernel:none,mean_rowwise_kernel:LDG[128b:100%]; STG[32b:100%],mean_rowwise_kernel:LDG[128b:100%]; STG[32b:100%],0.0359,0.0556,1.54875,7512064,6938624,1794048,2097152,1376256,1310720,802816,1458176,16384,40960,335872,335872,0,0,32768,32768,0,0,0,0,0,0,0,0,0,0,671744,229376,0,0,679936,237568,167798784,167796224,30.0,64.0,1052.0,1040.0,82.44847881458017,47.49301108671963,,"architecture sm_100 vs sm_90 | benchmark protocol: B200 frozen columns (20/100 config, 64 MB eviction for 41 ops) vs GH200 1/3 with 120 MiB eviction | NCU 2026.1.1 (B200) vs 2025.4.0 (GH200) | cuda-tile: B200 paper campaign 1.3.0 per developer_guide, B200 profile capture version unrecorded; GH200 1.5.0 + tileiras 13.4.92 | autotuned winner differs | kernel set/names differ"
moe_topk_gating,Reduction/Normalization,bf16,cutile,165d5cb9a39a52bfe94409e6b4fffa10161cefdc4d6ab94214d480571a3920c2,165d5cb9a39a52bfe94409e6b4fffa10161cefdc4d6ab94214d480571a3920c2,True,"{""E"":128,""M"":20480,""k"":2}","{""occupancy"": 32}","{""occupancy"": 8}",False,2026.1.1.0 (build 37634170) (public-release),2025.4.0.0 (build 36690805) (public-release),full/application,full/application,1,1,moe_topk_gating_kernel_Kt1_A2bf16_1v8l0_2t1_3i16_p16_A2bf16_1i16l0_2t1_p16_A2i32_1i16l0_2t1_p16_Si32_I2_I128_I2,moe_topk_gating_kernel_Kt1_A2bf16_1v8l0_2t1_3i16_p16_A2bf16_1i16l0_2t1_p16_A2i32_1i16l0_2t1_p16_Si32_I2_I128_I2,moe_topk_gating_kernel:none,moe_topk_gating_kernel:none,"moe_topk_gating_kernel:LDG[16b:100%]; STG[16b:50%,32b:50%]","moe_topk_gating_kernel:LDG[16b:100%]; STG[16b:50%,32b:50%]",0.0273,0.0318,1.16484,22855680,24903680,4423680,4997120,8273920,7864320,1556480,2129920,245760,491520,245760,245760,0,0,1802240,1474560,0,0,0,0,0,0,0,0,0,0,1310720,1802240,0,163840,409600,573440,5259264,5256960,20.0,26.0,1068.0,1056.0,88.60931812055635,92.64167451832608,,"architecture sm_100 vs sm_90 | benchmark protocol: B200 frozen columns (20/100 config, 64 MB eviction for 41 ops) vs GH200 1/3 with 120 MiB eviction | NCU 2026.1.1 (B200) vs 2025.4.0 (GH200) | cuda-tile: B200 paper campaign 1.3.0 per developer_guide, B200 profile capture version unrecorded; GH200 1.5.0 + tileiras 13.4.92 | autotuned winner differs"
moe_topk_gating,Reduction/Normalization,fp16,cutile,ceecbeb85086f5217430077c0863c87691d72a2dd2e9a14f7e3a3aa1aca1f56d,ceecbeb85086f5217430077c0863c87691d72a2dd2e9a14f7e3a3aa1aca1f56d,True,"{""E"":128,""M"":20480,""k"":2}","{""occupancy"": 8}","{""occupancy"": 32}",False,2026.1.1.0 (build 37634170) (public-release),2025.4.0.0 (build 36690805) (public-release),full/application,full/application,1,1,moe_topk_gating_kernel_Kt1_A2f16_1v8l0_2t1_3i16_p16_A2f16_1i16l0_2t1_p16_A2i32_1i16l0_2t1_p16_Si32_I2_I128_I2,moe_topk_gating_kernel_Kt1_A2f16_1v8l0_2t1_3i16_p16_A2f16_1i16l0_2t1_p16_A2i32_1i16l0_2t1_p16_Si32_I2_I128_I2,moe_topk_gating_kernel:none,moe_topk_gating_kernel:none,"moe_topk_gating_kernel:LDG[16b:100%]; STG[16b:50%,32b:50%]","moe_topk_gating_kernel:LDG[16b:100%]; STG[16b:50%,32b:50%]",0.0276,0.0317,1.14855,23019520,24903680,4505600,4915200,8273920,7864320,1638400,2211840,245760,491520,245760,245760,0,0,1802240,1474560,0,0,0,0,0,0,0,0,0,0,1310720,1802240,0,163840,409600,573440,5252608,5256704,22.0,26.0,1068.0,1056.0,89.17412162178294,92.57564341944901,,"architecture sm_100 vs sm_90 | benchmark protocol: B200 frozen columns (20/100 config, 64 MB eviction for 41 ops) vs GH200 1/3 with 120 MiB eviction | NCU 2026.1.1 (B200) vs 2025.4.0 (GH200) | cuda-tile: B200 paper campaign 1.3.0 per developer_guide, B200 profile capture version unrecorded; GH200 1.5.0 + tileiras 13.4.92 | autotuned winner differs"
moe_topk_gating,Reduction/Normalization,fp32,cutile,8905ae12e9d2f3a8c4b3480a4c01859e834eb3ba4dbe01895f45034bae75e606,8905ae12e9d2f3a8c4b3480a4c01859e834eb3ba4dbe01895f45034bae75e606,True,"{""E"":128,""M"":20480,""k"":2}","{""occupancy"": 16}","{""occupancy"": 8}",False,2026.1.1.0 (build 37634170) (public-release),2025.4.0.0 (build 36690805) (public-release),full/application,full/application,1,1,moe_topk_gating_kernel_Kt1_A2f32_1v4l0_2t1_3i16_p16_A2f32_1i16l0_2t1_p16_A2i32_1i16l0_2t1_p16_Si32_I2_I128_I2,moe_topk_gating_kernel_Kt1_A2f32_1v4l0_2t1_3i16_p16_A2f32_1i16l0_2t1_p16_A2i32_1i16l0_2t1_p16_Si32_I2_I128_I2,moe_topk_gating_kernel:none,moe_topk_gating_kernel:none,moe_topk_gating_kernel:LDG[32b:100%]; STG[32b:100%],moe_topk_gating_kernel:LDG[32b:100%]; STG[32b:100%],0.0276,0.0315,1.1413,22855680,24739840,4505600,4915200,8273920,7864320,1556480,2129920,163840,409600,245760,245760,0,0,1802240,1474560,0,0,0,0,0,0,0,0,0,0,1310720,1802240,0,163840,409600,573440,10504960,10499584,22.0,26.0,1068.0,1056.0,88.86680913129192,92.60938346263413,,"architecture sm_100 vs sm_90 | benchmark protocol: B200 frozen columns (20/100 config, 64 MB eviction for 41 ops) vs GH200 1/3 with 120 MiB eviction | NCU 2026.1.1 (B200) vs 2025.4.0 (GH200) | cuda-tile: B200 paper campaign 1.3.0 per developer_guide, B200 profile capture version unrecorded; GH200 1.5.0 + tileiras 13.4.92 | autotuned winner differs"
mul2,Point-wise,bf16,cutile,e8ed81309f5789f063c315bd91c6d1dfd6e611322b193e8b75af45ff01907978,e8ed81309f5789f063c315bd91c6d1dfd6e611322b193e8b75af45ff01907978,True,"{""n"":20971520}","{""occupancy"": 32, ""tile"": 1024}","{""occupancy"": 32, ""tile"": 1024}",True,2026.1.1.0 (build 37634170) (public-release),2025.4.0.0 (build 36690805) (public-release),full/application,full/application,1,1,mul2_kernel_Kt1_A1bf16_1i16t1_p16_A1bf16_1i16t1_p16_I1024,mul2_kernel_Kt1_A1bf16_1i16t1_p16_A1bf16_1i16t1_p16_I1024,mul2_kernel:none,mul2_kernel:none,mul2_kernel:LDG[128b:100%]; STG[128b:100%],mul2_kernel:LDG[128b:100%]; STG[128b:100%],0.0160,0.0272,1.7,5570560,6307840,2539520,2867200,819200,983040,409600,491520,163840,409600,163840,163840,0,0,0,0,0,0,0,0,0,0,0,0,0,0,163840,163840,0,0,327680,327680,41950976,41952256,16.0,16.0,1024.0,1024.0,76.85108226165698,79.85967566172533,,"architecture sm_100 vs sm_90 | benchmark protocol: B200 frozen columns (20/100 config, 64 MB eviction for 41 ops) vs GH200 1/3 with 120 MiB eviction | NCU 2026.1.1 (B200) vs 2025.4.0 (GH200) | cuda-tile: B200 paper campaign 1.3.0 per developer_guide, B200 profile capture version unrecorded; GH200 1.5.0 + tileiras 13.4.92"
mul2,Point-wise,fp16,cutile,6556d965ae6079dd7e9e4b391fe257de0c9c02b71015d5d43f97e8ecc82ffec3,6556d965ae6079dd7e9e4b391fe257de0c9c02b71015d5d43f97e8ecc82ffec3,True,"{""n"":20971520}","{""occupancy"": 4, ""tile"": 1024}","{""occupancy"": 8, ""tile"": 1024}",False,2026.1.1.0 (build 37634170) (public-release),2025.4.0.0 (build 36690805) (public-release),full/application,full/application,1,1,mul2_kernel_Kt1_A1f16_1i16t1_p16_A1f16_1i16t1_p16_I1024,mul2_kernel_Kt1_A1f16_1i16t1_p16_A1f16_1i16t1_p16_I1024,mul2_kernel:none,mul2_kernel:none,mul2_kernel:LDG[128b:100%]; STG[128b:100%],mul2_kernel:LDG[128b:100%]; STG[128b:100%],0.0161,0.0271,1.68323,5570560,6307840,2539520,2867200,819200,983040,409600,491520,163840,409600,163840,163840,0,0,0,0,0,0,0,0,0,0,0,0,0,0,163840,163840,0,0,327680,327680,41950976,41953280,16.0,16.0,1024.0,1024.0,78.75029720416191,80.26874279263717,,"architecture sm_100 vs sm_90 | benchmark protocol: B200 frozen columns (20/100 config, 64 MB eviction for 41 ops) vs GH200 1/3 with 120 MiB eviction | NCU 2026.1.1 (B200) vs 2025.4.0 (GH200) | cuda-tile: B200 paper campaign 1.3.0 per developer_guide, B200 profile capture version unrecorded; GH200 1.5.0 + tileiras 13.4.92 | autotuned winner differs"
mul2,Point-wise,fp32,cutile,a4db358b5fa1763492e4a4f22423463add703c41ef1c655a1f4be9e9f09f9823,a4db358b5fa1763492e4a4f22423463add703c41ef1c655a1f4be9e9f09f9823,True,"{""n"":20971520}","{""occupancy"": 8, ""tile"": 2048}","{""occupancy"": 4, ""tile"": 512}",False,2026.1.1.0 (build 37634170) (public-release),2025.4.0.0 (build 36690805) (public-release),full/application,full/application,1,1,mul2_kernel_Kt1_A1f32_1i16t1_p16_A1f32_1i16t1_p16_I2048,mul2_kernel_Kt1_A1f32_1i16t1_p16_A1f32_1i16t1_p16_I512,mul2_kernel:none,mul2_kernel:none,mul2_kernel:LDG[128b:100%]; STG[128b:100%],mul2_kernel:LDG[128b:100%]; STG[128b:100%],0.0277,0.0487,1.75812,6103040,12615680,2703360,5734400,1146880,1966080,368640,983040,81920,819200,327680,327680,0,0,0,0,0,0,0,0,0,0,0,0,0,0,327680,327680,0,0,409600,655360,83899392,83896576,30.0,16.0,1024.0,1024.0,80.52040752531596,81.02604478865234,,"architecture sm_100 vs sm_90 | benchmark protocol: B200 frozen columns (20/100 config, 64 MB eviction for 41 ops) vs GH200 1/3 with 120 MiB eviction | NCU 2026.1.1 (B200) vs 2025.4.0 (GH200) | cuda-tile: B200 paper campaign 1.3.0 per developer_guide, B200 profile capture version unrecorded; GH200 1.5.0 + tileiras 13.4.92 | autotuned winner differs | kernel set/names differ"
mul2,Point-wise,int8,cutile,36150d0b69d4ffb9f066f5bce3e83b12ffe3a6aed368ee32ef5993851a9004e2,36150d0b69d4ffb9f066f5bce3e83b12ffe3a6aed368ee32ef5993851a9004e2,True,"{""n"":20971520}","{""occupancy"": 16, ""tile"": 2048}","{""occupancy"": 32, ""tile"": 2048}",False,2026.1.1.0 (build 37634170) (public-release),2025.4.0.0 (build 36690805) (public-release),full/application,full/application,1,1,mul2_kernel_Kt1_A1i8_1i16t1_p16_A1i8_1i16t1_p16_I2048,mul2_kernel_Kt1_A1i8_1i16t1_p16_A1i8_1i16t1_p16_I2048,mul2_kernel:none,mul2_kernel:none,mul2_kernel:LDG[128b:100%]; STG[128b:100%],mul2_kernel:LDG[128b:100%]; STG[128b:100%],0.0099,0.0145,1.46465,4997120,5365760,2416640,2580480,409600,491520,40960,81920,1228800,1351680,81920,81920,0,0,0,0,0,0,0,0,0,0,0,0,0,0,81920,81920,0,0,163840,163840,20978432,20978176,20.0,21.0,1024.0,1024.0,79.10036167349762,76.78226065276604,,"architecture sm_100 vs sm_90 | benchmark protocol: B200 frozen columns (20/100 config, 64 MB eviction for 41 ops) vs GH200 1/3 with 120 MiB eviction | NCU 2026.1.1 (B200) vs 2025.4.0 (GH200) | cuda-tile: B200 paper campaign 1.3.0 per developer_guide, B200 profile capture version unrecorded; GH200 1.5.0 + tileiras 13.4.92 | autotuned winner differs"
quantize_global,Point-wise,fp32,cutile,a63b18e219c3c4edeb3d6e41f5ba11c90a2f9ed4f9318e84b7cdbb8b0fd158a7,a63b18e219c3c4edeb3d6e41f5ba11c90a2f9ed4f9318e84b7cdbb8b0fd158a7,True,"{""n"":20971520}","{""occupancy"": 4, ""tile"": 4096}","{""occupancy"": 8, ""tile"": 4096}",False,2026.1.1.0 (build 37634170) (public-release),2025.4.0.0 (build 36690805) (public-release),full/application,full/application,1,1,quantize_kernel_Kt1_A1f32_1i16t1_p16_A1f16_1i16t1_p16_I4096,quantize_kernel_Kt1_A1f32_1i16t1_p16_A1f16_1i16t1_p16_I4096,quantize_kernel:none,quantize_kernel:none,quantize_kernel:LDG[128b:100%]; STG[128b:100%],quantize_kernel:LDG[128b:100%]; STG[128b:100%],0.0217,0.0383,1.76498,5611520,5652480,2088960,1884160,757760,942080,20480,40960,1024000,1085440,245760,245760,0,0,163840,163840,0,0,0,0,0,0,0,0,0,0,348160,348160,0,0,389120,389120,83899136,83898112,43.0,44.0,17420.0,17408.0,51.02801005050965,56.650590350107954,,"architecture sm_100 vs sm_90 | benchmark protocol: B200 frozen columns (20/100 config, 64 MB eviction for 41 ops) vs GH200 1/3 with 120 MiB eviction | NCU 2026.1.1 (B200) vs 2025.4.0 (GH200) | cuda-tile: B200 paper campaign 1.3.0 per developer_guide, B200 profile capture version unrecorded; GH200 1.5.0 + tileiras 13.4.92 | autotuned winner differs"
radix_sort,Data Layout,int32,cutile,0c49770544eaebb78f5fa7ea256dcd378f05dd0b876de5a97d10b315ed0d77fd,0c49770544eaebb78f5fa7ea256dcd378f05dd0b876de5a97d10b315ed0d77fd,True,"{""n"":20000000}","{""occupancy"": 32}","{""occupancy"": 4}",False,2026.1.1.0 (build 37634170) (public-release),2025.4.0.0 (build 36690805) (public-release),full/application,full/application,80,80,radix_histogram_kernel_Kt1_A1i32_1i16t1_p16_A1i32_1i16t1_p16_Si32_Si32_Si32_I1024_I4_I16_I65535;radix_scan_chunk_sums_kernel_Kt1_A1i32_1t1_p16_I1024;radix_scan_chunks_kernel_Kt1_A1i32_1i16t1_p16_A1i32_1t1_p16_I1024;radix_scatter_kernel_Kt1_A1i32_1i16t1_p16_A1i32_1i16t1_p16_A1i32_1i16t1_p16_Si32_Si32_Si32_I1024_I4_I16_I65535;radix_sum_chunks_kernel_Kt1_A1i32_1i16t1_p16_A1i32_1t1_p16_I1024,radix_histogram_kernel_Kt1_A1i32_1i16t1_p16_A1i32_1i16t1_p16_Si32_Si32_Si32_I1024_I4_I16_I65535;radix_scan_chunk_sums_kernel_Kt1_A1i32_1t1_p16_I1024;radix_scan_chunks_kernel_Kt1_A1i32_1i16t1_p16_A1i32_1t1_p16_I1024;radix_scatter_kernel_Kt1_A1i32_1i16t1_p16_A1i32_1i16t1_p16_A1i32_1i16t1_p16_Si32_Si32_Si32_I1024_I4_I16_I65535;radix_sum_chunks_kernel_Kt1_A1i32_1i16t1_p16_A1i32_1t1_p16_I1024,radix_histogram_kernel:none / radix_sum_chunks_kernel:none / radix_scan_chunk_sums_kernel:none / radix_scan_chunks_kernel:none / radix_scatter_kernel:none,radix_histogram_kernel:none / radix_sum_chunks_kernel:none / radix_scan_chunk_sums_kernel:none / radix_scan_chunks_kernel:none / radix_scatter_kernel:none,"radix_histogram_kernel:TMA[UTMACCTL.PF:312512,UTMALDG.1D:1250048]; STG[32b:100%] / radix_sum_chunks_kernel:TMA[UTMACCTL.PF:1232,UTMALDG.1D:4928]; STG[32b:100%] / radix_scan_chunk_sums_kernel:LDG[32b:100%]; STG[32b:100%] / radix_scan_chunks_kernel:LDG[32b:33%,128b:67%]; STG[128b:100%] / radix_scatter_kernel:LDG[32b:80%,128b:20%]; STG[32b:100%]","radix_histogram_kernel:TMA[UTMACCTL.PF:312512,UTMALDG.1D:1250048]; STG[32b:100%] / radix_sum_chunks_kernel:TMA[UTMACCTL.PF:1232,UTMALDG.1D:4928]; STG[32b:100%] / radix_scan_chunk_sums_kernel:LDG[32b:100%]; STG[32b:100%] / radix_scan_chunks_kernel:LDG[32b:33%,128b:67%]; STG[128b:100%] / radix_scatter_kernel:LDG[32b:80%,128b:20%]; STG[32b:100%]",2.2994,2.7247,1.18496,1416891887,1482468409,759893889,760391644,291735040,310549440,2823696,5647392,23148064,49119824,22843680,23781216,0,0,87984448,105172608,0,0,1568720,1568720,0,0,0,0,0,0,46677282,34437464,0,0,38219554,24421976,1786697472,2469075968,108.0,92.0,34828.0,44032.0,23.079757364911664,30.07375824394399,,"architecture sm_100 vs sm_90 | benchmark protocol: B200 frozen columns (20/100 config, 64 MB eviction for 41 ops) vs GH200 1/3 with 120 MiB eviction | NCU 2026.1.1 (B200) vs 2025.4.0 (GH200) | cuda-tile: B200 paper campaign 1.3.0 per developer_guide, B200 profile capture version unrecorded; GH200 1.5.0 + tileiras 13.4.92 | autotuned winner differs"
relu,Point-wise,bf16,cutile,59a0dd09a0b907abe95a67d37453c56ae5488f682636157bf8421d031562479f,59a0dd09a0b907abe95a67d37453c56ae5488f682636157bf8421d031562479f,True,"{""n"":20971520}","{""occupancy"": 4, ""tile"": 2048}","{""occupancy"": 32, ""tile"": 2048}",False,2026.1.1.0 (build 37634170) (public-release),2025.4.0.0 (build 36690805) (public-release),full/application,full/application,1,1,relu_kernel_Kt1_A1bf16_1i16t1_p16_A1bf16_1i16t1_p16_I2048,relu_kernel_Kt1_A1bf16_1i16t1_p16_A1bf16_1i16t1_p16_I2048,relu_kernel:none,relu_kernel:none,relu_kernel:LDG[128b:100%]; STG[128b:100%],relu_kernel:LDG[128b:100%]; STG[128b:100%],0.0152,0.0259,1.70395,5242880,4792320,1556480,860160,1638400,1802240,40960,81920,737280,860160,163840,163840,0,0,0,0,0,0,0,0,0,0,0,0,0,0,245760,163840,0,0,286720,327680,41952256,41953792,18.0,22.0,1024.0,1024.0,76.22854350821052,80.57993976501886,,"architecture sm_100 vs sm_90 | benchmark protocol: B200 frozen columns (20/100 config, 64 MB eviction for 41 ops) vs GH200 1/3 with 120 MiB eviction | NCU 2026.1.1 (B200) vs 2025.4.0 (GH200) | cuda-tile: B200 paper campaign 1.3.0 per developer_guide, B200 profile capture version unrecorded; GH200 1.5.0 + tileiras 13.4.92 | autotuned winner differs"
relu,Point-wise,fp16,cutile,4ea49cd597817337590ac3da83c69ae5c9ef33fded4db17f1875d2cc9707dad9,4ea49cd597817337590ac3da83c69ae5c9ef33fded4db17f1875d2cc9707dad9,True,"{""n"":20971520}","{""occupancy"": 8, ""tile"": 2048}","{""occupancy"": 32, ""tile"": 2048}",False,2026.1.1.0 (build 37634170) (public-release),2025.4.0.0 (build 36690805) (public-release),full/application,full/application,1,1,relu_kernel_Kt1_A1f16_1i16t1_p16_A1f16_1i16t1_p16_I2048,relu_kernel_Kt1_A1f16_1i16t1_p16_A1f16_1i16t1_p16_I2048,relu_kernel:none,relu_kernel:none,relu_kernel:LDG[128b:100%]; STG[128b:100%],relu_kernel:LDG[128b:100%]; STG[128b:100%],0.0153,0.0262,1.71242,5242880,4792320,1556480,860160,1638400,1802240,40960,81920,737280,860160,163840,163840,0,0,0,0,0,0,0,0,0,0,0,0,0,0,245760,163840,0,0,286720,327680,41951488,41951488,18.0,22.0,1024.0,1024.0,74.97250527324849,80.44363729127959,,"architecture sm_100 vs sm_90 | benchmark protocol: B200 frozen columns (20/100 config, 64 MB eviction for 41 ops) vs GH200 1/3 with 120 MiB eviction | NCU 2026.1.1 (B200) vs 2025.4.0 (GH200) | cuda-tile: B200 paper campaign 1.3.0 per developer_guide, B200 profile capture version unrecorded; GH200 1.5.0 + tileiras 13.4.92 | autotuned winner differs"
relu,Point-wise,fp32,cutile,fe65c8672056e95d9d398b21b2accdcee062ea2e0a1ba1383e64f8ec5f3c259f,fe65c8672056e95d9d398b21b2accdcee062ea2e0a1ba1383e64f8ec5f3c259f,True,"{""n"":20971520}","{""occupancy"": 4, ""tile"": 2048}","{""occupancy"": 4, ""tile"": 512}",False,2026.1.1.0 (build 37634170) (public-release),2025.4.0.0 (build 36690805) (public-release),full/application,full/application,1,1,relu_kernel_Kt1_A1f32_1i16t1_p16_A1f32_1i16t1_p16_I2048,relu_kernel_Kt1_A1f32_1i16t1_p16_A1f32_1i16t1_p16_I512,relu_kernel:none,relu_kernel:none,relu_kernel:LDG[128b:100%]; STG[128b:100%],relu_kernel:LDG[128b:100%]; STG[128b:100%],0.0277,0.0489,1.76534,6758400,12779520,2375680,5079040,2457600,3276800,40960,327680,81920,819200,327680,327680,0,0,0,0,0,0,0,0,0,0,0,0,0,0,327680,327680,0,0,409600,819200,83898624,83896320,30.0,16.0,1024.0,1024.0,79.82019442159141,81.92812366273998,,"architecture sm_100 vs sm_90 | benchmark protocol: B200 frozen columns (20/100 config, 64 MB eviction for 41 ops) vs GH200 1/3 with 120 MiB eviction | NCU 2026.1.1 (B200) vs 2025.4.0 (GH200) | cuda-tile: B200 paper campaign 1.3.0 per developer_guide, B200 profile capture version unrecorded; GH200 1.5.0 + tileiras 13.4.92 | autotuned winner differs | kernel set/names differ"
relu,Point-wise,int8,cutile,0aaec6709e6cbe3ae35d7d0e3c73fd82e386af4b267b345e2a9dc79ba310c371,0aaec6709e6cbe3ae35d7d0e3c73fd82e386af4b267b345e2a9dc79ba310c371,True,"{""n"":20971520}","{""occupancy"": 8, ""tile"": 2048}","{""occupancy"": 16, ""tile"": 2048}",False,2026.1.1.0 (build 37634170) (public-release),2025.4.0.0 (build 36690805) (public-release),full/application,full/application,1,1,relu_kernel_Kt1_A1i8_1i16t1_p16_A1i8_1i16t1_p16_I2048,relu_kernel_Kt1_A1i8_1i16t1_p16_A1i8_1i16t1_p16_I2048,relu_kernel:none,relu_kernel:none,relu_kernel:LDG[128b:100%]; STG[128b:100%],relu_kernel:LDG[128b:100%]; STG[128b:100%],0.0123,0.0147,1.19512,6266880,6717440,2416640,2580480,409600,491520,40960,81920,2580480,2744320,81920,81920,0,0,0,0,0,0,0,0,0,0,0,0,0,0,81920,81920,0,0,163840,204800,20980992,20979712,25.0,26.0,1024.0,1024.0,78.6694585207492,80.37813575885667,,"architecture sm_100 vs sm_90 | benchmark protocol: B200 frozen columns (20/100 config, 64 MB eviction for 41 ops) vs GH200 1/3 with 120 MiB eviction | NCU 2026.1.1 (B200) vs 2025.4.0 (GH200) | cuda-tile: B200 paper campaign 1.3.0 per developer_guide, B200 profile capture version unrecorded; GH200 1.5.0 + tileiras 13.4.92 | autotuned winner differs"
reverse_array,Data Layout,bf16,cutile,ed3a42161302728d99d0d9ee14803041fc33dce9b75b7766b5018b1d5e80dc0a,ed3a42161302728d99d0d9ee14803041fc33dce9b75b7766b5018b1d5e80dc0a,True,"{""n"":20000000}","{""occupancy"": 16, ""tile"": 1024}","{""occupancy"": 4, ""tile"": 8192}",False,2026.1.1.0 (build 37634170) (public-release),2025.4.0.0 (build 36690805) (public-release),full/application,full/application,1,1,reverse_kernel_Kt1_A1bf16_1i16t1_p16_A1bf16_1i16t1_p16_Si32_I1024,reverse_kernel_Kt1_A1bf16_1i16t1_p16_A1bf16_1i16t1_p16_Si32_I8192,reverse_kernel:none,reverse_kernel:none,reverse_kernel:LDG[16b:100%]; STG[128b:100%],reverse_kernel:LDG[16b:100%]; STG[128b:100%],0.0182,0.0273,1.5,6797124,4434664,2187581,1250304,1015664,840048,78128,19536,781280,1299144,703149,703292,0,0,703149,156288,0,0,0,0,0,0,0,0,0,0,78128,9768,0,0,156253,29300,40008448,40014080,23.0,86.0,3084.0,17408.0,85.31611458281515,28.862682529788508,,"architecture sm_100 vs sm_90 | benchmark protocol: B200 frozen columns (20/100 config, 64 MB eviction for 41 ops) vs GH200 1/3 with 120 MiB eviction | NCU 2026.1.1 (B200) vs 2025.4.0 (GH200) | cuda-tile: B200 paper campaign 1.3.0 per developer_guide, B200 profile capture version unrecorded; GH200 1.5.0 + tileiras 13.4.92 | autotuned winner differs | kernel set/names differ"
reverse_array,Data Layout,fp16,cutile,983fef03544b35edd79027c397d75a792a88a051eb67d561e138b1badb8c3be0,983fef03544b35edd79027c397d75a792a88a051eb67d561e138b1badb8c3be0,True,"{""n"":20000000}","{""occupancy"": 16, ""tile"": 8192}","{""occupancy"": 8, ""tile"": 4096}",False,2026.1.1.0 (build 37634170) (public-release),2025.4.0.0 (build 36690805) (public-release),full/application,full/application,1,1,reverse_kernel_Kt1_A1f16_1i16t1_p16_A1f16_1i16t1_p16_Si32_I8192,reverse_kernel_Kt1_A1f16_1i16t1_p16_A1f16_1i16t1_p16_Si32_I4096,reverse_kernel:none,reverse_kernel:none,reverse_kernel:LDG[16b:100%]; STG[128b:100%],reverse_kernel:LDG[16b:100%]; STG[128b:100%],0.0180,0.0276,1.53333,4190464,5234570,1064712,1679752,810744,898472,9768,39064,1269840,1347708,703292,703149,0,0,156288,234384,0,0,0,0,0,0,0,0,0,0,9768,19532,0,0,29300,58593,40024832,40012544,88.0,44.0,17420.0,9216.0,28.43277870968649,55.95522024223474,,"architecture sm_100 vs sm_90 | benchmark protocol: B200 frozen columns (20/100 config, 64 MB eviction for 41 ops) vs GH200 1/3 with 120 MiB eviction | NCU 2026.1.1 (B200) vs 2025.4.0 (GH200) | cuda-tile: B200 paper campaign 1.3.0 per developer_guide, B200 profile capture version unrecorded; GH200 1.5.0 + tileiras 13.4.92 | autotuned winner differs | kernel set/names differ"
reverse_array,Data Layout,fp32,cutile,810a2da2844180fc32c3ce5600f0d5ed5b1c332b7d203edfc2f2f377bfc8308e,810a2da2844180fc32c3ce5600f0d5ed5b1c332b7d203edfc2f2f377bfc8308e,True,"{""n"":20000000}","{""occupancy"": 8, ""tile"": 1024}","{""occupancy"": 8, ""tile"": 1024}",True,2026.1.1.0 (build 37634170) (public-release),2025.4.0.0 (build 36690805) (public-release),full/application,full/application,1,1,reverse_kernel_Kt1_A1f32_1i16t1_p16_A1f32_1i16t1_p16_Si32_I1024,reverse_kernel_Kt1_A1f32_1i16t1_p16_A1f32_1i16t1_p16_Si32_I1024,reverse_kernel:none,reverse_kernel:none,reverse_kernel:LDG[32b:100%]; STG[128b:100%],reverse_kernel:LDG[32b:100%]; STG[128b:100%],0.0261,0.0469,1.79693,8515944,9453468,4140784,4609540,1171920,1406304,78128,156256,156256,390640,781276,781276,0,0,468768,468768,0,0,0,0,0,0,0,0,0,0,78128,78128,0,0,234380,234380,80012288,80012032,28.0,18.0,5132.0,5120.0,87.48525516406568,91.92934944813979,,"architecture sm_100 vs sm_90 | benchmark protocol: B200 frozen columns (20/100 config, 64 MB eviction for 41 ops) vs GH200 1/3 with 120 MiB eviction | NCU 2026.1.1 (B200) vs 2025.4.0 (GH200) | cuda-tile: B200 paper campaign 1.3.0 per developer_guide, B200 profile capture version unrecorded; GH200 1.5.0 + tileiras 13.4.92"
reverse_array,Data Layout,int8,cutile,42f89c33d4beb189ee2a29ca4be689bb4988b9fa96c279d09df387c99beedc99,42f89c33d4beb189ee2a29ca4be689bb4988b9fa96c279d09df387c99beedc99,True,"{""n"":20000000}","{""occupancy"": 4, ""tile"": 8192}","{""occupancy"": 16, ""tile"": 1024}",False,2026.1.1.0 (build 37634170) (public-release),2025.4.0.0 (build 36690805) (public-release),full/application,full/application,1,1,reverse_kernel_Kt1_A1i8_1i16t1_p16_A1i8_1i16t1_p16_Si32_I8192,reverse_kernel_Kt1_A1i8_1i16t1_p16_A1i8_1i16t1_p16_Si32_I1024,reverse_kernel:none,reverse_kernel:none,reverse_kernel:LDG[8b:100%]; STG[128b:100%],reverse_kernel:LDG[8b:100%]; STG[64b:100%],0.0124,0.0167,1.34677,4942600,7422151,1699632,2343840,732600,1250048,9768,156256,1582416,1015664,664220,703149,0,0,78144,703149,0,0,0,0,0,0,0,0,0,0,9768,78128,0,0,29300,156253,20015616,20007424,76.0,28.0,9228.0,2048.0,31.500481565748267,85.52852466363751,,"architecture sm_100 vs sm_90 | benchmark protocol: B200 frozen columns (20/100 config, 64 MB eviction for 41 ops) vs GH200 1/3 with 120 MiB eviction | NCU 2026.1.1 (B200) vs 2025.4.0 (GH200) | cuda-tile: B200 paper campaign 1.3.0 per developer_guide, B200 profile capture version unrecorded; GH200 1.5.0 + tileiras 13.4.92 | autotuned winner differs | kernel set/names differ"
rmsnorm,Reduction/Normalization,bf16,cutile,1288e3a1abb85f3e350691afe9d8f11c3f4e9064f9fcb13ddde25a540e1add80,1288e3a1abb85f3e350691afe9d8f11c3f4e9064f9fcb13ddde25a540e1add80,True,"{""K"":10240,""M"":2048,""batch"":1}","{""occupancy"": 16, ""tile_size"": 2048}","{""occupancy"": 4, ""tile_size"": 2048}",False,2026.1.1.0 (build 37634170) (public-release),2025.4.0.0 (build 36690805) (public-release),full/application,full/application,1,1,rmsnorm_kernel_Kt1_A2bf16_1v8l0_2t1_3i16_p16_A1bf16_1i16t1_p16_A2bf16_1v8l0_2t1_3i16_p16_Sf32_I10240_I2048,rmsnorm_kernel_Kt1_A2bf16_1v8l0_2t1_3i16_p16_A1bf16_1i16t1_p16_A2bf16_1v8l0_2t1_3i16_p16_Sf32_I10240_I2048,rmsnorm_kernel:none,rmsnorm_kernel:none,rmsnorm_kernel:LDG[128b:100%]; STG[128b:100%],rmsnorm_kernel:LDG[128b:100%]; STG[128b:100%],0.0214,0.0288,1.34579,10846208,9338880,3915776,3137536,1310720,1228800,1187840,2260992,1327104,1351680,327680,327680,0,0,32768,32768,0,0,0,0,0,0,0,0,0,0,16384,16384,0,0,270336,24576,44012032,42398464,32.0,96.0,1052.0,1040.0,76.92450370714332,28.004650452569308,,"architecture sm_100 vs sm_90 | benchmark protocol: B200 frozen columns (20/100 config, 64 MB eviction for 41 ops) vs GH200 1/3 with 120 MiB eviction | NCU 2026.1.1 (B200) vs 2025.4.0 (GH200) | cuda-tile: B200 paper campaign 1.3.0 per developer_guide, B200 profile capture version unrecorded; GH200 1.5.0 + tileiras 13.4.92 | autotuned winner differs"
rmsnorm,Reduction/Normalization,fp16,cutile,a33b34a807d8cb49d19d42bc51fe557b157a6cdbcdf961c71164d39e95ee9a8d,a33b34a807d8cb49d19d42bc51fe557b157a6cdbcdf961c71164d39e95ee9a8d,True,"{""K"":10240,""M"":2048,""batch"":1}","{""occupancy"": 16, ""tile_size"": 1024}","{""occupancy"": 4, ""tile_size"": 2048}",False,2026.1.1.0 (build 37634170) (public-release),2025.4.0.0 (build 36690805) (public-release),full/application,full/application,1,1,rmsnorm_kernel_Kt1_A2f16_1v8l0_2t1_3i16_p16_A1f16_1i16t1_p16_A2f16_1v8l0_2t1_3i16_p16_Sf32_I10240_I1024,rmsnorm_kernel_Kt1_A2f16_1v8l0_2t1_3i16_p16_A1f16_1i16t1_p16_A2f16_1v8l0_2t1_3i16_p16_Sf32_I10240_I2048,rmsnorm_kernel:none,rmsnorm_kernel:none,rmsnorm_kernel:LDG[128b:100%]; STG[128b:100%],rmsnorm_kernel:LDG[128b:100%]; STG[128b:100%],0.0222,0.0293,1.31982,11722752,8740864,2883584,745472,1433600,1171456,3121152,4399104,344064,368640,327680,327680,0,0,32768,32768,0,0,0,0,0,0,0,0,0,0,16384,327680,0,0,385024,335872,44275456,43654912,31.0,72.0,1052.0,1040.0,74.21735055469352,37.679786088763365,,"architecture sm_100 vs sm_90 | benchmark protocol: B200 frozen columns (20/100 config, 64 MB eviction for 41 ops) vs GH200 1/3 with 120 MiB eviction | NCU 2026.1.1 (B200) vs 2025.4.0 (GH200) | cuda-tile: B200 paper campaign 1.3.0 per developer_guide, B200 profile capture version unrecorded; GH200 1.5.0 + tileiras 13.4.92 | autotuned winner differs | kernel set/names differ"
rmsnorm,Reduction/Normalization,fp32,cutile,e11fe6d3a765e370294c8b671f66fe29affdbc6adabc9d347c6b2ac81097dca6,e11fe6d3a765e370294c8b671f66fe29affdbc6adabc9d347c6b2ac81097dca6,True,"{""K"":10240,""M"":2048,""batch"":1}","{""occupancy"": 4, ""tile_size"": 1024}","{""occupancy"": 4, ""tile_size"": 1024}",True,2026.1.1.0 (build 37634170) (public-release),2025.4.0.0 (build 36690805) (public-release),full/application,full/application,1,1,rmsnorm_kernel_Kt1_A2f32_1v4l0_2t1_3i16_p16_A1f32_1i16t1_p16_A2f32_1v4l0_2t1_3i16_p16_Sf32_I10240_I1024,rmsnorm_kernel_Kt1_A2f32_1v4l0_2t1_3i16_p16_A1f32_1i16t1_p16_A2f32_1v4l0_2t1_3i16_p16_Sf32_I10240_I1024,rmsnorm_kernel:none,rmsnorm_kernel:none,rmsnorm_kernel:LDG[128b:100%]; STG[128b:100%],rmsnorm_kernel:LDG[128b:100%]; STG[128b:100%],0.0340,0.0569,1.67353,9920512,8282112,1335296,1794048,2375680,2244608,1146880,2162688,16384,40960,655360,655360,0,0,32768,32768,0,0,0,0,0,0,0,0,0,0,999424,16384,0,0,1007616,98304,85750528,101044224,68.0,94.0,1052.0,1040.0,41.199496802169364,26.71377109947058,,"architecture sm_100 vs sm_90 | benchmark protocol: B200 frozen columns (20/100 config, 64 MB eviction for 41 ops) vs GH200 1/3 with 120 MiB eviction | NCU 2026.1.1 (B200) vs 2025.4.0 (GH200) | cuda-tile: B200 paper campaign 1.3.0 per developer_guide, B200 profile capture version unrecorded; GH200 1.5.0 + tileiras 13.4.92"
rope,Point-wise,fp16,cutile,0e5044ce223bf21f1c23010169f86841a41ea3908839d07a7c430a025c6fa22c,0e5044ce223bf21f1c23010169f86841a41ea3908839d07a7c430a025c6fa22c,True,"{""batch_size"":1,""head_dim"":128,""n_heads"":32,""seq_len"":20480}","{""group_size"": 16, ""occupancy"": 8}","{""group_size"": 16, ""occupancy"": 4}",False,2026.1.1.0 (build 37634170) (public-release),2025.4.0.0 (build 36690805) (public-release),full/application,full/application,1,1,rope_embedding_Kt1_A4f16_7v8l0_8t1_bi16_p16_A2f16_1v8l0_2t1_3i16_p16_A2f16_1v8l0_2t1_3i16_p16_I20480_I64_I16,rope_embedding_Kt1_A4f16_7v8l0_8t1_bi16_p16_A2f16_1v8l0_2t1_3i16_p16_A2f16_1v8l0_2t1_3i16_p16_I20480_I64_I16,rope_embedding:none,rope_embedding:none,"rope_embedding:LDG[16b:50%,128b:50%]; STG[128b:100%]",rope_embedding:LDG[128b:100%]; STG[128b:100%],0.0530,0.1016,1.91698,40468480,33423360,18186240,14090240,7208960,4915200,2949120,3112960,655360,1146880,983040,983040,0,0,655360,0,0,0,0,0,0,0,0,0,0,0,1966080,1802240,0,0,1638400,1966080,172793856,178270464,32.0,32.0,2188.0,1024.0,88.56554116352649,88.13016137690313,,"architecture sm_100 vs sm_90 | benchmark protocol: B200 frozen columns (20/100 config, 64 MB eviction for 41 ops) vs GH200 1/3 with 120 MiB eviction | NCU 2026.1.1 (B200) vs 2025.4.0 (GH200) | cuda-tile: B200 paper campaign 1.3.0 per developer_guide, B200 profile capture version unrecorded; GH200 1.5.0 + tileiras 13.4.92 | autotuned winner differs"
rope,Point-wise,fp32,cutile,40b2d362544e99b824115b4cf74f099b11179d29fb22039bec9713e56f89d07b,40b2d362544e99b824115b4cf74f099b11179d29fb22039bec9713e56f89d07b,True,"{""batch_size"":1,""head_dim"":128,""n_heads"":32,""seq_len"":20480}","{""group_size"": 16, ""occupancy"": 8}","{""group_size"": 16, ""occupancy"": 8}",True,2026.1.1.0 (build 37634170) (public-release),2025.4.0.0 (build 36690805) (public-release),full/application,full/application,1,1,rope_embedding_Kt1_A4f32_7v4l0_8t1_bi16_p16_A2f32_1v4l0_2t1_3i16_p16_A2f32_1v4l0_2t1_3i16_p16_I20480_I64_I16,rope_embedding_Kt1_A4f32_7v4l0_8t1_bi16_p16_A2f32_1v4l0_2t1_3i16_p16_A2f32_1v4l0_2t1_3i16_p16_I20480_I64_I16,rope_embedding:none,rope_embedding:none,"rope_embedding:LDG[32b:33%,128b:67%]; STG[128b:100%]",rope_embedding:LDG[128b:100%]; STG[128b:100%],0.1030,0.1958,1.90097,44564480,44564480,20480000,17694720,8355840,9994240,2949120,5734400,655360,1146880,1638400,1638400,0,0,655360,0,0,0,0,0,0,0,0,0,0,0,1310720,819200,0,0,1638400,1474560,356412160,356543232,46.0,44.0,2316.0,1024.0,58.15079443986827,53.85154976279567,,"architecture sm_100 vs sm_90 | benchmark protocol: B200 frozen columns (20/100 config, 64 MB eviction for 41 ops) vs GH200 1/3 with 120 MiB eviction | NCU 2026.1.1 (B200) vs 2025.4.0 (GH200) | cuda-tile: B200 paper campaign 1.3.0 per developer_guide, B200 profile capture version unrecorded; GH200 1.5.0 + tileiras 13.4.92"
sigmoid,Point-wise,bf16,cutile,4aa1ec6120906e3dbaba486e10497608be20757b34ad598b38adc1c46512509d,4aa1ec6120906e3dbaba486e10497608be20757b34ad598b38adc1c46512509d,True,"{""n"":50000000}","{""occupancy"": 16, ""tile"": 4096}","{""occupancy"": 4, ""tile"": 1024}",False,2026.1.1.0 (build 37634170) (public-release),2025.4.0.0 (build 36690805) (public-release),full/application,full/application,1,1,sigmoid_kernel_Kt1_A1bf16_1i16t1_p16_A1bf16_1i16t1_p16_I4096,sigmoid_kernel_Kt1_A1bf16_1i16t1_p16_A1bf16_1i16t1_p16_I1024,sigmoid_kernel:none,sigmoid_kernel:none,sigmoid_kernel:LDG[128b:100%]; STG[128b:100%],sigmoid_kernel:LDG[128b:100%]; STG[128b:100%],0.0477,0.0666,1.39623,42092872,48438324,7178172,9570460,3125224,3906320,18214336,19922232,1660240,2539096,390644,390626,0,0,0,0,0,0,0,0,0,0,0,0,0,0,3125248,3515689,0,0,2002112,2343789,100020736,100020736,32.0,28.0,1024.0,1024.0,87.1670149505229,85.72743984510134,,"architecture sm_100 vs sm_90 | benchmark protocol: B200 frozen columns (20/100 config, 64 MB eviction for 41 ops) vs GH200 1/3 with 120 MiB eviction | NCU 2026.1.1 (B200) vs 2025.4.0 (GH200) | cuda-tile: B200 paper campaign 1.3.0 per developer_guide, B200 profile capture version unrecorded; GH200 1.5.0 + tileiras 13.4.92 | autotuned winner differs | kernel set/names differ"
sigmoid,Point-wise,fp16,cutile,75076a495ad2a26aaf8b82e6e5988eebf5decb343d455eb3c258a97a14e2ef66,75076a495ad2a26aaf8b82e6e5988eebf5decb343d455eb3c258a97a14e2ef66,True,"{""n"":50000000}","{""occupancy"": 16, ""tile"": 4096}","{""occupancy"": 16, ""tile"": 8192}",False,2026.1.1.0 (build 37634170) (public-release),2025.4.0.0 (build 36690805) (public-release),full/application,full/application,1,1,sigmoid_kernel_Kt1_A1f16_1i16t1_p16_A1f16_1i16t1_p16_I4096,sigmoid_kernel_Kt1_A1f16_1i16t1_p16_A1f16_1i16t1_p16_I8192,sigmoid_kernel:none,sigmoid_kernel:none,sigmoid_kernel:LDG[128b:100%]; STG[128b:100%],sigmoid_kernel:LDG[128b:100%]; STG[128b:100%],0.0477,0.0614,1.28721,41897556,40652640,5029672,4907616,3125224,4004224,19776864,20387360,878976,903392,390644,390656,0,0,0,0,0,0,0,0,0,0,0,0,0,0,3125248,3125248,0,0,2002112,1782368,100019968,100033280,32.0,32.0,1024.0,1024.0,86.93859039394334,84.83720972613307,,"architecture sm_100 vs sm_90 | benchmark protocol: B200 frozen columns (20/100 config, 64 MB eviction for 41 ops) vs GH200 1/3 with 120 MiB eviction | NCU 2026.1.1 (B200) vs 2025.4.0 (GH200) | cuda-tile: B200 paper campaign 1.3.0 per developer_guide, B200 profile capture version unrecorded; GH200 1.5.0 + tileiras 13.4.92 | autotuned winner differs | kernel set/names differ"
sigmoid,Point-wise,fp32,cutile,2e3d228dcd70af4d6b8be29058cba31c9247a8ee06d2c5d2cc7ae73cc76827f6,2e3d228dcd70af4d6b8be29058cba31c9247a8ee06d2c5d2cc7ae73cc76827f6,True,"{""n"":50000000}","{""occupancy"": 8, ""tile"": 2048}","{""occupancy"": 8, ""tile"": 1024}",False,2026.1.1.0 (build 37634170) (public-release),2025.4.0.0 (build 36690805) (public-release),full/application,full/application,1,1,sigmoid_kernel_Kt1_A1f32_1i16t1_p16_A1f32_1i16t1_p16_I2048,sigmoid_kernel_Kt1_A1f32_1i16t1_p16_A1f32_1i16t1_p16_I1024,sigmoid_kernel:none,sigmoid_kernel:none,sigmoid_kernel:LDG[128b:100%]; STG[128b:100%],sigmoid_kernel:LDG[128b:100%]; STG[128b:100%],0.0610,0.1142,1.87213,44435085,46680193,7226756,5859448,4297016,5468816,18457740,19531448,195320,976580,781261,781253,0,0,0,0,0,0,0,0,0,0,0,0,0,0,3906376,3906280,0,0,2539144,3125028,200026880,200022016,40.0,30.0,1024.0,1024.0,61.533192251726234,85.92221380500268,,"architecture sm_100 vs sm_90 | benchmark protocol: B200 frozen columns (20/100 config, 64 MB eviction for 41 ops) vs GH200 1/3 with 120 MiB eviction | NCU 2026.1.1 (B200) vs 2025.4.0 (GH200) | cuda-tile: B200 paper campaign 1.3.0 per developer_guide, B200 profile capture version unrecorded; GH200 1.5.0 + tileiras 13.4.92 | autotuned winner differs | kernel set/names differ"
softmax,Reduction/Normalization,fp16,cutile,080e2a826d47202de480ba2daf0ddbedeaaaef29fa87f45cd17c1cf556734a21,080e2a826d47202de480ba2daf0ddbedeaaaef29fa87f45cd17c1cf556734a21,True,"{""n_cols"":10240,""n_rows"":2048}","{""block_size"": 2048, ""occupancy"": 8}","{""block_size"": 2048, ""occupancy"": 8}",True,2026.1.1.0 (build 37634170) (public-release),2025.4.0.0 (build 36690805) (public-release),full/application,full/application,1,1,softmax_online_kernel_Kt1_A2f16_1v8l0_2t1_3i16_p16_A2f16_1v8l0_2t1_3i16_p16_Si32_I5_I2048,softmax_online_kernel_Kt1_A2f16_1v8l0_2t1_3i16_p16_A2f16_1v8l0_2t1_3i16_p16_Si32_I5_I2048,softmax_online_kernel:none,softmax_online_kernel:none,"softmax_online_kernel:TMA[UTMACCTL.PF:4096,UTMACMDFLUSH:20480,UTMALDG.2D:81920,UTMASTG.2D:81920]; LDG[128b:100%]","softmax_online_kernel:TMA[UTMACCTL.PF:4096,UTMACMDFLUSH:20480,UTMALDG.2D:81920,UTMASTG.2D:81920]; LDG[128b:100%]",0.0412,0.0455,1.10437,28391042,29457473,2379776,2813952,1220608,1318912,14841856,16361472,352256,389120,81920,81920,0,0,491520,409600,0,0,188416,188416,0,0,0,0,0,0,4310848,2852180,0,40960,3164686,1537717,42014720,42278656,32.0,32.0,27852.0,27840.0,56.25418802350445,57.34498159960254,,"architecture sm_100 vs sm_90 | benchmark protocol: B200 frozen columns (20/100 config, 64 MB eviction for 41 ops) vs GH200 1/3 with 120 MiB eviction | NCU 2026.1.1 (B200) vs 2025.4.0 (GH200) | cuda-tile: B200 paper campaign 1.3.0 per developer_guide, B200 profile capture version unrecorded; GH200 1.5.0 + tileiras 13.4.92"
softmax,Reduction/Normalization,fp32,cutile,cf43db097908ef9c9c6e7549d1bcf076609d45e08c01f136e0594907c2f5e3fc,cf43db097908ef9c9c6e7549d1bcf076609d45e08c01f136e0594907c2f5e3fc,True,"{""n_cols"":10240,""n_rows"":2048}","{""block_size"": 2048, ""occupancy"": 8}","{""block_size"": 2048, ""occupancy"": 8}",True,2026.1.1.0 (build 37634170) (public-release),2025.4.0.0 (build 36690805) (public-release),full/application,full/application,1,1,softmax_online_kernel_Kt1_A2f32_1v4l0_2t1_3i16_p16_A2f32_1v4l0_2t1_3i16_p16_Si32_I5_I2048,softmax_online_kernel_Kt1_A2f32_1v4l0_2t1_3i16_p16_A2f32_1v4l0_2t1_3i16_p16_Si32_I5_I2048,softmax_online_kernel:none,softmax_online_kernel:none,"softmax_online_kernel:TMA[UTMACCTL.PF:4096,UTMACMDFLUSH:40960,UTMALDG.2D:81920,UTMASTG.2D:81920]; LDG[128b:100%]","softmax_online_kernel:TMA[UTMACCTL.PF:4096,UTMACMDFLUSH:40960,UTMALDG.2D:81920,UTMASTG.2D:81920]; LDG[128b:100%]",0.0442,0.0605,1.36878,29163879,29731812,3317760,3276800,1548288,1728512,13531136,14977024,24576,61440,163840,163840,0,0,655360,573440,0,0,208896,208896,0,0,0,0,0,0,7736152,4136540,0,40960,6198088,2528591,84641792,105684736,32.0,32.0,19860.0,19848.0,62.62338087060506,67.3440643808783,,"architecture sm_100 vs sm_90 | benchmark protocol: B200 frozen columns (20/100 config, 64 MB eviction for 41 ops) vs GH200 1/3 with 120 MiB eviction | NCU 2026.1.1 (B200) vs 2025.4.0 (GH200) | cuda-tile: B200 paper campaign 1.3.0 per developer_guide, B200 profile capture version unrecorded; GH200 1.5.0 + tileiras 13.4.92"
streamk_matmul,Matrix Multiplication/Attention,bf16,cutile,25bc1f9313f25d60c0b511200b9865b3fbddacc85c4c511c0d7cfcd0f0904235,25bc1f9313f25d60c0b511200b9865b3fbddacc85c4c511c0d7cfcd0f0904235,True,"{""k"":4096,""m"":8192,""n"":28672}","{""group_m"": 8, ""occupancy"": 8, ""tk"": 64, ""tm"": 128, ""tn"": 128}","{""group_m"": 8, ""occupancy"": 8, ""tk"": 64, ""tm"": 128, ""tn"": 128}",True,2026.1.1.0 (build 37634170) (public-release),2025.4.0.0 (build 36690805) (public-release),full/application,full/application,2,2,first_wave_Kt1_A2bf16_1v8l0_2t1_3i16_p16_A2bf16_1v8l0_2t1_3i16_p16_A2f32_1v4l0_2t1_3i16_p16_I4096_I148_I128_I128_I64_I8;full_tiles_Kt1_A2bf16_1v8l0_2t1_3i16_p16_A2bf16_1v8l0_2t1_3i16_p16_A2f32_1v4l0_2t1_3i16_p16_I4096_I148_I128_I128_I64_I8,first_wave_Kt1_A2bf16_1v8l0_2t1_3i16_p16_A2bf16_1v8l0_2t1_3i16_p16_A2f32_1v4l0_2t1_3i16_p16_I4096_I132_I128_I128_I64_I8;full_tiles_Kt1_A2bf16_1v8l0_2t1_3i16_p16_A2bf16_1v8l0_2t1_3i16_p16_A2f32_1v4l0_2t1_3i16_p16_I4096_I132_I128_I128_I64_I8,first_wave:tcgen05[UTCHMMA:70656] / full_tiles:tcgen05[UTCHMMA:3599360],first_wave:wgmma[HGMMA.64x128x16.F32.BF16:434176] / full_tiles:wgmma[HGMMA.64x128x16.F32.BF16:28925952],"first_wave:TMA[UTMACCTL.PF:1184,UTMALDG.2D:52992] / full_tiles:TMA[UTMACCTL.PF:42180,UTMACMDFLUSH:56240,UTMALDG.2D:2699520,UTMASTG.2D:56240]","first_wave:TMA[UTMACCTL.PF:264,UTMALDG.2D:40704] / full_tiles:TMA[UTMACCTL.PF:42372,UTMACMDFLUSH:112992,UTMALDG.2D:2711808,UTMASTG.2D:112992]",2.6108,3.8500,1.47464,162832710,357791052,97168490,206694971,5728204,10574641,99752,171864,318640,550548,212992,175104,0,0,1942352,10562560,0,0,2908356,3021132,0,0,0,29360128,8938988,0,66535184,34988458,269824,175104,63751573,22446282,1965432320,2060914944,255.0,255.0,230628.0,230584.0,10.603091270220581,8.980930685648566,,"architecture sm_100 vs sm_90 | benchmark protocol: B200 frozen columns (20/100 config, 64 MB eviction for 41 ops) vs GH200 1/3 with 120 MiB eviction | NCU 2026.1.1 (B200) vs 2025.4.0 (GH200) | cuda-tile: B200 paper campaign 1.3.0 per developer_guide, B200 profile capture version unrecorded; GH200 1.5.0 + tileiras 13.4.92 | kernel set/names differ"
streamk_matmul,Matrix Multiplication/Attention,fp16,cutile,d7caa9fbfbd14aa8d632ab477ff01ef2acd5ff8650a12cf494d79c6b7ae05f2d,d7caa9fbfbd14aa8d632ab477ff01ef2acd5ff8650a12cf494d79c6b7ae05f2d,True,"{""k"":4096,""m"":8192,""n"":28672}","{""group_m"": 8, ""occupancy"": 16, ""tk"": 64, ""tm"": 128, ""tn"": 128}","{""group_m"": 8, ""occupancy"": 16, ""tk"": 64, ""tm"": 128, ""tn"": 128}",True,2026.1.1.0 (build 37634170) (public-release),2025.4.0.0 (build 36690805) (public-release),full/application,full/application,2,2,first_wave_Kt1_A2f16_1v8l0_2t1_3i16_p16_A2f16_1v8l0_2t1_3i16_p16_A2f32_1v4l0_2t1_3i16_p16_I4096_I148_I128_I128_I64_I8;full_tiles_Kt1_A2f16_1v8l0_2t1_3i16_p16_A2f16_1v8l0_2t1_3i16_p16_A2f32_1v4l0_2t1_3i16_p16_I4096_I148_I128_I128_I64_I8,first_wave_Kt1_A2f16_1v8l0_2t1_3i16_p16_A2f16_1v8l0_2t1_3i16_p16_A2f32_1v4l0_2t1_3i16_p16_I4096_I132_I128_I128_I64_I8;full_tiles_Kt1_A2f16_1v8l0_2t1_3i16_p16_A2f16_1v8l0_2t1_3i16_p16_A2f32_1v4l0_2t1_3i16_p16_I4096_I132_I128_I128_I64_I8,first_wave:tcgen05[UTCHMMA:70656] / full_tiles:tcgen05[UTCHMMA:3599360],first_wave:wgmma[HGMMA.64x128x16.F32:434176] / full_tiles:wgmma[HGMMA.64x128x16.F32:28925952],"first_wave:TMA[UTMACCTL.PF:1184,UTMALDG.2D:52992] / full_tiles:TMA[UTMACCTL.PF:42180,UTMACMDFLUSH:56240,UTMALDG.2D:2699520,UTMASTG.2D:56240]","first_wave:TMA[UTMACCTL.PF:264,UTMALDG.2D:40704] / full_tiles:TMA[UTMACCTL.PF:42372,UTMACMDFLUSH:112992,UTMALDG.2D:2711808,UTMASTG.2D:112992]",2.6735,3.8199,1.4288,162833178,357786200,97168425,206694791,5728204,10574361,99752,171864,318640,550548,212992,175104,0,0,1942352,10562560,0,0,2908356,3021132,0,0,0,29360128,8938988,0,66534932,34987590,269824,175104,63751361,22444827,1965237248,2044931584,255.0,255.0,230628.0,230584.0,10.592577293217802,8.982225960899509,,"architecture sm_100 vs sm_90 | benchmark protocol: B200 frozen columns (20/100 config, 64 MB eviction for 41 ops) vs GH200 1/3 with 120 MiB eviction | NCU 2026.1.1 (B200) vs 2025.4.0 (GH200) | cuda-tile: B200 paper campaign 1.3.0 per developer_guide, B200 profile capture version unrecorded; GH200 1.5.0 + tileiras 13.4.92 | kernel set/names differ"
streamk_matmul,Matrix Multiplication/Attention,fp32,cutile,62f15d6b87695f834a84aeea4568ad3f44738c31e6c21249233b6f226d735c02,62f15d6b87695f834a84aeea4568ad3f44738c31e6c21249233b6f226d735c02,True,"{""k"":4096,""m"":8192,""n"":28672}","{""group_m"": 8, ""occupancy"": 8, ""tk"": 32, ""tm"": 128, ""tn"": 128}","{""group_m"": 8, ""occupancy"": 16, ""tk"": 32, ""tm"": 128, ""tn"": 128}",False,2026.1.1.0 (build 37634170) (public-release),2025.4.0.0 (build 36690805) (public-release),full/application,full/application,2,2,first_wave_Kt1_A2f32_1v4l0_2t1_3i16_p16_A2f32_1v4l0_2t1_3i16_p16_A2f32_1v4l0_2t1_3i16_p16_I4096_I148_I128_I128_I32_I8;full_tiles_Kt1_A2f32_1v4l0_2t1_3i16_p16_A2f32_1v4l0_2t1_3i16_p16_A2f32_1v4l0_2t1_3i16_p16_I4096_I148_I128_I128_I32_I8,first_wave_Kt1_A2f32_1v4l0_2t1_3i16_p16_A2f32_1v4l0_2t1_3i16_p16_A2f32_1v4l0_2t1_3i16_p16_I4096_I132_I128_I128_I32_I8;full_tiles_Kt1_A2f32_1v4l0_2t1_3i16_p16_A2f32_1v4l0_2t1_3i16_p16_A2f32_1v4l0_2t1_3i16_p16_I4096_I132_I128_I128_I32_I8,first_wave:tcgen05[UTCHMMA:141312] / full_tiles:tcgen05[UTCHMMA:7198720],first_wave:wgmma[HGMMA.64x128x8.F32.TF32:868352] / full_tiles:wgmma[HGMMA.64x128x8.F32.TF32:57851904],"first_wave:TMA[UTMACCTL.PF:1184,UTMALDG.2D:176640] / full_tiles:TMA[UTMACCTL.PF:42180,UTMACMDFLUSH:56240,UTMALDG.2D:8998400,UTMASTG.2D:56240]","first_wave:TMA[UTMACCTL.PF:264,UTMALDG.2D:135680] / full_tiles:TMA[UTMACCTL.PF:42372,UTMACMDFLUSH:112992,UTMALDG.2D:9039360,UTMASTG.2D:112992]",4.3075,8.1288,1.88713,312320467,1020598194,189858234,552798586,8873790,18871822,99752,171864,318752,550548,216576,175104,0,0,1942352,134949888,0,5097232,9330884,9443660,0,0,0,58720256,16935660,0,126558074,134335260,273408,175104,121752397,74816185,4068768768,5994278400,255.0,255.0,230628.0,230624.0,10.775929289894322,9.231548732506749,,"architecture sm_100 vs sm_90 | benchmark protocol: B200 frozen columns (20/100 config, 64 MB eviction for 41 ops) vs GH200 1/3 with 120 MiB eviction | NCU 2026.1.1 (B200) vs 2025.4.0 (GH200) | cuda-tile: B200 paper campaign 1.3.0 per developer_guide, B200 profile capture version unrecorded; GH200 1.5.0 + tileiras 13.4.92 | autotuned winner differs | kernel set/names differ"
swiglu,Point-wise,bf16,cutile,7d0a4d3b0315ee2ca4a6d2b516b007cb730f901e4f240daf107aa9b53b88dbd5,7d0a4d3b0315ee2ca4a6d2b516b007cb730f901e4f240daf107aa9b53b88dbd5,True,"{""M"":4096,""N"":20480}","{""occupancy"": 8, ""tile"": 8192}","{""occupancy"": 8, ""tile"": 1024}",False,2026.1.1.0 (build 37634170) (public-release),2025.4.0.0 (build 36690805) (public-release),full/application,full/application,1,1,swiglu_kernel_Kt1_A1bf16_1i16t1_p16_A1bf16_1i16t1_p16_A1bf16_1i16t1_p16_I8192,swiglu_kernel_Kt1_A1bf16_1i16t1_p16_A1bf16_1i16t1_p16_A1bf16_1i16t1_p16_I1024,swiglu_kernel:none,swiglu_kernel:none,swiglu_kernel:LDG[128b:100%]; STG[128b:100%],swiglu_kernel:LDG[128b:100%]; STG[128b:100%],0.1007,0.1631,1.61966,73400320,95682560,13312000,21626880,6144000,7864320,33464320,37683200,4014080,5570560,983040,983040,0,0,0,0,0,0,0,0,0,0,0,0,0,0,5242880,6553600,0,0,2990080,4587520,335582208,335583232,56.0,40.0,1024.0,1024.0,51.2860677487848,65.14148238145302,,"architecture sm_100 vs sm_90 | benchmark protocol: B200 frozen columns (20/100 config, 64 MB eviction for 41 ops) vs GH200 1/3 with 120 MiB eviction | NCU 2026.1.1 (B200) vs 2025.4.0 (GH200) | cuda-tile: B200 paper campaign 1.3.0 per developer_guide, B200 profile capture version unrecorded; GH200 1.5.0 + tileiras 13.4.92 | autotuned winner differs | kernel set/names differ"
swiglu,Point-wise,fp16,cutile,e11418c11ee0f3666939d90d5186d1bdae58e5241bfbf081f9be130b135f8ec6,e11418c11ee0f3666939d90d5186d1bdae58e5241bfbf081f9be130b135f8ec6,True,"{""M"":4096,""N"":20480}","{""occupancy"": 8, ""tile"": 8192}","{""occupancy"": 4, ""tile"": 1024}",False,2026.1.1.0 (build 37634170) (public-release),2025.4.0.0 (build 36690805) (public-release),full/application,full/application,1,1,swiglu_kernel_Kt1_A1f16_1i16t1_p16_A1f16_1i16t1_p16_A1f16_1i16t1_p16_I8192,swiglu_kernel_Kt1_A1f16_1i16t1_p16_A1f16_1i16t1_p16_A1f16_1i16t1_p16_I1024,swiglu_kernel:none,swiglu_kernel:none,swiglu_kernel:LDG[128b:100%]; STG[128b:100%],swiglu_kernel:LDG[128b:100%]; STG[128b:100%],0.1000,0.1625,1.625,70451200,93061120,7372800,15728640,6144000,7864320,38707200,42926080,1392640,2949120,983040,983040,0,0,0,0,0,0,0,0,0,0,0,0,0,0,5242880,6553600,0,0,2990080,4587520,335575040,335614976,56.0,40.0,1024.0,1024.0,51.26204563123766,65.18826837061353,,"architecture sm_100 vs sm_90 | benchmark protocol: B200 frozen columns (20/100 config, 64 MB eviction for 41 ops) vs GH200 1/3 with 120 MiB eviction | NCU 2026.1.1 (B200) vs 2025.4.0 (GH200) | cuda-tile: B200 paper campaign 1.3.0 per developer_guide, B200 profile capture version unrecorded; GH200 1.5.0 + tileiras 13.4.92 | autotuned winner differs | kernel set/names differ"
swiglu,Point-wise,fp32,cutile,8fdf30272037087909c79d61775eab2ba0f9eddd706936000e6227621b37376f,8fdf30272037087909c79d61775eab2ba0f9eddd706936000e6227621b37376f,True,"{""M"":4096,""N"":20480}","{""occupancy"": 4, ""tile"": 1024}","{""occupancy"": 8, ""tile"": 1024}",False,2026.1.1.0 (build 37634170) (public-release),2025.4.0.0 (build 36690805) (public-release),full/application,full/application,1,1,swiglu_kernel_Kt1_A1f32_1i16t1_p16_A1f32_1i16t1_p16_A1f32_1i16t1_p16_I1024,swiglu_kernel_Kt1_A1f32_1i16t1_p16_A1f32_1i16t1_p16_A1f32_1i16t1_p16_I1024,swiglu_kernel:none,swiglu_kernel:none,swiglu_kernel:LDG[128b:100%]; STG[128b:100%],swiglu_kernel:LDG[128b:100%]; STG[128b:100%],0.1472,0.2756,1.87228,94371840,93388800,21626880,12451840,10485760,13107200,33751040,38010880,655360,1638400,1966080,1966080,0,0,0,0,0,0,0,0,0,0,0,0,0,0,7864320,7864320,0,0,5898240,5898240,671115264,671127808,44.0,39.0,1024.0,1024.0,54.14984834605697,65.74316031923534,,"architecture sm_100 vs sm_90 | benchmark protocol: B200 frozen columns (20/100 config, 64 MB eviction for 41 ops) vs GH200 1/3 with 120 MiB eviction | NCU 2026.1.1 (B200) vs 2025.4.0 (GH200) | cuda-tile: B200 paper campaign 1.3.0 per developer_guide, B200 profile capture version unrecorded; GH200 1.5.0 + tileiras 13.4.92 | autotuned winner differs"
top_k_selection,Data Layout,fp32,cutile,35809c3fa854730ce4e2ba168bbc36dd8b98abb21a75b7a8a21bee4c1abea2c8,35809c3fa854730ce4e2ba168bbc36dd8b98abb21a75b7a8a21bee4c1abea2c8,True,"{""N"":1048576,""k"":1024}","{""K2"": 1024, ""block"": 2048, ""occupancy"": 4}","{""K2"": 1024, ""block"": 2048, ""occupancy"": 4}",True,2026.1.1.0 (build 37634170) (public-release),2025.4.0.0 (build 36690805) (public-release),full/application,full/application,10,10,block_topk_kernel_b2048_Kt1_A1f32_1i16t1_p16_A2f32_1v4l0_2i16t1_p16_I1024;block_topk_kernel_b2048_Kt1_A1f32_1i16t1_p16_A2f32_1v4l0_2t1_3i16_p16_I1024,block_topk_kernel_b2048_Kt1_A1f32_1i16t1_p16_A2f32_1v4l0_2i16t1_p16_I1024;block_topk_kernel_b2048_Kt1_A1f32_1i16t1_p16_A2f32_1v4l0_2t1_3i16_p16_I1024,block_topk_kernel_b2048:none / block_topk_kernel_b2048:none,block_topk_kernel_b2048:none / block_topk_kernel_b2048:none,block_topk_kernel_b2048:LDG[128b:100%]; STG[128b:100%] / block_topk_kernel_b2048:LDG[128b:100%]; STG[128b:100%],block_topk_kernel_b2048:LDG[128b:100%]; STG[128b:100%] / block_topk_kernel_b2048:LDG[128b:100%]; STG[128b:100%],0.1087,0.1009,0.928243,12415128,12447864,1489488,1522224,3224496,3220404,4292508,4296600,16368,28644,24552,24552,0,0,2283336,2283336,0,0,0,0,0,0,0,0,0,0,986172,986172,0,0,16368,16368,4304384,4306688,72.0,76.0,9228.0,9216.0,20.35781661215204,22.264025449531186,,"architecture sm_100 vs sm_90 | benchmark protocol: B200 frozen columns (20/100 config, 64 MB eviction for 41 ops) vs GH200 1/3 with 120 MiB eviction | NCU 2026.1.1 (B200) vs 2025.4.0 (GH200) | cuda-tile: B200 paper campaign 1.3.0 per developer_guide, B200 profile capture version unrecorded; GH200 1.5.0 + tileiras 13.4.92"
vector_add,Point-wise,bf16,cutile,c920b37c03b68e9eb44be5ecf4c16fb2a18bfd0110176d86ff39a14865984991,c920b37c03b68e9eb44be5ecf4c16fb2a18bfd0110176d86ff39a14865984991,True,"{""n"":20971520}","{""occupancy"": 16, ""tile"": 2048}","{""occupancy"": 8, ""tile"": 1024}",False,2026.1.1.0 (build 37634170) (public-release),2025.4.0.0 (build 36690805) (public-release),full/application,full/application,1,1,add_kernel_Kt1_A1bf16_1i16t1_p16_A1bf16_1i16t1_p16_A1bf16_1i16t1_p16_I2048,add_kernel_Kt1_A1bf16_1i16t1_p16_A1bf16_1i16t1_p16_A1bf16_1i16t1_p16_I1024,add_kernel:none,add_kernel:none,add_kernel:LDG[128b:100%]; STG[128b:100%],add_kernel:LDG[128b:100%]; STG[128b:100%],0.0219,0.0383,1.74886,5570560,8273920,2375680,3850240,983040,1310720,368640,491520,81920,409600,245760,245760,0,0,0,0,0,0,0,0,0,0,0,0,0,0,327680,327680,0,0,409600,491520,83896832,83895808,28.0,18.0,1024.0,1024.0,80.83341094963413,83.56526726454014,,"architecture sm_100 vs sm_90 | benchmark protocol: B200 frozen columns (20/100 config, 64 MB eviction for 41 ops) vs GH200 1/3 with 120 MiB eviction | NCU 2026.1.1 (B200) vs 2025.4.0 (GH200) | cuda-tile: B200 paper campaign 1.3.0 per developer_guide, B200 profile capture version unrecorded; GH200 1.5.0 + tileiras 13.4.92 | autotuned winner differs | kernel set/names differ"
vector_add,Point-wise,fp16,cutile,126d98cd444880759b21ecc2b57f28a6724eb1c12f1f019030c4069eae5f562a,126d98cd444880759b21ecc2b57f28a6724eb1c12f1f019030c4069eae5f562a,True,"{""n"":20971520}","{""occupancy"": 16, ""tile"": 1024}","{""occupancy"": 4, ""tile"": 1024}",False,2026.1.1.0 (build 37634170) (public-release),2025.4.0.0 (build 36690805) (public-release),full/application,full/application,1,1,add_kernel_Kt1_A1f16_1i16t1_p16_A1f16_1i16t1_p16_A1f16_1i16t1_p16_I1024,add_kernel_Kt1_A1f16_1i16t1_p16_A1f16_1i16t1_p16_A1f16_1i16t1_p16_I1024,add_kernel:none,add_kernel:none,add_kernel:LDG[128b:100%]; STG[128b:100%],add_kernel:LDG[128b:100%]; STG[128b:100%],0.0220,0.0382,1.73636,7372800,8273920,3276800,3850240,1228800,1310720,409600,491520,163840,409600,245760,245760,0,0,0,0,0,0,0,0,0,0,0,0,0,0,327680,327680,0,0,491520,491520,83896320,83894784,16.0,18.0,1024.0,1024.0,77.29705179292073,82.73453494414834,,"architecture sm_100 vs sm_90 | benchmark protocol: B200 frozen columns (20/100 config, 64 MB eviction for 41 ops) vs GH200 1/3 with 120 MiB eviction | NCU 2026.1.1 (B200) vs 2025.4.0 (GH200) | cuda-tile: B200 paper campaign 1.3.0 per developer_guide, B200 profile capture version unrecorded; GH200 1.5.0 + tileiras 13.4.92 | autotuned winner differs"
vector_add,Point-wise,fp32,cutile,67ec1efc98ac714e0f4c0673fcbcdb471821c9babb21dfd959b572ac818c2988,67ec1efc98ac714e0f4c0673fcbcdb471821c9babb21dfd959b572ac818c2988,True,"{""n"":20971520}","{""occupancy"": 16, ""tile"": 512}","{""occupancy"": 32, ""tile"": 512}",False,2026.1.1.0 (build 37634170) (public-release),2025.4.0.0 (build 36690805) (public-release),full/application,full/application,1,1,add_kernel_Kt1_A1f32_1i16t1_p16_A1f32_1i16t1_p16_A1f32_1i16t1_p16_I512,add_kernel_Kt1_A1f32_1i16t1_p16_A1f32_1i16t1_p16_A1f32_1i16t1_p16_I512,add_kernel:none,add_kernel:none,add_kernel:LDG[128b:100%]; STG[128b:100%],add_kernel:LDG[128b:100%]; STG[128b:100%],0.0396,0.0723,1.82576,14417920,16547840,6553600,7700480,2457600,2621440,491520,983040,327680,819200,491520,491520,0,0,0,0,0,0,0,0,0,0,0,0,0,0,655360,655360,0,0,983040,983040,167787520,167784960,16.0,18.0,1024.0,1024.0,80.72245589194982,85.87993834631553,,"architecture sm_100 vs sm_90 | benchmark protocol: B200 frozen columns (20/100 config, 64 MB eviction for 41 ops) vs GH200 1/3 with 120 MiB eviction | NCU 2026.1.1 (B200) vs 2025.4.0 (GH200) | cuda-tile: B200 paper campaign 1.3.0 per developer_guide, B200 profile capture version unrecorded; GH200 1.5.0 + tileiras 13.4.92 | autotuned winner differs"
vector_add,Point-wise,int8,cutile,5aa19acff5c13b9e0efe3a99bbd08398b4de09df561314ac5d8bc5c8aa3a17d2,5aa19acff5c13b9e0efe3a99bbd08398b4de09df561314ac5d8bc5c8aa3a17d2,True,"{""n"":20971520}","{""occupancy"": 32, ""tile"": 2048}","{""occupancy"": 8, ""tile"": 2048}",False,2026.1.1.0 (build 37634170) (public-release),2025.4.0.0 (build 36690805) (public-release),full/application,full/application,1,1,add_kernel_Kt1_A1i8_1i16t1_p16_A1i8_1i16t1_p16_A1i8_1i16t1_p16_I2048,add_kernel_Kt1_A1i8_1i16t1_p16_A1i8_1i16t1_p16_A1i8_1i16t1_p16_I2048,add_kernel:none,add_kernel:none,add_kernel:LDG[128b:100%]; STG[128b:100%],add_kernel:LDG[128b:100%]; STG[128b:100%],0.0130,0.0223,1.71538,6635520,6963200,2949120,3072000,614400,655360,40960,81920,1884160,2007040,122880,122880,0,0,0,0,0,0,0,0,0,0,0,0,0,0,163840,163840,0,0,245760,286720,41952256,41952256,23.0,40.0,1024.0,1024.0,78.81921634395185,59.952676553103814,,"architecture sm_100 vs sm_90 | benchmark protocol: B200 frozen columns (20/100 config, 64 MB eviction for 41 ops) vs GH200 1/3 with 120 MiB eviction | NCU 2026.1.1 (B200) vs 2025.4.0 (GH200) | cuda-tile: B200 paper campaign 1.3.0 per developer_guide, B200 profile capture version unrecorded; GH200 1.5.0 + tileiras 13.4.92 | autotuned winner differs"
weight_dequant,Point-wise,bf16,cutile,35d9c781fe004c5b000cdf3df27aaef77a08d170ed9ddfa90fad5fcd1bfe812c,35d9c781fe004c5b000cdf3df27aaef77a08d170ed9ddfa90fad5fcd1bfe812c,True,"{""M"":10240,""TILE_SIZE"":128}","{""occupancy"": 4, ""tile"": 4096}","{""occupancy"": 16, ""tile"": 1024}",False,2026.1.1.0 (build 37634170) (public-release),2025.4.0.0 (build 36690805) (public-release),full/application,full/application,1,1,dequant_kernel_Kt1_A1bf16_1i16t1_p16_A2bf16_1v8l0_2t1_3i16_p16_A1bf16_1i16t1_p16_I10240_I128_I4096,dequant_kernel_Kt1_A1bf16_1i16t1_p16_A2bf16_1v8l0_2t1_3i16_p16_A1bf16_1i16t1_p16_I10240_I128_I1024,dequant_kernel:none,dequant_kernel:none,"dequant_kernel:LDG[16b:89%,128b:11%]; STG[128b:100%]","dequant_kernel:LDG[16b:89%,128b:11%]; STG[128b:100%]",0.1865,0.1719,0.921716,133120000,122470400,83763200,75776000,25600000,22118400,1740800,2457600,11673600,5324800,4096000,4096000,0,0,2457600,3686400,0,0,0,0,0,0,0,0,0,0,204800,1228800,0,0,409600,1638400,209804800,209767680,124.0,32.0,17420.0,3072.0,23.447023472332525,91.33369494227334,,"architecture sm_100 vs sm_90 | benchmark protocol: B200 frozen columns (20/100 config, 64 MB eviction for 41 ops) vs GH200 1/3 with 120 MiB eviction | NCU 2026.1.1 (B200) vs 2025.4.0 (GH200) | cuda-tile: B200 paper campaign 1.3.0 per developer_guide, B200 profile capture version unrecorded; GH200 1.5.0 + tileiras 13.4.92 | autotuned winner differs | kernel set/names differ"
weight_dequant,Point-wise,fp16,cutile,a523da7a32b620e530ab984160cfb00c2b722a3d654314a30b11a56f12570831,a523da7a32b620e530ab984160cfb00c2b722a3d654314a30b11a56f12570831,True,"{""M"":10240,""TILE_SIZE"":128}","{""occupancy"": 4, ""tile"": 4096}","{""occupancy"": 4, ""tile"": 1024}",False,2026.1.1.0 (build 37634170) (public-release),2025.4.0.0 (build 36690805) (public-release),full/application,full/application,1,1,dequant_kernel_Kt1_A1f16_1i16t1_p16_A2f16_1v8l0_2t1_3i16_p16_A1f16_1i16t1_p16_I10240_I128_I4096,dequant_kernel_Kt1_A1f16_1i16t1_p16_A2f16_1v8l0_2t1_3i16_p16_A1f16_1i16t1_p16_I10240_I128_I1024,dequant_kernel:none,dequant_kernel:none,"dequant_kernel:LDG[16b:89%,128b:11%]; STG[128b:100%]","dequant_kernel:LDG[16b:89%,128b:11%]; STG[128b:100%]",0.1864,0.1717,0.921137,133120000,122470400,83763200,75776000,25600000,22118400,1740800,2457600,11673600,5324800,4096000,4096000,0,0,2457600,3686400,0,0,0,0,0,0,0,0,0,0,204800,1228800,0,0,409600,1638400,209806848,209772800,124.0,32.0,17420.0,3072.0,23.43665654997899,91.28597009154187,,"architecture sm_100 vs sm_90 | benchmark protocol: B200 frozen columns (20/100 config, 64 MB eviction for 41 ops) vs GH200 1/3 with 120 MiB eviction | NCU 2026.1.1 (B200) vs 2025.4.0 (GH200) | cuda-tile: B200 paper campaign 1.3.0 per developer_guide, B200 profile capture version unrecorded; GH200 1.5.0 + tileiras 13.4.92 | autotuned winner differs | kernel set/names differ"
weight_dequant,Point-wise,fp32,cutile,f82881d290725d7821f7e15b1fe591f9b0953a6a75c3db7ce396624f158681a9,f82881d290725d7821f7e15b1fe591f9b0953a6a75c3db7ce396624f158681a9,True,"{""M"":10240,""TILE_SIZE"":128}","{""occupancy"": 4, ""tile"": 2048}","{""occupancy"": 8, ""tile"": 1024}",False,2026.1.1.0 (build 37634170) (public-release),2025.4.0.0 (build 36690805) (public-release),full/application,full/application,1,1,dequant_kernel_Kt1_A1f32_1i16t1_p16_A2f32_1v4l0_2t1_3i16_p16_A1f32_1i16t1_p16_I10240_I128_I2048,dequant_kernel_Kt1_A1f32_1i16t1_p16_A2f32_1v4l0_2t1_3i16_p16_A1f32_1i16t1_p16_I10240_I128_I1024,dequant_kernel:none,dequant_kernel:none,"dequant_kernel:LDG[32b:80%,128b:20%]; STG[128b:100%]","dequant_kernel:LDG[32b:80%,128b:20%]; STG[128b:100%]",0.1909,0.2361,1.23677,151347200,137216000,103833600,82329600,27852800,27033600,1843200,4096000,409600,2048000,4915200,4915200,0,0,3276800,2457600,0,0,0,0,0,0,0,0,0,0,409600,2048000,0,0,819200,2457600,419532032,419501056,70.0,40.0,17420.0,5120.0,40.646483239843626,67.50165325515906,,"architecture sm_100 vs sm_90 | benchmark protocol: B200 frozen columns (20/100 config, 64 MB eviction for 41 ops) vs GH200 1/3 with 120 MiB eviction | NCU 2026.1.1 (B200) vs 2025.4.0 (GH200) | cuda-tile: B200 paper campaign 1.3.0 per developer_guide, B200 profile capture version unrecorded; GH200 1.5.0 + tileiras 13.4.92 | autotuned winner differs | kernel set/names differ"
1d_conv,Stencil/Convolution,fp16,tilelang,4b8e7fcaf46e52aecfde43c9c64e1a856dd12cb98ad21ace0c8564d2b7471faf,4b8e7fcaf46e52aecfde43c9c64e1a856dd12cb98ad21ace0c8564d2b7471faf,True,"{""L"":2621440,""batch"":1,""groups"":1,""in_channels"":128,""kernel_size"":3,""out_channels"":128,""padding"":1,""stride"":1}","{""BLOCK_SIZE_BATCH_LENGTH"": 128, ""BLOCK_SIZE_IN_FEAT"": 64, ""BLOCK_SIZE_OUT_FEAT"": 128, ""num_stages"": 3, ""threads"": 128}","{""BLOCK_SIZE_BATCH_LENGTH"": 64, ""BLOCK_SIZE_IN_FEAT"": 16, ""BLOCK_SIZE_OUT_FEAT"": 128, ""num_stages"": 3, ""threads"": 128}",False,2026.1.1.0 (build 37634170) (public-release),2025.4.0.0 (build 36690805) (public-release),full/application,full/application,1,1,conv1d_kernel_kernel,conv1d_kernel_kernel,conv1d_kernel_kernel:tcgen05[UTCHMMA:491520],conv1d_kernel_kernel:wgmma[HGMMA.64x128x16.F32:3932160],conv1d_kernel_kernel:LDG[16b:100%]; STG[16b:100%],conv1d_kernel_kernel:LDG[16b:100%]; STG[16b:100%],16.8168,16.4305,0.977029,717868532,3241247232,251187200,1456373760,109425920,600309760,0,0,43418116,278364160,73400320,199229440,0,0,94187520,188743680,0,0,0,0,0,0,0,3932160,737280,0,70574596,287047936,81920,0,70636292,137953536,673628928,672347904,141.0,167.0,34816.0,7168.0,6.242116416762539,18.71177962616911,,"architecture sm_100 vs sm_90 | benchmark protocol: B200 frozen columns (20/100 config, 64 MB eviction for 41 ops) vs GH200 1/3 with 120 MiB eviction | NCU 2026.1.1 (B200) vs 2025.4.0 (GH200) | B200 TileLang profiled in a separate environment (HF PR #2) and benchmarked in a separate campaign | TileLang uses the TMEM body on B200 and a fragment-accumulator body on GH200 (supports_tmem dispatch) | autotuned winner differs"
1d_conv,Stencil/Convolution,fp32,tilelang,712e3c5d9c347ede3b49657f0534bf471eca63bf61dbaf2f264416e44eca19cb,712e3c5d9c347ede3b49657f0534bf471eca63bf61dbaf2f264416e44eca19cb,True,"{""L"":2621440,""batch"":1,""groups"":1,""in_channels"":128,""kernel_size"":3,""out_channels"":128,""padding"":1,""stride"":1}","{""BLOCK_SIZE_BATCH_LENGTH"": 64, ""BLOCK_SIZE_IN_FEAT"": 16, ""BLOCK_SIZE_OUT_FEAT"": 128, ""num_stages"": 3, ""threads"": 64}","{""BLOCK_SIZE_BATCH_LENGTH"": 64, ""BLOCK_SIZE_IN_FEAT"": 16, ""BLOCK_SIZE_OUT_FEAT"": 64, ""num_stages"": 2, ""threads"": 64}",False,2026.1.1.0 (build 37634170) (public-release),2025.4.0.0 (build 36690805) (public-release),full/application,full/application,1,1,conv1d_kernel_kernel,conv1d_kernel_kernel,conv1d_kernel_kernel:legacy_mma[HMMA.1688.F32.TF32:125829120],conv1d_kernel_kernel:legacy_mma[HMMA.1688.F32.TF32:125829120],conv1d_kernel_kernel:LDG[32b:100%]; STG[32b:100%],conv1d_kernel_kernel:LDG[32b:100%]; STG[32b:100%],14.2786,24.8374,1.73948,2119844992,3259433728,238141440,894074880,183501424,562954624,0,0,0,0,545259520,576716800,0,0,613416960,660602880,44236800,87818240,0,0,125829120,125829120,0,0,0,0,71762112,143524224,0,0,70943056,196935680,1350718720,2702223104,255.0,168.0,13312.0,9216.0,12.437407941929637,18.680747499426715,,"architecture sm_100 vs sm_90 | benchmark protocol: B200 frozen columns (20/100 config, 64 MB eviction for 41 ops) vs GH200 1/3 with 120 MiB eviction | NCU 2026.1.1 (B200) vs 2025.4.0 (GH200) | B200 TileLang profiled in a separate environment (HF PR #2) and benchmarked in a separate campaign | TileLang uses the TMEM body on B200 and a fragment-accumulator body on GH200 (supports_tmem dispatch) | autotuned winner differs"
2d_conv,Stencil/Convolution,fp16,tilelang,3a18138bc42e2cc33718fb925d637a175c459a40bc68c628081e0f23a7824504,3a18138bc42e2cc33718fb925d637a175c459a40bc68c628081e0f23a7824504,True,"{""H"":320,""batch"":1,""groups"":1,""in_channels"":128,""kernel_size"":3,""out_channels"":128,""padding"":1,""stride"":1}","{""BLOCK_SIZE_BATCH_HEIGHT_WIDTH"": 128, ""BLOCK_SIZE_IN_FEAT"": 32, ""BLOCK_SIZE_OUT_FEAT"": 128, ""num_stages"": 3, ""threads"": 128}","{""BLOCK_SIZE_BATCH_HEIGHT_WIDTH"": 64, ""BLOCK_SIZE_IN_FEAT"": 16, ""BLOCK_SIZE_OUT_FEAT"": 128, ""num_stages"": 2, ""threads"": 128}",False,2026.1.1.0 (build 37634170) (public-release),2025.4.0.0 (build 36690805) (public-release),full/application,full/application,1,1,conv2d_kernel_kernel,conv2d_kernel_kernel,conv2d_kernel_kernel:tcgen05[UTCHMMA:57600],conv2d_kernel_kernel:wgmma[HGMMA.64x128x16.F32:460800],conv2d_kernel_kernel:LDG[16b:100%]; STG[16b:100%],conv2d_kernel_kernel:LDG[16b:100%]; STG[16b:100%],1.8189,2.1148,1.16268,186528160,491341056,105815920,269980160,24312576,84275200,0,0,19334528,31769600,7774960,22497280,0,0,10980000,22118400,0,0,0,0,0,0,0,460800,91200,0,9052738,33883648,3200,0,5414818,16416768,27559168,26556672,158.0,168.0,18432.0,7168.0,6.244558362921312,18.42532110654411,,"architecture sm_100 vs sm_90 | benchmark protocol: B200 frozen columns (20/100 config, 64 MB eviction for 41 ops) vs GH200 1/3 with 120 MiB eviction | NCU 2026.1.1 (B200) vs 2025.4.0 (GH200) | B200 TileLang profiled in a separate environment (HF PR #2) and benchmarked in a separate campaign | TileLang uses the TMEM body on B200 and a fragment-accumulator body on GH200 (supports_tmem dispatch) | autotuned winner differs"
2d_conv,Stencil/Convolution,fp32,tilelang,4f40a0ecdcb0632c2f5c784657e624b827b20f88d64468fc84a4987c1bd90d03,4f40a0ecdcb0632c2f5c784657e624b827b20f88d64468fc84a4987c1bd90d03,True,"{""H"":320,""batch"":1,""groups"":1,""in_channels"":128,""kernel_size"":3,""out_channels"":128,""padding"":1,""stride"":1}","{""BLOCK_SIZE_BATCH_HEIGHT_WIDTH"": 64, ""BLOCK_SIZE_IN_FEAT"": 16, ""BLOCK_SIZE_OUT_FEAT"": 128, ""num_stages"": 4, ""threads"": 64}","{""BLOCK_SIZE_BATCH_HEIGHT_WIDTH"": 128, ""BLOCK_SIZE_IN_FEAT"": 16, ""BLOCK_SIZE_OUT_FEAT"": 128, ""num_stages"": 3, ""threads"": 64}",False,2026.1.1.0 (build 37634170) (public-release),2025.4.0.0 (build 36690805) (public-release),full/application,full/application,1,1,conv2d_kernel_kernel,conv2d_kernel_kernel,conv2d_kernel_kernel:legacy_mma[HMMA.1688.F32.TF32:14745600],conv2d_kernel_kernel:legacy_mma[HMMA.1688.F32.TF32:14745600],conv2d_kernel_kernel:LDG[32b:100%]; STG[32b:100%],conv2d_kernel_kernel:LDG[32b:100%]; STG[32b:100%],1.6999,3.4229,2.01359,289550208,235896448,63603200,67073600,25438464,35691776,0,0,2764800,0,63078400,33587200,0,0,71884800,38707200,5814400,20756096,0,0,14745600,14745600,0,0,0,0,8613376,8094976,0,0,8659968,11292800,53221632,67442688,255.0,255.0,13312.0,17408.0,11.37523371887551,11.768964370476894,,"architecture sm_100 vs sm_90 | benchmark protocol: B200 frozen columns (20/100 config, 64 MB eviction for 41 ops) vs GH200 1/3 with 120 MiB eviction | NCU 2026.1.1 (B200) vs 2025.4.0 (GH200) | B200 TileLang profiled in a separate environment (HF PR #2) and benchmarked in a separate campaign | TileLang uses the TMEM body on B200 and a fragment-accumulator body on GH200 (supports_tmem dispatch) | autotuned winner differs"
2d_max_pooling,Stencil/Convolution,bf16,tilelang,ca5ed0d22726ffbc1dad6e5a951afd6155a6c868f2a234e32fca96997e4da21e,ca5ed0d22726ffbc1dad6e5a951afd6155a6c868f2a234e32fca96997e4da21e,True,"{""C"":128,""H"":640,""N"":4,""kernel_size"":3,""padding"":1,""stride"":2}","{""BLOCK_C"": 128, ""BLOCK_R"": 4, ""threads"": 128}","{""BLOCK_C"": 64, ""BLOCK_R"": 8, ""threads"": 128}",False,2026.1.1.0 (build 37634170) (public-release),2025.4.0.0 (build 36690805) (public-release),full/application,full/application,1,1,max_pool2d_kernel_kernel,max_pool2d_kernel_kernel,max_pool2d_kernel_kernel:none,max_pool2d_kernel_kernel:none,max_pool2d_kernel_kernel:LDG[16b:100%]; STG[16b:100%],max_pool2d_kernel_kernel:LDG[16b:100%]; STG[16b:100%],0.1696,0.2984,1.75943,78069760,159400960,8437760,19251200,4423680,15974400,20152320,15155200,20971520,29491200,19333120,16368640,0,0,0,0,0,0,0,0,0,0,0,0,0,0,0,29982720,0,0,901120,29900800,503136768,503363584,34.0,16.0,1024.0,1024.0,64.84085308597341,91.94765890221207,,"architecture sm_100 vs sm_90 | benchmark protocol: B200 frozen columns (20/100 config, 64 MB eviction for 41 ops) vs GH200 1/3 with 120 MiB eviction | NCU 2026.1.1 (B200) vs 2025.4.0 (GH200) | B200 TileLang profiled in a separate environment (HF PR #2) and benchmarked in a separate campaign | autotuned winner differs"
2d_max_pooling,Stencil/Convolution,fp16,tilelang,a62dd33d8cf847fc0c94e233e07fda6ce09680cca78ac354a83c4541f3b8af17,a62dd33d8cf847fc0c94e233e07fda6ce09680cca78ac354a83c4541f3b8af17,True,"{""C"":128,""H"":640,""N"":4,""kernel_size"":3,""padding"":1,""stride"":2}","{""BLOCK_C"": 128, ""BLOCK_R"": 4, ""threads"": 128}","{""BLOCK_C"": 64, ""BLOCK_R"": 8, ""threads"": 128}",False,2026.1.1.0 (build 37634170) (public-release),2025.4.0.0 (build 36690805) (public-release),full/application,full/application,1,1,max_pool2d_kernel_kernel,max_pool2d_kernel_kernel,max_pool2d_kernel_kernel:none,max_pool2d_kernel_kernel:none,max_pool2d_kernel_kernel:LDG[16b:100%]; STG[16b:100%],max_pool2d_kernel_kernel:LDG[16b:100%]; STG[16b:100%],0.1696,0.2983,1.75884,78069760,159400960,8437760,19251200,4423680,15974400,20152320,15155200,20971520,29491200,19333120,16368640,0,0,0,0,0,0,0,0,0,0,0,0,0,0,0,29982720,0,0,901120,29900800,502991104,503369216,34.0,16.0,1024.0,1024.0,64.75600927776163,91.99368856828049,,"architecture sm_100 vs sm_90 | benchmark protocol: B200 frozen columns (20/100 config, 64 MB eviction for 41 ops) vs GH200 1/3 with 120 MiB eviction | NCU 2026.1.1 (B200) vs 2025.4.0 (GH200) | B200 TileLang profiled in a separate environment (HF PR #2) and benchmarked in a separate campaign | autotuned winner differs"
2d_max_pooling,Stencil/Convolution,fp32,tilelang,e3728773dce74b72c56e2809d872162f5f603a5da71e61fece031a965e2d2cbf,e3728773dce74b72c56e2809d872162f5f603a5da71e61fece031a965e2d2cbf,True,"{""C"":128,""H"":640,""N"":4,""kernel_size"":3,""padding"":1,""stride"":2}","{""BLOCK_C"": 512, ""BLOCK_R"": 1, ""threads"": 128}","{""BLOCK_C"": 512, ""BLOCK_R"": 1, ""threads"": 128}",True,2026.1.1.0 (build 37634170) (public-release),2025.4.0.0 (build 36690805) (public-release),full/application,full/application,1,1,max_pool2d_kernel_kernel,max_pool2d_kernel_kernel,max_pool2d_kernel_kernel:none,max_pool2d_kernel_kernel:none,max_pool2d_kernel_kernel:LDG[32b:100%]; STG[32b:100%],max_pool2d_kernel_kernel:LDG[32b:100%]; STG[32b:100%],0.2063,0.3182,1.54241,62259200,140128256,15728640,51073024,4587520,27500544,17039360,28811264,0,0,19333120,25534464,0,0,0,0,0,0,0,0,0,0,0,0,0,0,0,0,0,0,983040,2621440,839020032,839053824,37.0,28.0,1024.0,1024.0,65.22488892367225,91.72814171979599,,"architecture sm_100 vs sm_90 | benchmark protocol: B200 frozen columns (20/100 config, 64 MB eviction for 41 ops) vs GH200 1/3 with 120 MiB eviction | NCU 2026.1.1 (B200) vs 2025.4.0 (GH200) | B200 TileLang profiled in a separate environment (HF PR #2) and benchmarked in a separate campaign"
3d_conv,Stencil/Convolution,fp16,tilelang,f68b4b9bbf6e6f6f3a7a6c89e64f4ccf6ae24a3f5f50888e1c2245c358eb3750,f68b4b9bbf6e6f6f3a7a6c89e64f4ccf6ae24a3f5f50888e1c2245c358eb3750,True,"{""D"":32,""H"":320,""batch"":1,""groups"":1,""in_channels"":64,""kernel_size"":3,""out_channels"":64,""padding"":1,""stride"":1}","{""BLOCK_SIZE_BATCH_DHW"": 128, ""BLOCK_SIZE_IN_FEAT"": 16, ""BLOCK_SIZE_OUT_FEAT"": 128, ""num_stages"": 3, ""threads"": 128}","{""BLOCK_SIZE_BATCH_DHW"": 128, ""BLOCK_SIZE_IN_FEAT"": 16, ""BLOCK_SIZE_OUT_FEAT"": 128, ""num_stages"": 4, ""threads"": 128}",False,2026.1.1.0 (build 37634170) (public-release),2025.4.0.0 (build 36690805) (public-release),full/application,full/application,1,1,conv3d_kernel_kernel,conv3d_kernel_kernel,conv3d_kernel_kernel:tcgen05[UTCHMMA:2764800],conv3d_kernel_kernel:wgmma[HGMMA.64x128x16.F32:22118400],conv3d_kernel_kernel:LDG[16b:100%]; STG[16b:100%],conv3d_kernel_kernel:LDG[16b:100%]; STG[16b:100%],69.6940,91.8891,1.31847,13140353856,25016742912,8120141600,14854348800,1469854720,3983360000,0,0,1792009216,1798144000,356653600,869570560,0,0,356889600,884736000,0,0,0,0,0,0,0,22118400,5683200,0,513714688,1572717056,102400,0,331052032,780970496,519433472,1174402816,134.0,250.0,10240.0,9216.0,6.247260938331323,12.479709820529408,,"architecture sm_100 vs sm_90 | benchmark protocol: B200 frozen columns (20/100 config, 64 MB eviction for 41 ops) vs GH200 1/3 with 120 MiB eviction | NCU 2026.1.1 (B200) vs 2025.4.0 (GH200) | B200 TileLang profiled in a separate environment (HF PR #2) and benchmarked in a separate campaign | TileLang uses the TMEM body on B200 and a fragment-accumulator body on GH200 (supports_tmem dispatch) | autotuned winner differs"
3d_conv,Stencil/Convolution,fp32,tilelang,9f39205a7239ff2dbec060a701e3ad4838b7d4d38a8f9776ef0ea2ba88bf04ff,9f39205a7239ff2dbec060a701e3ad4838b7d4d38a8f9776ef0ea2ba88bf04ff,True,"{""D"":32,""H"":320,""batch"":1,""groups"":1,""in_channels"":64,""kernel_size"":3,""out_channels"":64,""padding"":1,""stride"":1}","{""BLOCK_SIZE_BATCH_DHW"": 128, ""BLOCK_SIZE_IN_FEAT"": 16, ""BLOCK_SIZE_OUT_FEAT"": 64, ""num_stages"": 2, ""threads"": 64}","{""BLOCK_SIZE_BATCH_DHW"": 128, ""BLOCK_SIZE_IN_FEAT"": 16, ""BLOCK_SIZE_OUT_FEAT"": 64, ""num_stages"": 4, ""threads"": 64}",False,2026.1.1.0 (build 37634170) (public-release),2025.4.0.0 (build 36690805) (public-release),full/application,full/application,1,1,conv3d_kernel_kernel,conv3d_kernel_kernel,conv3d_kernel_kernel:legacy_mma[HMMA.1688.F32.TF32:353894400],conv3d_kernel_kernel:legacy_mma[HMMA.1688.F32.TF32:353894400],conv3d_kernel_kernel:LDG[32b:100%]; STG[32b:100%],conv3d_kernel_kernel:LDG[32b:100%]; STG[32b:100%],51.3218,76.0868,1.48254,9421622760,8368254720,3661875200,3226931200,1897775800,1536805760,0,0,121651200,0,891289600,891289600,0,0,1061683200,1061683200,334233600,333004800,0,0,353894400,353894400,0,0,0,0,396684160,396684160,0,0,410286000,542003200,2479381248,2524094720,255.0,255.0,13312.0,13312.0,12.446600721457433,12.45134894815666,,"architecture sm_100 vs sm_90 | benchmark protocol: B200 frozen columns (20/100 config, 64 MB eviction for 41 ops) vs GH200 1/3 with 120 MiB eviction | NCU 2026.1.1 (B200) vs 2025.4.0 (GH200) | B200 TileLang profiled in a separate environment (HF PR #2) and benchmarked in a separate campaign | TileLang uses the TMEM body on B200 and a fragment-accumulator body on GH200 (supports_tmem dispatch) | autotuned winner differs"
argmax,Reduction/Normalization,fp16,tilelang,9180fbc98a37a955d75622e65eef96901634ee8d8ae006560281f2f3b3558536,9180fbc98a37a955d75622e65eef96901634ee8d8ae006560281f2f3b3558536,True,"{""M"":2048,""N"":20480}","{""BLOCK_N"": 2048, ""num_stages"": 2, ""threads"": 128}","{""BLOCK_N"": 2048, ""num_stages"": 4, ""threads"": 128}",False,2026.1.1.0 (build 37634170) (public-release),2025.4.0.0 (build 36690805) (public-release),full/application,full/application,1,1,argmax_rowwise_kernel_kernel,argmax_rowwise_kernel_kernel,argmax_rowwise_kernel_kernel:none,argmax_rowwise_kernel_kernel:none,argmax_rowwise_kernel_kernel:LDG[256b:100%]; STG[64b:100%],argmax_rowwise_kernel_kernel:LDG[128b:100%]; STG[64b:100%],0.0217,0.0333,1.53456,10854400,11460608,3055616,2924544,2867200,2867200,2539520,3194880,0,0,90112,172032,0,0,655360,655360,0,0,0,0,0,0,0,0,0,0,663552,663552,0,0,90112,90112,83896576,83894016,32.0,32.0,2048.0,2048.0,77.50541809308086,89.89521449154611,,"architecture sm_100 vs sm_90 | benchmark protocol: B200 frozen columns (20/100 config, 64 MB eviction for 41 ops) vs GH200 1/3 with 120 MiB eviction | NCU 2026.1.1 (B200) vs 2025.4.0 (GH200) | B200 TileLang profiled in a separate environment (HF PR #2) and benchmarked in a separate campaign | autotuned winner differs"
argmax,Reduction/Normalization,fp32,tilelang,32e5bec55018dea2d8af92ed32e53d89d9a669bf25b1a6b71f487f300d3794bd,32e5bec55018dea2d8af92ed32e53d89d9a669bf25b1a6b71f487f300d3794bd,True,"{""M"":2048,""N"":20480}","{""BLOCK_N"": 2048, ""num_stages"": 4, ""threads"": 128}","{""BLOCK_N"": 2048, ""num_stages"": 4, ""threads"": 128}",True,2026.1.1.0 (build 37634170) (public-release),2025.4.0.0 (build 36690805) (public-release),full/application,full/application,1,1,argmax_rowwise_kernel_kernel,argmax_rowwise_kernel_kernel,argmax_rowwise_kernel_kernel:none,argmax_rowwise_kernel_kernel:none,argmax_rowwise_kernel_kernel:LDG[256b:100%]; STG[64b:100%],argmax_rowwise_kernel_kernel:LDG[128b:100%]; STG[64b:100%],0.0352,0.0564,1.60227,9461760,10313728,2891776,2924544,2867200,2867200,1228800,1884160,0,0,172032,335872,0,0,655360,655360,0,0,0,0,0,0,0,0,0,0,663552,663552,0,0,90112,90112,167783936,167783936,32.0,32.0,2048.0,2048.0,81.67948307754827,92.23109629952614,,"architecture sm_100 vs sm_90 | benchmark protocol: B200 frozen columns (20/100 config, 64 MB eviction for 41 ops) vs GH200 1/3 with 120 MiB eviction | NCU 2026.1.1 (B200) vs 2025.4.0 (GH200) | B200 TileLang profiled in a separate environment (HF PR #2) and benchmarked in a separate campaign"
batch_normalization,Reduction/Normalization,bf16,tilelang,aa78a79824c7441528d242df29e69d411a666bfeb163b75caed2f540ae59a0f1,aa78a79824c7441528d242df29e69d411a666bfeb163b75caed2f540ae59a0f1,True,"{""C"":1024,""N"":20000,""eps"":1e-05}","{""ROWS"": 8, ""threads"": 256}","{""ROWS"": 16, ""threads"": 128}",False,2026.1.1.0 (build 37634170) (public-release),2025.4.0.0 (build 36690805) (public-release),full/application,full/application,3,3,apply_batch_norm_kernel_kernel;compute_block_sums_kernel_kernel;compute_mean_invstd_kernel_kernel,apply_batch_norm_kernel_kernel;compute_block_sums_kernel_kernel;compute_mean_invstd_kernel_kernel,compute_block_sums_kernel_kernel:none / compute_mean_invstd_kernel_kernel:none / apply_batch_norm_kernel_kernel:none,compute_block_sums_kernel_kernel:none / compute_mean_invstd_kernel_kernel:none / apply_batch_norm_kernel_kernel:none,"compute_block_sums_kernel_kernel:LDG[128b:100%]; STG[256b:100%] / compute_mean_invstd_kernel_kernel:LDG[32b:100%]; STG[32b:100%] / apply_batch_norm_kernel_kernel:LDG[64b:83%,128b:17%]; STG[64b:100%]","compute_block_sums_kernel_kernel:LDG[64b:100%]; STG[128b:100%] / compute_mean_invstd_kernel_kernel:LDG[32b:100%]; STG[32b:100%] / apply_batch_norm_kernel_kernel:LDG[64b:90%,128b:10%]; STG[64b:100%]",0.0256,0.0430,1.67969,6534856,6238528,1672796,1484160,19912,26056,2703104,2906756,1040512,1000000,509256,559824,0,0,32768,32768,0,0,0,0,0,0,0,0,0,0,53248,40960,0,0,34564,23452,47332608,68172032,86.0,93.0,1024.0,1024.0,12.374099169503982,26.166906637937508,,"architecture sm_100 vs sm_90 | benchmark protocol: B200 frozen columns (20/100 config, 64 MB eviction for 41 ops) vs GH200 1/3 with 120 MiB eviction | NCU 2026.1.1 (B200) vs 2025.4.0 (GH200) | B200 TileLang profiled in a separate environment (HF PR #2) and benchmarked in a separate campaign | autotuned winner differs"
batch_normalization,Reduction/Normalization,fp16,tilelang,fd4e861375d0e88291e453533a53b6ac53c622082f43acae86ad42cc0814d3ab,fd4e861375d0e88291e453533a53b6ac53c622082f43acae86ad42cc0814d3ab,True,"{""C"":1024,""N"":20000,""eps"":1e-05}","{""ROWS"": 8, ""threads"": 256}","{""ROWS"": 16, ""threads"": 128}",False,2026.1.1.0 (build 37634170) (public-release),2025.4.0.0 (build 36690805) (public-release),full/application,full/application,3,3,apply_batch_norm_kernel_kernel;compute_block_sums_kernel_kernel;compute_mean_invstd_kernel_kernel,apply_batch_norm_kernel_kernel;compute_block_sums_kernel_kernel;compute_mean_invstd_kernel_kernel,compute_block_sums_kernel_kernel:none / compute_mean_invstd_kernel_kernel:none / apply_batch_norm_kernel_kernel:none,compute_block_sums_kernel_kernel:none / compute_mean_invstd_kernel_kernel:none / apply_batch_norm_kernel_kernel:none,"compute_block_sums_kernel_kernel:LDG[128b:100%]; STG[256b:100%] / compute_mean_invstd_kernel_kernel:LDG[32b:100%]; STG[32b:100%] / apply_batch_norm_kernel_kernel:LDG[64b:83%,128b:17%]; STG[64b:100%]","compute_block_sums_kernel_kernel:LDG[64b:100%]; STG[128b:100%] / compute_mean_invstd_kernel_kernel:LDG[32b:100%]; STG[32b:100%] / apply_batch_norm_kernel_kernel:LDG[64b:90%,128b:10%]; STG[64b:100%]",0.0257,0.0433,1.68482,5811840,5558528,231772,124160,19912,26056,4144128,4266756,320000,320000,509256,559824,0,0,32768,32768,0,0,0,0,0,0,0,0,0,0,53248,40960,0,0,34564,23452,47456768,68164352,91.0,151.0,1024.0,1024.0,12.573767695756239,13.750063949168984,,"architecture sm_100 vs sm_90 | benchmark protocol: B200 frozen columns (20/100 config, 64 MB eviction for 41 ops) vs GH200 1/3 with 120 MiB eviction | NCU 2026.1.1 (B200) vs 2025.4.0 (GH200) | B200 TileLang profiled in a separate environment (HF PR #2) and benchmarked in a separate campaign | autotuned winner differs"
batch_normalization,Reduction/Normalization,fp32,tilelang,c1cacc37ce10c27a8dbf1f7e33447c5ebf21ead1a4205edfdff6f8ee53d2eabf,c1cacc37ce10c27a8dbf1f7e33447c5ebf21ead1a4205edfdff6f8ee53d2eabf,True,"{""C"":1024,""N"":20000,""eps"":1e-05}","{""ROWS"": 8, ""threads"": 256}","{""ROWS"": 8, ""threads"": 128}",False,2026.1.1.0 (build 37634170) (public-release),2025.4.0.0 (build 36690805) (public-release),full/application,full/application,3,3,apply_batch_norm_kernel_kernel;compute_block_sums_kernel_kernel;compute_mean_invstd_kernel_kernel,apply_batch_norm_kernel_kernel;compute_block_sums_kernel_kernel;compute_mean_invstd_kernel_kernel,compute_block_sums_kernel_kernel:none / compute_mean_invstd_kernel_kernel:none / apply_batch_norm_kernel_kernel:none,compute_block_sums_kernel_kernel:none / compute_mean_invstd_kernel_kernel:none / apply_batch_norm_kernel_kernel:none,compute_block_sums_kernel_kernel:LDG[256b:100%]; STG[256b:100%] / compute_mean_invstd_kernel_kernel:LDG[32b:100%]; STG[32b:100%] / apply_batch_norm_kernel_kernel:LDG[128b:100%]; STG[128b:100%],compute_block_sums_kernel_kernel:LDG[128b:100%]; STG[128b:100%] / compute_mean_invstd_kernel_kernel:LDG[32b:100%]; STG[32b:100%] / apply_batch_norm_kernel_kernel:LDG[128b:100%]; STG[128b:100%],0.0419,0.0834,1.99045,4214828,4604684,231772,164160,19912,27308,2703104,2925276,0,0,509256,599824,0,0,32768,32768,0,0,0,0,0,0,0,0,0,0,53248,40960,0,0,34564,28440,139734016,160874240,56.0,108.0,1024.0,1024.0,38.755806802558205,20.043155144215728,,"architecture sm_100 vs sm_90 | benchmark protocol: B200 frozen columns (20/100 config, 64 MB eviction for 41 ops) vs GH200 1/3 with 120 MiB eviction | NCU 2026.1.1 (B200) vs 2025.4.0 (GH200) | B200 TileLang profiled in a separate environment (HF PR #2) and benchmarked in a separate campaign | autotuned winner differs"
batched_matmul,Matrix Multiplication/Attention,bf16,tilelang,6e2f0aef249fcc93fdf8be5f9cecf9b7b112231742475bc5d4940ef52edb5fc6,6e2f0aef249fcc93fdf8be5f9cecf9b7b112231742475bc5d4940ef52edb5fc6,True,"{""BATCH"":32,""M"":640}","{""BLOCK_SIZE_K"": 64, ""BLOCK_SIZE_M"": 128, ""BLOCK_SIZE_N"": 128, ""GROUPSIZE"": 1, ""num_stages"": 2, ""threads"": 128}","{""BLOCK_SIZE_K"": 64, ""BLOCK_SIZE_M"": 128, ""BLOCK_SIZE_N"": 128, ""GROUPSIZE"": 1, ""num_stages"": 2, ""threads"": 128}",True,2026.1.1.0 (build 37634170) (public-release),2025.4.0.0 (build 36690805) (public-release),reduced/kernel,full/application,1,1,bmm_kernel_kernel,bmm_kernel_kernel,bmm_kernel_kernel:static_sites:tcgen05[UTCHMMA:24],bmm_kernel_kernel:wgmma[HGMMA.64x128x16.F32.BF16:256000],bmm_kernel_kernel:static_sites:cp.async[LDGSTS.E.BYPASS.128:48]; STG[256b:100%],bmm_kernel_kernel:cp.async[LDGSTS.E.BYPASS.128:512000]; STG[32b:100%],0.0513,0.0509,0.992203,4020000,5084800,,2508800,,28800,,0,,297600,,204800,,512000,,211200,,0,,0,,0,,256000,,0,,249600,,0,,32000,29464576,52758528,137.0,168.0,67584.0,66560.0,6.123242320622287,17.164020935429157,B200:dynamic_opcode_counts,"architecture sm_100 vs sm_90 | benchmark protocol: B200 frozen columns (20/100 config, 64 MB eviction for 41 ops) vs GH200 1/3 with 120 MiB eviction | NCU 2026.1.1 (B200) vs 2025.4.0 (GH200) | B200 TileLang profiled in a separate environment (HF PR #2) and benchmarked in a separate campaign | TileLang uses the TMEM body on B200 and a fragment-accumulator body on GH200 (supports_tmem dispatch) | collection level differs (reduced vs full)"
batched_matmul,Matrix Multiplication/Attention,fp16,tilelang,216c85218ba9bf477be38d6c7e1c2409207f3e160395003e29636f5f14e43a74,216c85218ba9bf477be38d6c7e1c2409207f3e160395003e29636f5f14e43a74,True,"{""BATCH"":32,""M"":640}","{""BLOCK_SIZE_K"": 64, ""BLOCK_SIZE_M"": 128, ""BLOCK_SIZE_N"": 128, ""GROUPSIZE"": 1, ""num_stages"": 2, ""threads"": 128}","{""BLOCK_SIZE_K"": 64, ""BLOCK_SIZE_M"": 128, ""BLOCK_SIZE_N"": 128, ""GROUPSIZE"": 8, ""num_stages"": 2, ""threads"": 128}",False,2026.1.1.0 (build 37634170) (public-release),2025.4.0.0 (build 36690805) (public-release),reduced/kernel,full/application,1,1,bmm_kernel_kernel,bmm_kernel_kernel,bmm_kernel_kernel:static_sites:tcgen05[UTCHMMA:24],bmm_kernel_kernel:wgmma[HGMMA.64x128x16.F32:256000],bmm_kernel_kernel:static_sites:cp.async[LDGSTS.E.BYPASS.128:48]; STG[256b:100%],bmm_kernel_kernel:cp.async[LDGSTS.E.BYPASS.128:512000]; STG[32b:100%],0.0514,0.0510,0.992218,4020000,5424000,,2739200,,86400,,0,,323200,,204800,,512000,,211200,,0,,0,,0,,256000,,0,,249600,,0,,35200,29588224,52872704,137.0,168.0,67584.0,66560.0,6.123103559213396,17.221454705338978,B200:dynamic_opcode_counts,"architecture sm_100 vs sm_90 | benchmark protocol: B200 frozen columns (20/100 config, 64 MB eviction for 41 ops) vs GH200 1/3 with 120 MiB eviction | NCU 2026.1.1 (B200) vs 2025.4.0 (GH200) | B200 TileLang profiled in a separate environment (HF PR #2) and benchmarked in a separate campaign | TileLang uses the TMEM body on B200 and a fragment-accumulator body on GH200 (supports_tmem dispatch) | autotuned winner differs | collection level differs (reduced vs full)"
batched_matmul,Matrix Multiplication/Attention,fp32,tilelang,08dbf4b1b9f16395d3bf70a48b2f6f76db51398cdb2a1b189d4c28a65edcb02b,08dbf4b1b9f16395d3bf70a48b2f6f76db51398cdb2a1b189d4c28a65edcb02b,True,"{""BATCH"":32,""M"":640}","{""BLOCK_SIZE_K"": 32, ""BLOCK_SIZE_M"": 128, ""BLOCK_SIZE_N"": 128, ""GROUPSIZE"": 8, ""num_stages"": 2, ""threads"": 128}","{""BLOCK_SIZE_K"": 32, ""BLOCK_SIZE_M"": 128, ""BLOCK_SIZE_N"": 128, ""GROUPSIZE"": 1, ""num_stages"": 3, ""threads"": 128}",False,2026.1.1.0 (build 37634170) (public-release),2025.4.0.0 (build 36690805) (public-release),full/application,full/application,1,1,bmm_kernel_kernel,bmm_kernel_kernel,bmm_kernel_kernel:legacy_mma[HMMA.1688.F32.TF32:8192000],bmm_kernel_kernel:legacy_mma[HMMA.1688.F32.TF32:8192000],bmm_kernel_kernel:cp.async[LDGSTS.E.BYPASS.128:1024000]; STG[64b:100%],bmm_kernel_kernel:cp.async[LDGSTS.E.BYPASS.128:1024000]; STG[64b:100%],0.0949,0.1086,1.14436,20192000,22816000,4662400,7251200,124800,57600,0,0,25600,230400,204800,204800,1024000,1024000,5312000,5302400,0,0,0,0,8192000,8192000,0,0,0,0,256000,252800,0,0,131200,60800,104985856,108277504,210.0,221.0,66560.0,99328.0,11.552022630780048,12.142626407922956,,"architecture sm_100 vs sm_90 | benchmark protocol: B200 frozen columns (20/100 config, 64 MB eviction for 41 ops) vs GH200 1/3 with 120 MiB eviction | NCU 2026.1.1 (B200) vs 2025.4.0 (GH200) | B200 TileLang profiled in a separate environment (HF PR #2) and benchmarked in a separate campaign | TileLang uses the TMEM body on B200 and a fragment-accumulator body on GH200 (supports_tmem dispatch) | autotuned winner differs"
bitonic_sort,Data Layout,fp16,tilelang,9f06313b92385d4a521129cef2b292389c03538493d2cbcb565e2ace2e0924eb,9f06313b92385d4a521129cef2b292389c03538493d2cbcb565e2ace2e0924eb,True,"{""n"":10000000}","{""BLOCK"": 512, ""threads"": 128}","{""BLOCK"": 512, ""threads"": 128}",True,2026.1.1.0 (build 37634170) (public-release),2025.4.0.0 (build 36690805) (public-release),targeted/application,full/application,301,301,main_kernel;pad_kernel_kernel,main_kernel;pad_kernel_kernel,pad_kernel_kernel:static_sites:none / main_kernel:static_sites:none,pad_kernel_kernel:none / main_kernel:none,pad_kernel_kernel:static_sites:LDG[64b:100%]; STG[64b:100%] / main_kernel:static_sites:LDG[16b:100%]; STG[16b:100%],pad_kernel_kernel:LDG[64b:100%]; STG[64b:100%] / main_kernel:LDG[16b:100%]; STG[16b:100%],7.1204,8.4493,1.18663,4955897856,5378473984,,2020278272,,1125515264,,0,,422051840,,450756608,,0,,0,,0,,0,,0,,0,,0,,558366720,,0,,300089344,20033024,2084124672,20.0,22.0,1024.0,1024.0,81.3473097397244,87.99419914152658,B200:dynamic_opcode_counts,"architecture sm_100 vs sm_90 | benchmark protocol: B200 frozen columns (20/100 config, 64 MB eviction for 41 ops) vs GH200 1/3 with 120 MiB eviction | NCU 2026.1.1 (B200) vs 2025.4.0 (GH200) | B200 TileLang profiled in a separate environment (HF PR #2) and benchmarked in a separate campaign | collection level differs (targeted vs full)"
bitonic_sort,Data Layout,fp32,tilelang,ab083a5355e8e9f204d99ef4367a250c52321b71b397fcdd09d6c290181151a4,ab083a5355e8e9f204d99ef4367a250c52321b71b397fcdd09d6c290181151a4,True,"{""n"":10000000}","{""BLOCK"": 512, ""threads"": 64}","{""BLOCK"": 512, ""threads"": 128}",False,2026.1.1.0 (build 37634170) (public-release),2025.4.0.0 (build 36690805) (public-release),targeted/application,full/application,301,301,main_kernel;pad_kernel_kernel,main_kernel;pad_kernel_kernel,pad_kernel_kernel:static_sites:none / main_kernel:static_sites:none,pad_kernel_kernel:none / main_kernel:none,pad_kernel_kernel:static_sites:LDG[256b:100%]; STG[256b:100%] / main_kernel:static_sites:LDG[32b:100%]; STG[32b:100%],pad_kernel_kernel:LDG[128b:100%]; STG[128b:100%] / main_kernel:LDG[32b:100%]; STG[32b:100%],7.1463,13.6310,1.90742,5186846720,5356716032,,2599026688,,1299841024,,0,,0,,529793024,,0,,0,,0,,0,,0,,0,,0,,186122240,,0,,142802944,196502016,19942948352,28.0,25.0,1024.0,1024.0,82.49959316502216,87.39590720663891,B200:dynamic_opcode_counts,"architecture sm_100 vs sm_90 | benchmark protocol: B200 frozen columns (20/100 config, 64 MB eviction for 41 ops) vs GH200 1/3 with 120 MiB eviction | NCU 2026.1.1 (B200) vs 2025.4.0 (GH200) | B200 TileLang profiled in a separate environment (HF PR #2) and benchmarked in a separate campaign | autotuned winner differs | collection level differs (targeted vs full)"
block_sparse_attention,Matrix Multiplication/Attention,fp16,tilelang,6fc43818480ae755205ec467ae446a9ca02f1bd954e93d99c88a5dca90b8e053,6fc43818480ae755205ec467ae446a9ca02f1bd954e93d99c88a5dca90b8e053,True,"{""B"":2,""BLOCK_D"":64,""BLOCK_M"":64,""BLOCK_N"":64,""D"":128,""H"":8,""H_kv"":2,""M"":10240}","{""threads"": 256}","{""threads"": 256}",True,2026.1.1.0 (build 37634170) (public-release),2025.4.0.0 (build 36690805) (public-release),reduced/kernel,full/application,1,1,main_kernel,main_kernel,main_kernel:static_sites:tcgen05[UTCHMMA.WS:32],main_kernel:wgmma[HGMMA.64x32x16.F32:976896],"main_kernel:static_sites:TMA[UTMACCTL.PF:1,UTMACMDFLUSH:2,UTMASTG.4D:2]; LDG[32b:20%,128b:80%]","main_kernel:TMA[UTMACCTL.PF:2560,UTMACMDFLUSH:5120,UTMASTG.4D:5120]; LDG[32b:15%,128b:85%]",0.2172,0.1438,0.662063,50707952,59396992,,9593088,,8348800,,17616896,,1304576,,672384,,0,,1262848,,0,,12800,,0,,976896,,0,,5979904,,0,,2029696,49079808,63047424,126.0,113.0,63488.0,60416.0,11.91137419959369,23.866345610250644,B200:dynamic_opcode_counts,"architecture sm_100 vs sm_90 | benchmark protocol: B200 frozen columns (20/100 config, 64 MB eviction for 41 ops) vs GH200 1/3 with 120 MiB eviction | NCU 2026.1.1 (B200) vs 2025.4.0 (GH200) | B200 TileLang profiled in a separate environment (HF PR #2) and benchmarked in a separate campaign | TileLang uses the TMEM body on B200 and a fragment-accumulator body on GH200 (supports_tmem dispatch) | collection level differs (reduced vs full)"
cross_entropy,Reduction/Normalization,fp16,tilelang,f42b60ff44be7e8a7205e53a3bd34988ac5c7524330db0a067be3f9e3b6ab639,f42b60ff44be7e8a7205e53a3bd34988ac5c7524330db0a067be3f9e3b6ab639,True,"{""batch_size"":10240,""num_classes"":512}","{""threads"": 64}","{""threads"": 64}",True,2026.1.1.0 (build 37634170) (public-release),2025.4.0.0 (build 36690805) (public-release),full/application,full/application,1,1,cross_entropy_kernel_kernel,cross_entropy_kernel_kernel,cross_entropy_kernel_kernel:none,cross_entropy_kernel_kernel:none,"cross_entropy_kernel_kernel:LDG[16b:33%,32b:33%,128b:33%]; STG[16b:100%]","cross_entropy_kernel_kernel:LDG[16b:33%,32b:33%,128b:33%]; STG[16b:100%]",0.0079,0.0086,1.08861,3563520,3614720,501760,501760,102400,122880,2027520,2078720,40960,51200,71680,71680,0,0,81920,81920,0,0,0,0,0,0,0,0,0,0,102400,102400,0,0,30720,30720,10574080,10575104,31.0,32.0,1280.0,1280.0,44.69433818471027,50.57546998177909,,"architecture sm_100 vs sm_90 | benchmark protocol: B200 frozen columns (20/100 config, 64 MB eviction for 41 ops) vs GH200 1/3 with 120 MiB eviction | NCU 2026.1.1 (B200) vs 2025.4.0 (GH200) | B200 TileLang profiled in a separate environment (HF PR #2) and benchmarked in a separate campaign"
cross_entropy,Reduction/Normalization,fp32,tilelang,1a14c7a51e0e2fb7dedb3f13a20b8dd2b872efe62687f18a475df797c90122fb,1a14c7a51e0e2fb7dedb3f13a20b8dd2b872efe62687f18a475df797c90122fb,True,"{""batch_size"":10240,""num_classes"":512}","{""threads"": 64}","{""threads"": 64}",True,2026.1.1.0 (build 37634170) (public-release),2025.4.0.0 (build 36690805) (public-release),full/application,full/application,1,1,cross_entropy_kernel_kernel,cross_entropy_kernel_kernel,cross_entropy_kernel_kernel:none,cross_entropy_kernel_kernel:none,"cross_entropy_kernel_kernel:LDG[32b:67%,256b:33%]; STG[32b:100%]","cross_entropy_kernel_kernel:LDG[32b:50%,128b:50%]; STG[32b:100%]",0.0082,0.0099,1.20732,3317760,3379200,501760,501760,92160,102400,1812480,1863680,10240,10240,71680,92160,0,0,81920,81920,0,0,0,0,0,0,0,0,0,0,102400,102400,0,0,30720,30720,21063168,21060352,32.0,32.0,1280.0,1280.0,46.88774783475387,54.241837406410255,,"architecture sm_100 vs sm_90 | benchmark protocol: B200 frozen columns (20/100 config, 64 MB eviction for 41 ops) vs GH200 1/3 with 120 MiB eviction | NCU 2026.1.1 (B200) vs 2025.4.0 (GH200) | B200 TileLang profiled in a separate environment (HF PR #2) and benchmarked in a separate campaign"
dequantize_rowwise,Point-wise,int8,tilelang,c24d1f8f2e3a0417758447984e025cfa559e716dc9196ba415709d3447285a98,c24d1f8f2e3a0417758447984e025cfa559e716dc9196ba415709d3447285a98,True,"{""cols"":8192,""rows"":4096}","{""CHUNK"": 1024, ""threads"": 64}","{""CHUNK"": 1024, ""threads"": 128}",False,2026.1.1.0 (build 37634170) (public-release),2025.4.0.0 (build 36690805) (public-release),full/application,full/application,1,1,dequantize_rowwise_kernel_kernel,dequantize_rowwise_kernel_kernel,dequantize_rowwise_kernel_kernel:none,dequantize_rowwise_kernel_kernel:none,"dequantize_rowwise_kernel_kernel:LDG[32b:50%,128b:50%]; STG[256b:100%]","dequantize_rowwise_kernel_kernel:LDG[32b:50%,64b:50%]; STG[32b:100%]",0.0192,0.0323,1.68229,3670016,10747904,720896,3932160,0,1048576,589824,1179648,1572864,2621440,196608,786432,0,0,0,0,0,0,0,0,0,0,0,0,0,0,0,0,0,0,65536,131072,33579008,33583104,26.0,22.0,1024.0,1024.0,57.422015373140724,77.11862228597374,,"architecture sm_100 vs sm_90 | benchmark protocol: B200 frozen columns (20/100 config, 64 MB eviction for 41 ops) vs GH200 1/3 with 120 MiB eviction | NCU 2026.1.1 (B200) vs 2025.4.0 (GH200) | B200 TileLang profiled in a separate environment (HF PR #2) and benchmarked in a separate campaign | autotuned winner differs"
destindex,Data Layout,bf16,tilelang,716f280f9eec7778e3d2a4b836b636473cada35def30ec0bdd4c4420a9d734b3,716f280f9eec7778e3d2a4b836b636473cada35def30ec0bdd4c4420a9d734b3,True,"{""batch_size"":1,""kv_nope_head_dim"":128,""kv_nope_head_num"":12,""kv_rope_head_dim"":64,""kv_rope_head_num"":1,""seq_len"":40960}","{""nope_BLOCK_SIZE"": 1024, ""nope_threads"": 64, ""rope_BLOCK_SIZE"": 1024, ""rope_threads"": 64}","{""nope_BLOCK_SIZE"": 1024, ""nope_threads"": 64, ""rope_BLOCK_SIZE"": 1024, ""rope_threads"": 64}",True,2026.1.1.0 (build 37634170) (public-release),2025.4.0.0 (build 36690805) (public-release),full/application,full/application,2,2,copy_by_dest_kernel_kernel,copy_by_dest_kernel_kernel,copy_by_dest_kernel_kernel:none,copy_by_dest_kernel_kernel:none,"copy_by_dest_kernel_kernel:LDG[32b:34%,64b:66%]; STG[64b:100%]",copy_by_dest_kernel_kernel:LDG[32b:100%]; STG[32b:100%],0.0485,0.0804,1.65773,7603200,13388800,4756480,9333760,266240,286720,0,0,0,0,1290240,2334720,0,0,0,0,0,0,0,0,0,0,0,0,0,0,0,0,0,0,256000,378880,131679232,131716352,20.0,27.0,1024.0,1024.0,81.11610835318494,90.96272230231229,,"architecture sm_100 vs sm_90 | benchmark protocol: B200 frozen columns (20/100 config, 64 MB eviction for 41 ops) vs GH200 1/3 with 120 MiB eviction | NCU 2026.1.1 (B200) vs 2025.4.0 (GH200) | B200 TileLang profiled in a separate environment (HF PR #2) and benchmarked in a separate campaign"
destindex,Data Layout,fp16,tilelang,d28e260ed7950c6a7bcdc1396c65c442a852500912fed122289c043ae9ff90e2,d28e260ed7950c6a7bcdc1396c65c442a852500912fed122289c043ae9ff90e2,True,"{""batch_size"":1,""kv_nope_head_dim"":128,""kv_nope_head_num"":12,""kv_rope_head_dim"":64,""kv_rope_head_num"":1,""seq_len"":40960}","{""nope_BLOCK_SIZE"": 1024, ""nope_threads"": 64, ""rope_BLOCK_SIZE"": 1024, ""rope_threads"": 64}","{""nope_BLOCK_SIZE"": 1024, ""nope_threads"": 64, ""rope_BLOCK_SIZE"": 1024, ""rope_threads"": 64}",True,2026.1.1.0 (build 37634170) (public-release),2025.4.0.0 (build 36690805) (public-release),full/application,full/application,2,2,copy_by_dest_kernel_kernel,copy_by_dest_kernel_kernel,copy_by_dest_kernel_kernel:none,copy_by_dest_kernel_kernel:none,"copy_by_dest_kernel_kernel:LDG[32b:34%,64b:66%]; STG[64b:100%]",copy_by_dest_kernel_kernel:LDG[32b:100%]; STG[32b:100%],0.0485,0.0805,1.65979,7603200,13388800,4756480,9333760,266240,286720,0,0,0,0,1290240,2334720,0,0,0,0,0,0,0,0,0,0,0,0,0,0,0,0,0,0,256000,378880,131660288,131687424,20.0,27.0,1024.0,1024.0,82.40996200196182,91.02013112364202,,"architecture sm_100 vs sm_90 | benchmark protocol: B200 frozen columns (20/100 config, 64 MB eviction for 41 ops) vs GH200 1/3 with 120 MiB eviction | NCU 2026.1.1 (B200) vs 2025.4.0 (GH200) | B200 TileLang profiled in a separate environment (HF PR #2) and benchmarked in a separate campaign"
destindex,Data Layout,fp32,tilelang,c484542915d07a220680fe03684e307f7cad54eef432cd1e01bf698150d5ddd3,c484542915d07a220680fe03684e307f7cad54eef432cd1e01bf698150d5ddd3,True,"{""batch_size"":1,""kv_nope_head_dim"":128,""kv_nope_head_num"":12,""kv_rope_head_dim"":64,""kv_rope_head_num"":1,""seq_len"":40960}","{""nope_BLOCK_SIZE"": 512, ""nope_threads"": 64, ""rope_BLOCK_SIZE"": 1024, ""rope_threads"": 64}","{""nope_BLOCK_SIZE"": 512, ""nope_threads"": 64, ""rope_BLOCK_SIZE"": 1024, ""rope_threads"": 64}",True,2026.1.1.0 (build 37634170) (public-release),2025.4.0.0 (build 36690805) (public-release),full/application,full/application,2,2,copy_by_dest_kernel_kernel,copy_by_dest_kernel_kernel,copy_by_dest_kernel_kernel:none,copy_by_dest_kernel_kernel:none,"copy_by_dest_kernel_kernel:LDG[32b:34%,128b:66%]; STG[128b:100%]","copy_by_dest_kernel_kernel:LDG[32b:22%,64b:78%]; STG[64b:100%]",0.0832,0.1537,1.84736,7111680,7982080,2790400,2575360,512000,532480,0,0,0,0,1290240,2334720,0,0,0,0,0,0,0,0,0,0,0,0,0,0,0,0,0,0,747520,747520,262788096,262804736,19.0,19.0,1024.0,1024.0,84.9518184761891,87.0131198609649,,"architecture sm_100 vs sm_90 | benchmark protocol: B200 frozen columns (20/100 config, 64 MB eviction for 41 ops) vs GH200 1/3 with 120 MiB eviction | NCU 2026.1.1 (B200) vs 2025.4.0 (GH200) | B200 TileLang profiled in a separate environment (HF PR #2) and benchmarked in a separate campaign"
destindex,Data Layout,int8,tilelang,79fc14733cf373af4368dc39c13753983782333cb520772ad5814a04619054e5,79fc14733cf373af4368dc39c13753983782333cb520772ad5814a04619054e5,True,"{""batch_size"":1,""kv_nope_head_dim"":128,""kv_nope_head_num"":12,""kv_rope_head_dim"":64,""kv_rope_head_num"":1,""seq_len"":40960}","{""nope_BLOCK_SIZE"": 1024, ""nope_threads"": 64, ""rope_BLOCK_SIZE"": 1024, ""rope_threads"": 64}","{""nope_BLOCK_SIZE"": 1024, ""nope_threads"": 64, ""rope_BLOCK_SIZE"": 1024, ""rope_threads"": 64}",True,2026.1.1.0 (build 37634170) (public-release),2025.4.0.0 (build 36690805) (public-release),full/application,full/application,2,2,copy_by_dest_kernel_kernel,copy_by_dest_kernel_kernel,copy_by_dest_kernel_kernel:none,copy_by_dest_kernel_kernel:none,copy_by_dest_kernel_kernel:LDG[32b:100%]; STG[32b:100%],"copy_by_dest_kernel_kernel:LDG[16b:78%,32b:22%]; STG[16b:100%]",0.0386,0.0501,1.29793,8366080,14540800,5396480,10485760,266240,286720,0,0,0,0,1290240,2334720,0,0,0,0,0,0,0,0,0,0,0,0,0,0,0,0,0,0,378880,378880,66023168,66113792,16.0,24.0,1024.0,1024.0,74.73489913213912,87.48063396301676,,"architecture sm_100 vs sm_90 | benchmark protocol: B200 frozen columns (20/100 config, 64 MB eviction for 41 ops) vs GH200 1/3 with 120 MiB eviction | NCU 2026.1.1 (B200) vs 2025.4.0 (GH200) | B200 TileLang profiled in a separate environment (HF PR #2) and benchmarked in a separate campaign"
dropout,Point-wise,bf16,tilelang,8f99ddb807622b9d9a71f9af672b20a3ee8969c5d43ac9f937073761dd77b5f3,8f99ddb807622b9d9a71f9af672b20a3ee8969c5d43ac9f937073761dd77b5f3,True,"{""n"":20971520,""p"":0.5}","{""BLOCK_SIZE"": 2048, ""threads"": 256}","{""BLOCK_SIZE"": 2048, ""threads"": 64}",False,2026.1.1.0 (build 37634170) (public-release),2025.4.0.0 (build 36690805) (public-release),full/application,full/application,1,1,dropout_kernel_kernel,dropout_kernel_kernel,dropout_kernel_kernel:none,dropout_kernel_kernel:none,dropout_kernel_kernel:LDG[128b:100%]; STG[128b:100%],dropout_kernel_kernel:LDG[128b:100%]; STG[128b:100%],0.0218,0.0380,1.74312,3358720,2519040,491520,143360,327680,327680,655360,655360,983040,983040,245760,245760,0,0,0,0,0,0,0,0,0,0,0,0,0,0,0,0,0,0,81920,20480,83904768,83898880,17.0,39.0,1024.0,1024.0,74.1272392220128,62.495743294093266,,"architecture sm_100 vs sm_90 | benchmark protocol: B200 frozen columns (20/100 config, 64 MB eviction for 41 ops) vs GH200 1/3 with 120 MiB eviction | NCU 2026.1.1 (B200) vs 2025.4.0 (GH200) | B200 TileLang profiled in a separate environment (HF PR #2) and benchmarked in a separate campaign | autotuned winner differs"
dropout,Point-wise,fp16,tilelang,6204df932c891340acc69e96e8804818a2793cfb5573a21e8470897eedbeadbd,6204df932c891340acc69e96e8804818a2793cfb5573a21e8470897eedbeadbd,True,"{""n"":20971520,""p"":0.5}","{""BLOCK_SIZE"": 2048, ""threads"": 64}","{""BLOCK_SIZE"": 1024, ""threads"": 64}",False,2026.1.1.0 (build 37634170) (public-release),2025.4.0.0 (build 36690805) (public-release),full/application,full/application,1,1,dropout_kernel_kernel,dropout_kernel_kernel,dropout_kernel_kernel:none,dropout_kernel_kernel:none,dropout_kernel_kernel:LDG[256b:100%]; STG[256b:100%],dropout_kernel_kernel:LDG[128b:100%]; STG[128b:100%],0.0217,0.0384,1.76959,4833280,2826240,1925120,286720,655360,327680,655360,655360,1310720,983040,122880,245760,0,0,0,0,0,0,0,0,0,0,0,0,0,0,0,0,0,0,20480,40960,83899136,83896320,40.0,24.0,1024.0,1024.0,58.97491225368607,82.55435636207129,,"architecture sm_100 vs sm_90 | benchmark protocol: B200 frozen columns (20/100 config, 64 MB eviction for 41 ops) vs GH200 1/3 with 120 MiB eviction | NCU 2026.1.1 (B200) vs 2025.4.0 (GH200) | B200 TileLang profiled in a separate environment (HF PR #2) and benchmarked in a separate campaign | autotuned winner differs"
dropout,Point-wise,fp32,tilelang,1db85f016037f35aa015a60db36459cd9cd99ef65ec4bb0b4c78f101f8719b9a,1db85f016037f35aa015a60db36459cd9cd99ef65ec4bb0b4c78f101f8719b9a,True,"{""n"":20971520,""p"":0.5}","{""BLOCK_SIZE"": 1024, ""threads"": 256}","{""BLOCK_SIZE"": 1024, ""threads"": 256}",True,2026.1.1.0 (build 37634170) (public-release),2025.4.0.0 (build 36690805) (public-release),full/application,full/application,1,1,dropout_kernel_kernel,dropout_kernel_kernel,dropout_kernel_kernel:none,dropout_kernel_kernel:none,dropout_kernel_kernel:LDG[128b:100%]; STG[128b:100%],dropout_kernel_kernel:LDG[128b:100%]; STG[128b:100%],0.0397,0.0729,1.83627,4751360,4587520,983040,819200,1310720,1310720,655360,655360,0,0,491520,491520,0,0,0,0,0,0,0,0,0,0,0,0,0,0,0,0,0,0,163840,163840,167785472,167784448,18.0,18.0,1024.0,1024.0,75.81850092353254,80.51525597662294,,"architecture sm_100 vs sm_90 | benchmark protocol: B200 frozen columns (20/100 config, 64 MB eviction for 41 ops) vs GH200 1/3 with 120 MiB eviction | NCU 2026.1.1 (B200) vs 2025.4.0 (GH200) | B200 TileLang profiled in a separate environment (HF PR #2) and benchmarked in a separate campaign"
flash_attention,Matrix Multiplication/Attention,fp16,tilelang,3cd08aa4a9cbed1327f1799dd4aa97dfb9dc47cd967f22dc5874667205201ec9,3cd08aa4a9cbed1327f1799dd4aa97dfb9dc47cd967f22dc5874667205201ec9,True,"{""batch_size"":4,""causal"":true,""head_dim"":128,""n_heads"":32,""seq_len"":20480}","{""BLOCK_M"": 128, ""BLOCK_N"": 128, ""threads"": 256}","{""BLOCK_M"": 64, ""BLOCK_N"": 128, ""threads"": 128}",False,2026.1.1.0 (build 37634170) (public-release),2025.4.0.0 (build 36690805) (public-release),full/application,full/application,1,1,main_kernel,main_kernel,main_kernel:tcgen05[UTCHMMA:26378240],main_kernel:wgmma[HGMMA.64x128x16.F32:211025920],main_kernel:LDG[128b:100%]; STG[256b:100%],main_kernel:LDG[128b:100%]; STG[32b:100%],32.8555,38.3266,1.16652,11949926436,12067635200,1013319680,977059840,2640599040,2186854400,5649530880,5401804800,433192960,485294080,212992000,428605440,0,0,403107840,531496960,0,0,0,0,0,0,0,211025920,56135680,0,501145600,193740800,163840,0,476467200,24166400,2018541568,2014286848,233.0,254.0,135168.0,99328.0,12.484077032094314,12.474357355039437,,"architecture sm_100 vs sm_90 | benchmark protocol: B200 frozen columns (20/100 config, 64 MB eviction for 41 ops) vs GH200 1/3 with 120 MiB eviction | NCU 2026.1.1 (B200) vs 2025.4.0 (GH200) | B200 TileLang profiled in a separate environment (HF PR #2) and benchmarked in a separate campaign | TileLang uses the TMEM body on B200 and a fragment-accumulator body on GH200 (supports_tmem dispatch) | autotuned winner differs"
flash_decode,Matrix Multiplication/Attention,fp32,tilelang,72eb76a54ebc766e820ad1534ddb0d43a11a42355f6d42282c7f3ad9e15f5594,72eb76a54ebc766e820ad1534ddb0d43a11a42355f6d42282c7f3ad9e15f5594,True,"{""batch"":2,""block_seq"":128,""head_dim"":128,""heads"":8,""seq_len"":40960}","{""num_stages"": 2, ""threads"": 128}","{""num_stages"": 4, ""threads"": 64}",False,2026.1.1.0 (build 37634170) (public-release),2025.4.0.0 (build 36690805) (public-release),full/application,full/application,1,1,flash_decode_stage2_kernel_kernel,flash_decode_stage2_kernel_kernel,flash_decode_stage2_kernel_kernel:none,flash_decode_stage2_kernel_kernel:none,flash_decode_stage2_kernel_kernel:LDG[32b:100%]; STG[32b:100%],"flash_decode_stage2_kernel_kernel:LDG[32b:50%,64b:50%]; STG[64b:100%]",0.0452,0.0395,0.873894,412928,201728,72896,23840,26048,12960,184448,102592,0,0,41088,20544,0,0,0,0,0,0,0,0,0,0,0,0,0,0,0,0,0,0,5440,2688,2653952,2650624,28.0,39.0,1024.0,1024.0,6.225899510867721,3.1186575020347247,,"architecture sm_100 vs sm_90 | benchmark protocol: B200 frozen columns (20/100 config, 64 MB eviction for 41 ops) vs GH200 1/3 with 120 MiB eviction | NCU 2026.1.1 (B200) vs 2025.4.0 (GH200) | B200 TileLang profiled in a separate environment (HF PR #2) and benchmarked in a separate campaign | autotuned winner differs"
fused_activation,Point-wise,fp32,tilelang,b5ff6b5cd332ae23cb3730bb3d0505bbeaf55913bd35c6503186aa84315dd338,b5ff6b5cd332ae23cb3730bb3d0505bbeaf55913bd35c6503186aa84315dd338,True,"{""n"":20971520}","{""BLOCK_SIZE"": 2048, ""threads"": 256}","{""BLOCK_SIZE"": 1024, ""threads"": 128}",False,2026.1.1.0 (build 37634170) (public-release),2025.4.0.0 (build 36690805) (public-release),full/application,full/application,1,1,fused_activation_kernel_kernel,fused_activation_kernel_kernel,fused_activation_kernel_kernel:none,fused_activation_kernel_kernel:none,fused_activation_kernel_kernel:LDG[256b:100%]; STG[256b:100%],fused_activation_kernel_kernel:LDG[128b:100%]; STG[128b:100%],0.0519,0.0954,1.83815,17285120,16957440,2539520,2457600,655360,655360,8519680,8519680,0,0,327680,655360,0,0,0,0,0,0,0,0,0,0,0,0,0,0,1310720,1310720,0,0,737280,737280,251674624,251677952,40.0,38.0,1024.0,1024.0,57.7211142736971,66.01986482140661,,"architecture sm_100 vs sm_90 | benchmark protocol: B200 frozen columns (20/100 config, 64 MB eviction for 41 ops) vs GH200 1/3 with 120 MiB eviction | NCU 2026.1.1 (B200) vs 2025.4.0 (GH200) | B200 TileLang profiled in a separate environment (HF PR #2) and benchmarked in a separate campaign | autotuned winner differs"
gaussian_blur,Stencil/Convolution,fp16,tilelang,eac8306ad281ddec1f9eee83d6aca7922fd91a81eb15e58f814129494fd1ec43,eac8306ad281ddec1f9eee83d6aca7922fd91a81eb15e58f814129494fd1ec43,True,"{""input_rows"":10240,""kernel_cols"":7,""kernel_rows"":7}","{""BLOCK_C"": 256, ""BLOCK_R"": 4, ""threads"": 128}","{""BLOCK_C"": 512, ""BLOCK_R"": 1, ""threads"": 128}",False,2026.1.1.0 (build 37634170) (public-release),2025.4.0.0 (build 36690805) (public-release),full/application,full/application,1,1,gaussian_blur_kernel_kernel,gaussian_blur_kernel_kernel,gaussian_blur_kernel_kernel:none,gaussian_blur_kernel_kernel:none,gaussian_blur_kernel_kernel:LDG[16b:100%]; STG[16b:100%],gaussian_blur_kernel_kernel:LDG[16b:100%]; STG[16b:100%],2.2652,1.2021,0.530682,761856000,1053355920,31539200,158080640,64307200,166270720,394444800,421026400,3686400,3276800,183910400,208867680,0,0,0,0,0,0,0,0,0,0,0,0,0,0,0,0,0,0,409600,6554320,209876224,211211264,255.0,52.0,1024.0,1024.0,10.14498473975893,52.51901642222207,,"architecture sm_100 vs sm_90 | benchmark protocol: B200 frozen columns (20/100 config, 64 MB eviction for 41 ops) vs GH200 1/3 with 120 MiB eviction | NCU 2026.1.1 (B200) vs 2025.4.0 (GH200) | B200 TileLang profiled in a separate environment (HF PR #2) and benchmarked in a separate campaign | autotuned winner differs"
gaussian_blur,Stencil/Convolution,fp32,tilelang,1e52039bb44020eaa7ad629381e65d567485483137da4bfb54aa9e03e7c28cd8,1e52039bb44020eaa7ad629381e65d567485483137da4bfb54aa9e03e7c28cd8,True,"{""input_rows"":10240,""kernel_cols"":7,""kernel_rows"":7}","{""BLOCK_C"": 256, ""BLOCK_R"": 4, ""threads"": 128}","{""BLOCK_C"": 512, ""BLOCK_R"": 1, ""threads"": 128}",False,2026.1.1.0 (build 37634170) (public-release),2025.4.0.0 (build 36690805) (public-release),full/application,full/application,1,1,gaussian_blur_kernel_kernel,gaussian_blur_kernel_kernel,gaussian_blur_kernel_kernel:none,gaussian_blur_kernel_kernel:none,gaussian_blur_kernel_kernel:LDG[32b:100%]; STG[32b:100%],gaussian_blur_kernel_kernel:LDG[32b:100%]; STG[32b:100%],1.1436,1.1481,1.00393,555008000,828925120,50380800,178557680,64307200,166270720,182272000,190043440,0,0,183910400,208867680,0,0,0,0,0,0,0,0,0,0,0,0,0,0,0,0,0,0,409600,6554320,420550144,439959040,254.0,56.0,1024.0,1024.0,11.092039708408182,49.79157017641513,,"architecture sm_100 vs sm_90 | benchmark protocol: B200 frozen columns (20/100 config, 64 MB eviction for 41 ops) vs GH200 1/3 with 120 MiB eviction | NCU 2026.1.1 (B200) vs 2025.4.0 (GH200) | B200 TileLang profiled in a separate environment (HF PR #2) and benchmarked in a separate campaign | autotuned winner differs"
histogramming,Reduction/Normalization,int32,tilelang,c48a75a3660d5948dbeb67430e440707f3b68df6629d7e95ba5704558dcac9fa,c48a75a3660d5948dbeb67430e440707f3b68df6629d7e95ba5704558dcac9fa,True,"{""N"":67108864,""num_bins"":4096}","{""partial_BLOCK_SIZE"": 2048, ""partial_threads"": 256, ""reduce_BLOCK_BINS"": 64, ""reduce_BLOCK_ROWS"": 128, ""reduce_threads"": 128}","{""partial_BLOCK_SIZE"": 2048, ""partial_threads"": 256, ""reduce_BLOCK_BINS"": 64, ""reduce_BLOCK_ROWS"": 128, ""reduce_threads"": 128}",True,2026.1.1.0 (build 37634170) (public-release),2025.4.0.0 (build 36690805) (public-release),full/application,full/application,3,2,histogram_partial_kernel_kernel;histogram_reduce_kernel_kernel;vectorized_elementwise_kernel,histogram_partial_kernel_kernel;histogram_reduce_kernel_kernel,vectorized_elementwise_kernel:none / histogram_partial_kernel_kernel:none / histogram_reduce_kernel_kernel:none,histogram_partial_kernel_kernel:none / histogram_reduce_kernel_kernel:none,"vectorized_elementwise_kernel:STG[128b:100%] / histogram_partial_kernel_kernel:TMA[UBLKCP.G.S:256,UTMACMDFLUSH:256]; LDG[32b:100%] / histogram_reduce_kernel_kernel:LDG[256b:100%]; STG[256b:100%]","histogram_partial_kernel_kernel:TMA[UBLKCP.G.S:256,UTMACMDFLUSH:256]; LDG[32b:100%] / histogram_reduce_kernel_kernel:LDG[128b:100%]; STG[128b:100%]",0.0963,0.0946,0.982347,16495552,16356928,2972672,2920320,2758912,2754560,0,0,0,0,2109504,2105408,0,0,24576,16384,0,0,512,512,0,0,0,0,0,0,4216320,4208128,2097152,2097152,2239296,2231104,268462080,268460800,27.0,24.0,17408.0,17408.0,21.524510350269797,23.9415641830145,,"architecture sm_100 vs sm_90 | benchmark protocol: B200 frozen columns (20/100 config, 64 MB eviction for 41 ops) vs GH200 1/3 with 120 MiB eviction | NCU 2026.1.1 (B200) vs 2025.4.0 (GH200) | B200 TileLang profiled in a separate environment (HF PR #2) and benchmarked in a separate campaign | kernel set/names differ"
interleave,Data Layout,bf16,tilelang,27ed54477706433d6a7a6281ad92b6c26359f3da4d9199b21a888b4770e3edd7,27ed54477706433d6a7a6281ad92b6c26359f3da4d9199b21a888b4770e3edd7,True,"{""n"":20000000}","{""BLOCK_SIZE"": 1024, ""threads"": 128}","{""BLOCK_SIZE"": 1024, ""threads"": 256}",False,2026.1.1.0 (build 37634170) (public-release),2025.4.0.0 (build 36690805) (public-release),full/application,full/application,1,1,interleave_kernel_kernel,interleave_kernel_kernel,interleave_kernel_kernel:none,interleave_kernel_kernel:none,interleave_kernel_kernel:LDG[128b:100%]; STG[256b:100%],interleave_kernel_kernel:LDG[64b:100%]; STG[128b:100%],0.0265,0.0475,1.79245,5390697,4843876,3437530,1718798,78128,312512,0,0,625000,625000,234381,468762,0,0,0,0,0,0,0,0,0,0,0,0,0,0,0,0,0,0,156253,312506,80012032,80017408,25.0,18.0,1024.0,1024.0,80.28271246091381,77.86828113446349,,"architecture sm_100 vs sm_90 | benchmark protocol: B200 frozen columns (20/100 config, 64 MB eviction for 41 ops) vs GH200 1/3 with 120 MiB eviction | NCU 2026.1.1 (B200) vs 2025.4.0 (GH200) | B200 TileLang profiled in a separate environment (HF PR #2) and benchmarked in a separate campaign | autotuned winner differs"
interleave,Data Layout,fp16,tilelang,047fc548f0cd6eafc4472b1ed8c788e0485005a304c1522d4bb161e8394894e7,047fc548f0cd6eafc4472b1ed8c788e0485005a304c1522d4bb161e8394894e7,True,"{""n"":20000000}","{""BLOCK_SIZE"": 1024, ""threads"": 128}","{""BLOCK_SIZE"": 1024, ""threads"": 256}",False,2026.1.1.0 (build 37634170) (public-release),2025.4.0.0 (build 36690805) (public-release),full/application,full/application,1,1,interleave_kernel_kernel,interleave_kernel_kernel,interleave_kernel_kernel:none,interleave_kernel_kernel:none,interleave_kernel_kernel:LDG[128b:100%]; STG[256b:100%],interleave_kernel_kernel:LDG[64b:100%]; STG[128b:100%],0.0263,0.0476,1.80989,5390697,4843876,3437530,1718798,78128,312512,0,0,625000,625000,234381,468762,0,0,0,0,0,0,0,0,0,0,0,0,0,0,0,0,0,0,156253,312506,80021248,80021248,25.0,18.0,1024.0,1024.0,81.57187431169466,77.75037688687063,,"architecture sm_100 vs sm_90 | benchmark protocol: B200 frozen columns (20/100 config, 64 MB eviction for 41 ops) vs GH200 1/3 with 120 MiB eviction | NCU 2026.1.1 (B200) vs 2025.4.0 (GH200) | B200 TileLang profiled in a separate environment (HF PR #2) and benchmarked in a separate campaign | autotuned winner differs"
interleave,Data Layout,fp32,tilelang,fb3305b4d44c9063dab6995cb25086a555015d7bf0d119d5a11aea7f15b328bf,fb3305b4d44c9063dab6995cb25086a555015d7bf0d119d5a11aea7f15b328bf,True,"{""n"":20000000}","{""BLOCK_SIZE"": 1024, ""threads"": 128}","{""BLOCK_SIZE"": 1024, ""threads"": 256}",False,2026.1.1.0 (build 37634170) (public-release),2025.4.0.0 (build 36690805) (public-release),full/application,full/application,1,1,interleave_kernel_kernel,interleave_kernel_kernel,interleave_kernel_kernel:none,interleave_kernel_kernel:none,interleave_kernel_kernel:LDG[256b:100%]; STG[256b:100%],interleave_kernel_kernel:LDG[128b:100%]; STG[128b:100%],0.0499,0.0928,1.85972,4062587,5781382,1953158,2343798,78128,156256,0,0,0,0,312506,625012,0,0,0,0,0,0,0,0,0,0,0,0,0,0,0,0,0,0,156253,312506,160034304,160280064,28.0,18.0,1024.0,1024.0,76.95765964391657,79.43771489490169,,"architecture sm_100 vs sm_90 | benchmark protocol: B200 frozen columns (20/100 config, 64 MB eviction for 41 ops) vs GH200 1/3 with 120 MiB eviction | NCU 2026.1.1 (B200) vs 2025.4.0 (GH200) | B200 TileLang profiled in a separate environment (HF PR #2) and benchmarked in a separate campaign | autotuned winner differs"
interleave,Data Layout,int8,tilelang,bd979fe1d232b2650e93d232312a66ad7c049b1c7527ded5f6fee7373bbb3d8e,bd979fe1d232b2650e93d232312a66ad7c049b1c7527ded5f6fee7373bbb3d8e,True,"{""n"":20000000}","{""BLOCK_SIZE"": 4096, ""threads"": 256}","{""BLOCK_SIZE"": 1024, ""threads"": 128}",False,2026.1.1.0 (build 37634170) (public-release),2025.4.0.0 (build 36690805) (public-release),full/application,full/application,1,1,interleave_kernel_kernel,interleave_kernel_kernel,interleave_kernel_kernel:none,interleave_kernel_kernel:none,interleave_kernel_kernel:LDG[128b:100%]; STG[256b:100%],interleave_kernel_kernel:LDG[64b:100%]; STG[128b:100%],0.0148,0.0258,1.74324,3984452,3828191,3320367,2187530,39064,78128,0,0,0,468750,117191,234381,0,0,0,0,0,0,0,0,0,0,0,0,0,0,0,0,0,0,78127,156253,40005120,40007424,39.0,17.0,1024.0,1024.0,56.93971647379647,79.58913989284231,,"architecture sm_100 vs sm_90 | benchmark protocol: B200 frozen columns (20/100 config, 64 MB eviction for 41 ops) vs GH200 1/3 with 120 MiB eviction | NCU 2026.1.1 (B200) vs 2025.4.0 (GH200) | B200 TileLang profiled in a separate environment (HF PR #2) and benchmarked in a separate campaign | autotuned winner differs"
jacobi_stencil_2d,Stencil/Convolution,bf16,tilelang,c1588c75a435944039a7dad32b946eb9cdea5178c13e9124c640fddad6c53e92,c1588c75a435944039a7dad32b946eb9cdea5178c13e9124c640fddad6c53e92,True,"{""rows"":10240}","{""BLOCK_SIZE_C"": 512, ""BLOCK_SIZE_R"": 2, ""threads"": 256}","{""BLOCK_SIZE_C"": 1024, ""BLOCK_SIZE_R"": 1, ""threads"": 256}",False,2026.1.1.0 (build 37634170) (public-release),2025.4.0.0 (build 36690805) (public-release),full/application,full/application,1,1,jacobi_stencil_kernel_kernel,jacobi_stencil_kernel_kernel,jacobi_stencil_kernel_kernel:none,jacobi_stencil_kernel_kernel:none,"jacobi_stencil_kernel_kernel:LDG[16b:91%,64b:9%]; STG[64b:100%]","jacobi_stencil_kernel_kernel:LDG[16b:94%,64b:6%]; STG[64b:100%]",0.1312,0.1742,1.32774,72908800,73727520,10649600,9830400,13926400,13926400,13107200,13107200,18841600,15564560,9830400,13926080,0,0,0,0,0,0,0,0,0,0,0,0,0,0,0,0,0,0,819200,1638480,209761280,218635264,20.0,32.0,1024.0,1024.0,77.46579125587523,79.37313275069432,,"architecture sm_100 vs sm_90 | benchmark protocol: B200 frozen columns (20/100 config, 64 MB eviction for 41 ops) vs GH200 1/3 with 120 MiB eviction | NCU 2026.1.1 (B200) vs 2025.4.0 (GH200) | B200 TileLang profiled in a separate environment (HF PR #2) and benchmarked in a separate campaign | autotuned winner differs"
jacobi_stencil_2d,Stencil/Convolution,fp16,tilelang,6657cb75d3c79f92250abe6f04d7003d9af20a52aaa1aaf3a6104de6188c0b55,6657cb75d3c79f92250abe6f04d7003d9af20a52aaa1aaf3a6104de6188c0b55,True,"{""rows"":10240}","{""BLOCK_SIZE_C"": 512, ""BLOCK_SIZE_R"": 2, ""threads"": 256}","{""BLOCK_SIZE_C"": 512, ""BLOCK_SIZE_R"": 1, ""threads"": 128}",False,2026.1.1.0 (build 37634170) (public-release),2025.4.0.0 (build 36690805) (public-release),full/application,full/application,1,1,jacobi_stencil_kernel_kernel,jacobi_stencil_kernel_kernel,jacobi_stencil_kernel_kernel:none,jacobi_stencil_kernel_kernel:none,"jacobi_stencil_kernel_kernel:LDG[16b:91%,64b:9%]; STG[64b:100%]","jacobi_stencil_kernel_kernel:LDG[16b:94%,64b:6%]; STG[64b:100%]",0.1312,0.1741,1.32698,72908800,72908320,10649600,10649600,13926400,13926480,13107200,13107200,18841600,13107200,9830400,13925760,0,0,0,0,0,0,0,0,0,0,0,0,0,0,0,0,0,0,819200,2457680,209763584,210875904,20.0,32.0,1024.0,1024.0,77.28349633801135,83.48491478510522,,"architecture sm_100 vs sm_90 | benchmark protocol: B200 frozen columns (20/100 config, 64 MB eviction for 41 ops) vs GH200 1/3 with 120 MiB eviction | NCU 2026.1.1 (B200) vs 2025.4.0 (GH200) | B200 TileLang profiled in a separate environment (HF PR #2) and benchmarked in a separate campaign | autotuned winner differs"
jacobi_stencil_2d,Stencil/Convolution,fp32,tilelang,cc5850acec93e2f1973bee489301a326041685edbe278e71b71970a84b22af68,cc5850acec93e2f1973bee489301a326041685edbe278e71b71970a84b22af68,True,"{""rows"":10240}","{""BLOCK_SIZE_C"": 512, ""BLOCK_SIZE_R"": 2, ""threads"": 256}","{""BLOCK_SIZE_C"": 2048, ""BLOCK_SIZE_R"": 2, ""threads"": 256}",False,2026.1.1.0 (build 37634170) (public-release),2025.4.0.0 (build 36690805) (public-release),full/application,full/application,1,1,jacobi_stencil_kernel_kernel,jacobi_stencil_kernel_kernel,jacobi_stencil_kernel_kernel:none,jacobi_stencil_kernel_kernel:none,"jacobi_stencil_kernel_kernel:LDG[32b:91%,128b:9%]; STG[128b:100%]","jacobi_stencil_kernel_kernel:LDG[32b:86%,128b:14%]; STG[128b:100%]",0.1715,0.2463,1.43615,59801600,54067200,12288000,11264000,14745600,11878400,13107200,14336000,0,0,9830400,6553600,0,0,0,0,0,0,0,0,0,0,0,0,0,0,0,0,0,0,819200,204800,421031168,424758272,24.0,59.0,1024.0,1024.0,84.05572240030953,42.675604905442285,,"architecture sm_100 vs sm_90 | benchmark protocol: B200 frozen columns (20/100 config, 64 MB eviction for 41 ops) vs GH200 1/3 with 120 MiB eviction | NCU 2026.1.1 (B200) vs 2025.4.0 (GH200) | B200 TileLang profiled in a separate environment (HF PR #2) and benchmarked in a separate campaign | autotuned winner differs"
kl_divergence,Reduction/Normalization,fp32,tilelang,a9e35b5366cf111a118e4df2579212fc2782eabc0f402b28e377af9708fd94fb,a9e35b5366cf111a118e4df2579212fc2782eabc0f402b28e377af9708fd94fb,True,"{""cols"":16384,""rows"":4096}","{""BLOCK_SIZE"": 4096, ""num_stages"": 2, ""threads"": 256}","{""BLOCK_SIZE"": 4096, ""num_stages"": 2, ""threads"": 256}",True,2026.1.1.0 (build 37634170) (public-release),2025.4.0.0 (build 36690805) (public-release),full/application,full/application,1,1,kl_divergence_kernel_kernel,kl_divergence_kernel_kernel,kl_divergence_kernel_kernel:none,kl_divergence_kernel_kernel:none,kl_divergence_kernel_kernel:LDG[256b:100%]; STG[32b:100%],kl_divergence_kernel_kernel:LDG[128b:100%]; STG[32b:100%],0.0980,0.1536,1.56735,78331904,79642624,7376896,7376896,14843904,14843904,40927232,41058304,2097152,2097152,528384,1052672,0,0,786432,786432,0,0,0,0,0,0,0,0,0,0,5013504,5013504,0,0,2265088,2265088,536911360,536904448,53.0,53.0,2048.0,2048.0,47.1477076771551,48.03600299469897,,"architecture sm_100 vs sm_90 | benchmark protocol: B200 frozen columns (20/100 config, 64 MB eviction for 41 ops) vs GH200 1/3 with 120 MiB eviction | NCU 2026.1.1 (B200) vs 2025.4.0 (GH200) | B200 TileLang profiled in a separate environment (HF PR #2) and benchmarked in a separate campaign"
l2_norm,Reduction/Normalization,bf16,tilelang,40d4918d934a601814f708e35a256eb808b3bd63fe9388e0c50f1bd60fb3d035,40d4918d934a601814f708e35a256eb808b3bd63fe9388e0c50f1bd60fb3d035,True,"{""K"":10240,""M"":2048,""batch"":1,""eps"":1e-06}","{""BLOCK_N"": 1024, ""num_stages"": 2, ""threads"": 256}","{""BLOCK_N"": 512, ""num_stages"": 2, ""threads"": 128}",False,2026.1.1.0 (build 37634170) (public-release),2025.4.0.0 (build 36690805) (public-release),full/application,full/application,1,1,l2_norm_fwd_kernel_kernel,l2_norm_fwd_kernel_kernel,l2_norm_fwd_kernel_kernel:none,l2_norm_fwd_kernel_kernel:none,l2_norm_fwd_kernel_kernel:LDG[64b:100%]; STG[64b:100%],l2_norm_fwd_kernel_kernel:LDG[64b:100%]; STG[64b:100%],0.0150,0.0262,1.74667,3211264,3358720,868352,753664,16384,8192,901120,1425408,655360,655360,327680,327680,0,0,98304,32768,0,0,0,0,0,0,0,0,0,0,98304,32768,0,0,16384,8192,41953024,41956864,53.0,95.0,2048.0,1536.0,41.74647362919926,27.7965451850279,,"architecture sm_100 vs sm_90 | benchmark protocol: B200 frozen columns (20/100 config, 64 MB eviction for 41 ops) vs GH200 1/3 with 120 MiB eviction | NCU 2026.1.1 (B200) vs 2025.4.0 (GH200) | B200 TileLang profiled in a separate environment (HF PR #2) and benchmarked in a separate campaign | autotuned winner differs"
l2_norm,Reduction/Normalization,fp16,tilelang,42c095a11eb96fb7001e32ec97dd62febd602b150a256a14aa2f2c1dde661e5f,42c095a11eb96fb7001e32ec97dd62febd602b150a256a14aa2f2c1dde661e5f,True,"{""K"":10240,""M"":2048,""batch"":1,""eps"":1e-06}","{""BLOCK_N"": 2048, ""num_stages"": 3, ""threads"": 128}","{""BLOCK_N"": 1024, ""num_stages"": 4, ""threads"": 256}",False,2026.1.1.0 (build 37634170) (public-release),2025.4.0.0 (build 36690805) (public-release),full/application,full/application,1,1,l2_norm_fwd_kernel_kernel,l2_norm_fwd_kernel_kernel,l2_norm_fwd_kernel_kernel:none,l2_norm_fwd_kernel_kernel:none,l2_norm_fwd_kernel_kernel:LDG[128b:100%]; STG[128b:100%],l2_norm_fwd_kernel_kernel:LDG[64b:100%]; STG[64b:100%],0.0152,0.0262,1.72368,3432448,3538944,311296,212992,49152,16384,2179072,2211840,327680,327680,245760,327680,0,0,32768,98304,0,0,0,0,0,0,0,0,0,0,32768,98304,0,0,49152,16384,42679040,41954304,56.0,53.0,1536.0,2048.0,45.8323523343691,44.69962827412916,,"architecture sm_100 vs sm_90 | benchmark protocol: B200 frozen columns (20/100 config, 64 MB eviction for 41 ops) vs GH200 1/3 with 120 MiB eviction | NCU 2026.1.1 (B200) vs 2025.4.0 (GH200) | B200 TileLang profiled in a separate environment (HF PR #2) and benchmarked in a separate campaign | autotuned winner differs"
l2_norm,Reduction/Normalization,fp32,tilelang,163281954b035ab03824b56dc260d17111824074bf66f14bc5f171d25a285d33,163281954b035ab03824b56dc260d17111824074bf66f14bc5f171d25a285d33,True,"{""K"":10240,""M"":2048,""batch"":1,""eps"":1e-06}","{""BLOCK_N"": 512, ""num_stages"": 3, ""threads"": 128}","{""BLOCK_N"": 1024, ""num_stages"": 4, ""threads"": 128}",False,2026.1.1.0 (build 37634170) (public-release),2025.4.0.0 (build 36690805) (public-release),full/application,full/application,1,1,l2_norm_fwd_kernel_kernel,l2_norm_fwd_kernel_kernel,l2_norm_fwd_kernel_kernel:none,l2_norm_fwd_kernel_kernel:none,l2_norm_fwd_kernel_kernel:LDG[128b:100%]; STG[128b:100%],l2_norm_fwd_kernel_kernel:LDG[128b:100%]; STG[128b:100%],0.0270,0.0494,1.82963,1835008,2080768,81920,98304,8192,8192,770048,1458176,0,0,327680,327680,0,0,32768,32768,0,0,0,0,0,0,0,0,0,0,32768,32768,0,0,8192,8192,83898880,83898624,94.0,93.0,1536.0,1536.0,27.348305093487795,28.889085655312087,,"architecture sm_100 vs sm_90 | benchmark protocol: B200 frozen columns (20/100 config, 64 MB eviction for 41 ops) vs GH200 1/3 with 120 MiB eviction | NCU 2026.1.1 (B200) vs 2025.4.0 (GH200) | B200 TileLang profiled in a separate environment (HF PR #2) and benchmarked in a separate campaign | autotuned winner differs"
layernorm,Reduction/Normalization,bf16,tilelang,5a1e2eeeaf0f8d7a75704b7f37683e50e7bdef64c522a65568a4d3b1c88111ad,5a1e2eeeaf0f8d7a75704b7f37683e50e7bdef64c522a65568a4d3b1c88111ad,True,"{""K"":10240,""M"":2048,""batch"":1}","{""BLOCK_N"": 4096, ""num_stages"": 2, ""threads"": 256}","{""BLOCK_N"": 2048, ""num_stages"": 2, ""threads"": 256}",False,2026.1.1.0 (build 37634170) (public-release),2025.4.0.0 (build 36690805) (public-release),full/application,full/application,1,1,layernorm_kernel_kernel,layernorm_kernel_kernel,layernorm_kernel_kernel:none,layernorm_kernel_kernel:none,layernorm_kernel_kernel:LDG[128b:100%]; STG[128b:100%],layernorm_kernel_kernel:LDG[64b:100%]; STG[64b:100%],0.0211,0.0295,1.3981,9175040,11763712,3047424,3768320,49152,81920,3162112,4063232,1638400,1638400,409600,819200,0,0,196608,196608,0,0,0,0,0,0,0,0,0,0,278528,278528,0,0,49152,81920,42007552,42276608,80.0,54.0,2048.0,2048.0,33.352008074752945,44.38205874991467,,"architecture sm_100 vs sm_90 | benchmark protocol: B200 frozen columns (20/100 config, 64 MB eviction for 41 ops) vs GH200 1/3 with 120 MiB eviction | NCU 2026.1.1 (B200) vs 2025.4.0 (GH200) | B200 TileLang profiled in a separate environment (HF PR #2) and benchmarked in a separate campaign | autotuned winner differs"
layernorm,Reduction/Normalization,fp16,tilelang,59d3fe18a8ce80e274717b260206d782a1452bc93ec69a3939dc6ba32583afe1,59d3fe18a8ce80e274717b260206d782a1452bc93ec69a3939dc6ba32583afe1,True,"{""K"":10240,""M"":2048,""batch"":1}","{""BLOCK_N"": 1024, ""num_stages"": 2, ""threads"": 128}","{""BLOCK_N"": 4096, ""num_stages"": 2, ""threads"": 128}",False,2026.1.1.0 (build 37634170) (public-release),2025.4.0.0 (build 36690805) (public-release),full/application,full/application,1,1,layernorm_kernel_kernel,layernorm_kernel_kernel,layernorm_kernel_kernel:none,layernorm_kernel_kernel:none,layernorm_kernel_kernel:LDG[128b:100%]; STG[128b:100%],layernorm_kernel_kernel:LDG[64b:100%]; STG[64b:100%],0.0195,0.0290,1.48718,7618560,10420224,901120,401408,122880,98304,4964352,7725056,327680,393216,409600,950272,0,0,65536,65536,0,0,0,0,0,0,0,0,0,0,106496,106496,0,0,122880,49152,42034688,44623104,52.0,71.0,1536.0,1536.0,47.205930117333224,37.80470331207669,,"architecture sm_100 vs sm_90 | benchmark protocol: B200 frozen columns (20/100 config, 64 MB eviction for 41 ops) vs GH200 1/3 with 120 MiB eviction | NCU 2026.1.1 (B200) vs 2025.4.0 (GH200) | B200 TileLang profiled in a separate environment (HF PR #2) and benchmarked in a separate campaign | autotuned winner differs"
layernorm,Reduction/Normalization,fp32,tilelang,f8961a216d126fddd59a506537980781faba8da8ea651681bd87e9e4dc2e9b43,f8961a216d126fddd59a506537980781faba8da8ea651681bd87e9e4dc2e9b43,True,"{""K"":10240,""M"":2048,""batch"":1}","{""BLOCK_N"": 4096, ""num_stages"": 4, ""threads"": 128}","{""BLOCK_N"": 512, ""num_stages"": 2, ""threads"": 256}",False,2026.1.1.0 (build 37634170) (public-release),2025.4.0.0 (build 36690805) (public-release),full/application,full/application,1,1,layernorm_kernel_kernel,layernorm_kernel_kernel,layernorm_kernel_kernel:none,layernorm_kernel_kernel:none,layernorm_kernel_kernel:LDG[256b:100%]; STG[256b:100%],layernorm_kernel_kernel:LDG[64b:100%]; STG[64b:100%],0.0303,0.0514,1.69637,6316032,6373376,532480,262144,98304,49152,3137536,3866624,0,0,475136,1310720,0,0,65536,196608,0,0,0,0,0,0,0,0,0,0,106496,278528,0,0,49152,49152,84362496,84010752,112.0,128.0,1536.0,2048.0,22.173637282226704,23.168864692011766,,"architecture sm_100 vs sm_90 | benchmark protocol: B200 frozen columns (20/100 config, 64 MB eviction for 41 ops) vs GH200 1/3 with 120 MiB eviction | NCU 2026.1.1 (B200) vs 2025.4.0 (GH200) | B200 TileLang profiled in a separate environment (HF PR #2) and benchmarked in a separate campaign | autotuned winner differs"
leaky_relu,Point-wise,bf16,tilelang,1569c64eec63e4afd8fc8285fff17cb0cd2420056e0a80c2126cb0626a916159,1569c64eec63e4afd8fc8285fff17cb0cd2420056e0a80c2126cb0626a916159,True,"{""n"":50000000}","{""BLOCK_SIZE"": 4096, ""threads"": 256}","{""BLOCK_SIZE"": 8192, ""threads"": 128}",False,2026.1.1.0 (build 37634170) (public-release),2025.4.0.0 (build 36690805) (public-release),full/application,full/application,1,1,leaky_relu_kernel_kernel,leaky_relu_kernel_kernel,leaky_relu_kernel_kernel:none,leaky_relu_kernel_kernel:none,leaky_relu_kernel_kernel:LDG[256b:100%]; STG[256b:100%],leaky_relu_kernel_kernel:LDG[128b:100%]; STG[128b:100%],0.0321,0.0579,1.80374,11426462,6885288,4199335,317408,1660288,1953280,1562624,1562624,2636928,2075344,195314,390652,0,0,0,0,0,0,0,0,0,0,0,0,0,0,195329,0,0,0,390642,48828,100023552,100029696,28.0,54.0,1024.0,1024.0,72.07208661583653,47.173420623255744,,"architecture sm_100 vs sm_90 | benchmark protocol: B200 frozen columns (20/100 config, 64 MB eviction for 41 ops) vs GH200 1/3 with 120 MiB eviction | NCU 2026.1.1 (B200) vs 2025.4.0 (GH200) | B200 TileLang profiled in a separate environment (HF PR #2) and benchmarked in a separate campaign | autotuned winner differs"
leaky_relu,Point-wise,fp16,tilelang,201acc88afa9dfea0aa96856bbacde9cc1f106d7bb6e79760bc70b3be1c86e2f,201acc88afa9dfea0aa96856bbacde9cc1f106d7bb6e79760bc70b3be1c86e2f,True,"{""n"":50000000}","{""BLOCK_SIZE"": 1024, ""threads"": 128}","{""BLOCK_SIZE"": 2048, ""threads"": 256}",False,2026.1.1.0 (build 37634170) (public-release),2025.4.0.0 (build 36690805) (public-release),full/application,full/application,1,1,leaky_relu_kernel_kernel,leaky_relu_kernel_kernel,leaky_relu_kernel_kernel:none,leaky_relu_kernel_kernel:none,leaky_relu_kernel_kernel:LDG[128b:100%]; STG[128b:100%],leaky_relu_kernel_kernel:LDG[128b:100%]; STG[128b:100%],0.0341,0.0578,1.69501,9961023,9570464,2148452,1562518,1757826,1953158,1562504,1562504,1757826,1562518,390626,390626,0,0,0,0,0,0,0,0,0,0,0,0,0,0,390633,390641,0,0,781258,585953,100012544,100016640,16.0,16.0,1024.0,1024.0,76.50846104405325,77.47392156630288,,"architecture sm_100 vs sm_90 | benchmark protocol: B200 frozen columns (20/100 config, 64 MB eviction for 41 ops) vs GH200 1/3 with 120 MiB eviction | NCU 2026.1.1 (B200) vs 2025.4.0 (GH200) | B200 TileLang profiled in a separate environment (HF PR #2) and benchmarked in a separate campaign | autotuned winner differs"
leaky_relu,Point-wise,fp32,tilelang,4eaf06de1f3e884cf7de6c257804e594f483cd520162495266e6b982f72da30e,4eaf06de1f3e884cf7de6c257804e594f483cd520162495266e6b982f72da30e,True,"{""n"":50000000}","{""BLOCK_SIZE"": 2048, ""threads"": 256}","{""BLOCK_SIZE"": 1024, ""threads"": 128}",False,2026.1.1.0 (build 37634170) (public-release),2025.4.0.0 (build 36690805) (public-release),full/application,full/application,1,1,leaky_relu_kernel_kernel,leaky_relu_kernel_kernel,leaky_relu_kernel_kernel:none,leaky_relu_kernel_kernel:none,leaky_relu_kernel_kernel:LDG[256b:100%]; STG[256b:100%],leaky_relu_kernel_kernel:LDG[128b:100%]; STG[128b:100%],0.0607,0.1136,1.8715,11132954,8984455,3710968,1562521,1757824,1953132,1562504,1562500,0,0,390626,781257,0,0,0,0,0,0,0,0,0,0,0,0,0,0,390641,390632,0,0,585953,585944,200018432,200017152,18.0,18.0,1024.0,1024.0,72.54478237715888,85.63699204986467,,"architecture sm_100 vs sm_90 | benchmark protocol: B200 frozen columns (20/100 config, 64 MB eviction for 41 ops) vs GH200 1/3 with 120 MiB eviction | NCU 2026.1.1 (B200) vs 2025.4.0 (GH200) | B200 TileLang profiled in a separate environment (HF PR #2) and benchmarked in a separate campaign | autotuned winner differs"
linear_self_attention,Matrix Multiplication/Attention,fp32,tilelang,c4b4d54872a803769c9d41ab85d19c70739a0ca45afad5b23e797a6936ecc50c,c4b4d54872a803769c9d41ab85d19c70739a0ca45afad5b23e797a6936ecc50c,True,"{""D"":256,""M"":10000,""eps"":1e-06}","{""kv_BLOCK_K"": 64, ""kv_BLOCK_M"": 32, ""kv_BLOCK_N"": 32, ""kv_num_stages"": 3, ""kv_threads"": 128, ""out_BLOCK_K"": 32, ""out_BLOCK_M"": 64, ""out_BLOCK_N"": 128, ""out_num_stages"": 3, ""out_threads"": 128}","{""kv_BLOCK_K"": 64, ""kv_BLOCK_M"": 32, ""kv_BLOCK_N"": 32, ""kv_num_stages"": 3, ""kv_threads"": 256, ""out_BLOCK_K"": 64, ""out_BLOCK_M"": 64, ""out_BLOCK_N"": 128, ""out_num_stages"": 2, ""out_threads"": 128}",False,2026.1.1.0 (build 37634170) (public-release),2025.4.0.0 (build 36690805) (public-release),targeted/application,full/application,5,5,kv_kernel_kernel;out_kernel_kernel;phi_kernel_kernel;z_kernel_kernel,kv_kernel_kernel;out_kernel_kernel;phi_kernel_kernel;z_kernel_kernel,phi_kernel_kernel:static_sites:none / kv_kernel_kernel:static_sites:legacy_mma[HMMA.1688.F32.TF32:48] / z_kernel_kernel:static_sites:none / out_kernel_kernel:static_sites:legacy_mma[HMMA.1688.F32.TF32:256],phi_kernel_kernel:none / kv_kernel_kernel:legacy_mma[HMMA.1688.F32.TF32:643072] / z_kernel_kernel:none / out_kernel_kernel:wgmma[HGMMA.64x128x8.F32.TF32:40192],phi_kernel_kernel:static_sites:LDG[256b:100%]; STG[256b:100%] / kv_kernel_kernel:static_sites:LDG[32b:100%]; STG[64b:100%] / z_kernel_kernel:static_sites:LDG[256b:100%]; STG[256b:100%] / out_kernel_kernel:static_sites:LDG[32b:100%]; STG[64b:100%],phi_kernel_kernel:LDG[128b:100%]; STG[128b:100%] / kv_kernel_kernel:LDG[32b:100%]; STG[64b:100%] / z_kernel_kernel:LDG[128b:100%]; STG[128b:100%] / out_kernel_kernel:LDG[32b:100%]; STG[64b:100%],0.8200,0.7416,0.90439,28546512,32007048,,12573984,,2706128,,4227504,,7536,,2075368,,0,,3857920,,0,,0,,643072,,40192,,0,,1835448,,0,,543938,30915072,38799872,72.0,64.0,50176.0,50176.0,6.248448508506732,12.498909485690232,B200:dynamic_opcode_counts,"architecture sm_100 vs sm_90 | benchmark protocol: B200 frozen columns (20/100 config, 64 MB eviction for 41 ops) vs GH200 1/3 with 120 MiB eviction | NCU 2026.1.1 (B200) vs 2025.4.0 (GH200) | B200 TileLang profiled in a separate environment (HF PR #2) and benchmarked in a separate campaign | autotuned winner differs | collection level differs (targeted vs full)"
matmul_fp32_fp16_fp8,Matrix Multiplication/Attention,fp16,tilelang,08faaf3b6b1a6991ab9326dd1f21e0777b5cc77c635c0122387725c0cb92617b,08faaf3b6b1a6991ab9326dd1f21e0777b5cc77c635c0122387725c0cb92617b,True,"{""K"":20480,""M"":4096,""N"":4096}","{""BLOCK_SIZE_K"": 64, ""BLOCK_SIZE_M"": 256, ""BLOCK_SIZE_N"": 256, ""GROUP_SIZE_M"": 8, ""num_stages"": 3, ""threads"": 128}","{""BLOCK_SIZE_K"": 64, ""BLOCK_SIZE_M"": 128, ""BLOCK_SIZE_N"": 128, ""GROUP_SIZE_M"": 8, ""num_stages"": 3, ""threads"": 128}",False,2026.1.1.0 (build 37634170) (public-release),2025.4.0.0 (build 36690805) (public-release),reduced/kernel,full/application,1,1,matmul_kernel_kernel,matmul_kernel_kernel,matmul_kernel_kernel:static_sites:tcgen05[UTCHMMA:48],matmul_kernel_kernel:wgmma[HGMMA.64x128x16.F32:10485760],matmul_kernel_kernel:static_sites:cp.async[LDGSTS.E.BYPASS.128:96]; STG[256b:100%],matmul_kernel_kernel:cp.async[LDGSTS.E.BYPASS.128:20971520]; STG[32b:100%],0.6750,1.1934,1.768,69072384,182006784,,99884032,,1371136,,0,,5515264,,262144,,20971520,,9129984,,0,,0,,0,,10485760,,0,,10465280,,0,,1310720,566321152,963586304,255.0,168.0,198656.0,99328.0,6.24422866873148,12.408837347098478,B200:dynamic_opcode_counts,"architecture sm_100 vs sm_90 | benchmark protocol: B200 frozen columns (20/100 config, 64 MB eviction for 41 ops) vs GH200 1/3 with 120 MiB eviction | NCU 2026.1.1 (B200) vs 2025.4.0 (GH200) | B200 TileLang profiled in a separate environment (HF PR #2) and benchmarked in a separate campaign | TileLang uses the TMEM body on B200 and a fragment-accumulator body on GH200 (supports_tmem dispatch) | autotuned winner differs | collection level differs (reduced vs full)"
matmul_fp32_fp16_fp8,Matrix Multiplication/Attention,fp32,tilelang,357a02eb8c422be84c0f0184cc996e44cab791e9e9da48aae2bbc1390d89189b,357a02eb8c422be84c0f0184cc996e44cab791e9e9da48aae2bbc1390d89189b,True,"{""K"":20480,""M"":4096,""N"":4096}","{""BLOCK_SIZE_K"": 64, ""BLOCK_SIZE_M"": 128, ""BLOCK_SIZE_N"": 128, ""GROUP_SIZE_M"": 8, ""num_stages"": 2, ""threads"": 128}","{""BLOCK_SIZE_K"": 64, ""BLOCK_SIZE_M"": 128, ""BLOCK_SIZE_N"": 128, ""GROUP_SIZE_M"": 8, ""num_stages"": 3, ""threads"": 128}",False,2026.1.1.0 (build 37634170) (public-release),2025.4.0.0 (build 36690805) (public-release),full/application,full/application,1,1,matmul_kernel_kernel,matmul_kernel_kernel,matmul_kernel_kernel:legacy_mma[HMMA.1688.F32.TF32:335544320],matmul_kernel_kernel:legacy_mma[HMMA.1688.F32.TF32:335544320],matmul_kernel_kernel:cp.async[LDGSTS.E.BYPASS.128:41943040]; STG[64b:100%],matmul_kernel_kernel:cp.async[LDGSTS.E.BYPASS.128:41943040]; STG[64b:100%],3.4981,3.7091,1.06032,770426880,849080320,168278016,243034112,2460672,2485248,0,0,26624,5236736,262144,262144,41943040,41943040,213647360,213635072,0,0,0,0,335544320,335544320,0,0,0,0,5242880,5238784,0,0,2693120,1376256,2034603008,2249858560,208.0,221.0,132096.0,197632.0,6.249580493296362,6.24956200712514,,"architecture sm_100 vs sm_90 | benchmark protocol: B200 frozen columns (20/100 config, 64 MB eviction for 41 ops) vs GH200 1/3 with 120 MiB eviction | NCU 2026.1.1 (B200) vs 2025.4.0 (GH200) | B200 TileLang profiled in a separate environment (HF PR #2) and benchmarked in a separate campaign | TileLang uses the TMEM body on B200 and a fragment-accumulator body on GH200 (supports_tmem dispatch) | autotuned winner differs"
matmul_fp32_fp16_fp8,Matrix Multiplication/Attention,fp8_e4m3fn,tilelang,58462cceecda88b26cf0a977f833cd828e07b350dee27aad3efc0c528678c0b9,58462cceecda88b26cf0a977f833cd828e07b350dee27aad3efc0c528678c0b9,True,"{""K"":20480,""M"":4096,""N"":4096}","{""BLOCK_SIZE_K"": 128, ""BLOCK_SIZE_M"": 256, ""BLOCK_SIZE_N"": 256, ""GROUP_SIZE_M"": 8, ""num_stages"": 3, ""threads"": 128}","{""BLOCK_SIZE_K"": 128, ""BLOCK_SIZE_M"": 128, ""BLOCK_SIZE_N"": 128, ""GROUP_SIZE_M"": 8, ""num_stages"": 3, ""threads"": 128}",False,2026.1.1.0 (build 37634170) (public-release),2025.4.0.0 (build 36690805) (public-release),reduced/kernel,full/application,1,1,matmul_kernel_kernel,matmul_kernel_kernel,matmul_kernel_kernel:static_sites:tcgen05[UTCQMMA.WS:48],matmul_kernel_kernel:legacy_mma[HMMA.16816.F32:167772160],matmul_kernel_kernel:static_sites:cp.async[LDGSTS.E.BYPASS.128:96]; STG[256b:100%],matmul_kernel_kernel:cp.async[LDGSTS.E.BYPASS.128:10485760]; STG[16b:100%],0.3456,2.1294,6.16146,31625216,1086874624,,85281792,,3337216,,335544320,,296478720,,262144,,10485760,,180211712,,0,,0,,167772160,,0,,0,,2617344,,0,,3276800,281341184,479399936,255.0,248.0,198656.0,99328.0,6.245710259412296,12.225417407951799,B200:dynamic_opcode_counts,"architecture sm_100 vs sm_90 | benchmark protocol: B200 frozen columns (20/100 config, 64 MB eviction for 41 ops) vs GH200 1/3 with 120 MiB eviction | NCU 2026.1.1 (B200) vs 2025.4.0 (GH200) | B200 TileLang profiled in a separate environment (HF PR #2) and benchmarked in a separate campaign | TileLang uses the TMEM body on B200 and a fragment-accumulator body on GH200 (supports_tmem dispatch) | autotuned winner differs | collection level differs (reduced vs full)"
matmul_int8,Matrix Multiplication/Attention,int8,tilelang,53230c8807747b1325caa527f54e23d7352fda53eb8991b86e564b697e2bd32c,53230c8807747b1325caa527f54e23d7352fda53eb8991b86e564b697e2bd32c,True,"{""K"":20480,""M"":2048,""N"":2048}","{""BLOCK_SIZE_K"": 64, ""BLOCK_SIZE_M"": 256, ""BLOCK_SIZE_N"": 128, ""GROUP_SIZE_M"": 8, ""num_stages"": 3, ""threads"": 512}","{""BLOCK_SIZE_K"": 64, ""BLOCK_SIZE_M"": 256, ""BLOCK_SIZE_N"": 64, ""GROUP_SIZE_M"": 8, ""num_stages"": 4, ""threads"": 128}",False,2026.1.1.0 (build 37634170) (public-release),2025.4.0.0 (build 36690805) (public-release),reduced/kernel,full/application,1,1,matmul_kernel_kernel,matmul_kernel_kernel,matmul_kernel_kernel:static_sites:tcgen05[UTCIMMA.WS:32],matmul_kernel_kernel:legacy_mma[IMMA.16832.S8.S8:20971520],matmul_kernel_kernel:static_sites:cp.async[LDGSTS.E.BYPASS.128:4]; LDG[128b:100%]; STG[256b:100%],matmul_kernel_kernel:cp.async[LDGSTS.E.BYPASS.128:163840]; LDG[128b:100%]; STG[64b:100%],0.3099,0.5781,1.86544,82837248,146218240,,73084672,,1078016,,0,,15735296,,2686976,,163840,,29891584,,0,,0,,20971520,,0,,0,,1057792,,0,,1062912,19238912,52488960,76.0,241.0,51200.0,37888.0,24.949552349994132,12.157169596551173,B200:dynamic_opcode_counts,"architecture sm_100 vs sm_90 | benchmark protocol: B200 frozen columns (20/100 config, 64 MB eviction for 41 ops) vs GH200 1/3 with 120 MiB eviction | NCU 2026.1.1 (B200) vs 2025.4.0 (GH200) | B200 TileLang profiled in a separate environment (HF PR #2) and benchmarked in a separate campaign | TileLang uses the TMEM body on B200 and a fragment-accumulator body on GH200 (supports_tmem dispatch) | autotuned winner differs | collection level differs (reduced vs full)"
matrix_copy,Data Layout,bf16,tilelang,e60a825c90e1f0c6bce5f17acb23ad2cafd06b98436c09a00169073e06d4997f,e60a825c90e1f0c6bce5f17acb23ad2cafd06b98436c09a00169073e06d4997f,True,"{""N"":5120}","{""BLOCK_SIZE"": 4096, ""threads"": 256}","{""BLOCK_SIZE"": 4096, ""threads"": 128}",False,2026.1.1.0 (build 37634170) (public-release),2025.4.0.0 (build 36690805) (public-release),full/application,full/application,1,1,matrix_copy_kernel_kernel,matrix_copy_kernel_kernel,matrix_copy_kernel_kernel:none,matrix_copy_kernel_kernel:none,matrix_copy_kernel_kernel:LDG[256b:100%]; STG[256b:100%],matrix_copy_kernel_kernel:LDG[128b:100%]; STG[128b:100%],0.0183,0.0315,1.72131,716800,486400,256000,102400,0,0,0,0,0,0,102400,204800,0,0,0,0,0,0,0,0,0,0,0,0,0,0,0,0,0,0,51200,25600,52434432,52438272,16.0,26.0,1024.0,1024.0,70.59415365816905,85.2190385105409,,"architecture sm_100 vs sm_90 | benchmark protocol: B200 frozen columns (20/100 config, 64 MB eviction for 41 ops) vs GH200 1/3 with 120 MiB eviction | NCU 2026.1.1 (B200) vs 2025.4.0 (GH200) | B200 TileLang profiled in a separate environment (HF PR #2) and benchmarked in a separate campaign | autotuned winner differs"
matrix_copy,Data Layout,fp16,tilelang,654bd36367e7c37db760422cde1de0789875cf704d60ce09228364acfbd5e59e,654bd36367e7c37db760422cde1de0789875cf704d60ce09228364acfbd5e59e,True,"{""N"":5120}","{""BLOCK_SIZE"": 2048, ""threads"": 128}","{""BLOCK_SIZE"": 4096, ""threads"": 128}",False,2026.1.1.0 (build 37634170) (public-release),2025.4.0.0 (build 36690805) (public-release),full/application,full/application,1,1,matrix_copy_kernel_kernel,matrix_copy_kernel_kernel,matrix_copy_kernel_kernel:none,matrix_copy_kernel_kernel:none,matrix_copy_kernel_kernel:LDG[256b:100%]; STG[256b:100%],matrix_copy_kernel_kernel:LDG[128b:100%]; STG[128b:100%],0.0184,0.0315,1.71196,716800,486400,256000,102400,0,0,0,0,0,0,102400,204800,0,0,0,0,0,0,0,0,0,0,0,0,0,0,0,0,0,0,51200,25600,52442368,52435968,16.0,26.0,1024.0,1024.0,74.51404104314277,84.90460206325635,,"architecture sm_100 vs sm_90 | benchmark protocol: B200 frozen columns (20/100 config, 64 MB eviction for 41 ops) vs GH200 1/3 with 120 MiB eviction | NCU 2026.1.1 (B200) vs 2025.4.0 (GH200) | B200 TileLang profiled in a separate environment (HF PR #2) and benchmarked in a separate campaign | autotuned winner differs"
matrix_copy,Data Layout,fp32,tilelang,570d9eb8fbbe0b72e237eb53e3e2a0d6b7bcf2c23b4bf46dcf6d2dfbe409647c,570d9eb8fbbe0b72e237eb53e3e2a0d6b7bcf2c23b4bf46dcf6d2dfbe409647c,True,"{""N"":5120}","{""BLOCK_SIZE"": 2048, ""threads"": 256}","{""BLOCK_SIZE"": 1024, ""threads"": 256}",False,2026.1.1.0 (build 37634170) (public-release),2025.4.0.0 (build 36690805) (public-release),full/application,full/application,1,1,matrix_copy_kernel_kernel,matrix_copy_kernel_kernel,matrix_copy_kernel_kernel:none,matrix_copy_kernel_kernel:none,matrix_copy_kernel_kernel:LDG[256b:100%]; STG[256b:100%],matrix_copy_kernel_kernel:LDG[128b:100%]; STG[128b:100%],0.0334,0.0610,1.82635,1433600,2662400,512000,819200,0,0,0,0,0,0,204800,409600,0,0,0,0,0,0,0,0,0,0,0,0,0,0,0,0,0,0,102400,204800,104870144,104869376,16.0,16.0,1024.0,1024.0,72.65329396384162,77.51439094066635,,"architecture sm_100 vs sm_90 | benchmark protocol: B200 frozen columns (20/100 config, 64 MB eviction for 41 ops) vs GH200 1/3 with 120 MiB eviction | NCU 2026.1.1 (B200) vs 2025.4.0 (GH200) | B200 TileLang profiled in a separate environment (HF PR #2) and benchmarked in a separate campaign | autotuned winner differs"
matrix_copy,Data Layout,int8,tilelang,a080a4296ea719dfb0bbcf89169f5e74ad7b7bda89023943ab06fabde67873bb,a080a4296ea719dfb0bbcf89169f5e74ad7b7bda89023943ab06fabde67873bb,True,"{""N"":5120}","{""BLOCK_SIZE"": 4096, ""threads"": 128}","{""BLOCK_SIZE"": 2048, ""threads"": 128}",False,2026.1.1.0 (build 37634170) (public-release),2025.4.0.0 (build 36690805) (public-release),full/application,full/application,1,1,matrix_copy_kernel_kernel,matrix_copy_kernel_kernel,matrix_copy_kernel_kernel:none,matrix_copy_kernel_kernel:none,matrix_copy_kernel_kernel:LDG[256b:100%]; STG[256b:100%],matrix_copy_kernel_kernel:LDG[128b:100%]; STG[128b:100%],0.0103,0.0176,1.70874,384000,819200,179200,358400,0,0,0,0,0,0,51200,102400,0,0,0,0,0,0,0,0,0,0,0,0,0,0,0,0,0,0,25600,51200,26222592,26220544,16.0,16.0,1024.0,1024.0,66.85243567525134,76.28059812803146,,"architecture sm_100 vs sm_90 | benchmark protocol: B200 frozen columns (20/100 config, 64 MB eviction for 41 ops) vs GH200 1/3 with 120 MiB eviction | NCU 2026.1.1 (B200) vs 2025.4.0 (GH200) | B200 TileLang profiled in a separate environment (HF PR #2) and benchmarked in a separate campaign | autotuned winner differs"
matrix_transpose,Data Layout,bf16,tilelang,cfb07213f399d8eac04441a96551a1e9530dec498b7f33a7455b8c6fb1dadcac,cfb07213f399d8eac04441a96551a1e9530dec498b7f33a7455b8c6fb1dadcac,True,"{""m"":4096,""n"":20480}","{""BLOCK_TILE"": 128, ""threads"": 128}","{""BLOCK_TILE"": 64, ""threads"": 256}",False,2026.1.1.0 (build 37634170) (public-release),2025.4.0.0 (build 36690805) (public-release),full/application,full/application,1,1,matrix_transpose_kernel_kernel,matrix_transpose_kernel_kernel,matrix_transpose_kernel_kernel:none,matrix_transpose_kernel_kernel:none,"matrix_transpose_kernel_kernel:TMA[UTMACCTL.PF:5120,UTMACMDFLUSH:5120,UTMASTG.2D:10240]; LDG[128b:100%]","matrix_transpose_kernel_kernel:TMA[UTMACCTL.PF:20480,UTMACMDFLUSH:20480,UTMASTG.2D:20480]; LDG[128b:100%]",0.0594,0.1028,1.73064,6164480,16302080,778240,7495680,40960,327680,0,0,1228800,0,327680,327680,0,0,3420160,5570560,0,0,20480,61440,0,0,0,0,0,0,61440,409600,0,0,56320,389120,167796480,167794688,72.0,22.0,66560.0,17408.0,15.809299935557203,90.64781133167304,,"architecture sm_100 vs sm_90 | benchmark protocol: B200 frozen columns (20/100 config, 64 MB eviction for 41 ops) vs GH200 1/3 with 120 MiB eviction | NCU 2026.1.1 (B200) vs 2025.4.0 (GH200) | B200 TileLang profiled in a separate environment (HF PR #2) and benchmarked in a separate campaign | autotuned winner differs"
matrix_transpose,Data Layout,fp16,tilelang,4b6891116f904e9ebc1a350ffcc08c0bd9bd620d4769cb792e37a3a07d972bac,4b6891116f904e9ebc1a350ffcc08c0bd9bd620d4769cb792e37a3a07d972bac,True,"{""m"":4096,""n"":20480}","{""BLOCK_TILE"": 128, ""threads"": 128}","{""BLOCK_TILE"": 64, ""threads"": 256}",False,2026.1.1.0 (build 37634170) (public-release),2025.4.0.0 (build 36690805) (public-release),full/application,full/application,1,1,matrix_transpose_kernel_kernel,matrix_transpose_kernel_kernel,matrix_transpose_kernel_kernel:none,matrix_transpose_kernel_kernel:none,"matrix_transpose_kernel_kernel:TMA[UTMACCTL.PF:5120,UTMACMDFLUSH:5120,UTMASTG.2D:10240]; LDG[128b:100%]","matrix_transpose_kernel_kernel:TMA[UTMACCTL.PF:20480,UTMACMDFLUSH:20480,UTMASTG.2D:20480]; LDG[128b:100%]",0.0594,0.1018,1.7138,6164480,16302080,778240,7495680,40960,327680,0,0,1228800,0,327680,327680,0,0,3420160,5570560,0,0,20480,61440,0,0,0,0,0,0,61440,409600,0,0,56320,389120,167796992,167790592,72.0,22.0,66560.0,17408.0,15.913695365263361,90.585022063186,,"architecture sm_100 vs sm_90 | benchmark protocol: B200 frozen columns (20/100 config, 64 MB eviction for 41 ops) vs GH200 1/3 with 120 MiB eviction | NCU 2026.1.1 (B200) vs 2025.4.0 (GH200) | B200 TileLang profiled in a separate environment (HF PR #2) and benchmarked in a separate campaign | autotuned winner differs"
matrix_transpose,Data Layout,fp32,tilelang,ef6fdd13ac674f4a711abc90bce71d455127995388f1c1b714a08411ca385739,ef6fdd13ac674f4a711abc90bce71d455127995388f1c1b714a08411ca385739,True,"{""m"":4096,""n"":20480}","{""BLOCK_TILE"": 32, ""threads"": 128}","{""BLOCK_TILE"": 64, ""threads"": 256}",False,2026.1.1.0 (build 37634170) (public-release),2025.4.0.0 (build 36690805) (public-release),full/application,full/application,1,1,matrix_transpose_kernel_kernel,matrix_transpose_kernel_kernel,matrix_transpose_kernel_kernel:none,matrix_transpose_kernel_kernel:none,"matrix_transpose_kernel_kernel:TMA[UTMACCTL.PF:81920,UTMACMDFLUSH:81920,UTMASTG.2D:81920]; LDG[128b:100%]","matrix_transpose_kernel_kernel:TMA[UTMACCTL.PF:20480,UTMACMDFLUSH:20480,UTMASTG.2D:40960]; LDG[128b:100%]",0.1052,0.1966,1.86882,27525120,16875520,14581760,7372800,655360,327680,0,0,0,0,655360,655360,0,0,5898240,5898240,0,0,245760,81920,0,0,0,0,0,0,983040,409600,0,0,901120,389120,335565824,335571456,21.0,29.0,9216.0,33792.0,87.86667489001884,66.80944720874726,,"architecture sm_100 vs sm_90 | benchmark protocol: B200 frozen columns (20/100 config, 64 MB eviction for 41 ops) vs GH200 1/3 with 120 MiB eviction | NCU 2026.1.1 (B200) vs 2025.4.0 (GH200) | B200 TileLang profiled in a separate environment (HF PR #2) and benchmarked in a separate campaign | autotuned winner differs"
matrix_transpose,Data Layout,int8,tilelang,b0a9def73f520aa90a925f176923718a10e6705991b6e536172684901f2c754c,b0a9def73f520aa90a925f176923718a10e6705991b6e536172684901f2c754c,True,"{""m"":4096,""n"":20480}","{""BLOCK_TILE"": 64, ""threads"": 128}","{""BLOCK_TILE"": 64, ""threads"": 128}",True,2026.1.1.0 (build 37634170) (public-release),2025.4.0.0 (build 36690805) (public-release),full/application,full/application,1,1,matrix_transpose_kernel_kernel,matrix_transpose_kernel_kernel,matrix_transpose_kernel_kernel:none,matrix_transpose_kernel_kernel:none,"matrix_transpose_kernel_kernel:TMA[UTMACCTL.PF:20480,UTMACMDFLUSH:20480,UTMASTG.2D:20480]; LDG[128b:100%]","matrix_transpose_kernel_kernel:TMA[UTMACCTL.PF:20480,UTMACMDFLUSH:20480,UTMASTG.2D:20480]; LDG[128b:100%]",0.0609,0.0705,1.15764,9584640,9584640,2416640,2416640,163840,163840,0,0,0,0,163840,163840,0,0,5406720,5406720,0,0,61440,61440,0,0,0,0,0,0,245760,245760,0,0,225280,225280,83909376,83903232,20.0,22.0,9216.0,9216.0,91.6853769784614,93.44506702411849,,"architecture sm_100 vs sm_90 | benchmark protocol: B200 frozen columns (20/100 config, 64 MB eviction for 41 ops) vs GH200 1/3 with 120 MiB eviction | NCU 2026.1.1 (B200) vs 2025.4.0 (GH200) | B200 TileLang profiled in a separate environment (HF PR #2) and benchmarked in a separate campaign"
mean_reduction,Reduction/Normalization,bf16,tilelang,9f24575e61ed017395356522ca79472e82dfa19477a51e54b698538d396c4b65,9f24575e61ed017395356522ca79472e82dfa19477a51e54b698538d396c4b65,True,"{""M"":2048,""N"":20480}","{""BLOCK_N"": 2048, ""num_stages"": 3, ""threads"": 256}","{""BLOCK_N"": 2048, ""num_stages"": 2, ""threads"": 256}",False,2026.1.1.0 (build 37634170) (public-release),2025.4.0.0 (build 36690805) (public-release),full/application,full/application,1,1,mean_reduction_kernel_kernel,mean_reduction_kernel_kernel,mean_reduction_kernel_kernel:none,mean_reduction_kernel_kernel:none,mean_reduction_kernel_kernel:LDG[128b:100%]; STG[32b:100%],mean_reduction_kernel_kernel:LDG[128b:100%]; STG[32b:100%],0.0184,0.0316,1.71739,3833856,4489216,1490944,1474560,16384,16384,1015808,1671168,655360,655360,180224,180224,0,0,98304,98304,0,0,0,0,0,0,0,0,0,0,131072,131072,0,0,32768,32768,83908096,83897600,54.0,54.0,2048.0,2048.0,46.11476107689788,46.61939720229131,,"architecture sm_100 vs sm_90 | benchmark protocol: B200 frozen columns (20/100 config, 64 MB eviction for 41 ops) vs GH200 1/3 with 120 MiB eviction | NCU 2026.1.1 (B200) vs 2025.4.0 (GH200) | B200 TileLang profiled in a separate environment (HF PR #2) and benchmarked in a separate campaign | autotuned winner differs"
mean_reduction,Reduction/Normalization,fp16,tilelang,a6091e10b4db17d1dbbb3bd9bbc1fa977457529183eb15e270e6b2aec1f871f2,a6091e10b4db17d1dbbb3bd9bbc1fa977457529183eb15e270e6b2aec1f871f2,True,"{""M"":2048,""N"":20480}","{""BLOCK_N"": 512, ""num_stages"": 2, ""threads"": 256}","{""BLOCK_N"": 2048, ""num_stages"": 4, ""threads"": 256}",False,2026.1.1.0 (build 37634170) (public-release),2025.4.0.0 (build 36690805) (public-release),full/application,full/application,1,1,mean_reduction_kernel_kernel,mean_reduction_kernel_kernel,mean_reduction_kernel_kernel:none,mean_reduction_kernel_kernel:none,mean_reduction_kernel_kernel:LDG[32b:100%]; STG[32b:100%],mean_reduction_kernel_kernel:LDG[128b:100%]; STG[32b:100%],0.0192,0.0325,1.69271,3604480,3833856,196608,163840,16384,16384,2228224,2981888,0,0,671744,180224,0,0,98304,98304,0,0,0,0,0,0,0,0,0,0,131072,131072,0,0,32768,32768,83901184,83896576,48.0,55.0,2048.0,2048.0,54.8167986229838,46.77027951967433,,"architecture sm_100 vs sm_90 | benchmark protocol: B200 frozen columns (20/100 config, 64 MB eviction for 41 ops) vs GH200 1/3 with 120 MiB eviction | NCU 2026.1.1 (B200) vs 2025.4.0 (GH200) | B200 TileLang profiled in a separate environment (HF PR #2) and benchmarked in a separate campaign | autotuned winner differs"
mean_reduction,Reduction/Normalization,fp32,tilelang,d22b4722c17c29bcb4808815bc4ab0165de7e0805b5fc2c57f1d34c90dd8bb0d,d22b4722c17c29bcb4808815bc4ab0165de7e0805b5fc2c57f1d34c90dd8bb0d,True,"{""M"":2048,""N"":20480}","{""BLOCK_N"": 1024, ""num_stages"": 3, ""threads"": 256}","{""BLOCK_N"": 2048, ""num_stages"": 2, ""threads"": 256}",False,2026.1.1.0 (build 37634170) (public-release),2025.4.0.0 (build 36690805) (public-release),full/application,full/application,1,1,mean_reduction_kernel_kernel,mean_reduction_kernel_kernel,mean_reduction_kernel_kernel:none,mean_reduction_kernel_kernel:none,mean_reduction_kernel_kernel:LDG[128b:100%]; STG[32b:100%],mean_reduction_kernel_kernel:LDG[128b:100%]; STG[32b:100%],0.0335,0.0551,1.64478,1966080,2686976,163840,163840,16384,16384,950272,1671168,0,0,344064,344064,0,0,98304,98304,0,0,0,0,0,0,0,0,0,0,131072,131072,0,0,32768,32768,167784192,167786240,88.0,88.0,2048.0,2048.0,22.988680205942657,24.203560420873632,,"architecture sm_100 vs sm_90 | benchmark protocol: B200 frozen columns (20/100 config, 64 MB eviction for 41 ops) vs GH200 1/3 with 120 MiB eviction | NCU 2026.1.1 (B200) vs 2025.4.0 (GH200) | B200 TileLang profiled in a separate environment (HF PR #2) and benchmarked in a separate campaign | autotuned winner differs"
moe_topk_gating,Reduction/Normalization,bf16,tilelang,165d5cb9a39a52bfe94409e6b4fffa10161cefdc4d6ab94214d480571a3920c2,165d5cb9a39a52bfe94409e6b4fffa10161cefdc4d6ab94214d480571a3920c2,True,"{""E"":128,""M"":20480,""k"":2}","{""threads"": 32}","{""threads"": 32}",True,2026.1.1.0 (build 37634170) (public-release),2025.4.0.0 (build 36690805) (public-release),full/application,full/application,1,1,moe_topk_gating_kernel_kernel,moe_topk_gating_kernel_kernel,moe_topk_gating_kernel_kernel:none,moe_topk_gating_kernel_kernel:none,"moe_topk_gating_kernel_kernel:LDG[64b:100%]; STG[16b:50%,32b:50%]","moe_topk_gating_kernel_kernel:LDG[64b:100%]; STG[16b:50%,32b:50%]",0.0127,0.0142,1.11811,2682880,2928640,655360,757760,552960,573440,614400,696320,61440,61440,61440,61440,0,0,0,0,0,0,0,0,0,0,0,0,0,0,40960,40960,0,0,61440,61440,5252608,5250560,22.0,22.0,1024.0,1024.0,24.43174097353145,24.12956629660606,,"architecture sm_100 vs sm_90 | benchmark protocol: B200 frozen columns (20/100 config, 64 MB eviction for 41 ops) vs GH200 1/3 with 120 MiB eviction | NCU 2026.1.1 (B200) vs 2025.4.0 (GH200) | B200 TileLang profiled in a separate environment (HF PR #2) and benchmarked in a separate campaign"
moe_topk_gating,Reduction/Normalization,fp16,tilelang,ceecbeb85086f5217430077c0863c87691d72a2dd2e9a14f7e3a3aa1aca1f56d,ceecbeb85086f5217430077c0863c87691d72a2dd2e9a14f7e3a3aa1aca1f56d,True,"{""E"":128,""M"":20480,""k"":2}","{""threads"": 32}","{""threads"": 32}",True,2026.1.1.0 (build 37634170) (public-release),2025.4.0.0 (build 36690805) (public-release),full/application,full/application,1,1,moe_topk_gating_kernel_kernel,moe_topk_gating_kernel_kernel,moe_topk_gating_kernel_kernel:none,moe_topk_gating_kernel_kernel:none,"moe_topk_gating_kernel_kernel:LDG[64b:100%]; STG[16b:50%,32b:50%]","moe_topk_gating_kernel_kernel:LDG[64b:100%]; STG[16b:50%,32b:50%]",0.0127,0.0142,1.11811,2641920,2908160,573440,675840,552960,573440,696320,778240,20480,40960,61440,61440,0,0,0,0,0,0,0,0,0,0,0,0,0,0,40960,40960,0,0,61440,61440,5252352,5251072,22.0,22.0,1024.0,1024.0,22.979316476158022,24.453545792046313,,"architecture sm_100 vs sm_90 | benchmark protocol: B200 frozen columns (20/100 config, 64 MB eviction for 41 ops) vs GH200 1/3 with 120 MiB eviction | NCU 2026.1.1 (B200) vs 2025.4.0 (GH200) | B200 TileLang profiled in a separate environment (HF PR #2) and benchmarked in a separate campaign"
moe_topk_gating,Reduction/Normalization,fp32,tilelang,8905ae12e9d2f3a8c4b3480a4c01859e834eb3ba4dbe01895f45034bae75e606,8905ae12e9d2f3a8c4b3480a4c01859e834eb3ba4dbe01895f45034bae75e606,True,"{""E"":128,""M"":20480,""k"":2}","{""threads"": 32}","{""threads"": 32}",True,2026.1.1.0 (build 37634170) (public-release),2025.4.0.0 (build 36690805) (public-release),full/application,full/application,1,1,moe_topk_gating_kernel_kernel,moe_topk_gating_kernel_kernel,moe_topk_gating_kernel_kernel:none,moe_topk_gating_kernel_kernel:none,moe_topk_gating_kernel_kernel:LDG[128b:100%]; STG[32b:100%],moe_topk_gating_kernel_kernel:LDG[128b:100%]; STG[32b:100%],0.0127,0.0143,1.12598,2539520,2785280,573440,675840,552960,573440,614400,696320,0,0,61440,61440,0,0,0,0,0,0,0,0,0,0,0,0,0,0,40960,40960,0,0,61440,61440,10502144,10494464,22.0,22.0,1024.0,1024.0,25.34110463964474,25.103381307263025,,"architecture sm_100 vs sm_90 | benchmark protocol: B200 frozen columns (20/100 config, 64 MB eviction for 41 ops) vs GH200 1/3 with 120 MiB eviction | NCU 2026.1.1 (B200) vs 2025.4.0 (GH200) | B200 TileLang profiled in a separate environment (HF PR #2) and benchmarked in a separate campaign"
mul2,Point-wise,bf16,tilelang,e8ed81309f5789f063c315bd91c6d1dfd6e611322b193e8b75af45ff01907978,e8ed81309f5789f063c315bd91c6d1dfd6e611322b193e8b75af45ff01907978,True,"{""n"":20971520}","{""BLOCK_SIZE"": 2048, ""threads"": 64}","{""BLOCK_SIZE"": 2048, ""threads"": 256}",False,2026.1.1.0 (build 37634170) (public-release),2025.4.0.0 (build 36690805) (public-release),full/application,full/application,1,1,mul2_kernel_kernel,mul2_kernel_kernel,mul2_kernel_kernel:none,mul2_kernel_kernel:none,mul2_kernel_kernel:LDG[256b:100%]; STG[256b:100%],mul2_kernel_kernel:LDG[128b:100%]; STG[128b:100%],0.0151,0.0262,1.7351,2969600,1392640,1720320,327680,0,0,655360,327680,368640,0,81920,163840,0,0,0,0,0,0,0,0,0,0,0,0,0,0,0,0,0,0,20480,81920,41951232,41950208,32.0,16.0,1024.0,1024.0,71.69908164840776,75.42976182441444,,"architecture sm_100 vs sm_90 | benchmark protocol: B200 frozen columns (20/100 config, 64 MB eviction for 41 ops) vs GH200 1/3 with 120 MiB eviction | NCU 2026.1.1 (B200) vs 2025.4.0 (GH200) | B200 TileLang profiled in a separate environment (HF PR #2) and benchmarked in a separate campaign | autotuned winner differs"
mul2,Point-wise,fp16,tilelang,6556d965ae6079dd7e9e4b391fe257de0c9c02b71015d5d43f97e8ecc82ffec3,6556d965ae6079dd7e9e4b391fe257de0c9c02b71015d5d43f97e8ecc82ffec3,True,"{""n"":20971520}","{""BLOCK_SIZE"": 2048, ""threads"": 128}","{""BLOCK_SIZE"": 2048, ""threads"": 64}",False,2026.1.1.0 (build 37634170) (public-release),2025.4.0.0 (build 36690805) (public-release),full/application,full/application,1,1,mul2_kernel_kernel,mul2_kernel_kernel,mul2_kernel_kernel:none,mul2_kernel_kernel:none,mul2_kernel_kernel:LDG[256b:100%]; STG[256b:100%],mul2_kernel_kernel:LDG[128b:100%]; STG[128b:100%],0.0153,0.0263,1.71895,3153920,716800,1720320,81920,0,0,655360,327680,409600,0,81920,163840,0,0,0,0,0,0,0,0,0,0,0,0,0,0,0,0,0,0,40960,20480,41951744,41950208,24.0,26.0,1024.0,1024.0,71.99848818734547,78.46683538914385,,"architecture sm_100 vs sm_90 | benchmark protocol: B200 frozen columns (20/100 config, 64 MB eviction for 41 ops) vs GH200 1/3 with 120 MiB eviction | NCU 2026.1.1 (B200) vs 2025.4.0 (GH200) | B200 TileLang profiled in a separate environment (HF PR #2) and benchmarked in a separate campaign | autotuned winner differs"
mul2,Point-wise,fp32,tilelang,a4db358b5fa1763492e4a4f22423463add703c41ef1c655a1f4be9e9f09f9823,a4db358b5fa1763492e4a4f22423463add703c41ef1c655a1f4be9e9f09f9823,True,"{""n"":20971520}","{""BLOCK_SIZE"": 2048, ""threads"": 256}","{""BLOCK_SIZE"": 1024, ""threads"": 256}",False,2026.1.1.0 (build 37634170) (public-release),2025.4.0.0 (build 36690805) (public-release),full/application,full/application,1,1,mul2_kernel_kernel,mul2_kernel_kernel,mul2_kernel_kernel:none,mul2_kernel_kernel:none,mul2_kernel_kernel:LDG[256b:100%]; STG[256b:100%],mul2_kernel_kernel:LDG[128b:100%]; STG[128b:100%],0.0273,0.0493,1.80586,2457600,2785280,409600,655360,0,0,655360,655360,0,0,163840,327680,0,0,0,0,0,0,0,0,0,0,0,0,0,0,0,0,0,0,81920,163840,83898624,83897344,20.0,16.0,1024.0,1024.0,72.55501622606853,77.31182307484839,,"architecture sm_100 vs sm_90 | benchmark protocol: B200 frozen columns (20/100 config, 64 MB eviction for 41 ops) vs GH200 1/3 with 120 MiB eviction | NCU 2026.1.1 (B200) vs 2025.4.0 (GH200) | B200 TileLang profiled in a separate environment (HF PR #2) and benchmarked in a separate campaign | autotuned winner differs"
mul2,Point-wise,int8,tilelang,36150d0b69d4ffb9f066f5bce3e83b12ffe3a6aed368ee32ef5993851a9004e2,36150d0b69d4ffb9f066f5bce3e83b12ffe3a6aed368ee32ef5993851a9004e2,True,"{""n"":20971520}","{""BLOCK_SIZE"": 2048, ""threads"": 64}","{""BLOCK_SIZE"": 2048, ""threads"": 128}",False,2026.1.1.0 (build 37634170) (public-release),2025.4.0.0 (build 36690805) (public-release),full/application,full/application,1,1,mul2_kernel_kernel,mul2_kernel_kernel,mul2_kernel_kernel:none,mul2_kernel_kernel:none,mul2_kernel_kernel:LDG[256b:100%]; STG[256b:100%],mul2_kernel_kernel:LDG[128b:100%]; STG[128b:100%],0.0088,0.0147,1.67045,634880,983040,471040,614400,0,0,0,0,0,0,40960,81920,0,0,0,0,0,0,0,0,0,0,0,0,0,0,0,0,0,0,20480,40960,20978176,20977664,17.0,16.0,1024.0,1024.0,65.67997823884593,74.87730335635968,,"architecture sm_100 vs sm_90 | benchmark protocol: B200 frozen columns (20/100 config, 64 MB eviction for 41 ops) vs GH200 1/3 with 120 MiB eviction | NCU 2026.1.1 (B200) vs 2025.4.0 (GH200) | B200 TileLang profiled in a separate environment (HF PR #2) and benchmarked in a separate campaign | autotuned winner differs"
quantize_global,Point-wise,fp32,tilelang,a63b18e219c3c4edeb3d6e41f5ba11c90a2f9ed4f9318e84b7cdbb8b0fd158a7,a63b18e219c3c4edeb3d6e41f5ba11c90a2f9ed4f9318e84b7cdbb8b0fd158a7,True,"{""n"":20971520}","{""BLOCK_SIZE"": 2048, ""threads"": 128}","{""BLOCK_SIZE"": 8192, ""threads"": 128}",False,2026.1.1.0 (build 37634170) (public-release),2025.4.0.0 (build 36690805) (public-release),full/application,full/application,1,1,quantize_global_kernel_kernel,quantize_global_kernel_kernel,quantize_global_kernel_kernel:none,quantize_global_kernel_kernel:none,quantize_global_kernel_kernel:LDG[256b:100%]; STG[128b:100%],quantize_global_kernel_kernel:LDG[128b:100%]; STG[64b:100%],0.0223,0.0380,1.70404,983040,768000,204800,40960,0,0,0,0,327680,327680,163840,327680,0,0,0,0,0,0,0,0,0,0,0,0,0,0,0,0,0,0,40960,10240,83895808,83894528,22.0,72.0,1024.0,1024.0,76.20916377971008,37.29238644067422,,"architecture sm_100 vs sm_90 | benchmark protocol: B200 frozen columns (20/100 config, 64 MB eviction for 41 ops) vs GH200 1/3 with 120 MiB eviction | NCU 2026.1.1 (B200) vs 2025.4.0 (GH200) | B200 TileLang profiled in a separate environment (HF PR #2) and benchmarked in a separate campaign | autotuned winner differs"
radix_sort,Data Layout,int32,tilelang,0c49770544eaebb78f5fa7ea256dcd378f05dd0b876de5a97d10b315ed0d77fd,0c49770544eaebb78f5fa7ea256dcd378f05dd0b876de5a97d10b315ed0d77fd,True,"{""n"":20000000}","{""threads"": 128}","{""threads"": 64}",False,2026.1.1.0 (build 37634170) (public-release),2025.4.0.0 (build 36690805) (public-release),targeted/application,full/application,80,80,main_kernel,main_kernel,main_kernel:static_sites:none,main_kernel:none,main_kernel:static_sites:LDG[128b:100%]; STG[32b:100%],"main_kernel:LDG[32b:50%,64b:50%,128b:0%]; STG[32b:100%,128b:0%]",1.9482,2.2977,1.1794,890440688,923161488,,440804768,,185336064,,16,,0,,30353088,,0,,35120640,,0,,0,,0,,0,,0,,6909952,,0,,25099264,1554264320,2414771968,48.0,72.0,9216.0,9216.0,58.926317317705156,41.626222459728616,B200:dynamic_opcode_counts,"architecture sm_100 vs sm_90 | benchmark protocol: B200 frozen columns (20/100 config, 64 MB eviction for 41 ops) vs GH200 1/3 with 120 MiB eviction | NCU 2026.1.1 (B200) vs 2025.4.0 (GH200) | B200 TileLang profiled in a separate environment (HF PR #2) and benchmarked in a separate campaign | autotuned winner differs | collection level differs (targeted vs full)"
relu,Point-wise,bf16,tilelang,59a0dd09a0b907abe95a67d37453c56ae5488f682636157bf8421d031562479f,59a0dd09a0b907abe95a67d37453c56ae5488f682636157bf8421d031562479f,True,"{""n"":20971520}","{""BLOCK_SIZE"": 2048, ""threads"": 128}","{""BLOCK_SIZE"": 1024, ""threads"": 64}",False,2026.1.1.0 (build 37634170) (public-release),2025.4.0.0 (build 36690805) (public-release),full/application,full/application,1,1,relu_kernel_kernel,relu_kernel_kernel,relu_kernel_kernel:none,relu_kernel_kernel:none,relu_kernel_kernel:LDG[256b:100%]; STG[256b:100%],relu_kernel_kernel:LDG[128b:100%]; STG[128b:100%],0.0152,0.0258,1.69737,3317760,2580480,1638400,491520,1310720,614400,0,0,0,1024000,81920,163840,0,0,0,0,0,0,0,0,0,0,0,0,0,0,0,0,0,0,40960,40960,41951232,41952000,30.0,18.0,1024.0,1024.0,69.95137231260333,79.90639480685985,,"architecture sm_100 vs sm_90 | benchmark protocol: B200 frozen columns (20/100 config, 64 MB eviction for 41 ops) vs GH200 1/3 with 120 MiB eviction | NCU 2026.1.1 (B200) vs 2025.4.0 (GH200) | B200 TileLang profiled in a separate environment (HF PR #2) and benchmarked in a separate campaign | autotuned winner differs"
relu,Point-wise,fp16,tilelang,4ea49cd597817337590ac3da83c69ae5c9ef33fded4db17f1875d2cc9707dad9,4ea49cd597817337590ac3da83c69ae5c9ef33fded4db17f1875d2cc9707dad9,True,"{""n"":20971520}","{""BLOCK_SIZE"": 2048, ""threads"": 64}","{""BLOCK_SIZE"": 2048, ""threads"": 64}",True,2026.1.1.0 (build 37634170) (public-release),2025.4.0.0 (build 36690805) (public-release),full/application,full/application,1,1,relu_kernel_kernel,relu_kernel_kernel,relu_kernel_kernel:none,relu_kernel_kernel:none,relu_kernel_kernel:LDG[256b:100%]; STG[256b:100%],relu_kernel_kernel:LDG[128b:100%]; STG[128b:100%],0.0151,0.0260,1.72185,3194880,2416640,1658880,122880,1310720,655360,0,0,0,1331200,81920,163840,0,0,0,0,0,0,0,0,0,0,0,0,0,0,0,0,0,0,20480,20480,41952512,41952256,34.0,26.0,1024.0,1024.0,53.81990690682089,80.91678242397774,,"architecture sm_100 vs sm_90 | benchmark protocol: B200 frozen columns (20/100 config, 64 MB eviction for 41 ops) vs GH200 1/3 with 120 MiB eviction | NCU 2026.1.1 (B200) vs 2025.4.0 (GH200) | B200 TileLang profiled in a separate environment (HF PR #2) and benchmarked in a separate campaign"
relu,Point-wise,fp32,tilelang,fe65c8672056e95d9d398b21b2accdcee062ea2e0a1ba1383e64f8ec5f3c259f,fe65c8672056e95d9d398b21b2accdcee062ea2e0a1ba1383e64f8ec5f3c259f,True,"{""n"":20971520}","{""BLOCK_SIZE"": 2048, ""threads"": 64}","{""BLOCK_SIZE"": 2048, ""threads"": 256}",False,2026.1.1.0 (build 37634170) (public-release),2025.4.0.0 (build 36690805) (public-release),full/application,full/application,1,1,relu_kernel_kernel,relu_kernel_kernel,relu_kernel_kernel:none,relu_kernel_kernel:none,relu_kernel_kernel:LDG[256b:100%]; STG[256b:100%],relu_kernel_kernel:LDG[128b:100%]; STG[128b:100%],0.0272,0.0496,1.82353,1781760,2539520,163840,327680,1310720,1310720,0,0,0,0,163840,327680,0,0,0,0,0,0,0,0,0,0,0,0,0,0,0,0,0,0,20480,81920,83896832,83896320,40.0,18.0,1024.0,1024.0,61.21270619212886,78.88474307352833,,"architecture sm_100 vs sm_90 | benchmark protocol: B200 frozen columns (20/100 config, 64 MB eviction for 41 ops) vs GH200 1/3 with 120 MiB eviction | NCU 2026.1.1 (B200) vs 2025.4.0 (GH200) | B200 TileLang profiled in a separate environment (HF PR #2) and benchmarked in a separate campaign | autotuned winner differs"
relu,Point-wise,int8,tilelang,0aaec6709e6cbe3ae35d7d0e3c73fd82e386af4b267b345e2a9dc79ba310c371,0aaec6709e6cbe3ae35d7d0e3c73fd82e386af4b267b345e2a9dc79ba310c371,True,"{""n"":20971520}","{""BLOCK_SIZE"": 2048, ""threads"": 128}","{""BLOCK_SIZE"": 2048, ""threads"": 128}",True,2026.1.1.0 (build 37634170) (public-release),2025.4.0.0 (build 36690805) (public-release),full/application,full/application,1,1,relu_kernel_kernel,relu_kernel_kernel,relu_kernel_kernel:none,relu_kernel_kernel:none,relu_kernel_kernel:LDG[128b:100%]; STG[128b:100%],relu_kernel_kernel:LDG[128b:100%]; STG[128b:100%],0.0095,0.0151,1.58947,3563520,4710400,2908160,2211840,0,1310720,0,0,327680,819200,81920,81920,0,0,0,0,0,0,0,0,0,0,0,0,0,0,0,0,0,0,40960,40960,20977152,20979712,25.0,37.0,1024.0,1024.0,72.22956711495891,57.20316371451999,,"architecture sm_100 vs sm_90 | benchmark protocol: B200 frozen columns (20/100 config, 64 MB eviction for 41 ops) vs GH200 1/3 with 120 MiB eviction | NCU 2026.1.1 (B200) vs 2025.4.0 (GH200) | B200 TileLang profiled in a separate environment (HF PR #2) and benchmarked in a separate campaign"
reverse_array,Data Layout,bf16,tilelang,ed3a42161302728d99d0d9ee14803041fc33dce9b75b7766b5018b1d5e80dc0a,ed3a42161302728d99d0d9ee14803041fc33dce9b75b7766b5018b1d5e80dc0a,True,"{""n"":20000000}","{""BLOCK_SIZE"": 1024, ""threads"": 128}","{""BLOCK_SIZE"": 2048, ""threads"": 128}",False,2026.1.1.0 (build 37634170) (public-release),2025.4.0.0 (build 36690805) (public-release),full/application,full/application,1,1,reverse_array_kernel_kernel,reverse_array_kernel_kernel,reverse_array_kernel_kernel:none,reverse_array_kernel_kernel:none,reverse_array_kernel_kernel:LDG[16b:100%]; STG[16b:100%],reverse_array_kernel_kernel:LDG[16b:100%]; STG[16b:100%],0.0274,0.0287,1.04745,5781300,3789084,1562512,859384,937512,703128,0,0,625000,625000,1250000,1250000,0,0,0,0,0,0,0,0,0,0,0,0,0,0,0,0,0,0,390636,117188,40011264,40008704,16.0,28.0,1024.0,1024.0,87.322954012081,88.04499749473014,,"architecture sm_100 vs sm_90 | benchmark protocol: B200 frozen columns (20/100 config, 64 MB eviction for 41 ops) vs GH200 1/3 with 120 MiB eviction | NCU 2026.1.1 (B200) vs 2025.4.0 (GH200) | B200 TileLang profiled in a separate environment (HF PR #2) and benchmarked in a separate campaign | autotuned winner differs"
reverse_array,Data Layout,fp16,tilelang,983fef03544b35edd79027c397d75a792a88a051eb67d561e138b1badb8c3be0,983fef03544b35edd79027c397d75a792a88a051eb67d561e138b1badb8c3be0,True,"{""n"":20000000}","{""BLOCK_SIZE"": 1024, ""threads"": 128}","{""BLOCK_SIZE"": 2048, ""threads"": 128}",False,2026.1.1.0 (build 37634170) (public-release),2025.4.0.0 (build 36690805) (public-release),full/application,full/application,1,1,reverse_array_kernel_kernel,reverse_array_kernel_kernel,reverse_array_kernel_kernel:none,reverse_array_kernel_kernel:none,reverse_array_kernel_kernel:LDG[16b:100%]; STG[16b:100%],reverse_array_kernel_kernel:LDG[16b:100%]; STG[16b:100%],0.0275,0.0284,1.03273,5781300,3789084,1562512,859384,937512,703128,0,0,625000,625000,1250000,1250000,0,0,0,0,0,0,0,0,0,0,0,0,0,0,0,0,0,0,390636,117188,40011264,40009728,16.0,28.0,1024.0,1024.0,86.25361319195981,87.78169288738297,,"architecture sm_100 vs sm_90 | benchmark protocol: B200 frozen columns (20/100 config, 64 MB eviction for 41 ops) vs GH200 1/3 with 120 MiB eviction | NCU 2026.1.1 (B200) vs 2025.4.0 (GH200) | B200 TileLang profiled in a separate environment (HF PR #2) and benchmarked in a separate campaign | autotuned winner differs"
reverse_array,Data Layout,fp32,tilelang,810a2da2844180fc32c3ce5600f0d5ed5b1c332b7d203edfc2f2f377bfc8308e,810a2da2844180fc32c3ce5600f0d5ed5b1c332b7d203edfc2f2f377bfc8308e,True,"{""n"":20000000}","{""BLOCK_SIZE"": 1024, ""threads"": 128}","{""BLOCK_SIZE"": 2048, ""threads"": 256}",False,2026.1.1.0 (build 37634170) (public-release),2025.4.0.0 (build 36690805) (public-release),full/application,full/application,1,1,reverse_array_kernel_kernel,reverse_array_kernel_kernel,reverse_array_kernel_kernel:none,reverse_array_kernel_kernel:none,reverse_array_kernel_kernel:LDG[32b:100%]; STG[32b:100%],reverse_array_kernel_kernel:LDG[32b:100%]; STG[32b:100%],0.0330,0.0482,1.46061,5781300,4453168,2187512,1718768,937512,781256,0,0,0,0,1250000,1250000,0,0,0,0,0,0,0,0,0,0,0,0,0,0,0,0,0,0,390636,234376,80014848,80012544,16.0,20.0,1024.0,1024.0,85.38765734259168,85.08199129519339,,"architecture sm_100 vs sm_90 | benchmark protocol: B200 frozen columns (20/100 config, 64 MB eviction for 41 ops) vs GH200 1/3 with 120 MiB eviction | NCU 2026.1.1 (B200) vs 2025.4.0 (GH200) | B200 TileLang profiled in a separate environment (HF PR #2) and benchmarked in a separate campaign | autotuned winner differs"
reverse_array,Data Layout,int8,tilelang,42f89c33d4beb189ee2a29ca4be689bb4988b9fa96c279d09df387c99beedc99,42f89c33d4beb189ee2a29ca4be689bb4988b9fa96c279d09df387c99beedc99,True,"{""n"":20000000}","{""BLOCK_SIZE"": 1024, ""threads"": 128}","{""BLOCK_SIZE"": 1024, ""threads"": 128}",True,2026.1.1.0 (build 37634170) (public-release),2025.4.0.0 (build 36690805) (public-release),full/application,full/application,1,1,reverse_array_kernel_kernel,reverse_array_kernel_kernel,reverse_array_kernel_kernel:none,reverse_array_kernel_kernel:none,reverse_array_kernel_kernel:LDG[8b:100%]; STG[8b:100%],reverse_array_kernel_kernel:LDG[8b:100%]; STG[8b:100%],0.0228,0.0184,0.807018,6484428,4609428,2265640,1250024,937512,781256,0,0,625000,625000,1250000,1250000,0,0,0,0,0,0,0,0,0,0,0,0,0,0,0,0,0,0,390636,234380,20009472,20006912,16.0,20.0,1024.0,1024.0,84.6785609563011,86.2443776790519,,"architecture sm_100 vs sm_90 | benchmark protocol: B200 frozen columns (20/100 config, 64 MB eviction for 41 ops) vs GH200 1/3 with 120 MiB eviction | NCU 2026.1.1 (B200) vs 2025.4.0 (GH200) | B200 TileLang profiled in a separate environment (HF PR #2) and benchmarked in a separate campaign"
rmsnorm,Reduction/Normalization,bf16,tilelang,1288e3a1abb85f3e350691afe9d8f11c3f4e9064f9fcb13ddde25a540e1add80,1288e3a1abb85f3e350691afe9d8f11c3f4e9064f9fcb13ddde25a540e1add80,True,"{""K"":10240,""M"":2048,""batch"":1}","{""BLOCK_N"": 2048, ""num_stages"": 4, ""threads"": 256}","{""BLOCK_N"": 1024, ""num_stages"": 3, ""threads"": 256}",False,2026.1.1.0 (build 37634170) (public-release),2025.4.0.0 (build 36690805) (public-release),full/application,full/application,1,1,rmsnorm_kernel_kernel,rmsnorm_kernel_kernel,rmsnorm_kernel_kernel:none,rmsnorm_kernel_kernel:none,rmsnorm_kernel_kernel:LDG[128b:100%]; STG[128b:100%],rmsnorm_kernel_kernel:LDG[64b:100%]; STG[64b:100%],0.0173,0.0278,1.60694,5799936,6537216,2228224,2195456,32768,32768,1392640,2310144,1310720,983040,327680,491520,0,0,98304,98304,0,0,0,0,0,0,0,0,0,0,131072,131072,0,0,32768,32768,41989120,41983744,56.0,71.0,2048.0,2048.0,44.140751073936855,34.055412839579674,,"architecture sm_100 vs sm_90 | benchmark protocol: B200 frozen columns (20/100 config, 64 MB eviction for 41 ops) vs GH200 1/3 with 120 MiB eviction | NCU 2026.1.1 (B200) vs 2025.4.0 (GH200) | B200 TileLang profiled in a separate environment (HF PR #2) and benchmarked in a separate campaign | autotuned winner differs"
rmsnorm,Reduction/Normalization,fp16,tilelang,a33b34a807d8cb49d19d42bc51fe557b157a6cdbcdf961c71164d39e95ee9a8d,a33b34a807d8cb49d19d42bc51fe557b157a6cdbcdf961c71164d39e95ee9a8d,True,"{""K"":10240,""M"":2048,""batch"":1}","{""BLOCK_N"": 2048, ""num_stages"": 2, ""threads"": 256}","{""BLOCK_N"": 1024, ""num_stages"": 3, ""threads"": 256}",False,2026.1.1.0 (build 37634170) (public-release),2025.4.0.0 (build 36690805) (public-release),full/application,full/application,1,1,rmsnorm_kernel_kernel,rmsnorm_kernel_kernel,rmsnorm_kernel_kernel:none,rmsnorm_kernel_kernel:none,rmsnorm_kernel_kernel:LDG[128b:100%]; STG[128b:100%],rmsnorm_kernel_kernel:LDG[64b:100%]; STG[64b:100%],0.0175,0.0269,1.53714,4079616,5881856,229376,229376,32768,32768,2719744,4276224,327680,327680,245760,491520,0,0,98304,98304,0,0,0,0,0,0,0,0,0,0,131072,131072,0,0,32768,32768,41980672,41980928,70.0,71.0,2048.0,2048.0,32.83515887018555,34.113981335446695,,"architecture sm_100 vs sm_90 | benchmark protocol: B200 frozen columns (20/100 config, 64 MB eviction for 41 ops) vs GH200 1/3 with 120 MiB eviction | NCU 2026.1.1 (B200) vs 2025.4.0 (GH200) | B200 TileLang profiled in a separate environment (HF PR #2) and benchmarked in a separate campaign | autotuned winner differs"
rmsnorm,Reduction/Normalization,fp32,tilelang,e11fe6d3a765e370294c8b671f66fe29affdbc6adabc9d347c6b2ac81097dca6,e11fe6d3a765e370294c8b671f66fe29affdbc6adabc9d347c6b2ac81097dca6,True,"{""K"":10240,""M"":2048,""batch"":1}","{""BLOCK_N"": 1024, ""num_stages"": 3, ""threads"": 256}","{""BLOCK_N"": 2048, ""num_stages"": 3, ""threads"": 256}",False,2026.1.1.0 (build 37634170) (public-release),2025.4.0.0 (build 36690805) (public-release),full/application,full/application,1,1,rmsnorm_kernel_kernel,rmsnorm_kernel_kernel,rmsnorm_kernel_kernel:none,rmsnorm_kernel_kernel:none,rmsnorm_kernel_kernel:LDG[128b:100%]; STG[128b:100%],rmsnorm_kernel_kernel:LDG[128b:100%]; STG[128b:100%],0.0299,0.0507,1.69565,2965504,3653632,262144,229376,32768,32768,1343488,2375680,0,0,655360,491520,0,0,98304,98304,0,0,0,0,0,0,0,0,0,0,131072,131072,0,0,32768,32768,83944960,83948800,92.0,90.0,2048.0,2048.0,22.28232487580867,23.071565108238225,,"architecture sm_100 vs sm_90 | benchmark protocol: B200 frozen columns (20/100 config, 64 MB eviction for 41 ops) vs GH200 1/3 with 120 MiB eviction | NCU 2026.1.1 (B200) vs 2025.4.0 (GH200) | B200 TileLang profiled in a separate environment (HF PR #2) and benchmarked in a separate campaign | autotuned winner differs"
rope,Point-wise,fp16,tilelang,0e5044ce223bf21f1c23010169f86841a41ea3908839d07a7c430a025c6fa22c,0e5044ce223bf21f1c23010169f86841a41ea3908839d07a7c430a025c6fa22c,True,"{""batch_size"":1,""head_dim"":128,""n_heads"":32,""seq_len"":20480}","{""ROPE_GROUP_SIZE"": 16, ""threads"": 128}","{""ROPE_GROUP_SIZE"": 16, ""threads"": 256}",False,2026.1.1.0 (build 37634170) (public-release),2025.4.0.0 (build 36690805) (public-release),full/application,full/application,1,1,rope_embedding_kernel,rope_embedding_kernel,rope_embedding_kernel:none,rope_embedding_kernel:none,rope_embedding_kernel:LDG[128b:100%]; STG[128b:100%],rope_embedding_kernel:LDG[64b:100%]; STG[64b:100%],0.0515,0.1007,1.95534,6881280,11141120,1802240,3604480,0,0,2621440,2621440,0,0,983040,1966080,0,0,0,0,0,0,0,0,0,0,0,0,0,0,0,0,0,0,163840,327680,171905792,178241280,25.0,16.0,1024.0,1024.0,79.7726495445288,82.74723282531544,,"architecture sm_100 vs sm_90 | benchmark protocol: B200 frozen columns (20/100 config, 64 MB eviction for 41 ops) vs GH200 1/3 with 120 MiB eviction | NCU 2026.1.1 (B200) vs 2025.4.0 (GH200) | B200 TileLang profiled in a separate environment (HF PR #2) and benchmarked in a separate campaign | autotuned winner differs"
rope,Point-wise,fp32,tilelang,40b2d362544e99b824115b4cf74f099b11179d29fb22039bec9713e56f89d07b,40b2d362544e99b824115b4cf74f099b11179d29fb22039bec9713e56f89d07b,True,"{""batch_size"":1,""head_dim"":128,""n_heads"":32,""seq_len"":20480}","{""ROPE_GROUP_SIZE"": 16, ""threads"": 128}","{""ROPE_GROUP_SIZE"": 16, ""threads"": 256}",False,2026.1.1.0 (build 37634170) (public-release),2025.4.0.0 (build 36690805) (public-release),full/application,full/application,1,1,rope_embedding_kernel,rope_embedding_kernel,rope_embedding_kernel:none,rope_embedding_kernel:none,rope_embedding_kernel:LDG[128b:100%]; STG[128b:100%],rope_embedding_kernel:LDG[128b:100%]; STG[128b:100%],0.1044,0.1948,1.8659,10158080,13762560,1802240,3604480,0,0,5242880,5242880,0,0,1638400,1966080,0,0,0,0,0,0,0,0,0,0,0,0,0,0,0,0,0,0,163840,327680,356319744,356568320,36.0,30.0,1024.0,1024.0,61.833564518912574,81.87657530352588,,"architecture sm_100 vs sm_90 | benchmark protocol: B200 frozen columns (20/100 config, 64 MB eviction for 41 ops) vs GH200 1/3 with 120 MiB eviction | NCU 2026.1.1 (B200) vs 2025.4.0 (GH200) | B200 TileLang profiled in a separate environment (HF PR #2) and benchmarked in a separate campaign | autotuned winner differs"
sigmoid,Point-wise,bf16,tilelang,4aa1ec6120906e3dbaba486e10497608be20757b34ad598b38adc1c46512509d,4aa1ec6120906e3dbaba486e10497608be20757b34ad598b38adc1c46512509d,True,"{""n"":50000000}","{""BLOCK_SIZE"": 2048, ""threads"": 128}","{""BLOCK_SIZE"": 2048, ""threads"": 128}",True,2026.1.1.0 (build 37634170) (public-release),2025.4.0.0 (build 36690805) (public-release),full/application,full/application,1,1,sigmoid_kernel_kernel,sigmoid_kernel_kernel,sigmoid_kernel_kernel:none,sigmoid_kernel_kernel:none,sigmoid_kernel_kernel:LDG[256b:100%]; STG[256b:100%],sigmoid_kernel_kernel:LDG[128b:100%]; STG[128b:100%],0.0319,0.0584,1.83072,14355920,15625526,2636796,2343836,97660,390640,5468912,6250204,1562536,1562544,195314,390633,0,0,0,0,0,0,0,0,0,0,0,0,0,0,195321,195321,0,0,390634,292976,100022272,100014080,28.0,25.0,1024.0,1024.0,80.04808641400311,85.65348488410226,,"architecture sm_100 vs sm_90 | benchmark protocol: B200 frozen columns (20/100 config, 64 MB eviction for 41 ops) vs GH200 1/3 with 120 MiB eviction | NCU 2026.1.1 (B200) vs 2025.4.0 (GH200) | B200 TileLang profiled in a separate environment (HF PR #2) and benchmarked in a separate campaign"
sigmoid,Point-wise,fp16,tilelang,75076a495ad2a26aaf8b82e6e5988eebf5decb343d455eb3c258a97a14e2ef66,75076a495ad2a26aaf8b82e6e5988eebf5decb343d455eb3c258a97a14e2ef66,True,"{""n"":50000000}","{""BLOCK_SIZE"": 1024, ""threads"": 128}","{""BLOCK_SIZE"": 1024, ""threads"": 128}",True,2026.1.1.0 (build 37634170) (public-release),2025.4.0.0 (build 36690805) (public-release),full/application,full/application,1,1,sigmoid_kernel_kernel,sigmoid_kernel_kernel,sigmoid_kernel_kernel:none,sigmoid_kernel_kernel:none,sigmoid_kernel_kernel:LDG[128b:100%]; STG[128b:100%],sigmoid_kernel_kernel:LDG[128b:100%]; STG[128b:100%],0.0357,0.0585,1.63866,16015840,16601786,2148452,1562510,195316,390632,7031352,7812613,781252,781252,390626,390626,0,0,0,0,0,0,0,0,0,0,0,0,0,0,390633,390633,0,0,781258,585945,100016128,100013824,20.0,17.0,1024.0,1024.0,78.66028082640656,83.18116752158203,,"architecture sm_100 vs sm_90 | benchmark protocol: B200 frozen columns (20/100 config, 64 MB eviction for 41 ops) vs GH200 1/3 with 120 MiB eviction | NCU 2026.1.1 (B200) vs 2025.4.0 (GH200) | B200 TileLang profiled in a separate environment (HF PR #2) and benchmarked in a separate campaign"
sigmoid,Point-wise,fp32,tilelang,2e3d228dcd70af4d6b8be29058cba31c9247a8ee06d2c5d2cc7ae73cc76827f6,2e3d228dcd70af4d6b8be29058cba31c9247a8ee06d2c5d2cc7ae73cc76827f6,True,"{""n"":50000000}","{""BLOCK_SIZE"": 2048, ""threads"": 256}","{""BLOCK_SIZE"": 1024, ""threads"": 256}",False,2026.1.1.0 (build 37634170) (public-release),2025.4.0.0 (build 36690805) (public-release),full/application,full/application,1,1,sigmoid_kernel_kernel,sigmoid_kernel_kernel,sigmoid_kernel_kernel:none,sigmoid_kernel_kernel:none,sigmoid_kernel_kernel:LDG[256b:100%]; STG[256b:100%],sigmoid_kernel_kernel:LDG[128b:100%]; STG[128b:100%],0.0607,0.1129,1.85997,12304775,16015674,1562525,2343764,195320,390632,5468764,6250000,0,0,390626,781250,0,0,0,0,0,0,0,0,0,0,0,0,0,0,0,0,0,0,390633,781257,200017664,200017408,18.0,18.0,1024.0,1024.0,74.3390157625022,78.37731706675513,,"architecture sm_100 vs sm_90 | benchmark protocol: B200 frozen columns (20/100 config, 64 MB eviction for 41 ops) vs GH200 1/3 with 120 MiB eviction | NCU 2026.1.1 (B200) vs 2025.4.0 (GH200) | B200 TileLang profiled in a separate environment (HF PR #2) and benchmarked in a separate campaign | autotuned winner differs"
softmax,Reduction/Normalization,fp16,tilelang,080e2a826d47202de480ba2daf0ddbedeaaaef29fa87f45cd17c1cf556734a21,080e2a826d47202de480ba2daf0ddbedeaaaef29fa87f45cd17c1cf556734a21,True,"{""n_cols"":10240,""n_rows"":2048}","{""BLOCK_SIZE"": 2048, ""threads"": 128}","{""BLOCK_SIZE"": 2048, ""threads"": 128}",True,2026.1.1.0 (build 37634170) (public-release),2025.4.0.0 (build 36690805) (public-release),full/application,full/application,1,1,softmax_online_kernel_kernel,softmax_online_kernel_kernel,softmax_online_kernel_kernel:none,softmax_online_kernel_kernel:none,softmax_online_kernel_kernel:LDG[256b:100%]; STG[256b:100%],softmax_online_kernel_kernel:LDG[128b:100%]; STG[128b:100%],0.0259,0.0343,1.32432,17498112,21282816,1777664,2162688,90112,172032,12115968,13721600,327680,327680,122880,245760,0,0,327680,655360,0,0,0,0,0,0,0,0,0,0,352256,679936,0,0,98304,180224,42142976,57739520,48.0,38.0,2048.0,2048.0,47.75357484639813,57.02274634255271,,"architecture sm_100 vs sm_90 | benchmark protocol: B200 frozen columns (20/100 config, 64 MB eviction for 41 ops) vs GH200 1/3 with 120 MiB eviction | NCU 2026.1.1 (B200) vs 2025.4.0 (GH200) | B200 TileLang profiled in a separate environment (HF PR #2) and benchmarked in a separate campaign"
softmax,Reduction/Normalization,fp32,tilelang,cf43db097908ef9c9c6e7549d1bcf076609d45e08c01f136e0594907c2f5e3fc,cf43db097908ef9c9c6e7549d1bcf076609d45e08c01f136e0594907c2f5e3fc,True,"{""n_cols"":10240,""n_rows"":2048}","{""BLOCK_SIZE"": 2048, ""threads"": 128}","{""BLOCK_SIZE"": 2048, ""threads"": 256}",False,2026.1.1.0 (build 37634170) (public-release),2025.4.0.0 (build 36690805) (public-release),full/application,full/application,1,1,softmax_online_kernel_kernel,softmax_online_kernel_kernel,softmax_online_kernel_kernel:none,softmax_online_kernel_kernel:none,softmax_online_kernel_kernel:LDG[256b:100%]; STG[256b:100%],softmax_online_kernel_kernel:LDG[128b:100%]; STG[128b:100%],0.0378,0.0659,1.74339,16474112,26804224,1777664,2834432,90112,262144,11132928,14663680,0,0,245760,491520,0,0,327680,1966080,0,0,0,0,0,0,0,0,0,0,352256,2015232,0,0,98304,278528,118085888,144607488,48.0,32.0,2048.0,3072.0,47.87771537810132,85.93246522822712,,"architecture sm_100 vs sm_90 | benchmark protocol: B200 frozen columns (20/100 config, 64 MB eviction for 41 ops) vs GH200 1/3 with 120 MiB eviction | NCU 2026.1.1 (B200) vs 2025.4.0 (GH200) | B200 TileLang profiled in a separate environment (HF PR #2) and benchmarked in a separate campaign | autotuned winner differs"
streamk_matmul,Matrix Multiplication/Attention,bf16,tilelang,25bc1f9313f25d60c0b511200b9865b3fbddacc85c4c511c0d7cfcd0f0904235,25bc1f9313f25d60c0b511200b9865b3fbddacc85c4c511c0d7cfcd0f0904235,True,"{""k"":4096,""m"":8192,""n"":28672}","{""BLOCK_K"": 32, ""BLOCK_M"": 128, ""BLOCK_N"": 256, ""GROUP_M"": 8, ""num_stages"": 3, ""threads"": 128}","{""BLOCK_K"": 32, ""BLOCK_M"": 128, ""BLOCK_N"": 128, ""GROUP_M"": 8, ""num_stages"": 3, ""threads"": 128}",False,2026.1.1.0 (build 37634170) (public-release),2025.4.0.0 (build 36690805) (public-release),reduced/kernel,full/application,2,2,first_wave_kernel_kernel;full_tiles_kernel_kernel,first_wave_kernel_kernel;full_tiles_kernel_kernel,first_wave_kernel_kernel:static_sites:tcgen05[UTCHMMA:8] / full_tiles_kernel_kernel:static_sites:tcgen05[UTCHMMA:16],first_wave_kernel_kernel:wgmma[HGMMA.64x128x16.F32.BF16:434176] / full_tiles_kernel_kernel:wgmma[HGMMA.64x128x16.F32.BF16:28925952],first_wave_kernel_kernel:static_sites:cp.async[LDGSTS.E.BYPASS.128:24] / full_tiles_kernel_kernel:static_sites:cp.async[LDGSTS.E.BYPASS.128:48]; STG[256b:100%],first_wave_kernel_kernel:cp.async[LDGSTS.E.BYPASS.128:868352] / full_tiles_kernel_kernel:cp.async[LDGSTS.E.BYPASS.128:57851904]; STG[64b:100%],3.2742,4.2452,1.29656,355773844,612531092,,283087660,,21481552,,0,,14682800,,3615744,,58720256,,50758768,,0,,0,,0,,29360128,,0,,58547696,,87552,,7291436,2056797440,2210150656,254.0,168.0,75776.0,50176.0,6.229029029473524,18.62395027598722,B200:dynamic_opcode_counts,"architecture sm_100 vs sm_90 | benchmark protocol: B200 frozen columns (20/100 config, 64 MB eviction for 41 ops) vs GH200 1/3 with 120 MiB eviction | NCU 2026.1.1 (B200) vs 2025.4.0 (GH200) | B200 TileLang profiled in a separate environment (HF PR #2) and benchmarked in a separate campaign | TileLang uses the TMEM body on B200 and a fragment-accumulator body on GH200 (supports_tmem dispatch) | autotuned winner differs | collection level differs (reduced vs full)"
streamk_matmul,Matrix Multiplication/Attention,fp16,tilelang,d7caa9fbfbd14aa8d632ab477ff01ef2acd5ff8650a12cf494d79c6b7ae05f2d,d7caa9fbfbd14aa8d632ab477ff01ef2acd5ff8650a12cf494d79c6b7ae05f2d,True,"{""k"":4096,""m"":8192,""n"":28672}","{""BLOCK_K"": 32, ""BLOCK_M"": 128, ""BLOCK_N"": 256, ""GROUP_M"": 8, ""num_stages"": 3, ""threads"": 128}","{""BLOCK_K"": 32, ""BLOCK_M"": 128, ""BLOCK_N"": 128, ""GROUP_M"": 8, ""num_stages"": 3, ""threads"": 128}",False,2026.1.1.0 (build 37634170) (public-release),2025.4.0.0 (build 36690805) (public-release),reduced/kernel,full/application,2,2,first_wave_kernel_kernel;full_tiles_kernel_kernel,first_wave_kernel_kernel;full_tiles_kernel_kernel,first_wave_kernel_kernel:static_sites:tcgen05[UTCHMMA:8] / full_tiles_kernel_kernel:static_sites:tcgen05[UTCHMMA:16],first_wave_kernel_kernel:wgmma[HGMMA.64x128x16.F32:434176] / full_tiles_kernel_kernel:wgmma[HGMMA.64x128x16.F32:28925952],first_wave_kernel_kernel:static_sites:cp.async[LDGSTS.E.BYPASS.128:24] / full_tiles_kernel_kernel:static_sites:cp.async[LDGSTS.E.BYPASS.128:48]; STG[256b:100%],first_wave_kernel_kernel:cp.async[LDGSTS.E.BYPASS.128:868352] / full_tiles_kernel_kernel:cp.async[LDGSTS.E.BYPASS.128:57851904]; STG[64b:100%],3.2961,4.2547,1.29083,355773844,612531092,,283087660,,21481552,,0,,14682800,,3615744,,58720256,,50758768,,0,,0,,0,,29360128,,0,,58547696,,87552,,7291436,2031919104,2204805376,254.0,168.0,75776.0,50176.0,6.229003542653916,18.625870322484488,B200:dynamic_opcode_counts,"architecture sm_100 vs sm_90 | benchmark protocol: B200 frozen columns (20/100 config, 64 MB eviction for 41 ops) vs GH200 1/3 with 120 MiB eviction | NCU 2026.1.1 (B200) vs 2025.4.0 (GH200) | B200 TileLang profiled in a separate environment (HF PR #2) and benchmarked in a separate campaign | TileLang uses the TMEM body on B200 and a fragment-accumulator body on GH200 (supports_tmem dispatch) | autotuned winner differs | collection level differs (reduced vs full)"
streamk_matmul,Matrix Multiplication/Attention,fp32,tilelang,62f15d6b87695f834a84aeea4568ad3f44738c31e6c21249233b6f226d735c02,62f15d6b87695f834a84aeea4568ad3f44738c31e6c21249233b6f226d735c02,True,"{""k"":4096,""m"":8192,""n"":28672}","{""BLOCK_K"": 32, ""BLOCK_M"": 128, ""BLOCK_N"": 128, ""GROUP_M"": 8, ""num_stages"": 3, ""threads"": 128}","{""BLOCK_K"": 32, ""BLOCK_M"": 128, ""BLOCK_N"": 128, ""GROUP_M"": 8, ""num_stages"": 3, ""threads"": 128}",True,2026.1.1.0 (build 37634170) (public-release),2025.4.0.0 (build 36690805) (public-release),full/application,full/application,3,2,first_wave_kernel_kernel;full_tiles_kernel_kernel;vectorized_elementwise_kernel,first_wave_kernel_kernel;full_tiles_kernel_kernel,vectorized_elementwise_kernel:none / first_wave_kernel_kernel:legacy_mma[HMMA.1688.F32.TF32:18087936] / full_tiles_kernel_kernel:legacy_mma[HMMA.1688.F32.TF32:921436160],first_wave_kernel_kernel:legacy_mma[HMMA.1688.F32.TF32:13893632] / full_tiles_kernel_kernel:legacy_mma[HMMA.1688.F32.TF32:925630464],vectorized_elementwise_kernel:STG[128b:100%] / first_wave_kernel_kernel:cp.async[LDGSTS.E.BYPASS.128:2260992] / full_tiles_kernel_kernel:cp.async[LDGSTS.E.BYPASS.128:115179520]; STG[64b:100%],first_wave_kernel_kernel:cp.async[LDGSTS.E.BYPASS.128:1736704] / full_tiles_kernel_kernel:cp.async[LDGSTS.E.BYPASS.128:115703808]; STG[64b:100%],9.4267,9.4589,1.00342,2327713088,2599318372,587533244,851986188,8338364,8274196,0,0,3384,28476720,5434368,3615744,117440512,117440512,609053936,609053168,0,0,0,0,939524096,939524096,0,0,0,0,29446900,29413552,108288,87552,16496724,7291436,4077086208,5648657664,210.0,220.0,99328.0,99328.0,12.440724208909968,12.449072300627213,,"architecture sm_100 vs sm_90 | benchmark protocol: B200 frozen columns (20/100 config, 64 MB eviction for 41 ops) vs GH200 1/3 with 120 MiB eviction | NCU 2026.1.1 (B200) vs 2025.4.0 (GH200) | B200 TileLang profiled in a separate environment (HF PR #2) and benchmarked in a separate campaign | TileLang uses the TMEM body on B200 and a fragment-accumulator body on GH200 (supports_tmem dispatch) | kernel set/names differ"
swiglu,Point-wise,bf16,tilelang,7d0a4d3b0315ee2ca4a6d2b516b007cb730f901e4f240daf107aa9b53b88dbd5,7d0a4d3b0315ee2ca4a6d2b516b007cb730f901e4f240daf107aa9b53b88dbd5,True,"{""M"":4096,""N"":20480}","{""BLOCK_SIZE"": 1024, ""threads"": 128}","{""BLOCK_SIZE"": 1024, ""threads"": 64}",False,2026.1.1.0 (build 37634170) (public-release),2025.4.0.0 (build 36690805) (public-release),full/application,full/application,1,1,swiglu_kernel_kernel,swiglu_kernel_kernel,swiglu_kernel_kernel:none,swiglu_kernel_kernel:none,swiglu_kernel_kernel:LDG[128b:100%]; STG[128b:100%],swiglu_kernel_kernel:LDG[64b:100%]; STG[64b:100%],0.0848,0.1405,1.65684,69795840,69632000,15400960,13926400,2621440,2621440,30801920,32112640,3932160,3932160,983040,1966080,0,0,0,0,0,0,0,0,0,0,0,0,0,0,5242880,5242880,0,0,2949120,2785280,335574528,335574016,31.0,32.0,1024.0,1024.0,84.07408172142277,90.21923305924173,,"architecture sm_100 vs sm_90 | benchmark protocol: B200 frozen columns (20/100 config, 64 MB eviction for 41 ops) vs GH200 1/3 with 120 MiB eviction | NCU 2026.1.1 (B200) vs 2025.4.0 (GH200) | B200 TileLang profiled in a separate environment (HF PR #2) and benchmarked in a separate campaign | autotuned winner differs"
swiglu,Point-wise,fp16,tilelang,e11418c11ee0f3666939d90d5186d1bdae58e5241bfbf081f9be130b135f8ec6,e11418c11ee0f3666939d90d5186d1bdae58e5241bfbf081f9be130b135f8ec6,True,"{""M"":4096,""N"":20480}","{""BLOCK_SIZE"": 2048, ""threads"": 256}","{""BLOCK_SIZE"": 1024, ""threads"": 128}",False,2026.1.1.0 (build 37634170) (public-release),2025.4.0.0 (build 36690805) (public-release),full/application,full/application,1,1,swiglu_kernel_kernel,swiglu_kernel_kernel,swiglu_kernel_kernel:none,swiglu_kernel_kernel:none,swiglu_kernel_kernel:LDG[128b:100%]; STG[128b:100%],swiglu_kernel_kernel:LDG[64b:100%]; STG[64b:100%],0.0833,0.1403,1.68427,67174400,69140480,9830400,9502720,2621440,2621440,36044800,37355520,1310720,1310720,983040,1966080,0,0,0,0,0,0,0,0,0,0,0,0,0,0,5242880,5242880,0,0,2949120,2949120,335574272,335561728,32.0,30.0,1024.0,1024.0,81.18198678475275,87.46677830847638,,"architecture sm_100 vs sm_90 | benchmark protocol: B200 frozen columns (20/100 config, 64 MB eviction for 41 ops) vs GH200 1/3 with 120 MiB eviction | NCU 2026.1.1 (B200) vs 2025.4.0 (GH200) | B200 TileLang profiled in a separate environment (HF PR #2) and benchmarked in a separate campaign | autotuned winner differs"
swiglu,Point-wise,fp32,tilelang,8fdf30272037087909c79d61775eab2ba0f9eddd706936000e6227621b37376f,8fdf30272037087909c79d61775eab2ba0f9eddd706936000e6227621b37376f,True,"{""M"":4096,""N"":20480}","{""BLOCK_SIZE"": 2048, ""threads"": 256}","{""BLOCK_SIZE"": 1024, ""threads"": 256}",False,2026.1.1.0 (build 37634170) (public-release),2025.4.0.0 (build 36690805) (public-release),full/application,full/application,1,1,swiglu_kernel_kernel,swiglu_kernel_kernel,swiglu_kernel_kernel:none,swiglu_kernel_kernel:none,swiglu_kernel_kernel:LDG[256b:100%]; STG[256b:100%],swiglu_kernel_kernel:LDG[128b:100%]; STG[128b:100%],0.1459,0.2752,1.88622,60620800,66846720,9830400,11141120,2621440,2621440,30474240,32112640,0,0,983040,1966080,0,0,0,0,0,0,0,0,0,0,0,0,0,0,5242880,5242880,0,0,2949120,3276800,671188480,671131136,40.0,27.0,1024.0,1024.0,55.91219384132421,81.50522980574155,,"architecture sm_100 vs sm_90 | benchmark protocol: B200 frozen columns (20/100 config, 64 MB eviction for 41 ops) vs GH200 1/3 with 120 MiB eviction | NCU 2026.1.1 (B200) vs 2025.4.0 (GH200) | B200 TileLang profiled in a separate environment (HF PR #2) and benchmarked in a separate campaign | autotuned winner differs"
top_k_selection,Data Layout,fp32,tilelang,35809c3fa854730ce4e2ba168bbc36dd8b98abb21a75b7a8a21bee4c1abea2c8,35809c3fa854730ce4e2ba168bbc36dd8b98abb21a75b7a8a21bee4c1abea2c8,True,"{""N"":1048576,""k"":1024}","{""BLOCK_SIZE"": 2048, ""threads"": 256}","{""BLOCK_SIZE"": 4096, ""threads"": 256}",False,2026.1.1.0 (build 37634170) (public-release),2025.4.0.0 (build 36690805) (public-release),targeted/application,full/application,10,5,main_kernel,main_kernel,main_kernel:static_sites:none,main_kernel:none,main_kernel:static_sites:LDG[128b:100%]; STG[128b:100%],main_kernel:LDG[128b:100%]; STG[128b:100%],0.1126,0.1400,1.24334,17865640,16313416,,1241224,,8516816,,0,,2728,,13640,,0,,6298952,,0,,0,,0,,0,,0,,215512,,0,,2728,4571136,4685312,38.0,115.0,9216.0,17408.0,32.869477942504716,20.789274248878073,B200:dynamic_opcode_counts,"architecture sm_100 vs sm_90 | benchmark protocol: B200 frozen columns (20/100 config, 64 MB eviction for 41 ops) vs GH200 1/3 with 120 MiB eviction | NCU 2026.1.1 (B200) vs 2025.4.0 (GH200) | B200 TileLang profiled in a separate environment (HF PR #2) and benchmarked in a separate campaign | autotuned winner differs | collection level differs (targeted vs full)"
vector_add,Point-wise,bf16,tilelang,c920b37c03b68e9eb44be5ecf4c16fb2a18bfd0110176d86ff39a14865984991,c920b37c03b68e9eb44be5ecf4c16fb2a18bfd0110176d86ff39a14865984991,True,"{""n"":20971520}","{""BLOCK_SIZE"": 1024, ""threads"": 64}","{""BLOCK_SIZE"": 1024, ""threads"": 64}",True,2026.1.1.0 (build 37634170) (public-release),2025.4.0.0 (build 36690805) (public-release),full/application,full/application,1,1,add_kernel_kernel,add_kernel_kernel,add_kernel_kernel:none,add_kernel_kernel:none,add_kernel_kernel:LDG[256b:100%]; STG[256b:100%],add_kernel_kernel:LDG[128b:100%]; STG[128b:100%],0.0216,0.0391,1.81019,3645440,1105920,2088960,204800,0,0,655360,327680,450560,0,122880,245760,0,0,0,0,0,0,0,0,0,0,0,0,0,0,0,0,0,0,40960,40960,83900416,83895552,30.0,26.0,1024.0,1024.0,76.20951076968807,82.08133279033241,,"architecture sm_100 vs sm_90 | benchmark protocol: B200 frozen columns (20/100 config, 64 MB eviction for 41 ops) vs GH200 1/3 with 120 MiB eviction | NCU 2026.1.1 (B200) vs 2025.4.0 (GH200) | B200 TileLang profiled in a separate environment (HF PR #2) and benchmarked in a separate campaign"
vector_add,Point-wise,fp16,tilelang,126d98cd444880759b21ecc2b57f28a6724eb1c12f1f019030c4069eae5f562a,126d98cd444880759b21ecc2b57f28a6724eb1c12f1f019030c4069eae5f562a,True,"{""n"":20971520}","{""BLOCK_SIZE"": 2048, ""threads"": 64}","{""BLOCK_SIZE"": 2048, ""threads"": 64}",True,2026.1.1.0 (build 37634170) (public-release),2025.4.0.0 (build 36690805) (public-release),full/application,full/application,1,1,add_kernel_kernel,add_kernel_kernel,add_kernel_kernel:none,add_kernel_kernel:none,add_kernel_kernel:LDG[256b:100%]; STG[256b:100%],add_kernel_kernel:LDG[128b:100%]; STG[128b:100%],0.0214,0.0388,1.81308,3092480,839680,1945600,102400,0,0,655360,327680,204800,0,122880,245760,0,0,0,0,0,0,0,0,0,0,0,0,0,0,0,0,0,0,20480,20480,83898112,83895296,48.0,40.0,1024.0,1024.0,50.41226448748074,63.12667478678221,,"architecture sm_100 vs sm_90 | benchmark protocol: B200 frozen columns (20/100 config, 64 MB eviction for 41 ops) vs GH200 1/3 with 120 MiB eviction | NCU 2026.1.1 (B200) vs 2025.4.0 (GH200) | B200 TileLang profiled in a separate environment (HF PR #2) and benchmarked in a separate campaign"
vector_add,Point-wise,fp32,tilelang,67ec1efc98ac714e0f4c0673fcbcdb471821c9babb21dfd959b572ac818c2988,67ec1efc98ac714e0f4c0673fcbcdb471821c9babb21dfd959b572ac818c2988,True,"{""n"":20971520}","{""BLOCK_SIZE"": 1024, ""threads"": 256}","{""BLOCK_SIZE"": 1024, ""threads"": 64}",False,2026.1.1.0 (build 37634170) (public-release),2025.4.0.0 (build 36690805) (public-release),full/application,full/application,1,1,add_kernel_kernel,add_kernel_kernel,add_kernel_kernel:none,add_kernel_kernel:none,add_kernel_kernel:LDG[128b:100%]; STG[128b:100%],add_kernel_kernel:LDG[128b:100%]; STG[128b:100%],0.0400,0.0722,1.805,3440640,1679360,983040,204800,0,0,655360,655360,0,0,491520,491520,0,0,0,0,0,0,0,0,0,0,0,0,0,0,0,0,0,0,163840,40960,167786496,167797760,22.0,40.0,1024.0,1024.0,77.07430961880817,61.67194163500677,,"architecture sm_100 vs sm_90 | benchmark protocol: B200 frozen columns (20/100 config, 64 MB eviction for 41 ops) vs GH200 1/3 with 120 MiB eviction | NCU 2026.1.1 (B200) vs 2025.4.0 (GH200) | B200 TileLang profiled in a separate environment (HF PR #2) and benchmarked in a separate campaign | autotuned winner differs"
vector_add,Point-wise,int8,tilelang,5aa19acff5c13b9e0efe3a99bbd08398b4de09df561314ac5d8bc5c8aa3a17d2,5aa19acff5c13b9e0efe3a99bbd08398b4de09df561314ac5d8bc5c8aa3a17d2,True,"{""n"":20971520}","{""BLOCK_SIZE"": 2048, ""threads"": 64}","{""BLOCK_SIZE"": 1024, ""threads"": 64}",False,2026.1.1.0 (build 37634170) (public-release),2025.4.0.0 (build 36690805) (public-release),full/application,full/application,1,1,add_kernel_kernel,add_kernel_kernel,add_kernel_kernel:none,add_kernel_kernel:none,add_kernel_kernel:LDG[256b:100%]; STG[256b:100%],add_kernel_kernel:LDG[128b:100%]; STG[128b:100%],0.0126,0.0213,1.69048,2375680,2457600,2170880,1515520,0,0,0,0,0,491520,61440,122880,0,0,0,0,0,0,0,0,0,0,0,0,0,0,0,0,0,0,20480,40960,41952256,41949184,48.0,27.0,1024.0,1024.0,46.48064187691553,77.69532037467621,,"architecture sm_100 vs sm_90 | benchmark protocol: B200 frozen columns (20/100 config, 64 MB eviction for 41 ops) vs GH200 1/3 with 120 MiB eviction | NCU 2026.1.1 (B200) vs 2025.4.0 (GH200) | B200 TileLang profiled in a separate environment (HF PR #2) and benchmarked in a separate campaign | autotuned winner differs"
weight_dequant,Point-wise,bf16,tilelang,35d9c781fe004c5b000cdf3df27aaef77a08d170ed9ddfa90fad5fcd1bfe812c,35d9c781fe004c5b000cdf3df27aaef77a08d170ed9ddfa90fad5fcd1bfe812c,True,"{""M"":10240,""TILE_SIZE"":128}","{""BLOCK_SIZE"": 2048, ""threads"": 128}","{""BLOCK_SIZE"": 2048, ""threads"": 128}",True,2026.1.1.0 (build 37634170) (public-release),2025.4.0.0 (build 36690805) (public-release),full/application,full/application,1,1,weight_dequant_kernel_kernel,weight_dequant_kernel_kernel,weight_dequant_kernel_kernel:none,weight_dequant_kernel_kernel:none,"weight_dequant_kernel_kernel:LDG[16b:50%,128b:50%]; STG[128b:100%]","weight_dequant_kernel_kernel:LDG[16b:50%,64b:50%]; STG[64b:100%]",0.0641,0.1189,1.85491,14336000,17408000,6553600,6758400,0,0,1638400,3276800,3276800,3276800,1228800,2457600,0,0,0,0,0,0,0,0,0,0,0,0,0,0,0,0,0,0,204800,204800,209780224,209745408,23.0,26.0,1024.0,1024.0,82.239289179668,88.43527895131643,,"architecture sm_100 vs sm_90 | benchmark protocol: B200 frozen columns (20/100 config, 64 MB eviction for 41 ops) vs GH200 1/3 with 120 MiB eviction | NCU 2026.1.1 (B200) vs 2025.4.0 (GH200) | B200 TileLang profiled in a separate environment (HF PR #2) and benchmarked in a separate campaign"
weight_dequant,Point-wise,fp16,tilelang,a523da7a32b620e530ab984160cfb00c2b722a3d654314a30b11a56f12570831,a523da7a32b620e530ab984160cfb00c2b722a3d654314a30b11a56f12570831,True,"{""M"":10240,""TILE_SIZE"":128}","{""BLOCK_SIZE"": 2048, ""threads"": 128}","{""BLOCK_SIZE"": 4096, ""threads"": 128}",False,2026.1.1.0 (build 37634170) (public-release),2025.4.0.0 (build 36690805) (public-release),full/application,full/application,1,1,weight_dequant_kernel_kernel,weight_dequant_kernel_kernel,weight_dequant_kernel_kernel:none,weight_dequant_kernel_kernel:none,"weight_dequant_kernel_kernel:LDG[16b:50%,128b:50%]; STG[128b:100%]","weight_dequant_kernel_kernel:LDG[16b:50%,64b:50%]; STG[64b:100%]",0.0635,0.1185,1.86614,13516800,18944000,3276800,6656000,0,0,5734400,7372800,1638400,1638400,1228800,2457600,0,0,0,0,0,0,0,0,0,0,0,0,0,0,0,0,0,0,204800,102400,209745152,209747200,26.0,40.0,1024.0,1024.0,83.35384422708768,66.3142034392245,,"architecture sm_100 vs sm_90 | benchmark protocol: B200 frozen columns (20/100 config, 64 MB eviction for 41 ops) vs GH200 1/3 with 120 MiB eviction | NCU 2026.1.1 (B200) vs 2025.4.0 (GH200) | B200 TileLang profiled in a separate environment (HF PR #2) and benchmarked in a separate campaign | autotuned winner differs"
weight_dequant,Point-wise,fp32,tilelang,f82881d290725d7821f7e15b1fe591f9b0953a6a75c3db7ce396624f158681a9,f82881d290725d7821f7e15b1fe591f9b0953a6a75c3db7ce396624f158681a9,True,"{""M"":10240,""TILE_SIZE"":128}","{""BLOCK_SIZE"": 2048, ""threads"": 256}","{""BLOCK_SIZE"": 1024, ""threads"": 128}",False,2026.1.1.0 (build 37634170) (public-release),2025.4.0.0 (build 36690805) (public-release),full/application,full/application,1,1,weight_dequant_kernel_kernel,weight_dequant_kernel_kernel,weight_dequant_kernel_kernel:none,weight_dequant_kernel_kernel:none,"weight_dequant_kernel_kernel:LDG[32b:50%,256b:50%]; STG[256b:100%]","weight_dequant_kernel_kernel:LDG[32b:50%,128b:50%]; STG[128b:100%]",0.1236,0.2350,1.90129,15155200,14336000,6553600,5324800,0,0,1638400,3276800,0,0,1228800,2457600,0,0,0,0,0,0,0,0,0,0,0,0,0,0,0,0,0,0,409600,409600,419486976,419483136,20.0,20.0,1024.0,1024.0,74.10718473028513,85.28700243196435,,"architecture sm_100 vs sm_90 | benchmark protocol: B200 frozen columns (20/100 config, 64 MB eviction for 41 ops) vs GH200 1/3 with 120 MiB eviction | NCU 2026.1.1 (B200) vs 2025.4.0 (GH200) | B200 TileLang profiled in a separate environment (HF PR #2) and benchmarked in a separate campaign | autotuned winner differs"
1d_conv,Stencil/Convolution,fp16,triton,4b8e7fcaf46e52aecfde43c9c64e1a856dd12cb98ad21ace0c8564d2b7471faf,4b8e7fcaf46e52aecfde43c9c64e1a856dd12cb98ad21ace0c8564d2b7471faf,True,"{""L"":2621440,""batch"":1,""groups"":1,""in_channels"":128,""kernel_size"":3,""out_channels"":128,""padding"":1,""stride"":1}","{""BLOCK_SIZE_BATCH_LENGTH"": 128, ""BLOCK_SIZE_IN_FEAT"": 32, ""BLOCK_SIZE_OUT_FEAT"": 128, ""num_stages"": 3, ""num_warps"": 8}","{""BLOCK_SIZE_BATCH_LENGTH"": 64, ""BLOCK_SIZE_IN_FEAT"": 32, ""BLOCK_SIZE_OUT_FEAT"": 128, ""num_stages"": 2, ""num_warps"": 8}",False,2026.1.1.0 (build 37634170) (public-release),2025.4.0.0 (build 36690805) (public-release),full/application,full/application,1,1,conv1d_kernel,conv1d_kernel,conv1d_kernel:tcgen05[UTCHMMA:491520],conv1d_kernel:wgmma[HGMMA.64x64x16.F32:7864320],conv1d_kernel:LDG[16b:100%]; STG[128b:100%],conv1d_kernel:LDG[16b:100%]; STG[128b:100%],2.5153,3.3044,1.31372,1573642240,1881866240,792985600,980090880,529530880,504627200,0,0,77987840,108789760,64225280,95682560,0,0,65781760,96993280,0,0,0,0,0,0,0,7864320,1105920,0,12390400,24903680,40960,0,7495680,4915200,671880960,671354368,128.0,114.0,33808.0,13312.0,24.60520168032664,24.7878313032475,,"architecture sm_100 vs sm_90 | benchmark protocol: B200 frozen columns (20/100 config, 64 MB eviction for 41 ops) vs GH200 1/3 with 120 MiB eviction | NCU 2026.1.1 (B200) vs 2025.4.0 (GH200) | autotuned winner differs"
1d_conv,Stencil/Convolution,fp32,triton,712e3c5d9c347ede3b49657f0534bf471eca63bf61dbaf2f264416e44eca19cb,712e3c5d9c347ede3b49657f0534bf471eca63bf61dbaf2f264416e44eca19cb,True,"{""L"":2621440,""batch"":1,""groups"":1,""in_channels"":128,""kernel_size"":3,""out_channels"":128,""padding"":1,""stride"":1}","{""BLOCK_SIZE_BATCH_LENGTH"": 64, ""BLOCK_SIZE_IN_FEAT"": 16, ""BLOCK_SIZE_OUT_FEAT"": 128, ""num_stages"": 3, ""num_warps"": 4}","{""BLOCK_SIZE_BATCH_LENGTH"": 128, ""BLOCK_SIZE_IN_FEAT"": 16, ""BLOCK_SIZE_OUT_FEAT"": 128, ""num_stages"": 3, ""num_warps"": 4}",False,2026.1.1.0 (build 37634170) (public-release),2025.4.0.0 (build 36690805) (public-release),full/application,full/application,1,1,conv1d_kernel,conv1d_kernel,conv1d_kernel:tcgen05[UTCHMMA:1966080],conv1d_kernel:wgmma[HGMMA.64x128x8.F32.TF32:7864320],conv1d_kernel:cp.async[LDGSTS.E:102236160]; STG[128b:100%],conv1d_kernel:cp.async[LDGSTS.E:68157440]; STG[128b:100%],3.0636,3.8916,1.27027,2087116800,1775861760,1113292800,906772480,752189440,725893120,0,0,8519680,4423680,2621440,2621440,102236160,68157440,18350080,11632640,0,0,0,0,0,0,0,7864320,3686400,0,29368320,14991360,81920,0,14336000,2211840,1342586368,1343174656,124.0,253.0,37904.0,50176.0,24.563460380486937,12.432052010284364,,"architecture sm_100 vs sm_90 | benchmark protocol: B200 frozen columns (20/100 config, 64 MB eviction for 41 ops) vs GH200 1/3 with 120 MiB eviction | NCU 2026.1.1 (B200) vs 2025.4.0 (GH200) | autotuned winner differs"
2d_conv,Stencil/Convolution,fp16,triton,3a18138bc42e2cc33718fb925d637a175c459a40bc68c628081e0f23a7824504,3a18138bc42e2cc33718fb925d637a175c459a40bc68c628081e0f23a7824504,True,"{""H"":320,""batch"":1,""groups"":1,""in_channels"":128,""kernel_size"":3,""out_channels"":128,""padding"":1,""stride"":1}","{""BLOCK_SIZE_BATCH_HEIGHT_WIDTH"": 128, ""BLOCK_SIZE_IN_FEAT"": 64, ""BLOCK_SIZE_OUT_FEAT"": 64, ""num_stages"": 4, ""num_warps"": 4}","{""BLOCK_SIZE_BATCH_HEIGHT_WIDTH"": 128, ""BLOCK_SIZE_IN_FEAT"": 64, ""BLOCK_SIZE_OUT_FEAT"": 64, ""num_stages"": 3, ""num_warps"": 4}",False,2026.1.1.0 (build 37634170) (public-release),2025.4.0.0 (build 36690805) (public-release),full/application,full/application,1,1,conv2d_kernel,conv2d_kernel,conv2d_kernel:tcgen05[UTCHMMA:115200],conv2d_kernel:wgmma[HGMMA.64x64x16.F32:921600],conv2d_kernel:LDG[16b:100%]; STG[128b:100%],conv2d_kernel:LDG[16b:100%]; STG[128b:100%],0.5386,0.6191,1.14946,267771200,239955200,143971200,124313600,89491200,78572800,0,0,15756800,15552000,11110400,11110400,0,0,4723200,4710400,0,1228800,0,0,0,0,0,921600,160000,0,706732,793600,3200,0,437464,134400,26605312,48547840,253.0,255.0,50192.0,25600.0,11.884373100682014,12.175960649177773,,"architecture sm_100 vs sm_90 | benchmark protocol: B200 frozen columns (20/100 config, 64 MB eviction for 41 ops) vs GH200 1/3 with 120 MiB eviction | NCU 2026.1.1 (B200) vs 2025.4.0 (GH200) | autotuned winner differs"
2d_conv,Stencil/Convolution,fp32,triton,4f40a0ecdcb0632c2f5c784657e624b827b20f88d64468fc84a4987c1bd90d03,4f40a0ecdcb0632c2f5c784657e624b827b20f88d64468fc84a4987c1bd90d03,True,"{""H"":320,""batch"":1,""groups"":1,""in_channels"":128,""kernel_size"":3,""out_channels"":128,""padding"":1,""stride"":1}","{""BLOCK_SIZE_BATCH_HEIGHT_WIDTH"": 64, ""BLOCK_SIZE_IN_FEAT"": 16, ""BLOCK_SIZE_OUT_FEAT"": 128, ""num_stages"": 3, ""num_warps"": 4}","{""BLOCK_SIZE_BATCH_HEIGHT_WIDTH"": 64, ""BLOCK_SIZE_IN_FEAT"": 16, ""BLOCK_SIZE_OUT_FEAT"": 128, ""num_stages"": 3, ""num_warps"": 8}",False,2026.1.1.0 (build 37634170) (public-release),2025.4.0.0 (build 36690805) (public-release),full/application,full/application,1,1,conv2d_kernel,conv2d_kernel,conv2d_kernel:tcgen05[UTCHMMA:230400],conv2d_kernel:wgmma[HGMMA.64x64x8.F32.TF32:1843200],conv2d_kernel:cp.async[LDGSTS.E:11366400]; STG[128b:100%],conv2d_kernel:cp.async[LDGSTS.E:11366400]; STG[128b:100%],0.6098,0.8727,1.43112,396203200,456537600,226176000,243417600,145068800,173427200,0,0,1894400,3840000,102400,102400,11366400,11366400,1638400,3046400,0,0,0,0,0,0,0,1843200,374400,0,2990400,6566400,3200,0,1558400,960000,53116416,53089280,124.0,120.0,37904.0,37888.0,22.40403310501396,24.15072920744692,,"architecture sm_100 vs sm_90 | benchmark protocol: B200 frozen columns (20/100 config, 64 MB eviction for 41 ops) vs GH200 1/3 with 120 MiB eviction | NCU 2026.1.1 (B200) vs 2025.4.0 (GH200) | autotuned winner differs"
2d_max_pooling,Stencil/Convolution,bf16,triton,ca5ed0d22726ffbc1dad6e5a951afd6155a6c868f2a234e32fca96997e4da21e,ca5ed0d22726ffbc1dad6e5a951afd6155a6c868f2a234e32fca96997e4da21e,True,"{""C"":128,""H"":640,""N"":4,""kernel_size"":3,""padding"":1,""stride"":2}","{""BLOCK_C"": 512, ""BLOCK_R"": 1, ""num_warps"": 4}","{""BLOCK_C"": 512, ""BLOCK_R"": 1, ""num_warps"": 4}",True,2026.1.1.0 (build 37634170) (public-release),2025.4.0.0 (build 36690805) (public-release),full/application,full/application,1,1,max_pool2d_kernel,max_pool2d_kernel,max_pool2d_kernel:none,max_pool2d_kernel:none,max_pool2d_kernel:LDG[16b:100%]; STG[64b:100%],max_pool2d_kernel:LDG[16b:100%]; STG[64b:100%],0.2034,0.2503,1.23058,196280320,206110720,90439680,89784320,50462720,50462720,13107200,23592960,3276800,3276800,24084480,24084480,0,0,3932160,3932160,0,0,0,0,0,0,0,0,0,0,655360,655360,0,0,1146880,1146880,419547904,419477504,45.0,46.0,2048.0,2048.0,54.38246807752465,58.236003176802996,,"architecture sm_100 vs sm_90 | benchmark protocol: B200 frozen columns (20/100 config, 64 MB eviction for 41 ops) vs GH200 1/3 with 120 MiB eviction | NCU 2026.1.1 (B200) vs 2025.4.0 (GH200)"
2d_max_pooling,Stencil/Convolution,fp16,triton,a62dd33d8cf847fc0c94e233e07fda6ce09680cca78ac354a83c4541f3b8af17,a62dd33d8cf847fc0c94e233e07fda6ce09680cca78ac354a83c4541f3b8af17,True,"{""C"":128,""H"":640,""N"":4,""kernel_size"":3,""padding"":1,""stride"":2}","{""BLOCK_C"": 512, ""BLOCK_R"": 1, ""num_warps"": 4}","{""BLOCK_C"": 512, ""BLOCK_R"": 1, ""num_warps"": 4}",True,2026.1.1.0 (build 37634170) (public-release),2025.4.0.0 (build 36690805) (public-release),full/application,full/application,1,1,max_pool2d_kernel,max_pool2d_kernel,max_pool2d_kernel:none,max_pool2d_kernel:none,max_pool2d_kernel:LDG[16b:100%]; STG[64b:100%],max_pool2d_kernel:LDG[16b:100%]; STG[64b:100%],0.2017,0.2427,1.20327,175308800,175308800,66846720,66846720,50462720,50462720,6553600,6553600,13107200,13107200,24084480,24084480,0,0,3932160,3932160,0,0,0,0,0,0,0,0,0,0,655360,655360,0,0,1146880,1146880,419450624,419536128,44.0,44.0,2048.0,2048.0,54.2350362086503,57.845085565349294,,"architecture sm_100 vs sm_90 | benchmark protocol: B200 frozen columns (20/100 config, 64 MB eviction for 41 ops) vs GH200 1/3 with 120 MiB eviction | NCU 2026.1.1 (B200) vs 2025.4.0 (GH200)"
2d_max_pooling,Stencil/Convolution,fp32,triton,e3728773dce74b72c56e2809d872162f5f603a5da71e61fece031a965e2d2cbf,e3728773dce74b72c56e2809d872162f5f603a5da71e61fece031a965e2d2cbf,True,"{""C"":128,""H"":640,""N"":4,""kernel_size"":3,""padding"":1,""stride"":2}","{""BLOCK_C"": 512, ""BLOCK_R"": 1, ""num_warps"": 4}","{""BLOCK_C"": 512, ""BLOCK_R"": 1, ""num_warps"": 4}",True,2026.1.1.0 (build 37634170) (public-release),2025.4.0.0 (build 36690805) (public-release),full/application,full/application,1,1,max_pool2d_kernel,max_pool2d_kernel,max_pool2d_kernel:none,max_pool2d_kernel:none,max_pool2d_kernel:LDG[32b:100%]; STG[128b:100%],max_pool2d_kernel:LDG[32b:100%]; STG[128b:100%],0.2257,0.3228,1.43022,160399360,160399360,57507840,57507840,43909120,43909120,23592960,23592960,0,0,24084480,24084480,0,0,1146880,1146880,0,0,0,0,0,0,0,0,0,0,655360,655360,0,0,1146880,1146880,839145472,838913792,39.0,39.0,3072.0,3072.0,67.36426727766631,70.60145817337566,,"architecture sm_100 vs sm_90 | benchmark protocol: B200 frozen columns (20/100 config, 64 MB eviction for 41 ops) vs GH200 1/3 with 120 MiB eviction | NCU 2026.1.1 (B200) vs 2025.4.0 (GH200)"
3d_conv,Stencil/Convolution,fp16,triton,f68b4b9bbf6e6f6f3a7a6c89e64f4ccf6ae24a3f5f50888e1c2245c358eb3750,f68b4b9bbf6e6f6f3a7a6c89e64f4ccf6ae24a3f5f50888e1c2245c358eb3750,True,"{""D"":32,""H"":320,""batch"":1,""groups"":1,""in_channels"":64,""kernel_size"":3,""out_channels"":64,""padding"":1,""stride"":1}","{""BLOCK_SIZE_BATCH_DHW"": 128, ""BLOCK_SIZE_IN_FEAT"": 64, ""BLOCK_SIZE_OUT_FEAT"": 64, ""num_stages"": 2, ""num_warps"": 4}","{""BLOCK_SIZE_BATCH_DHW"": 128, ""BLOCK_SIZE_IN_FEAT"": 64, ""BLOCK_SIZE_OUT_FEAT"": 64, ""num_stages"": 2, ""num_warps"": 4}",True,2026.1.1.0 (build 37634170) (public-release),2025.4.0.0 (build 36690805) (public-release),full/application,full/application,1,1,conv3d_kernel,conv3d_kernel,conv3d_kernel:tcgen05[UTCHMMA:2764800],conv3d_kernel:wgmma[HGMMA.64x64x16.F32:22118400],conv3d_kernel:LDG[16b:100%]; STG[128b:100%],conv3d_kernel:LDG[16b:100%]; STG[128b:100%],13.8689,14.4304,1.04049,7183641600,6560256000,3902310400,3479756800,2450636800,2183987200,0,0,380416000,377139200,266240000,266240000,0,0,112435200,112230400,204800,37478400,0,0,0,0,0,22118400,3712000,0,15900719,18227200,51200,0,9964638,3072000,560738304,1188514048,255.0,255.0,50192.0,25600.0,12.433533802347993,12.463180346895907,,"architecture sm_100 vs sm_90 | benchmark protocol: B200 frozen columns (20/100 config, 64 MB eviction for 41 ops) vs GH200 1/3 with 120 MiB eviction | NCU 2026.1.1 (B200) vs 2025.4.0 (GH200)"
3d_conv,Stencil/Convolution,fp32,triton,9f39205a7239ff2dbec060a701e3ad4838b7d4d38a8f9776ef0ea2ba88bf04ff,9f39205a7239ff2dbec060a701e3ad4838b7d4d38a8f9776ef0ea2ba88bf04ff,True,"{""D"":32,""H"":320,""batch"":1,""groups"":1,""in_channels"":64,""kernel_size"":3,""out_channels"":64,""padding"":1,""stride"":1}","{""BLOCK_SIZE_BATCH_DHW"": 64, ""BLOCK_SIZE_IN_FEAT"": 64, ""BLOCK_SIZE_OUT_FEAT"": 64, ""num_stages"": 2, ""num_warps"": 4}","{""BLOCK_SIZE_BATCH_DHW"": 128, ""BLOCK_SIZE_IN_FEAT"": 64, ""BLOCK_SIZE_OUT_FEAT"": 64, ""num_stages"": 2, ""num_warps"": 4}",False,2026.1.1.0 (build 37634170) (public-release),2025.4.0.0 (build 36690805) (public-release),full/application,full/application,1,1,conv3d_kernel,conv3d_kernel,conv3d_kernel:tcgen05[UTCHMMA:11059200],conv3d_kernel:wgmma[HGMMA.64x64x8.F32.TF32:44236800],conv3d_kernel:cp.async[LDGSTS.E:367001600]; STG[128b:100%],conv3d_kernel:cp.async[LDGSTS.E:275251200]; STG[128b:100%],18.2040,23.7106,1.30249,10500454400,8883097600,5814323200,4856320000,4104601600,3604992000,0,0,34406400,20684800,1638400,1638400,367001600,275251200,20889600,11878400,0,204800,0,0,0,0,0,44236800,13363200,0,38144000,20172800,102400,0,19916800,3072000,2322951424,2472167936,165.0,255.0,66576.0,99328.0,18.665318711760893,12.479289101457969,,"architecture sm_100 vs sm_90 | benchmark protocol: B200 frozen columns (20/100 config, 64 MB eviction for 41 ops) vs GH200 1/3 with 120 MiB eviction | NCU 2026.1.1 (B200) vs 2025.4.0 (GH200) | autotuned winner differs"
argmax,Reduction/Normalization,fp16,triton,9180fbc98a37a955d75622e65eef96901634ee8d8ae006560281f2f3b3558536,9180fbc98a37a955d75622e65eef96901634ee8d8ae006560281f2f3b3558536,True,"{""M"":2048,""N"":20480}","{""BLOCK_N"": 2048, ""num_stages"": 4, ""num_warps"": 4}","{""BLOCK_N"": 2048, ""num_stages"": 4, ""num_warps"": 4}",True,2026.1.1.0 (build 37634170) (public-release),2025.4.0.0 (build 36690805) (public-release),full/application,full/application,1,1,argmax_rowwise_kernel,argmax_rowwise_kernel,argmax_rowwise_kernel:none,argmax_rowwise_kernel:none,argmax_rowwise_kernel:LDG[128b:100%]; STG[64b:100%],argmax_rowwise_kernel:LDG[128b:100%]; STG[64b:100%],0.0298,0.0367,1.23154,16005120,17592320,2111488,2019328,8306688,8560640,2129920,3112960,0,0,165888,165888,0,0,778240,778240,0,0,0,0,0,0,0,0,0,0,675840,675840,0,0,182272,182272,83900928,83898624,38.0,30.0,1056.0,1056.0,54.56134951678955,79.0715384572052,,"architecture sm_100 vs sm_90 | benchmark protocol: B200 frozen columns (20/100 config, 64 MB eviction for 41 ops) vs GH200 1/3 with 120 MiB eviction | NCU 2026.1.1 (B200) vs 2025.4.0 (GH200)"
argmax,Reduction/Normalization,fp32,triton,32e5bec55018dea2d8af92ed32e53d89d9a669bf25b1a6b71f487f300d3794bd,32e5bec55018dea2d8af92ed32e53d89d9a669bf25b1a6b71f487f300d3794bd,True,"{""M"":2048,""N"":20480}","{""BLOCK_N"": 1024, ""num_stages"": 2, ""num_warps"": 4}","{""BLOCK_N"": 2048, ""num_stages"": 4, ""num_warps"": 8}",False,2026.1.1.0 (build 37634170) (public-release),2025.4.0.0 (build 36690805) (public-release),full/application,full/application,1,1,argmax_rowwise_kernel,argmax_rowwise_kernel,argmax_rowwise_kernel:none,argmax_rowwise_kernel:none,argmax_rowwise_kernel:LDG[128b:100%]; STG[64b:100%],argmax_rowwise_kernel:LDG[128b:100%]; STG[64b:100%],0.0401,0.0580,1.44638,23087104,27348992,3979264,3969024,11337728,12697600,983040,2457600,0,0,329728,329728,0,0,1556480,1515520,0,0,0,0,0,0,0,0,0,0,1351680,1331200,0,0,346112,362496,167806976,167788800,32.0,28.0,1056.0,1088.0,76.97486604887214,87.36301402913256,,"architecture sm_100 vs sm_90 | benchmark protocol: B200 frozen columns (20/100 config, 64 MB eviction for 41 ops) vs GH200 1/3 with 120 MiB eviction | NCU 2026.1.1 (B200) vs 2025.4.0 (GH200) | autotuned winner differs"
batch_normalization,Reduction/Normalization,bf16,triton,aa78a79824c7441528d242df29e69d411a666bfeb163b75caed2f540ae59a0f1,aa78a79824c7441528d242df29e69d411a666bfeb163b75caed2f540ae59a0f1,True,"{""C"":1024,""N"":20000,""eps"":1e-05}","{""ROWS"": 8, ""num_warps"": 8}","{""ROWS"": 8, ""num_warps"": 4}",False,2026.1.1.0 (build 37634170) (public-release),2025.4.0.0 (build 36690805) (public-release),full/application,full/application,3,3,apply_batch_norm_kernel;compute_block_sums_kernel;compute_mean_invstd_kernel,apply_batch_norm_kernel;compute_block_sums_kernel;compute_mean_invstd_kernel,compute_block_sums_kernel:none / compute_mean_invstd_kernel:none / apply_batch_norm_kernel:none,compute_block_sums_kernel:none / compute_mean_invstd_kernel:none / apply_batch_norm_kernel:none,"compute_block_sums_kernel:LDG[128b:100%]; STG[128b:100%] / compute_mean_invstd_kernel:LDG[32b:100%]; STG[32b:100%] / apply_batch_norm_kernel:LDG[64b:25%,128b:75%]; STG[128b:100%]",compute_block_sums_kernel:LDG[128b:100%]; STG[128b:100%] / compute_mean_invstd_kernel:LDG[32b:100%]; STG[32b:100%] / apply_batch_norm_kernel:LDG[128b:100%]; STG[128b:100%],0.0266,0.0421,1.58271,6242280,6185840,2264144,1780388,66880,56880,1451248,2287328,1044608,1044608,363024,343024,0,0,162784,42784,0,0,0,0,0,0,0,0,0,0,84236,24236,0,0,46372,26372,47429376,69841408,48.0,68.0,5120.0,1024.0,51.62161956608466,33.73279476726535,,"architecture sm_100 vs sm_90 | benchmark protocol: B200 frozen columns (20/100 config, 64 MB eviction for 41 ops) vs GH200 1/3 with 120 MiB eviction | NCU 2026.1.1 (B200) vs 2025.4.0 (GH200) | autotuned winner differs"
batch_normalization,Reduction/Normalization,fp16,triton,fd4e861375d0e88291e453533a53b6ac53c622082f43acae86ad42cc0814d3ab,fd4e861375d0e88291e453533a53b6ac53c622082f43acae86ad42cc0814d3ab,True,"{""C"":1024,""N"":20000,""eps"":1e-05}","{""ROWS"": 8, ""num_warps"": 8}","{""ROWS"": 16, ""num_warps"": 4}",False,2026.1.1.0 (build 37634170) (public-release),2025.4.0.0 (build 36690805) (public-release),full/application,full/application,3,3,apply_batch_norm_kernel;compute_block_sums_kernel;compute_mean_invstd_kernel,apply_batch_norm_kernel;compute_block_sums_kernel;compute_mean_invstd_kernel,compute_block_sums_kernel:none / compute_mean_invstd_kernel:none / apply_batch_norm_kernel:none,compute_block_sums_kernel:none / compute_mean_invstd_kernel:none / apply_batch_norm_kernel:none,"compute_block_sums_kernel:LDG[128b:100%]; STG[128b:100%] / compute_mean_invstd_kernel:LDG[32b:100%]; STG[32b:100%] / apply_batch_norm_kernel:LDG[64b:25%,128b:75%]; STG[128b:100%]",compute_block_sums_kernel:LDG[128b:100%]; STG[128b:100%] / compute_mean_invstd_kernel:LDG[32b:100%]; STG[32b:100%] / apply_batch_norm_kernel:LDG[128b:100%]; STG[128b:100%],0.0261,0.0431,1.65134,5524272,5200328,759364,324364,66880,56880,2892272,3568352,324096,324096,363024,313024,0,0,162784,42784,0,0,0,0,0,0,0,0,0,0,84236,24236,0,0,46372,16372,47571456,71250176,48.0,70.0,5120.0,1024.0,50.520025981715555,31.87860087717395,,"architecture sm_100 vs sm_90 | benchmark protocol: B200 frozen columns (20/100 config, 64 MB eviction for 41 ops) vs GH200 1/3 with 120 MiB eviction | NCU 2026.1.1 (B200) vs 2025.4.0 (GH200) | autotuned winner differs"
batch_normalization,Reduction/Normalization,fp32,triton,c1cacc37ce10c27a8dbf1f7e33447c5ebf21ead1a4205edfdff6f8ee53d2eabf,c1cacc37ce10c27a8dbf1f7e33447c5ebf21ead1a4205edfdff6f8ee53d2eabf,True,"{""C"":1024,""N"":20000,""eps"":1e-05}","{""ROWS"": 8, ""num_warps"": 8}","{""ROWS"": 8, ""num_warps"": 4}",False,2026.1.1.0 (build 37634170) (public-release),2025.4.0.0 (build 36690805) (public-release),full/application,full/application,3,3,apply_batch_norm_kernel;compute_block_sums_kernel;compute_mean_invstd_kernel,apply_batch_norm_kernel;compute_block_sums_kernel;compute_mean_invstd_kernel,compute_block_sums_kernel:none / compute_mean_invstd_kernel:none / apply_batch_norm_kernel:none,compute_block_sums_kernel:none / compute_mean_invstd_kernel:none / apply_batch_norm_kernel:none,compute_block_sums_kernel:LDG[128b:100%]; STG[128b:100%] / compute_mean_invstd_kernel:LDG[32b:100%]; STG[32b:100%] / apply_batch_norm_kernel:LDG[128b:100%]; STG[128b:100%],compute_block_sums_kernel:LDG[128b:100%]; STG[128b:100%] / compute_mean_invstd_kernel:LDG[32b:100%]; STG[32b:100%] / apply_batch_norm_kernel:LDG[128b:100%]; STG[128b:100%],0.0576,0.0818,1.42014,5752548,5077144,1165332,999348,66880,56880,1686368,2287328,4096,4096,603152,603152,0,0,32768,32768,0,0,0,0,0,0,0,0,0,0,20480,20480,0,0,146372,156372,134469120,157122560,132.0,102.0,1024.0,1024.0,12.751928088458412,21.002157032348357,,"architecture sm_100 vs sm_90 | benchmark protocol: B200 frozen columns (20/100 config, 64 MB eviction for 41 ops) vs GH200 1/3 with 120 MiB eviction | NCU 2026.1.1 (B200) vs 2025.4.0 (GH200) | autotuned winner differs"
batched_matmul,Matrix Multiplication/Attention,bf16,triton,6e2f0aef249fcc93fdf8be5f9cecf9b7b112231742475bc5d4940ef52edb5fc6,6e2f0aef249fcc93fdf8be5f9cecf9b7b112231742475bc5d4940ef52edb5fc6,True,"{""BATCH"":32,""M"":640}","{""BLOCK_SIZE_K"": 32, ""BLOCK_SIZE_M"": 128, ""BLOCK_SIZE_N"": 128, ""GROUPSIZE"": 1, ""num_stages"": 4, ""num_warps"": 4}","{""BLOCK_SIZE_K"": 32, ""BLOCK_SIZE_M"": 128, ""BLOCK_SIZE_N"": 128, ""GROUPSIZE"": 8, ""num_stages"": 4, ""num_warps"": 4}",False,2026.1.1.0 (build 37634170) (public-release),2025.4.0.0 (build 36690805) (public-release),full/application,full/application,1,1,bmm_kernel,bmm_kernel,bmm_kernel:tcgen05[UTCHMMA:32000],bmm_kernel:wgmma[HGMMA.64x128x16.F32.BF16:256000],"bmm_kernel:TMA[UTMACMDFLUSH:3200,UTMALDG.3D:147200,UTMASTG.3D:3200]","bmm_kernel:TMA[UTMACMDFLUSH:3200,UTMALDG.3D:147200,UTMASTG.3D:3200]",0.0291,0.0399,1.37113,5448805,7036809,1920000,2518400,1292800,1104000,0,0,217600,217600,0,0,0,0,57600,51200,0,0,153600,153600,0,0,0,256000,56000,0,743200,768000,1600,0,305600,134400,52450048,52793856,135.0,154.0,66608.0,66592.0,15.280804533270958,18.18008969051772,,"architecture sm_100 vs sm_90 | benchmark protocol: B200 frozen columns (20/100 config, 64 MB eviction for 41 ops) vs GH200 1/3 with 120 MiB eviction | NCU 2026.1.1 (B200) vs 2025.4.0 (GH200) | Triton pre-transposes B on the host and caches it (_bt_cache): outside the timed region and the NCU range | autotuned winner differs"
batched_matmul,Matrix Multiplication/Attention,fp16,triton,216c85218ba9bf477be38d6c7e1c2409207f3e160395003e29636f5f14e43a74,216c85218ba9bf477be38d6c7e1c2409207f3e160395003e29636f5f14e43a74,True,"{""BATCH"":32,""M"":640}","{""BLOCK_SIZE_K"": 32, ""BLOCK_SIZE_M"": 128, ""BLOCK_SIZE_N"": 128, ""GROUPSIZE"": 1, ""num_stages"": 4, ""num_warps"": 4}","{""BLOCK_SIZE_K"": 32, ""BLOCK_SIZE_M"": 128, ""BLOCK_SIZE_N"": 128, ""GROUPSIZE"": 8, ""num_stages"": 4, ""num_warps"": 4}",False,2026.1.1.0 (build 37634170) (public-release),2025.4.0.0 (build 36690805) (public-release),full/application,full/application,1,1,bmm_kernel,bmm_kernel,bmm_kernel:tcgen05[UTCHMMA:32000],bmm_kernel:wgmma[HGMMA.64x128x16.F32:256000],"bmm_kernel:TMA[UTMACMDFLUSH:3200,UTMALDG.3D:147200,UTMASTG.3D:3200]","bmm_kernel:TMA[UTMACMDFLUSH:3200,UTMALDG.3D:147200,UTMASTG.3D:3200]",0.0293,0.0403,1.37543,5448810,7036803,1920000,2518400,1292800,1104000,0,0,217600,217600,0,0,0,0,57600,51200,0,0,153600,153600,0,0,0,256000,56000,0,743200,768000,1600,0,305600,134400,52454656,53079808,135.0,154.0,66608.0,66592.0,15.3137766207481,18.16092956813605,,"architecture sm_100 vs sm_90 | benchmark protocol: B200 frozen columns (20/100 config, 64 MB eviction for 41 ops) vs GH200 1/3 with 120 MiB eviction | NCU 2026.1.1 (B200) vs 2025.4.0 (GH200) | Triton pre-transposes B on the host and caches it (_bt_cache): outside the timed region and the NCU range | autotuned winner differs"
batched_matmul,Matrix Multiplication/Attention,fp32,triton,08dbf4b1b9f16395d3bf70a48b2f6f76db51398cdb2a1b189d4c28a65edcb02b,08dbf4b1b9f16395d3bf70a48b2f6f76db51398cdb2a1b189d4c28a65edcb02b,True,"{""BATCH"":32,""M"":640}","{""BLOCK_SIZE_K"": 32, ""BLOCK_SIZE_M"": 128, ""BLOCK_SIZE_N"": 128, ""GROUPSIZE"": 8, ""num_stages"": 3, ""num_warps"": 4}","{""BLOCK_SIZE_K"": 32, ""BLOCK_SIZE_M"": 64, ""BLOCK_SIZE_N"": 128, ""GROUPSIZE"": 8, ""num_stages"": 4, ""num_warps"": 4}",False,2026.1.1.0 (build 37634170) (public-release),2025.4.0.0 (build 36690805) (public-release),full/application,full/application,1,1,bmm_kernel,bmm_kernel,bmm_kernel:tcgen05[UTCHMMA:64000],bmm_kernel:wgmma[HGMMA.64x128x8.F32.TF32:512000],"bmm_kernel:TMA[UTMACMDFLUSH:3200,UTMALDG.3D:140800,UTMASTG.3D:3200]","bmm_kernel:TMA[UTMACMDFLUSH:6400,UTMALDG.3D:294400,UTMASTG.3D:6400]",0.0546,0.0804,1.47253,5377623,13324824,2008000,5657600,1251200,2195200,0,0,12800,25600,0,0,0,0,108800,204800,0,0,147200,307200,0,0,0,512000,88000,0,711200,1536000,1600,0,305600,268800,104969984,105428480,135.0,90.0,99376.0,99360.0,11.051029892381228,12.30340353256967,,"architecture sm_100 vs sm_90 | benchmark protocol: B200 frozen columns (20/100 config, 64 MB eviction for 41 ops) vs GH200 1/3 with 120 MiB eviction | NCU 2026.1.1 (B200) vs 2025.4.0 (GH200) | Triton pre-transposes B on the host and caches it (_bt_cache): outside the timed region and the NCU range | autotuned winner differs"
bitonic_sort,Data Layout,fp16,triton,9f06313b92385d4a521129cef2b292389c03538493d2cbcb565e2ace2e0924eb,9f06313b92385d4a521129cef2b292389c03538493d2cbcb565e2ace2e0924eb,True,"{""n"":10000000}","{""BLOCK"": 1024, ""num_warps"": 8}","{""BLOCK"": 1024, ""num_warps"": 8}",True,2026.1.1.0 (build 37634170) (public-release),2025.4.0.0 (build 36690805) (public-release),full/application,full/application,301,301,bitonic_step_kernel;pad_kernel,bitonic_step_kernel;pad_kernel,pad_kernel:none / bitonic_step_kernel:static_sites:none,pad_kernel:none / bitonic_step_kernel:static_sites:none,pad_kernel:LDG[128b:100%]; STG[128b:100%] / bitonic_step_kernel:static_sites:LDG[16b:100%]; STG[16b:100%],pad_kernel:LDG[128b:100%]; STG[128b:100%] / bitonic_step_kernel:static_sites:LDG[16b:100%]; STG[16b:100%],7.3101,8.4616,1.15752,5246025728,5246025728,393216,393216,131072,131072,131072,131072,0,0,131072,131072,0,0,0,0,0,0,0,0,0,0,0,0,0,0,0,0,0,0,131072,131072,20052224,1973953536,30.0,30.0,3072.0,3072.0,83.25944204692841,89.57303260902462,,"architecture sm_100 vs sm_90 | benchmark protocol: B200 frozen columns (20/100 config, 64 MB eviction for 41 ops) vs GH200 1/3 with 120 MiB eviction | NCU 2026.1.1 (B200) vs 2025.4.0 (GH200)"
bitonic_sort,Data Layout,fp32,triton,ab083a5355e8e9f204d99ef4367a250c52321b71b397fcdd09d6c290181151a4,ab083a5355e8e9f204d99ef4367a250c52321b71b397fcdd09d6c290181151a4,True,"{""n"":10000000}","{""BLOCK"": 512, ""num_warps"": 4}","{""BLOCK"": 512, ""num_warps"": 8}",False,2026.1.1.0 (build 37634170) (public-release),2025.4.0.0 (build 36690805) (public-release),full/application,full/application,301,301,bitonic_step_kernel;pad_kernel,bitonic_step_kernel;pad_kernel,pad_kernel:none / bitonic_step_kernel:static_sites:none,pad_kernel:none / bitonic_step_kernel:static_sites:none,pad_kernel:LDG[128b:100%]; STG[128b:100%] / bitonic_step_kernel:static_sites:LDG[32b:100%]; STG[32b:100%],pad_kernel:LDG[128b:100%]; STG[128b:100%] / bitonic_step_kernel:static_sites:LDG[32b:100%]; STG[32b:100%],8.0978,13.1292,1.62133,4826071040,5850791936,786432,589824,262144,262144,0,0,0,0,262144,262144,0,0,0,0,0,0,0,0,0,0,0,0,0,0,0,0,0,0,262144,131072,78938624,19767482880,28.0,22.0,3072.0,3072.0,88.84479254745177,90.22462600528875,,"architecture sm_100 vs sm_90 | benchmark protocol: B200 frozen columns (20/100 config, 64 MB eviction for 41 ops) vs GH200 1/3 with 120 MiB eviction | NCU 2026.1.1 (B200) vs 2025.4.0 (GH200) | autotuned winner differs"
block_sparse_attention,Matrix Multiplication/Attention,fp16,triton,6fc43818480ae755205ec467ae446a9ca02f1bd954e93d99c88a5dca90b8e053,6fc43818480ae755205ec467ae446a9ca02f1bd954e93d99c88a5dca90b8e053,True,"{""B"":2,""BLOCK_D"":64,""BLOCK_M"":64,""BLOCK_N"":64,""D"":128,""H"":8,""H_kv"":2,""M"":10240}","{""num_stages"": 2, ""num_warps"": 2}","{""num_stages"": 2, ""num_warps"": 2}",True,2026.1.1.0 (build 37634170) (public-release),2025.4.0.0 (build 36690805) (public-release),full/application,full/application,1,1,block_sparse_attention_kernel,block_sparse_attention_kernel,block_sparse_attention_kernel:legacy_mma[HMMA.16816.F32:3907584],block_sparse_attention_kernel:legacy_mma[HMMA.16816.F32:3907584],"block_sparse_attention_kernel:TMA[UTMACMDFLUSH:10240,UTMALDG.4D:91776,UTMASTG.4D:10240]; LDG[32b:100%]","block_sparse_attention_kernel:TMA[UTMACMDFLUSH:10240,UTMALDG.4D:91776,UTMASTG.4D:10240]; LDG[32b:100%]",0.0705,0.0808,1.1461,26281260,27341216,1514592,1504544,4586048,4601312,10809344,11358848,816128,816128,30624,30624,0,0,1303040,1303040,20480,20480,112256,112256,3907584,3907584,0,0,0,0,576736,576854,0,0,142592,127564,62983168,63439360,255.0,255.0,50232.0,50232.0,11.650936208049089,11.802134398181414,,"architecture sm_100 vs sm_90 | benchmark protocol: B200 frozen columns (20/100 config, 64 MB eviction for 41 ops) vs GH200 1/3 with 120 MiB eviction | NCU 2026.1.1 (B200) vs 2025.4.0 (GH200)"
cross_entropy,Reduction/Normalization,fp16,triton,f42b60ff44be7e8a7205e53a3bd34988ac5c7524330db0a067be3f9e3b6ab639,f42b60ff44be7e8a7205e53a3bd34988ac5c7524330db0a067be3f9e3b6ab639,True,"{""batch_size"":10240,""num_classes"":512}","{""num_warps"": 1}","{""num_warps"": 2}",False,2026.1.1.0 (build 37634170) (public-release),2025.4.0.0 (build 36690805) (public-release),full/application,full/application,1,1,cross_entropy_kernel,cross_entropy_kernel,cross_entropy_kernel:none,cross_entropy_kernel:none,"cross_entropy_kernel:LDG[16b:25%,32b:25%,128b:50%]; STG[16b:100%]","cross_entropy_kernel:LDG[16b:33%,32b:33%,128b:33%]; STG[16b:100%]",0.0076,0.0092,1.21053,2314240,3840000,184320,491520,266240,389120,1351680,1802240,20480,30720,51200,71680,0,0,0,163840,0,0,0,0,0,0,0,0,0,0,0,102400,0,0,20480,30720,10576384,10575104,26.0,22.0,1024.0,1032.0,27.028244417656545,68.90082756547199,,"architecture sm_100 vs sm_90 | benchmark protocol: B200 frozen columns (20/100 config, 64 MB eviction for 41 ops) vs GH200 1/3 with 120 MiB eviction | NCU 2026.1.1 (B200) vs 2025.4.0 (GH200) | autotuned winner differs"
cross_entropy,Reduction/Normalization,fp32,triton,1a14c7a51e0e2fb7dedb3f13a20b8dd2b872efe62687f18a475df797c90122fb,1a14c7a51e0e2fb7dedb3f13a20b8dd2b872efe62687f18a475df797c90122fb,True,"{""batch_size"":10240,""num_classes"":512}","{""num_warps"": 1}","{""num_warps"": 1}",True,2026.1.1.0 (build 37634170) (public-release),2025.4.0.0 (build 36690805) (public-release),full/application,full/application,1,1,cross_entropy_kernel,cross_entropy_kernel,cross_entropy_kernel:none,cross_entropy_kernel:none,"cross_entropy_kernel:LDG[32b:33%,128b:67%]; STG[32b:100%]","cross_entropy_kernel:LDG[32b:33%,128b:67%]; STG[32b:100%]",0.0079,0.0100,1.26582,2273280,2426880,204800,204800,286720,286720,1136640,1259520,10240,10240,71680,71680,0,0,0,0,0,0,0,0,0,0,0,0,0,0,0,0,0,0,20480,20480,21068800,21060608,26.0,28.0,1024.0,1024.0,34.34874289867258,36.34793188749557,,"architecture sm_100 vs sm_90 | benchmark protocol: B200 frozen columns (20/100 config, 64 MB eviction for 41 ops) vs GH200 1/3 with 120 MiB eviction | NCU 2026.1.1 (B200) vs 2025.4.0 (GH200)"
dequantize_rowwise,Point-wise,int8,triton,c24d1f8f2e3a0417758447984e025cfa559e716dc9196ba415709d3447285a98,c24d1f8f2e3a0417758447984e025cfa559e716dc9196ba415709d3447285a98,True,"{""cols"":8192,""rows"":4096}","{""CHUNK"": 1024, ""num_warps"": 2}","{""CHUNK"": 1024, ""num_warps"": 2}",True,2026.1.1.0 (build 37634170) (public-release),2025.4.0.0 (build 36690805) (public-release),full/application,full/application,1,1,dequantize_rowwise_kernel,dequantize_rowwise_kernel,dequantize_rowwise_kernel:none,dequantize_rowwise_kernel:none,"dequantize_rowwise_kernel:LDG[32b:50%,128b:50%]; STG[128b:100%]","dequantize_rowwise_kernel:LDG[32b:50%,128b:50%]; STG[128b:100%]",0.0193,0.0317,1.64249,6881280,7929856,1703936,1638400,196608,196608,1048576,2097152,2359296,2359296,262144,262144,0,0,262144,262144,0,0,0,0,0,0,0,0,0,0,65536,65536,0,0,131072,131072,33597696,33579776,30.0,32.0,3072.0,3072.0,57.78276892019743,84.02459368986904,,"architecture sm_100 vs sm_90 | benchmark protocol: B200 frozen columns (20/100 config, 64 MB eviction for 41 ops) vs GH200 1/3 with 120 MiB eviction | NCU 2026.1.1 (B200) vs 2025.4.0 (GH200)"
destindex,Data Layout,bf16,triton,716f280f9eec7778e3d2a4b836b636473cada35def30ec0bdd4c4420a9d734b3,716f280f9eec7778e3d2a4b836b636473cada35def30ec0bdd4c4420a9d734b3,True,"{""batch_size"":1,""kv_nope_head_dim"":128,""kv_nope_head_num"":12,""kv_rope_head_dim"":64,""kv_rope_head_num"":1,""seq_len"":40960}","{""BLOCK_SIZE"": 1024, ""num_warps"": 2}","{""BLOCK_SIZE"": 512, ""num_warps"": 2}",False,2026.1.1.0 (build 37634170) (public-release),2025.4.0.0 (build 36690805) (public-release),full/application,full/application,2,2,copy_by_dest_kernel,copy_by_dest_kernel,copy_by_dest_kernel:none,copy_by_dest_kernel:none,"copy_by_dest_kernel:LDG[32b:50%,128b:50%]; STG[128b:100%]","copy_by_dest_kernel:LDG[32b:50%,128b:50%]; STG[128b:100%]",0.0440,0.0790,1.79545,8110080,10414080,5294080,6318080,256000,256000,0,0,0,0,768000,768000,0,0,0,0,0,0,0,0,0,0,0,0,0,0,0,0,0,0,256000,512000,131690752,131715072,22.0,16.0,1024.0,1024.0,80.37805492378968,65.01111459916693,,"architecture sm_100 vs sm_90 | benchmark protocol: B200 frozen columns (20/100 config, 64 MB eviction for 41 ops) vs GH200 1/3 with 120 MiB eviction | NCU 2026.1.1 (B200) vs 2025.4.0 (GH200) | autotuned winner differs"
destindex,Data Layout,fp16,triton,d28e260ed7950c6a7bcdc1396c65c442a852500912fed122289c043ae9ff90e2,d28e260ed7950c6a7bcdc1396c65c442a852500912fed122289c043ae9ff90e2,True,"{""batch_size"":1,""kv_nope_head_dim"":128,""kv_nope_head_num"":12,""kv_rope_head_dim"":64,""kv_rope_head_num"":1,""seq_len"":40960}","{""BLOCK_SIZE"": 1024, ""num_warps"": 2}","{""BLOCK_SIZE"": 512, ""num_warps"": 2}",False,2026.1.1.0 (build 37634170) (public-release),2025.4.0.0 (build 36690805) (public-release),full/application,full/application,2,2,copy_by_dest_kernel,copy_by_dest_kernel,copy_by_dest_kernel:none,copy_by_dest_kernel:none,"copy_by_dest_kernel:LDG[32b:50%,128b:50%]; STG[128b:100%]","copy_by_dest_kernel:LDG[32b:50%,128b:50%]; STG[128b:100%]",0.0441,0.0788,1.78685,8110080,10414080,5294080,6318080,256000,256000,0,0,0,0,768000,768000,0,0,0,0,0,0,0,0,0,0,0,0,0,0,0,0,0,0,256000,512000,131657728,131700480,22.0,16.0,1024.0,1024.0,79.84677677262437,62.31621994448939,,"architecture sm_100 vs sm_90 | benchmark protocol: B200 frozen columns (20/100 config, 64 MB eviction for 41 ops) vs GH200 1/3 with 120 MiB eviction | NCU 2026.1.1 (B200) vs 2025.4.0 (GH200) | autotuned winner differs"
destindex,Data Layout,fp32,triton,c484542915d07a220680fe03684e307f7cad54eef432cd1e01bf698150d5ddd3,c484542915d07a220680fe03684e307f7cad54eef432cd1e01bf698150d5ddd3,True,"{""batch_size"":1,""kv_nope_head_dim"":128,""kv_nope_head_num"":12,""kv_rope_head_dim"":64,""kv_rope_head_num"":1,""seq_len"":40960}","{""BLOCK_SIZE"": 1024, ""num_warps"": 8}","{""BLOCK_SIZE"": 1024, ""num_warps"": 2}",False,2026.1.1.0 (build 37634170) (public-release),2025.4.0.0 (build 36690805) (public-release),full/application,full/application,2,2,copy_by_dest_kernel,copy_by_dest_kernel,copy_by_dest_kernel:none,copy_by_dest_kernel:none,"copy_by_dest_kernel:LDG[32b:50%,128b:50%]; STG[128b:100%]","copy_by_dest_kernel:LDG[32b:50%,128b:50%]; STG[128b:100%]",0.0826,0.1525,1.84625,20828160,14033920,12636160,9799680,512000,512000,0,0,0,0,1536000,1536000,0,0,0,0,0,0,0,0,0,0,0,0,0,0,0,0,0,0,1024000,256000,262785792,262817280,16.0,32.0,1024.0,1024.0,75.67790988685351,83.77836333697297,,"architecture sm_100 vs sm_90 | benchmark protocol: B200 frozen columns (20/100 config, 64 MB eviction for 41 ops) vs GH200 1/3 with 120 MiB eviction | NCU 2026.1.1 (B200) vs 2025.4.0 (GH200) | autotuned winner differs"
destindex,Data Layout,int8,triton,79fc14733cf373af4368dc39c13753983782333cb520772ad5814a04619054e5,79fc14733cf373af4368dc39c13753983782333cb520772ad5814a04619054e5,True,"{""batch_size"":1,""kv_nope_head_dim"":128,""kv_nope_head_num"":12,""kv_rope_head_dim"":64,""kv_rope_head_num"":1,""seq_len"":40960}","{""BLOCK_SIZE"": 1024, ""num_warps"": 2}","{""BLOCK_SIZE"": 1024, ""num_warps"": 2}",True,2026.1.1.0 (build 37634170) (public-release),2025.4.0.0 (build 36690805) (public-release),full/application,full/application,2,2,copy_by_dest_kernel,copy_by_dest_kernel,copy_by_dest_kernel:none,copy_by_dest_kernel:none,"copy_by_dest_kernel:LDG[32b:50%,128b:50%]; STG[128b:100%]","copy_by_dest_kernel:LDG[32b:50%,128b:50%]; STG[128b:100%]",0.0364,0.0434,1.19231,5207040,5207040,3159040,3159040,128000,128000,0,0,0,0,384000,384000,0,0,0,0,0,0,0,0,0,0,0,0,0,0,0,0,0,0,256000,256000,66038272,66125824,16.0,16.0,1024.0,1024.0,36.30195971555574,65.14375864251622,,"architecture sm_100 vs sm_90 | benchmark protocol: B200 frozen columns (20/100 config, 64 MB eviction for 41 ops) vs GH200 1/3 with 120 MiB eviction | NCU 2026.1.1 (B200) vs 2025.4.0 (GH200)"
dropout,Point-wise,bf16,triton,8f99ddb807622b9d9a71f9af672b20a3ee8969c5d43ac9f937073761dd77b5f3,8f99ddb807622b9d9a71f9af672b20a3ee8969c5d43ac9f937073761dd77b5f3,True,"{""n"":20971520,""p"":0.5}","{""BLOCK_SIZE"": 1024, ""num_warps"": 2}","{""BLOCK_SIZE"": 1024, ""num_warps"": 2}",True,2026.1.1.0 (build 37634170) (public-release),2025.4.0.0 (build 36690805) (public-release),full/application,full/application,1,1,dropout_kernel,dropout_kernel,dropout_kernel:none,dropout_kernel:none,dropout_kernel:LDG[128b:100%]; STG[128b:100%],dropout_kernel:LDG[128b:100%]; STG[128b:100%],0.0214,0.0389,1.81776,6676480,6676480,942080,942080,1146880,1146880,2088960,2088960,1433600,1433600,245760,245760,0,0,0,0,0,0,0,0,0,0,0,0,0,0,0,0,0,0,81920,81920,83917568,83897088,32.0,32.0,1024.0,1024.0,80.43928641733247,86.18978607180343,,"architecture sm_100 vs sm_90 | benchmark protocol: B200 frozen columns (20/100 config, 64 MB eviction for 41 ops) vs GH200 1/3 with 120 MiB eviction | NCU 2026.1.1 (B200) vs 2025.4.0 (GH200)"
dropout,Point-wise,fp16,triton,6204df932c891340acc69e96e8804818a2793cfb5573a21e8470897eedbeadbd,6204df932c891340acc69e96e8804818a2793cfb5573a21e8470897eedbeadbd,True,"{""n"":20971520,""p"":0.5}","{""BLOCK_SIZE"": 1024, ""num_warps"": 2}","{""BLOCK_SIZE"": 2048, ""num_warps"": 8}",False,2026.1.1.0 (build 37634170) (public-release),2025.4.0.0 (build 36690805) (public-release),full/application,full/application,1,1,dropout_kernel,dropout_kernel,dropout_kernel:none,dropout_kernel:none,dropout_kernel:LDG[128b:100%]; STG[128b:100%],dropout_kernel:LDG[128b:100%]; STG[128b:100%],0.0219,0.0380,1.73516,6389760,7290880,286720,491520,1146880,1228800,2744320,2867200,1146880,1146880,245760,245760,0,0,0,0,0,0,0,0,0,0,0,0,0,0,0,0,0,0,81920,163840,83901952,83896064,32.0,20.0,1024.0,1024.0,81.28600418943257,78.72421862068032,,"architecture sm_100 vs sm_90 | benchmark protocol: B200 frozen columns (20/100 config, 64 MB eviction for 41 ops) vs GH200 1/3 with 120 MiB eviction | NCU 2026.1.1 (B200) vs 2025.4.0 (GH200) | autotuned winner differs"
dropout,Point-wise,fp32,triton,1db85f016037f35aa015a60db36459cd9cd99ef65ec4bb0b4c78f101f8719b9a,1db85f016037f35aa015a60db36459cd9cd99ef65ec4bb0b4c78f101f8719b9a,True,"{""n"":20971520,""p"":0.5}","{""BLOCK_SIZE"": 1024, ""num_warps"": 2}","{""BLOCK_SIZE"": 512, ""num_warps"": 4}",False,2026.1.1.0 (build 37634170) (public-release),2025.4.0.0 (build 36690805) (public-release),full/application,full/application,1,1,dropout_kernel,dropout_kernel,dropout_kernel:none,dropout_kernel:none,dropout_kernel:LDG[128b:100%]; STG[128b:100%],dropout_kernel:LDG[128b:100%]; STG[128b:100%],0.0403,0.0725,1.79901,5652480,8355840,1024000,1638400,901120,1146880,2088960,2457600,0,0,491520,491520,0,0,0,0,0,0,0,0,0,0,0,0,0,0,0,0,0,0,81920,327680,167788544,167782912,34.0,20.0,1024.0,1024.0,67.500355221472,85.45556983723,,"architecture sm_100 vs sm_90 | benchmark protocol: B200 frozen columns (20/100 config, 64 MB eviction for 41 ops) vs GH200 1/3 with 120 MiB eviction | NCU 2026.1.1 (B200) vs 2025.4.0 (GH200) | autotuned winner differs"
flash_attention,Matrix Multiplication/Attention,fp16,triton,3cd08aa4a9cbed1327f1799dd4aa97dfb9dc47cd967f22dc5874667205201ec9,3cd08aa4a9cbed1327f1799dd4aa97dfb9dc47cd967f22dc5874667205201ec9,True,"{""batch_size"":4,""causal"":true,""head_dim"":128,""n_heads"":32,""seq_len"":20480}","{""BLOCK_M"": 128, ""BLOCK_N"": 64, ""num_stages"": 2, ""num_warps"": 8}","{""BLOCK_M"": 128, ""BLOCK_N"": 64, ""num_stages"": 2, ""num_warps"": 8}",True,2026.1.1.0 (build 37634170) (public-release),2025.4.0.0 (build 36690805) (public-release),full/application,full/application,1,1,fwd_kernel,fwd_kernel,fwd_kernel:tcgen05[UTCHMMA:39567360],"fwd_kernel:wgmma[HGMMA.64x128x16.F32:105512960,HGMMA.64x64x16.F32:211025920]","fwd_kernel:TMA[UTMACMDFLUSH:163840,UTMALDG.4D:53411840,UTMASTG.4D:163840]","fwd_kernel:TMA[UTMACMDFLUSH:163840,UTMALDG.4D:53248000,UTMASTG.4D:163840]",20.4122,27.7530,1.35963,10767257600,11966054403,1821818880,1387233280,2171371520,2046361600,3951841280,4590305280,432865280,432865280,0,0,0,0,57262080,214958080,0,0,53739520,53575680,0,0,0,316538880,231178240,0,459837440,876707872,40960,0,299417600,79626304,2016002816,2013964544,128.0,128.0,99904.0,99360.0,24.866374753243438,24.912981353071697,,"architecture sm_100 vs sm_90 | benchmark protocol: B200 frozen columns (20/100 config, 64 MB eviction for 41 ops) vs GH200 1/3 with 120 MiB eviction | NCU 2026.1.1 (B200) vs 2025.4.0 (GH200)"
flash_decode,Matrix Multiplication/Attention,fp32,triton,72eb76a54ebc766e820ad1534ddb0d43a11a42355f6d42282c7f3ad9e15f5594,72eb76a54ebc766e820ad1534ddb0d43a11a42355f6d42282c7f3ad9e15f5594,True,"{""batch"":2,""block_seq"":128,""head_dim"":128,""heads"":8,""seq_len"":40960}","{""num_stages"": 3, ""num_warps"": 4}","{""num_stages"": 3, ""num_warps"": 4}",True,2026.1.1.0 (build 37634170) (public-release),2025.4.0.0 (build 36690805) (public-release),full/application,full/application,1,1,fwd_kernel_flash_decode_stage2,fwd_kernel_flash_decode_stage2,fwd_kernel_flash_decode_stage2:none,fwd_kernel_flash_decode_stage2:none,fwd_kernel_flash_decode_stage2:LDG[32b:100%]; STG[32b:100%],fwd_kernel_flash_decode_stage2:LDG[32b:100%]; STG[32b:100%],0.0451,0.0394,0.873614,486592,486592,88960,88960,52096,52096,251264,251264,0,0,41088,41088,0,0,0,0,0,0,0,0,0,0,0,0,0,0,0,0,0,0,5568,5568,2649856,2651648,32.0,32.0,1024.0,1024.0,6.269659918291103,6.233212627783331,,"architecture sm_100 vs sm_90 | benchmark protocol: B200 frozen columns (20/100 config, 64 MB eviction for 41 ops) vs GH200 1/3 with 120 MiB eviction | NCU 2026.1.1 (B200) vs 2025.4.0 (GH200)"
fused_activation,Point-wise,fp32,triton,b5ff6b5cd332ae23cb3730bb3d0505bbeaf55913bd35c6503186aa84315dd338,b5ff6b5cd332ae23cb3730bb3d0505bbeaf55913bd35c6503186aa84315dd338,True,"{""n"":20971520}","{""BLOCK_SIZE"": 1024, ""num_warps"": 2}","{""BLOCK_SIZE"": 1024, ""num_warps"": 2}",True,2026.1.1.0 (build 37634170) (public-release),2025.4.0.0 (build 36690805) (public-release),full/application,full/application,1,1,fused_activation_kernel,fused_activation_kernel,fused_activation_kernel:none,fused_activation_kernel:none,fused_activation_kernel:LDG[128b:100%]; STG[128b:100%],fused_activation_kernel:LDG[128b:100%]; STG[128b:100%],0.0516,0.0948,1.83721,11878400,11878400,409600,409600,2129920,2129920,5939200,5939200,0,0,655360,655360,0,0,0,0,0,0,0,0,0,0,0,0,0,0,0,0,0,0,81920,81920,251692544,251677440,35.0,35.0,1024.0,1024.0,66.78474899664802,68.45472239202593,,"architecture sm_100 vs sm_90 | benchmark protocol: B200 frozen columns (20/100 config, 64 MB eviction for 41 ops) vs GH200 1/3 with 120 MiB eviction | NCU 2026.1.1 (B200) vs 2025.4.0 (GH200)"
gaussian_blur,Stencil/Convolution,fp16,triton,eac8306ad281ddec1f9eee83d6aca7922fd91a81eb15e58f814129494fd1ec43,eac8306ad281ddec1f9eee83d6aca7922fd91a81eb15e58f814129494fd1ec43,True,"{""input_rows"":10240,""kernel_cols"":7,""kernel_rows"":7}","{""BLOCK_C"": 64, ""BLOCK_R"": 8, ""num_warps"": 8}","{""BLOCK_C"": 64, ""BLOCK_R"": 8, ""num_warps"": 8}",True,2026.1.1.0 (build 37634170) (public-release),2025.4.0.0 (build 36690805) (public-release),full/application,full/application,1,1,gaussian_blur_kernel,gaussian_blur_kernel,gaussian_blur_kernel:none,gaussian_blur_kernel:none,"gaussian_blur_kernel:LDG[16b:83%,32b:17%]; STG[32b:100%]","gaussian_blur_kernel:LDG[16b:83%,32b:17%]; STG[32b:100%]",1.0018,1.1665,1.1644,986316800,1064960000,129433600,116326400,140902400,140902400,332595200,417792000,139264000,139264000,208076800,208076800,0,0,0,0,0,0,0,0,0,0,0,0,0,0,0,0,0,0,3276800,3276800,210495744,209763584,34.0,32.0,1024.0,1024.0,64.34196514718215,93.74259000058191,,"architecture sm_100 vs sm_90 | benchmark protocol: B200 frozen columns (20/100 config, 64 MB eviction for 41 ops) vs GH200 1/3 with 120 MiB eviction | NCU 2026.1.1 (B200) vs 2025.4.0 (GH200)"
gaussian_blur,Stencil/Convolution,fp32,triton,1e52039bb44020eaa7ad629381e65d567485483137da4bfb54aa9e03e7c28cd8,1e52039bb44020eaa7ad629381e65d567485483137da4bfb54aa9e03e7c28cd8,True,"{""input_rows"":10240,""kernel_cols"":7,""kernel_rows"":7}","{""BLOCK_C"": 64, ""BLOCK_R"": 8, ""num_warps"": 8}","{""BLOCK_C"": 64, ""BLOCK_R"": 8, ""num_warps"": 8}",True,2026.1.1.0 (build 37634170) (public-release),2025.4.0.0 (build 36690805) (public-release),full/application,full/application,1,1,gaussian_blur_kernel,gaussian_blur_kernel,gaussian_blur_kernel:none,gaussian_blur_kernel:none,"gaussian_blur_kernel:LDG[32b:83%,64b:17%]; STG[64b:100%]","gaussian_blur_kernel:LDG[32b:83%,64b:17%]; STG[64b:100%]",1.2487,1.3967,1.11852,748748800,748748800,137625600,137625600,140902400,140902400,190054400,190054400,0,0,208076800,208076800,0,0,0,0,0,0,0,0,0,0,0,0,0,0,0,0,0,0,3276800,3276800,419529472,419483392,32.0,32.0,1024.0,1024.0,86.24870344200244,89.45731805837934,,"architecture sm_100 vs sm_90 | benchmark protocol: B200 frozen columns (20/100 config, 64 MB eviction for 41 ops) vs GH200 1/3 with 120 MiB eviction | NCU 2026.1.1 (B200) vs 2025.4.0 (GH200)"
histogramming,Reduction/Normalization,int32,triton,c48a75a3660d5948dbeb67430e440707f3b68df6629d7e95ba5704558dcac9fa,c48a75a3660d5948dbeb67430e440707f3b68df6629d7e95ba5704558dcac9fa,True,"{""N"":67108864,""num_bins"":4096}","{""partial_BLOCK_SIZE"": 2048, ""partial_num_warps"": 8, ""reduce_BLOCK_BINS"": 64, ""reduce_BLOCK_ROWS"": 128, ""reduce_num_stages"": 2, ""reduce_num_warps"": 8}","{""partial_BLOCK_SIZE"": 2048, ""partial_num_warps"": 8, ""reduce_BLOCK_BINS"": 64, ""reduce_BLOCK_ROWS"": 128, ""reduce_num_stages"": 2, ""reduce_num_warps"": 8}",True,2026.1.1.0 (build 37634170) (public-release),2025.4.0.0 (build 36690805) (public-release),full/application,full/application,2,2,histogram_partial_kernel;histogram_reduce_kernel,histogram_partial_kernel;histogram_reduce_kernel,histogram_partial_kernel:none / histogram_reduce_kernel:none,histogram_partial_kernel:none / histogram_reduce_kernel:none,histogram_partial_kernel:LDG[128b:100%] / histogram_reduce_kernel:LDG[128b:100%]; STG[32b:100%],histogram_partial_kernel:LDG[128b:100%] / histogram_reduce_kernel:LDG[128b:100%]; STG[32b:100%],0.8009,0.9209,1.14983,50850048,51110656,13517312,13517312,11809792,11809792,0,0,1048576,1048576,2629760,2629760,0,0,4731904,4731904,0,0,0,0,0,0,0,0,0,0,11538432,11538432,2097152,2097152,2365568,2365568,274696448,270624512,40.0,40.0,17408.0,17408.0,21.63700112381935,24.229596031297323,,"architecture sm_100 vs sm_90 | benchmark protocol: B200 frozen columns (20/100 config, 64 MB eviction for 41 ops) vs GH200 1/3 with 120 MiB eviction | NCU 2026.1.1 (B200) vs 2025.4.0 (GH200)"
interleave,Data Layout,bf16,triton,27ed54477706433d6a7a6281ad92b6c26359f3da4d9199b21a888b4770e3edd7,27ed54477706433d6a7a6281ad92b6c26359f3da4d9199b21a888b4770e3edd7,True,"{""n"":20000000}","{""BLOCK_SIZE"": 1024, ""num_stages"": 2, ""num_warps"": 4}","{""BLOCK_SIZE"": 2048, ""num_stages"": 2, ""num_warps"": 4}",False,2026.1.1.0 (build 37634170) (public-release),2025.4.0.0 (build 36690805) (public-release),full/application,full/application,1,1,interleave_kernel,interleave_kernel,interleave_kernel:none,interleave_kernel:none,interleave_kernel:LDG[128b:100%]; STG[128b:100%],interleave_kernel:LDG[128b:100%]; STG[128b:100%],0.0262,0.0465,1.77481,4218900,3984516,1406304,1523496,234384,234384,0,0,625024,625024,312508,312508,0,0,312508,312508,0,0,0,0,0,0,0,0,0,0,78128,117192,0,0,156252,78124,80029952,80012800,25.0,32.0,5120.0,5120.0,85.70279969400399,91.76190012725439,,"architecture sm_100 vs sm_90 | benchmark protocol: B200 frozen columns (20/100 config, 64 MB eviction for 41 ops) vs GH200 1/3 with 120 MiB eviction | NCU 2026.1.1 (B200) vs 2025.4.0 (GH200) | autotuned winner differs"
interleave,Data Layout,fp16,triton,047fc548f0cd6eafc4472b1ed8c788e0485005a304c1522d4bb161e8394894e7,047fc548f0cd6eafc4472b1ed8c788e0485005a304c1522d4bb161e8394894e7,True,"{""n"":20000000}","{""BLOCK_SIZE"": 1024, ""num_stages"": 1, ""num_warps"": 4}","{""BLOCK_SIZE"": 2048, ""num_stages"": 1, ""num_warps"": 8}",False,2026.1.1.0 (build 37634170) (public-release),2025.4.0.0 (build 36690805) (public-release),full/application,full/application,1,1,interleave_kernel,interleave_kernel,interleave_kernel:none,interleave_kernel:none,interleave_kernel:LDG[128b:100%]; STG[128b:100%],interleave_kernel:LDG[128b:100%]; STG[128b:100%],0.0263,0.0469,1.78327,4218900,4218894,1406304,1406304,234384,234384,0,0,625024,625024,312508,312506,0,0,312508,312506,0,0,0,0,0,0,0,0,0,0,78128,78128,0,0,156252,156250,80024576,80008704,25.0,25.0,5120.0,9216.0,86.83958526351168,91.56546523365678,,"architecture sm_100 vs sm_90 | benchmark protocol: B200 frozen columns (20/100 config, 64 MB eviction for 41 ops) vs GH200 1/3 with 120 MiB eviction | NCU 2026.1.1 (B200) vs 2025.4.0 (GH200) | autotuned winner differs"
interleave,Data Layout,fp32,triton,fb3305b4d44c9063dab6995cb25086a555015d7bf0d119d5a11aea7f15b328bf,fb3305b4d44c9063dab6995cb25086a555015d7bf0d119d5a11aea7f15b328bf,True,"{""n"":20000000}","{""BLOCK_SIZE"": 1024, ""num_stages"": 1, ""num_warps"": 8}","{""BLOCK_SIZE"": 1024, ""num_stages"": 2, ""num_warps"": 8}",False,2026.1.1.0 (build 37634170) (public-release),2025.4.0.0 (build 36690805) (public-release),full/application,full/application,1,1,interleave_kernel,interleave_kernel,interleave_kernel:none,interleave_kernel:none,interleave_kernel:LDG[128b:100%]; STG[128b:100%],interleave_kernel:LDG[128b:100%]; STG[128b:100%],0.0489,0.0909,1.8589,8437800,8437800,3750144,3750144,468768,468768,0,0,0,0,625016,625016,0,0,625016,625016,0,0,0,0,0,0,0,0,0,0,156256,156256,0,0,312504,312504,160046080,160016384,22.0,22.0,9216.0,9216.0,88.68558685918266,93.20485514493642,,"architecture sm_100 vs sm_90 | benchmark protocol: B200 frozen columns (20/100 config, 64 MB eviction for 41 ops) vs GH200 1/3 with 120 MiB eviction | NCU 2026.1.1 (B200) vs 2025.4.0 (GH200) | autotuned winner differs"
interleave,Data Layout,int8,triton,bd979fe1d232b2650e93d232312a66ad7c049b1c7527ded5f6fee7373bbb3d8e,bd979fe1d232b2650e93d232312a66ad7c049b1c7527ded5f6fee7373bbb3d8e,True,"{""n"":20000000}","{""BLOCK_SIZE"": 4096, ""num_stages"": 2, ""num_warps"": 4}","{""BLOCK_SIZE"": 2048, ""num_stages"": 1, ""num_warps"": 4}",False,2026.1.1.0 (build 37634170) (public-release),2025.4.0.0 (build 36690805) (public-release),full/application,full/application,1,1,interleave_kernel,interleave_kernel,interleave_kernel:none,interleave_kernel:none,interleave_kernel:LDG[128b:100%]; STG[128b:100%],interleave_kernel:LDG[128b:100%]; STG[128b:100%],0.0146,0.0247,1.69178,1816467,2187575,625024,781280,117192,117192,0,0,312512,312512,156253,156253,0,0,156253,156253,0,0,0,0,0,0,0,0,0,0,58596,39064,0,0,39061,78125,40007424,40007168,30.0,23.0,5120.0,5120.0,82.92935878790054,87.27412654673394,,"architecture sm_100 vs sm_90 | benchmark protocol: B200 frozen columns (20/100 config, 64 MB eviction for 41 ops) vs GH200 1/3 with 120 MiB eviction | NCU 2026.1.1 (B200) vs 2025.4.0 (GH200) | autotuned winner differs"
jacobi_stencil_2d,Stencil/Convolution,bf16,triton,c1588c75a435944039a7dad32b946eb9cdea5178c13e9124c640fddad6c53e92,c1588c75a435944039a7dad32b946eb9cdea5178c13e9124c640fddad6c53e92,True,"{""rows"":10240}","{""BLOCK_SIZE_C"": 1024, ""BLOCK_SIZE_R"": 1, ""num_warps"": 8}","{""BLOCK_SIZE_C"": 512, ""BLOCK_SIZE_R"": 2, ""num_warps"": 8}",False,2026.1.1.0 (build 37634170) (public-release),2025.4.0.0 (build 36690805) (public-release),full/application,full/application,1,1,jacobi_stencil_kernel,jacobi_stencil_kernel,jacobi_stencil_kernel:none,jacobi_stencil_kernel:none,"jacobi_stencil_kernel:LDG[16b:94%,64b:6%]; STG[64b:100%]","jacobi_stencil_kernel:LDG[16b:94%,64b:6%]; STG[64b:100%]",0.1612,0.1979,1.22767,98304000,95027200,33587200,30310400,9011200,9011200,6553600,6553600,23756800,23756800,14745600,14745600,0,0,0,0,0,0,0,0,0,0,0,0,0,0,0,0,0,0,1638400,1638400,210139392,210722560,30.0,32.0,1024.0,1024.0,78.69894486227722,83.35618737259364,,"architecture sm_100 vs sm_90 | benchmark protocol: B200 frozen columns (20/100 config, 64 MB eviction for 41 ops) vs GH200 1/3 with 120 MiB eviction | NCU 2026.1.1 (B200) vs 2025.4.0 (GH200) | autotuned winner differs"
jacobi_stencil_2d,Stencil/Convolution,fp16,triton,6657cb75d3c79f92250abe6f04d7003d9af20a52aaa1aaf3a6104de6188c0b55,6657cb75d3c79f92250abe6f04d7003d9af20a52aaa1aaf3a6104de6188c0b55,True,"{""rows"":10240}","{""BLOCK_SIZE_C"": 1024, ""BLOCK_SIZE_R"": 1, ""num_warps"": 8}","{""BLOCK_SIZE_C"": 512, ""BLOCK_SIZE_R"": 2, ""num_warps"": 8}",False,2026.1.1.0 (build 37634170) (public-release),2025.4.0.0 (build 36690805) (public-release),full/application,full/application,1,1,jacobi_stencil_kernel,jacobi_stencil_kernel,jacobi_stencil_kernel:none,jacobi_stencil_kernel:none,"jacobi_stencil_kernel:LDG[16b:94%,64b:6%]; STG[64b:100%]","jacobi_stencil_kernel:LDG[16b:94%,64b:6%]; STG[64b:100%]",0.1612,0.1977,1.22643,98304000,95027200,33587200,30310400,9011200,9011200,6553600,6553600,23756800,23756800,14745600,14745600,0,0,0,0,0,0,0,0,0,0,0,0,0,0,0,0,0,0,1638400,1638400,210163456,210834944,30.0,32.0,1024.0,1024.0,78.78209065799008,83.29394046302801,,"architecture sm_100 vs sm_90 | benchmark protocol: B200 frozen columns (20/100 config, 64 MB eviction for 41 ops) vs GH200 1/3 with 120 MiB eviction | NCU 2026.1.1 (B200) vs 2025.4.0 (GH200) | autotuned winner differs"
jacobi_stencil_2d,Stencil/Convolution,fp32,triton,cc5850acec93e2f1973bee489301a326041685edbe278e71b71970a84b22af68,cc5850acec93e2f1973bee489301a326041685edbe278e71b71970a84b22af68,True,"{""rows"":10240}","{""BLOCK_SIZE_C"": 256, ""BLOCK_SIZE_R"": 1, ""num_warps"": 4}","{""BLOCK_SIZE_C"": 2048, ""BLOCK_SIZE_R"": 1, ""num_warps"": 8}",False,2026.1.1.0 (build 37634170) (public-release),2025.4.0.0 (build 36690805) (public-release),full/application,full/application,1,1,jacobi_stencil_kernel,jacobi_stencil_kernel,jacobi_stencil_kernel:none,jacobi_stencil_kernel:none,"jacobi_stencil_kernel:LDG[32b:89%,64b:11%]; STG[64b:100%]","jacobi_stencil_kernel:LDG[32b:94%,128b:6%]; STG[128b:100%]",0.2240,0.2770,1.23661,124518400,67584000,47513600,17612800,11468800,7372800,14745600,14745600,1638400,0,16384000,14745600,0,0,0,0,0,0,0,0,0,0,0,0,0,0,0,0,0,0,3276800,819200,419502848,424756224,18.0,31.0,1024.0,1024.0,74.96557309284857,87.02178905049735,,"architecture sm_100 vs sm_90 | benchmark protocol: B200 frozen columns (20/100 config, 64 MB eviction for 41 ops) vs GH200 1/3 with 120 MiB eviction | NCU 2026.1.1 (B200) vs 2025.4.0 (GH200) | autotuned winner differs"
kl_divergence,Reduction/Normalization,fp32,triton,a9e35b5366cf111a118e4df2579212fc2782eabc0f402b28e377af9708fd94fb,a9e35b5366cf111a118e4df2579212fc2782eabc0f402b28e377af9708fd94fb,True,"{""cols"":16384,""rows"":4096}","{""BLOCK_SIZE"": 2048, ""num_stages"": 3, ""num_warps"": 4}","{""BLOCK_SIZE"": 4096, ""num_stages"": 2, ""num_warps"": 8}",False,2026.1.1.0 (build 37634170) (public-release),2025.4.0.0 (build 36690805) (public-release),full/application,full/application,1,1,kl_divergence_kernel,kl_divergence_kernel,kl_divergence_kernel:none,kl_divergence_kernel:none,kl_divergence_kernel:LDG[128b:100%]; STG[32b:100%],kl_divergence_kernel:LDG[128b:100%]; STG[32b:100%],0.1012,0.1555,1.53656,74223616,75812864,7618560,8060928,19595264,19791872,34979840,38928384,2097152,2097152,1052672,1052672,0,0,53248,102400,0,0,0,0,0,0,0,0,0,0,32768,65536,0,0,167936,200704,536898304,536906496,64.0,57.0,1040.0,1056.0,45.63467603810384,48.305645130465805,,"architecture sm_100 vs sm_90 | benchmark protocol: B200 frozen columns (20/100 config, 64 MB eviction for 41 ops) vs GH200 1/3 with 120 MiB eviction | NCU 2026.1.1 (B200) vs 2025.4.0 (GH200) | autotuned winner differs"
l2_norm,Reduction/Normalization,bf16,triton,40d4918d934a601814f708e35a256eb808b3bd63fe9388e0c50f1bd60fb3d035,40d4918d934a601814f708e35a256eb808b3bd63fe9388e0c50f1bd60fb3d035,True,"{""K"":10240,""M"":2048,""batch"":1,""eps"":1e-06}","{""BLOCK_N"": 2048, ""num_stages"": 4, ""num_warps"": 8}","{""BLOCK_N"": 2048, ""num_stages"": 2, ""num_warps"": 8}",False,2026.1.1.0 (build 37634170) (public-release),2025.4.0.0 (build 36690805) (public-release),full/application,full/application,1,1,_l2_norm_fwd_kernel,_l2_norm_fwd_kernel,_l2_norm_fwd_kernel:none,_l2_norm_fwd_kernel:none,_l2_norm_fwd_kernel:LDG[128b:100%]; STG[128b:100%],_l2_norm_fwd_kernel:LDG[128b:100%]; STG[128b:100%],0.0158,0.0297,1.87975,4390912,4947968,1556480,1556480,81920,81920,1064960,1638400,983040,983040,245760,245760,0,0,65536,65536,0,0,0,0,0,0,0,0,0,0,32768,32768,0,0,16384,16384,42469888,49101568,32.0,32.0,1056.0,1056.0,80.43700375568802,82.27549648165306,,"architecture sm_100 vs sm_90 | benchmark protocol: B200 frozen columns (20/100 config, 64 MB eviction for 41 ops) vs GH200 1/3 with 120 MiB eviction | NCU 2026.1.1 (B200) vs 2025.4.0 (GH200) | autotuned winner differs"
l2_norm,Reduction/Normalization,fp16,triton,42c095a11eb96fb7001e32ec97dd62febd602b150a256a14aa2f2c1dde661e5f,42c095a11eb96fb7001e32ec97dd62febd602b150a256a14aa2f2c1dde661e5f,True,"{""K"":10240,""M"":2048,""batch"":1,""eps"":1e-06}","{""BLOCK_N"": 2048, ""num_stages"": 2, ""num_warps"": 8}","{""BLOCK_N"": 2048, ""num_stages"": 3, ""num_warps"": 8}",False,2026.1.1.0 (build 37634170) (public-release),2025.4.0.0 (build 36690805) (public-release),full/application,full/application,1,1,_l2_norm_fwd_kernel,_l2_norm_fwd_kernel,_l2_norm_fwd_kernel:none,_l2_norm_fwd_kernel:none,_l2_norm_fwd_kernel:LDG[128b:100%]; STG[128b:100%],_l2_norm_fwd_kernel:LDG[128b:100%]; STG[128b:100%],0.0158,0.0294,1.86076,3735552,4292608,229376,229376,81920,81920,2392064,2965504,327680,327680,245760,245760,0,0,65536,65536,0,0,0,0,0,0,0,0,0,0,32768,32768,0,0,16384,16384,42294784,48473856,32.0,32.0,1056.0,1056.0,76.71000778689854,81.91857547304242,,"architecture sm_100 vs sm_90 | benchmark protocol: B200 frozen columns (20/100 config, 64 MB eviction for 41 ops) vs GH200 1/3 with 120 MiB eviction | NCU 2026.1.1 (B200) vs 2025.4.0 (GH200) | autotuned winner differs"
l2_norm,Reduction/Normalization,fp32,triton,163281954b035ab03824b56dc260d17111824074bf66f14bc5f171d25a285d33,163281954b035ab03824b56dc260d17111824074bf66f14bc5f171d25a285d33,True,"{""K"":10240,""M"":2048,""batch"":1,""eps"":1e-06}","{""BLOCK_N"": 2048, ""num_stages"": 2, ""num_warps"": 8}","{""BLOCK_N"": 2048, ""num_stages"": 3, ""num_warps"": 8}",False,2026.1.1.0 (build 37634170) (public-release),2025.4.0.0 (build 36690805) (public-release),full/application,full/application,1,1,_l2_norm_fwd_kernel,_l2_norm_fwd_kernel,_l2_norm_fwd_kernel:none,_l2_norm_fwd_kernel:none,_l2_norm_fwd_kernel:LDG[128b:100%]; STG[128b:100%],_l2_norm_fwd_kernel:LDG[128b:100%]; STG[128b:100%],0.0304,0.0660,2.17105,2703360,2949120,262144,262144,81920,81920,1409024,1654784,0,0,491520,491520,0,0,65536,65536,0,0,0,0,0,0,0,0,0,0,32768,32768,0,0,16384,16384,90385408,140803328,36.0,30.0,1056.0,1056.0,61.73885322210032,87.0323967486612,,"architecture sm_100 vs sm_90 | benchmark protocol: B200 frozen columns (20/100 config, 64 MB eviction for 41 ops) vs GH200 1/3 with 120 MiB eviction | NCU 2026.1.1 (B200) vs 2025.4.0 (GH200) | autotuned winner differs"
layernorm,Reduction/Normalization,bf16,triton,5a1e2eeeaf0f8d7a75704b7f37683e50e7bdef64c522a65568a4d3b1c88111ad,5a1e2eeeaf0f8d7a75704b7f37683e50e7bdef64c522a65568a4d3b1c88111ad,True,"{""K"":10240,""M"":2048,""batch"":1}","{""BLOCK_N_SIZE"": 2048, ""num_stages"": 3, ""num_warps"": 8}","{""BLOCK_N_SIZE"": 2048, ""num_stages"": 3, ""num_warps"": 8}",True,2026.1.1.0 (build 37634170) (public-release),2025.4.0.0 (build 36690805) (public-release),full/application,full/application,1,1,layernorm_kernel,layernorm_kernel,layernorm_kernel:none,layernorm_kernel:none,layernorm_kernel:LDG[128b:100%]; STG[128b:100%],layernorm_kernel:LDG[128b:100%]; STG[128b:100%],0.0223,0.0313,1.40359,11042816,12386304,3817472,3719168,442368,458752,2801664,4194304,1654784,1654784,409600,409600,0,0,131072,131072,0,0,0,0,0,0,0,0,0,0,114688,114688,0,0,212992,212992,42005248,42860800,40.0,40.0,1056.0,1056.0,59.41868550923475,64.39264105571915,,"architecture sm_100 vs sm_90 | benchmark protocol: B200 frozen columns (20/100 config, 64 MB eviction for 41 ops) vs GH200 1/3 with 120 MiB eviction | NCU 2026.1.1 (B200) vs 2025.4.0 (GH200)"
layernorm,Reduction/Normalization,fp16,triton,59d3fe18a8ce80e274717b260206d782a1452bc93ec69a3939dc6ba32583afe1,59d3fe18a8ce80e274717b260206d782a1452bc93ec69a3939dc6ba32583afe1,True,"{""K"":10240,""M"":2048,""batch"":1}","{""BLOCK_N_SIZE"": 2048, ""num_stages"": 2, ""num_warps"": 8}","{""BLOCK_N_SIZE"": 2048, ""num_stages"": 3, ""num_warps"": 8}",False,2026.1.1.0 (build 37634170) (public-release),2025.4.0.0 (build 36690805) (public-release),full/application,full/application,1,1,layernorm_kernel,layernorm_kernel,layernorm_kernel:none,layernorm_kernel:none,layernorm_kernel:LDG[128b:100%]; STG[128b:100%],layernorm_kernel:LDG[128b:100%]; STG[128b:100%],0.0215,0.0307,1.42791,9699328,11075584,999424,999424,442368,458752,5505024,6815744,344064,344064,409600,409600,0,0,131072,131072,0,0,0,0,0,0,0,0,0,0,114688,114688,0,0,212992,212992,41999616,43226368,40.0,40.0,1056.0,1056.0,61.96609382639586,65.06553206743084,,"architecture sm_100 vs sm_90 | benchmark protocol: B200 frozen columns (20/100 config, 64 MB eviction for 41 ops) vs GH200 1/3 with 120 MiB eviction | NCU 2026.1.1 (B200) vs 2025.4.0 (GH200) | autotuned winner differs"
layernorm,Reduction/Normalization,fp32,triton,f8961a216d126fddd59a506537980781faba8da8ea651681bd87e9e4dc2e9b43,f8961a216d126fddd59a506537980781faba8da8ea651681bd87e9e4dc2e9b43,True,"{""K"":10240,""M"":2048,""batch"":1}","{""BLOCK_N_SIZE"": 1024, ""num_stages"": 2, ""num_warps"": 8}","{""BLOCK_N_SIZE"": 8192, ""num_stages"": 3, ""num_warps"": 8}",False,2026.1.1.0 (build 37634170) (public-release),2025.4.0.0 (build 36690805) (public-release),full/application,full/application,1,1,layernorm_kernel,layernorm_kernel,layernorm_kernel:none,layernorm_kernel:none,layernorm_kernel:LDG[128b:100%]; STG[128b:100%],layernorm_kernel:LDG[128b:100%]; STG[128b:100%],0.0373,0.0622,1.66756,10027008,15532032,1818624,1949696,688128,868352,3997696,7323648,16384,16384,819200,1310720,0,0,131072,131072,0,0,0,0,0,0,0,0,0,0,81920,81920,0,0,196608,114688,93341952,84064000,32.0,106.0,1056.0,1056.0,84.00913360777183,23.602992380585963,,"architecture sm_100 vs sm_90 | benchmark protocol: B200 frozen columns (20/100 config, 64 MB eviction for 41 ops) vs GH200 1/3 with 120 MiB eviction | NCU 2026.1.1 (B200) vs 2025.4.0 (GH200) | autotuned winner differs"
leaky_relu,Point-wise,bf16,triton,1569c64eec63e4afd8fc8285fff17cb0cd2420056e0a80c2126cb0626a916159,1569c64eec63e4afd8fc8285fff17cb0cd2420056e0a80c2126cb0626a916159,True,"{""n"":50000000}","{""BLOCK_SIZE"": 2048, ""num_stages"": 1, ""num_warps"": 4}","{""BLOCK_SIZE"": 2048, ""num_stages"": 2, ""num_warps"": 4}",False,2026.1.1.0 (build 37634170) (public-release),2025.4.0.0 (build 36690805) (public-release),full/application,full/application,1,1,leaky_relu_kernel,leaky_relu_kernel,leaky_relu_kernel:none,leaky_relu_kernel:none,leaky_relu_kernel:LDG[128b:100%]; STG[128b:100%],leaky_relu_kernel:LDG[128b:100%]; STG[128b:100%],0.0321,0.0584,1.81931,6738532,6738532,585960,585960,1757880,1757880,781280,781280,1953200,1953200,390636,390636,0,0,0,0,0,0,0,0,0,0,0,0,0,0,0,0,0,0,195316,195316,100033024,100011520,24.0,24.0,1024.0,1024.0,80.04433720924114,82.8141714629501,,"architecture sm_100 vs sm_90 | benchmark protocol: B200 frozen columns (20/100 config, 64 MB eviction for 41 ops) vs GH200 1/3 with 120 MiB eviction | NCU 2026.1.1 (B200) vs 2025.4.0 (GH200) | autotuned winner differs"
leaky_relu,Point-wise,fp16,triton,201acc88afa9dfea0aa96856bbacde9cc1f106d7bb6e79760bc70b3be1c86e2f,201acc88afa9dfea0aa96856bbacde9cc1f106d7bb6e79760bc70b3be1c86e2f,True,"{""n"":50000000}","{""BLOCK_SIZE"": 4096, ""num_stages"": 1, ""num_warps"": 8}","{""BLOCK_SIZE"": 2048, ""num_stages"": 1, ""num_warps"": 8}",False,2026.1.1.0 (build 37634170) (public-release),2025.4.0.0 (build 36690805) (public-release),full/application,full/application,1,1,leaky_relu_kernel,leaky_relu_kernel,leaky_relu_kernel:none,leaky_relu_kernel:none,leaky_relu_kernel:LDG[128b:100%]; STG[128b:100%],leaky_relu_kernel:LDG[128b:100%]; STG[128b:100%],0.0323,0.0578,1.78947,6738800,8008106,585984,976600,1757952,1757880,781312,781280,1953280,1953200,390648,390633,0,0,0,0,0,0,0,0,0,0,0,0,0,0,0,0,0,0,195320,390633,100012288,100012288,24.0,18.0,1024.0,1024.0,75.32905110059855,77.38647722877545,,"architecture sm_100 vs sm_90 | benchmark protocol: B200 frozen columns (20/100 config, 64 MB eviction for 41 ops) vs GH200 1/3 with 120 MiB eviction | NCU 2026.1.1 (B200) vs 2025.4.0 (GH200) | autotuned winner differs"
leaky_relu,Point-wise,fp32,triton,4eaf06de1f3e884cf7de6c257804e594f483cd520162495266e6b982f72da30e,4eaf06de1f3e884cf7de6c257804e594f483cd520162495266e6b982f72da30e,True,"{""n"":50000000}","{""BLOCK_SIZE"": 2048, ""num_stages"": 2, ""num_warps"": 8}","{""BLOCK_SIZE"": 1024, ""num_stages"": 2, ""num_warps"": 8}",False,2026.1.1.0 (build 37634170) (public-release),2025.4.0.0 (build 36690805) (public-release),full/application,full/application,1,1,leaky_relu_kernel,leaky_relu_kernel,leaky_relu_kernel:none,leaky_relu_kernel:none,leaky_relu_kernel:LDG[128b:100%]; STG[128b:100%],leaky_relu_kernel:LDG[128b:100%]; STG[128b:100%],0.0609,0.1123,1.84401,8008104,10547050,1171920,1953160,1953200,1953160,1562560,1562528,0,0,781272,781257,0,0,0,0,0,0,0,0,0,0,0,0,0,0,0,0,0,0,390632,781257,200031232,200017664,18.0,16.0,1024.0,1024.0,77.17257220717477,78.18511299328492,,"architecture sm_100 vs sm_90 | benchmark protocol: B200 frozen columns (20/100 config, 64 MB eviction for 41 ops) vs GH200 1/3 with 120 MiB eviction | NCU 2026.1.1 (B200) vs 2025.4.0 (GH200) | autotuned winner differs"
linear_self_attention,Matrix Multiplication/Attention,fp32,triton,c4b4d54872a803769c9d41ab85d19c70739a0ca45afad5b23e797a6936ecc50c,c4b4d54872a803769c9d41ab85d19c70739a0ca45afad5b23e797a6936ecc50c,True,"{""D"":256,""M"":10000,""eps"":1e-06}","{""kv_BLOCK_K"": 64, ""kv_BLOCK_M"": 32, ""kv_BLOCK_N"": 32, ""kv_num_stages"": 3, ""kv_num_warps"": 4, ""out_BLOCK_K"": 32, ""out_BLOCK_M"": 64, ""out_BLOCK_N"": 128, ""out_num_stages"": 3, ""out_num_warps"": 8}","{""kv_BLOCK_K"": 64, ""kv_BLOCK_M"": 64, ""kv_BLOCK_N"": 32, ""kv_num_stages"": 3, ""kv_num_warps"": 4, ""out_BLOCK_K"": 32, ""out_BLOCK_M"": 64, ""out_BLOCK_N"": 128, ""out_num_stages"": 3, ""out_num_warps"": 4}",False,2026.1.1.0 (build 37634170) (public-release),2025.4.0.0 (build 36690805) (public-release),full/application,full/application,5,5,kv_gemm_kernel;out_gemm_kernel;phi_kernel;z_kernel,kv_gemm_kernel;out_gemm_kernel;phi_kernel;z_kernel,phi_kernel:none / kv_gemm_kernel:legacy_mma[HMMA.1688.F32.TF32:643072] / z_kernel:none / out_gemm_kernel:tcgen05[UTCHMMA:10048],phi_kernel:none / kv_gemm_kernel:wgmma[HGMMA.64x32x8.F32.TF32:160768] / z_kernel:none / out_gemm_kernel:wgmma[HGMMA.64x128x8.F32.TF32:40192],"phi_kernel:LDG[128b:100%]; STG[128b:100%] / kv_gemm_kernel:TMA[UTMACMDFLUSH:256,UTMALDG.2D:81408,UTMASTG.2D:256] / z_kernel:LDG[128b:100%]; STG[32b:100%] / out_gemm_kernel:TMA[UTMACMDFLUSH:2512,UTMALDG.2D:50240,UTMASTG.2D:2512]; LDG[128b:100%]","phi_kernel:LDG[128b:100%]; STG[128b:100%] / kv_gemm_kernel:TMA[UTMACMDFLUSH:128,UTMALDG.2D:40704,UTMASTG.2D:128] / z_kernel:LDG[128b:100%]; STG[32b:100%] / out_gemm_kernel:TMA[UTMACMDFLUSH:1256,UTMALDG.2D:25120,UTMASTG.2D:1256]; LDG[128b:100%]",0.2167,0.3323,1.53346,8752012,6850880,1795080,1796800,1509392,1052904,1333742,1390512,0,0,120136,110088,0,0,813400,185400,0,0,137184,68592,643072,0,0,200960,23236,0,814034,472168,628,0,339916,163192,23425280,46294784,32.0,32.0,1536.0,1536.0,6.269828545445434,6.2496390702668,,"architecture sm_100 vs sm_90 | benchmark protocol: B200 frozen columns (20/100 config, 64 MB eviction for 41 ops) vs GH200 1/3 with 120 MiB eviction | NCU 2026.1.1 (B200) vs 2025.4.0 (GH200) | autotuned winner differs"
matmul_fp32_fp16_fp8,Matrix Multiplication/Attention,fp16,triton,08faaf3b6b1a6991ab9326dd1f21e0777b5cc77c635c0122387725c0cb92617b,08faaf3b6b1a6991ab9326dd1f21e0777b5cc77c635c0122387725c0cb92617b,True,"{""K"":20480,""M"":4096,""N"":4096}","{""BLOCK_SIZE_K"": 64, ""BLOCK_SIZE_M"": 256, ""BLOCK_SIZE_N"": 256, ""GROUP_SIZE_M"": 8, ""num_stages"": 3, ""num_warps"": 4}","{""BLOCK_SIZE_K"": 128, ""BLOCK_SIZE_M"": 128, ""BLOCK_SIZE_N"": 128, ""GROUP_SIZE_M"": 8, ""num_stages"": 3, ""num_warps"": 4}",False,2026.1.1.0 (build 37634170) (public-release),2025.4.0.0 (build 36690805) (public-release),full/application,full/application,1,1,matmul_kernel,matmul_kernel,matmul_kernel:tcgen05[UTCHMMA:655360],matmul_kernel:wgmma[HGMMA.64x128x16.F32:10485760],"matmul_kernel:TMA[UTMACMDFLUSH:1024,UTMALDG.2D:659456,UTMASTG.2D:1024]","matmul_kernel:TMA[UTMACMDFLUSH:4096,UTMALDG.2D:1327104,UTMASTG.2D:4096]",0.5421,0.9422,1.73806,24792832,74588160,9783808,33927168,5929984,9965568,0,0,266240,278528,0,0,0,0,67584,65536,75776,0,661504,1335296,0,0,0,10485760,754176,0,2992384,6676480,512,0,1403392,1318912,566336000,1153817344,255.0,154.0,197680.0,197656.0,6.207259500503497,6.249781017580848,,"architecture sm_100 vs sm_90 | benchmark protocol: B200 frozen columns (20/100 config, 64 MB eviction for 41 ops) vs GH200 1/3 with 120 MiB eviction | NCU 2026.1.1 (B200) vs 2025.4.0 (GH200) | Triton pre-transposes B on the host and caches it (_bt_cache): outside the timed region and the NCU range | autotuned winner differs"
matmul_fp32_fp16_fp8,Matrix Multiplication/Attention,fp32,triton,357a02eb8c422be84c0f0184cc996e44cab791e9e9da48aae2bbc1390d89189b,357a02eb8c422be84c0f0184cc996e44cab791e9e9da48aae2bbc1390d89189b,True,"{""K"":20480,""M"":4096,""N"":4096}","{""BLOCK_SIZE_K"": 32, ""BLOCK_SIZE_M"": 128, ""BLOCK_SIZE_N"": 128, ""GROUP_SIZE_M"": 8, ""num_stages"": 3, ""num_warps"": 4}","{""BLOCK_SIZE_K"": 32, ""BLOCK_SIZE_M"": 128, ""BLOCK_SIZE_N"": 128, ""GROUP_SIZE_M"": 8, ""num_stages"": 4, ""num_warps"": 4}",False,2026.1.1.0 (build 37634170) (public-release),2025.4.0.0 (build 36690805) (public-release),full/application,full/application,1,1,matmul_kernel,matmul_kernel,matmul_kernel:tcgen05[UTCHMMA:2621440],matmul_kernel:wgmma[HGMMA.64x128x8.F32.TF32:20971520],"matmul_kernel:TMA[UTMACMDFLUSH:4096,UTMALDG.2D:5259264,UTMASTG.2D:4096]","matmul_kernel:TMA[UTMACMDFLUSH:4096,UTMALDG.2D:5267456,UTMASTG.2D:4096]",1.4130,1.7811,1.26051,178203933,248377344,69900288,105398272,47312896,39497728,0,0,16384,16384,0,0,0,0,139264,262144,0,0,5267456,5275648,0,0,0,20971520,3287040,0,23766016,26374144,2048,0,11184128,5251072,1819924736,2516089600,135.0,154.0,99376.0,197664.0,11.481876861275131,6.2498884870784055,,"architecture sm_100 vs sm_90 | benchmark protocol: B200 frozen columns (20/100 config, 64 MB eviction for 41 ops) vs GH200 1/3 with 120 MiB eviction | NCU 2026.1.1 (B200) vs 2025.4.0 (GH200) | Triton pre-transposes B on the host and caches it (_bt_cache): outside the timed region and the NCU range | autotuned winner differs"
matmul_fp32_fp16_fp8,Matrix Multiplication/Attention,fp8_e4m3fn,triton,58462cceecda88b26cf0a977f833cd828e07b350dee27aad3efc0c528678c0b9,58462cceecda88b26cf0a977f833cd828e07b350dee27aad3efc0c528678c0b9,True,"{""K"":20480,""M"":4096,""N"":4096}","{""BLOCK_SIZE_K"": 128, ""BLOCK_SIZE_M"": 256, ""BLOCK_SIZE_N"": 256, ""GROUP_SIZE_M"": 8, ""num_stages"": 3, ""num_warps"": 4}","{""BLOCK_SIZE_K"": 128, ""BLOCK_SIZE_M"": 256, ""BLOCK_SIZE_N"": 128, ""GROUP_SIZE_M"": 8, ""num_stages"": 3, ""num_warps"": 8}",False,2026.1.1.0 (build 37634170) (public-release),2025.4.0.0 (build 36690805) (public-release),full/application,full/application,1,1,matmul_kernel,matmul_kernel,matmul_kernel:tcgen05[UTCQMMA:327680],matmul_kernel:wgmma[QGMMA.64x128x32.F32.E4M3.E4M3:5242880],"matmul_kernel:TMA[UTMACMDFLUSH:1024,UTMALDG.2D:331776,UTMASTG.2D:1024]","matmul_kernel:TMA[UTMACMDFLUSH:4096,UTMALDG.2D:1327104,UTMASTG.2D:4096]",0.2476,0.4377,1.76777,12687104,66256896,4992512,29315072,2983936,9965568,0,0,266240,278528,0,0,0,0,34816,262144,0,0,333824,1335296,0,0,0,5242880,385536,0,1517824,6676480,512,0,707072,1318912,281702400,382775552,255.0,154.0,197680.0,148504.0,6.236599937929202,12.498973057957754,,"architecture sm_100 vs sm_90 | benchmark protocol: B200 frozen columns (20/100 config, 64 MB eviction for 41 ops) vs GH200 1/3 with 120 MiB eviction | NCU 2026.1.1 (B200) vs 2025.4.0 (GH200) | Triton pre-transposes B on the host and caches it (_bt_cache): outside the timed region and the NCU range | autotuned winner differs"
matmul_int8,Matrix Multiplication/Attention,int8,triton,53230c8807747b1325caa527f54e23d7352fda53eb8991b86e564b697e2bd32c,53230c8807747b1325caa527f54e23d7352fda53eb8991b86e564b697e2bd32c,True,"{""K"":20480,""M"":2048,""N"":2048}","{""BLOCK_SIZE_K"": 64, ""BLOCK_SIZE_M"": 256, ""BLOCK_SIZE_N"": 64, ""GROUP_SIZE_M"": 8, ""num_stages"": 4, ""num_warps"": 4}","{""BLOCK_SIZE_K"": 64, ""BLOCK_SIZE_M"": 256, ""BLOCK_SIZE_N"": 64, ""GROUP_SIZE_M"": 8, ""num_stages"": 4, ""num_warps"": 4}",True,2026.1.1.0 (build 37634170) (public-release),2025.4.0.0 (build 36690805) (public-release),full/application,full/application,1,1,matmul_kernel,matmul_kernel,matmul_kernel:legacy_mma[IMMA.16832.S8.S8.SAT:20971520],matmul_kernel:wgmma[IGMMA.64x64x32.S8.S8:2621440],"matmul_kernel:TMA[UTMACMDFLUSH:1024,UTMALDG.2D:655360,UTMASTG.2D:1024]","matmul_kernel:TMA[UTMACMDFLUSH:1024,UTMALDG.2D:655360,UTMASTG.2D:1024]",0.3272,0.2850,0.871027,110118912,97997827,40969216,47192064,4762624,4925440,0,0,28839936,28839936,0,0,0,0,6127616,884736,0,0,657408,657408,20971520,0,0,2621440,0,0,5577728,6559752,0,0,1229824,902160,52464128,52491008,245.0,193.0,66560.0,70688.0,10.75517664475037,11.527435445157714,,"architecture sm_100 vs sm_90 | benchmark protocol: B200 frozen columns (20/100 config, 64 MB eviction for 41 ops) vs GH200 1/3 with 120 MiB eviction | NCU 2026.1.1 (B200) vs 2025.4.0 (GH200) | Triton pre-transposes B on the host and caches it (_bt_cache): outside the timed region and the NCU range"
matrix_copy,Data Layout,bf16,triton,e60a825c90e1f0c6bce5f17acb23ad2cafd06b98436c09a00169073e06d4997f,e60a825c90e1f0c6bce5f17acb23ad2cafd06b98436c09a00169073e06d4997f,True,"{""N"":5120}","{""BLOCK_SIZE"": 1024, ""num_stages"": 2, ""num_warps"": 4}","{""BLOCK_SIZE"": 4096, ""num_stages"": 1, ""num_warps"": 4}",False,2026.1.1.0 (build 37634170) (public-release),2025.4.0.0 (build 36690805) (public-release),full/application,full/application,1,1,matrix_copy_kernel,matrix_copy_kernel,matrix_copy_kernel:none,matrix_copy_kernel:none,matrix_copy_kernel:LDG[128b:100%]; STG[128b:100%],matrix_copy_kernel:LDG[128b:100%]; STG[128b:100%],0.0188,0.0323,1.71809,2048000,972800,614400,230400,102400,102400,0,0,0,0,204800,204800,0,0,0,0,0,0,0,0,0,0,0,0,0,0,0,0,0,0,204800,51200,52437248,52437248,16.0,26.0,1024.0,1024.0,73.73389315392366,83.48117085401186,,"architecture sm_100 vs sm_90 | benchmark protocol: B200 frozen columns (20/100 config, 64 MB eviction for 41 ops) vs GH200 1/3 with 120 MiB eviction | NCU 2026.1.1 (B200) vs 2025.4.0 (GH200) | autotuned winner differs"
matrix_copy,Data Layout,fp16,triton,654bd36367e7c37db760422cde1de0789875cf704d60ce09228364acfbd5e59e,654bd36367e7c37db760422cde1de0789875cf704d60ce09228364acfbd5e59e,True,"{""N"":5120}","{""BLOCK_SIZE"": 1024, ""num_stages"": 1, ""num_warps"": 4}","{""BLOCK_SIZE"": 4096, ""num_stages"": 1, ""num_warps"": 4}",False,2026.1.1.0 (build 37634170) (public-release),2025.4.0.0 (build 36690805) (public-release),full/application,full/application,1,1,matrix_copy_kernel,matrix_copy_kernel,matrix_copy_kernel:none,matrix_copy_kernel:none,matrix_copy_kernel:LDG[128b:100%]; STG[128b:100%],matrix_copy_kernel:LDG[128b:100%]; STG[128b:100%],0.0191,0.0316,1.65445,2048000,972800,614400,230400,102400,102400,0,0,0,0,204800,204800,0,0,0,0,0,0,0,0,0,0,0,0,0,0,0,0,0,0,204800,51200,52436992,52438272,16.0,26.0,1024.0,1024.0,74.58761070432206,82.70017094806875,,"architecture sm_100 vs sm_90 | benchmark protocol: B200 frozen columns (20/100 config, 64 MB eviction for 41 ops) vs GH200 1/3 with 120 MiB eviction | NCU 2026.1.1 (B200) vs 2025.4.0 (GH200) | autotuned winner differs"
matrix_copy,Data Layout,fp32,triton,570d9eb8fbbe0b72e237eb53e3e2a0d6b7bcf2c23b4bf46dcf6d2dfbe409647c,570d9eb8fbbe0b72e237eb53e3e2a0d6b7bcf2c23b4bf46dcf6d2dfbe409647c,True,"{""N"":5120}","{""BLOCK_SIZE"": 4096, ""num_stages"": 1, ""num_warps"": 4}","{""BLOCK_SIZE"": 1024, ""num_stages"": 1, ""num_warps"": 8}",False,2026.1.1.0 (build 37634170) (public-release),2025.4.0.0 (build 36690805) (public-release),full/application,full/application,1,1,matrix_copy_kernel,matrix_copy_kernel,matrix_copy_kernel:none,matrix_copy_kernel:none,matrix_copy_kernel:LDG[128b:100%]; STG[128b:100%],matrix_copy_kernel:LDG[128b:100%]; STG[128b:100%],0.0339,0.0609,1.79646,1740800,4096000,384000,1228800,307200,204800,0,0,0,0,409600,409600,0,0,0,0,0,0,0,0,0,0,0,0,0,0,0,0,0,0,51200,409600,104870912,104868608,45.0,16.0,1024.0,1024.0,50.0084060888914,77.52947749809401,,"architecture sm_100 vs sm_90 | benchmark protocol: B200 frozen columns (20/100 config, 64 MB eviction for 41 ops) vs GH200 1/3 with 120 MiB eviction | NCU 2026.1.1 (B200) vs 2025.4.0 (GH200) | autotuned winner differs"
matrix_copy,Data Layout,int8,triton,a080a4296ea719dfb0bbcf89169f5e74ad7b7bda89023943ab06fabde67873bb,a080a4296ea719dfb0bbcf89169f5e74ad7b7bda89023943ab06fabde67873bb,True,"{""N"":5120}","{""BLOCK_SIZE"": 2048, ""num_stages"": 2, ""num_warps"": 4}","{""BLOCK_SIZE"": 4096, ""num_stages"": 2, ""num_warps"": 4}",False,2026.1.1.0 (build 37634170) (public-release),2025.4.0.0 (build 36690805) (public-release),full/application,full/application,1,1,matrix_copy_kernel,matrix_copy_kernel,matrix_copy_kernel:none,matrix_copy_kernel:none,matrix_copy_kernel:LDG[128b:100%]; STG[128b:100%],matrix_copy_kernel:LDG[128b:100%]; STG[128b:100%],0.0106,0.0171,1.61321,1177600,742400,460800,256000,51200,51200,0,0,0,0,102400,102400,0,0,0,0,0,0,0,0,0,0,0,0,0,0,0,0,0,0,102400,51200,26222336,26219776,16.0,18.0,1024.0,1024.0,71.92114275185524,75.64375542860908,,"architecture sm_100 vs sm_90 | benchmark protocol: B200 frozen columns (20/100 config, 64 MB eviction for 41 ops) vs GH200 1/3 with 120 MiB eviction | NCU 2026.1.1 (B200) vs 2025.4.0 (GH200) | autotuned winner differs"
matrix_transpose,Data Layout,bf16,triton,cfb07213f399d8eac04441a96551a1e9530dec498b7f33a7455b8c6fb1dadcac,cfb07213f399d8eac04441a96551a1e9530dec498b7f33a7455b8c6fb1dadcac,True,"{""m"":4096,""n"":20480}","{""BLOCK_TILE"": 64, ""num_warps"": 8}","{""BLOCK_TILE"": 128, ""num_warps"": 2}",False,2026.1.1.0 (build 37634170) (public-release),2025.4.0.0 (build 36690805) (public-release),full/application,full/application,1,1,transpose_kernel,transpose_kernel,transpose_kernel:none,transpose_kernel:none,transpose_kernel:LDG[128b:100%]; STG[128b:100%],transpose_kernel:LDG[128b:100%]; STG[128b:100%],0.0546,0.0971,1.77839,13762560,8273920,7045120,4597760,983040,184320,0,0,1310720,1310720,655360,655360,0,0,655360,655360,0,0,0,0,0,0,0,0,0,0,163840,71680,0,0,327680,20480,167790336,167815680,26.0,166.0,9216.0,9216.0,88.81402416028143,17.530286761395747,,"architecture sm_100 vs sm_90 | benchmark protocol: B200 frozen columns (20/100 config, 64 MB eviction for 41 ops) vs GH200 1/3 with 120 MiB eviction | NCU 2026.1.1 (B200) vs 2025.4.0 (GH200) | autotuned winner differs"
matrix_transpose,Data Layout,fp16,triton,4b6891116f904e9ebc1a350ffcc08c0bd9bd620d4769cb792e37a3a07d972bac,4b6891116f904e9ebc1a350ffcc08c0bd9bd620d4769cb792e37a3a07d972bac,True,"{""m"":4096,""n"":20480}","{""BLOCK_TILE"": 64, ""num_warps"": 8}","{""BLOCK_TILE"": 128, ""num_warps"": 2}",False,2026.1.1.0 (build 37634170) (public-release),2025.4.0.0 (build 36690805) (public-release),full/application,full/application,1,1,transpose_kernel,transpose_kernel,transpose_kernel:none,transpose_kernel:none,transpose_kernel:LDG[128b:100%]; STG[128b:100%],transpose_kernel:LDG[128b:100%]; STG[128b:100%],0.0541,0.0964,1.78189,13762560,8273920,7045120,4597760,983040,184320,0,0,1310720,1310720,655360,655360,0,0,655360,655360,0,0,0,0,0,0,0,0,0,0,163840,71680,0,0,327680,20480,167806208,167802112,26.0,166.0,9216.0,9216.0,89.46219170639837,17.513975548241557,,"architecture sm_100 vs sm_90 | benchmark protocol: B200 frozen columns (20/100 config, 64 MB eviction for 41 ops) vs GH200 1/3 with 120 MiB eviction | NCU 2026.1.1 (B200) vs 2025.4.0 (GH200) | autotuned winner differs"
matrix_transpose,Data Layout,fp32,triton,ef6fdd13ac674f4a711abc90bce71d455127995388f1c1b714a08411ca385739,ef6fdd13ac674f4a711abc90bce71d455127995388f1c1b714a08411ca385739,True,"{""m"":4096,""n"":20480}","{""BLOCK_TILE"": 64, ""num_warps"": 8}","{""BLOCK_TILE"": 64, ""num_warps"": 8}",True,2026.1.1.0 (build 37634170) (public-release),2025.4.0.0 (build 36690805) (public-release),full/application,full/application,1,1,transpose_kernel,transpose_kernel,transpose_kernel:none,transpose_kernel:none,transpose_kernel:LDG[128b:100%]; STG[128b:100%],transpose_kernel:LDG[128b:100%]; STG[128b:100%],0.1038,0.1912,1.842,25395200,25395200,13434880,13434880,1638400,1638400,0,0,0,0,1310720,1310720,0,0,5242880,5242880,0,0,0,0,0,0,0,0,0,0,163840,163840,0,0,327680,327680,335568384,335574016,32.0,32.0,17408.0,17408.0,91.91418766029429,94.93333858482579,,"architecture sm_100 vs sm_90 | benchmark protocol: B200 frozen columns (20/100 config, 64 MB eviction for 41 ops) vs GH200 1/3 with 120 MiB eviction | NCU 2026.1.1 (B200) vs 2025.4.0 (GH200)"
matrix_transpose,Data Layout,int8,triton,b0a9def73f520aa90a925f176923718a10e6705991b6e536172684901f2c754c,b0a9def73f520aa90a925f176923718a10e6705991b6e536172684901f2c754c,True,"{""m"":4096,""n"":20480}","{""BLOCK_TILE"": 128, ""num_warps"": 8}","{""BLOCK_TILE"": 128, ""num_warps"": 8}",True,2026.1.1.0 (build 37634170) (public-release),2025.4.0.0 (build 36690805) (public-release),full/application,full/application,1,1,transpose_kernel,transpose_kernel,transpose_kernel:none,transpose_kernel:none,transpose_kernel:LDG[128b:100%]; STG[128b:100%],transpose_kernel:LDG[128b:100%]; STG[128b:100%],0.0306,0.0525,1.71569,13025280,13025280,4096000,4096000,409600,409600,0,0,3932160,3932160,327680,327680,0,0,3276800,3276800,0,0,0,0,0,0,0,0,0,0,40960,40960,0,0,81920,81920,83911424,83900160,32.0,32.0,17408.0,17408.0,89.81403972726547,91.37286904433446,,"architecture sm_100 vs sm_90 | benchmark protocol: B200 frozen columns (20/100 config, 64 MB eviction for 41 ops) vs GH200 1/3 with 120 MiB eviction | NCU 2026.1.1 (B200) vs 2025.4.0 (GH200)"
mean_reduction,Reduction/Normalization,bf16,triton,9f24575e61ed017395356522ca79472e82dfa19477a51e54b698538d396c4b65,9f24575e61ed017395356522ca79472e82dfa19477a51e54b698538d396c4b65,True,"{""M"":2048,""N"":20480}","{""BLOCK_M"": 1, ""BLOCK_N"": 2048, ""num_warps"": 8}","{""BLOCK_M"": 1, ""BLOCK_N"": 1024, ""num_warps"": 8}",False,2026.1.1.0 (build 37634170) (public-release),2025.4.0.0 (build 36690805) (public-release),full/application,full/application,1,1,mean_rowwise_kernel,mean_rowwise_kernel,mean_rowwise_kernel:none,mean_rowwise_kernel:none,mean_rowwise_kernel:LDG[128b:100%]; STG[32b:100%],mean_rowwise_kernel:LDG[64b:100%]; STG[32b:100%],0.0188,0.0320,1.70213,4108288,4861952,1591296,1589248,81920,81920,903168,1492992,655360,655360,165888,329728,0,0,51200,51200,0,0,0,0,0,0,0,0,0,0,32768,32768,0,0,18432,18432,83896320,83896064,30.0,32.0,1056.0,1056.0,86.12909337641975,93.433117890652,,"architecture sm_100 vs sm_90 | benchmark protocol: B200 frozen columns (20/100 config, 64 MB eviction for 41 ops) vs GH200 1/3 with 120 MiB eviction | NCU 2026.1.1 (B200) vs 2025.4.0 (GH200) | autotuned winner differs"
mean_reduction,Reduction/Normalization,fp16,triton,a6091e10b4db17d1dbbb3bd9bbc1fa977457529183eb15e270e6b2aec1f871f2,a6091e10b4db17d1dbbb3bd9bbc1fa977457529183eb15e270e6b2aec1f871f2,True,"{""M"":2048,""N"":20480}","{""BLOCK_M"": 1, ""BLOCK_N"": 1024, ""num_warps"": 8}","{""BLOCK_M"": 1, ""BLOCK_N"": 1024, ""num_warps"": 4}",False,2026.1.1.0 (build 37634170) (public-release),2025.4.0.0 (build 36690805) (public-release),full/application,full/application,1,1,mean_rowwise_kernel,mean_rowwise_kernel,mean_rowwise_kernel:none,mean_rowwise_kernel:none,mean_rowwise_kernel:LDG[64b:100%]; STG[32b:100%],mean_rowwise_kernel:LDG[128b:100%]; STG[32b:100%],0.0189,0.0324,1.71429,4206592,3600384,278528,139264,81920,40960,2803712,2738176,0,0,329728,165888,0,0,51200,26624,0,0,0,0,0,0,0,0,0,0,32768,16384,0,0,18432,10240,83896576,83898880,31.0,32.0,1056.0,1040.0,89.75158611503402,91.35389489546513,,"architecture sm_100 vs sm_90 | benchmark protocol: B200 frozen columns (20/100 config, 64 MB eviction for 41 ops) vs GH200 1/3 with 120 MiB eviction | NCU 2026.1.1 (B200) vs 2025.4.0 (GH200) | autotuned winner differs"
mean_reduction,Reduction/Normalization,fp32,triton,d22b4722c17c29bcb4808815bc4ab0165de7e0805b5fc2c57f1d34c90dd8bb0d,d22b4722c17c29bcb4808815bc4ab0165de7e0805b5fc2c57f1d34c90dd8bb0d,True,"{""M"":2048,""N"":20480}","{""BLOCK_M"": 1, ""BLOCK_N"": 512, ""num_warps"": 8}","{""BLOCK_M"": 1, ""BLOCK_N"": 1024, ""num_warps"": 8}",False,2026.1.1.0 (build 37634170) (public-release),2025.4.0.0 (build 36690805) (public-release),full/application,full/application,1,1,mean_rowwise_kernel,mean_rowwise_kernel,mean_rowwise_kernel:none,mean_rowwise_kernel:none,mean_rowwise_kernel:LDG[64b:100%]; STG[32b:100%],mean_rowwise_kernel:LDG[128b:100%]; STG[32b:100%],0.0349,0.0557,1.59599,3518464,3223552,278528,278528,81920,81920,1460224,1492992,0,0,657408,329728,0,0,51200,51200,0,0,0,0,0,0,0,0,0,0,32768,32768,0,0,18432,18432,167784192,167784448,32.0,30.0,1056.0,1056.0,88.57910103981062,95.41602217746335,,"architecture sm_100 vs sm_90 | benchmark protocol: B200 frozen columns (20/100 config, 64 MB eviction for 41 ops) vs GH200 1/3 with 120 MiB eviction | NCU 2026.1.1 (B200) vs 2025.4.0 (GH200) | autotuned winner differs"
moe_topk_gating,Reduction/Normalization,bf16,triton,165d5cb9a39a52bfe94409e6b4fffa10161cefdc4d6ab94214d480571a3920c2,165d5cb9a39a52bfe94409e6b4fffa10161cefdc4d6ab94214d480571a3920c2,True,"{""E"":128,""M"":20480,""k"":2}","{""num_warps"": 1}","{""num_warps"": 1}",True,2026.1.1.0 (build 37634170) (public-release),2025.4.0.0 (build 36690805) (public-release),full/application,full/application,1,1,moe_topk_gating_kernel,moe_topk_gating_kernel,moe_topk_gating_kernel:none,moe_topk_gating_kernel:none,"moe_topk_gating_kernel:LDG[64b:100%]; STG[16b:50%,32b:50%]","moe_topk_gating_kernel:LDG[64b:100%]; STG[16b:50%,32b:50%]",0.0126,0.0142,1.12698,3543040,3891200,634880,593920,1740800,1720320,307200,552960,61440,61440,61440,61440,0,0,0,0,0,0,0,0,0,0,0,0,0,0,0,0,0,0,40960,40960,5252096,5251328,19.0,21.0,1024.0,1024.0,21.062774262832054,23.405074247137996,,"architecture sm_100 vs sm_90 | benchmark protocol: B200 frozen columns (20/100 config, 64 MB eviction for 41 ops) vs GH200 1/3 with 120 MiB eviction | NCU 2026.1.1 (B200) vs 2025.4.0 (GH200)"
moe_topk_gating,Reduction/Normalization,fp16,triton,ceecbeb85086f5217430077c0863c87691d72a2dd2e9a14f7e3a3aa1aca1f56d,ceecbeb85086f5217430077c0863c87691d72a2dd2e9a14f7e3a3aa1aca1f56d,True,"{""E"":128,""M"":20480,""k"":2}","{""num_warps"": 1}","{""num_warps"": 2}",False,2026.1.1.0 (build 37634170) (public-release),2025.4.0.0 (build 36690805) (public-release),full/application,full/application,1,1,moe_topk_gating_kernel,moe_topk_gating_kernel,moe_topk_gating_kernel:none,moe_topk_gating_kernel:none,"moe_topk_gating_kernel:LDG[64b:100%]; STG[16b:50%,32b:50%]","moe_topk_gating_kernel:LDG[32b:100%]; STG[16b:67%,32b:33%]",0.0126,0.0164,1.30159,3502080,9216000,552960,1064960,1740800,3194880,389120,1105920,20480,40960,61440,102400,0,0,0,819200,0,0,0,0,0,0,0,0,0,0,0,696320,0,0,40960,143360,5249024,5252352,19.0,25.0,1024.0,1040.0,22.306768234213752,88.19560843055835,,"architecture sm_100 vs sm_90 | benchmark protocol: B200 frozen columns (20/100 config, 64 MB eviction for 41 ops) vs GH200 1/3 with 120 MiB eviction | NCU 2026.1.1 (B200) vs 2025.4.0 (GH200) | autotuned winner differs"
moe_topk_gating,Reduction/Normalization,fp32,triton,8905ae12e9d2f3a8c4b3480a4c01859e834eb3ba4dbe01895f45034bae75e606,8905ae12e9d2f3a8c4b3480a4c01859e834eb3ba4dbe01895f45034bae75e606,True,"{""E"":128,""M"":20480,""k"":2}","{""num_warps"": 1}","{""num_warps"": 1}",True,2026.1.1.0 (build 37634170) (public-release),2025.4.0.0 (build 36690805) (public-release),full/application,full/application,1,1,moe_topk_gating_kernel,moe_topk_gating_kernel,moe_topk_gating_kernel:none,moe_topk_gating_kernel:none,moe_topk_gating_kernel:LDG[128b:100%]; STG[32b:100%],moe_topk_gating_kernel:LDG[128b:100%]; STG[32b:100%],0.0127,0.0143,1.12598,3358720,3706880,512000,471040,1740800,1720320,307200,552960,0,0,61440,61440,0,0,0,0,0,0,0,0,0,0,0,0,0,0,0,0,0,0,40960,40960,10494208,10493952,22.0,22.0,1024.0,1024.0,22.374278299907115,24.72410119192411,,"architecture sm_100 vs sm_90 | benchmark protocol: B200 frozen columns (20/100 config, 64 MB eviction for 41 ops) vs GH200 1/3 with 120 MiB eviction | NCU 2026.1.1 (B200) vs 2025.4.0 (GH200)"
mul2,Point-wise,bf16,triton,e8ed81309f5789f063c315bd91c6d1dfd6e611322b193e8b75af45ff01907978,e8ed81309f5789f063c315bd91c6d1dfd6e611322b193e8b75af45ff01907978,True,"{""n"":20971520}","{""BLOCK_SIZE"": 2048, ""num_warps"": 2}","{""BLOCK_SIZE"": 1024, ""num_warps"": 2}",False,2026.1.1.0 (build 37634170) (public-release),2025.4.0.0 (build 36690805) (public-release),full/application,full/application,1,1,mul2_kernel,mul2_kernel,mul2_kernel:none,mul2_kernel:none,mul2_kernel:LDG[128b:100%]; STG[128b:100%],mul2_kernel:LDG[128b:100%]; STG[128b:100%],0.0152,0.0262,1.72368,1085440,1351680,163840,245760,81920,81920,327680,327680,0,0,163840,163840,0,0,0,0,0,0,0,0,0,0,0,0,0,0,0,0,0,0,40960,81920,41949696,41952000,26.0,18.0,1024.0,1024.0,77.5984160346044,80.18452710236201,,"architecture sm_100 vs sm_90 | benchmark protocol: B200 frozen columns (20/100 config, 64 MB eviction for 41 ops) vs GH200 1/3 with 120 MiB eviction | NCU 2026.1.1 (B200) vs 2025.4.0 (GH200) | autotuned winner differs"
mul2,Point-wise,fp16,triton,6556d965ae6079dd7e9e4b391fe257de0c9c02b71015d5d43f97e8ecc82ffec3,6556d965ae6079dd7e9e4b391fe257de0c9c02b71015d5d43f97e8ecc82ffec3,True,"{""n"":20971520}","{""BLOCK_SIZE"": 1024, ""num_warps"": 2}","{""BLOCK_SIZE"": 2048, ""num_warps"": 8}",False,2026.1.1.0 (build 37634170) (public-release),2025.4.0.0 (build 36690805) (public-release),full/application,full/application,1,1,mul2_kernel,mul2_kernel,mul2_kernel:none,mul2_kernel:none,mul2_kernel:LDG[128b:100%]; STG[128b:100%],mul2_kernel:LDG[128b:100%]; STG[128b:100%],0.0152,0.0262,1.72368,1351680,1884160,245760,409600,81920,81920,327680,327680,0,0,163840,163840,0,0,0,0,0,0,0,0,0,0,0,0,0,0,0,0,0,0,81920,163840,41950208,41951232,18.0,16.0,1024.0,1024.0,68.27476076218147,75.61554527537282,,"architecture sm_100 vs sm_90 | benchmark protocol: B200 frozen columns (20/100 config, 64 MB eviction for 41 ops) vs GH200 1/3 with 120 MiB eviction | NCU 2026.1.1 (B200) vs 2025.4.0 (GH200) | autotuned winner differs"
mul2,Point-wise,fp32,triton,a4db358b5fa1763492e4a4f22423463add703c41ef1c655a1f4be9e9f09f9823,a4db358b5fa1763492e4a4f22423463add703c41ef1c655a1f4be9e9f09f9823,True,"{""n"":20971520}","{""BLOCK_SIZE"": 2048, ""num_warps"": 8}","{""BLOCK_SIZE"": 2048, ""num_warps"": 2}",False,2026.1.1.0 (build 37634170) (public-release),2025.4.0.0 (build 36690805) (public-release),full/application,full/application,1,1,mul2_kernel,mul2_kernel,mul2_kernel:none,mul2_kernel:none,mul2_kernel:LDG[128b:100%]; STG[128b:100%],mul2_kernel:LDG[128b:100%]; STG[128b:100%],0.0275,0.0492,1.78909,2703360,1986560,491520,245760,163840,245760,655360,655360,0,0,327680,327680,0,0,0,0,0,0,0,0,0,0,0,0,0,0,0,0,0,0,163840,40960,83915776,83896832,18.0,40.0,1024.0,1024.0,78.24188054661853,65.01804520534033,,"architecture sm_100 vs sm_90 | benchmark protocol: B200 frozen columns (20/100 config, 64 MB eviction for 41 ops) vs GH200 1/3 with 120 MiB eviction | NCU 2026.1.1 (B200) vs 2025.4.0 (GH200) | autotuned winner differs"
mul2,Point-wise,int8,triton,36150d0b69d4ffb9f066f5bce3e83b12ffe3a6aed368ee32ef5993851a9004e2,36150d0b69d4ffb9f066f5bce3e83b12ffe3a6aed368ee32ef5993851a9004e2,True,"{""n"":20971520}","{""BLOCK_SIZE"": 2048, ""num_warps"": 2}","{""BLOCK_SIZE"": 2048, ""num_warps"": 2}",True,2026.1.1.0 (build 37634170) (public-release),2025.4.0.0 (build 36690805) (public-release),full/application,full/application,1,1,mul2_kernel,mul2_kernel,mul2_kernel:none,mul2_kernel:none,mul2_kernel:LDG[128b:100%]; STG[128b:100%],mul2_kernel:LDG[128b:100%]; STG[128b:100%],0.0087,0.0143,1.64368,3031040,3031040,1495040,1495040,40960,40960,0,0,1146880,1146880,81920,81920,0,0,0,0,0,0,0,0,0,0,0,0,0,0,0,0,0,0,40960,40960,20979456,20979200,29.0,29.0,1024.0,1024.0,63.44879740736802,71.45029748827865,,"architecture sm_100 vs sm_90 | benchmark protocol: B200 frozen columns (20/100 config, 64 MB eviction for 41 ops) vs GH200 1/3 with 120 MiB eviction | NCU 2026.1.1 (B200) vs 2025.4.0 (GH200)"
quantize_global,Point-wise,fp32,triton,a63b18e219c3c4edeb3d6e41f5ba11c90a2f9ed4f9318e84b7cdbb8b0fd158a7,a63b18e219c3c4edeb3d6e41f5ba11c90a2f9ed4f9318e84b7cdbb8b0fd158a7,True,"{""n"":20971520}","{""BLOCK_SIZE"": 4096, ""num_warps"": 4}","{""BLOCK_SIZE"": 2048, ""num_warps"": 4}",False,2026.1.1.0 (build 37634170) (public-release),2025.4.0.0 (build 36690805) (public-release),full/application,full/application,1,1,quantize_kernel,quantize_kernel,quantize_kernel:none,quantize_kernel:none,quantize_kernel:LDG[128b:100%]; STG[128b:100%],quantize_kernel:LDG[128b:100%]; STG[128b:100%],0.0217,0.0386,1.7788,1372160,1679360,204800,327680,81920,81920,0,0,327680,327680,245760,245760,0,0,0,0,0,0,0,0,0,0,0,0,0,0,0,0,0,0,40960,81920,83936768,83893760,34.0,24.0,1024.0,1024.0,56.97714587779724,79.24244975647558,,"architecture sm_100 vs sm_90 | benchmark protocol: B200 frozen columns (20/100 config, 64 MB eviction for 41 ops) vs GH200 1/3 with 120 MiB eviction | NCU 2026.1.1 (B200) vs 2025.4.0 (GH200) | autotuned winner differs"
radix_sort,Data Layout,int32,triton,0c49770544eaebb78f5fa7ea256dcd378f05dd0b876de5a97d10b315ed0d77fd,0c49770544eaebb78f5fa7ea256dcd378f05dd0b876de5a97d10b315ed0d77fd,True,"{""n"":20000000}","{""num_warps"": 4}","{""num_warps"": 8}",False,2026.1.1.0 (build 37634170) (public-release),2025.4.0.0 (build 36690805) (public-release),full/application,full/application,80,80,radix_histogram_kernel;radix_scan_chunk_sums_kernel;radix_scan_chunks_kernel;radix_scatter_kernel;radix_sum_chunks_kernel,radix_histogram_kernel;radix_scan_chunk_sums_kernel;radix_scan_chunks_kernel;radix_scatter_kernel;radix_sum_chunks_kernel,radix_histogram_kernel:static_sites:none / radix_sum_chunks_kernel:none / radix_scan_chunk_sums_kernel:none / radix_scan_chunks_kernel:none / radix_scatter_kernel:static_sites:none,radix_histogram_kernel:static_sites:none / radix_sum_chunks_kernel:none / radix_scan_chunk_sums_kernel:none / radix_scan_chunks_kernel:none / radix_scatter_kernel:static_sites:none,"radix_histogram_kernel:static_sites:LDG[128b:100%]; STG[32b:100%] / radix_sum_chunks_kernel:LDG[128b:100%]; STG[32b:100%] / radix_scan_chunk_sums_kernel:LDG[32b:100%]; STG[32b:100%] / radix_scan_chunks_kernel:LDG[32b:33%,128b:67%]; STG[128b:100%] / radix_scatter_kernel:static_sites:LDG[32b:80%,128b:20%]; STG[32b:100%]","radix_histogram_kernel:static_sites:LDG[128b:100%]; STG[32b:100%] / radix_sum_chunks_kernel:LDG[128b:100%]; STG[32b:100%] / radix_scan_chunk_sums_kernel:LDG[32b:100%]; STG[32b:100%] / radix_scan_chunks_kernel:LDG[32b:33%,128b:67%]; STG[128b:100%] / radix_scatter_kernel:static_sites:LDG[32b:80%,128b:20%]; STG[32b:100%]",1.1227,1.4878,1.3252,674277792,766781152,320736,320736,170624,170560,0,0,0,0,36624,36624,0,0,35984,35984,0,0,0,0,0,0,0,0,0,0,29824,29824,0,0,21008,21008,1705561856,2446556672,64.0,32.0,9216.0,9216.0,45.21430544842387,93.52352006476919,,"architecture sm_100 vs sm_90 | benchmark protocol: B200 frozen columns (20/100 config, 64 MB eviction for 41 ops) vs GH200 1/3 with 120 MiB eviction | NCU 2026.1.1 (B200) vs 2025.4.0 (GH200) | autotuned winner differs"
relu,Point-wise,bf16,triton,59a0dd09a0b907abe95a67d37453c56ae5488f682636157bf8421d031562479f,59a0dd09a0b907abe95a67d37453c56ae5488f682636157bf8421d031562479f,True,"{""n"":20971520}","{""BLOCK_SIZE"": 1024, ""num_warps"": 2}","{""BLOCK_SIZE"": 1024, ""num_warps"": 2}",True,2026.1.1.0 (build 37634170) (public-release),2025.4.0.0 (build 36690805) (public-release),full/application,full/application,1,1,relu_kernel,relu_kernel,relu_kernel:none,relu_kernel:none,relu_kernel:LDG[128b:100%]; STG[128b:100%],relu_kernel:LDG[128b:100%]; STG[128b:100%],0.0151,0.0262,1.7351,2662400,2662400,245760,245760,1064960,1064960,0,0,655360,655360,163840,163840,0,0,0,0,0,0,0,0,0,0,0,0,0,0,0,0,0,0,81920,81920,41951232,41952256,26.0,26.0,1024.0,1024.0,66.27852846537895,80.69340514335906,,"architecture sm_100 vs sm_90 | benchmark protocol: B200 frozen columns (20/100 config, 64 MB eviction for 41 ops) vs GH200 1/3 with 120 MiB eviction | NCU 2026.1.1 (B200) vs 2025.4.0 (GH200)"
relu,Point-wise,fp16,triton,4ea49cd597817337590ac3da83c69ae5c9ef33fded4db17f1875d2cc9707dad9,4ea49cd597817337590ac3da83c69ae5c9ef33fded4db17f1875d2cc9707dad9,True,"{""n"":20971520}","{""BLOCK_SIZE"": 1024, ""num_warps"": 2}","{""BLOCK_SIZE"": 1024, ""num_warps"": 2}",True,2026.1.1.0 (build 37634170) (public-release),2025.4.0.0 (build 36690805) (public-release),full/application,full/application,1,1,relu_kernel,relu_kernel,relu_kernel:none,relu_kernel:none,relu_kernel:LDG[128b:100%]; STG[128b:100%],relu_kernel:LDG[128b:100%]; STG[128b:100%],0.0152,0.0255,1.67763,2662400,2662400,245760,245760,1064960,1064960,0,0,655360,655360,163840,163840,0,0,0,0,0,0,0,0,0,0,0,0,0,0,0,0,0,0,81920,81920,41949696,41950720,26.0,26.0,1024.0,1024.0,71.1341412230184,80.70854159308743,,"architecture sm_100 vs sm_90 | benchmark protocol: B200 frozen columns (20/100 config, 64 MB eviction for 41 ops) vs GH200 1/3 with 120 MiB eviction | NCU 2026.1.1 (B200) vs 2025.4.0 (GH200)"
relu,Point-wise,fp32,triton,fe65c8672056e95d9d398b21b2accdcee062ea2e0a1ba1383e64f8ec5f3c259f,fe65c8672056e95d9d398b21b2accdcee062ea2e0a1ba1383e64f8ec5f3c259f,True,"{""n"":20971520}","{""BLOCK_SIZE"": 1024, ""num_warps"": 4}","{""BLOCK_SIZE"": 512, ""num_warps"": 2}",False,2026.1.1.0 (build 37634170) (public-release),2025.4.0.0 (build 36690805) (public-release),full/application,full/application,1,1,relu_kernel,relu_kernel,relu_kernel:none,relu_kernel:none,relu_kernel:LDG[128b:100%]; STG[128b:100%],relu_kernel:LDG[128b:100%]; STG[128b:100%],0.0275,0.0486,1.76727,3358720,3358720,491520,491520,1474560,1474560,0,0,0,0,327680,327680,0,0,0,0,0,0,0,0,0,0,0,0,0,0,0,0,0,0,163840,163840,83920896,83896064,18.0,18.0,1024.0,1024.0,79.47643858112667,83.31428281498624,,"architecture sm_100 vs sm_90 | benchmark protocol: B200 frozen columns (20/100 config, 64 MB eviction for 41 ops) vs GH200 1/3 with 120 MiB eviction | NCU 2026.1.1 (B200) vs 2025.4.0 (GH200) | autotuned winner differs"
relu,Point-wise,int8,triton,0aaec6709e6cbe3ae35d7d0e3c73fd82e386af4b267b345e2a9dc79ba310c371,0aaec6709e6cbe3ae35d7d0e3c73fd82e386af4b267b345e2a9dc79ba310c371,True,"{""n"":20971520}","{""BLOCK_SIZE"": 2048, ""num_warps"": 2}","{""BLOCK_SIZE"": 2048, ""num_warps"": 2}",True,2026.1.1.0 (build 37634170) (public-release),2025.4.0.0 (build 36690805) (public-release),full/application,full/application,1,1,relu_kernel,relu_kernel,relu_kernel:none,relu_kernel:none,relu_kernel:LDG[128b:100%]; STG[128b:100%],relu_kernel:LDG[128b:100%]; STG[128b:100%],0.0092,0.0143,1.55435,3379200,3379200,1495040,1495040,40960,40960,0,0,1495040,1495040,81920,81920,0,0,0,0,0,0,0,0,0,0,0,0,0,0,0,0,0,0,40960,40960,20979968,20980224,31.0,31.0,1024.0,1024.0,68.90667893197893,70.72970126932765,,"architecture sm_100 vs sm_90 | benchmark protocol: B200 frozen columns (20/100 config, 64 MB eviction for 41 ops) vs GH200 1/3 with 120 MiB eviction | NCU 2026.1.1 (B200) vs 2025.4.0 (GH200)"
reverse_array,Data Layout,bf16,triton,ed3a42161302728d99d0d9ee14803041fc33dce9b75b7766b5018b1d5e80dc0a,ed3a42161302728d99d0d9ee14803041fc33dce9b75b7766b5018b1d5e80dc0a,True,"{""n"":20000000}","{""BLOCK_SIZE"": 8192, ""num_stages"": 2, ""num_warps"": 8}","{""BLOCK_SIZE"": 4096, ""num_stages"": 2, ""num_warps"": 4}",False,2026.1.1.0 (build 37634170) (public-release),2025.4.0.0 (build 36690805) (public-release),full/application,full/application,1,1,reverse_kernel,reverse_kernel,reverse_kernel:none,reverse_kernel:none,reverse_kernel:LDG[16b:100%]; STG[128b:100%],reverse_kernel:LDG[16b:100%]; STG[128b:100%],0.0161,0.0250,1.5528,4063472,4004054,2168496,2109456,78144,78128,0,0,937728,937536,703288,703149,0,0,0,0,0,0,0,0,0,0,0,0,0,0,0,0,0,0,39064,39061,40020224,40011008,40.0,32.0,1024.0,1024.0,61.87813545782338,82.34385456659754,,"architecture sm_100 vs sm_90 | benchmark protocol: B200 frozen columns (20/100 config, 64 MB eviction for 41 ops) vs GH200 1/3 with 120 MiB eviction | NCU 2026.1.1 (B200) vs 2025.4.0 (GH200) | autotuned winner differs"
reverse_array,Data Layout,fp16,triton,983fef03544b35edd79027c397d75a792a88a051eb67d561e138b1badb8c3be0,983fef03544b35edd79027c397d75a792a88a051eb67d561e138b1badb8c3be0,True,"{""n"":20000000}","{""BLOCK_SIZE"": 2048, ""num_stages"": 1, ""num_warps"": 4}","{""BLOCK_SIZE"": 8192, ""num_stages"": 2, ""num_warps"": 8}",False,2026.1.1.0 (build 37634170) (public-release),2025.4.0.0 (build 36690805) (public-release),full/application,full/application,1,1,reverse_kernel,reverse_kernel,reverse_kernel:none,reverse_kernel:none,reverse_kernel:LDG[16b:100%]; STG[128b:100%],reverse_kernel:LDG[16b:100%]; STG[128b:100%],0.0170,0.0253,1.48824,4336098,4063472,2265712,2168496,78128,78144,0,0,937536,937728,703149,703288,0,0,0,0,0,0,0,0,0,0,0,0,0,0,0,0,0,0,78125,39064,40008704,40011776,32.0,40.0,1024.0,1024.0,82.19544050130762,62.91208214288737,,"architecture sm_100 vs sm_90 | benchmark protocol: B200 frozen columns (20/100 config, 64 MB eviction for 41 ops) vs GH200 1/3 with 120 MiB eviction | NCU 2026.1.1 (B200) vs 2025.4.0 (GH200) | autotuned winner differs"
reverse_array,Data Layout,fp32,triton,810a2da2844180fc32c3ce5600f0d5ed5b1c332b7d203edfc2f2f377bfc8308e,810a2da2844180fc32c3ce5600f0d5ed5b1c332b7d203edfc2f2f377bfc8308e,True,"{""n"":20000000}","{""BLOCK_SIZE"": 1024, ""num_stages"": 2, ""num_warps"": 4}","{""BLOCK_SIZE"": 1024, ""num_stages"": 1, ""num_warps"": 4}",False,2026.1.1.0 (build 37634170) (public-release),2025.4.0.0 (build 36690805) (public-release),full/application,full/application,1,1,reverse_kernel,reverse_kernel,reverse_kernel:none,reverse_kernel:none,reverse_kernel:LDG[32b:100%]; STG[128b:100%],reverse_kernel:LDG[32b:100%]; STG[128b:100%],0.0264,0.0478,1.81061,4609544,4609544,2656352,2656352,156256,156256,0,0,0,0,781276,781276,0,0,0,0,0,0,0,0,0,0,0,0,0,0,0,0,0,0,156252,156252,80033280,80009472,29.0,29.0,1024.0,1024.0,81.89496052323906,84.90059704409221,,"architecture sm_100 vs sm_90 | benchmark protocol: B200 frozen columns (20/100 config, 64 MB eviction for 41 ops) vs GH200 1/3 with 120 MiB eviction | NCU 2026.1.1 (B200) vs 2025.4.0 (GH200) | autotuned winner differs"
reverse_array,Data Layout,int8,triton,42f89c33d4beb189ee2a29ca4be689bb4988b9fa96c279d09df387c99beedc99,42f89c33d4beb189ee2a29ca4be689bb4988b9fa96c279d09df387c99beedc99,True,"{""n"":20000000}","{""BLOCK_SIZE"": 1024, ""num_stages"": 1, ""num_warps"": 4}","{""BLOCK_SIZE"": 2048, ""num_stages"": 1, ""num_warps"": 4}",False,2026.1.1.0 (build 37634170) (public-release),2025.4.0.0 (build 36690805) (public-release),full/application,full/application,1,1,reverse_kernel,reverse_kernel,reverse_kernel:none,reverse_kernel:none,reverse_kernel:LDG[8b:100%]; STG[64b:100%],reverse_kernel:LDG[8b:100%]; STG[128b:100%],0.0126,0.0157,1.24603,5781466,5000190,3203248,2851672,78128,39064,0,0,1093792,1093792,703149,664087,0,0,0,0,0,0,0,0,0,0,0,0,0,0,0,0,0,0,156253,78127,20009472,20007680,22.0,29.0,1024.0,1024.0,63.8320819668137,84.33028446568542,,"architecture sm_100 vs sm_90 | benchmark protocol: B200 frozen columns (20/100 config, 64 MB eviction for 41 ops) vs GH200 1/3 with 120 MiB eviction | NCU 2026.1.1 (B200) vs 2025.4.0 (GH200) | autotuned winner differs"
rmsnorm,Reduction/Normalization,bf16,triton,1288e3a1abb85f3e350691afe9d8f11c3f4e9064f9fcb13ddde25a540e1add80,1288e3a1abb85f3e350691afe9d8f11c3f4e9064f9fcb13ddde25a540e1add80,True,"{""K"":10240,""M"":2048,""batch"":1}","{""BLOCK_N_SIZE"": 2048, ""num_stages"": 2, ""num_warps"": 4}","{""BLOCK_N_SIZE"": 2048, ""num_stages"": 4, ""num_warps"": 8}",False,2026.1.1.0 (build 37634170) (public-release),2025.4.0.0 (build 36690805) (public-release),full/application,full/application,1,1,rmsnorm_kernel,rmsnorm_kernel,rmsnorm_kernel:none,rmsnorm_kernel:none,rmsnorm_kernel:LDG[128b:100%]; STG[128b:100%],rmsnorm_kernel:LDG[128b:100%]; STG[128b:100%],0.0189,0.0298,1.57672,7618560,8765440,3514368,3063808,294912,425984,1286144,2392064,1318912,1327104,327680,327680,0,0,32768,65536,0,0,0,0,0,0,0,0,0,0,16384,65536,0,0,106496,212992,44521216,42640128,32.0,39.0,1040.0,1056.0,70.3037118961669,65.37921722345068,,"architecture sm_100 vs sm_90 | benchmark protocol: B200 frozen columns (20/100 config, 64 MB eviction for 41 ops) vs GH200 1/3 with 120 MiB eviction | NCU 2026.1.1 (B200) vs 2025.4.0 (GH200) | autotuned winner differs"
rmsnorm,Reduction/Normalization,fp16,triton,a33b34a807d8cb49d19d42bc51fe557b157a6cdbcdf961c71164d39e95ee9a8d,a33b34a807d8cb49d19d42bc51fe557b157a6cdbcdf961c71164d39e95ee9a8d,True,"{""K"":10240,""M"":2048,""batch"":1}","{""BLOCK_N_SIZE"": 2048, ""num_stages"": 2, ""num_warps"": 4}","{""BLOCK_N_SIZE"": 2048, ""num_stages"": 2, ""num_warps"": 8}",False,2026.1.1.0 (build 37634170) (public-release),2025.4.0.0 (build 36690805) (public-release),full/application,full/application,1,1,rmsnorm_kernel,rmsnorm_kernel,rmsnorm_kernel:none,rmsnorm_kernel:none,rmsnorm_kernel:LDG[128b:100%]; STG[128b:100%],rmsnorm_kernel:LDG[128b:100%]; STG[128b:100%],0.0189,0.0292,1.54497,6635520,7782400,1130496,917504,294912,425984,3383296,4440064,335872,344064,327680,327680,0,0,32768,65536,0,0,0,0,0,0,0,0,0,0,16384,65536,0,0,106496,212992,44805120,42580992,32.0,39.0,1040.0,1056.0,70.40832613011155,65.24380515711825,,"architecture sm_100 vs sm_90 | benchmark protocol: B200 frozen columns (20/100 config, 64 MB eviction for 41 ops) vs GH200 1/3 with 120 MiB eviction | NCU 2026.1.1 (B200) vs 2025.4.0 (GH200) | autotuned winner differs"
rmsnorm,Reduction/Normalization,fp32,triton,e11fe6d3a765e370294c8b671f66fe29affdbc6adabc9d347c6b2ac81097dca6,e11fe6d3a765e370294c8b671f66fe29affdbc6adabc9d347c6b2ac81097dca6,True,"{""K"":10240,""M"":2048,""batch"":1}","{""BLOCK_N_SIZE"": 2048, ""num_stages"": 2, ""num_warps"": 8}","{""BLOCK_N_SIZE"": 2048, ""num_stages"": 3, ""num_warps"": 8}",False,2026.1.1.0 (build 37634170) (public-release),2025.4.0.0 (build 36690805) (public-release),full/application,full/application,1,1,rmsnorm_kernel,rmsnorm_kernel,rmsnorm_kernel:none,rmsnorm_kernel:none,rmsnorm_kernel:LDG[128b:100%]; STG[128b:100%],rmsnorm_kernel:LDG[128b:100%]; STG[128b:100%],0.0332,0.0700,2.10843,7946240,8044544,2768896,2834432,589824,589824,2228224,2392064,16384,16384,655360,655360,0,0,65536,65536,0,0,0,0,0,0,0,0,0,0,32768,32768,0,0,229376,196608,92154112,157448960,32.0,32.0,1056.0,1056.0,81.66521738385707,88.50734466278229,,"architecture sm_100 vs sm_90 | benchmark protocol: B200 frozen columns (20/100 config, 64 MB eviction for 41 ops) vs GH200 1/3 with 120 MiB eviction | NCU 2026.1.1 (B200) vs 2025.4.0 (GH200) | autotuned winner differs"
rope,Point-wise,fp16,triton,0e5044ce223bf21f1c23010169f86841a41ea3908839d07a7c430a025c6fa22c,0e5044ce223bf21f1c23010169f86841a41ea3908839d07a7c430a025c6fa22c,True,"{""batch_size"":1,""head_dim"":128,""n_heads"":32,""seq_len"":20480}","{""ROPE_GROUP_SIZE"": 16, ""num_stages"": 3, ""num_warps"": 4}","{""ROPE_GROUP_SIZE"": 16, ""num_stages"": 3, ""num_warps"": 4}",True,2026.1.1.0 (build 37634170) (public-release),2025.4.0.0 (build 36690805) (public-release),full/application,full/application,1,1,rope_embedding,rope_embedding,rope_embedding:none,rope_embedding:none,rope_embedding:LDG[128b:100%]; STG[128b:100%],rope_embedding:LDG[128b:100%]; STG[128b:100%],0.0509,0.1009,1.98232,13598720,13598720,5406720,5570560,819200,819200,2785280,2785280,327680,327680,983040,983040,0,0,0,0,0,0,0,0,0,0,0,0,0,0,0,0,0,0,327680,327680,172551936,178266112,27.0,27.0,1024.0,1024.0,81.74193572427039,85.98756505738783,,"architecture sm_100 vs sm_90 | benchmark protocol: B200 frozen columns (20/100 config, 64 MB eviction for 41 ops) vs GH200 1/3 with 120 MiB eviction | NCU 2026.1.1 (B200) vs 2025.4.0 (GH200)"
rope,Point-wise,fp32,triton,40b2d362544e99b824115b4cf74f099b11179d29fb22039bec9713e56f89d07b,40b2d362544e99b824115b4cf74f099b11179d29fb22039bec9713e56f89d07b,True,"{""batch_size"":1,""head_dim"":128,""n_heads"":32,""seq_len"":20480}","{""ROPE_GROUP_SIZE"": 16, ""num_stages"": 2, ""num_warps"": 4}","{""ROPE_GROUP_SIZE"": 16, ""num_stages"": 3, ""num_warps"": 8}",False,2026.1.1.0 (build 37634170) (public-release),2025.4.0.0 (build 36690805) (public-release),full/application,full/application,1,1,rope_embedding,rope_embedding,rope_embedding:none,rope_embedding:none,rope_embedding:LDG[128b:100%]; STG[128b:100%],rope_embedding:LDG[128b:100%]; STG[128b:100%],0.1044,0.1959,1.87644,18677760,27197440,6553600,11141120,819200,1638400,5406720,5570560,327680,655360,1638400,1966080,0,0,0,0,0,0,0,0,0,0,0,0,0,0,0,0,0,0,491520,655360,356385792,356539136,40.0,30.0,1024.0,1024.0,62.19061595776694,82.81996005918167,,"architecture sm_100 vs sm_90 | benchmark protocol: B200 frozen columns (20/100 config, 64 MB eviction for 41 ops) vs GH200 1/3 with 120 MiB eviction | NCU 2026.1.1 (B200) vs 2025.4.0 (GH200) | autotuned winner differs"
sigmoid,Point-wise,bf16,triton,4aa1ec6120906e3dbaba486e10497608be20757b34ad598b38adc1c46512509d,4aa1ec6120906e3dbaba486e10497608be20757b34ad598b38adc1c46512509d,True,"{""n"":50000000}","{""BLOCK_SIZE"": 4096, ""num_stages"": 1, ""num_warps"": 8}","{""BLOCK_SIZE"": 2048, ""num_stages"": 1, ""num_warps"": 8}",False,2026.1.1.0 (build 37634170) (public-release),2025.4.0.0 (build 36690805) (public-release),full/application,full/application,1,1,sigmoid_kernel,sigmoid_kernel,sigmoid_kernel:none,sigmoid_kernel:none,sigmoid_kernel:LDG[128b:100%]; STG[128b:100%],sigmoid_kernel:LDG[128b:100%]; STG[128b:100%],0.0320,0.0577,1.80313,24415984,25782226,2148608,2539160,4883200,4883000,11036032,11133240,1562624,1562560,390648,390633,0,0,0,0,0,0,0,0,0,0,0,0,0,0,0,0,0,0,195320,390633,100015616,100012544,30.0,21.0,1024.0,1024.0,81.07447601243638,78.64507342796199,,"architecture sm_100 vs sm_90 | benchmark protocol: B200 frozen columns (20/100 config, 64 MB eviction for 41 ops) vs GH200 1/3 with 120 MiB eviction | NCU 2026.1.1 (B200) vs 2025.4.0 (GH200) | autotuned winner differs"
sigmoid,Point-wise,fp16,triton,75076a495ad2a26aaf8b82e6e5988eebf5decb343d455eb3c258a97a14e2ef66,75076a495ad2a26aaf8b82e6e5988eebf5decb343d455eb3c258a97a14e2ef66,True,"{""n"":50000000}","{""BLOCK_SIZE"": 4096, ""num_stages"": 1, ""num_warps"": 8}","{""BLOCK_SIZE"": 2048, ""num_stages"": 1, ""num_warps"": 8}",False,2026.1.1.0 (build 37634170) (public-release),2025.4.0.0 (build 36690805) (public-release),full/application,full/application,1,1,sigmoid_kernel,sigmoid_kernel,sigmoid_kernel:none,sigmoid_kernel:none,sigmoid_kernel:LDG[128b:100%]; STG[128b:100%],sigmoid_kernel:LDG[128b:100%]; STG[128b:100%],0.0324,0.0582,1.7963,23634672,25000946,585984,976600,4883200,4883000,12598656,12695800,781312,781280,390648,390633,0,0,0,0,0,0,0,0,0,0,0,0,0,0,0,0,0,0,195320,390633,100015872,100012800,29.0,22.0,1024.0,1024.0,78.4753072431593,78.85455897570789,,"architecture sm_100 vs sm_90 | benchmark protocol: B200 frozen columns (20/100 config, 64 MB eviction for 41 ops) vs GH200 1/3 with 120 MiB eviction | NCU 2026.1.1 (B200) vs 2025.4.0 (GH200) | autotuned winner differs"
sigmoid,Point-wise,fp32,triton,2e3d228dcd70af4d6b8be29058cba31c9247a8ee06d2c5d2cc7ae73cc76827f6,2e3d228dcd70af4d6b8be29058cba31c9247a8ee06d2c5d2cc7ae73cc76827f6,True,"{""n"":50000000}","{""BLOCK_SIZE"": 2048, ""num_stages"": 1, ""num_warps"": 8}","{""BLOCK_SIZE"": 1024, ""num_stages"": 2, ""num_warps"": 8}",False,2026.1.1.0 (build 37634170) (public-release),2025.4.0.0 (build 36690805) (public-release),full/application,full/application,1,1,sigmoid_kernel,sigmoid_kernel,sigmoid_kernel:none,sigmoid_kernel:none,sigmoid_kernel:LDG[128b:100%]; STG[128b:100%],sigmoid_kernel:LDG[128b:100%]; STG[128b:100%],0.0609,0.1125,1.84729,23829024,26562962,1171920,1953160,5078320,5078216,11133240,11328328,0,0,781272,781257,0,0,0,0,0,0,0,0,0,0,0,0,0,0,0,0,0,0,390632,781257,200059904,200017408,21.0,16.0,1024.0,1024.0,76.6398628158098,78.42153520294085,,"architecture sm_100 vs sm_90 | benchmark protocol: B200 frozen columns (20/100 config, 64 MB eviction for 41 ops) vs GH200 1/3 with 120 MiB eviction | NCU 2026.1.1 (B200) vs 2025.4.0 (GH200) | autotuned winner differs"
softmax,Reduction/Normalization,fp16,triton,080e2a826d47202de480ba2daf0ddbedeaaaef29fa87f45cd17c1cf556734a21,080e2a826d47202de480ba2daf0ddbedeaaaef29fa87f45cd17c1cf556734a21,True,"{""n_cols"":10240,""n_rows"":2048}","{""BLOCK_SIZE"": 2048, ""num_warps"": 4}","{""BLOCK_SIZE"": 2048, ""num_warps"": 8}",False,2026.1.1.0 (build 37634170) (public-release),2025.4.0.0 (build 36690805) (public-release),full/application,full/application,1,1,softmax_online_kernel,softmax_online_kernel,softmax_online_kernel:none,softmax_online_kernel:none,softmax_online_kernel:LDG[128b:100%]; STG[128b:100%],softmax_online_kernel:LDG[128b:100%]; STG[128b:100%],0.0226,0.0339,1.5,17080320,20660224,1064960,983040,1744896,2015232,10174464,11649024,327680,327680,245760,245760,0,0,327680,655360,0,0,0,0,0,0,0,0,0,0,245760,491520,0,0,98304,196608,43592704,45869568,32.0,31.0,1040.0,1056.0,62.33259539943323,81.8170913358209,,"architecture sm_100 vs sm_90 | benchmark protocol: B200 frozen columns (20/100 config, 64 MB eviction for 41 ops) vs GH200 1/3 with 120 MiB eviction | NCU 2026.1.1 (B200) vs 2025.4.0 (GH200) | autotuned winner differs"
softmax,Reduction/Normalization,fp32,triton,cf43db097908ef9c9c6e7549d1bcf076609d45e08c01f136e0594907c2f5e3fc,cf43db097908ef9c9c6e7549d1bcf076609d45e08c01f136e0594907c2f5e3fc,True,"{""n_cols"":10240,""n_rows"":2048}","{""BLOCK_SIZE"": 2048, ""num_warps"": 8}","{""BLOCK_SIZE"": 2048, ""num_warps"": 8}",True,2026.1.1.0 (build 37634170) (public-release),2025.4.0.0 (build 36690805) (public-release),full/application,full/application,1,1,softmax_online_kernel,softmax_online_kernel,softmax_online_kernel:none,softmax_online_kernel:none,softmax_online_kernel:LDG[128b:100%]; STG[128b:100%],softmax_online_kernel:LDG[128b:100%]; STG[128b:100%],0.0357,0.0700,1.96078,20152320,21069824,2129920,2129920,2179072,2179072,9699328,10354688,0,0,491520,491520,0,0,655360,655360,0,0,0,0,0,0,0,0,0,0,491520,491520,0,0,196608,196608,98665216,155317504,26.0,25.0,1056.0,1056.0,80.22787272351137,86.36923622110572,,"architecture sm_100 vs sm_90 | benchmark protocol: B200 frozen columns (20/100 config, 64 MB eviction for 41 ops) vs GH200 1/3 with 120 MiB eviction | NCU 2026.1.1 (B200) vs 2025.4.0 (GH200)"
streamk_matmul,Matrix Multiplication/Attention,bf16,triton,25bc1f9313f25d60c0b511200b9865b3fbddacc85c4c511c0d7cfcd0f0904235,25bc1f9313f25d60c0b511200b9865b3fbddacc85c4c511c0d7cfcd0f0904235,True,"{""k"":4096,""m"":8192,""n"":28672}","{""BLOCK_K"": 64, ""BLOCK_M"": 128, ""BLOCK_N"": 256, ""GROUP_M"": 8, ""num_stages"": 3, ""num_warps"": 8}","{""BLOCK_K"": 32, ""BLOCK_M"": 128, ""BLOCK_N"": 128, ""GROUP_M"": 8, ""num_stages"": 3, ""num_warps"": 4}",False,2026.1.1.0 (build 37634170) (public-release),2025.4.0.0 (build 36690805) (public-release),full/application,full/application,2,2,first_wave;full_tiles,first_wave;full_tiles,first_wave:tcgen05[UTCHMMA:54272] / full_tiles:tcgen05[UTCHMMA:1780736],first_wave:wgmma[HGMMA.64x128x16.F32.BF16:434176] / full_tiles:wgmma[HGMMA.64x128x16.F32.BF16:28925952],"first_wave:TMA[UTMALDG.2D:228384] / full_tiles:TMA[UTMACMDFLUSH:55648,UTMALDG.2D:7345536,UTMASTG.2D:55648]","first_wave:TMA[UTMALDG.2D:222560] / full_tiles:TMA[UTMACMDFLUSH:56496,UTMALDG.2D:14688960,UTMASTG.2D:56496]",2.5128,4.1025,1.63264,255356847,657678028,101093389,264191312,68270392,112330464,148,0,239536,234192,90368,43776,0,0,2046720,3703296,112504,0,7685216,15024512,0,0,0,29360128,2424912,0,36008776,75398896,104576,43776,15819456,14897432,2013564672,2362207488,135.0,154.0,148528.0,115736.0,12.459990862046839,12.417257213218063,,"architecture sm_100 vs sm_90 | benchmark protocol: B200 frozen columns (20/100 config, 64 MB eviction for 41 ops) vs GH200 1/3 with 120 MiB eviction | NCU 2026.1.1 (B200) vs 2025.4.0 (GH200) | Triton pre-transposes B on the host and caches it (_bt_cache): outside the timed region and the NCU range | autotuned winner differs"
streamk_matmul,Matrix Multiplication/Attention,fp16,triton,d7caa9fbfbd14aa8d632ab477ff01ef2acd5ff8650a12cf494d79c6b7ae05f2d,d7caa9fbfbd14aa8d632ab477ff01ef2acd5ff8650a12cf494d79c6b7ae05f2d,True,"{""k"":4096,""m"":8192,""n"":28672}","{""BLOCK_K"": 64, ""BLOCK_M"": 128, ""BLOCK_N"": 128, ""GROUP_M"": 8, ""num_stages"": 3, ""num_warps"": 4}","{""BLOCK_K"": 32, ""BLOCK_M"": 128, ""BLOCK_N"": 128, ""GROUP_M"": 8, ""num_stages"": 3, ""num_warps"": 4}",False,2026.1.1.0 (build 37634170) (public-release),2025.4.0.0 (build 36690805) (public-release),full/application,full/application,2,2,first_wave;full_tiles,first_wave;full_tiles,first_wave:tcgen05[UTCHMMA:70656] / full_tiles:tcgen05[UTCHMMA:3599360],first_wave:wgmma[HGMMA.64x128x16.F32:434176] / full_tiles:wgmma[HGMMA.64x128x16.F32:28925952],"first_wave:TMA[UTMALDG.2D:147968] / full_tiles:TMA[UTMACMDFLUSH:56240,UTMALDG.2D:7423680,UTMASTG.2D:56240]","first_wave:TMA[UTMALDG.2D:222560] / full_tiles:TMA[UTMACMDFLUSH:56496,UTMALDG.2D:14688960,UTMASTG.2D:56496]",2.5126,4.1243,1.64145,268009649,657677902,104623904,264191312,68286416,112330464,148,0,234944,234192,53248,43776,0,0,2019840,3703296,66080,0,7684128,15024512,0,0,0,29360128,4731744,0,35796512,75398896,81664,43776,16309264,14897432,1978110720,2350239744,135.0,154.0,99376.0,115736.0,12.296357711014918,12.407309875889165,,"architecture sm_100 vs sm_90 | benchmark protocol: B200 frozen columns (20/100 config, 64 MB eviction for 41 ops) vs GH200 1/3 with 120 MiB eviction | NCU 2026.1.1 (B200) vs 2025.4.0 (GH200) | Triton pre-transposes B on the host and caches it (_bt_cache): outside the timed region and the NCU range | autotuned winner differs"
streamk_matmul,Matrix Multiplication/Attention,fp32,triton,62f15d6b87695f834a84aeea4568ad3f44738c31e6c21249233b6f226d735c02,62f15d6b87695f834a84aeea4568ad3f44738c31e6c21249233b6f226d735c02,True,"{""k"":4096,""m"":8192,""n"":28672}","{""BLOCK_K"": 32, ""BLOCK_M"": 128, ""BLOCK_N"": 128, ""GROUP_M"": 8, ""num_stages"": 3, ""num_warps"": 4}","{""BLOCK_K"": 32, ""BLOCK_M"": 128, ""BLOCK_N"": 128, ""GROUP_M"": 8, ""num_stages"": 3, ""num_warps"": 4}",True,2026.1.1.0 (build 37634170) (public-release),2025.4.0.0 (build 36690805) (public-release),full/application,full/application,2,2,first_wave;full_tiles,first_wave;full_tiles,first_wave:tcgen05[UTCHMMA:141312] / full_tiles:tcgen05[UTCHMMA:7198720],first_wave:wgmma[HGMMA.64x128x8.F32.TF32:868352] / full_tiles:wgmma[HGMMA.64x128x8.F32.TF32:57851904],"first_wave:TMA[UTMALDG.2D:289392] / full_tiles:TMA[UTMACMDFLUSH:56240,UTMALDG.2D:14622400,UTMASTG.2D:56240]","first_wave:TMA[UTMALDG.2D:222560] / full_tiles:TMA[UTMACMDFLUSH:56496,UTMALDG.2D:14688960,UTMASTG.2D:56496]",4.1467,7.0099,1.69048,515851910,731076200,201820918,315571536,134348132,112330464,148,0,235112,234192,54144,43776,0,0,2021632,3703296,67172,0,15024272,15024512,0,0,0,58720256,9319320,0,68833180,75398896,82560,43776,31907840,14897432,4409064960,5950862592,135.0,154.0,99376.0,164888.0,12.251285730061234,6.249594026997434,,"architecture sm_100 vs sm_90 | benchmark protocol: B200 frozen columns (20/100 config, 64 MB eviction for 41 ops) vs GH200 1/3 with 120 MiB eviction | NCU 2026.1.1 (B200) vs 2025.4.0 (GH200) | Triton pre-transposes B on the host and caches it (_bt_cache): outside the timed region and the NCU range"
swiglu,Point-wise,bf16,triton,7d0a4d3b0315ee2ca4a6d2b516b007cb730f901e4f240daf107aa9b53b88dbd5,7d0a4d3b0315ee2ca4a6d2b516b007cb730f901e4f240daf107aa9b53b88dbd5,True,"{""M"":4096,""N"":20480}","{""BLOCK_SIZE"": 1024, ""num_warps"": 4}","{""BLOCK_SIZE"": 512, ""num_warps"": 2}",False,2026.1.1.0 (build 37634170) (public-release),2025.4.0.0 (build 36690805) (public-release),full/application,full/application,1,1,swiglu_kernel,swiglu_kernel,swiglu_kernel:none,swiglu_kernel:none,swiglu_kernel:LDG[128b:100%]; STG[128b:100%],swiglu_kernel:LDG[128b:100%]; STG[128b:100%],0.0775,0.1391,1.79484,51445760,54067200,7208960,7208960,8192000,8192000,21299200,23920640,3932160,3932160,983040,983040,0,0,0,0,0,0,0,0,0,0,0,0,0,0,0,0,0,0,655360,655360,335568384,335565824,32.0,32.0,1024.0,1024.0,82.31462955624335,87.86160629116786,,"architecture sm_100 vs sm_90 | benchmark protocol: B200 frozen columns (20/100 config, 64 MB eviction for 41 ops) vs GH200 1/3 with 120 MiB eviction | NCU 2026.1.1 (B200) vs 2025.4.0 (GH200) | autotuned winner differs"
swiglu,Point-wise,fp16,triton,e11418c11ee0f3666939d90d5186d1bdae58e5241bfbf081f9be130b135f8ec6,e11418c11ee0f3666939d90d5186d1bdae58e5241bfbf081f9be130b135f8ec6,True,"{""M"":4096,""N"":20480}","{""BLOCK_SIZE"": 1024, ""num_warps"": 4}","{""BLOCK_SIZE"": 1024, ""num_warps"": 2}",False,2026.1.1.0 (build 37634170) (public-release),2025.4.0.0 (build 36690805) (public-release),full/application,full/application,1,1,swiglu_kernel,swiglu_kernel,swiglu_kernel:none,swiglu_kernel:none,swiglu_kernel:LDG[128b:100%]; STG[128b:100%],swiglu_kernel:LDG[128b:100%]; STG[128b:100%],0.0753,0.1398,1.85657,48824320,48824320,1966080,1146880,8192000,8192000,26542080,28999680,1310720,1310720,983040,983040,0,0,0,0,0,0,0,0,0,0,0,0,0,0,0,0,0,0,655360,327680,335566848,335567872,31.0,31.0,1024.0,1024.0,81.7592669961426,90.51897986363224,,"architecture sm_100 vs sm_90 | benchmark protocol: B200 frozen columns (20/100 config, 64 MB eviction for 41 ops) vs GH200 1/3 with 120 MiB eviction | NCU 2026.1.1 (B200) vs 2025.4.0 (GH200) | autotuned winner differs"
swiglu,Point-wise,fp32,triton,8fdf30272037087909c79d61775eab2ba0f9eddd706936000e6227621b37376f,8fdf30272037087909c79d61775eab2ba0f9eddd706936000e6227621b37376f,True,"{""M"":4096,""N"":20480}","{""BLOCK_SIZE"": 1024, ""num_warps"": 8}","{""BLOCK_SIZE"": 512, ""num_warps"": 4}",False,2026.1.1.0 (build 37634170) (public-release),2025.4.0.0 (build 36690805) (public-release),full/application,full/application,1,1,swiglu_kernel,swiglu_kernel,swiglu_kernel:none,swiglu_kernel:none,swiglu_kernel:LDG[128b:100%]; STG[128b:100%],swiglu_kernel:LDG[128b:100%]; STG[128b:100%],0.1443,0.2749,1.90506,53084160,53084160,3932160,3932160,8519680,8519680,24248320,24248320,0,0,1966080,1966080,0,0,0,0,0,0,0,0,0,0,0,0,0,0,0,0,0,0,1310720,1310720,671113472,671120128,22.0,22.0,1024.0,1024.0,77.6368308302556,86.5513609102554,,"architecture sm_100 vs sm_90 | benchmark protocol: B200 frozen columns (20/100 config, 64 MB eviction for 41 ops) vs GH200 1/3 with 120 MiB eviction | NCU 2026.1.1 (B200) vs 2025.4.0 (GH200) | autotuned winner differs"
top_k_selection,Data Layout,fp32,triton,35809c3fa854730ce4e2ba168bbc36dd8b98abb21a75b7a8a21bee4c1abea2c8,35809c3fa854730ce4e2ba168bbc36dd8b98abb21a75b7a8a21bee4c1abea2c8,True,"{""N"":1048576,""k"":1024}","{""BLOCK_SIZE"": 2048, ""num_warps"": 8}","{""BLOCK_SIZE"": 4096, ""num_warps"": 8}",False,2026.1.1.0 (build 37634170) (public-release),2025.4.0.0 (build 36690805) (public-release),full/application,full/application,10,5,block_topk_kernel,block_topk_kernel,block_topk_kernel:none,block_topk_kernel:none,block_topk_kernel:LDG[128b:100%]; STG[128b:100%],block_topk_kernel:LDG[128b:100%]; STG[128b:100%],0.1719,0.2298,1.33682,20803728,13970088,2062368,1192136,13781856,9329760,32736,32736,0,0,24552,13640,0,0,1964160,1440384,0,0,0,0,0,0,0,0,0,0,212784,95480,0,0,8184,2728,4249600,4296448,48.0,64.0,9216.0,17408.0,33.799156747656006,22.010017142698906,,"architecture sm_100 vs sm_90 | benchmark protocol: B200 frozen columns (20/100 config, 64 MB eviction for 41 ops) vs GH200 1/3 with 120 MiB eviction | NCU 2026.1.1 (B200) vs 2025.4.0 (GH200) | autotuned winner differs"
vector_add,Point-wise,bf16,triton,c920b37c03b68e9eb44be5ecf4c16fb2a18bfd0110176d86ff39a14865984991,c920b37c03b68e9eb44be5ecf4c16fb2a18bfd0110176d86ff39a14865984991,True,"{""n"":20971520}","{""BLOCK_SIZE"": 1024, ""num_warps"": 2}","{""BLOCK_SIZE"": 512, ""num_warps"": 2}",False,2026.1.1.0 (build 37634170) (public-release),2025.4.0.0 (build 36690805) (public-release),full/application,full/application,1,1,add_kernel,add_kernel,add_kernel:none,add_kernel:none,add_kernel:LDG[128b:100%]; STG[128b:100%],add_kernel:LDG[128b:100%]; STG[128b:100%],0.0218,0.0379,1.73853,1679360,2293760,286720,491520,81920,81920,327680,327680,0,0,245760,245760,0,0,0,0,0,0,0,0,0,0,0,0,0,0,0,0,0,0,81920,163840,83895040,83894528,26.0,20.0,1024.0,1024.0,80.07335955253518,84.74625628445293,,"architecture sm_100 vs sm_90 | benchmark protocol: B200 frozen columns (20/100 config, 64 MB eviction for 41 ops) vs GH200 1/3 with 120 MiB eviction | NCU 2026.1.1 (B200) vs 2025.4.0 (GH200) | autotuned winner differs"
vector_add,Point-wise,fp16,triton,126d98cd444880759b21ecc2b57f28a6724eb1c12f1f019030c4069eae5f562a,126d98cd444880759b21ecc2b57f28a6724eb1c12f1f019030c4069eae5f562a,True,"{""n"":20971520}","{""BLOCK_SIZE"": 2048, ""num_warps"": 8}","{""BLOCK_SIZE"": 512, ""num_warps"": 2}",False,2026.1.1.0 (build 37634170) (public-release),2025.4.0.0 (build 36690805) (public-release),full/application,full/application,1,1,add_kernel,add_kernel,add_kernel:none,add_kernel:none,add_kernel:LDG[128b:100%]; STG[128b:100%],add_kernel:LDG[128b:100%]; STG[128b:100%],0.0221,0.0379,1.71493,2293760,2293760,491520,491520,81920,81920,327680,327680,0,0,245760,245760,0,0,0,0,0,0,0,0,0,0,0,0,0,0,0,0,0,0,163840,163840,83896576,83895552,20.0,20.0,1024.0,1024.0,77.56420600854939,84.39513881718572,,"architecture sm_100 vs sm_90 | benchmark protocol: B200 frozen columns (20/100 config, 64 MB eviction for 41 ops) vs GH200 1/3 with 120 MiB eviction | NCU 2026.1.1 (B200) vs 2025.4.0 (GH200) | autotuned winner differs"
vector_add,Point-wise,fp32,triton,67ec1efc98ac714e0f4c0673fcbcdb471821c9babb21dfd959b572ac818c2988,67ec1efc98ac714e0f4c0673fcbcdb471821c9babb21dfd959b572ac818c2988,True,"{""n"":20971520}","{""BLOCK_SIZE"": 1024, ""num_warps"": 8}","{""BLOCK_SIZE"": 1024, ""num_warps"": 4}",False,2026.1.1.0 (build 37634170) (public-release),2025.4.0.0 (build 36690805) (public-release),full/application,full/application,1,1,add_kernel,add_kernel,add_kernel:none,add_kernel:none,add_kernel:LDG[128b:100%]; STG[128b:100%],add_kernel:LDG[128b:100%]; STG[128b:100%],0.0396,0.0720,1.81818,4587520,3358720,983040,573440,163840,163840,655360,655360,0,0,491520,491520,0,0,0,0,0,0,0,0,0,0,0,0,0,0,0,0,0,0,327680,163840,167787008,167784704,20.0,26.0,1024.0,1024.0,77.76662423421014,82.98681665518875,,"architecture sm_100 vs sm_90 | benchmark protocol: B200 frozen columns (20/100 config, 64 MB eviction for 41 ops) vs GH200 1/3 with 120 MiB eviction | NCU 2026.1.1 (B200) vs 2025.4.0 (GH200) | autotuned winner differs"
vector_add,Point-wise,int8,triton,5aa19acff5c13b9e0efe3a99bbd08398b4de09df561314ac5d8bc5c8aa3a17d2,5aa19acff5c13b9e0efe3a99bbd08398b4de09df561314ac5d8bc5c8aa3a17d2,True,"{""n"":20971520}","{""BLOCK_SIZE"": 2048, ""num_warps"": 4}","{""BLOCK_SIZE"": 1024, ""num_warps"": 2}",False,2026.1.1.0 (build 37634170) (public-release),2025.4.0.0 (build 36690805) (public-release),full/application,full/application,1,1,add_kernel,add_kernel,add_kernel:none,add_kernel:none,add_kernel:LDG[128b:100%]; STG[128b:100%],add_kernel:LDG[128b:100%]; STG[128b:100%],0.0127,0.0208,1.6378,4259840,4259840,1720320,1720320,40960,40960,0,0,1802240,1802240,122880,122880,0,0,0,0,0,0,0,0,0,0,0,0,0,0,0,0,0,0,81920,81920,41955072,41950464,28.0,28.0,1024.0,1024.0,76.66666506497425,80.14321018884544,,"architecture sm_100 vs sm_90 | benchmark protocol: B200 frozen columns (20/100 config, 64 MB eviction for 41 ops) vs GH200 1/3 with 120 MiB eviction | NCU 2026.1.1 (B200) vs 2025.4.0 (GH200) | autotuned winner differs"
weight_dequant,Point-wise,bf16,triton,35d9c781fe004c5b000cdf3df27aaef77a08d170ed9ddfa90fad5fcd1bfe812c,35d9c781fe004c5b000cdf3df27aaef77a08d170ed9ddfa90fad5fcd1bfe812c,True,"{""M"":10240,""TILE_SIZE"":128}","{""BLOCK_SIZE"": 2048, ""num_warps"": 4}","{""BLOCK_SIZE"": 4096, ""num_warps"": 8}",False,2026.1.1.0 (build 37634170) (public-release),2025.4.0.0 (build 36690805) (public-release),full/application,full/application,1,1,dequant_kernel,dequant_kernel,dequant_kernel:none,dequant_kernel:none,"dequant_kernel:LDG[16b:89%,128b:11%]; STG[128b:100%]","dequant_kernel:LDG[16b:89%,128b:11%]; STG[128b:100%]",0.0677,0.1199,1.77105,21504000,64307200,6758400,40960000,204800,204800,1638400,1638400,6144000,14745600,4096000,4096000,0,0,0,0,0,0,0,0,0,0,0,0,0,0,0,0,0,0,409600,409600,209750528,209750016,32.0,32.0,1024.0,1024.0,84.99077977471798,88.54700847045372,,"architecture sm_100 vs sm_90 | benchmark protocol: B200 frozen columns (20/100 config, 64 MB eviction for 41 ops) vs GH200 1/3 with 120 MiB eviction | NCU 2026.1.1 (B200) vs 2025.4.0 (GH200) | autotuned winner differs"
weight_dequant,Point-wise,fp16,triton,a523da7a32b620e530ab984160cfb00c2b722a3d654314a30b11a56f12570831,a523da7a32b620e530ab984160cfb00c2b722a3d654314a30b11a56f12570831,True,"{""M"":10240,""TILE_SIZE"":128}","{""BLOCK_SIZE"": 2048, ""num_warps"": 4}","{""BLOCK_SIZE"": 4096, ""num_warps"": 8}",False,2026.1.1.0 (build 37634170) (public-release),2025.4.0.0 (build 36690805) (public-release),full/application,full/application,1,1,dequant_kernel,dequant_kernel,dequant_kernel:none,dequant_kernel:none,"dequant_kernel:LDG[16b:89%,128b:11%]; STG[128b:100%]","dequant_kernel:LDG[16b:89%,128b:11%]; STG[128b:100%]",0.0679,0.1201,1.76878,21504000,64307200,6758400,40960000,204800,204800,1638400,1638400,6144000,14745600,4096000,4096000,0,0,0,0,0,0,0,0,0,0,0,0,0,0,0,0,0,0,409600,409600,209800704,209755648,32.0,32.0,1024.0,1024.0,84.9892190099311,88.5973347824243,,"architecture sm_100 vs sm_90 | benchmark protocol: B200 frozen columns (20/100 config, 64 MB eviction for 41 ops) vs GH200 1/3 with 120 MiB eviction | NCU 2026.1.1 (B200) vs 2025.4.0 (GH200) | autotuned winner differs"
weight_dequant,Point-wise,fp32,triton,f82881d290725d7821f7e15b1fe591f9b0953a6a75c3db7ce396624f158681a9,f82881d290725d7821f7e15b1fe591f9b0953a6a75c3db7ce396624f158681a9,True,"{""M"":10240,""TILE_SIZE"":128}","{""BLOCK_SIZE"": 2048, ""num_warps"": 8}","{""BLOCK_SIZE"": 1024, ""num_warps"": 8}",False,2026.1.1.0 (build 37634170) (public-release),2025.4.0.0 (build 36690805) (public-release),full/application,full/application,1,1,dequant_kernel,dequant_kernel,dequant_kernel:none,dequant_kernel:none,"dequant_kernel:LDG[32b:80%,128b:20%]; STG[128b:100%]","dequant_kernel:LDG[32b:80%,128b:20%]; STG[128b:100%]",0.1225,0.2338,1.90857,30720000,39321600,12697600,17203200,409600,819200,3276800,3276800,2457600,2457600,4915200,4915200,0,0,0,0,0,0,0,0,0,0,0,0,0,0,0,0,0,0,819200,1638400,419480832,419485440,28.0,18.0,1024.0,1024.0,81.73477695697264,78.90112469945645,,"architecture sm_100 vs sm_90 | benchmark protocol: B200 frozen columns (20/100 config, 64 MB eviction for 41 ops) vs GH200 1/3 with 120 MiB eviction | NCU 2026.1.1 (B200) vs 2025.4.0 (GH200) | autotuned winner differs"
